comparison_id,kind,pc,feature,link_id,axis,loading_A_abs,loading_B_reprojected_abs,jcvpca_axis,explained_variance_A,explained_variance_B_projected
671_T1_vs_T2,longitudinal,1,Chest_to_LShoulder_rx,Chest_to_LShoulder,rx,0.10604065307768532,0.01909323968890645,-0.08694741338877887,0.21171627651585498,0.22833489101409007
671_T1_vs_T2,longitudinal,1,Chest_to_LShoulder_ry,Chest_to_LShoulder,ry,0.0039561539433534175,0.04087520262414447,0.03691904868079105,0.21171627651585498,0.22833489101409007
671_T1_vs_T2,longitudinal,1,Chest_to_LShoulder_rz,Chest_to_LShoulder,rz,0.0827234264880422,0.03219874116978704,-0.050524685318255165,0.21171627651585498,0.22833489101409007
671_T1_vs_T2,longitudinal,1,Chest_to_Neck_rx,Chest_to_Neck,rx,0.044129098202886796,0.007367568738145751,-0.036761529464741045,0.21171627651585498,0.22833489101409007
671_T1_vs_T2,longitudinal,1,Chest_to_Neck_ry,Chest_to_Neck,ry,0.042853118538439046,0.02232404941650518,-0.020529069121933866,0.21171627651585498,0.22833489101409007
671_T1_vs_T2,longitudinal,1,Chest_to_Neck_rz,Chest_to_Neck,rz,0.037149393084779804,0.01688203121099061,-0.020267361873789195,0.21171627651585498,0.22833489101409007
671_T1_vs_T2,longitudinal,1,Chest_to_RShoulder_rx,Chest_to_RShoulder,rx,0.06466672013752575,0.1764500885559859,0.11178336841846015,0.21171627651585498,0.22833489101409007
671_T1_vs_T2,longitudinal,1,Chest_to_RShoulder_ry,Chest_to_RShoulder,ry,0.035793545342845304,0.02413546265710492,-0.011658082685740385,0.21171627651585498,0.22833489101409007
671_T1_vs_T2,longitudinal,1,Chest_to_RShoulder_rz,Chest_to_RShoulder,rz,0.004683663395199446,0.005948602295573286,0.00126493890037384,0.21171627651585498,0.22833489101409007
671_T1_vs_T2,longitudinal,1,LFArm_to_LHand_rx,LFArm_to_LHand,rx,0.2099989045896791,0.0041575927380778956,-0.2058413118516012,0.21171627651585498,0.22833489101409007
671_T1_vs_T2,longitudinal,1,LFArm_to_LHand_ry,LFArm_to_LHand,ry,0.01718011175633631,0.12044400356068376,0.10326389180434745,0.21171627651585498,0.22833489101409007
671_T1_vs_T2,longitudinal,1,LFArm_to_LHand_rz,LFArm_to_LHand,rz,0.34826602016977165,0.1786351129047346,-0.16963090726503705,0.21171627651585498,0.22833489101409007
671_T1_vs_T2,longitudinal,1,LShin_to_LFoot_rx,LShin_to_LFoot,rx,0.03473901396642232,0.012510804565147986,-0.02222820940127434,0.21171627651585498,0.22833489101409007
671_T1_vs_T2,longitudinal,1,LShin_to_LFoot_ry,LShin_to_LFoot,ry,0.027314174782942145,0.026821574928107737,-0.0004925998548344079,0.21171627651585498,0.22833489101409007
671_T1_vs_T2,longitudinal,1,LShin_to_LFoot_rz,LShin_to_LFoot,rz,0.004853942598857449,0.019753306127026048,0.014899363528168598,0.21171627651585498,0.22833489101409007
671_T1_vs_T2,longitudinal,1,LShoulder_to_LUArm_rx,LShoulder_to_LUArm,rx,0.2823662854686751,0.00278832521600617,-0.2795779602526689,0.21171627651585498,0.22833489101409007
671_T1_vs_T2,longitudinal,1,LShoulder_to_LUArm_ry,LShoulder_to_LUArm,ry,0.03237909266525094,0.21484063458266342,0.18246154191741248,0.21171627651585498,0.22833489101409007
671_T1_vs_T2,longitudinal,1,LShoulder_to_LUArm_rz,LShoulder_to_LUArm,rz,0.1577336911699507,0.07028271955918118,-0.08745097161076952,0.21171627651585498,0.22833489101409007
671_T1_vs_T2,longitudinal,1,LThigh_to_LShin_rx,LThigh_to_LShin,rx,0.2028010364228562,0.06916010754137013,-0.1336409288814861,0.21171627651585498,0.22833489101409007
671_T1_vs_T2,longitudinal,1,LThigh_to_LShin_ry,LThigh_to_LShin,ry,1.3308711806548717e-08,2.9003929684864347e-08,1.569521787831563e-08,0.21171627651585498,0.22833489101409007
671_T1_vs_T2,longitudinal,1,LThigh_to_LShin_rz,LThigh_to_LShin,rz,1.2176041704878267e-08,6.984712122804882e-09,-5.1913295820733856e-09,0.21171627651585498,0.22833489101409007
671_T1_vs_T2,longitudinal,1,LUArm_to_LFArm_rx,LUArm_to_LFArm,rx,0.1535021522608675,0.06056965701798169,-0.0929324952428858,0.21171627651585498,0.22833489101409007
671_T1_vs_T2,longitudinal,1,LUArm_to_LFArm_ry,LUArm_to_LFArm,ry,0.7062527225634445,0.3813670697437076,-0.3248856528197369,0.21171627651585498,0.22833489101409007
671_T1_vs_T2,longitudinal,1,LUArm_to_LFArm_rz,LUArm_to_LFArm,rz,0.17894096854247535,0.013604250420789516,-0.16533671812168582,0.21171627651585498,0.22833489101409007
671_T1_vs_T2,longitudinal,1,Neck_to_Head_rx,Neck_to_Head,rx,0.04412909171424112,0.007367600478541228,-0.03676149123569989,0.21171627651585498,0.22833489101409007
671_T1_vs_T2,longitudinal,1,Neck_to_Head_ry,Neck_to_Head,ry,0.04285312730865241,0.022324023529092747,-0.02052910377955966,0.21171627651585498,0.22833489101409007
671_T1_vs_T2,longitudinal,1,Neck_to_Head_rz,Neck_to_Head,rz,0.03714939217147863,0.016882051280841564,-0.02026734089063707,0.21171627651585498,0.22833489101409007
671_T1_vs_T2,longitudinal,1,RFArm_to_RHand_rx,RFArm_to_RHand,rx,0.11259005800209197,0.15678749810557435,0.04419744010348238,0.21171627651585498,0.22833489101409007
671_T1_vs_T2,longitudinal,1,RFArm_to_RHand_ry,RFArm_to_RHand,ry,0.1021958239223488,0.07735189256704847,-0.02484393135530033,0.21171627651585498,0.22833489101409007
671_T1_vs_T2,longitudinal,1,RFArm_to_RHand_rz,RFArm_to_RHand,rz,0.10547881227053181,0.5374373884263718,0.43195857615584,0.21171627651585498,0.22833489101409007
671_T1_vs_T2,longitudinal,1,RShin_to_RFoot_rx,RShin_to_RFoot,rx,0.04270389209632639,0.16929039733096346,0.12658650523463708,0.21171627651585498,0.22833489101409007
671_T1_vs_T2,longitudinal,1,RShin_to_RFoot_ry,RShin_to_RFoot,ry,0.021913699221121744,0.038823191543134815,0.01690949232201307,0.21171627651585498,0.22833489101409007
671_T1_vs_T2,longitudinal,1,RShin_to_RFoot_rz,RShin_to_RFoot,rz,0.041284026026985075,0.015776364032382965,-0.02550766199460211,0.21171627651585498,0.22833489101409007
671_T1_vs_T2,longitudinal,1,RShoulder_to_RUArm_rx,RShoulder_to_RUArm,rx,0.144641743627266,0.495990766493115,0.351349022865849,0.21171627651585498,0.22833489101409007
671_T1_vs_T2,longitudinal,1,RShoulder_to_RUArm_ry,RShoulder_to_RUArm,ry,0.0071872151032590205,0.05144890458747466,0.04426168948421564,0.21171627651585498,0.22833489101409007
671_T1_vs_T2,longitudinal,1,RShoulder_to_RUArm_rz,RShoulder_to_RUArm,rz,0.034623230102465374,0.10711391776165238,0.07249068765918701,0.21171627651585498,0.22833489101409007
671_T1_vs_T2,longitudinal,1,RThigh_to_RShin_rx,RThigh_to_RShin,rx,0.03516101327023406,0.07902037117079914,0.04385935790056508,0.21171627651585498,0.22833489101409007
671_T1_vs_T2,longitudinal,1,RThigh_to_RShin_ry,RThigh_to_RShin,ry,6.7336695514738066e-09,3.8433306322653354e-08,3.169963677117955e-08,0.21171627651585498,0.22833489101409007
671_T1_vs_T2,longitudinal,1,RThigh_to_RShin_rz,RThigh_to_RShin,rz,4.852935307874725e-09,2.709479171011499e-08,2.2241856402240265e-08,0.21171627651585498,0.22833489101409007
671_T1_vs_T2,longitudinal,1,RUArm_to_RFArm_rx,RUArm_to_RFArm,rx,0.13462019576395165,0.23451636118047203,0.09989616541652038,0.21171627651585498,0.22833489101409007
671_T1_vs_T2,longitudinal,1,RUArm_to_RFArm_ry,RUArm_to_RFArm,ry,0.0804430901542714,0.13564349252627825,0.05520040237200685,0.21171627651585498,0.22833489101409007
671_T1_vs_T2,longitudinal,1,RUArm_to_RFArm_rz,RUArm_to_RFArm,rz,0.10490237758199263,0.1450147746087343,0.04011239702674167,0.21171627651585498,0.22833489101409007
671_T1_vs_T2,longitudinal,2,Chest_to_LShoulder_rx,Chest_to_LShoulder,rx,0.0184622535188237,0.13157505775059986,0.11311280423177615,0.17546655376604645,0.20664299218694487
671_T1_vs_T2,longitudinal,2,Chest_to_LShoulder_ry,Chest_to_LShoulder,ry,0.02694963425074334,0.010987443516407652,-0.015962190734335687,0.17546655376604645,0.20664299218694487
671_T1_vs_T2,longitudinal,2,Chest_to_LShoulder_rz,Chest_to_LShoulder,rz,0.00035852494181009436,0.053603650471449264,0.05324512552963917,0.17546655376604645,0.20664299218694487
671_T1_vs_T2,longitudinal,2,Chest_to_Neck_rx,Chest_to_Neck,rx,0.046580654939989106,0.016456805360947825,-0.03012384957904128,0.17546655376604645,0.20664299218694487
671_T1_vs_T2,longitudinal,2,Chest_to_Neck_ry,Chest_to_Neck,ry,0.0009977707098209054,0.000490033179404503,-0.0005077375304164024,0.17546655376604645,0.20664299218694487
671_T1_vs_T2,longitudinal,2,Chest_to_Neck_rz,Chest_to_Neck,rz,0.022489455439877504,0.020950896556548807,-0.0015385588833286973,0.17546655376604645,0.20664299218694487
671_T1_vs_T2,longitudinal,2,Chest_to_RShoulder_rx,Chest_to_RShoulder,rx,0.09007390509579258,0.03907883086677694,-0.05099507422901564,0.17546655376604645,0.20664299218694487
671_T1_vs_T2,longitudinal,2,Chest_to_RShoulder_ry,Chest_to_RShoulder,ry,0.01920945568930647,0.003770274265507294,-0.015439181423799176,0.17546655376604645,0.20664299218694487
671_T1_vs_T2,longitudinal,2,Chest_to_RShoulder_rz,Chest_to_RShoulder,rz,0.0922543758007686,0.04485713221558127,-0.047397243585187335,0.17546655376604645,0.20664299218694487
671_T1_vs_T2,longitudinal,2,LFArm_to_LHand_rx,LFArm_to_LHand,rx,0.01933453057040778,0.2718722497125083,0.2525377191421005,0.17546655376604645,0.20664299218694487
671_T1_vs_T2,longitudinal,2,LFArm_to_LHand_ry,LFArm_to_LHand,ry,0.00042286185567009306,0.020623453739942264,0.02020059188427217,0.17546655376604645,0.20664299218694487
671_T1_vs_T2,longitudinal,2,LFArm_to_LHand_rz,LFArm_to_LHand,rz,0.07241439752714082,0.5508031725591516,0.4783887750320107,0.17546655376604645,0.20664299218694487
671_T1_vs_T2,longitudinal,2,LShin_to_LFoot_rx,LShin_to_LFoot,rx,0.031284014502054466,0.020998542674822387,-0.010285471827232079,0.17546655376604645,0.20664299218694487
671_T1_vs_T2,longitudinal,2,LShin_to_LFoot_ry,LShin_to_LFoot,ry,0.030035309642940797,0.06843624808408146,0.03840093844114066,0.17546655376604645,0.20664299218694487
671_T1_vs_T2,longitudinal,2,LShin_to_LFoot_rz,LShin_to_LFoot,rz,0.014644004921230273,0.09343918442048124,0.07879517949925097,0.17546655376604645,0.20664299218694487
671_T1_vs_T2,longitudinal,2,LShoulder_to_LUArm_rx,LShoulder_to_LUArm,rx,0.0410763287617716,0.35615695077113296,0.3150806220093614,0.17546655376604645,0.20664299218694487
671_T1_vs_T2,longitudinal,2,LShoulder_to_LUArm_ry,LShoulder_to_LUArm,ry,0.10117968055390317,0.009939134956149072,-0.0912405455977541,0.17546655376604645,0.20664299218694487
671_T1_vs_T2,longitudinal,2,LShoulder_to_LUArm_rz,LShoulder_to_LUArm,rz,0.0395941897900116,0.19503897208299634,0.15544478229298475,0.17546655376604645,0.20664299218694487
671_T1_vs_T2,longitudinal,2,LThigh_to_LShin_rx,LThigh_to_LShin,rx,0.008067179602242097,0.08272085966020903,0.07465368005796694,0.17546655376604645,0.20664299218694487
671_T1_vs_T2,longitudinal,2,LThigh_to_LShin_ry,LThigh_to_LShin,ry,6.863370958181811e-09,1.1544008005815457e-08,4.6806370476336455e-09,0.17546655376604645,0.20664299218694487
671_T1_vs_T2,longitudinal,2,LThigh_to_LShin_rz,LThigh_to_LShin,rz,1.1423872042741816e-08,1.4722087030440035e-08,3.2982149876982194e-09,0.17546655376604645,0.20664299218694487
671_T1_vs_T2,longitudinal,2,LUArm_to_LFArm_rx,LUArm_to_LFArm,rx,0.14623554935366798,0.14331275656838716,-0.00292279278528082,0.17546655376604645,0.20664299218694487
671_T1_vs_T2,longitudinal,2,LUArm_to_LFArm_ry,LUArm_to_LFArm,ry,0.12921869247956685,0.12608515065745673,-0.0031335418221101197,0.17546655376604645,0.20664299218694487
671_T1_vs_T2,longitudinal,2,LUArm_to_LFArm_rz,LUArm_to_LFArm,rz,0.10388876011839017,0.09270663311018484,-0.011182127008205325,0.17546655376604645,0.20664299218694487
671_T1_vs_T2,longitudinal,2,Neck_to_Head_rx,Neck_to_Head,rx,0.04658066993534834,0.01645681552443005,-0.030123854410918287,0.17546655376604645,0.20664299218694487
671_T1_vs_T2,longitudinal,2,Neck_to_Head_ry,Neck_to_Head,ry,0.0009977917385963087,0.0004900099169016447,-0.000507781821694664,0.17546655376604645,0.20664299218694487
671_T1_vs_T2,longitudinal,2,Neck_to_Head_rz,Neck_to_Head,rz,0.022489448434490463,0.020950846887728615,-0.0015386015467618482,0.17546655376604645,0.20664299218694487
671_T1_vs_T2,longitudinal,2,RFArm_to_RHand_rx,RFArm_to_RHand,rx,0.3566346659736339,0.10892267811871124,-0.24771198785492266,0.17546655376604645,0.20664299218694487
671_T1_vs_T2,longitudinal,2,RFArm_to_RHand_ry,RFArm_to_RHand,ry,0.0737059118525861,0.028708685988501775,-0.04499722586408432,0.17546655376604645,0.20664299218694487
671_T1_vs_T2,longitudinal,2,RFArm_to_RHand_rz,RFArm_to_RHand,rz,0.8066174342424658,0.04457844282010062,-0.7620389914223652,0.17546655376604645,0.20664299218694487
671_T1_vs_T2,longitudinal,2,RShin_to_RFoot_rx,RShin_to_RFoot,rx,0.024025566382037865,0.0244716170620975,0.0004460506800596335,0.17546655376604645,0.20664299218694487
671_T1_vs_T2,longitudinal,2,RShin_to_RFoot_ry,RShin_to_RFoot,ry,0.021790208454639026,0.06944862300601962,0.04765841455138059,0.17546655376604645,0.20664299218694487
671_T1_vs_T2,longitudinal,2,RShin_to_RFoot_rz,RShin_to_RFoot,rz,0.003305578849257053,0.038141146489560226,0.034835567640303176,0.17546655376604645,0.20664299218694487
671_T1_vs_T2,longitudinal,2,RShoulder_to_RUArm_rx,RShoulder_to_RUArm,rx,0.30332897228178635,0.09423699172642186,-0.2090919805553645,0.17546655376604645,0.20664299218694487
671_T1_vs_T2,longitudinal,2,RShoulder_to_RUArm_ry,RShoulder_to_RUArm,ry,0.037066894407796126,0.12074163140429359,0.08367473699649747,0.17546655376604645,0.20664299218694487
671_T1_vs_T2,longitudinal,2,RShoulder_to_RUArm_rz,RShoulder_to_RUArm,rz,0.04603906873394409,0.03038397359794916,-0.015655095135994928,0.17546655376604645,0.20664299218694487
671_T1_vs_T2,longitudinal,2,RThigh_to_RShin_rx,RThigh_to_RShin,rx,0.08543378463182687,0.04574846860371477,-0.039685316028112094,0.17546655376604645,0.20664299218694487
671_T1_vs_T2,longitudinal,2,RThigh_to_RShin_ry,RThigh_to_RShin,ry,8.144058449919212e-10,1.6981585849547222e-08,1.61671800045553e-08,0.17546655376604645,0.20664299218694487
671_T1_vs_T2,longitudinal,2,RThigh_to_RShin_rz,RThigh_to_RShin,rz,3.056653301731362e-08,1.0533092372287016e-08,-2.0033440645026607e-08,0.17546655376604645,0.20664299218694487
671_T1_vs_T2,longitudinal,2,RUArm_to_RFArm_rx,RUArm_to_RFArm,rx,0.056476177310752815,0.017764326994589522,-0.038711850316163296,0.17546655376604645,0.20664299218694487
671_T1_vs_T2,longitudinal,2,RUArm_to_RFArm_ry,RUArm_to_RFArm,ry,0.11808463728812117,0.5638367392978774,0.4457521020097562,0.17546655376604645,0.20664299218694487
671_T1_vs_T2,longitudinal,2,RUArm_to_RFArm_rz,RUArm_to_RFArm,rz,0.04680651917550328,0.00510255231497451,-0.041703966860528775,0.17546655376604645,0.20664299218694487
671_T1_vs_T2,longitudinal,3,Chest_to_LShoulder_rx,Chest_to_LShoulder,rx,0.029936010903511508,0.05295924088933627,0.02302322998582476,0.12623501272756002,0.16938781993236113
671_T1_vs_T2,longitudinal,3,Chest_to_LShoulder_ry,Chest_to_LShoulder,ry,0.01800595340563432,0.023839932279783243,0.0058339788741489235,0.12623501272756002,0.16938781993236113
671_T1_vs_T2,longitudinal,3,Chest_to_LShoulder_rz,Chest_to_LShoulder,rz,0.041107034083165975,0.006245545403308716,-0.03486148867985726,0.12623501272756002,0.16938781993236113
671_T1_vs_T2,longitudinal,3,Chest_to_Neck_rx,Chest_to_Neck,rx,0.027386260247266488,0.06977875038831446,0.04239249014104798,0.12623501272756002,0.16938781993236113
671_T1_vs_T2,longitudinal,3,Chest_to_Neck_ry,Chest_to_Neck,ry,0.025180916384694493,0.01096893705380275,-0.014211979330891742,0.12623501272756002,0.16938781993236113
671_T1_vs_T2,longitudinal,3,Chest_to_Neck_rz,Chest_to_Neck,rz,0.00024825564967584883,0.002416341121156293,0.0021680854714804442,0.12623501272756002,0.16938781993236113
671_T1_vs_T2,longitudinal,3,Chest_to_RShoulder_rx,Chest_to_RShoulder,rx,0.046225029705466644,0.06622816445363798,0.020003134748171336,0.12623501272756002,0.16938781993236113
671_T1_vs_T2,longitudinal,3,Chest_to_RShoulder_ry,Chest_to_RShoulder,ry,0.006782275727228007,0.03218980368482595,0.02540752795759794,0.12623501272756002,0.16938781993236113
671_T1_vs_T2,longitudinal,3,Chest_to_RShoulder_rz,Chest_to_RShoulder,rz,0.028289922373412782,0.05700507018771613,0.02871514781430335,0.12623501272756002,0.16938781993236113
671_T1_vs_T2,longitudinal,3,LFArm_to_LHand_rx,LFArm_to_LHand,rx,0.012880180944931053,0.10038473741290108,0.08750455646797002,0.12623501272756002,0.16938781993236113
671_T1_vs_T2,longitudinal,3,LFArm_to_LHand_ry,LFArm_to_LHand,ry,0.0009977849988892231,0.04885736524264467,0.047859580243755445,0.12623501272756002,0.16938781993236113
671_T1_vs_T2,longitudinal,3,LFArm_to_LHand_rz,LFArm_to_LHand,rz,0.0920249464136537,0.39655956734652353,0.3045346209328698,0.12623501272756002,0.16938781993236113
671_T1_vs_T2,longitudinal,3,LShin_to_LFoot_rx,LShin_to_LFoot,rx,0.09631095989284941,0.053344723791644996,-0.04296623610120441,0.12623501272756002,0.16938781993236113
671_T1_vs_T2,longitudinal,3,LShin_to_LFoot_ry,LShin_to_LFoot,ry,0.0066833584135385015,0.14121045904438956,0.13452710063085105,0.12623501272756002,0.16938781993236113
671_T1_vs_T2,longitudinal,3,LShin_to_LFoot_rz,LShin_to_LFoot,rz,0.10980673475774541,0.08850386544345584,-0.02130286931428957,0.12623501272756002,0.16938781993236113
671_T1_vs_T2,longitudinal,3,LShoulder_to_LUArm_rx,LShoulder_to_LUArm,rx,0.0720987551172143,0.15785543140981845,0.08575667629260415,0.12623501272756002,0.16938781993236113
671_T1_vs_T2,longitudinal,3,LShoulder_to_LUArm_ry,LShoulder_to_LUArm,ry,0.14661439119680883,0.26133766728027635,0.11472327608346752,0.12623501272756002,0.16938781993236113
671_T1_vs_T2,longitudinal,3,LShoulder_to_LUArm_rz,LShoulder_to_LUArm,rz,0.004110741374745579,0.08285481042209226,0.07874406904734668,0.12623501272756002,0.16938781993236113
671_T1_vs_T2,longitudinal,3,LThigh_to_LShin_rx,LThigh_to_LShin,rx,0.24166663283815318,0.503235919578034,0.2615692867398809,0.12623501272756002,0.16938781993236113
671_T1_vs_T2,longitudinal,3,LThigh_to_LShin_ry,LThigh_to_LShin,ry,2.4646596490613394e-08,2.0515911130077577e-08,-4.1306853605358165e-09,0.12623501272756002,0.16938781993236113
671_T1_vs_T2,longitudinal,3,LThigh_to_LShin_rz,LThigh_to_LShin,rz,5.260211921084457e-09,4.4166506739002425e-09,-8.435612471842142e-10,0.12623501272756002,0.16938781993236113
671_T1_vs_T2,longitudinal,3,LUArm_to_LFArm_rx,LUArm_to_LFArm,rx,0.058369842441694644,0.0021672606263750276,-0.05620258181531962,0.12623501272756002,0.16938781993236113
671_T1_vs_T2,longitudinal,3,LUArm_to_LFArm_ry,LUArm_to_LFArm,ry,0.09434470586969915,0.34364771599476346,0.2493030101250643,0.12623501272756002,0.16938781993236113
671_T1_vs_T2,longitudinal,3,LUArm_to_LFArm_rz,LUArm_to_LFArm,rz,0.015602073880942842,0.014754591119146118,-0.0008474827617967248,0.12623501272756002,0.16938781993236113
671_T1_vs_T2,longitudinal,3,Neck_to_Head_rx,Neck_to_Head,rx,0.027386262560970105,0.06977870643360988,0.042392443872639775,0.12623501272756002,0.16938781993236113
671_T1_vs_T2,longitudinal,3,Neck_to_Head_ry,Neck_to_Head,ry,0.025180915608778175,0.010968901132596754,-0.014212014476181421,0.12623501272756002,0.16938781993236113
671_T1_vs_T2,longitudinal,3,Neck_to_Head_rz,Neck_to_Head,rz,0.00024833415982229175,0.002416374773834687,0.002168040614012395,0.12623501272756002,0.16938781993236113
671_T1_vs_T2,longitudinal,3,RFArm_to_RHand_rx,RFArm_to_RHand,rx,0.09346926444363185,0.0035823288774714905,-0.08988693556616036,0.12623501272756002,0.16938781993236113
671_T1_vs_T2,longitudinal,3,RFArm_to_RHand_ry,RFArm_to_RHand,ry,0.007152095854687991,0.03282414280469475,0.025672046950006758,0.12623501272756002,0.16938781993236113
671_T1_vs_T2,longitudinal,3,RFArm_to_RHand_rz,RFArm_to_RHand,rz,0.08189620162306943,0.01661334299492582,-0.06528285862814362,0.12623501272756002,0.16938781993236113
671_T1_vs_T2,longitudinal,3,RShin_to_RFoot_rx,RShin_to_RFoot,rx,0.14358769665914337,0.09458470270446655,-0.04900299395467682,0.12623501272756002,0.16938781993236113
671_T1_vs_T2,longitudinal,3,RShin_to_RFoot_ry,RShin_to_RFoot,ry,0.0708792885874875,0.0673044738867669,-0.003574814700720602,0.12623501272756002,0.16938781993236113
671_T1_vs_T2,longitudinal,3,RShin_to_RFoot_rz,RShin_to_RFoot,rz,0.07612225222388942,0.09349327399298378,0.017371021769094358,0.12623501272756002,0.16938781993236113
671_T1_vs_T2,longitudinal,3,RShoulder_to_RUArm_rx,RShoulder_to_RUArm,rx,0.09081829055573007,0.09844061303114475,0.007622322475414681,0.12623501272756002,0.16938781993236113
671_T1_vs_T2,longitudinal,3,RShoulder_to_RUArm_ry,RShoulder_to_RUArm,ry,0.02365276357502711,0.11661232860168591,0.09295956502665881,0.12623501272756002,0.16938781993236113
671_T1_vs_T2,longitudinal,3,RShoulder_to_RUArm_rz,RShoulder_to_RUArm,rz,0.08665342199240199,0.15281438565931735,0.06616096366691536,0.12623501272756002,0.16938781993236113
671_T1_vs_T2,longitudinal,3,RThigh_to_RShin_rx,RThigh_to_RShin,rx,0.13341265776083333,0.005845066834007754,-0.12756759092682557,0.12623501272756002,0.16938781993236113
671_T1_vs_T2,longitudinal,3,RThigh_to_RShin_ry,RThigh_to_RShin,ry,1.3363539206347784e-08,9.185964758991827e-09,-4.177574447355957e-09,0.12623501272756002,0.16938781993236113
671_T1_vs_T2,longitudinal,3,RThigh_to_RShin_rz,RThigh_to_RShin,rz,2.7379101845532112e-09,1.8796313584845134e-08,1.6058403400291922e-08,0.12623501272756002,0.16938781993236113
671_T1_vs_T2,longitudinal,3,RUArm_to_RFArm_rx,RUArm_to_RFArm,rx,0.043657138755983024,0.21879186933614206,0.17513473058015905,0.12623501272756002,0.16938781993236113
671_T1_vs_T2,longitudinal,3,RUArm_to_RFArm_ry,RUArm_to_RFArm,ry,0.882551081294787,0.41067341210681446,-0.4718776691879725,0.12623501272756002,0.16938781993236113
671_T1_vs_T2,longitudinal,3,RUArm_to_RFArm_rz,RUArm_to_RFArm,rz,0.04256606776154293,0.13841409607991606,0.09584802831837314,0.12623501272756002,0.16938781993236113
671_T1_vs_T2,longitudinal,4,Chest_to_LShoulder_rx,Chest_to_LShoulder,rx,0.017054502345875154,0.05826951786644476,0.04121501552056961,0.09936064775289528,0.14359543971333066
671_T1_vs_T2,longitudinal,4,Chest_to_LShoulder_ry,Chest_to_LShoulder,ry,0.003292606331692586,0.022039213672178183,0.018746607340485597,0.09936064775289528,0.14359543971333066
671_T1_vs_T2,longitudinal,4,Chest_to_LShoulder_rz,Chest_to_LShoulder,rz,0.010969741836289352,0.05862721445407084,0.047657472617781485,0.09936064775289528,0.14359543971333066
671_T1_vs_T2,longitudinal,4,Chest_to_Neck_rx,Chest_to_Neck,rx,0.06980691283759609,0.007498116857042367,-0.06230879598055372,0.09936064775289528,0.14359543971333066
671_T1_vs_T2,longitudinal,4,Chest_to_Neck_ry,Chest_to_Neck,ry,0.03842875817444256,0.0322234437450063,-0.006205314429436261,0.09936064775289528,0.14359543971333066
671_T1_vs_T2,longitudinal,4,Chest_to_Neck_rz,Chest_to_Neck,rz,0.0011147662618927578,0.0050342245351006005,0.003919458273207842,0.09936064775289528,0.14359543971333066
671_T1_vs_T2,longitudinal,4,Chest_to_RShoulder_rx,Chest_to_RShoulder,rx,0.05703038891448784,0.07720290502092152,0.020172516106433676,0.09936064775289528,0.14359543971333066
671_T1_vs_T2,longitudinal,4,Chest_to_RShoulder_ry,Chest_to_RShoulder,ry,0.016582953946152224,0.0003230556928601712,-0.016259898253292052,0.09936064775289528,0.14359543971333066
671_T1_vs_T2,longitudinal,4,Chest_to_RShoulder_rz,Chest_to_RShoulder,rz,0.06964477423966539,0.005922390916682002,-0.06372238332298338,0.09936064775289528,0.14359543971333066
671_T1_vs_T2,longitudinal,4,LFArm_to_LHand_rx,LFArm_to_LHand,rx,0.0024389898196066797,0.13506487109092816,0.13262588127132147,0.09936064775289528,0.14359543971333066
671_T1_vs_T2,longitudinal,4,LFArm_to_LHand_ry,LFArm_to_LHand,ry,0.0010149177292476331,0.1062852133355982,0.10527029560635057,0.09936064775289528,0.14359543971333066
671_T1_vs_T2,longitudinal,4,LFArm_to_LHand_rz,LFArm_to_LHand,rz,0.06659141342081369,0.15061323069793434,0.08402181727712064,0.09936064775289528,0.14359543971333066
671_T1_vs_T2,longitudinal,4,LShin_to_LFoot_rx,LShin_to_LFoot,rx,0.1322261719790213,0.10503267181473452,-0.027193500164286788,0.09936064775289528,0.14359543971333066
671_T1_vs_T2,longitudinal,4,LShin_to_LFoot_ry,LShin_to_LFoot,ry,0.1084197543591002,0.011628059192119894,-0.0967916951669803,0.09936064775289528,0.14359543971333066
671_T1_vs_T2,longitudinal,4,LShin_to_LFoot_rz,LShin_to_LFoot,rz,0.21776457104351543,0.14929109969294735,-0.06847347135056808,0.09936064775289528,0.14359543971333066
671_T1_vs_T2,longitudinal,4,LShoulder_to_LUArm_rx,LShoulder_to_LUArm,rx,0.03037268538401662,0.19332211932568016,0.16294943394166356,0.09936064775289528,0.14359543971333066
671_T1_vs_T2,longitudinal,4,LShoulder_to_LUArm_ry,LShoulder_to_LUArm,ry,0.10231969397084763,0.15900866301617106,0.05668896904532343,0.09936064775289528,0.14359543971333066
671_T1_vs_T2,longitudinal,4,LShoulder_to_LUArm_rz,LShoulder_to_LUArm,rz,0.03217957972382897,0.06386636228910764,0.03168678256527867,0.09936064775289528,0.14359543971333066
671_T1_vs_T2,longitudinal,4,LThigh_to_LShin_rx,LThigh_to_LShin,rx,0.7280551955490429,0.3142044455694652,-0.41385074997957766,0.09936064775289528,0.14359543971333066
671_T1_vs_T2,longitudinal,4,LThigh_to_LShin_ry,LThigh_to_LShin,ry,2.4163889732397425e-09,2.5976336047990374e-08,2.355994707475063e-08,0.09936064775289528,0.14359543971333066
671_T1_vs_T2,longitudinal,4,LThigh_to_LShin_rz,LThigh_to_LShin,rz,1.0226457057527622e-09,6.0587250716565305e-09,5.036079365903768e-09,0.09936064775289528,0.14359543971333066
671_T1_vs_T2,longitudinal,4,LUArm_to_LFArm_rx,LUArm_to_LFArm,rx,0.11536223841190511,0.20530648067001203,0.08994424225810692,0.09936064775289528,0.14359543971333066
671_T1_vs_T2,longitudinal,4,LUArm_to_LFArm_ry,LUArm_to_LFArm,ry,0.2463785296832509,0.31652332246622583,0.07014479278297492,0.09936064775289528,0.14359543971333066
671_T1_vs_T2,longitudinal,4,LUArm_to_LFArm_rz,LUArm_to_LFArm,rz,0.08348445462852434,0.051261624723264725,-0.03222282990525962,0.09936064775289528,0.14359543971333066
671_T1_vs_T2,longitudinal,4,Neck_to_Head_rx,Neck_to_Head,rx,0.06980687179643258,0.007498159662937806,-0.06230871213349477,0.09936064775289528,0.14359543971333066
671_T1_vs_T2,longitudinal,4,Neck_to_Head_ry,Neck_to_Head,ry,0.038428745760922645,0.03222343964805083,-0.006205306112871817,0.09936064775289528,0.14359543971333066
671_T1_vs_T2,longitudinal,4,Neck_to_Head_rz,Neck_to_Head,rz,0.001114739839944515,0.005034277630663251,0.003919537790718736,0.09936064775289528,0.14359543971333066
671_T1_vs_T2,longitudinal,4,RFArm_to_RHand_rx,RFArm_to_RHand,rx,0.026901719616206216,0.10766126354954375,0.08075954393333754,0.09936064775289528,0.14359543971333066
671_T1_vs_T2,longitudinal,4,RFArm_to_RHand_ry,RFArm_to_RHand,ry,0.01017012121269708,0.018681783088495888,0.008511661875798809,0.09936064775289528,0.14359543971333066
671_T1_vs_T2,longitudinal,4,RFArm_to_RHand_rz,RFArm_to_RHand,rz,0.04721023076814976,0.2889708372253487,0.24176060645719896,0.09936064775289528,0.14359543971333066
671_T1_vs_T2,longitudinal,4,RShin_to_RFoot_rx,RShin_to_RFoot,rx,0.2714355810439467,0.11435687890841575,-0.15707870213553096,0.09936064775289528,0.14359543971333066
671_T1_vs_T2,longitudinal,4,RShin_to_RFoot_ry,RShin_to_RFoot,ry,0.11615002102213813,0.11803140320319166,0.0018813821810535342,0.09936064775289528,0.14359543971333066
671_T1_vs_T2,longitudinal,4,RShin_to_RFoot_rz,RShin_to_RFoot,rz,0.1335775444583335,0.14415021369944842,0.010572669241114913,0.09936064775289528,0.14359543971333066
671_T1_vs_T2,longitudinal,4,RShoulder_to_RUArm_rx,RShoulder_to_RUArm,rx,0.12191993538928728,0.1892199518967508,0.06730001650746353,0.09936064775289528,0.14359543971333066
671_T1_vs_T2,longitudinal,4,RShoulder_to_RUArm_ry,RShoulder_to_RUArm,ry,0.12189869845576436,0.11579576104272778,-0.00610293741303658,0.09936064775289528,0.14359543971333066
671_T1_vs_T2,longitudinal,4,RShoulder_to_RUArm_rz,RShoulder_to_RUArm,rz,0.1543026656700256,0.06338440494919126,-0.09091826072083434,0.09936064775289528,0.14359543971333066
671_T1_vs_T2,longitudinal,4,RThigh_to_RShin_rx,RThigh_to_RShin,rx,0.04479408168453863,0.392648708282165,0.3478546265976264,0.09936064775289528,0.14359543971333066
671_T1_vs_T2,longitudinal,4,RThigh_to_RShin_ry,RThigh_to_RShin,ry,4.975481790040697e-09,3.963419350230777e-08,3.465871171226707e-08,0.09936064775289528,0.14359543971333066
671_T1_vs_T2,longitudinal,4,RThigh_to_RShin_rz,RThigh_to_RShin,rz,1.30064235923751e-08,3.102936845673221e-09,-9.90348674670188e-09,0.09936064775289528,0.14359543971333066
671_T1_vs_T2,longitudinal,4,RUArm_to_RFArm_rx,RUArm_to_RFArm,rx,0.1758141866585149,0.09106265027895401,-0.08475153637956089,0.09936064775289528,0.14359543971333066
671_T1_vs_T2,longitudinal,4,RUArm_to_RFArm_ry,RUArm_to_RFArm,ry,0.2589808081491632,0.4753655625120984,0.2163847543629352,0.09936064775289528,0.14359543971333066
671_T1_vs_T2,longitudinal,4,RUArm_to_RFArm_rz,RUArm_to_RFArm,rz,0.11106849333238607,0.05866472863454982,-0.052403764697836246,0.09936064775289528,0.14359543971333066
671_T1_vs_T2,longitudinal,5,Chest_to_LShoulder_rx,Chest_to_LShoulder,rx,0.11618239924067959,0.0034061287466637725,-0.11277627049401583,0.06636833902285189,0.08795302144105614
671_T1_vs_T2,longitudinal,5,Chest_to_LShoulder_ry,Chest_to_LShoulder,ry,0.04373906138196069,0.03563100326548131,-0.008108058116479376,0.06636833902285189,0.08795302144105614
671_T1_vs_T2,longitudinal,5,Chest_to_LShoulder_rz,Chest_to_LShoulder,rz,0.06623931735785349,0.03579217898645884,-0.03044713837139465,0.06636833902285189,0.08795302144105614
671_T1_vs_T2,longitudinal,5,Chest_to_Neck_rx,Chest_to_Neck,rx,0.05858455260344908,0.10523797411669522,0.04665342151324614,0.06636833902285189,0.08795302144105614
671_T1_vs_T2,longitudinal,5,Chest_to_Neck_ry,Chest_to_Neck,ry,0.030629570035424724,0.0035051810610272883,-0.027124388974397437,0.06636833902285189,0.08795302144105614
671_T1_vs_T2,longitudinal,5,Chest_to_Neck_rz,Chest_to_Neck,rz,0.005088273943865685,0.012432241170670747,0.007343967226805062,0.06636833902285189,0.08795302144105614
671_T1_vs_T2,longitudinal,5,Chest_to_RShoulder_rx,Chest_to_RShoulder,rx,0.07448227840169375,0.023031359960475062,-0.051450918441218685,0.06636833902285189,0.08795302144105614
671_T1_vs_T2,longitudinal,5,Chest_to_RShoulder_ry,Chest_to_RShoulder,ry,0.049829928525143584,0.009284360480684664,-0.04054556804445892,0.06636833902285189,0.08795302144105614
671_T1_vs_T2,longitudinal,5,Chest_to_RShoulder_rz,Chest_to_RShoulder,rz,0.014937359928068142,0.17008512436477802,0.15514776443670988,0.06636833902285189,0.08795302144105614
671_T1_vs_T2,longitudinal,5,LFArm_to_LHand_rx,LFArm_to_LHand,rx,0.25980556598694976,0.0596115473580402,-0.20019401862890956,0.06636833902285189,0.08795302144105614
671_T1_vs_T2,longitudinal,5,LFArm_to_LHand_ry,LFArm_to_LHand,ry,0.05548572801457559,0.006516029785254433,-0.04896969822932116,0.06636833902285189,0.08795302144105614
671_T1_vs_T2,longitudinal,5,LFArm_to_LHand_rz,LFArm_to_LHand,rz,0.5531603484724067,0.1446543385474094,-0.4085060099249973,0.06636833902285189,0.08795302144105614
671_T1_vs_T2,longitudinal,5,LShin_to_LFoot_rx,LShin_to_LFoot,rx,0.029359505905788424,0.0363902686278912,0.007030762722102776,0.06636833902285189,0.08795302144105614
671_T1_vs_T2,longitudinal,5,LShin_to_LFoot_ry,LShin_to_LFoot,ry,0.11848878146653533,0.04996949536248903,-0.0685192861040463,0.06636833902285189,0.08795302144105614
671_T1_vs_T2,longitudinal,5,LShin_to_LFoot_rz,LShin_to_LFoot,rz,0.10403515595442253,0.0303461987138518,-0.07368895724057073,0.06636833902285189,0.08795302144105614
671_T1_vs_T2,longitudinal,5,LShoulder_to_LUArm_rx,LShoulder_to_LUArm,rx,0.3142013635923485,0.018749794088289525,-0.295451569504059,0.06636833902285189,0.08795302144105614
671_T1_vs_T2,longitudinal,5,LShoulder_to_LUArm_ry,LShoulder_to_LUArm,ry,0.010291049558461721,0.19010680109064249,0.17981575153218077,0.06636833902285189,0.08795302144105614
671_T1_vs_T2,longitudinal,5,LShoulder_to_LUArm_rz,LShoulder_to_LUArm,rz,0.06836737619894032,0.012845003980655223,-0.05552237221828509,0.06636833902285189,0.08795302144105614
671_T1_vs_T2,longitudinal,5,LThigh_to_LShin_rx,LThigh_to_LShin,rx,0.1691013949992673,0.05053875123140928,-0.11856264376785802,0.06636833902285189,0.08795302144105614
671_T1_vs_T2,longitudinal,5,LThigh_to_LShin_ry,LThigh_to_LShin,ry,1.9535952038616326e-08,3.250371015866571e-08,1.296775812004938e-08,0.06636833902285189,0.08795302144105614
671_T1_vs_T2,longitudinal,5,LThigh_to_LShin_rz,LThigh_to_LShin,rz,1.7626566563071223e-08,8.595373828567526e-09,-9.031192734503697e-09,0.06636833902285189,0.08795302144105614
671_T1_vs_T2,longitudinal,5,LUArm_to_LFArm_rx,LUArm_to_LFArm,rx,0.18189551204149082,0.03947601251362315,-0.14241949952786767,0.06636833902285189,0.08795302144105614
671_T1_vs_T2,longitudinal,5,LUArm_to_LFArm_ry,LUArm_to_LFArm,ry,0.4159836713654369,0.3217843267425447,-0.0941993446228922,0.06636833902285189,0.08795302144105614
671_T1_vs_T2,longitudinal,5,LUArm_to_LFArm_rz,LUArm_to_LFArm,rz,0.14007392487175754,0.033912512631554516,-0.10616141224020303,0.06636833902285189,0.08795302144105614
671_T1_vs_T2,longitudinal,5,Neck_to_Head_rx,Neck_to_Head,rx,0.058584581160739564,0.10523800413393374,0.04665342297319417,0.06636833902285189,0.08795302144105614
671_T1_vs_T2,longitudinal,5,Neck_to_Head_ry,Neck_to_Head,ry,0.03062960757606862,0.0035051848851322363,-0.027124422690936383,0.06636833902285189,0.08795302144105614
671_T1_vs_T2,longitudinal,5,Neck_to_Head_rz,Neck_to_Head,rz,0.005088283079416686,0.01243222288454338,0.0073439398051266935,0.06636833902285189,0.08795302144105614
671_T1_vs_T2,longitudinal,5,RFArm_to_RHand_rx,RFArm_to_RHand,rx,0.003697144677791368,0.28281177339440894,0.2791146287166176,0.06636833902285189,0.08795302144105614
671_T1_vs_T2,longitudinal,5,RFArm_to_RHand_ry,RFArm_to_RHand,ry,0.09416469131969103,0.21050659634182656,0.11634190502213552,0.06636833902285189,0.08795302144105614
671_T1_vs_T2,longitudinal,5,RFArm_to_RHand_rz,RFArm_to_RHand,rz,0.08836211304663703,0.4092117107393072,0.32084959769267013,0.06636833902285189,0.08795302144105614
671_T1_vs_T2,longitudinal,5,RShin_to_RFoot_rx,RShin_to_RFoot,rx,0.06916953275719015,0.14120766171490562,0.07203812895771547,0.06636833902285189,0.08795302144105614
671_T1_vs_T2,longitudinal,5,RShin_to_RFoot_ry,RShin_to_RFoot,ry,0.12707929665012332,0.0317199830996071,-0.09535931355051622,0.06636833902285189,0.08795302144105614
671_T1_vs_T2,longitudinal,5,RShin_to_RFoot_rz,RShin_to_RFoot,rz,0.04881080933360428,0.08492481510385257,0.036114005770248286,0.06636833902285189,0.08795302144105614
671_T1_vs_T2,longitudinal,5,RShoulder_to_RUArm_rx,RShoulder_to_RUArm,rx,0.2208846961363791,0.12579845374496731,-0.09508624239141178,0.06636833902285189,0.08795302144105614
671_T1_vs_T2,longitudinal,5,RShoulder_to_RUArm_ry,RShoulder_to_RUArm,ry,0.27852117303798546,0.10004652130633104,-0.17847465173165442,0.06636833902285189,0.08795302144105614
671_T1_vs_T2,longitudinal,5,RShoulder_to_RUArm_rz,RShoulder_to_RUArm,rz,0.07509201946800215,0.1472997316942866,0.07220771222628444,0.06636833902285189,0.08795302144105614
671_T1_vs_T2,longitudinal,5,RThigh_to_RShin_rx,RThigh_to_RShin,rx,0.033907992122717154,0.1823569852536392,0.14844899313092202,0.06636833902285189,0.08795302144105614
671_T1_vs_T2,longitudinal,5,RThigh_to_RShin_ry,RThigh_to_RShin,ry,9.424304975907137e-09,2.474754987215519e-09,-6.949549988691619e-09,0.06636833902285189,0.08795302144105614
671_T1_vs_T2,longitudinal,5,RThigh_to_RShin_rz,RThigh_to_RShin,rz,1.6330905043792614e-08,1.2461487529309729e-08,-3.869417514482886e-09,0.06636833902285189,0.08795302144105614
671_T1_vs_T2,longitudinal,5,RUArm_to_RFArm_rx,RUArm_to_RFArm,rx,0.06239048680310887,0.49412150967165175,0.43173102286854287,0.06636833902285189,0.08795302144105614
671_T1_vs_T2,longitudinal,5,RUArm_to_RFArm_ry,RUArm_to_RFArm,ry,0.15065263673889953,0.017530187751117126,-0.13312244898778242,0.06636833902285189,0.08795302144105614
671_T1_vs_T2,longitudinal,5,RUArm_to_RFArm_rz,RUArm_to_RFArm,rz,0.05720966499540214,0.3542931038183179,0.29708343882291577,0.06636833902285189,0.08795302144105614
671_T1_vs_T2,longitudinal,6,Chest_to_LShoulder_rx,Chest_to_LShoulder,rx,0.010639776943912166,0.021649836749159046,0.01101005980524688,0.04699694790918689,0.06507953914681248
671_T1_vs_T2,longitudinal,6,Chest_to_LShoulder_ry,Chest_to_LShoulder,ry,0.0742199947686958,0.017261932155548464,-0.056958062613147335,0.04699694790918689,0.06507953914681248
671_T1_vs_T2,longitudinal,6,Chest_to_LShoulder_rz,Chest_to_LShoulder,rz,0.046324341894522995,0.02442814905569922,-0.021896192838823776,0.04699694790918689,0.06507953914681248
671_T1_vs_T2,longitudinal,6,Chest_to_Neck_rx,Chest_to_Neck,rx,0.11851183680115762,0.007935603387141147,-0.11057623341401647,0.04699694790918689,0.06507953914681248
671_T1_vs_T2,longitudinal,6,Chest_to_Neck_ry,Chest_to_Neck,ry,0.024588219796749522,0.06497129522525427,0.04038307542850475,0.04699694790918689,0.06507953914681248
671_T1_vs_T2,longitudinal,6,Chest_to_Neck_rz,Chest_to_Neck,rz,0.021320902754655594,0.011852179679234664,-0.00946872307542093,0.04699694790918689,0.06507953914681248
671_T1_vs_T2,longitudinal,6,Chest_to_RShoulder_rx,Chest_to_RShoulder,rx,0.02983631197333332,0.02192770531226329,-0.00790860666107003,0.04699694790918689,0.06507953914681248
671_T1_vs_T2,longitudinal,6,Chest_to_RShoulder_ry,Chest_to_RShoulder,ry,0.061548684871454866,0.009026706438592456,-0.05252197843286241,0.04699694790918689,0.06507953914681248
671_T1_vs_T2,longitudinal,6,Chest_to_RShoulder_rz,Chest_to_RShoulder,rz,0.1515122546876191,0.04217128536717656,-0.10934096932044254,0.04699694790918689,0.06507953914681248
671_T1_vs_T2,longitudinal,6,LFArm_to_LHand_rx,LFArm_to_LHand,rx,0.08092715598044924,0.08284992999143577,0.0019227740109865332,0.04699694790918689,0.06507953914681248
671_T1_vs_T2,longitudinal,6,LFArm_to_LHand_ry,LFArm_to_LHand,ry,0.07601192880193333,0.10448379328577174,0.028471864483838413,0.04699694790918689,0.06507953914681248
671_T1_vs_T2,longitudinal,6,LFArm_to_LHand_rz,LFArm_to_LHand,rz,0.2497250183965309,0.06255941576298517,-0.18716560263354576,0.04699694790918689,0.06507953914681248
671_T1_vs_T2,longitudinal,6,LShin_to_LFoot_rx,LShin_to_LFoot,rx,0.008199762957588766,0.13756362363195496,0.1293638606743662,0.04699694790918689,0.06507953914681248
671_T1_vs_T2,longitudinal,6,LShin_to_LFoot_ry,LShin_to_LFoot,ry,0.045426875470397365,0.014687538061577405,-0.030739337408819963,0.04699694790918689,0.06507953914681248
671_T1_vs_T2,longitudinal,6,LShin_to_LFoot_rz,LShin_to_LFoot,rz,0.019825848963877627,0.19620748252502976,0.17638163356115213,0.04699694790918689,0.06507953914681248
671_T1_vs_T2,longitudinal,6,LShoulder_to_LUArm_rx,LShoulder_to_LUArm,rx,0.07311039038372852,0.022361643682050052,-0.05074874670167846,0.04699694790918689,0.06507953914681248
671_T1_vs_T2,longitudinal,6,LShoulder_to_LUArm_ry,LShoulder_to_LUArm,ry,0.3113516864017395,0.12842507669704806,-0.18292660970469143,0.04699694790918689,0.06507953914681248
671_T1_vs_T2,longitudinal,6,LShoulder_to_LUArm_rz,LShoulder_to_LUArm,rz,0.07842634244666127,0.12624521804514832,0.04781887559848705,0.04699694790918689,0.06507953914681248
671_T1_vs_T2,longitudinal,6,LThigh_to_LShin_rx,LThigh_to_LShin,rx,0.23971181596955418,0.5557490658215313,0.3160372498519771,0.04699694790918689,0.06507953914681248
671_T1_vs_T2,longitudinal,6,LThigh_to_LShin_ry,LThigh_to_LShin,ry,3.643660189206248e-08,3.52630735487742e-08,-1.1735283432882818e-09,0.04699694790918689,0.06507953914681248
671_T1_vs_T2,longitudinal,6,LThigh_to_LShin_rz,LThigh_to_LShin,rz,2.387577935051114e-08,1.7634538044470686e-08,-6.241241306040455e-09,0.04699694790918689,0.06507953914681248
671_T1_vs_T2,longitudinal,6,LUArm_to_LFArm_rx,LUArm_to_LFArm,rx,0.19177401669502636,0.24786719279822406,0.056093176103197695,0.04699694790918689,0.06507953914681248
671_T1_vs_T2,longitudinal,6,LUArm_to_LFArm_ry,LUArm_to_LFArm,ry,0.1527104408621246,0.19976796199999725,0.04705752113787265,0.04699694790918689,0.06507953914681248
671_T1_vs_T2,longitudinal,6,LUArm_to_LFArm_rz,LUArm_to_LFArm,rz,0.1465708968787184,0.10069466299798183,-0.04587623388073658,0.04699694790918689,0.06507953914681248
671_T1_vs_T2,longitudinal,6,Neck_to_Head_rx,Neck_to_Head,rx,0.11851189790173577,0.007935609777333144,-0.11057628812440264,0.04699694790918689,0.06507953914681248
671_T1_vs_T2,longitudinal,6,Neck_to_Head_ry,Neck_to_Head,ry,0.0245882062213715,0.06497131433842965,0.04038310811705815,0.04699694790918689,0.06507953914681248
671_T1_vs_T2,longitudinal,6,Neck_to_Head_rz,Neck_to_Head,rz,0.021320874200220587,0.011852160657604803,-0.009468713542615784,0.04699694790918689,0.06507953914681248
671_T1_vs_T2,longitudinal,6,RFArm_to_RHand_rx,RFArm_to_RHand,rx,0.04872789813000446,0.09303311823148755,0.04430522010148309,0.04699694790918689,0.06507953914681248
671_T1_vs_T2,longitudinal,6,RFArm_to_RHand_ry,RFArm_to_RHand,ry,0.09679028897986308,0.08361785261844702,-0.01317243636141606,0.04699694790918689,0.06507953914681248
671_T1_vs_T2,longitudinal,6,RFArm_to_RHand_rz,RFArm_to_RHand,rz,0.10693028449236083,0.3042420955732828,0.19731181108092197,0.04699694790918689,0.06507953914681248
671_T1_vs_T2,longitudinal,6,RShin_to_RFoot_rx,RShin_to_RFoot,rx,0.22379049915434207,0.25266648325512686,0.02887598410078479,0.04699694790918689,0.06507953914681248
671_T1_vs_T2,longitudinal,6,RShin_to_RFoot_ry,RShin_to_RFoot,ry,0.042516513509303216,0.026544377332395508,-0.01597213617690771,0.04699694790918689,0.06507953914681248
671_T1_vs_T2,longitudinal,6,RShin_to_RFoot_rz,RShin_to_RFoot,rz,0.09910783239749639,0.028469551149338655,-0.07063828124815774,0.04699694790918689,0.06507953914681248
671_T1_vs_T2,longitudinal,6,RShoulder_to_RUArm_rx,RShoulder_to_RUArm,rx,0.09628583165136356,0.1214384011379652,0.025152569486601634,0.04699694790918689,0.06507953914681248
671_T1_vs_T2,longitudinal,6,RShoulder_to_RUArm_ry,RShoulder_to_RUArm,ry,0.31764677328480145,0.03396143232120884,-0.2836853409635926,0.04699694790918689,0.06507953914681248
671_T1_vs_T2,longitudinal,6,RShoulder_to_RUArm_rz,RShoulder_to_RUArm,rz,0.17534934083325227,0.01423620576159722,-0.16111313507165503,0.04699694790918689,0.06507953914681248
671_T1_vs_T2,longitudinal,6,RThigh_to_RShin_rx,RThigh_to_RShin,rx,0.3189177498313137,0.23851988264098375,-0.08039786719032996,0.04699694790918689,0.06507953914681248
671_T1_vs_T2,longitudinal,6,RThigh_to_RShin_ry,RThigh_to_RShin,ry,1.381004636737676e-09,1.2804963764241513e-08,1.1423959127503837e-08,0.04699694790918689,0.06507953914681248
671_T1_vs_T2,longitudinal,6,RThigh_to_RShin_rz,RThigh_to_RShin,rz,3.016823699424789e-09,9.952960603365807e-09,6.936136903941018e-09,0.04699694790918689,0.06507953914681248
671_T1_vs_T2,longitudinal,6,RUArm_to_RFArm_rx,RUArm_to_RFArm,rx,0.43184062845384996,0.3233471321975156,-0.10849349625633437,0.04699694790918689,0.06507953914681248
671_T1_vs_T2,longitudinal,6,RUArm_to_RFArm_ry,RUArm_to_RFArm,ry,0.011717440402632956,0.23037901814955614,0.21866157774692319,0.04699694790918689,0.06507953914681248
671_T1_vs_T2,longitudinal,6,RUArm_to_RFArm_rz,RUArm_to_RFArm,rz,0.3091255637908668,0.22506317209164825,-0.08406239169921856,0.04699694790918689,0.06507953914681248
671_T1_vs_T2,longitudinal,7,Chest_to_LShoulder_rx,Chest_to_LShoulder,rx,0.03456992845430229,0.049872219359581194,0.015302290905278904,0.04139633557116582,0.06179087351449658
671_T1_vs_T2,longitudinal,7,Chest_to_LShoulder_ry,Chest_to_LShoulder,ry,0.10307481618472782,0.05421137468031001,-0.04886344150441781,0.04139633557116582,0.06179087351449658
671_T1_vs_T2,longitudinal,7,Chest_to_LShoulder_rz,Chest_to_LShoulder,rz,0.04509725414908901,0.07221661067437937,0.027119356525290364,0.04139633557116582,0.06179087351449658
671_T1_vs_T2,longitudinal,7,Chest_to_Neck_rx,Chest_to_Neck,rx,0.04188939515924005,0.0319522352094362,-0.009937159949803848,0.04139633557116582,0.06179087351449658
671_T1_vs_T2,longitudinal,7,Chest_to_Neck_ry,Chest_to_Neck,ry,0.08244290023106511,0.08555119601367733,0.003108295782612222,0.04139633557116582,0.06179087351449658
671_T1_vs_T2,longitudinal,7,Chest_to_Neck_rz,Chest_to_Neck,rz,0.006399794094852105,0.030425301394806186,0.02402550729995408,0.04139633557116582,0.06179087351449658
671_T1_vs_T2,longitudinal,7,Chest_to_RShoulder_rx,Chest_to_RShoulder,rx,0.1406824818734794,0.05206046316856429,-0.08862201870491511,0.04139633557116582,0.06179087351449658
671_T1_vs_T2,longitudinal,7,Chest_to_RShoulder_ry,Chest_to_RShoulder,ry,0.051385334670536215,0.004623590695918609,-0.0467617439746176,0.04139633557116582,0.06179087351449658
671_T1_vs_T2,longitudinal,7,Chest_to_RShoulder_rz,Chest_to_RShoulder,rz,0.004030451969313667,0.01882729579617246,0.014796843826858792,0.04139633557116582,0.06179087351449658
671_T1_vs_T2,longitudinal,7,LFArm_to_LHand_rx,LFArm_to_LHand,rx,0.02901699413072984,0.06234168633253441,0.03332469220180457,0.04139633557116582,0.06179087351449658
671_T1_vs_T2,longitudinal,7,LFArm_to_LHand_ry,LFArm_to_LHand,ry,0.14133902512997523,0.11637839128794575,-0.024960633842029484,0.04139633557116582,0.06179087351449658
671_T1_vs_T2,longitudinal,7,LFArm_to_LHand_rz,LFArm_to_LHand,rz,0.1549815957420524,0.1447071575991945,-0.010274438142857889,0.04139633557116582,0.06179087351449658
671_T1_vs_T2,longitudinal,7,LShin_to_LFoot_rx,LShin_to_LFoot,rx,0.060623464943524455,0.010196651829428128,-0.05042681311409633,0.04139633557116582,0.06179087351449658
671_T1_vs_T2,longitudinal,7,LShin_to_LFoot_ry,LShin_to_LFoot,ry,0.05749228596851838,0.07249548600603303,0.015003200037514652,0.04139633557116582,0.06179087351449658
671_T1_vs_T2,longitudinal,7,LShin_to_LFoot_rz,LShin_to_LFoot,rz,0.08026027501476476,0.06825448350250325,-0.012005791512261513,0.04139633557116582,0.06179087351449658
671_T1_vs_T2,longitudinal,7,LShoulder_to_LUArm_rx,LShoulder_to_LUArm,rx,0.02690072955227275,0.044734404577042156,0.017833675024769405,0.04139633557116582,0.06179087351449658
671_T1_vs_T2,longitudinal,7,LShoulder_to_LUArm_ry,LShoulder_to_LUArm,ry,0.5761151225921529,0.38652344509999154,-0.18959167749216138,0.04139633557116582,0.06179087351449658
671_T1_vs_T2,longitudinal,7,LShoulder_to_LUArm_rz,LShoulder_to_LUArm,rz,0.13479176541657867,0.15638971478560149,0.021597949369022817,0.04139633557116582,0.06179087351449658
671_T1_vs_T2,longitudinal,7,LThigh_to_LShin_rx,LThigh_to_LShin,rx,0.10259596362748243,0.1646478165041844,0.062051852876701966,0.04139633557116582,0.06179087351449658
671_T1_vs_T2,longitudinal,7,LThigh_to_LShin_ry,LThigh_to_LShin,ry,4.6480285225447346e-08,3.033392886440801e-08,-1.6146356361039335e-08,0.04139633557116582,0.06179087351449658
671_T1_vs_T2,longitudinal,7,LThigh_to_LShin_rz,LThigh_to_LShin,rz,2.0168844998775035e-08,2.0224742300312184e-08,5.589730153714906e-11,0.04139633557116582,0.06179087351449658
671_T1_vs_T2,longitudinal,7,LUArm_to_LFArm_rx,LUArm_to_LFArm,rx,0.11464147554863649,0.20178051301050248,0.08713903746186599,0.04139633557116582,0.06179087351449658
671_T1_vs_T2,longitudinal,7,LUArm_to_LFArm_ry,LUArm_to_LFArm,ry,0.014099240117926893,0.5243698511036432,0.5102706109857164,0.04139633557116582,0.06179087351449658
671_T1_vs_T2,longitudinal,7,LUArm_to_LFArm_rz,LUArm_to_LFArm,rz,0.10312785474715326,0.21862274490254005,0.11549489015538679,0.04139633557116582,0.06179087351449658
671_T1_vs_T2,longitudinal,7,Neck_to_Head_rx,Neck_to_Head,rx,0.04188934334035714,0.03195218425380311,-0.009937159086554029,0.04139633557116582,0.06179087351449658
671_T1_vs_T2,longitudinal,7,Neck_to_Head_ry,Neck_to_Head,ry,0.08244290794886136,0.0855512230273109,0.003108315078449539,0.04139633557116582,0.06179087351449658
671_T1_vs_T2,longitudinal,7,Neck_to_Head_rz,Neck_to_Head,rz,0.006399784467431497,0.030425316368455545,0.02402553190102405,0.04139633557116582,0.06179087351449658
671_T1_vs_T2,longitudinal,7,RFArm_to_RHand_rx,RFArm_to_RHand,rx,0.12965381289137612,0.16660615878472343,0.03695234589334731,0.04139633557116582,0.06179087351449658
671_T1_vs_T2,longitudinal,7,RFArm_to_RHand_ry,RFArm_to_RHand,ry,0.18380652434120698,0.09864763837051668,-0.0851588859706903,0.04139633557116582,0.06179087351449658
671_T1_vs_T2,longitudinal,7,RFArm_to_RHand_rz,RFArm_to_RHand,rz,0.06842905909924696,0.2121679293030621,0.14373887020381515,0.04139633557116582,0.06179087351449658
671_T1_vs_T2,longitudinal,7,RShin_to_RFoot_rx,RShin_to_RFoot,rx,0.022005514541628975,0.0001982227873644927,-0.02180729175426448,0.04139633557116582,0.06179087351449658
671_T1_vs_T2,longitudinal,7,RShin_to_RFoot_ry,RShin_to_RFoot,ry,0.07155515997229361,0.05081776819068683,-0.020737391781606787,0.04139633557116582,0.06179087351449658
671_T1_vs_T2,longitudinal,7,RShin_to_RFoot_rz,RShin_to_RFoot,rz,0.14874479852936726,0.09639154619989014,-0.052353252329477115,0.04139633557116582,0.06179087351449658
671_T1_vs_T2,longitudinal,7,RShoulder_to_RUArm_rx,RShoulder_to_RUArm,rx,0.30916098319383384,0.09292693859152859,-0.21623404460230525,0.04139633557116582,0.06179087351449658
671_T1_vs_T2,longitudinal,7,RShoulder_to_RUArm_ry,RShoulder_to_RUArm,ry,0.05491804611495493,0.020576424605415866,-0.034341621509539066,0.04139633557116582,0.06179087351449658
671_T1_vs_T2,longitudinal,7,RShoulder_to_RUArm_rz,RShoulder_to_RUArm,rz,0.09440419870585438,0.061806618647156676,-0.03259758005869771,0.04139633557116582,0.06179087351449658
671_T1_vs_T2,longitudinal,7,RThigh_to_RShin_rx,RThigh_to_RShin,rx,0.39160731868205806,0.23347365869182984,-0.15813365999022821,0.04139633557116582,0.06179087351449658
671_T1_vs_T2,longitudinal,7,RThigh_to_RShin_ry,RThigh_to_RShin,ry,7.173394867131687e-08,4.8992382140692274e-08,-2.2741566530624597e-08,0.04139633557116582,0.06179087351449658
671_T1_vs_T2,longitudinal,7,RThigh_to_RShin_rz,RThigh_to_RShin,rz,1.2204658936359738e-08,1.552515249052051e-09,-1.0652143687307687e-08,0.04139633557116582,0.06179087351449658
671_T1_vs_T2,longitudinal,7,RUArm_to_RFArm_rx,RUArm_to_RFArm,rx,0.27181173948921655,0.15798244483528098,-0.11382929465393557,0.04139633557116582,0.06179087351449658
671_T1_vs_T2,longitudinal,7,RUArm_to_RFArm_ry,RUArm_to_RFArm,ry,0.2520889176713575,0.40193732683712746,0.14984840916576997,0.04139633557116582,0.06179087351449658
671_T1_vs_T2,longitudinal,7,RUArm_to_RFArm_rz,RUArm_to_RFArm,rz,0.1471293950711931,0.06804621432108228,-0.07908318075011082,0.04139633557116582,0.06179087351449658
671_T1_vs_T2,longitudinal,8,Chest_to_LShoulder_rx,Chest_to_LShoulder,rx,0.026477547289952073,0.037895513979511845,0.011417966689559772,0.03402361690942223,0.037215423050908136
671_T1_vs_T2,longitudinal,8,Chest_to_LShoulder_ry,Chest_to_LShoulder,ry,0.03690153726427025,0.1145986587950989,0.07769712153082864,0.03402361690942223,0.037215423050908136
671_T1_vs_T2,longitudinal,8,Chest_to_LShoulder_rz,Chest_to_LShoulder,rz,0.09718645422972728,0.11039319526882817,0.013206741039100883,0.03402361690942223,0.037215423050908136
671_T1_vs_T2,longitudinal,8,Chest_to_Neck_rx,Chest_to_Neck,rx,0.0076909504556643546,0.10780478124088341,0.10011383078521906,0.03402361690942223,0.037215423050908136
671_T1_vs_T2,longitudinal,8,Chest_to_Neck_ry,Chest_to_Neck,ry,0.03088595511832494,0.005650185522326832,-0.025235769595998107,0.03402361690942223,0.037215423050908136
671_T1_vs_T2,longitudinal,8,Chest_to_Neck_rz,Chest_to_Neck,rz,0.005695266727771561,0.0215676444411343,0.015872377713362737,0.03402361690942223,0.037215423050908136
671_T1_vs_T2,longitudinal,8,Chest_to_RShoulder_rx,Chest_to_RShoulder,rx,0.058219852302840776,0.023946444595619103,-0.034273407707221676,0.03402361690942223,0.037215423050908136
671_T1_vs_T2,longitudinal,8,Chest_to_RShoulder_ry,Chest_to_RShoulder,ry,0.04640630661561367,0.10589784360078752,0.05949153698517385,0.03402361690942223,0.037215423050908136
671_T1_vs_T2,longitudinal,8,Chest_to_RShoulder_rz,Chest_to_RShoulder,rz,0.0534245387629087,0.061959663841711324,0.008535125078802622,0.03402361690942223,0.037215423050908136
671_T1_vs_T2,longitudinal,8,LFArm_to_LHand_rx,LFArm_to_LHand,rx,0.06525332927076906,0.08507512782106649,0.019821798550297434,0.03402361690942223,0.037215423050908136
671_T1_vs_T2,longitudinal,8,LFArm_to_LHand_ry,LFArm_to_LHand,ry,0.181443871911788,0.09451726553962689,-0.08692660637216112,0.03402361690942223,0.037215423050908136
671_T1_vs_T2,longitudinal,8,LFArm_to_LHand_rz,LFArm_to_LHand,rz,0.19568639783458194,0.09529058887812482,-0.10039580895645712,0.03402361690942223,0.037215423050908136
671_T1_vs_T2,longitudinal,8,LShin_to_LFoot_rx,LShin_to_LFoot,rx,0.08371075850282494,0.07569681539222362,-0.00801394311060133,0.03402361690942223,0.037215423050908136
671_T1_vs_T2,longitudinal,8,LShin_to_LFoot_ry,LShin_to_LFoot,ry,0.06278181716922322,0.057887944132428655,-0.004893873036794567,0.03402361690942223,0.037215423050908136
671_T1_vs_T2,longitudinal,8,LShin_to_LFoot_rz,LShin_to_LFoot,rz,0.0782433441163309,0.013351487441567802,-0.06489185667476309,0.03402361690942223,0.037215423050908136
671_T1_vs_T2,longitudinal,8,LShoulder_to_LUArm_rx,LShoulder_to_LUArm,rx,0.044772392186632495,0.04831629800687195,0.0035439058202394527,0.03402361690942223,0.037215423050908136
671_T1_vs_T2,longitudinal,8,LShoulder_to_LUArm_ry,LShoulder_to_LUArm,ry,0.20162519082210514,0.41350644200058945,0.2118812511784843,0.03402361690942223,0.037215423050908136
671_T1_vs_T2,longitudinal,8,LShoulder_to_LUArm_rz,LShoulder_to_LUArm,rz,0.20831367271017293,0.07351157107477696,-0.13480210163539597,0.03402361690942223,0.037215423050908136
671_T1_vs_T2,longitudinal,8,LThigh_to_LShin_rx,LThigh_to_LShin,rx,0.10330603994673236,0.1865443556318417,0.08323831568510935,0.03402361690942223,0.037215423050908136
671_T1_vs_T2,longitudinal,8,LThigh_to_LShin_ry,LThigh_to_LShin,ry,2.4998207983136305e-08,6.468427095462977e-09,-1.8529780887673327e-08,0.03402361690942223,0.037215423050908136
671_T1_vs_T2,longitudinal,8,LThigh_to_LShin_rz,LThigh_to_LShin,rz,1.0518769459691226e-08,2.4290191407670544e-08,1.3771421947979318e-08,0.03402361690942223,0.037215423050908136
671_T1_vs_T2,longitudinal,8,LUArm_to_LFArm_rx,LUArm_to_LFArm,rx,0.40100313573652735,0.36796482296216054,-0.03303831277436681,0.03402361690942223,0.037215423050908136
671_T1_vs_T2,longitudinal,8,LUArm_to_LFArm_ry,LUArm_to_LFArm,ry,0.3046569269171687,0.2764706159983051,-0.028186310918863644,0.03402361690942223,0.037215423050908136
671_T1_vs_T2,longitudinal,8,LUArm_to_LFArm_rz,LUArm_to_LFArm,rz,0.17148555285426575,0.24588977050840144,0.07440421765413568,0.03402361690942223,0.037215423050908136
671_T1_vs_T2,longitudinal,8,Neck_to_Head_rx,Neck_to_Head,rx,0.007690915189516394,0.10780482619569888,0.10011391100618248,0.03402361690942223,0.037215423050908136
671_T1_vs_T2,longitudinal,8,Neck_to_Head_ry,Neck_to_Head,ry,0.030885991409247825,0.005650189511807971,-0.025235801897439854,0.03402361690942223,0.037215423050908136
671_T1_vs_T2,longitudinal,8,Neck_to_Head_rz,Neck_to_Head,rz,0.0056952801443377,0.021567625960594517,0.015872345816256815,0.03402361690942223,0.037215423050908136
671_T1_vs_T2,longitudinal,8,RFArm_to_RHand_rx,RFArm_to_RHand,rx,0.025845023791907847,0.06888862687412114,0.0430436030822133,0.03402361690942223,0.037215423050908136
671_T1_vs_T2,longitudinal,8,RFArm_to_RHand_ry,RFArm_to_RHand,ry,0.1461697761896434,0.14193891806867956,-0.004230858120963854,0.03402361690942223,0.037215423050908136
671_T1_vs_T2,longitudinal,8,RFArm_to_RHand_rz,RFArm_to_RHand,rz,0.08989205035399635,0.1518528408569788,0.06196079050298246,0.03402361690942223,0.037215423050908136
671_T1_vs_T2,longitudinal,8,RShin_to_RFoot_rx,RShin_to_RFoot,rx,0.2057744474642022,0.24357272838410884,0.03779828091990664,0.03402361690942223,0.037215423050908136
671_T1_vs_T2,longitudinal,8,RShin_to_RFoot_ry,RShin_to_RFoot,ry,0.0792132266717532,0.14048679454898014,0.06127356787722693,0.03402361690942223,0.037215423050908136
671_T1_vs_T2,longitudinal,8,RShin_to_RFoot_rz,RShin_to_RFoot,rz,0.044192638559654496,0.11444531626676967,0.07025267770711517,0.03402361690942223,0.037215423050908136
671_T1_vs_T2,longitudinal,8,RShoulder_to_RUArm_rx,RShoulder_to_RUArm,rx,0.2695382062977478,0.1508123099090408,-0.11872589638870698,0.03402361690942223,0.037215423050908136
671_T1_vs_T2,longitudinal,8,RShoulder_to_RUArm_ry,RShoulder_to_RUArm,ry,0.15541230221779953,0.40825010613005996,0.2528378039122604,0.03402361690942223,0.037215423050908136
671_T1_vs_T2,longitudinal,8,RShoulder_to_RUArm_rz,RShoulder_to_RUArm,rz,0.001982123558146571,0.12021830662873367,0.1182361830705871,0.03402361690942223,0.037215423050908136
671_T1_vs_T2,longitudinal,8,RThigh_to_RShin_rx,RThigh_to_RShin,rx,0.28541721172500856,0.24252457019166773,-0.042892641533340825,0.03402361690942223,0.037215423050908136
671_T1_vs_T2,longitudinal,8,RThigh_to_RShin_ry,RThigh_to_RShin,ry,2.910612282250961e-08,1.8490702648547264e-08,-1.0615420173962347e-08,0.03402361690942223,0.037215423050908136
671_T1_vs_T2,longitudinal,8,RThigh_to_RShin_rz,RThigh_to_RShin,rz,3.6013942856592973e-09,1.0367582166580121e-08,6.766187880920824e-09,0.03402361690942223,0.037215423050908136
671_T1_vs_T2,longitudinal,8,RUArm_to_RFArm_rx,RUArm_to_RFArm,rx,0.4107624476711255,0.04440011980585544,-0.36636232786527007,0.03402361690942223,0.037215423050908136
671_T1_vs_T2,longitudinal,8,RUArm_to_RFArm_ry,RUArm_to_RFArm,ry,0.030628672308777655,0.08849568619717275,0.0578670138883951,0.03402361690942223,0.037215423050908136
671_T1_vs_T2,longitudinal,8,RUArm_to_RFArm_rz,RUArm_to_RFArm,rz,0.2776495204311986,0.0211815731273185,-0.2564679473038801,0.03402361690942223,0.037215423050908136
671_T1_vs_T3,longitudinal,1,Chest_to_LShoulder_rx,Chest_to_LShoulder,rx,0.10604065307768532,0.10962596535417159,0.0035853122764862716,0.21171627651585498,0.23980252597370658
671_T1_vs_T3,longitudinal,1,Chest_to_LShoulder_ry,Chest_to_LShoulder,ry,0.0039561539433534175,0.021075809268949388,0.01711965532559597,0.21171627651585498,0.23980252597370658
671_T1_vs_T3,longitudinal,1,Chest_to_LShoulder_rz,Chest_to_LShoulder,rz,0.0827234264880422,0.00041135701047740963,-0.0823120694775648,0.21171627651585498,0.23980252597370658
671_T1_vs_T3,longitudinal,1,Chest_to_Neck_rx,Chest_to_Neck,rx,0.044129098202886796,0.00599277519860297,-0.03813632300428382,0.21171627651585498,0.23980252597370658
671_T1_vs_T3,longitudinal,1,Chest_to_Neck_ry,Chest_to_Neck,ry,0.042853118538439046,0.005709351484541637,-0.03714376705389741,0.21171627651585498,0.23980252597370658
671_T1_vs_T3,longitudinal,1,Chest_to_Neck_rz,Chest_to_Neck,rz,0.037149393084779804,0.03586377163055792,-0.001285621454221883,0.21171627651585498,0.23980252597370658
671_T1_vs_T3,longitudinal,1,Chest_to_RShoulder_rx,Chest_to_RShoulder,rx,0.06466672013752575,0.15714314896226414,0.09247642882473839,0.21171627651585498,0.23980252597370658
671_T1_vs_T3,longitudinal,1,Chest_to_RShoulder_ry,Chest_to_RShoulder,ry,0.035793545342845304,0.02004899374178264,-0.015744551601062664,0.21171627651585498,0.23980252597370658
671_T1_vs_T3,longitudinal,1,Chest_to_RShoulder_rz,Chest_to_RShoulder,rz,0.004683663395199446,0.08232690716255862,0.07764324376735918,0.21171627651585498,0.23980252597370658
671_T1_vs_T3,longitudinal,1,LFArm_to_LHand_rx,LFArm_to_LHand,rx,0.2099989045896791,0.279904200519441,0.06990529592976188,0.21171627651585498,0.23980252597370658
671_T1_vs_T3,longitudinal,1,LFArm_to_LHand_ry,LFArm_to_LHand,ry,0.01718011175633631,0.06936514436968498,0.05218503261334867,0.21171627651585498,0.23980252597370658
671_T1_vs_T3,longitudinal,1,LFArm_to_LHand_rz,LFArm_to_LHand,rz,0.34826602016977165,0.44375713892270274,0.09549111875293109,0.21171627651585498,0.23980252597370658
671_T1_vs_T3,longitudinal,1,LShin_to_LFoot_rx,LShin_to_LFoot,rx,0.03473901396642232,0.005361777012956061,-0.029377236953466262,0.21171627651585498,0.23980252597370658
671_T1_vs_T3,longitudinal,1,LShin_to_LFoot_ry,LShin_to_LFoot,ry,0.027314174782942145,0.05183735784853344,0.024523183065591293,0.21171627651585498,0.23980252597370658
671_T1_vs_T3,longitudinal,1,LShin_to_LFoot_rz,LShin_to_LFoot,rz,0.004853942598857449,0.0461573908907137,0.04130344829185625,0.21171627651585498,0.23980252597370658
671_T1_vs_T3,longitudinal,1,LShoulder_to_LUArm_rx,LShoulder_to_LUArm,rx,0.2823662854686751,0.3353459664258078,0.05297968095713268,0.21171627651585498,0.23980252597370658
671_T1_vs_T3,longitudinal,1,LShoulder_to_LUArm_ry,LShoulder_to_LUArm,ry,0.03237909266525094,0.15773683684714307,0.12535774418189213,0.21171627651585498,0.23980252597370658
671_T1_vs_T3,longitudinal,1,LShoulder_to_LUArm_rz,LShoulder_to_LUArm,rz,0.1577336911699507,0.09891046839206298,-0.05882322277788772,0.21171627651585498,0.23980252597370658
671_T1_vs_T3,longitudinal,1,LThigh_to_LShin_rx,LThigh_to_LShin,rx,0.2028010364228562,0.0765907702817634,-0.12621026614109282,0.21171627651585498,0.23980252597370658
671_T1_vs_T3,longitudinal,1,LThigh_to_LShin_ry,LThigh_to_LShin,ry,1.3308711806548717e-08,1.4463629661993042e-08,1.1549178554443247e-09,0.21171627651585498,0.23980252597370658
671_T1_vs_T3,longitudinal,1,LThigh_to_LShin_rz,LThigh_to_LShin,rz,1.2176041704878267e-08,1.1502081243674235e-08,-6.739604612040321e-10,0.21171627651585498,0.23980252597370658
671_T1_vs_T3,longitudinal,1,LUArm_to_LFArm_rx,LUArm_to_LFArm,rx,0.1535021522608675,0.004775359482190096,-0.1487267927786774,0.21171627651585498,0.23980252597370658
671_T1_vs_T3,longitudinal,1,LUArm_to_LFArm_ry,LUArm_to_LFArm,ry,0.7062527225634445,0.3625641905700265,-0.34368853199341803,0.21171627651585498,0.23980252597370658
671_T1_vs_T3,longitudinal,1,LUArm_to_LFArm_rz,LUArm_to_LFArm,rz,0.17894096854247535,0.06761910731801749,-0.11132186122445786,0.21171627651585498,0.23980252597370658
671_T1_vs_T3,longitudinal,1,Neck_to_Head_rx,Neck_to_Head,rx,0.04412909171424112,0.005992786052245206,-0.03813630566199591,0.21171627651585498,0.23980252597370658
671_T1_vs_T3,longitudinal,1,Neck_to_Head_ry,Neck_to_Head,ry,0.04285312730865241,0.005709352040759525,-0.03714377526789288,0.21171627651585498,0.23980252597370658
671_T1_vs_T3,longitudinal,1,Neck_to_Head_rz,Neck_to_Head,rz,0.03714939217147863,0.035863766307870235,-0.0012856258636083986,0.21171627651585498,0.23980252597370658
671_T1_vs_T3,longitudinal,1,RFArm_to_RHand_rx,RFArm_to_RHand,rx,0.11259005800209197,0.07850676769697704,-0.034083290305114936,0.21171627651585498,0.23980252597370658
671_T1_vs_T3,longitudinal,1,RFArm_to_RHand_ry,RFArm_to_RHand,ry,0.1021958239223488,0.020987125637267918,-0.08120869828508089,0.21171627651585498,0.23980252597370658
671_T1_vs_T3,longitudinal,1,RFArm_to_RHand_rz,RFArm_to_RHand,rz,0.10547881227053181,0.28775064283480006,0.18227183056426827,0.21171627651585498,0.23980252597370658
671_T1_vs_T3,longitudinal,1,RShin_to_RFoot_rx,RShin_to_RFoot,rx,0.04270389209632639,0.06102170409668275,0.018317812000356357,0.21171627651585498,0.23980252597370658
671_T1_vs_T3,longitudinal,1,RShin_to_RFoot_ry,RShin_to_RFoot,ry,0.021913699221121744,0.06561343667004377,0.04369973744892203,0.21171627651585498,0.23980252597370658
671_T1_vs_T3,longitudinal,1,RShin_to_RFoot_rz,RShin_to_RFoot,rz,0.041284026026985075,0.010107353491187552,-0.031176672535797523,0.21171627651585498,0.23980252597370658
671_T1_vs_T3,longitudinal,1,RShoulder_to_RUArm_rx,RShoulder_to_RUArm,rx,0.144641743627266,0.4457232464956513,0.3010815028683853,0.21171627651585498,0.23980252597370658
671_T1_vs_T3,longitudinal,1,RShoulder_to_RUArm_ry,RShoulder_to_RUArm,ry,0.0071872151032590205,0.09161959698017616,0.08443238187691714,0.21171627651585498,0.23980252597370658
671_T1_vs_T3,longitudinal,1,RShoulder_to_RUArm_rz,RShoulder_to_RUArm,rz,0.034623230102465374,0.029877197390835292,-0.004746032711630082,0.21171627651585498,0.23980252597370658
671_T1_vs_T3,longitudinal,1,RThigh_to_RShin_rx,RThigh_to_RShin,rx,0.03516101327023406,0.1715354563621708,0.13637444309193675,0.21171627651585498,0.23980252597370658
671_T1_vs_T3,longitudinal,1,RThigh_to_RShin_ry,RThigh_to_RShin,ry,6.7336695514738066e-09,1.3135313212490105e-08,6.4016436610162985e-09,0.21171627651585498,0.23980252597370658
671_T1_vs_T3,longitudinal,1,RThigh_to_RShin_rz,RThigh_to_RShin,rz,4.852935307874725e-09,5.592073604056857e-09,7.391382961821316e-10,0.21171627651585498,0.23980252597370658
671_T1_vs_T3,longitudinal,1,RUArm_to_RFArm_rx,RUArm_to_RFArm,rx,0.13462019576395165,0.07152421588695243,-0.06309597987699922,0.21171627651585498,0.23980252597370658
671_T1_vs_T3,longitudinal,1,RUArm_to_RFArm_ry,RUArm_to_RFArm,ry,0.0804430901542714,0.18793924400701215,0.10749615385274075,0.21171627651585498,0.23980252597370658
671_T1_vs_T3,longitudinal,1,RUArm_to_RFArm_rz,RUArm_to_RFArm,rz,0.10490237758199263,0.06035251120927366,-0.04454986637271897,0.21171627651585498,0.23980252597370658
671_T1_vs_T3,longitudinal,2,Chest_to_LShoulder_rx,Chest_to_LShoulder,rx,0.0184622535188237,0.017283130723531114,-0.0011791227952925865,0.17546655376604645,0.2122757596806766
671_T1_vs_T3,longitudinal,2,Chest_to_LShoulder_ry,Chest_to_LShoulder,ry,0.02694963425074334,0.024910626297000946,-0.002039007953742393,0.17546655376604645,0.2122757596806766
671_T1_vs_T3,longitudinal,2,Chest_to_LShoulder_rz,Chest_to_LShoulder,rz,0.00035852494181009436,0.0037814264662019655,0.003422901524391871,0.17546655376604645,0.2122757596806766
671_T1_vs_T3,longitudinal,2,Chest_to_Neck_rx,Chest_to_Neck,rx,0.046580654939989106,0.037873960882407146,-0.008706694057581961,0.17546655376604645,0.2122757596806766
671_T1_vs_T3,longitudinal,2,Chest_to_Neck_ry,Chest_to_Neck,ry,0.0009977707098209054,0.014754718587012113,0.013756947877191207,0.17546655376604645,0.2122757596806766
671_T1_vs_T3,longitudinal,2,Chest_to_Neck_rz,Chest_to_Neck,rz,0.022489455439877504,0.0027784087614982304,-0.019711046678379272,0.17546655376604645,0.2122757596806766
671_T1_vs_T3,longitudinal,2,Chest_to_RShoulder_rx,Chest_to_RShoulder,rx,0.09007390509579258,0.03348772528080916,-0.05658617981498342,0.17546655376604645,0.2122757596806766
671_T1_vs_T3,longitudinal,2,Chest_to_RShoulder_ry,Chest_to_RShoulder,ry,0.01920945568930647,0.02940050893440233,0.010191053245095859,0.17546655376604645,0.2122757596806766
671_T1_vs_T3,longitudinal,2,Chest_to_RShoulder_rz,Chest_to_RShoulder,rz,0.0922543758007686,0.028704665187605935,-0.06354971061316267,0.17546655376604645,0.2122757596806766
671_T1_vs_T3,longitudinal,2,LFArm_to_LHand_rx,LFArm_to_LHand,rx,0.01933453057040778,0.010402042118191903,-0.008932488452215876,0.17546655376604645,0.2122757596806766
671_T1_vs_T3,longitudinal,2,LFArm_to_LHand_ry,LFArm_to_LHand,ry,0.00042286185567009306,0.0760036904374688,0.07558082858179871,0.17546655376604645,0.2122757596806766
671_T1_vs_T3,longitudinal,2,LFArm_to_LHand_rz,LFArm_to_LHand,rz,0.07241439752714082,0.22873619883746032,0.1563218013103195,0.17546655376604645,0.2122757596806766
671_T1_vs_T3,longitudinal,2,LShin_to_LFoot_rx,LShin_to_LFoot,rx,0.031284014502054466,0.02693610294108743,-0.004347911560967036,0.17546655376604645,0.2122757596806766
671_T1_vs_T3,longitudinal,2,LShin_to_LFoot_ry,LShin_to_LFoot,ry,0.030035309642940797,0.06574692346776205,0.035711613824821256,0.17546655376604645,0.2122757596806766
671_T1_vs_T3,longitudinal,2,LShin_to_LFoot_rz,LShin_to_LFoot,rz,0.014644004921230273,0.06872641297508582,0.054082408053855544,0.17546655376604645,0.2122757596806766
671_T1_vs_T3,longitudinal,2,LShoulder_to_LUArm_rx,LShoulder_to_LUArm,rx,0.0410763287617716,0.03979589229897747,-0.0012804364627941323,0.17546655376604645,0.2122757596806766
671_T1_vs_T3,longitudinal,2,LShoulder_to_LUArm_ry,LShoulder_to_LUArm,ry,0.10117968055390317,0.2127043852056526,0.11152470465174943,0.17546655376604645,0.2122757596806766
671_T1_vs_T3,longitudinal,2,LShoulder_to_LUArm_rz,LShoulder_to_LUArm,rz,0.0395941897900116,0.05855216195657215,0.018957972166560554,0.17546655376604645,0.2122757596806766
671_T1_vs_T3,longitudinal,2,LThigh_to_LShin_rx,LThigh_to_LShin,rx,0.008067179602242097,0.35460283957806127,0.34653565997581914,0.17546655376604645,0.2122757596806766
671_T1_vs_T3,longitudinal,2,LThigh_to_LShin_ry,LThigh_to_LShin,ry,6.863370958181811e-09,6.7284443444181754e-09,-1.3492661376363587e-10,0.17546655376604645,0.2122757596806766
671_T1_vs_T3,longitudinal,2,LThigh_to_LShin_rz,LThigh_to_LShin,rz,1.1423872042741816e-08,3.457866062146709e-09,-7.966005980595107e-09,0.17546655376604645,0.2122757596806766
671_T1_vs_T3,longitudinal,2,LUArm_to_LFArm_rx,LUArm_to_LFArm,rx,0.14623554935366798,0.0348801096728623,-0.11135543968080568,0.17546655376604645,0.2122757596806766
671_T1_vs_T3,longitudinal,2,LUArm_to_LFArm_ry,LUArm_to_LFArm,ry,0.12921869247956685,0.29068753669646785,0.161468844216901,0.17546655376604645,0.2122757596806766
671_T1_vs_T3,longitudinal,2,LUArm_to_LFArm_rz,LUArm_to_LFArm,rz,0.10388876011839017,0.03114603677008404,-0.07274272334830613,0.17546655376604645,0.2122757596806766
671_T1_vs_T3,longitudinal,2,Neck_to_Head_rx,Neck_to_Head,rx,0.04658066993534834,0.03787390495761049,-0.008706764977737848,0.17546655376604645,0.2122757596806766
671_T1_vs_T3,longitudinal,2,Neck_to_Head_ry,Neck_to_Head,ry,0.0009977917385963087,0.014754698898620027,0.013756907160023719,0.17546655376604645,0.2122757596806766
671_T1_vs_T3,longitudinal,2,Neck_to_Head_rz,Neck_to_Head,rz,0.022489448434490463,0.0027784628957795926,-0.01971098553871087,0.17546655376604645,0.2122757596806766
671_T1_vs_T3,longitudinal,2,RFArm_to_RHand_rx,RFArm_to_RHand,rx,0.3566346659736339,0.14824305471929752,-0.2083916112543364,0.17546655376604645,0.2122757596806766
671_T1_vs_T3,longitudinal,2,RFArm_to_RHand_ry,RFArm_to_RHand,ry,0.0737059118525861,0.036089006354072216,-0.03761690549851388,0.17546655376604645,0.2122757596806766
671_T1_vs_T3,longitudinal,2,RFArm_to_RHand_rz,RFArm_to_RHand,rz,0.8066174342424658,0.18618499468271782,-0.620432439559748,0.17546655376604645,0.2122757596806766
671_T1_vs_T3,longitudinal,2,RShin_to_RFoot_rx,RShin_to_RFoot,rx,0.024025566382037865,0.006280706753396945,-0.01774485962864092,0.17546655376604645,0.2122757596806766
671_T1_vs_T3,longitudinal,2,RShin_to_RFoot_ry,RShin_to_RFoot,ry,0.021790208454639026,0.04793704425198257,0.026146835797343546,0.17546655376604645,0.2122757596806766
671_T1_vs_T3,longitudinal,2,RShin_to_RFoot_rz,RShin_to_RFoot,rz,0.003305578849257053,0.04927155844886021,0.04596597959960316,0.17546655376604645,0.2122757596806766
671_T1_vs_T3,longitudinal,2,RShoulder_to_RUArm_rx,RShoulder_to_RUArm,rx,0.30332897228178635,0.03750825964286578,-0.2658207126389206,0.17546655376604645,0.2122757596806766
671_T1_vs_T3,longitudinal,2,RShoulder_to_RUArm_ry,RShoulder_to_RUArm,ry,0.037066894407796126,0.15952865168455177,0.12246175727675565,0.17546655376604645,0.2122757596806766
671_T1_vs_T3,longitudinal,2,RShoulder_to_RUArm_rz,RShoulder_to_RUArm,rz,0.04603906873394409,0.09739737961109318,0.051358310877149094,0.17546655376604645,0.2122757596806766
671_T1_vs_T3,longitudinal,2,RThigh_to_RShin_rx,RThigh_to_RShin,rx,0.08543378463182687,0.008010804169642095,-0.07742298046218477,0.17546655376604645,0.2122757596806766
671_T1_vs_T3,longitudinal,2,RThigh_to_RShin_ry,RThigh_to_RShin,ry,8.144058449919212e-10,1.1936096881469868e-08,1.1121691036477946e-08,0.17546655376604645,0.2122757596806766
671_T1_vs_T3,longitudinal,2,RThigh_to_RShin_rz,RThigh_to_RShin,rz,3.056653301731362e-08,7.817173864472135e-09,-2.274935915284149e-08,0.17546655376604645,0.2122757596806766
671_T1_vs_T3,longitudinal,2,RUArm_to_RFArm_rx,RUArm_to_RFArm,rx,0.056476177310752815,0.07598288236414563,0.019506705053392817,0.17546655376604645,0.2122757596806766
671_T1_vs_T3,longitudinal,2,RUArm_to_RFArm_ry,RUArm_to_RFArm,ry,0.11808463728812117,0.7447421398585804,0.6266575025704593,0.17546655376604645,0.2122757596806766
671_T1_vs_T3,longitudinal,2,RUArm_to_RFArm_rz,RUArm_to_RFArm,rz,0.04680651917550328,0.05240975499402372,0.005603235818520437,0.17546655376604645,0.2122757596806766
671_T1_vs_T3,longitudinal,3,Chest_to_LShoulder_rx,Chest_to_LShoulder,rx,0.029936010903511508,0.06693243075826044,0.036996419854748934,0.12623501272756002,0.14215985972037876
671_T1_vs_T3,longitudinal,3,Chest_to_LShoulder_ry,Chest_to_LShoulder,ry,0.01800595340563432,2.176948337443068e-05,-0.017984183922259887,0.12623501272756002,0.14215985972037876
671_T1_vs_T3,longitudinal,3,Chest_to_LShoulder_rz,Chest_to_LShoulder,rz,0.041107034083165975,0.10788356504007829,0.06677653095691231,0.12623501272756002,0.14215985972037876
671_T1_vs_T3,longitudinal,3,Chest_to_Neck_rx,Chest_to_Neck,rx,0.027386260247266488,0.04838346763147163,0.020997207384205144,0.12623501272756002,0.14215985972037876
671_T1_vs_T3,longitudinal,3,Chest_to_Neck_ry,Chest_to_Neck,ry,0.025180916384694493,0.018589172411867593,-0.0065917439728268995,0.12623501272756002,0.14215985972037876
671_T1_vs_T3,longitudinal,3,Chest_to_Neck_rz,Chest_to_Neck,rz,0.00024825564967584883,0.012202101807886698,0.01195384615821085,0.12623501272756002,0.14215985972037876
671_T1_vs_T3,longitudinal,3,Chest_to_RShoulder_rx,Chest_to_RShoulder,rx,0.046225029705466644,0.12319786836485695,0.07697283865939031,0.12623501272756002,0.14215985972037876
671_T1_vs_T3,longitudinal,3,Chest_to_RShoulder_ry,Chest_to_RShoulder,ry,0.006782275727228007,0.021827935000232803,0.015045659273004795,0.12623501272756002,0.14215985972037876
671_T1_vs_T3,longitudinal,3,Chest_to_RShoulder_rz,Chest_to_RShoulder,rz,0.028289922373412782,0.07302109745553428,0.0447311750821215,0.12623501272756002,0.14215985972037876
671_T1_vs_T3,longitudinal,3,LFArm_to_LHand_rx,LFArm_to_LHand,rx,0.012880180944931053,0.0713547050699041,0.058474524124973046,0.12623501272756002,0.14215985972037876
671_T1_vs_T3,longitudinal,3,LFArm_to_LHand_ry,LFArm_to_LHand,ry,0.0009977849988892231,0.20484505056738286,0.20384726556849364,0.12623501272756002,0.14215985972037876
671_T1_vs_T3,longitudinal,3,LFArm_to_LHand_rz,LFArm_to_LHand,rz,0.0920249464136537,0.39355591429427395,0.3015309678806202,0.12623501272756002,0.14215985972037876
671_T1_vs_T3,longitudinal,3,LShin_to_LFoot_rx,LShin_to_LFoot,rx,0.09631095989284941,0.05055681883527159,-0.045754141057577816,0.12623501272756002,0.14215985972037876
671_T1_vs_T3,longitudinal,3,LShin_to_LFoot_ry,LShin_to_LFoot,ry,0.0066833584135385015,0.025115912725797808,0.018432554312259306,0.12623501272756002,0.14215985972037876
671_T1_vs_T3,longitudinal,3,LShin_to_LFoot_rz,LShin_to_LFoot,rz,0.10980673475774541,0.08103652663201415,-0.028770208125731264,0.12623501272756002,0.14215985972037876
671_T1_vs_T3,longitudinal,3,LShoulder_to_LUArm_rx,LShoulder_to_LUArm,rx,0.0720987551172143,0.12582570041038377,0.05372694529316947,0.12623501272756002,0.14215985972037876
671_T1_vs_T3,longitudinal,3,LShoulder_to_LUArm_ry,LShoulder_to_LUArm,ry,0.14661439119680883,0.05407015639194512,-0.0925442348048637,0.12623501272756002,0.14215985972037876
671_T1_vs_T3,longitudinal,3,LShoulder_to_LUArm_rz,LShoulder_to_LUArm,rz,0.004110741374745579,0.26384069285603823,0.25972995148129263,0.12623501272756002,0.14215985972037876
671_T1_vs_T3,longitudinal,3,LThigh_to_LShin_rx,LThigh_to_LShin,rx,0.24166663283815318,0.14079712208744324,-0.10086951075070993,0.12623501272756002,0.14215985972037876
671_T1_vs_T3,longitudinal,3,LThigh_to_LShin_ry,LThigh_to_LShin,ry,2.4646596490613394e-08,2.3397319173565058e-08,-1.2492773170483355e-09,0.12623501272756002,0.14215985972037876
671_T1_vs_T3,longitudinal,3,LThigh_to_LShin_rz,LThigh_to_LShin,rz,5.260211921084457e-09,8.016375975856085e-09,2.756164054771628e-09,0.12623501272756002,0.14215985972037876
671_T1_vs_T3,longitudinal,3,LUArm_to_LFArm_rx,LUArm_to_LFArm,rx,0.058369842441694644,0.42292462716353546,0.36455478472184083,0.12623501272756002,0.14215985972037876
671_T1_vs_T3,longitudinal,3,LUArm_to_LFArm_ry,LUArm_to_LFArm,ry,0.09434470586969915,0.19196257357264995,0.0976178677029508,0.12623501272756002,0.14215985972037876
671_T1_vs_T3,longitudinal,3,LUArm_to_LFArm_rz,LUArm_to_LFArm,rz,0.015602073880942842,0.2413109478087121,0.22570887392776925,0.12623501272756002,0.14215985972037876
671_T1_vs_T3,longitudinal,3,Neck_to_Head_rx,Neck_to_Head,rx,0.027386262560970105,0.0483835234207643,0.020997260859794198,0.12623501272756002,0.14215985972037876
671_T1_vs_T3,longitudinal,3,Neck_to_Head_ry,Neck_to_Head,ry,0.025180915608778175,0.01858914600959562,-0.006591769599182555,0.12623501272756002,0.14215985972037876
671_T1_vs_T3,longitudinal,3,Neck_to_Head_rz,Neck_to_Head,rz,0.00024833415982229175,0.012202052695880984,0.011953718536058693,0.12623501272756002,0.14215985972037876
671_T1_vs_T3,longitudinal,3,RFArm_to_RHand_rx,RFArm_to_RHand,rx,0.09346926444363185,0.03733064505284062,-0.056138619390791226,0.12623501272756002,0.14215985972037876
671_T1_vs_T3,longitudinal,3,RFArm_to_RHand_ry,RFArm_to_RHand,ry,0.007152095854687991,0.05108645845488706,0.04393436260019907,0.12623501272756002,0.14215985972037876
671_T1_vs_T3,longitudinal,3,RFArm_to_RHand_rz,RFArm_to_RHand,rz,0.08189620162306943,0.019583600256739313,-0.062312601366330114,0.12623501272756002,0.14215985972037876
671_T1_vs_T3,longitudinal,3,RShin_to_RFoot_rx,RShin_to_RFoot,rx,0.14358769665914337,0.28346300078586956,0.1398753041267262,0.12623501272756002,0.14215985972037876
671_T1_vs_T3,longitudinal,3,RShin_to_RFoot_ry,RShin_to_RFoot,ry,0.0708792885874875,0.018177330729683663,-0.052701957857803836,0.12623501272756002,0.14215985972037876
671_T1_vs_T3,longitudinal,3,RShin_to_RFoot_rz,RShin_to_RFoot,rz,0.07612225222388942,0.023226495129000893,-0.05289575709488853,0.12623501272756002,0.14215985972037876
671_T1_vs_T3,longitudinal,3,RShoulder_to_RUArm_rx,RShoulder_to_RUArm,rx,0.09081829055573007,0.3588405480019073,0.26802225744617725,0.12623501272756002,0.14215985972037876
671_T1_vs_T3,longitudinal,3,RShoulder_to_RUArm_ry,RShoulder_to_RUArm,ry,0.02365276357502711,0.13332989657199204,0.10967713299696494,0.12623501272756002,0.14215985972037876
671_T1_vs_T3,longitudinal,3,RShoulder_to_RUArm_rz,RShoulder_to_RUArm,rz,0.08665342199240199,0.18085148407944932,0.09419806208704733,0.12623501272756002,0.14215985972037876
671_T1_vs_T3,longitudinal,3,RThigh_to_RShin_rx,RThigh_to_RShin,rx,0.13341265776083333,0.21090479868958675,0.07749214092875342,0.12623501272756002,0.14215985972037876
671_T1_vs_T3,longitudinal,3,RThigh_to_RShin_ry,RThigh_to_RShin,ry,1.3363539206347784e-08,5.2423456921205325e-08,3.905991771485754e-08,0.12623501272756002,0.14215985972037876
671_T1_vs_T3,longitudinal,3,RThigh_to_RShin_rz,RThigh_to_RShin,rz,2.7379101845532112e-09,7.891445479719522e-09,5.153535295166311e-09,0.12623501272756002,0.14215985972037876
671_T1_vs_T3,longitudinal,3,RUArm_to_RFArm_rx,RUArm_to_RFArm,rx,0.043657138755983024,0.14655479028671772,0.1028976515307347,0.12623501272756002,0.14215985972037876
671_T1_vs_T3,longitudinal,3,RUArm_to_RFArm_ry,RUArm_to_RFArm,ry,0.882551081294787,0.15577911905871644,-0.7267719622360705,0.12623501272756002,0.14215985972037876
671_T1_vs_T3,longitudinal,3,RUArm_to_RFArm_rz,RUArm_to_RFArm,rz,0.04256606776154293,0.09115294355830442,0.048586875796761485,0.12623501272756002,0.14215985972037876
671_T1_vs_T3,longitudinal,4,Chest_to_LShoulder_rx,Chest_to_LShoulder,rx,0.017054502345875154,0.02295553653539371,0.0059010341895185565,0.09936064775289528,0.132855176268888
671_T1_vs_T3,longitudinal,4,Chest_to_LShoulder_ry,Chest_to_LShoulder,ry,0.003292606331692586,0.02637141980079763,0.023078813469105043,0.09936064775289528,0.132855176268888
671_T1_vs_T3,longitudinal,4,Chest_to_LShoulder_rz,Chest_to_LShoulder,rz,0.010969741836289352,0.004804730198523537,-0.006165011637765815,0.09936064775289528,0.132855176268888
671_T1_vs_T3,longitudinal,4,Chest_to_Neck_rx,Chest_to_Neck,rx,0.06980691283759609,0.030057352349812383,-0.039749560487783706,0.09936064775289528,0.132855176268888
671_T1_vs_T3,longitudinal,4,Chest_to_Neck_ry,Chest_to_Neck,ry,0.03842875817444256,0.030108928549763728,-0.00831982962467883,0.09936064775289528,0.132855176268888
671_T1_vs_T3,longitudinal,4,Chest_to_Neck_rz,Chest_to_Neck,rz,0.0011147662618927578,0.016301904436708037,0.01518713817481528,0.09936064775289528,0.132855176268888
671_T1_vs_T3,longitudinal,4,Chest_to_RShoulder_rx,Chest_to_RShoulder,rx,0.05703038891448784,0.033372784277579885,-0.023657604636907956,0.09936064775289528,0.132855176268888
671_T1_vs_T3,longitudinal,4,Chest_to_RShoulder_ry,Chest_to_RShoulder,ry,0.016582953946152224,0.015035950204300118,-0.0015470037418521057,0.09936064775289528,0.132855176268888
671_T1_vs_T3,longitudinal,4,Chest_to_RShoulder_rz,Chest_to_RShoulder,rz,0.06964477423966539,0.050885790091721325,-0.018758984147944066,0.09936064775289528,0.132855176268888
671_T1_vs_T3,longitudinal,4,LFArm_to_LHand_rx,LFArm_to_LHand,rx,0.0024389898196066797,0.074127630529208,0.07168864070960132,0.09936064775289528,0.132855176268888
671_T1_vs_T3,longitudinal,4,LFArm_to_LHand_ry,LFArm_to_LHand,ry,0.0010149177292476331,0.02704057067411302,0.026025652944865387,0.09936064775289528,0.132855176268888
671_T1_vs_T3,longitudinal,4,LFArm_to_LHand_rz,LFArm_to_LHand,rz,0.06659141342081369,0.23565754220562027,0.1690661287848066,0.09936064775289528,0.132855176268888
671_T1_vs_T3,longitudinal,4,LShin_to_LFoot_rx,LShin_to_LFoot,rx,0.1322261719790213,0.04829978727792343,-0.08392638470109788,0.09936064775289528,0.132855176268888
671_T1_vs_T3,longitudinal,4,LShin_to_LFoot_ry,LShin_to_LFoot,ry,0.1084197543591002,0.1450925993151663,0.0366728449560661,0.09936064775289528,0.132855176268888
671_T1_vs_T3,longitudinal,4,LShin_to_LFoot_rz,LShin_to_LFoot,rz,0.21776457104351543,0.03457510298464225,-0.18318946805887318,0.09936064775289528,0.132855176268888
671_T1_vs_T3,longitudinal,4,LShoulder_to_LUArm_rx,LShoulder_to_LUArm,rx,0.03037268538401662,0.11847331139982284,0.08810062601580622,0.09936064775289528,0.132855176268888
671_T1_vs_T3,longitudinal,4,LShoulder_to_LUArm_ry,LShoulder_to_LUArm,ry,0.10231969397084763,0.2680132505929386,0.165693556622091,0.09936064775289528,0.132855176268888
671_T1_vs_T3,longitudinal,4,LShoulder_to_LUArm_rz,LShoulder_to_LUArm,rz,0.03217957972382897,0.001133347712441268,-0.0310462320113877,0.09936064775289528,0.132855176268888
671_T1_vs_T3,longitudinal,4,LThigh_to_LShin_rx,LThigh_to_LShin,rx,0.7280551955490429,0.27389804068376516,-0.4541571548652777,0.09936064775289528,0.132855176268888
671_T1_vs_T3,longitudinal,4,LThigh_to_LShin_ry,LThigh_to_LShin,ry,2.4163889732397425e-09,2.3897614244280996e-08,2.1481225271041253e-08,0.09936064775289528,0.132855176268888
671_T1_vs_T3,longitudinal,4,LThigh_to_LShin_rz,LThigh_to_LShin,rz,1.0226457057527622e-09,9.33798431560782e-09,8.315338609855057e-09,0.09936064775289528,0.132855176268888
671_T1_vs_T3,longitudinal,4,LUArm_to_LFArm_rx,LUArm_to_LFArm,rx,0.11536223841190511,0.08392151363797241,-0.0314407247739327,0.09936064775289528,0.132855176268888
671_T1_vs_T3,longitudinal,4,LUArm_to_LFArm_ry,LUArm_to_LFArm,ry,0.2463785296832509,0.5049350539694096,0.2585565242861587,0.09936064775289528,0.132855176268888
671_T1_vs_T3,longitudinal,4,LUArm_to_LFArm_rz,LUArm_to_LFArm,rz,0.08348445462852434,0.13372838928726777,0.050243934658743425,0.09936064775289528,0.132855176268888
671_T1_vs_T3,longitudinal,4,Neck_to_Head_rx,Neck_to_Head,rx,0.06980687179643258,0.03005735986327529,-0.03974951193315729,0.09936064775289528,0.132855176268888
671_T1_vs_T3,longitudinal,4,Neck_to_Head_ry,Neck_to_Head,ry,0.038428745760922645,0.030108973404010433,-0.008319772356912211,0.09936064775289528,0.132855176268888
671_T1_vs_T3,longitudinal,4,Neck_to_Head_rz,Neck_to_Head,rz,0.001114739839944515,0.01630193212971639,0.015187192289771874,0.09936064775289528,0.132855176268888
671_T1_vs_T3,longitudinal,4,RFArm_to_RHand_rx,RFArm_to_RHand,rx,0.026901719616206216,0.23722262203916167,0.21032090242295545,0.09936064775289528,0.132855176268888
671_T1_vs_T3,longitudinal,4,RFArm_to_RHand_ry,RFArm_to_RHand,ry,0.01017012121269708,0.10815542142732072,0.09798530021462365,0.09936064775289528,0.132855176268888
671_T1_vs_T3,longitudinal,4,RFArm_to_RHand_rz,RFArm_to_RHand,rz,0.04721023076814976,0.3390698154104421,0.29185958464229234,0.09936064775289528,0.132855176268888
671_T1_vs_T3,longitudinal,4,RShin_to_RFoot_rx,RShin_to_RFoot,rx,0.2714355810439467,0.10247695253397954,-0.16895862850996718,0.09936064775289528,0.132855176268888
671_T1_vs_T3,longitudinal,4,RShin_to_RFoot_ry,RShin_to_RFoot,ry,0.11615002102213813,0.07704024749139364,-0.03910977353074449,0.09936064775289528,0.132855176268888
671_T1_vs_T3,longitudinal,4,RShin_to_RFoot_rz,RShin_to_RFoot,rz,0.1335775444583335,0.042788873171713204,-0.0907886712866203,0.09936064775289528,0.132855176268888
671_T1_vs_T3,longitudinal,4,RShoulder_to_RUArm_rx,RShoulder_to_RUArm,rx,0.12191993538928728,0.012164043760386146,-0.10975589162890113,0.09936064775289528,0.132855176268888
671_T1_vs_T3,longitudinal,4,RShoulder_to_RUArm_ry,RShoulder_to_RUArm,ry,0.12189869845576436,0.030059176059157984,-0.09183952239660637,0.09936064775289528,0.132855176268888
671_T1_vs_T3,longitudinal,4,RShoulder_to_RUArm_rz,RShoulder_to_RUArm,rz,0.1543026656700256,0.09604819122418407,-0.05825447444584153,0.09936064775289528,0.132855176268888
671_T1_vs_T3,longitudinal,4,RThigh_to_RShin_rx,RThigh_to_RShin,rx,0.04479408168453863,0.06578834782274953,0.020994266138210906,0.09936064775289528,0.132855176268888
671_T1_vs_T3,longitudinal,4,RThigh_to_RShin_ry,RThigh_to_RShin,ry,4.975481790040697e-09,1.1528329856423981e-08,6.552848066383284e-09,0.09936064775289528,0.132855176268888
671_T1_vs_T3,longitudinal,4,RThigh_to_RShin_rz,RThigh_to_RShin,rz,1.30064235923751e-08,2.2005250106598237e-08,8.998826514223137e-09,0.09936064775289528,0.132855176268888
671_T1_vs_T3,longitudinal,4,RUArm_to_RFArm_rx,RUArm_to_RFArm,rx,0.1758141866585149,0.23641067085563594,0.06059648419712105,0.09936064775289528,0.132855176268888
671_T1_vs_T3,longitudinal,4,RUArm_to_RFArm_ry,RUArm_to_RFArm,ry,0.2589808081491632,0.41827523277728035,0.15929442462811716,0.09936064775289528,0.132855176268888
671_T1_vs_T3,longitudinal,4,RUArm_to_RFArm_rz,RUArm_to_RFArm,rz,0.11106849333238607,0.13000748625391845,0.01893899292153238,0.09936064775289528,0.132855176268888
671_T1_vs_T3,longitudinal,5,Chest_to_LShoulder_rx,Chest_to_LShoulder,rx,0.11618239924067959,0.07464478213670574,-0.041537617103973856,0.06636833902285189,0.09794850283798485
671_T1_vs_T3,longitudinal,5,Chest_to_LShoulder_ry,Chest_to_LShoulder,ry,0.04373906138196069,0.004844829565990923,-0.038894231815969765,0.06636833902285189,0.09794850283798485
671_T1_vs_T3,longitudinal,5,Chest_to_LShoulder_rz,Chest_to_LShoulder,rz,0.06623931735785349,0.03989602557661292,-0.02634329178124057,0.06636833902285189,0.09794850283798485
671_T1_vs_T3,longitudinal,5,Chest_to_Neck_rx,Chest_to_Neck,rx,0.05858455260344908,0.07114286260303009,0.012558309999581005,0.06636833902285189,0.09794850283798485
671_T1_vs_T3,longitudinal,5,Chest_to_Neck_ry,Chest_to_Neck,ry,0.030629570035424724,0.010895134680779005,-0.019734435354645717,0.06636833902285189,0.09794850283798485
671_T1_vs_T3,longitudinal,5,Chest_to_Neck_rz,Chest_to_Neck,rz,0.005088273943865685,0.0007324548740633395,-0.004355819069802346,0.06636833902285189,0.09794850283798485
671_T1_vs_T3,longitudinal,5,Chest_to_RShoulder_rx,Chest_to_RShoulder,rx,0.07448227840169375,0.010613728893456423,-0.06386854950823732,0.06636833902285189,0.09794850283798485
671_T1_vs_T3,longitudinal,5,Chest_to_RShoulder_ry,Chest_to_RShoulder,ry,0.049829928525143584,0.011028119590656933,-0.03880180893448665,0.06636833902285189,0.09794850283798485
671_T1_vs_T3,longitudinal,5,Chest_to_RShoulder_rz,Chest_to_RShoulder,rz,0.014937359928068142,0.10491187425009786,0.08997451432202971,0.06636833902285189,0.09794850283798485
671_T1_vs_T3,longitudinal,5,LFArm_to_LHand_rx,LFArm_to_LHand,rx,0.25980556598694976,0.07560980826542398,-0.1841957577215258,0.06636833902285189,0.09794850283798485
671_T1_vs_T3,longitudinal,5,LFArm_to_LHand_ry,LFArm_to_LHand,ry,0.05548572801457559,0.02022181160232619,-0.035263916412249394,0.06636833902285189,0.09794850283798485
671_T1_vs_T3,longitudinal,5,LFArm_to_LHand_rz,LFArm_to_LHand,rz,0.5531603484724067,0.17898515761816064,-0.37417519085424605,0.06636833902285189,0.09794850283798485
671_T1_vs_T3,longitudinal,5,LShin_to_LFoot_rx,LShin_to_LFoot,rx,0.029359505905788424,0.13014835934390503,0.10078885343811661,0.06636833902285189,0.09794850283798485
671_T1_vs_T3,longitudinal,5,LShin_to_LFoot_ry,LShin_to_LFoot,ry,0.11848878146653533,0.026509681425164352,-0.09197910004137097,0.06636833902285189,0.09794850283798485
671_T1_vs_T3,longitudinal,5,LShin_to_LFoot_rz,LShin_to_LFoot,rz,0.10403515595442253,0.11150855229899183,0.007473396344569297,0.06636833902285189,0.09794850283798485
671_T1_vs_T3,longitudinal,5,LShoulder_to_LUArm_rx,LShoulder_to_LUArm,rx,0.3142013635923485,0.18182403677424905,-0.13237732681809947,0.06636833902285189,0.09794850283798485
671_T1_vs_T3,longitudinal,5,LShoulder_to_LUArm_ry,LShoulder_to_LUArm,ry,0.010291049558461721,0.021081825929886434,0.010790776371424712,0.06636833902285189,0.09794850283798485
671_T1_vs_T3,longitudinal,5,LShoulder_to_LUArm_rz,LShoulder_to_LUArm,rz,0.06836737619894032,0.07105694616030436,0.0026895699613640467,0.06636833902285189,0.09794850283798485
671_T1_vs_T3,longitudinal,5,LThigh_to_LShin_rx,LThigh_to_LShin,rx,0.1691013949992673,0.20399817343569615,0.034896778436428855,0.06636833902285189,0.09794850283798485
671_T1_vs_T3,longitudinal,5,LThigh_to_LShin_ry,LThigh_to_LShin,ry,1.9535952038616326e-08,3.682378839072717e-08,1.7287836352110845e-08,0.06636833902285189,0.09794850283798485
671_T1_vs_T3,longitudinal,5,LThigh_to_LShin_rz,LThigh_to_LShin,rz,1.7626566563071223e-08,6.332203040410993e-09,-1.129436352266023e-08,0.06636833902285189,0.09794850283798485
671_T1_vs_T3,longitudinal,5,LUArm_to_LFArm_rx,LUArm_to_LFArm,rx,0.18189551204149082,0.03120899069172849,-0.15068652134976232,0.06636833902285189,0.09794850283798485
671_T1_vs_T3,longitudinal,5,LUArm_to_LFArm_ry,LUArm_to_LFArm,ry,0.4159836713654369,0.40668423695366224,-0.009299434411774665,0.06636833902285189,0.09794850283798485
671_T1_vs_T3,longitudinal,5,LUArm_to_LFArm_rz,LUArm_to_LFArm,rz,0.14007392487175754,0.05996809619295713,-0.08010582867880042,0.06636833902285189,0.09794850283798485
671_T1_vs_T3,longitudinal,5,Neck_to_Head_rx,Neck_to_Head,rx,0.058584581160739564,0.07114288604139496,0.012558304880655395,0.06636833902285189,0.09794850283798485
671_T1_vs_T3,longitudinal,5,Neck_to_Head_ry,Neck_to_Head,ry,0.03062960757606862,0.010895141236996348,-0.01973446633907227,0.06636833902285189,0.09794850283798485
671_T1_vs_T3,longitudinal,5,Neck_to_Head_rz,Neck_to_Head,rz,0.005088283079416686,0.0007324927300490751,-0.00435579034936761,0.06636833902285189,0.09794850283798485
671_T1_vs_T3,longitudinal,5,RFArm_to_RHand_rx,RFArm_to_RHand,rx,0.003697144677791368,0.27332457011287226,0.2696274254350809,0.06636833902285189,0.09794850283798485
671_T1_vs_T3,longitudinal,5,RFArm_to_RHand_ry,RFArm_to_RHand,ry,0.09416469131969103,0.170342452898446,0.07617776157875496,0.06636833902285189,0.09794850283798485
671_T1_vs_T3,longitudinal,5,RFArm_to_RHand_rz,RFArm_to_RHand,rz,0.08836211304663703,0.4993422740572667,0.4109801610106297,0.06636833902285189,0.09794850283798485
671_T1_vs_T3,longitudinal,5,RShin_to_RFoot_rx,RShin_to_RFoot,rx,0.06916953275719015,0.1005564580588066,0.03138692530161645,0.06636833902285189,0.09794850283798485
671_T1_vs_T3,longitudinal,5,RShin_to_RFoot_ry,RShin_to_RFoot,ry,0.12707929665012332,0.05483634180239508,-0.07224295484772825,0.06636833902285189,0.09794850283798485
671_T1_vs_T3,longitudinal,5,RShin_to_RFoot_rz,RShin_to_RFoot,rz,0.04881080933360428,0.022739369239392935,-0.026071440094211345,0.06636833902285189,0.09794850283798485
671_T1_vs_T3,longitudinal,5,RShoulder_to_RUArm_rx,RShoulder_to_RUArm,rx,0.2208846961363791,0.11605271385020484,-0.10483198228617426,0.06636833902285189,0.09794850283798485
671_T1_vs_T3,longitudinal,5,RShoulder_to_RUArm_ry,RShoulder_to_RUArm,ry,0.27852117303798546,0.07344621230499905,-0.20507496073298642,0.06636833902285189,0.09794850283798485
671_T1_vs_T3,longitudinal,5,RShoulder_to_RUArm_rz,RShoulder_to_RUArm,rz,0.07509201946800215,0.09578604284507837,0.020694023377076223,0.06636833902285189,0.09794850283798485
671_T1_vs_T3,longitudinal,5,RThigh_to_RShin_rx,RThigh_to_RShin,rx,0.033907992122717154,0.04423382412179516,0.010325831999078008,0.06636833902285189,0.09794850283798485
671_T1_vs_T3,longitudinal,5,RThigh_to_RShin_ry,RThigh_to_RShin,ry,9.424304975907137e-09,3.3191093648834462e-09,-6.105195611023691e-09,0.06636833902285189,0.09794850283798485
671_T1_vs_T3,longitudinal,5,RThigh_to_RShin_rz,RThigh_to_RShin,rz,1.6330905043792614e-08,1.531692625988765e-08,-1.013978783904966e-09,0.06636833902285189,0.09794850283798485
671_T1_vs_T3,longitudinal,5,RUArm_to_RFArm_rx,RUArm_to_RFArm,rx,0.06239048680310887,0.3000811629042528,0.23769067610114392,0.06636833902285189,0.09794850283798485
671_T1_vs_T3,longitudinal,5,RUArm_to_RFArm_ry,RUArm_to_RFArm,ry,0.15065263673889953,0.3397558200590967,0.18910318332019718,0.06636833902285189,0.09794850283798485
671_T1_vs_T3,longitudinal,5,RUArm_to_RFArm_rz,RUArm_to_RFArm,rz,0.05720966499540214,0.22508878910503144,0.1678791241096293,0.06636833902285189,0.09794850283798485
671_T1_vs_T3,longitudinal,6,Chest_to_LShoulder_rx,Chest_to_LShoulder,rx,0.010639776943912166,0.006372036132632779,-0.0042677408112793865,0.04699694790918689,0.09182764351863391
671_T1_vs_T3,longitudinal,6,Chest_to_LShoulder_ry,Chest_to_LShoulder,ry,0.0742199947686958,0.056676552224933514,-0.017543442543762285,0.04699694790918689,0.09182764351863391
671_T1_vs_T3,longitudinal,6,Chest_to_LShoulder_rz,Chest_to_LShoulder,rz,0.046324341894522995,0.08196410687423986,0.03563976497971686,0.04699694790918689,0.09182764351863391
671_T1_vs_T3,longitudinal,6,Chest_to_Neck_rx,Chest_to_Neck,rx,0.11851183680115762,0.06500863851808007,-0.05350319828307755,0.04699694790918689,0.09182764351863391
671_T1_vs_T3,longitudinal,6,Chest_to_Neck_ry,Chest_to_Neck,ry,0.024588219796749522,0.0960016138457051,0.07141339404895558,0.04699694790918689,0.09182764351863391
671_T1_vs_T3,longitudinal,6,Chest_to_Neck_rz,Chest_to_Neck,rz,0.021320902754655594,0.017615087580526774,-0.00370581517412882,0.04699694790918689,0.09182764351863391
671_T1_vs_T3,longitudinal,6,Chest_to_RShoulder_rx,Chest_to_RShoulder,rx,0.02983631197333332,0.04897343405611313,0.01913712208277981,0.04699694790918689,0.09182764351863391
671_T1_vs_T3,longitudinal,6,Chest_to_RShoulder_ry,Chest_to_RShoulder,ry,0.061548684871454866,0.0013727026109861065,-0.06017598226046876,0.04699694790918689,0.09182764351863391
671_T1_vs_T3,longitudinal,6,Chest_to_RShoulder_rz,Chest_to_RShoulder,rz,0.1515122546876191,0.050602030191185005,-0.10091022449643411,0.04699694790918689,0.09182764351863391
671_T1_vs_T3,longitudinal,6,LFArm_to_LHand_rx,LFArm_to_LHand,rx,0.08092715598044924,0.012537207206626662,-0.06838994877382257,0.04699694790918689,0.09182764351863391
671_T1_vs_T3,longitudinal,6,LFArm_to_LHand_ry,LFArm_to_LHand,ry,0.07601192880193333,0.07492338398559352,-0.001088544816339812,0.04699694790918689,0.09182764351863391
671_T1_vs_T3,longitudinal,6,LFArm_to_LHand_rz,LFArm_to_LHand,rz,0.2497250183965309,0.007028323987143372,-0.24269669440938754,0.04699694790918689,0.09182764351863391
671_T1_vs_T3,longitudinal,6,LShin_to_LFoot_rx,LShin_to_LFoot,rx,0.008199762957588766,0.11080804686616713,0.10260828390857836,0.04699694790918689,0.09182764351863391
671_T1_vs_T3,longitudinal,6,LShin_to_LFoot_ry,LShin_to_LFoot,ry,0.045426875470397365,0.00749001867177901,-0.03793685679861836,0.04699694790918689,0.09182764351863391
671_T1_vs_T3,longitudinal,6,LShin_to_LFoot_rz,LShin_to_LFoot,rz,0.019825848963877627,0.22408321800758596,0.20425736904370834,0.04699694790918689,0.09182764351863391
671_T1_vs_T3,longitudinal,6,LShoulder_to_LUArm_rx,LShoulder_to_LUArm,rx,0.07311039038372852,0.040099027339929344,-0.033011363043799175,0.04699694790918689,0.09182764351863391
671_T1_vs_T3,longitudinal,6,LShoulder_to_LUArm_ry,LShoulder_to_LUArm,ry,0.3113516864017395,0.3759688332282089,0.06461714682646941,0.04699694790918689,0.09182764351863391
671_T1_vs_T3,longitudinal,6,LShoulder_to_LUArm_rz,LShoulder_to_LUArm,rz,0.07842634244666127,0.08345396257588135,0.005027620129220076,0.04699694790918689,0.09182764351863391
671_T1_vs_T3,longitudinal,6,LThigh_to_LShin_rx,LThigh_to_LShin,rx,0.23971181596955418,0.6069535639502144,0.3672417479806602,0.04699694790918689,0.09182764351863391
671_T1_vs_T3,longitudinal,6,LThigh_to_LShin_ry,LThigh_to_LShin,ry,3.643660189206248e-08,2.694554038716252e-08,-9.491061504899963e-09,0.04699694790918689,0.09182764351863391
671_T1_vs_T3,longitudinal,6,LThigh_to_LShin_rz,LThigh_to_LShin,rz,2.387577935051114e-08,1.1212668118000075e-08,-1.2663111232511066e-08,0.04699694790918689,0.09182764351863391
671_T1_vs_T3,longitudinal,6,LUArm_to_LFArm_rx,LUArm_to_LFArm,rx,0.19177401669502636,0.10555771125072318,-0.08621630544430318,0.04699694790918689,0.09182764351863391
671_T1_vs_T3,longitudinal,6,LUArm_to_LFArm_ry,LUArm_to_LFArm,ry,0.1527104408621246,0.3421967032677721,0.18948626240564748,0.04699694790918689,0.09182764351863391
671_T1_vs_T3,longitudinal,6,LUArm_to_LFArm_rz,LUArm_to_LFArm,rz,0.1465708968787184,0.09813778918684016,-0.04843310769187825,0.04699694790918689,0.09182764351863391
671_T1_vs_T3,longitudinal,6,Neck_to_Head_rx,Neck_to_Head,rx,0.11851189790173577,0.06500859283282356,-0.05350330506891221,0.04699694790918689,0.09182764351863391
671_T1_vs_T3,longitudinal,6,Neck_to_Head_ry,Neck_to_Head,ry,0.0245882062213715,0.09600163078280477,0.07141342456143326,0.04699694790918689,0.09182764351863391
671_T1_vs_T3,longitudinal,6,Neck_to_Head_rz,Neck_to_Head,rz,0.021320874200220587,0.017615069065365058,-0.003705805134855529,0.04699694790918689,0.09182764351863391
671_T1_vs_T3,longitudinal,6,RFArm_to_RHand_rx,RFArm_to_RHand,rx,0.04872789813000446,0.025968457687239033,-0.022759440442765424,0.04699694790918689,0.09182764351863391
671_T1_vs_T3,longitudinal,6,RFArm_to_RHand_ry,RFArm_to_RHand,ry,0.09679028897986308,0.0051883985097608614,-0.09160189047010223,0.04699694790918689,0.09182764351863391
671_T1_vs_T3,longitudinal,6,RFArm_to_RHand_rz,RFArm_to_RHand,rz,0.10693028449236083,0.04288478171927476,-0.06404550277308607,0.04699694790918689,0.09182764351863391
671_T1_vs_T3,longitudinal,6,RShin_to_RFoot_rx,RShin_to_RFoot,rx,0.22379049915434207,0.24715054297249375,0.023360043818151682,0.04699694790918689,0.09182764351863391
671_T1_vs_T3,longitudinal,6,RShin_to_RFoot_ry,RShin_to_RFoot,ry,0.042516513509303216,0.06881206655518474,0.02629555304588152,0.04699694790918689,0.09182764351863391
671_T1_vs_T3,longitudinal,6,RShin_to_RFoot_rz,RShin_to_RFoot,rz,0.09910783239749639,0.18989540725117515,0.09078757485367876,0.04699694790918689,0.09182764351863391
671_T1_vs_T3,longitudinal,6,RShoulder_to_RUArm_rx,RShoulder_to_RUArm,rx,0.09628583165136356,0.11077733085603904,0.014491499204675476,0.04699694790918689,0.09182764351863391
671_T1_vs_T3,longitudinal,6,RShoulder_to_RUArm_ry,RShoulder_to_RUArm,ry,0.31764677328480145,0.06108251215882876,-0.2565642611259727,0.04699694790918689,0.09182764351863391
671_T1_vs_T3,longitudinal,6,RShoulder_to_RUArm_rz,RShoulder_to_RUArm,rz,0.17534934083325227,0.012469060777346273,-0.162880280055906,0.04699694790918689,0.09182764351863391
671_T1_vs_T3,longitudinal,6,RThigh_to_RShin_rx,RThigh_to_RShin,rx,0.3189177498313137,0.29242663520350015,-0.02649111462781356,0.04699694790918689,0.09182764351863391
671_T1_vs_T3,longitudinal,6,RThigh_to_RShin_ry,RThigh_to_RShin,ry,1.381004636737676e-09,4.310504862006454e-08,4.172404398332687e-08,0.04699694790918689,0.09182764351863391
671_T1_vs_T3,longitudinal,6,RThigh_to_RShin_rz,RThigh_to_RShin,rz,3.016823699424789e-09,1.0028995580349686e-08,7.012171880924898e-09,0.04699694790918689,0.09182764351863391
671_T1_vs_T3,longitudinal,6,RUArm_to_RFArm_rx,RUArm_to_RFArm,rx,0.43184062845384996,0.07245439420097928,-0.3593862342528707,0.04699694790918689,0.09182764351863391
671_T1_vs_T3,longitudinal,6,RUArm_to_RFArm_ry,RUArm_to_RFArm,ry,0.011717440402632956,0.12842307090249083,0.11670563049985788,0.04699694790918689,0.09182764351863391
671_T1_vs_T3,longitudinal,6,RUArm_to_RFArm_rz,RUArm_to_RFArm,rz,0.3091255637908668,0.07191908618634563,-0.23720647760452118,0.04699694790918689,0.09182764351863391
671_T1_vs_T3,longitudinal,7,Chest_to_LShoulder_rx,Chest_to_LShoulder,rx,0.03456992845430229,0.07257684057832522,0.038006912124022935,0.04139633557116582,0.05360065213391825
671_T1_vs_T3,longitudinal,7,Chest_to_LShoulder_ry,Chest_to_LShoulder,ry,0.10307481618472782,0.1231583041255501,0.02008348794082228,0.04139633557116582,0.05360065213391825
671_T1_vs_T3,longitudinal,7,Chest_to_LShoulder_rz,Chest_to_LShoulder,rz,0.04509725414908901,0.08143356826054643,0.03633631411145742,0.04139633557116582,0.05360065213391825
671_T1_vs_T3,longitudinal,7,Chest_to_Neck_rx,Chest_to_Neck,rx,0.04188939515924005,0.0999802405365264,0.05809084537728636,0.04139633557116582,0.05360065213391825
671_T1_vs_T3,longitudinal,7,Chest_to_Neck_ry,Chest_to_Neck,ry,0.08244290023106511,0.01420426467216976,-0.06823863555889535,0.04139633557116582,0.05360065213391825
671_T1_vs_T3,longitudinal,7,Chest_to_Neck_rz,Chest_to_Neck,rz,0.006399794094852105,0.01695886102109253,0.010559066926240424,0.04139633557116582,0.05360065213391825
671_T1_vs_T3,longitudinal,7,Chest_to_RShoulder_rx,Chest_to_RShoulder,rx,0.1406824818734794,0.028448190547419795,-0.11223429132605961,0.04139633557116582,0.05360065213391825
671_T1_vs_T3,longitudinal,7,Chest_to_RShoulder_ry,Chest_to_RShoulder,ry,0.051385334670536215,0.10379141342959985,0.05240607875906364,0.04139633557116582,0.05360065213391825
671_T1_vs_T3,longitudinal,7,Chest_to_RShoulder_rz,Chest_to_RShoulder,rz,0.004030451969313667,0.041770402186093,0.03773995021677933,0.04139633557116582,0.05360065213391825
671_T1_vs_T3,longitudinal,7,LFArm_to_LHand_rx,LFArm_to_LHand,rx,0.02901699413072984,0.15136080859177428,0.12234381446104445,0.04139633557116582,0.05360065213391825
671_T1_vs_T3,longitudinal,7,LFArm_to_LHand_ry,LFArm_to_LHand,ry,0.14133902512997523,0.04368989499557257,-0.09764913013440266,0.04139633557116582,0.05360065213391825
671_T1_vs_T3,longitudinal,7,LFArm_to_LHand_rz,LFArm_to_LHand,rz,0.1549815957420524,0.2757632723310789,0.1207816765890265,0.04139633557116582,0.05360065213391825
671_T1_vs_T3,longitudinal,7,LShin_to_LFoot_rx,LShin_to_LFoot,rx,0.060623464943524455,0.06300948461413569,0.0023860196706112363,0.04139633557116582,0.05360065213391825
671_T1_vs_T3,longitudinal,7,LShin_to_LFoot_ry,LShin_to_LFoot,ry,0.05749228596851838,0.044387593343396856,-0.013104692625121525,0.04139633557116582,0.05360065213391825
671_T1_vs_T3,longitudinal,7,LShin_to_LFoot_rz,LShin_to_LFoot,rz,0.08026027501476476,0.025871455318960717,-0.054388819695804044,0.04139633557116582,0.05360065213391825
671_T1_vs_T3,longitudinal,7,LShoulder_to_LUArm_rx,LShoulder_to_LUArm,rx,0.02690072955227275,0.12519859805407305,0.09829786850180029,0.04139633557116582,0.05360065213391825
671_T1_vs_T3,longitudinal,7,LShoulder_to_LUArm_ry,LShoulder_to_LUArm,ry,0.5761151225921529,0.47524080694199855,-0.10087431565015437,0.04139633557116582,0.05360065213391825
671_T1_vs_T3,longitudinal,7,LShoulder_to_LUArm_rz,LShoulder_to_LUArm,rz,0.13479176541657867,0.00785148295511464,-0.12694028246146402,0.04139633557116582,0.05360065213391825
671_T1_vs_T3,longitudinal,7,LThigh_to_LShin_rx,LThigh_to_LShin,rx,0.10259596362748243,0.16887806651409276,0.06628210288661034,0.04139633557116582,0.05360065213391825
671_T1_vs_T3,longitudinal,7,LThigh_to_LShin_ry,LThigh_to_LShin,ry,4.6480285225447346e-08,6.412652861315009e-09,-4.006763236413234e-08,0.04139633557116582,0.05360065213391825
671_T1_vs_T3,longitudinal,7,LThigh_to_LShin_rz,LThigh_to_LShin,rz,2.0168844998775035e-08,2.1989860224268366e-08,1.821015225493331e-09,0.04139633557116582,0.05360065213391825
671_T1_vs_T3,longitudinal,7,LUArm_to_LFArm_rx,LUArm_to_LFArm,rx,0.11464147554863649,0.3059822299629542,0.19134075441431772,0.04139633557116582,0.05360065213391825
671_T1_vs_T3,longitudinal,7,LUArm_to_LFArm_ry,LUArm_to_LFArm,ry,0.014099240117926893,0.2761007289144946,0.2620014887965677,0.04139633557116582,0.05360065213391825
671_T1_vs_T3,longitudinal,7,LUArm_to_LFArm_rz,LUArm_to_LFArm,rz,0.10312785474715326,0.19046828618607886,0.0873404314389256,0.04139633557116582,0.05360065213391825
671_T1_vs_T3,longitudinal,7,Neck_to_Head_rx,Neck_to_Head,rx,0.04188934334035714,0.09998026748295008,0.05809092414259294,0.04139633557116582,0.05360065213391825
671_T1_vs_T3,longitudinal,7,Neck_to_Head_ry,Neck_to_Head,ry,0.08244290794886136,0.014204252339884893,-0.06823865560897646,0.04139633557116582,0.05360065213391825
671_T1_vs_T3,longitudinal,7,Neck_to_Head_rz,Neck_to_Head,rz,0.006399784467431497,0.016958851925657138,0.010559067458225642,0.04139633557116582,0.05360065213391825
671_T1_vs_T3,longitudinal,7,RFArm_to_RHand_rx,RFArm_to_RHand,rx,0.12965381289137612,0.0017034749449699007,-0.12795033794640623,0.04139633557116582,0.05360065213391825
671_T1_vs_T3,longitudinal,7,RFArm_to_RHand_ry,RFArm_to_RHand,ry,0.18380652434120698,0.1733202206996278,-0.010486303641579181,0.04139633557116582,0.05360065213391825
671_T1_vs_T3,longitudinal,7,RFArm_to_RHand_rz,RFArm_to_RHand,rz,0.06842905909924696,0.07370278091802318,0.0052737218187762225,0.04139633557116582,0.05360065213391825
671_T1_vs_T3,longitudinal,7,RShin_to_RFoot_rx,RShin_to_RFoot,rx,0.022005514541628975,0.16009482659347318,0.13808931205184422,0.04139633557116582,0.05360065213391825
671_T1_vs_T3,longitudinal,7,RShin_to_RFoot_ry,RShin_to_RFoot,ry,0.07155515997229361,0.16751046748829634,0.09595530751600273,0.04139633557116582,0.05360065213391825
671_T1_vs_T3,longitudinal,7,RShin_to_RFoot_rz,RShin_to_RFoot,rz,0.14874479852936726,0.11202938127812025,-0.03671541725124701,0.04139633557116582,0.05360065213391825
671_T1_vs_T3,longitudinal,7,RShoulder_to_RUArm_rx,RShoulder_to_RUArm,rx,0.30916098319383384,0.0003175181473706252,-0.3088434650464632,0.04139633557116582,0.05360065213391825
671_T1_vs_T3,longitudinal,7,RShoulder_to_RUArm_ry,RShoulder_to_RUArm,ry,0.05491804611495493,0.3704040139426845,0.3154859678277296,0.04139633557116582,0.05360065213391825
671_T1_vs_T3,longitudinal,7,RShoulder_to_RUArm_rz,RShoulder_to_RUArm,rz,0.09440419870585438,0.06471916392994133,-0.029685034775913055,0.04139633557116582,0.05360065213391825
671_T1_vs_T3,longitudinal,7,RThigh_to_RShin_rx,RThigh_to_RShin,rx,0.39160731868205806,0.21545903946701395,-0.1761482792150441,0.04139633557116582,0.05360065213391825
671_T1_vs_T3,longitudinal,7,RThigh_to_RShin_ry,RThigh_to_RShin,ry,7.173394867131687e-08,3.350788309289504e-08,-3.822606557842183e-08,0.04139633557116582,0.05360065213391825
671_T1_vs_T3,longitudinal,7,RThigh_to_RShin_rz,RThigh_to_RShin,rz,1.2204658936359738e-08,2.1512087873871728e-08,9.30742893751199e-09,0.04139633557116582,0.05360065213391825
671_T1_vs_T3,longitudinal,7,RUArm_to_RFArm_rx,RUArm_to_RFArm,rx,0.27181173948921655,0.1825211225061211,-0.08929061698309546,0.04139633557116582,0.05360065213391825
671_T1_vs_T3,longitudinal,7,RUArm_to_RFArm_ry,RUArm_to_RFArm,ry,0.2520889176713575,0.1428021183364219,-0.1092867993349356,0.04139633557116582,0.05360065213391825
671_T1_vs_T3,longitudinal,7,RUArm_to_RFArm_rz,RUArm_to_RFArm,rz,0.1471293950711931,0.10809402645979736,-0.03903536861139574,0.04139633557116582,0.05360065213391825
671_T1_vs_T3,longitudinal,8,Chest_to_LShoulder_rx,Chest_to_LShoulder,rx,0.026477547289952073,0.008768178514305742,-0.01770936877564633,0.03402361690942223,0.029529879865813076
671_T1_vs_T3,longitudinal,8,Chest_to_LShoulder_ry,Chest_to_LShoulder,ry,0.03690153726427025,0.017916214360593975,-0.018985322903676275,0.03402361690942223,0.029529879865813076
671_T1_vs_T3,longitudinal,8,Chest_to_LShoulder_rz,Chest_to_LShoulder,rz,0.09718645422972728,0.006951776734180826,-0.09023467749554646,0.03402361690942223,0.029529879865813076
671_T1_vs_T3,longitudinal,8,Chest_to_Neck_rx,Chest_to_Neck,rx,0.0076909504556643546,0.07094357862156969,0.06325262816590534,0.03402361690942223,0.029529879865813076
671_T1_vs_T3,longitudinal,8,Chest_to_Neck_ry,Chest_to_Neck,ry,0.03088595511832494,0.04693165429826992,0.01604569917994498,0.03402361690942223,0.029529879865813076
671_T1_vs_T3,longitudinal,8,Chest_to_Neck_rz,Chest_to_Neck,rz,0.005695266727771561,0.011576631005649504,0.005881364277877943,0.03402361690942223,0.029529879865813076
671_T1_vs_T3,longitudinal,8,Chest_to_RShoulder_rx,Chest_to_RShoulder,rx,0.058219852302840776,0.0433132356196982,-0.014906616683142575,0.03402361690942223,0.029529879865813076
671_T1_vs_T3,longitudinal,8,Chest_to_RShoulder_ry,Chest_to_RShoulder,ry,0.04640630661561367,0.013091338525276497,-0.033314968090337176,0.03402361690942223,0.029529879865813076
671_T1_vs_T3,longitudinal,8,Chest_to_RShoulder_rz,Chest_to_RShoulder,rz,0.0534245387629087,0.09694369345630165,0.043519154693392945,0.03402361690942223,0.029529879865813076
671_T1_vs_T3,longitudinal,8,LFArm_to_LHand_rx,LFArm_to_LHand,rx,0.06525332927076906,0.07725444204553726,0.012001112774768202,0.03402361690942223,0.029529879865813076
671_T1_vs_T3,longitudinal,8,LFArm_to_LHand_ry,LFArm_to_LHand,ry,0.181443871911788,0.028990088351142067,-0.15245378356064596,0.03402361690942223,0.029529879865813076
671_T1_vs_T3,longitudinal,8,LFArm_to_LHand_rz,LFArm_to_LHand,rz,0.19568639783458194,0.04801710007005282,-0.14766929776452914,0.03402361690942223,0.029529879865813076
671_T1_vs_T3,longitudinal,8,LShin_to_LFoot_rx,LShin_to_LFoot,rx,0.08371075850282494,0.04155219584008648,-0.042158562662738465,0.03402361690942223,0.029529879865813076
671_T1_vs_T3,longitudinal,8,LShin_to_LFoot_ry,LShin_to_LFoot,ry,0.06278181716922322,0.07332286922723955,0.010541052058016323,0.03402361690942223,0.029529879865813076
671_T1_vs_T3,longitudinal,8,LShin_to_LFoot_rz,LShin_to_LFoot,rz,0.0782433441163309,0.07459280559376108,-0.0036505385225698156,0.03402361690942223,0.029529879865813076
671_T1_vs_T3,longitudinal,8,LShoulder_to_LUArm_rx,LShoulder_to_LUArm,rx,0.044772392186632495,0.00912649668768037,-0.035645895498952127,0.03402361690942223,0.029529879865813076
671_T1_vs_T3,longitudinal,8,LShoulder_to_LUArm_ry,LShoulder_to_LUArm,ry,0.20162519082210514,0.018121320108002627,-0.1835038707141025,0.03402361690942223,0.029529879865813076
671_T1_vs_T3,longitudinal,8,LShoulder_to_LUArm_rz,LShoulder_to_LUArm,rz,0.20831367271017293,0.07062651738637185,-0.13768715532380107,0.03402361690942223,0.029529879865813076
671_T1_vs_T3,longitudinal,8,LThigh_to_LShin_rx,LThigh_to_LShin,rx,0.10330603994673236,0.26820627134400976,0.16490023139727739,0.03402361690942223,0.029529879865813076
671_T1_vs_T3,longitudinal,8,LThigh_to_LShin_ry,LThigh_to_LShin,ry,2.4998207983136305e-08,4.284802573408713e-08,1.7849817750950826e-08,0.03402361690942223,0.029529879865813076
671_T1_vs_T3,longitudinal,8,LThigh_to_LShin_rz,LThigh_to_LShin,rz,1.0518769459691226e-08,2.757829519409408e-08,1.7059525734402857e-08,0.03402361690942223,0.029529879865813076
671_T1_vs_T3,longitudinal,8,LUArm_to_LFArm_rx,LUArm_to_LFArm,rx,0.40100313573652735,0.11217674174698199,-0.28882639398954535,0.03402361690942223,0.029529879865813076
671_T1_vs_T3,longitudinal,8,LUArm_to_LFArm_ry,LUArm_to_LFArm,ry,0.3046569269171687,0.08937487250509013,-0.2152820544120786,0.03402361690942223,0.029529879865813076
671_T1_vs_T3,longitudinal,8,LUArm_to_LFArm_rz,LUArm_to_LFArm,rz,0.17148555285426575,0.0031880863119340156,-0.16829746654233174,0.03402361690942223,0.029529879865813076
671_T1_vs_T3,longitudinal,8,Neck_to_Head_rx,Neck_to_Head,rx,0.007690915189516394,0.07094360426332985,0.06325268907381346,0.03402361690942223,0.029529879865813076
671_T1_vs_T3,longitudinal,8,Neck_to_Head_ry,Neck_to_Head,ry,0.030885991409247825,0.04693166236980636,0.016045670960558533,0.03402361690942223,0.029529879865813076
671_T1_vs_T3,longitudinal,8,Neck_to_Head_rz,Neck_to_Head,rz,0.0056952801443377,0.011576621677172615,0.005881341532834915,0.03402361690942223,0.029529879865813076
671_T1_vs_T3,longitudinal,8,RFArm_to_RHand_rx,RFArm_to_RHand,rx,0.025845023791907847,0.08944337243829106,0.06359834864638322,0.03402361690942223,0.029529879865813076
671_T1_vs_T3,longitudinal,8,RFArm_to_RHand_ry,RFArm_to_RHand,ry,0.1461697761896434,0.11951257598262073,-0.026657200207022683,0.03402361690942223,0.029529879865813076
671_T1_vs_T3,longitudinal,8,RFArm_to_RHand_rz,RFArm_to_RHand,rz,0.08989205035399635,0.46180869578639705,0.3719166454324007,0.03402361690942223,0.029529879865813076
671_T1_vs_T3,longitudinal,8,RShin_to_RFoot_rx,RShin_to_RFoot,rx,0.2057744474642022,0.05429815178659977,-0.15147629567760243,0.03402361690942223,0.029529879865813076
671_T1_vs_T3,longitudinal,8,RShin_to_RFoot_ry,RShin_to_RFoot,ry,0.0792132266717532,0.012280965571811167,-0.06693226109994203,0.03402361690942223,0.029529879865813076
671_T1_vs_T3,longitudinal,8,RShin_to_RFoot_rz,RShin_to_RFoot,rz,0.044192638559654496,0.08722148576186758,0.04302884720221309,0.03402361690942223,0.029529879865813076
671_T1_vs_T3,longitudinal,8,RShoulder_to_RUArm_rx,RShoulder_to_RUArm,rx,0.2695382062977478,0.08720071913212826,-0.1823374871656195,0.03402361690942223,0.029529879865813076
671_T1_vs_T3,longitudinal,8,RShoulder_to_RUArm_ry,RShoulder_to_RUArm,ry,0.15541230221779953,0.15374764690087378,-0.0016646553169257505,0.03402361690942223,0.029529879865813076
671_T1_vs_T3,longitudinal,8,RShoulder_to_RUArm_rz,RShoulder_to_RUArm,rz,0.001982123558146571,0.11877858343752512,0.11679645987937855,0.03402361690942223,0.029529879865813076
671_T1_vs_T3,longitudinal,8,RThigh_to_RShin_rx,RThigh_to_RShin,rx,0.28541721172500856,0.392209309991078,0.10679209826606945,0.03402361690942223,0.029529879865813076
671_T1_vs_T3,longitudinal,8,RThigh_to_RShin_ry,RThigh_to_RShin,ry,2.910612282250961e-08,1.2042741291409107e-08,-1.7063381531100505e-08,0.03402361690942223,0.029529879865813076
671_T1_vs_T3,longitudinal,8,RThigh_to_RShin_rz,RThigh_to_RShin,rz,3.6013942856592973e-09,1.1636417337468967e-08,8.03502305180967e-09,0.03402361690942223,0.029529879865813076
671_T1_vs_T3,longitudinal,8,RUArm_to_RFArm_rx,RUArm_to_RFArm,rx,0.4107624476711255,0.519851241821053,0.1090887941499275,0.03402361690942223,0.029529879865813076
671_T1_vs_T3,longitudinal,8,RUArm_to_RFArm_ry,RUArm_to_RFArm,ry,0.030628672308777655,0.11045691346957859,0.07982824116080094,0.03402361690942223,0.029529879865813076
671_T1_vs_T3,longitudinal,8,RUArm_to_RFArm_rz,RUArm_to_RFArm,rz,0.2776495204311986,0.35466838641037707,0.07701886597917845,0.03402361690942223,0.029529879865813076
671_T1_R1_vs_R2,natural_variability,1,Chest_to_LShoulder_rx,Chest_to_LShoulder,rx,0.10604065307768532,0.09590125268696334,-0.010139400390721975,0.21171627651585498,0.307872385068584
671_T1_R1_vs_R2,natural_variability,1,Chest_to_LShoulder_ry,Chest_to_LShoulder,ry,0.0039561539433534175,0.013849768896293928,0.00989361495294051,0.21171627651585498,0.307872385068584
671_T1_R1_vs_R2,natural_variability,1,Chest_to_LShoulder_rz,Chest_to_LShoulder,rz,0.0827234264880422,0.08666770529854767,0.003944278810505464,0.21171627651585498,0.307872385068584
671_T1_R1_vs_R2,natural_variability,1,Chest_to_Neck_rx,Chest_to_Neck,rx,0.044129098202886796,0.002435816146451505,-0.04169328205643529,0.21171627651585498,0.307872385068584
671_T1_R1_vs_R2,natural_variability,1,Chest_to_Neck_ry,Chest_to_Neck,ry,0.042853118538439046,0.03366227179553399,-0.009190846742905052,0.21171627651585498,0.307872385068584
671_T1_R1_vs_R2,natural_variability,1,Chest_to_Neck_rz,Chest_to_Neck,rz,0.037149393084779804,0.030786725153153983,-0.0063626679316258206,0.21171627651585498,0.307872385068584
671_T1_R1_vs_R2,natural_variability,1,Chest_to_RShoulder_rx,Chest_to_RShoulder,rx,0.06466672013752575,0.006115943548777046,-0.05855077658874871,0.21171627651585498,0.307872385068584
671_T1_R1_vs_R2,natural_variability,1,Chest_to_RShoulder_ry,Chest_to_RShoulder,ry,0.035793545342845304,0.013498019647486231,-0.022295525695359072,0.21171627651585498,0.307872385068584
671_T1_R1_vs_R2,natural_variability,1,Chest_to_RShoulder_rz,Chest_to_RShoulder,rz,0.004683663395199446,0.04225837681562125,0.037574713420421804,0.21171627651585498,0.307872385068584
671_T1_R1_vs_R2,natural_variability,1,LFArm_to_LHand_rx,LFArm_to_LHand,rx,0.2099989045896791,0.19321350217901423,-0.016785402410664868,0.21171627651585498,0.307872385068584
671_T1_R1_vs_R2,natural_variability,1,LFArm_to_LHand_ry,LFArm_to_LHand,ry,0.01718011175633631,0.02576190519832336,0.008581793441987048,0.21171627651585498,0.307872385068584
671_T1_R1_vs_R2,natural_variability,1,LFArm_to_LHand_rz,LFArm_to_LHand,rz,0.34826602016977165,0.28519936103748716,-0.06306665913228449,0.21171627651585498,0.307872385068584
671_T1_R1_vs_R2,natural_variability,1,LShin_to_LFoot_rx,LShin_to_LFoot,rx,0.03473901396642232,0.05329614348003684,0.018557129513614518,0.21171627651585498,0.307872385068584
671_T1_R1_vs_R2,natural_variability,1,LShin_to_LFoot_ry,LShin_to_LFoot,ry,0.027314174782942145,0.028235433569437987,0.0009212587864958419,0.21171627651585498,0.307872385068584
671_T1_R1_vs_R2,natural_variability,1,LShin_to_LFoot_rz,LShin_to_LFoot,rz,0.004853942598857449,0.05900476515913357,0.05415082256027612,0.21171627651585498,0.307872385068584
671_T1_R1_vs_R2,natural_variability,1,LShoulder_to_LUArm_rx,LShoulder_to_LUArm,rx,0.2823662854686751,0.24282793814665585,-0.039538347322019246,0.21171627651585498,0.307872385068584
671_T1_R1_vs_R2,natural_variability,1,LShoulder_to_LUArm_ry,LShoulder_to_LUArm,ry,0.03237909266525094,0.16644916246947106,0.13407006980422012,0.21171627651585498,0.307872385068584
671_T1_R1_vs_R2,natural_variability,1,LShoulder_to_LUArm_rz,LShoulder_to_LUArm,rz,0.1577336911699507,0.15701596890137984,-0.000717722268570864,0.21171627651585498,0.307872385068584
671_T1_R1_vs_R2,natural_variability,1,LThigh_to_LShin_rx,LThigh_to_LShin,rx,0.2028010364228562,0.07875777478225977,-0.12404326164059644,0.21171627651585498,0.307872385068584
671_T1_R1_vs_R2,natural_variability,1,LThigh_to_LShin_ry,LThigh_to_LShin,ry,1.3308711806548717e-08,3.912965416494592e-09,-9.395746390054125e-09,0.21171627651585498,0.307872385068584
671_T1_R1_vs_R2,natural_variability,1,LThigh_to_LShin_rz,LThigh_to_LShin,rz,1.2176041704878267e-08,8.540504793154756e-09,-3.6355369117235116e-09,0.21171627651585498,0.307872385068584
671_T1_R1_vs_R2,natural_variability,1,LUArm_to_LFArm_rx,LUArm_to_LFArm,rx,0.1535021522608675,0.18771253722635262,0.03421038496548512,0.21171627651585498,0.307872385068584
671_T1_R1_vs_R2,natural_variability,1,LUArm_to_LFArm_ry,LUArm_to_LFArm,ry,0.7062527225634445,0.630220938094705,-0.07603178446873948,0.21171627651585498,0.307872385068584
671_T1_R1_vs_R2,natural_variability,1,LUArm_to_LFArm_rz,LUArm_to_LFArm,rz,0.17894096854247535,0.17936061630163097,0.00041964775915562247,0.21171627651585498,0.307872385068584
671_T1_R1_vs_R2,natural_variability,1,Neck_to_Head_rx,Neck_to_Head,rx,0.04412909171424112,0.002435808588750742,-0.04169328312549038,0.21171627651585498,0.307872385068584
671_T1_R1_vs_R2,natural_variability,1,Neck_to_Head_ry,Neck_to_Head,ry,0.04285312730865241,0.033662281617309275,-0.009190845691343132,0.21171627651585498,0.307872385068584
671_T1_R1_vs_R2,natural_variability,1,Neck_to_Head_rz,Neck_to_Head,rz,0.03714939217147863,0.030786685939483263,-0.00636270623199537,0.21171627651585498,0.307872385068584
671_T1_R1_vs_R2,natural_variability,1,RFArm_to_RHand_rx,RFArm_to_RHand,rx,0.11259005800209197,0.14824481517700436,0.035654757174912385,0.21171627651585498,0.307872385068584
671_T1_R1_vs_R2,natural_variability,1,RFArm_to_RHand_ry,RFArm_to_RHand,ry,0.1021958239223488,0.054445296233660456,-0.04775052768868834,0.21171627651585498,0.307872385068584
671_T1_R1_vs_R2,natural_variability,1,RFArm_to_RHand_rz,RFArm_to_RHand,rz,0.10547881227053181,0.20516369266683732,0.0996848803963055,0.21171627651585498,0.307872385068584
671_T1_R1_vs_R2,natural_variability,1,RShin_to_RFoot_rx,RShin_to_RFoot,rx,0.04270389209632639,0.054577550336547445,0.011873658240221054,0.21171627651585498,0.307872385068584
671_T1_R1_vs_R2,natural_variability,1,RShin_to_RFoot_ry,RShin_to_RFoot,ry,0.021913699221121744,0.06449888289304019,0.04258518367191845,0.21171627651585498,0.307872385068584
671_T1_R1_vs_R2,natural_variability,1,RShin_to_RFoot_rz,RShin_to_RFoot,rz,0.041284026026985075,0.0024825714034997478,-0.038801454623485325,0.21171627651585498,0.307872385068584
671_T1_R1_vs_R2,natural_variability,1,RShoulder_to_RUArm_rx,RShoulder_to_RUArm,rx,0.144641743627266,0.011386211809715144,-0.13325553181755087,0.21171627651585498,0.307872385068584
671_T1_R1_vs_R2,natural_variability,1,RShoulder_to_RUArm_ry,RShoulder_to_RUArm,ry,0.0071872151032590205,0.059126081625469055,0.05193886652221003,0.21171627651585498,0.307872385068584
671_T1_R1_vs_R2,natural_variability,1,RShoulder_to_RUArm_rz,RShoulder_to_RUArm,rz,0.034623230102465374,0.08343365126947784,0.048810421167012466,0.21171627651585498,0.307872385068584
671_T1_R1_vs_R2,natural_variability,1,RThigh_to_RShin_rx,RThigh_to_RShin,rx,0.03516101327023406,0.00895410108268918,-0.02620691218754488,0.21171627651585498,0.307872385068584
671_T1_R1_vs_R2,natural_variability,1,RThigh_to_RShin_ry,RThigh_to_RShin,ry,6.7336695514738066e-09,1.3627663412927753e-08,6.893993861453946e-09,0.21171627651585498,0.307872385068584
671_T1_R1_vs_R2,natural_variability,1,RThigh_to_RShin_rz,RThigh_to_RShin,rz,4.852935307874725e-09,3.5496428901390226e-09,-1.3032924177357027e-09,0.21171627651585498,0.307872385068584
671_T1_R1_vs_R2,natural_variability,1,RUArm_to_RFArm_rx,RUArm_to_RFArm,rx,0.13462019576395165,0.05144018369976635,-0.0831800120641853,0.21171627651585498,0.307872385068584
671_T1_R1_vs_R2,natural_variability,1,RUArm_to_RFArm_ry,RUArm_to_RFArm,ry,0.0804430901542714,0.4247399533281441,0.34429686317387276,0.21171627651585498,0.307872385068584
671_T1_R1_vs_R2,natural_variability,1,RUArm_to_RFArm_rz,RUArm_to_RFArm,rz,0.10490237758199263,0.021457850921494187,-0.08344452666049844,0.21171627651585498,0.307872385068584
671_T1_R1_vs_R2,natural_variability,2,Chest_to_LShoulder_rx,Chest_to_LShoulder,rx,0.0184622535188237,0.04166598893734846,0.023203735418524756,0.17546655376604645,0.21940248855586456
671_T1_R1_vs_R2,natural_variability,2,Chest_to_LShoulder_ry,Chest_to_LShoulder,ry,0.02694963425074334,0.0018169743700725363,-0.025132659880670802,0.17546655376604645,0.21940248855586456
671_T1_R1_vs_R2,natural_variability,2,Chest_to_LShoulder_rz,Chest_to_LShoulder,rz,0.00035852494181009436,0.008431308671149508,0.008072783729339414,0.17546655376604645,0.21940248855586456
671_T1_R1_vs_R2,natural_variability,2,Chest_to_Neck_rx,Chest_to_Neck,rx,0.046580654939989106,0.03505235819407134,-0.011528296745917765,0.17546655376604645,0.21940248855586456
671_T1_R1_vs_R2,natural_variability,2,Chest_to_Neck_ry,Chest_to_Neck,ry,0.0009977707098209054,0.01874955787788972,0.017751787168068814,0.17546655376604645,0.21940248855586456
671_T1_R1_vs_R2,natural_variability,2,Chest_to_Neck_rz,Chest_to_Neck,rz,0.022489455439877504,0.020296773213024116,-0.002192682226853388,0.17546655376604645,0.21940248855586456
671_T1_R1_vs_R2,natural_variability,2,Chest_to_RShoulder_rx,Chest_to_RShoulder,rx,0.09007390509579258,0.08012353496001882,-0.009950370135773753,0.17546655376604645,0.21940248855586456
671_T1_R1_vs_R2,natural_variability,2,Chest_to_RShoulder_ry,Chest_to_RShoulder,ry,0.01920945568930647,0.000794666054634743,-0.018414789634671726,0.17546655376604645,0.21940248855586456
671_T1_R1_vs_R2,natural_variability,2,Chest_to_RShoulder_rz,Chest_to_RShoulder,rz,0.0922543758007686,0.07705567577893876,-0.015198700021829839,0.17546655376604645,0.21940248855586456
671_T1_R1_vs_R2,natural_variability,2,LFArm_to_LHand_rx,LFArm_to_LHand,rx,0.01933453057040778,0.04005000581990368,0.0207154752494959,0.17546655376604645,0.21940248855586456
671_T1_R1_vs_R2,natural_variability,2,LFArm_to_LHand_ry,LFArm_to_LHand,ry,0.00042286185567009306,0.043999340612854806,0.04357647875718471,0.17546655376604645,0.21940248855586456
671_T1_R1_vs_R2,natural_variability,2,LFArm_to_LHand_rz,LFArm_to_LHand,rz,0.07241439752714082,0.2193592090791384,0.14694481155199757,0.17546655376604645,0.21940248855586456
671_T1_R1_vs_R2,natural_variability,2,LShin_to_LFoot_rx,LShin_to_LFoot,rx,0.031284014502054466,0.0730267752622049,0.04174276076015043,0.17546655376604645,0.21940248855586456
671_T1_R1_vs_R2,natural_variability,2,LShin_to_LFoot_ry,LShin_to_LFoot,ry,0.030035309642940797,0.04417744492433253,0.014142135281391733,0.17546655376604645,0.21940248855586456
671_T1_R1_vs_R2,natural_variability,2,LShin_to_LFoot_rz,LShin_to_LFoot,rz,0.014644004921230273,0.07674092071483513,0.06209691579360485,0.17546655376604645,0.21940248855586456
671_T1_R1_vs_R2,natural_variability,2,LShoulder_to_LUArm_rx,LShoulder_to_LUArm,rx,0.0410763287617716,0.10603604949058121,0.06495972072880961,0.17546655376604645,0.21940248855586456
671_T1_R1_vs_R2,natural_variability,2,LShoulder_to_LUArm_ry,LShoulder_to_LUArm,ry,0.10117968055390317,0.05461085233330061,-0.04656882822060256,0.17546655376604645,0.21940248855586456
671_T1_R1_vs_R2,natural_variability,2,LShoulder_to_LUArm_rz,LShoulder_to_LUArm,rz,0.0395941897900116,0.02370860366176334,-0.01588558612824826,0.17546655376604645,0.21940248855586456
671_T1_R1_vs_R2,natural_variability,2,LThigh_to_LShin_rx,LThigh_to_LShin,rx,0.008067179602242097,0.10351775248244681,0.09545057288020471,0.17546655376604645,0.21940248855586456
671_T1_R1_vs_R2,natural_variability,2,LThigh_to_LShin_ry,LThigh_to_LShin,ry,6.863370958181811e-09,1.5810391263736264e-08,8.947020305554454e-09,0.17546655376604645,0.21940248855586456
671_T1_R1_vs_R2,natural_variability,2,LThigh_to_LShin_rz,LThigh_to_LShin,rz,1.1423872042741816e-08,9.348315181107274e-09,-2.075556861634542e-09,0.17546655376604645,0.21940248855586456
671_T1_R1_vs_R2,natural_variability,2,LUArm_to_LFArm_rx,LUArm_to_LFArm,rx,0.14623554935366798,0.04957445082137661,-0.09666109853229136,0.17546655376604645,0.21940248855586456
671_T1_R1_vs_R2,natural_variability,2,LUArm_to_LFArm_ry,LUArm_to_LFArm,ry,0.12921869247956685,0.24850367564639905,0.1192849831668322,0.17546655376604645,0.21940248855586456
671_T1_R1_vs_R2,natural_variability,2,LUArm_to_LFArm_rz,LUArm_to_LFArm,rz,0.10388876011839017,0.04907804493594025,-0.05481071518244992,0.17546655376604645,0.21940248855586456
671_T1_R1_vs_R2,natural_variability,2,Neck_to_Head_rx,Neck_to_Head,rx,0.04658066993534834,0.03505236056888902,-0.011528309366459322,0.17546655376604645,0.21940248855586456
671_T1_R1_vs_R2,natural_variability,2,Neck_to_Head_ry,Neck_to_Head,ry,0.0009977917385963087,0.018749591788312252,0.017751800049715945,0.17546655376604645,0.21940248855586456
671_T1_R1_vs_R2,natural_variability,2,Neck_to_Head_rz,Neck_to_Head,rz,0.022489448434490463,0.020296755453392712,-0.002192692981097751,0.17546655376604645,0.21940248855586456
671_T1_R1_vs_R2,natural_variability,2,RFArm_to_RHand_rx,RFArm_to_RHand,rx,0.3566346659736339,0.30157668322140546,-0.05505798275222845,0.17546655376604645,0.21940248855586456
671_T1_R1_vs_R2,natural_variability,2,RFArm_to_RHand_ry,RFArm_to_RHand,ry,0.0737059118525861,0.07637061779188965,0.002664705939303555,0.17546655376604645,0.21940248855586456
671_T1_R1_vs_R2,natural_variability,2,RFArm_to_RHand_rz,RFArm_to_RHand,rz,0.8066174342424658,0.7038930968560043,-0.10272433738646147,0.17546655376604645,0.21940248855586456
671_T1_R1_vs_R2,natural_variability,2,RShin_to_RFoot_rx,RShin_to_RFoot,rx,0.024025566382037865,0.14413406355009686,0.12010849716805899,0.17546655376604645,0.21940248855586456
671_T1_R1_vs_R2,natural_variability,2,RShin_to_RFoot_ry,RShin_to_RFoot,ry,0.021790208454639026,0.027517077845466698,0.005726869390827671,0.17546655376604645,0.21940248855586456
671_T1_R1_vs_R2,natural_variability,2,RShin_to_RFoot_rz,RShin_to_RFoot,rz,0.003305578849257053,0.031637193759216795,0.02833161490995974,0.17546655376604645,0.21940248855586456
671_T1_R1_vs_R2,natural_variability,2,RShoulder_to_RUArm_rx,RShoulder_to_RUArm,rx,0.30332897228178635,0.30708744455871295,0.0037584722769266055,0.17546655376604645,0.21940248855586456
671_T1_R1_vs_R2,natural_variability,2,RShoulder_to_RUArm_ry,RShoulder_to_RUArm,ry,0.037066894407796126,0.014141236843451215,-0.022925657564344913,0.17546655376604645,0.21940248855586456
671_T1_R1_vs_R2,natural_variability,2,RShoulder_to_RUArm_rz,RShoulder_to_RUArm,rz,0.04603906873394409,0.0423865050222462,-0.0036525637116978857,0.17546655376604645,0.21940248855586456
671_T1_R1_vs_R2,natural_variability,2,RThigh_to_RShin_rx,RThigh_to_RShin,rx,0.08543378463182687,0.10363368497256747,0.018199900340740607,0.17546655376604645,0.21940248855586456
671_T1_R1_vs_R2,natural_variability,2,RThigh_to_RShin_ry,RThigh_to_RShin,ry,8.144058449919212e-10,2.553114364883544e-09,1.738708519891623e-09,0.17546655376604645,0.21940248855586456
671_T1_R1_vs_R2,natural_variability,2,RThigh_to_RShin_rz,RThigh_to_RShin,rz,3.056653301731362e-08,2.955240907691463e-08,-1.0141239403989947e-09,0.17546655376604645,0.21940248855586456
671_T1_R1_vs_R2,natural_variability,2,RUArm_to_RFArm_rx,RUArm_to_RFArm,rx,0.056476177310752815,0.08367535576632212,0.02719917845556931,0.17546655376604645,0.21940248855586456
671_T1_R1_vs_R2,natural_variability,2,RUArm_to_RFArm_ry,RUArm_to_RFArm,ry,0.11808463728812117,0.30362857339429916,0.18554393610617798,0.17546655376604645,0.21940248855586456
671_T1_R1_vs_R2,natural_variability,2,RUArm_to_RFArm_rz,RUArm_to_RFArm,rz,0.04680651917550328,0.06229305462427793,0.015486535448774645,0.17546655376604645,0.21940248855586456
671_T1_R1_vs_R2,natural_variability,3,Chest_to_LShoulder_rx,Chest_to_LShoulder,rx,0.029936010903511508,0.04779864906288563,0.017862638159374125,0.12623501272756002,0.13649214015470423
671_T1_R1_vs_R2,natural_variability,3,Chest_to_LShoulder_ry,Chest_to_LShoulder,ry,0.01800595340563432,0.03711382668598805,0.019107873280353727,0.12623501272756002,0.13649214015470423
671_T1_R1_vs_R2,natural_variability,3,Chest_to_LShoulder_rz,Chest_to_LShoulder,rz,0.041107034083165975,0.004358648362922039,-0.036748385720243935,0.12623501272756002,0.13649214015470423
671_T1_R1_vs_R2,natural_variability,3,Chest_to_Neck_rx,Chest_to_Neck,rx,0.027386260247266488,0.0006532153058555768,-0.026733044941410912,0.12623501272756002,0.13649214015470423
671_T1_R1_vs_R2,natural_variability,3,Chest_to_Neck_ry,Chest_to_Neck,ry,0.025180916384694493,0.02414523807900387,-0.0010356783056906238,0.12623501272756002,0.13649214015470423
671_T1_R1_vs_R2,natural_variability,3,Chest_to_Neck_rz,Chest_to_Neck,rz,0.00024825564967584883,0.016288163965831177,0.01603990831615533,0.12623501272756002,0.13649214015470423
671_T1_R1_vs_R2,natural_variability,3,Chest_to_RShoulder_rx,Chest_to_RShoulder,rx,0.046225029705466644,0.0710560500387091,0.024831020333242457,0.12623501272756002,0.13649214015470423
671_T1_R1_vs_R2,natural_variability,3,Chest_to_RShoulder_ry,Chest_to_RShoulder,ry,0.006782275727228007,0.02789297922773742,0.021110703500509413,0.12623501272756002,0.13649214015470423
671_T1_R1_vs_R2,natural_variability,3,Chest_to_RShoulder_rz,Chest_to_RShoulder,rz,0.028289922373412782,0.012931826309559686,-0.015358096063853096,0.12623501272756002,0.13649214015470423
671_T1_R1_vs_R2,natural_variability,3,LFArm_to_LHand_rx,LFArm_to_LHand,rx,0.012880180944931053,0.045688940111388535,0.03280875916645748,0.12623501272756002,0.13649214015470423
671_T1_R1_vs_R2,natural_variability,3,LFArm_to_LHand_ry,LFArm_to_LHand,ry,0.0009977849988892231,0.013564551238989284,0.012566766240100061,0.12623501272756002,0.13649214015470423
671_T1_R1_vs_R2,natural_variability,3,LFArm_to_LHand_rz,LFArm_to_LHand,rz,0.0920249464136537,0.12851224538946954,0.03648729897581583,0.12623501272756002,0.13649214015470423
671_T1_R1_vs_R2,natural_variability,3,LShin_to_LFoot_rx,LShin_to_LFoot,rx,0.09631095989284941,0.12447097129798168,0.028160011405132274,0.12623501272756002,0.13649214015470423
671_T1_R1_vs_R2,natural_variability,3,LShin_to_LFoot_ry,LShin_to_LFoot,ry,0.0066833584135385015,0.0277411286384348,0.021057770224896296,0.12623501272756002,0.13649214015470423
671_T1_R1_vs_R2,natural_variability,3,LShin_to_LFoot_rz,LShin_to_LFoot,rz,0.10980673475774541,0.14288323963018984,0.03307650487244443,0.12623501272756002,0.13649214015470423
671_T1_R1_vs_R2,natural_variability,3,LShoulder_to_LUArm_rx,LShoulder_to_LUArm,rx,0.0720987551172143,0.12605802305548133,0.05395926793826704,0.12623501272756002,0.13649214015470423
671_T1_R1_vs_R2,natural_variability,3,LShoulder_to_LUArm_ry,LShoulder_to_LUArm,ry,0.14661439119680883,0.1902062014701834,0.04359181027337458,0.12623501272756002,0.13649214015470423
671_T1_R1_vs_R2,natural_variability,3,LShoulder_to_LUArm_rz,LShoulder_to_LUArm,rz,0.004110741374745579,0.061308159722980954,0.05719741834823537,0.12623501272756002,0.13649214015470423
671_T1_R1_vs_R2,natural_variability,3,LThigh_to_LShin_rx,LThigh_to_LShin,rx,0.24166663283815318,0.30864639120148,0.06697975836332684,0.12623501272756002,0.13649214015470423
671_T1_R1_vs_R2,natural_variability,3,LThigh_to_LShin_ry,LThigh_to_LShin,ry,2.4646596490613394e-08,2.5747646323700096e-08,1.1010498330867021e-09,0.12623501272756002,0.13649214015470423
671_T1_R1_vs_R2,natural_variability,3,LThigh_to_LShin_rz,LThigh_to_LShin,rz,5.260211921084457e-09,9.209605229612964e-09,3.9493933085285075e-09,0.12623501272756002,0.13649214015470423
671_T1_R1_vs_R2,natural_variability,3,LUArm_to_LFArm_rx,LUArm_to_LFArm,rx,0.058369842441694644,0.08762928088344694,0.0292594384417523,0.12623501272756002,0.13649214015470423
671_T1_R1_vs_R2,natural_variability,3,LUArm_to_LFArm_ry,LUArm_to_LFArm,ry,0.09434470586969915,0.3414007195005395,0.24705601363084037,0.12623501272756002,0.13649214015470423
671_T1_R1_vs_R2,natural_variability,3,LUArm_to_LFArm_rz,LUArm_to_LFArm,rz,0.015602073880942842,0.12290999318548639,0.10730791930454354,0.12623501272756002,0.13649214015470423
671_T1_R1_vs_R2,natural_variability,3,Neck_to_Head_rx,Neck_to_Head,rx,0.027386262560970105,0.0006532171445838114,-0.026733045416386294,0.12623501272756002,0.13649214015470423
671_T1_R1_vs_R2,natural_variability,3,Neck_to_Head_ry,Neck_to_Head,ry,0.025180915608778175,0.024145228825509922,-0.0010356867832682533,0.12623501272756002,0.13649214015470423
671_T1_R1_vs_R2,natural_variability,3,Neck_to_Head_rz,Neck_to_Head,rz,0.00024833415982229175,0.016288225960872656,0.016039891801050365,0.12623501272756002,0.13649214015470423
671_T1_R1_vs_R2,natural_variability,3,RFArm_to_RHand_rx,RFArm_to_RHand,rx,0.09346926444363185,0.13880664235521706,0.04533737791158521,0.12623501272756002,0.13649214015470423
671_T1_R1_vs_R2,natural_variability,3,RFArm_to_RHand_ry,RFArm_to_RHand,ry,0.007152095854687991,0.02031945321789197,0.013167357363203978,0.12623501272756002,0.13649214015470423
671_T1_R1_vs_R2,natural_variability,3,RFArm_to_RHand_rz,RFArm_to_RHand,rz,0.08189620162306943,0.25256771041917003,0.1706715087961006,0.12623501272756002,0.13649214015470423
671_T1_R1_vs_R2,natural_variability,3,RShin_to_RFoot_rx,RShin_to_RFoot,rx,0.14358769665914337,0.19334794346418913,0.04976024680504576,0.12623501272756002,0.13649214015470423
671_T1_R1_vs_R2,natural_variability,3,RShin_to_RFoot_ry,RShin_to_RFoot,ry,0.0708792885874875,0.0698143104703639,-0.0010649781171235967,0.12623501272756002,0.13649214015470423
671_T1_R1_vs_R2,natural_variability,3,RShin_to_RFoot_rz,RShin_to_RFoot,rz,0.07612225222388942,0.09487893307667425,0.018756680852784827,0.12623501272756002,0.13649214015470423
671_T1_R1_vs_R2,natural_variability,3,RShoulder_to_RUArm_rx,RShoulder_to_RUArm,rx,0.09081829055573007,0.1626638877900348,0.07184559723430473,0.12623501272756002,0.13649214015470423
671_T1_R1_vs_R2,natural_variability,3,RShoulder_to_RUArm_ry,RShoulder_to_RUArm,ry,0.02365276357502711,0.00027326044718001524,-0.023379503127847093,0.12623501272756002,0.13649214015470423
671_T1_R1_vs_R2,natural_variability,3,RShoulder_to_RUArm_rz,RShoulder_to_RUArm,rz,0.08665342199240199,0.03921953178962493,-0.04743389020277706,0.12623501272756002,0.13649214015470423
671_T1_R1_vs_R2,natural_variability,3,RThigh_to_RShin_rx,RThigh_to_RShin,rx,0.13341265776083333,0.128764867703045,-0.004647790057788342,0.12623501272756002,0.13649214015470423
671_T1_R1_vs_R2,natural_variability,3,RThigh_to_RShin_ry,RThigh_to_RShin,ry,1.3363539206347784e-08,1.4065354555120182e-08,7.018153487723979e-10,0.12623501272756002,0.13649214015470423
671_T1_R1_vs_R2,natural_variability,3,RThigh_to_RShin_rz,RThigh_to_RShin,rz,2.7379101845532112e-09,1.3273386069449045e-08,1.0535475884895833e-08,0.12623501272756002,0.13649214015470423
671_T1_R1_vs_R2,natural_variability,3,RUArm_to_RFArm_rx,RUArm_to_RFArm,rx,0.043657138755983024,0.057742730310466096,0.014085591554483072,0.12623501272756002,0.13649214015470423
671_T1_R1_vs_R2,natural_variability,3,RUArm_to_RFArm_ry,RUArm_to_RFArm,ry,0.882551081294787,0.676344731598021,-0.206206349696766,0.12623501272756002,0.13649214015470423
671_T1_R1_vs_R2,natural_variability,3,RUArm_to_RFArm_rz,RUArm_to_RFArm,rz,0.04256606776154293,0.05144806042384653,0.008881992662303599,0.12623501272756002,0.13649214015470423
671_T1_R1_vs_R2,natural_variability,4,Chest_to_LShoulder_rx,Chest_to_LShoulder,rx,0.017054502345875154,0.03625476673876665,0.0192002643928915,0.09936064775289528,0.12226436320263998
671_T1_R1_vs_R2,natural_variability,4,Chest_to_LShoulder_ry,Chest_to_LShoulder,ry,0.003292606331692586,0.007433156730394274,0.004140550398701688,0.09936064775289528,0.12226436320263998
671_T1_R1_vs_R2,natural_variability,4,Chest_to_LShoulder_rz,Chest_to_LShoulder,rz,0.010969741836289352,0.04091961437765329,0.02994987254136394,0.09936064775289528,0.12226436320263998
671_T1_R1_vs_R2,natural_variability,4,Chest_to_Neck_rx,Chest_to_Neck,rx,0.06980691283759609,0.108685759247157,0.03887884640956091,0.09936064775289528,0.12226436320263998
671_T1_R1_vs_R2,natural_variability,4,Chest_to_Neck_ry,Chest_to_Neck,ry,0.03842875817444256,0.04482546687323777,0.00639670869879521,0.09936064775289528,0.12226436320263998
671_T1_R1_vs_R2,natural_variability,4,Chest_to_Neck_rz,Chest_to_Neck,rz,0.0011147662618927578,0.011363024949409606,0.010248258687516849,0.09936064775289528,0.12226436320263998
671_T1_R1_vs_R2,natural_variability,4,Chest_to_RShoulder_rx,Chest_to_RShoulder,rx,0.05703038891448784,0.06636615188684097,0.009335762972353133,0.09936064775289528,0.12226436320263998
671_T1_R1_vs_R2,natural_variability,4,Chest_to_RShoulder_ry,Chest_to_RShoulder,ry,0.016582953946152224,0.02550205714259754,0.008919103196445316,0.09936064775289528,0.12226436320263998
671_T1_R1_vs_R2,natural_variability,4,Chest_to_RShoulder_rz,Chest_to_RShoulder,rz,0.06964477423966539,0.10946957017902266,0.03982479593935727,0.09936064775289528,0.12226436320263998
671_T1_R1_vs_R2,natural_variability,4,LFArm_to_LHand_rx,LFArm_to_LHand,rx,0.0024389898196066797,0.0579286748746412,0.05548968505503452,0.09936064775289528,0.12226436320263998
671_T1_R1_vs_R2,natural_variability,4,LFArm_to_LHand_ry,LFArm_to_LHand,ry,0.0010149177292476331,0.026301089093439433,0.0252861713641918,0.09936064775289528,0.12226436320263998
671_T1_R1_vs_R2,natural_variability,4,LFArm_to_LHand_rz,LFArm_to_LHand,rz,0.06659141342081369,0.17381709871376344,0.10722568529294975,0.09936064775289528,0.12226436320263998
671_T1_R1_vs_R2,natural_variability,4,LShin_to_LFoot_rx,LShin_to_LFoot,rx,0.1322261719790213,0.06845720875670047,-0.06376896322232084,0.09936064775289528,0.12226436320263998
671_T1_R1_vs_R2,natural_variability,4,LShin_to_LFoot_ry,LShin_to_LFoot,ry,0.1084197543591002,0.11390976080511415,0.005490006446013954,0.09936064775289528,0.12226436320263998
671_T1_R1_vs_R2,natural_variability,4,LShin_to_LFoot_rz,LShin_to_LFoot,rz,0.21776457104351543,0.16507482690446026,-0.05268974413905517,0.09936064775289528,0.12226436320263998
671_T1_R1_vs_R2,natural_variability,4,LShoulder_to_LUArm_rx,LShoulder_to_LUArm,rx,0.03037268538401662,0.08949915790751796,0.05912647252350134,0.09936064775289528,0.12226436320263998
671_T1_R1_vs_R2,natural_variability,4,LShoulder_to_LUArm_ry,LShoulder_to_LUArm,ry,0.10231969397084763,0.011560641636730002,-0.09075905233411763,0.09936064775289528,0.12226436320263998
671_T1_R1_vs_R2,natural_variability,4,LShoulder_to_LUArm_rz,LShoulder_to_LUArm,rz,0.03217957972382897,0.06527363258224766,0.033094052858418696,0.09936064775289528,0.12226436320263998
671_T1_R1_vs_R2,natural_variability,4,LThigh_to_LShin_rx,LThigh_to_LShin,rx,0.7280551955490429,0.6196118519997897,-0.10844334354925311,0.09936064775289528,0.12226436320263998
671_T1_R1_vs_R2,natural_variability,4,LThigh_to_LShin_ry,LThigh_to_LShin,ry,2.4163889732397425e-09,2.0234646170034177e-08,1.7818257196794434e-08,0.09936064775289528,0.12226436320263998
671_T1_R1_vs_R2,natural_variability,4,LThigh_to_LShin_rz,LThigh_to_LShin,rz,1.0226457057527622e-09,1.1953386469541185e-08,1.0930740763788422e-08,0.09936064775289528,0.12226436320263998
671_T1_R1_vs_R2,natural_variability,4,LUArm_to_LFArm_rx,LUArm_to_LFArm,rx,0.11536223841190511,0.009423287453422156,-0.10593895095848296,0.09936064775289528,0.12226436320263998
671_T1_R1_vs_R2,natural_variability,4,LUArm_to_LFArm_ry,LUArm_to_LFArm,ry,0.2463785296832509,0.16992926186165014,-0.07644926782160077,0.09936064775289528,0.12226436320263998
671_T1_R1_vs_R2,natural_variability,4,LUArm_to_LFArm_rz,LUArm_to_LFArm,rz,0.08348445462852434,0.023520024001422783,-0.059964430627101564,0.09936064775289528,0.12226436320263998
671_T1_R1_vs_R2,natural_variability,4,Neck_to_Head_rx,Neck_to_Head,rx,0.06980687179643258,0.1086857291487478,0.03887885735231522,0.09936064775289528,0.12226436320263998
671_T1_R1_vs_R2,natural_variability,4,Neck_to_Head_ry,Neck_to_Head,ry,0.038428745760922645,0.04482546063115671,0.006396714870234063,0.09936064775289528,0.12226436320263998
671_T1_R1_vs_R2,natural_variability,4,Neck_to_Head_rz,Neck_to_Head,rz,0.001114739839944515,0.011363054696489435,0.01024831485654492,0.09936064775289528,0.12226436320263998
671_T1_R1_vs_R2,natural_variability,4,RFArm_to_RHand_rx,RFArm_to_RHand,rx,0.026901719616206216,0.05597568142158341,0.029073961805377198,0.09936064775289528,0.12226436320263998
671_T1_R1_vs_R2,natural_variability,4,RFArm_to_RHand_ry,RFArm_to_RHand,ry,0.01017012121269708,0.11004210285765968,0.09987198164496261,0.09936064775289528,0.12226436320263998
671_T1_R1_vs_R2,natural_variability,4,RFArm_to_RHand_rz,RFArm_to_RHand,rz,0.04721023076814976,0.003643608295904765,-0.04356662247224499,0.09936064775289528,0.12226436320263998
671_T1_R1_vs_R2,natural_variability,4,RShin_to_RFoot_rx,RShin_to_RFoot,rx,0.2714355810439467,0.25082181104792134,-0.020613769996025377,0.09936064775289528,0.12226436320263998
671_T1_R1_vs_R2,natural_variability,4,RShin_to_RFoot_ry,RShin_to_RFoot,ry,0.11615002102213813,0.08815632162966155,-0.027993699392476576,0.09936064775289528,0.12226436320263998
671_T1_R1_vs_R2,natural_variability,4,RShin_to_RFoot_rz,RShin_to_RFoot,rz,0.1335775444583335,0.15731944632189876,0.023741901863565257,0.09936064775289528,0.12226436320263998
671_T1_R1_vs_R2,natural_variability,4,RShoulder_to_RUArm_rx,RShoulder_to_RUArm,rx,0.12191993538928728,0.12081851195902593,-0.0011014234302613446,0.09936064775289528,0.12226436320263998
671_T1_R1_vs_R2,natural_variability,4,RShoulder_to_RUArm_ry,RShoulder_to_RUArm,ry,0.12189869845576436,0.05807221480449314,-0.06382648365127122,0.09936064775289528,0.12226436320263998
671_T1_R1_vs_R2,natural_variability,4,RShoulder_to_RUArm_rz,RShoulder_to_RUArm,rz,0.1543026656700256,0.18226500425311803,0.02796233858309244,0.09936064775289528,0.12226436320263998
671_T1_R1_vs_R2,natural_variability,4,RThigh_to_RShin_rx,RThigh_to_RShin,rx,0.04479408168453863,0.141451551646426,0.09665746996188737,0.09936064775289528,0.12226436320263998
671_T1_R1_vs_R2,natural_variability,4,RThigh_to_RShin_ry,RThigh_to_RShin,ry,4.975481790040697e-09,1.3229341627949566e-08,8.25385983790887e-09,0.09936064775289528,0.12226436320263998
671_T1_R1_vs_R2,natural_variability,4,RThigh_to_RShin_rz,RThigh_to_RShin,rz,1.30064235923751e-08,1.3041873914493585e-08,3.545032211848492e-11,0.09936064775289528,0.12226436320263998
671_T1_R1_vs_R2,natural_variability,4,RUArm_to_RFArm_rx,RUArm_to_RFArm,rx,0.1758141866585149,0.3812936726950736,0.2054794860365587,0.09936064775289528,0.12226436320263998
671_T1_R1_vs_R2,natural_variability,4,RUArm_to_RFArm_ry,RUArm_to_RFArm,ry,0.2589808081491632,0.22192894092694793,-0.03705186722221526,0.09936064775289528,0.12226436320263998
671_T1_R1_vs_R2,natural_variability,4,RUArm_to_RFArm_rz,RUArm_to_RFArm,rz,0.11106849333238607,0.26547815849291717,0.15440966516053112,0.09936064775289528,0.12226436320263998
671_T1_R1_vs_R2,natural_variability,5,Chest_to_LShoulder_rx,Chest_to_LShoulder,rx,0.11618239924067959,0.09676476685686364,-0.019417632383815955,0.06636833902285189,0.0771878766477119
671_T1_R1_vs_R2,natural_variability,5,Chest_to_LShoulder_ry,Chest_to_LShoulder,ry,0.04373906138196069,0.04458243997841877,0.0008433785964580831,0.06636833902285189,0.0771878766477119
671_T1_R1_vs_R2,natural_variability,5,Chest_to_LShoulder_rz,Chest_to_LShoulder,rz,0.06623931735785349,0.07035078904280874,0.004111471684955251,0.06636833902285189,0.0771878766477119
671_T1_R1_vs_R2,natural_variability,5,Chest_to_Neck_rx,Chest_to_Neck,rx,0.05858455260344908,0.08408025057967917,0.025495697976230094,0.06636833902285189,0.0771878766477119
671_T1_R1_vs_R2,natural_variability,5,Chest_to_Neck_ry,Chest_to_Neck,ry,0.030629570035424724,0.05581029851615278,0.025180728480728058,0.06636833902285189,0.0771878766477119
671_T1_R1_vs_R2,natural_variability,5,Chest_to_Neck_rz,Chest_to_Neck,rz,0.005088273943865685,0.012904878734726174,0.00781660479086049,0.06636833902285189,0.0771878766477119
671_T1_R1_vs_R2,natural_variability,5,Chest_to_RShoulder_rx,Chest_to_RShoulder,rx,0.07448227840169375,0.09455305573769712,0.020070777336003376,0.06636833902285189,0.0771878766477119
671_T1_R1_vs_R2,natural_variability,5,Chest_to_RShoulder_ry,Chest_to_RShoulder,ry,0.049829928525143584,0.05334661131847459,0.003516682793331005,0.06636833902285189,0.0771878766477119
671_T1_R1_vs_R2,natural_variability,5,Chest_to_RShoulder_rz,Chest_to_RShoulder,rz,0.014937359928068142,0.040448899434099655,0.025511539506031515,0.06636833902285189,0.0771878766477119
671_T1_R1_vs_R2,natural_variability,5,LFArm_to_LHand_rx,LFArm_to_LHand,rx,0.25980556598694976,0.18453558608869394,-0.07526997989825582,0.06636833902285189,0.0771878766477119
671_T1_R1_vs_R2,natural_variability,5,LFArm_to_LHand_ry,LFArm_to_LHand,ry,0.05548572801457559,0.0733767472605852,0.01789101924600961,0.06636833902285189,0.0771878766477119
671_T1_R1_vs_R2,natural_variability,5,LFArm_to_LHand_rz,LFArm_to_LHand,rz,0.5531603484724067,0.39356223953899855,-0.15959810893340814,0.06636833902285189,0.0771878766477119
671_T1_R1_vs_R2,natural_variability,5,LShin_to_LFoot_rx,LShin_to_LFoot,rx,0.029359505905788424,0.0011625691537782209,-0.028196936752010203,0.06636833902285189,0.0771878766477119
671_T1_R1_vs_R2,natural_variability,5,LShin_to_LFoot_ry,LShin_to_LFoot,ry,0.11848878146653533,0.13260067794644506,0.014111896479909736,0.06636833902285189,0.0771878766477119
671_T1_R1_vs_R2,natural_variability,5,LShin_to_LFoot_rz,LShin_to_LFoot,rz,0.10403515595442253,0.13367398194576507,0.029638825991342543,0.06636833902285189,0.0771878766477119
671_T1_R1_vs_R2,natural_variability,5,LShoulder_to_LUArm_rx,LShoulder_to_LUArm,rx,0.3142013635923485,0.2588932447347633,-0.05530811885758524,0.06636833902285189,0.0771878766477119
671_T1_R1_vs_R2,natural_variability,5,LShoulder_to_LUArm_ry,LShoulder_to_LUArm,ry,0.010291049558461721,0.008112493818535491,-0.00217855573992623,0.06636833902285189,0.0771878766477119
671_T1_R1_vs_R2,natural_variability,5,LShoulder_to_LUArm_rz,LShoulder_to_LUArm,rz,0.06836737619894032,0.04461189883219004,-0.023755477366750273,0.06636833902285189,0.0771878766477119
671_T1_R1_vs_R2,natural_variability,5,LThigh_to_LShin_rx,LThigh_to_LShin,rx,0.1691013949992673,0.3105872818826589,0.1414858868833916,0.06636833902285189,0.0771878766477119
671_T1_R1_vs_R2,natural_variability,5,LThigh_to_LShin_ry,LThigh_to_LShin,ry,1.9535952038616326e-08,4.081889068331843e-08,2.12829386447021e-08,0.06636833902285189,0.0771878766477119
671_T1_R1_vs_R2,natural_variability,5,LThigh_to_LShin_rz,LThigh_to_LShin,rz,1.7626566563071223e-08,2.4220411109268885e-08,6.593844546197661e-09,0.06636833902285189,0.0771878766477119
671_T1_R1_vs_R2,natural_variability,5,LUArm_to_LFArm_rx,LUArm_to_LFArm,rx,0.18189551204149082,0.17887674895653283,-0.0030187630849579927,0.06636833902285189,0.0771878766477119
671_T1_R1_vs_R2,natural_variability,5,LUArm_to_LFArm_ry,LUArm_to_LFArm,ry,0.4159836713654369,0.34900442521612,-0.06697924614931688,0.06636833902285189,0.0771878766477119
671_T1_R1_vs_R2,natural_variability,5,LUArm_to_LFArm_rz,LUArm_to_LFArm,rz,0.14007392487175754,0.1610044186146306,0.020930493742873063,0.06636833902285189,0.0771878766477119
671_T1_R1_vs_R2,natural_variability,5,Neck_to_Head_rx,Neck_to_Head,rx,0.058584581160739564,0.08408030257435974,0.025495721413620172,0.06636833902285189,0.0771878766477119
671_T1_R1_vs_R2,natural_variability,5,Neck_to_Head_ry,Neck_to_Head,ry,0.03062960757606862,0.055810331167225564,0.025180723591156945,0.06636833902285189,0.0771878766477119
671_T1_R1_vs_R2,natural_variability,5,Neck_to_Head_rz,Neck_to_Head,rz,0.005088283079416686,0.012904878394993307,0.007816595315576621,0.06636833902285189,0.0771878766477119
671_T1_R1_vs_R2,natural_variability,5,RFArm_to_RHand_rx,RFArm_to_RHand,rx,0.003697144677791368,0.006343377638792315,0.002646232961000947,0.06636833902285189,0.0771878766477119
671_T1_R1_vs_R2,natural_variability,5,RFArm_to_RHand_ry,RFArm_to_RHand,ry,0.09416469131969103,0.008561483622805132,-0.0856032076968859,0.06636833902285189,0.0771878766477119
671_T1_R1_vs_R2,natural_variability,5,RFArm_to_RHand_rz,RFArm_to_RHand,rz,0.08836211304663703,0.19159400259100778,0.10323188954437075,0.06636833902285189,0.0771878766477119
671_T1_R1_vs_R2,natural_variability,5,RShin_to_RFoot_rx,RShin_to_RFoot,rx,0.06916953275719015,0.10124224257682606,0.032072709819635906,0.06636833902285189,0.0771878766477119
671_T1_R1_vs_R2,natural_variability,5,RShin_to_RFoot_ry,RShin_to_RFoot,ry,0.12707929665012332,0.11186933759106134,-0.015209959059061987,0.06636833902285189,0.0771878766477119
671_T1_R1_vs_R2,natural_variability,5,RShin_to_RFoot_rz,RShin_to_RFoot,rz,0.04881080933360428,0.05850043306085354,0.009689623727249262,0.06636833902285189,0.0771878766477119
671_T1_R1_vs_R2,natural_variability,5,RShoulder_to_RUArm_rx,RShoulder_to_RUArm,rx,0.2208846961363791,0.25958053549096355,0.038695839354584455,0.06636833902285189,0.0771878766477119
671_T1_R1_vs_R2,natural_variability,5,RShoulder_to_RUArm_ry,RShoulder_to_RUArm,ry,0.27852117303798546,0.3418889573352223,0.06336778429723683,0.06636833902285189,0.0771878766477119
671_T1_R1_vs_R2,natural_variability,5,RShoulder_to_RUArm_rz,RShoulder_to_RUArm,rz,0.07509201946800215,0.13512153960530876,0.06002952013730661,0.06636833902285189,0.0771878766477119
671_T1_R1_vs_R2,natural_variability,5,RThigh_to_RShin_rx,RThigh_to_RShin,rx,0.033907992122717154,0.13918164836011993,0.10527365623740277,0.06636833902285189,0.0771878766477119
671_T1_R1_vs_R2,natural_variability,5,RThigh_to_RShin_ry,RThigh_to_RShin,ry,9.424304975907137e-09,2.1666509436040232e-09,-7.257654032303114e-09,0.06636833902285189,0.0771878766477119
671_T1_R1_vs_R2,natural_variability,5,RThigh_to_RShin_rz,RThigh_to_RShin,rz,1.6330905043792614e-08,8.892503656572007e-09,-7.438401387220608e-09,0.06636833902285189,0.0771878766477119
671_T1_R1_vs_R2,natural_variability,5,RUArm_to_RFArm_rx,RUArm_to_RFArm,rx,0.06239048680310887,0.18991880133286895,0.12752831452976007,0.06636833902285189,0.0771878766477119
671_T1_R1_vs_R2,natural_variability,5,RUArm_to_RFArm_ry,RUArm_to_RFArm,ry,0.15065263673889953,0.20055599946714722,0.04990336272824769,0.06636833902285189,0.0771878766477119
671_T1_R1_vs_R2,natural_variability,5,RUArm_to_RFArm_rz,RUArm_to_RFArm,rz,0.05720966499540214,0.11543085530113684,0.058221190305734694,0.06636833902285189,0.0771878766477119
671_T1_R1_vs_R2,natural_variability,6,Chest_to_LShoulder_rx,Chest_to_LShoulder,rx,0.010639776943912166,0.0631492097117564,0.052509432767844234,0.04699694790918689,0.061905177535561344
671_T1_R1_vs_R2,natural_variability,6,Chest_to_LShoulder_ry,Chest_to_LShoulder,ry,0.0742199947686958,0.06934067691083683,-0.004879317857858972,0.04699694790918689,0.061905177535561344
671_T1_R1_vs_R2,natural_variability,6,Chest_to_LShoulder_rz,Chest_to_LShoulder,rz,0.046324341894522995,0.018961990319359488,-0.027362351575163507,0.04699694790918689,0.061905177535561344
671_T1_R1_vs_R2,natural_variability,6,Chest_to_Neck_rx,Chest_to_Neck,rx,0.11851183680115762,0.013323317523205725,-0.10518851927795189,0.04699694790918689,0.061905177535561344
671_T1_R1_vs_R2,natural_variability,6,Chest_to_Neck_ry,Chest_to_Neck,ry,0.024588219796749522,0.07415066785912941,0.04956244806237989,0.04699694790918689,0.061905177535561344
671_T1_R1_vs_R2,natural_variability,6,Chest_to_Neck_rz,Chest_to_Neck,rz,0.021320902754655594,0.013322772937542214,-0.00799812981711338,0.04699694790918689,0.061905177535561344
671_T1_R1_vs_R2,natural_variability,6,Chest_to_RShoulder_rx,Chest_to_RShoulder,rx,0.02983631197333332,0.08248315179662163,0.05264683982328831,0.04699694790918689,0.061905177535561344
671_T1_R1_vs_R2,natural_variability,6,Chest_to_RShoulder_ry,Chest_to_RShoulder,ry,0.061548684871454866,0.034579683299688524,-0.026969001571766342,0.04699694790918689,0.061905177535561344
671_T1_R1_vs_R2,natural_variability,6,Chest_to_RShoulder_rz,Chest_to_RShoulder,rz,0.1515122546876191,0.06806347450282649,-0.08344878018479263,0.04699694790918689,0.061905177535561344
671_T1_R1_vs_R2,natural_variability,6,LFArm_to_LHand_rx,LFArm_to_LHand,rx,0.08092715598044924,0.13855056970150917,0.05762341372105993,0.04699694790918689,0.061905177535561344
671_T1_R1_vs_R2,natural_variability,6,LFArm_to_LHand_ry,LFArm_to_LHand,ry,0.07601192880193333,0.1134260107915661,0.037414081989632766,0.04699694790918689,0.061905177535561344
671_T1_R1_vs_R2,natural_variability,6,LFArm_to_LHand_rz,LFArm_to_LHand,rz,0.2497250183965309,0.39013664110027646,0.14041162270374555,0.04699694790918689,0.061905177535561344
671_T1_R1_vs_R2,natural_variability,6,LShin_to_LFoot_rx,LShin_to_LFoot,rx,0.008199762957588766,0.08622241566126718,0.0780226527036784,0.04699694790918689,0.061905177535561344
671_T1_R1_vs_R2,natural_variability,6,LShin_to_LFoot_ry,LShin_to_LFoot,ry,0.045426875470397365,0.02112661942134126,-0.024300256049056106,0.04699694790918689,0.061905177535561344
671_T1_R1_vs_R2,natural_variability,6,LShin_to_LFoot_rz,LShin_to_LFoot,rz,0.019825848963877627,0.07371232368548213,0.0538864747216045,0.04699694790918689,0.061905177535561344
671_T1_R1_vs_R2,natural_variability,6,LShoulder_to_LUArm_rx,LShoulder_to_LUArm,rx,0.07311039038372852,0.09321896133356981,0.020108570949841295,0.04699694790918689,0.061905177535561344
671_T1_R1_vs_R2,natural_variability,6,LShoulder_to_LUArm_ry,LShoulder_to_LUArm,ry,0.3113516864017395,0.3398154576557655,0.028463771254025994,0.04699694790918689,0.061905177535561344
671_T1_R1_vs_R2,natural_variability,6,LShoulder_to_LUArm_rz,LShoulder_to_LUArm,rz,0.07842634244666127,0.14018393465081533,0.061757592204154055,0.04699694790918689,0.061905177535561344
671_T1_R1_vs_R2,natural_variability,6,LThigh_to_LShin_rx,LThigh_to_LShin,rx,0.23971181596955418,0.22262717082595698,-0.0170846451435972,0.04699694790918689,0.061905177535561344
671_T1_R1_vs_R2,natural_variability,6,LThigh_to_LShin_ry,LThigh_to_LShin,ry,3.643660189206248e-08,4.784092007643363e-08,1.140431818437115e-08,0.04699694790918689,0.061905177535561344
671_T1_R1_vs_R2,natural_variability,6,LThigh_to_LShin_rz,LThigh_to_LShin,rz,2.387577935051114e-08,1.27125143586177e-08,-1.1163264991893442e-08,0.04699694790918689,0.061905177535561344
671_T1_R1_vs_R2,natural_variability,6,LUArm_to_LFArm_rx,LUArm_to_LFArm,rx,0.19177401669502636,0.06313826044152278,-0.1286357562535036,0.04699694790918689,0.061905177535561344
671_T1_R1_vs_R2,natural_variability,6,LUArm_to_LFArm_ry,LUArm_to_LFArm,ry,0.1527104408621246,0.19418329134847226,0.04147285048634766,0.04699694790918689,0.061905177535561344
671_T1_R1_vs_R2,natural_variability,6,LUArm_to_LFArm_rz,LUArm_to_LFArm,rz,0.1465708968787184,0.07624683580418912,-0.07032406107452929,0.04699694790918689,0.061905177535561344
671_T1_R1_vs_R2,natural_variability,6,Neck_to_Head_rx,Neck_to_Head,rx,0.11851189790173577,0.013323255124401395,-0.10518864277733438,0.04699694790918689,0.061905177535561344
671_T1_R1_vs_R2,natural_variability,6,Neck_to_Head_ry,Neck_to_Head,ry,0.0245882062213715,0.07415065969945266,0.04956245347808116,0.04699694790918689,0.061905177535561344
671_T1_R1_vs_R2,natural_variability,6,Neck_to_Head_rz,Neck_to_Head,rz,0.021320874200220587,0.013322761691141072,-0.007998112509079515,0.04699694790918689,0.061905177535561344
671_T1_R1_vs_R2,natural_variability,6,RFArm_to_RHand_rx,RFArm_to_RHand,rx,0.04872789813000446,0.173580176835159,0.12485227870515454,0.04699694790918689,0.061905177535561344
671_T1_R1_vs_R2,natural_variability,6,RFArm_to_RHand_ry,RFArm_to_RHand,ry,0.09679028897986308,0.24258148952016945,0.14579120054030636,0.04699694790918689,0.061905177535561344
671_T1_R1_vs_R2,natural_variability,6,RFArm_to_RHand_rz,RFArm_to_RHand,rz,0.10693028449236083,0.11370172881016902,0.006771444317808184,0.04699694790918689,0.061905177535561344
671_T1_R1_vs_R2,natural_variability,6,RShin_to_RFoot_rx,RShin_to_RFoot,rx,0.22379049915434207,0.0007685498017606726,-0.2230219493525814,0.04699694790918689,0.061905177535561344
671_T1_R1_vs_R2,natural_variability,6,RShin_to_RFoot_ry,RShin_to_RFoot,ry,0.042516513509303216,0.07598357151048024,0.033467058001177025,0.04699694790918689,0.061905177535561344
671_T1_R1_vs_R2,natural_variability,6,RShin_to_RFoot_rz,RShin_to_RFoot,rz,0.09910783239749639,0.10883232305648098,0.009724490658984591,0.04699694790918689,0.061905177535561344
671_T1_R1_vs_R2,natural_variability,6,RShoulder_to_RUArm_rx,RShoulder_to_RUArm,rx,0.09628583165136356,0.15592658093971398,0.05964074928835042,0.04699694790918689,0.061905177535561344
671_T1_R1_vs_R2,natural_variability,6,RShoulder_to_RUArm_ry,RShoulder_to_RUArm,ry,0.31764677328480145,0.0014033789616165009,-0.31624339432318493,0.04699694790918689,0.061905177535561344
671_T1_R1_vs_R2,natural_variability,6,RShoulder_to_RUArm_rz,RShoulder_to_RUArm,rz,0.17534934083325227,0.0988019559788059,-0.07654738485444637,0.04699694790918689,0.061905177535561344
671_T1_R1_vs_R2,natural_variability,6,RThigh_to_RShin_rx,RThigh_to_RShin,rx,0.3189177498313137,0.18683148660161503,-0.13208626322969869,0.04699694790918689,0.061905177535561344
671_T1_R1_vs_R2,natural_variability,6,RThigh_to_RShin_ry,RThigh_to_RShin,ry,1.381004636737676e-09,5.8964204313751906e-08,5.758319967701423e-08,0.04699694790918689,0.061905177535561344
671_T1_R1_vs_R2,natural_variability,6,RThigh_to_RShin_rz,RThigh_to_RShin,rz,3.016823699424789e-09,1.5491043333687736e-08,1.2474219634262948e-08,0.04699694790918689,0.061905177535561344
671_T1_R1_vs_R2,natural_variability,6,RUArm_to_RFArm_rx,RUArm_to_RFArm,rx,0.43184062845384996,0.43404727390459713,0.002206645450747169,0.04699694790918689,0.061905177535561344
671_T1_R1_vs_R2,natural_variability,6,RUArm_to_RFArm_ry,RUArm_to_RFArm,ry,0.011717440402632956,0.273995080053493,0.26227763965086004,0.04699694790918689,0.061905177535561344
671_T1_R1_vs_R2,natural_variability,6,RUArm_to_RFArm_rz,RUArm_to_RFArm,rz,0.3091255637908668,0.2757931836227282,-0.03333238016813861,0.04699694790918689,0.061905177535561344
671_T1_R1_vs_R2,natural_variability,7,Chest_to_LShoulder_rx,Chest_to_LShoulder,rx,0.03456992845430229,0.019895729438063118,-0.014674199016239172,0.04139633557116582,0.0431011886562804
671_T1_R1_vs_R2,natural_variability,7,Chest_to_LShoulder_ry,Chest_to_LShoulder,ry,0.10307481618472782,0.10754733925989626,0.004472523075168447,0.04139633557116582,0.0431011886562804
671_T1_R1_vs_R2,natural_variability,7,Chest_to_LShoulder_rz,Chest_to_LShoulder,rz,0.04509725414908901,0.021342958027735996,-0.023754296121353012,0.04139633557116582,0.0431011886562804
671_T1_R1_vs_R2,natural_variability,7,Chest_to_Neck_rx,Chest_to_Neck,rx,0.04188939515924005,0.0917954132493974,0.04990601809015735,0.04139633557116582,0.0431011886562804
671_T1_R1_vs_R2,natural_variability,7,Chest_to_Neck_ry,Chest_to_Neck,ry,0.08244290023106511,0.018209326293456916,-0.0642335739376082,0.04139633557116582,0.0431011886562804
671_T1_R1_vs_R2,natural_variability,7,Chest_to_Neck_rz,Chest_to_Neck,rz,0.006399794094852105,0.01830534313649401,0.011905549041641903,0.04139633557116582,0.0431011886562804
671_T1_R1_vs_R2,natural_variability,7,Chest_to_RShoulder_rx,Chest_to_RShoulder,rx,0.1406824818734794,0.08190649635748469,-0.05877598551599471,0.04139633557116582,0.0431011886562804
671_T1_R1_vs_R2,natural_variability,7,Chest_to_RShoulder_ry,Chest_to_RShoulder,ry,0.051385334670536215,0.07743272802197242,0.0260473933514362,0.04139633557116582,0.0431011886562804
671_T1_R1_vs_R2,natural_variability,7,Chest_to_RShoulder_rz,Chest_to_RShoulder,rz,0.004030451969313667,0.11640391518904433,0.11237346321973067,0.04139633557116582,0.0431011886562804
671_T1_R1_vs_R2,natural_variability,7,LFArm_to_LHand_rx,LFArm_to_LHand,rx,0.02901699413072984,0.10924609290811217,0.08022909877738232,0.04139633557116582,0.0431011886562804
671_T1_R1_vs_R2,natural_variability,7,LFArm_to_LHand_ry,LFArm_to_LHand,ry,0.14133902512997523,0.004529332034252168,-0.13680969309572305,0.04139633557116582,0.0431011886562804
671_T1_R1_vs_R2,natural_variability,7,LFArm_to_LHand_rz,LFArm_to_LHand,rz,0.1549815957420524,0.28896329424229406,0.13398169850024166,0.04139633557116582,0.0431011886562804
671_T1_R1_vs_R2,natural_variability,7,LShin_to_LFoot_rx,LShin_to_LFoot,rx,0.060623464943524455,0.010203064090775042,-0.05042040085274942,0.04139633557116582,0.0431011886562804
671_T1_R1_vs_R2,natural_variability,7,LShin_to_LFoot_ry,LShin_to_LFoot,ry,0.05749228596851838,0.04694079354351776,-0.01055149242500062,0.04139633557116582,0.0431011886562804
671_T1_R1_vs_R2,natural_variability,7,LShin_to_LFoot_rz,LShin_to_LFoot,rz,0.08026027501476476,8.533711653891852e-05,-0.08017493789822584,0.04139633557116582,0.0431011886562804
671_T1_R1_vs_R2,natural_variability,7,LShoulder_to_LUArm_rx,LShoulder_to_LUArm,rx,0.02690072955227275,0.14848308784224595,0.1215823582899732,0.04139633557116582,0.0431011886562804
671_T1_R1_vs_R2,natural_variability,7,LShoulder_to_LUArm_ry,LShoulder_to_LUArm,ry,0.5761151225921529,0.571125789274326,-0.004989333317826916,0.04139633557116582,0.0431011886562804
671_T1_R1_vs_R2,natural_variability,7,LShoulder_to_LUArm_rz,LShoulder_to_LUArm,rz,0.13479176541657867,0.05301840331662353,-0.08177336209995514,0.04139633557116582,0.0431011886562804
671_T1_R1_vs_R2,natural_variability,7,LThigh_to_LShin_rx,LThigh_to_LShin,rx,0.10259596362748243,0.27329402927920726,0.17069806565172485,0.04139633557116582,0.0431011886562804
671_T1_R1_vs_R2,natural_variability,7,LThigh_to_LShin_ry,LThigh_to_LShin,ry,4.6480285225447346e-08,5.585091001800521e-11,-4.6424434315429344e-08,0.04139633557116582,0.0431011886562804
671_T1_R1_vs_R2,natural_variability,7,LThigh_to_LShin_rz,LThigh_to_LShin,rz,2.0168844998775035e-08,2.0799272497744092e-08,6.30427498969057e-10,0.04139633557116582,0.0431011886562804
671_T1_R1_vs_R2,natural_variability,7,LUArm_to_LFArm_rx,LUArm_to_LFArm,rx,0.11464147554863649,0.12914028557771876,0.014498810029082265,0.04139633557116582,0.0431011886562804
671_T1_R1_vs_R2,natural_variability,7,LUArm_to_LFArm_ry,LUArm_to_LFArm,ry,0.014099240117926893,0.23873772450503702,0.22463848438711012,0.04139633557116582,0.0431011886562804
671_T1_R1_vs_R2,natural_variability,7,LUArm_to_LFArm_rz,LUArm_to_LFArm,rz,0.10312785474715326,0.07123749345598926,-0.031890361291164,0.04139633557116582,0.0431011886562804
671_T1_R1_vs_R2,natural_variability,7,Neck_to_Head_rx,Neck_to_Head,rx,0.04188934334035714,0.09179544594398645,0.04990610260362931,0.04139633557116582,0.0431011886562804
671_T1_R1_vs_R2,natural_variability,7,Neck_to_Head_ry,Neck_to_Head,ry,0.08244290794886136,0.018209352133118445,-0.06423355581574292,0.04139633557116582,0.0431011886562804
671_T1_R1_vs_R2,natural_variability,7,Neck_to_Head_rz,Neck_to_Head,rz,0.006399784467431497,0.018305318462964935,0.011905533995533438,0.04139633557116582,0.0431011886562804
671_T1_R1_vs_R2,natural_variability,7,RFArm_to_RHand_rx,RFArm_to_RHand,rx,0.12965381289137612,0.022326702083261738,-0.10732711080811438,0.04139633557116582,0.0431011886562804
671_T1_R1_vs_R2,natural_variability,7,RFArm_to_RHand_ry,RFArm_to_RHand,ry,0.18380652434120698,0.011488183633109694,-0.1723183407080973,0.04139633557116582,0.0431011886562804
671_T1_R1_vs_R2,natural_variability,7,RFArm_to_RHand_rz,RFArm_to_RHand,rz,0.06842905909924696,0.05006084206863436,-0.018368217030612595,0.04139633557116582,0.0431011886562804
671_T1_R1_vs_R2,natural_variability,7,RShin_to_RFoot_rx,RShin_to_RFoot,rx,0.022005514541628975,0.1224063226764911,0.10040080813486213,0.04139633557116582,0.0431011886562804
671_T1_R1_vs_R2,natural_variability,7,RShin_to_RFoot_ry,RShin_to_RFoot,ry,0.07155515997229361,0.0830588439231626,0.011503683950868981,0.04139633557116582,0.0431011886562804
671_T1_R1_vs_R2,natural_variability,7,RShin_to_RFoot_rz,RShin_to_RFoot,rz,0.14874479852936726,0.0947458539231648,-0.053998944606202456,0.04139633557116582,0.0431011886562804
671_T1_R1_vs_R2,natural_variability,7,RShoulder_to_RUArm_rx,RShoulder_to_RUArm,rx,0.30916098319383384,0.1680726623339922,-0.14108832085984163,0.04139633557116582,0.0431011886562804
671_T1_R1_vs_R2,natural_variability,7,RShoulder_to_RUArm_ry,RShoulder_to_RUArm,ry,0.05491804611495493,0.26730701801264917,0.21238897189769423,0.04139633557116582,0.0431011886562804
671_T1_R1_vs_R2,natural_variability,7,RShoulder_to_RUArm_rz,RShoulder_to_RUArm,rz,0.09440419870585438,0.05650886994164094,-0.03789532876421344,0.04139633557116582,0.0431011886562804
671_T1_R1_vs_R2,natural_variability,7,RThigh_to_RShin_rx,RThigh_to_RShin,rx,0.39160731868205806,0.3588205397521686,-0.03278677892988946,0.04139633557116582,0.0431011886562804
671_T1_R1_vs_R2,natural_variability,7,RThigh_to_RShin_ry,RThigh_to_RShin,ry,7.173394867131687e-08,2.7238980565328156e-08,-4.4494968105988715e-08,0.04139633557116582,0.0431011886562804
671_T1_R1_vs_R2,natural_variability,7,RThigh_to_RShin_rz,RThigh_to_RShin,rz,1.2204658936359738e-08,1.5589550567495608e-09,-1.0645703879610176e-08,0.04139633557116582,0.0431011886562804
671_T1_R1_vs_R2,natural_variability,7,RUArm_to_RFArm_rx,RUArm_to_RFArm,rx,0.27181173948921655,0.12885955793558074,-0.14295218155363582,0.04139633557116582,0.0431011886562804
671_T1_R1_vs_R2,natural_variability,7,RUArm_to_RFArm_ry,RUArm_to_RFArm,ry,0.2520889176713575,0.20752396106714807,-0.04456495660420942,0.04139633557116582,0.0431011886562804
671_T1_R1_vs_R2,natural_variability,7,RUArm_to_RFArm_rz,RUArm_to_RFArm,rz,0.1471293950711931,0.12484270406996144,-0.022286691001231665,0.04139633557116582,0.0431011886562804
671_T1_R1_vs_R2,natural_variability,8,Chest_to_LShoulder_rx,Chest_to_LShoulder,rx,0.026477547289952073,0.0009403261399965853,-0.025537221149955488,0.03402361690942223,0.03177438017865359
671_T1_R1_vs_R2,natural_variability,8,Chest_to_LShoulder_ry,Chest_to_LShoulder,ry,0.03690153726427025,0.022246006325442498,-0.014655530938827752,0.03402361690942223,0.03177438017865359
671_T1_R1_vs_R2,natural_variability,8,Chest_to_LShoulder_rz,Chest_to_LShoulder,rz,0.09718645422972728,0.10782335152216695,0.010636897292439662,0.03402361690942223,0.03177438017865359
671_T1_R1_vs_R2,natural_variability,8,Chest_to_Neck_rx,Chest_to_Neck,rx,0.0076909504556643546,0.017612645312645097,0.009921694856980742,0.03402361690942223,0.03177438017865359
671_T1_R1_vs_R2,natural_variability,8,Chest_to_Neck_ry,Chest_to_Neck,ry,0.03088595511832494,0.014834367571406175,-0.016051587546918766,0.03402361690942223,0.03177438017865359
671_T1_R1_vs_R2,natural_variability,8,Chest_to_Neck_rz,Chest_to_Neck,rz,0.005695266727771561,0.0027749539907306964,-0.0029203127370408645,0.03402361690942223,0.03177438017865359
671_T1_R1_vs_R2,natural_variability,8,Chest_to_RShoulder_rx,Chest_to_RShoulder,rx,0.058219852302840776,0.09455263143526285,0.036332779132422076,0.03402361690942223,0.03177438017865359
671_T1_R1_vs_R2,natural_variability,8,Chest_to_RShoulder_ry,Chest_to_RShoulder,ry,0.04640630661561367,0.03725306642949697,-0.009153240186116705,0.03402361690942223,0.03177438017865359
671_T1_R1_vs_R2,natural_variability,8,Chest_to_RShoulder_rz,Chest_to_RShoulder,rz,0.0534245387629087,0.0232432090156271,-0.0301813297472816,0.03402361690942223,0.03177438017865359
671_T1_R1_vs_R2,natural_variability,8,LFArm_to_LHand_rx,LFArm_to_LHand,rx,0.06525332927076906,0.11929085728108582,0.05403752801031676,0.03402361690942223,0.03177438017865359
671_T1_R1_vs_R2,natural_variability,8,LFArm_to_LHand_ry,LFArm_to_LHand,ry,0.181443871911788,0.20076592045116284,0.01932204853937483,0.03402361690942223,0.03177438017865359
671_T1_R1_vs_R2,natural_variability,8,LFArm_to_LHand_rz,LFArm_to_LHand,rz,0.19568639783458194,0.057575606169379734,-0.1381107916652022,0.03402361690942223,0.03177438017865359
671_T1_R1_vs_R2,natural_variability,8,LShin_to_LFoot_rx,LShin_to_LFoot,rx,0.08371075850282494,0.06829643115783351,-0.01541432734499143,0.03402361690942223,0.03177438017865359
671_T1_R1_vs_R2,natural_variability,8,LShin_to_LFoot_ry,LShin_to_LFoot,ry,0.06278181716922322,0.008438254176050023,-0.0543435629931732,0.03402361690942223,0.03177438017865359
671_T1_R1_vs_R2,natural_variability,8,LShin_to_LFoot_rz,LShin_to_LFoot,rz,0.0782433441163309,0.0562027435379053,-0.022040600578425593,0.03402361690942223,0.03177438017865359
671_T1_R1_vs_R2,natural_variability,8,LShoulder_to_LUArm_rx,LShoulder_to_LUArm,rx,0.044772392186632495,0.049619218083456096,0.0048468258968236005,0.03402361690942223,0.03177438017865359
671_T1_R1_vs_R2,natural_variability,8,LShoulder_to_LUArm_ry,LShoulder_to_LUArm,ry,0.20162519082210514,0.06429013823795562,-0.13733505258414952,0.03402361690942223,0.03177438017865359
671_T1_R1_vs_R2,natural_variability,8,LShoulder_to_LUArm_rz,LShoulder_to_LUArm,rz,0.20831367271017293,0.20542657628094838,-0.0028870964292245505,0.03402361690942223,0.03177438017865359
671_T1_R1_vs_R2,natural_variability,8,LThigh_to_LShin_rx,LThigh_to_LShin,rx,0.10330603994673236,0.14176909993924486,0.0384630599925125,0.03402361690942223,0.03177438017865359
671_T1_R1_vs_R2,natural_variability,8,LThigh_to_LShin_ry,LThigh_to_LShin,ry,2.4998207983136305e-08,6.287087147705407e-09,-1.87111208354309e-08,0.03402361690942223,0.03177438017865359
671_T1_R1_vs_R2,natural_variability,8,LThigh_to_LShin_rz,LThigh_to_LShin,rz,1.0518769459691226e-08,1.1695059563392171e-08,1.176290103700945e-09,0.03402361690942223,0.03177438017865359
671_T1_R1_vs_R2,natural_variability,8,LUArm_to_LFArm_rx,LUArm_to_LFArm,rx,0.40100313573652735,0.4553578901693998,0.054354754432872465,0.03402361690942223,0.03177438017865359
671_T1_R1_vs_R2,natural_variability,8,LUArm_to_LFArm_ry,LUArm_to_LFArm,ry,0.3046569269171687,0.23151966183056802,-0.0731372650866007,0.03402361690942223,0.03177438017865359
671_T1_R1_vs_R2,natural_variability,8,LUArm_to_LFArm_rz,LUArm_to_LFArm,rz,0.17148555285426575,0.2100535138791082,0.038567961024842445,0.03402361690942223,0.03177438017865359
671_T1_R1_vs_R2,natural_variability,8,Neck_to_Head_rx,Neck_to_Head,rx,0.007690915189516394,0.01761268769593729,0.009921772506420894,0.03402361690942223,0.03177438017865359
671_T1_R1_vs_R2,natural_variability,8,Neck_to_Head_ry,Neck_to_Head,ry,0.030885991409247825,0.014834389312476,-0.016051602096771825,0.03402361690942223,0.03177438017865359
671_T1_R1_vs_R2,natural_variability,8,Neck_to_Head_rz,Neck_to_Head,rz,0.0056952801443377,0.002774981678401883,-0.0029202984659358173,0.03402361690942223,0.03177438017865359
671_T1_R1_vs_R2,natural_variability,8,RFArm_to_RHand_rx,RFArm_to_RHand,rx,0.025845023791907847,0.05654012396395395,0.030695100172046103,0.03402361690942223,0.03177438017865359
671_T1_R1_vs_R2,natural_variability,8,RFArm_to_RHand_ry,RFArm_to_RHand,ry,0.1461697761896434,0.0951155095476876,-0.05105426664195581,0.03402361690942223,0.03177438017865359
671_T1_R1_vs_R2,natural_variability,8,RFArm_to_RHand_rz,RFArm_to_RHand,rz,0.08989205035399635,0.22179841007364515,0.1319063597196488,0.03402361690942223,0.03177438017865359
671_T1_R1_vs_R2,natural_variability,8,RShin_to_RFoot_rx,RShin_to_RFoot,rx,0.2057744474642022,0.21238477724257115,0.006610329778368951,0.03402361690942223,0.03177438017865359
671_T1_R1_vs_R2,natural_variability,8,RShin_to_RFoot_ry,RShin_to_RFoot,ry,0.0792132266717532,0.07791988350169743,-0.0012933431700557774,0.03402361690942223,0.03177438017865359
671_T1_R1_vs_R2,natural_variability,8,RShin_to_RFoot_rz,RShin_to_RFoot,rz,0.044192638559654496,0.05131929362416329,0.007126655064508797,0.03402361690942223,0.03177438017865359
671_T1_R1_vs_R2,natural_variability,8,RShoulder_to_RUArm_rx,RShoulder_to_RUArm,rx,0.2695382062977478,0.3269586059368898,0.05742039963914203,0.03402361690942223,0.03177438017865359
671_T1_R1_vs_R2,natural_variability,8,RShoulder_to_RUArm_ry,RShoulder_to_RUArm,ry,0.15541230221779953,0.16454620354126007,0.009133901323460536,0.03402361690942223,0.03177438017865359
671_T1_R1_vs_R2,natural_variability,8,RShoulder_to_RUArm_rz,RShoulder_to_RUArm,rz,0.001982123558146571,0.07217599032951787,0.0701938667713713,0.03402361690942223,0.03177438017865359
671_T1_R1_vs_R2,natural_variability,8,RThigh_to_RShin_rx,RThigh_to_RShin,rx,0.28541721172500856,0.3682111767966383,0.08279396507162973,0.03402361690942223,0.03177438017865359
671_T1_R1_vs_R2,natural_variability,8,RThigh_to_RShin_ry,RThigh_to_RShin,ry,2.910612282250961e-08,3.9299879476470015e-08,1.0193756653960403e-08,0.03402361690942223,0.03177438017865359
671_T1_R1_vs_R2,natural_variability,8,RThigh_to_RShin_rz,RThigh_to_RShin,rz,3.6013942856592973e-09,4.307327293812744e-09,7.059330081534465e-10,0.03402361690942223,0.03177438017865359
671_T1_R1_vs_R2,natural_variability,8,RUArm_to_RFArm_rx,RUArm_to_RFArm,rx,0.4107624476711255,0.29610356788802145,-0.11465887978310407,0.03402361690942223,0.03177438017865359
671_T1_R1_vs_R2,natural_variability,8,RUArm_to_RFArm_ry,RUArm_to_RFArm,ry,0.030628672308777655,0.1266956952643658,0.09606702295558815,0.03402361690942223,0.03177438017865359
671_T1_R1_vs_R2,natural_variability,8,RUArm_to_RFArm_rz,RUArm_to_RFArm,rz,0.2776495204311986,0.2060898629639868,-0.07155965746721182,0.03402361690942223,0.03177438017865359
