comparison_id,kind,pc,feature,link_id,axis,loading_A_abs,loading_B_reprojected_abs,jcvpca_axis,explained_variance_A,explained_variance_B_projected
671_T1_vs_T2,longitudinal,1,Chest_to_LShoulder_rx,Chest_to_LShoulder,rx,0.11160349248274923,0.01365080006825505,-0.09795269241449418,0.23139372218805004,0.21422549520561418
671_T1_vs_T2,longitudinal,1,Chest_to_LShoulder_ry,Chest_to_LShoulder,ry,0.004353355062863107,0.01684260771001196,0.012489252647148855,0.23139372218805004,0.21422549520561418
671_T1_vs_T2,longitudinal,1,Chest_to_LShoulder_rz,Chest_to_LShoulder,rz,0.055499134869359396,0.024632879128730745,-0.03086625574062865,0.23139372218805004,0.21422549520561418
671_T1_vs_T2,longitudinal,1,Chest_to_Neck_rx,Chest_to_Neck,rx,0.023757936100491192,0.04602654180567964,0.022268605705188446,0.23139372218805004,0.21422549520561418
671_T1_vs_T2,longitudinal,1,Chest_to_Neck_ry,Chest_to_Neck,ry,0.010607457745181655,0.01730833603919294,0.006700878294011286,0.23139372218805004,0.21422549520561418
671_T1_vs_T2,longitudinal,1,Chest_to_Neck_rz,Chest_to_Neck,rz,0.01858102570314843,0.01744363566821069,-0.0011373900349377387,0.23139372218805004,0.21422549520561418
671_T1_vs_T2,longitudinal,1,Chest_to_RShoulder_rx,Chest_to_RShoulder,rx,0.04190254741001238,0.15667938460628197,0.1147768371962696,0.23139372218805004,0.21422549520561418
671_T1_vs_T2,longitudinal,1,Chest_to_RShoulder_ry,Chest_to_RShoulder,ry,0.016104035708831153,0.012322685924971325,-0.0037813497838598276,0.23139372218805004,0.21422549520561418
671_T1_vs_T2,longitudinal,1,Chest_to_RShoulder_rz,Chest_to_RShoulder,rz,0.028542395621266647,0.043316881404605004,0.014774485783338356,0.23139372218805004,0.21422549520561418
671_T1_vs_T2,longitudinal,1,LFArm_to_LHand_rx,LFArm_to_LHand,rx,0.23826377608680666,0.0632765706571904,-0.17498720542961627,0.23139372218805004,0.21422549520561418
671_T1_vs_T2,longitudinal,1,LFArm_to_LHand_ry,LFArm_to_LHand,ry,0.018351072166958585,0.10266251139649724,0.08431143922953865,0.23139372218805004,0.21422549520561418
671_T1_vs_T2,longitudinal,1,LFArm_to_LHand_rz,LFArm_to_LHand,rz,0.37367839810735803,0.08631717153284345,-0.28736122657451457,0.23139372218805004,0.21422549520561418
671_T1_vs_T2,longitudinal,1,LShin_to_LFoot_rx,LShin_to_LFoot,rx,0.0001717122393810524,0.049255618971023214,0.04908390673164216,0.23139372218805004,0.21422549520561418
671_T1_vs_T2,longitudinal,1,LShin_to_LFoot_ry,LShin_to_LFoot,ry,0.05174471557853686,0.06622539006387894,0.014480674485342078,0.23139372218805004,0.21422549520561418
671_T1_vs_T2,longitudinal,1,LShin_to_LFoot_rz,LShin_to_LFoot,rz,0.037991471346784114,0.05902353143775744,0.021032060090973324,0.23139372218805004,0.21422549520561418
671_T1_vs_T2,longitudinal,1,LShoulder_to_LUArm_rx,LShoulder_to_LUArm,rx,0.2983578753769931,0.06334736328759326,-0.23501051208939983,0.23139372218805004,0.21422549520561418
671_T1_vs_T2,longitudinal,1,LShoulder_to_LUArm_ry,LShoulder_to_LUArm,ry,0.11052741410140435,0.10413489332825983,-0.006392520773144519,0.23139372218805004,0.21422549520561418
671_T1_vs_T2,longitudinal,1,LShoulder_to_LUArm_rz,LShoulder_to_LUArm,rz,0.1285989116595175,0.038714137690166274,-0.08988477396935124,0.23139372218805004,0.21422549520561418
671_T1_vs_T2,longitudinal,1,LThigh_to_LShin_rx,LThigh_to_LShin,rx,0.08523456856250052,0.06475558147285525,-0.020478987089645267,0.23139372218805004,0.21422549520561418
671_T1_vs_T2,longitudinal,1,LThigh_to_LShin_ry,LThigh_to_LShin,ry,9.010139597628084e-09,1.8442588012955547e-08,9.432448415327464e-09,0.23139372218805004,0.21422549520561418
671_T1_vs_T2,longitudinal,1,LThigh_to_LShin_rz,LThigh_to_LShin,rz,6.2173113925321096e-09,1.5434076587040746e-08,9.216765194508636e-09,0.23139372218805004,0.21422549520561418
671_T1_vs_T2,longitudinal,1,LUArm_to_LFArm_rx,LUArm_to_LFArm,rx,0.04639202345879797,0.05431369433063938,0.00792167087184141,0.23139372218805004,0.21422549520561418
671_T1_vs_T2,longitudinal,1,LUArm_to_LFArm_ry,LUArm_to_LFArm,ry,0.5415158327155498,0.31470342740599927,-0.22681240530955055,0.23139372218805004,0.21422549520561418
671_T1_vs_T2,longitudinal,1,LUArm_to_LFArm_rz,LUArm_to_LFArm,rz,0.10387710051392017,0.02185148129769345,-0.08202561921622673,0.23139372218805004,0.21422549520561418
671_T1_vs_T2,longitudinal,1,Neck_to_Head_rx,Neck_to_Head,rx,0.023757945154779577,0.04602650203493325,0.02226855688015367,0.23139372218805004,0.21422549520561418
671_T1_vs_T2,longitudinal,1,Neck_to_Head_ry,Neck_to_Head,ry,0.0106074368029772,0.017308375542799983,0.006700938739822783,0.23139372218805004,0.21422549520561418
671_T1_vs_T2,longitudinal,1,Neck_to_Head_rz,Neck_to_Head,rz,0.01858103941746347,0.01744365208180821,-0.0011373873356552607,0.23139372218805004,0.21422549520561418
671_T1_vs_T2,longitudinal,1,RFArm_to_RHand_rx,RFArm_to_RHand,rx,0.2614847749380405,0.10477703560923972,-0.15670773932880078,0.23139372218805004,0.21422549520561418
671_T1_vs_T2,longitudinal,1,RFArm_to_RHand_ry,RFArm_to_RHand,ry,0.08527973728772169,0.09984728258988876,0.01456754530216707,0.23139372218805004,0.21422549520561418
671_T1_vs_T2,longitudinal,1,RFArm_to_RHand_rz,RFArm_to_RHand,rz,0.4657175151047921,0.5443864158617833,0.07866890075699118,0.23139372218805004,0.21422549520561418
671_T1_vs_T2,longitudinal,1,RShin_to_RFoot_rx,RShin_to_RFoot,rx,0.04434534763581562,0.004029913263051913,-0.040315434372763706,0.23139372218805004,0.21422549520561418
671_T1_vs_T2,longitudinal,1,RShin_to_RFoot_ry,RShin_to_RFoot,ry,0.032638556605575,0.026252810740325826,-0.006385745865249173,0.23139372218805004,0.21422549520561418
671_T1_vs_T2,longitudinal,1,RShin_to_RFoot_rz,RShin_to_RFoot,rz,0.03510921852143612,0.017411273642670262,-0.01769794487876586,0.23139372218805004,0.21422549520561418
671_T1_vs_T2,longitudinal,1,RShoulder_to_RUArm_rx,RShoulder_to_RUArm,rx,0.13928938561025772,0.4508290747013387,0.311539689091081,0.23139372218805004,0.21422549520561418
671_T1_vs_T2,longitudinal,1,RShoulder_to_RUArm_ry,RShoulder_to_RUArm,ry,0.05040917807146052,0.012191634623860753,-0.03821754344759976,0.23139372218805004,0.21422549520561418
671_T1_vs_T2,longitudinal,1,RShoulder_to_RUArm_rz,RShoulder_to_RUArm,rz,0.020903392526688044,0.08683925335605526,0.06593586082936721,0.23139372218805004,0.21422549520561418
671_T1_vs_T2,longitudinal,1,RThigh_to_RShin_rx,RThigh_to_RShin,rx,0.03003460289805667,0.19423096318294397,0.1641963602848873,0.23139372218805004,0.21422549520561418
671_T1_vs_T2,longitudinal,1,RThigh_to_RShin_ry,RThigh_to_RShin,ry,1.0917718116574125e-08,5.6957717365002444e-08,4.603999924842832e-08,0.23139372218805004,0.21422549520561418
671_T1_vs_T2,longitudinal,1,RThigh_to_RShin_rz,RThigh_to_RShin,rz,1.4614706881997458e-08,2.6017229164022568e-08,1.140252228202511e-08,0.23139372218805004,0.21422549520561418
671_T1_vs_T2,longitudinal,1,RUArm_to_RFArm_rx,RUArm_to_RFArm,rx,0.08830763668856907,0.2740113807749638,0.18570374408639473,0.23139372218805004,0.21422549520561418
671_T1_vs_T2,longitudinal,1,RUArm_to_RFArm_ry,RUArm_to_RFArm,ry,0.12882960623699474,0.3784662282194632,0.24963662198246844,0.23139372218805004,0.21422549520561418
671_T1_vs_T2,longitudinal,1,RUArm_to_RFArm_rz,RUArm_to_RFArm,rz,0.05485375421738851,0.1621830594326487,0.10732930521526021,0.23139372218805004,0.21422549520561418
671_T1_vs_T2,longitudinal,2,Chest_to_LShoulder_rx,Chest_to_LShoulder,rx,0.012413809416663747,0.1533456569587767,0.14093184754211294,0.18780038834378207,0.1939661681101535
671_T1_vs_T2,longitudinal,2,Chest_to_LShoulder_ry,Chest_to_LShoulder,ry,0.01207882198986226,0.01119805719416571,-0.0008807647956965495,0.18780038834378207,0.1939661681101535
671_T1_vs_T2,longitudinal,2,Chest_to_LShoulder_rz,Chest_to_LShoulder,rz,0.01341682511667111,0.0053402629071624555,-0.008076562209508656,0.18780038834378207,0.1939661681101535
671_T1_vs_T2,longitudinal,2,Chest_to_Neck_rx,Chest_to_Neck,rx,0.02032640746299611,0.01204636989124726,-0.008280037571748852,0.18780038834378207,0.1939661681101535
671_T1_vs_T2,longitudinal,2,Chest_to_Neck_ry,Chest_to_Neck,ry,0.0036214515271624386,0.012295657162499331,0.008674205635336893,0.18780038834378207,0.1939661681101535
671_T1_vs_T2,longitudinal,2,Chest_to_Neck_rz,Chest_to_Neck,rz,0.008703488910341716,0.0026176849013412468,-0.006085804009000469,0.18780038834378207,0.1939661681101535
671_T1_vs_T2,longitudinal,2,Chest_to_RShoulder_rx,Chest_to_RShoulder,rx,0.06855258588395537,0.00491732411941527,-0.0636352617645401,0.18780038834378207,0.1939661681101535
671_T1_vs_T2,longitudinal,2,Chest_to_RShoulder_ry,Chest_to_RShoulder,ry,0.017253581826855297,0.0227404380856745,0.005486856258819204,0.18780038834378207,0.1939661681101535
671_T1_vs_T2,longitudinal,2,Chest_to_RShoulder_rz,Chest_to_RShoulder,rz,0.09360525736374481,0.03658248342167649,-0.05702277394206832,0.18780038834378207,0.1939661681101535
671_T1_vs_T2,longitudinal,2,LFArm_to_LHand_rx,LFArm_to_LHand,rx,0.012241882529156525,0.3704931819594703,0.35825129943031375,0.18780038834378207,0.1939661681101535
671_T1_vs_T2,longitudinal,2,LFArm_to_LHand_ry,LFArm_to_LHand,ry,0.026188923113035317,0.07115057571273639,0.04496165259970107,0.18780038834378207,0.1939661681101535
671_T1_vs_T2,longitudinal,2,LFArm_to_LHand_rz,LFArm_to_LHand,rz,0.021413089246568245,0.6220510549140111,0.6006379656674429,0.18780038834378207,0.1939661681101535
671_T1_vs_T2,longitudinal,2,LShin_to_LFoot_rx,LShin_to_LFoot,rx,0.022651589989330992,0.061751677410878066,0.039100087421547074,0.18780038834378207,0.1939661681101535
671_T1_vs_T2,longitudinal,2,LShin_to_LFoot_ry,LShin_to_LFoot,ry,0.09289559284506246,0.1257392179245722,0.03284362507950975,0.18780038834378207,0.1939661681101535
671_T1_vs_T2,longitudinal,2,LShin_to_LFoot_rz,LShin_to_LFoot,rz,0.006723250169434944,0.03296712481705827,0.026243874647623323,0.18780038834378207,0.1939661681101535
671_T1_vs_T2,longitudinal,2,LShoulder_to_LUArm_rx,LShoulder_to_LUArm,rx,0.013706817065557545,0.4498333132332272,0.4361264961676697,0.18780038834378207,0.1939661681101535
671_T1_vs_T2,longitudinal,2,LShoulder_to_LUArm_ry,LShoulder_to_LUArm,ry,0.08882430869230308,0.0040653602185596535,-0.08475894847374343,0.18780038834378207,0.1939661681101535
671_T1_vs_T2,longitudinal,2,LShoulder_to_LUArm_rz,LShoulder_to_LUArm,rz,0.029477130051221864,0.18386256105633214,0.15438543100511026,0.18780038834378207,0.1939661681101535
671_T1_vs_T2,longitudinal,2,LThigh_to_LShin_rx,LThigh_to_LShin,rx,0.04162643217802003,0.07388297700678577,0.03225654482876574,0.18780038834378207,0.1939661681101535
671_T1_vs_T2,longitudinal,2,LThigh_to_LShin_ry,LThigh_to_LShin,ry,4.1739124802262955e-09,2.0373200179032236e-08,1.619928769880594e-08,0.18780038834378207,0.1939661681101535
671_T1_vs_T2,longitudinal,2,LThigh_to_LShin_rz,LThigh_to_LShin,rz,9.997606430801407e-09,5.651799813068099e-09,-4.345806617733307e-09,0.18780038834378207,0.1939661681101535
671_T1_vs_T2,longitudinal,2,LUArm_to_LFArm_rx,LUArm_to_LFArm,rx,0.22132600724623122,0.026845457598987977,-0.19448054964724323,0.18780038834378207,0.1939661681101535
671_T1_vs_T2,longitudinal,2,LUArm_to_LFArm_ry,LUArm_to_LFArm,ry,0.50322960381444,0.1738169886731121,-0.3294126151413279,0.18780038834378207,0.1939661681101535
671_T1_vs_T2,longitudinal,2,LUArm_to_LFArm_rz,LUArm_to_LFArm,rz,0.1420121187837321,0.06052422471720126,-0.08148789406653084,0.18780038834378207,0.1939661681101535
671_T1_vs_T2,longitudinal,2,Neck_to_Head_rx,Neck_to_Head,rx,0.020326384844493908,0.012046378034401182,-0.008280006810092727,0.18780038834378207,0.1939661681101535
671_T1_vs_T2,longitudinal,2,Neck_to_Head_ry,Neck_to_Head,ry,0.003621424139051954,0.012295714991172485,0.008674290852120532,0.18780038834378207,0.1939661681101535
671_T1_vs_T2,longitudinal,2,Neck_to_Head_rz,Neck_to_Head,rz,0.008703511206740736,0.002617689123248129,-0.006085822083492607,0.18780038834378207,0.1939661681101535
671_T1_vs_T2,longitudinal,2,RFArm_to_RHand_rx,RFArm_to_RHand,rx,0.2274240361410617,0.15999122259168022,-0.06743281354938147,0.18780038834378207,0.1939661681101535
671_T1_vs_T2,longitudinal,2,RFArm_to_RHand_ry,RFArm_to_RHand,ry,0.06709465315103841,0.03143000702240255,-0.03566464612863586,0.18780038834378207,0.1939661681101535
671_T1_vs_T2,longitudinal,2,RFArm_to_RHand_rz,RFArm_to_RHand,rz,0.533288284643944,0.2392385606865181,-0.29404972395742585,0.18780038834378207,0.1939661681101535
671_T1_vs_T2,longitudinal,2,RShin_to_RFoot_rx,RShin_to_RFoot,rx,0.03579077496138733,0.006719089608693558,-0.02907168535269377,0.18780038834378207,0.1939661681101535
671_T1_vs_T2,longitudinal,2,RShin_to_RFoot_ry,RShin_to_RFoot,ry,0.024077026395027214,0.004211110292970546,-0.019865916102056666,0.18780038834378207,0.1939661681101535
671_T1_vs_T2,longitudinal,2,RShin_to_RFoot_rz,RShin_to_RFoot,rz,0.03240153704901955,0.08689771802302096,0.054496180974001406,0.18780038834378207,0.1939661681101535
671_T1_vs_T2,longitudinal,2,RShoulder_to_RUArm_rx,RShoulder_to_RUArm,rx,0.2518816791053494,0.025107108962278107,-0.2267745701430713,0.18780038834378207,0.1939661681101535
671_T1_vs_T2,longitudinal,2,RShoulder_to_RUArm_ry,RShoulder_to_RUArm,ry,0.07964791045663215,0.02980609506789942,-0.04984181538873273,0.18780038834378207,0.1939661681101535
671_T1_vs_T2,longitudinal,2,RShoulder_to_RUArm_rz,RShoulder_to_RUArm,rz,0.032638515186172855,0.03576665349139449,0.0031281383052216352,0.18780038834378207,0.1939661681101535
671_T1_vs_T2,longitudinal,2,RThigh_to_RShin_rx,RThigh_to_RShin,rx,0.1332904363018925,0.16406469667977233,0.030774260377879836,0.18780038834378207,0.1939661681101535
671_T1_vs_T2,longitudinal,2,RThigh_to_RShin_ry,RThigh_to_RShin,ry,1.7904269769333042e-08,3.843145353408929e-09,-1.4061124415924113e-08,0.18780038834378207,0.1939661681101535
671_T1_vs_T2,longitudinal,2,RThigh_to_RShin_rz,RThigh_to_RShin,rz,2.976271786672703e-08,6.910718816380153e-09,-2.285199905034688e-08,0.18780038834378207,0.1939661681101535
671_T1_vs_T2,longitudinal,2,RUArm_to_RFArm_rx,RUArm_to_RFArm,rx,0.1526877432523839,0.041881356567815956,-0.11080638668456795,0.18780038834378207,0.1939661681101535
671_T1_vs_T2,longitudinal,2,RUArm_to_RFArm_ry,RUArm_to_RFArm,ry,0.42898043984322526,0.15644298494414888,-0.2725374548990764,0.18780038834378207,0.1939661681101535
671_T1_vs_T2,longitudinal,2,RUArm_to_RFArm_rz,RUArm_to_RFArm,rz,0.04141099574238601,0.01596672082134875,-0.025444274921037263,0.18780038834378207,0.1939661681101535
671_T1_vs_T2,longitudinal,3,Chest_to_LShoulder_rx,Chest_to_LShoulder,rx,0.017752013124000467,0.019819073502017594,0.002067060378017127,0.12172361152067737,0.14546056006743763
671_T1_vs_T2,longitudinal,3,Chest_to_LShoulder_ry,Chest_to_LShoulder,ry,0.05350275761745188,0.03340592945252682,-0.020096828164925057,0.12172361152067737,0.14546056006743763
671_T1_vs_T2,longitudinal,3,Chest_to_LShoulder_rz,Chest_to_LShoulder,rz,0.005507866644501203,0.019751355522439236,0.014243488877938033,0.12172361152067737,0.14546056006743763
671_T1_vs_T2,longitudinal,3,Chest_to_Neck_rx,Chest_to_Neck,rx,0.042838506056171316,0.11147035762178242,0.06863185156561111,0.12172361152067737,0.14546056006743763
671_T1_vs_T2,longitudinal,3,Chest_to_Neck_ry,Chest_to_Neck,ry,0.03257854964392777,0.011183821457458335,-0.021394728186469435,0.12172361152067737,0.14546056006743763
671_T1_vs_T2,longitudinal,3,Chest_to_Neck_rz,Chest_to_Neck,rz,0.03716316666347874,0.01961914516935303,-0.017544021494125712,0.12172361152067737,0.14546056006743763
671_T1_vs_T2,longitudinal,3,Chest_to_RShoulder_rx,Chest_to_RShoulder,rx,0.12187011068397474,0.10812714081415994,-0.013742969869814797,0.12172361152067737,0.14546056006743763
671_T1_vs_T2,longitudinal,3,Chest_to_RShoulder_ry,Chest_to_RShoulder,ry,0.0646881981229224,0.04299304088644159,-0.021695157236480807,0.12172361152067737,0.14546056006743763
671_T1_vs_T2,longitudinal,3,Chest_to_RShoulder_rz,Chest_to_RShoulder,rz,0.024441064035242443,0.04819859629312981,0.023757532257887366,0.12172361152067737,0.14546056006743763
671_T1_vs_T2,longitudinal,3,LFArm_to_LHand_rx,LFArm_to_LHand,rx,0.04687893509153532,0.06602307494619182,0.019144139854656503,0.12172361152067737,0.14546056006743763
671_T1_vs_T2,longitudinal,3,LFArm_to_LHand_ry,LFArm_to_LHand,ry,0.01994267271781277,0.019947249386063685,4.5766682509156e-06,0.12172361152067737,0.14546056006743763
671_T1_vs_T2,longitudinal,3,LFArm_to_LHand_rz,LFArm_to_LHand,rz,0.12418403421636008,0.15613015096212368,0.0319461167457636,0.12172361152067737,0.14546056006743763
671_T1_vs_T2,longitudinal,3,LShin_to_LFoot_rx,LShin_to_LFoot,rx,0.08118518870887419,0.11488115260961923,0.03369596390074504,0.12172361152067737,0.14546056006743763
671_T1_vs_T2,longitudinal,3,LShin_to_LFoot_ry,LShin_to_LFoot,ry,0.1453920922750686,0.004472094221897215,-0.1409199980531714,0.12172361152067737,0.14546056006743763
671_T1_vs_T2,longitudinal,3,LShin_to_LFoot_rz,LShin_to_LFoot,rz,0.015031439251243417,0.028385893928402517,0.0133544546771591,0.12172361152067737,0.14546056006743763
671_T1_vs_T2,longitudinal,3,LShoulder_to_LUArm_rx,LShoulder_to_LUArm,rx,0.0920086725934157,0.09359836051265945,0.001589687919243743,0.12172361152067737,0.14546056006743763
671_T1_vs_T2,longitudinal,3,LShoulder_to_LUArm_ry,LShoulder_to_LUArm,ry,0.2968681114866392,0.2278976379710445,-0.06897047351559471,0.12172361152067737,0.14546056006743763
671_T1_vs_T2,longitudinal,3,LShoulder_to_LUArm_rz,LShoulder_to_LUArm,rz,0.028137850495064322,0.007245499816813051,-0.02089235067825127,0.12172361152067737,0.14546056006743763
671_T1_vs_T2,longitudinal,3,LThigh_to_LShin_rx,LThigh_to_LShin,rx,0.05462077398954182,0.18857882365774586,0.13395804966820404,0.12172361152067737,0.14546056006743763
671_T1_vs_T2,longitudinal,3,LThigh_to_LShin_ry,LThigh_to_LShin,ry,5.39106215178515e-10,5.284351526573682e-10,-1.0671062521146824e-11,0.12172361152067737,0.14546056006743763
671_T1_vs_T2,longitudinal,3,LThigh_to_LShin_rz,LThigh_to_LShin,rz,3.881901145635606e-08,4.6551219381362176e-08,7.732207925006118e-09,0.12172361152067737,0.14546056006743763
671_T1_vs_T2,longitudinal,3,LUArm_to_LFArm_rx,LUArm_to_LFArm,rx,0.07860943295652535,0.14538883748885606,0.06677940453233071,0.12172361152067737,0.14546056006743763
671_T1_vs_T2,longitudinal,3,LUArm_to_LFArm_ry,LUArm_to_LFArm,ry,0.3135767298288791,0.24132919849022016,-0.07224753133865891,0.12172361152067737,0.14546056006743763
671_T1_vs_T2,longitudinal,3,LUArm_to_LFArm_rz,LUArm_to_LFArm,rz,0.09682109312021676,0.0380741366997193,-0.058746956420497466,0.12172361152067737,0.14546056006743763
671_T1_vs_T2,longitudinal,3,Neck_to_Head_rx,Neck_to_Head,rx,0.04283846463883821,0.11147032052688145,0.06863185588804324,0.12172361152067737,0.14546056006743763
671_T1_vs_T2,longitudinal,3,Neck_to_Head_ry,Neck_to_Head,ry,0.032578538264773145,0.011183823284538484,-0.02139471498023466,0.12172361152067737,0.14546056006743763
671_T1_vs_T2,longitudinal,3,Neck_to_Head_rz,Neck_to_Head,rz,0.03716313867257,0.019619196704096755,-0.017543941968473243,0.12172361152067737,0.14546056006743763
671_T1_vs_T2,longitudinal,3,RFArm_to_RHand_rx,RFArm_to_RHand,rx,0.0851087214556739,0.04910438712508895,-0.03600433433058495,0.12172361152067737,0.14546056006743763
671_T1_vs_T2,longitudinal,3,RFArm_to_RHand_ry,RFArm_to_RHand,ry,0.02403720516075515,0.11802383854959303,0.09398663338883788,0.12172361152067737,0.14546056006743763
671_T1_vs_T2,longitudinal,3,RFArm_to_RHand_rz,RFArm_to_RHand,rz,0.17674933613591692,0.0571034334535299,-0.11964590268238702,0.12172361152067737,0.14546056006743763
671_T1_vs_T2,longitudinal,3,RShin_to_RFoot_rx,RShin_to_RFoot,rx,0.05825012934702088,0.12138574494181749,0.0631356155947966,0.12172361152067737,0.14546056006743763
671_T1_vs_T2,longitudinal,3,RShin_to_RFoot_ry,RShin_to_RFoot,ry,0.032035200403853326,0.015132326682584718,-0.016902873721268606,0.12172361152067737,0.14546056006743763
671_T1_vs_T2,longitudinal,3,RShin_to_RFoot_rz,RShin_to_RFoot,rz,0.07307914176000528,0.0074731499356697605,-0.06560599182433552,0.12172361152067737,0.14546056006743763
671_T1_vs_T2,longitudinal,3,RShoulder_to_RUArm_rx,RShoulder_to_RUArm,rx,0.25907638083956724,0.22349799180227894,-0.0355783890372883,0.12172361152067737,0.14546056006743763
671_T1_vs_T2,longitudinal,3,RShoulder_to_RUArm_ry,RShoulder_to_RUArm,ry,0.032556601642577856,0.05971663788763924,0.027160036245061386,0.12172361152067737,0.14546056006743763
671_T1_vs_T2,longitudinal,3,RShoulder_to_RUArm_rz,RShoulder_to_RUArm,rz,0.07770252574158831,0.11523155480227047,0.03752902906068216,0.12172361152067737,0.14546056006743763
671_T1_vs_T2,longitudinal,3,RThigh_to_RShin_rx,RThigh_to_RShin,rx,0.034552572001763926,0.06652262483029973,0.03197005282853581,0.12172361152067737,0.14546056006743763
671_T1_vs_T2,longitudinal,3,RThigh_to_RShin_ry,RThigh_to_RShin,ry,1.4348265288379172e-08,1.5565650826514242e-08,1.21738553813507e-09,0.12172361152067737,0.14546056006743763
671_T1_vs_T2,longitudinal,3,RThigh_to_RShin_rz,RThigh_to_RShin,rz,9.512000163074316e-09,2.6662751420877984e-08,1.715075125780367e-08,0.12172361152067737,0.14546056006743763
671_T1_vs_T2,longitudinal,3,RUArm_to_RFArm_rx,RUArm_to_RFArm,rx,0.1380317501901429,0.42277774687879804,0.28474599668865513,0.12172361152067737,0.14546056006743763
671_T1_vs_T2,longitudinal,3,RUArm_to_RFArm_ry,RUArm_to_RFArm,ry,0.7485411710981279,0.6376534345162241,-0.11088773658190376,0.12172361152067737,0.14546056006743763
671_T1_vs_T2,longitudinal,3,RUArm_to_RFArm_rz,RUArm_to_RFArm,rz,0.0690933427691213,0.21186120862424482,0.14276786585512352,0.12172361152067737,0.14546056006743763
671_T1_vs_T2,longitudinal,4,Chest_to_LShoulder_rx,Chest_to_LShoulder,rx,0.02604342503990017,0.05350855731100335,0.027465132271103185,0.07377449783392567,0.13821662377652855
671_T1_vs_T2,longitudinal,4,Chest_to_LShoulder_ry,Chest_to_LShoulder,ry,0.04920713343575717,0.024018116780105417,-0.02518901665565175,0.07377449783392567,0.13821662377652855
671_T1_vs_T2,longitudinal,4,Chest_to_LShoulder_rz,Chest_to_LShoulder,rz,0.03158788339463184,0.03004173278972813,-0.0015461506049037066,0.07377449783392567,0.13821662377652855
671_T1_vs_T2,longitudinal,4,Chest_to_Neck_rx,Chest_to_Neck,rx,0.10653578404798135,0.01678094771931147,-0.08975483632866987,0.07377449783392567,0.13821662377652855
671_T1_vs_T2,longitudinal,4,Chest_to_Neck_ry,Chest_to_Neck,ry,0.014856257116039547,0.005293918685069159,-0.009562338430970388,0.07377449783392567,0.13821662377652855
671_T1_vs_T2,longitudinal,4,Chest_to_Neck_rz,Chest_to_Neck,rz,0.01861149506818503,0.00033924329046162717,-0.018272251777723403,0.07377449783392567,0.13821662377652855
671_T1_vs_T2,longitudinal,4,Chest_to_RShoulder_rx,Chest_to_RShoulder,rx,0.13547405865769221,0.033948056086826474,-0.10152600257086575,0.07377449783392567,0.13821662377652855
671_T1_vs_T2,longitudinal,4,Chest_to_RShoulder_ry,Chest_to_RShoulder,ry,0.042948160178105425,0.0022479796008136755,-0.04070018057729175,0.07377449783392567,0.13821662377652855
671_T1_vs_T2,longitudinal,4,Chest_to_RShoulder_rz,Chest_to_RShoulder,rz,0.10716391241020137,0.08335514217770215,-0.02380877023249922,0.07377449783392567,0.13821662377652855
671_T1_vs_T2,longitudinal,4,LFArm_to_LHand_rx,LFArm_to_LHand,rx,0.11780349598671273,0.028258865078816288,-0.08954463090789644,0.07377449783392567,0.13821662377652855
671_T1_vs_T2,longitudinal,4,LFArm_to_LHand_ry,LFArm_to_LHand,ry,0.04980947259900736,0.19108694300496012,0.14127747040595276,0.07377449783392567,0.13821662377652855
671_T1_vs_T2,longitudinal,4,LFArm_to_LHand_rz,LFArm_to_LHand,rz,0.10673323466221789,0.3574571546726288,0.2507239200104109,0.07377449783392567,0.13821662377652855
671_T1_vs_T2,longitudinal,4,LShin_to_LFoot_rx,LShin_to_LFoot,rx,0.017664842996042558,0.01685112255080186,-0.0008137204452406989,0.07377449783392567,0.13821662377652855
671_T1_vs_T2,longitudinal,4,LShin_to_LFoot_ry,LShin_to_LFoot,ry,0.05769785624539248,0.20528351806234407,0.1475856618169516,0.07377449783392567,0.13821662377652855
671_T1_vs_T2,longitudinal,4,LShin_to_LFoot_rz,LShin_to_LFoot,rz,0.059997692865728994,0.10113091542465881,0.041133222558929816,0.07377449783392567,0.13821662377652855
671_T1_vs_T2,longitudinal,4,LShoulder_to_LUArm_rx,LShoulder_to_LUArm,rx,0.07028364036902651,0.1509093304186915,0.080625690049665,0.07377449783392567,0.13821662377652855
671_T1_vs_T2,longitudinal,4,LShoulder_to_LUArm_ry,LShoulder_to_LUArm,ry,0.10433811531093558,0.095237987540036,-0.00910012777089958,0.07377449783392567,0.13821662377652855
671_T1_vs_T2,longitudinal,4,LShoulder_to_LUArm_rz,LShoulder_to_LUArm,rz,0.0008100107748677213,0.01911100663968954,0.01830099586482182,0.07377449783392567,0.13821662377652855
671_T1_vs_T2,longitudinal,4,LThigh_to_LShin_rx,LThigh_to_LShin,rx,0.3331012858957909,0.40467616269611517,0.07157487680032426,0.07377449783392567,0.13821662377652855
671_T1_vs_T2,longitudinal,4,LThigh_to_LShin_ry,LThigh_to_LShin,ry,1.1059299402744458e-09,6.445779532483915e-09,5.339849592209469e-09,0.07377449783392567,0.13821662377652855
671_T1_vs_T2,longitudinal,4,LThigh_to_LShin_rz,LThigh_to_LShin,rz,1.6439958569497692e-08,4.610307992086764e-08,2.9663121351369947e-08,0.07377449783392567,0.13821662377652855
671_T1_vs_T2,longitudinal,4,LUArm_to_LFArm_rx,LUArm_to_LFArm,rx,0.2500907061946734,0.38849597638429406,0.13840527018962068,0.07377449783392567,0.13821662377652855
671_T1_vs_T2,longitudinal,4,LUArm_to_LFArm_ry,LUArm_to_LFArm,ry,0.13224637841995127,0.2800988957752028,0.14785251735525154,0.07377449783392567,0.13821662377652855
671_T1_vs_T2,longitudinal,4,LUArm_to_LFArm_rz,LUArm_to_LFArm,rz,0.0645172804549414,0.2989304507751517,0.23441317032021028,0.07377449783392567,0.13821662377652855
671_T1_vs_T2,longitudinal,4,Neck_to_Head_rx,Neck_to_Head,rx,0.1065357981546174,0.016780893743853352,-0.08975490441076406,0.07377449783392567,0.13821662377652855
671_T1_vs_T2,longitudinal,4,Neck_to_Head_ry,Neck_to_Head,ry,0.01485625265394335,0.005293916274922975,-0.009562336379020375,0.07377449783392567,0.13821662377652855
671_T1_vs_T2,longitudinal,4,Neck_to_Head_rz,Neck_to_Head,rz,0.01861144168305437,0.00033924743965956677,-0.018272194243394803,0.07377449783392567,0.13821662377652855
671_T1_vs_T2,longitudinal,4,RFArm_to_RHand_rx,RFArm_to_RHand,rx,0.0443737151588489,0.20278629173656224,0.15841257657771335,0.07377449783392567,0.13821662377652855
671_T1_vs_T2,longitudinal,4,RFArm_to_RHand_ry,RFArm_to_RHand,ry,0.04685940849272841,0.11871388487108891,0.07185447637836051,0.07377449783392567,0.13821662377652855
671_T1_vs_T2,longitudinal,4,RFArm_to_RHand_rz,RFArm_to_RHand,rz,0.025537002956862016,0.30912927653984534,0.28359227358298333,0.07377449783392567,0.13821662377652855
671_T1_vs_T2,longitudinal,4,RShin_to_RFoot_rx,RShin_to_RFoot,rx,0.20164765577759886,0.06400491514515386,-0.137642740632445,0.07377449783392567,0.13821662377652855
671_T1_vs_T2,longitudinal,4,RShin_to_RFoot_ry,RShin_to_RFoot,ry,0.12836959354697228,0.11727998287441535,-0.011089610672556927,0.07377449783392567,0.13821662377652855
671_T1_vs_T2,longitudinal,4,RShin_to_RFoot_rz,RShin_to_RFoot,rz,0.20391595207075056,0.09236301589590026,-0.11155293617485029,0.07377449783392567,0.13821662377652855
671_T1_vs_T2,longitudinal,4,RShoulder_to_RUArm_rx,RShoulder_to_RUArm,rx,0.29449543060863476,0.10671419371621975,-0.187781236892415,0.07377449783392567,0.13821662377652855
671_T1_vs_T2,longitudinal,4,RShoulder_to_RUArm_ry,RShoulder_to_RUArm,ry,0.16808518865194025,0.09731752744060332,-0.07076766121133693,0.07377449783392567,0.13821662377652855
671_T1_vs_T2,longitudinal,4,RShoulder_to_RUArm_rz,RShoulder_to_RUArm,rz,0.25680394363521764,0.0062138127869364995,-0.25059013084828113,0.07377449783392567,0.13821662377652855
671_T1_vs_T2,longitudinal,4,RThigh_to_RShin_rx,RThigh_to_RShin,rx,0.5764410580103991,0.07149189022658452,-0.5049491677838146,0.07377449783392567,0.13821662377652855
671_T1_vs_T2,longitudinal,4,RThigh_to_RShin_ry,RThigh_to_RShin,ry,2.8661515243778937e-09,2.9180625468818947e-08,2.6314473944441053e-08,0.07377449783392567,0.13821662377652855
671_T1_vs_T2,longitudinal,4,RThigh_to_RShin_rz,RThigh_to_RShin,rz,1.6690063945925647e-09,1.0876115091491602e-09,-5.813948854434045e-10,0.07377449783392567,0.13821662377652855
671_T1_vs_T2,longitudinal,4,RUArm_to_RFArm_rx,RUArm_to_RFArm,rx,0.20131793744870324,0.20903879504056927,0.007720857591866026,0.07377449783392567,0.13821662377652855
671_T1_vs_T2,longitudinal,4,RUArm_to_RFArm_ry,RUArm_to_RFArm,ry,0.05574071525258963,0.07255251120452219,0.016811795951932558,0.07377449783392567,0.13821662377652855
671_T1_vs_T2,longitudinal,4,RUArm_to_RFArm_rz,RUArm_to_RFArm,rz,0.1844644934217777,0.04845244044577767,-0.13601205297600003,0.07377449783392567,0.13821662377652855
671_T1_vs_T2,longitudinal,5,Chest_to_LShoulder_rx,Chest_to_LShoulder,rx,0.1008094051904482,0.025393495455060727,-0.07541590973538748,0.0575237643071027,0.113622616898401
671_T1_vs_T2,longitudinal,5,Chest_to_LShoulder_ry,Chest_to_LShoulder,ry,0.007030959326705137,0.013918584392910665,0.0068876250662055286,0.0575237643071027,0.113622616898401
671_T1_vs_T2,longitudinal,5,Chest_to_LShoulder_rz,Chest_to_LShoulder,rz,0.016059226926371645,0.003244072887713453,-0.012815154038658193,0.0575237643071027,0.113622616898401
671_T1_vs_T2,longitudinal,5,Chest_to_Neck_rx,Chest_to_Neck,rx,0.07024674488284875,0.020750248427107876,-0.049496496455740877,0.0575237643071027,0.113622616898401
671_T1_vs_T2,longitudinal,5,Chest_to_Neck_ry,Chest_to_Neck,ry,0.01041273917167829,0.008990684101880659,-0.0014220550697976314,0.0575237643071027,0.113622616898401
671_T1_vs_T2,longitudinal,5,Chest_to_Neck_rz,Chest_to_Neck,rz,0.025937406727541912,0.001846479188304746,-0.024090927539237167,0.0575237643071027,0.113622616898401
671_T1_vs_T2,longitudinal,5,Chest_to_RShoulder_rx,Chest_to_RShoulder,rx,0.009991685141435653,0.045185306410122035,0.03519362126868638,0.0575237643071027,0.113622616898401
671_T1_vs_T2,longitudinal,5,Chest_to_RShoulder_ry,Chest_to_RShoulder,ry,0.01146116476571754,0.008986484763203892,-0.002474680002513649,0.0575237643071027,0.113622616898401
671_T1_vs_T2,longitudinal,5,Chest_to_RShoulder_rz,Chest_to_RShoulder,rz,0.12695809686280266,0.00654993457748574,-0.12040816228531692,0.0575237643071027,0.113622616898401
671_T1_vs_T2,longitudinal,5,LFArm_to_LHand_rx,LFArm_to_LHand,rx,0.20439879500938488,0.01656104175249969,-0.18783775325688518,0.0575237643071027,0.113622616898401
671_T1_vs_T2,longitudinal,5,LFArm_to_LHand_ry,LFArm_to_LHand,ry,0.054776877928988554,0.02802997921698319,-0.026746898712005366,0.0575237643071027,0.113622616898401
671_T1_vs_T2,longitudinal,5,LFArm_to_LHand_rz,LFArm_to_LHand,rz,0.5941918662336484,0.15714767176432742,-0.43704419446932097,0.0575237643071027,0.113622616898401
671_T1_vs_T2,longitudinal,5,LShin_to_LFoot_rx,LShin_to_LFoot,rx,0.023920235472294715,0.07306880862830804,0.04914857315601333,0.0575237643071027,0.113622616898401
671_T1_vs_T2,longitudinal,5,LShin_to_LFoot_ry,LShin_to_LFoot,ry,0.13603680073747476,0.033627258928892706,-0.10240954180858206,0.0575237643071027,0.113622616898401
671_T1_vs_T2,longitudinal,5,LShin_to_LFoot_rz,LShin_to_LFoot,rz,0.04487486105702945,0.011049735207959375,-0.033825125849070076,0.0575237643071027,0.113622616898401
671_T1_vs_T2,longitudinal,5,LShoulder_to_LUArm_rx,LShoulder_to_LUArm,rx,0.2951620114327559,0.16254585923091303,-0.13261615220184286,0.0575237643071027,0.113622616898401
671_T1_vs_T2,longitudinal,5,LShoulder_to_LUArm_ry,LShoulder_to_LUArm,ry,0.04246480182291845,0.11631468898058332,0.07384988715766487,0.0575237643071027,0.113622616898401
671_T1_vs_T2,longitudinal,5,LShoulder_to_LUArm_rz,LShoulder_to_LUArm,rz,0.19522332308581558,0.07628602270273838,-0.1189373003830772,0.0575237643071027,0.113622616898401
671_T1_vs_T2,longitudinal,5,LThigh_to_LShin_rx,LThigh_to_LShin,rx,0.12410681034160086,0.009035962446908024,-0.11507084789469284,0.0575237643071027,0.113622616898401
671_T1_vs_T2,longitudinal,5,LThigh_to_LShin_ry,LThigh_to_LShin,ry,1.1066986372835435e-09,1.0816373656533607e-08,9.709675019250062e-09,0.0575237643071027,0.113622616898401
671_T1_vs_T2,longitudinal,5,LThigh_to_LShin_rz,LThigh_to_LShin,rz,4.919683894894014e-08,2.2758602813935626e-08,-2.6438236135004512e-08,0.0575237643071027,0.113622616898401
671_T1_vs_T2,longitudinal,5,LUArm_to_LFArm_rx,LUArm_to_LFArm,rx,0.10312603128214044,0.025463058001564145,-0.0776629732805763,0.0575237643071027,0.113622616898401
671_T1_vs_T2,longitudinal,5,LUArm_to_LFArm_ry,LUArm_to_LFArm,ry,0.3988872372892144,0.2542828006668213,-0.14460443662239308,0.0575237643071027,0.113622616898401
671_T1_vs_T2,longitudinal,5,LUArm_to_LFArm_rz,LUArm_to_LFArm,rz,0.08696708865154018,0.021117577855600454,-0.06584951079593973,0.0575237643071027,0.113622616898401
671_T1_vs_T2,longitudinal,5,Neck_to_Head_rx,Neck_to_Head,rx,0.07024669545249708,0.0207502707931184,-0.04949642465937868,0.0575237643071027,0.113622616898401
671_T1_vs_T2,longitudinal,5,Neck_to_Head_ry,Neck_to_Head,ry,0.010412778704004269,0.008990706922349679,-0.0014220717816545905,0.0575237643071027,0.113622616898401
671_T1_vs_T2,longitudinal,5,Neck_to_Head_rz,Neck_to_Head,rz,0.025937384091010984,0.001846396369615163,-0.024090987721395823,0.0575237643071027,0.113622616898401
671_T1_vs_T2,longitudinal,5,RFArm_to_RHand_rx,RFArm_to_RHand,rx,0.16607824621123687,0.07391343720392829,-0.09216480900730858,0.0575237643071027,0.113622616898401
671_T1_vs_T2,longitudinal,5,RFArm_to_RHand_ry,RFArm_to_RHand,ry,0.16920336874175032,0.07098076854288739,-0.09822260019886293,0.0575237643071027,0.113622616898401
671_T1_vs_T2,longitudinal,5,RFArm_to_RHand_rz,RFArm_to_RHand,rz,0.2109599180718171,0.06849578672215233,-0.1424641313496648,0.0575237643071027,0.113622616898401
671_T1_vs_T2,longitudinal,5,RShin_to_RFoot_rx,RShin_to_RFoot,rx,0.024895361934483353,0.06235700637905442,0.03746164444457106,0.0575237643071027,0.113622616898401
671_T1_vs_T2,longitudinal,5,RShin_to_RFoot_ry,RShin_to_RFoot,ry,0.009835283307716615,0.01753308271325589,0.007697799405539276,0.0575237643071027,0.113622616898401
671_T1_vs_T2,longitudinal,5,RShin_to_RFoot_rz,RShin_to_RFoot,rz,0.028407790320213133,0.21161330197341857,0.18320551165320545,0.0575237643071027,0.113622616898401
671_T1_vs_T2,longitudinal,5,RShoulder_to_RUArm_rx,RShoulder_to_RUArm,rx,0.015969796013861372,0.12997427902030576,0.11400448300644439,0.0575237643071027,0.113622616898401
671_T1_vs_T2,longitudinal,5,RShoulder_to_RUArm_ry,RShoulder_to_RUArm,ry,0.02983838709076281,0.022927868393336295,-0.006910518697426517,0.0575237643071027,0.113622616898401
671_T1_vs_T2,longitudinal,5,RShoulder_to_RUArm_rz,RShoulder_to_RUArm,rz,0.12502813539342444,0.025562535548924722,-0.09946559984449972,0.0575237643071027,0.113622616898401
671_T1_vs_T2,longitudinal,5,RThigh_to_RShin_rx,RThigh_to_RShin,rx,0.11181577288345101,0.8642614087656659,0.7524456358822149,0.0575237643071027,0.113622616898401
671_T1_vs_T2,longitudinal,5,RThigh_to_RShin_ry,RThigh_to_RShin,ry,1.1981972634103491e-08,4.135368243604942e-08,2.9371709801945926e-08,0.0575237643071027,0.113622616898401
671_T1_vs_T2,longitudinal,5,RThigh_to_RShin_rz,RThigh_to_RShin,rz,1.7595965802473693e-08,3.10802753759108e-09,-1.4487938264882613e-08,0.0575237643071027,0.113622616898401
671_T1_vs_T2,longitudinal,5,RUArm_to_RFArm_rx,RUArm_to_RFArm,rx,0.2605184886722709,0.1265276647449605,-0.1339908239273104,0.0575237643071027,0.113622616898401
671_T1_vs_T2,longitudinal,5,RUArm_to_RFArm_ry,RUArm_to_RFArm,ry,0.05508220641345845,0.04482276416329561,-0.010259442250162842,0.0575237643071027,0.113622616898401
671_T1_vs_T2,longitudinal,5,RUArm_to_RFArm_rz,RUArm_to_RFArm,rz,0.1436748986141324,0.06924896385736339,-0.07442593475676902,0.0575237643071027,0.113622616898401
671_T1_vs_T2,longitudinal,6,Chest_to_LShoulder_rx,Chest_to_LShoulder,rx,0.00048342966159441105,0.027193724029309002,0.02671029436771459,0.04700575004434602,0.07072153538135724
671_T1_vs_T2,longitudinal,6,Chest_to_LShoulder_ry,Chest_to_LShoulder,ry,0.02023329929032754,0.005445969332715344,-0.014787329957612196,0.04700575004434602,0.07072153538135724
671_T1_vs_T2,longitudinal,6,Chest_to_LShoulder_rz,Chest_to_LShoulder,rz,0.03150490365591073,0.08530709352266028,0.05380218986674955,0.04700575004434602,0.07072153538135724
671_T1_vs_T2,longitudinal,6,Chest_to_Neck_rx,Chest_to_Neck,rx,0.01264448645919987,0.08713419444909735,0.07448970798989749,0.04700575004434602,0.07072153538135724
671_T1_vs_T2,longitudinal,6,Chest_to_Neck_ry,Chest_to_Neck,ry,0.034306947900151485,0.0035157916872787863,-0.0307911562128727,0.04700575004434602,0.07072153538135724
671_T1_vs_T2,longitudinal,6,Chest_to_Neck_rz,Chest_to_Neck,rz,0.03478179173855092,0.09456336690482037,0.059781575166269446,0.04700575004434602,0.07072153538135724
671_T1_vs_T2,longitudinal,6,Chest_to_RShoulder_rx,Chest_to_RShoulder,rx,0.1183411507118654,0.1387681745026624,0.020427023790797,0.04700575004434602,0.07072153538135724
671_T1_vs_T2,longitudinal,6,Chest_to_RShoulder_ry,Chest_to_RShoulder,ry,0.007839317797868126,0.015326075639330704,0.007486757841462579,0.04700575004434602,0.07072153538135724
671_T1_vs_T2,longitudinal,6,Chest_to_RShoulder_rz,Chest_to_RShoulder,rz,0.054929507429532856,0.18328247639731773,0.12835296896778486,0.04700575004434602,0.07072153538135724
671_T1_vs_T2,longitudinal,6,LFArm_to_LHand_rx,LFArm_to_LHand,rx,0.027413769742620546,0.01494852607196123,-0.012465243670659315,0.04700575004434602,0.07072153538135724
671_T1_vs_T2,longitudinal,6,LFArm_to_LHand_ry,LFArm_to_LHand,ry,0.04421669057703341,0.07763173725131561,0.0334150466742822,0.04700575004434602,0.07072153538135724
671_T1_vs_T2,longitudinal,6,LFArm_to_LHand_rz,LFArm_to_LHand,rz,0.12196162925568221,0.005833896886685444,-0.11612773236899677,0.04700575004434602,0.07072153538135724
671_T1_vs_T2,longitudinal,6,LShin_to_LFoot_rx,LShin_to_LFoot,rx,0.08443127899960368,0.17450355548289043,0.09007227648328675,0.04700575004434602,0.07072153538135724
671_T1_vs_T2,longitudinal,6,LShin_to_LFoot_ry,LShin_to_LFoot,ry,0.16801776764383572,0.024265967511834057,-0.14375180013200167,0.04700575004434602,0.07072153538135724
671_T1_vs_T2,longitudinal,6,LShin_to_LFoot_rz,LShin_to_LFoot,rz,0.03588695271691121,0.09174497110675568,0.05585801838984447,0.04700575004434602,0.07072153538135724
671_T1_vs_T2,longitudinal,6,LShoulder_to_LUArm_rx,LShoulder_to_LUArm,rx,0.10597008662088436,0.03905668951093993,-0.06691339710994443,0.04700575004434602,0.07072153538135724
671_T1_vs_T2,longitudinal,6,LShoulder_to_LUArm_ry,LShoulder_to_LUArm,ry,0.18444205033763297,0.19726606076250944,0.012824010424876464,0.04700575004434602,0.07072153538135724
671_T1_vs_T2,longitudinal,6,LShoulder_to_LUArm_rz,LShoulder_to_LUArm,rz,0.1497211528823797,0.22218107825415948,0.07245992537177978,0.04700575004434602,0.07072153538135724
671_T1_vs_T2,longitudinal,6,LThigh_to_LShin_rx,LThigh_to_LShin,rx,0.15066119775702094,0.16037766517790755,0.00971646742088661,0.04700575004434602,0.07072153538135724
671_T1_vs_T2,longitudinal,6,LThigh_to_LShin_ry,LThigh_to_LShin,ry,7.818313290429757e-10,1.329393439076293e-09,5.475621100333172e-10,0.04700575004434602,0.07072153538135724
671_T1_vs_T2,longitudinal,6,LThigh_to_LShin_rz,LThigh_to_LShin,rz,1.1066379862388797e-08,4.467397945266565e-08,3.3607599590276846e-08,0.04700575004434602,0.07072153538135724
671_T1_vs_T2,longitudinal,6,LUArm_to_LFArm_rx,LUArm_to_LFArm,rx,0.16499728082116372,0.29073956564094394,0.12574228481978023,0.04700575004434602,0.07072153538135724
671_T1_vs_T2,longitudinal,6,LUArm_to_LFArm_ry,LUArm_to_LFArm,ry,0.008689864389558091,0.007480800752944027,-0.0012090636366140642,0.04700575004434602,0.07072153538135724
671_T1_vs_T2,longitudinal,6,LUArm_to_LFArm_rz,LUArm_to_LFArm,rz,0.10632432043119802,0.17044813089207733,0.06412381046087931,0.04700575004434602,0.07072153538135724
671_T1_vs_T2,longitudinal,6,Neck_to_Head_rx,Neck_to_Head,rx,0.012644531966237332,0.08713416028868383,0.0744896283224465,0.04700575004434602,0.07072153538135724
671_T1_vs_T2,longitudinal,6,Neck_to_Head_ry,Neck_to_Head,ry,0.034306970254831225,0.003515769676110686,-0.030791200578720538,0.04700575004434602,0.07072153538135724
671_T1_vs_T2,longitudinal,6,Neck_to_Head_rz,Neck_to_Head,rz,0.03478175072660156,0.09456338148670218,0.059781630760100624,0.04700575004434602,0.07072153538135724
671_T1_vs_T2,longitudinal,6,RFArm_to_RHand_rx,RFArm_to_RHand,rx,0.061793726058170496,0.02728579915109624,-0.03450792690707426,0.04700575004434602,0.07072153538135724
671_T1_vs_T2,longitudinal,6,RFArm_to_RHand_ry,RFArm_to_RHand,ry,0.09216314389430325,0.1113771310469225,0.019213987152619252,0.04700575004434602,0.07072153538135724
671_T1_vs_T2,longitudinal,6,RFArm_to_RHand_rz,RFArm_to_RHand,rz,0.07109892229298315,0.19297871425117882,0.12187979195819568,0.04700575004434602,0.07072153538135724
671_T1_vs_T2,longitudinal,6,RShin_to_RFoot_rx,RShin_to_RFoot,rx,0.08456778838658906,0.512321639917456,0.427753851530867,0.04700575004434602,0.07072153538135724
671_T1_vs_T2,longitudinal,6,RShin_to_RFoot_ry,RShin_to_RFoot,ry,0.04977032264287073,0.15242819700129687,0.10265787435842613,0.04700575004434602,0.07072153538135724
671_T1_vs_T2,longitudinal,6,RShin_to_RFoot_rz,RShin_to_RFoot,rz,0.1091865858240716,0.07855054818840806,-0.03063603763566354,0.04700575004434602,0.07072153538135724
671_T1_vs_T2,longitudinal,6,RShoulder_to_RUArm_rx,RShoulder_to_RUArm,rx,0.31105067493186717,0.24124838514159255,-0.06980228979027461,0.04700575004434602,0.07072153538135724
671_T1_vs_T2,longitudinal,6,RShoulder_to_RUArm_ry,RShoulder_to_RUArm,ry,0.03269078474035541,0.14366793852970317,0.11097715378934775,0.04700575004434602,0.07072153538135724
671_T1_vs_T2,longitudinal,6,RShoulder_to_RUArm_rz,RShoulder_to_RUArm,rz,0.16742031274275937,0.32278977799625963,0.15536946525350026,0.04700575004434602,0.07072153538135724
671_T1_vs_T2,longitudinal,6,RThigh_to_RShin_rx,RThigh_to_RShin,rx,0.6521137110713873,0.1404172338274948,-0.5116964772438924,0.04700575004434602,0.07072153538135724
671_T1_vs_T2,longitudinal,6,RThigh_to_RShin_ry,RThigh_to_RShin,ry,6.22120181520795e-08,2.128877703468365e-08,-4.0923241117395844e-08,0.04700575004434602,0.07072153538135724
671_T1_vs_T2,longitudinal,6,RThigh_to_RShin_rz,RThigh_to_RShin,rz,1.1437186323239105e-08,5.365883414337679e-08,4.222164782013768e-08,0.04700575004434602,0.07072153538135724
671_T1_vs_T2,longitudinal,6,RUArm_to_RFArm_rx,RUArm_to_RFArm,rx,0.2722180514771238,0.2718411359111149,-0.0003769155660088841,0.04700575004434602,0.07072153538135724
671_T1_vs_T2,longitudinal,6,RUArm_to_RFArm_ry,RUArm_to_RFArm,ry,0.3208579085420739,0.06739285967443095,-0.253465048867643,0.04700575004434602,0.07072153538135724
671_T1_vs_T2,longitudinal,6,RUArm_to_RFArm_rz,RUArm_to_RFArm,rz,0.16171474955310633,0.086093986059849,-0.07562076349325733,0.04700575004434602,0.07072153538135724
671_T1_vs_T2,longitudinal,7,Chest_to_LShoulder_rx,Chest_to_LShoulder,rx,0.053255090181222674,0.04267578833703292,-0.010579301844189752,0.04061181366331004,0.06267556186013738
671_T1_vs_T2,longitudinal,7,Chest_to_LShoulder_ry,Chest_to_LShoulder,ry,0.08244780130200242,0.013708885442898663,-0.06873891585910376,0.04061181366331004,0.06267556186013738
671_T1_vs_T2,longitudinal,7,Chest_to_LShoulder_rz,Chest_to_LShoulder,rz,0.045589893184770434,0.04099468787272168,-0.004595205312048753,0.04061181366331004,0.06267556186013738
671_T1_vs_T2,longitudinal,7,Chest_to_Neck_rx,Chest_to_Neck,rx,0.20351968043472654,0.06689523751023607,-0.13662444292449047,0.04061181366331004,0.06267556186013738
671_T1_vs_T2,longitudinal,7,Chest_to_Neck_ry,Chest_to_Neck,ry,0.05264284235152842,0.05702713182738825,0.00438428947585983,0.04061181366331004,0.06267556186013738
671_T1_vs_T2,longitudinal,7,Chest_to_Neck_rz,Chest_to_Neck,rz,0.04771010303532961,0.06326837731691673,0.015558274281587119,0.04061181366331004,0.06267556186013738
671_T1_vs_T2,longitudinal,7,Chest_to_RShoulder_rx,Chest_to_RShoulder,rx,0.010835413241077483,0.017399750716069414,0.006564337474991931,0.04061181366331004,0.06267556186013738
671_T1_vs_T2,longitudinal,7,Chest_to_RShoulder_ry,Chest_to_RShoulder,ry,0.07781296155264243,0.006775246990172957,-0.07103771456246948,0.04061181366331004,0.06267556186013738
671_T1_vs_T2,longitudinal,7,Chest_to_RShoulder_rz,Chest_to_RShoulder,rz,0.13273213150471397,0.01575668252322435,-0.11697544898148962,0.04061181366331004,0.06267556186013738
671_T1_vs_T2,longitudinal,7,LFArm_to_LHand_rx,LFArm_to_LHand,rx,0.1858651451812779,0.001602442162700544,-0.18426270301857733,0.04061181366331004,0.06267556186013738
671_T1_vs_T2,longitudinal,7,LFArm_to_LHand_ry,LFArm_to_LHand,ry,0.20170074818134848,0.06176803476872645,-0.13993271341262203,0.04061181366331004,0.06267556186013738
671_T1_vs_T2,longitudinal,7,LFArm_to_LHand_rz,LFArm_to_LHand,rz,0.060264681899348825,0.009844888204041658,-0.050419793695307163,0.04061181366331004,0.06267556186013738
671_T1_vs_T2,longitudinal,7,LShin_to_LFoot_rx,LShin_to_LFoot,rx,0.06655012417602867,0.021508244616824497,-0.04504187955920417,0.04061181366331004,0.06267556186013738
671_T1_vs_T2,longitudinal,7,LShin_to_LFoot_ry,LShin_to_LFoot,ry,0.015158635795374876,0.2638036183112404,0.2486449825158655,0.04061181366331004,0.06267556186013738
671_T1_vs_T2,longitudinal,7,LShin_to_LFoot_rz,LShin_to_LFoot,rz,0.14338515659455964,0.03497434990054741,-0.10841080669401224,0.04061181366331004,0.06267556186013738
671_T1_vs_T2,longitudinal,7,LShoulder_to_LUArm_rx,LShoulder_to_LUArm,rx,0.1773591713271108,0.07789797507816518,-0.09946119624894562,0.04061181366331004,0.06267556186013738
671_T1_vs_T2,longitudinal,7,LShoulder_to_LUArm_ry,LShoulder_to_LUArm,ry,0.29784081593025175,0.07200957814753609,-0.22583123778271566,0.04061181366331004,0.06267556186013738
671_T1_vs_T2,longitudinal,7,LShoulder_to_LUArm_rz,LShoulder_to_LUArm,rz,0.07398700514235104,0.09999166335147822,0.026004658209127174,0.04061181366331004,0.06267556186013738
671_T1_vs_T2,longitudinal,7,LThigh_to_LShin_rx,LThigh_to_LShin,rx,0.44856443028659776,0.06394225795786748,-0.3846221723287303,0.04061181366331004,0.06267556186013738
671_T1_vs_T2,longitudinal,7,LThigh_to_LShin_ry,LThigh_to_LShin,ry,4.155367036610585e-08,9.657895030228707e-09,-3.189577533587714e-08,0.04061181366331004,0.06267556186013738
671_T1_vs_T2,longitudinal,7,LThigh_to_LShin_rz,LThigh_to_LShin,rz,8.426077134731326e-09,1.0365971599431149e-08,1.939894464699823e-09,0.04061181366331004,0.06267556186013738
671_T1_vs_T2,longitudinal,7,LUArm_to_LFArm_rx,LUArm_to_LFArm,rx,0.11477990938878907,0.18756366540470654,0.07278375601591747,0.04061181366331004,0.06267556186013738
671_T1_vs_T2,longitudinal,7,LUArm_to_LFArm_ry,LUArm_to_LFArm,ry,0.17924660736141804,0.5376234982251118,0.35837689086369373,0.04061181366331004,0.06267556186013738
671_T1_vs_T2,longitudinal,7,LUArm_to_LFArm_rz,LUArm_to_LFArm,rz,0.10401830990417593,0.1430329243854614,0.03901461448128546,0.04061181366331004,0.06267556186013738
671_T1_vs_T2,longitudinal,7,Neck_to_Head_rx,Neck_to_Head,rx,0.203519684301326,0.06689520456635319,-0.13662447973497283,0.04061181366331004,0.06267556186013738
671_T1_vs_T2,longitudinal,7,Neck_to_Head_ry,Neck_to_Head,ry,0.052642899329608465,0.05702713022013968,0.004384230890531214,0.04061181366331004,0.06267556186013738
671_T1_vs_T2,longitudinal,7,Neck_to_Head_rz,Neck_to_Head,rz,0.04771014312524225,0.06326837320346489,0.015558230078222636,0.04061181366331004,0.06267556186013738
671_T1_vs_T2,longitudinal,7,RFArm_to_RHand_rx,RFArm_to_RHand,rx,0.05565761627022774,0.1760355517979757,0.12037793552774795,0.04061181366331004,0.06267556186013738
671_T1_vs_T2,longitudinal,7,RFArm_to_RHand_ry,RFArm_to_RHand,ry,0.1488107760048045,0.12496201472566983,-0.02384876127913467,0.04061181366331004,0.06267556186013738
671_T1_vs_T2,longitudinal,7,RFArm_to_RHand_rz,RFArm_to_RHand,rz,0.20954887728046268,0.15414232600861077,-0.0554065512718519,0.04061181366331004,0.06267556186013738
671_T1_vs_T2,longitudinal,7,RShin_to_RFoot_rx,RShin_to_RFoot,rx,0.21196504257171217,0.013179040744524133,-0.19878600182718803,0.04061181366331004,0.06267556186013738
671_T1_vs_T2,longitudinal,7,RShin_to_RFoot_ry,RShin_to_RFoot,ry,0.08832210916726076,0.05002759477164408,-0.03829451439561668,0.04061181366331004,0.06267556186013738
671_T1_vs_T2,longitudinal,7,RShin_to_RFoot_rz,RShin_to_RFoot,rz,4.5364296029795466e-05,0.0358207246078444,0.0357753603118146,0.04061181366331004,0.06267556186013738
671_T1_vs_T2,longitudinal,7,RShoulder_to_RUArm_rx,RShoulder_to_RUArm,rx,0.04667068068857645,0.026283113239399115,-0.020387567449177336,0.04061181366331004,0.06267556186013738
671_T1_vs_T2,longitudinal,7,RShoulder_to_RUArm_ry,RShoulder_to_RUArm,ry,0.2132596831875404,0.13574387983908615,-0.07751580334845426,0.04061181366331004,0.06267556186013738
671_T1_vs_T2,longitudinal,7,RShoulder_to_RUArm_rz,RShoulder_to_RUArm,rz,0.1489470741155308,0.046671931165732164,-0.10227514294979863,0.04061181366331004,0.06267556186013738
671_T1_vs_T2,longitudinal,7,RThigh_to_RShin_rx,RThigh_to_RShin,rx,0.2822423530356352,0.22838200809598583,-0.05386034493964939,0.04061181366331004,0.06267556186013738
671_T1_vs_T2,longitudinal,7,RThigh_to_RShin_ry,RThigh_to_RShin,ry,4.7566011848631905e-08,2.52625316177759e-08,-2.2303480230856006e-08,0.04061181366331004,0.06267556186013738
671_T1_vs_T2,longitudinal,7,RThigh_to_RShin_rz,RThigh_to_RShin,rz,1.70610038589506e-08,1.9957583147219582e-08,2.8965792882689834e-09,0.04061181366331004,0.06267556186013738
671_T1_vs_T2,longitudinal,7,RUArm_to_RFArm_rx,RUArm_to_RFArm,rx,0.30623419189726203,0.26710280024152716,-0.03913139165573487,0.04061181366331004,0.06267556186013738
671_T1_vs_T2,longitudinal,7,RUArm_to_RFArm_ry,RUArm_to_RFArm,ry,0.12496741069734574,0.5395953929287554,0.4146279822314096,0.04061181366331004,0.06267556186013738
671_T1_vs_T2,longitudinal,7,RUArm_to_RFArm_rz,RUArm_to_RFArm,rz,0.0610488250911864,0.12945331816983938,0.06840449307865298,0.04061181366331004,0.06267556186013738
671_T1_vs_T2,longitudinal,8,Chest_to_LShoulder_rx,Chest_to_LShoulder,rx,0.11749712814398693,0.08031320471556483,-0.0371839234284221,0.03907550342829966,0.03571745385309051
671_T1_vs_T2,longitudinal,8,Chest_to_LShoulder_ry,Chest_to_LShoulder,ry,0.09983722790944596,0.0016405418309499572,-0.098196686078496,0.03907550342829966,0.03571745385309051
671_T1_vs_T2,longitudinal,8,Chest_to_LShoulder_rz,Chest_to_LShoulder,rz,0.060666218158369915,0.050374066119137306,-0.010292152039232609,0.03907550342829966,0.03571745385309051
671_T1_vs_T2,longitudinal,8,Chest_to_Neck_rx,Chest_to_Neck,rx,0.21624417970461918,0.07353434945566072,-0.14270983024895845,0.03907550342829966,0.03571745385309051
671_T1_vs_T2,longitudinal,8,Chest_to_Neck_ry,Chest_to_Neck,ry,0.0260118758257643,0.027607096342871975,0.001595220517107674,0.03907550342829966,0.03571745385309051
671_T1_vs_T2,longitudinal,8,Chest_to_Neck_rz,Chest_to_Neck,rz,0.048057009871390485,0.028393072125681835,-0.01966393774570865,0.03907550342829966,0.03571745385309051
671_T1_vs_T2,longitudinal,8,Chest_to_RShoulder_rx,Chest_to_RShoulder,rx,0.022093226247130792,0.009771770232794921,-0.01232145601433587,0.03907550342829966,0.03571745385309051
671_T1_vs_T2,longitudinal,8,Chest_to_RShoulder_ry,Chest_to_RShoulder,ry,0.06545366797979353,0.00019697433349814827,-0.06525669364629538,0.03907550342829966,0.03571745385309051
671_T1_vs_T2,longitudinal,8,Chest_to_RShoulder_rz,Chest_to_RShoulder,rz,0.014447481987340655,0.131846726009058,0.11739924402171735,0.03907550342829966,0.03571745385309051
671_T1_vs_T2,longitudinal,8,LFArm_to_LHand_rx,LFArm_to_LHand,rx,0.024440102471186064,0.074527922424419,0.05008781995323293,0.03907550342829966,0.03571745385309051
671_T1_vs_T2,longitudinal,8,LFArm_to_LHand_ry,LFArm_to_LHand,ry,0.10503580477265363,0.14644566020026376,0.04140985542761012,0.03907550342829966,0.03571745385309051
671_T1_vs_T2,longitudinal,8,LFArm_to_LHand_rz,LFArm_to_LHand,rz,0.1878590560215196,0.05224169135144366,-0.13561736467007593,0.03907550342829966,0.03571745385309051
671_T1_vs_T2,longitudinal,8,LShin_to_LFoot_rx,LShin_to_LFoot,rx,0.1420182177737488,0.08925991676240831,-0.05275830101134048,0.03907550342829966,0.03571745385309051
671_T1_vs_T2,longitudinal,8,LShin_to_LFoot_ry,LShin_to_LFoot,ry,0.23278848716508993,0.10287966069696909,-0.12990882646812085,0.03907550342829966,0.03571745385309051
671_T1_vs_T2,longitudinal,8,LShin_to_LFoot_rz,LShin_to_LFoot,rz,0.04765095349613284,0.03504539346456055,-0.012605560031572288,0.03907550342829966,0.03571745385309051
671_T1_vs_T2,longitudinal,8,LShoulder_to_LUArm_rx,LShoulder_to_LUArm,rx,0.2705565273244066,0.2578570453732022,-0.012699481951204405,0.03907550342829966,0.03571745385309051
671_T1_vs_T2,longitudinal,8,LShoulder_to_LUArm_ry,LShoulder_to_LUArm,ry,0.4296176789348559,0.04563581147416134,-0.38398186746069457,0.03907550342829966,0.03571745385309051
671_T1_vs_T2,longitudinal,8,LShoulder_to_LUArm_rz,LShoulder_to_LUArm,rz,0.22078329461702,0.1374129556465703,-0.08337033897044971,0.03907550342829966,0.03571745385309051
671_T1_vs_T2,longitudinal,8,LThigh_to_LShin_rx,LThigh_to_LShin,rx,0.1816719862298165,0.33779482742123057,0.15612284119141406,0.03907550342829966,0.03571745385309051
671_T1_vs_T2,longitudinal,8,LThigh_to_LShin_ry,LThigh_to_LShin,ry,1.3499737926500739e-08,1.2458341196119538e-08,-1.0413967303812007e-09,0.03907550342829966,0.03571745385309051
671_T1_vs_T2,longitudinal,8,LThigh_to_LShin_rz,LThigh_to_LShin,rz,2.8944758273768882e-09,3.1913991117731315e-10,-2.575335916199575e-09,0.03907550342829966,0.03571745385309051
671_T1_vs_T2,longitudinal,8,LUArm_to_LFArm_rx,LUArm_to_LFArm,rx,0.3462566889480034,0.2207797009777219,-0.12547698797028148,0.03907550342829966,0.03571745385309051
671_T1_vs_T2,longitudinal,8,LUArm_to_LFArm_ry,LUArm_to_LFArm,ry,0.011819630968525504,0.48431475687873965,0.47249512591021414,0.03907550342829966,0.03571745385309051
671_T1_vs_T2,longitudinal,8,LUArm_to_LFArm_rz,LUArm_to_LFArm,rz,0.26454749196886074,0.2307068209993219,-0.03384067096953883,0.03907550342829966,0.03571745385309051
671_T1_vs_T2,longitudinal,8,Neck_to_Head_rx,Neck_to_Head,rx,0.21624421004911176,0.07353435984125664,-0.14270985020785512,0.03907550342829966,0.03571745385309051
671_T1_vs_T2,longitudinal,8,Neck_to_Head_ry,Neck_to_Head,ry,0.02601187549390421,0.027607149366439272,0.0015952738725350628,0.03907550342829966,0.03571745385309051
671_T1_vs_T2,longitudinal,8,Neck_to_Head_rz,Neck_to_Head,rz,0.04805699640126106,0.028393057653604788,-0.01966393874765627,0.03907550342829966,0.03571745385309051
671_T1_vs_T2,longitudinal,8,RFArm_to_RHand_rx,RFArm_to_RHand,rx,0.045055220848512274,0.2269532654646623,0.18189804461615003,0.03907550342829966,0.03571745385309051
671_T1_vs_T2,longitudinal,8,RFArm_to_RHand_ry,RFArm_to_RHand,ry,0.018989547265952717,0.1504004750912208,0.13141092782526806,0.03907550342829966,0.03571745385309051
671_T1_vs_T2,longitudinal,8,RFArm_to_RHand_rz,RFArm_to_RHand,rz,0.16837865638158564,0.3806154946985038,0.21223683831691817,0.03907550342829966,0.03571745385309051
671_T1_vs_T2,longitudinal,8,RShin_to_RFoot_rx,RShin_to_RFoot,rx,0.17067575682491937,0.030970290961920836,-0.13970546586299853,0.03907550342829966,0.03571745385309051
671_T1_vs_T2,longitudinal,8,RShin_to_RFoot_ry,RShin_to_RFoot,ry,0.12613405445067596,0.07483891902097439,-0.05129513542970157,0.03907550342829966,0.03571745385309051
671_T1_vs_T2,longitudinal,8,RShin_to_RFoot_rz,RShin_to_RFoot,rz,0.10343952565449323,0.05922626524162605,-0.044213260412867175,0.03907550342829966,0.03571745385309051
671_T1_vs_T2,longitudinal,8,RShoulder_to_RUArm_rx,RShoulder_to_RUArm,rx,0.009003679342945018,0.004488794085334907,-0.004514885257610112,0.03907550342829966,0.03571745385309051
671_T1_vs_T2,longitudinal,8,RShoulder_to_RUArm_ry,RShoulder_to_RUArm,ry,0.27285568126577636,0.03339097765168608,-0.23946470361409028,0.03907550342829966,0.03571745385309051
671_T1_vs_T2,longitudinal,8,RShoulder_to_RUArm_rz,RShoulder_to_RUArm,rz,0.075659930054379,0.16492804384397225,0.08926811378959325,0.03907550342829966,0.03571745385309051
671_T1_vs_T2,longitudinal,8,RThigh_to_RShin_rx,RThigh_to_RShin,rx,0.15610059544806115,0.004828942733057252,-0.1512716527150039,0.03907550342829966,0.03571745385309051
671_T1_vs_T2,longitudinal,8,RThigh_to_RShin_ry,RThigh_to_RShin,ry,1.2662600755888229e-08,3.012069293627227e-08,1.7458092180384043e-08,0.03907550342829966,0.03571745385309051
671_T1_vs_T2,longitudinal,8,RThigh_to_RShin_rz,RThigh_to_RShin,rz,3.6316664934286485e-08,1.6920901428439712e-08,-1.9395763505846773e-08,0.03907550342829966,0.03571745385309051
671_T1_vs_T2,longitudinal,8,RUArm_to_RFArm_rx,RUArm_to_RFArm,rx,0.10468220708790485,0.24392995005398466,0.1392477429660798,0.03907550342829966,0.03571745385309051
671_T1_vs_T2,longitudinal,8,RUArm_to_RFArm_ry,RUArm_to_RFArm,ry,0.1120257847971985,0.09356292186341025,-0.01846286293378825,0.03907550342829966,0.03571745385309051
671_T1_vs_T2,longitudinal,8,RUArm_to_RFArm_rz,RUArm_to_RFArm,rz,0.01911121735703628,0.21517286714711464,0.19606164979007837,0.03907550342829966,0.03571745385309051
671_T1_vs_T2,longitudinal,9,Chest_to_LShoulder_rx,Chest_to_LShoulder,rx,0.036263024253606134,0.0714796088773599,0.03521658462375376,0.028200241722796473,0.02539398484728005
671_T1_vs_T2,longitudinal,9,Chest_to_LShoulder_ry,Chest_to_LShoulder,ry,0.0065897018073660584,0.14212736261257725,0.13553766080521118,0.028200241722796473,0.02539398484728005
671_T1_vs_T2,longitudinal,9,Chest_to_LShoulder_rz,Chest_to_LShoulder,rz,0.07335638776098184,0.05696391659454272,-0.016392471166439125,0.028200241722796473,0.02539398484728005
671_T1_vs_T2,longitudinal,9,Chest_to_Neck_rx,Chest_to_Neck,rx,0.16649389444684448,0.31981730958240095,0.15332341513555647,0.028200241722796473,0.02539398484728005
671_T1_vs_T2,longitudinal,9,Chest_to_Neck_ry,Chest_to_Neck,ry,0.009626340768616513,0.0390172305832408,0.029390889814624288,0.028200241722796473,0.02539398484728005
671_T1_vs_T2,longitudinal,9,Chest_to_Neck_rz,Chest_to_Neck,rz,0.08177449357742421,0.029205502435502576,-0.05256899114192164,0.028200241722796473,0.02539398484728005
671_T1_vs_T2,longitudinal,9,Chest_to_RShoulder_rx,Chest_to_RShoulder,rx,0.069677712193335,0.010614676917390051,-0.059063035275944954,0.028200241722796473,0.02539398484728005
671_T1_vs_T2,longitudinal,9,Chest_to_RShoulder_ry,Chest_to_RShoulder,ry,0.0029876154378538885,0.1193435914187307,0.11635597598087681,0.028200241722796473,0.02539398484728005
671_T1_vs_T2,longitudinal,9,Chest_to_RShoulder_rz,Chest_to_RShoulder,rz,0.08870217513739852,0.05230010570306601,-0.03640206943433251,0.028200241722796473,0.02539398484728005
671_T1_vs_T2,longitudinal,9,LFArm_to_LHand_rx,LFArm_to_LHand,rx,0.05470504153661019,0.034344515114690055,-0.020360526421920135,0.028200241722796473,0.02539398484728005
671_T1_vs_T2,longitudinal,9,LFArm_to_LHand_ry,LFArm_to_LHand,ry,0.16123691451868505,0.044518490487968874,-0.11671842403071617,0.028200241722796473,0.02539398484728005
671_T1_vs_T2,longitudinal,9,LFArm_to_LHand_rz,LFArm_to_LHand,rz,0.01860165339877674,0.003043493170474962,-0.015558160228301778,0.028200241722796473,0.02539398484728005
671_T1_vs_T2,longitudinal,9,LShin_to_LFoot_rx,LShin_to_LFoot,rx,0.20659356021024206,0.13584738572167898,-0.07074617448856307,0.028200241722796473,0.02539398484728005
671_T1_vs_T2,longitudinal,9,LShin_to_LFoot_ry,LShin_to_LFoot,ry,0.09238234648998564,0.034814856594620976,-0.057567489895364664,0.028200241722796473,0.02539398484728005
671_T1_vs_T2,longitudinal,9,LShin_to_LFoot_rz,LShin_to_LFoot,rz,0.02541873872375319,0.07414462809884989,0.0487258893750967,0.028200241722796473,0.02539398484728005
671_T1_vs_T2,longitudinal,9,LShoulder_to_LUArm_rx,LShoulder_to_LUArm,rx,0.22047121115688154,0.12579154564240164,-0.0946796655144799,0.028200241722796473,0.02539398484728005
671_T1_vs_T2,longitudinal,9,LShoulder_to_LUArm_ry,LShoulder_to_LUArm,ry,0.19250632901780654,0.5776722943605933,0.3851659653427868,0.028200241722796473,0.02539398484728005
671_T1_vs_T2,longitudinal,9,LShoulder_to_LUArm_rz,LShoulder_to_LUArm,rz,0.116121304504469,0.16323126974276359,0.04710996523829458,0.028200241722796473,0.02539398484728005
671_T1_vs_T2,longitudinal,9,LThigh_to_LShin_rx,LThigh_to_LShin,rx,0.23608064261725445,0.3130724543144737,0.07699181169721928,0.028200241722796473,0.02539398484728005
671_T1_vs_T2,longitudinal,9,LThigh_to_LShin_ry,LThigh_to_LShin,ry,8.389503395148478e-09,3.028230586320438e-08,2.1892802468055904e-08,0.028200241722796473,0.02539398484728005
671_T1_vs_T2,longitudinal,9,LThigh_to_LShin_rz,LThigh_to_LShin,rz,5.1687053469402087e-08,5.05764242681748e-09,-4.6629411042584603e-08,0.028200241722796473,0.02539398484728005
671_T1_vs_T2,longitudinal,9,LUArm_to_LFArm_rx,LUArm_to_LFArm,rx,0.31560882541971746,0.213445539925673,-0.10216328549404446,0.028200241722796473,0.02539398484728005
671_T1_vs_T2,longitudinal,9,LUArm_to_LFArm_ry,LUArm_to_LFArm,ry,0.103872406574288,0.10140359471841727,-0.0024688118558707367,0.028200241722796473,0.02539398484728005
671_T1_vs_T2,longitudinal,9,LUArm_to_LFArm_rz,LUArm_to_LFArm,rz,0.25534197255928787,0.10599643809042539,-0.14934553446886248,0.028200241722796473,0.02539398484728005
671_T1_vs_T2,longitudinal,9,Neck_to_Head_rx,Neck_to_Head,rx,0.1664938557238288,0.31981733526689143,0.15332347954306264,0.028200241722796473,0.02539398484728005
671_T1_vs_T2,longitudinal,9,Neck_to_Head_ry,Neck_to_Head,ry,0.009626393324766816,0.039017256586941725,0.02939086326217491,0.028200241722796473,0.02539398484728005
671_T1_vs_T2,longitudinal,9,Neck_to_Head_rz,Neck_to_Head,rz,0.08177453994462762,0.029205488527731586,-0.05256905141689604,0.028200241722796473,0.02539398484728005
671_T1_vs_T2,longitudinal,9,RFArm_to_RHand_rx,RFArm_to_RHand,rx,0.07791240872213841,0.05562450153480421,-0.0222879071873342,0.028200241722796473,0.02539398484728005
671_T1_vs_T2,longitudinal,9,RFArm_to_RHand_ry,RFArm_to_RHand,ry,0.1638838170053072,0.07984996573580797,-0.08403385126949922,0.028200241722796473,0.02539398484728005
671_T1_vs_T2,longitudinal,9,RFArm_to_RHand_rz,RFArm_to_RHand,rz,0.12767362581497504,0.09126679747033585,-0.036406828344639194,0.028200241722796473,0.02539398484728005
671_T1_vs_T2,longitudinal,9,RShin_to_RFoot_rx,RShin_to_RFoot,rx,0.39804122112739343,0.034392169176550816,-0.36364905195084263,0.028200241722796473,0.02539398484728005
671_T1_vs_T2,longitudinal,9,RShin_to_RFoot_ry,RShin_to_RFoot,ry,0.04048172328504494,0.02715242343767426,-0.013329299847370683,0.028200241722796473,0.02539398484728005
671_T1_vs_T2,longitudinal,9,RShin_to_RFoot_rz,RShin_to_RFoot,rz,0.033887777250762995,0.03999039664033702,0.0061026193895740224,0.028200241722796473,0.02539398484728005
671_T1_vs_T2,longitudinal,9,RShoulder_to_RUArm_rx,RShoulder_to_RUArm,rx,0.09413374997747243,0.0616477123893069,-0.032486037588165526,0.028200241722796473,0.02539398484728005
671_T1_vs_T2,longitudinal,9,RShoulder_to_RUArm_ry,RShoulder_to_RUArm,ry,0.13473970766576102,0.3513684951946591,0.2166287875288981,0.028200241722796473,0.02539398484728005
671_T1_vs_T2,longitudinal,9,RShoulder_to_RUArm_rz,RShoulder_to_RUArm,rz,0.13279598350159844,0.07956602565102494,-0.053229957850573495,0.028200241722796473,0.02539398484728005
671_T1_vs_T2,longitudinal,9,RThigh_to_RShin_rx,RThigh_to_RShin,rx,0.0258472279694449,0.03965081664226946,0.013803588672824559,0.028200241722796473,0.02539398484728005
671_T1_vs_T2,longitudinal,9,RThigh_to_RShin_ry,RThigh_to_RShin,ry,3.894442639187218e-08,2.3361179286004692e-08,-1.558324710586749e-08,0.028200241722796473,0.02539398484728005
671_T1_vs_T2,longitudinal,9,RThigh_to_RShin_rz,RThigh_to_RShin,rz,6.238796655241591e-08,4.609820574712159e-08,-1.628976080529432e-08,0.028200241722796473,0.02539398484728005
671_T1_vs_T2,longitudinal,9,RUArm_to_RFArm_rx,RUArm_to_RFArm,rx,0.4274135146022757,0.0076787954230199025,-0.4197347191792558,0.028200241722796473,0.02539398484728005
671_T1_vs_T2,longitudinal,9,RUArm_to_RFArm_ry,RUArm_to_RFArm,ry,0.05183914447366496,0.12179910671608636,0.0699599622424214,0.028200241722796473,0.02539398484728005
671_T1_vs_T2,longitudinal,9,RUArm_to_RFArm_rz,RUArm_to_RFArm,rz,0.24229616065000617,0.06373694929019627,-0.1785592113598099,0.028200241722796473,0.02539398484728005
671_T1_vs_T3,longitudinal,1,Chest_to_LShoulder_rx,Chest_to_LShoulder,rx,0.11160349248274923,0.12561018671163685,0.014006694228887617,0.23139372218805004,0.27420779453634103
671_T1_vs_T3,longitudinal,1,Chest_to_LShoulder_ry,Chest_to_LShoulder,ry,0.004353355062863107,0.009309945498620444,0.004956590435757337,0.23139372218805004,0.27420779453634103
671_T1_vs_T3,longitudinal,1,Chest_to_LShoulder_rz,Chest_to_LShoulder,rz,0.055499134869359396,0.019821532968235196,-0.0356776019011242,0.23139372218805004,0.27420779453634103
671_T1_vs_T3,longitudinal,1,Chest_to_Neck_rx,Chest_to_Neck,rx,0.023757936100491192,0.0457426364571359,0.02198470035664471,0.23139372218805004,0.27420779453634103
671_T1_vs_T3,longitudinal,1,Chest_to_Neck_ry,Chest_to_Neck,ry,0.010607457745181655,0.00991845813822341,-0.000688999606958245,0.23139372218805004,0.27420779453634103
671_T1_vs_T3,longitudinal,1,Chest_to_Neck_rz,Chest_to_Neck,rz,0.01858102570314843,0.024681015269404468,0.006099989566256039,0.23139372218805004,0.27420779453634103
671_T1_vs_T3,longitudinal,1,Chest_to_RShoulder_rx,Chest_to_RShoulder,rx,0.04190254741001238,0.12552101351974893,0.08361846610973656,0.23139372218805004,0.27420779453634103
671_T1_vs_T3,longitudinal,1,Chest_to_RShoulder_ry,Chest_to_RShoulder,ry,0.016104035708831153,0.022430243883018914,0.006326208174187761,0.23139372218805004,0.27420779453634103
671_T1_vs_T3,longitudinal,1,Chest_to_RShoulder_rz,Chest_to_RShoulder,rz,0.028542395621266647,0.045938932565889774,0.017396536944623127,0.23139372218805004,0.27420779453634103
671_T1_vs_T3,longitudinal,1,LFArm_to_LHand_rx,LFArm_to_LHand,rx,0.23826377608680666,0.29513252321194483,0.056868747125138175,0.23139372218805004,0.27420779453634103
671_T1_vs_T3,longitudinal,1,LFArm_to_LHand_ry,LFArm_to_LHand,ry,0.018351072166958585,0.17489237135167074,0.15654129918471216,0.23139372218805004,0.27420779453634103
671_T1_vs_T3,longitudinal,1,LFArm_to_LHand_rz,LFArm_to_LHand,rz,0.37367839810735803,0.30434431378380417,-0.06933408432355387,0.23139372218805004,0.27420779453634103
671_T1_vs_T3,longitudinal,1,LShin_to_LFoot_rx,LShin_to_LFoot,rx,0.0001717122393810524,0.046706803860042195,0.04653509162066114,0.23139372218805004,0.27420779453634103
671_T1_vs_T3,longitudinal,1,LShin_to_LFoot_ry,LShin_to_LFoot,ry,0.05174471557853686,0.0032737560592265708,-0.04847095951931029,0.23139372218805004,0.27420779453634103
671_T1_vs_T3,longitudinal,1,LShin_to_LFoot_rz,LShin_to_LFoot,rz,0.037991471346784114,0.05752866719129226,0.019537195844508144,0.23139372218805004,0.27420779453634103
671_T1_vs_T3,longitudinal,1,LShoulder_to_LUArm_rx,LShoulder_to_LUArm,rx,0.2983578753769931,0.41588328239765715,0.11752540702066405,0.23139372218805004,0.27420779453634103
671_T1_vs_T3,longitudinal,1,LShoulder_to_LUArm_ry,LShoulder_to_LUArm,ry,0.11052741410140435,0.09119055594868146,-0.01933685815272289,0.23139372218805004,0.27420779453634103
671_T1_vs_T3,longitudinal,1,LShoulder_to_LUArm_rz,LShoulder_to_LUArm,rz,0.1285989116595175,0.04390406263801599,-0.08469484902150151,0.23139372218805004,0.27420779453634103
671_T1_vs_T3,longitudinal,1,LThigh_to_LShin_rx,LThigh_to_LShin,rx,0.08523456856250052,0.1312729290106309,0.04603836044813038,0.23139372218805004,0.27420779453634103
671_T1_vs_T3,longitudinal,1,LThigh_to_LShin_ry,LThigh_to_LShin,ry,9.010139597628084e-09,2.4025121128243482e-08,1.50149815306154e-08,0.23139372218805004,0.27420779453634103
671_T1_vs_T3,longitudinal,1,LThigh_to_LShin_rz,LThigh_to_LShin,rz,6.2173113925321096e-09,2.7369362095586862e-08,2.1152050703054753e-08,0.23139372218805004,0.27420779453634103
671_T1_vs_T3,longitudinal,1,LUArm_to_LFArm_rx,LUArm_to_LFArm,rx,0.04639202345879797,0.24255269013889158,0.1961606666800936,0.23139372218805004,0.27420779453634103
671_T1_vs_T3,longitudinal,1,LUArm_to_LFArm_ry,LUArm_to_LFArm,ry,0.5415158327155498,0.43628609868228946,-0.10522973403326036,0.23139372218805004,0.27420779453634103
671_T1_vs_T3,longitudinal,1,LUArm_to_LFArm_rz,LUArm_to_LFArm,rz,0.10387710051392017,0.09316857829517385,-0.010708522218746325,0.23139372218805004,0.27420779453634103
671_T1_vs_T3,longitudinal,1,Neck_to_Head_rx,Neck_to_Head,rx,0.023757945154779577,0.04574259658217175,0.021984651427392175,0.23139372218805004,0.27420779453634103
671_T1_vs_T3,longitudinal,1,Neck_to_Head_ry,Neck_to_Head,ry,0.0106074368029772,0.009918524424933614,-0.0006889123780435859,0.23139372218805004,0.27420779453634103
671_T1_vs_T3,longitudinal,1,Neck_to_Head_rz,Neck_to_Head,rz,0.01858103941746347,0.02468101406026786,0.006099974642804391,0.23139372218805004,0.27420779453634103
671_T1_vs_T3,longitudinal,1,RFArm_to_RHand_rx,RFArm_to_RHand,rx,0.2614847749380405,0.13002473856613725,-0.13146003637190326,0.23139372218805004,0.27420779453634103
671_T1_vs_T3,longitudinal,1,RFArm_to_RHand_ry,RFArm_to_RHand,ry,0.08527973728772169,0.09094351769886275,0.005663780411141059,0.23139372218805004,0.27420779453634103
671_T1_vs_T3,longitudinal,1,RFArm_to_RHand_rz,RFArm_to_RHand,rz,0.4657175151047921,0.06683796401689306,-0.398879551087899,0.23139372218805004,0.27420779453634103
671_T1_vs_T3,longitudinal,1,RShin_to_RFoot_rx,RShin_to_RFoot,rx,0.04434534763581562,0.12508327438686634,0.08073792675105071,0.23139372218805004,0.27420779453634103
671_T1_vs_T3,longitudinal,1,RShin_to_RFoot_ry,RShin_to_RFoot,ry,0.032638556605575,0.020156979326522474,-0.012481577279052525,0.23139372218805004,0.27420779453634103
671_T1_vs_T3,longitudinal,1,RShin_to_RFoot_rz,RShin_to_RFoot,rz,0.03510921852143612,0.04193850963027502,0.0068292911088388975,0.23139372218805004,0.27420779453634103
671_T1_vs_T3,longitudinal,1,RShoulder_to_RUArm_rx,RShoulder_to_RUArm,rx,0.13928938561025772,0.27382793164821184,0.13453854603795412,0.23139372218805004,0.27420779453634103
671_T1_vs_T3,longitudinal,1,RShoulder_to_RUArm_ry,RShoulder_to_RUArm,ry,0.05040917807146052,0.10280019364012387,0.05239101556866335,0.23139372218805004,0.27420779453634103
671_T1_vs_T3,longitudinal,1,RShoulder_to_RUArm_rz,RShoulder_to_RUArm,rz,0.020903392526688044,0.13701944649743808,0.11611605397075003,0.23139372218805004,0.27420779453634103
671_T1_vs_T3,longitudinal,1,RThigh_to_RShin_rx,RThigh_to_RShin,rx,0.03003460289805667,0.20776033048739603,0.17772572758933936,0.23139372218805004,0.27420779453634103
671_T1_vs_T3,longitudinal,1,RThigh_to_RShin_ry,RThigh_to_RShin,ry,1.0917718116574125e-08,4.705506257480842e-08,3.6137344458234295e-08,0.23139372218805004,0.27420779453634103
671_T1_vs_T3,longitudinal,1,RThigh_to_RShin_rz,RThigh_to_RShin,rz,1.4614706881997458e-08,2.144351661942792e-08,6.828809737430462e-09,0.23139372218805004,0.27420779453634103
671_T1_vs_T3,longitudinal,1,RUArm_to_RFArm_rx,RUArm_to_RFArm,rx,0.08830763668856907,0.18978774683760133,0.10148011014903226,0.23139372218805004,0.27420779453634103
671_T1_vs_T3,longitudinal,1,RUArm_to_RFArm_ry,RUArm_to_RFArm,ry,0.12882960623699474,0.20714801850798564,0.0783184122709909,0.23139372218805004,0.27420779453634103
671_T1_vs_T3,longitudinal,1,RUArm_to_RFArm_rz,RUArm_to_RFArm,rz,0.05485375421738851,0.10858133122407553,0.05372757700668702,0.23139372218805004,0.27420779453634103
671_T1_vs_T3,longitudinal,2,Chest_to_LShoulder_rx,Chest_to_LShoulder,rx,0.012413809416663747,0.015698783569230386,0.0032849741525666394,0.18780038834378207,0.19559260093039582
671_T1_vs_T3,longitudinal,2,Chest_to_LShoulder_ry,Chest_to_LShoulder,ry,0.01207882198986226,0.03036848506897891,0.01828966307911665,0.18780038834378207,0.19559260093039582
671_T1_vs_T3,longitudinal,2,Chest_to_LShoulder_rz,Chest_to_LShoulder,rz,0.01341682511667111,0.027547789719704997,0.014130964603033886,0.18780038834378207,0.19559260093039582
671_T1_vs_T3,longitudinal,2,Chest_to_Neck_rx,Chest_to_Neck,rx,0.02032640746299611,0.0082280438280908,-0.012098363634905311,0.18780038834378207,0.19559260093039582
671_T1_vs_T3,longitudinal,2,Chest_to_Neck_ry,Chest_to_Neck,ry,0.0036214515271624386,0.019512694167415655,0.015891242640253215,0.18780038834378207,0.19559260093039582
671_T1_vs_T3,longitudinal,2,Chest_to_Neck_rz,Chest_to_Neck,rz,0.008703488910341716,0.043124127295152456,0.03442063838481074,0.18780038834378207,0.19559260093039582
671_T1_vs_T3,longitudinal,2,Chest_to_RShoulder_rx,Chest_to_RShoulder,rx,0.06855258588395537,0.1313984306722657,0.06284584478831033,0.18780038834378207,0.19559260093039582
671_T1_vs_T3,longitudinal,2,Chest_to_RShoulder_ry,Chest_to_RShoulder,ry,0.017253581826855297,0.018908431778741578,0.0016548499518862815,0.18780038834378207,0.19559260093039582
671_T1_vs_T3,longitudinal,2,Chest_to_RShoulder_rz,Chest_to_RShoulder,rz,0.09360525736374481,0.05154054858896753,-0.042064708774777276,0.18780038834378207,0.19559260093039582
671_T1_vs_T3,longitudinal,2,LFArm_to_LHand_rx,LFArm_to_LHand,rx,0.012241882529156525,0.024617545529921896,0.01237566300076537,0.18780038834378207,0.19559260093039582
671_T1_vs_T3,longitudinal,2,LFArm_to_LHand_ry,LFArm_to_LHand,ry,0.026188923113035317,0.11035120710181469,0.08416228398877937,0.18780038834378207,0.19559260093039582
671_T1_vs_T3,longitudinal,2,LFArm_to_LHand_rz,LFArm_to_LHand,rz,0.021413089246568245,0.21356162835678902,0.19214853911022078,0.18780038834378207,0.19559260093039582
671_T1_vs_T3,longitudinal,2,LShin_to_LFoot_rx,LShin_to_LFoot,rx,0.022651589989330992,0.010360393583663866,-0.012291196405667126,0.18780038834378207,0.19559260093039582
671_T1_vs_T3,longitudinal,2,LShin_to_LFoot_ry,LShin_to_LFoot,ry,0.09289559284506246,0.042968548008259076,-0.04992704483680339,0.18780038834378207,0.19559260093039582
671_T1_vs_T3,longitudinal,2,LShin_to_LFoot_rz,LShin_to_LFoot,rz,0.006723250169434944,0.06916833499378676,0.062445084824351814,0.18780038834378207,0.19559260093039582
671_T1_vs_T3,longitudinal,2,LShoulder_to_LUArm_rx,LShoulder_to_LUArm,rx,0.013706817065557545,0.010286376693291768,-0.0034204403722657775,0.18780038834378207,0.19559260093039582
671_T1_vs_T3,longitudinal,2,LShoulder_to_LUArm_ry,LShoulder_to_LUArm,ry,0.08882430869230308,0.19028837548911934,0.10146406679681626,0.18780038834378207,0.19559260093039582
671_T1_vs_T3,longitudinal,2,LShoulder_to_LUArm_rz,LShoulder_to_LUArm,rz,0.029477130051221864,0.04270116343928671,0.013224033388064847,0.18780038834378207,0.19559260093039582
671_T1_vs_T3,longitudinal,2,LThigh_to_LShin_rx,LThigh_to_LShin,rx,0.04162643217802003,0.2168521211525176,0.17522568897449756,0.18780038834378207,0.19559260093039582
671_T1_vs_T3,longitudinal,2,LThigh_to_LShin_ry,LThigh_to_LShin,ry,4.1739124802262955e-09,4.517577190893196e-09,3.4366471066690043e-10,0.18780038834378207,0.19559260093039582
671_T1_vs_T3,longitudinal,2,LThigh_to_LShin_rz,LThigh_to_LShin,rz,9.997606430801407e-09,3.314264267205964e-08,2.314503624125823e-08,0.18780038834378207,0.19559260093039582
671_T1_vs_T3,longitudinal,2,LUArm_to_LFArm_rx,LUArm_to_LFArm,rx,0.22132600724623122,0.2942374533159595,0.0729114460697283,0.18780038834378207,0.19559260093039582
671_T1_vs_T3,longitudinal,2,LUArm_to_LFArm_ry,LUArm_to_LFArm,ry,0.50322960381444,0.24032929396607167,-0.2629003098483684,0.18780038834378207,0.19559260093039582
671_T1_vs_T3,longitudinal,2,LUArm_to_LFArm_rz,LUArm_to_LFArm,rz,0.1420121187837321,0.22577358048657753,0.08376146170284543,0.18780038834378207,0.19559260093039582
671_T1_vs_T3,longitudinal,2,Neck_to_Head_rx,Neck_to_Head,rx,0.020326384844493908,0.008228008088056458,-0.01209837675643745,0.18780038834378207,0.19559260093039582
671_T1_vs_T3,longitudinal,2,Neck_to_Head_ry,Neck_to_Head,ry,0.003621424139051954,0.01951267194250609,0.015891247803454134,0.18780038834378207,0.19559260093039582
671_T1_vs_T3,longitudinal,2,Neck_to_Head_rz,Neck_to_Head,rz,0.008703511206740736,0.04312413100893945,0.03442061980219871,0.18780038834378207,0.19559260093039582
671_T1_vs_T3,longitudinal,2,RFArm_to_RHand_rx,RFArm_to_RHand,rx,0.2274240361410617,0.30912321243663005,0.08169917629556836,0.18780038834378207,0.19559260093039582
671_T1_vs_T3,longitudinal,2,RFArm_to_RHand_ry,RFArm_to_RHand,ry,0.06709465315103841,0.13926055606333082,0.07216590291229241,0.18780038834378207,0.19559260093039582
671_T1_vs_T3,longitudinal,2,RFArm_to_RHand_rz,RFArm_to_RHand,rz,0.533288284643944,0.511808027127804,-0.02148025751613991,0.18780038834378207,0.19559260093039582
671_T1_vs_T3,longitudinal,2,RShin_to_RFoot_rx,RShin_to_RFoot,rx,0.03579077496138733,0.11401302045146298,0.07822224549007566,0.18780038834378207,0.19559260093039582
671_T1_vs_T3,longitudinal,2,RShin_to_RFoot_ry,RShin_to_RFoot,ry,0.024077026395027214,0.07009953505137895,0.046022508656351734,0.18780038834378207,0.19559260093039582
671_T1_vs_T3,longitudinal,2,RShin_to_RFoot_rz,RShin_to_RFoot,rz,0.03240153704901955,0.0164330603266299,-0.015968476722389654,0.18780038834378207,0.19559260093039582
671_T1_vs_T3,longitudinal,2,RShoulder_to_RUArm_rx,RShoulder_to_RUArm,rx,0.2518816791053494,0.3372616225127827,0.08537994340743327,0.18780038834378207,0.19559260093039582
671_T1_vs_T3,longitudinal,2,RShoulder_to_RUArm_ry,RShoulder_to_RUArm,ry,0.07964791045663215,0.012002919572445809,-0.06764499088418634,0.18780038834378207,0.19559260093039582
671_T1_vs_T3,longitudinal,2,RShoulder_to_RUArm_rz,RShoulder_to_RUArm,rz,0.032638515186172855,0.05797871664575786,0.02534020145958501,0.18780038834378207,0.19559260093039582
671_T1_vs_T3,longitudinal,2,RThigh_to_RShin_rx,RThigh_to_RShin,rx,0.1332904363018925,0.05696076438832723,-0.07632967191356527,0.18780038834378207,0.19559260093039582
671_T1_vs_T3,longitudinal,2,RThigh_to_RShin_ry,RThigh_to_RShin,ry,1.7904269769333042e-08,4.427896280036116e-09,-1.3476373489296927e-08,0.18780038834378207,0.19559260093039582
671_T1_vs_T3,longitudinal,2,RThigh_to_RShin_rz,RThigh_to_RShin,rz,2.976271786672703e-08,3.1586375440944454e-08,1.8236575742174226e-09,0.18780038834378207,0.19559260093039582
671_T1_vs_T3,longitudinal,2,RUArm_to_RFArm_rx,RUArm_to_RFArm,rx,0.1526877432523839,0.23372168852276906,0.08103394527038515,0.18780038834378207,0.19559260093039582
671_T1_vs_T3,longitudinal,2,RUArm_to_RFArm_ry,RUArm_to_RFArm,ry,0.42898043984322526,0.22843941938238094,-0.20054102046084432,0.18780038834378207,0.19559260093039582
671_T1_vs_T3,longitudinal,2,RUArm_to_RFArm_rz,RUArm_to_RFArm,rz,0.04141099574238601,0.07203124478901957,0.030620249046633553,0.18780038834378207,0.19559260093039582
671_T1_vs_T3,longitudinal,3,Chest_to_LShoulder_rx,Chest_to_LShoulder,rx,0.017752013124000467,0.04682606398789771,0.029074050863897243,0.12172361152067737,0.1593569684249227
671_T1_vs_T3,longitudinal,3,Chest_to_LShoulder_ry,Chest_to_LShoulder,ry,0.05350275761745188,0.02238465666731926,-0.031118100950132618,0.12172361152067737,0.1593569684249227
671_T1_vs_T3,longitudinal,3,Chest_to_LShoulder_rz,Chest_to_LShoulder,rz,0.005507866644501203,0.024447812793600743,0.01893994614909954,0.12172361152067737,0.1593569684249227
671_T1_vs_T3,longitudinal,3,Chest_to_Neck_rx,Chest_to_Neck,rx,0.042838506056171316,0.05790331086788921,0.015064804811717895,0.12172361152067737,0.1593569684249227
671_T1_vs_T3,longitudinal,3,Chest_to_Neck_ry,Chest_to_Neck,ry,0.03257854964392777,0.005149757945933573,-0.027428791697994198,0.12172361152067737,0.1593569684249227
671_T1_vs_T3,longitudinal,3,Chest_to_Neck_rz,Chest_to_Neck,rz,0.03716316666347874,0.0088807221927834,-0.02828244447069534,0.12172361152067737,0.1593569684249227
671_T1_vs_T3,longitudinal,3,Chest_to_RShoulder_rx,Chest_to_RShoulder,rx,0.12187011068397474,0.0736051311820455,-0.04826497950192925,0.12172361152067737,0.1593569684249227
671_T1_vs_T3,longitudinal,3,Chest_to_RShoulder_ry,Chest_to_RShoulder,ry,0.0646881981229224,0.03490936939473994,-0.02977882872818246,0.12172361152067737,0.1593569684249227
671_T1_vs_T3,longitudinal,3,Chest_to_RShoulder_rz,Chest_to_RShoulder,rz,0.024441064035242443,0.04379333225192288,0.01935226821668044,0.12172361152067737,0.1593569684249227
671_T1_vs_T3,longitudinal,3,LFArm_to_LHand_rx,LFArm_to_LHand,rx,0.04687893509153532,0.00561812351658758,-0.04126081157494774,0.12172361152067737,0.1593569684249227
671_T1_vs_T3,longitudinal,3,LFArm_to_LHand_ry,LFArm_to_LHand,ry,0.01994267271781277,0.0953657314516827,0.07542305873386992,0.12172361152067737,0.1593569684249227
671_T1_vs_T3,longitudinal,3,LFArm_to_LHand_rz,LFArm_to_LHand,rz,0.12418403421636008,0.013806811719855332,-0.11037722249650475,0.12172361152067737,0.1593569684249227
671_T1_vs_T3,longitudinal,3,LShin_to_LFoot_rx,LShin_to_LFoot,rx,0.08118518870887419,0.07220874551634204,-0.008976443192532144,0.12172361152067737,0.1593569684249227
671_T1_vs_T3,longitudinal,3,LShin_to_LFoot_ry,LShin_to_LFoot,ry,0.1453920922750686,0.11085629578886388,-0.03453579648620472,0.12172361152067737,0.1593569684249227
671_T1_vs_T3,longitudinal,3,LShin_to_LFoot_rz,LShin_to_LFoot,rz,0.015031439251243417,0.04886987800642985,0.03383843875518643,0.12172361152067737,0.1593569684249227
671_T1_vs_T3,longitudinal,3,LShoulder_to_LUArm_rx,LShoulder_to_LUArm,rx,0.0920086725934157,0.20876233765282526,0.11675366505940955,0.12172361152067737,0.1593569684249227
671_T1_vs_T3,longitudinal,3,LShoulder_to_LUArm_ry,LShoulder_to_LUArm,ry,0.2968681114866392,0.2164270206795124,-0.08044109080712683,0.12172361152067737,0.1593569684249227
671_T1_vs_T3,longitudinal,3,LShoulder_to_LUArm_rz,LShoulder_to_LUArm,rz,0.028137850495064322,0.014103949273581742,-0.01403390122148258,0.12172361152067737,0.1593569684249227
671_T1_vs_T3,longitudinal,3,LThigh_to_LShin_rx,LThigh_to_LShin,rx,0.05462077398954182,0.08345259818698397,0.028831824197442152,0.12172361152067737,0.1593569684249227
671_T1_vs_T3,longitudinal,3,LThigh_to_LShin_ry,LThigh_to_LShin,ry,5.39106215178515e-10,3.4451180685645977e-09,2.9060118533860826e-09,0.12172361152067737,0.1593569684249227
671_T1_vs_T3,longitudinal,3,LThigh_to_LShin_rz,LThigh_to_LShin,rz,3.881901145635606e-08,2.772584197099519e-08,-1.109316948536087e-08,0.12172361152067737,0.1593569684249227
671_T1_vs_T3,longitudinal,3,LUArm_to_LFArm_rx,LUArm_to_LFArm,rx,0.07860943295652535,0.2938063090319603,0.21519687607543497,0.12172361152067737,0.1593569684249227
671_T1_vs_T3,longitudinal,3,LUArm_to_LFArm_ry,LUArm_to_LFArm,ry,0.3135767298288791,0.18865851759493354,-0.12491821223394553,0.12172361152067737,0.1593569684249227
671_T1_vs_T3,longitudinal,3,LUArm_to_LFArm_rz,LUArm_to_LFArm,rz,0.09682109312021676,0.21758784689856273,0.12076675377834596,0.12172361152067737,0.1593569684249227
671_T1_vs_T3,longitudinal,3,Neck_to_Head_rx,Neck_to_Head,rx,0.04283846463883821,0.05790329927177497,0.015064834632936758,0.12172361152067737,0.1593569684249227
671_T1_vs_T3,longitudinal,3,Neck_to_Head_ry,Neck_to_Head,ry,0.032578538264773145,0.005149742057578824,-0.027428796207194323,0.12172361152067737,0.1593569684249227
671_T1_vs_T3,longitudinal,3,Neck_to_Head_rz,Neck_to_Head,rz,0.03716313867257,0.008880721324064136,-0.02828241734850586,0.12172361152067737,0.1593569684249227
671_T1_vs_T3,longitudinal,3,RFArm_to_RHand_rx,RFArm_to_RHand,rx,0.0851087214556739,0.02498646595722192,-0.06012225549845198,0.12172361152067737,0.1593569684249227
671_T1_vs_T3,longitudinal,3,RFArm_to_RHand_ry,RFArm_to_RHand,ry,0.02403720516075515,0.011931430122773017,-0.012105775037982134,0.12172361152067737,0.1593569684249227
671_T1_vs_T3,longitudinal,3,RFArm_to_RHand_rz,RFArm_to_RHand,rz,0.17674933613591692,0.045454530943541724,-0.13129480519237519,0.12172361152067737,0.1593569684249227
671_T1_vs_T3,longitudinal,3,RShin_to_RFoot_rx,RShin_to_RFoot,rx,0.05825012934702088,0.058135489804371755,-0.00011463954264912674,0.12172361152067737,0.1593569684249227
671_T1_vs_T3,longitudinal,3,RShin_to_RFoot_ry,RShin_to_RFoot,ry,0.032035200403853326,0.07730292950918528,0.04526772910533196,0.12172361152067737,0.1593569684249227
671_T1_vs_T3,longitudinal,3,RShin_to_RFoot_rz,RShin_to_RFoot,rz,0.07307914176000528,0.14206529123364384,0.06898614947363856,0.12172361152067737,0.1593569684249227
671_T1_vs_T3,longitudinal,3,RShoulder_to_RUArm_rx,RShoulder_to_RUArm,rx,0.25907638083956724,0.13918095552198956,-0.11989542531757769,0.12172361152067737,0.1593569684249227
671_T1_vs_T3,longitudinal,3,RShoulder_to_RUArm_ry,RShoulder_to_RUArm,ry,0.032556601642577856,0.012918507903975472,-0.019638093738602383,0.12172361152067737,0.1593569684249227
671_T1_vs_T3,longitudinal,3,RShoulder_to_RUArm_rz,RShoulder_to_RUArm,rz,0.07770252574158831,0.05435105283477285,-0.02335147290681546,0.12172361152067737,0.1593569684249227
671_T1_vs_T3,longitudinal,3,RThigh_to_RShin_rx,RThigh_to_RShin,rx,0.034552572001763926,0.41630975559137745,0.3817571835896135,0.12172361152067737,0.1593569684249227
671_T1_vs_T3,longitudinal,3,RThigh_to_RShin_ry,RThigh_to_RShin,ry,1.4348265288379172e-08,3.8713124874687816e-08,2.4364859586308644e-08,0.12172361152067737,0.1593569684249227
671_T1_vs_T3,longitudinal,3,RThigh_to_RShin_rz,RThigh_to_RShin,rz,9.512000163074316e-09,1.1185492391529625e-08,1.6734922284553084e-09,0.12172361152067737,0.1593569684249227
671_T1_vs_T3,longitudinal,3,RUArm_to_RFArm_rx,RUArm_to_RFArm,rx,0.1380317501901429,0.16344333442619405,0.025411584236051138,0.12172361152067737,0.1593569684249227
671_T1_vs_T3,longitudinal,3,RUArm_to_RFArm_ry,RUArm_to_RFArm,ry,0.7485411710981279,0.6553473043552791,-0.0931938667428488,0.12172361152067737,0.1593569684249227
671_T1_vs_T3,longitudinal,3,RUArm_to_RFArm_rz,RUArm_to_RFArm,rz,0.0690933427691213,0.02854232358594331,-0.04055101918317799,0.12172361152067737,0.1593569684249227
671_T1_vs_T3,longitudinal,4,Chest_to_LShoulder_rx,Chest_to_LShoulder,rx,0.02604342503990017,0.05396534068805607,0.027921915648155902,0.07377449783392567,0.10449950620972664
671_T1_vs_T3,longitudinal,4,Chest_to_LShoulder_ry,Chest_to_LShoulder,ry,0.04920713343575717,0.052199930812803254,0.0029927973770460872,0.07377449783392567,0.10449950620972664
671_T1_vs_T3,longitudinal,4,Chest_to_LShoulder_rz,Chest_to_LShoulder,rz,0.03158788339463184,0.05939282980946327,0.02780494641483143,0.07377449783392567,0.10449950620972664
671_T1_vs_T3,longitudinal,4,Chest_to_Neck_rx,Chest_to_Neck,rx,0.10653578404798135,0.009472966930742925,-0.09706281711723842,0.07377449783392567,0.10449950620972664
671_T1_vs_T3,longitudinal,4,Chest_to_Neck_ry,Chest_to_Neck,ry,0.014856257116039547,0.005319839960377669,-0.009536417155661878,0.07377449783392567,0.10449950620972664
671_T1_vs_T3,longitudinal,4,Chest_to_Neck_rz,Chest_to_Neck,rz,0.01861149506818503,0.01517875614858342,-0.0034327389196016096,0.07377449783392567,0.10449950620972664
671_T1_vs_T3,longitudinal,4,Chest_to_RShoulder_rx,Chest_to_RShoulder,rx,0.13547405865769221,0.11142458837642098,-0.024049470281271232,0.07377449783392567,0.10449950620972664
671_T1_vs_T3,longitudinal,4,Chest_to_RShoulder_ry,Chest_to_RShoulder,ry,0.042948160178105425,0.06023338225395133,0.017285222075845902,0.07377449783392567,0.10449950620972664
671_T1_vs_T3,longitudinal,4,Chest_to_RShoulder_rz,Chest_to_RShoulder,rz,0.10716391241020137,0.09264143599269388,-0.014522476417507493,0.07377449783392567,0.10449950620972664
671_T1_vs_T3,longitudinal,4,LFArm_to_LHand_rx,LFArm_to_LHand,rx,0.11780349598671273,0.15018149171993442,0.032377995733221684,0.07377449783392567,0.10449950620972664
671_T1_vs_T3,longitudinal,4,LFArm_to_LHand_ry,LFArm_to_LHand,ry,0.04980947259900736,0.11084378744946863,0.06103431485046127,0.07377449783392567,0.10449950620972664
671_T1_vs_T3,longitudinal,4,LFArm_to_LHand_rz,LFArm_to_LHand,rz,0.10673323466221789,0.424838569226919,0.3181053345647011,0.07377449783392567,0.10449950620972664
671_T1_vs_T3,longitudinal,4,LShin_to_LFoot_rx,LShin_to_LFoot,rx,0.017664842996042558,0.05378619475967861,0.03612135176363605,0.07377449783392567,0.10449950620972664
671_T1_vs_T3,longitudinal,4,LShin_to_LFoot_ry,LShin_to_LFoot,ry,0.05769785624539248,0.08217457273255202,0.024476716487159537,0.07377449783392567,0.10449950620972664
671_T1_vs_T3,longitudinal,4,LShin_to_LFoot_rz,LShin_to_LFoot,rz,0.059997692865728994,0.04392302056800475,-0.016074672297724246,0.07377449783392567,0.10449950620972664
671_T1_vs_T3,longitudinal,4,LShoulder_to_LUArm_rx,LShoulder_to_LUArm,rx,0.07028364036902651,0.11471822031040123,0.044434579941374716,0.07377449783392567,0.10449950620972664
671_T1_vs_T3,longitudinal,4,LShoulder_to_LUArm_ry,LShoulder_to_LUArm,ry,0.10433811531093558,0.05807275166557507,-0.046265363645360505,0.07377449783392567,0.10449950620972664
671_T1_vs_T3,longitudinal,4,LShoulder_to_LUArm_rz,LShoulder_to_LUArm,rz,0.0008100107748677213,0.1489856990354937,0.14817568826062597,0.07377449783392567,0.10449950620972664
671_T1_vs_T3,longitudinal,4,LThigh_to_LShin_rx,LThigh_to_LShin,rx,0.3331012858957909,0.06411032377379072,-0.2689909621220002,0.07377449783392567,0.10449950620972664
671_T1_vs_T3,longitudinal,4,LThigh_to_LShin_ry,LThigh_to_LShin,ry,1.1059299402744458e-09,4.8649251360184045e-09,3.758995195743959e-09,0.07377449783392567,0.10449950620972664
671_T1_vs_T3,longitudinal,4,LThigh_to_LShin_rz,LThigh_to_LShin,rz,1.6439958569497692e-08,4.855144424088904e-08,3.211148567139135e-08,0.07377449783392567,0.10449950620972664
671_T1_vs_T3,longitudinal,4,LUArm_to_LFArm_rx,LUArm_to_LFArm,rx,0.2500907061946734,0.3713355090497485,0.1212448028550751,0.07377449783392567,0.10449950620972664
671_T1_vs_T3,longitudinal,4,LUArm_to_LFArm_ry,LUArm_to_LFArm,ry,0.13224637841995127,0.23201697843009547,0.0997706000101442,0.07377449783392567,0.10449950620972664
671_T1_vs_T3,longitudinal,4,LUArm_to_LFArm_rz,LUArm_to_LFArm,rz,0.0645172804549414,0.28433598989152764,0.21981870943658624,0.07377449783392567,0.10449950620972664
671_T1_vs_T3,longitudinal,4,Neck_to_Head_rx,Neck_to_Head,rx,0.1065357981546174,0.009472909636303964,-0.09706288851831343,0.07377449783392567,0.10449950620972664
671_T1_vs_T3,longitudinal,4,Neck_to_Head_ry,Neck_to_Head,ry,0.01485625265394335,0.0053198398484474,-0.009536412805495949,0.07377449783392567,0.10449950620972664
671_T1_vs_T3,longitudinal,4,Neck_to_Head_rz,Neck_to_Head,rz,0.01861144168305437,0.015178753553314625,-0.0034326881297397447,0.07377449783392567,0.10449950620972664
671_T1_vs_T3,longitudinal,4,RFArm_to_RHand_rx,RFArm_to_RHand,rx,0.0443737151588489,0.13960658374132315,0.09523286858247425,0.07377449783392567,0.10449950620972664
671_T1_vs_T3,longitudinal,4,RFArm_to_RHand_ry,RFArm_to_RHand,ry,0.04685940849272841,0.05603260386408603,0.00917319537135762,0.07377449783392567,0.10449950620972664
671_T1_vs_T3,longitudinal,4,RFArm_to_RHand_rz,RFArm_to_RHand,rz,0.025537002956862016,0.26887415520309244,0.24333715224623043,0.07377449783392567,0.10449950620972664
671_T1_vs_T3,longitudinal,4,RShin_to_RFoot_rx,RShin_to_RFoot,rx,0.20164765577759886,0.2871959744381935,0.08554831866059465,0.07377449783392567,0.10449950620972664
671_T1_vs_T3,longitudinal,4,RShin_to_RFoot_ry,RShin_to_RFoot,ry,0.12836959354697228,0.09030635187063764,-0.03806324167633464,0.07377449783392567,0.10449950620972664
671_T1_vs_T3,longitudinal,4,RShin_to_RFoot_rz,RShin_to_RFoot,rz,0.20391595207075056,0.031390998931942214,-0.17252495313880833,0.07377449783392567,0.10449950620972664
671_T1_vs_T3,longitudinal,4,RShoulder_to_RUArm_rx,RShoulder_to_RUArm,rx,0.29449543060863476,0.2814555786926454,-0.013039851915989331,0.07377449783392567,0.10449950620972664
671_T1_vs_T3,longitudinal,4,RShoulder_to_RUArm_ry,RShoulder_to_RUArm,ry,0.16808518865194025,0.17074379735362155,0.002658608701681303,0.07377449783392567,0.10449950620972664
671_T1_vs_T3,longitudinal,4,RShoulder_to_RUArm_rz,RShoulder_to_RUArm,rz,0.25680394363521764,0.21072511934193086,-0.046078824293286774,0.07377449783392567,0.10449950620972664
671_T1_vs_T3,longitudinal,4,RThigh_to_RShin_rx,RThigh_to_RShin,rx,0.5764410580103991,0.17910202198072886,-0.39733903602967025,0.07377449783392567,0.10449950620972664
671_T1_vs_T3,longitudinal,4,RThigh_to_RShin_ry,RThigh_to_RShin,ry,2.8661515243778937e-09,3.241959026298076e-08,2.9553438738602864e-08,0.07377449783392567,0.10449950620972664
671_T1_vs_T3,longitudinal,4,RThigh_to_RShin_rz,RThigh_to_RShin,rz,1.6690063945925647e-09,3.1677350531043235e-08,3.000834413645067e-08,0.07377449783392567,0.10449950620972664
671_T1_vs_T3,longitudinal,4,RUArm_to_RFArm_rx,RUArm_to_RFArm,rx,0.20131793744870324,0.05590927573936772,-0.14540866170933553,0.07377449783392567,0.10449950620972664
671_T1_vs_T3,longitudinal,4,RUArm_to_RFArm_ry,RUArm_to_RFArm,ry,0.05574071525258963,0.22058784105802673,0.1648471258054371,0.07377449783392567,0.10449950620972664
671_T1_vs_T3,longitudinal,4,RUArm_to_RFArm_rz,RUArm_to_RFArm,rz,0.1844644934217777,0.0041686319345311425,-0.18029586148724655,0.07377449783392567,0.10449950620972664
671_T1_vs_T3,longitudinal,5,Chest_to_LShoulder_rx,Chest_to_LShoulder,rx,0.1008094051904482,0.004996073064564931,-0.09581333212588328,0.0575237643071027,0.07778068155016146
671_T1_vs_T3,longitudinal,5,Chest_to_LShoulder_ry,Chest_to_LShoulder,ry,0.007030959326705137,0.05339607977947017,0.04636512045276503,0.0575237643071027,0.07778068155016146
671_T1_vs_T3,longitudinal,5,Chest_to_LShoulder_rz,Chest_to_LShoulder,rz,0.016059226926371645,0.06286228580267343,0.04680305887630179,0.0575237643071027,0.07778068155016146
671_T1_vs_T3,longitudinal,5,Chest_to_Neck_rx,Chest_to_Neck,rx,0.07024674488284875,0.07223542292547344,0.001988678042624689,0.0575237643071027,0.07778068155016146
671_T1_vs_T3,longitudinal,5,Chest_to_Neck_ry,Chest_to_Neck,ry,0.01041273917167829,0.05974796932136828,0.04933523014968999,0.0575237643071027,0.07778068155016146
671_T1_vs_T3,longitudinal,5,Chest_to_Neck_rz,Chest_to_Neck,rz,0.025937406727541912,0.06496153537078503,0.03902412864324312,0.0575237643071027,0.07778068155016146
671_T1_vs_T3,longitudinal,5,Chest_to_RShoulder_rx,Chest_to_RShoulder,rx,0.009991685141435653,0.038800813084612515,0.02880912794317686,0.0575237643071027,0.07778068155016146
671_T1_vs_T3,longitudinal,5,Chest_to_RShoulder_ry,Chest_to_RShoulder,ry,0.01146116476571754,0.025929929322371613,0.014468764556654072,0.0575237643071027,0.07778068155016146
671_T1_vs_T3,longitudinal,5,Chest_to_RShoulder_rz,Chest_to_RShoulder,rz,0.12695809686280266,0.08954045761981122,-0.037417639242991435,0.0575237643071027,0.07778068155016146
671_T1_vs_T3,longitudinal,5,LFArm_to_LHand_rx,LFArm_to_LHand,rx,0.20439879500938488,0.13278196194686157,-0.07161683306252331,0.0575237643071027,0.07778068155016146
671_T1_vs_T3,longitudinal,5,LFArm_to_LHand_ry,LFArm_to_LHand,ry,0.054776877928988554,0.01184305417210951,-0.04293382375687904,0.0575237643071027,0.07778068155016146
671_T1_vs_T3,longitudinal,5,LFArm_to_LHand_rz,LFArm_to_LHand,rz,0.5941918662336484,0.3544951943621695,-0.23969667187147892,0.0575237643071027,0.07778068155016146
671_T1_vs_T3,longitudinal,5,LShin_to_LFoot_rx,LShin_to_LFoot,rx,0.023920235472294715,0.020893615464433878,-0.0030266200078608377,0.0575237643071027,0.07778068155016146
671_T1_vs_T3,longitudinal,5,LShin_to_LFoot_ry,LShin_to_LFoot,ry,0.13603680073747476,0.2966883724368644,0.16065157169938965,0.0575237643071027,0.07778068155016146
671_T1_vs_T3,longitudinal,5,LShin_to_LFoot_rz,LShin_to_LFoot,rz,0.04487486105702945,0.02192218033591505,-0.022952680721114404,0.0575237643071027,0.07778068155016146
671_T1_vs_T3,longitudinal,5,LShoulder_to_LUArm_rx,LShoulder_to_LUArm,rx,0.2951620114327559,0.04649846855962,-0.24866354287313588,0.0575237643071027,0.07778068155016146
671_T1_vs_T3,longitudinal,5,LShoulder_to_LUArm_ry,LShoulder_to_LUArm,ry,0.04246480182291845,0.2365033555819126,0.19403855375899415,0.0575237643071027,0.07778068155016146
671_T1_vs_T3,longitudinal,5,LShoulder_to_LUArm_rz,LShoulder_to_LUArm,rz,0.19522332308581558,0.02478632245751419,-0.1704370006283014,0.0575237643071027,0.07778068155016146
671_T1_vs_T3,longitudinal,5,LThigh_to_LShin_rx,LThigh_to_LShin,rx,0.12410681034160086,0.1366399886465167,0.012533178304915835,0.0575237643071027,0.07778068155016146
671_T1_vs_T3,longitudinal,5,LThigh_to_LShin_ry,LThigh_to_LShin,ry,1.1066986372835435e-09,1.633077325137454e-08,1.5224074614090997e-08,0.0575237643071027,0.07778068155016146
671_T1_vs_T3,longitudinal,5,LThigh_to_LShin_rz,LThigh_to_LShin,rz,4.919683894894014e-08,3.053410249539706e-08,-1.866273645354308e-08,0.0575237643071027,0.07778068155016146
671_T1_vs_T3,longitudinal,5,LUArm_to_LFArm_rx,LUArm_to_LFArm,rx,0.10312603128214044,0.019772080059420164,-0.08335395122272028,0.0575237643071027,0.07778068155016146
671_T1_vs_T3,longitudinal,5,LUArm_to_LFArm_ry,LUArm_to_LFArm,ry,0.3988872372892144,0.5888551615424369,0.1899679242532225,0.0575237643071027,0.07778068155016146
671_T1_vs_T3,longitudinal,5,LUArm_to_LFArm_rz,LUArm_to_LFArm,rz,0.08696708865154018,0.021103789226685075,-0.06586329942485511,0.0575237643071027,0.07778068155016146
671_T1_vs_T3,longitudinal,5,Neck_to_Head_rx,Neck_to_Head,rx,0.07024669545249708,0.07223543691633244,0.001988741463835361,0.0575237643071027,0.07778068155016146
671_T1_vs_T3,longitudinal,5,Neck_to_Head_ry,Neck_to_Head,ry,0.010412778704004269,0.0597480002764778,0.04933522157247353,0.0575237643071027,0.07778068155016146
671_T1_vs_T3,longitudinal,5,Neck_to_Head_rz,Neck_to_Head,rz,0.025937384091010984,0.06496153866609379,0.039024154575082806,0.0575237643071027,0.07778068155016146
671_T1_vs_T3,longitudinal,5,RFArm_to_RHand_rx,RFArm_to_RHand,rx,0.16607824621123687,0.0009200279998549173,-0.16515821821138196,0.0575237643071027,0.07778068155016146
671_T1_vs_T3,longitudinal,5,RFArm_to_RHand_ry,RFArm_to_RHand,ry,0.16920336874175032,0.053448002772450674,-0.11575536596929964,0.0575237643071027,0.07778068155016146
671_T1_vs_T3,longitudinal,5,RFArm_to_RHand_rz,RFArm_to_RHand,rz,0.2109599180718171,0.19200380242438814,-0.018956115647428967,0.0575237643071027,0.07778068155016146
671_T1_vs_T3,longitudinal,5,RShin_to_RFoot_rx,RShin_to_RFoot,rx,0.024895361934483353,0.03709769005885712,0.01220232812437377,0.0575237643071027,0.07778068155016146
671_T1_vs_T3,longitudinal,5,RShin_to_RFoot_ry,RShin_to_RFoot,ry,0.009835283307716615,0.05963014305459271,0.04979485974687609,0.0575237643071027,0.07778068155016146
671_T1_vs_T3,longitudinal,5,RShin_to_RFoot_rz,RShin_to_RFoot,rz,0.028407790320213133,0.04179570786040968,0.01338791754019655,0.0575237643071027,0.07778068155016146
671_T1_vs_T3,longitudinal,5,RShoulder_to_RUArm_rx,RShoulder_to_RUArm,rx,0.015969796013861372,0.12377636151734879,0.10780656550348741,0.0575237643071027,0.07778068155016146
671_T1_vs_T3,longitudinal,5,RShoulder_to_RUArm_ry,RShoulder_to_RUArm,ry,0.02983838709076281,0.19933528887706478,0.16949690178630197,0.0575237643071027,0.07778068155016146
671_T1_vs_T3,longitudinal,5,RShoulder_to_RUArm_rz,RShoulder_to_RUArm,rz,0.12502813539342444,0.016553049803122364,-0.10847508559030208,0.0575237643071027,0.07778068155016146
671_T1_vs_T3,longitudinal,5,RThigh_to_RShin_rx,RThigh_to_RShin,rx,0.11181577288345101,0.16946688315631855,0.05765111027286754,0.0575237643071027,0.07778068155016146
671_T1_vs_T3,longitudinal,5,RThigh_to_RShin_ry,RThigh_to_RShin,ry,1.1981972634103491e-08,2.7766311118741534e-08,1.5784338484638043e-08,0.0575237643071027,0.07778068155016146
671_T1_vs_T3,longitudinal,5,RThigh_to_RShin_rz,RThigh_to_RShin,rz,1.7595965802473693e-08,1.300627167694486e-08,-4.589694125528834e-09,0.0575237643071027,0.07778068155016146
671_T1_vs_T3,longitudinal,5,RUArm_to_RFArm_rx,RUArm_to_RFArm,rx,0.2605184886722709,0.1811856809161724,-0.0793328077560985,0.0575237643071027,0.07778068155016146
671_T1_vs_T3,longitudinal,5,RUArm_to_RFArm_ry,RUArm_to_RFArm,ry,0.05508220641345845,0.359705846492186,0.30462364007872755,0.0575237643071027,0.07778068155016146
671_T1_vs_T3,longitudinal,5,RUArm_to_RFArm_rz,RUArm_to_RFArm,rz,0.1436748986141324,0.0833544120954573,-0.06032048651867511,0.0575237643071027,0.07778068155016146
671_T1_vs_T3,longitudinal,6,Chest_to_LShoulder_rx,Chest_to_LShoulder,rx,0.00048342966159441105,0.08396294107554574,0.08347951141395132,0.04700575004434602,0.06366145461665507
671_T1_vs_T3,longitudinal,6,Chest_to_LShoulder_ry,Chest_to_LShoulder,ry,0.02023329929032754,0.009994265578239687,-0.010239033712087852,0.04700575004434602,0.06366145461665507
671_T1_vs_T3,longitudinal,6,Chest_to_LShoulder_rz,Chest_to_LShoulder,rz,0.03150490365591073,0.000935341804138094,-0.030569561851772634,0.04700575004434602,0.06366145461665507
671_T1_vs_T3,longitudinal,6,Chest_to_Neck_rx,Chest_to_Neck,rx,0.01264448645919987,0.0003576154501628706,-0.012286871009037,0.04700575004434602,0.06366145461665507
671_T1_vs_T3,longitudinal,6,Chest_to_Neck_ry,Chest_to_Neck,ry,0.034306947900151485,0.0017410000694402434,-0.03256594783071124,0.04700575004434602,0.06366145461665507
671_T1_vs_T3,longitudinal,6,Chest_to_Neck_rz,Chest_to_Neck,rz,0.03478179173855092,0.02792284524848744,-0.0068589464900634806,0.04700575004434602,0.06366145461665507
671_T1_vs_T3,longitudinal,6,Chest_to_RShoulder_rx,Chest_to_RShoulder,rx,0.1183411507118654,0.05366698833240108,-0.06467416237946433,0.04700575004434602,0.06366145461665507
671_T1_vs_T3,longitudinal,6,Chest_to_RShoulder_ry,Chest_to_RShoulder,ry,0.007839317797868126,0.0029702313769931583,-0.004869086420874968,0.04700575004434602,0.06366145461665507
671_T1_vs_T3,longitudinal,6,Chest_to_RShoulder_rz,Chest_to_RShoulder,rz,0.054929507429532856,0.14171529853633294,0.08678579110680008,0.04700575004434602,0.06366145461665507
671_T1_vs_T3,longitudinal,6,LFArm_to_LHand_rx,LFArm_to_LHand,rx,0.027413769742620546,0.13053293881030903,0.10311916906768848,0.04700575004434602,0.06366145461665507
671_T1_vs_T3,longitudinal,6,LFArm_to_LHand_ry,LFArm_to_LHand,ry,0.04421669057703341,0.08468704591202965,0.04047035533499624,0.04700575004434602,0.06366145461665507
671_T1_vs_T3,longitudinal,6,LFArm_to_LHand_rz,LFArm_to_LHand,rz,0.12196162925568221,0.07337800224768902,-0.048583627007993194,0.04700575004434602,0.06366145461665507
671_T1_vs_T3,longitudinal,6,LShin_to_LFoot_rx,LShin_to_LFoot,rx,0.08443127899960368,0.04950445382704811,-0.03492682517255557,0.04700575004434602,0.06366145461665507
671_T1_vs_T3,longitudinal,6,LShin_to_LFoot_ry,LShin_to_LFoot,ry,0.16801776764383572,0.13134417699367812,-0.0366735906501576,0.04700575004434602,0.06366145461665507
671_T1_vs_T3,longitudinal,6,LShin_to_LFoot_rz,LShin_to_LFoot,rz,0.03588695271691121,0.033658567112640855,-0.0022283856042703554,0.04700575004434602,0.06366145461665507
671_T1_vs_T3,longitudinal,6,LShoulder_to_LUArm_rx,LShoulder_to_LUArm,rx,0.10597008662088436,0.16006663658525438,0.05409654996437002,0.04700575004434602,0.06366145461665507
671_T1_vs_T3,longitudinal,6,LShoulder_to_LUArm_ry,LShoulder_to_LUArm,ry,0.18444205033763297,0.11723761120315826,-0.06720443913447471,0.04700575004434602,0.06366145461665507
671_T1_vs_T3,longitudinal,6,LShoulder_to_LUArm_rz,LShoulder_to_LUArm,rz,0.1497211528823797,0.2586450306915989,0.1089238778092192,0.04700575004434602,0.06366145461665507
671_T1_vs_T3,longitudinal,6,LThigh_to_LShin_rx,LThigh_to_LShin,rx,0.15066119775702094,0.25067758136209717,0.10001638360507623,0.04700575004434602,0.06366145461665507
671_T1_vs_T3,longitudinal,6,LThigh_to_LShin_ry,LThigh_to_LShin,ry,7.818313290429757e-10,1.5533593333700645e-08,1.475176200465767e-08,0.04700575004434602,0.06366145461665507
671_T1_vs_T3,longitudinal,6,LThigh_to_LShin_rz,LThigh_to_LShin,rz,1.1066379862388797e-08,5.7122278196049034e-09,-5.354152042783894e-09,0.04700575004434602,0.06366145461665507
671_T1_vs_T3,longitudinal,6,LUArm_to_LFArm_rx,LUArm_to_LFArm,rx,0.16499728082116372,0.050358280924772875,-0.11463899989639084,0.04700575004434602,0.06366145461665507
671_T1_vs_T3,longitudinal,6,LUArm_to_LFArm_ry,LUArm_to_LFArm,ry,0.008689864389558091,0.333856194025343,0.3251663296357849,0.04700575004434602,0.06366145461665507
671_T1_vs_T3,longitudinal,6,LUArm_to_LFArm_rz,LUArm_to_LFArm,rz,0.10632432043119802,0.03979569107922419,-0.06652862935197383,0.04700575004434602,0.06366145461665507
671_T1_vs_T3,longitudinal,6,Neck_to_Head_rx,Neck_to_Head,rx,0.012644531966237332,0.0003576583069534036,-0.012286873659283928,0.04700575004434602,0.06366145461665507
671_T1_vs_T3,longitudinal,6,Neck_to_Head_ry,Neck_to_Head,ry,0.034306970254831225,0.001740976844133232,-0.03256599341069799,0.04700575004434602,0.06366145461665507
671_T1_vs_T3,longitudinal,6,Neck_to_Head_rz,Neck_to_Head,rz,0.03478175072660156,0.027922898792054285,-0.006858851934547272,0.04700575004434602,0.06366145461665507
671_T1_vs_T3,longitudinal,6,RFArm_to_RHand_rx,RFArm_to_RHand,rx,0.061793726058170496,0.10479248155692976,0.04299875549875926,0.04700575004434602,0.06366145461665507
671_T1_vs_T3,longitudinal,6,RFArm_to_RHand_ry,RFArm_to_RHand,ry,0.09216314389430325,0.03879950271865689,-0.053363641175646355,0.04700575004434602,0.06366145461665507
671_T1_vs_T3,longitudinal,6,RFArm_to_RHand_rz,RFArm_to_RHand,rz,0.07109892229298315,0.26038020247828286,0.18928128018529972,0.04700575004434602,0.06366145461665507
671_T1_vs_T3,longitudinal,6,RShin_to_RFoot_rx,RShin_to_RFoot,rx,0.08456778838658906,0.20495940442209765,0.12039161603550859,0.04700575004434602,0.06366145461665507
671_T1_vs_T3,longitudinal,6,RShin_to_RFoot_ry,RShin_to_RFoot,ry,0.04977032264287073,0.08499871308683343,0.035228390443962705,0.04700575004434602,0.06366145461665507
671_T1_vs_T3,longitudinal,6,RShin_to_RFoot_rz,RShin_to_RFoot,rz,0.1091865858240716,0.09219480459324533,-0.016991781230826272,0.04700575004434602,0.06366145461665507
671_T1_vs_T3,longitudinal,6,RShoulder_to_RUArm_rx,RShoulder_to_RUArm,rx,0.31105067493186717,0.11821101160495923,-0.19283966332690794,0.04700575004434602,0.06366145461665507
671_T1_vs_T3,longitudinal,6,RShoulder_to_RUArm_ry,RShoulder_to_RUArm,ry,0.03269078474035541,0.014901352110988775,-0.017789432629366636,0.04700575004434602,0.06366145461665507
671_T1_vs_T3,longitudinal,6,RShoulder_to_RUArm_rz,RShoulder_to_RUArm,rz,0.16742031274275937,0.20797094401297347,0.040550631270214105,0.04700575004434602,0.06366145461665507
671_T1_vs_T3,longitudinal,6,RThigh_to_RShin_rx,RThigh_to_RShin,rx,0.6521137110713873,0.6193393033514969,-0.032774407719890375,0.04700575004434602,0.06366145461665507
671_T1_vs_T3,longitudinal,6,RThigh_to_RShin_ry,RThigh_to_RShin,ry,6.22120181520795e-08,1.8929342492269337e-08,-4.328267565981016e-08,0.04700575004434602,0.06366145461665507
671_T1_vs_T3,longitudinal,6,RThigh_to_RShin_rz,RThigh_to_RShin,rz,1.1437186323239105e-08,1.3838208235750616e-09,-1.0053365499664044e-08,0.04700575004434602,0.06366145461665507
671_T1_vs_T3,longitudinal,6,RUArm_to_RFArm_rx,RUArm_to_RFArm,rx,0.2722180514771238,0.023524506939243885,-0.24869354453787992,0.04700575004434602,0.06366145461665507
671_T1_vs_T3,longitudinal,6,RUArm_to_RFArm_ry,RUArm_to_RFArm,ry,0.3208579085420739,0.21917705134443083,-0.10168085719764308,0.04700575004434602,0.06366145461665507
671_T1_vs_T3,longitudinal,6,RUArm_to_RFArm_rz,RUArm_to_RFArm,rz,0.16171474955310633,0.07457093160319637,-0.08714381794990995,0.04700575004434602,0.06366145461665507
671_T1_vs_T3,longitudinal,7,Chest_to_LShoulder_rx,Chest_to_LShoulder,rx,0.053255090181222674,0.0862104899553863,0.032955399774163625,0.04061181366331004,0.0556092907912038
671_T1_vs_T3,longitudinal,7,Chest_to_LShoulder_ry,Chest_to_LShoulder,ry,0.08244780130200242,0.03330300590371763,-0.04914479539828479,0.04061181366331004,0.0556092907912038
671_T1_vs_T3,longitudinal,7,Chest_to_LShoulder_rz,Chest_to_LShoulder,rz,0.045589893184770434,0.006044664143850141,-0.039545229040920296,0.04061181366331004,0.0556092907912038
671_T1_vs_T3,longitudinal,7,Chest_to_Neck_rx,Chest_to_Neck,rx,0.20351968043472654,0.034721596939078544,-0.168798083495648,0.04061181366331004,0.0556092907912038
671_T1_vs_T3,longitudinal,7,Chest_to_Neck_ry,Chest_to_Neck,ry,0.05264284235152842,0.018733895810520484,-0.033908946541007935,0.04061181366331004,0.0556092907912038
671_T1_vs_T3,longitudinal,7,Chest_to_Neck_rz,Chest_to_Neck,rz,0.04771010303532961,0.01341978611186826,-0.03429031692346135,0.04061181366331004,0.0556092907912038
671_T1_vs_T3,longitudinal,7,Chest_to_RShoulder_rx,Chest_to_RShoulder,rx,0.010835413241077483,0.06294110577935529,0.052105692538277806,0.04061181366331004,0.0556092907912038
671_T1_vs_T3,longitudinal,7,Chest_to_RShoulder_ry,Chest_to_RShoulder,ry,0.07781296155264243,0.03331068213117739,-0.04450227942146504,0.04061181366331004,0.0556092907912038
671_T1_vs_T3,longitudinal,7,Chest_to_RShoulder_rz,Chest_to_RShoulder,rz,0.13273213150471397,0.09885447139820878,-0.033877660106505184,0.04061181366331004,0.0556092907912038
671_T1_vs_T3,longitudinal,7,LFArm_to_LHand_rx,LFArm_to_LHand,rx,0.1858651451812779,0.02965323349863603,-0.15621191168264187,0.04061181366331004,0.0556092907912038
671_T1_vs_T3,longitudinal,7,LFArm_to_LHand_ry,LFArm_to_LHand,ry,0.20170074818134848,0.059485245461694716,-0.14221550271965377,0.04061181366331004,0.0556092907912038
671_T1_vs_T3,longitudinal,7,LFArm_to_LHand_rz,LFArm_to_LHand,rz,0.060264681899348825,0.08373510188410649,0.023470419984757664,0.04061181366331004,0.0556092907912038
671_T1_vs_T3,longitudinal,7,LShin_to_LFoot_rx,LShin_to_LFoot,rx,0.06655012417602867,0.04968905438705368,-0.01686106978897499,0.04061181366331004,0.0556092907912038
671_T1_vs_T3,longitudinal,7,LShin_to_LFoot_ry,LShin_to_LFoot,ry,0.015158635795374876,0.05762983036744188,0.04247119457206701,0.04061181366331004,0.0556092907912038
671_T1_vs_T3,longitudinal,7,LShin_to_LFoot_rz,LShin_to_LFoot,rz,0.14338515659455964,0.013274110559941463,-0.13011104603461818,0.04061181366331004,0.0556092907912038
671_T1_vs_T3,longitudinal,7,LShoulder_to_LUArm_rx,LShoulder_to_LUArm,rx,0.1773591713271108,0.26888042767302484,0.09152125634591404,0.04061181366331004,0.0556092907912038
671_T1_vs_T3,longitudinal,7,LShoulder_to_LUArm_ry,LShoulder_to_LUArm,ry,0.29784081593025175,0.15738436734649666,-0.14045644858375508,0.04061181366331004,0.0556092907912038
671_T1_vs_T3,longitudinal,7,LShoulder_to_LUArm_rz,LShoulder_to_LUArm,rz,0.07398700514235104,0.11286206104832455,0.03887505590597351,0.04061181366331004,0.0556092907912038
671_T1_vs_T3,longitudinal,7,LThigh_to_LShin_rx,LThigh_to_LShin,rx,0.44856443028659776,0.30000353847536537,-0.1485608918112324,0.04061181366331004,0.0556092907912038
671_T1_vs_T3,longitudinal,7,LThigh_to_LShin_ry,LThigh_to_LShin,ry,4.155367036610585e-08,1.7041506394990788e-09,-3.984951972660677e-08,0.04061181366331004,0.0556092907912038
671_T1_vs_T3,longitudinal,7,LThigh_to_LShin_rz,LThigh_to_LShin,rz,8.426077134731326e-09,1.0738773429482254e-08,2.3126962947509283e-09,0.04061181366331004,0.0556092907912038
671_T1_vs_T3,longitudinal,7,LUArm_to_LFArm_rx,LUArm_to_LFArm,rx,0.11477990938878907,0.06573170933109883,-0.04904820005769024,0.04061181366331004,0.0556092907912038
671_T1_vs_T3,longitudinal,7,LUArm_to_LFArm_ry,LUArm_to_LFArm,ry,0.17924660736141804,0.030591062169122104,-0.14865554519229593,0.04061181366331004,0.0556092907912038
671_T1_vs_T3,longitudinal,7,LUArm_to_LFArm_rz,LUArm_to_LFArm,rz,0.10401830990417593,0.13546849985256657,0.03145018994839063,0.04061181366331004,0.0556092907912038
671_T1_vs_T3,longitudinal,7,Neck_to_Head_rx,Neck_to_Head,rx,0.203519684301326,0.03472156912946731,-0.1687981151718587,0.04061181366331004,0.0556092907912038
671_T1_vs_T3,longitudinal,7,Neck_to_Head_ry,Neck_to_Head,ry,0.052642899329608465,0.018733938679314922,-0.03390896065029354,0.04061181366331004,0.0556092907912038
671_T1_vs_T3,longitudinal,7,Neck_to_Head_rz,Neck_to_Head,rz,0.04771014312524225,0.01341970028375138,-0.03429044284149087,0.04061181366331004,0.0556092907912038
671_T1_vs_T3,longitudinal,7,RFArm_to_RHand_rx,RFArm_to_RHand,rx,0.05565761627022774,0.1650701382599646,0.10941252198973686,0.04061181366331004,0.0556092907912038
671_T1_vs_T3,longitudinal,7,RFArm_to_RHand_ry,RFArm_to_RHand,ry,0.1488107760048045,0.19233973668836649,0.04352896068356199,0.04061181366331004,0.0556092907912038
671_T1_vs_T3,longitudinal,7,RFArm_to_RHand_rz,RFArm_to_RHand,rz,0.20954887728046268,0.1590987254625379,-0.05045015181792478,0.04061181366331004,0.0556092907912038
671_T1_vs_T3,longitudinal,7,RShin_to_RFoot_rx,RShin_to_RFoot,rx,0.21196504257171217,0.04367776761918879,-0.16828727495252338,0.04061181366331004,0.0556092907912038
671_T1_vs_T3,longitudinal,7,RShin_to_RFoot_ry,RShin_to_RFoot,ry,0.08832210916726076,0.06618998081752875,-0.022132128349732008,0.04061181366331004,0.0556092907912038
671_T1_vs_T3,longitudinal,7,RShin_to_RFoot_rz,RShin_to_RFoot,rz,4.5364296029795466e-05,0.1442959947327084,0.1442506304366786,0.04061181366331004,0.0556092907912038
671_T1_vs_T3,longitudinal,7,RShoulder_to_RUArm_rx,RShoulder_to_RUArm,rx,0.04667068068857645,0.10902630159861178,0.062355620910035325,0.04061181366331004,0.0556092907912038
671_T1_vs_T3,longitudinal,7,RShoulder_to_RUArm_ry,RShoulder_to_RUArm,ry,0.2132596831875404,0.12367924318154397,-0.08958044000599644,0.04061181366331004,0.0556092907912038
671_T1_vs_T3,longitudinal,7,RShoulder_to_RUArm_rz,RShoulder_to_RUArm,rz,0.1489470741155308,0.16860488074223545,0.01965780662670466,0.04061181366331004,0.0556092907912038
671_T1_vs_T3,longitudinal,7,RThigh_to_RShin_rx,RThigh_to_RShin,rx,0.2822423530356352,0.4470466796259751,0.1648043265903399,0.04061181366331004,0.0556092907912038
671_T1_vs_T3,longitudinal,7,RThigh_to_RShin_ry,RThigh_to_RShin,ry,4.7566011848631905e-08,2.403160685742651e-08,-2.3534404991205393e-08,0.04061181366331004,0.0556092907912038
671_T1_vs_T3,longitudinal,7,RThigh_to_RShin_rz,RThigh_to_RShin,rz,1.70610038589506e-08,9.720414223097166e-09,-7.340589635853433e-09,0.04061181366331004,0.0556092907912038
671_T1_vs_T3,longitudinal,7,RUArm_to_RFArm_rx,RUArm_to_RFArm,rx,0.30623419189726203,0.43283275762356194,0.1265985657262999,0.04061181366331004,0.0556092907912038
671_T1_vs_T3,longitudinal,7,RUArm_to_RFArm_ry,RUArm_to_RFArm,ry,0.12496741069734574,0.3127607816443896,0.18779337094704385,0.04061181366331004,0.0556092907912038
671_T1_vs_T3,longitudinal,7,RUArm_to_RFArm_rz,RUArm_to_RFArm,rz,0.0610488250911864,0.2738695807551045,0.2128207556639181,0.04061181366331004,0.0556092907912038
671_T1_vs_T3,longitudinal,8,Chest_to_LShoulder_rx,Chest_to_LShoulder,rx,0.11749712814398693,0.029410469445910005,-0.08808665869807691,0.03907550342829966,0.04248554022219776
671_T1_vs_T3,longitudinal,8,Chest_to_LShoulder_ry,Chest_to_LShoulder,ry,0.09983722790944596,0.044025203983072726,-0.05581202392637324,0.03907550342829966,0.04248554022219776
671_T1_vs_T3,longitudinal,8,Chest_to_LShoulder_rz,Chest_to_LShoulder,rz,0.060666218158369915,0.02693314781367873,-0.03373307034469118,0.03907550342829966,0.04248554022219776
671_T1_vs_T3,longitudinal,8,Chest_to_Neck_rx,Chest_to_Neck,rx,0.21624417970461918,0.06682718867435031,-0.14941699103026887,0.03907550342829966,0.04248554022219776
671_T1_vs_T3,longitudinal,8,Chest_to_Neck_ry,Chest_to_Neck,ry,0.0260118758257643,0.02088513046749129,-0.0051267453582730105,0.03907550342829966,0.04248554022219776
671_T1_vs_T3,longitudinal,8,Chest_to_Neck_rz,Chest_to_Neck,rz,0.048057009871390485,0.06149670157801182,0.013439691706621334,0.03907550342829966,0.04248554022219776
671_T1_vs_T3,longitudinal,8,Chest_to_RShoulder_rx,Chest_to_RShoulder,rx,0.022093226247130792,0.0014469751160090633,-0.02064625113112173,0.03907550342829966,0.04248554022219776
671_T1_vs_T3,longitudinal,8,Chest_to_RShoulder_ry,Chest_to_RShoulder,ry,0.06545366797979353,0.042889590468600754,-0.022564077511192777,0.03907550342829966,0.04248554022219776
671_T1_vs_T3,longitudinal,8,Chest_to_RShoulder_rz,Chest_to_RShoulder,rz,0.014447481987340655,0.11550773334014643,0.10106025135280577,0.03907550342829966,0.04248554022219776
671_T1_vs_T3,longitudinal,8,LFArm_to_LHand_rx,LFArm_to_LHand,rx,0.024440102471186064,0.08833871898278706,0.06389861651160099,0.03907550342829966,0.04248554022219776
671_T1_vs_T3,longitudinal,8,LFArm_to_LHand_ry,LFArm_to_LHand,ry,0.10503580477265363,0.05398988280190594,-0.05104592197074769,0.03907550342829966,0.04248554022219776
671_T1_vs_T3,longitudinal,8,LFArm_to_LHand_rz,LFArm_to_LHand,rz,0.1878590560215196,0.32819957405129396,0.14034051802977437,0.03907550342829966,0.04248554022219776
671_T1_vs_T3,longitudinal,8,LShin_to_LFoot_rx,LShin_to_LFoot,rx,0.1420182177737488,0.12673680584071062,-0.01528141193303817,0.03907550342829966,0.04248554022219776
671_T1_vs_T3,longitudinal,8,LShin_to_LFoot_ry,LShin_to_LFoot,ry,0.23278848716508993,0.12636971629857854,-0.10641877086651139,0.03907550342829966,0.04248554022219776
671_T1_vs_T3,longitudinal,8,LShin_to_LFoot_rz,LShin_to_LFoot,rz,0.04765095349613284,0.12961340020370468,0.08196244670757184,0.03907550342829966,0.04248554022219776
671_T1_vs_T3,longitudinal,8,LShoulder_to_LUArm_rx,LShoulder_to_LUArm,rx,0.2705565273244066,0.1126705544355601,-0.1578859728888465,0.03907550342829966,0.04248554022219776
671_T1_vs_T3,longitudinal,8,LShoulder_to_LUArm_ry,LShoulder_to_LUArm,ry,0.4296176789348559,0.08885824831240373,-0.3407594306224522,0.03907550342829966,0.04248554022219776
671_T1_vs_T3,longitudinal,8,LShoulder_to_LUArm_rz,LShoulder_to_LUArm,rz,0.22078329461702,0.0009597812048847198,-0.2198235134121353,0.03907550342829966,0.04248554022219776
671_T1_vs_T3,longitudinal,8,LThigh_to_LShin_rx,LThigh_to_LShin,rx,0.1816719862298165,0.3034417946406102,0.12176980841079371,0.03907550342829966,0.04248554022219776
671_T1_vs_T3,longitudinal,8,LThigh_to_LShin_ry,LThigh_to_LShin,ry,1.3499737926500739e-08,1.4956775118967955e-08,1.4570371924672166e-09,0.03907550342829966,0.04248554022219776
671_T1_vs_T3,longitudinal,8,LThigh_to_LShin_rz,LThigh_to_LShin,rz,2.8944758273768882e-09,2.6087851384448697e-09,-2.8569068893201847e-10,0.03907550342829966,0.04248554022219776
671_T1_vs_T3,longitudinal,8,LUArm_to_LFArm_rx,LUArm_to_LFArm,rx,0.3462566889480034,0.10888326142526453,-0.23737342752273885,0.03907550342829966,0.04248554022219776
671_T1_vs_T3,longitudinal,8,LUArm_to_LFArm_ry,LUArm_to_LFArm,ry,0.011819630968525504,0.2604612412427881,0.24864161027426257,0.03907550342829966,0.04248554022219776
671_T1_vs_T3,longitudinal,8,LUArm_to_LFArm_rz,LUArm_to_LFArm,rz,0.26454749196886074,0.017844816907602295,-0.24670267506125845,0.03907550342829966,0.04248554022219776
671_T1_vs_T3,longitudinal,8,Neck_to_Head_rx,Neck_to_Head,rx,0.21624421004911176,0.0668271703980982,-0.14941703965101355,0.03907550342829966,0.04248554022219776
671_T1_vs_T3,longitudinal,8,Neck_to_Head_ry,Neck_to_Head,ry,0.02601187549390421,0.020885132777198327,-0.005126742716705882,0.03907550342829966,0.04248554022219776
671_T1_vs_T3,longitudinal,8,Neck_to_Head_rz,Neck_to_Head,rz,0.04805699640126106,0.06149671516336154,0.013439718762100483,0.03907550342829966,0.04248554022219776
671_T1_vs_T3,longitudinal,8,RFArm_to_RHand_rx,RFArm_to_RHand,rx,0.045055220848512274,0.02813879409433593,-0.016916426754176345,0.03907550342829966,0.04248554022219776
671_T1_vs_T3,longitudinal,8,RFArm_to_RHand_ry,RFArm_to_RHand,ry,0.018989547265952717,0.16907930777029798,0.15008976050434525,0.03907550342829966,0.04248554022219776
671_T1_vs_T3,longitudinal,8,RFArm_to_RHand_rz,RFArm_to_RHand,rz,0.16837865638158564,0.4138842217972705,0.24550556541568488,0.03907550342829966,0.04248554022219776
671_T1_vs_T3,longitudinal,8,RShin_to_RFoot_rx,RShin_to_RFoot,rx,0.17067575682491937,0.31947950922839335,0.148803752403474,0.03907550342829966,0.04248554022219776
671_T1_vs_T3,longitudinal,8,RShin_to_RFoot_ry,RShin_to_RFoot,ry,0.12613405445067596,0.1111741062978702,-0.014959948152805769,0.03907550342829966,0.04248554022219776
671_T1_vs_T3,longitudinal,8,RShin_to_RFoot_rz,RShin_to_RFoot,rz,0.10343952565449323,0.13937546603534373,0.0359359403808505,0.03907550342829966,0.04248554022219776
671_T1_vs_T3,longitudinal,8,RShoulder_to_RUArm_rx,RShoulder_to_RUArm,rx,0.009003679342945018,0.10291299752041361,0.09390931817746859,0.03907550342829966,0.04248554022219776
671_T1_vs_T3,longitudinal,8,RShoulder_to_RUArm_ry,RShoulder_to_RUArm,ry,0.27285568126577636,0.1604407120575864,-0.11241496920818997,0.03907550342829966,0.04248554022219776
671_T1_vs_T3,longitudinal,8,RShoulder_to_RUArm_rz,RShoulder_to_RUArm,rz,0.075659930054379,0.14533341212546438,0.06967348207108538,0.03907550342829966,0.04248554022219776
671_T1_vs_T3,longitudinal,8,RThigh_to_RShin_rx,RThigh_to_RShin,rx,0.15610059544806115,0.11505263495410917,-0.041047960493951985,0.03907550342829966,0.04248554022219776
671_T1_vs_T3,longitudinal,8,RThigh_to_RShin_ry,RThigh_to_RShin,ry,1.2662600755888229e-08,3.9474360930918474e-08,2.6811760175030245e-08,0.03907550342829966,0.04248554022219776
671_T1_vs_T3,longitudinal,8,RThigh_to_RShin_rz,RThigh_to_RShin,rz,3.6316664934286485e-08,2.1024740927091942e-09,-3.421419084157729e-08,0.03907550342829966,0.04248554022219776
671_T1_vs_T3,longitudinal,8,RUArm_to_RFArm_rx,RUArm_to_RFArm,rx,0.10468220708790485,0.3670697667848373,0.2623875596969325,0.03907550342829966,0.04248554022219776
671_T1_vs_T3,longitudinal,8,RUArm_to_RFArm_ry,RUArm_to_RFArm,ry,0.1120257847971985,0.21205245747500956,0.10002667267781105,0.03907550342829966,0.04248554022219776
671_T1_vs_T3,longitudinal,8,RUArm_to_RFArm_rz,RUArm_to_RFArm,rz,0.01911121735703628,0.13799661216121153,0.11888539480417526,0.03907550342829966,0.04248554022219776
671_T1_vs_T3,longitudinal,9,Chest_to_LShoulder_rx,Chest_to_LShoulder,rx,0.036263024253606134,0.07225664764424629,0.035993623390640155,0.028200241722796473,0.02680616271839565
671_T1_vs_T3,longitudinal,9,Chest_to_LShoulder_ry,Chest_to_LShoulder,ry,0.0065897018073660584,0.11172704507025058,0.10513734326288453,0.028200241722796473,0.02680616271839565
671_T1_vs_T3,longitudinal,9,Chest_to_LShoulder_rz,Chest_to_LShoulder,rz,0.07335638776098184,0.08177585186344186,0.008419464102460014,0.028200241722796473,0.02680616271839565
671_T1_vs_T3,longitudinal,9,Chest_to_Neck_rx,Chest_to_Neck,rx,0.16649389444684448,0.34448070666364755,0.17798681221680307,0.028200241722796473,0.02680616271839565
671_T1_vs_T3,longitudinal,9,Chest_to_Neck_ry,Chest_to_Neck,ry,0.009626340768616513,0.03660202085005127,0.026975680081434757,0.028200241722796473,0.02680616271839565
671_T1_vs_T3,longitudinal,9,Chest_to_Neck_rz,Chest_to_Neck,rz,0.08177449357742421,0.05969998250199168,-0.022074511075432526,0.028200241722796473,0.02680616271839565
671_T1_vs_T3,longitudinal,9,Chest_to_RShoulder_rx,Chest_to_RShoulder,rx,0.069677712193335,0.00471541819660645,-0.06496229399672855,0.028200241722796473,0.02680616271839565
671_T1_vs_T3,longitudinal,9,Chest_to_RShoulder_ry,Chest_to_RShoulder,ry,0.0029876154378538885,0.08825667742440042,0.08526906198654653,0.028200241722796473,0.02680616271839565
671_T1_vs_T3,longitudinal,9,Chest_to_RShoulder_rz,Chest_to_RShoulder,rz,0.08870217513739852,0.0024996247408599673,-0.08620255039653855,0.028200241722796473,0.02680616271839565
671_T1_vs_T3,longitudinal,9,LFArm_to_LHand_rx,LFArm_to_LHand,rx,0.05470504153661019,0.0035733479516733774,-0.05113169358493681,0.028200241722796473,0.02680616271839565
671_T1_vs_T3,longitudinal,9,LFArm_to_LHand_ry,LFArm_to_LHand,ry,0.16123691451868505,0.09305234074317677,-0.06818457377550828,0.028200241722796473,0.02680616271839565
671_T1_vs_T3,longitudinal,9,LFArm_to_LHand_rz,LFArm_to_LHand,rz,0.01860165339877674,0.09708266809470002,0.07848101469592328,0.028200241722796473,0.02680616271839565
671_T1_vs_T3,longitudinal,9,LShin_to_LFoot_rx,LShin_to_LFoot,rx,0.20659356021024206,0.22490362662707902,0.018310066416836968,0.028200241722796473,0.02680616271839565
671_T1_vs_T3,longitudinal,9,LShin_to_LFoot_ry,LShin_to_LFoot,ry,0.09238234648998564,0.0010840562900648176,-0.09129829019992082,0.028200241722796473,0.02680616271839565
671_T1_vs_T3,longitudinal,9,LShin_to_LFoot_rz,LShin_to_LFoot,rz,0.02541873872375319,0.033034181256174126,0.007615442532420937,0.028200241722796473,0.02680616271839565
671_T1_vs_T3,longitudinal,9,LShoulder_to_LUArm_rx,LShoulder_to_LUArm,rx,0.22047121115688154,0.10790806335146652,-0.11256314780541501,0.028200241722796473,0.02680616271839565
671_T1_vs_T3,longitudinal,9,LShoulder_to_LUArm_ry,LShoulder_to_LUArm,ry,0.19250632901780654,0.5178821270962252,0.32537579807841865,0.028200241722796473,0.02680616271839565
671_T1_vs_T3,longitudinal,9,LShoulder_to_LUArm_rz,LShoulder_to_LUArm,rz,0.116121304504469,0.2000851002172412,0.08396379571277221,0.028200241722796473,0.02680616271839565
671_T1_vs_T3,longitudinal,9,LThigh_to_LShin_rx,LThigh_to_LShin,rx,0.23608064261725445,0.3347641502993733,0.09868350768211884,0.028200241722796473,0.02680616271839565
671_T1_vs_T3,longitudinal,9,LThigh_to_LShin_ry,LThigh_to_LShin,ry,8.389503395148478e-09,2.6712186724576826e-08,1.8322683329428348e-08,0.028200241722796473,0.02680616271839565
671_T1_vs_T3,longitudinal,9,LThigh_to_LShin_rz,LThigh_to_LShin,rz,5.1687053469402087e-08,3.389612366729938e-08,-1.7790929802102704e-08,0.028200241722796473,0.02680616271839565
671_T1_vs_T3,longitudinal,9,LUArm_to_LFArm_rx,LUArm_to_LFArm,rx,0.31560882541971746,0.04093350406607647,-0.274675321353641,0.028200241722796473,0.02680616271839565
671_T1_vs_T3,longitudinal,9,LUArm_to_LFArm_ry,LUArm_to_LFArm,ry,0.103872406574288,0.005485900170228838,-0.09838650640405917,0.028200241722796473,0.02680616271839565
671_T1_vs_T3,longitudinal,9,LUArm_to_LFArm_rz,LUArm_to_LFArm,rz,0.25534197255928787,0.028684517350223825,-0.22665745520906405,0.028200241722796473,0.02680616271839565
671_T1_vs_T3,longitudinal,9,Neck_to_Head_rx,Neck_to_Head,rx,0.1664938557238288,0.3444807124169433,0.17798685669311448,0.028200241722796473,0.02680616271839565
671_T1_vs_T3,longitudinal,9,Neck_to_Head_ry,Neck_to_Head,ry,0.009626393324766816,0.0366020513188597,0.026975657994092885,0.028200241722796473,0.02680616271839565
671_T1_vs_T3,longitudinal,9,Neck_to_Head_rz,Neck_to_Head,rz,0.08177453994462762,0.0596999822083121,-0.022074557736315517,0.028200241722796473,0.02680616271839565
671_T1_vs_T3,longitudinal,9,RFArm_to_RHand_rx,RFArm_to_RHand,rx,0.07791240872213841,0.01751765178957471,-0.0603947569325637,0.028200241722796473,0.02680616271839565
671_T1_vs_T3,longitudinal,9,RFArm_to_RHand_ry,RFArm_to_RHand,ry,0.1638838170053072,0.01200763708009806,-0.15187617992520913,0.028200241722796473,0.02680616271839565
671_T1_vs_T3,longitudinal,9,RFArm_to_RHand_rz,RFArm_to_RHand,rz,0.12767362581497504,0.17103627654719603,0.04336265073222098,0.028200241722796473,0.02680616271839565
671_T1_vs_T3,longitudinal,9,RShin_to_RFoot_rx,RShin_to_RFoot,rx,0.39804122112739343,0.1603261780626178,-0.23771504306477562,0.028200241722796473,0.02680616271839565
671_T1_vs_T3,longitudinal,9,RShin_to_RFoot_ry,RShin_to_RFoot,ry,0.04048172328504494,0.010030363685245318,-0.030451359599799624,0.028200241722796473,0.02680616271839565
671_T1_vs_T3,longitudinal,9,RShin_to_RFoot_rz,RShin_to_RFoot,rz,0.033887777250762995,0.009548909780665069,-0.024338867470097926,0.028200241722796473,0.02680616271839565
671_T1_vs_T3,longitudinal,9,RShoulder_to_RUArm_rx,RShoulder_to_RUArm,rx,0.09413374997747243,0.07572325621432455,-0.018410493763147878,0.028200241722796473,0.02680616271839565
671_T1_vs_T3,longitudinal,9,RShoulder_to_RUArm_ry,RShoulder_to_RUArm,ry,0.13473970766576102,0.239195509230423,0.10445580156466197,0.028200241722796473,0.02680616271839565
671_T1_vs_T3,longitudinal,9,RShoulder_to_RUArm_rz,RShoulder_to_RUArm,rz,0.13279598350159844,0.011131068792995757,-0.12166491470860268,0.028200241722796473,0.02680616271839565
671_T1_vs_T3,longitudinal,9,RThigh_to_RShin_rx,RThigh_to_RShin,rx,0.0258472279694449,0.13194544829790236,0.10609822032845746,0.028200241722796473,0.02680616271839565
671_T1_vs_T3,longitudinal,9,RThigh_to_RShin_ry,RThigh_to_RShin,ry,3.894442639187218e-08,2.3637528548376626e-08,-1.5306897843495555e-08,0.028200241722796473,0.02680616271839565
671_T1_vs_T3,longitudinal,9,RThigh_to_RShin_rz,RThigh_to_RShin,rz,6.238796655241591e-08,6.54160391035391e-08,3.0280725511231937e-09,0.028200241722796473,0.02680616271839565
671_T1_vs_T3,longitudinal,9,RUArm_to_RFArm_rx,RUArm_to_RFArm,rx,0.4274135146022757,0.21008383799268188,-0.21732967660959385,0.028200241722796473,0.02680616271839565
671_T1_vs_T3,longitudinal,9,RUArm_to_RFArm_ry,RUArm_to_RFArm,ry,0.05183914447366496,0.08621826644878985,0.034379121975124896,0.028200241722796473,0.02680616271839565
671_T1_vs_T3,longitudinal,9,RUArm_to_RFArm_rz,RUArm_to_RFArm,rz,0.24229616065000617,0.169563458893324,-0.07273270175668217,0.028200241722796473,0.02680616271839565
671_T1_R1_vs_R2,natural_variability,1,Chest_to_LShoulder_rx,Chest_to_LShoulder,rx,0.10522680032454582,0.0993406057692447,-0.005886194555301122,0.27451119129974705,0.34353929107983794
671_T1_R1_vs_R2,natural_variability,1,Chest_to_LShoulder_ry,Chest_to_LShoulder,ry,0.012796040542136027,0.01229158050260282,-0.0005044600395332065,0.27451119129974705,0.34353929107983794
671_T1_R1_vs_R2,natural_variability,1,Chest_to_LShoulder_rz,Chest_to_LShoulder,rz,0.06540668776810825,0.06206416099369475,-0.003342526774413497,0.27451119129974705,0.34353929107983794
671_T1_R1_vs_R2,natural_variability,1,Chest_to_Neck_rx,Chest_to_Neck,rx,0.09153818569043402,0.020107361187929614,-0.0714308245025044,0.27451119129974705,0.34353929107983794
671_T1_R1_vs_R2,natural_variability,1,Chest_to_Neck_ry,Chest_to_Neck,ry,0.016508790366627706,0.00805851806129424,-0.008450272305333467,0.27451119129974705,0.34353929107983794
671_T1_R1_vs_R2,natural_variability,1,Chest_to_Neck_rz,Chest_to_Neck,rz,0.01613098463581683,0.02427309423948226,0.008142109603665428,0.27451119129974705,0.34353929107983794
671_T1_R1_vs_R2,natural_variability,1,Chest_to_RShoulder_rx,Chest_to_RShoulder,rx,0.011062549272700267,0.019574842137313506,0.00851229286461324,0.27451119129974705,0.34353929107983794
671_T1_R1_vs_R2,natural_variability,1,Chest_to_RShoulder_ry,Chest_to_RShoulder,ry,0.012015288174271464,0.011695764947693428,-0.0003195232265780362,0.27451119129974705,0.34353929107983794
671_T1_R1_vs_R2,natural_variability,1,Chest_to_RShoulder_rz,Chest_to_RShoulder,rz,0.07421629447321589,0.04815438228915393,-0.026061912184061953,0.27451119129974705,0.34353929107983794
671_T1_R1_vs_R2,natural_variability,1,LFArm_to_LHand_rx,LFArm_to_LHand,rx,0.1660174905760953,0.1681581260653609,0.002140635489265602,0.27451119129974705,0.34353929107983794
671_T1_R1_vs_R2,natural_variability,1,LFArm_to_LHand_ry,LFArm_to_LHand,ry,0.0024173786923904006,0.03175071389535358,0.029333335202963183,0.27451119129974705,0.34353929107983794
671_T1_R1_vs_R2,natural_variability,1,LFArm_to_LHand_rz,LFArm_to_LHand,rz,0.30078050388547145,0.2674021037527649,-0.03337840013270654,0.27451119129974705,0.34353929107983794
671_T1_R1_vs_R2,natural_variability,1,LShin_to_LFoot_rx,LShin_to_LFoot,rx,0.0634767278206498,0.027194578804850707,-0.036282149015799084,0.27451119129974705,0.34353929107983794
671_T1_R1_vs_R2,natural_variability,1,LShin_to_LFoot_ry,LShin_to_LFoot,ry,0.06259161340064157,0.010065977208419617,-0.05252563619222195,0.27451119129974705,0.34353929107983794
671_T1_R1_vs_R2,natural_variability,1,LShin_to_LFoot_rz,LShin_to_LFoot,rz,0.03244481637936729,0.025162509123048127,-0.007282307256319162,0.27451119129974705,0.34353929107983794
671_T1_R1_vs_R2,natural_variability,1,LShoulder_to_LUArm_rx,LShoulder_to_LUArm,rx,0.26696207101497255,0.2502899065487352,-0.01667216446623737,0.27451119129974705,0.34353929107983794
671_T1_R1_vs_R2,natural_variability,1,LShoulder_to_LUArm_ry,LShoulder_to_LUArm,ry,0.1103440652013961,0.17069066829956236,0.060346603098166265,0.27451119129974705,0.34353929107983794
671_T1_R1_vs_R2,natural_variability,1,LShoulder_to_LUArm_rz,LShoulder_to_LUArm,rz,0.09605518417284976,0.13702400926846403,0.04096882509561427,0.27451119129974705,0.34353929107983794
671_T1_R1_vs_R2,natural_variability,1,LThigh_to_LShin_rx,LThigh_to_LShin,rx,0.026333932263206447,0.1574563379205412,0.13112240565733474,0.27451119129974705,0.34353929107983794
671_T1_R1_vs_R2,natural_variability,1,LThigh_to_LShin_ry,LThigh_to_LShin,ry,3.898348632178607e-09,1.0790258106349786e-08,6.891909474171179e-09,0.27451119129974705,0.34353929107983794
671_T1_R1_vs_R2,natural_variability,1,LThigh_to_LShin_rz,LThigh_to_LShin,rz,1.4025346813064548e-08,8.74701091857281e-09,-5.278335894491739e-09,0.27451119129974705,0.34353929107983794
671_T1_R1_vs_R2,natural_variability,1,LUArm_to_LFArm_rx,LUArm_to_LFArm,rx,0.007822041937668903,0.22095652420129971,0.2131344822636308,0.27451119129974705,0.34353929107983794
671_T1_R1_vs_R2,natural_variability,1,LUArm_to_LFArm_ry,LUArm_to_LFArm,ry,0.4886682434847752,0.6711413406980642,0.18247309721328897,0.27451119129974705,0.34353929107983794
671_T1_R1_vs_R2,natural_variability,1,LUArm_to_LFArm_rz,LUArm_to_LFArm,rz,0.05682728003618408,0.16982304379268892,0.11299576375650484,0.27451119129974705,0.34353929107983794
671_T1_R1_vs_R2,natural_variability,1,Neck_to_Head_rx,Neck_to_Head,rx,0.0915381957797881,0.020107356977291636,-0.07143083880249645,0.27451119129974705,0.34353929107983794
671_T1_R1_vs_R2,natural_variability,1,Neck_to_Head_ry,Neck_to_Head,ry,0.016508782968264482,0.0080585166746294,-0.008450266293635083,0.27451119129974705,0.34353929107983794
671_T1_R1_vs_R2,natural_variability,1,Neck_to_Head_rz,Neck_to_Head,rz,0.016131013128686564,0.02427309704128777,0.008142083912601204,0.27451119129974705,0.34353929107983794
671_T1_R1_vs_R2,natural_variability,1,RFArm_to_RHand_rx,RFArm_to_RHand,rx,0.30516657734380365,0.08534540735837563,-0.219821169985428,0.27451119129974705,0.34353929107983794
671_T1_R1_vs_R2,natural_variability,1,RFArm_to_RHand_ry,RFArm_to_RHand,ry,0.11524119867544134,0.015333461078602693,-0.09990773759683866,0.27451119129974705,0.34353929107983794
671_T1_R1_vs_R2,natural_variability,1,RFArm_to_RHand_rz,RFArm_to_RHand,rz,0.5760805023162717,0.04675795612596132,-0.5293225461903104,0.27451119129974705,0.34353929107983794
671_T1_R1_vs_R2,natural_variability,1,RShin_to_RFoot_rx,RShin_to_RFoot,rx,0.012860387417137216,0.0017534778300563698,-0.011106909587080847,0.27451119129974705,0.34353929107983794
671_T1_R1_vs_R2,natural_variability,1,RShin_to_RFoot_ry,RShin_to_RFoot,ry,0.05717810663195308,0.07350027111870945,0.01632216448675637,0.27451119129974705,0.34353929107983794
671_T1_R1_vs_R2,natural_variability,1,RShin_to_RFoot_rz,RShin_to_RFoot,rz,0.027655446347715017,0.01881267657449442,-0.008842769773220596,0.27451119129974705,0.34353929107983794
671_T1_R1_vs_R2,natural_variability,1,RShoulder_to_RUArm_rx,RShoulder_to_RUArm,rx,0.0766650592505465,0.06644652014525736,-0.010218539105289137,0.27451119129974705,0.34353929107983794
671_T1_R1_vs_R2,natural_variability,1,RShoulder_to_RUArm_ry,RShoulder_to_RUArm,ry,0.08755133168306216,0.1259166595300456,0.038365327846983446,0.27451119129974705,0.34353929107983794
671_T1_R1_vs_R2,natural_variability,1,RShoulder_to_RUArm_rz,RShoulder_to_RUArm,rz,0.05087755367935212,0.06312723231414274,0.012249678634790623,0.27451119129974705,0.34353929107983794
671_T1_R1_vs_R2,natural_variability,1,RThigh_to_RShin_rx,RThigh_to_RShin,rx,0.0742467287977426,0.15105762289886693,0.07681089410112432,0.27451119129974705,0.34353929107983794
671_T1_R1_vs_R2,natural_variability,1,RThigh_to_RShin_ry,RThigh_to_RShin,ry,1.2355035665411147e-08,7.91720297693944e-09,-4.437832688471707e-09,0.27451119129974705,0.34353929107983794
671_T1_R1_vs_R2,natural_variability,1,RThigh_to_RShin_rz,RThigh_to_RShin,rz,1.5681861134285122e-08,2.2191272179631386e-08,6.509411045346264e-09,0.27451119129974705,0.34353929107983794
671_T1_R1_vs_R2,natural_variability,1,RUArm_to_RFArm_rx,RUArm_to_RFArm,rx,0.1395608160189658,0.05333633542760233,-0.08622448059136348,0.27451119129974705,0.34353929107983794
671_T1_R1_vs_R2,natural_variability,1,RUArm_to_RFArm_ry,RUArm_to_RFArm,ry,0.011609548615520266,0.3872646350066232,0.37565508639110295,0.27451119129974705,0.34353929107983794
671_T1_R1_vs_R2,natural_variability,1,RUArm_to_RFArm_rz,RUArm_to_RFArm,rz,0.1211089503387261,0.010582662170885875,-0.11052628816784021,0.27451119129974705,0.34353929107983794
671_T1_R1_vs_R2,natural_variability,2,Chest_to_LShoulder_rx,Chest_to_LShoulder,rx,0.05224420804789308,0.03897931813286849,-0.013264889915024586,0.17453868173323814,0.2592817237616264
671_T1_R1_vs_R2,natural_variability,2,Chest_to_LShoulder_ry,Chest_to_LShoulder,ry,0.018118456319562107,0.021174215287241935,0.0030557589676798273,0.17453868173323814,0.2592817237616264
671_T1_R1_vs_R2,natural_variability,2,Chest_to_LShoulder_rz,Chest_to_LShoulder,rz,0.030142873550018684,0.013461490297212358,-0.016681383252806326,0.17453868173323814,0.2592817237616264
671_T1_R1_vs_R2,natural_variability,2,Chest_to_Neck_rx,Chest_to_Neck,rx,0.042550712264953335,0.04003096819019781,-0.0025197440747555255,0.17453868173323814,0.2592817237616264
671_T1_R1_vs_R2,natural_variability,2,Chest_to_Neck_ry,Chest_to_Neck,ry,0.007458260054421268,0.004267395006348722,-0.003190865048072546,0.17453868173323814,0.2592817237616264
671_T1_R1_vs_R2,natural_variability,2,Chest_to_Neck_rz,Chest_to_Neck,rz,0.015096690938910749,0.00649079157508155,-0.0086058993638292,0.17453868173323814,0.2592817237616264
671_T1_R1_vs_R2,natural_variability,2,Chest_to_RShoulder_rx,Chest_to_RShoulder,rx,0.09078782475165684,0.0809976871292527,-0.009790137622404133,0.17453868173323814,0.2592817237616264
671_T1_R1_vs_R2,natural_variability,2,Chest_to_RShoulder_ry,Chest_to_RShoulder,ry,0.023103914962566956,0.01303917199629887,-0.010064742966268086,0.17453868173323814,0.2592817237616264
671_T1_R1_vs_R2,natural_variability,2,Chest_to_RShoulder_rz,Chest_to_RShoulder,rz,0.10784880813590052,0.09690274975543255,-0.010946058380467971,0.17453868173323814,0.2592817237616264
671_T1_R1_vs_R2,natural_variability,2,LFArm_to_LHand_rx,LFArm_to_LHand,rx,0.07925039998509707,0.12096390692486171,0.04171350693976464,0.17453868173323814,0.2592817237616264
671_T1_R1_vs_R2,natural_variability,2,LFArm_to_LHand_ry,LFArm_to_LHand,ry,0.040032646491557064,0.011341258951515241,-0.028691387540041823,0.17453868173323814,0.2592817237616264
671_T1_R1_vs_R2,natural_variability,2,LFArm_to_LHand_rz,LFArm_to_LHand,rz,0.1066690105656507,0.28998520363278085,0.18331619306713015,0.17453868173323814,0.2592817237616264
671_T1_R1_vs_R2,natural_variability,2,LShin_to_LFoot_rx,LShin_to_LFoot,rx,0.06765501093303289,0.07485708265645198,0.007202071723419093,0.17453868173323814,0.2592817237616264
671_T1_R1_vs_R2,natural_variability,2,LShin_to_LFoot_ry,LShin_to_LFoot,ry,0.07132120816358019,0.14760673938192576,0.07628553121834557,0.17453868173323814,0.2592817237616264
671_T1_R1_vs_R2,natural_variability,2,LShin_to_LFoot_rz,LShin_to_LFoot,rz,0.014666423203161907,0.005566987755047671,-0.009099435448114236,0.17453868173323814,0.2592817237616264
671_T1_R1_vs_R2,natural_variability,2,LShoulder_to_LUArm_rx,LShoulder_to_LUArm,rx,0.1546289019897693,0.08854018455479276,-0.06608871743497655,0.17453868173323814,0.2592817237616264
671_T1_R1_vs_R2,natural_variability,2,LShoulder_to_LUArm_ry,LShoulder_to_LUArm,ry,0.00822994236247272,0.08785531495231105,0.07962537258983833,0.17453868173323814,0.2592817237616264
671_T1_R1_vs_R2,natural_variability,2,LShoulder_to_LUArm_rz,LShoulder_to_LUArm,rz,0.10149417762540917,0.0058086303381809775,-0.0956855472872282,0.17453868173323814,0.2592817237616264
671_T1_R1_vs_R2,natural_variability,2,LThigh_to_LShin_rx,LThigh_to_LShin,rx,0.09085740047386154,0.011398568843353179,-0.07945883163050836,0.17453868173323814,0.2592817237616264
671_T1_R1_vs_R2,natural_variability,2,LThigh_to_LShin_ry,LThigh_to_LShin,ry,1.7908401391918673e-08,1.3645053109834391e-08,-4.263348282084282e-09,0.17453868173323814,0.2592817237616264
671_T1_R1_vs_R2,natural_variability,2,LThigh_to_LShin_rz,LThigh_to_LShin,rz,1.3108608423952819e-08,8.425979419573827e-09,-4.682629004378992e-09,0.17453868173323814,0.2592817237616264
671_T1_R1_vs_R2,natural_variability,2,LUArm_to_LFArm_rx,LUArm_to_LFArm,rx,0.2647955840298018,0.10844954520478164,-0.15634603882502016,0.17453868173323814,0.2592817237616264
671_T1_R1_vs_R2,natural_variability,2,LUArm_to_LFArm_ry,LUArm_to_LFArm,ry,0.5481560216586939,0.10513784923691838,-0.44301817242177555,0.17453868173323814,0.2592817237616264
671_T1_R1_vs_R2,natural_variability,2,LUArm_to_LFArm_rz,LUArm_to_LFArm,rz,0.19139452284190073,0.05491651962820211,-0.13647800321369863,0.17453868173323814,0.2592817237616264
671_T1_R1_vs_R2,natural_variability,2,Neck_to_Head_rx,Neck_to_Head,rx,0.042550719162132315,0.040030974894010606,-0.0025197442681217097,0.17453868173323814,0.2592817237616264
671_T1_R1_vs_R2,natural_variability,2,Neck_to_Head_ry,Neck_to_Head,ry,0.0074582466232933275,0.004267363854895954,-0.0031908827683973734,0.17453868173323814,0.2592817237616264
671_T1_R1_vs_R2,natural_variability,2,Neck_to_Head_rz,Neck_to_Head,rz,0.015096654543166102,0.006490853976586049,-0.008605800566580052,0.17453868173323814,0.2592817237616264
671_T1_R1_vs_R2,natural_variability,2,RFArm_to_RHand_rx,RFArm_to_RHand,rx,0.1523182018761804,0.3230329715613178,0.17071476968513744,0.17453868173323814,0.2592817237616264
671_T1_R1_vs_R2,natural_variability,2,RFArm_to_RHand_ry,RFArm_to_RHand,ry,0.029788666483140745,0.04635389421304377,0.016565227729903025,0.17453868173323814,0.2592817237616264
671_T1_R1_vs_R2,natural_variability,2,RFArm_to_RHand_rz,RFArm_to_RHand,rz,0.47143201459721373,0.764827041837008,0.29339502723979427,0.17453868173323814,0.2592817237616264
671_T1_R1_vs_R2,natural_variability,2,RShin_to_RFoot_rx,RShin_to_RFoot,rx,0.04519978823018623,0.05639043348326507,0.011190645253078842,0.17453868173323814,0.2592817237616264
671_T1_R1_vs_R2,natural_variability,2,RShin_to_RFoot_ry,RShin_to_RFoot,ry,0.01826076490993748,0.05868922726168247,0.04042846235174499,0.17453868173323814,0.2592817237616264
671_T1_R1_vs_R2,natural_variability,2,RShin_to_RFoot_rz,RShin_to_RFoot,rz,0.03231793822203425,0.044458430036253584,0.012140491814219334,0.17453868173323814,0.2592817237616264
671_T1_R1_vs_R2,natural_variability,2,RShoulder_to_RUArm_rx,RShoulder_to_RUArm,rx,0.2688090273334331,0.2541284570873316,-0.014680570246101476,0.17453868173323814,0.2592817237616264
671_T1_R1_vs_R2,natural_variability,2,RShoulder_to_RUArm_ry,RShoulder_to_RUArm,ry,0.06338793693397043,0.04175348706115487,-0.021634449872815563,0.17453868173323814,0.2592817237616264
671_T1_R1_vs_R2,natural_variability,2,RShoulder_to_RUArm_rz,RShoulder_to_RUArm,rz,0.06043646403432021,0.03360301382568673,-0.02683345020863348,0.17453868173323814,0.2592817237616264
671_T1_R1_vs_R2,natural_variability,2,RThigh_to_RShin_rx,RThigh_to_RShin,rx,0.13122225834146847,0.15397824647388966,0.02275598813242119,0.17453868173323814,0.2592817237616264
671_T1_R1_vs_R2,natural_variability,2,RThigh_to_RShin_ry,RThigh_to_RShin,ry,1.2851147163680684e-10,5.972499904357415e-09,5.843988432720608e-09,0.17453868173323814,0.2592817237616264
671_T1_R1_vs_R2,natural_variability,2,RThigh_to_RShin_rz,RThigh_to_RShin,rz,3.5800108505363247e-08,2.8298303310383964e-08,-7.501805194979282e-09,0.17453868173323814,0.2592817237616264
671_T1_R1_vs_R2,natural_variability,2,RUArm_to_RFArm_rx,RUArm_to_RFArm,rx,0.05493503079004544,0.017480884538994875,-0.03745414625105056,0.17453868173323814,0.2592817237616264
671_T1_R1_vs_R2,natural_variability,2,RUArm_to_RFArm_ry,RUArm_to_RFArm,ry,0.37666258362000743,0.1373937692368252,-0.23926881438318223,0.17453868173323814,0.2592817237616264
671_T1_R1_vs_R2,natural_variability,2,RUArm_to_RFArm_rz,RUArm_to_RFArm,rz,0.027236011025639356,0.013089841729330727,-0.014146169296308629,0.17453868173323814,0.2592817237616264
671_T1_R1_vs_R2,natural_variability,3,Chest_to_LShoulder_rx,Chest_to_LShoulder,rx,0.03719649188124329,0.07086025756208648,0.03366376568084319,0.12762094527983564,0.163487882820371
671_T1_R1_vs_R2,natural_variability,3,Chest_to_LShoulder_ry,Chest_to_LShoulder,ry,0.05137976604612153,0.03491477948167264,-0.01646498656444889,0.12762094527983564,0.163487882820371
671_T1_R1_vs_R2,natural_variability,3,Chest_to_LShoulder_rz,Chest_to_LShoulder,rz,0.02548220698343367,0.01987413527266774,-0.005608071710765931,0.12762094527983564,0.163487882820371
671_T1_R1_vs_R2,natural_variability,3,Chest_to_Neck_rx,Chest_to_Neck,rx,0.12365047200909907,0.08834633396333368,-0.03530413804576539,0.12762094527983564,0.163487882820371
671_T1_R1_vs_R2,natural_variability,3,Chest_to_Neck_ry,Chest_to_Neck,ry,0.004423400006085819,0.02191541002055693,0.01749201001447111,0.12762094527983564,0.163487882820371
671_T1_R1_vs_R2,natural_variability,3,Chest_to_Neck_rz,Chest_to_Neck,rz,0.010229974974308881,0.006133134541521984,-0.0040968404327868975,0.12762094527983564,0.163487882820371
671_T1_R1_vs_R2,natural_variability,3,Chest_to_RShoulder_rx,Chest_to_RShoulder,rx,0.14715962344499398,0.13215966250259994,-0.01499996094239403,0.12762094527983564,0.163487882820371
671_T1_R1_vs_R2,natural_variability,3,Chest_to_RShoulder_ry,Chest_to_RShoulder,ry,0.05070401427764505,0.0575351325380116,0.006831118260366552,0.12762094527983564,0.163487882820371
671_T1_R1_vs_R2,natural_variability,3,Chest_to_RShoulder_rz,Chest_to_RShoulder,rz,0.0031693035828093147,0.0030106979717208306,-0.0001586056110884841,0.12762094527983564,0.163487882820371
671_T1_R1_vs_R2,natural_variability,3,LFArm_to_LHand_rx,LFArm_to_LHand,rx,0.060462340075289986,0.12647593432586438,0.06601359425057439,0.12762094527983564,0.163487882820371
671_T1_R1_vs_R2,natural_variability,3,LFArm_to_LHand_ry,LFArm_to_LHand,ry,0.03846192845701057,0.09469815423438852,0.05623622577737795,0.12762094527983564,0.163487882820371
671_T1_R1_vs_R2,natural_variability,3,LFArm_to_LHand_rz,LFArm_to_LHand,rz,0.1544484333052179,0.18871717131416466,0.03426873800894675,0.12762094527983564,0.163487882820371
671_T1_R1_vs_R2,natural_variability,3,LShin_to_LFoot_rx,LShin_to_LFoot,rx,0.13131099484135902,0.07899637673899386,-0.052314618102365165,0.12762094527983564,0.163487882820371
671_T1_R1_vs_R2,natural_variability,3,LShin_to_LFoot_ry,LShin_to_LFoot,ry,0.06066916061124267,0.12297010569562902,0.062300945084386355,0.12762094527983564,0.163487882820371
671_T1_R1_vs_R2,natural_variability,3,LShin_to_LFoot_rz,LShin_to_LFoot,rz,0.0020742516922851784,0.01674448109623261,0.014670229403947433,0.12762094527983564,0.163487882820371
671_T1_R1_vs_R2,natural_variability,3,LShoulder_to_LUArm_rx,LShoulder_to_LUArm,rx,0.15416517595054843,0.24151283292823028,0.08734765697768185,0.12762094527983564,0.163487882820371
671_T1_R1_vs_R2,natural_variability,3,LShoulder_to_LUArm_ry,LShoulder_to_LUArm,ry,0.30445140048876235,0.18068206135060294,-0.1237693391381594,0.12762094527983564,0.163487882820371
671_T1_R1_vs_R2,natural_variability,3,LShoulder_to_LUArm_rz,LShoulder_to_LUArm,rz,0.02786983729597957,0.059627180409473485,0.031757343113493916,0.12762094527983564,0.163487882820371
671_T1_R1_vs_R2,natural_variability,3,LThigh_to_LShin_rx,LThigh_to_LShin,rx,0.22393647781987944,0.01232188480292196,-0.21161459301695748,0.12762094527983564,0.163487882820371
671_T1_R1_vs_R2,natural_variability,3,LThigh_to_LShin_ry,LThigh_to_LShin,ry,1.2131598918463657e-09,5.145317387917214e-09,3.932157496070848e-09,0.12762094527983564,0.163487882820371
671_T1_R1_vs_R2,natural_variability,3,LThigh_to_LShin_rz,LThigh_to_LShin,rz,2.970239854874882e-08,1.5167455650432377e-08,-1.4534942898316443e-08,0.12762094527983564,0.163487882820371
671_T1_R1_vs_R2,natural_variability,3,LUArm_to_LFArm_rx,LUArm_to_LFArm,rx,0.06507856192841792,0.10268251949267375,0.03760395756425583,0.12762094527983564,0.163487882820371
671_T1_R1_vs_R2,natural_variability,3,LUArm_to_LFArm_ry,LUArm_to_LFArm,ry,0.09820924571676776,0.3247647008568765,0.22655545514010872,0.12762094527983564,0.163487882820371
671_T1_R1_vs_R2,natural_variability,3,LUArm_to_LFArm_rz,LUArm_to_LFArm,rz,0.013484310678207236,0.024350957470674804,0.010866646792467568,0.12762094527983564,0.163487882820371
671_T1_R1_vs_R2,natural_variability,3,Neck_to_Head_rx,Neck_to_Head,rx,0.12365040086509142,0.08834626371837513,-0.03530413714671629,0.12762094527983564,0.163487882820371
671_T1_R1_vs_R2,natural_variability,3,Neck_to_Head_ry,Neck_to_Head,ry,0.004423388415300492,0.02191539527737979,0.017492006862079298,0.12762094527983564,0.163487882820371
671_T1_R1_vs_R2,natural_variability,3,Neck_to_Head_rz,Neck_to_Head,rz,0.0102299739108872,0.00613316948839371,-0.004096804422493491,0.12762094527983564,0.163487882820371
671_T1_R1_vs_R2,natural_variability,3,RFArm_to_RHand_rx,RFArm_to_RHand,rx,0.112496034815584,0.04644670082129905,-0.06604933399428495,0.12762094527983564,0.163487882820371
671_T1_R1_vs_R2,natural_variability,3,RFArm_to_RHand_ry,RFArm_to_RHand,ry,0.011459326597522461,0.028291586525448435,0.016832259927925974,0.12762094527983564,0.163487882820371
671_T1_R1_vs_R2,natural_variability,3,RFArm_to_RHand_rz,RFArm_to_RHand,rz,0.22289813108251239,0.07304311475977113,-0.14985501632274126,0.12762094527983564,0.163487882820371
671_T1_R1_vs_R2,natural_variability,3,RShin_to_RFoot_rx,RShin_to_RFoot,rx,0.0980880346143033,0.04997126420147315,-0.04811677041283014,0.12762094527983564,0.163487882820371
671_T1_R1_vs_R2,natural_variability,3,RShin_to_RFoot_ry,RShin_to_RFoot,ry,0.027060611308604626,0.032208469694001644,0.005147858385397018,0.12762094527983564,0.163487882820371
671_T1_R1_vs_R2,natural_variability,3,RShin_to_RFoot_rz,RShin_to_RFoot,rz,0.07214567961591029,0.05528075132196323,-0.016864928293947055,0.12762094527983564,0.163487882820371
671_T1_R1_vs_R2,natural_variability,3,RShoulder_to_RUArm_rx,RShoulder_to_RUArm,rx,0.3146120783773729,0.27308853553466306,-0.041523542842709815,0.12762094527983564,0.163487882820371
671_T1_R1_vs_R2,natural_variability,3,RShoulder_to_RUArm_ry,RShoulder_to_RUArm,ry,0.10659144619198357,0.07382335417318188,-0.032768092018801695,0.12762094527983564,0.163487882820371
671_T1_R1_vs_R2,natural_variability,3,RShoulder_to_RUArm_rz,RShoulder_to_RUArm,rz,0.13524486059723678,0.11897928751133229,-0.016265573085904497,0.12762094527983564,0.163487882820371
671_T1_R1_vs_R2,natural_variability,3,RThigh_to_RShin_rx,RThigh_to_RShin,rx,0.20289013568882738,0.08727722820906648,-0.1156129074797609,0.12762094527983564,0.163487882820371
671_T1_R1_vs_R2,natural_variability,3,RThigh_to_RShin_ry,RThigh_to_RShin,ry,1.3523213424853892e-08,2.567219749369649e-08,1.21489840688426e-08,0.12762094527983564,0.163487882820371
671_T1_R1_vs_R2,natural_variability,3,RThigh_to_RShin_rz,RThigh_to_RShin,rz,3.35393700578672e-09,6.3663659459947135e-09,3.0124289402079937e-09,0.12762094527983564,0.163487882820371
671_T1_R1_vs_R2,natural_variability,3,RUArm_to_RFArm_rx,RUArm_to_RFArm,rx,0.11263969782898185,0.013281171971350935,-0.09935852585763091,0.12762094527983564,0.163487882820371
671_T1_R1_vs_R2,natural_variability,3,RUArm_to_RFArm_ry,RUArm_to_RFArm,ry,0.6657166505917321,0.738400518799516,0.07268386820778383,0.12762094527983564,0.163487882820371
671_T1_R1_vs_R2,natural_variability,3,RUArm_to_RFArm_rz,RUArm_to_RFArm,rz,0.07217260716982986,0.018069939922102006,-0.05410266724772785,0.12762094527983564,0.163487882820371
671_T1_R1_vs_R2,natural_variability,4,Chest_to_LShoulder_rx,Chest_to_LShoulder,rx,0.06079051143242476,0.07734226805911831,0.016551756626693552,0.08210020560902422,0.10863678016709569
671_T1_R1_vs_R2,natural_variability,4,Chest_to_LShoulder_ry,Chest_to_LShoulder,ry,0.00080210822150059,0.03121840952246571,0.030416301300965117,0.08210020560902422,0.10863678016709569
671_T1_R1_vs_R2,natural_variability,4,Chest_to_LShoulder_rz,Chest_to_LShoulder,rz,0.021346409965462488,0.012981464234773876,-0.008364945730688612,0.08210020560902422,0.10863678016709569
671_T1_R1_vs_R2,natural_variability,4,Chest_to_Neck_rx,Chest_to_Neck,rx,0.007321454804797096,0.05359051213438939,0.04626905732959229,0.08210020560902422,0.10863678016709569
671_T1_R1_vs_R2,natural_variability,4,Chest_to_Neck_ry,Chest_to_Neck,ry,0.04391383586451355,0.003004360215881127,-0.04090947564863242,0.08210020560902422,0.10863678016709569
671_T1_R1_vs_R2,natural_variability,4,Chest_to_Neck_rz,Chest_to_Neck,rz,0.0009662000137720987,0.01608590070529419,0.015119700691522093,0.08210020560902422,0.10863678016709569
671_T1_R1_vs_R2,natural_variability,4,Chest_to_RShoulder_rx,Chest_to_RShoulder,rx,0.033937492836830604,0.027113440328330927,-0.006824052508499677,0.08210020560902422,0.10863678016709569
671_T1_R1_vs_R2,natural_variability,4,Chest_to_RShoulder_ry,Chest_to_RShoulder,ry,0.023897193608771888,0.018514457509389584,-0.0053827360993823035,0.08210020560902422,0.10863678016709569
671_T1_R1_vs_R2,natural_variability,4,Chest_to_RShoulder_rz,Chest_to_RShoulder,rz,0.029884223259038917,0.07499723249586313,0.04511300923682421,0.08210020560902422,0.10863678016709569
671_T1_R1_vs_R2,natural_variability,4,LFArm_to_LHand_rx,LFArm_to_LHand,rx,0.18777018439181786,0.04651760631574396,-0.1412525780760739,0.08210020560902422,0.10863678016709569
671_T1_R1_vs_R2,natural_variability,4,LFArm_to_LHand_ry,LFArm_to_LHand,ry,0.06283800355288723,0.06418317316979084,0.0013451696169036187,0.08210020560902422,0.10863678016709569
671_T1_R1_vs_R2,natural_variability,4,LFArm_to_LHand_rz,LFArm_to_LHand,rz,0.5629250784844091,0.012510229600449873,-0.5504148488839592,0.08210020560902422,0.10863678016709569
671_T1_R1_vs_R2,natural_variability,4,LShin_to_LFoot_rx,LShin_to_LFoot,rx,0.15606376849219453,0.09087431580562455,-0.06518945268656998,0.08210020560902422,0.10863678016709569
671_T1_R1_vs_R2,natural_variability,4,LShin_to_LFoot_ry,LShin_to_LFoot,ry,0.26364032816928,0.04705452610743562,-0.21658580206184438,0.08210020560902422,0.10863678016709569
671_T1_R1_vs_R2,natural_variability,4,LShin_to_LFoot_rz,LShin_to_LFoot,rz,0.06874571009842566,0.03955412442960498,-0.02919158566882068,0.08210020560902422,0.10863678016709569
671_T1_R1_vs_R2,natural_variability,4,LShoulder_to_LUArm_rx,LShoulder_to_LUArm,rx,0.15217090076807122,0.17683454817742994,0.024663647409358724,0.08210020560902422,0.10863678016709569
671_T1_R1_vs_R2,natural_variability,4,LShoulder_to_LUArm_ry,LShoulder_to_LUArm,ry,0.1403218626860612,0.0065645048939673364,-0.13375735779209386,0.08210020560902422,0.10863678016709569
671_T1_R1_vs_R2,natural_variability,4,LShoulder_to_LUArm_rz,LShoulder_to_LUArm,rz,0.05542873031204365,0.07298773847201348,0.01755900815996983,0.08210020560902422,0.10863678016709569
671_T1_R1_vs_R2,natural_variability,4,LThigh_to_LShin_rx,LThigh_to_LShin,rx,0.33249509625428225,0.2520287005418587,-0.08046639571242353,0.08210020560902422,0.10863678016709569
671_T1_R1_vs_R2,natural_variability,4,LThigh_to_LShin_ry,LThigh_to_LShin,ry,8.519628385548005e-09,1.5302946907266044e-09,-6.9893336948214005e-09,0.08210020560902422,0.10863678016709569
671_T1_R1_vs_R2,natural_variability,4,LThigh_to_LShin_rz,LThigh_to_LShin,rz,1.0891413069882773e-08,6.411419253858795e-10,-1.0250271144496893e-08,0.08210020560902422,0.10863678016709569
671_T1_R1_vs_R2,natural_variability,4,LUArm_to_LFArm_rx,LUArm_to_LFArm,rx,0.052143710473417315,0.2476326132866693,0.19548890281325199,0.08210020560902422,0.10863678016709569
671_T1_R1_vs_R2,natural_variability,4,LUArm_to_LFArm_ry,LUArm_to_LFArm,ry,0.42041003984108605,0.0655378355572063,-0.3548722042838798,0.08210020560902422,0.10863678016709569
671_T1_R1_vs_R2,natural_variability,4,LUArm_to_LFArm_rz,LUArm_to_LFArm,rz,0.08681510800158034,0.12215293741590134,0.03533782941432101,0.08210020560902422,0.10863678016709569
671_T1_R1_vs_R2,natural_variability,4,Neck_to_Head_rx,Neck_to_Head,rx,0.007321356803943105,0.053590454841466774,0.046269098037523666,0.08210020560902422,0.10863678016709569
671_T1_R1_vs_R2,natural_variability,4,Neck_to_Head_ry,Neck_to_Head,ry,0.04391392005532115,0.0030043918470702576,-0.040909528208250896,0.08210020560902422,0.10863678016709569
671_T1_R1_vs_R2,natural_variability,4,Neck_to_Head_rz,Neck_to_Head,rz,0.0009661939903589207,0.01608586078019521,0.01511966678983629,0.08210020560902422,0.10863678016709569
671_T1_R1_vs_R2,natural_variability,4,RFArm_to_RHand_rx,RFArm_to_RHand,rx,0.00254907610690859,0.060234749103716116,0.057685672996807526,0.08210020560902422,0.10863678016709569
671_T1_R1_vs_R2,natural_variability,4,RFArm_to_RHand_ry,RFArm_to_RHand,ry,0.07578086187441688,0.08676946391589366,0.01098860204147678,0.08210020560902422,0.10863678016709569
671_T1_R1_vs_R2,natural_variability,4,RFArm_to_RHand_rz,RFArm_to_RHand,rz,0.04754034505321869,0.055798246161730944,0.008257901108512253,0.08210020560902422,0.10863678016709569
671_T1_R1_vs_R2,natural_variability,4,RShin_to_RFoot_rx,RShin_to_RFoot,rx,0.1942426201759618,0.36888742764916393,0.17464480747320213,0.08210020560902422,0.10863678016709569
671_T1_R1_vs_R2,natural_variability,4,RShin_to_RFoot_ry,RShin_to_RFoot,ry,0.08017846804826241,0.15454308564663946,0.07436461759837705,0.08210020560902422,0.10863678016709569
671_T1_R1_vs_R2,natural_variability,4,RShin_to_RFoot_rz,RShin_to_RFoot,rz,0.14437684652749327,0.21638828248964811,0.07201143596215484,0.08210020560902422,0.10863678016709569
671_T1_R1_vs_R2,natural_variability,4,RShoulder_to_RUArm_rx,RShoulder_to_RUArm,rx,0.10096470865927827,0.0761080209479683,-0.02485668771130997,0.08210020560902422,0.10863678016709569
671_T1_R1_vs_R2,natural_variability,4,RShoulder_to_RUArm_ry,RShoulder_to_RUArm,ry,0.1070398064404166,0.13856884455401183,0.03152903811359524,0.08210020560902422,0.10863678016709569
671_T1_R1_vs_R2,natural_variability,4,RShoulder_to_RUArm_rz,RShoulder_to_RUArm,rz,0.04311630995717532,0.14989242891082796,0.10677611895365265,0.08210020560902422,0.10863678016709569
671_T1_R1_vs_R2,natural_variability,4,RThigh_to_RShin_rx,RThigh_to_RShin,rx,0.23631218218636252,0.6124438669863721,0.3761316848000096,0.08210020560902422,0.10863678016709569
671_T1_R1_vs_R2,natural_variability,4,RThigh_to_RShin_ry,RThigh_to_RShin,ry,3.4356062420960737e-09,2.0997729340015522e-08,1.756212309791945e-08,0.08210020560902422,0.10863678016709569
671_T1_R1_vs_R2,natural_variability,4,RThigh_to_RShin_rz,RThigh_to_RShin,rz,1.4124816588711432e-08,1.6694690585390778e-08,2.5698739966793467e-09,0.08210020560902422,0.10863678016709569
671_T1_R1_vs_R2,natural_variability,4,RUArm_to_RFArm_rx,RUArm_to_RFArm,rx,0.013391159080513545,0.27793776341717186,0.26454660433665833,0.08210020560902422,0.10863678016709569
671_T1_R1_vs_R2,natural_variability,4,RUArm_to_RFArm_ry,RUArm_to_RFArm,ry,0.1960481482672297,0.02664561346646695,-0.16940253480076273,0.08210020560902422,0.10863678016709569
671_T1_R1_vs_R2,natural_variability,4,RUArm_to_RFArm_rz,RUArm_to_RFArm,rz,0.01160056765320709,0.24321674366987323,0.23161617601666615,0.08210020560902422,0.10863678016709569
671_T1_R1_vs_R2,natural_variability,5,Chest_to_LShoulder_rx,Chest_to_LShoulder,rx,0.06687954384455048,0.046208499639731455,-0.02067104420481903,0.057832135461488444,0.06280497162063993
671_T1_R1_vs_R2,natural_variability,5,Chest_to_LShoulder_ry,Chest_to_LShoulder,ry,0.07133534634872456,0.03465447996413297,-0.03668086638459159,0.057832135461488444,0.06280497162063993
671_T1_R1_vs_R2,natural_variability,5,Chest_to_LShoulder_rz,Chest_to_LShoulder,rz,0.05039037638610913,0.006338432902608274,-0.04405194348350086,0.057832135461488444,0.06280497162063993
671_T1_R1_vs_R2,natural_variability,5,Chest_to_Neck_rx,Chest_to_Neck,rx,0.1362047403522755,0.06193801272883205,-0.07426672762344345,0.057832135461488444,0.06280497162063993
671_T1_R1_vs_R2,natural_variability,5,Chest_to_Neck_ry,Chest_to_Neck,ry,0.05983238659992853,0.016861575316716212,-0.04297081128321232,0.057832135461488444,0.06280497162063993
671_T1_R1_vs_R2,natural_variability,5,Chest_to_Neck_rz,Chest_to_Neck,rz,0.018639332936465792,0.0381532580337458,0.01951392509728001,0.057832135461488444,0.06280497162063993
671_T1_R1_vs_R2,natural_variability,5,Chest_to_RShoulder_rx,Chest_to_RShoulder,rx,0.0480578546106265,0.039502661256934975,-0.008555193353691523,0.057832135461488444,0.06280497162063993
671_T1_R1_vs_R2,natural_variability,5,Chest_to_RShoulder_ry,Chest_to_RShoulder,ry,0.026134919615910558,0.02946966329471209,0.0033347436788015335,0.057832135461488444,0.06280497162063993
671_T1_R1_vs_R2,natural_variability,5,Chest_to_RShoulder_rz,Chest_to_RShoulder,rz,0.03240279888427232,0.11825664118531673,0.08585384230104441,0.057832135461488444,0.06280497162063993
671_T1_R1_vs_R2,natural_variability,5,LFArm_to_LHand_rx,LFArm_to_LHand,rx,0.058257391084956395,0.13418744580198977,0.07593005471703337,0.057832135461488444,0.06280497162063993
671_T1_R1_vs_R2,natural_variability,5,LFArm_to_LHand_ry,LFArm_to_LHand,ry,0.017560058163999602,0.12127170494280931,0.1037116467788097,0.057832135461488444,0.06280497162063993
671_T1_R1_vs_R2,natural_variability,5,LFArm_to_LHand_rz,LFArm_to_LHand,rz,0.18596010175306785,0.5234223332645483,0.33746223151148047,0.057832135461488444,0.06280497162063993
671_T1_R1_vs_R2,natural_variability,5,LShin_to_LFoot_rx,LShin_to_LFoot,rx,0.04677398992329204,0.06360979577025504,0.016835805846962995,0.057832135461488444,0.06280497162063993
671_T1_R1_vs_R2,natural_variability,5,LShin_to_LFoot_ry,LShin_to_LFoot,ry,0.10141324265930896,0.1348747023172174,0.03346145965790845,0.057832135461488444,0.06280497162063993
671_T1_R1_vs_R2,natural_variability,5,LShin_to_LFoot_rz,LShin_to_LFoot,rz,0.04151308361395917,0.08254742160056762,0.04103433798660845,0.057832135461488444,0.06280497162063993
671_T1_R1_vs_R2,natural_variability,5,LShoulder_to_LUArm_rx,LShoulder_to_LUArm,rx,0.06936526620383152,0.03820488235511163,-0.031160383848719886,0.057832135461488444,0.06280497162063993
671_T1_R1_vs_R2,natural_variability,5,LShoulder_to_LUArm_ry,LShoulder_to_LUArm,ry,0.3381832608106062,0.18299972327579414,-0.15518353753481204,0.057832135461488444,0.06280497162063993
671_T1_R1_vs_R2,natural_variability,5,LShoulder_to_LUArm_rz,LShoulder_to_LUArm,rz,0.1401900173864497,0.12285680278464929,-0.017333214601800415,0.057832135461488444,0.06280497162063993
671_T1_R1_vs_R2,natural_variability,5,LThigh_to_LShin_rx,LThigh_to_LShin,rx,0.18163279598490414,0.205866205403111,0.02423340941820687,0.057832135461488444,0.06280497162063993
671_T1_R1_vs_R2,natural_variability,5,LThigh_to_LShin_ry,LThigh_to_LShin,ry,2.345315766008502e-09,9.686194631288256e-09,7.340878865279754e-09,0.057832135461488444,0.06280497162063993
671_T1_R1_vs_R2,natural_variability,5,LThigh_to_LShin_rz,LThigh_to_LShin,rz,3.521835324128592e-08,4.650715294573584e-08,1.128879970444992e-08,0.057832135461488444,0.06280497162063993
671_T1_R1_vs_R2,natural_variability,5,LUArm_to_LFArm_rx,LUArm_to_LFArm,rx,0.15930884467331727,0.20715130212075628,0.04784245744743901,0.057832135461488444,0.06280497162063993
671_T1_R1_vs_R2,natural_variability,5,LUArm_to_LFArm_ry,LUArm_to_LFArm,ry,0.09620147644685978,0.36687731334692675,0.27067583690006697,0.057832135461488444,0.06280497162063993
671_T1_R1_vs_R2,natural_variability,5,LUArm_to_LFArm_rz,LUArm_to_LFArm,rz,0.08647221622511425,0.15860723529785764,0.07213501907274339,0.057832135461488444,0.06280497162063993
671_T1_R1_vs_R2,natural_variability,5,Neck_to_Head_rx,Neck_to_Head,rx,0.13620466030470757,0.06193786289210064,-0.07426679741260693,0.057832135461488444,0.06280497162063993
671_T1_R1_vs_R2,natural_variability,5,Neck_to_Head_ry,Neck_to_Head,ry,0.05983236534310669,0.01686147908975877,-0.04297088625334792,0.057832135461488444,0.06280497162063993
671_T1_R1_vs_R2,natural_variability,5,Neck_to_Head_rz,Neck_to_Head,rz,0.018639366915362072,0.038153231856492775,0.019513864941130703,0.057832135461488444,0.06280497162063993
671_T1_R1_vs_R2,natural_variability,5,RFArm_to_RHand_rx,RFArm_to_RHand,rx,0.027338251887950346,0.13992619769797854,0.11258794581002819,0.057832135461488444,0.06280497162063993
671_T1_R1_vs_R2,natural_variability,5,RFArm_to_RHand_ry,RFArm_to_RHand,ry,0.044823683469393166,0.20977906816393488,0.1649553846945417,0.057832135461488444,0.06280497162063993
671_T1_R1_vs_R2,natural_variability,5,RFArm_to_RHand_rz,RFArm_to_RHand,rz,0.1617478920097943,0.19373196161495224,0.03198406960515793,0.057832135461488444,0.06280497162063993
671_T1_R1_vs_R2,natural_variability,5,RShin_to_RFoot_rx,RShin_to_RFoot,rx,0.08213798798976102,0.15305777738299686,0.07091978939323584,0.057832135461488444,0.06280497162063993
671_T1_R1_vs_R2,natural_variability,5,RShin_to_RFoot_ry,RShin_to_RFoot,ry,0.08882293716201696,0.029811355934655687,-0.059011581227361276,0.057832135461488444,0.06280497162063993
671_T1_R1_vs_R2,natural_variability,5,RShin_to_RFoot_rz,RShin_to_RFoot,rz,0.19211074179983934,0.0988599317580747,-0.09325081004176464,0.057832135461488444,0.06280497162063993
671_T1_R1_vs_R2,natural_variability,5,RShoulder_to_RUArm_rx,RShoulder_to_RUArm,rx,0.1049792016353348,0.0723729925383267,-0.03260620909700811,0.057832135461488444,0.06280497162063993
671_T1_R1_vs_R2,natural_variability,5,RShoulder_to_RUArm_ry,RShoulder_to_RUArm,ry,0.048033146125005796,0.011361760334143036,-0.03667138579086276,0.057832135461488444,0.06280497162063993
671_T1_R1_vs_R2,natural_variability,5,RShoulder_to_RUArm_rz,RShoulder_to_RUArm,rz,0.04932856627313301,0.10118749989758549,0.051858933624452486,0.057832135461488444,0.06280497162063993
671_T1_R1_vs_R2,natural_variability,5,RThigh_to_RShin_rx,RThigh_to_RShin,rx,0.6862044699103876,0.2549198153871032,-0.43128465452328446,0.057832135461488444,0.06280497162063993
671_T1_R1_vs_R2,natural_variability,5,RThigh_to_RShin_ry,RThigh_to_RShin,ry,1.6683431915733797e-08,3.307277225535475e-08,1.6389340339620955e-08,0.057832135461488444,0.06280497162063993
671_T1_R1_vs_R2,natural_variability,5,RThigh_to_RShin_rz,RThigh_to_RShin,rz,1.2579290389000598e-09,3.1695368784397078e-09,1.911607839539648e-09,0.057832135461488444,0.06280497162063993
671_T1_R1_vs_R2,natural_variability,5,RUArm_to_RFArm_rx,RUArm_to_RFArm,rx,0.15900350530793755,0.26916109745956723,0.11015759215162968,0.057832135461488444,0.06280497162063993
671_T1_R1_vs_R2,natural_variability,5,RUArm_to_RFArm_ry,RUArm_to_RFArm,ry,0.21851545193274743,0.1369234207315565,-0.08159203120119093,0.057832135461488444,0.06280497162063993
671_T1_R1_vs_R2,natural_variability,5,RUArm_to_RFArm_rz,RUArm_to_RFArm,rz,0.17987284616675517,0.1767453224439555,-0.0031275237227996744,0.057832135461488444,0.06280497162063993
671_T1_R1_vs_R2,natural_variability,6,Chest_to_LShoulder_rx,Chest_to_LShoulder,rx,0.02656151834021744,0.003111685518353648,-0.023449832821863793,0.051875405511201136,0.03565358297545994
671_T1_R1_vs_R2,natural_variability,6,Chest_to_LShoulder_ry,Chest_to_LShoulder,ry,0.04432964000703655,0.07046691539312971,0.026137275386093166,0.051875405511201136,0.03565358297545994
671_T1_R1_vs_R2,natural_variability,6,Chest_to_LShoulder_rz,Chest_to_LShoulder,rz,0.0033038488685088667,0.010895369070169223,0.007591520201660356,0.051875405511201136,0.03565358297545994
671_T1_R1_vs_R2,natural_variability,6,Chest_to_Neck_rx,Chest_to_Neck,rx,0.03450540171292751,0.020602243764117043,-0.013903157948810464,0.051875405511201136,0.03565358297545994
671_T1_R1_vs_R2,natural_variability,6,Chest_to_Neck_ry,Chest_to_Neck,ry,0.05417626940778616,0.07184868521775299,0.017672415809966834,0.051875405511201136,0.03565358297545994
671_T1_R1_vs_R2,natural_variability,6,Chest_to_Neck_rz,Chest_to_Neck,rz,0.034435636857051394,0.0068850976622519405,-0.027550539194799453,0.051875405511201136,0.03565358297545994
671_T1_R1_vs_R2,natural_variability,6,Chest_to_RShoulder_rx,Chest_to_RShoulder,rx,0.08472060275900467,0.11586463054674534,0.03114402778774067,0.051875405511201136,0.03565358297545994
671_T1_R1_vs_R2,natural_variability,6,Chest_to_RShoulder_ry,Chest_to_RShoulder,ry,0.012376340549188892,0.01639757614853938,0.004021235599350487,0.051875405511201136,0.03565358297545994
671_T1_R1_vs_R2,natural_variability,6,Chest_to_RShoulder_rz,Chest_to_RShoulder,rz,0.11161291133476356,0.003918325899602773,-0.10769458543516079,0.051875405511201136,0.03565358297545994
671_T1_R1_vs_R2,natural_variability,6,LFArm_to_LHand_rx,LFArm_to_LHand,rx,0.09238971089714974,0.07742564950910953,-0.014964061388040212,0.051875405511201136,0.03565358297545994
671_T1_R1_vs_R2,natural_variability,6,LFArm_to_LHand_ry,LFArm_to_LHand,ry,0.06970375533064775,0.07657981744925689,0.006876062118609139,0.051875405511201136,0.03565358297545994
671_T1_R1_vs_R2,natural_variability,6,LFArm_to_LHand_rz,LFArm_to_LHand,rz,0.32265842984843696,0.30653211765865795,-0.016126312189779002,0.051875405511201136,0.03565358297545994
671_T1_R1_vs_R2,natural_variability,6,LShin_to_LFoot_rx,LShin_to_LFoot,rx,0.015002115431251168,0.04813820650237621,0.03313609107112504,0.051875405511201136,0.03565358297545994
671_T1_R1_vs_R2,natural_variability,6,LShin_to_LFoot_ry,LShin_to_LFoot,ry,0.02707449329053951,0.21352953480407494,0.18645504151353542,0.051875405511201136,0.03565358297545994
671_T1_R1_vs_R2,natural_variability,6,LShin_to_LFoot_rz,LShin_to_LFoot,rz,0.0364365767613855,0.001737292619670106,-0.03469928414171539,0.051875405511201136,0.03565358297545994
671_T1_R1_vs_R2,natural_variability,6,LShoulder_to_LUArm_rx,LShoulder_to_LUArm,rx,0.012392927810231689,0.08587003718069826,0.07347710937046657,0.051875405511201136,0.03565358297545994
671_T1_R1_vs_R2,natural_variability,6,LShoulder_to_LUArm_ry,LShoulder_to_LUArm,ry,0.3549869955501217,0.4540868960257962,0.09909990047567452,0.051875405511201136,0.03565358297545994
671_T1_R1_vs_R2,natural_variability,6,LShoulder_to_LUArm_rz,LShoulder_to_LUArm,rz,0.105352395573463,0.04496416567192607,-0.06038822990153693,0.051875405511201136,0.03565358297545994
671_T1_R1_vs_R2,natural_variability,6,LThigh_to_LShin_rx,LThigh_to_LShin,rx,0.13796712424571356,0.3543019931913693,0.21633486894565573,0.051875405511201136,0.03565358297545994
671_T1_R1_vs_R2,natural_variability,6,LThigh_to_LShin_ry,LThigh_to_LShin,ry,9.67664858489342e-10,8.540546331919879e-09,7.572881473430537e-09,0.051875405511201136,0.03565358297545994
671_T1_R1_vs_R2,natural_variability,6,LThigh_to_LShin_rz,LThigh_to_LShin,rz,3.386841525885855e-08,8.786705556768975e-09,-2.5081709702089572e-08,0.051875405511201136,0.03565358297545994
671_T1_R1_vs_R2,natural_variability,6,LUArm_to_LFArm_rx,LUArm_to_LFArm,rx,0.19966157921860417,0.11897683368879221,-0.08068474552981196,0.051875405511201136,0.03565358297545994
671_T1_R1_vs_R2,natural_variability,6,LUArm_to_LFArm_ry,LUArm_to_LFArm,ry,0.052696148841188735,0.12508233258222254,0.07238618374103381,0.051875405511201136,0.03565358297545994
671_T1_R1_vs_R2,natural_variability,6,LUArm_to_LFArm_rz,LUArm_to_LFArm,rz,0.1121317447637284,0.14217646265260234,0.03004471788887393,0.051875405511201136,0.03565358297545994
671_T1_R1_vs_R2,natural_variability,6,Neck_to_Head_rx,Neck_to_Head,rx,0.03450530111403686,0.02060226015092907,-0.01390304096310779,0.051875405511201136,0.03565358297545994
671_T1_R1_vs_R2,natural_variability,6,Neck_to_Head_ry,Neck_to_Head,ry,0.05417620877918485,0.07184868716522641,0.017672478386041558,0.051875405511201136,0.03565358297545994
671_T1_R1_vs_R2,natural_variability,6,Neck_to_Head_rz,Neck_to_Head,rz,0.0344355659854363,0.006885053022883639,-0.027550512962552665,0.051875405511201136,0.03565358297545994
671_T1_R1_vs_R2,natural_variability,6,RFArm_to_RHand_rx,RFArm_to_RHand,rx,0.08959061697498033,0.02016996851257319,-0.06942064846240714,0.051875405511201136,0.03565358297545994
671_T1_R1_vs_R2,natural_variability,6,RFArm_to_RHand_ry,RFArm_to_RHand,ry,0.21548412664715186,0.06875038367846607,-0.1467337429686858,0.051875405511201136,0.03565358297545994
671_T1_R1_vs_R2,natural_variability,6,RFArm_to_RHand_rz,RFArm_to_RHand,rz,0.010765504968525932,0.05718221711793281,0.046416712149406875,0.051875405511201136,0.03565358297545994
671_T1_R1_vs_R2,natural_variability,6,RShin_to_RFoot_rx,RShin_to_RFoot,rx,0.3047316156406527,0.047629838273071864,-0.25710177736758083,0.051875405511201136,0.03565358297545994
671_T1_R1_vs_R2,natural_variability,6,RShin_to_RFoot_ry,RShin_to_RFoot,ry,0.15065929747836665,0.08348175689066198,-0.06717754058770467,0.051875405511201136,0.03565358297545994
671_T1_R1_vs_R2,natural_variability,6,RShin_to_RFoot_rz,RShin_to_RFoot,rz,0.0029838600364486254,0.0586439857010815,0.055660125664632874,0.051875405511201136,0.03565358297545994
671_T1_R1_vs_R2,natural_variability,6,RShoulder_to_RUArm_rx,RShoulder_to_RUArm,rx,0.20331861815534008,0.2733109424166781,0.069992324261338,0.051875405511201136,0.03565358297545994
671_T1_R1_vs_R2,natural_variability,6,RShoulder_to_RUArm_ry,RShoulder_to_RUArm,ry,0.07649064887704263,0.02982866914606123,-0.04666197973098139,0.051875405511201136,0.03565358297545994
671_T1_R1_vs_R2,natural_variability,6,RShoulder_to_RUArm_rz,RShoulder_to_RUArm,rz,0.1665352763416703,0.09097625736875595,-0.07555901897291437,0.051875405511201136,0.03565358297545994
671_T1_R1_vs_R2,natural_variability,6,RThigh_to_RShin_rx,RThigh_to_RShin,rx,0.08251705540410299,0.3939111523455755,0.3113940969414725,0.051875405511201136,0.03565358297545994
671_T1_R1_vs_R2,natural_variability,6,RThigh_to_RShin_ry,RThigh_to_RShin,ry,3.359500132664869e-08,2.2464081709947407e-09,-3.134859315565395e-08,0.051875405511201136,0.03565358297545994
671_T1_R1_vs_R2,natural_variability,6,RThigh_to_RShin_rz,RThigh_to_RShin,rz,4.69567574893161e-09,3.612869945176141e-09,-1.0828058037554689e-09,0.051875405511201136,0.03565358297545994
671_T1_R1_vs_R2,natural_variability,6,RUArm_to_RFArm_rx,RUArm_to_RFArm,rx,0.42280936320336354,0.232599197234762,-0.19021016596860155,0.051875405511201136,0.03565358297545994
671_T1_R1_vs_R2,natural_variability,6,RUArm_to_RFArm_ry,RUArm_to_RFArm,ry,0.35178392873548175,0.3091803585180107,-0.042603570217471076,0.051875405511201136,0.03565358297545994
671_T1_R1_vs_R2,natural_variability,6,RUArm_to_RFArm_rz,RUArm_to_RFArm,rz,0.28496271884237956,0.12349439603231092,-0.16146832281006862,0.051875405511201136,0.03565358297545994
671_T1_R1_vs_R2,natural_variability,7,Chest_to_LShoulder_rx,Chest_to_LShoulder,rx,0.02699439180295875,0.01588814485920957,-0.01110624694374918,0.0382610790711643,0.026595767574968957
671_T1_R1_vs_R2,natural_variability,7,Chest_to_LShoulder_ry,Chest_to_LShoulder,ry,0.01527432076254355,0.03821143723887425,0.022937116476330698,0.0382610790711643,0.026595767574968957
671_T1_R1_vs_R2,natural_variability,7,Chest_to_LShoulder_rz,Chest_to_LShoulder,rz,0.0780680070916694,0.10089996351103266,0.022831956419363253,0.0382610790711643,0.026595767574968957
671_T1_R1_vs_R2,natural_variability,7,Chest_to_Neck_rx,Chest_to_Neck,rx,0.20085082779733718,0.26205282402270197,0.06120199622536479,0.0382610790711643,0.026595767574968957
671_T1_R1_vs_R2,natural_variability,7,Chest_to_Neck_ry,Chest_to_Neck,ry,0.020162760760474387,0.056379684152973106,0.03621692339249872,0.0382610790711643,0.026595767574968957
671_T1_R1_vs_R2,natural_variability,7,Chest_to_Neck_rz,Chest_to_Neck,rz,0.061526294492878254,0.05900564987114198,-0.002520644621736276,0.0382610790711643,0.026595767574968957
671_T1_R1_vs_R2,natural_variability,7,Chest_to_RShoulder_rx,Chest_to_RShoulder,rx,0.0717221144758497,0.07532283369762995,0.003600719221780249,0.0382610790711643,0.026595767574968957
671_T1_R1_vs_R2,natural_variability,7,Chest_to_RShoulder_ry,Chest_to_RShoulder,ry,0.03019487292047333,0.021698848974290075,-0.008496023946183255,0.0382610790711643,0.026595767574968957
671_T1_R1_vs_R2,natural_variability,7,Chest_to_RShoulder_rz,Chest_to_RShoulder,rz,0.017480419853417813,0.022646421497798545,0.005166001644380733,0.0382610790711643,0.026595767574968957
671_T1_R1_vs_R2,natural_variability,7,LFArm_to_LHand_rx,LFArm_to_LHand,rx,0.154143846240109,0.15289016908951714,-0.0012536771505918531,0.0382610790711643,0.026595767574968957
671_T1_R1_vs_R2,natural_variability,7,LFArm_to_LHand_ry,LFArm_to_LHand,ry,0.22084718397662725,0.16180726799195005,-0.0590399159846772,0.0382610790711643,0.026595767574968957
671_T1_R1_vs_R2,natural_variability,7,LFArm_to_LHand_rz,LFArm_to_LHand,rz,0.05589296689840032,0.15843275951492003,0.10253979261651971,0.0382610790711643,0.026595767574968957
671_T1_R1_vs_R2,natural_variability,7,LShin_to_LFoot_rx,LShin_to_LFoot,rx,0.2824476196398575,0.32432901555044413,0.04188139591058665,0.0382610790711643,0.026595767574968957
671_T1_R1_vs_R2,natural_variability,7,LShin_to_LFoot_ry,LShin_to_LFoot,ry,0.09933565368024669,0.00810828374364339,-0.0912273699366033,0.0382610790711643,0.026595767574968957
671_T1_R1_vs_R2,natural_variability,7,LShin_to_LFoot_rz,LShin_to_LFoot,rz,0.019729243687677662,0.010587914197101964,-0.009141329490575698,0.0382610790711643,0.026595767574968957
671_T1_R1_vs_R2,natural_variability,7,LShoulder_to_LUArm_rx,LShoulder_to_LUArm,rx,0.16587161339667492,0.0752573075067121,-0.09061430588996282,0.0382610790711643,0.026595767574968957
671_T1_R1_vs_R2,natural_variability,7,LShoulder_to_LUArm_ry,LShoulder_to_LUArm,ry,0.14292369053604498,0.2760589118515601,0.13313522131551514,0.0382610790711643,0.026595767574968957
671_T1_R1_vs_R2,natural_variability,7,LShoulder_to_LUArm_rz,LShoulder_to_LUArm,rz,0.05348575495903941,0.11037360457272115,0.05688784961368174,0.0382610790711643,0.026595767574968957
671_T1_R1_vs_R2,natural_variability,7,LThigh_to_LShin_rx,LThigh_to_LShin,rx,0.46379954045280586,0.424595071384015,-0.03920446906879088,0.0382610790711643,0.026595767574968957
671_T1_R1_vs_R2,natural_variability,7,LThigh_to_LShin_ry,LThigh_to_LShin,ry,1.1302205899854584e-08,6.7781997188685054e-09,-4.524006180986078e-09,0.0382610790711643,0.026595767574968957
671_T1_R1_vs_R2,natural_variability,7,LThigh_to_LShin_rz,LThigh_to_LShin,rz,7.76321873413105e-08,8.464908872571015e-08,7.016901384399646e-09,0.0382610790711643,0.026595767574968957
671_T1_R1_vs_R2,natural_variability,7,LUArm_to_LFArm_rx,LUArm_to_LFArm,rx,0.2517186054267274,0.1273677063145452,-0.12435089911218222,0.0382610790711643,0.026595767574968957
671_T1_R1_vs_R2,natural_variability,7,LUArm_to_LFArm_ry,LUArm_to_LFArm,ry,0.09186566990478058,0.15695765344103377,0.06509198353625319,0.0382610790711643,0.026595767574968957
671_T1_R1_vs_R2,natural_variability,7,LUArm_to_LFArm_rz,LUArm_to_LFArm,rz,0.20548080718436848,0.13081600064352183,-0.07466480654084665,0.0382610790711643,0.026595767574968957
671_T1_R1_vs_R2,natural_variability,7,Neck_to_Head_rx,Neck_to_Head,rx,0.20085082664498455,0.26205280544842546,0.061201978803440915,0.0382610790711643,0.026595767574968957
671_T1_R1_vs_R2,natural_variability,7,Neck_to_Head_ry,Neck_to_Head,ry,0.020162774051444256,0.05637970171001663,0.03621692765857237,0.0382610790711643,0.026595767574968957
671_T1_R1_vs_R2,natural_variability,7,Neck_to_Head_rz,Neck_to_Head,rz,0.061526362569856344,0.059005709793720044,-0.0025206527761362993,0.0382610790711643,0.026595767574968957
671_T1_R1_vs_R2,natural_variability,7,RFArm_to_RHand_rx,RFArm_to_RHand,rx,0.020995589667792927,0.02825198964342772,0.007256399975634792,0.0382610790711643,0.026595767574968957
671_T1_R1_vs_R2,natural_variability,7,RFArm_to_RHand_ry,RFArm_to_RHand,ry,0.08324358438636177,0.12636057345638807,0.0431169890700263,0.0382610790711643,0.026595767574968957
671_T1_R1_vs_R2,natural_variability,7,RFArm_to_RHand_rz,RFArm_to_RHand,rz,0.06482877311194961,0.012011123743927911,-0.0528176493680217,0.0382610790711643,0.026595767574968957
671_T1_R1_vs_R2,natural_variability,7,RShin_to_RFoot_rx,RShin_to_RFoot,rx,0.37178452755158203,0.34632110549146483,-0.025463422060117202,0.0382610790711643,0.026595767574968957
671_T1_R1_vs_R2,natural_variability,7,RShin_to_RFoot_ry,RShin_to_RFoot,ry,0.045129183377661475,0.041981535734705075,-0.0031476476429564,0.0382610790711643,0.026595767574968957
671_T1_R1_vs_R2,natural_variability,7,RShin_to_RFoot_rz,RShin_to_RFoot,rz,0.02876358792189619,0.013379388512800142,-0.01538419940909605,0.0382610790711643,0.026595767574968957
671_T1_R1_vs_R2,natural_variability,7,RShoulder_to_RUArm_rx,RShoulder_to_RUArm,rx,0.17752121566965592,0.20464705932680913,0.027125843657153204,0.0382610790711643,0.026595767574968957
671_T1_R1_vs_R2,natural_variability,7,RShoulder_to_RUArm_ry,RShoulder_to_RUArm,ry,0.07027849164026438,0.06581171202415843,-0.004466779616105948,0.0382610790711643,0.026595767574968957
671_T1_R1_vs_R2,natural_variability,7,RShoulder_to_RUArm_rz,RShoulder_to_RUArm,rz,0.06280647262727045,0.01579962773741235,-0.047006844889858096,0.0382610790711643,0.026595767574968957
671_T1_R1_vs_R2,natural_variability,7,RThigh_to_RShin_rx,RThigh_to_RShin,rx,0.23071595553450988,0.03567330530454038,-0.1950426502299695,0.0382610790711643,0.026595767574968957
671_T1_R1_vs_R2,natural_variability,7,RThigh_to_RShin_ry,RThigh_to_RShin,ry,8.267810672669517e-08,7.932717457220611e-08,-3.3509321544890616e-09,0.0382610790711643,0.026595767574968957
671_T1_R1_vs_R2,natural_variability,7,RThigh_to_RShin_rz,RThigh_to_RShin,rz,4.7681871364818584e-08,4.898909934087023e-08,1.3072279760516452e-09,0.0382610790711643,0.026595767574968957
671_T1_R1_vs_R2,natural_variability,7,RUArm_to_RFArm_rx,RUArm_to_RFArm,rx,0.21144251318971277,0.2774773748211838,0.06603486163147101,0.0382610790711643,0.026595767574968957
671_T1_R1_vs_R2,natural_variability,7,RUArm_to_RFArm_ry,RUArm_to_RFArm,ry,0.2002514748049799,0.07802454596780335,-0.12222692883717655,0.0382610790711643,0.026595767574968957
671_T1_R1_vs_R2,natural_variability,7,RUArm_to_RFArm_rz,RUArm_to_RFArm,rz,0.1441963491442559,0.22101854421409106,0.07682219506983518,0.0382610790711643,0.026595767574968957
