comparison_id,kind,pc,feature,link_id,axis,loading_A_abs,loading_B_reprojected_abs,jcvpca_axis,explained_variance_A,explained_variance_B_projected
252_T1_vs_T2,longitudinal,1,252_to_LThigh_rx,252_to_LThigh,rx,0.3765146169682102,0.20230160423729263,-0.17421301273091758,0.20147671677190196,0.2695554867843339
252_T1_vs_T2,longitudinal,1,252_to_LThigh_ry,252_to_LThigh,ry,0.09144162733757877,0.01983799876968005,-0.07160362856789872,0.20147671677190196,0.2695554867843339
252_T1_vs_T2,longitudinal,1,252_to_LThigh_rz,252_to_LThigh,rz,0.08995448463801485,0.01659673548863397,-0.07335774914938088,0.20147671677190196,0.2695554867843339
252_T1_vs_T2,longitudinal,1,252_to_RThigh_rx,252_to_RThigh,rx,0.16356543762012313,0.4673067768952819,0.3037413392751588,0.20147671677190196,0.2695554867843339
252_T1_vs_T2,longitudinal,1,252_to_RThigh_ry,252_to_RThigh,ry,0.013893931656446513,0.08635114157425679,0.07245720991781027,0.20147671677190196,0.2695554867843339
252_T1_vs_T2,longitudinal,1,252_to_RThigh_rz,252_to_RThigh,rz,0.04643345288019187,0.0303393913053139,-0.01609406157487797,0.20147671677190196,0.2695554867843339
252_T1_vs_T2,longitudinal,1,Chest_to_LShoulder_rx,Chest_to_LShoulder,rx,0.017895397727600907,0.030592998186560076,0.01269760045895917,0.20147671677190196,0.2695554867843339
252_T1_vs_T2,longitudinal,1,Chest_to_LShoulder_ry,Chest_to_LShoulder,ry,0.027303426398258723,0.0560537780072963,0.028750351609037578,0.20147671677190196,0.2695554867843339
252_T1_vs_T2,longitudinal,1,Chest_to_LShoulder_rz,Chest_to_LShoulder,rz,0.003206334546524694,0.02174430224948472,0.018537967702960026,0.20147671677190196,0.2695554867843339
252_T1_vs_T2,longitudinal,1,Chest_to_Neck_rx,Chest_to_Neck,rx,0.08098103663885446,0.007281696027713331,-0.07369934061114113,0.20147671677190196,0.2695554867843339
252_T1_vs_T2,longitudinal,1,Chest_to_Neck_ry,Chest_to_Neck,ry,0.009433586881052532,0.03913164011165966,0.029698053230607133,0.20147671677190196,0.2695554867843339
252_T1_vs_T2,longitudinal,1,Chest_to_Neck_rz,Chest_to_Neck,rz,0.01492113853064299,0.011840806578299175,-0.0030803319523438153,0.20147671677190196,0.2695554867843339
252_T1_vs_T2,longitudinal,1,Chest_to_RShoulder_rx,Chest_to_RShoulder,rx,0.010228027519770496,0.011891809682880642,0.001663782163110146,0.20147671677190196,0.2695554867843339
252_T1_vs_T2,longitudinal,1,Chest_to_RShoulder_ry,Chest_to_RShoulder,ry,0.018940719782880013,0.03756314514490388,0.018622425362023867,0.20147671677190196,0.2695554867843339
252_T1_vs_T2,longitudinal,1,Chest_to_RShoulder_rz,Chest_to_RShoulder,rz,0.01384267847667258,0.03381750610425191,0.01997482762757933,0.20147671677190196,0.2695554867843339
252_T1_vs_T2,longitudinal,1,LFArm_to_LHand_rx,LFArm_to_LHand,rx,0.004960300801954883,0.008085303602234875,0.0031250028002799924,0.20147671677190196,0.2695554867843339
252_T1_vs_T2,longitudinal,1,LFArm_to_LHand_ry,LFArm_to_LHand,ry,0.01681509858494037,0.034931617448626606,0.018116518863686235,0.20147671677190196,0.2695554867843339
252_T1_vs_T2,longitudinal,1,LFArm_to_LHand_rz,LFArm_to_LHand,rz,0.03961413571606307,0.06251107151249716,0.022896935796434086,0.20147671677190196,0.2695554867843339
252_T1_vs_T2,longitudinal,1,LShin_to_LFoot_rx,LShin_to_LFoot,rx,0.13768764953345997,0.17829070626269963,0.04060305672923967,0.20147671677190196,0.2695554867843339
252_T1_vs_T2,longitudinal,1,LShin_to_LFoot_ry,LShin_to_LFoot,ry,0.10652327661289743,0.042400627962654924,-0.0641226486502425,0.20147671677190196,0.2695554867843339
252_T1_vs_T2,longitudinal,1,LShin_to_LFoot_rz,LShin_to_LFoot,rz,0.02638402601636357,0.06003777618663472,0.033653750170271154,0.20147671677190196,0.2695554867843339
252_T1_vs_T2,longitudinal,1,LShoulder_to_LUArm_rx,LShoulder_to_LUArm,rx,0.01464366159516382,0.1163701338638757,0.10172647226871187,0.20147671677190196,0.2695554867843339
252_T1_vs_T2,longitudinal,1,LShoulder_to_LUArm_ry,LShoulder_to_LUArm,ry,0.12430060931371133,0.21242435297060347,0.08812374365689214,0.20147671677190196,0.2695554867843339
252_T1_vs_T2,longitudinal,1,LShoulder_to_LUArm_rz,LShoulder_to_LUArm,rz,0.031573269525519206,0.06750088182895518,0.035927612303435975,0.20147671677190196,0.2695554867843339
252_T1_vs_T2,longitudinal,1,LThigh_to_LShin_rx,LThigh_to_LShin,rx,0.764017899076308,0.21959626495822693,-0.5444216341180811,0.20147671677190196,0.2695554867843339
252_T1_vs_T2,longitudinal,1,LThigh_to_LShin_ry,LThigh_to_LShin,ry,2.392865075905822e-09,9.873429779241515e-09,7.480564703335693e-09,0.20147671677190196,0.2695554867843339
252_T1_vs_T2,longitudinal,1,LThigh_to_LShin_rz,LThigh_to_LShin,rz,2.6039412303452844e-08,1.018707305477631e-08,-1.5852339248676533e-08,0.20147671677190196,0.2695554867843339
252_T1_vs_T2,longitudinal,1,LUArm_to_LFArm_rx,LUArm_to_LFArm,rx,0.005829059390407236,0.07774668439270477,0.07191762500229754,0.20147671677190196,0.2695554867843339
252_T1_vs_T2,longitudinal,1,LUArm_to_LFArm_ry,LUArm_to_LFArm,ry,0.20274579115948724,0.27655695742765324,0.073811166268166,0.20147671677190196,0.2695554867843339
252_T1_vs_T2,longitudinal,1,LUArm_to_LFArm_rz,LUArm_to_LFArm,rz,0.008671217319121075,0.03034184375590075,0.021670626436779673,0.20147671677190196,0.2695554867843339
252_T1_vs_T2,longitudinal,1,Neck_to_Head_rx,Neck_to_Head,rx,0.08090811609502672,0.007233454685913243,-0.07367466140911348,0.20147671677190196,0.2695554867843339
252_T1_vs_T2,longitudinal,1,Neck_to_Head_ry,Neck_to_Head,ry,0.012216463851291635,0.04059412875441092,0.028377664903119288,0.20147671677190196,0.2695554867843339
252_T1_vs_T2,longitudinal,1,Neck_to_Head_rz,Neck_to_Head,rz,0.012846522555325488,0.0040912413198495885,-0.0087552812354759,0.20147671677190196,0.2695554867843339
252_T1_vs_T2,longitudinal,1,RFArm_to_RHand_rx,RFArm_to_RHand,rx,0.0030888104097663263,0.0004473822817798617,-0.0026414281279864647,0.20147671677190196,0.2695554867843339
252_T1_vs_T2,longitudinal,1,RFArm_to_RHand_ry,RFArm_to_RHand,ry,0.033844435441167824,0.006845744687506657,-0.026998690753661167,0.20147671677190196,0.2695554867843339
252_T1_vs_T2,longitudinal,1,RFArm_to_RHand_rz,RFArm_to_RHand,rz,0.0006096233637367149,0.0062516595491006475,0.005642036185363932,0.20147671677190196,0.2695554867843339
252_T1_vs_T2,longitudinal,1,RShin_to_RFoot_rx,RShin_to_RFoot,rx,0.1257013038220344,0.10704101742553902,-0.018660286396495376,0.20147671677190196,0.2695554867843339
252_T1_vs_T2,longitudinal,1,RShin_to_RFoot_ry,RShin_to_RFoot,ry,0.009444873225949096,0.07777400446055685,0.06832913123460775,0.20147671677190196,0.2695554867843339
252_T1_vs_T2,longitudinal,1,RShin_to_RFoot_rz,RShin_to_RFoot,rz,0.12315287871571622,0.11912954824400168,-0.004023330471714534,0.20147671677190196,0.2695554867843339
252_T1_vs_T2,longitudinal,1,RShoulder_to_RUArm_rx,RShoulder_to_RUArm,rx,0.160726842419292,0.10635597351043549,-0.05437086890885651,0.20147671677190196,0.2695554867843339
252_T1_vs_T2,longitudinal,1,RShoulder_to_RUArm_ry,RShoulder_to_RUArm,ry,0.003484535454819724,0.10055224563130317,0.09706771017648345,0.20147671677190196,0.2695554867843339
252_T1_vs_T2,longitudinal,1,RShoulder_to_RUArm_rz,RShoulder_to_RUArm,rz,0.011739352478768202,0.033924773374296516,0.022185420895528316,0.20147671677190196,0.2695554867843339
252_T1_vs_T2,longitudinal,1,RThigh_to_RShin_rx,RThigh_to_RShin,rx,0.010944008739856825,0.6250275151931204,0.6140835064532636,0.20147671677190196,0.2695554867843339
252_T1_vs_T2,longitudinal,1,RThigh_to_RShin_ry,RThigh_to_RShin,ry,1.207262593568545e-08,1.0768588520864585e-08,-1.3040374148208647e-09,0.20147671677190196,0.2695554867843339
252_T1_vs_T2,longitudinal,1,RThigh_to_RShin_rz,RThigh_to_RShin,rz,1.4066409378748407e-09,2.4001591642315806e-10,-1.1666250214516826e-09,0.20147671677190196,0.2695554867843339
252_T1_vs_T2,longitudinal,1,RUArm_to_RFArm_rx,RUArm_to_RFArm,rx,0.12749420658337465,0.19281356581343786,0.06531935923006321,0.20147671677190196,0.2695554867843339
252_T1_vs_T2,longitudinal,1,RUArm_to_RFArm_ry,RUArm_to_RFArm,ry,0.1938842663443439,0.038204339373195347,-0.15567992697114855,0.20147671677190196,0.2695554867843339
252_T1_vs_T2,longitudinal,1,RUArm_to_RFArm_rz,RUArm_to_RFArm,rz,0.10286277268866133,0.005767169114957553,-0.09709560357370378,0.20147671677190196,0.2695554867843339
252_T1_vs_T2,longitudinal,2,252_to_LThigh_rx,252_to_LThigh,rx,0.2117366216543446,0.05003421112340455,-0.16170241053094003,0.14404605710929433,0.21053167805149192
252_T1_vs_T2,longitudinal,2,252_to_LThigh_ry,252_to_LThigh,ry,0.024364787064616387,0.01849720081575549,-0.005867586248860898,0.14404605710929433,0.21053167805149192
252_T1_vs_T2,longitudinal,2,252_to_LThigh_rz,252_to_LThigh,rz,0.025873803930614364,0.015340006816122635,-0.01053379711449173,0.14404605710929433,0.21053167805149192
252_T1_vs_T2,longitudinal,2,252_to_RThigh_rx,252_to_RThigh,rx,0.07848676031912552,0.17915671491296786,0.10066995459384234,0.14404605710929433,0.21053167805149192
252_T1_vs_T2,longitudinal,2,252_to_RThigh_ry,252_to_RThigh,ry,0.04307200287678969,0.046976763409371826,0.0039047605325821383,0.14404605710929433,0.21053167805149192
252_T1_vs_T2,longitudinal,2,252_to_RThigh_rz,252_to_RThigh,rz,0.02396215587964953,0.05255475584314644,0.028592599963496914,0.14404605710929433,0.21053167805149192
252_T1_vs_T2,longitudinal,2,Chest_to_LShoulder_rx,Chest_to_LShoulder,rx,0.029713381093416317,0.04228324240695016,0.012569861313533843,0.14404605710929433,0.21053167805149192
252_T1_vs_T2,longitudinal,2,Chest_to_LShoulder_ry,Chest_to_LShoulder,ry,0.0015528882414541977,0.008949337548284845,0.007396449306830647,0.14404605710929433,0.21053167805149192
252_T1_vs_T2,longitudinal,2,Chest_to_LShoulder_rz,Chest_to_LShoulder,rz,0.06084470388093828,0.07733075064075577,0.01648604675981749,0.14404605710929433,0.21053167805149192
252_T1_vs_T2,longitudinal,2,Chest_to_Neck_rx,Chest_to_Neck,rx,0.04929722607237052,0.014299129739720322,-0.0349980963326502,0.14404605710929433,0.21053167805149192
252_T1_vs_T2,longitudinal,2,Chest_to_Neck_ry,Chest_to_Neck,ry,0.048908347500486477,0.008002150767029157,-0.04090619673345732,0.14404605710929433,0.21053167805149192
252_T1_vs_T2,longitudinal,2,Chest_to_Neck_rz,Chest_to_Neck,rz,0.012662203476241776,0.01850860943555006,0.0058464059593082846,0.14404605710929433,0.21053167805149192
252_T1_vs_T2,longitudinal,2,Chest_to_RShoulder_rx,Chest_to_RShoulder,rx,0.004031579626205994,0.023083045748650336,0.019051466122444342,0.14404605710929433,0.21053167805149192
252_T1_vs_T2,longitudinal,2,Chest_to_RShoulder_ry,Chest_to_RShoulder,ry,0.002172196746525698,0.0023120923086885565,0.0001398955621628585,0.14404605710929433,0.21053167805149192
252_T1_vs_T2,longitudinal,2,Chest_to_RShoulder_rz,Chest_to_RShoulder,rz,0.1281068193445115,0.14447122807209697,0.01636440872758546,0.14404605710929433,0.21053167805149192
252_T1_vs_T2,longitudinal,2,LFArm_to_LHand_rx,LFArm_to_LHand,rx,0.005103655128104489,0.00014361673630140228,-0.0049600383918030864,0.14404605710929433,0.21053167805149192
252_T1_vs_T2,longitudinal,2,LFArm_to_LHand_ry,LFArm_to_LHand,ry,0.03727953253273347,0.008836662773216224,-0.02844286975951725,0.14404605710929433,0.21053167805149192
252_T1_vs_T2,longitudinal,2,LFArm_to_LHand_rz,LFArm_to_LHand,rz,0.022194919572727356,0.02045956775513856,-0.0017353518175887948,0.14404605710929433,0.21053167805149192
252_T1_vs_T2,longitudinal,2,LShin_to_LFoot_rx,LShin_to_LFoot,rx,0.03318861916396687,0.020050684559610395,-0.013137934604356475,0.14404605710929433,0.21053167805149192
252_T1_vs_T2,longitudinal,2,LShin_to_LFoot_ry,LShin_to_LFoot,ry,0.004800035401323453,0.03346221598604539,0.028662180584721933,0.14404605710929433,0.21053167805149192
252_T1_vs_T2,longitudinal,2,LShin_to_LFoot_rz,LShin_to_LFoot,rz,0.014079978603388572,0.02644407109311186,0.01236409248972329,0.14404605710929433,0.21053167805149192
252_T1_vs_T2,longitudinal,2,LShoulder_to_LUArm_rx,LShoulder_to_LUArm,rx,0.03456957268695551,0.04990309955991899,0.01533352687296348,0.14404605710929433,0.21053167805149192
252_T1_vs_T2,longitudinal,2,LShoulder_to_LUArm_ry,LShoulder_to_LUArm,ry,0.018135819221066402,0.11977653332505134,0.10164071410398494,0.14404605710929433,0.21053167805149192
252_T1_vs_T2,longitudinal,2,LShoulder_to_LUArm_rz,LShoulder_to_LUArm,rz,0.05776218160493225,0.09476053598951627,0.036998354384584015,0.14404605710929433,0.21053167805149192
252_T1_vs_T2,longitudinal,2,LThigh_to_LShin_rx,LThigh_to_LShin,rx,0.1288636376978242,0.09521777654195887,-0.03364586115586532,0.14404605710929433,0.21053167805149192
252_T1_vs_T2,longitudinal,2,LThigh_to_LShin_ry,LThigh_to_LShin,ry,7.092042629511375e-09,1.970347960526371e-08,1.2611436975752335e-08,0.14404605710929433,0.21053167805149192
252_T1_vs_T2,longitudinal,2,LThigh_to_LShin_rz,LThigh_to_LShin,rz,5.4242642945635e-09,1.4206079537099627e-08,8.781815242536126e-09,0.14404605710929433,0.21053167805149192
252_T1_vs_T2,longitudinal,2,LUArm_to_LFArm_rx,LUArm_to_LFArm,rx,0.20678221345646797,0.24756702514075998,0.040784811684292016,0.14404605710929433,0.21053167805149192
252_T1_vs_T2,longitudinal,2,LUArm_to_LFArm_ry,LUArm_to_LFArm,ry,0.1808077274395257,0.41064323985596646,0.22983551241644076,0.14404605710929433,0.21053167805149192
252_T1_vs_T2,longitudinal,2,LUArm_to_LFArm_rz,LUArm_to_LFArm,rz,0.03662405204027868,0.000996592237716657,-0.035627459802562024,0.14404605710929433,0.21053167805149192
252_T1_vs_T2,longitudinal,2,Neck_to_Head_rx,Neck_to_Head,rx,0.04910359925013942,0.014410982046895292,-0.034692617203244125,0.14404605710929433,0.21053167805149192
252_T1_vs_T2,longitudinal,2,Neck_to_Head_ry,Neck_to_Head,ry,0.045742360353801255,0.004314784984775759,-0.0414275753690255,0.14404605710929433,0.21053167805149192
252_T1_vs_T2,longitudinal,2,Neck_to_Head_rz,Neck_to_Head,rz,0.02168287416198996,0.019735955370784423,-0.0019469187912055375,0.14404605710929433,0.21053167805149192
252_T1_vs_T2,longitudinal,2,RFArm_to_RHand_rx,RFArm_to_RHand,rx,0.0033548869783691353,0.001502710196203865,-0.0018521767821652704,0.14404605710929433,0.21053167805149192
252_T1_vs_T2,longitudinal,2,RFArm_to_RHand_ry,RFArm_to_RHand,ry,0.06425856398420791,0.03407493337540427,-0.030183630608803642,0.14404605710929433,0.21053167805149192
252_T1_vs_T2,longitudinal,2,RFArm_to_RHand_rz,RFArm_to_RHand,rz,0.017967739995501004,0.014259979303020363,-0.0037077606924806415,0.14404605710929433,0.21053167805149192
252_T1_vs_T2,longitudinal,2,RShin_to_RFoot_rx,RShin_to_RFoot,rx,0.05764110239575118,0.05322736876111365,-0.004413733634637533,0.14404605710929433,0.21053167805149192
252_T1_vs_T2,longitudinal,2,RShin_to_RFoot_ry,RShin_to_RFoot,ry,0.0029422362349526793,0.02442060724531159,0.02147837101035891,0.14404605710929433,0.21053167805149192
252_T1_vs_T2,longitudinal,2,RShin_to_RFoot_rz,RShin_to_RFoot,rz,0.01747924834343095,0.006438533010175538,-0.011040715333255412,0.14404605710929433,0.21053167805149192
252_T1_vs_T2,longitudinal,2,RShoulder_to_RUArm_rx,RShoulder_to_RUArm,rx,0.23678121792839743,0.03919091524670588,-0.19759030268169156,0.14404605710929433,0.21053167805149192
252_T1_vs_T2,longitudinal,2,RShoulder_to_RUArm_ry,RShoulder_to_RUArm,ry,0.3065031497012477,0.34795348179293545,0.04145033209168775,0.14404605710929433,0.21053167805149192
252_T1_vs_T2,longitudinal,2,RShoulder_to_RUArm_rz,RShoulder_to_RUArm,rz,0.17692602547889305,0.22964046554468306,0.052714440065790014,0.14404605710929433,0.21053167805149192
252_T1_vs_T2,longitudinal,2,RThigh_to_RShin_rx,RThigh_to_RShin,rx,0.24355619832860267,0.3182728681540002,0.07471666982539751,0.14404605710929433,0.21053167805149192
252_T1_vs_T2,longitudinal,2,RThigh_to_RShin_ry,RThigh_to_RShin,ry,4.166638241406752e-10,1.1428083441914004e-08,1.1011419617773329e-08,0.14404605710929433,0.21053167805149192
252_T1_vs_T2,longitudinal,2,RThigh_to_RShin_rz,RThigh_to_RShin,rz,3.60397607119061e-08,2.4011223420004533e-08,-1.2028537291901565e-08,0.14404605710929433,0.21053167805149192
252_T1_vs_T2,longitudinal,2,RUArm_to_RFArm_rx,RUArm_to_RFArm,rx,0.3949266636578914,0.36656382230048684,-0.028362841357404578,0.14404605710929433,0.21053167805149192
252_T1_vs_T2,longitudinal,2,RUArm_to_RFArm_ry,RUArm_to_RFArm,ry,0.581722556913411,0.4484552876287443,-0.1332672692846667,0.14404605710929433,0.21053167805149192
252_T1_vs_T2,longitudinal,2,RUArm_to_RFArm_rz,RUArm_to_RFArm,rz,0.2641018566322548,0.21187413448055858,-0.05222772215169619,0.14404605710929433,0.21053167805149192
252_T1_vs_T2,longitudinal,3,252_to_LThigh_rx,252_to_LThigh,rx,0.058668746227141244,0.1761565519919802,0.11748780576483894,0.10587550114195628,0.13946632196273137
252_T1_vs_T2,longitudinal,3,252_to_LThigh_ry,252_to_LThigh,ry,0.008140676273501025,0.09539862716691411,0.08725795089341308,0.10587550114195628,0.13946632196273137
252_T1_vs_T2,longitudinal,3,252_to_LThigh_rz,252_to_LThigh,rz,0.000446974625228933,0.0838830049515755,0.08343603032634657,0.10587550114195628,0.13946632196273137
252_T1_vs_T2,longitudinal,3,252_to_RThigh_rx,252_to_RThigh,rx,0.08752691267173009,0.13117563530192666,0.043648722630196576,0.10587550114195628,0.13946632196273137
252_T1_vs_T2,longitudinal,3,252_to_RThigh_ry,252_to_RThigh,ry,0.04123832878869923,0.003058985452707831,-0.0381793433359914,0.10587550114195628,0.13946632196273137
252_T1_vs_T2,longitudinal,3,252_to_RThigh_rz,252_to_RThigh,rz,0.0111302502290899,0.008487774779194733,-0.0026424754498951663,0.10587550114195628,0.13946632196273137
252_T1_vs_T2,longitudinal,3,Chest_to_LShoulder_rx,Chest_to_LShoulder,rx,0.016191971080069322,0.016315258436121877,0.0001232873560525552,0.10587550114195628,0.13946632196273137
252_T1_vs_T2,longitudinal,3,Chest_to_LShoulder_ry,Chest_to_LShoulder,ry,0.00800600337999783,0.02604213431774484,0.01803613093774701,0.10587550114195628,0.13946632196273137
252_T1_vs_T2,longitudinal,3,Chest_to_LShoulder_rz,Chest_to_LShoulder,rz,0.02730175821330335,0.02335071064993996,-0.00395104756336339,0.10587550114195628,0.13946632196273137
252_T1_vs_T2,longitudinal,3,Chest_to_Neck_rx,Chest_to_Neck,rx,0.03425963434831058,0.0811272461213133,0.04686761177300273,0.10587550114195628,0.13946632196273137
252_T1_vs_T2,longitudinal,3,Chest_to_Neck_ry,Chest_to_Neck,ry,0.016091706294553254,0.0012646475680707365,-0.014827058726482517,0.10587550114195628,0.13946632196273137
252_T1_vs_T2,longitudinal,3,Chest_to_Neck_rz,Chest_to_Neck,rz,0.012528033903812973,0.008273303604784421,-0.004254730299028552,0.10587550114195628,0.13946632196273137
252_T1_vs_T2,longitudinal,3,Chest_to_RShoulder_rx,Chest_to_RShoulder,rx,0.08064882197895212,0.08041478203358719,-0.00023403994536493056,0.10587550114195628,0.13946632196273137
252_T1_vs_T2,longitudinal,3,Chest_to_RShoulder_ry,Chest_to_RShoulder,ry,0.006156555650859344,0.022327557132274092,0.01617100148141475,0.10587550114195628,0.13946632196273137
252_T1_vs_T2,longitudinal,3,Chest_to_RShoulder_rz,Chest_to_RShoulder,rz,0.08230666234185502,0.010327406324583918,-0.0719792560172711,0.10587550114195628,0.13946632196273137
252_T1_vs_T2,longitudinal,3,LFArm_to_LHand_rx,LFArm_to_LHand,rx,0.009608764645581856,0.0024754953997975226,-0.007133269245784333,0.10587550114195628,0.13946632196273137
252_T1_vs_T2,longitudinal,3,LFArm_to_LHand_ry,LFArm_to_LHand,ry,0.04591725522144815,0.009639427646273884,-0.03627782757517427,0.10587550114195628,0.13946632196273137
252_T1_vs_T2,longitudinal,3,LFArm_to_LHand_rz,LFArm_to_LHand,rz,0.07684740921985246,0.01928246157942778,-0.05756494764042468,0.10587550114195628,0.13946632196273137
252_T1_vs_T2,longitudinal,3,LShin_to_LFoot_rx,LShin_to_LFoot,rx,0.05115001731699653,0.1163281647326474,0.06517814741565087,0.10587550114195628,0.13946632196273137
252_T1_vs_T2,longitudinal,3,LShin_to_LFoot_ry,LShin_to_LFoot,ry,0.01409000288323337,0.07437140433413487,0.06028140145090151,0.10587550114195628,0.13946632196273137
252_T1_vs_T2,longitudinal,3,LShin_to_LFoot_rz,LShin_to_LFoot,rz,0.016943551106764453,0.041748226761209165,0.024804675654444712,0.10587550114195628,0.13946632196273137
252_T1_vs_T2,longitudinal,3,LShoulder_to_LUArm_rx,LShoulder_to_LUArm,rx,0.052018171647146394,0.013435014812094467,-0.038583156835051924,0.10587550114195628,0.13946632196273137
252_T1_vs_T2,longitudinal,3,LShoulder_to_LUArm_ry,LShoulder_to_LUArm,ry,0.27712558063142273,0.07476926487591948,-0.20235631575550325,0.10587550114195628,0.13946632196273137
252_T1_vs_T2,longitudinal,3,LShoulder_to_LUArm_rz,LShoulder_to_LUArm,rz,0.025194001691173397,0.024987287138214524,-0.00020671455295887334,0.10587550114195628,0.13946632196273137
252_T1_vs_T2,longitudinal,3,LThigh_to_LShin_rx,LThigh_to_LShin,rx,0.20785522580748017,0.5147005314604263,0.3068453056529461,0.10587550114195628,0.13946632196273137
252_T1_vs_T2,longitudinal,3,LThigh_to_LShin_ry,LThigh_to_LShin,ry,4.404409135544334e-08,3.074418065884963e-08,-1.3299910696593713e-08,0.10587550114195628,0.13946632196273137
252_T1_vs_T2,longitudinal,3,LThigh_to_LShin_rz,LThigh_to_LShin,rz,7.874461302505667e-09,1.1785823342874136e-08,3.911362040368469e-09,0.10587550114195628,0.13946632196273137
252_T1_vs_T2,longitudinal,3,LUArm_to_LFArm_rx,LUArm_to_LFArm,rx,0.0384860079162795,0.041992732002613636,0.003506724086334137,0.10587550114195628,0.13946632196273137
252_T1_vs_T2,longitudinal,3,LUArm_to_LFArm_ry,LUArm_to_LFArm,ry,0.44225754016096197,0.2792971175291776,-0.1629604226317844,0.10587550114195628,0.13946632196273137
252_T1_vs_T2,longitudinal,3,LUArm_to_LFArm_rz,LUArm_to_LFArm,rz,0.02833623224195845,0.01582626694930837,-0.01250996529265008,0.10587550114195628,0.13946632196273137
252_T1_vs_T2,longitudinal,3,Neck_to_Head_rx,Neck_to_Head,rx,0.0340307112566468,0.08109393882857774,0.04706322757193094,0.10587550114195628,0.13946632196273137
252_T1_vs_T2,longitudinal,3,Neck_to_Head_ry,Neck_to_Head,ry,0.013357977754031062,0.00033924927378325807,-0.013018728480247804,0.10587550114195628,0.13946632196273137
252_T1_vs_T2,longitudinal,3,Neck_to_Head_rz,Neck_to_Head,rz,0.015306407604407574,0.0083928737640714,-0.006913533840336173,0.10587550114195628,0.13946632196273137
252_T1_vs_T2,longitudinal,3,RFArm_to_RHand_rx,RFArm_to_RHand,rx,0.010863653197635381,0.0079363535875313,-0.0029272996101040814,0.10587550114195628,0.13946632196273137
252_T1_vs_T2,longitudinal,3,RFArm_to_RHand_ry,RFArm_to_RHand,ry,0.05833209612339707,0.013213021805038387,-0.04511907431835868,0.10587550114195628,0.13946632196273137
252_T1_vs_T2,longitudinal,3,RFArm_to_RHand_rz,RFArm_to_RHand,rz,0.1624243191251747,0.14227550612913248,-0.02014881299604221,0.10587550114195628,0.13946632196273137
252_T1_vs_T2,longitudinal,3,RShin_to_RFoot_rx,RShin_to_RFoot,rx,0.015996585868870945,0.10410424596376894,0.088107660094898,0.10587550114195628,0.13946632196273137
252_T1_vs_T2,longitudinal,3,RShin_to_RFoot_ry,RShin_to_RFoot,ry,0.015008344376334387,0.01489913768647426,-0.00010920668986012794,0.10587550114195628,0.13946632196273137
252_T1_vs_T2,longitudinal,3,RShin_to_RFoot_rz,RShin_to_RFoot,rz,0.03797138066716541,0.08020077858843833,0.042229397921272914,0.10587550114195628,0.13946632196273137
252_T1_vs_T2,longitudinal,3,RShoulder_to_RUArm_rx,RShoulder_to_RUArm,rx,0.6157703601829949,0.5608268751029405,-0.05494348508005442,0.10587550114195628,0.13946632196273137
252_T1_vs_T2,longitudinal,3,RShoulder_to_RUArm_ry,RShoulder_to_RUArm,ry,0.05867017648061404,0.09595667700282186,0.03728650052220782,0.10587550114195628,0.13946632196273137
252_T1_vs_T2,longitudinal,3,RShoulder_to_RUArm_rz,RShoulder_to_RUArm,rz,0.1646418519168957,0.09636061368816663,-0.06828123822872907,0.10587550114195628,0.13946632196273137
252_T1_vs_T2,longitudinal,3,RThigh_to_RShin_rx,RThigh_to_RShin,rx,0.04892729503079433,0.10804165519284799,0.05911436016205366,0.10587550114195628,0.13946632196273137
252_T1_vs_T2,longitudinal,3,RThigh_to_RShin_ry,RThigh_to_RShin,ry,2.237469587210903e-08,3.2580556256407113e-08,1.0205860384298084e-08,0.10587550114195628,0.13946632196273137
252_T1_vs_T2,longitudinal,3,RThigh_to_RShin_rz,RThigh_to_RShin,rz,1.8794424477319016e-08,1.9285857953830328e-08,4.914334765113116e-10,0.10587550114195628,0.13946632196273137
252_T1_vs_T2,longitudinal,3,RUArm_to_RFArm_rx,RUArm_to_RFArm,rx,0.32731077000231523,0.22264177286849052,-0.10466899713382471,0.10587550114195628,0.13946632196273137
252_T1_vs_T2,longitudinal,3,RUArm_to_RFArm_ry,RUArm_to_RFArm,ry,0.2929406043902049,0.3264304447600718,0.03348984036986691,0.10587550114195628,0.13946632196273137
252_T1_vs_T2,longitudinal,3,RUArm_to_RFArm_rz,RUArm_to_RFArm,rz,0.011935242597921029,0.04777855012342553,0.0358433075255045,0.10587550114195628,0.13946632196273137
252_T1_vs_T2,longitudinal,4,252_to_LThigh_rx,252_to_LThigh,rx,0.12828518631020708,0.04059046329761098,-0.08769472301259609,0.09136011393180174,0.10011196314232104
252_T1_vs_T2,longitudinal,4,252_to_LThigh_ry,252_to_LThigh,ry,0.005863722774991218,0.005234343171298781,-0.0006293796036924365,0.09136011393180174,0.10011196314232104
252_T1_vs_T2,longitudinal,4,252_to_LThigh_rz,252_to_LThigh,rz,0.02831903086244699,0.026415530668306028,-0.0019035001941409627,0.09136011393180174,0.10011196314232104
252_T1_vs_T2,longitudinal,4,252_to_RThigh_rx,252_to_RThigh,rx,0.43229721772235674,0.04320908890125553,-0.3890881288211012,0.09136011393180174,0.10011196314232104
252_T1_vs_T2,longitudinal,4,252_to_RThigh_ry,252_to_RThigh,ry,0.07314059498948092,0.04484881360223025,-0.028291781387250664,0.09136011393180174,0.10011196314232104
252_T1_vs_T2,longitudinal,4,252_to_RThigh_rz,252_to_RThigh,rz,0.002614541886984046,0.05687670810242629,0.05426216621544224,0.09136011393180174,0.10011196314232104
252_T1_vs_T2,longitudinal,4,Chest_to_LShoulder_rx,Chest_to_LShoulder,rx,0.03379197456936034,0.010163802088938285,-0.023628172480422052,0.09136011393180174,0.10011196314232104
252_T1_vs_T2,longitudinal,4,Chest_to_LShoulder_ry,Chest_to_LShoulder,ry,0.07988035956024506,0.02615873620993405,-0.053721623350311005,0.09136011393180174,0.10011196314232104
252_T1_vs_T2,longitudinal,4,Chest_to_LShoulder_rz,Chest_to_LShoulder,rz,0.02219614865778828,0.027963105719557325,0.005766957061769044,0.09136011393180174,0.10011196314232104
252_T1_vs_T2,longitudinal,4,Chest_to_Neck_rx,Chest_to_Neck,rx,0.0107495887994233,0.016967072357907256,0.006217483558483956,0.09136011393180174,0.10011196314232104
252_T1_vs_T2,longitudinal,4,Chest_to_Neck_ry,Chest_to_Neck,ry,0.04580617038725991,0.05152290651419642,0.00571673612693651,0.09136011393180174,0.10011196314232104
252_T1_vs_T2,longitudinal,4,Chest_to_Neck_rz,Chest_to_Neck,rz,0.026586324090965327,0.009231845954570763,-0.017354478136394562,0.09136011393180174,0.10011196314232104
252_T1_vs_T2,longitudinal,4,Chest_to_RShoulder_rx,Chest_to_RShoulder,rx,0.02351325050874626,0.057784836151814976,0.03427158564306872,0.09136011393180174,0.10011196314232104
252_T1_vs_T2,longitudinal,4,Chest_to_RShoulder_ry,Chest_to_RShoulder,ry,0.05194172936438757,0.013389371013262666,-0.0385523583511249,0.09136011393180174,0.10011196314232104
252_T1_vs_T2,longitudinal,4,Chest_to_RShoulder_rz,Chest_to_RShoulder,rz,0.041131066458221247,0.08844638714689958,0.04731532068867833,0.09136011393180174,0.10011196314232104
252_T1_vs_T2,longitudinal,4,LFArm_to_LHand_rx,LFArm_to_LHand,rx,0.014129516241902219,0.012670883444924959,-0.0014586327969772599,0.09136011393180174,0.10011196314232104
252_T1_vs_T2,longitudinal,4,LFArm_to_LHand_ry,LFArm_to_LHand,ry,0.05552003283612004,0.06978224425351888,0.014262211417398842,0.09136011393180174,0.10011196314232104
252_T1_vs_T2,longitudinal,4,LFArm_to_LHand_rz,LFArm_to_LHand,rz,0.09633810479445344,0.08957664195045377,-0.006761462843999672,0.09136011393180174,0.10011196314232104
252_T1_vs_T2,longitudinal,4,LShin_to_LFoot_rx,LShin_to_LFoot,rx,0.15682772775639006,0.01260230403583143,-0.14422542372055863,0.09136011393180174,0.10011196314232104
252_T1_vs_T2,longitudinal,4,LShin_to_LFoot_ry,LShin_to_LFoot,ry,0.018455004451602912,0.043052595912426876,0.024597591460823964,0.09136011393180174,0.10011196314232104
252_T1_vs_T2,longitudinal,4,LShin_to_LFoot_rz,LShin_to_LFoot,rz,0.046441137504504904,0.03345183232969104,-0.012989305174813864,0.09136011393180174,0.10011196314232104
252_T1_vs_T2,longitudinal,4,LShoulder_to_LUArm_rx,LShoulder_to_LUArm,rx,0.07162025463935036,0.04487705339773191,-0.02674320124161845,0.09136011393180174,0.10011196314232104
252_T1_vs_T2,longitudinal,4,LShoulder_to_LUArm_ry,LShoulder_to_LUArm,ry,0.3884492329444215,0.39043319658011877,0.00198396363569725,0.09136011393180174,0.10011196314232104
252_T1_vs_T2,longitudinal,4,LShoulder_to_LUArm_rz,LShoulder_to_LUArm,rz,0.049767825996939935,0.014109066177907621,-0.03565875981903231,0.09136011393180174,0.10011196314232104
252_T1_vs_T2,longitudinal,4,LThigh_to_LShin_rx,LThigh_to_LShin,rx,0.04913280591931446,0.17789594207483397,0.12876313615551951,0.09136011393180174,0.10011196314232104
252_T1_vs_T2,longitudinal,4,LThigh_to_LShin_ry,LThigh_to_LShin,ry,1.7467131587116707e-08,9.069103129415138e-09,-8.39802845770157e-09,0.09136011393180174,0.10011196314232104
252_T1_vs_T2,longitudinal,4,LThigh_to_LShin_rz,LThigh_to_LShin,rz,1.7212534982602066e-08,1.0839190321063732e-09,-1.6128615950495694e-08,0.09136011393180174,0.10011196314232104
252_T1_vs_T2,longitudinal,4,LUArm_to_LFArm_rx,LUArm_to_LFArm,rx,0.022279784578317207,0.026249059381924733,0.003969274803607526,0.09136011393180174,0.10011196314232104
252_T1_vs_T2,longitudinal,4,LUArm_to_LFArm_ry,LUArm_to_LFArm,ry,0.3640819942043551,0.4617464448204204,0.09766445061606527,0.09136011393180174,0.10011196314232104
252_T1_vs_T2,longitudinal,4,LUArm_to_LFArm_rz,LUArm_to_LFArm,rz,0.010571366418997367,0.04129943810505832,0.03072807168606095,0.09136011393180174,0.10011196314232104
252_T1_vs_T2,longitudinal,4,Neck_to_Head_rx,Neck_to_Head,rx,0.010759978906877703,0.016501194885293932,0.005741215978416229,0.09136011393180174,0.10011196314232104
252_T1_vs_T2,longitudinal,4,Neck_to_Head_ry,Neck_to_Head,ry,0.04995709687514673,0.04890670889072658,-0.0010503879844201494,0.09136011393180174,0.10011196314232104
252_T1_vs_T2,longitudinal,4,Neck_to_Head_rz,Neck_to_Head,rz,0.017312803136817347,0.01866002588710294,0.0013472227502855927,0.09136011393180174,0.10011196314232104
252_T1_vs_T2,longitudinal,4,RFArm_to_RHand_rx,RFArm_to_RHand,rx,0.0015521683379438466,0.006165122595284474,0.004612954257340627,0.09136011393180174,0.10011196314232104
252_T1_vs_T2,longitudinal,4,RFArm_to_RHand_ry,RFArm_to_RHand,ry,0.00010225510262603964,0.07003846823364057,0.06993621313101453,0.09136011393180174,0.10011196314232104
252_T1_vs_T2,longitudinal,4,RFArm_to_RHand_rz,RFArm_to_RHand,rz,0.020069589334262245,0.06831117154863699,0.048241582214374745,0.09136011393180174,0.10011196314232104
252_T1_vs_T2,longitudinal,4,RShin_to_RFoot_rx,RShin_to_RFoot,rx,0.08588500302321742,0.08201406002722923,-0.003870942995988183,0.09136011393180174,0.10011196314232104
252_T1_vs_T2,longitudinal,4,RShin_to_RFoot_ry,RShin_to_RFoot,ry,0.04922675151553354,0.07881358932584083,0.02958683781030729,0.09136011393180174,0.10011196314232104
252_T1_vs_T2,longitudinal,4,RShin_to_RFoot_rz,RShin_to_RFoot,rz,0.06800690364618274,0.055214119365917295,-0.012792784280265444,0.09136011393180174,0.10011196314232104
252_T1_vs_T2,longitudinal,4,RShoulder_to_RUArm_rx,RShoulder_to_RUArm,rx,0.28280818790690365,0.4982070458774432,0.21539885797053954,0.09136011393180174,0.10011196314232104
252_T1_vs_T2,longitudinal,4,RShoulder_to_RUArm_ry,RShoulder_to_RUArm,ry,0.023476742185622772,0.11025583985373387,0.0867790976681111,0.09136011393180174,0.10011196314232104
252_T1_vs_T2,longitudinal,4,RShoulder_to_RUArm_rz,RShoulder_to_RUArm,rz,0.020286956156432452,0.2827615252553185,0.26247456909888606,0.09136011393180174,0.10011196314232104
252_T1_vs_T2,longitudinal,4,RThigh_to_RShin_rx,RThigh_to_RShin,rx,0.54666674922594,0.04884876966005381,-0.49781797956588625,0.09136011393180174,0.10011196314232104
252_T1_vs_T2,longitudinal,4,RThigh_to_RShin_ry,RThigh_to_RShin,ry,1.9155288580159535e-08,1.2911432798039874e-09,-1.7864145300355547e-08,0.09136011393180174,0.10011196314232104
252_T1_vs_T2,longitudinal,4,RThigh_to_RShin_rz,RThigh_to_RShin,rz,8.822455723279964e-09,1.6212806270090172e-08,7.390350546810208e-09,0.09136011393180174,0.10011196314232104
252_T1_vs_T2,longitudinal,4,RUArm_to_RFArm_rx,RUArm_to_RFArm,rx,0.20553952850188809,0.2917670114978704,0.08622748299598229,0.09136011393180174,0.10011196314232104
252_T1_vs_T2,longitudinal,4,RUArm_to_RFArm_ry,RUArm_to_RFArm,ry,0.020479403595442324,0.28993499184588,0.2694555882504377,0.09136011393180174,0.10011196314232104
252_T1_vs_T2,longitudinal,4,RUArm_to_RFArm_rz,RUArm_to_RFArm,rz,0.025763369985913612,0.1264186847647943,0.10065531477888068,0.09136011393180174,0.10011196314232104
252_T1_vs_T2,longitudinal,5,252_to_LThigh_rx,252_to_LThigh,rx,0.29503366602878256,0.057910159196687745,-0.23712350683209482,0.07598818782067135,0.0839192558593653
252_T1_vs_T2,longitudinal,5,252_to_LThigh_ry,252_to_LThigh,ry,0.04860974915928805,0.054132270197056784,0.005522521037768735,0.07598818782067135,0.0839192558593653
252_T1_vs_T2,longitudinal,5,252_to_LThigh_rz,252_to_LThigh,rz,0.05288357838672231,0.013063203435962066,-0.03982037495076024,0.07598818782067135,0.0839192558593653
252_T1_vs_T2,longitudinal,5,252_to_RThigh_rx,252_to_RThigh,rx,0.3247846623588745,0.11444075368947175,-0.21034390866940272,0.07598818782067135,0.0839192558593653
252_T1_vs_T2,longitudinal,5,252_to_RThigh_ry,252_to_RThigh,ry,0.06852947583680237,0.0006142865394497198,-0.06791518929735264,0.07598818782067135,0.0839192558593653
252_T1_vs_T2,longitudinal,5,252_to_RThigh_rz,252_to_RThigh,rz,0.08752428040158827,0.0023029560165424624,-0.08522132438504582,0.07598818782067135,0.0839192558593653
252_T1_vs_T2,longitudinal,5,Chest_to_LShoulder_rx,Chest_to_LShoulder,rx,0.02066000568345401,0.02539124783910492,0.004731242155650909,0.07598818782067135,0.0839192558593653
252_T1_vs_T2,longitudinal,5,Chest_to_LShoulder_ry,Chest_to_LShoulder,ry,0.01229894915036596,0.041791847076111374,0.029492897925745415,0.07598818782067135,0.0839192558593653
252_T1_vs_T2,longitudinal,5,Chest_to_LShoulder_rz,Chest_to_LShoulder,rz,0.04432503254408664,0.04378222850590384,-0.0005428040381827981,0.07598818782067135,0.0839192558593653
252_T1_vs_T2,longitudinal,5,Chest_to_Neck_rx,Chest_to_Neck,rx,0.04553936873638623,0.03692086186165372,-0.008618506874732514,0.07598818782067135,0.0839192558593653
252_T1_vs_T2,longitudinal,5,Chest_to_Neck_ry,Chest_to_Neck,ry,0.04972301443739615,0.012207979141358556,-0.03751503529603759,0.07598818782067135,0.0839192558593653
252_T1_vs_T2,longitudinal,5,Chest_to_Neck_rz,Chest_to_Neck,rz,0.016190012410805425,0.010323770910088504,-0.0058662415007169205,0.07598818782067135,0.0839192558593653
252_T1_vs_T2,longitudinal,5,Chest_to_RShoulder_rx,Chest_to_RShoulder,rx,0.04252335225173741,0.0035696274302808883,-0.03895372482145652,0.07598818782067135,0.0839192558593653
252_T1_vs_T2,longitudinal,5,Chest_to_RShoulder_ry,Chest_to_RShoulder,ry,0.025185575411386663,0.032772337636559484,0.007586762225172822,0.07598818782067135,0.0839192558593653
252_T1_vs_T2,longitudinal,5,Chest_to_RShoulder_rz,Chest_to_RShoulder,rz,0.02898332837031962,0.001052058750416962,-0.02793126961990266,0.07598818782067135,0.0839192558593653
252_T1_vs_T2,longitudinal,5,LFArm_to_LHand_rx,LFArm_to_LHand,rx,0.002329344276498405,0.020450837478060483,0.01812149320156208,0.07598818782067135,0.0839192558593653
252_T1_vs_T2,longitudinal,5,LFArm_to_LHand_ry,LFArm_to_LHand,ry,0.022158324879336475,0.06927924325569396,0.047120918376357485,0.07598818782067135,0.0839192558593653
252_T1_vs_T2,longitudinal,5,LFArm_to_LHand_rz,LFArm_to_LHand,rz,0.04166008873717007,0.1033655022544661,0.061705413517296026,0.07598818782067135,0.0839192558593653
252_T1_vs_T2,longitudinal,5,LShin_to_LFoot_rx,LShin_to_LFoot,rx,0.008863418895065261,0.08844060467432918,0.07957718577926393,0.07598818782067135,0.0839192558593653
252_T1_vs_T2,longitudinal,5,LShin_to_LFoot_ry,LShin_to_LFoot,ry,0.015266675978043402,0.04460545064586716,0.02933877466782376,0.07598818782067135,0.0839192558593653
252_T1_vs_T2,longitudinal,5,LShin_to_LFoot_rz,LShin_to_LFoot,rz,0.05098024596794925,0.022780514008970416,-0.028199731958978833,0.07598818782067135,0.0839192558593653
252_T1_vs_T2,longitudinal,5,LShoulder_to_LUArm_rx,LShoulder_to_LUArm,rx,0.0384457686394665,0.28965638493273926,0.2512106162932728,0.07598818782067135,0.0839192558593653
252_T1_vs_T2,longitudinal,5,LShoulder_to_LUArm_ry,LShoulder_to_LUArm,ry,0.1232191110988972,0.41794519379219786,0.29472608269330064,0.07598818782067135,0.0839192558593653
252_T1_vs_T2,longitudinal,5,LShoulder_to_LUArm_rz,LShoulder_to_LUArm,rz,0.020141614230473094,0.14512077476828977,0.12497916053781669,0.07598818782067135,0.0839192558593653
252_T1_vs_T2,longitudinal,5,LThigh_to_LShin_rx,LThigh_to_LShin,rx,0.02431260093687052,0.01564777650047753,-0.00866482443639299,0.07598818782067135,0.0839192558593653
252_T1_vs_T2,longitudinal,5,LThigh_to_LShin_ry,LThigh_to_LShin,ry,1.2151287176606602e-09,1.0932379180644301e-08,9.71725046298364e-09,0.07598818782067135,0.0839192558593653
252_T1_vs_T2,longitudinal,5,LThigh_to_LShin_rz,LThigh_to_LShin,rz,3.790400052676328e-08,1.5154089148323446e-08,-2.2749911378439832e-08,0.07598818782067135,0.0839192558593653
252_T1_vs_T2,longitudinal,5,LUArm_to_LFArm_rx,LUArm_to_LFArm,rx,0.1395638217256023,0.5335754821249371,0.3940116603993348,0.07598818782067135,0.0839192558593653
252_T1_vs_T2,longitudinal,5,LUArm_to_LFArm_ry,LUArm_to_LFArm,ry,0.5177109176395515,0.026808080379766813,-0.4909028372597847,0.07598818782067135,0.0839192558593653
252_T1_vs_T2,longitudinal,5,LUArm_to_LFArm_rz,LUArm_to_LFArm,rz,0.06950036755732775,0.05650403289031741,-0.012996334667010334,0.07598818782067135,0.0839192558593653
252_T1_vs_T2,longitudinal,5,Neck_to_Head_rx,Neck_to_Head,rx,0.04502549893452745,0.03685510186016367,-0.008170397074363782,0.07598818782067135,0.0839192558593653
252_T1_vs_T2,longitudinal,5,Neck_to_Head_ry,Neck_to_Head,ry,0.05228925718391093,0.009711947094766757,-0.04257731008914417,0.07598818782067135,0.0839192558593653
252_T1_vs_T2,longitudinal,5,Neck_to_Head_rz,Neck_to_Head,rz,0.006530551275466105,0.012638700276228881,0.006108149000762776,0.07598818782067135,0.0839192558593653
252_T1_vs_T2,longitudinal,5,RFArm_to_RHand_rx,RFArm_to_RHand,rx,0.006727250384898003,0.0014530531155829986,-0.005274197269315004,0.07598818782067135,0.0839192558593653
252_T1_vs_T2,longitudinal,5,RFArm_to_RHand_ry,RFArm_to_RHand,ry,0.01886219719900648,0.019005307139734706,0.00014310994072822686,0.07598818782067135,0.0839192558593653
252_T1_vs_T2,longitudinal,5,RFArm_to_RHand_rz,RFArm_to_RHand,rz,0.08780131957901285,0.04223682846726516,-0.04556449111174769,0.07598818782067135,0.0839192558593653
252_T1_vs_T2,longitudinal,5,RShin_to_RFoot_rx,RShin_to_RFoot,rx,0.04297833594841468,0.004255820325538043,-0.03872251562287664,0.07598818782067135,0.0839192558593653
252_T1_vs_T2,longitudinal,5,RShin_to_RFoot_ry,RShin_to_RFoot,ry,0.07878444289865358,0.015971760645959857,-0.06281268225269372,0.07598818782067135,0.0839192558593653
252_T1_vs_T2,longitudinal,5,RShin_to_RFoot_rz,RShin_to_RFoot,rz,0.030862387295117925,0.0584617283185134,0.027599341023395476,0.07598818782067135,0.0839192558593653
252_T1_vs_T2,longitudinal,5,RShoulder_to_RUArm_rx,RShoulder_to_RUArm,rx,0.23351917010686782,0.22785631811293103,-0.0056628519939367905,0.07598818782067135,0.0839192558593653
252_T1_vs_T2,longitudinal,5,RShoulder_to_RUArm_ry,RShoulder_to_RUArm,ry,0.00787408457153768,0.16021278823115268,0.152338703659615,0.07598818782067135,0.0839192558593653
252_T1_vs_T2,longitudinal,5,RShoulder_to_RUArm_rz,RShoulder_to_RUArm,rz,0.09876613005531464,0.06697263148130186,-0.03179349857401277,0.07598818782067135,0.0839192558593653
252_T1_vs_T2,longitudinal,5,RThigh_to_RShin_rx,RThigh_to_RShin,rx,0.4074767898047827,0.019498463990395228,-0.38797832581438746,0.07598818782067135,0.0839192558593653
252_T1_vs_T2,longitudinal,5,RThigh_to_RShin_ry,RThigh_to_RShin,ry,6.209232757481786e-09,1.9199106931943576e-08,1.298987417446179e-08,0.07598818782067135,0.0839192558593653
252_T1_vs_T2,longitudinal,5,RThigh_to_RShin_rz,RThigh_to_RShin,rz,1.1729701558486583e-08,7.8188202900052e-09,-3.910881268481384e-09,0.07598818782067135,0.0839192558593653
252_T1_vs_T2,longitudinal,5,RUArm_to_RFArm_rx,RUArm_to_RFArm,rx,0.14399466591643376,0.17359570552124884,0.029601039604815083,0.07598818782067135,0.0839192558593653
252_T1_vs_T2,longitudinal,5,RUArm_to_RFArm_ry,RUArm_to_RFArm,ry,0.4253825821077591,0.4932750462826797,0.06789246417492062,0.07598818782067135,0.0839192558593653
252_T1_vs_T2,longitudinal,5,RUArm_to_RFArm_rz,RUArm_to_RFArm,rz,0.1009736561942081,0.12385113855762002,0.022877482363411916,0.07598818782067135,0.0839192558593653
252_T1_vs_T2,longitudinal,6,252_to_LThigh_rx,252_to_LThigh,rx,0.1075666784906978,0.5074726504065942,0.3999059719158964,0.05580805942772396,0.06053320975345704
252_T1_vs_T2,longitudinal,6,252_to_LThigh_ry,252_to_LThigh,ry,0.06684114513519157,0.011474409410086763,-0.05536673572510481,0.05580805942772396,0.06053320975345704
252_T1_vs_T2,longitudinal,6,252_to_LThigh_rz,252_to_LThigh,rz,0.04147440781164756,0.027623158802071036,-0.013851249009576523,0.05580805942772396,0.06053320975345704
252_T1_vs_T2,longitudinal,6,252_to_RThigh_rx,252_to_RThigh,rx,0.06791389051417547,0.06457727033938983,-0.0033366201747856428,0.05580805942772396,0.06053320975345704
252_T1_vs_T2,longitudinal,6,252_to_RThigh_ry,252_to_RThigh,ry,0.04727175093107907,0.019709866588115906,-0.027561884342963163,0.05580805942772396,0.06053320975345704
252_T1_vs_T2,longitudinal,6,252_to_RThigh_rz,252_to_RThigh,rz,0.02392306596889122,0.025880485742862273,0.0019574197739710524,0.05580805942772396,0.06053320975345704
252_T1_vs_T2,longitudinal,6,Chest_to_LShoulder_rx,Chest_to_LShoulder,rx,0.03887781081874455,0.05083487593940554,0.011957065120660991,0.05580805942772396,0.06053320975345704
252_T1_vs_T2,longitudinal,6,Chest_to_LShoulder_ry,Chest_to_LShoulder,ry,0.03408496965285991,0.05770832873133204,0.023623359078472128,0.05580805942772396,0.06053320975345704
252_T1_vs_T2,longitudinal,6,Chest_to_LShoulder_rz,Chest_to_LShoulder,rz,0.05013036733354582,0.015125285312126077,-0.03500508202141974,0.05580805942772396,0.06053320975345704
252_T1_vs_T2,longitudinal,6,Chest_to_Neck_rx,Chest_to_Neck,rx,0.08047639840515505,0.017636517273338786,-0.06283988113181627,0.05580805942772396,0.06053320975345704
252_T1_vs_T2,longitudinal,6,Chest_to_Neck_ry,Chest_to_Neck,ry,0.05699793994932891,0.05668743290944078,-0.00031050703988812905,0.05580805942772396,0.06053320975345704
252_T1_vs_T2,longitudinal,6,Chest_to_Neck_rz,Chest_to_Neck,rz,0.030158503021550247,0.05592883711561556,0.025770334094065313,0.05580805942772396,0.06053320975345704
252_T1_vs_T2,longitudinal,6,Chest_to_RShoulder_rx,Chest_to_RShoulder,rx,0.0019295464920787906,0.0023655144119818774,0.00043596791990308686,0.05580805942772396,0.06053320975345704
252_T1_vs_T2,longitudinal,6,Chest_to_RShoulder_ry,Chest_to_RShoulder,ry,0.014094749014004444,0.04137954720405596,0.02728479819005152,0.05580805942772396,0.06053320975345704
252_T1_vs_T2,longitudinal,6,Chest_to_RShoulder_rz,Chest_to_RShoulder,rz,0.025593786903733408,0.05677420278655907,0.031180415882825663,0.05580805942772396,0.06053320975345704
252_T1_vs_T2,longitudinal,6,LFArm_to_LHand_rx,LFArm_to_LHand,rx,0.021510545435942725,0.0009365909585891544,-0.020573954477353572,0.05580805942772396,0.06053320975345704
252_T1_vs_T2,longitudinal,6,LFArm_to_LHand_ry,LFArm_to_LHand,ry,0.08076197323320086,0.022948804771104277,-0.05781316846209658,0.05580805942772396,0.06053320975345704
252_T1_vs_T2,longitudinal,6,LFArm_to_LHand_rz,LFArm_to_LHand,rz,0.10120251585784165,0.019494114080703877,-0.08170840177713777,0.05580805942772396,0.06053320975345704
252_T1_vs_T2,longitudinal,6,LShin_to_LFoot_rx,LShin_to_LFoot,rx,0.1815235554479449,0.06862386875008054,-0.11289968669786436,0.05580805942772396,0.06053320975345704
252_T1_vs_T2,longitudinal,6,LShin_to_LFoot_ry,LShin_to_LFoot,ry,0.05057245440390542,0.01567717172604573,-0.034895282677859685,0.05580805942772396,0.06053320975345704
252_T1_vs_T2,longitudinal,6,LShin_to_LFoot_rz,LShin_to_LFoot,rz,0.06062257362427488,0.04614699980269793,-0.01447557382157695,0.05580805942772396,0.06053320975345704
252_T1_vs_T2,longitudinal,6,LShoulder_to_LUArm_rx,LShoulder_to_LUArm,rx,0.3187933592187902,0.20341321917578198,-0.11538014004300823,0.05580805942772396,0.06053320975345704
252_T1_vs_T2,longitudinal,6,LShoulder_to_LUArm_ry,LShoulder_to_LUArm,ry,0.38556283303139516,0.05039584359949916,-0.335166989431896,0.05580805942772396,0.06053320975345704
252_T1_vs_T2,longitudinal,6,LShoulder_to_LUArm_rz,LShoulder_to_LUArm,rz,0.1719878505549791,0.2174098492529982,0.045421998698019106,0.05580805942772396,0.06053320975345704
252_T1_vs_T2,longitudinal,6,LThigh_to_LShin_rx,LThigh_to_LShin,rx,0.013470658983225952,0.3989162594627195,0.38544560047949356,0.05580805942772396,0.06053320975345704
252_T1_vs_T2,longitudinal,6,LThigh_to_LShin_ry,LThigh_to_LShin,ry,1.8822753298069624e-09,1.7763198851410498e-08,1.5880923521603534e-08,0.05580805942772396,0.06053320975345704
252_T1_vs_T2,longitudinal,6,LThigh_to_LShin_rz,LThigh_to_LShin,rz,5.493769382691896e-09,3.907250437947533e-08,3.3578734996783436e-08,0.05580805942772396,0.06053320975345704
252_T1_vs_T2,longitudinal,6,LUArm_to_LFArm_rx,LUArm_to_LFArm,rx,0.6449541972903932,0.17366383082624062,-0.47129036646415257,0.05580805942772396,0.06053320975345704
252_T1_vs_T2,longitudinal,6,LUArm_to_LFArm_ry,LUArm_to_LFArm,ry,0.12816023674492158,0.013268283450368313,-0.11489195329455326,0.05580805942772396,0.06053320975345704
252_T1_vs_T2,longitudinal,6,LUArm_to_LFArm_rz,LUArm_to_LFArm,rz,0.08779458839295749,0.03904248585145782,-0.04875210254149967,0.05580805942772396,0.06053320975345704
252_T1_vs_T2,longitudinal,6,Neck_to_Head_rx,Neck_to_Head,rx,0.08067409724980969,0.0180670928660788,-0.06260700438373089,0.05580805942772396,0.06053320975345704
252_T1_vs_T2,longitudinal,6,Neck_to_Head_ry,Neck_to_Head,ry,0.050012700364964024,0.045098852803131625,-0.004913847561832399,0.05580805942772396,0.06053320975345704
252_T1_vs_T2,longitudinal,6,Neck_to_Head_rz,Neck_to_Head,rz,0.04050598160809027,0.06564600687288982,0.025140025264799554,0.05580805942772396,0.06053320975345704
252_T1_vs_T2,longitudinal,6,RFArm_to_RHand_rx,RFArm_to_RHand,rx,0.0016755252000003726,0.008428887276209223,0.006753362076208851,0.05580805942772396,0.06053320975345704
252_T1_vs_T2,longitudinal,6,RFArm_to_RHand_ry,RFArm_to_RHand,ry,0.024906970611965156,0.028961685638604334,0.004054715026639177,0.05580805942772396,0.06053320975345704
252_T1_vs_T2,longitudinal,6,RFArm_to_RHand_rz,RFArm_to_RHand,rz,0.005974026384930975,0.10100829259991552,0.09503426621498455,0.05580805942772396,0.06053320975345704
252_T1_vs_T2,longitudinal,6,RShin_to_RFoot_rx,RShin_to_RFoot,rx,0.12893159614218125,0.11259666954619779,-0.016334926595983457,0.05580805942772396,0.06053320975345704
252_T1_vs_T2,longitudinal,6,RShin_to_RFoot_ry,RShin_to_RFoot,ry,0.01738751765164979,0.06755818836876433,0.050170670717114535,0.05580805942772396,0.06053320975345704
252_T1_vs_T2,longitudinal,6,RShin_to_RFoot_rz,RShin_to_RFoot,rz,0.12168993285845671,0.002510686549724272,-0.11917924630873243,0.05580805942772396,0.06053320975345704
252_T1_vs_T2,longitudinal,6,RShoulder_to_RUArm_rx,RShoulder_to_RUArm,rx,0.16738555085550422,0.19640260846322724,0.029017057607723024,0.05580805942772396,0.06053320975345704
252_T1_vs_T2,longitudinal,6,RShoulder_to_RUArm_ry,RShoulder_to_RUArm,ry,0.08096938293692081,0.0629276183337522,-0.018041764603168614,0.05580805942772396,0.06053320975345704
252_T1_vs_T2,longitudinal,6,RShoulder_to_RUArm_rz,RShoulder_to_RUArm,rz,0.10754439662658127,0.3498842682465886,0.2423398716200073,0.05580805942772396,0.06053320975345704
252_T1_vs_T2,longitudinal,6,RThigh_to_RShin_rx,RThigh_to_RShin,rx,0.25653954389958766,0.22733636202826377,-0.029203181871323897,0.05580805942772396,0.06053320975345704
252_T1_vs_T2,longitudinal,6,RThigh_to_RShin_ry,RThigh_to_RShin,ry,2.7666208359527913e-08,2.1573069361315555e-08,-6.0931389982123585e-09,0.05580805942772396,0.06053320975345704
252_T1_vs_T2,longitudinal,6,RThigh_to_RShin_rz,RThigh_to_RShin,rz,8.639475994805428e-09,4.89278511172341e-09,-3.7466908830820185e-09,0.05580805942772396,0.06053320975345704
252_T1_vs_T2,longitudinal,6,RUArm_to_RFArm_rx,RUArm_to_RFArm,rx,0.0016127882963483282,0.19659341372290406,0.19498062542655573,0.05580805942772396,0.06053320975345704
252_T1_vs_T2,longitudinal,6,RUArm_to_RFArm_ry,RUArm_to_RFArm,ry,0.14898431418755137,0.37140031760337333,0.22241600341582196,0.05580805942772396,0.06053320975345704
252_T1_vs_T2,longitudinal,6,RUArm_to_RFArm_rz,RUArm_to_RFArm,rz,0.06626193119920336,0.013761459958770851,-0.05250047124043251,0.05580805942772396,0.06053320975345704
252_T1_vs_T2,longitudinal,7,252_to_LThigh_rx,252_to_LThigh,rx,0.04947605335192853,0.08919181482700185,0.03971576147507332,0.04587310986825027,0.05161161949850857
252_T1_vs_T2,longitudinal,7,252_to_LThigh_ry,252_to_LThigh,ry,0.0750792666886708,0.05914731285477004,-0.015931953833900767,0.04587310986825027,0.05161161949850857
252_T1_vs_T2,longitudinal,7,252_to_LThigh_rz,252_to_LThigh,rz,0.054143759293458216,0.049779625152019745,-0.004364134141438471,0.04587310986825027,0.05161161949850857
252_T1_vs_T2,longitudinal,7,252_to_RThigh_rx,252_to_RThigh,rx,0.05664474483602325,0.09633194657896743,0.039687201742944184,0.04587310986825027,0.05161161949850857
252_T1_vs_T2,longitudinal,7,252_to_RThigh_ry,252_to_RThigh,ry,0.04771038654575464,0.10348501477406846,0.05577462822831382,0.04587310986825027,0.05161161949850857
252_T1_vs_T2,longitudinal,7,252_to_RThigh_rz,252_to_RThigh,rz,0.09667588088555286,0.17311207757687036,0.0764361966913175,0.04587310986825027,0.05161161949850857
252_T1_vs_T2,longitudinal,7,Chest_to_LShoulder_rx,Chest_to_LShoulder,rx,0.0036189992532582203,0.007751282392945679,0.004132283139687459,0.04587310986825027,0.05161161949850857
252_T1_vs_T2,longitudinal,7,Chest_to_LShoulder_ry,Chest_to_LShoulder,ry,0.015886047365064486,0.057926068617174836,0.04204002125211035,0.04587310986825027,0.05161161949850857
252_T1_vs_T2,longitudinal,7,Chest_to_LShoulder_rz,Chest_to_LShoulder,rz,0.01826871922128371,0.03260645993145601,0.014337740710172298,0.04587310986825027,0.05161161949850857
252_T1_vs_T2,longitudinal,7,Chest_to_Neck_rx,Chest_to_Neck,rx,0.027528811416419136,0.028214480373468964,0.0006856689570498287,0.04587310986825027,0.05161161949850857
252_T1_vs_T2,longitudinal,7,Chest_to_Neck_ry,Chest_to_Neck,ry,0.07672303715891263,0.06797924231596127,-0.00874379484295136,0.04587310986825027,0.05161161949850857
252_T1_vs_T2,longitudinal,7,Chest_to_Neck_rz,Chest_to_Neck,rz,0.011470975994055117,0.056367238673089994,0.044896262679034876,0.04587310986825027,0.05161161949850857
252_T1_vs_T2,longitudinal,7,Chest_to_RShoulder_rx,Chest_to_RShoulder,rx,0.04649489765181825,0.02603071476883786,-0.02046418288298039,0.04587310986825027,0.05161161949850857
252_T1_vs_T2,longitudinal,7,Chest_to_RShoulder_ry,Chest_to_RShoulder,ry,0.0203559136244186,0.004639911712283233,-0.015716001912135368,0.04587310986825027,0.05161161949850857
252_T1_vs_T2,longitudinal,7,Chest_to_RShoulder_rz,Chest_to_RShoulder,rz,0.13444747074736718,0.060424408861690954,-0.07402306188567623,0.04587310986825027,0.05161161949850857
252_T1_vs_T2,longitudinal,7,LFArm_to_LHand_rx,LFArm_to_LHand,rx,0.0012984564308186615,0.009427429367585376,0.008128972936766714,0.04587310986825027,0.05161161949850857
252_T1_vs_T2,longitudinal,7,LFArm_to_LHand_ry,LFArm_to_LHand,ry,0.013558241699929722,0.021294150441419846,0.007735908741490124,0.04587310986825027,0.05161161949850857
252_T1_vs_T2,longitudinal,7,LFArm_to_LHand_rz,LFArm_to_LHand,rz,0.004097077168105894,0.0465886301948039,0.042491553026698006,0.04587310986825027,0.05161161949850857
252_T1_vs_T2,longitudinal,7,LShin_to_LFoot_rx,LShin_to_LFoot,rx,0.0314924479111123,0.004050871614817162,-0.027441576296295143,0.04587310986825027,0.05161161949850857
252_T1_vs_T2,longitudinal,7,LShin_to_LFoot_ry,LShin_to_LFoot,ry,0.025379229957838093,0.003324729431571663,-0.02205450052626643,0.04587310986825027,0.05161161949850857
252_T1_vs_T2,longitudinal,7,LShin_to_LFoot_rz,LShin_to_LFoot,rz,0.00948819864053711,0.037841309734384,0.028353111093846892,0.04587310986825027,0.05161161949850857
252_T1_vs_T2,longitudinal,7,LShoulder_to_LUArm_rx,LShoulder_to_LUArm,rx,0.07102394301436751,0.00969604884590982,-0.06132789416845769,0.04587310986825027,0.05161161949850857
252_T1_vs_T2,longitudinal,7,LShoulder_to_LUArm_ry,LShoulder_to_LUArm,ry,0.06641580781142153,0.22207821267460692,0.1556624048631854,0.04587310986825027,0.05161161949850857
252_T1_vs_T2,longitudinal,7,LShoulder_to_LUArm_rz,LShoulder_to_LUArm,rz,0.06881216309386663,0.12173043151654649,0.052918268422679854,0.04587310986825027,0.05161161949850857
252_T1_vs_T2,longitudinal,7,LThigh_to_LShin_rx,LThigh_to_LShin,rx,0.05489367913484687,0.2666139428258392,0.21172026369099234,0.04587310986825027,0.05161161949850857
252_T1_vs_T2,longitudinal,7,LThigh_to_LShin_ry,LThigh_to_LShin,ry,1.757845406022365e-08,1.5460523188564588e-08,-2.117930871659064e-09,0.04587310986825027,0.05161161949850857
252_T1_vs_T2,longitudinal,7,LThigh_to_LShin_rz,LThigh_to_LShin,rz,1.8900613912692947e-08,2.061221180531547e-09,-1.6839392732161398e-08,0.04587310986825027,0.05161161949850857
252_T1_vs_T2,longitudinal,7,LUArm_to_LFArm_rx,LUArm_to_LFArm,rx,0.0289568984543394,0.295554818934958,0.2665979204806186,0.04587310986825027,0.05161161949850857
252_T1_vs_T2,longitudinal,7,LUArm_to_LFArm_ry,LUArm_to_LFArm,ry,0.22754603200178614,0.4768493175189181,0.249303285517132,0.04587310986825027,0.05161161949850857
252_T1_vs_T2,longitudinal,7,LUArm_to_LFArm_rz,LUArm_to_LFArm,rz,0.027672486671101344,0.06554064512257186,0.03786815845147052,0.04587310986825027,0.05161161949850857
252_T1_vs_T2,longitudinal,7,Neck_to_Head_rx,Neck_to_Head,rx,0.027954600996512136,0.028440263229521295,0.0004856622330091584,0.04587310986825027,0.05161161949850857
252_T1_vs_T2,longitudinal,7,Neck_to_Head_ry,Neck_to_Head,ry,0.07768876164804131,0.07758120906086122,-0.00010755258718009308,0.04587310986825027,0.05161161949850857
252_T1_vs_T2,longitudinal,7,Neck_to_Head_rz,Neck_to_Head,rz,0.0030676290335479753,0.0425560972357614,0.039488468202213425,0.04587310986825027,0.05161161949850857
252_T1_vs_T2,longitudinal,7,RFArm_to_RHand_rx,RFArm_to_RHand,rx,0.0026409010522011407,0.002509537526265106,-0.00013136352593603453,0.04587310986825027,0.05161161949850857
252_T1_vs_T2,longitudinal,7,RFArm_to_RHand_ry,RFArm_to_RHand,ry,0.018268392397838538,0.03900160261544414,0.020733210217605606,0.04587310986825027,0.05161161949850857
252_T1_vs_T2,longitudinal,7,RFArm_to_RHand_rz,RFArm_to_RHand,rz,0.025678546987566445,0.012211941759877424,-0.013466605227689022,0.04587310986825027,0.05161161949850857
252_T1_vs_T2,longitudinal,7,RShin_to_RFoot_rx,RShin_to_RFoot,rx,0.14744840961431402,0.10293044140031818,-0.04451796821399584,0.04587310986825027,0.05161161949850857
252_T1_vs_T2,longitudinal,7,RShin_to_RFoot_ry,RShin_to_RFoot,ry,0.03911394172063795,0.004216115164091809,-0.03489782655654614,0.04587310986825027,0.05161161949850857
252_T1_vs_T2,longitudinal,7,RShin_to_RFoot_rz,RShin_to_RFoot,rz,0.06062098660204157,0.1407272234627665,0.08010623686072493,0.04587310986825027,0.05161161949850857
252_T1_vs_T2,longitudinal,7,RShoulder_to_RUArm_rx,RShoulder_to_RUArm,rx,0.3489218042926115,0.19999853268276016,-0.14892327160985133,0.04587310986825027,0.05161161949850857
252_T1_vs_T2,longitudinal,7,RShoulder_to_RUArm_ry,RShoulder_to_RUArm,ry,0.33223657672574236,0.36642682025829026,0.034190243532547904,0.04587310986825027,0.05161161949850857
252_T1_vs_T2,longitudinal,7,RShoulder_to_RUArm_rz,RShoulder_to_RUArm,rz,0.5247419293769899,0.24849931498234715,-0.2762426143946428,0.04587310986825027,0.05161161949850857
252_T1_vs_T2,longitudinal,7,RThigh_to_RShin_rx,RThigh_to_RShin,rx,0.006575042823686597,0.08315012358019695,0.07657508075651036,0.04587310986825027,0.05161161949850857
252_T1_vs_T2,longitudinal,7,RThigh_to_RShin_ry,RThigh_to_RShin,ry,8.693515753943444e-10,1.9080563896228457e-09,1.0387048142285012e-09,0.04587310986825027,0.05161161949850857
252_T1_vs_T2,longitudinal,7,RThigh_to_RShin_rz,RThigh_to_RShin,rz,5.544949429661076e-09,9.460209046752785e-09,3.915259617091709e-09,0.04587310986825027,0.05161161949850857
252_T1_vs_T2,longitudinal,7,RUArm_to_RFArm_rx,RUArm_to_RFArm,rx,0.4165253960559637,0.3969793009615726,-0.019546095094391147,0.04587310986825027,0.05161161949850857
252_T1_vs_T2,longitudinal,7,RUArm_to_RFArm_ry,RUArm_to_RFArm,ry,0.3970106275832007,0.13370143840466936,-0.26330918917853136,0.04587310986825027,0.05161161949850857
252_T1_vs_T2,longitudinal,7,RUArm_to_RFArm_rz,RUArm_to_RFArm,rz,0.014268378721820659,0.03215614179960689,0.01788776307778623,0.04587310986825027,0.05161161949850857
252_T1_vs_T2,longitudinal,8,252_to_LThigh_rx,252_to_LThigh,rx,0.5491028749241991,0.0845131987493009,-0.46458967617489816,0.038407778560372335,0.042512508323801115
252_T1_vs_T2,longitudinal,8,252_to_LThigh_ry,252_to_LThigh,ry,0.1028545720612868,0.11885478661010658,0.01600021454881978,0.038407778560372335,0.042512508323801115
252_T1_vs_T2,longitudinal,8,252_to_LThigh_rz,252_to_LThigh,rz,0.10279204768183972,0.0340132005450219,-0.06877884713681781,0.038407778560372335,0.042512508323801115
252_T1_vs_T2,longitudinal,8,252_to_RThigh_rx,252_to_RThigh,rx,0.18149496150502067,0.08282654309439225,-0.09866841841062843,0.038407778560372335,0.042512508323801115
252_T1_vs_T2,longitudinal,8,252_to_RThigh_ry,252_to_RThigh,ry,0.08698045811366067,0.09754233015089586,0.010561872037235187,0.038407778560372335,0.042512508323801115
252_T1_vs_T2,longitudinal,8,252_to_RThigh_rz,252_to_RThigh,rz,0.19132125137318434,0.07235980484477295,-0.1189614465284114,0.038407778560372335,0.042512508323801115
252_T1_vs_T2,longitudinal,8,Chest_to_LShoulder_rx,Chest_to_LShoulder,rx,0.03608560453578533,0.05560894729471072,0.019523342758925387,0.038407778560372335,0.042512508323801115
252_T1_vs_T2,longitudinal,8,Chest_to_LShoulder_ry,Chest_to_LShoulder,ry,0.09534719009284083,0.08344683580865182,-0.011900354284189008,0.038407778560372335,0.042512508323801115
252_T1_vs_T2,longitudinal,8,Chest_to_LShoulder_rz,Chest_to_LShoulder,rz,0.006956738544582754,0.05021263847121006,0.0432558999266273,0.038407778560372335,0.042512508323801115
252_T1_vs_T2,longitudinal,8,Chest_to_Neck_rx,Chest_to_Neck,rx,0.13511408061167698,0.00787410112096955,-0.12723997949070742,0.038407778560372335,0.042512508323801115
252_T1_vs_T2,longitudinal,8,Chest_to_Neck_ry,Chest_to_Neck,ry,0.03637987094467266,0.09110156039361002,0.054721689448937356,0.038407778560372335,0.042512508323801115
252_T1_vs_T2,longitudinal,8,Chest_to_Neck_rz,Chest_to_Neck,rz,0.047005413644053966,0.041005011241492265,-0.006000402402561701,0.038407778560372335,0.042512508323801115
252_T1_vs_T2,longitudinal,8,Chest_to_RShoulder_rx,Chest_to_RShoulder,rx,0.0272355178224607,0.05899774769218599,0.031762229869725295,0.038407778560372335,0.042512508323801115
252_T1_vs_T2,longitudinal,8,Chest_to_RShoulder_ry,Chest_to_RShoulder,ry,0.08633536576043356,0.01997144451298273,-0.06636392124745083,0.038407778560372335,0.042512508323801115
252_T1_vs_T2,longitudinal,8,Chest_to_RShoulder_rz,Chest_to_RShoulder,rz,0.020876239563669862,0.17302386574659187,0.15214762618292202,0.038407778560372335,0.042512508323801115
252_T1_vs_T2,longitudinal,8,LFArm_to_LHand_rx,LFArm_to_LHand,rx,0.013399752950268747,0.019199307192283018,0.005799554242014272,0.038407778560372335,0.042512508323801115
252_T1_vs_T2,longitudinal,8,LFArm_to_LHand_ry,LFArm_to_LHand,ry,0.05290133543665138,0.05772595577436652,0.004824620337715135,0.038407778560372335,0.042512508323801115
252_T1_vs_T2,longitudinal,8,LFArm_to_LHand_rz,LFArm_to_LHand,rz,0.05971657360846841,0.13813052440456905,0.07841395079610064,0.038407778560372335,0.042512508323801115
252_T1_vs_T2,longitudinal,8,LShin_to_LFoot_rx,LShin_to_LFoot,rx,0.10050976982040012,0.030181355783582026,-0.0703284140368181,0.038407778560372335,0.042512508323801115
252_T1_vs_T2,longitudinal,8,LShin_to_LFoot_ry,LShin_to_LFoot,ry,0.12382334207022537,0.08407203015505396,-0.03975131191517141,0.038407778560372335,0.042512508323801115
252_T1_vs_T2,longitudinal,8,LShin_to_LFoot_rz,LShin_to_LFoot,rz,0.106711977277323,0.039463274603068914,-0.06724870267425409,0.038407778560372335,0.042512508323801115
252_T1_vs_T2,longitudinal,8,LShoulder_to_LUArm_rx,LShoulder_to_LUArm,rx,0.34905283869028714,0.11638795370616055,-0.23266488498412657,0.038407778560372335,0.042512508323801115
252_T1_vs_T2,longitudinal,8,LShoulder_to_LUArm_ry,LShoulder_to_LUArm,ry,0.12180446402118546,0.24500076693854644,0.12319630291736099,0.038407778560372335,0.042512508323801115
252_T1_vs_T2,longitudinal,8,LShoulder_to_LUArm_rz,LShoulder_to_LUArm,rz,0.07675306272225177,0.24884409013527178,0.17209102741302001,0.038407778560372335,0.042512508323801115
252_T1_vs_T2,longitudinal,8,LThigh_to_LShin_rx,LThigh_to_LShin,rx,0.42694001050796687,0.29051021515362857,-0.1364297953543383,0.038407778560372335,0.042512508323801115
252_T1_vs_T2,longitudinal,8,LThigh_to_LShin_ry,LThigh_to_LShin,ry,4.47865720236769e-10,3.712922426941707e-08,3.66813585491803e-08,0.038407778560372335,0.042512508323801115
252_T1_vs_T2,longitudinal,8,LThigh_to_LShin_rz,LThigh_to_LShin,rz,2.4425226445072647e-09,3.6480091087065774e-08,3.403756844255851e-08,0.038407778560372335,0.042512508323801115
252_T1_vs_T2,longitudinal,8,LUArm_to_LFArm_rx,LUArm_to_LFArm,rx,0.003090474382101675,0.15011952126544706,0.1470290468833454,0.038407778560372335,0.042512508323801115
252_T1_vs_T2,longitudinal,8,LUArm_to_LFArm_ry,LUArm_to_LFArm,ry,0.061721804510547054,0.1000565452439919,0.03833474073344485,0.038407778560372335,0.042512508323801115
252_T1_vs_T2,longitudinal,8,LUArm_to_LFArm_rz,LUArm_to_LFArm,rz,0.055030785303589805,0.1062989913259631,0.051268206022373294,0.038407778560372335,0.042512508323801115
252_T1_vs_T2,longitudinal,8,Neck_to_Head_rx,Neck_to_Head,rx,0.1350636272564927,0.00813905580628179,-0.1269245714502109,0.038407778560372335,0.042512508323801115
252_T1_vs_T2,longitudinal,8,Neck_to_Head_ry,Neck_to_Head,ry,0.026604524812060857,0.09753118912949484,0.07092666431743398,0.038407778560372335,0.042512508323801115
252_T1_vs_T2,longitudinal,8,Neck_to_Head_rz,Neck_to_Head,rz,0.05284440509648946,0.02295675874587683,-0.02988764635061263,0.038407778560372335,0.042512508323801115
252_T1_vs_T2,longitudinal,8,RFArm_to_RHand_rx,RFArm_to_RHand,rx,0.005799537777656177,0.0037372412550994807,-0.002062296522556696,0.038407778560372335,0.042512508323801115
252_T1_vs_T2,longitudinal,8,RFArm_to_RHand_ry,RFArm_to_RHand,ry,0.051484685639547195,0.05907227858430028,0.007587592944753085,0.038407778560372335,0.042512508323801115
252_T1_vs_T2,longitudinal,8,RFArm_to_RHand_rz,RFArm_to_RHand,rz,0.023904806245367196,0.047496860441301594,0.0235920541959344,0.038407778560372335,0.042512508323801115
252_T1_vs_T2,longitudinal,8,RShin_to_RFoot_rx,RShin_to_RFoot,rx,0.109371642619436,0.028961309896465226,-0.08041033272297077,0.038407778560372335,0.042512508323801115
252_T1_vs_T2,longitudinal,8,RShin_to_RFoot_ry,RShin_to_RFoot,ry,0.0007388055852887971,0.06536197770172757,0.06462317211643877,0.038407778560372335,0.042512508323801115
252_T1_vs_T2,longitudinal,8,RShin_to_RFoot_rz,RShin_to_RFoot,rz,0.062461557265072985,0.0036805725085860704,-0.058780984756486916,0.038407778560372335,0.042512508323801115
252_T1_vs_T2,longitudinal,8,RShoulder_to_RUArm_rx,RShoulder_to_RUArm,rx,0.04790775074017204,0.06091546387937269,0.013007713139200648,0.038407778560372335,0.042512508323801115
252_T1_vs_T2,longitudinal,8,RShoulder_to_RUArm_ry,RShoulder_to_RUArm,ry,0.18016521286106002,0.21808581501378774,0.03792060215272772,0.038407778560372335,0.042512508323801115
252_T1_vs_T2,longitudinal,8,RShoulder_to_RUArm_rz,RShoulder_to_RUArm,rz,0.05301643995835933,0.6143993608009379,0.5613829208425786,0.038407778560372335,0.042512508323801115
252_T1_vs_T2,longitudinal,8,RThigh_to_RShin_rx,RThigh_to_RShin,rx,0.2756597302531648,0.26640567168139706,-0.009254058571767754,0.038407778560372335,0.042512508323801115
252_T1_vs_T2,longitudinal,8,RThigh_to_RShin_ry,RThigh_to_RShin,ry,2.965842725442612e-08,2.2335367934028564e-08,-7.3230593203975554e-09,0.038407778560372335,0.042512508323801115
252_T1_vs_T2,longitudinal,8,RThigh_to_RShin_rz,RThigh_to_RShin,rz,3.7589267066400775e-08,1.8657996167013363e-08,-1.893127089938741e-08,0.038407778560372335,0.042512508323801115
252_T1_vs_T2,longitudinal,8,RUArm_to_RFArm_rx,RUArm_to_RFArm,rx,0.033633499014710314,0.08536581068198158,0.05173231166727127,0.038407778560372335,0.042512508323801115
252_T1_vs_T2,longitudinal,8,RUArm_to_RFArm_ry,RUArm_to_RFArm,ry,0.15854176300181794,0.2201251713412284,0.06158340833941045,0.038407778560372335,0.042512508323801115
252_T1_vs_T2,longitudinal,8,RUArm_to_RFArm_rz,RUArm_to_RFArm,rz,0.06024677272914998,0.1643441288871759,0.10409735615802591,0.038407778560372335,0.042512508323801115
252_T1_vs_T2,longitudinal,9,252_to_LThigh_rx,252_to_LThigh,rx,0.1978586194135096,0.4529481633132141,0.2550895438997045,0.030933916461079684,0.024752553058650695
252_T1_vs_T2,longitudinal,9,252_to_LThigh_ry,252_to_LThigh,ry,0.09808786438234202,0.1341169777319937,0.03602911334965167,0.030933916461079684,0.024752553058650695
252_T1_vs_T2,longitudinal,9,252_to_LThigh_rz,252_to_LThigh,rz,0.06893988671743127,0.14128210250363213,0.07234221578620086,0.030933916461079684,0.024752553058650695
252_T1_vs_T2,longitudinal,9,252_to_RThigh_rx,252_to_RThigh,rx,0.3264552158309888,0.17861132193495532,-0.14784389389603347,0.030933916461079684,0.024752553058650695
252_T1_vs_T2,longitudinal,9,252_to_RThigh_ry,252_to_RThigh,ry,0.11900138690216734,0.05260775702954884,-0.0663936298726185,0.030933916461079684,0.024752553058650695
252_T1_vs_T2,longitudinal,9,252_to_RThigh_rz,252_to_RThigh,rz,0.21667957053278225,0.03984417154637537,-0.17683539898640688,0.030933916461079684,0.024752553058650695
252_T1_vs_T2,longitudinal,9,Chest_to_LShoulder_rx,Chest_to_LShoulder,rx,0.05720434547623689,0.020280972210974507,-0.03692337326526238,0.030933916461079684,0.024752553058650695
252_T1_vs_T2,longitudinal,9,Chest_to_LShoulder_ry,Chest_to_LShoulder,ry,0.10916056025062422,0.09607914697826782,-0.013081413272356401,0.030933916461079684,0.024752553058650695
252_T1_vs_T2,longitudinal,9,Chest_to_LShoulder_rz,Chest_to_LShoulder,rz,0.04271507566712994,0.0055762804213546294,-0.03713879524577531,0.030933916461079684,0.024752553058650695
252_T1_vs_T2,longitudinal,9,Chest_to_Neck_rx,Chest_to_Neck,rx,0.14248890940737907,0.06658431344272958,-0.07590459596464949,0.030933916461079684,0.024752553058650695
252_T1_vs_T2,longitudinal,9,Chest_to_Neck_ry,Chest_to_Neck,ry,0.05046682560220968,0.02814291266369907,-0.022323912938510607,0.030933916461079684,0.024752553058650695
252_T1_vs_T2,longitudinal,9,Chest_to_Neck_rz,Chest_to_Neck,rz,0.1580568978331294,0.06832240240089398,-0.08973449543223543,0.030933916461079684,0.024752553058650695
252_T1_vs_T2,longitudinal,9,Chest_to_RShoulder_rx,Chest_to_RShoulder,rx,0.0020843886565400874,0.017784644566257363,0.015700255909717277,0.030933916461079684,0.024752553058650695
252_T1_vs_T2,longitudinal,9,Chest_to_RShoulder_ry,Chest_to_RShoulder,ry,0.02797092115072774,0.07379094795175686,0.045820026801029125,0.030933916461079684,0.024752553058650695
252_T1_vs_T2,longitudinal,9,Chest_to_RShoulder_rz,Chest_to_RShoulder,rz,0.09506290918259269,0.06753744409625931,-0.027525465086333384,0.030933916461079684,0.024752553058650695
252_T1_vs_T2,longitudinal,9,LFArm_to_LHand_rx,LFArm_to_LHand,rx,0.013976306704517022,0.008599124723633046,-0.0053771819808839764,0.030933916461079684,0.024752553058650695
252_T1_vs_T2,longitudinal,9,LFArm_to_LHand_ry,LFArm_to_LHand,ry,0.024312304103532207,0.03456380808614706,0.010251503982614856,0.030933916461079684,0.024752553058650695
252_T1_vs_T2,longitudinal,9,LFArm_to_LHand_rz,LFArm_to_LHand,rz,0.09400344007390421,0.02044365781762467,-0.07355978225627954,0.030933916461079684,0.024752553058650695
252_T1_vs_T2,longitudinal,9,LShin_to_LFoot_rx,LShin_to_LFoot,rx,0.21258776630954154,0.18387553170341797,-0.02871223460612357,0.030933916461079684,0.024752553058650695
252_T1_vs_T2,longitudinal,9,LShin_to_LFoot_ry,LShin_to_LFoot,ry,0.09031420445584487,0.13585481600532825,0.045540611549483384,0.030933916461079684,0.024752553058650695
252_T1_vs_T2,longitudinal,9,LShin_to_LFoot_rz,LShin_to_LFoot,rz,0.06356344733014004,0.008942520639181852,-0.05462092669095818,0.030933916461079684,0.024752553058650695
252_T1_vs_T2,longitudinal,9,LShoulder_to_LUArm_rx,LShoulder_to_LUArm,rx,0.18672736037940796,0.3285758162054269,0.14184845582601896,0.030933916461079684,0.024752553058650695
252_T1_vs_T2,longitudinal,9,LShoulder_to_LUArm_ry,LShoulder_to_LUArm,ry,0.4168115031207401,0.31731938359939144,-0.09949211952134868,0.030933916461079684,0.024752553058650695
252_T1_vs_T2,longitudinal,9,LShoulder_to_LUArm_rz,LShoulder_to_LUArm,rz,0.313777491483753,0.061992900763839134,-0.2517845907199139,0.030933916461079684,0.024752553058650695
252_T1_vs_T2,longitudinal,9,LThigh_to_LShin_rx,LThigh_to_LShin,rx,0.0757930498615553,0.33355028435109196,0.2577572344895367,0.030933916461079684,0.024752553058650695
252_T1_vs_T2,longitudinal,9,LThigh_to_LShin_ry,LThigh_to_LShin,ry,3.3020481717972196e-09,4.0822473612737005e-08,3.7520425440939783e-08,0.030933916461079684,0.024752553058650695
252_T1_vs_T2,longitudinal,9,LThigh_to_LShin_rz,LThigh_to_LShin,rz,4.759455784747485e-09,1.6024589320325978e-08,1.1265133535578494e-08,0.030933916461079684,0.024752553058650695
252_T1_vs_T2,longitudinal,9,LUArm_to_LFArm_rx,LUArm_to_LFArm,rx,0.11949848275337722,0.019593785040336455,-0.09990469771304077,0.030933916461079684,0.024752553058650695
252_T1_vs_T2,longitudinal,9,LUArm_to_LFArm_ry,LUArm_to_LFArm,ry,0.24539644391749724,0.16776532591900145,-0.07763111799849579,0.030933916461079684,0.024752553058650695
252_T1_vs_T2,longitudinal,9,LUArm_to_LFArm_rz,LUArm_to_LFArm,rz,0.09979490722411793,0.02373964384523582,-0.07605526337888212,0.030933916461079684,0.024752553058650695
252_T1_vs_T2,longitudinal,9,Neck_to_Head_rx,Neck_to_Head,rx,0.14224124575751929,0.06638419807213589,-0.0758570476853834,0.030933916461079684,0.024752553058650695
252_T1_vs_T2,longitudinal,9,Neck_to_Head_ry,Neck_to_Head,ry,0.08007943540211637,0.04080559793873451,-0.03927383746338186,0.030933916461079684,0.024752553058650695
252_T1_vs_T2,longitudinal,9,Neck_to_Head_rz,Neck_to_Head,rz,0.14578559203419336,0.06212922411774834,-0.08365636791644501,0.030933916461079684,0.024752553058650695
252_T1_vs_T2,longitudinal,9,RFArm_to_RHand_rx,RFArm_to_RHand,rx,0.0010091044122410658,0.0016171471685866331,0.0006080427563455674,0.030933916461079684,0.024752553058650695
252_T1_vs_T2,longitudinal,9,RFArm_to_RHand_ry,RFArm_to_RHand,ry,0.008759281460271778,0.000177304910443703,-0.008581976549828075,0.030933916461079684,0.024752553058650695
252_T1_vs_T2,longitudinal,9,RFArm_to_RHand_rz,RFArm_to_RHand,rz,0.047676155451474536,0.027361501537598486,-0.02031465391387605,0.030933916461079684,0.024752553058650695
252_T1_vs_T2,longitudinal,9,RShin_to_RFoot_rx,RShin_to_RFoot,rx,0.15030905927084875,0.045277300847659914,-0.10503175842318885,0.030933916461079684,0.024752553058650695
252_T1_vs_T2,longitudinal,9,RShin_to_RFoot_ry,RShin_to_RFoot,ry,0.03201133788212314,0.13466136448752897,0.10265002660540583,0.030933916461079684,0.024752553058650695
252_T1_vs_T2,longitudinal,9,RShin_to_RFoot_rz,RShin_to_RFoot,rz,0.06860630042150735,0.027039408026386682,-0.041566892395120666,0.030933916461079684,0.024752553058650695
252_T1_vs_T2,longitudinal,9,RShoulder_to_RUArm_rx,RShoulder_to_RUArm,rx,0.0568914472714202,0.23926825091241657,0.18237680364099637,0.030933916461079684,0.024752553058650695
252_T1_vs_T2,longitudinal,9,RShoulder_to_RUArm_ry,RShoulder_to_RUArm,ry,0.12797530036335159,0.37634209530978174,0.24836679494643016,0.030933916461079684,0.024752553058650695
252_T1_vs_T2,longitudinal,9,RShoulder_to_RUArm_rz,RShoulder_to_RUArm,rz,0.36201349531926724,0.18628210921704122,-0.17573138610222602,0.030933916461079684,0.024752553058650695
252_T1_vs_T2,longitudinal,9,RThigh_to_RShin_rx,RThigh_to_RShin,rx,0.017400337428771225,0.0430712289024911,0.025670891473719874,0.030933916461079684,0.024752553058650695
252_T1_vs_T2,longitudinal,9,RThigh_to_RShin_ry,RThigh_to_RShin,ry,3.9121389095059085e-08,1.4129918979868345e-08,-2.499147011519074e-08,0.030933916461079684,0.024752553058650695
252_T1_vs_T2,longitudinal,9,RThigh_to_RShin_rz,RThigh_to_RShin,rz,3.821256057811618e-09,4.786031360482153e-08,4.403905754700991e-08,0.030933916461079684,0.024752553058650695
252_T1_vs_T2,longitudinal,9,RUArm_to_RFArm_rx,RUArm_to_RFArm,rx,0.0849629575426234,0.0512933142124595,-0.033669643330163895,0.030933916461079684,0.024752553058650695
252_T1_vs_T2,longitudinal,9,RUArm_to_RFArm_ry,RUArm_to_RFArm,ry,0.054409463374231845,0.10940384663722065,0.054994383262988805,0.030933916461079684,0.024752553058650695
252_T1_vs_T2,longitudinal,9,RUArm_to_RFArm_rz,RUArm_to_RFArm,rz,0.011380058516485492,0.0471950374585304,0.03581497894204491,0.030933916461079684,0.024752553058650695
252_T1_vs_T2,longitudinal,10,252_to_LThigh_rx,252_to_LThigh,rx,0.20214048685947272,0.3630854185990226,0.16094493173954988,0.02788791681910347,0.017005403565339156
252_T1_vs_T2,longitudinal,10,252_to_LThigh_ry,252_to_LThigh,ry,0.20662086469623295,0.18941410197884814,-0.017206762717384805,0.02788791681910347,0.017005403565339156
252_T1_vs_T2,longitudinal,10,252_to_LThigh_rz,252_to_LThigh,rz,0.04494675991699293,0.039708523755019626,-0.005238236161973303,0.02788791681910347,0.017005403565339156
252_T1_vs_T2,longitudinal,10,252_to_RThigh_rx,252_to_RThigh,rx,0.29983086895345773,0.48509569056331747,0.18526482160985974,0.02788791681910347,0.017005403565339156
252_T1_vs_T2,longitudinal,10,252_to_RThigh_ry,252_to_RThigh,ry,0.06862258902473581,0.09837361119385395,0.029751022169118138,0.02788791681910347,0.017005403565339156
252_T1_vs_T2,longitudinal,10,252_to_RThigh_rz,252_to_RThigh,rz,0.011008124758440964,0.24425226014819448,0.23324413538975353,0.02788791681910347,0.017005403565339156
252_T1_vs_T2,longitudinal,10,Chest_to_LShoulder_rx,Chest_to_LShoulder,rx,0.02746248921424903,0.0011710061427588727,-0.02629148307149016,0.02788791681910347,0.017005403565339156
252_T1_vs_T2,longitudinal,10,Chest_to_LShoulder_ry,Chest_to_LShoulder,ry,0.005068048514468273,0.024076276084887275,0.019008227570419003,0.02788791681910347,0.017005403565339156
252_T1_vs_T2,longitudinal,10,Chest_to_LShoulder_rz,Chest_to_LShoulder,rz,0.04607709009645325,0.014720748407712139,-0.03135634168874111,0.02788791681910347,0.017005403565339156
252_T1_vs_T2,longitudinal,10,Chest_to_Neck_rx,Chest_to_Neck,rx,0.13406808165698883,0.2490501357128828,0.11498205405589396,0.02788791681910347,0.017005403565339156
252_T1_vs_T2,longitudinal,10,Chest_to_Neck_ry,Chest_to_Neck,ry,0.03248952627435891,0.006706407979320748,-0.02578311829503816,0.02788791681910347,0.017005403565339156
252_T1_vs_T2,longitudinal,10,Chest_to_Neck_rz,Chest_to_Neck,rz,0.05145545991775617,0.1378094960999645,0.08635403618220834,0.02788791681910347,0.017005403565339156
252_T1_vs_T2,longitudinal,10,Chest_to_RShoulder_rx,Chest_to_RShoulder,rx,0.057609478822659564,0.015615553036283921,-0.04199392578637565,0.02788791681910347,0.017005403565339156
252_T1_vs_T2,longitudinal,10,Chest_to_RShoulder_ry,Chest_to_RShoulder,ry,0.01791512937441848,0.04645275725007181,0.028537627875653327,0.02788791681910347,0.017005403565339156
252_T1_vs_T2,longitudinal,10,Chest_to_RShoulder_rz,Chest_to_RShoulder,rz,0.14083038568854003,0.051256499002965694,-0.08957388668557434,0.02788791681910347,0.017005403565339156
252_T1_vs_T2,longitudinal,10,LFArm_to_LHand_rx,LFArm_to_LHand,rx,0.006417261756258918,0.00677420063577643,0.000356938879517512,0.02788791681910347,0.017005403565339156
252_T1_vs_T2,longitudinal,10,LFArm_to_LHand_ry,LFArm_to_LHand,ry,0.007158868783998329,0.03056390632040024,0.023405037536401913,0.02788791681910347,0.017005403565339156
252_T1_vs_T2,longitudinal,10,LFArm_to_LHand_rz,LFArm_to_LHand,rz,0.06482525961136724,0.019819898676337547,-0.0450053609350297,0.02788791681910347,0.017005403565339156
252_T1_vs_T2,longitudinal,10,LShin_to_LFoot_rx,LShin_to_LFoot,rx,0.20071454321843546,0.2893521949528389,0.08863765173440347,0.02788791681910347,0.017005403565339156
252_T1_vs_T2,longitudinal,10,LShin_to_LFoot_ry,LShin_to_LFoot,ry,0.003736367772824238,0.027814996593606065,0.024078628820781826,0.02788791681910347,0.017005403565339156
252_T1_vs_T2,longitudinal,10,LShin_to_LFoot_rz,LShin_to_LFoot,rz,0.03109520960320627,0.114949814183038,0.08385460457983174,0.02788791681910347,0.017005403565339156
252_T1_vs_T2,longitudinal,10,LShoulder_to_LUArm_rx,LShoulder_to_LUArm,rx,0.051494942523657834,0.10791883526106051,0.05642389273740268,0.02788791681910347,0.017005403565339156
252_T1_vs_T2,longitudinal,10,LShoulder_to_LUArm_ry,LShoulder_to_LUArm,ry,0.17000955200911058,0.15634059493491892,-0.013668957074191662,0.02788791681910347,0.017005403565339156
252_T1_vs_T2,longitudinal,10,LShoulder_to_LUArm_rz,LShoulder_to_LUArm,rz,0.1429417767856187,0.060613476099714333,-0.08232830068590437,0.02788791681910347,0.017005403565339156
252_T1_vs_T2,longitudinal,10,LThigh_to_LShin_rx,LThigh_to_LShin,rx,0.08876385866241503,0.25625713439195946,0.16749327572954442,0.02788791681910347,0.017005403565339156
252_T1_vs_T2,longitudinal,10,LThigh_to_LShin_ry,LThigh_to_LShin,ry,5.427640538798985e-08,1.843271011276271e-08,-3.5843695275227135e-08,0.02788791681910347,0.017005403565339156
252_T1_vs_T2,longitudinal,10,LThigh_to_LShin_rz,LThigh_to_LShin,rz,2.977042688825825e-08,3.311635823522273e-09,-2.6458791064735977e-08,0.02788791681910347,0.017005403565339156
252_T1_vs_T2,longitudinal,10,LUArm_to_LFArm_rx,LUArm_to_LFArm,rx,0.08440333311640602,0.08686496667042694,0.002461633554020917,0.02788791681910347,0.017005403565339156
252_T1_vs_T2,longitudinal,10,LUArm_to_LFArm_ry,LUArm_to_LFArm,ry,0.024893802555166586,0.0074475263232788155,-0.01744627623188777,0.02788791681910347,0.017005403565339156
252_T1_vs_T2,longitudinal,10,LUArm_to_LFArm_rz,LUArm_to_LFArm,rz,0.04004901143852144,0.08045570037956855,0.04040668894104711,0.02788791681910347,0.017005403565339156
252_T1_vs_T2,longitudinal,10,Neck_to_Head_rx,Neck_to_Head,rx,0.13386148097745607,0.2487301375850765,0.11486865660762044,0.02788791681910347,0.017005403565339156
252_T1_vs_T2,longitudinal,10,Neck_to_Head_ry,Neck_to_Head,ry,0.021968118507080858,0.02017086574269247,-0.0017972527643883886,0.02788791681910347,0.017005403565339156
252_T1_vs_T2,longitudinal,10,Neck_to_Head_rz,Neck_to_Head,rz,0.056995590327288286,0.1366175941183226,0.07962200379103432,0.02788791681910347,0.017005403565339156
252_T1_vs_T2,longitudinal,10,RFArm_to_RHand_rx,RFArm_to_RHand,rx,0.005768590019155543,0.008043708842539713,0.0022751188233841703,0.02788791681910347,0.017005403565339156
252_T1_vs_T2,longitudinal,10,RFArm_to_RHand_ry,RFArm_to_RHand,ry,0.0316685068699392,0.03491147398154925,0.003242967111610047,0.02788791681910347,0.017005403565339156
252_T1_vs_T2,longitudinal,10,RFArm_to_RHand_rz,RFArm_to_RHand,rz,0.06624212375630205,0.04952530903332601,-0.016716814722976037,0.02788791681910347,0.017005403565339156
252_T1_vs_T2,longitudinal,10,RShin_to_RFoot_rx,RShin_to_RFoot,rx,0.04923205720036719,0.21426901269800908,0.16503695549764189,0.02788791681910347,0.017005403565339156
252_T1_vs_T2,longitudinal,10,RShin_to_RFoot_ry,RShin_to_RFoot,ry,0.1956444578837212,0.0988233029062281,-0.0968211549774931,0.02788791681910347,0.017005403565339156
252_T1_vs_T2,longitudinal,10,RShin_to_RFoot_rz,RShin_to_RFoot,rz,0.016904355914490164,0.04670980876645285,0.029805452851962688,0.02788791681910347,0.017005403565339156
252_T1_vs_T2,longitudinal,10,RShoulder_to_RUArm_rx,RShoulder_to_RUArm,rx,0.21582907648853686,0.17442805641905654,-0.04140102006948032,0.02788791681910347,0.017005403565339156
252_T1_vs_T2,longitudinal,10,RShoulder_to_RUArm_ry,RShoulder_to_RUArm,ry,0.49310744299184467,0.03609903458922555,-0.45700840840261914,0.02788791681910347,0.017005403565339156
252_T1_vs_T2,longitudinal,10,RShoulder_to_RUArm_rz,RShoulder_to_RUArm,rz,0.5117031310468717,0.08584551528639588,-0.4258576157604758,0.02788791681910347,0.017005403565339156
252_T1_vs_T2,longitudinal,10,RThigh_to_RShin_rx,RThigh_to_RShin,rx,0.08138275174888727,0.19407689113218243,0.11269413938329516,0.02788791681910347,0.017005403565339156
252_T1_vs_T2,longitudinal,10,RThigh_to_RShin_ry,RThigh_to_RShin,ry,1.296777488783982e-08,3.937742680714913e-08,2.640965191930931e-08,0.02788791681910347,0.017005403565339156
252_T1_vs_T2,longitudinal,10,RThigh_to_RShin_rz,RThigh_to_RShin,rz,3.147661570582298e-08,1.919685377917245e-08,-1.2279761926650528e-08,0.02788791681910347,0.017005403565339156
252_T1_vs_T2,longitudinal,10,RUArm_to_RFArm_rx,RUArm_to_RFArm,rx,0.13606582510420823,0.012497621283041086,-0.12356820382116714,0.02788791681910347,0.017005403565339156
252_T1_vs_T2,longitudinal,10,RUArm_to_RFArm_ry,RUArm_to_RFArm,ry,0.04122891247111559,0.005997396169766376,-0.035231516301349214,0.02788791681910347,0.017005403565339156
252_T1_vs_T2,longitudinal,10,RUArm_to_RFArm_rz,RUArm_to_RFArm,rz,0.10195162464381927,0.03305627970699778,-0.06889534493682148,0.02788791681910347,0.017005403565339156
252_T1_vs_T3,longitudinal,1,252_to_LThigh_rx,252_to_LThigh,rx,0.3765146169682102,0.08397829860279085,-0.2925363183654194,0.20147671677190196,0.308027534083769
252_T1_vs_T3,longitudinal,1,252_to_LThigh_ry,252_to_LThigh,ry,0.09144162733757877,0.036534889297086384,-0.054906738040492384,0.20147671677190196,0.308027534083769
252_T1_vs_T3,longitudinal,1,252_to_LThigh_rz,252_to_LThigh,rz,0.08995448463801485,0.0033515341703244145,-0.08660295046769044,0.20147671677190196,0.308027534083769
252_T1_vs_T3,longitudinal,1,252_to_RThigh_rx,252_to_RThigh,rx,0.16356543762012313,0.41441925152189896,0.25085381390177586,0.20147671677190196,0.308027534083769
252_T1_vs_T3,longitudinal,1,252_to_RThigh_ry,252_to_RThigh,ry,0.013893931656446513,0.1046979869588358,0.09080405530238927,0.20147671677190196,0.308027534083769
252_T1_vs_T3,longitudinal,1,252_to_RThigh_rz,252_to_RThigh,rz,0.04643345288019187,0.045887706046796144,-0.0005457468333957272,0.20147671677190196,0.308027534083769
252_T1_vs_T3,longitudinal,1,Chest_to_LShoulder_rx,Chest_to_LShoulder,rx,0.017895397727600907,0.006261880470377994,-0.011633517257222913,0.20147671677190196,0.308027534083769
252_T1_vs_T3,longitudinal,1,Chest_to_LShoulder_ry,Chest_to_LShoulder,ry,0.027303426398258723,0.03647106042016319,0.009167634021904465,0.20147671677190196,0.308027534083769
252_T1_vs_T3,longitudinal,1,Chest_to_LShoulder_rz,Chest_to_LShoulder,rz,0.003206334546524694,0.032765150192016985,0.02955881564549229,0.20147671677190196,0.308027534083769
252_T1_vs_T3,longitudinal,1,Chest_to_Neck_rx,Chest_to_Neck,rx,0.08098103663885446,0.026264181701424485,-0.054716854937429976,0.20147671677190196,0.308027534083769
252_T1_vs_T3,longitudinal,1,Chest_to_Neck_ry,Chest_to_Neck,ry,0.009433586881052532,0.01989085702426105,0.010457270143208517,0.20147671677190196,0.308027534083769
252_T1_vs_T3,longitudinal,1,Chest_to_Neck_rz,Chest_to_Neck,rz,0.01492113853064299,0.004520545033175691,-0.0104005934974673,0.20147671677190196,0.308027534083769
252_T1_vs_T3,longitudinal,1,Chest_to_RShoulder_rx,Chest_to_RShoulder,rx,0.010228027519770496,0.006668918990780294,-0.0035591085289902024,0.20147671677190196,0.308027534083769
252_T1_vs_T3,longitudinal,1,Chest_to_RShoulder_ry,Chest_to_RShoulder,ry,0.018940719782880013,0.02980748413738664,0.010866764354506626,0.20147671677190196,0.308027534083769
252_T1_vs_T3,longitudinal,1,Chest_to_RShoulder_rz,Chest_to_RShoulder,rz,0.01384267847667258,0.06349578868626099,0.04965311020958841,0.20147671677190196,0.308027534083769
252_T1_vs_T3,longitudinal,1,LFArm_to_LHand_rx,LFArm_to_LHand,rx,0.004960300801954883,0.005340161637473896,0.00037986083551901344,0.20147671677190196,0.308027534083769
252_T1_vs_T3,longitudinal,1,LFArm_to_LHand_ry,LFArm_to_LHand,ry,0.01681509858494037,0.026044194047804625,0.009229095462864254,0.20147671677190196,0.308027534083769
252_T1_vs_T3,longitudinal,1,LFArm_to_LHand_rz,LFArm_to_LHand,rz,0.03961413571606307,0.03620735082364689,-0.0034067848924161787,0.20147671677190196,0.308027534083769
252_T1_vs_T3,longitudinal,1,LShin_to_LFoot_rx,LShin_to_LFoot,rx,0.13768764953345997,0.14921429679967843,0.011526647266218465,0.20147671677190196,0.308027534083769
252_T1_vs_T3,longitudinal,1,LShin_to_LFoot_ry,LShin_to_LFoot,ry,0.10652327661289743,0.018376359243108882,-0.08814691736978855,0.20147671677190196,0.308027534083769
252_T1_vs_T3,longitudinal,1,LShin_to_LFoot_rz,LShin_to_LFoot,rz,0.02638402601636357,0.07267248830570218,0.04628846228933861,0.20147671677190196,0.308027534083769
252_T1_vs_T3,longitudinal,1,LShoulder_to_LUArm_rx,LShoulder_to_LUArm,rx,0.01464366159516382,0.09392424745855871,0.07928058586339488,0.20147671677190196,0.308027534083769
252_T1_vs_T3,longitudinal,1,LShoulder_to_LUArm_ry,LShoulder_to_LUArm,ry,0.12430060931371133,0.0812674106035596,-0.043033198710151724,0.20147671677190196,0.308027534083769
252_T1_vs_T3,longitudinal,1,LShoulder_to_LUArm_rz,LShoulder_to_LUArm,rz,0.031573269525519206,0.04802285265435199,0.01644958312883278,0.20147671677190196,0.308027534083769
252_T1_vs_T3,longitudinal,1,LThigh_to_LShin_rx,LThigh_to_LShin,rx,0.764017899076308,0.07110345501385254,-0.6929144440624555,0.20147671677190196,0.308027534083769
252_T1_vs_T3,longitudinal,1,LThigh_to_LShin_ry,LThigh_to_LShin,ry,2.392865075905822e-09,3.1725421608030617e-09,7.796770848972399e-10,0.20147671677190196,0.308027534083769
252_T1_vs_T3,longitudinal,1,LThigh_to_LShin_rz,LThigh_to_LShin,rz,2.6039412303452844e-08,2.147628174674952e-08,-4.563130556703323e-09,0.20147671677190196,0.308027534083769
252_T1_vs_T3,longitudinal,1,LUArm_to_LFArm_rx,LUArm_to_LFArm,rx,0.005829059390407236,0.021145788330046735,0.0153167289396395,0.20147671677190196,0.308027534083769
252_T1_vs_T3,longitudinal,1,LUArm_to_LFArm_ry,LUArm_to_LFArm,ry,0.20274579115948724,0.02868997448074069,-0.17405581667874653,0.20147671677190196,0.308027534083769
252_T1_vs_T3,longitudinal,1,LUArm_to_LFArm_rz,LUArm_to_LFArm,rz,0.008671217319121075,0.026528296326132052,0.017857079007010977,0.20147671677190196,0.308027534083769
252_T1_vs_T3,longitudinal,1,Neck_to_Head_rx,Neck_to_Head,rx,0.08090811609502672,0.026411430952580275,-0.05449668514244645,0.20147671677190196,0.308027534083769
252_T1_vs_T3,longitudinal,1,Neck_to_Head_ry,Neck_to_Head,ry,0.012216463851291635,0.020309830290193932,0.008093366438902298,0.20147671677190196,0.308027534083769
252_T1_vs_T3,longitudinal,1,Neck_to_Head_rz,Neck_to_Head,rz,0.012846522555325488,0.0005825800286827109,-0.012263942526642776,0.20147671677190196,0.308027534083769
252_T1_vs_T3,longitudinal,1,RFArm_to_RHand_rx,RFArm_to_RHand,rx,0.0030888104097663263,0.006616588049396675,0.0035277776396303484,0.20147671677190196,0.308027534083769
252_T1_vs_T3,longitudinal,1,RFArm_to_RHand_ry,RFArm_to_RHand,ry,0.033844435441167824,0.05073251295564399,0.016888077514476164,0.20147671677190196,0.308027534083769
252_T1_vs_T3,longitudinal,1,RFArm_to_RHand_rz,RFArm_to_RHand,rz,0.0006096233637367149,0.06821924757686211,0.0676096242131254,0.20147671677190196,0.308027534083769
252_T1_vs_T3,longitudinal,1,RShin_to_RFoot_rx,RShin_to_RFoot,rx,0.1257013038220344,0.1421249418618534,0.016423638039819,0.20147671677190196,0.308027534083769
252_T1_vs_T3,longitudinal,1,RShin_to_RFoot_ry,RShin_to_RFoot,ry,0.009444873225949096,0.08236459197710673,0.07291971875115763,0.20147671677190196,0.308027534083769
252_T1_vs_T3,longitudinal,1,RShin_to_RFoot_rz,RShin_to_RFoot,rz,0.12315287871571622,0.09509782474024214,-0.028055053975474073,0.20147671677190196,0.308027534083769
252_T1_vs_T3,longitudinal,1,RShoulder_to_RUArm_rx,RShoulder_to_RUArm,rx,0.160726842419292,0.24937516356251385,0.08864832114322185,0.20147671677190196,0.308027534083769
252_T1_vs_T3,longitudinal,1,RShoulder_to_RUArm_ry,RShoulder_to_RUArm,ry,0.003484535454819724,0.10472756080505355,0.10124302535023383,0.20147671677190196,0.308027534083769
252_T1_vs_T3,longitudinal,1,RShoulder_to_RUArm_rz,RShoulder_to_RUArm,rz,0.011739352478768202,0.13905348027260203,0.12731412779383383,0.20147671677190196,0.308027534083769
252_T1_vs_T3,longitudinal,1,RThigh_to_RShin_rx,RThigh_to_RShin,rx,0.010944008739856825,0.698270902812506,0.6873268940726492,0.20147671677190196,0.308027534083769
252_T1_vs_T3,longitudinal,1,RThigh_to_RShin_ry,RThigh_to_RShin,ry,1.207262593568545e-08,4.474195146030446e-10,-1.1625206421082405e-08,0.20147671677190196,0.308027534083769
252_T1_vs_T3,longitudinal,1,RThigh_to_RShin_rz,RThigh_to_RShin,rz,1.4066409378748407e-09,2.3585442083144563e-08,2.2178801145269723e-08,0.20147671677190196,0.308027534083769
252_T1_vs_T3,longitudinal,1,RUArm_to_RFArm_rx,RUArm_to_RFArm,rx,0.12749420658337465,0.25191158964024907,0.12441738305687441,0.20147671677190196,0.308027534083769
252_T1_vs_T3,longitudinal,1,RUArm_to_RFArm_ry,RUArm_to_RFArm,ry,0.1938842663443439,0.18922817549834392,-0.004656090845999966,0.20147671677190196,0.308027534083769
252_T1_vs_T3,longitudinal,1,RUArm_to_RFArm_rz,RUArm_to_RFArm,rz,0.10286277268866133,0.1409403581818584,0.03807758549319708,0.20147671677190196,0.308027534083769
252_T1_vs_T3,longitudinal,2,252_to_LThigh_rx,252_to_LThigh,rx,0.2117366216543446,0.07194873700664801,-0.1397878846476966,0.14404605710929433,0.17558684559793206
252_T1_vs_T3,longitudinal,2,252_to_LThigh_ry,252_to_LThigh,ry,0.024364787064616387,0.07172179088987087,0.04735700382525448,0.14404605710929433,0.17558684559793206
252_T1_vs_T3,longitudinal,2,252_to_LThigh_rz,252_to_LThigh,rz,0.025873803930614364,0.02518974512200825,-0.0006840588086061139,0.14404605710929433,0.17558684559793206
252_T1_vs_T3,longitudinal,2,252_to_RThigh_rx,252_to_RThigh,rx,0.07848676031912552,0.29080838461655123,0.2123216242974257,0.14404605710929433,0.17558684559793206
252_T1_vs_T3,longitudinal,2,252_to_RThigh_ry,252_to_RThigh,ry,0.04307200287678969,0.03656082508524015,-0.006511177791549534,0.14404605710929433,0.17558684559793206
252_T1_vs_T3,longitudinal,2,252_to_RThigh_rz,252_to_RThigh,rz,0.02396215587964953,0.025216918687631363,0.0012547628079818338,0.14404605710929433,0.17558684559793206
252_T1_vs_T3,longitudinal,2,Chest_to_LShoulder_rx,Chest_to_LShoulder,rx,0.029713381093416317,0.010891587666818392,-0.018821793426597927,0.14404605710929433,0.17558684559793206
252_T1_vs_T3,longitudinal,2,Chest_to_LShoulder_ry,Chest_to_LShoulder,ry,0.0015528882414541977,0.040264303741657015,0.038711415500202816,0.14404605710929433,0.17558684559793206
252_T1_vs_T3,longitudinal,2,Chest_to_LShoulder_rz,Chest_to_LShoulder,rz,0.06084470388093828,0.04021654687454216,-0.02062815700639612,0.14404605710929433,0.17558684559793206
252_T1_vs_T3,longitudinal,2,Chest_to_Neck_rx,Chest_to_Neck,rx,0.04929722607237052,0.04033210803973145,-0.008965118032639066,0.14404605710929433,0.17558684559793206
252_T1_vs_T3,longitudinal,2,Chest_to_Neck_ry,Chest_to_Neck,ry,0.048908347500486477,0.001115773547970868,-0.047792573952515606,0.14404605710929433,0.17558684559793206
252_T1_vs_T3,longitudinal,2,Chest_to_Neck_rz,Chest_to_Neck,rz,0.012662203476241776,0.02106530774412867,0.008403104267886895,0.14404605710929433,0.17558684559793206
252_T1_vs_T3,longitudinal,2,Chest_to_RShoulder_rx,Chest_to_RShoulder,rx,0.004031579626205994,0.008428767378178569,0.004397187751972575,0.14404605710929433,0.17558684559793206
252_T1_vs_T3,longitudinal,2,Chest_to_RShoulder_ry,Chest_to_RShoulder,ry,0.002172196746525698,0.031908663484342396,0.0297364667378167,0.14404605710929433,0.17558684559793206
252_T1_vs_T3,longitudinal,2,Chest_to_RShoulder_rz,Chest_to_RShoulder,rz,0.1281068193445115,0.1381770270567206,0.010070207712209095,0.14404605710929433,0.17558684559793206
252_T1_vs_T3,longitudinal,2,LFArm_to_LHand_rx,LFArm_to_LHand,rx,0.005103655128104489,0.0006871961550865445,-0.004416458973017945,0.14404605710929433,0.17558684559793206
252_T1_vs_T3,longitudinal,2,LFArm_to_LHand_ry,LFArm_to_LHand,ry,0.03727953253273347,0.007867360512429495,-0.029412172020303978,0.14404605710929433,0.17558684559793206
252_T1_vs_T3,longitudinal,2,LFArm_to_LHand_rz,LFArm_to_LHand,rz,0.022194919572727356,0.018040365589037606,-0.0041545539836897495,0.14404605710929433,0.17558684559793206
252_T1_vs_T3,longitudinal,2,LShin_to_LFoot_rx,LShin_to_LFoot,rx,0.03318861916396687,0.10954676506117718,0.07635814589721031,0.14404605710929433,0.17558684559793206
252_T1_vs_T3,longitudinal,2,LShin_to_LFoot_ry,LShin_to_LFoot,ry,0.004800035401323453,0.03912389270814232,0.03432385730681887,0.14404605710929433,0.17558684559793206
252_T1_vs_T3,longitudinal,2,LShin_to_LFoot_rz,LShin_to_LFoot,rz,0.014079978603388572,0.04043610450322346,0.02635612589983489,0.14404605710929433,0.17558684559793206
252_T1_vs_T3,longitudinal,2,LShoulder_to_LUArm_rx,LShoulder_to_LUArm,rx,0.03456957268695551,0.11512248714273482,0.0805529144557793,0.14404605710929433,0.17558684559793206
252_T1_vs_T3,longitudinal,2,LShoulder_to_LUArm_ry,LShoulder_to_LUArm,ry,0.018135819221066402,0.0863058378598637,0.0681700186387973,0.14404605710929433,0.17558684559793206
252_T1_vs_T3,longitudinal,2,LShoulder_to_LUArm_rz,LShoulder_to_LUArm,rz,0.05776218160493225,0.005448926558661824,-0.05231325504627043,0.14404605710929433,0.17558684559793206
252_T1_vs_T3,longitudinal,2,LThigh_to_LShin_rx,LThigh_to_LShin,rx,0.1288636376978242,0.07605995017049073,-0.05280368752733346,0.14404605710929433,0.17558684559793206
252_T1_vs_T3,longitudinal,2,LThigh_to_LShin_ry,LThigh_to_LShin,ry,7.092042629511375e-09,3.9935728268644335e-08,3.284368563913296e-08,0.14404605710929433,0.17558684559793206
252_T1_vs_T3,longitudinal,2,LThigh_to_LShin_rz,LThigh_to_LShin,rz,5.4242642945635e-09,1.9483382803477794e-08,1.4059118508914294e-08,0.14404605710929433,0.17558684559793206
252_T1_vs_T3,longitudinal,2,LUArm_to_LFArm_rx,LUArm_to_LFArm,rx,0.20678221345646797,0.05166747681463158,-0.1551147366418364,0.14404605710929433,0.17558684559793206
252_T1_vs_T3,longitudinal,2,LUArm_to_LFArm_ry,LUArm_to_LFArm,ry,0.1808077274395257,0.06361858616519753,-0.11718914127432817,0.14404605710929433,0.17558684559793206
252_T1_vs_T3,longitudinal,2,LUArm_to_LFArm_rz,LUArm_to_LFArm,rz,0.03662405204027868,0.06232997331572532,0.025705921275446637,0.14404605710929433,0.17558684559793206
252_T1_vs_T3,longitudinal,2,Neck_to_Head_rx,Neck_to_Head,rx,0.04910359925013942,0.040181982277754005,-0.008921616972385416,0.14404605710929433,0.17558684559793206
252_T1_vs_T3,longitudinal,2,Neck_to_Head_ry,Neck_to_Head,ry,0.045742360353801255,0.0027741310580417762,-0.042968229295759476,0.14404605710929433,0.17558684559793206
252_T1_vs_T3,longitudinal,2,Neck_to_Head_rz,Neck_to_Head,rz,0.02168287416198996,0.020898794346369775,-0.000784079815620186,0.14404605710929433,0.17558684559793206
252_T1_vs_T3,longitudinal,2,RFArm_to_RHand_rx,RFArm_to_RHand,rx,0.0033548869783691353,0.007694459519849308,0.004339572541480173,0.14404605710929433,0.17558684559793206
252_T1_vs_T3,longitudinal,2,RFArm_to_RHand_ry,RFArm_to_RHand,ry,0.06425856398420791,0.07713633862768828,0.01287777464348036,0.14404605710929433,0.17558684559793206
252_T1_vs_T3,longitudinal,2,RFArm_to_RHand_rz,RFArm_to_RHand,rz,0.017967739995501004,0.08812201344399727,0.07015427344849626,0.14404605710929433,0.17558684559793206
252_T1_vs_T3,longitudinal,2,RShin_to_RFoot_rx,RShin_to_RFoot,rx,0.05764110239575118,0.0010640522246331324,-0.05657705017111805,0.14404605710929433,0.17558684559793206
252_T1_vs_T3,longitudinal,2,RShin_to_RFoot_ry,RShin_to_RFoot,ry,0.0029422362349526793,0.004981231737884379,0.0020389955029316994,0.14404605710929433,0.17558684559793206
252_T1_vs_T3,longitudinal,2,RShin_to_RFoot_rz,RShin_to_RFoot,rz,0.01747924834343095,0.04029992809910654,0.02282067975567559,0.14404605710929433,0.17558684559793206
252_T1_vs_T3,longitudinal,2,RShoulder_to_RUArm_rx,RShoulder_to_RUArm,rx,0.23678121792839743,0.47361583575038274,0.2368346178219853,0.14404605710929433,0.17558684559793206
252_T1_vs_T3,longitudinal,2,RShoulder_to_RUArm_ry,RShoulder_to_RUArm,ry,0.3065031497012477,0.10761438749746081,-0.19888876220378687,0.14404605710929433,0.17558684559793206
252_T1_vs_T3,longitudinal,2,RShoulder_to_RUArm_rz,RShoulder_to_RUArm,rz,0.17692602547889305,0.34688055210224705,0.169954526623354,0.14404605710929433,0.17558684559793206
252_T1_vs_T3,longitudinal,2,RThigh_to_RShin_rx,RThigh_to_RShin,rx,0.24355619832860267,0.3179915171007966,0.07443531877219392,0.14404605710929433,0.17558684559793206
252_T1_vs_T3,longitudinal,2,RThigh_to_RShin_ry,RThigh_to_RShin,ry,4.166638241406752e-10,2.7843680214718407e-08,2.742701639057773e-08,0.14404605710929433,0.17558684559793206
252_T1_vs_T3,longitudinal,2,RThigh_to_RShin_rz,RThigh_to_RShin,rz,3.60397607119061e-08,4.3649867352095566e-08,7.610106640189468e-09,0.14404605710929433,0.17558684559793206
252_T1_vs_T3,longitudinal,2,RUArm_to_RFArm_rx,RUArm_to_RFArm,rx,0.3949266636578914,0.5214386849995114,0.12651202134161998,0.14404605710929433,0.17558684559793206
252_T1_vs_T3,longitudinal,2,RUArm_to_RFArm_ry,RUArm_to_RFArm,ry,0.581722556913411,0.1853760925322695,-0.3963464643811415,0.14404605710929433,0.17558684559793206
252_T1_vs_T3,longitudinal,2,RUArm_to_RFArm_rz,RUArm_to_RFArm,rz,0.2641018566322548,0.2076901347790355,-0.05641172185321927,0.14404605710929433,0.17558684559793206
252_T1_vs_T3,longitudinal,3,252_to_LThigh_rx,252_to_LThigh,rx,0.058668746227141244,0.5425243811033776,0.4838556348762364,0.10587550114195628,0.1562912066869135
252_T1_vs_T3,longitudinal,3,252_to_LThigh_ry,252_to_LThigh,ry,0.008140676273501025,0.08993256376632339,0.08179188749282236,0.10587550114195628,0.1562912066869135
252_T1_vs_T3,longitudinal,3,252_to_LThigh_rz,252_to_LThigh,rz,0.000446974625228933,0.047446520673458545,0.04699954604822961,0.10587550114195628,0.1562912066869135
252_T1_vs_T3,longitudinal,3,252_to_RThigh_rx,252_to_RThigh,rx,0.08752691267173009,0.18189155756357603,0.09436464489184594,0.10587550114195628,0.1562912066869135
252_T1_vs_T3,longitudinal,3,252_to_RThigh_ry,252_to_RThigh,ry,0.04123832878869923,0.009496597605110858,-0.03174173118358837,0.10587550114195628,0.1562912066869135
252_T1_vs_T3,longitudinal,3,252_to_RThigh_rz,252_to_RThigh,rz,0.0111302502290899,0.011431923409418104,0.0003016731803282043,0.10587550114195628,0.1562912066869135
252_T1_vs_T3,longitudinal,3,Chest_to_LShoulder_rx,Chest_to_LShoulder,rx,0.016191971080069322,0.024643758045202236,0.008451786965132914,0.10587550114195628,0.1562912066869135
252_T1_vs_T3,longitudinal,3,Chest_to_LShoulder_ry,Chest_to_LShoulder,ry,0.00800600337999783,0.05354865550351324,0.04554265212351541,0.10587550114195628,0.1562912066869135
252_T1_vs_T3,longitudinal,3,Chest_to_LShoulder_rz,Chest_to_LShoulder,rz,0.02730175821330335,0.025096723691318438,-0.0022050345219849117,0.10587550114195628,0.1562912066869135
252_T1_vs_T3,longitudinal,3,Chest_to_Neck_rx,Chest_to_Neck,rx,0.03425963434831058,0.08590641293348653,0.05164677858517595,0.10587550114195628,0.1562912066869135
252_T1_vs_T3,longitudinal,3,Chest_to_Neck_ry,Chest_to_Neck,ry,0.016091706294553254,0.031924249342043215,0.01583254304748996,0.10587550114195628,0.1562912066869135
252_T1_vs_T3,longitudinal,3,Chest_to_Neck_rz,Chest_to_Neck,rz,0.012528033903812973,0.0074032384473387515,-0.005124795456474222,0.10587550114195628,0.1562912066869135
252_T1_vs_T3,longitudinal,3,Chest_to_RShoulder_rx,Chest_to_RShoulder,rx,0.08064882197895212,0.05927899605475891,-0.02136982592419321,0.10587550114195628,0.1562912066869135
252_T1_vs_T3,longitudinal,3,Chest_to_RShoulder_ry,Chest_to_RShoulder,ry,0.006156555650859344,0.04390607362642054,0.03774951797556119,0.10587550114195628,0.1562912066869135
252_T1_vs_T3,longitudinal,3,Chest_to_RShoulder_rz,Chest_to_RShoulder,rz,0.08230666234185502,0.06728222483222367,-0.015024437509631353,0.10587550114195628,0.1562912066869135
252_T1_vs_T3,longitudinal,3,LFArm_to_LHand_rx,LFArm_to_LHand,rx,0.009608764645581856,0.0029241951490550514,-0.0066845694965268045,0.10587550114195628,0.1562912066869135
252_T1_vs_T3,longitudinal,3,LFArm_to_LHand_ry,LFArm_to_LHand,ry,0.04591725522144815,0.005657649144824772,-0.04025960607662338,0.10587550114195628,0.1562912066869135
252_T1_vs_T3,longitudinal,3,LFArm_to_LHand_rz,LFArm_to_LHand,rz,0.07684740921985246,0.012923082849701962,-0.0639243263701505,0.10587550114195628,0.1562912066869135
252_T1_vs_T3,longitudinal,3,LShin_to_LFoot_rx,LShin_to_LFoot,rx,0.05115001731699653,0.12199061628150414,0.0708405989645076,0.10587550114195628,0.1562912066869135
252_T1_vs_T3,longitudinal,3,LShin_to_LFoot_ry,LShin_to_LFoot,ry,0.01409000288323337,0.04904306386838424,0.03495306098515087,0.10587550114195628,0.1562912066869135
252_T1_vs_T3,longitudinal,3,LShin_to_LFoot_rz,LShin_to_LFoot,rz,0.016943551106764453,0.018632350172386458,0.0016887990656220056,0.10587550114195628,0.1562912066869135
252_T1_vs_T3,longitudinal,3,LShoulder_to_LUArm_rx,LShoulder_to_LUArm,rx,0.052018171647146394,0.12040665345002746,0.06838848180288107,0.10587550114195628,0.1562912066869135
252_T1_vs_T3,longitudinal,3,LShoulder_to_LUArm_ry,LShoulder_to_LUArm,ry,0.27712558063142273,0.009738081428894046,-0.2673874992025287,0.10587550114195628,0.1562912066869135
252_T1_vs_T3,longitudinal,3,LShoulder_to_LUArm_rz,LShoulder_to_LUArm,rz,0.025194001691173397,0.07678700683607212,0.05159300514489872,0.10587550114195628,0.1562912066869135
252_T1_vs_T3,longitudinal,3,LThigh_to_LShin_rx,LThigh_to_LShin,rx,0.20785522580748017,0.6363608957374304,0.4285056699299502,0.10587550114195628,0.1562912066869135
252_T1_vs_T3,longitudinal,3,LThigh_to_LShin_ry,LThigh_to_LShin,ry,4.404409135544334e-08,1.55764654955837e-08,-2.846762585985964e-08,0.10587550114195628,0.1562912066869135
252_T1_vs_T3,longitudinal,3,LThigh_to_LShin_rz,LThigh_to_LShin,rz,7.874461302505667e-09,3.490780946555275e-08,2.7033348163047086e-08,0.10587550114195628,0.1562912066869135
252_T1_vs_T3,longitudinal,3,LUArm_to_LFArm_rx,LUArm_to_LFArm,rx,0.0384860079162795,0.008390785182176208,-0.03009522273410329,0.10587550114195628,0.1562912066869135
252_T1_vs_T3,longitudinal,3,LUArm_to_LFArm_ry,LUArm_to_LFArm,ry,0.44225754016096197,0.07139069233384145,-0.37086684782712054,0.10587550114195628,0.1562912066869135
252_T1_vs_T3,longitudinal,3,LUArm_to_LFArm_rz,LUArm_to_LFArm,rz,0.02833623224195845,0.037579433515651406,0.009243201273692957,0.10587550114195628,0.1562912066869135
252_T1_vs_T3,longitudinal,3,Neck_to_Head_rx,Neck_to_Head,rx,0.0340307112566468,0.08555304536322929,0.05152233410658249,0.10587550114195628,0.1562912066869135
252_T1_vs_T3,longitudinal,3,Neck_to_Head_ry,Neck_to_Head,ry,0.013357977754031062,0.030066994843576816,0.016709017089545752,0.10587550114195628,0.1562912066869135
252_T1_vs_T3,longitudinal,3,Neck_to_Head_rz,Neck_to_Head,rz,0.015306407604407574,0.013308982508963289,-0.001997425095444285,0.10587550114195628,0.1562912066869135
252_T1_vs_T3,longitudinal,3,RFArm_to_RHand_rx,RFArm_to_RHand,rx,0.010863653197635381,0.0003477780658189776,-0.010515875131816404,0.10587550114195628,0.1562912066869135
252_T1_vs_T3,longitudinal,3,RFArm_to_RHand_ry,RFArm_to_RHand,ry,0.05833209612339707,0.010157606856097802,-0.04817448926729927,0.10587550114195628,0.1562912066869135
252_T1_vs_T3,longitudinal,3,RFArm_to_RHand_rz,RFArm_to_RHand,rz,0.1624243191251747,0.04204640519550827,-0.12037791392966642,0.10587550114195628,0.1562912066869135
252_T1_vs_T3,longitudinal,3,RShin_to_RFoot_rx,RShin_to_RFoot,rx,0.015996585868870945,0.054780803392063246,0.038784217523192305,0.10587550114195628,0.1562912066869135
252_T1_vs_T3,longitudinal,3,RShin_to_RFoot_ry,RShin_to_RFoot,ry,0.015008344376334387,0.037410285032210354,0.022401940655875967,0.10587550114195628,0.1562912066869135
252_T1_vs_T3,longitudinal,3,RShin_to_RFoot_rz,RShin_to_RFoot,rz,0.03797138066716541,0.08605615387479387,0.04808477320762846,0.10587550114195628,0.1562912066869135
252_T1_vs_T3,longitudinal,3,RShoulder_to_RUArm_rx,RShoulder_to_RUArm,rx,0.6157703601829949,0.23723851377577485,-0.37853184640722004,0.10587550114195628,0.1562912066869135
252_T1_vs_T3,longitudinal,3,RShoulder_to_RUArm_ry,RShoulder_to_RUArm,ry,0.05867017648061404,0.09976311045365563,0.04109293397304159,0.10587550114195628,0.1562912066869135
252_T1_vs_T3,longitudinal,3,RShoulder_to_RUArm_rz,RShoulder_to_RUArm,rz,0.1646418519168957,0.2952003595531505,0.1305585076362548,0.10587550114195628,0.1562912066869135
252_T1_vs_T3,longitudinal,3,RThigh_to_RShin_rx,RThigh_to_RShin,rx,0.04892729503079433,0.007631673423996141,-0.041295621606798186,0.10587550114195628,0.1562912066869135
252_T1_vs_T3,longitudinal,3,RThigh_to_RShin_ry,RThigh_to_RShin,ry,2.237469587210903e-08,1.8688603643540325e-08,-3.6860922285687044e-09,0.10587550114195628,0.1562912066869135
252_T1_vs_T3,longitudinal,3,RThigh_to_RShin_rz,RThigh_to_RShin,rz,1.8794424477319016e-08,1.845595316215573e-08,-3.384713151632852e-10,0.10587550114195628,0.1562912066869135
252_T1_vs_T3,longitudinal,3,RUArm_to_RFArm_rx,RUArm_to_RFArm,rx,0.32731077000231523,0.023315379105917473,-0.30399539089639777,0.10587550114195628,0.1562912066869135
252_T1_vs_T3,longitudinal,3,RUArm_to_RFArm_ry,RUArm_to_RFArm,ry,0.2929406043902049,0.09681811108948943,-0.1961224933007155,0.10587550114195628,0.1562912066869135
252_T1_vs_T3,longitudinal,3,RUArm_to_RFArm_rz,RUArm_to_RFArm,rz,0.011935242597921029,0.06480221523825715,0.052866972640336116,0.10587550114195628,0.1562912066869135
252_T1_vs_T3,longitudinal,4,252_to_LThigh_rx,252_to_LThigh,rx,0.12828518631020708,0.4612797454403176,0.3329945591301105,0.09136011393180174,0.09631749586664702
252_T1_vs_T3,longitudinal,4,252_to_LThigh_ry,252_to_LThigh,ry,0.005863722774991218,0.06713220306721994,0.06126848029222872,0.09136011393180174,0.09631749586664702
252_T1_vs_T3,longitudinal,4,252_to_LThigh_rz,252_to_LThigh,rz,0.02831903086244699,0.0535499045853555,0.02523087372290851,0.09136011393180174,0.09631749586664702
252_T1_vs_T3,longitudinal,4,252_to_RThigh_rx,252_to_RThigh,rx,0.43229721772235674,0.13232567306054394,-0.2999715446618128,0.09136011393180174,0.09631749586664702
252_T1_vs_T3,longitudinal,4,252_to_RThigh_ry,252_to_RThigh,ry,0.07314059498948092,0.015395974197690959,-0.057744620791789956,0.09136011393180174,0.09631749586664702
252_T1_vs_T3,longitudinal,4,252_to_RThigh_rz,252_to_RThigh,rz,0.002614541886984046,0.039941117883552896,0.03732657599656885,0.09136011393180174,0.09631749586664702
252_T1_vs_T3,longitudinal,4,Chest_to_LShoulder_rx,Chest_to_LShoulder,rx,0.03379197456936034,0.06185653757480261,0.028064563005442272,0.09136011393180174,0.09631749586664702
252_T1_vs_T3,longitudinal,4,Chest_to_LShoulder_ry,Chest_to_LShoulder,ry,0.07988035956024506,0.060484961066316414,-0.019395398493928642,0.09136011393180174,0.09631749586664702
252_T1_vs_T3,longitudinal,4,Chest_to_LShoulder_rz,Chest_to_LShoulder,rz,0.02219614865778828,0.044430162868832244,0.022234014211043963,0.09136011393180174,0.09631749586664702
252_T1_vs_T3,longitudinal,4,Chest_to_Neck_rx,Chest_to_Neck,rx,0.0107495887994233,0.029877005780043295,0.019127416980619996,0.09136011393180174,0.09631749586664702
252_T1_vs_T3,longitudinal,4,Chest_to_Neck_ry,Chest_to_Neck,ry,0.04580617038725991,0.012353237400648476,-0.033452932986611436,0.09136011393180174,0.09631749586664702
252_T1_vs_T3,longitudinal,4,Chest_to_Neck_rz,Chest_to_Neck,rz,0.026586324090965327,0.052417590622022614,0.025831266531057287,0.09136011393180174,0.09631749586664702
252_T1_vs_T3,longitudinal,4,Chest_to_RShoulder_rx,Chest_to_RShoulder,rx,0.02351325050874626,0.056916085413222295,0.033402834904476035,0.09136011393180174,0.09631749586664702
252_T1_vs_T3,longitudinal,4,Chest_to_RShoulder_ry,Chest_to_RShoulder,ry,0.05194172936438757,0.030876198365854746,-0.02106553099853282,0.09136011393180174,0.09631749586664702
252_T1_vs_T3,longitudinal,4,Chest_to_RShoulder_rz,Chest_to_RShoulder,rz,0.041131066458221247,0.10714639346332712,0.06601532700510587,0.09136011393180174,0.09631749586664702
252_T1_vs_T3,longitudinal,4,LFArm_to_LHand_rx,LFArm_to_LHand,rx,0.014129516241902219,7.678629282361517e-06,-0.014121837612619858,0.09136011393180174,0.09631749586664702
252_T1_vs_T3,longitudinal,4,LFArm_to_LHand_ry,LFArm_to_LHand,ry,0.05552003283612004,0.004234907731945046,-0.05128512510417499,0.09136011393180174,0.09631749586664702
252_T1_vs_T3,longitudinal,4,LFArm_to_LHand_rz,LFArm_to_LHand,rz,0.09633810479445344,0.013247433833792378,-0.08309067096066106,0.09136011393180174,0.09631749586664702
252_T1_vs_T3,longitudinal,4,LShin_to_LFoot_rx,LShin_to_LFoot,rx,0.15682772775639006,0.14155435417334752,-0.015273373583042538,0.09136011393180174,0.09631749586664702
252_T1_vs_T3,longitudinal,4,LShin_to_LFoot_ry,LShin_to_LFoot,ry,0.018455004451602912,0.10099626488479667,0.08254126043319376,0.09136011393180174,0.09631749586664702
252_T1_vs_T3,longitudinal,4,LShin_to_LFoot_rz,LShin_to_LFoot,rz,0.046441137504504904,0.005786930876570774,-0.04065420662793413,0.09136011393180174,0.09631749586664702
252_T1_vs_T3,longitudinal,4,LShoulder_to_LUArm_rx,LShoulder_to_LUArm,rx,0.07162025463935036,0.3727010655699182,0.3010808109305679,0.09136011393180174,0.09631749586664702
252_T1_vs_T3,longitudinal,4,LShoulder_to_LUArm_ry,LShoulder_to_LUArm,ry,0.3884492329444215,0.11460540808543593,-0.2738438248589856,0.09136011393180174,0.09631749586664702
252_T1_vs_T3,longitudinal,4,LShoulder_to_LUArm_rz,LShoulder_to_LUArm,rz,0.049767825996939935,0.2528901251591994,0.20312229916225946,0.09136011393180174,0.09631749586664702
252_T1_vs_T3,longitudinal,4,LThigh_to_LShin_rx,LThigh_to_LShin,rx,0.04913280591931446,0.05539600178846384,0.006263195869149384,0.09136011393180174,0.09631749586664702
252_T1_vs_T3,longitudinal,4,LThigh_to_LShin_ry,LThigh_to_LShin,ry,1.7467131587116707e-08,6.781089898313141e-09,-1.0686041688803567e-08,0.09136011393180174,0.09631749586664702
252_T1_vs_T3,longitudinal,4,LThigh_to_LShin_rz,LThigh_to_LShin,rz,1.7212534982602066e-08,3.7167443172539084e-09,-1.3495790665348158e-08,0.09136011393180174,0.09631749586664702
252_T1_vs_T3,longitudinal,4,LUArm_to_LFArm_rx,LUArm_to_LFArm,rx,0.022279784578317207,0.352289327122156,0.3300095425438388,0.09136011393180174,0.09631749586664702
252_T1_vs_T3,longitudinal,4,LUArm_to_LFArm_ry,LUArm_to_LFArm,ry,0.3640819942043551,0.09223808527897001,-0.2718439089253851,0.09136011393180174,0.09631749586664702
252_T1_vs_T3,longitudinal,4,LUArm_to_LFArm_rz,LUArm_to_LFArm,rz,0.010571366418997367,0.03114074413161888,0.020569377712621514,0.09136011393180174,0.09631749586664702
252_T1_vs_T3,longitudinal,4,Neck_to_Head_rx,Neck_to_Head,rx,0.010759978906877703,0.029720767842686603,0.018960788935808902,0.09136011393180174,0.09631749586664702
252_T1_vs_T3,longitudinal,4,Neck_to_Head_ry,Neck_to_Head,ry,0.04995709687514673,0.022286272359970247,-0.027670824515176485,0.09136011393180174,0.09631749586664702
252_T1_vs_T3,longitudinal,4,Neck_to_Head_rz,Neck_to_Head,rz,0.017312803136817347,0.0494551796253843,0.03214237648856695,0.09136011393180174,0.09631749586664702
252_T1_vs_T3,longitudinal,4,RFArm_to_RHand_rx,RFArm_to_RHand,rx,0.0015521683379438466,0.006531294027754058,0.004979125689810212,0.09136011393180174,0.09631749586664702
252_T1_vs_T3,longitudinal,4,RFArm_to_RHand_ry,RFArm_to_RHand,ry,0.00010225510262603964,0.03580073757553143,0.035698482472905385,0.09136011393180174,0.09631749586664702
252_T1_vs_T3,longitudinal,4,RFArm_to_RHand_rz,RFArm_to_RHand,rz,0.020069589334262245,0.08223846070673951,0.06216887137247727,0.09136011393180174,0.09631749586664702
252_T1_vs_T3,longitudinal,4,RShin_to_RFoot_rx,RShin_to_RFoot,rx,0.08588500302321742,0.014402593382732077,-0.07148240964048534,0.09136011393180174,0.09631749586664702
252_T1_vs_T3,longitudinal,4,RShin_to_RFoot_ry,RShin_to_RFoot,ry,0.04922675151553354,0.045823295837019065,-0.0034034556785144734,0.09136011393180174,0.09631749586664702
252_T1_vs_T3,longitudinal,4,RShin_to_RFoot_rz,RShin_to_RFoot,rz,0.06800690364618274,0.022707497836032667,-0.04529940581015007,0.09136011393180174,0.09631749586664702
252_T1_vs_T3,longitudinal,4,RShoulder_to_RUArm_rx,RShoulder_to_RUArm,rx,0.28280818790690365,0.48783146371252745,0.2050232758056238,0.09136011393180174,0.09631749586664702
252_T1_vs_T3,longitudinal,4,RShoulder_to_RUArm_ry,RShoulder_to_RUArm,ry,0.023476742185622772,0.1883150884857445,0.16483834630012173,0.09136011393180174,0.09631749586664702
252_T1_vs_T3,longitudinal,4,RShoulder_to_RUArm_rz,RShoulder_to_RUArm,rz,0.020286956156432452,0.2179456887620075,0.19765873260557507,0.09136011393180174,0.09631749586664702
252_T1_vs_T3,longitudinal,4,RThigh_to_RShin_rx,RThigh_to_RShin,rx,0.54666674922594,0.04893332030577089,-0.49773342892016914,0.09136011393180174,0.09631749586664702
252_T1_vs_T3,longitudinal,4,RThigh_to_RShin_ry,RThigh_to_RShin,ry,1.9155288580159535e-08,2.2865100461174684e-08,3.709811881015149e-09,0.09136011393180174,0.09631749586664702
252_T1_vs_T3,longitudinal,4,RThigh_to_RShin_rz,RThigh_to_RShin,rz,8.822455723279964e-09,1.808018967220368e-08,9.257733948923717e-09,0.09136011393180174,0.09631749586664702
252_T1_vs_T3,longitudinal,4,RUArm_to_RFArm_rx,RUArm_to_RFArm,rx,0.20553952850188809,0.10022118307501394,-0.10531834542687414,0.09136011393180174,0.09631749586664702
252_T1_vs_T3,longitudinal,4,RUArm_to_RFArm_ry,RUArm_to_RFArm,ry,0.020479403595442324,0.017590492780950897,-0.002888910814491427,0.09136011393180174,0.09631749586664702
252_T1_vs_T3,longitudinal,4,RUArm_to_RFArm_rz,RUArm_to_RFArm,rz,0.025763369985913612,0.0063250319383501155,-0.019438338047563498,0.09136011393180174,0.09631749586664702
252_T1_vs_T3,longitudinal,5,252_to_LThigh_rx,252_to_LThigh,rx,0.29503366602878256,0.3422026024684181,0.047168936439635545,0.07598818782067135,0.08020078127067025
252_T1_vs_T3,longitudinal,5,252_to_LThigh_ry,252_to_LThigh,ry,0.04860974915928805,0.03236571520992365,-0.016244033949364398,0.07598818782067135,0.08020078127067025
252_T1_vs_T3,longitudinal,5,252_to_LThigh_rz,252_to_LThigh,rz,0.05288357838672231,0.09076718650990226,0.03788360812317995,0.07598818782067135,0.08020078127067025
252_T1_vs_T3,longitudinal,5,252_to_RThigh_rx,252_to_RThigh,rx,0.3247846623588745,0.1059437423515046,-0.21884092000736988,0.07598818782067135,0.08020078127067025
252_T1_vs_T3,longitudinal,5,252_to_RThigh_ry,252_to_RThigh,ry,0.06852947583680237,0.11850917084785446,0.049979695011052094,0.07598818782067135,0.08020078127067025
252_T1_vs_T3,longitudinal,5,252_to_RThigh_rz,252_to_RThigh,rz,0.08752428040158827,0.18299927035897257,0.09547498995738429,0.07598818782067135,0.08020078127067025
252_T1_vs_T3,longitudinal,5,Chest_to_LShoulder_rx,Chest_to_LShoulder,rx,0.02066000568345401,0.05645155260246229,0.03579154691900828,0.07598818782067135,0.08020078127067025
252_T1_vs_T3,longitudinal,5,Chest_to_LShoulder_ry,Chest_to_LShoulder,ry,0.01229894915036596,0.008494666766598723,-0.003804282383767236,0.07598818782067135,0.08020078127067025
252_T1_vs_T3,longitudinal,5,Chest_to_LShoulder_rz,Chest_to_LShoulder,rz,0.04432503254408664,0.015381159679497268,-0.028943872864589368,0.07598818782067135,0.08020078127067025
252_T1_vs_T3,longitudinal,5,Chest_to_Neck_rx,Chest_to_Neck,rx,0.04553936873638623,0.0732525051225665,0.02771313638618026,0.07598818782067135,0.08020078127067025
252_T1_vs_T3,longitudinal,5,Chest_to_Neck_ry,Chest_to_Neck,ry,0.04972301443739615,0.024888075791375204,-0.024834938646020946,0.07598818782067135,0.08020078127067025
252_T1_vs_T3,longitudinal,5,Chest_to_Neck_rz,Chest_to_Neck,rz,0.016190012410805425,0.07867240801080494,0.06248239559999952,0.07598818782067135,0.08020078127067025
252_T1_vs_T3,longitudinal,5,Chest_to_RShoulder_rx,Chest_to_RShoulder,rx,0.04252335225173741,0.052944292377716244,0.010420940125978835,0.07598818782067135,0.08020078127067025
252_T1_vs_T3,longitudinal,5,Chest_to_RShoulder_ry,Chest_to_RShoulder,ry,0.025185575411386663,0.03481336038461062,0.00962778497322396,0.07598818782067135,0.08020078127067025
252_T1_vs_T3,longitudinal,5,Chest_to_RShoulder_rz,Chest_to_RShoulder,rz,0.02898332837031962,0.11515056484480148,0.08616723647448185,0.07598818782067135,0.08020078127067025
252_T1_vs_T3,longitudinal,5,LFArm_to_LHand_rx,LFArm_to_LHand,rx,0.002329344276498405,0.0010414426758596487,-0.0012879016006387563,0.07598818782067135,0.08020078127067025
252_T1_vs_T3,longitudinal,5,LFArm_to_LHand_ry,LFArm_to_LHand,ry,0.022158324879336475,0.02110922289068007,-0.001049101988656407,0.07598818782067135,0.08020078127067025
252_T1_vs_T3,longitudinal,5,LFArm_to_LHand_rz,LFArm_to_LHand,rz,0.04166008873717007,0.04451347723179222,0.002853388494622147,0.07598818782067135,0.08020078127067025
252_T1_vs_T3,longitudinal,5,LShin_to_LFoot_rx,LShin_to_LFoot,rx,0.008863418895065261,0.10579315138411748,0.09692973248905222,0.07598818782067135,0.08020078127067025
252_T1_vs_T3,longitudinal,5,LShin_to_LFoot_ry,LShin_to_LFoot,ry,0.015266675978043402,0.0033590423137729256,-0.011907633664270476,0.07598818782067135,0.08020078127067025
252_T1_vs_T3,longitudinal,5,LShin_to_LFoot_rz,LShin_to_LFoot,rz,0.05098024596794925,0.05771228169131664,0.006732035723367391,0.07598818782067135,0.08020078127067025
252_T1_vs_T3,longitudinal,5,LShoulder_to_LUArm_rx,LShoulder_to_LUArm,rx,0.0384457686394665,0.0230938840237353,-0.015351884615731198,0.07598818782067135,0.08020078127067025
252_T1_vs_T3,longitudinal,5,LShoulder_to_LUArm_ry,LShoulder_to_LUArm,ry,0.1232191110988972,0.02224490703139892,-0.10097420406749828,0.07598818782067135,0.08020078127067025
252_T1_vs_T3,longitudinal,5,LShoulder_to_LUArm_rz,LShoulder_to_LUArm,rz,0.020141614230473094,0.24413409375640702,0.22399247952593393,0.07598818782067135,0.08020078127067025
252_T1_vs_T3,longitudinal,5,LThigh_to_LShin_rx,LThigh_to_LShin,rx,0.02431260093687052,0.17035795617976385,0.14604535524289333,0.07598818782067135,0.08020078127067025
252_T1_vs_T3,longitudinal,5,LThigh_to_LShin_ry,LThigh_to_LShin,ry,1.2151287176606602e-09,2.1865206159692763e-08,2.0650077442032102e-08,0.07598818782067135,0.08020078127067025
252_T1_vs_T3,longitudinal,5,LThigh_to_LShin_rz,LThigh_to_LShin,rz,3.790400052676328e-08,2.1518354519017637e-08,-1.638564600774564e-08,0.07598818782067135,0.08020078127067025
252_T1_vs_T3,longitudinal,5,LUArm_to_LFArm_rx,LUArm_to_LFArm,rx,0.1395638217256023,0.22724844922129012,0.08768462749568781,0.07598818782067135,0.08020078127067025
252_T1_vs_T3,longitudinal,5,LUArm_to_LFArm_ry,LUArm_to_LFArm,ry,0.5177109176395515,0.28562959004813543,-0.23208132759141603,0.07598818782067135,0.08020078127067025
252_T1_vs_T3,longitudinal,5,LUArm_to_LFArm_rz,LUArm_to_LFArm,rz,0.06950036755732775,0.06889794760427526,-0.000602419953052491,0.07598818782067135,0.08020078127067025
252_T1_vs_T3,longitudinal,5,Neck_to_Head_rx,Neck_to_Head,rx,0.04502549893452745,0.07313554810761501,0.028110049173087556,0.07598818782067135,0.08020078127067025
252_T1_vs_T3,longitudinal,5,Neck_to_Head_ry,Neck_to_Head,ry,0.05228925718391093,0.03978032426095927,-0.01250893292295166,0.07598818782067135,0.08020078127067025
252_T1_vs_T3,longitudinal,5,Neck_to_Head_rz,Neck_to_Head,rz,0.006530551275466105,0.07236152211822294,0.06583097084275684,0.07598818782067135,0.08020078127067025
252_T1_vs_T3,longitudinal,5,RFArm_to_RHand_rx,RFArm_to_RHand,rx,0.006727250384898003,0.003517505784895841,-0.003209744600002162,0.07598818782067135,0.08020078127067025
252_T1_vs_T3,longitudinal,5,RFArm_to_RHand_ry,RFArm_to_RHand,ry,0.01886219719900648,0.0004122999916426669,-0.018449897207363813,0.07598818782067135,0.08020078127067025
252_T1_vs_T3,longitudinal,5,RFArm_to_RHand_rz,RFArm_to_RHand,rz,0.08780131957901285,0.02027908339479687,-0.06752223618421599,0.07598818782067135,0.08020078127067025
252_T1_vs_T3,longitudinal,5,RShin_to_RFoot_rx,RShin_to_RFoot,rx,0.04297833594841468,0.11442841526355625,0.07145007931514158,0.07598818782067135,0.08020078127067025
252_T1_vs_T3,longitudinal,5,RShin_to_RFoot_ry,RShin_to_RFoot,ry,0.07878444289865358,0.07220599011146407,-0.0065784527871895065,0.07598818782067135,0.08020078127067025
252_T1_vs_T3,longitudinal,5,RShin_to_RFoot_rz,RShin_to_RFoot,rz,0.030862387295117925,0.00033573242559022625,-0.0305266548695277,0.07598818782067135,0.08020078127067025
252_T1_vs_T3,longitudinal,5,RShoulder_to_RUArm_rx,RShoulder_to_RUArm,rx,0.23351917010686782,0.09117200196940638,-0.14234716813746146,0.07598818782067135,0.08020078127067025
252_T1_vs_T3,longitudinal,5,RShoulder_to_RUArm_ry,RShoulder_to_RUArm,ry,0.00787408457153768,0.44179995735628697,0.4339258727847493,0.07598818782067135,0.08020078127067025
252_T1_vs_T3,longitudinal,5,RShoulder_to_RUArm_rz,RShoulder_to_RUArm,rz,0.09876613005531464,0.4501060031591735,0.35133987310385884,0.07598818782067135,0.08020078127067025
252_T1_vs_T3,longitudinal,5,RThigh_to_RShin_rx,RThigh_to_RShin,rx,0.4074767898047827,0.08025847339807098,-0.32721831640671173,0.07598818782067135,0.08020078127067025
252_T1_vs_T3,longitudinal,5,RThigh_to_RShin_ry,RThigh_to_RShin,ry,6.209232757481786e-09,3.781384474362268e-08,3.160461198614089e-08,0.07598818782067135,0.08020078127067025
252_T1_vs_T3,longitudinal,5,RThigh_to_RShin_rz,RThigh_to_RShin,rz,1.1729701558486583e-08,2.7630811054892447e-08,1.5901109496405865e-08,0.07598818782067135,0.08020078127067025
252_T1_vs_T3,longitudinal,5,RUArm_to_RFArm_rx,RUArm_to_RFArm,rx,0.14399466591643376,0.29521298823651676,0.151218322320083,0.07598818782067135,0.08020078127067025
252_T1_vs_T3,longitudinal,5,RUArm_to_RFArm_ry,RUArm_to_RFArm,ry,0.4253825821077591,0.0654233055038336,-0.35995927660392546,0.07598818782067135,0.08020078127067025
252_T1_vs_T3,longitudinal,5,RUArm_to_RFArm_rz,RUArm_to_RFArm,rz,0.1009736561942081,0.04955755127597068,-0.05141610491823742,0.07598818782067135,0.08020078127067025
252_T1_vs_T3,longitudinal,6,252_to_LThigh_rx,252_to_LThigh,rx,0.1075666784906978,0.043035044512682974,-0.06453163397801483,0.05580805942772396,0.06354628004832848
252_T1_vs_T3,longitudinal,6,252_to_LThigh_ry,252_to_LThigh,ry,0.06684114513519157,0.0867827489520382,0.019941603816846634,0.05580805942772396,0.06354628004832848
252_T1_vs_T3,longitudinal,6,252_to_LThigh_rz,252_to_LThigh,rz,0.04147440781164756,0.03831490748353335,-0.003159500328114212,0.05580805942772396,0.06354628004832848
252_T1_vs_T3,longitudinal,6,252_to_RThigh_rx,252_to_RThigh,rx,0.06791389051417547,0.18387650586412696,0.11596261534995149,0.05580805942772396,0.06354628004832848
252_T1_vs_T3,longitudinal,6,252_to_RThigh_ry,252_to_RThigh,ry,0.04727175093107907,0.005113517297843854,-0.04215823363323522,0.05580805942772396,0.06354628004832848
252_T1_vs_T3,longitudinal,6,252_to_RThigh_rz,252_to_RThigh,rz,0.02392306596889122,0.1449394844938238,0.12101641852493257,0.05580805942772396,0.06354628004832848
252_T1_vs_T3,longitudinal,6,Chest_to_LShoulder_rx,Chest_to_LShoulder,rx,0.03887781081874455,0.0052098476218253005,-0.03366796319691925,0.05580805942772396,0.06354628004832848
252_T1_vs_T3,longitudinal,6,Chest_to_LShoulder_ry,Chest_to_LShoulder,ry,0.03408496965285991,0.03797172783609886,0.003886758183238949,0.05580805942772396,0.06354628004832848
252_T1_vs_T3,longitudinal,6,Chest_to_LShoulder_rz,Chest_to_LShoulder,rz,0.05013036733354582,0.03229020525558524,-0.017840162077960575,0.05580805942772396,0.06354628004832848
252_T1_vs_T3,longitudinal,6,Chest_to_Neck_rx,Chest_to_Neck,rx,0.08047639840515505,0.11380650597947552,0.033330107574320464,0.05580805942772396,0.06354628004832848
252_T1_vs_T3,longitudinal,6,Chest_to_Neck_ry,Chest_to_Neck,ry,0.05699793994932891,0.015073889195701021,-0.04192405075362789,0.05580805942772396,0.06354628004832848
252_T1_vs_T3,longitudinal,6,Chest_to_Neck_rz,Chest_to_Neck,rz,0.030158503021550247,0.06869146299484416,0.03853295997329391,0.05580805942772396,0.06354628004832848
252_T1_vs_T3,longitudinal,6,Chest_to_RShoulder_rx,Chest_to_RShoulder,rx,0.0019295464920787906,0.04809093542265324,0.04616138893057445,0.05580805942772396,0.06354628004832848
252_T1_vs_T3,longitudinal,6,Chest_to_RShoulder_ry,Chest_to_RShoulder,ry,0.014094749014004444,0.01838685851383144,0.004292109499826998,0.05580805942772396,0.06354628004832848
252_T1_vs_T3,longitudinal,6,Chest_to_RShoulder_rz,Chest_to_RShoulder,rz,0.025593786903733408,0.09202732690602371,0.06643354000229029,0.05580805942772396,0.06354628004832848
252_T1_vs_T3,longitudinal,6,LFArm_to_LHand_rx,LFArm_to_LHand,rx,0.021510545435942725,0.013020447099501838,-0.008490098336440887,0.05580805942772396,0.06354628004832848
252_T1_vs_T3,longitudinal,6,LFArm_to_LHand_ry,LFArm_to_LHand,ry,0.08076197323320086,0.05502996252519066,-0.025732010708010206,0.05580805942772396,0.06354628004832848
252_T1_vs_T3,longitudinal,6,LFArm_to_LHand_rz,LFArm_to_LHand,rz,0.10120251585784165,0.08638628546230553,-0.014816230395536117,0.05580805942772396,0.06354628004832848
252_T1_vs_T3,longitudinal,6,LShin_to_LFoot_rx,LShin_to_LFoot,rx,0.1815235554479449,0.1502802566285498,-0.03124329881939511,0.05580805942772396,0.06354628004832848
252_T1_vs_T3,longitudinal,6,LShin_to_LFoot_ry,LShin_to_LFoot,ry,0.05057245440390542,0.05878697782322551,0.008214523419320094,0.05580805942772396,0.06354628004832848
252_T1_vs_T3,longitudinal,6,LShin_to_LFoot_rz,LShin_to_LFoot,rz,0.06062257362427488,0.031495801420784925,-0.029126772203489956,0.05580805942772396,0.06354628004832848
252_T1_vs_T3,longitudinal,6,LShoulder_to_LUArm_rx,LShoulder_to_LUArm,rx,0.3187933592187902,0.1600095200952982,-0.158783839123492,0.05580805942772396,0.06354628004832848
252_T1_vs_T3,longitudinal,6,LShoulder_to_LUArm_ry,LShoulder_to_LUArm,ry,0.38556283303139516,0.5752274422038468,0.18966460917245165,0.05580805942772396,0.06354628004832848
252_T1_vs_T3,longitudinal,6,LShoulder_to_LUArm_rz,LShoulder_to_LUArm,rz,0.1719878505549791,0.047451649749947186,-0.1245362008050319,0.05580805942772396,0.06354628004832848
252_T1_vs_T3,longitudinal,6,LThigh_to_LShin_rx,LThigh_to_LShin,rx,0.013470658983225952,0.3293913047237901,0.3159206457405641,0.05580805942772396,0.06354628004832848
252_T1_vs_T3,longitudinal,6,LThigh_to_LShin_ry,LThigh_to_LShin,ry,1.8822753298069624e-09,1.0590959773397613e-08,8.70868444359065e-09,0.05580805942772396,0.06354628004832848
252_T1_vs_T3,longitudinal,6,LThigh_to_LShin_rz,LThigh_to_LShin,rz,5.493769382691896e-09,2.1882063404342338e-08,1.6388294021650442e-08,0.05580805942772396,0.06354628004832848
252_T1_vs_T3,longitudinal,6,LUArm_to_LFArm_rx,LUArm_to_LFArm,rx,0.6449541972903932,0.12785681295545961,-0.5170973843349336,0.05580805942772396,0.06354628004832848
252_T1_vs_T3,longitudinal,6,LUArm_to_LFArm_ry,LUArm_to_LFArm,ry,0.12816023674492158,0.4099440379537912,0.2817838012088696,0.05580805942772396,0.06354628004832848
252_T1_vs_T3,longitudinal,6,LUArm_to_LFArm_rz,LUArm_to_LFArm,rz,0.08779458839295749,0.05922551347926432,-0.02856907491369317,0.05580805942772396,0.06354628004832848
252_T1_vs_T3,longitudinal,6,Neck_to_Head_rx,Neck_to_Head,rx,0.08067409724980969,0.1134633397117949,0.03278924246198521,0.05580805942772396,0.06354628004832848
252_T1_vs_T3,longitudinal,6,Neck_to_Head_ry,Neck_to_Head,ry,0.050012700364964024,0.027982407563541763,-0.022030292801422262,0.05580805942772396,0.06354628004832848
252_T1_vs_T3,longitudinal,6,Neck_to_Head_rz,Neck_to_Head,rz,0.04050598160809027,0.06465983381807322,0.02415385220998295,0.05580805942772396,0.06354628004832848
252_T1_vs_T3,longitudinal,6,RFArm_to_RHand_rx,RFArm_to_RHand,rx,0.0016755252000003726,0.0011408860320317516,-0.000534639167968621,0.05580805942772396,0.06354628004832848
252_T1_vs_T3,longitudinal,6,RFArm_to_RHand_ry,RFArm_to_RHand,ry,0.024906970611965156,0.001193986642664112,-0.023712983969301046,0.05580805942772396,0.06354628004832848
252_T1_vs_T3,longitudinal,6,RFArm_to_RHand_rz,RFArm_to_RHand,rz,0.005974026384930975,0.016441710629434246,0.010467684244503271,0.05580805942772396,0.06354628004832848
252_T1_vs_T3,longitudinal,6,RShin_to_RFoot_rx,RShin_to_RFoot,rx,0.12893159614218125,0.06032357050571802,-0.06860802563646323,0.05580805942772396,0.06354628004832848
252_T1_vs_T3,longitudinal,6,RShin_to_RFoot_ry,RShin_to_RFoot,ry,0.01738751765164979,0.11112794548255292,0.09374042783090313,0.05580805942772396,0.06354628004832848
252_T1_vs_T3,longitudinal,6,RShin_to_RFoot_rz,RShin_to_RFoot,rz,0.12168993285845671,0.07772329045055523,-0.04396664240790148,0.05580805942772396,0.06354628004832848
252_T1_vs_T3,longitudinal,6,RShoulder_to_RUArm_rx,RShoulder_to_RUArm,rx,0.16738555085550422,0.040020049288480096,-0.12736550156702411,0.05580805942772396,0.06354628004832848
252_T1_vs_T3,longitudinal,6,RShoulder_to_RUArm_ry,RShoulder_to_RUArm,ry,0.08096938293692081,0.19236903044607348,0.11139964750915267,0.05580805942772396,0.06354628004832848
252_T1_vs_T3,longitudinal,6,RShoulder_to_RUArm_rz,RShoulder_to_RUArm,rz,0.10754439662658127,0.223540676018677,0.11599627939209572,0.05580805942772396,0.06354628004832848
252_T1_vs_T3,longitudinal,6,RThigh_to_RShin_rx,RThigh_to_RShin,rx,0.25653954389958766,0.10970611784219342,-0.14683342605739425,0.05580805942772396,0.06354628004832848
252_T1_vs_T3,longitudinal,6,RThigh_to_RShin_ry,RThigh_to_RShin,ry,2.7666208359527913e-08,3.2019127641497795e-09,-2.4464295595378133e-08,0.05580805942772396,0.06354628004832848
252_T1_vs_T3,longitudinal,6,RThigh_to_RShin_rz,RThigh_to_RShin,rz,8.639475994805428e-09,2.628482376703827e-09,-6.010993618101602e-09,0.05580805942772396,0.06354628004832848
252_T1_vs_T3,longitudinal,6,RUArm_to_RFArm_rx,RUArm_to_RFArm,rx,0.0016127882963483282,0.17814106896761642,0.17652828067126808,0.05580805942772396,0.06354628004832848
252_T1_vs_T3,longitudinal,6,RUArm_to_RFArm_ry,RUArm_to_RFArm,ry,0.14898431418755137,0.17727147163050852,0.02828715744295715,0.05580805942772396,0.06354628004832848
252_T1_vs_T3,longitudinal,6,RUArm_to_RFArm_rz,RUArm_to_RFArm,rz,0.06626193119920336,0.07759468314144403,0.011332751942240676,0.05580805942772396,0.06354628004832848
252_T1_vs_T3,longitudinal,7,252_to_LThigh_rx,252_to_LThigh,rx,0.04947605335192853,0.19333712699879352,0.14386107364686498,0.04587310986825027,0.04414762194927378
252_T1_vs_T3,longitudinal,7,252_to_LThigh_ry,252_to_LThigh,ry,0.0750792666886708,0.11893875584106056,0.043859489152389755,0.04587310986825027,0.04414762194927378
252_T1_vs_T3,longitudinal,7,252_to_LThigh_rz,252_to_LThigh,rz,0.054143759293458216,0.06968433293895636,0.015540573645498143,0.04587310986825027,0.04414762194927378
252_T1_vs_T3,longitudinal,7,252_to_RThigh_rx,252_to_RThigh,rx,0.05664474483602325,0.09760537745378704,0.040960632617763795,0.04587310986825027,0.04414762194927378
252_T1_vs_T3,longitudinal,7,252_to_RThigh_ry,252_to_RThigh,ry,0.04771038654575464,0.04107356352080884,-0.006636823024945802,0.04587310986825027,0.04414762194927378
252_T1_vs_T3,longitudinal,7,252_to_RThigh_rz,252_to_RThigh,rz,0.09667588088555286,0.11567746193435623,0.019001581048803368,0.04587310986825027,0.04414762194927378
252_T1_vs_T3,longitudinal,7,Chest_to_LShoulder_rx,Chest_to_LShoulder,rx,0.0036189992532582203,0.045182836921451267,0.04156383766819305,0.04587310986825027,0.04414762194927378
252_T1_vs_T3,longitudinal,7,Chest_to_LShoulder_ry,Chest_to_LShoulder,ry,0.015886047365064486,0.10604323548072121,0.09015718811565673,0.04587310986825027,0.04414762194927378
252_T1_vs_T3,longitudinal,7,Chest_to_LShoulder_rz,Chest_to_LShoulder,rz,0.01826871922128371,0.021212692428905982,0.0029439732076222726,0.04587310986825027,0.04414762194927378
252_T1_vs_T3,longitudinal,7,Chest_to_Neck_rx,Chest_to_Neck,rx,0.027528811416419136,0.061094228610806114,0.03356541719438698,0.04587310986825027,0.04414762194927378
252_T1_vs_T3,longitudinal,7,Chest_to_Neck_ry,Chest_to_Neck,ry,0.07672303715891263,0.048387782660417294,-0.028335254498495333,0.04587310986825027,0.04414762194927378
252_T1_vs_T3,longitudinal,7,Chest_to_Neck_rz,Chest_to_Neck,rz,0.011470975994055117,0.0056249575299783285,-0.005846018464076789,0.04587310986825027,0.04414762194927378
252_T1_vs_T3,longitudinal,7,Chest_to_RShoulder_rx,Chest_to_RShoulder,rx,0.04649489765181825,0.04745396333256147,0.0009590656807432207,0.04587310986825027,0.04414762194927378
252_T1_vs_T3,longitudinal,7,Chest_to_RShoulder_ry,Chest_to_RShoulder,ry,0.0203559136244186,0.08034465816270023,0.059988744538281624,0.04587310986825027,0.04414762194927378
252_T1_vs_T3,longitudinal,7,Chest_to_RShoulder_rz,Chest_to_RShoulder,rz,0.13444747074736718,0.06522564899848841,-0.06922182174887877,0.04587310986825027,0.04414762194927378
252_T1_vs_T3,longitudinal,7,LFArm_to_LHand_rx,LFArm_to_LHand,rx,0.0012984564308186615,0.022029567939891588,0.020731111509072926,0.04587310986825027,0.04414762194927378
252_T1_vs_T3,longitudinal,7,LFArm_to_LHand_ry,LFArm_to_LHand,ry,0.013558241699929722,0.07647078806827984,0.06291254636835011,0.04587310986825027,0.04414762194927378
252_T1_vs_T3,longitudinal,7,LFArm_to_LHand_rz,LFArm_to_LHand,rz,0.004097077168105894,0.1297174704301117,0.1256203932620058,0.04587310986825027,0.04414762194927378
252_T1_vs_T3,longitudinal,7,LShin_to_LFoot_rx,LShin_to_LFoot,rx,0.0314924479111123,0.025599586998926924,-0.005892860912185379,0.04587310986825027,0.04414762194927378
252_T1_vs_T3,longitudinal,7,LShin_to_LFoot_ry,LShin_to_LFoot,ry,0.025379229957838093,0.11714972837030285,0.09177049841246476,0.04587310986825027,0.04414762194927378
252_T1_vs_T3,longitudinal,7,LShin_to_LFoot_rz,LShin_to_LFoot,rz,0.00948819864053711,0.0759423985632621,0.06645419992272499,0.04587310986825027,0.04414762194927378
252_T1_vs_T3,longitudinal,7,LShoulder_to_LUArm_rx,LShoulder_to_LUArm,rx,0.07102394301436751,0.18863854239057168,0.11761459937620417,0.04587310986825027,0.04414762194927378
252_T1_vs_T3,longitudinal,7,LShoulder_to_LUArm_ry,LShoulder_to_LUArm,ry,0.06641580781142153,0.34109843620620667,0.27468262839478513,0.04587310986825027,0.04414762194927378
252_T1_vs_T3,longitudinal,7,LShoulder_to_LUArm_rz,LShoulder_to_LUArm,rz,0.06881216309386663,0.09909496286756768,0.030282799773701047,0.04587310986825027,0.04414762194927378
252_T1_vs_T3,longitudinal,7,LThigh_to_LShin_rx,LThigh_to_LShin,rx,0.05489367913484687,0.5264740105725902,0.47158033143774336,0.04587310986825027,0.04414762194927378
252_T1_vs_T3,longitudinal,7,LThigh_to_LShin_ry,LThigh_to_LShin,ry,1.757845406022365e-08,2.122279234229041e-08,3.644338282066757e-09,0.04587310986825027,0.04414762194927378
252_T1_vs_T3,longitudinal,7,LThigh_to_LShin_rz,LThigh_to_LShin,rz,1.8900613912692947e-08,9.820496238858448e-09,-9.080117673834499e-09,0.04587310986825027,0.04414762194927378
252_T1_vs_T3,longitudinal,7,LUArm_to_LFArm_rx,LUArm_to_LFArm,rx,0.0289568984543394,0.13585771059488488,0.10690081214054548,0.04587310986825027,0.04414762194927378
252_T1_vs_T3,longitudinal,7,LUArm_to_LFArm_ry,LUArm_to_LFArm,ry,0.22754603200178614,0.284513974649691,0.05696794264790489,0.04587310986825027,0.04414762194927378
252_T1_vs_T3,longitudinal,7,LUArm_to_LFArm_rz,LUArm_to_LFArm,rz,0.027672486671101344,0.014024901871871678,-0.013647584799229666,0.04587310986825027,0.04414762194927378
252_T1_vs_T3,longitudinal,7,Neck_to_Head_rx,Neck_to_Head,rx,0.027954600996512136,0.061091975747022347,0.03313737475051021,0.04587310986825027,0.04414762194927378
252_T1_vs_T3,longitudinal,7,Neck_to_Head_ry,Neck_to_Head,ry,0.07768876164804131,0.046348790211076935,-0.031339971436964376,0.04587310986825027,0.04414762194927378
252_T1_vs_T3,longitudinal,7,Neck_to_Head_rz,Neck_to_Head,rz,0.0030676290335479753,0.01469782411548081,0.011630195081932835,0.04587310986825027,0.04414762194927378
252_T1_vs_T3,longitudinal,7,RFArm_to_RHand_rx,RFArm_to_RHand,rx,0.0026409010522011407,0.0051851540511748334,0.0025442529989736927,0.04587310986825027,0.04414762194927378
252_T1_vs_T3,longitudinal,7,RFArm_to_RHand_ry,RFArm_to_RHand,ry,0.018268392397838538,0.04873076378602548,0.03046237138818694,0.04587310986825027,0.04414762194927378
252_T1_vs_T3,longitudinal,7,RFArm_to_RHand_rz,RFArm_to_RHand,rz,0.025678546987566445,0.051374891113179305,0.02569634412561286,0.04587310986825027,0.04414762194927378
252_T1_vs_T3,longitudinal,7,RShin_to_RFoot_rx,RShin_to_RFoot,rx,0.14744840961431402,0.0326216495124656,-0.11482676010184842,0.04587310986825027,0.04414762194927378
252_T1_vs_T3,longitudinal,7,RShin_to_RFoot_ry,RShin_to_RFoot,ry,0.03911394172063795,0.03538286836726187,-0.00373107335337608,0.04587310986825027,0.04414762194927378
252_T1_vs_T3,longitudinal,7,RShin_to_RFoot_rz,RShin_to_RFoot,rz,0.06062098660204157,0.08249592662457354,0.021874940022531972,0.04587310986825027,0.04414762194927378
252_T1_vs_T3,longitudinal,7,RShoulder_to_RUArm_rx,RShoulder_to_RUArm,rx,0.3489218042926115,0.2369955296498279,-0.1119262746427836,0.04587310986825027,0.04414762194927378
252_T1_vs_T3,longitudinal,7,RShoulder_to_RUArm_ry,RShoulder_to_RUArm,ry,0.33223657672574236,0.13938584683799835,-0.19285072988774402,0.04587310986825027,0.04414762194927378
252_T1_vs_T3,longitudinal,7,RShoulder_to_RUArm_rz,RShoulder_to_RUArm,rz,0.5247419293769899,0.3889643165835787,-0.13577761279341122,0.04587310986825027,0.04414762194927378
252_T1_vs_T3,longitudinal,7,RThigh_to_RShin_rx,RThigh_to_RShin,rx,0.006575042823686597,0.19804880990825852,0.19147376708457192,0.04587310986825027,0.04414762194927378
252_T1_vs_T3,longitudinal,7,RThigh_to_RShin_ry,RThigh_to_RShin,ry,8.693515753943444e-10,1.2499747055028217e-08,1.1630395479633873e-08,0.04587310986825027,0.04414762194927378
252_T1_vs_T3,longitudinal,7,RThigh_to_RShin_rz,RThigh_to_RShin,rz,5.544949429661076e-09,1.9250849452212543e-08,1.3705900022551466e-08,0.04587310986825027,0.04414762194927378
252_T1_vs_T3,longitudinal,7,RUArm_to_RFArm_rx,RUArm_to_RFArm,rx,0.4165253960559637,0.032210875629463676,-0.38431452042650005,0.04587310986825027,0.04414762194927378
252_T1_vs_T3,longitudinal,7,RUArm_to_RFArm_ry,RUArm_to_RFArm,ry,0.3970106275832007,0.12857590893279483,-0.2684347186504059,0.04587310986825027,0.04414762194927378
252_T1_vs_T3,longitudinal,7,RUArm_to_RFArm_rz,RUArm_to_RFArm,rz,0.014268378721820659,0.021057548271153612,0.0067891695493329535,0.04587310986825027,0.04414762194927378
252_T1_vs_T3,longitudinal,8,252_to_LThigh_rx,252_to_LThigh,rx,0.5491028749241991,0.01083924875675021,-0.5382636261674488,0.038407778560372335,0.03352722526752885
252_T1_vs_T3,longitudinal,8,252_to_LThigh_ry,252_to_LThigh,ry,0.1028545720612868,0.14464676873702909,0.041792196675742285,0.038407778560372335,0.03352722526752885
252_T1_vs_T3,longitudinal,8,252_to_LThigh_rz,252_to_LThigh,rz,0.10279204768183972,0.012342251600138611,-0.09044979608170112,0.038407778560372335,0.03352722526752885
252_T1_vs_T3,longitudinal,8,252_to_RThigh_rx,252_to_RThigh,rx,0.18149496150502067,0.34618612773585006,0.16469116623082938,0.038407778560372335,0.03352722526752885
252_T1_vs_T3,longitudinal,8,252_to_RThigh_ry,252_to_RThigh,ry,0.08698045811366067,0.04236003314108165,-0.04462042497257902,0.038407778560372335,0.03352722526752885
252_T1_vs_T3,longitudinal,8,252_to_RThigh_rz,252_to_RThigh,rz,0.19132125137318434,0.022208129026860684,-0.16911312234632367,0.038407778560372335,0.03352722526752885
252_T1_vs_T3,longitudinal,8,Chest_to_LShoulder_rx,Chest_to_LShoulder,rx,0.03608560453578533,0.00501623230482863,-0.031069372230956703,0.038407778560372335,0.03352722526752885
252_T1_vs_T3,longitudinal,8,Chest_to_LShoulder_ry,Chest_to_LShoulder,ry,0.09534719009284083,0.03028090624515061,-0.06506628384769023,0.038407778560372335,0.03352722526752885
252_T1_vs_T3,longitudinal,8,Chest_to_LShoulder_rz,Chest_to_LShoulder,rz,0.006956738544582754,0.03637734606473768,0.029420607520154924,0.038407778560372335,0.03352722526752885
252_T1_vs_T3,longitudinal,8,Chest_to_Neck_rx,Chest_to_Neck,rx,0.13511408061167698,0.15436215815874757,0.019248077547070586,0.038407778560372335,0.03352722526752885
252_T1_vs_T3,longitudinal,8,Chest_to_Neck_ry,Chest_to_Neck,ry,0.03637987094467266,0.03509891309794518,-0.001280957846727479,0.038407778560372335,0.03352722526752885
252_T1_vs_T3,longitudinal,8,Chest_to_Neck_rz,Chest_to_Neck,rz,0.047005413644053966,0.05268777560456301,0.005682361960509044,0.038407778560372335,0.03352722526752885
252_T1_vs_T3,longitudinal,8,Chest_to_RShoulder_rx,Chest_to_RShoulder,rx,0.0272355178224607,0.019271844520893085,-0.007963673301567616,0.038407778560372335,0.03352722526752885
252_T1_vs_T3,longitudinal,8,Chest_to_RShoulder_ry,Chest_to_RShoulder,ry,0.08633536576043356,0.002891994866324989,-0.08344337089410857,0.038407778560372335,0.03352722526752885
252_T1_vs_T3,longitudinal,8,Chest_to_RShoulder_rz,Chest_to_RShoulder,rz,0.020876239563669862,0.03360441114924293,0.012728171585573069,0.038407778560372335,0.03352722526752885
252_T1_vs_T3,longitudinal,8,LFArm_to_LHand_rx,LFArm_to_LHand,rx,0.013399752950268747,0.015953676300117445,0.0025539233498486982,0.038407778560372335,0.03352722526752885
252_T1_vs_T3,longitudinal,8,LFArm_to_LHand_ry,LFArm_to_LHand,ry,0.05290133543665138,0.046001092351280616,-0.006900243085370766,0.038407778560372335,0.03352722526752885
252_T1_vs_T3,longitudinal,8,LFArm_to_LHand_rz,LFArm_to_LHand,rz,0.05971657360846841,0.09955183023909675,0.03983525663062834,0.038407778560372335,0.03352722526752885
252_T1_vs_T3,longitudinal,8,LShin_to_LFoot_rx,LShin_to_LFoot,rx,0.10050976982040012,0.20918041291297934,0.10867064309257922,0.038407778560372335,0.03352722526752885
252_T1_vs_T3,longitudinal,8,LShin_to_LFoot_ry,LShin_to_LFoot,ry,0.12382334207022537,0.04332256193178116,-0.08050078013844421,0.038407778560372335,0.03352722526752885
252_T1_vs_T3,longitudinal,8,LShin_to_LFoot_rz,LShin_to_LFoot,rz,0.106711977277323,0.03365929578502377,-0.07305268149229924,0.038407778560372335,0.03352722526752885
252_T1_vs_T3,longitudinal,8,LShoulder_to_LUArm_rx,LShoulder_to_LUArm,rx,0.34905283869028714,0.19277382208756197,-0.15627901660272517,0.038407778560372335,0.03352722526752885
252_T1_vs_T3,longitudinal,8,LShoulder_to_LUArm_ry,LShoulder_to_LUArm,ry,0.12180446402118546,0.16653800837913615,0.0447335443579507,0.038407778560372335,0.03352722526752885
252_T1_vs_T3,longitudinal,8,LShoulder_to_LUArm_rz,LShoulder_to_LUArm,rz,0.07675306272225177,0.028742527116782626,-0.04801053560546914,0.038407778560372335,0.03352722526752885
252_T1_vs_T3,longitudinal,8,LThigh_to_LShin_rx,LThigh_to_LShin,rx,0.42694001050796687,0.09370140093859561,-0.33323860956937124,0.038407778560372335,0.03352722526752885
252_T1_vs_T3,longitudinal,8,LThigh_to_LShin_ry,LThigh_to_LShin,ry,4.47865720236769e-10,4.415972434671451e-08,4.371185862647774e-08,0.038407778560372335,0.03352722526752885
252_T1_vs_T3,longitudinal,8,LThigh_to_LShin_rz,LThigh_to_LShin,rz,2.4425226445072647e-09,5.47991477481538e-09,3.037392130308115e-09,0.038407778560372335,0.03352722526752885
252_T1_vs_T3,longitudinal,8,LUArm_to_LFArm_rx,LUArm_to_LFArm,rx,0.003090474382101675,0.3499401995180709,0.34684972513596923,0.038407778560372335,0.03352722526752885
252_T1_vs_T3,longitudinal,8,LUArm_to_LFArm_ry,LUArm_to_LFArm,ry,0.061721804510547054,0.030965132708708376,-0.030756671801838678,0.038407778560372335,0.03352722526752885
252_T1_vs_T3,longitudinal,8,LUArm_to_LFArm_rz,LUArm_to_LFArm,rz,0.055030785303589805,0.04615700557578947,-0.008873779727800332,0.038407778560372335,0.03352722526752885
252_T1_vs_T3,longitudinal,8,Neck_to_Head_rx,Neck_to_Head,rx,0.1350636272564927,0.15425125425685884,0.019187627000366136,0.038407778560372335,0.03352722526752885
252_T1_vs_T3,longitudinal,8,Neck_to_Head_ry,Neck_to_Head,ry,0.026604524812060857,0.024067407875143103,-0.002537116936917754,0.038407778560372335,0.03352722526752885
252_T1_vs_T3,longitudinal,8,Neck_to_Head_rz,Neck_to_Head,rz,0.05284440509648946,0.05860133955748696,0.005756934460997502,0.038407778560372335,0.03352722526752885
252_T1_vs_T3,longitudinal,8,RFArm_to_RHand_rx,RFArm_to_RHand,rx,0.005799537777656177,0.007541034383927052,0.001741496606270875,0.038407778560372335,0.03352722526752885
252_T1_vs_T3,longitudinal,8,RFArm_to_RHand_ry,RFArm_to_RHand,ry,0.051484685639547195,0.0035881813379370275,-0.04789650430161017,0.038407778560372335,0.03352722526752885
252_T1_vs_T3,longitudinal,8,RFArm_to_RHand_rz,RFArm_to_RHand,rz,0.023904806245367196,0.1098563024922219,0.0859514962468547,0.038407778560372335,0.03352722526752885
252_T1_vs_T3,longitudinal,8,RShin_to_RFoot_rx,RShin_to_RFoot,rx,0.109371642619436,0.13693920145083724,0.027567558831401245,0.038407778560372335,0.03352722526752885
252_T1_vs_T3,longitudinal,8,RShin_to_RFoot_ry,RShin_to_RFoot,ry,0.0007388055852887971,0.1294959670053186,0.1287571614200298,0.038407778560372335,0.03352722526752885
252_T1_vs_T3,longitudinal,8,RShin_to_RFoot_rz,RShin_to_RFoot,rz,0.062461557265072985,0.0685951740909847,0.0061336168259117155,0.038407778560372335,0.03352722526752885
252_T1_vs_T3,longitudinal,8,RShoulder_to_RUArm_rx,RShoulder_to_RUArm,rx,0.04790775074017204,0.3873167273483642,0.33940897660819214,0.038407778560372335,0.03352722526752885
252_T1_vs_T3,longitudinal,8,RShoulder_to_RUArm_ry,RShoulder_to_RUArm,ry,0.18016521286106002,0.43105904630717967,0.25089383344611965,0.038407778560372335,0.03352722526752885
252_T1_vs_T3,longitudinal,8,RShoulder_to_RUArm_rz,RShoulder_to_RUArm,rz,0.05301643995835933,0.009590052676974799,-0.04342638728138453,0.038407778560372335,0.03352722526752885
252_T1_vs_T3,longitudinal,8,RThigh_to_RShin_rx,RThigh_to_RShin,rx,0.2756597302531648,0.05445460571132022,-0.2212051245418446,0.038407778560372335,0.03352722526752885
252_T1_vs_T3,longitudinal,8,RThigh_to_RShin_ry,RThigh_to_RShin,ry,2.965842725442612e-08,2.7690983912924188e-09,-2.68893288631337e-08,0.038407778560372335,0.03352722526752885
252_T1_vs_T3,longitudinal,8,RThigh_to_RShin_rz,RThigh_to_RShin,rz,3.7589267066400775e-08,9.438143975069947e-09,-2.8151123091330826e-08,0.038407778560372335,0.03352722526752885
252_T1_vs_T3,longitudinal,8,RUArm_to_RFArm_rx,RUArm_to_RFArm,rx,0.033633499014710314,0.08397053347343884,0.05033703445872853,0.038407778560372335,0.03352722526752885
252_T1_vs_T3,longitudinal,8,RUArm_to_RFArm_ry,RUArm_to_RFArm,ry,0.15854176300181794,0.36977277913625295,0.211231016134435,0.038407778560372335,0.03352722526752885
252_T1_vs_T3,longitudinal,8,RUArm_to_RFArm_rz,RUArm_to_RFArm,rz,0.06024677272914998,0.055939602621881246,-0.004307170107268735,0.038407778560372335,0.03352722526752885
252_T1_vs_T3,longitudinal,9,252_to_LThigh_rx,252_to_LThigh,rx,0.1978586194135096,0.11514894507162399,-0.08270967434188561,0.030933916461079684,0.02367019051587363
252_T1_vs_T3,longitudinal,9,252_to_LThigh_ry,252_to_LThigh,ry,0.09808786438234202,0.10332725176200469,0.005239387379662674,0.030933916461079684,0.02367019051587363
252_T1_vs_T3,longitudinal,9,252_to_LThigh_rz,252_to_LThigh,rz,0.06893988671743127,0.03439479766389898,-0.03454508905353229,0.030933916461079684,0.02367019051587363
252_T1_vs_T3,longitudinal,9,252_to_RThigh_rx,252_to_RThigh,rx,0.3264552158309888,0.2366030452032221,-0.08985217062776671,0.030933916461079684,0.02367019051587363
252_T1_vs_T3,longitudinal,9,252_to_RThigh_ry,252_to_RThigh,ry,0.11900138690216734,0.035954327291033296,-0.08304705961113404,0.030933916461079684,0.02367019051587363
252_T1_vs_T3,longitudinal,9,252_to_RThigh_rz,252_to_RThigh,rz,0.21667957053278225,0.040820295207617256,-0.175859275325165,0.030933916461079684,0.02367019051587363
252_T1_vs_T3,longitudinal,9,Chest_to_LShoulder_rx,Chest_to_LShoulder,rx,0.05720434547623689,0.0007567221973831909,-0.0564476232788537,0.030933916461079684,0.02367019051587363
252_T1_vs_T3,longitudinal,9,Chest_to_LShoulder_ry,Chest_to_LShoulder,ry,0.10916056025062422,0.00749145233212696,-0.10166910791849726,0.030933916461079684,0.02367019051587363
252_T1_vs_T3,longitudinal,9,Chest_to_LShoulder_rz,Chest_to_LShoulder,rz,0.04271507566712994,0.03222009414481741,-0.010494981522312527,0.030933916461079684,0.02367019051587363
252_T1_vs_T3,longitudinal,9,Chest_to_Neck_rx,Chest_to_Neck,rx,0.14248890940737907,0.11951968605331077,-0.0229692233540683,0.030933916461079684,0.02367019051587363
252_T1_vs_T3,longitudinal,9,Chest_to_Neck_ry,Chest_to_Neck,ry,0.05046682560220968,0.07725076686797241,0.026783941265762737,0.030933916461079684,0.02367019051587363
252_T1_vs_T3,longitudinal,9,Chest_to_Neck_rz,Chest_to_Neck,rz,0.1580568978331294,0.0753581581644333,-0.0826987396686961,0.030933916461079684,0.02367019051587363
252_T1_vs_T3,longitudinal,9,Chest_to_RShoulder_rx,Chest_to_RShoulder,rx,0.0020843886565400874,0.024485568874701914,0.02240118021816183,0.030933916461079684,0.02367019051587363
252_T1_vs_T3,longitudinal,9,Chest_to_RShoulder_ry,Chest_to_RShoulder,ry,0.02797092115072774,0.0041557709707136644,-0.023815150180014073,0.030933916461079684,0.02367019051587363
252_T1_vs_T3,longitudinal,9,Chest_to_RShoulder_rz,Chest_to_RShoulder,rz,0.09506290918259269,0.06832048815899472,-0.026742421023597973,0.030933916461079684,0.02367019051587363
252_T1_vs_T3,longitudinal,9,LFArm_to_LHand_rx,LFArm_to_LHand,rx,0.013976306704517022,0.007676258006051259,-0.006300048698465763,0.030933916461079684,0.02367019051587363
252_T1_vs_T3,longitudinal,9,LFArm_to_LHand_ry,LFArm_to_LHand,ry,0.024312304103532207,0.05625388339141406,0.031941579287881855,0.030933916461079684,0.02367019051587363
252_T1_vs_T3,longitudinal,9,LFArm_to_LHand_rz,LFArm_to_LHand,rz,0.09400344007390421,0.05178411555095106,-0.04221932452295315,0.030933916461079684,0.02367019051587363
252_T1_vs_T3,longitudinal,9,LShin_to_LFoot_rx,LShin_to_LFoot,rx,0.21258776630954154,0.1424720594369529,-0.07011570687258864,0.030933916461079684,0.02367019051587363
252_T1_vs_T3,longitudinal,9,LShin_to_LFoot_ry,LShin_to_LFoot,ry,0.09031420445584487,0.040288649191220764,-0.05002555526462411,0.030933916461079684,0.02367019051587363
252_T1_vs_T3,longitudinal,9,LShin_to_LFoot_rz,LShin_to_LFoot,rz,0.06356344733014004,0.08134222247571934,0.01777877514557931,0.030933916461079684,0.02367019051587363
252_T1_vs_T3,longitudinal,9,LShoulder_to_LUArm_rx,LShoulder_to_LUArm,rx,0.18672736037940796,0.011910611227138268,-0.1748167491522697,0.030933916461079684,0.02367019051587363
252_T1_vs_T3,longitudinal,9,LShoulder_to_LUArm_ry,LShoulder_to_LUArm,ry,0.4168115031207401,0.10147652416100687,-0.3153349789597332,0.030933916461079684,0.02367019051587363
252_T1_vs_T3,longitudinal,9,LShoulder_to_LUArm_rz,LShoulder_to_LUArm,rz,0.313777491483753,0.07654693478371179,-0.23723055670004123,0.030933916461079684,0.02367019051587363
252_T1_vs_T3,longitudinal,9,LThigh_to_LShin_rx,LThigh_to_LShin,rx,0.0757930498615553,0.011434036171994717,-0.06435901368956058,0.030933916461079684,0.02367019051587363
252_T1_vs_T3,longitudinal,9,LThigh_to_LShin_ry,LThigh_to_LShin,ry,3.3020481717972196e-09,1.2666680362391794e-08,9.364632190594574e-09,0.030933916461079684,0.02367019051587363
252_T1_vs_T3,longitudinal,9,LThigh_to_LShin_rz,LThigh_to_LShin,rz,4.759455784747485e-09,2.3902316457838887e-08,1.9142860673091403e-08,0.030933916461079684,0.02367019051587363
252_T1_vs_T3,longitudinal,9,LUArm_to_LFArm_rx,LUArm_to_LFArm,rx,0.11949848275337722,0.012482814897737834,-0.10701566785563939,0.030933916461079684,0.02367019051587363
252_T1_vs_T3,longitudinal,9,LUArm_to_LFArm_ry,LUArm_to_LFArm,ry,0.24539644391749724,0.38229915764803946,0.13690271373054222,0.030933916461079684,0.02367019051587363
252_T1_vs_T3,longitudinal,9,LUArm_to_LFArm_rz,LUArm_to_LFArm,rz,0.09979490722411793,0.007800021701978514,-0.09199488552213941,0.030933916461079684,0.02367019051587363
252_T1_vs_T3,longitudinal,9,Neck_to_Head_rx,Neck_to_Head,rx,0.14224124575751929,0.11990551872869577,-0.022335727028823513,0.030933916461079684,0.02367019051587363
252_T1_vs_T3,longitudinal,9,Neck_to_Head_ry,Neck_to_Head,ry,0.08007943540211637,0.06150807661392096,-0.018571358788195415,0.030933916461079684,0.02367019051587363
252_T1_vs_T3,longitudinal,9,Neck_to_Head_rz,Neck_to_Head,rz,0.14578559203419336,0.08856738068103083,-0.05721821135316253,0.030933916461079684,0.02367019051587363
252_T1_vs_T3,longitudinal,9,RFArm_to_RHand_rx,RFArm_to_RHand,rx,0.0010091044122410658,0.002461858052678447,0.0014527536404373813,0.030933916461079684,0.02367019051587363
252_T1_vs_T3,longitudinal,9,RFArm_to_RHand_ry,RFArm_to_RHand,ry,0.008759281460271778,0.03553180815091537,0.02677252669064359,0.030933916461079684,0.02367019051587363
252_T1_vs_T3,longitudinal,9,RFArm_to_RHand_rz,RFArm_to_RHand,rz,0.047676155451474536,0.07456883362355912,0.026892678172084586,0.030933916461079684,0.02367019051587363
252_T1_vs_T3,longitudinal,9,RShin_to_RFoot_rx,RShin_to_RFoot,rx,0.15030905927084875,0.20961734906146942,0.059308289790620666,0.030933916461079684,0.02367019051587363
252_T1_vs_T3,longitudinal,9,RShin_to_RFoot_ry,RShin_to_RFoot,ry,0.03201133788212314,0.022047868934465375,-0.009963468947657764,0.030933916461079684,0.02367019051587363
252_T1_vs_T3,longitudinal,9,RShin_to_RFoot_rz,RShin_to_RFoot,rz,0.06860630042150735,0.030144939751640582,-0.03846136066986677,0.030933916461079684,0.02367019051587363
252_T1_vs_T3,longitudinal,9,RShoulder_to_RUArm_rx,RShoulder_to_RUArm,rx,0.0568914472714202,0.023820642998491376,-0.03307080427292882,0.030933916461079684,0.02367019051587363
252_T1_vs_T3,longitudinal,9,RShoulder_to_RUArm_ry,RShoulder_to_RUArm,ry,0.12797530036335159,0.010099779972981513,-0.11787552039037007,0.030933916461079684,0.02367019051587363
252_T1_vs_T3,longitudinal,9,RShoulder_to_RUArm_rz,RShoulder_to_RUArm,rz,0.36201349531926724,0.26772559649125716,-0.09428789882801009,0.030933916461079684,0.02367019051587363
252_T1_vs_T3,longitudinal,9,RThigh_to_RShin_rx,RThigh_to_RShin,rx,0.017400337428771225,0.15042398586462224,0.13302364843585102,0.030933916461079684,0.02367019051587363
252_T1_vs_T3,longitudinal,9,RThigh_to_RShin_ry,RThigh_to_RShin,ry,3.9121389095059085e-08,3.262189703933345e-08,-6.499492055725638e-09,0.030933916461079684,0.02367019051587363
252_T1_vs_T3,longitudinal,9,RThigh_to_RShin_rz,RThigh_to_RShin,rz,3.821256057811618e-09,3.675125429052422e-09,-1.461306287591959e-10,0.030933916461079684,0.02367019051587363
252_T1_vs_T3,longitudinal,9,RUArm_to_RFArm_rx,RUArm_to_RFArm,rx,0.0849629575426234,0.1726745645750641,0.08771160703244071,0.030933916461079684,0.02367019051587363
252_T1_vs_T3,longitudinal,9,RUArm_to_RFArm_ry,RUArm_to_RFArm,ry,0.054409463374231845,0.6760425077922225,0.6216330444179907,0.030933916461079684,0.02367019051587363
252_T1_vs_T3,longitudinal,9,RUArm_to_RFArm_rz,RUArm_to_RFArm,rz,0.011380058516485492,0.16247039018990342,0.15109033167341793,0.030933916461079684,0.02367019051587363
252_T1_vs_T3,longitudinal,10,252_to_LThigh_rx,252_to_LThigh,rx,0.20214048685947272,0.0054353473342165235,-0.1967051395252562,0.02788791681910347,0.018684818713063486
252_T1_vs_T3,longitudinal,10,252_to_LThigh_ry,252_to_LThigh,ry,0.20662086469623295,0.10496690420472016,-0.10165396049151279,0.02788791681910347,0.018684818713063486
252_T1_vs_T3,longitudinal,10,252_to_LThigh_rz,252_to_LThigh,rz,0.04494675991699293,0.11264291445305971,0.06769615453606678,0.02788791681910347,0.018684818713063486
252_T1_vs_T3,longitudinal,10,252_to_RThigh_rx,252_to_RThigh,rx,0.29983086895345773,0.18132540247966308,-0.11850546647379465,0.02788791681910347,0.018684818713063486
252_T1_vs_T3,longitudinal,10,252_to_RThigh_ry,252_to_RThigh,ry,0.06862258902473581,0.11520106094205457,0.04657847191731876,0.02788791681910347,0.018684818713063486
252_T1_vs_T3,longitudinal,10,252_to_RThigh_rz,252_to_RThigh,rz,0.011008124758440964,0.17207709794407325,0.1610689731856323,0.02788791681910347,0.018684818713063486
252_T1_vs_T3,longitudinal,10,Chest_to_LShoulder_rx,Chest_to_LShoulder,rx,0.02746248921424903,0.003846176279803741,-0.02361631293444529,0.02788791681910347,0.018684818713063486
252_T1_vs_T3,longitudinal,10,Chest_to_LShoulder_ry,Chest_to_LShoulder,ry,0.005068048514468273,0.08112703709889116,0.07605898858442288,0.02788791681910347,0.018684818713063486
252_T1_vs_T3,longitudinal,10,Chest_to_LShoulder_rz,Chest_to_LShoulder,rz,0.04607709009645325,0.06612504757896431,0.020047957482511064,0.02788791681910347,0.018684818713063486
252_T1_vs_T3,longitudinal,10,Chest_to_Neck_rx,Chest_to_Neck,rx,0.13406808165698883,0.07325760112421124,-0.060810480532777586,0.02788791681910347,0.018684818713063486
252_T1_vs_T3,longitudinal,10,Chest_to_Neck_ry,Chest_to_Neck,ry,0.03248952627435891,0.09703307622821974,0.06454354995386083,0.02788791681910347,0.018684818713063486
252_T1_vs_T3,longitudinal,10,Chest_to_Neck_rz,Chest_to_Neck,rz,0.05145545991775617,0.09863160937935671,0.047176149461600536,0.02788791681910347,0.018684818713063486
252_T1_vs_T3,longitudinal,10,Chest_to_RShoulder_rx,Chest_to_RShoulder,rx,0.057609478822659564,0.003009201077662741,-0.054600277744996824,0.02788791681910347,0.018684818713063486
252_T1_vs_T3,longitudinal,10,Chest_to_RShoulder_ry,Chest_to_RShoulder,ry,0.01791512937441848,0.009224811597574545,-0.008690317776843936,0.02788791681910347,0.018684818713063486
252_T1_vs_T3,longitudinal,10,Chest_to_RShoulder_rz,Chest_to_RShoulder,rz,0.14083038568854003,0.05508567637741235,-0.08574470931112768,0.02788791681910347,0.018684818713063486
252_T1_vs_T3,longitudinal,10,LFArm_to_LHand_rx,LFArm_to_LHand,rx,0.006417261756258918,0.014886465925241484,0.008469204168982565,0.02788791681910347,0.018684818713063486
252_T1_vs_T3,longitudinal,10,LFArm_to_LHand_ry,LFArm_to_LHand,ry,0.007158868783998329,0.04592565353547047,0.03876678475147214,0.02788791681910347,0.018684818713063486
252_T1_vs_T3,longitudinal,10,LFArm_to_LHand_rz,LFArm_to_LHand,rz,0.06482525961136724,0.07075327649815111,0.005928016886783863,0.02788791681910347,0.018684818713063486
252_T1_vs_T3,longitudinal,10,LShin_to_LFoot_rx,LShin_to_LFoot,rx,0.20071454321843546,0.09593073325157404,-0.10478380996686142,0.02788791681910347,0.018684818713063486
252_T1_vs_T3,longitudinal,10,LShin_to_LFoot_ry,LShin_to_LFoot,ry,0.003736367772824238,0.06067818744745017,0.05694181967462593,0.02788791681910347,0.018684818713063486
252_T1_vs_T3,longitudinal,10,LShin_to_LFoot_rz,LShin_to_LFoot,rz,0.03109520960320627,0.03099250327030008,-0.00010270633290618975,0.02788791681910347,0.018684818713063486
252_T1_vs_T3,longitudinal,10,LShoulder_to_LUArm_rx,LShoulder_to_LUArm,rx,0.051494942523657834,0.04743381228204833,-0.004061130241609506,0.02788791681910347,0.018684818713063486
252_T1_vs_T3,longitudinal,10,LShoulder_to_LUArm_ry,LShoulder_to_LUArm,ry,0.17000955200911058,0.34080896831298424,0.17079941630387366,0.02788791681910347,0.018684818713063486
252_T1_vs_T3,longitudinal,10,LShoulder_to_LUArm_rz,LShoulder_to_LUArm,rz,0.1429417767856187,0.12806715092586377,-0.014874625859754936,0.02788791681910347,0.018684818713063486
252_T1_vs_T3,longitudinal,10,LThigh_to_LShin_rx,LThigh_to_LShin,rx,0.08876385866241503,0.05624509925622729,-0.03251875940618774,0.02788791681910347,0.018684818713063486
252_T1_vs_T3,longitudinal,10,LThigh_to_LShin_ry,LThigh_to_LShin,ry,5.427640538798985e-08,2.2963751231271847e-08,-3.1312654156718e-08,0.02788791681910347,0.018684818713063486
252_T1_vs_T3,longitudinal,10,LThigh_to_LShin_rz,LThigh_to_LShin,rz,2.977042688825825e-08,9.587382209044414e-09,-2.0183044679213837e-08,0.02788791681910347,0.018684818713063486
252_T1_vs_T3,longitudinal,10,LUArm_to_LFArm_rx,LUArm_to_LFArm,rx,0.08440333311640602,0.40756706413587546,0.32316373101946944,0.02788791681910347,0.018684818713063486
252_T1_vs_T3,longitudinal,10,LUArm_to_LFArm_ry,LUArm_to_LFArm,ry,0.024893802555166586,0.5537573984436907,0.528863595888524,0.02788791681910347,0.018684818713063486
252_T1_vs_T3,longitudinal,10,LUArm_to_LFArm_rz,LUArm_to_LFArm,rz,0.04004901143852144,0.1123083554596377,0.07225934402111626,0.02788791681910347,0.018684818713063486
252_T1_vs_T3,longitudinal,10,Neck_to_Head_rx,Neck_to_Head,rx,0.13386148097745607,0.07281014132438422,-0.06105133965307184,0.02788791681910347,0.018684818713063486
252_T1_vs_T3,longitudinal,10,Neck_to_Head_ry,Neck_to_Head,ry,0.021968118507080858,0.11442367519045234,0.09245555668337148,0.02788791681910347,0.018684818713063486
252_T1_vs_T3,longitudinal,10,Neck_to_Head_rz,Neck_to_Head,rz,0.056995590327288286,0.07864482811009335,0.021649237782805066,0.02788791681910347,0.018684818713063486
252_T1_vs_T3,longitudinal,10,RFArm_to_RHand_rx,RFArm_to_RHand,rx,0.005768590019155543,0.003865290991284869,-0.0019032990278706743,0.02788791681910347,0.018684818713063486
252_T1_vs_T3,longitudinal,10,RFArm_to_RHand_ry,RFArm_to_RHand,ry,0.0316685068699392,0.012533116427962116,-0.01913539044197709,0.02788791681910347,0.018684818713063486
252_T1_vs_T3,longitudinal,10,RFArm_to_RHand_rz,RFArm_to_RHand,rz,0.06624212375630205,0.029051573630951785,-0.03719055012535026,0.02788791681910347,0.018684818713063486
252_T1_vs_T3,longitudinal,10,RShin_to_RFoot_rx,RShin_to_RFoot,rx,0.04923205720036719,0.0069270151551638305,-0.04230504204520336,0.02788791681910347,0.018684818713063486
252_T1_vs_T3,longitudinal,10,RShin_to_RFoot_ry,RShin_to_RFoot,ry,0.1956444578837212,0.0609031755674763,-0.1347412823162449,0.02788791681910347,0.018684818713063486
252_T1_vs_T3,longitudinal,10,RShin_to_RFoot_rz,RShin_to_RFoot,rz,0.016904355914490164,0.11322186432481321,0.09631750841032305,0.02788791681910347,0.018684818713063486
252_T1_vs_T3,longitudinal,10,RShoulder_to_RUArm_rx,RShoulder_to_RUArm,rx,0.21582907648853686,0.006126178993217533,-0.2097028974953193,0.02788791681910347,0.018684818713063486
252_T1_vs_T3,longitudinal,10,RShoulder_to_RUArm_ry,RShoulder_to_RUArm,ry,0.49310744299184467,0.03796906706945683,-0.4551383759223878,0.02788791681910347,0.018684818713063486
252_T1_vs_T3,longitudinal,10,RShoulder_to_RUArm_rz,RShoulder_to_RUArm,rz,0.5117031310468717,0.03748015597001087,-0.47422297507686084,0.02788791681910347,0.018684818713063486
252_T1_vs_T3,longitudinal,10,RThigh_to_RShin_rx,RThigh_to_RShin,rx,0.08138275174888727,0.03222864246318094,-0.049154109285706335,0.02788791681910347,0.018684818713063486
252_T1_vs_T3,longitudinal,10,RThigh_to_RShin_ry,RThigh_to_RShin,ry,1.296777488783982e-08,8.982523139628691e-09,-3.985251748211128e-09,0.02788791681910347,0.018684818713063486
252_T1_vs_T3,longitudinal,10,RThigh_to_RShin_rz,RThigh_to_RShin,rz,3.147661570582298e-08,4.53474719649455e-09,-2.6941868509328427e-08,0.02788791681910347,0.018684818713063486
252_T1_vs_T3,longitudinal,10,RUArm_to_RFArm_rx,RUArm_to_RFArm,rx,0.13606582510420823,0.19989819201054432,0.06383236690633609,0.02788791681910347,0.018684818713063486
252_T1_vs_T3,longitudinal,10,RUArm_to_RFArm_ry,RUArm_to_RFArm,ry,0.04122891247111559,0.3562700605146706,0.315041148043555,0.02788791681910347,0.018684818713063486
252_T1_vs_T3,longitudinal,10,RUArm_to_RFArm_rz,RUArm_to_RFArm,rz,0.10195162464381927,0.06629541288770693,-0.03565621175611233,0.02788791681910347,0.018684818713063486
252_T1_R1_vs_R2,natural_variability,1,252_to_LThigh_rx,252_to_LThigh,rx,0.2289990258365598,0.3271082742046907,0.0981092483681309,0.23688561883542059,0.271534956711783
252_T1_R1_vs_R2,natural_variability,1,252_to_LThigh_ry,252_to_LThigh,ry,0.07943433121565116,0.06377067388711584,-0.01566365732853532,0.23688561883542059,0.271534956711783
252_T1_R1_vs_R2,natural_variability,1,252_to_LThigh_rz,252_to_LThigh,rz,0.05218244198520605,0.061919333420080165,0.009736891434874113,0.23688561883542059,0.271534956711783
252_T1_R1_vs_R2,natural_variability,1,252_to_RThigh_rx,252_to_RThigh,rx,0.13036539835910785,0.200885201088481,0.07051980272937317,0.23688561883542059,0.271534956711783
252_T1_R1_vs_R2,natural_variability,1,252_to_RThigh_ry,252_to_RThigh,ry,0.023271049058021128,0.023028346547606472,-0.00024270251041465588,0.23688561883542059,0.271534956711783
252_T1_R1_vs_R2,natural_variability,1,252_to_RThigh_rz,252_to_RThigh,rz,0.05463875499053378,0.10516406834731681,0.050525313356783036,0.23688561883542059,0.271534956711783
252_T1_R1_vs_R2,natural_variability,1,Chest_to_LShoulder_rx,Chest_to_LShoulder,rx,0.0031794844658298693,0.022966292275348514,0.019786807809518643,0.23688561883542059,0.271534956711783
252_T1_R1_vs_R2,natural_variability,1,Chest_to_LShoulder_ry,Chest_to_LShoulder,ry,0.006254926861647329,0.03122420258787727,0.024969275726229943,0.23688561883542059,0.271534956711783
252_T1_R1_vs_R2,natural_variability,1,Chest_to_LShoulder_rz,Chest_to_LShoulder,rz,0.011639913345200268,0.006444911329447691,-0.005195002015752577,0.23688561883542059,0.271534956711783
252_T1_R1_vs_R2,natural_variability,1,Chest_to_Neck_rx,Chest_to_Neck,rx,0.05295658372476566,0.07278052877333266,0.019823945048567,0.23688561883542059,0.271534956711783
252_T1_R1_vs_R2,natural_variability,1,Chest_to_Neck_ry,Chest_to_Neck,ry,0.0059628668834131255,0.04111593937101598,0.035153072487602854,0.23688561883542059,0.271534956711783
252_T1_R1_vs_R2,natural_variability,1,Chest_to_Neck_rz,Chest_to_Neck,rz,0.021302182286304757,0.008936324218308048,-0.01236585806799671,0.23688561883542059,0.271534956711783
252_T1_R1_vs_R2,natural_variability,1,Chest_to_RShoulder_rx,Chest_to_RShoulder,rx,0.009669146143767593,0.013425082823456013,0.0037559366796884198,0.23688561883542059,0.271534956711783
252_T1_R1_vs_R2,natural_variability,1,Chest_to_RShoulder_ry,Chest_to_RShoulder,ry,0.0033129583457884217,0.02080357530054575,0.01749061695475733,0.23688561883542059,0.271534956711783
252_T1_R1_vs_R2,natural_variability,1,Chest_to_RShoulder_rz,Chest_to_RShoulder,rz,0.003174529224251509,0.040671877059862145,0.03749734783561064,0.23688561883542059,0.271534956711783
252_T1_R1_vs_R2,natural_variability,1,LFArm_to_LHand_rx,LFArm_to_LHand,rx,0.003456467056880731,0.002650797033044515,-0.0008056700238362161,0.23688561883542059,0.271534956711783
252_T1_R1_vs_R2,natural_variability,1,LFArm_to_LHand_ry,LFArm_to_LHand,ry,0.01754147229926603,0.00041015236831769183,-0.01713131993094834,0.23688561883542059,0.271534956711783
252_T1_R1_vs_R2,natural_variability,1,LFArm_to_LHand_rz,LFArm_to_LHand,rz,0.03342910745017675,0.03532677915695221,0.0018976717067754612,0.23688561883542059,0.271534956711783
252_T1_R1_vs_R2,natural_variability,1,LShin_to_LFoot_rx,LShin_to_LFoot,rx,0.13515160991274253,0.10901783558627616,-0.026133774326466366,0.23688561883542059,0.271534956711783
252_T1_R1_vs_R2,natural_variability,1,LShin_to_LFoot_ry,LShin_to_LFoot,ry,0.11387158060546942,0.10667090720611525,-0.007200673399354179,0.23688561883542059,0.271534956711783
252_T1_R1_vs_R2,natural_variability,1,LShin_to_LFoot_rz,LShin_to_LFoot,rz,0.04857858770467281,0.02388978195091154,-0.024688805753761273,0.23688561883542059,0.271534956711783
252_T1_R1_vs_R2,natural_variability,1,LShoulder_to_LUArm_rx,LShoulder_to_LUArm,rx,0.08013306994347062,0.021927127830605308,-0.05820594211286531,0.23688561883542059,0.271534956711783
252_T1_R1_vs_R2,natural_variability,1,LShoulder_to_LUArm_ry,LShoulder_to_LUArm,ry,0.13787361780264193,0.1856792135339442,0.047805595731302275,0.23688561883542059,0.271534956711783
252_T1_R1_vs_R2,natural_variability,1,LShoulder_to_LUArm_rz,LShoulder_to_LUArm,rz,0.03962074963275272,0.057316347596778866,0.017695597964026144,0.23688561883542059,0.271534956711783
252_T1_R1_vs_R2,natural_variability,1,LThigh_to_LShin_rx,LThigh_to_LShin,rx,0.693231772984204,0.7981050074894056,0.10487323450520158,0.23688561883542059,0.271534956711783
252_T1_R1_vs_R2,natural_variability,1,LThigh_to_LShin_ry,LThigh_to_LShin,ry,2.9882112984204014e-09,8.308745929258262e-09,5.3205346308378605e-09,0.23688561883542059,0.271534956711783
252_T1_R1_vs_R2,natural_variability,1,LThigh_to_LShin_rz,LThigh_to_LShin,rz,2.4576181300026732e-09,2.4540023810547785e-08,2.2082405680545113e-08,0.23688561883542059,0.271534956711783
252_T1_R1_vs_R2,natural_variability,1,LUArm_to_LFArm_rx,LUArm_to_LFArm,rx,0.05757437777209001,0.046395250965444716,-0.011179126806645297,0.23688561883542059,0.271534956711783
252_T1_R1_vs_R2,natural_variability,1,LUArm_to_LFArm_ry,LUArm_to_LFArm,ry,0.14973439406587175,0.18934280131496783,0.03960840724909609,0.23688561883542059,0.271534956711783
252_T1_R1_vs_R2,natural_variability,1,LUArm_to_LFArm_rz,LUArm_to_LFArm,rz,0.02421198212584581,0.04453071647686118,0.02031873435101537,0.23688561883542059,0.271534956711783
252_T1_R1_vs_R2,natural_variability,1,Neck_to_Head_rx,Neck_to_Head,rx,0.05301084126852036,0.07252859728715397,0.019517756018633606,0.23688561883542059,0.271534956711783
252_T1_R1_vs_R2,natural_variability,1,Neck_to_Head_ry,Neck_to_Head,ry,0.0017466545337261495,0.038902597902625895,0.03715594336889975,0.23688561883542059,0.271534956711783
252_T1_R1_vs_R2,natural_variability,1,Neck_to_Head_rz,Neck_to_Head,rz,0.02210031791419871,0.016623921777534707,-0.0054763961366640045,0.23688561883542059,0.271534956711783
252_T1_R1_vs_R2,natural_variability,1,RFArm_to_RHand_rx,RFArm_to_RHand,rx,0.003112736863326611,0.0008414284446255987,-0.002271308418701012,0.23688561883542059,0.271534956711783
252_T1_R1_vs_R2,natural_variability,1,RFArm_to_RHand_ry,RFArm_to_RHand,ry,0.039808718025110656,0.01477485056905434,-0.02503386745605632,0.23688561883542059,0.271534956711783
252_T1_R1_vs_R2,natural_variability,1,RFArm_to_RHand_rz,RFArm_to_RHand,rz,0.011310099194374106,0.005431017102572516,-0.00587908209180159,0.23688561883542059,0.271534956711783
252_T1_R1_vs_R2,natural_variability,1,RShin_to_RFoot_rx,RShin_to_RFoot,rx,0.1433893456105526,0.1401425151348804,-0.003246830475672202,0.23688561883542059,0.271534956711783
252_T1_R1_vs_R2,natural_variability,1,RShin_to_RFoot_ry,RShin_to_RFoot,ry,0.007886976466430022,0.019257348715221046,0.011370372248791024,0.23688561883542059,0.271534956711783
252_T1_R1_vs_R2,natural_variability,1,RShin_to_RFoot_rz,RShin_to_RFoot,rz,0.11991246548117365,0.15429046954444833,0.03437800406327468,0.23688561883542059,0.271534956711783
252_T1_R1_vs_R2,natural_variability,1,RShoulder_to_RUArm_rx,RShoulder_to_RUArm,rx,0.25437022493469635,0.035975085436256146,-0.2183951394984402,0.23688561883542059,0.271534956711783
252_T1_R1_vs_R2,natural_variability,1,RShoulder_to_RUArm_ry,RShoulder_to_RUArm,ry,0.010225089029368714,0.13918083760802072,0.128955748578652,0.23688561883542059,0.271534956711783
252_T1_R1_vs_R2,natural_variability,1,RShoulder_to_RUArm_rz,RShoulder_to_RUArm,rz,0.022406486447488695,0.004379721041146265,-0.018026765406342432,0.23688561883542059,0.271534956711783
252_T1_R1_vs_R2,natural_variability,1,RThigh_to_RShin_rx,RThigh_to_RShin,rx,0.0844588038480669,0.014252269778301236,-0.07020653406976565,0.23688561883542059,0.271534956711783
252_T1_R1_vs_R2,natural_variability,1,RThigh_to_RShin_ry,RThigh_to_RShin,ry,1.7088681866456254e-09,6.353881041026324e-09,4.6450128543806984e-09,0.23688561883542059,0.271534956711783
252_T1_R1_vs_R2,natural_variability,1,RThigh_to_RShin_rz,RThigh_to_RShin,rz,6.743858473558937e-09,3.167755571933015e-08,2.4933697245771215e-08,0.23688561883542059,0.271534956711783
252_T1_R1_vs_R2,natural_variability,1,RUArm_to_RFArm_rx,RUArm_to_RFArm,rx,0.21496628555320452,0.04728175505360232,-0.1676845304996022,0.23688561883542059,0.271534956711783
252_T1_R1_vs_R2,natural_variability,1,RUArm_to_RFArm_ry,RUArm_to_RFArm,ry,0.3910345606666386,0.08663205468188508,-0.30440250598475355,0.23688561883542059,0.271534956711783
252_T1_R1_vs_R2,natural_variability,1,RUArm_to_RFArm_rz,RUArm_to_RFArm,rz,0.1841237456636322,0.015581768625063983,-0.1685419770385682,0.23688561883542059,0.271534956711783
252_T1_R1_vs_R2,natural_variability,2,252_to_LThigh_rx,252_to_LThigh,rx,0.3558197651837192,0.008304383566290393,-0.34751538161742884,0.14181652799435318,0.20882893250204596
252_T1_R1_vs_R2,natural_variability,2,252_to_LThigh_ry,252_to_LThigh,ry,0.023358638943037403,0.03078882333502544,0.007430184391988039,0.14181652799435318,0.20882893250204596
252_T1_R1_vs_R2,natural_variability,2,252_to_LThigh_rz,252_to_LThigh,rz,0.04498897150306905,0.0027986505067273877,-0.04219032099634166,0.14181652799435318,0.20882893250204596
252_T1_R1_vs_R2,natural_variability,2,252_to_RThigh_rx,252_to_RThigh,rx,0.07535604410066128,0.13673713418244338,0.061381090081782094,0.14181652799435318,0.20882893250204596
252_T1_R1_vs_R2,natural_variability,2,252_to_RThigh_ry,252_to_RThigh,ry,0.09705765462082393,0.0696922552218704,-0.02736539939895352,0.14181652799435318,0.20882893250204596
252_T1_R1_vs_R2,natural_variability,2,252_to_RThigh_rz,252_to_RThigh,rz,0.031909415527520475,0.01857438465240328,-0.013335030875117195,0.14181652799435318,0.20882893250204596
252_T1_R1_vs_R2,natural_variability,2,Chest_to_LShoulder_rx,Chest_to_LShoulder,rx,0.027044600022880158,0.005407799088681371,-0.021636800934198785,0.14181652799435318,0.20882893250204596
252_T1_R1_vs_R2,natural_variability,2,Chest_to_LShoulder_ry,Chest_to_LShoulder,ry,0.001731207074420595,0.005330980871627979,0.003599773797207384,0.14181652799435318,0.20882893250204596
252_T1_R1_vs_R2,natural_variability,2,Chest_to_LShoulder_rz,Chest_to_LShoulder,rz,0.048878238423217674,0.0323812181408305,-0.01649702028238717,0.14181652799435318,0.20882893250204596
252_T1_R1_vs_R2,natural_variability,2,Chest_to_Neck_rx,Chest_to_Neck,rx,0.04961086485972862,0.017599804073941943,-0.03201106078578668,0.14181652799435318,0.20882893250204596
252_T1_R1_vs_R2,natural_variability,2,Chest_to_Neck_ry,Chest_to_Neck,ry,0.05888787219096946,0.01996088617297774,-0.03892698601799172,0.14181652799435318,0.20882893250204596
252_T1_R1_vs_R2,natural_variability,2,Chest_to_Neck_rz,Chest_to_Neck,rz,0.007341983908626481,0.016571387555847982,0.009229403647221501,0.14181652799435318,0.20882893250204596
252_T1_R1_vs_R2,natural_variability,2,Chest_to_RShoulder_rx,Chest_to_RShoulder,rx,0.0155235507841424,0.022992040513179452,0.007468489729037051,0.14181652799435318,0.20882893250204596
252_T1_R1_vs_R2,natural_variability,2,Chest_to_RShoulder_ry,Chest_to_RShoulder,ry,0.001787716991148026,0.008358991820188694,0.006571274829040668,0.14181652799435318,0.20882893250204596
252_T1_R1_vs_R2,natural_variability,2,Chest_to_RShoulder_rz,Chest_to_RShoulder,rz,0.07245454289396158,0.10314752417532796,0.030692981281366383,0.14181652799435318,0.20882893250204596
252_T1_R1_vs_R2,natural_variability,2,LFArm_to_LHand_rx,LFArm_to_LHand,rx,0.009070564048045925,0.004437765595904194,-0.004632798452141731,0.14181652799435318,0.20882893250204596
252_T1_R1_vs_R2,natural_variability,2,LFArm_to_LHand_ry,LFArm_to_LHand,ry,0.05732046453253731,0.0038959403460961605,-0.05342452418644115,0.14181652799435318,0.20882893250204596
252_T1_R1_vs_R2,natural_variability,2,LFArm_to_LHand_rz,LFArm_to_LHand,rz,0.030691588862534817,0.022779506576579213,-0.007912082285955604,0.14181652799435318,0.20882893250204596
252_T1_R1_vs_R2,natural_variability,2,LShin_to_LFoot_rx,LShin_to_LFoot,rx,0.08456314904482029,0.02162779335475792,-0.06293535569006237,0.14181652799435318,0.20882893250204596
252_T1_R1_vs_R2,natural_variability,2,LShin_to_LFoot_ry,LShin_to_LFoot,ry,0.0032777865409254147,0.029547114962295194,0.02626932842136978,0.14181652799435318,0.20882893250204596
252_T1_R1_vs_R2,natural_variability,2,LShin_to_LFoot_rz,LShin_to_LFoot,rz,0.0048805115722011586,0.0289564709775121,0.024075959405310942,0.14181652799435318,0.20882893250204596
252_T1_R1_vs_R2,natural_variability,2,LShoulder_to_LUArm_rx,LShoulder_to_LUArm,rx,0.06390400527354233,0.06686739054878175,0.0029633852752394274,0.14181652799435318,0.20882893250204596
252_T1_R1_vs_R2,natural_variability,2,LShoulder_to_LUArm_ry,LShoulder_to_LUArm,ry,0.17572225331253838,0.08402919627965617,-0.0916930570328822,0.14181652799435318,0.20882893250204596
252_T1_R1_vs_R2,natural_variability,2,LShoulder_to_LUArm_rz,LShoulder_to_LUArm,rz,0.11881744582418455,0.003114390832219671,-0.11570305499196487,0.14181652799435318,0.20882893250204596
252_T1_R1_vs_R2,natural_variability,2,LThigh_to_LShin_rx,LThigh_to_LShin,rx,0.3592647846320281,0.21333300298634264,-0.14593178164568546,0.14181652799435318,0.20882893250204596
252_T1_R1_vs_R2,natural_variability,2,LThigh_to_LShin_ry,LThigh_to_LShin,ry,3.0729841281708286e-08,4.2566921431218794e-08,1.1837080149510508e-08,0.14181652799435318,0.20882893250204596
252_T1_R1_vs_R2,natural_variability,2,LThigh_to_LShin_rz,LThigh_to_LShin,rz,1.1882350412310988e-08,1.7996080884046737e-09,-1.0082742323906314e-08,0.14181652799435318,0.20882893250204596
252_T1_R1_vs_R2,natural_variability,2,LUArm_to_LFArm_rx,LUArm_to_LFArm,rx,0.19037276230603925,0.09419759155474068,-0.09617517075129857,0.14181652799435318,0.20882893250204596
252_T1_R1_vs_R2,natural_variability,2,LUArm_to_LFArm_ry,LUArm_to_LFArm,ry,0.08352990925525287,0.20139796469477425,0.11786805543952138,0.14181652799435318,0.20882893250204596
252_T1_R1_vs_R2,natural_variability,2,LUArm_to_LFArm_rz,LUArm_to_LFArm,rz,0.014434929901971205,0.04522252336347116,0.03078759346149995,0.14181652799435318,0.20882893250204596
252_T1_R1_vs_R2,natural_variability,2,Neck_to_Head_rx,Neck_to_Head,rx,0.04934986919950612,0.017683285046205623,-0.031666584153300495,0.14181652799435318,0.20882893250204596
252_T1_R1_vs_R2,natural_variability,2,Neck_to_Head_ry,Neck_to_Head,ry,0.0594014379402594,0.022802962946150248,-0.03659847499410915,0.14181652799435318,0.20882893250204596
252_T1_R1_vs_R2,natural_variability,2,Neck_to_Head_rz,Neck_to_Head,rz,0.004075781056719997,0.01232757772877845,0.008251796672058453,0.14181652799435318,0.20882893250204596
252_T1_R1_vs_R2,natural_variability,2,RFArm_to_RHand_rx,RFArm_to_RHand,rx,0.0011884518668186651,0.0014802026853782647,0.00029175081855959957,0.14181652799435318,0.20882893250204596
252_T1_R1_vs_R2,natural_variability,2,RFArm_to_RHand_ry,RFArm_to_RHand,ry,0.06570832302485516,0.06259391224821285,-0.003114410776642304,0.14181652799435318,0.20882893250204596
252_T1_R1_vs_R2,natural_variability,2,RFArm_to_RHand_rz,RFArm_to_RHand,rz,0.0035825633229587188,0.028695381537583317,0.025112818214624598,0.14181652799435318,0.20882893250204596
252_T1_R1_vs_R2,natural_variability,2,RShin_to_RFoot_rx,RShin_to_RFoot,rx,0.10338160379165766,0.07041962385744242,-0.032961979934215235,0.14181652799435318,0.20882893250204596
252_T1_R1_vs_R2,natural_variability,2,RShin_to_RFoot_ry,RShin_to_RFoot,ry,0.009081924522804468,0.02388644817153,0.014804523648725532,0.14181652799435318,0.20882893250204596
252_T1_R1_vs_R2,natural_variability,2,RShin_to_RFoot_rz,RShin_to_RFoot,rz,0.0772339485892248,0.02544684254569725,-0.051787106043527556,0.14181652799435318,0.20882893250204596
252_T1_R1_vs_R2,natural_variability,2,RShoulder_to_RUArm_rx,RShoulder_to_RUArm,rx,0.1557996600417413,0.1734175697715635,0.01761790972982219,0.14181652799435318,0.20882893250204596
252_T1_R1_vs_R2,natural_variability,2,RShoulder_to_RUArm_ry,RShoulder_to_RUArm,ry,0.28612197110460347,0.2432973569524156,-0.042824614152187856,0.14181652799435318,0.20882893250204596
252_T1_R1_vs_R2,natural_variability,2,RShoulder_to_RUArm_rz,RShoulder_to_RUArm,rz,0.068559219590708,0.23755932435589652,0.1690001047651885,0.14181652799435318,0.20882893250204596
252_T1_R1_vs_R2,natural_variability,2,RThigh_to_RShin_rx,RThigh_to_RShin,rx,0.2919986249442711,0.2285110151933519,-0.06348760975091919,0.14181652799435318,0.20882893250204596
252_T1_R1_vs_R2,natural_variability,2,RThigh_to_RShin_ry,RThigh_to_RShin,ry,1.2777577433772032e-08,4.2183625406083125e-08,2.9406047972311093e-08,0.14181652799435318,0.20882893250204596
252_T1_R1_vs_R2,natural_variability,2,RThigh_to_RShin_rz,RThigh_to_RShin,rz,6.731854431714192e-08,5.471205740820339e-08,-1.2606486908938525e-08,0.14181652799435318,0.20882893250204596
252_T1_R1_vs_R2,natural_variability,2,RUArm_to_RFArm_rx,RUArm_to_RFArm,rx,0.38237849171591204,0.40284382576981587,0.020465334053903828,0.14181652799435318,0.20882893250204596
252_T1_R1_vs_R2,natural_variability,2,RUArm_to_RFArm_ry,RUArm_to_RFArm,ry,0.4389570617754224,0.6199681604146401,0.18101109863921772,0.14181652799435318,0.20882893250204596
252_T1_R1_vs_R2,natural_variability,2,RUArm_to_RFArm_rz,RUArm_to_RFArm,rz,0.21209597471043834,0.30662038980463435,0.09452441509419601,0.14181652799435318,0.20882893250204596
252_T1_R1_vs_R2,natural_variability,3,252_to_LThigh_rx,252_to_LThigh,rx,0.08486270454426684,0.06680609485352224,-0.0180566096907446,0.10063449709663043,0.1566915201153389
252_T1_R1_vs_R2,natural_variability,3,252_to_LThigh_ry,252_to_LThigh,ry,0.040942404581133754,0.028674242998267298,-0.012268161582866456,0.10063449709663043,0.1566915201153389
252_T1_R1_vs_R2,natural_variability,3,252_to_LThigh_rz,252_to_LThigh,rz,0.05525016369952994,0.023156735092504963,-0.03209342860702498,0.10063449709663043,0.1566915201153389
252_T1_R1_vs_R2,natural_variability,3,252_to_RThigh_rx,252_to_RThigh,rx,0.36866466614125903,0.05977106050811645,-0.3088936056331426,0.10063449709663043,0.1566915201153389
252_T1_R1_vs_R2,natural_variability,3,252_to_RThigh_ry,252_to_RThigh,ry,0.016017801425128573,0.04384867922985491,0.027830877804726335,0.10063449709663043,0.1566915201153389
252_T1_R1_vs_R2,natural_variability,3,252_to_RThigh_rz,252_to_RThigh,rz,0.1569013643878829,0.09101427165218043,-0.06588709273570248,0.10063449709663043,0.1566915201153389
252_T1_R1_vs_R2,natural_variability,3,Chest_to_LShoulder_rx,Chest_to_LShoulder,rx,0.02149486419154451,0.0006872026086015376,-0.02080766158294297,0.10063449709663043,0.1566915201153389
252_T1_R1_vs_R2,natural_variability,3,Chest_to_LShoulder_ry,Chest_to_LShoulder,ry,0.011072517878898984,0.0015604405011107741,-0.00951207737778821,0.10063449709663043,0.1566915201153389
252_T1_R1_vs_R2,natural_variability,3,Chest_to_LShoulder_rz,Chest_to_LShoulder,rz,0.03554061196454641,0.027743552289173218,-0.00779705967537319,0.10063449709663043,0.1566915201153389
252_T1_R1_vs_R2,natural_variability,3,Chest_to_Neck_rx,Chest_to_Neck,rx,0.04327636894020198,0.006241328615637987,-0.03703504032456399,0.10063449709663043,0.1566915201153389
252_T1_R1_vs_R2,natural_variability,3,Chest_to_Neck_ry,Chest_to_Neck,ry,0.027304659890480476,0.013503989291450424,-0.013800670599030052,0.10063449709663043,0.1566915201153389
252_T1_R1_vs_R2,natural_variability,3,Chest_to_Neck_rz,Chest_to_Neck,rz,0.013450816453988042,0.00047559811033579495,-0.012975218343652247,0.10063449709663043,0.1566915201153389
252_T1_R1_vs_R2,natural_variability,3,Chest_to_RShoulder_rx,Chest_to_RShoulder,rx,0.07276888204290927,0.08449647115701417,0.011727589114104903,0.10063449709663043,0.1566915201153389
252_T1_R1_vs_R2,natural_variability,3,Chest_to_RShoulder_ry,Chest_to_RShoulder,ry,0.0339624791249346,0.008150211251693521,-0.02581226787324108,0.10063449709663043,0.1566915201153389
252_T1_R1_vs_R2,natural_variability,3,Chest_to_RShoulder_rz,Chest_to_RShoulder,rz,0.07972308023805687,0.024170677932435436,-0.05555240230562143,0.10063449709663043,0.1566915201153389
252_T1_R1_vs_R2,natural_variability,3,LFArm_to_LHand_rx,LFArm_to_LHand,rx,0.003971739555155797,0.007573324402866374,0.0036015848477105768,0.10063449709663043,0.1566915201153389
252_T1_R1_vs_R2,natural_variability,3,LFArm_to_LHand_ry,LFArm_to_LHand,ry,0.014772889713815084,0.03380382941830891,0.019030939704493825,0.10063449709663043,0.1566915201153389
252_T1_R1_vs_R2,natural_variability,3,LFArm_to_LHand_rz,LFArm_to_LHand,rz,0.04016372246369934,0.05287284884667654,0.0127091263829772,0.10063449709663043,0.1566915201153389
252_T1_R1_vs_R2,natural_variability,3,LShin_to_LFoot_rx,LShin_to_LFoot,rx,0.021632419159245853,0.018834070649504087,-0.0027983485097417653,0.10063449709663043,0.1566915201153389
252_T1_R1_vs_R2,natural_variability,3,LShin_to_LFoot_ry,LShin_to_LFoot,ry,0.031241758655460312,0.018628004656077023,-0.01261375399938329,0.10063449709663043,0.1566915201153389
252_T1_R1_vs_R2,natural_variability,3,LShin_to_LFoot_rz,LShin_to_LFoot,rz,0.01580885334122752,0.000980981876994514,-0.014827871464233006,0.10063449709663043,0.1566915201153389
252_T1_R1_vs_R2,natural_variability,3,LShoulder_to_LUArm_rx,LShoulder_to_LUArm,rx,0.016251610528108095,0.1117444659112018,0.0954928553830937,0.10063449709663043,0.1566915201153389
252_T1_R1_vs_R2,natural_variability,3,LShoulder_to_LUArm_ry,LShoulder_to_LUArm,ry,0.15513791304031904,0.23121055304309476,0.07607264000277572,0.10063449709663043,0.1566915201153389
252_T1_R1_vs_R2,natural_variability,3,LShoulder_to_LUArm_rz,LShoulder_to_LUArm,rz,0.0691660033051373,0.03182829838454468,-0.037337704920592615,0.10063449709663043,0.1566915201153389
252_T1_R1_vs_R2,natural_variability,3,LThigh_to_LShin_rx,LThigh_to_LShin,rx,0.2493293324834027,0.13102056459504904,-0.11830876788835365,0.10063449709663043,0.1566915201153389
252_T1_R1_vs_R2,natural_variability,3,LThigh_to_LShin_ry,LThigh_to_LShin,ry,4.109480486657712e-08,2.245024320383633e-08,-1.8644561662740794e-08,0.10063449709663043,0.1566915201153389
252_T1_R1_vs_R2,natural_variability,3,LThigh_to_LShin_rz,LThigh_to_LShin,rz,1.4207084923637406e-09,4.33259893710236e-08,4.190528087865986e-08,0.10063449709663043,0.1566915201153389
252_T1_R1_vs_R2,natural_variability,3,LUArm_to_LFArm_rx,LUArm_to_LFArm,rx,0.11063268902486108,0.061488814226129535,-0.04914387479873154,0.10063449709663043,0.1566915201153389
252_T1_R1_vs_R2,natural_variability,3,LUArm_to_LFArm_ry,LUArm_to_LFArm,ry,0.3383110678596243,0.26355512751957816,-0.07475594034004612,0.10063449709663043,0.1566915201153389
252_T1_R1_vs_R2,natural_variability,3,LUArm_to_LFArm_rz,LUArm_to_LFArm,rz,0.10124735944438891,0.06634853079678735,-0.03489882864760156,0.10063449709663043,0.1566915201153389
252_T1_R1_vs_R2,natural_variability,3,Neck_to_Head_rx,Neck_to_Head,rx,0.04260005724666589,0.006238691651241034,-0.036361365595424855,0.10063449709663043,0.1566915201153389
252_T1_R1_vs_R2,natural_variability,3,Neck_to_Head_ry,Neck_to_Head,ry,0.029718221253650364,0.013178550773725208,-0.016539670479925155,0.10063449709663043,0.1566915201153389
252_T1_R1_vs_R2,natural_variability,3,Neck_to_Head_rz,Neck_to_Head,rz,0.00840397712419756,0.0031804953700104465,-0.005223481754187114,0.10063449709663043,0.1566915201153389
252_T1_R1_vs_R2,natural_variability,3,RFArm_to_RHand_rx,RFArm_to_RHand,rx,0.005798352849680465,0.006470781387409254,0.0006724285377287887,0.10063449709663043,0.1566915201153389
252_T1_R1_vs_R2,natural_variability,3,RFArm_to_RHand_ry,RFArm_to_RHand,ry,0.03952713205927958,0.046355631527337585,0.006828499468058004,0.10063449709663043,0.1566915201153389
252_T1_R1_vs_R2,natural_variability,3,RFArm_to_RHand_rz,RFArm_to_RHand,rz,0.10768212891147562,0.15494633906641395,0.04726421015493833,0.10063449709663043,0.1566915201153389
252_T1_R1_vs_R2,natural_variability,3,RShin_to_RFoot_rx,RShin_to_RFoot,rx,0.05274386954189163,0.019660348224795354,-0.03308352131709627,0.10063449709663043,0.1566915201153389
252_T1_R1_vs_R2,natural_variability,3,RShin_to_RFoot_ry,RShin_to_RFoot,ry,0.07974553716831047,0.0075378342142098965,-0.07220770295410057,0.10063449709663043,0.1566915201153389
252_T1_R1_vs_R2,natural_variability,3,RShin_to_RFoot_rz,RShin_to_RFoot,rz,0.06238766205889622,0.02785266738186004,-0.03453499467703618,0.10063449709663043,0.1566915201153389
252_T1_R1_vs_R2,natural_variability,3,RShoulder_to_RUArm_rx,RShoulder_to_RUArm,rx,0.5334046954858962,0.6972638399823121,0.16385914449641592,0.10063449709663043,0.1566915201153389
252_T1_R1_vs_R2,natural_variability,3,RShoulder_to_RUArm_ry,RShoulder_to_RUArm,ry,0.19393513079365918,0.03860412774968029,-0.1553310030439789,0.10063449709663043,0.1566915201153389
252_T1_R1_vs_R2,natural_variability,3,RShoulder_to_RUArm_rz,RShoulder_to_RUArm,rz,0.22945081979737275,0.10150054857820112,-0.12795027121917163,0.10063449709663043,0.1566915201153389
252_T1_R1_vs_R2,natural_variability,3,RThigh_to_RShin_rx,RThigh_to_RShin,rx,0.4013554688708806,0.03746253717934939,-0.3638929316915312,0.10063449709663043,0.1566915201153389
252_T1_R1_vs_R2,natural_variability,3,RThigh_to_RShin_ry,RThigh_to_RShin,ry,9.034177858992958e-09,4.122905877795701e-09,-4.911271981197257e-09,0.10063449709663043,0.1566915201153389
252_T1_R1_vs_R2,natural_variability,3,RThigh_to_RShin_rz,RThigh_to_RShin,rz,1.4661489681091533e-08,5.6305218945332335e-08,4.1643729264240804e-08,0.10063449709663043,0.1566915201153389
252_T1_R1_vs_R2,natural_variability,3,RUArm_to_RFArm_rx,RUArm_to_RFArm,rx,0.0881755690440336,0.4560390317561186,0.367863462712085,0.10063449709663043,0.1566915201153389
252_T1_R1_vs_R2,natural_variability,3,RUArm_to_RFArm_ry,RUArm_to_RFArm,ry,0.0719162890193964,0.26472973430680613,0.19281344528740973,0.10063449709663043,0.1566915201153389
252_T1_R1_vs_R2,natural_variability,3,RUArm_to_RFArm_rz,RUArm_to_RFArm,rz,0.0160286839331582,0.008984101331695561,-0.007044582601462637,0.10063449709663043,0.1566915201153389
252_T1_R1_vs_R2,natural_variability,4,252_to_LThigh_rx,252_to_LThigh,rx,0.22521045967804496,0.22454415140445957,-0.0006663082735853809,0.08731297581132119,0.13347766489740184
252_T1_R1_vs_R2,natural_variability,4,252_to_LThigh_ry,252_to_LThigh,ry,0.007311240480036428,0.017517343367122146,0.010206102887085719,0.08731297581132119,0.13347766489740184
252_T1_R1_vs_R2,natural_variability,4,252_to_LThigh_rz,252_to_LThigh,rz,0.05762132540314366,0.03319110140613756,-0.024430223997006097,0.08731297581132119,0.13347766489740184
252_T1_R1_vs_R2,natural_variability,4,252_to_RThigh_rx,252_to_RThigh,rx,0.32598261852706123,0.3930166457694618,0.0670340272424006,0.08731297581132119,0.13347766489740184
252_T1_R1_vs_R2,natural_variability,4,252_to_RThigh_ry,252_to_RThigh,ry,0.05379519937878338,0.08626330163638526,0.03246810225760188,0.08731297581132119,0.13347766489740184
252_T1_R1_vs_R2,natural_variability,4,252_to_RThigh_rz,252_to_RThigh,rz,0.06945899778002947,0.013699174886177758,-0.05575982289385171,0.08731297581132119,0.13347766489740184
252_T1_R1_vs_R2,natural_variability,4,Chest_to_LShoulder_rx,Chest_to_LShoulder,rx,0.010250349916737043,0.0268669505841112,0.016616600667374158,0.08731297581132119,0.13347766489740184
252_T1_R1_vs_R2,natural_variability,4,Chest_to_LShoulder_ry,Chest_to_LShoulder,ry,0.03796680068582273,0.07056481639044172,0.032598015704618996,0.08731297581132119,0.13347766489740184
252_T1_R1_vs_R2,natural_variability,4,Chest_to_LShoulder_rz,Chest_to_LShoulder,rz,0.045012234157295175,0.0025794994359582286,-0.04243273472133695,0.08731297581132119,0.13347766489740184
252_T1_R1_vs_R2,natural_variability,4,Chest_to_Neck_rx,Chest_to_Neck,rx,0.09007445699241362,0.019129916332005475,-0.07094454066040815,0.08731297581132119,0.13347766489740184
252_T1_R1_vs_R2,natural_variability,4,Chest_to_Neck_ry,Chest_to_Neck,ry,0.07197833419998549,0.04497644485658805,-0.027001889343397444,0.08731297581132119,0.13347766489740184
252_T1_R1_vs_R2,natural_variability,4,Chest_to_Neck_rz,Chest_to_Neck,rz,0.026920485450640456,0.04856317885261995,0.021642693401979496,0.08731297581132119,0.13347766489740184
252_T1_R1_vs_R2,natural_variability,4,Chest_to_RShoulder_rx,Chest_to_RShoulder,rx,0.03842253825187457,0.007239662983543747,-0.03118287526833082,0.08731297581132119,0.13347766489740184
252_T1_R1_vs_R2,natural_variability,4,Chest_to_RShoulder_ry,Chest_to_RShoulder,ry,0.03769031922032273,0.034612525686998324,-0.0030777935333244077,0.08731297581132119,0.13347766489740184
252_T1_R1_vs_R2,natural_variability,4,Chest_to_RShoulder_rz,Chest_to_RShoulder,rz,3.2207125503798036e-06,0.03185650728953227,0.031853286576981894,0.08731297581132119,0.13347766489740184
252_T1_R1_vs_R2,natural_variability,4,LFArm_to_LHand_rx,LFArm_to_LHand,rx,0.005442772489184552,0.018829088767660877,0.013386316278476324,0.08731297581132119,0.13347766489740184
252_T1_R1_vs_R2,natural_variability,4,LFArm_to_LHand_ry,LFArm_to_LHand,ry,0.015364257645670046,0.07440412607137895,0.0590398684257089,0.08731297581132119,0.13347766489740184
252_T1_R1_vs_R2,natural_variability,4,LFArm_to_LHand_rz,LFArm_to_LHand,rz,0.026803051414424905,0.08432408636715373,0.057521034952728825,0.08731297581132119,0.13347766489740184
252_T1_R1_vs_R2,natural_variability,4,LShin_to_LFoot_rx,LShin_to_LFoot,rx,0.0009578279515955962,0.15532463984324574,0.15436681189165014,0.08731297581132119,0.13347766489740184
252_T1_R1_vs_R2,natural_variability,4,LShin_to_LFoot_ry,LShin_to_LFoot,ry,0.023483934691020183,0.012248952452249896,-0.011234982238770288,0.08731297581132119,0.13347766489740184
252_T1_R1_vs_R2,natural_variability,4,LShin_to_LFoot_rz,LShin_to_LFoot,rz,0.012129351265906144,0.025215868976035644,0.0130865177101295,0.08731297581132119,0.13347766489740184
252_T1_R1_vs_R2,natural_variability,4,LShoulder_to_LUArm_rx,LShoulder_to_LUArm,rx,0.026769570967027922,0.05451753663223479,0.027747965665206868,0.08731297581132119,0.13347766489740184
252_T1_R1_vs_R2,natural_variability,4,LShoulder_to_LUArm_ry,LShoulder_to_LUArm,ry,0.014800906717282687,0.45818264048088775,0.44338173376360507,0.08731297581132119,0.13347766489740184
252_T1_R1_vs_R2,natural_variability,4,LShoulder_to_LUArm_rz,LShoulder_to_LUArm,rz,0.017884865402483775,0.07359405658716403,0.055709191184680255,0.08731297581132119,0.13347766489740184
252_T1_R1_vs_R2,natural_variability,4,LThigh_to_LShin_rx,LThigh_to_LShin,rx,0.04701187605449541,0.14437739842705466,0.09736552237255924,0.08731297581132119,0.13347766489740184
252_T1_R1_vs_R2,natural_variability,4,LThigh_to_LShin_ry,LThigh_to_LShin,ry,7.157152493613738e-09,4.98080973353037e-08,4.265094484168997e-08,0.08731297581132119,0.13347766489740184
252_T1_R1_vs_R2,natural_variability,4,LThigh_to_LShin_rz,LThigh_to_LShin,rz,4.050462726820593e-08,3.096553451915934e-08,-9.539092749046588e-09,0.08731297581132119,0.13347766489740184
252_T1_R1_vs_R2,natural_variability,4,LUArm_to_LFArm_rx,LUArm_to_LFArm,rx,0.1597036910294707,0.09586585063874475,-0.06383784039072596,0.08731297581132119,0.13347766489740184
252_T1_R1_vs_R2,natural_variability,4,LUArm_to_LFArm_ry,LUArm_to_LFArm,ry,0.17293404270635213,0.28910579952205073,0.1161717568156986,0.08731297581132119,0.13347766489740184
252_T1_R1_vs_R2,natural_variability,4,LUArm_to_LFArm_rz,LUArm_to_LFArm,rz,0.06208812868622878,0.060783167386416516,-0.0013049612998122656,0.08731297581132119,0.13347766489740184
252_T1_R1_vs_R2,natural_variability,4,Neck_to_Head_rx,Neck_to_Head,rx,0.08916954797791908,0.019271392977809557,-0.06989815500010953,0.08731297581132119,0.13347766489740184
252_T1_R1_vs_R2,natural_variability,4,Neck_to_Head_ry,Neck_to_Head,ry,0.07634421133983746,0.05341350636867946,-0.022930704971157997,0.08731297581132119,0.13347766489740184
252_T1_R1_vs_R2,natural_variability,4,Neck_to_Head_rz,Neck_to_Head,rz,0.01291342151759098,0.039097750430959116,0.026184328913368138,0.08731297581132119,0.13347766489740184
252_T1_R1_vs_R2,natural_variability,4,RFArm_to_RHand_rx,RFArm_to_RHand,rx,0.006153350305759,0.0008259791140926184,-0.005327371191666382,0.08731297581132119,0.13347766489740184
252_T1_R1_vs_R2,natural_variability,4,RFArm_to_RHand_ry,RFArm_to_RHand,ry,0.01603988624939265,0.0038705413316308984,-0.01216934491776175,0.08731297581132119,0.13347766489740184
252_T1_R1_vs_R2,natural_variability,4,RFArm_to_RHand_rz,RFArm_to_RHand,rz,0.14715062740835144,0.052598826209163396,-0.09455180119918805,0.08731297581132119,0.13347766489740184
252_T1_R1_vs_R2,natural_variability,4,RShin_to_RFoot_rx,RShin_to_RFoot,rx,0.042677415487107226,0.02853676799221292,-0.014140647494894305,0.08731297581132119,0.13347766489740184
252_T1_R1_vs_R2,natural_variability,4,RShin_to_RFoot_ry,RShin_to_RFoot,ry,0.08469473988936675,0.03265279800438055,-0.052041941884986204,0.08731297581132119,0.13347766489740184
252_T1_R1_vs_R2,natural_variability,4,RShin_to_RFoot_rz,RShin_to_RFoot,rz,0.03031360637040612,0.04962752750142473,0.019313921131018614,0.08731297581132119,0.13347766489740184
252_T1_R1_vs_R2,natural_variability,4,RShoulder_to_RUArm_rx,RShoulder_to_RUArm,rx,0.4672526670978559,0.16971579385075672,-0.2975368732470992,0.08731297581132119,0.13347766489740184
252_T1_R1_vs_R2,natural_variability,4,RShoulder_to_RUArm_ry,RShoulder_to_RUArm,ry,0.07366511204120632,0.04861096485958861,-0.025054147181617713,0.08731297581132119,0.13347766489740184
252_T1_R1_vs_R2,natural_variability,4,RShoulder_to_RUArm_rz,RShoulder_to_RUArm,rz,0.09919662618775042,0.040630134185124414,-0.05856649200262601,0.08731297581132119,0.13347766489740184
252_T1_R1_vs_R2,natural_variability,4,RThigh_to_RShin_rx,RThigh_to_RShin,rx,0.21408237209341546,0.5591287354374214,0.3450463633440059,0.08731297581132119,0.13347766489740184
252_T1_R1_vs_R2,natural_variability,4,RThigh_to_RShin_ry,RThigh_to_RShin,ry,2.3624133492127072e-08,4.6067116043151864e-08,2.2442982551024792e-08,0.08731297581132119,0.13347766489740184
252_T1_R1_vs_R2,natural_variability,4,RThigh_to_RShin_rz,RThigh_to_RShin,rz,9.939804187219211e-09,6.1353460531299475e-09,-3.804458134089264e-09,0.08731297581132119,0.13347766489740184
252_T1_R1_vs_R2,natural_variability,4,RUArm_to_RFArm_rx,RUArm_to_RFArm,rx,0.37478037850608237,0.19132425531599895,-0.18345612319008342,0.08731297581132119,0.13347766489740184
252_T1_R1_vs_R2,natural_variability,4,RUArm_to_RFArm_ry,RUArm_to_RFArm,ry,0.5268685943058614,0.07182041491104679,-0.4550481793948146,0.08731297581132119,0.13347766489740184
252_T1_R1_vs_R2,natural_variability,4,RUArm_to_RFArm_rz,RUArm_to_RFArm,rz,0.061133050726627024,0.027049726886683192,-0.034083323839943835,0.08731297581132119,0.13347766489740184
252_T1_R1_vs_R2,natural_variability,5,252_to_LThigh_rx,252_to_LThigh,rx,0.08541291498780645,0.1598836313985431,0.07447071641073666,0.07591893904844885,0.08931995575045407
252_T1_R1_vs_R2,natural_variability,5,252_to_LThigh_ry,252_to_LThigh,ry,0.01773149969402488,0.12453781565680361,0.10680631596277873,0.07591893904844885,0.08931995575045407
252_T1_R1_vs_R2,natural_variability,5,252_to_LThigh_rz,252_to_LThigh,rz,0.015695029034328324,0.02854091378701813,0.012845884752689805,0.07591893904844885,0.08931995575045407
252_T1_R1_vs_R2,natural_variability,5,252_to_RThigh_rx,252_to_RThigh,rx,0.27286606542874153,0.23222750222231459,-0.04063856320642695,0.07591893904844885,0.08931995575045407
252_T1_R1_vs_R2,natural_variability,5,252_to_RThigh_ry,252_to_RThigh,ry,0.03899346928997035,0.020938155153414555,-0.018055314136555794,0.07591893904844885,0.08931995575045407
252_T1_R1_vs_R2,natural_variability,5,252_to_RThigh_rz,252_to_RThigh,rz,0.08978588423562206,0.031206370842078016,-0.058579513393544044,0.07591893904844885,0.08931995575045407
252_T1_R1_vs_R2,natural_variability,5,Chest_to_LShoulder_rx,Chest_to_LShoulder,rx,0.050077559859470676,0.02290381230061632,-0.027173747558854357,0.07591893904844885,0.08931995575045407
252_T1_R1_vs_R2,natural_variability,5,Chest_to_LShoulder_ry,Chest_to_LShoulder,ry,0.07718032617268718,0.008509208983501854,-0.06867111718918532,0.07591893904844885,0.08931995575045407
252_T1_R1_vs_R2,natural_variability,5,Chest_to_LShoulder_rz,Chest_to_LShoulder,rz,0.019715522593587016,0.043090732631569616,0.0233752100379826,0.07591893904844885,0.08931995575045407
252_T1_R1_vs_R2,natural_variability,5,Chest_to_Neck_rx,Chest_to_Neck,rx,0.02177670181228716,0.039892048119350036,0.018115346307062876,0.07591893904844885,0.08931995575045407
252_T1_R1_vs_R2,natural_variability,5,Chest_to_Neck_ry,Chest_to_Neck,ry,0.034464128568243574,0.07589454085180516,0.04143041228356159,0.07591893904844885,0.08931995575045407
252_T1_R1_vs_R2,natural_variability,5,Chest_to_Neck_rz,Chest_to_Neck,rz,0.06430994062830465,0.008815609473249272,-0.05549433115505538,0.07591893904844885,0.08931995575045407
252_T1_R1_vs_R2,natural_variability,5,Chest_to_RShoulder_rx,Chest_to_RShoulder,rx,0.00012261233726034497,0.0305201319814442,0.030397519644183853,0.07591893904844885,0.08931995575045407
252_T1_R1_vs_R2,natural_variability,5,Chest_to_RShoulder_ry,Chest_to_RShoulder,ry,0.0291540078455753,0.00917992596754823,-0.019974081878027072,0.07591893904844885,0.08931995575045407
252_T1_R1_vs_R2,natural_variability,5,Chest_to_RShoulder_rz,Chest_to_RShoulder,rz,0.06526085990949639,0.06770420398595434,0.002443344076457951,0.07591893904844885,0.08931995575045407
252_T1_R1_vs_R2,natural_variability,5,LFArm_to_LHand_rx,LFArm_to_LHand,rx,0.01864787551996562,0.018272092560602526,-0.000375782959363094,0.07591893904844885,0.08931995575045407
252_T1_R1_vs_R2,natural_variability,5,LFArm_to_LHand_ry,LFArm_to_LHand,ry,0.06013510426402566,0.07269231349264375,0.012557209228618096,0.07591893904844885,0.08931995575045407
252_T1_R1_vs_R2,natural_variability,5,LFArm_to_LHand_rz,LFArm_to_LHand,rz,0.1047906553750938,0.10458897202933938,-0.00020168334575441926,0.07591893904844885,0.08931995575045407
252_T1_R1_vs_R2,natural_variability,5,LShin_to_LFoot_rx,LShin_to_LFoot,rx,0.1307264946482204,0.10484735018381504,-0.025879144464405354,0.07591893904844885,0.08931995575045407
252_T1_R1_vs_R2,natural_variability,5,LShin_to_LFoot_ry,LShin_to_LFoot,ry,0.0011498254218018503,0.03198636998532156,0.03083654456351971,0.07591893904844885,0.08931995575045407
252_T1_R1_vs_R2,natural_variability,5,LShin_to_LFoot_rz,LShin_to_LFoot,rz,0.020645232499265666,0.11584451196005839,0.09519927946079272,0.07591893904844885,0.08931995575045407
252_T1_R1_vs_R2,natural_variability,5,LShoulder_to_LUArm_rx,LShoulder_to_LUArm,rx,0.052863004643458285,0.1800411961827664,0.12717819153930812,0.07591893904844885,0.08931995575045407
252_T1_R1_vs_R2,natural_variability,5,LShoulder_to_LUArm_ry,LShoulder_to_LUArm,ry,0.5254631508689909,0.3513637613241861,-0.17409938954480475,0.07591893904844885,0.08931995575045407
252_T1_R1_vs_R2,natural_variability,5,LShoulder_to_LUArm_rz,LShoulder_to_LUArm,rz,0.1644643359630875,0.12689841504963567,-0.03756592091345182,0.07591893904844885,0.08931995575045407
252_T1_R1_vs_R2,natural_variability,5,LThigh_to_LShin_rx,LThigh_to_LShin,rx,0.056979420373923666,0.021999709581197312,-0.034979710792726354,0.07591893904844885,0.08931995575045407
252_T1_R1_vs_R2,natural_variability,5,LThigh_to_LShin_ry,LThigh_to_LShin,ry,2.5813636024455633e-08,6.1723484508364e-08,3.590984848390837e-08,0.07591893904844885,0.08931995575045407
252_T1_R1_vs_R2,natural_variability,5,LThigh_to_LShin_rz,LThigh_to_LShin,rz,3.5274474101790895e-08,7.1353898744781595e-09,-2.8139084227312735e-08,0.07591893904844885,0.08931995575045407
252_T1_R1_vs_R2,natural_variability,5,LUArm_to_LFArm_rx,LUArm_to_LFArm,rx,0.014161011948383774,0.13080896187139351,0.11664794992300974,0.07591893904844885,0.08931995575045407
252_T1_R1_vs_R2,natural_variability,5,LUArm_to_LFArm_ry,LUArm_to_LFArm,ry,0.43819987958463213,0.422228568987849,-0.01597131059678314,0.07591893904844885,0.08931995575045407
252_T1_R1_vs_R2,natural_variability,5,LUArm_to_LFArm_rz,LUArm_to_LFArm,rz,0.11235155662991024,0.11702106392888664,0.0046695072989764025,0.07591893904844885,0.08931995575045407
252_T1_R1_vs_R2,natural_variability,5,Neck_to_Head_rx,Neck_to_Head,rx,0.02203684822593225,0.03918254802786521,0.017145699801932958,0.07591893904844885,0.08931995575045407
252_T1_R1_vs_R2,natural_variability,5,Neck_to_Head_ry,Neck_to_Head,ry,0.04613387652315034,0.07310149013407492,0.026967613610924583,0.07591893904844885,0.08931995575045407
252_T1_R1_vs_R2,natural_variability,5,Neck_to_Head_rz,Neck_to_Head,rz,0.05670779117038814,0.022991088684965043,-0.0337167024854231,0.07591893904844885,0.08931995575045407
252_T1_R1_vs_R2,natural_variability,5,RFArm_to_RHand_rx,RFArm_to_RHand,rx,0.00031833243360070997,0.0006159397738463196,0.00029760734024560965,0.07591893904844885,0.08931995575045407
252_T1_R1_vs_R2,natural_variability,5,RFArm_to_RHand_ry,RFArm_to_RHand,ry,0.018381947172971577,0.054633168443522846,0.03625122127055127,0.07591893904844885,0.08931995575045407
252_T1_R1_vs_R2,natural_variability,5,RFArm_to_RHand_rz,RFArm_to_RHand,rz,0.01992888500356601,0.015633271214284365,-0.004295613789281644,0.07591893904844885,0.08931995575045407
252_T1_R1_vs_R2,natural_variability,5,RShin_to_RFoot_rx,RShin_to_RFoot,rx,0.013521220752751374,0.030235561003009743,0.01671434025025837,0.07591893904844885,0.08931995575045407
252_T1_R1_vs_R2,natural_variability,5,RShin_to_RFoot_ry,RShin_to_RFoot,ry,0.026097038770829903,0.10574485393299672,0.07964781516216682,0.07591893904844885,0.08931995575045407
252_T1_R1_vs_R2,natural_variability,5,RShin_to_RFoot_rz,RShin_to_RFoot,rz,0.0036386893430664824,0.0648648018304179,0.061226112487351415,0.07591893904844885,0.08931995575045407
252_T1_R1_vs_R2,natural_variability,5,RShoulder_to_RUArm_rx,RShoulder_to_RUArm,rx,0.09314748253066209,0.27606345291016793,0.18291597037950585,0.07591893904844885,0.08931995575045407
252_T1_R1_vs_R2,natural_variability,5,RShoulder_to_RUArm_ry,RShoulder_to_RUArm,ry,0.2268898096387876,0.17157709774794067,-0.05531271189084694,0.07591893904844885,0.08931995575045407
252_T1_R1_vs_R2,natural_variability,5,RShoulder_to_RUArm_rz,RShoulder_to_RUArm,rz,0.054780136774870244,0.19848235831357636,0.1437022215387061,0.07591893904844885,0.08931995575045407
252_T1_R1_vs_R2,natural_variability,5,RThigh_to_RShin_rx,RThigh_to_RShin,rx,0.401487711700516,0.4560641809172269,0.05457646921671089,0.07591893904844885,0.08931995575045407
252_T1_R1_vs_R2,natural_variability,5,RThigh_to_RShin_ry,RThigh_to_RShin,ry,4.152484082169357e-08,5.223843024496061e-08,1.071358942326704e-08,0.07591893904844885,0.08931995575045407
252_T1_R1_vs_R2,natural_variability,5,RThigh_to_RShin_rz,RThigh_to_RShin,rz,2.53792015062568e-08,2.272683844527191e-08,-2.6523630609848893e-09,0.07591893904844885,0.08931995575045407
252_T1_R1_vs_R2,natural_variability,5,RUArm_to_RFArm_rx,RUArm_to_RFArm,rx,0.30370611544604087,0.08540981695143712,-0.21829629849460375,0.07591893904844885,0.08931995575045407
252_T1_R1_vs_R2,natural_variability,5,RUArm_to_RFArm_ry,RUArm_to_RFArm,ry,0.12660602661064557,0.2664107548821988,0.1398047282715532,0.07591893904844885,0.08931995575045407
252_T1_R1_vs_R2,natural_variability,5,RUArm_to_RFArm_rz,RUArm_to_RFArm,rz,0.042226595916246674,0.07419835270714752,0.03197175679090084,0.07591893904844885,0.08931995575045407
252_T1_R1_vs_R2,natural_variability,6,252_to_LThigh_rx,252_to_LThigh,rx,0.07500247421763473,0.05149080848786179,-0.023511665729772938,0.0487246050844457,0.054678870782593515
252_T1_R1_vs_R2,natural_variability,6,252_to_LThigh_ry,252_to_LThigh,ry,0.07693874766733412,0.03298715743708762,-0.0439515902302465,0.0487246050844457,0.054678870782593515
252_T1_R1_vs_R2,natural_variability,6,252_to_LThigh_rz,252_to_LThigh,rz,0.0021571109089167746,0.12040074024626081,0.11824362933734403,0.0487246050844457,0.054678870782593515
252_T1_R1_vs_R2,natural_variability,6,252_to_RThigh_rx,252_to_RThigh,rx,0.31257548013553443,0.31374031760646126,0.0011648374709268272,0.0487246050844457,0.054678870782593515
252_T1_R1_vs_R2,natural_variability,6,252_to_RThigh_ry,252_to_RThigh,ry,0.02754229085250079,0.050543393022722836,0.023001102170222047,0.0487246050844457,0.054678870782593515
252_T1_R1_vs_R2,natural_variability,6,252_to_RThigh_rz,252_to_RThigh,rz,0.028797867742281272,0.15362437951649127,0.12482651177421,0.0487246050844457,0.054678870782593515
252_T1_R1_vs_R2,natural_variability,6,Chest_to_LShoulder_rx,Chest_to_LShoulder,rx,0.023332279964759166,0.05437457638249574,0.03104229641773657,0.0487246050844457,0.054678870782593515
252_T1_R1_vs_R2,natural_variability,6,Chest_to_LShoulder_ry,Chest_to_LShoulder,ry,0.03594681210086447,0.008244935809972443,-0.027701876290892026,0.0487246050844457,0.054678870782593515
252_T1_R1_vs_R2,natural_variability,6,Chest_to_LShoulder_rz,Chest_to_LShoulder,rz,0.061606099465332534,0.09923338588885089,0.037627286423518355,0.0487246050844457,0.054678870782593515
252_T1_R1_vs_R2,natural_variability,6,Chest_to_Neck_rx,Chest_to_Neck,rx,0.08460293371056422,0.07360287053340227,-0.011000063177161956,0.0487246050844457,0.054678870782593515
252_T1_R1_vs_R2,natural_variability,6,Chest_to_Neck_ry,Chest_to_Neck,ry,0.02489921316568261,0.06964259100843119,0.04474337784274858,0.0487246050844457,0.054678870782593515
252_T1_R1_vs_R2,natural_variability,6,Chest_to_Neck_rz,Chest_to_Neck,rz,0.06655157018435773,0.06475106615043813,-0.0018005040339195977,0.0487246050844457,0.054678870782593515
252_T1_R1_vs_R2,natural_variability,6,Chest_to_RShoulder_rx,Chest_to_RShoulder,rx,0.05018337454106362,0.01934702724560903,-0.03083634729545459,0.0487246050844457,0.054678870782593515
252_T1_R1_vs_R2,natural_variability,6,Chest_to_RShoulder_ry,Chest_to_RShoulder,ry,0.027000159404656963,0.051561474343181306,0.024561314938524342,0.0487246050844457,0.054678870782593515
252_T1_R1_vs_R2,natural_variability,6,Chest_to_RShoulder_rz,Chest_to_RShoulder,rz,0.18182752710414726,0.07897125377475894,-0.10285627332938832,0.0487246050844457,0.054678870782593515
252_T1_R1_vs_R2,natural_variability,6,LFArm_to_LHand_rx,LFArm_to_LHand,rx,0.007492670650481021,0.007996950286207264,0.0005042796357262423,0.0487246050844457,0.054678870782593515
252_T1_R1_vs_R2,natural_variability,6,LFArm_to_LHand_ry,LFArm_to_LHand,ry,0.0007161788361134705,0.03692992243518553,0.03621374359907206,0.0487246050844457,0.054678870782593515
252_T1_R1_vs_R2,natural_variability,6,LFArm_to_LHand_rz,LFArm_to_LHand,rz,0.088162334971494,0.017450941416272587,-0.07071139355522142,0.0487246050844457,0.054678870782593515
252_T1_R1_vs_R2,natural_variability,6,LShin_to_LFoot_rx,LShin_to_LFoot,rx,0.003736055096635509,0.1314149506090595,0.12767889551242398,0.0487246050844457,0.054678870782593515
252_T1_R1_vs_R2,natural_variability,6,LShin_to_LFoot_ry,LShin_to_LFoot,ry,0.008845876765064214,0.03793523254116223,0.029089355776098016,0.0487246050844457,0.054678870782593515
252_T1_R1_vs_R2,natural_variability,6,LShin_to_LFoot_rz,LShin_to_LFoot,rz,0.015894787611708032,0.06363095330121821,0.047736165689510175,0.0487246050844457,0.054678870782593515
252_T1_R1_vs_R2,natural_variability,6,LShoulder_to_LUArm_rx,LShoulder_to_LUArm,rx,0.06003920287657882,0.16784641572060938,0.10780721284403055,0.0487246050844457,0.054678870782593515
252_T1_R1_vs_R2,natural_variability,6,LShoulder_to_LUArm_ry,LShoulder_to_LUArm,ry,0.20126308938504908,0.002984189918870705,-0.19827889946617838,0.0487246050844457,0.054678870782593515
252_T1_R1_vs_R2,natural_variability,6,LShoulder_to_LUArm_rz,LShoulder_to_LUArm,rz,0.11834846195359694,0.25887931722555263,0.1405308552719557,0.0487246050844457,0.054678870782593515
252_T1_R1_vs_R2,natural_variability,6,LThigh_to_LShin_rx,LThigh_to_LShin,rx,0.08820509047652916,0.005583786206360978,-0.08262130427016819,0.0487246050844457,0.054678870782593515
252_T1_R1_vs_R2,natural_variability,6,LThigh_to_LShin_ry,LThigh_to_LShin,ry,6.623837479430596e-08,3.4434294936797254e-08,-3.180407985750871e-08,0.0487246050844457,0.054678870782593515
252_T1_R1_vs_R2,natural_variability,6,LThigh_to_LShin_rz,LThigh_to_LShin,rz,2.5559230527002927e-08,3.840992934350497e-08,1.2850698816502045e-08,0.0487246050844457,0.054678870782593515
252_T1_R1_vs_R2,natural_variability,6,LUArm_to_LFArm_rx,LUArm_to_LFArm,rx,0.00034576597169654055,0.2941585623094323,0.29381279633773577,0.0487246050844457,0.054678870782593515
252_T1_R1_vs_R2,natural_variability,6,LUArm_to_LFArm_ry,LUArm_to_LFArm,ry,0.1890909640167578,0.17368618410365658,-0.015404779913101213,0.0487246050844457,0.054678870782593515
252_T1_R1_vs_R2,natural_variability,6,LUArm_to_LFArm_rz,LUArm_to_LFArm,rz,0.11299664080226794,0.07304080476290861,-0.03995583603935933,0.0487246050844457,0.054678870782593515
252_T1_R1_vs_R2,natural_variability,6,Neck_to_Head_rx,Neck_to_Head,rx,0.08443746626345286,0.07259650303781623,-0.01184096322563663,0.0487246050844457,0.054678870782593515
252_T1_R1_vs_R2,natural_variability,6,Neck_to_Head_ry,Neck_to_Head,ry,0.03727212536273359,0.08135802960128491,0.04408590423855132,0.0487246050844457,0.054678870782593515
252_T1_R1_vs_R2,natural_variability,6,Neck_to_Head_rz,Neck_to_Head,rz,0.0607021781076772,0.050690870272354145,-0.010011307835323058,0.0487246050844457,0.054678870782593515
252_T1_R1_vs_R2,natural_variability,6,RFArm_to_RHand_rx,RFArm_to_RHand,rx,0.0009842737507043315,0.0015643807183547687,0.0005801069676504371,0.0487246050844457,0.054678870782593515
252_T1_R1_vs_R2,natural_variability,6,RFArm_to_RHand_ry,RFArm_to_RHand,ry,0.028872362373655088,0.006072961373044178,-0.02279940100061091,0.0487246050844457,0.054678870782593515
252_T1_R1_vs_R2,natural_variability,6,RFArm_to_RHand_rz,RFArm_to_RHand,rz,0.07469617399464556,0.037144060463284015,-0.03755211353136155,0.0487246050844457,0.054678870782593515
252_T1_R1_vs_R2,natural_variability,6,RShin_to_RFoot_rx,RShin_to_RFoot,rx,0.21090931499105536,0.040889193166880076,-0.17002012182417528,0.0487246050844457,0.054678870782593515
252_T1_R1_vs_R2,natural_variability,6,RShin_to_RFoot_ry,RShin_to_RFoot,ry,0.020570317380903397,0.006879930190003078,-0.013690387190900318,0.0487246050844457,0.054678870782593515
252_T1_R1_vs_R2,natural_variability,6,RShin_to_RFoot_rz,RShin_to_RFoot,rz,0.03877344559604369,0.005060188841322533,-0.03371325675472116,0.0487246050844457,0.054678870782593515
252_T1_R1_vs_R2,natural_variability,6,RShoulder_to_RUArm_rx,RShoulder_to_RUArm,rx,0.21663977063954898,0.2855962152245348,0.06895644458498584,0.0487246050844457,0.054678870782593515
252_T1_R1_vs_R2,natural_variability,6,RShoulder_to_RUArm_ry,RShoulder_to_RUArm,ry,0.09760165285001692,0.3134440234144719,0.215842370564455,0.0487246050844457,0.054678870782593515
252_T1_R1_vs_R2,natural_variability,6,RShoulder_to_RUArm_rz,RShoulder_to_RUArm,rz,0.688392482747824,0.21212084778439963,-0.4762716349634244,0.0487246050844457,0.054678870782593515
252_T1_R1_vs_R2,natural_variability,6,RThigh_to_RShin_rx,RThigh_to_RShin,rx,0.14956169110633402,0.07079585638929045,-0.07876583471704357,0.0487246050844457,0.054678870782593515
252_T1_R1_vs_R2,natural_variability,6,RThigh_to_RShin_ry,RThigh_to_RShin,ry,1.9243281732942383e-08,3.63478424486501e-08,1.7104560715707714e-08,0.0487246050844457,0.054678870782593515
252_T1_R1_vs_R2,natural_variability,6,RThigh_to_RShin_rz,RThigh_to_RShin,rz,5.679427157763892e-10,1.5134703336132205e-08,1.4566760620355815e-08,0.0487246050844457,0.054678870782593515
252_T1_R1_vs_R2,natural_variability,6,RUArm_to_RFArm_rx,RUArm_to_RFArm,rx,0.21082699504890803,0.3152210348659696,0.10439403981706155,0.0487246050844457,0.054678870782593515
252_T1_R1_vs_R2,natural_variability,6,RUArm_to_RFArm_ry,RUArm_to_RFArm,ry,0.22161011069314232,0.4627813335270681,0.24117122283392575,0.0487246050844457,0.054678870782593515
252_T1_R1_vs_R2,natural_variability,6,RUArm_to_RFArm_rz,RUArm_to_RFArm,rz,0.033437814624676473,0.13360066161872197,0.1001628469940455,0.0487246050844457,0.054678870782593515
252_T1_R1_vs_R2,natural_variability,7,252_to_LThigh_rx,252_to_LThigh,rx,0.054284759646170654,0.18869580586137533,0.13441104621520467,0.046450771079048464,0.04434744690685047
252_T1_R1_vs_R2,natural_variability,7,252_to_LThigh_ry,252_to_LThigh,ry,0.15629026357785405,0.09024824509500891,-0.06604201848284515,0.046450771079048464,0.04434744690685047
252_T1_R1_vs_R2,natural_variability,7,252_to_LThigh_rz,252_to_LThigh,rz,0.15187796012754687,0.13207205856342544,-0.01980590156412143,0.046450771079048464,0.04434744690685047
252_T1_R1_vs_R2,natural_variability,7,252_to_RThigh_rx,252_to_RThigh,rx,0.2673297297543334,0.4397299625541879,0.1724002327998545,0.046450771079048464,0.04434744690685047
252_T1_R1_vs_R2,natural_variability,7,252_to_RThigh_ry,252_to_RThigh,ry,0.041427199220178575,0.005257268197126365,-0.03616993102305221,0.046450771079048464,0.04434744690685047
252_T1_R1_vs_R2,natural_variability,7,252_to_RThigh_rz,252_to_RThigh,rz,0.204661375952979,0.1591417081090141,-0.04551966784396491,0.046450771079048464,0.04434744690685047
252_T1_R1_vs_R2,natural_variability,7,Chest_to_LShoulder_rx,Chest_to_LShoulder,rx,0.04414862075085469,0.00016184702730451855,-0.04398677372355017,0.046450771079048464,0.04434744690685047
252_T1_R1_vs_R2,natural_variability,7,Chest_to_LShoulder_ry,Chest_to_LShoulder,ry,0.027972304957342816,0.048545290882788576,0.02057298592544576,0.046450771079048464,0.04434744690685047
252_T1_R1_vs_R2,natural_variability,7,Chest_to_LShoulder_rz,Chest_to_LShoulder,rz,0.05146754054864895,0.01114864754491764,-0.040318893003731315,0.046450771079048464,0.04434744690685047
252_T1_R1_vs_R2,natural_variability,7,Chest_to_Neck_rx,Chest_to_Neck,rx,0.13405290122288668,0.1748122207614496,0.040759319538562905,0.046450771079048464,0.04434744690685047
252_T1_R1_vs_R2,natural_variability,7,Chest_to_Neck_ry,Chest_to_Neck,ry,0.03442452293030967,0.026093346008247753,-0.008331176922061916,0.046450771079048464,0.04434744690685047
252_T1_R1_vs_R2,natural_variability,7,Chest_to_Neck_rz,Chest_to_Neck,rz,0.12630952711492438,0.11003548171677419,-0.016274045398150194,0.046450771079048464,0.04434744690685047
252_T1_R1_vs_R2,natural_variability,7,Chest_to_RShoulder_rx,Chest_to_RShoulder,rx,0.02786196358244202,0.0030408792129926285,-0.024821084369449395,0.046450771079048464,0.04434744690685047
252_T1_R1_vs_R2,natural_variability,7,Chest_to_RShoulder_ry,Chest_to_RShoulder,ry,0.04175235974889922,0.036502423190994615,-0.005249936557904608,0.046450771079048464,0.04434744690685047
252_T1_R1_vs_R2,natural_variability,7,Chest_to_RShoulder_rz,Chest_to_RShoulder,rz,0.02796450374428761,0.11599386361733498,0.08802935987304737,0.046450771079048464,0.04434744690685047
252_T1_R1_vs_R2,natural_variability,7,LFArm_to_LHand_rx,LFArm_to_LHand,rx,0.02781728364684734,0.019931848378314534,-0.007885435268532807,0.046450771079048464,0.04434744690685047
252_T1_R1_vs_R2,natural_variability,7,LFArm_to_LHand_ry,LFArm_to_LHand,ry,0.1145656123892558,0.08945867812536996,-0.02510693426388584,0.046450771079048464,0.04434744690685047
252_T1_R1_vs_R2,natural_variability,7,LFArm_to_LHand_rz,LFArm_to_LHand,rz,0.1105466924979781,0.062200909884267845,-0.04834578261371026,0.046450771079048464,0.04434744690685047
252_T1_R1_vs_R2,natural_variability,7,LShin_to_LFoot_rx,LShin_to_LFoot,rx,0.19594051590059583,0.10096977222608401,-0.09497074367451182,0.046450771079048464,0.04434744690685047
252_T1_R1_vs_R2,natural_variability,7,LShin_to_LFoot_ry,LShin_to_LFoot,ry,0.01785756065683241,0.07616380938108648,0.05830624872425407,0.046450771079048464,0.04434744690685047
252_T1_R1_vs_R2,natural_variability,7,LShin_to_LFoot_rz,LShin_to_LFoot,rz,0.1789822414685633,0.11593471375748902,-0.06304752771107429,0.046450771079048464,0.04434744690685047
252_T1_R1_vs_R2,natural_variability,7,LShoulder_to_LUArm_rx,LShoulder_to_LUArm,rx,0.16568950227978288,0.11275858446516737,-0.05293091781461551,0.046450771079048464,0.04434744690685047
252_T1_R1_vs_R2,natural_variability,7,LShoulder_to_LUArm_ry,LShoulder_to_LUArm,ry,0.2363202344891448,0.06577744257644276,-0.17054279191270205,0.046450771079048464,0.04434744690685047
252_T1_R1_vs_R2,natural_variability,7,LShoulder_to_LUArm_rz,LShoulder_to_LUArm,rz,0.24623534729116972,0.05546954526524918,-0.19076580202592053,0.046450771079048464,0.04434744690685047
252_T1_R1_vs_R2,natural_variability,7,LThigh_to_LShin_rx,LThigh_to_LShin,rx,0.23751759327255803,0.24312535578814548,0.00560776251558745,0.046450771079048464,0.04434744690685047
252_T1_R1_vs_R2,natural_variability,7,LThigh_to_LShin_ry,LThigh_to_LShin,ry,5.2701448740213523e-08,1.0017292675357707e-09,-5.1699719472677756e-08,0.046450771079048464,0.04434744690685047
252_T1_R1_vs_R2,natural_variability,7,LThigh_to_LShin_rz,LThigh_to_LShin,rz,3.305859319418548e-08,5.0343541112505735e-08,1.7284947918320258e-08,0.046450771079048464,0.04434744690685047
252_T1_R1_vs_R2,natural_variability,7,LUArm_to_LFArm_rx,LUArm_to_LFArm,rx,0.3774663214497449,0.28373617754513836,-0.09373014390460654,0.046450771079048464,0.04434744690685047
252_T1_R1_vs_R2,natural_variability,7,LUArm_to_LFArm_ry,LUArm_to_LFArm,ry,0.11643286455985387,0.11657902443715305,0.00014615987729918456,0.046450771079048464,0.04434744690685047
252_T1_R1_vs_R2,natural_variability,7,LUArm_to_LFArm_rz,LUArm_to_LFArm,rz,0.03496280676688407,0.10232173945047748,0.06735893268359341,0.046450771079048464,0.04434744690685047
252_T1_R1_vs_R2,natural_variability,7,Neck_to_Head_rx,Neck_to_Head,rx,0.1339897585952077,0.17470880078750042,0.04071904219229272,0.046450771079048464,0.04434744690685047
252_T1_R1_vs_R2,natural_variability,7,Neck_to_Head_ry,Neck_to_Head,ry,0.009369102239502297,0.0042967824812113675,-0.00507231975829093,0.046450771079048464,0.04434744690685047
252_T1_R1_vs_R2,natural_variability,7,Neck_to_Head_rz,Neck_to_Head,rz,0.1308536564390707,0.11321452976923381,-0.0176391266698369,0.046450771079048464,0.04434744690685047
252_T1_R1_vs_R2,natural_variability,7,RFArm_to_RHand_rx,RFArm_to_RHand,rx,0.0037579258161045434,0.007907487998284682,0.004149562182180138,0.046450771079048464,0.04434744690685047
252_T1_R1_vs_R2,natural_variability,7,RFArm_to_RHand_ry,RFArm_to_RHand,ry,0.033288860707095226,0.052933657844796644,0.01964479713770142,0.046450771079048464,0.04434744690685047
252_T1_R1_vs_R2,natural_variability,7,RFArm_to_RHand_rz,RFArm_to_RHand,rz,0.004021057814777061,0.006087094414079202,0.002066036599302141,0.046450771079048464,0.04434744690685047
252_T1_R1_vs_R2,natural_variability,7,RShin_to_RFoot_rx,RShin_to_RFoot,rx,0.18148537156804548,0.24368653906999013,0.062201167501944654,0.046450771079048464,0.04434744690685047
252_T1_R1_vs_R2,natural_variability,7,RShin_to_RFoot_ry,RShin_to_RFoot,ry,0.0095467076215881,0.014452523645623085,0.004905816024034984,0.046450771079048464,0.04434744690685047
252_T1_R1_vs_R2,natural_variability,7,RShin_to_RFoot_rz,RShin_to_RFoot,rz,0.018336543327486042,0.021005771153914898,0.0026692278264288556,0.046450771079048464,0.04434744690685047
252_T1_R1_vs_R2,natural_variability,7,RShoulder_to_RUArm_rx,RShoulder_to_RUArm,rx,0.2349958603564036,0.17822609561101138,-0.05676976474539222,0.046450771079048464,0.04434744690685047
252_T1_R1_vs_R2,natural_variability,7,RShoulder_to_RUArm_ry,RShoulder_to_RUArm,ry,0.00359900721048603,0.20630738997830556,0.20270838276781952,0.046450771079048464,0.04434744690685047
252_T1_R1_vs_R2,natural_variability,7,RShoulder_to_RUArm_rz,RShoulder_to_RUArm,rz,0.011021544023442341,0.2236952754765376,0.21267373145309523,0.046450771079048464,0.04434744690685047
252_T1_R1_vs_R2,natural_variability,7,RThigh_to_RShin_rx,RThigh_to_RShin,rx,0.45096210189080893,0.3636775606126317,-0.08728454127817725,0.046450771079048464,0.04434744690685047
252_T1_R1_vs_R2,natural_variability,7,RThigh_to_RShin_ry,RThigh_to_RShin,ry,8.659624294635878e-08,3.003570138783612e-08,-5.6560541558522655e-08,0.046450771079048464,0.04434744690685047
252_T1_R1_vs_R2,natural_variability,7,RThigh_to_RShin_rz,RThigh_to_RShin,rz,8.634355719149584e-08,8.407469169908551e-08,-2.268865492410327e-09,0.046450771079048464,0.04434744690685047
252_T1_R1_vs_R2,natural_variability,7,RUArm_to_RFArm_rx,RUArm_to_RFArm,rx,0.0399900935426274,0.08865172182887189,0.04866162828624449,0.046450771079048464,0.04434744690685047
252_T1_R1_vs_R2,natural_variability,7,RUArm_to_RFArm_ry,RUArm_to_RFArm,ry,0.04658582521005399,0.2458417765905987,0.1992559513805447,0.046450771079048464,0.04434744690685047
252_T1_R1_vs_R2,natural_variability,7,RUArm_to_RFArm_rz,RUArm_to_RFArm,rz,0.0637804810326739,0.05239179386125804,-0.011388687171415862,0.046450771079048464,0.04434744690685047
252_T1_R1_vs_R2,natural_variability,8,252_to_LThigh_rx,252_to_LThigh,rx,0.2202014871429834,0.30103749789124795,0.08083601074826455,0.04204390259055315,0.02291106216078689
252_T1_R1_vs_R2,natural_variability,8,252_to_LThigh_ry,252_to_LThigh,ry,0.00652940848173221,0.06436339809974874,0.05783398961801653,0.04204390259055315,0.02291106216078689
252_T1_R1_vs_R2,natural_variability,8,252_to_LThigh_rz,252_to_LThigh,rz,0.08419098200240324,0.0508659704450681,-0.033325011557335145,0.04204390259055315,0.02291106216078689
252_T1_R1_vs_R2,natural_variability,8,252_to_RThigh_rx,252_to_RThigh,rx,0.23245888107055165,0.013021987438126822,-0.21943689363242483,0.04204390259055315,0.02291106216078689
252_T1_R1_vs_R2,natural_variability,8,252_to_RThigh_ry,252_to_RThigh,ry,0.11568322634679042,0.009623508272095939,-0.10605971807469447,0.04204390259055315,0.02291106216078689
252_T1_R1_vs_R2,natural_variability,8,252_to_RThigh_rz,252_to_RThigh,rz,0.05289491921865914,0.038446938632388704,-0.014447980586270434,0.04204390259055315,0.02291106216078689
252_T1_R1_vs_R2,natural_variability,8,Chest_to_LShoulder_rx,Chest_to_LShoulder,rx,0.09248479350207268,0.08222967124352193,-0.010255122258550756,0.04204390259055315,0.02291106216078689
252_T1_R1_vs_R2,natural_variability,8,Chest_to_LShoulder_ry,Chest_to_LShoulder,ry,0.11312911790925438,0.09992984388513677,-0.013199274024117608,0.04204390259055315,0.02291106216078689
252_T1_R1_vs_R2,natural_variability,8,Chest_to_LShoulder_rz,Chest_to_LShoulder,rz,0.0396934587298206,0.012077194582286593,-0.027616264147534007,0.04204390259055315,0.02291106216078689
252_T1_R1_vs_R2,natural_variability,8,Chest_to_Neck_rx,Chest_to_Neck,rx,0.05298147096271522,0.0071317378480059345,-0.04584973311470929,0.04204390259055315,0.02291106216078689
252_T1_R1_vs_R2,natural_variability,8,Chest_to_Neck_ry,Chest_to_Neck,ry,0.022574302222528302,0.03311868249972926,0.01054438027720096,0.04204390259055315,0.02291106216078689
252_T1_R1_vs_R2,natural_variability,8,Chest_to_Neck_rz,Chest_to_Neck,rz,0.06112283474655123,0.06307160190305751,0.0019487671565062772,0.04204390259055315,0.02291106216078689
252_T1_R1_vs_R2,natural_variability,8,Chest_to_RShoulder_rx,Chest_to_RShoulder,rx,0.03543290816204287,0.053505143600298045,0.018072235438255174,0.04204390259055315,0.02291106216078689
252_T1_R1_vs_R2,natural_variability,8,Chest_to_RShoulder_ry,Chest_to_RShoulder,ry,0.0605088607953137,0.05329231185509717,-0.007216548940216533,0.04204390259055315,0.02291106216078689
252_T1_R1_vs_R2,natural_variability,8,Chest_to_RShoulder_rz,Chest_to_RShoulder,rz,0.01715717157025621,0.1006179478553524,0.08346077628509618,0.04204390259055315,0.02291106216078689
252_T1_R1_vs_R2,natural_variability,8,LFArm_to_LHand_rx,LFArm_to_LHand,rx,0.008954621040417663,0.01272665515070885,0.0037720341102911864,0.04204390259055315,0.02291106216078689
252_T1_R1_vs_R2,natural_variability,8,LFArm_to_LHand_ry,LFArm_to_LHand,ry,0.02468088571049299,0.010469028671666878,-0.014211857038826112,0.04204390259055315,0.02291106216078689
252_T1_R1_vs_R2,natural_variability,8,LFArm_to_LHand_rz,LFArm_to_LHand,rz,0.04596989787224911,0.10501440534128516,0.05904450746903605,0.04204390259055315,0.02291106216078689
252_T1_R1_vs_R2,natural_variability,8,LShin_to_LFoot_rx,LShin_to_LFoot,rx,0.13121055733293463,0.10130923615372957,-0.029901321179205062,0.04204390259055315,0.02291106216078689
252_T1_R1_vs_R2,natural_variability,8,LShin_to_LFoot_ry,LShin_to_LFoot,ry,0.16483986344162574,0.13334613216472202,-0.03149373127690372,0.04204390259055315,0.02291106216078689
252_T1_R1_vs_R2,natural_variability,8,LShin_to_LFoot_rz,LShin_to_LFoot,rz,0.01481369650836818,0.006906693189801384,-0.007907003318566797,0.04204390259055315,0.02291106216078689
252_T1_R1_vs_R2,natural_variability,8,LShoulder_to_LUArm_rx,LShoulder_to_LUArm,rx,0.4984687614852221,0.2494084500631758,-0.24906031142204632,0.04204390259055315,0.02291106216078689
252_T1_R1_vs_R2,natural_variability,8,LShoulder_to_LUArm_ry,LShoulder_to_LUArm,ry,0.039485402017379656,0.14508654872357057,0.10560114670619092,0.04204390259055315,0.02291106216078689
252_T1_R1_vs_R2,natural_variability,8,LShoulder_to_LUArm_rz,LShoulder_to_LUArm,rz,0.36788171739425124,0.36141244850088783,-0.006469268893363411,0.04204390259055315,0.02291106216078689
252_T1_R1_vs_R2,natural_variability,8,LThigh_to_LShin_rx,LThigh_to_LShin,rx,0.21088150950272813,0.14290901372283998,-0.06797249577988815,0.04204390259055315,0.02291106216078689
252_T1_R1_vs_R2,natural_variability,8,LThigh_to_LShin_ry,LThigh_to_LShin,ry,5.480975314493135e-09,3.43148598584007e-08,2.8833884543907567e-08,0.04204390259055315,0.02291106216078689
252_T1_R1_vs_R2,natural_variability,8,LThigh_to_LShin_rz,LThigh_to_LShin,rz,1.1238411761008051e-08,3.322429675977003e-09,-7.915982085031047e-09,0.04204390259055315,0.02291106216078689
252_T1_R1_vs_R2,natural_variability,8,LUArm_to_LFArm_rx,LUArm_to_LFArm,rx,0.005816265693588209,0.016801282228193527,0.010985016534605319,0.04204390259055315,0.02291106216078689
252_T1_R1_vs_R2,natural_variability,8,LUArm_to_LFArm_ry,LUArm_to_LFArm,ry,0.20315911300769804,0.044633592881026495,-0.15852552012667154,0.04204390259055315,0.02291106216078689
252_T1_R1_vs_R2,natural_variability,8,LUArm_to_LFArm_rz,LUArm_to_LFArm,rz,0.030529272406406006,0.03622164676812795,0.005692374361721948,0.04204390259055315,0.02291106216078689
252_T1_R1_vs_R2,natural_variability,8,Neck_to_Head_rx,Neck_to_Head,rx,0.053023280253444646,0.007159763790798691,-0.045863516462645956,0.04204390259055315,0.02291106216078689
252_T1_R1_vs_R2,natural_variability,8,Neck_to_Head_ry,Neck_to_Head,ry,0.033749280488006565,0.044519701065000666,0.010770420576994101,0.04204390259055315,0.02291106216078689
252_T1_R1_vs_R2,natural_variability,8,Neck_to_Head_rz,Neck_to_Head,rz,0.055890571420199146,0.055684729760974314,-0.00020584165922483272,0.04204390259055315,0.02291106216078689
252_T1_R1_vs_R2,natural_variability,8,RFArm_to_RHand_rx,RFArm_to_RHand,rx,0.007634489912524878,0.007204626394304406,-0.0004298635182204717,0.04204390259055315,0.02291106216078689
252_T1_R1_vs_R2,natural_variability,8,RFArm_to_RHand_ry,RFArm_to_RHand,ry,0.07417793912730367,0.04506179662355156,-0.029116142503752107,0.04204390259055315,0.02291106216078689
252_T1_R1_vs_R2,natural_variability,8,RFArm_to_RHand_rz,RFArm_to_RHand,rz,0.02176424516670029,0.10078917816559278,0.07902493299889249,0.04204390259055315,0.02291106216078689
252_T1_R1_vs_R2,natural_variability,8,RShin_to_RFoot_rx,RShin_to_RFoot,rx,0.009387826718875888,0.15899389906386246,0.14960607234498657,0.04204390259055315,0.02291106216078689
252_T1_R1_vs_R2,natural_variability,8,RShin_to_RFoot_ry,RShin_to_RFoot,ry,0.1375127584380874,0.07815408401193388,-0.05935867442615353,0.04204390259055315,0.02291106216078689
252_T1_R1_vs_R2,natural_variability,8,RShin_to_RFoot_rz,RShin_to_RFoot,rz,0.012827360199199285,0.10387520639907742,0.09104784619987813,0.04204390259055315,0.02291106216078689
252_T1_R1_vs_R2,natural_variability,8,RShoulder_to_RUArm_rx,RShoulder_to_RUArm,rx,0.053515541760337494,0.02433377748287454,-0.029181764277462954,0.04204390259055315,0.02291106216078689
252_T1_R1_vs_R2,natural_variability,8,RShoulder_to_RUArm_ry,RShoulder_to_RUArm,ry,0.16899747496959616,0.24674052260068438,0.07774304763108822,0.04204390259055315,0.02291106216078689
252_T1_R1_vs_R2,natural_variability,8,RShoulder_to_RUArm_rz,RShoulder_to_RUArm,rz,0.23311514661045682,0.6455672843763921,0.41245213776593526,0.04204390259055315,0.02291106216078689
252_T1_R1_vs_R2,natural_variability,8,RThigh_to_RShin_rx,RThigh_to_RShin,rx,0.2519560583062408,0.12169498197902895,-0.13026107632721184,0.04204390259055315,0.02291106216078689
252_T1_R1_vs_R2,natural_variability,8,RThigh_to_RShin_ry,RThigh_to_RShin,ry,7.197317097351365e-08,5.578262124152451e-08,-1.6190549731989145e-08,0.04204390259055315,0.02291106216078689
252_T1_R1_vs_R2,natural_variability,8,RThigh_to_RShin_rz,RThigh_to_RShin,rz,7.308386620496789e-08,4.9683225452766405e-08,-2.3400640752201484e-08,0.04204390259055315,0.02291106216078689
252_T1_R1_vs_R2,natural_variability,8,RUArm_to_RFArm_rx,RUArm_to_RFArm,rx,0.08533675058820243,0.002149083530027162,-0.08318766705817528,0.04204390259055315,0.02291106216078689
252_T1_R1_vs_R2,natural_variability,8,RUArm_to_RFArm_ry,RUArm_to_RFArm,ry,0.3269961483947192,0.1650123003702164,-0.16198384802450277,0.04204390259055315,0.02291106216078689
252_T1_R1_vs_R2,natural_variability,8,RUArm_to_RFArm_rz,RUArm_to_RFArm,rz,0.1541279335053055,0.07719572303199841,-0.07693221047330707,0.04204390259055315,0.02291106216078689
252_T1_R1_vs_R2,natural_variability,9,252_to_LThigh_rx,252_to_LThigh,rx,0.14210731988507577,0.07158749337243912,-0.07051982651263665,0.03469919023846993,0.018209590172745465
252_T1_R1_vs_R2,natural_variability,9,252_to_LThigh_ry,252_to_LThigh,ry,0.09008088585229156,0.11123876793158777,0.02115788207929621,0.03469919023846993,0.018209590172745465
252_T1_R1_vs_R2,natural_variability,9,252_to_LThigh_rz,252_to_LThigh,rz,0.0362751421635501,0.044952244234037764,0.008677102070487663,0.03469919023846993,0.018209590172745465
252_T1_R1_vs_R2,natural_variability,9,252_to_RThigh_rx,252_to_RThigh,rx,0.16533464531460068,0.16391452677436646,-0.0014201185402342165,0.03469919023846993,0.018209590172745465
252_T1_R1_vs_R2,natural_variability,9,252_to_RThigh_ry,252_to_RThigh,ry,0.25968147775732076,0.28294860441024494,0.023267126652924186,0.03469919023846993,0.018209590172745465
252_T1_R1_vs_R2,natural_variability,9,252_to_RThigh_rz,252_to_RThigh,rz,0.2999968797103675,0.3252153197431265,0.025218440032759026,0.03469919023846993,0.018209590172745465
252_T1_R1_vs_R2,natural_variability,9,Chest_to_LShoulder_rx,Chest_to_LShoulder,rx,0.014425326779789993,0.059577505006709934,0.04515217822691994,0.03469919023846993,0.018209590172745465
252_T1_R1_vs_R2,natural_variability,9,Chest_to_LShoulder_ry,Chest_to_LShoulder,ry,0.03886332773387839,0.07401336506334978,0.03515003732947139,0.03469919023846993,0.018209590172745465
252_T1_R1_vs_R2,natural_variability,9,Chest_to_LShoulder_rz,Chest_to_LShoulder,rz,0.011766806464884014,0.022805477051816354,0.01103867058693234,0.03469919023846993,0.018209590172745465
252_T1_R1_vs_R2,natural_variability,9,Chest_to_Neck_rx,Chest_to_Neck,rx,0.010050463742534743,0.011463006170970612,0.0014125424284358694,0.03469919023846993,0.018209590172745465
252_T1_R1_vs_R2,natural_variability,9,Chest_to_Neck_ry,Chest_to_Neck,ry,0.1091851067923213,0.09039671632366168,-0.018788390468659613,0.03469919023846993,0.018209590172745465
252_T1_R1_vs_R2,natural_variability,9,Chest_to_Neck_rz,Chest_to_Neck,rz,0.07757536473965519,0.11232503009771293,0.034749665358057735,0.03469919023846993,0.018209590172745465
252_T1_R1_vs_R2,natural_variability,9,Chest_to_RShoulder_rx,Chest_to_RShoulder,rx,0.03726981766052915,0.031088803165733096,-0.006181014494796053,0.03469919023846993,0.018209590172745465
252_T1_R1_vs_R2,natural_variability,9,Chest_to_RShoulder_ry,Chest_to_RShoulder,ry,0.04895903466618776,0.05732579668970401,0.008366762023516244,0.03469919023846993,0.018209590172745465
252_T1_R1_vs_R2,natural_variability,9,Chest_to_RShoulder_rz,Chest_to_RShoulder,rz,0.0486431188219674,0.06392757132335518,0.015284452501387776,0.03469919023846993,0.018209590172745465
252_T1_R1_vs_R2,natural_variability,9,LFArm_to_LHand_rx,LFArm_to_LHand,rx,0.004119142556318852,0.004333679225333233,0.00021453666901438077,0.03469919023846993,0.018209590172745465
252_T1_R1_vs_R2,natural_variability,9,LFArm_to_LHand_ry,LFArm_to_LHand,ry,0.007490327350177012,0.0006672550727410536,-0.006823072277435958,0.03469919023846993,0.018209590172745465
252_T1_R1_vs_R2,natural_variability,9,LFArm_to_LHand_rz,LFArm_to_LHand,rz,0.042261392137743575,0.03809422397588757,-0.004167168161856007,0.03469919023846993,0.018209590172745465
252_T1_R1_vs_R2,natural_variability,9,LShin_to_LFoot_rx,LShin_to_LFoot,rx,0.02267068359592412,0.1164369579012481,0.09376627430532397,0.03469919023846993,0.018209590172745465
252_T1_R1_vs_R2,natural_variability,9,LShin_to_LFoot_ry,LShin_to_LFoot,ry,0.022516477343471557,0.06155956033783557,0.039043082994364015,0.03469919023846993,0.018209590172745465
252_T1_R1_vs_R2,natural_variability,9,LShin_to_LFoot_rz,LShin_to_LFoot,rz,0.027162656885741775,0.05872049960934233,0.03155784272360056,0.03469919023846993,0.018209590172745465
252_T1_R1_vs_R2,natural_variability,9,LShoulder_to_LUArm_rx,LShoulder_to_LUArm,rx,0.2019535796838893,0.422701981485693,0.2207484018018037,0.03469919023846993,0.018209590172745465
252_T1_R1_vs_R2,natural_variability,9,LShoulder_to_LUArm_ry,LShoulder_to_LUArm,ry,0.08900703521147517,0.04849469568617062,-0.04051233952530455,0.03469919023846993,0.018209590172745465
252_T1_R1_vs_R2,natural_variability,9,LShoulder_to_LUArm_rz,LShoulder_to_LUArm,rz,0.02132481020099482,0.17812382153662865,0.15679901133563381,0.03469919023846993,0.018209590172745465
252_T1_R1_vs_R2,natural_variability,9,LThigh_to_LShin_rx,LThigh_to_LShin,rx,0.12652661713331856,0.03736601438681179,-0.08916060274650678,0.03469919023846993,0.018209590172745465
252_T1_R1_vs_R2,natural_variability,9,LThigh_to_LShin_ry,LThigh_to_LShin,ry,2.7480520132248252e-08,1.6429514054028635e-08,-1.1051006078219618e-08,0.03469919023846993,0.018209590172745465
252_T1_R1_vs_R2,natural_variability,9,LThigh_to_LShin_rz,LThigh_to_LShin,rz,1.0011436885387466e-07,8.611789204734105e-08,-1.399647680653361e-08,0.03469919023846993,0.018209590172745465
252_T1_R1_vs_R2,natural_variability,9,LUArm_to_LFArm_rx,LUArm_to_LFArm,rx,0.05394465873265164,0.12042094597348055,0.06647628724082891,0.03469919023846993,0.018209590172745465
252_T1_R1_vs_R2,natural_variability,9,LUArm_to_LFArm_ry,LUArm_to_LFArm,ry,0.03408732144292758,0.06358395488497459,0.02949663344204701,0.03469919023846993,0.018209590172745465
252_T1_R1_vs_R2,natural_variability,9,LUArm_to_LFArm_rz,LUArm_to_LFArm,rz,0.03113373662623404,0.0219086938625626,-0.009225042763671438,0.03469919023846993,0.018209590172745465
252_T1_R1_vs_R2,natural_variability,9,Neck_to_Head_rx,Neck_to_Head,rx,0.010655507582242705,0.011905816439589996,0.0012503088573472907,0.03469919023846993,0.018209590172745465
252_T1_R1_vs_R2,natural_variability,9,Neck_to_Head_ry,Neck_to_Head,ry,0.09275607415234043,0.06758502080110387,-0.025171053351236553,0.03469919023846993,0.018209590172745465
252_T1_R1_vs_R2,natural_variability,9,Neck_to_Head_rz,Neck_to_Head,rz,0.09729580380049348,0.12795432464714285,0.03065852084664937,0.03469919023846993,0.018209590172745465
252_T1_R1_vs_R2,natural_variability,9,RFArm_to_RHand_rx,RFArm_to_RHand,rx,0.002623277562442983,0.0004810308966971949,-0.002142246665745788,0.03469919023846993,0.018209590172745465
252_T1_R1_vs_R2,natural_variability,9,RFArm_to_RHand_ry,RFArm_to_RHand,ry,0.02053705815223891,0.04208875726258571,0.021551699110346798,0.03469919023846993,0.018209590172745465
252_T1_R1_vs_R2,natural_variability,9,RFArm_to_RHand_rz,RFArm_to_RHand,rz,0.008648468549427111,0.021984320750164068,0.013335852200736957,0.03469919023846993,0.018209590172745465
252_T1_R1_vs_R2,natural_variability,9,RShin_to_RFoot_rx,RShin_to_RFoot,rx,0.0040096703740031625,0.022588060610709566,0.018578390236706405,0.03469919023846993,0.018209590172745465
252_T1_R1_vs_R2,natural_variability,9,RShin_to_RFoot_ry,RShin_to_RFoot,ry,0.4480718308441093,0.46361623877003555,0.015544407925926262,0.03469919023846993,0.018209590172745465
252_T1_R1_vs_R2,natural_variability,9,RShin_to_RFoot_rz,RShin_to_RFoot,rz,0.2701055208559608,0.23869121794543496,-0.031414302910525826,0.03469919023846993,0.018209590172745465
252_T1_R1_vs_R2,natural_variability,9,RShoulder_to_RUArm_rx,RShoulder_to_RUArm,rx,0.20066418913589454,0.09646046872214223,-0.10420372041375231,0.03469919023846993,0.018209590172745465
252_T1_R1_vs_R2,natural_variability,9,RShoulder_to_RUArm_ry,RShoulder_to_RUArm,ry,0.4126236457203979,0.2670139776604204,-0.1456096680599775,0.03469919023846993,0.018209590172745465
252_T1_R1_vs_R2,natural_variability,9,RShoulder_to_RUArm_rz,RShoulder_to_RUArm,rz,0.19278798970516045,0.1288895495733306,-0.06389844013182985,0.03469919023846993,0.018209590172745465
252_T1_R1_vs_R2,natural_variability,9,RThigh_to_RShin_rx,RThigh_to_RShin,rx,0.16001213843519613,0.2209098849696006,0.06089774653440447,0.03469919023846993,0.018209590172745465
252_T1_R1_vs_R2,natural_variability,9,RThigh_to_RShin_ry,RThigh_to_RShin,ry,2.480095707482568e-08,6.458933460017596e-08,3.978837752535028e-08,0.03469919023846993,0.018209590172745465
252_T1_R1_vs_R2,natural_variability,9,RThigh_to_RShin_rz,RThigh_to_RShin,rz,1.4416949599091603e-08,3.244101161203685e-08,1.8024062012945247e-08,0.03469919023846993,0.018209590172745465
252_T1_R1_vs_R2,natural_variability,9,RUArm_to_RFArm_rx,RUArm_to_RFArm,rx,0.24369846196458506,0.14831334333760104,-0.09538511862698401,0.03469919023846993,0.018209590172745465
252_T1_R1_vs_R2,natural_variability,9,RUArm_to_RFArm_ry,RUArm_to_RFArm,ry,0.20551331807450737,0.07008737980768116,-0.1354259382668262,0.03469919023846993,0.018209590172745465
252_T1_R1_vs_R2,natural_variability,9,RUArm_to_RFArm_rz,RUArm_to_RFArm,rz,0.13556690486350523,0.06966695192042614,-0.06589995294307908,0.03469919023846993,0.018209590172745465
