comparison_id,kind,pc,feature,link_id,axis,loading_A_abs,loading_B_reprojected_abs,jcvpca_axis,explained_variance_A,explained_variance_B_projected
252_T1_vs_T2,longitudinal,1,252_to_LThigh_rx,252_to_LThigh,rx,0.034259399545005655,0.1284607347696208,0.09420133522461516,0.16601184461963361,0.28409689458518544
252_T1_vs_T2,longitudinal,1,252_to_LThigh_ry,252_to_LThigh,ry,0.00938094967826828,0.03572349135573327,0.02634254167746499,0.16601184461963361,0.28409689458518544
252_T1_vs_T2,longitudinal,1,252_to_LThigh_rz,252_to_LThigh,rz,0.06499162304729801,0.048054798743942265,-0.016936824303355746,0.16601184461963361,0.28409689458518544
252_T1_vs_T2,longitudinal,1,252_to_RThigh_rx,252_to_RThigh,rx,0.1864922223694702,0.07485227165335126,-0.11163995071611893,0.16601184461963361,0.28409689458518544
252_T1_vs_T2,longitudinal,1,252_to_RThigh_ry,252_to_RThigh,ry,0.043038143628794566,0.04448357680319357,0.001445433174399005,0.16601184461963361,0.28409689458518544
252_T1_vs_T2,longitudinal,1,252_to_RThigh_rz,252_to_RThigh,rz,0.008068856497744144,0.105430853089877,0.09736199659213285,0.16601184461963361,0.28409689458518544
252_T1_vs_T2,longitudinal,1,Chest_to_LShoulder_rx,Chest_to_LShoulder,rx,0.031063371657754663,0.03555508429071169,0.004491712632957029,0.16601184461963361,0.28409689458518544
252_T1_vs_T2,longitudinal,1,Chest_to_LShoulder_ry,Chest_to_LShoulder,ry,0.02698053829470314,0.0025865361121347407,-0.0243940021825684,0.16601184461963361,0.28409689458518544
252_T1_vs_T2,longitudinal,1,Chest_to_LShoulder_rz,Chest_to_LShoulder,rz,0.08201891807348684,0.0942525797230672,0.012233661649580369,0.16601184461963361,0.28409689458518544
252_T1_vs_T2,longitudinal,1,Chest_to_Neck_rx,Chest_to_Neck,rx,0.0014750972720649392,0.021268259295309767,0.01979316202324483,0.16601184461963361,0.28409689458518544
252_T1_vs_T2,longitudinal,1,Chest_to_Neck_ry,Chest_to_Neck,ry,0.026554824631462394,0.03384181795790365,0.0072869933264412545,0.16601184461963361,0.28409689458518544
252_T1_vs_T2,longitudinal,1,Chest_to_Neck_rz,Chest_to_Neck,rz,0.002691975082267339,0.03075119468306927,0.028059219600801932,0.16601184461963361,0.28409689458518544
252_T1_vs_T2,longitudinal,1,Chest_to_RShoulder_rx,Chest_to_RShoulder,rx,0.022914359205791462,0.06306542738679494,0.040151068181003474,0.16601184461963361,0.28409689458518544
252_T1_vs_T2,longitudinal,1,Chest_to_RShoulder_ry,Chest_to_RShoulder,ry,0.021658400774066573,0.032602244745901544,0.010943843971834972,0.16601184461963361,0.28409689458518544
252_T1_vs_T2,longitudinal,1,Chest_to_RShoulder_rz,Chest_to_RShoulder,rz,0.08537299979451779,0.0866727875478536,0.001299787753335807,0.16601184461963361,0.28409689458518544
252_T1_vs_T2,longitudinal,1,LFArm_to_LHand_rx,LFArm_to_LHand,rx,0.00818097220722744,0.008569726078119086,0.0003887538708916456,0.16601184461963361,0.28409689458518544
252_T1_vs_T2,longitudinal,1,LFArm_to_LHand_ry,LFArm_to_LHand,ry,0.026903987836452245,0.003246841898485361,-0.023657145937966882,0.16601184461963361,0.28409689458518544
252_T1_vs_T2,longitudinal,1,LFArm_to_LHand_rz,LFArm_to_LHand,rz,0.061860827972840406,0.027265300035649108,-0.0345955279371913,0.16601184461963361,0.28409689458518544
252_T1_vs_T2,longitudinal,1,LShin_to_LFoot_rx,LShin_to_LFoot,rx,0.02512212429329505,0.02456266870907194,-0.0005594555842231112,0.16601184461963361,0.28409689458518544
252_T1_vs_T2,longitudinal,1,LShin_to_LFoot_ry,LShin_to_LFoot,ry,0.0646858704022345,0.019550894260160573,-0.04513497614207393,0.16601184461963361,0.28409689458518544
252_T1_vs_T2,longitudinal,1,LShin_to_LFoot_rz,LShin_to_LFoot,rz,0.02623620227376424,0.026777273444128762,0.0005410711703645217,0.16601184461963361,0.28409689458518544
252_T1_vs_T2,longitudinal,1,LShoulder_to_LUArm_rx,LShoulder_to_LUArm,rx,0.09006013603890592,0.04580989179252674,-0.04425024424637918,0.16601184461963361,0.28409689458518544
252_T1_vs_T2,longitudinal,1,LShoulder_to_LUArm_ry,LShoulder_to_LUArm,ry,0.20826390692127933,0.3128071411947985,0.10454323427351919,0.16601184461963361,0.28409689458518544
252_T1_vs_T2,longitudinal,1,LShoulder_to_LUArm_rz,LShoulder_to_LUArm,rz,0.017616848619599015,0.029984001237662018,0.012367152618063003,0.16601184461963361,0.28409689458518544
252_T1_vs_T2,longitudinal,1,LThigh_to_LShin_rx,LThigh_to_LShin,rx,0.18702883680065618,0.006952463161973983,-0.1800763736386822,0.16601184461963361,0.28409689458518544
252_T1_vs_T2,longitudinal,1,LThigh_to_LShin_ry,LThigh_to_LShin,ry,3.045285331731347e-08,3.4719004601868634e-08,4.266151284555165e-09,0.16601184461963361,0.28409689458518544
252_T1_vs_T2,longitudinal,1,LThigh_to_LShin_rz,LThigh_to_LShin,rz,3.8580109735186664e-08,2.2194224627511117e-09,-3.6360687272435554e-08,0.16601184461963361,0.28409689458518544
252_T1_vs_T2,longitudinal,1,LUArm_to_LFArm_rx,LUArm_to_LFArm,rx,0.24131618710092306,0.09454582847937061,-0.14677035862155247,0.16601184461963361,0.28409689458518544
252_T1_vs_T2,longitudinal,1,LUArm_to_LFArm_ry,LUArm_to_LFArm,ry,0.20902065360597546,0.6080531762424198,0.3990325226364444,0.16601184461963361,0.28409689458518544
252_T1_vs_T2,longitudinal,1,LUArm_to_LFArm_rz,LUArm_to_LFArm,rz,0.021341805795357768,0.08867318674596918,0.0673313809506114,0.16601184461963361,0.28409689458518544
252_T1_vs_T2,longitudinal,1,Neck_to_Head_rx,Neck_to_Head,rx,0.0014949470834237557,0.021420766007603672,0.019925818924179918,0.16601184461963361,0.28409689458518544
252_T1_vs_T2,longitudinal,1,Neck_to_Head_ry,Neck_to_Head,ry,0.025512555871830912,0.027194276358560622,0.0016817204867297098,0.16601184461963361,0.28409689458518544
252_T1_vs_T2,longitudinal,1,Neck_to_Head_rz,Neck_to_Head,rz,0.007633072121025155,0.03656113201132191,0.02892805989029676,0.16601184461963361,0.28409689458518544
252_T1_vs_T2,longitudinal,1,RFArm_to_RHand_rx,RFArm_to_RHand,rx,0.005185238198640527,0.0028423196146839906,-0.002342918583956536,0.16601184461963361,0.28409689458518544
252_T1_vs_T2,longitudinal,1,RFArm_to_RHand_ry,RFArm_to_RHand,ry,0.07683969634449125,0.019627147828257235,-0.057212548516234016,0.16601184461963361,0.28409689458518544
252_T1_vs_T2,longitudinal,1,RFArm_to_RHand_rz,RFArm_to_RHand,rz,0.06991878939962208,0.11649251584174772,0.04657372644212564,0.16601184461963361,0.28409689458518544
252_T1_vs_T2,longitudinal,1,RShin_to_RFoot_rx,RShin_to_RFoot,rx,0.05638193846703629,0.01947842560630421,-0.03690351286073208,0.16601184461963361,0.28409689458518544
252_T1_vs_T2,longitudinal,1,RShin_to_RFoot_ry,RShin_to_RFoot,ry,0.009436146908998334,0.005212275509614265,-0.00422387139938407,0.16601184461963361,0.28409689458518544
252_T1_vs_T2,longitudinal,1,RShin_to_RFoot_rz,RShin_to_RFoot,rz,0.02365866149313297,0.023288288033389292,-0.0003703734597436774,0.16601184461963361,0.28409689458518544
252_T1_vs_T2,longitudinal,1,RShoulder_to_RUArm_rx,RShoulder_to_RUArm,rx,0.36263691822342403,0.5079082747785627,0.14527135655513868,0.16601184461963361,0.28409689458518544
252_T1_vs_T2,longitudinal,1,RShoulder_to_RUArm_ry,RShoulder_to_RUArm,ry,0.24055986883607172,0.11651473741428392,-0.1240451314217878,0.16601184461963361,0.28409689458518544
252_T1_vs_T2,longitudinal,1,RShoulder_to_RUArm_rz,RShoulder_to_RUArm,rz,0.18536806334260383,0.13559583490806051,-0.04977222843454332,0.16601184461963361,0.28409689458518544
252_T1_vs_T2,longitudinal,1,RThigh_to_RShin_rx,RThigh_to_RShin,rx,0.2835482028558806,0.11770126279270136,-0.16584694006317924,0.16601184461963361,0.28409689458518544
252_T1_vs_T2,longitudinal,1,RThigh_to_RShin_ry,RThigh_to_RShin,ry,1.3336201515708283e-08,1.4014519734037447e-08,6.783182183291644e-10,0.16601184461963361,0.28409689458518544
252_T1_vs_T2,longitudinal,1,RThigh_to_RShin_rz,RThigh_to_RShin,rz,2.8087032443712554e-08,4.355515921626552e-08,1.5468126772552967e-08,0.16601184461963361,0.28409689458518544
252_T1_vs_T2,longitudinal,1,RUArm_to_RFArm_rx,RUArm_to_RFArm,rx,0.5511086415880165,0.13299472558980732,-0.41811391599820924,0.16601184461963361,0.28409689458518544
252_T1_vs_T2,longitudinal,1,RUArm_to_RFArm_ry,RUArm_to_RFArm,ry,0.24798987913720544,0.318512295805868,0.07052241666866255,0.16601184461963361,0.28409689458518544
252_T1_vs_T2,longitudinal,1,RUArm_to_RFArm_rz,RUArm_to_RFArm,rz,0.23751117008567768,0.07509054325958384,-0.16242062682609384,0.16601184461963361,0.28409689458518544
252_T1_vs_T2,longitudinal,2,252_to_LThigh_rx,252_to_LThigh,rx,0.25231361576589245,0.16654276617521002,-0.08577084959068243,0.16236315006540517,0.18013360988245444
252_T1_vs_T2,longitudinal,2,252_to_LThigh_ry,252_to_LThigh,ry,0.03798167382284845,0.050057576314223695,0.012075902491375246,0.16236315006540517,0.18013360988245444
252_T1_vs_T2,longitudinal,2,252_to_LThigh_rz,252_to_LThigh,rz,0.04427284600388153,0.03711831454668686,-0.00715453145719467,0.16236315006540517,0.18013360988245444
252_T1_vs_T2,longitudinal,2,252_to_RThigh_rx,252_to_RThigh,rx,0.020878533138976408,0.1796974960660158,0.15881896292703937,0.16236315006540517,0.18013360988245444
252_T1_vs_T2,longitudinal,2,252_to_RThigh_ry,252_to_RThigh,ry,0.00018159396422186343,0.0984882829358589,0.09830668897163704,0.16236315006540517,0.18013360988245444
252_T1_vs_T2,longitudinal,2,252_to_RThigh_rz,252_to_RThigh,rz,0.14255657816097966,0.05367731566692875,-0.08887926249405091,0.16236315006540517,0.18013360988245444
252_T1_vs_T2,longitudinal,2,Chest_to_LShoulder_rx,Chest_to_LShoulder,rx,0.037349630018541136,0.016064634376457405,-0.02128499564208373,0.16236315006540517,0.18013360988245444
252_T1_vs_T2,longitudinal,2,Chest_to_LShoulder_ry,Chest_to_LShoulder,ry,0.02001536347247696,0.02080591835303442,0.0007905548805574591,0.16236315006540517,0.18013360988245444
252_T1_vs_T2,longitudinal,2,Chest_to_LShoulder_rz,Chest_to_LShoulder,rz,0.08533552993562944,0.08219257855773324,-0.0031429513778962054,0.16236315006540517,0.18013360988245444
252_T1_vs_T2,longitudinal,2,Chest_to_Neck_rx,Chest_to_Neck,rx,0.009711230141432659,0.06552521113394337,0.05581398099251071,0.16236315006540517,0.18013360988245444
252_T1_vs_T2,longitudinal,2,Chest_to_Neck_ry,Chest_to_Neck,ry,0.01175986581357569,0.016767071468184572,0.005007205654608882,0.16236315006540517,0.18013360988245444
252_T1_vs_T2,longitudinal,2,Chest_to_Neck_rz,Chest_to_Neck,rz,0.0189728137227448,0.0233895267504241,0.004416713027679299,0.16236315006540517,0.18013360988245444
252_T1_vs_T2,longitudinal,2,Chest_to_RShoulder_rx,Chest_to_RShoulder,rx,0.001031564428271279,0.038347712299302006,0.03731614787103073,0.16236315006540517,0.18013360988245444
252_T1_vs_T2,longitudinal,2,Chest_to_RShoulder_ry,Chest_to_RShoulder,ry,0.017173917232344963,0.019194423265886447,0.002020506033541484,0.16236315006540517,0.18013360988245444
252_T1_vs_T2,longitudinal,2,Chest_to_RShoulder_rz,Chest_to_RShoulder,rz,0.0809054488615225,0.07641473570544322,-0.004490713156079282,0.16236315006540517,0.18013360988245444
252_T1_vs_T2,longitudinal,2,LFArm_to_LHand_rx,LFArm_to_LHand,rx,0.003980314774425713,0.0019393322681487111,-0.0020409825062770023,0.16236315006540517,0.18013360988245444
252_T1_vs_T2,longitudinal,2,LFArm_to_LHand_ry,LFArm_to_LHand,ry,0.021293013728373774,0.0038601249198461506,-0.017432888808527624,0.16236315006540517,0.18013360988245444
252_T1_vs_T2,longitudinal,2,LFArm_to_LHand_rz,LFArm_to_LHand,rz,0.04785647726330615,0.023751873878185302,-0.024104603385120847,0.16236315006540517,0.18013360988245444
252_T1_vs_T2,longitudinal,2,LShin_to_LFoot_rx,LShin_to_LFoot,rx,0.047471602731377405,0.15149698919244928,0.10402538646107187,0.16236315006540517,0.18013360988245444
252_T1_vs_T2,longitudinal,2,LShin_to_LFoot_ry,LShin_to_LFoot,ry,0.030377047293524535,0.056417033440856634,0.0260399861473321,0.16236315006540517,0.18013360988245444
252_T1_vs_T2,longitudinal,2,LShin_to_LFoot_rz,LShin_to_LFoot,rz,0.03426812158030945,0.08359855982439686,0.04933043824408741,0.16236315006540517,0.18013360988245444
252_T1_vs_T2,longitudinal,2,LShoulder_to_LUArm_rx,LShoulder_to_LUArm,rx,0.09157000796962224,0.0406767104591896,-0.05089329751043264,0.16236315006540517,0.18013360988245444
252_T1_vs_T2,longitudinal,2,LShoulder_to_LUArm_ry,LShoulder_to_LUArm,ry,0.3065193406238315,0.08421879581324453,-0.22230054481058698,0.16236315006540517,0.18013360988245444
252_T1_vs_T2,longitudinal,2,LShoulder_to_LUArm_rz,LShoulder_to_LUArm,rz,0.032456037679826216,0.04703271912302636,0.014576681443200144,0.16236315006540517,0.18013360988245444
252_T1_vs_T2,longitudinal,2,LThigh_to_LShin_rx,LThigh_to_LShin,rx,0.2004806126411868,0.4037648432390103,0.2032842305978235,0.16236315006540517,0.18013360988245444
252_T1_vs_T2,longitudinal,2,LThigh_to_LShin_ry,LThigh_to_LShin,ry,2.5911274012278342e-08,2.65403748307022e-08,6.291008184238576e-10,0.16236315006540517,0.18013360988245444
252_T1_vs_T2,longitudinal,2,LThigh_to_LShin_rz,LThigh_to_LShin,rz,4.852817377962748e-09,2.1747584229841183e-08,1.6894766851878434e-08,0.16236315006540517,0.18013360988245444
252_T1_vs_T2,longitudinal,2,LUArm_to_LFArm_rx,LUArm_to_LFArm,rx,0.11389864813625399,0.05843429937106347,-0.05546434876519052,0.16236315006540517,0.18013360988245444
252_T1_vs_T2,longitudinal,2,LUArm_to_LFArm_ry,LUArm_to_LFArm,ry,0.5065996793525944,0.12171810358978849,-0.3848815757628059,0.16236315006540517,0.18013360988245444
252_T1_vs_T2,longitudinal,2,LUArm_to_LFArm_rz,LUArm_to_LFArm,rz,0.05190083420786597,0.0683107638509943,0.016409929643128332,0.16236315006540517,0.18013360988245444
252_T1_vs_T2,longitudinal,2,Neck_to_Head_rx,Neck_to_Head,rx,0.009683639467563754,0.06567554469446898,0.05599190522690523,0.16236315006540517,0.18013360988245444
252_T1_vs_T2,longitudinal,2,Neck_to_Head_ry,Neck_to_Head,ry,0.015155758801291082,0.011920317263138507,-0.003235441538152575,0.16236315006540517,0.18013360988245444
252_T1_vs_T2,longitudinal,2,Neck_to_Head_rz,Neck_to_Head,rz,0.016271991861364642,0.02605155393498492,0.009779562073620279,0.16236315006540517,0.18013360988245444
252_T1_vs_T2,longitudinal,2,RFArm_to_RHand_rx,RFArm_to_RHand,rx,0.005507218266747166,0.0007617355582599653,-0.004745482708487201,0.16236315006540517,0.18013360988245444
252_T1_vs_T2,longitudinal,2,RFArm_to_RHand_ry,RFArm_to_RHand,ry,0.0493222905281765,0.014572121180267971,-0.03475016934790853,0.16236315006540517,0.18013360988245444
252_T1_vs_T2,longitudinal,2,RFArm_to_RHand_rz,RFArm_to_RHand,rz,0.041576674967063305,0.0396453001631386,-0.0019313748039247042,0.16236315006540517,0.18013360988245444
252_T1_vs_T2,longitudinal,2,RShin_to_RFoot_rx,RShin_to_RFoot,rx,0.1579954908106943,0.14909308289407555,-0.008902407916618754,0.16236315006540517,0.18013360988245444
252_T1_vs_T2,longitudinal,2,RShin_to_RFoot_ry,RShin_to_RFoot,ry,0.07303337814265157,0.12117694416467825,0.048143566022026685,0.16236315006540517,0.18013360988245444
252_T1_vs_T2,longitudinal,2,RShin_to_RFoot_rz,RShin_to_RFoot,rz,0.1395525158084653,0.08983642120994546,-0.04971609459851985,0.16236315006540517,0.18013360988245444
252_T1_vs_T2,longitudinal,2,RShoulder_to_RUArm_rx,RShoulder_to_RUArm,rx,0.29091945091040655,0.3193016856979402,0.028382234787533656,0.16236315006540517,0.18013360988245444
252_T1_vs_T2,longitudinal,2,RShoulder_to_RUArm_ry,RShoulder_to_RUArm,ry,0.15135948494575838,0.004355703773423448,-0.14700378117233492,0.16236315006540517,0.18013360988245444
252_T1_vs_T2,longitudinal,2,RShoulder_to_RUArm_rz,RShoulder_to_RUArm,rz,0.08822235543201382,0.11832017038752284,0.03009781495550902,0.16236315006540517,0.18013360988245444
252_T1_vs_T2,longitudinal,2,RThigh_to_RShin_rx,RThigh_to_RShin,rx,0.4594140554792966,0.6406913585083124,0.1812773030290158,0.16236315006540517,0.18013360988245444
252_T1_vs_T2,longitudinal,2,RThigh_to_RShin_ry,RThigh_to_RShin,ry,3.457374829091295e-09,2.2385815204057238e-08,1.8928440374965942e-08,0.16236315006540517,0.18013360988245444
252_T1_vs_T2,longitudinal,2,RThigh_to_RShin_rz,RThigh_to_RShin,rz,2.1757308330213918e-08,4.630838879070561e-08,2.4551080460491693e-08,0.16236315006540517,0.18013360988245444
252_T1_vs_T2,longitudinal,2,RUArm_to_RFArm_rx,RUArm_to_RFArm,rx,0.06795890656441447,0.28501367024408497,0.2170547636796705,0.16236315006540517,0.18013360988245444
252_T1_vs_T2,longitudinal,2,RUArm_to_RFArm_ry,RUArm_to_RFArm,ry,0.27851006661718536,0.07865112980143689,-0.19985893681574846,0.16236315006540517,0.18013360988245444
252_T1_vs_T2,longitudinal,2,RUArm_to_RFArm_rz,RUArm_to_RFArm,rz,0.09764233641261887,0.08303760336114617,-0.014604733051472696,0.16236315006540517,0.18013360988245444
252_T1_vs_T2,longitudinal,3,252_to_LThigh_rx,252_to_LThigh,rx,0.1887548833453224,0.012366711353347057,-0.17638817199197535,0.14743492600046604,0.1646147423104576
252_T1_vs_T2,longitudinal,3,252_to_LThigh_ry,252_to_LThigh,ry,0.035731793845304394,0.050016014501264174,0.01428422065595978,0.14743492600046604,0.1646147423104576
252_T1_vs_T2,longitudinal,3,252_to_LThigh_rz,252_to_LThigh,rz,0.0927080035366644,0.029347196245583334,-0.06336080729108107,0.14743492600046604,0.1646147423104576
252_T1_vs_T2,longitudinal,3,252_to_RThigh_rx,252_to_RThigh,rx,0.21300723608383748,0.14849407793340594,-0.06451315815043154,0.14743492600046604,0.1646147423104576
252_T1_vs_T2,longitudinal,3,252_to_RThigh_ry,252_to_RThigh,ry,0.028449393439009533,0.015497307805604973,-0.01295208563340456,0.14743492600046604,0.1646147423104576
252_T1_vs_T2,longitudinal,3,252_to_RThigh_rz,252_to_RThigh,rz,0.008394936326459082,0.05876327050483714,0.050368334178378056,0.14743492600046604,0.1646147423104576
252_T1_vs_T2,longitudinal,3,Chest_to_LShoulder_rx,Chest_to_LShoulder,rx,0.029395113888972355,0.032105338612965544,0.002710224723993189,0.14743492600046604,0.1646147423104576
252_T1_vs_T2,longitudinal,3,Chest_to_LShoulder_ry,Chest_to_LShoulder,ry,0.07651641108238193,0.01948058961447745,-0.05703582146790448,0.14743492600046604,0.1646147423104576
252_T1_vs_T2,longitudinal,3,Chest_to_LShoulder_rz,Chest_to_LShoulder,rz,0.03165823148073792,0.03220215639956522,0.0005439249188273002,0.14743492600046604,0.1646147423104576
252_T1_vs_T2,longitudinal,3,Chest_to_Neck_rx,Chest_to_Neck,rx,0.06642129983239008,0.027561478952758824,-0.03885982087963125,0.14743492600046604,0.1646147423104576
252_T1_vs_T2,longitudinal,3,Chest_to_Neck_ry,Chest_to_Neck,ry,0.0056516575698915845,0.030692049692006534,0.02504039212211495,0.14743492600046604,0.1646147423104576
252_T1_vs_T2,longitudinal,3,Chest_to_Neck_rz,Chest_to_Neck,rz,0.04869037806753526,0.0455643695933819,-0.003126008474153362,0.14743492600046604,0.1646147423104576
252_T1_vs_T2,longitudinal,3,Chest_to_RShoulder_rx,Chest_to_RShoulder,rx,0.037176170371975195,0.006228855140102297,-0.0309473152318729,0.14743492600046604,0.1646147423104576
252_T1_vs_T2,longitudinal,3,Chest_to_RShoulder_ry,Chest_to_RShoulder,ry,0.058791816385675245,0.0038243026661735364,-0.05496751371950171,0.14743492600046604,0.1646147423104576
252_T1_vs_T2,longitudinal,3,Chest_to_RShoulder_rz,Chest_to_RShoulder,rz,0.07942552648389523,0.07678640970183725,-0.002639116782057971,0.14743492600046604,0.1646147423104576
252_T1_vs_T2,longitudinal,3,LFArm_to_LHand_rx,LFArm_to_LHand,rx,0.015496263740692465,0.004401706966738523,-0.011094556773953943,0.14743492600046604,0.1646147423104576
252_T1_vs_T2,longitudinal,3,LFArm_to_LHand_ry,LFArm_to_LHand,ry,0.05333402135191867,0.021220044914951823,-0.03211397643696685,0.14743492600046604,0.1646147423104576
252_T1_vs_T2,longitudinal,3,LFArm_to_LHand_rz,LFArm_to_LHand,rz,0.09554080863564439,0.0024055079623846753,-0.09313530067325972,0.14743492600046604,0.1646147423104576
252_T1_vs_T2,longitudinal,3,LShin_to_LFoot_rx,LShin_to_LFoot,rx,0.03414079146499733,0.10037076021203538,0.06622996874703804,0.14743492600046604,0.1646147423104576
252_T1_vs_T2,longitudinal,3,LShin_to_LFoot_ry,LShin_to_LFoot,ry,0.0052837831216158045,0.041563781693083744,0.036279998571467936,0.14743492600046604,0.1646147423104576
252_T1_vs_T2,longitudinal,3,LShin_to_LFoot_rz,LShin_to_LFoot,rz,0.003753754064045077,0.04691506216704947,0.04316130810300439,0.14743492600046604,0.1646147423104576
252_T1_vs_T2,longitudinal,3,LShoulder_to_LUArm_rx,LShoulder_to_LUArm,rx,0.02136076871348211,0.04464156038812768,0.02328079167464557,0.14743492600046604,0.1646147423104576
252_T1_vs_T2,longitudinal,3,LShoulder_to_LUArm_ry,LShoulder_to_LUArm,ry,0.4122138392694762,0.008239569461729752,-0.4039742698077464,0.14743492600046604,0.1646147423104576
252_T1_vs_T2,longitudinal,3,LShoulder_to_LUArm_rz,LShoulder_to_LUArm,rz,0.1408493399326942,0.04401251555060406,-0.09683682438209013,0.14743492600046604,0.1646147423104576
252_T1_vs_T2,longitudinal,3,LThigh_to_LShin_rx,LThigh_to_LShin,rx,0.25022121924556623,0.04142961191458055,-0.20879160733098567,0.14743492600046604,0.1646147423104576
252_T1_vs_T2,longitudinal,3,LThigh_to_LShin_ry,LThigh_to_LShin,ry,1.1353680916310853e-08,1.8157417949674642e-08,6.803737033363789e-09,0.14743492600046604,0.1646147423104576
252_T1_vs_T2,longitudinal,3,LThigh_to_LShin_rz,LThigh_to_LShin,rz,5.868648180897105e-09,9.608517808288251e-09,3.739869627391146e-09,0.14743492600046604,0.1646147423104576
252_T1_vs_T2,longitudinal,3,LUArm_to_LFArm_rx,LUArm_to_LFArm,rx,0.24829856919177298,0.00012806526795864704,-0.24817050392381435,0.14743492600046604,0.1646147423104576
252_T1_vs_T2,longitudinal,3,LUArm_to_LFArm_ry,LUArm_to_LFArm,ry,0.07955497879535252,0.13156041735897042,0.0520054385636179,0.14743492600046604,0.1646147423104576
252_T1_vs_T2,longitudinal,3,LUArm_to_LFArm_rz,LUArm_to_LFArm,rz,0.056950659678136444,0.02441345112851496,-0.032537208549621485,0.14743492600046604,0.1646147423104576
252_T1_vs_T2,longitudinal,3,Neck_to_Head_rx,Neck_to_Head,rx,0.06623951784144472,0.02748269408853752,-0.0387568237529072,0.14743492600046604,0.1646147423104576
252_T1_vs_T2,longitudinal,3,Neck_to_Head_ry,Neck_to_Head,ry,0.003618018170041562,0.02150036480318113,0.01788234663313957,0.14743492600046604,0.1646147423104576
252_T1_vs_T2,longitudinal,3,Neck_to_Head_rz,Neck_to_Head,rz,0.04881874230137967,0.05042458864345756,0.001605846342077888,0.14743492600046604,0.1646147423104576
252_T1_vs_T2,longitudinal,3,RFArm_to_RHand_rx,RFArm_to_RHand,rx,0.0009356313192520107,0.006178281606803714,0.0052426502875517035,0.14743492600046604,0.1646147423104576
252_T1_vs_T2,longitudinal,3,RFArm_to_RHand_ry,RFArm_to_RHand,ry,0.022548045735277657,0.09088863096897234,0.06834058523369468,0.14743492600046604,0.1646147423104576
252_T1_vs_T2,longitudinal,3,RFArm_to_RHand_rz,RFArm_to_RHand,rz,0.037943711741608266,0.07984116826772468,0.041897456526116414,0.14743492600046604,0.1646147423104576
252_T1_vs_T2,longitudinal,3,RShin_to_RFoot_rx,RShin_to_RFoot,rx,0.08374768913560186,0.07167728726338599,-0.012070401872215877,0.14743492600046604,0.1646147423104576
252_T1_vs_T2,longitudinal,3,RShin_to_RFoot_ry,RShin_to_RFoot,ry,0.07462704554791987,0.10015582660113713,0.025528781053217264,0.14743492600046604,0.1646147423104576
252_T1_vs_T2,longitudinal,3,RShin_to_RFoot_rz,RShin_to_RFoot,rz,0.03534343515060462,0.09514618625295974,0.059802751102355126,0.14743492600046604,0.1646147423104576
252_T1_vs_T2,longitudinal,3,RShoulder_to_RUArm_rx,RShoulder_to_RUArm,rx,0.08414758215673784,0.36422342120207346,0.2800758390453356,0.14743492600046604,0.1646147423104576
252_T1_vs_T2,longitudinal,3,RShoulder_to_RUArm_ry,RShoulder_to_RUArm,ry,0.16705776018013543,0.2321298845675312,0.06507212438739576,0.14743492600046604,0.1646147423104576
252_T1_vs_T2,longitudinal,3,RShoulder_to_RUArm_rz,RShoulder_to_RUArm,rz,0.00781442857514472,0.12386391246119874,0.11604948388605402,0.14743492600046604,0.1646147423104576
252_T1_vs_T2,longitudinal,3,RThigh_to_RShin_rx,RThigh_to_RShin,rx,0.18164103378347282,0.313797188478726,0.1321561546952532,0.14743492600046604,0.1646147423104576
252_T1_vs_T2,longitudinal,3,RThigh_to_RShin_ry,RThigh_to_RShin,ry,4.683238133945806e-09,1.0762625880324354e-08,6.0793877463785484e-09,0.14743492600046604,0.1646147423104576
252_T1_vs_T2,longitudinal,3,RThigh_to_RShin_rz,RThigh_to_RShin,rz,2.0612329629781975e-08,2.28663290121893e-08,2.2539993824073255e-09,0.14743492600046604,0.1646147423104576
252_T1_vs_T2,longitudinal,3,RUArm_to_RFArm_rx,RUArm_to_RFArm,rx,0.10664129624201239,0.5184644822627091,0.41182318602069673,0.14743492600046604,0.1646147423104576
252_T1_vs_T2,longitudinal,3,RUArm_to_RFArm_ry,RUArm_to_RFArm,ry,0.6410875815098201,0.49174364639098234,-0.1493439351188378,0.14743492600046604,0.1646147423104576
252_T1_vs_T2,longitudinal,3,RUArm_to_RFArm_rz,RUArm_to_RFArm,rz,0.1792223787412685,0.25853936105827074,0.07931698231700224,0.14743492600046604,0.1646147423104576
252_T1_vs_T2,longitudinal,4,252_to_LThigh_rx,252_to_LThigh,rx,0.22750450330602737,0.03619232383909662,-0.19131217946693074,0.09726325748062455,0.12887558845705505
252_T1_vs_T2,longitudinal,4,252_to_LThigh_ry,252_to_LThigh,ry,0.036184433413440346,0.08815555753353083,0.05197112412009048,0.09726325748062455,0.12887558845705505
252_T1_vs_T2,longitudinal,4,252_to_LThigh_rz,252_to_LThigh,rz,0.11931353492433179,0.0067184770715057315,-0.11259505785282606,0.09726325748062455,0.12887558845705505
252_T1_vs_T2,longitudinal,4,252_to_RThigh_rx,252_to_RThigh,rx,0.03668471441473085,0.31913167531618225,0.2824469609014514,0.09726325748062455,0.12887558845705505
252_T1_vs_T2,longitudinal,4,252_to_RThigh_ry,252_to_RThigh,ry,0.0006690087450331526,0.048884955084994956,0.048215946339961804,0.09726325748062455,0.12887558845705505
252_T1_vs_T2,longitudinal,4,252_to_RThigh_rz,252_to_RThigh,rz,0.019899797966197424,0.08276047538618161,0.06286067741998419,0.09726325748062455,0.12887558845705505
252_T1_vs_T2,longitudinal,4,Chest_to_LShoulder_rx,Chest_to_LShoulder,rx,0.006389061385552516,0.03132723619464418,0.024938174809091662,0.09726325748062455,0.12887558845705505
252_T1_vs_T2,longitudinal,4,Chest_to_LShoulder_ry,Chest_to_LShoulder,ry,0.016828685069719067,0.04631723639808018,0.02948855132836111,0.09726325748062455,0.12887558845705505
252_T1_vs_T2,longitudinal,4,Chest_to_LShoulder_rz,Chest_to_LShoulder,rz,0.03134665265888854,0.0007295251964961966,-0.03061712746239234,0.09726325748062455,0.12887558845705505
252_T1_vs_T2,longitudinal,4,Chest_to_Neck_rx,Chest_to_Neck,rx,0.1291306262121942,0.05990698389763975,-0.06922364231455445,0.09726325748062455,0.12887558845705505
252_T1_vs_T2,longitudinal,4,Chest_to_Neck_ry,Chest_to_Neck,ry,0.044505173200636176,0.0038614036090832784,-0.0406437695915529,0.09726325748062455,0.12887558845705505
252_T1_vs_T2,longitudinal,4,Chest_to_Neck_rz,Chest_to_Neck,rz,0.04194365369793696,0.047525115327962955,0.0055814616300259925,0.09726325748062455,0.12887558845705505
252_T1_vs_T2,longitudinal,4,Chest_to_RShoulder_rx,Chest_to_RShoulder,rx,0.02246888197838653,0.033345649709541056,0.010876767731154525,0.09726325748062455,0.12887558845705505
252_T1_vs_T2,longitudinal,4,Chest_to_RShoulder_ry,Chest_to_RShoulder,ry,0.0016699660539498684,0.021162906821530558,0.01949294076758069,0.09726325748062455,0.12887558845705505
252_T1_vs_T2,longitudinal,4,Chest_to_RShoulder_rz,Chest_to_RShoulder,rz,0.049684220119578466,0.0059606760741451265,-0.04372354404543334,0.09726325748062455,0.12887558845705505
252_T1_vs_T2,longitudinal,4,LFArm_to_LHand_rx,LFArm_to_LHand,rx,0.0030620929972636672,0.0030389850124286563,-2.3107984835010927e-05,0.09726325748062455,0.12887558845705505
252_T1_vs_T2,longitudinal,4,LFArm_to_LHand_ry,LFArm_to_LHand,ry,0.03273728411888402,0.02684951474916913,-0.005887769369714888,0.09726325748062455,0.12887558845705505
252_T1_vs_T2,longitudinal,4,LFArm_to_LHand_rz,LFArm_to_LHand,rz,0.01689302345445016,0.004076276134753597,-0.012816747319696564,0.09726325748062455,0.12887558845705505
252_T1_vs_T2,longitudinal,4,LShin_to_LFoot_rx,LShin_to_LFoot,rx,0.16138255666523676,0.03809181307808182,-0.12329074358715494,0.09726325748062455,0.12887558845705505
252_T1_vs_T2,longitudinal,4,LShin_to_LFoot_ry,LShin_to_LFoot,ry,0.08806588985296607,0.1895584792930749,0.10149258944010883,0.09726325748062455,0.12887558845705505
252_T1_vs_T2,longitudinal,4,LShin_to_LFoot_rz,LShin_to_LFoot,rz,0.07124543879863915,0.006226690386054047,-0.0650187484125851,0.09726325748062455,0.12887558845705505
252_T1_vs_T2,longitudinal,4,LShoulder_to_LUArm_rx,LShoulder_to_LUArm,rx,0.07663673146952713,0.12954118821566826,0.05290445674614114,0.09726325748062455,0.12887558845705505
252_T1_vs_T2,longitudinal,4,LShoulder_to_LUArm_ry,LShoulder_to_LUArm,ry,0.23916285008567995,0.23694359544810523,-0.002219254637574719,0.09726325748062455,0.12887558845705505
252_T1_vs_T2,longitudinal,4,LShoulder_to_LUArm_rz,LShoulder_to_LUArm,rz,0.11591238744063884,0.05597145877299473,-0.059940928667644104,0.09726325748062455,0.12887558845705505
252_T1_vs_T2,longitudinal,4,LThigh_to_LShin_rx,LThigh_to_LShin,rx,0.5054001683036874,0.6166861422753154,0.11128597397162798,0.09726325748062455,0.12887558845705505
252_T1_vs_T2,longitudinal,4,LThigh_to_LShin_ry,LThigh_to_LShin,ry,3.5153592095957895e-08,7.27067202066602e-08,3.755312811070231e-08,0.09726325748062455,0.12887558845705505
252_T1_vs_T2,longitudinal,4,LThigh_to_LShin_rz,LThigh_to_LShin,rz,1.883002968300596e-08,3.740312402264441e-08,1.8573094339638448e-08,0.09726325748062455,0.12887558845705505
252_T1_vs_T2,longitudinal,4,LUArm_to_LFArm_rx,LUArm_to_LFArm,rx,0.15476521989838807,0.0010741532174887477,-0.15369106668089932,0.09726325748062455,0.12887558845705505
252_T1_vs_T2,longitudinal,4,LUArm_to_LFArm_ry,LUArm_to_LFArm,ry,0.5911179613341883,0.22876215224861635,-0.3623558090855719,0.09726325748062455,0.12887558845705505
252_T1_vs_T2,longitudinal,4,LUArm_to_LFArm_rz,LUArm_to_LFArm,rz,0.1254041565201196,0.019365476441597772,-0.10603868007852182,0.09726325748062455,0.12887558845705505
252_T1_vs_T2,longitudinal,4,Neck_to_Head_rx,Neck_to_Head,rx,0.12922360042199485,0.06001417911347498,-0.06920942130851987,0.09726325748062455,0.12887558845705505
252_T1_vs_T2,longitudinal,4,Neck_to_Head_ry,Neck_to_Head,ry,0.03547330952158568,0.012680588115219589,-0.02279272140636609,0.09726325748062455,0.12887558845705505
252_T1_vs_T2,longitudinal,4,Neck_to_Head_rz,Neck_to_Head,rz,0.049355110170209805,0.04584257237017686,-0.0035125378000329457,0.09726325748062455,0.12887558845705505
252_T1_vs_T2,longitudinal,4,RFArm_to_RHand_rx,RFArm_to_RHand,rx,0.006485942468070598,0.005842406597352011,-0.0006435358707185864,0.09726325748062455,0.12887558845705505
252_T1_vs_T2,longitudinal,4,RFArm_to_RHand_ry,RFArm_to_RHand,ry,0.022628132155479277,0.020844088762657635,-0.0017840433928216423,0.09726325748062455,0.12887558845705505
252_T1_vs_T2,longitudinal,4,RFArm_to_RHand_rz,RFArm_to_RHand,rz,0.011829249286474218,0.032552369737959636,0.020723120451485416,0.09726325748062455,0.12887558845705505
252_T1_vs_T2,longitudinal,4,RShin_to_RFoot_rx,RShin_to_RFoot,rx,0.037515691878882415,0.06122174031755472,0.023706048438672307,0.09726325748062455,0.12887558845705505
252_T1_vs_T2,longitudinal,4,RShin_to_RFoot_ry,RShin_to_RFoot,ry,0.13391854613937673,0.005193548084248067,-0.12872499805512866,0.09726325748062455,0.12887558845705505
252_T1_vs_T2,longitudinal,4,RShin_to_RFoot_rz,RShin_to_RFoot,rz,0.06651777964767484,0.007657485115218836,-0.05886029453245601,0.09726325748062455,0.12887558845705505
252_T1_vs_T2,longitudinal,4,RShoulder_to_RUArm_rx,RShoulder_to_RUArm,rx,0.049030530874012275,0.04954530497807698,0.0005147741040647039,0.09726325748062455,0.12887558845705505
252_T1_vs_T2,longitudinal,4,RShoulder_to_RUArm_ry,RShoulder_to_RUArm,ry,0.1685407544647051,0.08659609228090694,-0.08194466218379816,0.09726325748062455,0.12887558845705505
252_T1_vs_T2,longitudinal,4,RShoulder_to_RUArm_rz,RShoulder_to_RUArm,rz,0.0641317543923164,0.03184671959465293,-0.032285034797663474,0.09726325748062455,0.12887558845705505
252_T1_vs_T2,longitudinal,4,RThigh_to_RShin_rx,RThigh_to_RShin,rx,0.24604584539961233,0.43330239091895073,0.1872565455193384,0.09726325748062455,0.12887558845705505
252_T1_vs_T2,longitudinal,4,RThigh_to_RShin_ry,RThigh_to_RShin,ry,3.501597501030982e-08,1.641905405455938e-08,-1.8596920955750442e-08,0.09726325748062455,0.12887558845705505
252_T1_vs_T2,longitudinal,4,RThigh_to_RShin_rz,RThigh_to_RShin,rz,3.946784316258518e-08,1.787008607302632e-08,-2.1597757089558863e-08,0.09726325748062455,0.12887558845705505
252_T1_vs_T2,longitudinal,4,RUArm_to_RFArm_rx,RUArm_to_RFArm,rx,0.06537011708323742,0.038718375139510854,-0.02665174194372657,0.09726325748062455,0.12887558845705505
252_T1_vs_T2,longitudinal,4,RUArm_to_RFArm_ry,RUArm_to_RFArm,ry,0.00679796751336511,0.2958998306926083,0.2891018631792432,0.09726325748062455,0.12887558845705505
252_T1_vs_T2,longitudinal,4,RUArm_to_RFArm_rz,RUArm_to_RFArm,rz,0.01856030643159759,0.1515550355410434,0.13299472910944582,0.09726325748062455,0.12887558845705505
252_T1_vs_T2,longitudinal,5,252_to_LThigh_rx,252_to_LThigh,rx,0.025742008647168798,0.12257584384237873,0.09683383519520992,0.08027379204384452,0.10368479866920646
252_T1_vs_T2,longitudinal,5,252_to_LThigh_ry,252_to_LThigh,ry,0.04627332899450407,0.07807062978344766,0.031797300788943585,0.08027379204384452,0.10368479866920646
252_T1_vs_T2,longitudinal,5,252_to_LThigh_rz,252_to_LThigh,rz,0.01388592095614384,0.1288623561310569,0.11497643517491306,0.08027379204384452,0.10368479866920646
252_T1_vs_T2,longitudinal,5,252_to_RThigh_rx,252_to_RThigh,rx,0.28105567990736374,0.037957080294947945,-0.2430985996124158,0.08027379204384452,0.10368479866920646
252_T1_vs_T2,longitudinal,5,252_to_RThigh_ry,252_to_RThigh,ry,0.009124269248764144,0.01529665220132543,0.006172382952561286,0.08027379204384452,0.10368479866920646
252_T1_vs_T2,longitudinal,5,252_to_RThigh_rz,252_to_RThigh,rz,0.13929655825105555,0.04384957043156774,-0.09544698781948782,0.08027379204384452,0.10368479866920646
252_T1_vs_T2,longitudinal,5,Chest_to_LShoulder_rx,Chest_to_LShoulder,rx,0.015518638932413842,0.021696033057204415,0.006177394124790573,0.08027379204384452,0.10368479866920646
252_T1_vs_T2,longitudinal,5,Chest_to_LShoulder_ry,Chest_to_LShoulder,ry,0.018246825167751984,0.02149013723134585,0.003243312063593868,0.08027379204384452,0.10368479866920646
252_T1_vs_T2,longitudinal,5,Chest_to_LShoulder_rz,Chest_to_LShoulder,rz,0.0025454763366369176,0.033138599971372924,0.030593123634736007,0.08027379204384452,0.10368479866920646
252_T1_vs_T2,longitudinal,5,Chest_to_Neck_rx,Chest_to_Neck,rx,0.044602834031053695,0.1056085446862304,0.06100571065517671,0.08027379204384452,0.10368479866920646
252_T1_vs_T2,longitudinal,5,Chest_to_Neck_ry,Chest_to_Neck,ry,0.008293988475438618,0.012702474784106223,0.004408486308667605,0.08027379204384452,0.10368479866920646
252_T1_vs_T2,longitudinal,5,Chest_to_Neck_rz,Chest_to_Neck,rz,0.024965055520838785,0.0385015456408578,0.013536490120019017,0.08027379204384452,0.10368479866920646
252_T1_vs_T2,longitudinal,5,Chest_to_RShoulder_rx,Chest_to_RShoulder,rx,0.05981234704189961,0.042032342452911604,-0.017780004588988006,0.08027379204384452,0.10368479866920646
252_T1_vs_T2,longitudinal,5,Chest_to_RShoulder_ry,Chest_to_RShoulder,ry,0.0015487931071043405,0.034509385160669606,0.03296059205356527,0.08027379204384452,0.10368479866920646
252_T1_vs_T2,longitudinal,5,Chest_to_RShoulder_rz,Chest_to_RShoulder,rz,0.02474639385311571,0.0348936793788367,0.010147285525720993,0.08027379204384452,0.10368479866920646
252_T1_vs_T2,longitudinal,5,LFArm_to_LHand_rx,LFArm_to_LHand,rx,0.0025178261288631974,0.008885663902908817,0.0063678377740456205,0.08027379204384452,0.10368479866920646
252_T1_vs_T2,longitudinal,5,LFArm_to_LHand_ry,LFArm_to_LHand,ry,0.03104743418038029,0.032631741228822744,0.001584307048442455,0.08027379204384452,0.10368479866920646
252_T1_vs_T2,longitudinal,5,LFArm_to_LHand_rz,LFArm_to_LHand,rz,0.016170813239089626,0.03511361882416008,0.018942805585070454,0.08027379204384452,0.10368479866920646
252_T1_vs_T2,longitudinal,5,LShin_to_LFoot_rx,LShin_to_LFoot,rx,0.040806847777732295,0.13462003724452004,0.09381318946678774,0.08027379204384452,0.10368479866920646
252_T1_vs_T2,longitudinal,5,LShin_to_LFoot_ry,LShin_to_LFoot,ry,0.1427605712226958,0.09641228900704937,-0.046348282215646436,0.08027379204384452,0.10368479866920646
252_T1_vs_T2,longitudinal,5,LShin_to_LFoot_rz,LShin_to_LFoot,rz,0.017419976179942582,0.05174438557224034,0.034324409392297764,0.08027379204384452,0.10368479866920646
252_T1_vs_T2,longitudinal,5,LShoulder_to_LUArm_rx,LShoulder_to_LUArm,rx,0.07823182108463311,0.03800791450465434,-0.04022390657997877,0.08027379204384452,0.10368479866920646
252_T1_vs_T2,longitudinal,5,LShoulder_to_LUArm_ry,LShoulder_to_LUArm,ry,0.04215718639420044,0.06629272650413755,0.024135540109937105,0.08027379204384452,0.10368479866920646
252_T1_vs_T2,longitudinal,5,LShoulder_to_LUArm_rz,LShoulder_to_LUArm,rz,0.06823815422384934,0.10264857993077292,0.034410425706923584,0.08027379204384452,0.10368479866920646
252_T1_vs_T2,longitudinal,5,LThigh_to_LShin_rx,LThigh_to_LShin,rx,0.4629164075637375,0.4347284619342925,-0.028187945629444988,0.08027379204384452,0.10368479866920646
252_T1_vs_T2,longitudinal,5,LThigh_to_LShin_ry,LThigh_to_LShin,ry,6.154269804834044e-08,2.2779926619679268e-08,-3.876277142866117e-08,0.08027379204384452,0.10368479866920646
252_T1_vs_T2,longitudinal,5,LThigh_to_LShin_rz,LThigh_to_LShin,rz,2.569358014887221e-08,4.491839943193617e-09,-2.1201740205678595e-08,0.08027379204384452,0.10368479866920646
252_T1_vs_T2,longitudinal,5,LUArm_to_LFArm_rx,LUArm_to_LFArm,rx,0.088867808202622,0.08929219112115151,0.00042438291852951726,0.08027379204384452,0.10368479866920646
252_T1_vs_T2,longitudinal,5,LUArm_to_LFArm_ry,LUArm_to_LFArm,ry,0.23385666643919112,0.5249507235359531,0.29109405709676195,0.08027379204384452,0.10368479866920646
252_T1_vs_T2,longitudinal,5,LUArm_to_LFArm_rz,LUArm_to_LFArm,rz,0.003337530105210268,0.025721583125586218,0.02238405302037595,0.08027379204384452,0.10368479866920646
252_T1_vs_T2,longitudinal,5,Neck_to_Head_rx,Neck_to_Head,rx,0.044774189115797405,0.10559248693274195,0.06081829781694455,0.08027379204384452,0.10368479866920646
252_T1_vs_T2,longitudinal,5,Neck_to_Head_ry,Neck_to_Head,ry,0.003469008456002613,0.0050644594868788405,0.0015954510308762277,0.08027379204384452,0.10368479866920646
252_T1_vs_T2,longitudinal,5,Neck_to_Head_rz,Neck_to_Head,rz,0.02600540677937644,0.039834477044345,0.01382907026496856,0.08027379204384452,0.10368479866920646
252_T1_vs_T2,longitudinal,5,RFArm_to_RHand_rx,RFArm_to_RHand,rx,0.0007526448237836909,0.003975408361213513,0.003222763537429822,0.08027379204384452,0.10368479866920646
252_T1_vs_T2,longitudinal,5,RFArm_to_RHand_ry,RFArm_to_RHand,ry,0.031460104293449115,0.015988598888843106,-0.015471505404606008,0.08027379204384452,0.10368479866920646
252_T1_vs_T2,longitudinal,5,RFArm_to_RHand_rz,RFArm_to_RHand,rz,0.12729751383337823,0.10053785526049085,-0.026759658572887382,0.08027379204384452,0.10368479866920646
252_T1_vs_T2,longitudinal,5,RShin_to_RFoot_rx,RShin_to_RFoot,rx,0.02285778660443639,0.07860040105965113,0.05574261445521474,0.08027379204384452,0.10368479866920646
252_T1_vs_T2,longitudinal,5,RShin_to_RFoot_ry,RShin_to_RFoot,ry,0.0014110872874143116,0.06938012897348685,0.06796904168607254,0.08027379204384452,0.10368479866920646
252_T1_vs_T2,longitudinal,5,RShin_to_RFoot_rz,RShin_to_RFoot,rz,0.0009965223873796272,0.019118874103679098,0.01812235171629947,0.08027379204384452,0.10368479866920646
252_T1_vs_T2,longitudinal,5,RShoulder_to_RUArm_rx,RShoulder_to_RUArm,rx,0.47467158078136723,0.27707736459592897,-0.19759421618543827,0.08027379204384452,0.10368479866920646
252_T1_vs_T2,longitudinal,5,RShoulder_to_RUArm_ry,RShoulder_to_RUArm,ry,0.12970933037025062,0.01502666082830642,-0.1146826695419442,0.08027379204384452,0.10368479866920646
252_T1_vs_T2,longitudinal,5,RShoulder_to_RUArm_rz,RShoulder_to_RUArm,rz,0.09645538250866158,0.049454835250983785,-0.04700054725767779,0.08027379204384452,0.10368479866920646
252_T1_vs_T2,longitudinal,5,RThigh_to_RShin_rx,RThigh_to_RShin,rx,0.31854457639008044,0.011849879120352921,-0.30669469726972753,0.08027379204384452,0.10368479866920646
252_T1_vs_T2,longitudinal,5,RThigh_to_RShin_ry,RThigh_to_RShin,ry,2.3685522569583574e-08,3.318290468573487e-08,9.497382116151294e-09,0.08027379204384452,0.10368479866920646
252_T1_vs_T2,longitudinal,5,RThigh_to_RShin_rz,RThigh_to_RShin,rz,6.879204322727183e-09,2.0481826062022586e-08,1.3602621739295403e-08,0.08027379204384452,0.10368479866920646
252_T1_vs_T2,longitudinal,5,RUArm_to_RFArm_rx,RUArm_to_RFArm,rx,0.2578193429120609,0.15660868923181237,-0.10121065368024851,0.08027379204384452,0.10368479866920646
252_T1_vs_T2,longitudinal,5,RUArm_to_RFArm_ry,RUArm_to_RFArm,ry,0.36862927654008887,0.5187387771560393,0.15010950061595046,0.08027379204384452,0.10368479866920646
252_T1_vs_T2,longitudinal,5,RUArm_to_RFArm_rz,RUArm_to_RFArm,rz,0.04860468126338828,0.09965259226338578,0.0510479109999975,0.08027379204384452,0.10368479866920646
252_T1_vs_T2,longitudinal,6,252_to_LThigh_rx,252_to_LThigh,rx,0.07188562671100522,0.11790304106565387,0.04601741435464865,0.0513535300196715,0.06470845407370146
252_T1_vs_T2,longitudinal,6,252_to_LThigh_ry,252_to_LThigh,ry,0.15989659365513662,0.05312864435033005,-0.10676794930480657,0.0513535300196715,0.06470845407370146
252_T1_vs_T2,longitudinal,6,252_to_LThigh_rz,252_to_LThigh,rz,1.4447060887172268e-06,0.08818354770375673,0.08818210299766802,0.0513535300196715,0.06470845407370146
252_T1_vs_T2,longitudinal,6,252_to_RThigh_rx,252_to_RThigh,rx,0.0672063467097211,0.06527058405732987,-0.001935762652391232,0.0513535300196715,0.06470845407370146
252_T1_vs_T2,longitudinal,6,252_to_RThigh_ry,252_to_RThigh,ry,0.15925712433263772,0.05265794916862951,-0.10659917516400821,0.0513535300196715,0.06470845407370146
252_T1_vs_T2,longitudinal,6,252_to_RThigh_rz,252_to_RThigh,rz,0.02032997406006552,0.03613871263936908,0.015808738579303563,0.0513535300196715,0.06470845407370146
252_T1_vs_T2,longitudinal,6,Chest_to_LShoulder_rx,Chest_to_LShoulder,rx,0.02083247673079833,0.057970678850211864,0.03713820211941353,0.0513535300196715,0.06470845407370146
252_T1_vs_T2,longitudinal,6,Chest_to_LShoulder_ry,Chest_to_LShoulder,ry,0.08591318529664797,0.015073373071853753,-0.07083981222479421,0.0513535300196715,0.06470845407370146
252_T1_vs_T2,longitudinal,6,Chest_to_LShoulder_rz,Chest_to_LShoulder,rz,0.010416436739365148,0.04329061975639752,0.03287418301703238,0.0513535300196715,0.06470845407370146
252_T1_vs_T2,longitudinal,6,Chest_to_Neck_rx,Chest_to_Neck,rx,0.006908578253601944,0.038593078197090507,0.03168449994348856,0.0513535300196715,0.06470845407370146
252_T1_vs_T2,longitudinal,6,Chest_to_Neck_ry,Chest_to_Neck,ry,0.06424628426314537,0.004804744212944794,-0.059441540050200574,0.0513535300196715,0.06470845407370146
252_T1_vs_T2,longitudinal,6,Chest_to_Neck_rz,Chest_to_Neck,rz,0.039330013429597466,0.014009613483495633,-0.025320399946101833,0.0513535300196715,0.06470845407370146
252_T1_vs_T2,longitudinal,6,Chest_to_RShoulder_rx,Chest_to_RShoulder,rx,0.06159308251068535,0.0433830453705269,-0.018210037140158446,0.0513535300196715,0.06470845407370146
252_T1_vs_T2,longitudinal,6,Chest_to_RShoulder_ry,Chest_to_RShoulder,ry,0.01379210296330729,0.031374036254887404,0.017581933291580115,0.0513535300196715,0.06470845407370146
252_T1_vs_T2,longitudinal,6,Chest_to_RShoulder_rz,Chest_to_RShoulder,rz,0.0900213062337842,0.006496991249621299,-0.08352431498416289,0.0513535300196715,0.06470845407370146
252_T1_vs_T2,longitudinal,6,LFArm_to_LHand_rx,LFArm_to_LHand,rx,0.04169707343460659,0.020964162935150344,-0.020732910499456244,0.0513535300196715,0.06470845407370146
252_T1_vs_T2,longitudinal,6,LFArm_to_LHand_ry,LFArm_to_LHand,ry,0.07863930474609239,0.08209466825512593,0.0034553635090335405,0.0513535300196715,0.06470845407370146
252_T1_vs_T2,longitudinal,6,LFArm_to_LHand_rz,LFArm_to_LHand,rz,0.2415976883092844,0.1382885645277817,-0.1033091237815027,0.0513535300196715,0.06470845407370146
252_T1_vs_T2,longitudinal,6,LShin_to_LFoot_rx,LShin_to_LFoot,rx,0.08094223116669168,0.02774129293495447,-0.05320093823173721,0.0513535300196715,0.06470845407370146
252_T1_vs_T2,longitudinal,6,LShin_to_LFoot_ry,LShin_to_LFoot,ry,0.17778168561553231,0.05161658883565108,-0.12616509677988125,0.0513535300196715,0.06470845407370146
252_T1_vs_T2,longitudinal,6,LShin_to_LFoot_rz,LShin_to_LFoot,rz,0.005329517051401375,0.08418297296409105,0.07885345591268968,0.0513535300196715,0.06470845407370146
252_T1_vs_T2,longitudinal,6,LShoulder_to_LUArm_rx,LShoulder_to_LUArm,rx,0.025419136312301686,0.305520993218695,0.28010185690639333,0.0513535300196715,0.06470845407370146
252_T1_vs_T2,longitudinal,6,LShoulder_to_LUArm_ry,LShoulder_to_LUArm,ry,0.32837136440863063,0.3432889760374002,0.01491761162876959,0.0513535300196715,0.06470845407370146
252_T1_vs_T2,longitudinal,6,LShoulder_to_LUArm_rz,LShoulder_to_LUArm,rz,0.20428665241542776,0.2035325859393235,-0.0007540664761042648,0.0513535300196715,0.06470845407370146
252_T1_vs_T2,longitudinal,6,LThigh_to_LShin_rx,LThigh_to_LShin,rx,0.17758288622483187,0.054439025708229345,-0.12314386051660253,0.0513535300196715,0.06470845407370146
252_T1_vs_T2,longitudinal,6,LThigh_to_LShin_ry,LThigh_to_LShin,ry,2.382504971093874e-08,2.818572828650459e-08,4.360678575565851e-09,0.0513535300196715,0.06470845407370146
252_T1_vs_T2,longitudinal,6,LThigh_to_LShin_rz,LThigh_to_LShin,rz,4.950909141335939e-09,2.1408262787728494e-08,1.6457353646392557e-08,0.0513535300196715,0.06470845407370146
252_T1_vs_T2,longitudinal,6,LUArm_to_LFArm_rx,LUArm_to_LFArm,rx,0.1917189241373253,0.7083030397899999,0.5165841156526746,0.0513535300196715,0.06470845407370146
252_T1_vs_T2,longitudinal,6,LUArm_to_LFArm_ry,LUArm_to_LFArm,ry,0.2630646418311766,0.03891390235426605,-0.22415073947691055,0.0513535300196715,0.06470845407370146
252_T1_vs_T2,longitudinal,6,LUArm_to_LFArm_rz,LUArm_to_LFArm,rz,0.010381354253141302,0.174937938952273,0.1645565846991317,0.0513535300196715,0.06470845407370146
252_T1_vs_T2,longitudinal,6,Neck_to_Head_rx,Neck_to_Head,rx,0.006946837932625683,0.03864898858202065,0.03170215064939497,0.0513535300196715,0.06470845407370146
252_T1_vs_T2,longitudinal,6,Neck_to_Head_ry,Neck_to_Head,ry,0.0702053812448584,0.002140712345458925,-0.06806466889939947,0.0513535300196715,0.06470845407370146
252_T1_vs_T2,longitudinal,6,Neck_to_Head_rz,Neck_to_Head,rz,0.026091118268345544,0.014674288184007456,-0.011416830084338088,0.0513535300196715,0.06470845407370146
252_T1_vs_T2,longitudinal,6,RFArm_to_RHand_rx,RFArm_to_RHand,rx,0.002171834249939834,0.00961281037686156,0.007440976126921727,0.0513535300196715,0.06470845407370146
252_T1_vs_T2,longitudinal,6,RFArm_to_RHand_ry,RFArm_to_RHand,ry,0.012615669105299656,0.019414829551202425,0.00679916044590277,0.0513535300196715,0.06470845407370146
252_T1_vs_T2,longitudinal,6,RFArm_to_RHand_rz,RFArm_to_RHand,rz,0.07705698092544554,0.007923068494199433,-0.0691339124312461,0.0513535300196715,0.06470845407370146
252_T1_vs_T2,longitudinal,6,RShin_to_RFoot_rx,RShin_to_RFoot,rx,0.017737374189149967,0.0908845602765598,0.07314718608740983,0.0513535300196715,0.06470845407370146
252_T1_vs_T2,longitudinal,6,RShin_to_RFoot_ry,RShin_to_RFoot,ry,0.05832829767983153,0.08329950267867692,0.024971204998845385,0.0513535300196715,0.06470845407370146
252_T1_vs_T2,longitudinal,6,RShin_to_RFoot_rz,RShin_to_RFoot,rz,0.03709859551133503,0.0030870756879575077,-0.03401151982337752,0.0513535300196715,0.06470845407370146
252_T1_vs_T2,longitudinal,6,RShoulder_to_RUArm_rx,RShoulder_to_RUArm,rx,0.3873449675403562,0.08453056787399385,-0.30281439966636237,0.0513535300196715,0.06470845407370146
252_T1_vs_T2,longitudinal,6,RShoulder_to_RUArm_ry,RShoulder_to_RUArm,ry,0.11837744602250182,0.2669262616434759,0.14854881562097405,0.0513535300196715,0.06470845407370146
252_T1_vs_T2,longitudinal,6,RShoulder_to_RUArm_rz,RShoulder_to_RUArm,rz,0.4393279965222421,0.10020720874737087,-0.3391207877748712,0.0513535300196715,0.06470845407370146
252_T1_vs_T2,longitudinal,6,RThigh_to_RShin_rx,RThigh_to_RShin,rx,0.2894759273718155,0.043263975661696756,-0.24621195171011873,0.0513535300196715,0.06470845407370146
252_T1_vs_T2,longitudinal,6,RThigh_to_RShin_ry,RThigh_to_RShin,ry,1.2309443209896358e-08,6.549332509398726e-08,5.31838818840909e-08,0.0513535300196715,0.06470845407370146
252_T1_vs_T2,longitudinal,6,RThigh_to_RShin_rz,RThigh_to_RShin,rz,1.1399131500103025e-07,8.123088879429179e-09,-1.0586822612160107e-07,0.0513535300196715,0.06470845407370146
252_T1_vs_T2,longitudinal,6,RUArm_to_RFArm_rx,RUArm_to_RFArm,rx,0.10374430288494857,0.09821520490614216,-0.005529097978806408,0.0513535300196715,0.06470845407370146
252_T1_vs_T2,longitudinal,6,RUArm_to_RFArm_ry,RUArm_to_RFArm,ry,0.2045591367980805,0.08594645251386893,-0.11861268428421157,0.0513535300196715,0.06470845407370146
252_T1_vs_T2,longitudinal,6,RUArm_to_RFArm_rz,RUArm_to_RFArm,rz,0.10313314250469847,0.07792534849610722,-0.02520779400859126,0.0513535300196715,0.06470845407370146
252_T1_vs_T2,longitudinal,7,252_to_LThigh_rx,252_to_LThigh,rx,0.048027328214372444,0.1078113629849197,0.05978403477054725,0.048834197853162,0.03883163566232711
252_T1_vs_T2,longitudinal,7,252_to_LThigh_ry,252_to_LThigh,ry,0.07722520042839297,0.06488571942005668,-0.01233948100833629,0.048834197853162,0.03883163566232711
252_T1_vs_T2,longitudinal,7,252_to_LThigh_rz,252_to_LThigh,rz,0.06255031871325095,0.25302243560832943,0.19047211689507848,0.048834197853162,0.03883163566232711
252_T1_vs_T2,longitudinal,7,252_to_RThigh_rx,252_to_RThigh,rx,0.184699403064729,0.0330130593754147,-0.15168634368931433,0.048834197853162,0.03883163566232711
252_T1_vs_T2,longitudinal,7,252_to_RThigh_ry,252_to_RThigh,ry,0.07179991564289889,0.034409193499074515,-0.03739072214382438,0.048834197853162,0.03883163566232711
252_T1_vs_T2,longitudinal,7,252_to_RThigh_rz,252_to_RThigh,rz,0.1723697549945637,0.2799940285957202,0.1076242736011565,0.048834197853162,0.03883163566232711
252_T1_vs_T2,longitudinal,7,Chest_to_LShoulder_rx,Chest_to_LShoulder,rx,0.04129728801975912,0.03463073007816346,-0.006666557941595659,0.048834197853162,0.03883163566232711
252_T1_vs_T2,longitudinal,7,Chest_to_LShoulder_ry,Chest_to_LShoulder,ry,0.016271969845909087,0.003291540033487545,-0.012980429812421541,0.048834197853162,0.03883163566232711
252_T1_vs_T2,longitudinal,7,Chest_to_LShoulder_rz,Chest_to_LShoulder,rz,0.029057561256021828,0.07383527684698593,0.04477771559096411,0.048834197853162,0.03883163566232711
252_T1_vs_T2,longitudinal,7,Chest_to_Neck_rx,Chest_to_Neck,rx,0.014079979242759211,0.0025557844680566904,-0.01152419477470252,0.048834197853162,0.03883163566232711
252_T1_vs_T2,longitudinal,7,Chest_to_Neck_ry,Chest_to_Neck,ry,0.03481027657181711,0.0889809250998031,0.05417064852798599,0.048834197853162,0.03883163566232711
252_T1_vs_T2,longitudinal,7,Chest_to_Neck_rz,Chest_to_Neck,rz,0.07770823610666353,0.02352261803971965,-0.05418561806694387,0.048834197853162,0.03883163566232711
252_T1_vs_T2,longitudinal,7,Chest_to_RShoulder_rx,Chest_to_RShoulder,rx,0.017877140523406086,0.022435966901013214,0.004558826377607128,0.048834197853162,0.03883163566232711
252_T1_vs_T2,longitudinal,7,Chest_to_RShoulder_ry,Chest_to_RShoulder,ry,0.03453510857721979,0.03407824190384047,-0.0004568666733793178,0.048834197853162,0.03883163566232711
252_T1_vs_T2,longitudinal,7,Chest_to_RShoulder_rz,Chest_to_RShoulder,rz,0.021258234108080924,0.04720207690952688,0.025943842801445956,0.048834197853162,0.03883163566232711
252_T1_vs_T2,longitudinal,7,LFArm_to_LHand_rx,LFArm_to_LHand,rx,0.012286641792580951,0.027902452256232148,0.015615810463651196,0.048834197853162,0.03883163566232711
252_T1_vs_T2,longitudinal,7,LFArm_to_LHand_ry,LFArm_to_LHand,ry,0.012077369126264269,0.06276077507869592,0.05068340595243165,0.048834197853162,0.03883163566232711
252_T1_vs_T2,longitudinal,7,LFArm_to_LHand_rz,LFArm_to_LHand,rz,0.04124144890940731,0.16040781887755984,0.11916636996815252,0.048834197853162,0.03883163566232711
252_T1_vs_T2,longitudinal,7,LShin_to_LFoot_rx,LShin_to_LFoot,rx,0.1999072198054456,0.1556062967089707,-0.0443009230964749,0.048834197853162,0.03883163566232711
252_T1_vs_T2,longitudinal,7,LShin_to_LFoot_ry,LShin_to_LFoot,ry,0.04440562908061107,0.05629155250491577,0.011885923424304702,0.048834197853162,0.03883163566232711
252_T1_vs_T2,longitudinal,7,LShin_to_LFoot_rz,LShin_to_LFoot,rz,0.10194749694645985,0.04968394297817865,-0.0522635539682812,0.048834197853162,0.03883163566232711
252_T1_vs_T2,longitudinal,7,LShoulder_to_LUArm_rx,LShoulder_to_LUArm,rx,0.16357166298354614,0.11670039566492846,-0.04687126731861768,0.048834197853162,0.03883163566232711
252_T1_vs_T2,longitudinal,7,LShoulder_to_LUArm_ry,LShoulder_to_LUArm,ry,0.052541028833809754,0.19428626043247105,0.1417452315986613,0.048834197853162,0.03883163566232711
252_T1_vs_T2,longitudinal,7,LShoulder_to_LUArm_rz,LShoulder_to_LUArm,rz,0.15648648554749842,0.05746192687146241,-0.099024558676036,0.048834197853162,0.03883163566232711
252_T1_vs_T2,longitudinal,7,LThigh_to_LShin_rx,LThigh_to_LShin,rx,0.11749062733906564,0.07679386705382693,-0.040696760285238706,0.048834197853162,0.03883163566232711
252_T1_vs_T2,longitudinal,7,LThigh_to_LShin_ry,LThigh_to_LShin,ry,3.249799667247967e-08,1.3879202108814694e-08,-1.8618794563664973e-08,0.048834197853162,0.03883163566232711
252_T1_vs_T2,longitudinal,7,LThigh_to_LShin_rz,LThigh_to_LShin,rz,1.527236008388098e-09,1.5412599587271403e-08,1.3885363578883305e-08,0.048834197853162,0.03883163566232711
252_T1_vs_T2,longitudinal,7,LUArm_to_LFArm_rx,LUArm_to_LFArm,rx,0.4412039018946503,0.02407060840895006,-0.4171332934857003,0.048834197853162,0.03883163566232711
252_T1_vs_T2,longitudinal,7,LUArm_to_LFArm_ry,LUArm_to_LFArm,ry,0.02557624431085479,0.24041718489140157,0.21484094058054679,0.048834197853162,0.03883163566232711
252_T1_vs_T2,longitudinal,7,LUArm_to_LFArm_rz,LUArm_to_LFArm,rz,0.19247573758880812,0.12115800669961607,-0.07131773088919205,0.048834197853162,0.03883163566232711
252_T1_vs_T2,longitudinal,7,Neck_to_Head_rx,Neck_to_Head,rx,0.014134587488186419,0.0025277789900027665,-0.011606808498183652,0.048834197853162,0.03883163566232711
252_T1_vs_T2,longitudinal,7,Neck_to_Head_ry,Neck_to_Head,ry,0.048634185631582554,0.09138975752667437,0.04275557189509182,0.048834197853162,0.03883163566232711
252_T1_vs_T2,longitudinal,7,Neck_to_Head_rz,Neck_to_Head,rz,0.06930978500950721,0.005942463606761791,-0.06336732140274542,0.048834197853162,0.03883163566232711
252_T1_vs_T2,longitudinal,7,RFArm_to_RHand_rx,RFArm_to_RHand,rx,0.004314032370519651,0.003494737466180488,-0.0008192949043391634,0.048834197853162,0.03883163566232711
252_T1_vs_T2,longitudinal,7,RFArm_to_RHand_ry,RFArm_to_RHand,ry,0.004603719531008147,0.013704249465677689,0.009100529934669543,0.048834197853162,0.03883163566232711
252_T1_vs_T2,longitudinal,7,RFArm_to_RHand_rz,RFArm_to_RHand,rz,0.017090692426775016,0.011296880510575093,-0.005793811916199923,0.048834197853162,0.03883163566232711
252_T1_vs_T2,longitudinal,7,RShin_to_RFoot_rx,RShin_to_RFoot,rx,0.08826817115776243,0.18350632440773293,0.0952381532499705,0.048834197853162,0.03883163566232711
252_T1_vs_T2,longitudinal,7,RShin_to_RFoot_ry,RShin_to_RFoot,ry,0.09099650183900682,0.05609071377353894,-0.034905788065467874,0.048834197853162,0.03883163566232711
252_T1_vs_T2,longitudinal,7,RShin_to_RFoot_rz,RShin_to_RFoot,rz,0.025591193865995582,0.07304672509981835,0.047455531233822776,0.048834197853162,0.03883163566232711
252_T1_vs_T2,longitudinal,7,RShoulder_to_RUArm_rx,RShoulder_to_RUArm,rx,0.21138649604536522,0.287925995351332,0.07653949930596679,0.048834197853162,0.03883163566232711
252_T1_vs_T2,longitudinal,7,RShoulder_to_RUArm_ry,RShoulder_to_RUArm,ry,0.47338012203650287,0.4946007864441239,0.021220664407621048,0.048834197853162,0.03883163566232711
252_T1_vs_T2,longitudinal,7,RShoulder_to_RUArm_rz,RShoulder_to_RUArm,rz,0.10504844304024252,0.2807646570370124,0.1757162139967699,0.048834197853162,0.03883163566232711
252_T1_vs_T2,longitudinal,7,RThigh_to_RShin_rx,RThigh_to_RShin,rx,0.4155251613800029,0.005867144668180616,-0.4096580167118223,0.048834197853162,0.03883163566232711
252_T1_vs_T2,longitudinal,7,RThigh_to_RShin_ry,RThigh_to_RShin,ry,5.604914575933032e-08,9.917422035980068e-09,-4.613172372335025e-08,0.048834197853162,0.03883163566232711
252_T1_vs_T2,longitudinal,7,RThigh_to_RShin_rz,RThigh_to_RShin,rz,2.5970487314441245e-08,6.709645778891932e-08,4.112597047447808e-08,0.048834197853162,0.03883163566232711
252_T1_vs_T2,longitudinal,7,RUArm_to_RFArm_rx,RUArm_to_RFArm,rx,0.1594147936952284,0.2884248106817832,0.12901001698655482,0.048834197853162,0.03883163566232711
252_T1_vs_T2,longitudinal,7,RUArm_to_RFArm_ry,RUArm_to_RFArm,ry,0.18334763268263968,0.2911893887418843,0.10784175605924465,0.048834197853162,0.03883163566232711
252_T1_vs_T2,longitudinal,7,RUArm_to_RFArm_rz,RUArm_to_RFArm,rz,0.12722908999049953,0.035609132055836594,-0.09161995793466293,0.048834197853162,0.03883163566232711
252_T1_vs_T2,longitudinal,8,252_to_LThigh_rx,252_to_LThigh,rx,0.40266389794911966,0.10378609050843966,-0.29887780744068,0.03057255113061955,0.02609375542821008
252_T1_vs_T2,longitudinal,8,252_to_LThigh_ry,252_to_LThigh,ry,0.08988129504314298,0.0988495835786846,0.00896828853554163,0.03057255113061955,0.02609375542821008
252_T1_vs_T2,longitudinal,8,252_to_LThigh_rz,252_to_LThigh,rz,0.21983436778308083,0.021901677977447107,-0.19793268980563372,0.03057255113061955,0.02609375542821008
252_T1_vs_T2,longitudinal,8,252_to_RThigh_rx,252_to_RThigh,rx,0.2969949576029013,0.03252605821158271,-0.26446889939131857,0.03057255113061955,0.02609375542821008
252_T1_vs_T2,longitudinal,8,252_to_RThigh_ry,252_to_RThigh,ry,0.003127862210715406,0.1293404201449586,0.1262125579342432,0.03057255113061955,0.02609375542821008
252_T1_vs_T2,longitudinal,8,252_to_RThigh_rz,252_to_RThigh,rz,0.1535659696872668,0.0280779503997187,-0.1254880192875481,0.03057255113061955,0.02609375542821008
252_T1_vs_T2,longitudinal,8,Chest_to_LShoulder_rx,Chest_to_LShoulder,rx,0.07100270752574706,0.05466291775095579,-0.016339789774791266,0.03057255113061955,0.02609375542821008
252_T1_vs_T2,longitudinal,8,Chest_to_LShoulder_ry,Chest_to_LShoulder,ry,0.0318709643694884,0.11127091259522823,0.07939994822573983,0.03057255113061955,0.02609375542821008
252_T1_vs_T2,longitudinal,8,Chest_to_LShoulder_rz,Chest_to_LShoulder,rz,0.07040416261868027,0.020969781968519098,-0.04943438065016117,0.03057255113061955,0.02609375542821008
252_T1_vs_T2,longitudinal,8,Chest_to_Neck_rx,Chest_to_Neck,rx,0.04530872686106455,0.0069704631827207705,-0.038338263678343774,0.03057255113061955,0.02609375542821008
252_T1_vs_T2,longitudinal,8,Chest_to_Neck_ry,Chest_to_Neck,ry,0.07712121682455873,0.055556232988086485,-0.02156498383647225,0.03057255113061955,0.02609375542821008
252_T1_vs_T2,longitudinal,8,Chest_to_Neck_rz,Chest_to_Neck,rz,0.0013225467800465763,0.07386184259617454,0.07253929581612796,0.03057255113061955,0.02609375542821008
252_T1_vs_T2,longitudinal,8,Chest_to_RShoulder_rx,Chest_to_RShoulder,rx,0.04355212210367527,0.03800198424507976,-0.005550137858595511,0.03057255113061955,0.02609375542821008
252_T1_vs_T2,longitudinal,8,Chest_to_RShoulder_ry,Chest_to_RShoulder,ry,0.024599474987338873,0.03808628353080749,0.013486808543468613,0.03057255113061955,0.02609375542821008
252_T1_vs_T2,longitudinal,8,Chest_to_RShoulder_rz,Chest_to_RShoulder,rz,0.00501059699207903,0.09558731906027138,0.09057672206819234,0.03057255113061955,0.02609375542821008
252_T1_vs_T2,longitudinal,8,LFArm_to_LHand_rx,LFArm_to_LHand,rx,0.015060804049498819,0.03426429995238263,0.01920349590288381,0.03057255113061955,0.02609375542821008
252_T1_vs_T2,longitudinal,8,LFArm_to_LHand_ry,LFArm_to_LHand,ry,0.052078922749795184,0.059047690028884506,0.006968767279089322,0.03057255113061955,0.02609375542821008
252_T1_vs_T2,longitudinal,8,LFArm_to_LHand_rz,LFArm_to_LHand,rz,0.12244178201274045,0.2117788365957913,0.08933705458305086,0.03057255113061955,0.02609375542821008
252_T1_vs_T2,longitudinal,8,LShin_to_LFoot_rx,LShin_to_LFoot,rx,0.13653869433194685,0.1039253573825167,-0.03261333694943015,0.03057255113061955,0.02609375542821008
252_T1_vs_T2,longitudinal,8,LShin_to_LFoot_ry,LShin_to_LFoot,ry,0.008268395617430369,0.1344981949653318,0.12622979934790143,0.03057255113061955,0.02609375542821008
252_T1_vs_T2,longitudinal,8,LShin_to_LFoot_rz,LShin_to_LFoot,rz,0.06730333342127183,0.05291049241736813,-0.0143928410039037,0.03057255113061955,0.02609375542821008
252_T1_vs_T2,longitudinal,8,LShoulder_to_LUArm_rx,LShoulder_to_LUArm,rx,0.25406808274812664,0.07300529451673063,-0.18106278823139602,0.03057255113061955,0.02609375542821008
252_T1_vs_T2,longitudinal,8,LShoulder_to_LUArm_ry,LShoulder_to_LUArm,ry,0.2416788304220781,0.4842585557244654,0.2425797253023873,0.03057255113061955,0.02609375542821008
252_T1_vs_T2,longitudinal,8,LShoulder_to_LUArm_rz,LShoulder_to_LUArm,rz,0.15632075161533282,0.371006514400746,0.21468576278541318,0.03057255113061955,0.02609375542821008
252_T1_vs_T2,longitudinal,8,LThigh_to_LShin_rx,LThigh_to_LShin,rx,0.09789419950863057,0.07475215749562027,-0.023142042013010303,0.03057255113061955,0.02609375542821008
252_T1_vs_T2,longitudinal,8,LThigh_to_LShin_ry,LThigh_to_LShin,ry,4.5385952995683535e-08,1.6239206056596098e-08,-2.9146746939087437e-08,0.03057255113061955,0.02609375542821008
252_T1_vs_T2,longitudinal,8,LThigh_to_LShin_rz,LThigh_to_LShin,rz,1.0350912357316866e-08,3.2594425069881255e-10,-1.0024968106618054e-08,0.03057255113061955,0.02609375542821008
252_T1_vs_T2,longitudinal,8,LUArm_to_LFArm_rx,LUArm_to_LFArm,rx,0.27350464067408453,0.016306333807648194,-0.25719830686643635,0.03057255113061955,0.02609375542821008
252_T1_vs_T2,longitudinal,8,LUArm_to_LFArm_ry,LUArm_to_LFArm,ry,0.17683364338194837,0.163697225945901,-0.013136417436047376,0.03057255113061955,0.02609375542821008
252_T1_vs_T2,longitudinal,8,LUArm_to_LFArm_rz,LUArm_to_LFArm,rz,0.010316448860430595,0.0027169455360698718,-0.007599503324360724,0.03057255113061955,0.02609375542821008
252_T1_vs_T2,longitudinal,8,Neck_to_Head_rx,Neck_to_Head,rx,0.045145428078706445,0.006865931410859008,-0.03827949666784744,0.03057255113061955,0.02609375542821008
252_T1_vs_T2,longitudinal,8,Neck_to_Head_ry,Neck_to_Head,ry,0.07509689404955294,0.06819945024095878,-0.006897443808594167,0.03057255113061955,0.02609375542821008
252_T1_vs_T2,longitudinal,8,Neck_to_Head_rz,Neck_to_Head,rz,0.01607785687997269,0.061626918773645546,0.04554906189367286,0.03057255113061955,0.02609375542821008
252_T1_vs_T2,longitudinal,8,RFArm_to_RHand_rx,RFArm_to_RHand,rx,0.010003264576213538,0.002868110816442314,-0.007135153759771224,0.03057255113061955,0.02609375542821008
252_T1_vs_T2,longitudinal,8,RFArm_to_RHand_ry,RFArm_to_RHand,ry,0.04490216751670104,0.03457413237320749,-0.01032803514349355,0.03057255113061955,0.02609375542821008
252_T1_vs_T2,longitudinal,8,RFArm_to_RHand_rz,RFArm_to_RHand,rz,0.004192478683568659,0.00673702264323558,0.0025445439596669213,0.03057255113061955,0.02609375542821008
252_T1_vs_T2,longitudinal,8,RShin_to_RFoot_rx,RShin_to_RFoot,rx,0.17638867479617085,0.15491247434966637,-0.021476200446504473,0.03057255113061955,0.02609375542821008
252_T1_vs_T2,longitudinal,8,RShin_to_RFoot_ry,RShin_to_RFoot,ry,0.06214768818503234,0.07149975768441294,0.009352069499380597,0.03057255113061955,0.02609375542821008
252_T1_vs_T2,longitudinal,8,RShin_to_RFoot_rz,RShin_to_RFoot,rz,0.012380270937391163,0.004976153915342054,-0.007404117022049109,0.03057255113061955,0.02609375542821008
252_T1_vs_T2,longitudinal,8,RShoulder_to_RUArm_rx,RShoulder_to_RUArm,rx,0.15328764303632697,0.08579703497790404,-0.06749060805842293,0.03057255113061955,0.02609375542821008
252_T1_vs_T2,longitudinal,8,RShoulder_to_RUArm_ry,RShoulder_to_RUArm,ry,0.1762977228452223,0.1913442904503494,0.015046567605127098,0.03057255113061955,0.02609375542821008
252_T1_vs_T2,longitudinal,8,RShoulder_to_RUArm_rz,RShoulder_to_RUArm,rz,0.35044097178698735,0.5606796562780502,0.2102386844910628,0.03057255113061955,0.02609375542821008
252_T1_vs_T2,longitudinal,8,RThigh_to_RShin_rx,RThigh_to_RShin,rx,0.014609181519701593,0.12771787463312434,0.11310869311342275,0.03057255113061955,0.02609375542821008
252_T1_vs_T2,longitudinal,8,RThigh_to_RShin_ry,RThigh_to_RShin,ry,1.65627582892705e-08,3.0060194826148835e-08,1.3497436536878336e-08,0.03057255113061955,0.02609375542821008
252_T1_vs_T2,longitudinal,8,RThigh_to_RShin_rz,RThigh_to_RShin,rz,1.6985499474044914e-08,7.89277763745651e-08,6.194227690052019e-08,0.03057255113061955,0.02609375542821008
252_T1_vs_T2,longitudinal,8,RUArm_to_RFArm_rx,RUArm_to_RFArm,rx,0.2830109393552193,0.03796703353554872,-0.2450439058196706,0.03057255113061955,0.02609375542821008
252_T1_vs_T2,longitudinal,8,RUArm_to_RFArm_ry,RUArm_to_RFArm,ry,0.1934155053291804,0.07969586369230472,-0.11371964163687567,0.03057255113061955,0.02609375542821008
252_T1_vs_T2,longitudinal,8,RUArm_to_RFArm_rz,RUArm_to_RFArm,rz,0.058981768942532646,0.10634902932940503,0.04736726038687238,0.03057255113061955,0.02609375542821008
252_T1_vs_T2,longitudinal,9,252_to_LThigh_rx,252_to_LThigh,rx,0.33252237356037795,0.5796951388756065,0.24717276531522858,0.030162292069741834,0.008960520931402283
252_T1_vs_T2,longitudinal,9,252_to_LThigh_ry,252_to_LThigh,ry,0.09629561801582813,0.1348556446292951,0.03856002661346698,0.030162292069741834,0.008960520931402283
252_T1_vs_T2,longitudinal,9,252_to_LThigh_rz,252_to_LThigh,rz,0.11202411556796811,0.022827445005445694,-0.08919667056252242,0.030162292069741834,0.008960520931402283
252_T1_vs_T2,longitudinal,9,252_to_RThigh_rx,252_to_RThigh,rx,0.5584732023117298,0.6557559970380898,0.09728279472636003,0.030162292069741834,0.008960520931402283
252_T1_vs_T2,longitudinal,9,252_to_RThigh_ry,252_to_RThigh,ry,0.04814485172180363,0.01904553793718656,-0.029099313784617074,0.030162292069741834,0.008960520931402283
252_T1_vs_T2,longitudinal,9,252_to_RThigh_rz,252_to_RThigh,rz,0.13945125877520512,0.08184214932842397,-0.057609109446781145,0.030162292069741834,0.008960520931402283
252_T1_vs_T2,longitudinal,9,Chest_to_LShoulder_rx,Chest_to_LShoulder,rx,0.03319504463373437,0.015342032429954968,-0.017853012203779405,0.030162292069741834,0.008960520931402283
252_T1_vs_T2,longitudinal,9,Chest_to_LShoulder_ry,Chest_to_LShoulder,ry,0.020805067866518697,0.025465649790639075,0.004660581924120378,0.030162292069741834,0.008960520931402283
252_T1_vs_T2,longitudinal,9,Chest_to_LShoulder_rz,Chest_to_LShoulder,rz,0.06101236169082682,0.009611734499938674,-0.05140062719088814,0.030162292069741834,0.008960520931402283
252_T1_vs_T2,longitudinal,9,Chest_to_Neck_rx,Chest_to_Neck,rx,0.00918939066962463,0.06134835390895674,0.052158963239332105,0.030162292069741834,0.008960520931402283
252_T1_vs_T2,longitudinal,9,Chest_to_Neck_ry,Chest_to_Neck,ry,0.02253026716426581,0.03387737188801408,0.011347104723748273,0.030162292069741834,0.008960520931402283
252_T1_vs_T2,longitudinal,9,Chest_to_Neck_rz,Chest_to_Neck,rz,0.036072409933495905,0.02222388930338268,-0.013848520630113225,0.030162292069741834,0.008960520931402283
252_T1_vs_T2,longitudinal,9,Chest_to_RShoulder_rx,Chest_to_RShoulder,rx,0.01776227963348396,0.011013492201692761,-0.006748787431791197,0.030162292069741834,0.008960520931402283
252_T1_vs_T2,longitudinal,9,Chest_to_RShoulder_ry,Chest_to_RShoulder,ry,0.022282973070967396,0.005413900850432807,-0.01686907222053459,0.030162292069741834,0.008960520931402283
252_T1_vs_T2,longitudinal,9,Chest_to_RShoulder_rz,Chest_to_RShoulder,rz,0.10821233685076687,0.10773350023376127,-0.00047883661700559577,0.030162292069741834,0.008960520931402283
252_T1_vs_T2,longitudinal,9,LFArm_to_LHand_rx,LFArm_to_LHand,rx,0.02240333222204731,0.01949651158812477,-0.0029068206339225404,0.030162292069741834,0.008960520931402283
252_T1_vs_T2,longitudinal,9,LFArm_to_LHand_ry,LFArm_to_LHand,ry,0.05000374680121887,0.034255813832612954,-0.015747932968605917,0.030162292069741834,0.008960520931402283
252_T1_vs_T2,longitudinal,9,LFArm_to_LHand_rz,LFArm_to_LHand,rz,0.05794551966199713,0.04409427920921915,-0.013851240452777983,0.030162292069741834,0.008960520931402283
252_T1_vs_T2,longitudinal,9,LShin_to_LFoot_rx,LShin_to_LFoot,rx,0.0015323903968595728,0.08907092366934473,0.08753853327248516,0.030162292069741834,0.008960520931402283
252_T1_vs_T2,longitudinal,9,LShin_to_LFoot_ry,LShin_to_LFoot,ry,0.13429831587080687,0.10252087249682144,-0.03177744337398543,0.030162292069741834,0.008960520931402283
252_T1_vs_T2,longitudinal,9,LShin_to_LFoot_rz,LShin_to_LFoot,rz,0.07737430858388684,0.056714322508867945,-0.0206599860750189,0.030162292069741834,0.008960520931402283
252_T1_vs_T2,longitudinal,9,LShoulder_to_LUArm_rx,LShoulder_to_LUArm,rx,0.1278931241915385,0.03148464857891016,-0.09640847561262834,0.030162292069741834,0.008960520931402283
252_T1_vs_T2,longitudinal,9,LShoulder_to_LUArm_ry,LShoulder_to_LUArm,ry,0.22836791448037186,0.17811896082568254,-0.050248953654689316,0.030162292069741834,0.008960520931402283
252_T1_vs_T2,longitudinal,9,LShoulder_to_LUArm_rz,LShoulder_to_LUArm,rz,0.2838523110871039,0.09712263366880469,-0.1867296774182992,0.030162292069741834,0.008960520931402283
252_T1_vs_T2,longitudinal,9,LThigh_to_LShin_rx,LThigh_to_LShin,rx,0.33686391771479246,0.1654506901197804,-0.17141322759501207,0.030162292069741834,0.008960520931402283
252_T1_vs_T2,longitudinal,9,LThigh_to_LShin_ry,LThigh_to_LShin,ry,2.0496610086065297e-08,3.9487207494333263e-08,1.8990597408267967e-08,0.030162292069741834,0.008960520931402283
252_T1_vs_T2,longitudinal,9,LThigh_to_LShin_rz,LThigh_to_LShin,rz,7.2383868168663e-10,3.2108767832089207e-09,2.4870381015222906e-09,0.030162292069741834,0.008960520931402283
252_T1_vs_T2,longitudinal,9,LUArm_to_LFArm_rx,LUArm_to_LFArm,rx,0.24703542179653162,0.09534373492589425,-0.1516916868706374,0.030162292069741834,0.008960520931402283
252_T1_vs_T2,longitudinal,9,LUArm_to_LFArm_ry,LUArm_to_LFArm,ry,0.0640171427220551,0.011302388951388643,-0.05271475377066645,0.030162292069741834,0.008960520931402283
252_T1_vs_T2,longitudinal,9,LUArm_to_LFArm_rz,LUArm_to_LFArm,rz,0.013645028612797856,0.011194954210119658,-0.002450074402678198,0.030162292069741834,0.008960520931402283
252_T1_vs_T2,longitudinal,9,Neck_to_Head_rx,Neck_to_Head,rx,0.008934246212180554,0.061048743487389305,0.052114497275208754,0.030162292069741834,0.008960520931402283
252_T1_vs_T2,longitudinal,9,Neck_to_Head_ry,Neck_to_Head,ry,0.028678424885216162,0.03717489190241116,0.008496467017195,0.030162292069741834,0.008960520931402283
252_T1_vs_T2,longitudinal,9,Neck_to_Head_rz,Neck_to_Head,rz,0.031116391221313315,0.015328030585926845,-0.01578836063538647,0.030162292069741834,0.008960520931402283
252_T1_vs_T2,longitudinal,9,RFArm_to_RHand_rx,RFArm_to_RHand,rx,0.0025828182582101544,0.004601774097253831,0.0020189558390436768,0.030162292069741834,0.008960520931402283
252_T1_vs_T2,longitudinal,9,RFArm_to_RHand_ry,RFArm_to_RHand,ry,0.0024574516878572944,0.035231609680773435,0.03277415799291614,0.030162292069741834,0.008960520931402283
252_T1_vs_T2,longitudinal,9,RFArm_to_RHand_rz,RFArm_to_RHand,rz,0.07023396215911594,0.05159127347586858,-0.01864268868324736,0.030162292069741834,0.008960520931402283
252_T1_vs_T2,longitudinal,9,RShin_to_RFoot_rx,RShin_to_RFoot,rx,0.19862574613799341,0.11023498361579892,-0.0883907625221945,0.030162292069741834,0.008960520931402283
252_T1_vs_T2,longitudinal,9,RShin_to_RFoot_ry,RShin_to_RFoot,ry,0.03075769287385845,0.025282971354027853,-0.005474721519830597,0.030162292069741834,0.008960520931402283
252_T1_vs_T2,longitudinal,9,RShin_to_RFoot_rz,RShin_to_RFoot,rz,0.0959149946084147,0.1167628681863466,0.0208478735779319,0.030162292069741834,0.008960520931402283
252_T1_vs_T2,longitudinal,9,RShoulder_to_RUArm_rx,RShoulder_to_RUArm,rx,0.012015409521339589,0.009045049435352065,-0.0029703600859875244,0.030162292069741834,0.008960520931402283
252_T1_vs_T2,longitudinal,9,RShoulder_to_RUArm_ry,RShoulder_to_RUArm,ry,0.13949728421368301,0.12191819772524673,-0.017579086488436285,0.030162292069741834,0.008960520931402283
252_T1_vs_T2,longitudinal,9,RShoulder_to_RUArm_rz,RShoulder_to_RUArm,rz,0.27072542126612986,0.03670657613964368,-0.23401884512648619,0.030162292069741834,0.008960520931402283
252_T1_vs_T2,longitudinal,9,RThigh_to_RShin_rx,RThigh_to_RShin,rx,0.007831258986461836,0.11949328603820372,0.11166202705174189,0.030162292069741834,0.008960520931402283
252_T1_vs_T2,longitudinal,9,RThigh_to_RShin_ry,RThigh_to_RShin,ry,5.248742041323272e-08,2.9081678199474322e-08,-2.3405742213758398e-08,0.030162292069741834,0.008960520931402283
252_T1_vs_T2,longitudinal,9,RThigh_to_RShin_rz,RThigh_to_RShin,rz,6.008562407886454e-08,6.898328462658308e-08,8.897660547718545e-09,0.030162292069741834,0.008960520931402283
252_T1_vs_T2,longitudinal,9,RUArm_to_RFArm_rx,RUArm_to_RFArm,rx,0.007819721775075788,0.13696744163103022,0.12914771985595444,0.030162292069741834,0.008960520931402283
252_T1_vs_T2,longitudinal,9,RUArm_to_RFArm_ry,RUArm_to_RFArm,ry,0.0759029402819018,0.0012167648061322265,-0.07468617547576957,0.030162292069741834,0.008960520931402283
252_T1_vs_T2,longitudinal,9,RUArm_to_RFArm_rz,RUArm_to_RFArm,rz,0.02880020112241673,0.03128324194231535,0.0024830408198986166,0.030162292069741834,0.008960520931402283
252_T1_vs_T3,longitudinal,1,252_to_LThigh_rx,252_to_LThigh,rx,0.034259399545005655,0.1546386580980695,0.12037925855306386,0.16601184461963361,0.290617403998063
252_T1_vs_T3,longitudinal,1,252_to_LThigh_ry,252_to_LThigh,ry,0.00938094967826828,0.07565127471775754,0.06627032503948926,0.16601184461963361,0.290617403998063
252_T1_vs_T3,longitudinal,1,252_to_LThigh_rz,252_to_LThigh,rz,0.06499162304729801,0.05901845749752133,-0.005973165549776678,0.16601184461963361,0.290617403998063
252_T1_vs_T3,longitudinal,1,252_to_RThigh_rx,252_to_RThigh,rx,0.1864922223694702,0.36888389829924406,0.18239167592977387,0.16601184461963361,0.290617403998063
252_T1_vs_T3,longitudinal,1,252_to_RThigh_ry,252_to_RThigh,ry,0.043038143628794566,0.09967827467537206,0.056640131046577495,0.16601184461963361,0.290617403998063
252_T1_vs_T3,longitudinal,1,252_to_RThigh_rz,252_to_RThigh,rz,0.008068856497744144,0.0212798689170186,0.013211012419274457,0.16601184461963361,0.290617403998063
252_T1_vs_T3,longitudinal,1,Chest_to_LShoulder_rx,Chest_to_LShoulder,rx,0.031063371657754663,0.013475417736388827,-0.017587953921365834,0.16601184461963361,0.290617403998063
252_T1_vs_T3,longitudinal,1,Chest_to_LShoulder_ry,Chest_to_LShoulder,ry,0.02698053829470314,0.0023873806510181475,-0.02459315764368499,0.16601184461963361,0.290617403998063
252_T1_vs_T3,longitudinal,1,Chest_to_LShoulder_rz,Chest_to_LShoulder,rz,0.08201891807348684,0.09013874833130141,0.00811983025781457,0.16601184461963361,0.290617403998063
252_T1_vs_T3,longitudinal,1,Chest_to_Neck_rx,Chest_to_Neck,rx,0.0014750972720649392,0.027441665809911246,0.025966568537846308,0.16601184461963361,0.290617403998063
252_T1_vs_T3,longitudinal,1,Chest_to_Neck_ry,Chest_to_Neck,ry,0.026554824631462394,0.015174177737083341,-0.011380646894379053,0.16601184461963361,0.290617403998063
252_T1_vs_T3,longitudinal,1,Chest_to_Neck_rz,Chest_to_Neck,rz,0.002691975082267339,0.03373942287237179,0.031047447790104453,0.16601184461963361,0.290617403998063
252_T1_vs_T3,longitudinal,1,Chest_to_RShoulder_rx,Chest_to_RShoulder,rx,0.022914359205791462,0.010249652156288019,-0.012664707049503444,0.16601184461963361,0.290617403998063
252_T1_vs_T3,longitudinal,1,Chest_to_RShoulder_ry,Chest_to_RShoulder,ry,0.021658400774066573,0.01338470468923362,-0.008273696084832952,0.16601184461963361,0.290617403998063
252_T1_vs_T3,longitudinal,1,Chest_to_RShoulder_rz,Chest_to_RShoulder,rz,0.08537299979451779,0.05628919208857509,-0.029083807705942703,0.16601184461963361,0.290617403998063
252_T1_vs_T3,longitudinal,1,LFArm_to_LHand_rx,LFArm_to_LHand,rx,0.00818097220722744,0.003635528309236751,-0.0045454438979906885,0.16601184461963361,0.290617403998063
252_T1_vs_T3,longitudinal,1,LFArm_to_LHand_ry,LFArm_to_LHand,ry,0.026903987836452245,0.022120149977152365,-0.00478383785929988,0.16601184461963361,0.290617403998063
252_T1_vs_T3,longitudinal,1,LFArm_to_LHand_rz,LFArm_to_LHand,rz,0.061860827972840406,0.012578355225508953,-0.049282472747331454,0.16601184461963361,0.290617403998063
252_T1_vs_T3,longitudinal,1,LShin_to_LFoot_rx,LShin_to_LFoot,rx,0.02512212429329505,0.1151361062139123,0.09001398192061726,0.16601184461963361,0.290617403998063
252_T1_vs_T3,longitudinal,1,LShin_to_LFoot_ry,LShin_to_LFoot,ry,0.0646858704022345,0.028340284831948157,-0.036345585570286346,0.16601184461963361,0.290617403998063
252_T1_vs_T3,longitudinal,1,LShin_to_LFoot_rz,LShin_to_LFoot,rz,0.02623620227376424,0.05628479549741757,0.03004859322365333,0.16601184461963361,0.290617403998063
252_T1_vs_T3,longitudinal,1,LShoulder_to_LUArm_rx,LShoulder_to_LUArm,rx,0.09006013603890592,0.0235471264558281,-0.06651300958307782,0.16601184461963361,0.290617403998063
252_T1_vs_T3,longitudinal,1,LShoulder_to_LUArm_ry,LShoulder_to_LUArm,ry,0.20826390692127933,0.022276312259317307,-0.18598759466196202,0.16601184461963361,0.290617403998063
252_T1_vs_T3,longitudinal,1,LShoulder_to_LUArm_rz,LShoulder_to_LUArm,rz,0.017616848619599015,0.0869144373136215,0.06929758869402249,0.16601184461963361,0.290617403998063
252_T1_vs_T3,longitudinal,1,LThigh_to_LShin_rx,LThigh_to_LShin,rx,0.18702883680065618,0.08027609914980206,-0.10675273765085412,0.16601184461963361,0.290617403998063
252_T1_vs_T3,longitudinal,1,LThigh_to_LShin_ry,LThigh_to_LShin,ry,3.045285331731347e-08,6.340693794678203e-08,3.2954084629468556e-08,0.16601184461963361,0.290617403998063
252_T1_vs_T3,longitudinal,1,LThigh_to_LShin_rz,LThigh_to_LShin,rz,3.8580109735186664e-08,3.7901069157661156e-08,-6.790405775255081e-10,0.16601184461963361,0.290617403998063
252_T1_vs_T3,longitudinal,1,LUArm_to_LFArm_rx,LUArm_to_LFArm,rx,0.24131618710092306,0.06475917069640602,-0.17655701640451704,0.16601184461963361,0.290617403998063
252_T1_vs_T3,longitudinal,1,LUArm_to_LFArm_ry,LUArm_to_LFArm,ry,0.20902065360597546,0.053654007789549464,-0.155366645816426,0.16601184461963361,0.290617403998063
252_T1_vs_T3,longitudinal,1,LUArm_to_LFArm_rz,LUArm_to_LFArm,rz,0.021341805795357768,0.0631378319190096,0.041796026123651825,0.16601184461963361,0.290617403998063
252_T1_vs_T3,longitudinal,1,Neck_to_Head_rx,Neck_to_Head,rx,0.0014949470834237557,0.027505768028211103,0.02601082094478735,0.16601184461963361,0.290617403998063
252_T1_vs_T3,longitudinal,1,Neck_to_Head_ry,Neck_to_Head,ry,0.025512555871830912,0.008451718223317063,-0.01706083764851385,0.16601184461963361,0.290617403998063
252_T1_vs_T3,longitudinal,1,Neck_to_Head_rz,Neck_to_Head,rz,0.007633072121025155,0.035892724668139406,0.028259652547114253,0.16601184461963361,0.290617403998063
252_T1_vs_T3,longitudinal,1,RFArm_to_RHand_rx,RFArm_to_RHand,rx,0.005185238198640527,0.00035223359287571844,-0.004833004605764808,0.16601184461963361,0.290617403998063
252_T1_vs_T3,longitudinal,1,RFArm_to_RHand_ry,RFArm_to_RHand,ry,0.07683969634449125,0.000615804426750423,-0.07622389191774083,0.16601184461963361,0.290617403998063
252_T1_vs_T3,longitudinal,1,RFArm_to_RHand_rz,RFArm_to_RHand,rz,0.06991878939962208,0.024971233925266834,-0.04494755547435525,0.16601184461963361,0.290617403998063
252_T1_vs_T3,longitudinal,1,RShin_to_RFoot_rx,RShin_to_RFoot,rx,0.05638193846703629,0.12766549512854236,0.07128355666150607,0.16601184461963361,0.290617403998063
252_T1_vs_T3,longitudinal,1,RShin_to_RFoot_ry,RShin_to_RFoot,ry,0.009436146908998334,0.11804795699640161,0.10861181008740328,0.16601184461963361,0.290617403998063
252_T1_vs_T3,longitudinal,1,RShin_to_RFoot_rz,RShin_to_RFoot,rz,0.02365866149313297,0.0805436687918524,0.05688500729871943,0.16601184461963361,0.290617403998063
252_T1_vs_T3,longitudinal,1,RShoulder_to_RUArm_rx,RShoulder_to_RUArm,rx,0.36263691822342403,0.07970280015093656,-0.2829341180724875,0.16601184461963361,0.290617403998063
252_T1_vs_T3,longitudinal,1,RShoulder_to_RUArm_ry,RShoulder_to_RUArm,ry,0.24055986883607172,0.07288093535298572,-0.167678933483086,0.16601184461963361,0.290617403998063
252_T1_vs_T3,longitudinal,1,RShoulder_to_RUArm_rz,RShoulder_to_RUArm,rz,0.18536806334260383,0.053835210021690484,-0.13153285332091336,0.16601184461963361,0.290617403998063
252_T1_vs_T3,longitudinal,1,RThigh_to_RShin_rx,RThigh_to_RShin,rx,0.2835482028558806,0.812541984973322,0.5289937821174413,0.16601184461963361,0.290617403998063
252_T1_vs_T3,longitudinal,1,RThigh_to_RShin_ry,RThigh_to_RShin,ry,1.3336201515708283e-08,7.445413798730407e-09,-5.890787716977876e-09,0.16601184461963361,0.290617403998063
252_T1_vs_T3,longitudinal,1,RThigh_to_RShin_rz,RThigh_to_RShin,rz,2.8087032443712554e-08,3.699669092902055e-08,8.909658485307999e-09,0.16601184461963361,0.290617403998063
252_T1_vs_T3,longitudinal,1,RUArm_to_RFArm_rx,RUArm_to_RFArm,rx,0.5511086415880165,0.16531454203915635,-0.3857940995488602,0.16601184461963361,0.290617403998063
252_T1_vs_T3,longitudinal,1,RUArm_to_RFArm_ry,RUArm_to_RFArm,ry,0.24798987913720544,0.09757132275211919,-0.15041855638508625,0.16601184461963361,0.290617403998063
252_T1_vs_T3,longitudinal,1,RUArm_to_RFArm_rz,RUArm_to_RFArm,rz,0.23751117008567768,0.10694169112664328,-0.1305694789590344,0.16601184461963361,0.290617403998063
252_T1_vs_T3,longitudinal,2,252_to_LThigh_rx,252_to_LThigh,rx,0.25231361576589245,0.12176036128713143,-0.13055325447876104,0.16236315006540517,0.2019489817783031
252_T1_vs_T3,longitudinal,2,252_to_LThigh_ry,252_to_LThigh,ry,0.03798167382284845,0.08550961570859879,0.04752794188575034,0.16236315006540517,0.2019489817783031
252_T1_vs_T3,longitudinal,2,252_to_LThigh_rz,252_to_LThigh,rz,0.04427284600388153,0.040373820845247425,-0.0038990251586341063,0.16236315006540517,0.2019489817783031
252_T1_vs_T3,longitudinal,2,252_to_RThigh_rx,252_to_RThigh,rx,0.020878533138976408,0.06280425641035008,0.04192572327137367,0.16236315006540517,0.2019489817783031
252_T1_vs_T3,longitudinal,2,252_to_RThigh_ry,252_to_RThigh,ry,0.00018159396422186343,0.0014936268308206563,0.0013120328665987928,0.16236315006540517,0.2019489817783031
252_T1_vs_T3,longitudinal,2,252_to_RThigh_rz,252_to_RThigh,rz,0.14255657816097966,0.04910160519597898,-0.09345497296500069,0.16236315006540517,0.2019489817783031
252_T1_vs_T3,longitudinal,2,Chest_to_LShoulder_rx,Chest_to_LShoulder,rx,0.037349630018541136,0.0036635075830280415,-0.0336861224355131,0.16236315006540517,0.2019489817783031
252_T1_vs_T3,longitudinal,2,Chest_to_LShoulder_ry,Chest_to_LShoulder,ry,0.02001536347247696,0.010573129530618163,-0.009442233941858799,0.16236315006540517,0.2019489817783031
252_T1_vs_T3,longitudinal,2,Chest_to_LShoulder_rz,Chest_to_LShoulder,rz,0.08533552993562944,0.04564059566205659,-0.03969493427357285,0.16236315006540517,0.2019489817783031
252_T1_vs_T3,longitudinal,2,Chest_to_Neck_rx,Chest_to_Neck,rx,0.009711230141432659,0.003153696534771571,-0.006557533606661088,0.16236315006540517,0.2019489817783031
252_T1_vs_T3,longitudinal,2,Chest_to_Neck_ry,Chest_to_Neck,ry,0.01175986581357569,0.036821685376687875,0.025061819563112184,0.16236315006540517,0.2019489817783031
252_T1_vs_T3,longitudinal,2,Chest_to_Neck_rz,Chest_to_Neck,rz,0.0189728137227448,0.02595786004456597,0.006985046321821172,0.16236315006540517,0.2019489817783031
252_T1_vs_T3,longitudinal,2,Chest_to_RShoulder_rx,Chest_to_RShoulder,rx,0.001031564428271279,0.036671097256931,0.03563953282865972,0.16236315006540517,0.2019489817783031
252_T1_vs_T3,longitudinal,2,Chest_to_RShoulder_ry,Chest_to_RShoulder,ry,0.017173917232344963,0.012365657955512494,-0.004808259276832469,0.16236315006540517,0.2019489817783031
252_T1_vs_T3,longitudinal,2,Chest_to_RShoulder_rz,Chest_to_RShoulder,rz,0.0809054488615225,0.09715241484645604,0.01624696598493354,0.16236315006540517,0.2019489817783031
252_T1_vs_T3,longitudinal,2,LFArm_to_LHand_rx,LFArm_to_LHand,rx,0.003980314774425713,0.005055230895477253,0.0010749161210515399,0.16236315006540517,0.2019489817783031
252_T1_vs_T3,longitudinal,2,LFArm_to_LHand_ry,LFArm_to_LHand,ry,0.021293013728373774,0.0181591960170495,-0.0031338177113242743,0.16236315006540517,0.2019489817783031
252_T1_vs_T3,longitudinal,2,LFArm_to_LHand_rz,LFArm_to_LHand,rz,0.04785647726330615,0.02641143389577182,-0.02144504336753433,0.16236315006540517,0.2019489817783031
252_T1_vs_T3,longitudinal,2,LShin_to_LFoot_rx,LShin_to_LFoot,rx,0.047471602731377405,0.08198657226748972,0.034514969536112314,0.16236315006540517,0.2019489817783031
252_T1_vs_T3,longitudinal,2,LShin_to_LFoot_ry,LShin_to_LFoot,ry,0.030377047293524535,0.008453548163161781,-0.021923499130362754,0.16236315006540517,0.2019489817783031
252_T1_vs_T3,longitudinal,2,LShin_to_LFoot_rz,LShin_to_LFoot,rz,0.03426812158030945,0.012895698740005334,-0.02137242284030412,0.16236315006540517,0.2019489817783031
252_T1_vs_T3,longitudinal,2,LShoulder_to_LUArm_rx,LShoulder_to_LUArm,rx,0.09157000796962224,0.06492973534045661,-0.02664027262916563,0.16236315006540517,0.2019489817783031
252_T1_vs_T3,longitudinal,2,LShoulder_to_LUArm_ry,LShoulder_to_LUArm,ry,0.3065193406238315,0.11960167249219994,-0.18691766813163158,0.16236315006540517,0.2019489817783031
252_T1_vs_T3,longitudinal,2,LShoulder_to_LUArm_rz,LShoulder_to_LUArm,rz,0.032456037679826216,0.07602104993695251,0.04356501225712629,0.16236315006540517,0.2019489817783031
252_T1_vs_T3,longitudinal,2,LThigh_to_LShin_rx,LThigh_to_LShin,rx,0.2004806126411868,0.023676480246026213,-0.17680413239516057,0.16236315006540517,0.2019489817783031
252_T1_vs_T3,longitudinal,2,LThigh_to_LShin_ry,LThigh_to_LShin,ry,2.5911274012278342e-08,1.3509868383608765e-08,-1.2401405628669577e-08,0.16236315006540517,0.2019489817783031
252_T1_vs_T3,longitudinal,2,LThigh_to_LShin_rz,LThigh_to_LShin,rz,4.852817377962748e-09,7.688084026787023e-09,2.8352666488242745e-09,0.16236315006540517,0.2019489817783031
252_T1_vs_T3,longitudinal,2,LUArm_to_LFArm_rx,LUArm_to_LFArm,rx,0.11389864813625399,0.15515605203086177,0.04125740389460779,0.16236315006540517,0.2019489817783031
252_T1_vs_T3,longitudinal,2,LUArm_to_LFArm_ry,LUArm_to_LFArm,ry,0.5065996793525944,0.32837727092102653,-0.1782224084315679,0.16236315006540517,0.2019489817783031
252_T1_vs_T3,longitudinal,2,LUArm_to_LFArm_rz,LUArm_to_LFArm,rz,0.05190083420786597,0.0624535844899336,0.010552750282067633,0.16236315006540517,0.2019489817783031
252_T1_vs_T3,longitudinal,2,Neck_to_Head_rx,Neck_to_Head,rx,0.009683639467563754,0.003180902203647692,-0.006502737263916062,0.16236315006540517,0.2019489817783031
252_T1_vs_T3,longitudinal,2,Neck_to_Head_ry,Neck_to_Head,ry,0.015155758801291082,0.03115103060598204,0.015995271804690958,0.16236315006540517,0.2019489817783031
252_T1_vs_T3,longitudinal,2,Neck_to_Head_rz,Neck_to_Head,rz,0.016271991861364642,0.032426991465457425,0.016154999604092782,0.16236315006540517,0.2019489817783031
252_T1_vs_T3,longitudinal,2,RFArm_to_RHand_rx,RFArm_to_RHand,rx,0.005507218266747166,0.00911406819466176,0.0036068499279145938,0.16236315006540517,0.2019489817783031
252_T1_vs_T3,longitudinal,2,RFArm_to_RHand_ry,RFArm_to_RHand,ry,0.0493222905281765,0.09473657479662549,0.04541428426844899,0.16236315006540517,0.2019489817783031
252_T1_vs_T3,longitudinal,2,RFArm_to_RHand_rz,RFArm_to_RHand,rz,0.041576674967063305,0.025419544389231854,-0.01615713057783145,0.16236315006540517,0.2019489817783031
252_T1_vs_T3,longitudinal,2,RShin_to_RFoot_rx,RShin_to_RFoot,rx,0.1579954908106943,0.003498632481119078,-0.15449685832957522,0.16236315006540517,0.2019489817783031
252_T1_vs_T3,longitudinal,2,RShin_to_RFoot_ry,RShin_to_RFoot,ry,0.07303337814265157,0.08616445059340307,0.0131310724507515,0.16236315006540517,0.2019489817783031
252_T1_vs_T3,longitudinal,2,RShin_to_RFoot_rz,RShin_to_RFoot,rz,0.1395525158084653,0.08744232268684286,-0.05211019312162245,0.16236315006540517,0.2019489817783031
252_T1_vs_T3,longitudinal,2,RShoulder_to_RUArm_rx,RShoulder_to_RUArm,rx,0.29091945091040655,0.1729929634374646,-0.11792648747294196,0.16236315006540517,0.2019489817783031
252_T1_vs_T3,longitudinal,2,RShoulder_to_RUArm_ry,RShoulder_to_RUArm,ry,0.15135948494575838,0.09724597346037304,-0.05411351148538533,0.16236315006540517,0.2019489817783031
252_T1_vs_T3,longitudinal,2,RShoulder_to_RUArm_rz,RShoulder_to_RUArm,rz,0.08822235543201382,0.3202516138496277,0.23202925841761388,0.16236315006540517,0.2019489817783031
252_T1_vs_T3,longitudinal,2,RThigh_to_RShin_rx,RThigh_to_RShin,rx,0.4594140554792966,0.21669445972160478,-0.2427195957576918,0.16236315006540517,0.2019489817783031
252_T1_vs_T3,longitudinal,2,RThigh_to_RShin_ry,RThigh_to_RShin,ry,3.457374829091295e-09,2.6154359034862244e-08,2.2696984205770948e-08,0.16236315006540517,0.2019489817783031
252_T1_vs_T3,longitudinal,2,RThigh_to_RShin_rz,RThigh_to_RShin,rz,2.1757308330213918e-08,1.9117272064783286e-08,-2.6400362654306324e-09,0.16236315006540517,0.2019489817783031
252_T1_vs_T3,longitudinal,2,RUArm_to_RFArm_rx,RUArm_to_RFArm,rx,0.06795890656441447,0.4418698057015274,0.37391089913711295,0.16236315006540517,0.2019489817783031
252_T1_vs_T3,longitudinal,2,RUArm_to_RFArm_ry,RUArm_to_RFArm,ry,0.27851006661718536,0.5270765251265621,0.24856645850937675,0.16236315006540517,0.2019489817783031
252_T1_vs_T3,longitudinal,2,RUArm_to_RFArm_rz,RUArm_to_RFArm,rz,0.09764233641261887,0.3118239145271132,0.21418157811449434,0.16236315006540517,0.2019489817783031
252_T1_vs_T3,longitudinal,3,252_to_LThigh_rx,252_to_LThigh,rx,0.1887548833453224,0.0907953898714444,-0.09795949347387799,0.14743492600046604,0.16043629189355543
252_T1_vs_T3,longitudinal,3,252_to_LThigh_ry,252_to_LThigh,ry,0.035731793845304394,0.06969965693297066,0.033967863087666264,0.14743492600046604,0.16043629189355543
252_T1_vs_T3,longitudinal,3,252_to_LThigh_rz,252_to_LThigh,rz,0.0927080035366644,0.0017653528622837912,-0.0909426506743806,0.14743492600046604,0.16043629189355543
252_T1_vs_T3,longitudinal,3,252_to_RThigh_rx,252_to_RThigh,rx,0.21300723608383748,0.06331288603255758,-0.1496943500512799,0.14743492600046604,0.16043629189355543
252_T1_vs_T3,longitudinal,3,252_to_RThigh_ry,252_to_RThigh,ry,0.028449393439009533,0.07602496311756247,0.04757556967855294,0.14743492600046604,0.16043629189355543
252_T1_vs_T3,longitudinal,3,252_to_RThigh_rz,252_to_RThigh,rz,0.008394936326459082,0.11739221262209565,0.10899727629563656,0.14743492600046604,0.16043629189355543
252_T1_vs_T3,longitudinal,3,Chest_to_LShoulder_rx,Chest_to_LShoulder,rx,0.029395113888972355,0.020885053156773498,-0.008510060732198857,0.14743492600046604,0.16043629189355543
252_T1_vs_T3,longitudinal,3,Chest_to_LShoulder_ry,Chest_to_LShoulder,ry,0.07651641108238193,0.00495334791559065,-0.07156306316679127,0.14743492600046604,0.16043629189355543
252_T1_vs_T3,longitudinal,3,Chest_to_LShoulder_rz,Chest_to_LShoulder,rz,0.03165823148073792,0.0490080708884998,0.017349839407761886,0.14743492600046604,0.16043629189355543
252_T1_vs_T3,longitudinal,3,Chest_to_Neck_rx,Chest_to_Neck,rx,0.06642129983239008,0.00659377083940556,-0.05982752899298452,0.14743492600046604,0.16043629189355543
252_T1_vs_T3,longitudinal,3,Chest_to_Neck_ry,Chest_to_Neck,ry,0.0056516575698915845,0.013363218901327228,0.007711561331435643,0.14743492600046604,0.16043629189355543
252_T1_vs_T3,longitudinal,3,Chest_to_Neck_rz,Chest_to_Neck,rz,0.04869037806753526,0.022323559720879644,-0.026366818346655618,0.14743492600046604,0.16043629189355543
252_T1_vs_T3,longitudinal,3,Chest_to_RShoulder_rx,Chest_to_RShoulder,rx,0.037176170371975195,0.06970984563714265,0.032533675265167455,0.14743492600046604,0.16043629189355543
252_T1_vs_T3,longitudinal,3,Chest_to_RShoulder_ry,Chest_to_RShoulder,ry,0.058791816385675245,0.03182266473341832,-0.026969151652256926,0.14743492600046604,0.16043629189355543
252_T1_vs_T3,longitudinal,3,Chest_to_RShoulder_rz,Chest_to_RShoulder,rz,0.07942552648389523,0.04596998980953738,-0.03345553667435785,0.14743492600046604,0.16043629189355543
252_T1_vs_T3,longitudinal,3,LFArm_to_LHand_rx,LFArm_to_LHand,rx,0.015496263740692465,0.010355231977453036,-0.005141031763239429,0.14743492600046604,0.16043629189355543
252_T1_vs_T3,longitudinal,3,LFArm_to_LHand_ry,LFArm_to_LHand,ry,0.05333402135191867,0.014695533088962275,-0.03863848826295639,0.14743492600046604,0.16043629189355543
252_T1_vs_T3,longitudinal,3,LFArm_to_LHand_rz,LFArm_to_LHand,rz,0.09554080863564439,0.0320079059660942,-0.0635329026695502,0.14743492600046604,0.16043629189355543
252_T1_vs_T3,longitudinal,3,LShin_to_LFoot_rx,LShin_to_LFoot,rx,0.03414079146499733,0.0033732809982152077,-0.03076751046678212,0.14743492600046604,0.16043629189355543
252_T1_vs_T3,longitudinal,3,LShin_to_LFoot_ry,LShin_to_LFoot,ry,0.0052837831216158045,0.06577046364603953,0.06048668052442373,0.14743492600046604,0.16043629189355543
252_T1_vs_T3,longitudinal,3,LShin_to_LFoot_rz,LShin_to_LFoot,rz,0.003753754064045077,0.02284600672570473,0.019092252661659655,0.14743492600046604,0.16043629189355543
252_T1_vs_T3,longitudinal,3,LShoulder_to_LUArm_rx,LShoulder_to_LUArm,rx,0.02136076871348211,0.041040472800419676,0.019679704086937568,0.14743492600046604,0.16043629189355543
252_T1_vs_T3,longitudinal,3,LShoulder_to_LUArm_ry,LShoulder_to_LUArm,ry,0.4122138392694762,0.28598794827821117,-0.12622589099126502,0.14743492600046604,0.16043629189355543
252_T1_vs_T3,longitudinal,3,LShoulder_to_LUArm_rz,LShoulder_to_LUArm,rz,0.1408493399326942,0.06072876770210094,-0.08012057223059324,0.14743492600046604,0.16043629189355543
252_T1_vs_T3,longitudinal,3,LThigh_to_LShin_rx,LThigh_to_LShin,rx,0.25022121924556623,0.12147651303288402,-0.1287447062126822,0.14743492600046604,0.16043629189355543
252_T1_vs_T3,longitudinal,3,LThigh_to_LShin_ry,LThigh_to_LShin,ry,1.1353680916310853e-08,1.6179614792582737e-08,4.825933876271884e-09,0.14743492600046604,0.16043629189355543
252_T1_vs_T3,longitudinal,3,LThigh_to_LShin_rz,LThigh_to_LShin,rz,5.868648180897105e-09,6.649180140182539e-09,7.805319592854343e-10,0.14743492600046604,0.16043629189355543
252_T1_vs_T3,longitudinal,3,LUArm_to_LFArm_rx,LUArm_to_LFArm,rx,0.24829856919177298,0.12209129110367571,-0.12620727808809729,0.14743492600046604,0.16043629189355543
252_T1_vs_T3,longitudinal,3,LUArm_to_LFArm_ry,LUArm_to_LFArm,ry,0.07955497879535252,0.3620764649466037,0.2825214861512512,0.14743492600046604,0.16043629189355543
252_T1_vs_T3,longitudinal,3,LUArm_to_LFArm_rz,LUArm_to_LFArm,rz,0.056950659678136444,0.043917215997524156,-0.013033443680612287,0.14743492600046604,0.16043629189355543
252_T1_vs_T3,longitudinal,3,Neck_to_Head_rx,Neck_to_Head,rx,0.06623951784144472,0.00671470355149259,-0.05952481428995213,0.14743492600046604,0.16043629189355543
252_T1_vs_T3,longitudinal,3,Neck_to_Head_ry,Neck_to_Head,ry,0.003618018170041562,0.008781041080630644,0.005163022910589082,0.14743492600046604,0.16043629189355543
252_T1_vs_T3,longitudinal,3,Neck_to_Head_rz,Neck_to_Head,rz,0.04881874230137967,0.02447433351644554,-0.02434440878493413,0.14743492600046604,0.16043629189355543
252_T1_vs_T3,longitudinal,3,RFArm_to_RHand_rx,RFArm_to_RHand,rx,0.0009356313192520107,0.0064075207661388285,0.005471889446886818,0.14743492600046604,0.16043629189355543
252_T1_vs_T3,longitudinal,3,RFArm_to_RHand_ry,RFArm_to_RHand,ry,0.022548045735277657,0.051909906464478545,0.029361860729200887,0.14743492600046604,0.16043629189355543
252_T1_vs_T3,longitudinal,3,RFArm_to_RHand_rz,RFArm_to_RHand,rz,0.037943711741608266,0.15591502483086345,0.11797131308925518,0.14743492600046604,0.16043629189355543
252_T1_vs_T3,longitudinal,3,RShin_to_RFoot_rx,RShin_to_RFoot,rx,0.08374768913560186,0.024333987631743735,-0.05941370150385813,0.14743492600046604,0.16043629189355543
252_T1_vs_T3,longitudinal,3,RShin_to_RFoot_ry,RShin_to_RFoot,ry,0.07462704554791987,0.013407516474937476,-0.06121952907298239,0.14743492600046604,0.16043629189355543
252_T1_vs_T3,longitudinal,3,RShin_to_RFoot_rz,RShin_to_RFoot,rz,0.03534343515060462,0.023933969076330962,-0.011409466074273657,0.14743492600046604,0.16043629189355543
252_T1_vs_T3,longitudinal,3,RShoulder_to_RUArm_rx,RShoulder_to_RUArm,rx,0.08414758215673784,0.7013724241511442,0.6172248419944064,0.14743492600046604,0.16043629189355543
252_T1_vs_T3,longitudinal,3,RShoulder_to_RUArm_ry,RShoulder_to_RUArm,ry,0.16705776018013543,0.07554732635647614,-0.0915104338236593,0.14743492600046604,0.16043629189355543
252_T1_vs_T3,longitudinal,3,RShoulder_to_RUArm_rz,RShoulder_to_RUArm,rz,0.00781442857514472,0.06455684334500406,0.056742414769859334,0.14743492600046604,0.16043629189355543
252_T1_vs_T3,longitudinal,3,RThigh_to_RShin_rx,RThigh_to_RShin,rx,0.18164103378347282,0.0032112783209447865,-0.17842975546252804,0.14743492600046604,0.16043629189355543
252_T1_vs_T3,longitudinal,3,RThigh_to_RShin_ry,RThigh_to_RShin,ry,4.683238133945806e-09,3.718702693404405e-08,3.2503788800098246e-08,0.14743492600046604,0.16043629189355543
252_T1_vs_T3,longitudinal,3,RThigh_to_RShin_rz,RThigh_to_RShin,rz,2.0612329629781975e-08,5.889602388662007e-08,3.8283694256838094e-08,0.14743492600046604,0.16043629189355543
252_T1_vs_T3,longitudinal,3,RUArm_to_RFArm_rx,RUArm_to_RFArm,rx,0.10664129624201239,0.3335201120546146,0.22687881581260222,0.14743492600046604,0.16043629189355543
252_T1_vs_T3,longitudinal,3,RUArm_to_RFArm_ry,RUArm_to_RFArm,ry,0.6410875815098201,0.2298998492417229,-0.41118773226809724,0.14743492600046604,0.16043629189355543
252_T1_vs_T3,longitudinal,3,RUArm_to_RFArm_rz,RUArm_to_RFArm,rz,0.1792223787412685,0.02625089358837963,-0.1529714851528889,0.14743492600046604,0.16043629189355543
252_T1_vs_T3,longitudinal,4,252_to_LThigh_rx,252_to_LThigh,rx,0.22750450330602737,0.04244918678446227,-0.1850553165215651,0.09726325748062455,0.14449891020451816
252_T1_vs_T3,longitudinal,4,252_to_LThigh_ry,252_to_LThigh,ry,0.036184433413440346,0.107866597273694,0.07168216386025367,0.09726325748062455,0.14449891020451816
252_T1_vs_T3,longitudinal,4,252_to_LThigh_rz,252_to_LThigh,rz,0.11931353492433179,0.015318733577008995,-0.1039948013473228,0.09726325748062455,0.14449891020451816
252_T1_vs_T3,longitudinal,4,252_to_RThigh_rx,252_to_RThigh,rx,0.03668471441473085,0.013571003940504884,-0.023113710474225963,0.09726325748062455,0.14449891020451816
252_T1_vs_T3,longitudinal,4,252_to_RThigh_ry,252_to_RThigh,ry,0.0006690087450331526,0.010326356173049842,0.00965734742801669,0.09726325748062455,0.14449891020451816
252_T1_vs_T3,longitudinal,4,252_to_RThigh_rz,252_to_RThigh,rz,0.019899797966197424,0.13586609310956568,0.11596629514336826,0.09726325748062455,0.14449891020451816
252_T1_vs_T3,longitudinal,4,Chest_to_LShoulder_rx,Chest_to_LShoulder,rx,0.006389061385552516,0.03787702716954124,0.03148796578398873,0.09726325748062455,0.14449891020451816
252_T1_vs_T3,longitudinal,4,Chest_to_LShoulder_ry,Chest_to_LShoulder,ry,0.016828685069719067,0.05704803537594086,0.04021935030622179,0.09726325748062455,0.14449891020451816
252_T1_vs_T3,longitudinal,4,Chest_to_LShoulder_rz,Chest_to_LShoulder,rz,0.03134665265888854,0.025014507358231304,-0.006332145300657233,0.09726325748062455,0.14449891020451816
252_T1_vs_T3,longitudinal,4,Chest_to_Neck_rx,Chest_to_Neck,rx,0.1291306262121942,0.11584539391943474,-0.013285232292759463,0.09726325748062455,0.14449891020451816
252_T1_vs_T3,longitudinal,4,Chest_to_Neck_ry,Chest_to_Neck,ry,0.044505173200636176,0.025535936028385466,-0.01896923717225071,0.09726325748062455,0.14449891020451816
252_T1_vs_T3,longitudinal,4,Chest_to_Neck_rz,Chest_to_Neck,rz,0.04194365369793696,0.02695361839242472,-0.014990035305512243,0.09726325748062455,0.14449891020451816
252_T1_vs_T3,longitudinal,4,Chest_to_RShoulder_rx,Chest_to_RShoulder,rx,0.02246888197838653,0.04370914493177462,0.02124026295338809,0.09726325748062455,0.14449891020451816
252_T1_vs_T3,longitudinal,4,Chest_to_RShoulder_ry,Chest_to_RShoulder,ry,0.0016699660539498684,0.02996514215935574,0.028295176105405873,0.09726325748062455,0.14449891020451816
252_T1_vs_T3,longitudinal,4,Chest_to_RShoulder_rz,Chest_to_RShoulder,rz,0.049684220119578466,0.005324531241550443,-0.04435968887802802,0.09726325748062455,0.14449891020451816
252_T1_vs_T3,longitudinal,4,LFArm_to_LHand_rx,LFArm_to_LHand,rx,0.0030620929972636672,0.011624898529564144,0.008562805532300478,0.09726325748062455,0.14449891020451816
252_T1_vs_T3,longitudinal,4,LFArm_to_LHand_ry,LFArm_to_LHand,ry,0.03273728411888402,0.015308321896472075,-0.017428962222411942,0.09726325748062455,0.14449891020451816
252_T1_vs_T3,longitudinal,4,LFArm_to_LHand_rz,LFArm_to_LHand,rz,0.01689302345445016,0.031527265414753064,0.014634241960302902,0.09726325748062455,0.14449891020451816
252_T1_vs_T3,longitudinal,4,LShin_to_LFoot_rx,LShin_to_LFoot,rx,0.16138255666523676,0.11295796176196353,-0.048424594903273235,0.09726325748062455,0.14449891020451816
252_T1_vs_T3,longitudinal,4,LShin_to_LFoot_ry,LShin_to_LFoot,ry,0.08806588985296607,0.21150751455587982,0.12344162470291375,0.09726325748062455,0.14449891020451816
252_T1_vs_T3,longitudinal,4,LShin_to_LFoot_rz,LShin_to_LFoot,rz,0.07124543879863915,0.0021933879058930366,-0.06905205089274612,0.09726325748062455,0.14449891020451816
252_T1_vs_T3,longitudinal,4,LShoulder_to_LUArm_rx,LShoulder_to_LUArm,rx,0.07663673146952713,0.17781475123825238,0.10117801976872526,0.09726325748062455,0.14449891020451816
252_T1_vs_T3,longitudinal,4,LShoulder_to_LUArm_ry,LShoulder_to_LUArm,ry,0.23916285008567995,0.1320771212474405,-0.10708572883823944,0.09726325748062455,0.14449891020451816
252_T1_vs_T3,longitudinal,4,LShoulder_to_LUArm_rz,LShoulder_to_LUArm,rz,0.11591238744063884,0.23036401669524698,0.11445162925460814,0.09726325748062455,0.14449891020451816
252_T1_vs_T3,longitudinal,4,LThigh_to_LShin_rx,LThigh_to_LShin,rx,0.5054001683036874,0.8086509364448538,0.30325076814116636,0.09726325748062455,0.14449891020451816
252_T1_vs_T3,longitudinal,4,LThigh_to_LShin_ry,LThigh_to_LShin,ry,3.5153592095957895e-08,5.650508490165346e-08,2.1351492805695564e-08,0.09726325748062455,0.14449891020451816
252_T1_vs_T3,longitudinal,4,LThigh_to_LShin_rz,LThigh_to_LShin,rz,1.883002968300596e-08,1.0597350548189296e-08,-8.232679134816664e-09,0.09726325748062455,0.14449891020451816
252_T1_vs_T3,longitudinal,4,LUArm_to_LFArm_rx,LUArm_to_LFArm,rx,0.15476521989838807,0.13592418628676115,-0.018841033611626923,0.09726325748062455,0.14449891020451816
252_T1_vs_T3,longitudinal,4,LUArm_to_LFArm_ry,LUArm_to_LFArm,ry,0.5911179613341883,0.11410446496420724,-0.477013496369981,0.09726325748062455,0.14449891020451816
252_T1_vs_T3,longitudinal,4,LUArm_to_LFArm_rz,LUArm_to_LFArm,rz,0.1254041565201196,0.05498149385227042,-0.07042266266784919,0.09726325748062455,0.14449891020451816
252_T1_vs_T3,longitudinal,4,Neck_to_Head_rx,Neck_to_Head,rx,0.12922360042199485,0.11604760974435827,-0.013175990677636584,0.09726325748062455,0.14449891020451816
252_T1_vs_T3,longitudinal,4,Neck_to_Head_ry,Neck_to_Head,ry,0.03547330952158568,0.029865332975949874,-0.0056079765456358045,0.09726325748062455,0.14449891020451816
252_T1_vs_T3,longitudinal,4,Neck_to_Head_rz,Neck_to_Head,rz,0.049355110170209805,0.021701096204375152,-0.027654013965834653,0.09726325748062455,0.14449891020451816
252_T1_vs_T3,longitudinal,4,RFArm_to_RHand_rx,RFArm_to_RHand,rx,0.006485942468070598,0.006654737264056877,0.00016879479598627938,0.09726325748062455,0.14449891020451816
252_T1_vs_T3,longitudinal,4,RFArm_to_RHand_ry,RFArm_to_RHand,ry,0.022628132155479277,0.006807189391325416,-0.015820942764153863,0.09726325748062455,0.14449891020451816
252_T1_vs_T3,longitudinal,4,RFArm_to_RHand_rz,RFArm_to_RHand,rz,0.011829249286474218,0.003162145161701005,-0.008667104124773213,0.09726325748062455,0.14449891020451816
252_T1_vs_T3,longitudinal,4,RShin_to_RFoot_rx,RShin_to_RFoot,rx,0.037515691878882415,0.11364911057093532,0.07613341869205291,0.09726325748062455,0.14449891020451816
252_T1_vs_T3,longitudinal,4,RShin_to_RFoot_ry,RShin_to_RFoot,ry,0.13391854613937673,0.07634869547633667,-0.05756985066304006,0.09726325748062455,0.14449891020451816
252_T1_vs_T3,longitudinal,4,RShin_to_RFoot_rz,RShin_to_RFoot,rz,0.06651777964767484,0.015397262897552798,-0.051120516750122046,0.09726325748062455,0.14449891020451816
252_T1_vs_T3,longitudinal,4,RShoulder_to_RUArm_rx,RShoulder_to_RUArm,rx,0.049030530874012275,0.13739056949123202,0.08836003861721975,0.09726325748062455,0.14449891020451816
252_T1_vs_T3,longitudinal,4,RShoulder_to_RUArm_ry,RShoulder_to_RUArm,ry,0.1685407544647051,0.014148632646672862,-0.15439212181803225,0.09726325748062455,0.14449891020451816
252_T1_vs_T3,longitudinal,4,RShoulder_to_RUArm_rz,RShoulder_to_RUArm,rz,0.0641317543923164,0.0878287284492166,0.023696974056900202,0.09726325748062455,0.14449891020451816
252_T1_vs_T3,longitudinal,4,RThigh_to_RShin_rx,RThigh_to_RShin,rx,0.24604584539961233,0.13669968658661116,-0.10934615881300117,0.09726325748062455,0.14449891020451816
252_T1_vs_T3,longitudinal,4,RThigh_to_RShin_ry,RThigh_to_RShin,ry,3.501597501030982e-08,4.272356848557324e-08,7.707593475263415e-09,0.09726325748062455,0.14449891020451816
252_T1_vs_T3,longitudinal,4,RThigh_to_RShin_rz,RThigh_to_RShin,rz,3.946784316258518e-08,6.7034473635109895e-09,-3.276439579907419e-08,0.09726325748062455,0.14449891020451816
252_T1_vs_T3,longitudinal,4,RUArm_to_RFArm_rx,RUArm_to_RFArm,rx,0.06537011708323742,0.11750546764531955,0.05213535056208213,0.09726325748062455,0.14449891020451816
252_T1_vs_T3,longitudinal,4,RUArm_to_RFArm_ry,RUArm_to_RFArm,ry,0.00679796751336511,0.003580202079808777,-0.0032177654335563332,0.09726325748062455,0.14449891020451816
252_T1_vs_T3,longitudinal,4,RUArm_to_RFArm_rz,RUArm_to_RFArm,rz,0.01856030643159759,0.04460313826032754,0.026042831828729948,0.09726325748062455,0.14449891020451816
252_T1_vs_T3,longitudinal,5,252_to_LThigh_rx,252_to_LThigh,rx,0.025742008647168798,0.49081559852186146,0.46507358987469266,0.08027379204384452,0.088123644590159
252_T1_vs_T3,longitudinal,5,252_to_LThigh_ry,252_to_LThigh,ry,0.04627332899450407,0.15218116751597752,0.10590783852147345,0.08027379204384452,0.088123644590159
252_T1_vs_T3,longitudinal,5,252_to_LThigh_rz,252_to_LThigh,rz,0.01388592095614384,0.12984479310682315,0.1159588721506793,0.08027379204384452,0.088123644590159
252_T1_vs_T3,longitudinal,5,252_to_RThigh_rx,252_to_RThigh,rx,0.28105567990736374,0.5149066327417587,0.233850952834395,0.08027379204384452,0.088123644590159
252_T1_vs_T3,longitudinal,5,252_to_RThigh_ry,252_to_RThigh,ry,0.009124269248764144,0.05816375011210098,0.049039480863336836,0.08027379204384452,0.088123644590159
252_T1_vs_T3,longitudinal,5,252_to_RThigh_rz,252_to_RThigh,rz,0.13929655825105555,0.08890694217851712,-0.05038961607253843,0.08027379204384452,0.088123644590159
252_T1_vs_T3,longitudinal,5,Chest_to_LShoulder_rx,Chest_to_LShoulder,rx,0.015518638932413842,0.060334833104436554,0.04481619417202271,0.08027379204384452,0.088123644590159
252_T1_vs_T3,longitudinal,5,Chest_to_LShoulder_ry,Chest_to_LShoulder,ry,0.018246825167751984,0.07278612759290583,0.05453930242515384,0.08027379204384452,0.088123644590159
252_T1_vs_T3,longitudinal,5,Chest_to_LShoulder_rz,Chest_to_LShoulder,rz,0.0025454763366369176,0.06807983012593913,0.06553435378930221,0.08027379204384452,0.088123644590159
252_T1_vs_T3,longitudinal,5,Chest_to_Neck_rx,Chest_to_Neck,rx,0.044602834031053695,0.043157713771874946,-0.001445120259178749,0.08027379204384452,0.088123644590159
252_T1_vs_T3,longitudinal,5,Chest_to_Neck_ry,Chest_to_Neck,ry,0.008293988475438618,0.05614728545245129,0.04785329697701267,0.08027379204384452,0.088123644590159
252_T1_vs_T3,longitudinal,5,Chest_to_Neck_rz,Chest_to_Neck,rz,0.024965055520838785,0.023646523308896328,-0.0013185322119424574,0.08027379204384452,0.088123644590159
252_T1_vs_T3,longitudinal,5,Chest_to_RShoulder_rx,Chest_to_RShoulder,rx,0.05981234704189961,0.03486191526151093,-0.02495043178038868,0.08027379204384452,0.088123644590159
252_T1_vs_T3,longitudinal,5,Chest_to_RShoulder_ry,Chest_to_RShoulder,ry,0.0015487931071043405,0.046221015000673694,0.044672221893569355,0.08027379204384452,0.088123644590159
252_T1_vs_T3,longitudinal,5,Chest_to_RShoulder_rz,Chest_to_RShoulder,rz,0.02474639385311571,0.04922182503454765,0.024475431181431945,0.08027379204384452,0.088123644590159
252_T1_vs_T3,longitudinal,5,LFArm_to_LHand_rx,LFArm_to_LHand,rx,0.0025178261288631974,0.014887122562506632,0.012369296433643436,0.08027379204384452,0.088123644590159
252_T1_vs_T3,longitudinal,5,LFArm_to_LHand_ry,LFArm_to_LHand,ry,0.03104743418038029,0.042844969572552086,0.011797535392171796,0.08027379204384452,0.088123644590159
252_T1_vs_T3,longitudinal,5,LFArm_to_LHand_rz,LFArm_to_LHand,rz,0.016170813239089626,0.05220132946022375,0.03603051622113412,0.08027379204384452,0.088123644590159
252_T1_vs_T3,longitudinal,5,LShin_to_LFoot_rx,LShin_to_LFoot,rx,0.040806847777732295,0.08037751798170721,0.039570670203974916,0.08027379204384452,0.088123644590159
252_T1_vs_T3,longitudinal,5,LShin_to_LFoot_ry,LShin_to_LFoot,ry,0.1427605712226958,0.06625518189756346,-0.07650538932513234,0.08027379204384452,0.088123644590159
252_T1_vs_T3,longitudinal,5,LShin_to_LFoot_rz,LShin_to_LFoot,rz,0.017419976179942582,0.0003452194655645609,-0.017074756714378022,0.08027379204384452,0.088123644590159
252_T1_vs_T3,longitudinal,5,LShoulder_to_LUArm_rx,LShoulder_to_LUArm,rx,0.07823182108463311,0.10642323793404176,0.02819141684940865,0.08027379204384452,0.088123644590159
252_T1_vs_T3,longitudinal,5,LShoulder_to_LUArm_ry,LShoulder_to_LUArm,ry,0.04215718639420044,0.14365941452727854,0.1015022281330781,0.08027379204384452,0.088123644590159
252_T1_vs_T3,longitudinal,5,LShoulder_to_LUArm_rz,LShoulder_to_LUArm,rz,0.06823815422384934,0.06648054372045926,-0.0017576105033900724,0.08027379204384452,0.088123644590159
252_T1_vs_T3,longitudinal,5,LThigh_to_LShin_rx,LThigh_to_LShin,rx,0.4629164075637375,0.0714876909012856,-0.3914287166624519,0.08027379204384452,0.088123644590159
252_T1_vs_T3,longitudinal,5,LThigh_to_LShin_ry,LThigh_to_LShin,ry,6.154269804834044e-08,2.880783163641127e-08,-3.273486641192917e-08,0.08027379204384452,0.088123644590159
252_T1_vs_T3,longitudinal,5,LThigh_to_LShin_rz,LThigh_to_LShin,rz,2.569358014887221e-08,1.7635074424082648e-08,-8.058505724789563e-09,0.08027379204384452,0.088123644590159
252_T1_vs_T3,longitudinal,5,LUArm_to_LFArm_rx,LUArm_to_LFArm,rx,0.088867808202622,0.1595226712698969,0.07065486306727489,0.08027379204384452,0.088123644590159
252_T1_vs_T3,longitudinal,5,LUArm_to_LFArm_ry,LUArm_to_LFArm,ry,0.23385666643919112,0.3494002948886671,0.11554362844947597,0.08027379204384452,0.088123644590159
252_T1_vs_T3,longitudinal,5,LUArm_to_LFArm_rz,LUArm_to_LFArm,rz,0.003337530105210268,0.102187243454662,0.09884971334945174,0.08027379204384452,0.088123644590159
252_T1_vs_T3,longitudinal,5,Neck_to_Head_rx,Neck_to_Head,rx,0.044774189115797405,0.042907066265843334,-0.0018671228499540712,0.08027379204384452,0.088123644590159
252_T1_vs_T3,longitudinal,5,Neck_to_Head_ry,Neck_to_Head,ry,0.003469008456002613,0.0503266334542912,0.046857624998288584,0.08027379204384452,0.088123644590159
252_T1_vs_T3,longitudinal,5,Neck_to_Head_rz,Neck_to_Head,rz,0.02600540677937644,0.03381703234028699,0.00781162556091055,0.08027379204384452,0.088123644590159
252_T1_vs_T3,longitudinal,5,RFArm_to_RHand_rx,RFArm_to_RHand,rx,0.0007526448237836909,0.004024245479497662,0.0032716006557139713,0.08027379204384452,0.088123644590159
252_T1_vs_T3,longitudinal,5,RFArm_to_RHand_ry,RFArm_to_RHand,ry,0.031460104293449115,0.026552172906846014,-0.004907931386603101,0.08027379204384452,0.088123644590159
252_T1_vs_T3,longitudinal,5,RFArm_to_RHand_rz,RFArm_to_RHand,rz,0.12729751383337823,0.053624803342426405,-0.07367271049095182,0.08027379204384452,0.088123644590159
252_T1_vs_T3,longitudinal,5,RShin_to_RFoot_rx,RShin_to_RFoot,rx,0.02285778660443639,0.039067921059822604,0.016210134455386212,0.08027379204384452,0.088123644590159
252_T1_vs_T3,longitudinal,5,RShin_to_RFoot_ry,RShin_to_RFoot,ry,0.0014110872874143116,0.006555574839902663,0.005144487552488352,0.08027379204384452,0.088123644590159
252_T1_vs_T3,longitudinal,5,RShin_to_RFoot_rz,RShin_to_RFoot,rz,0.0009965223873796272,0.047909800481596584,0.046913278094216956,0.08027379204384452,0.088123644590159
252_T1_vs_T3,longitudinal,5,RShoulder_to_RUArm_rx,RShoulder_to_RUArm,rx,0.47467158078136723,0.2738866790531649,-0.20078490172820235,0.08027379204384452,0.088123644590159
252_T1_vs_T3,longitudinal,5,RShoulder_to_RUArm_ry,RShoulder_to_RUArm,ry,0.12970933037025062,0.09978942076957635,-0.02991990960067427,0.08027379204384452,0.088123644590159
252_T1_vs_T3,longitudinal,5,RShoulder_to_RUArm_rz,RShoulder_to_RUArm,rz,0.09645538250866158,0.2411979844265685,0.14474260191790694,0.08027379204384452,0.088123644590159
252_T1_vs_T3,longitudinal,5,RThigh_to_RShin_rx,RThigh_to_RShin,rx,0.31854457639008044,0.07490245616121101,-0.24364212022886944,0.08027379204384452,0.088123644590159
252_T1_vs_T3,longitudinal,5,RThigh_to_RShin_ry,RThigh_to_RShin,ry,2.3685522569583574e-08,3.065714970872089e-08,6.971627139137316e-09,0.08027379204384452,0.088123644590159
252_T1_vs_T3,longitudinal,5,RThigh_to_RShin_rz,RThigh_to_RShin,rz,6.879204322727183e-09,4.4947834102138614e-08,3.8068629779411434e-08,0.08027379204384452,0.088123644590159
252_T1_vs_T3,longitudinal,5,RUArm_to_RFArm_rx,RUArm_to_RFArm,rx,0.2578193429120609,0.13770044146838065,-0.12011890144368023,0.08027379204384452,0.088123644590159
252_T1_vs_T3,longitudinal,5,RUArm_to_RFArm_ry,RUArm_to_RFArm,ry,0.36862927654008887,0.14772710600017208,-0.2209021705399168,0.08027379204384452,0.088123644590159
252_T1_vs_T3,longitudinal,5,RUArm_to_RFArm_rz,RUArm_to_RFArm,rz,0.04860468126338828,0.011130566978740545,-0.03747411428464774,0.08027379204384452,0.088123644590159
252_T1_vs_T3,longitudinal,6,252_to_LThigh_rx,252_to_LThigh,rx,0.07188562671100522,0.21474800733813817,0.14286238062713297,0.0513535300196715,0.04901675644556728
252_T1_vs_T3,longitudinal,6,252_to_LThigh_ry,252_to_LThigh,ry,0.15989659365513662,0.009368989962992921,-0.15052760369214369,0.0513535300196715,0.04901675644556728
252_T1_vs_T3,longitudinal,6,252_to_LThigh_rz,252_to_LThigh,rz,1.4447060887172268e-06,0.04039067009374359,0.040389225387654874,0.0513535300196715,0.04901675644556728
252_T1_vs_T3,longitudinal,6,252_to_RThigh_rx,252_to_RThigh,rx,0.0672063467097211,0.20562505772487952,0.1384187110151584,0.0513535300196715,0.04901675644556728
252_T1_vs_T3,longitudinal,6,252_to_RThigh_ry,252_to_RThigh,ry,0.15925712433263772,0.027295400108354018,-0.1319617242242837,0.0513535300196715,0.04901675644556728
252_T1_vs_T3,longitudinal,6,252_to_RThigh_rz,252_to_RThigh,rz,0.02032997406006552,0.16746526051187033,0.14713528645180482,0.0513535300196715,0.04901675644556728
252_T1_vs_T3,longitudinal,6,Chest_to_LShoulder_rx,Chest_to_LShoulder,rx,0.02083247673079833,0.054818668324339764,0.03398619159354144,0.0513535300196715,0.04901675644556728
252_T1_vs_T3,longitudinal,6,Chest_to_LShoulder_ry,Chest_to_LShoulder,ry,0.08591318529664797,0.020218788995933528,-0.06569439630071444,0.0513535300196715,0.04901675644556728
252_T1_vs_T3,longitudinal,6,Chest_to_LShoulder_rz,Chest_to_LShoulder,rz,0.010416436739365148,0.01074668494512137,0.0003302482057562211,0.0513535300196715,0.04901675644556728
252_T1_vs_T3,longitudinal,6,Chest_to_Neck_rx,Chest_to_Neck,rx,0.006908578253601944,0.03224490386849836,0.02533632561489642,0.0513535300196715,0.04901675644556728
252_T1_vs_T3,longitudinal,6,Chest_to_Neck_ry,Chest_to_Neck,ry,0.06424628426314537,0.017511593600471834,-0.046734690662673536,0.0513535300196715,0.04901675644556728
252_T1_vs_T3,longitudinal,6,Chest_to_Neck_rz,Chest_to_Neck,rz,0.039330013429597466,0.048441250979580394,0.009111237549982928,0.0513535300196715,0.04901675644556728
252_T1_vs_T3,longitudinal,6,Chest_to_RShoulder_rx,Chest_to_RShoulder,rx,0.06159308251068535,0.0270873426692212,-0.03450573984146415,0.0513535300196715,0.04901675644556728
252_T1_vs_T3,longitudinal,6,Chest_to_RShoulder_ry,Chest_to_RShoulder,ry,0.01379210296330729,0.02916896529121792,0.015376862327910629,0.0513535300196715,0.04901675644556728
252_T1_vs_T3,longitudinal,6,Chest_to_RShoulder_rz,Chest_to_RShoulder,rz,0.0900213062337842,0.04830344318885442,-0.041717863044929776,0.0513535300196715,0.04901675644556728
252_T1_vs_T3,longitudinal,6,LFArm_to_LHand_rx,LFArm_to_LHand,rx,0.04169707343460659,0.01238656373110118,-0.02931050970350541,0.0513535300196715,0.04901675644556728
252_T1_vs_T3,longitudinal,6,LFArm_to_LHand_ry,LFArm_to_LHand,ry,0.07863930474609239,0.005019089990964747,-0.07362021475512764,0.0513535300196715,0.04901675644556728
252_T1_vs_T3,longitudinal,6,LFArm_to_LHand_rz,LFArm_to_LHand,rz,0.2415976883092844,0.024501167948239914,-0.2170965203610445,0.0513535300196715,0.04901675644556728
252_T1_vs_T3,longitudinal,6,LShin_to_LFoot_rx,LShin_to_LFoot,rx,0.08094223116669168,0.1130574572322801,0.03211522606558842,0.0513535300196715,0.04901675644556728
252_T1_vs_T3,longitudinal,6,LShin_to_LFoot_ry,LShin_to_LFoot,ry,0.17778168561553231,0.10334608732546455,-0.07443559829006777,0.0513535300196715,0.04901675644556728
252_T1_vs_T3,longitudinal,6,LShin_to_LFoot_rz,LShin_to_LFoot,rz,0.005329517051401375,0.07171754963259429,0.06638803258119291,0.0513535300196715,0.04901675644556728
252_T1_vs_T3,longitudinal,6,LShoulder_to_LUArm_rx,LShoulder_to_LUArm,rx,0.025419136312301686,0.1998721311708356,0.1744529948585339,0.0513535300196715,0.04901675644556728
252_T1_vs_T3,longitudinal,6,LShoulder_to_LUArm_ry,LShoulder_to_LUArm,ry,0.32837136440863063,0.1302136123514199,-0.19815775205721073,0.0513535300196715,0.04901675644556728
252_T1_vs_T3,longitudinal,6,LShoulder_to_LUArm_rz,LShoulder_to_LUArm,rz,0.20428665241542776,0.18698530150933731,-0.017301350906090446,0.0513535300196715,0.04901675644556728
252_T1_vs_T3,longitudinal,6,LThigh_to_LShin_rx,LThigh_to_LShin,rx,0.17758288622483187,0.18592240266516727,0.008339516440335398,0.0513535300196715,0.04901675644556728
252_T1_vs_T3,longitudinal,6,LThigh_to_LShin_ry,LThigh_to_LShin,ry,2.382504971093874e-08,2.0746777043754895e-08,-3.0782726671838446e-09,0.0513535300196715,0.04901675644556728
252_T1_vs_T3,longitudinal,6,LThigh_to_LShin_rz,LThigh_to_LShin,rz,4.950909141335939e-09,2.5696960500797277e-08,2.074605135946134e-08,0.0513535300196715,0.04901675644556728
252_T1_vs_T3,longitudinal,6,LUArm_to_LFArm_rx,LUArm_to_LFArm,rx,0.1917189241373253,0.4854497240722612,0.2937307999349359,0.0513535300196715,0.04901675644556728
252_T1_vs_T3,longitudinal,6,LUArm_to_LFArm_ry,LUArm_to_LFArm,ry,0.2630646418311766,0.11167222075769949,-0.1513924210734771,0.0513535300196715,0.04901675644556728
252_T1_vs_T3,longitudinal,6,LUArm_to_LFArm_rz,LUArm_to_LFArm,rz,0.010381354253141302,0.18756161690423132,0.17718026265109002,0.0513535300196715,0.04901675644556728
252_T1_vs_T3,longitudinal,6,Neck_to_Head_rx,Neck_to_Head,rx,0.006946837932625683,0.03210782602125871,0.025160988088633027,0.0513535300196715,0.04901675644556728
252_T1_vs_T3,longitudinal,6,Neck_to_Head_ry,Neck_to_Head,ry,0.0702053812448584,0.026202027578029058,-0.04400335366682934,0.0513535300196715,0.04901675644556728
252_T1_vs_T3,longitudinal,6,Neck_to_Head_rz,Neck_to_Head,rz,0.026091118268345544,0.04399663495532913,0.017905516686983584,0.0513535300196715,0.04901675644556728
252_T1_vs_T3,longitudinal,6,RFArm_to_RHand_rx,RFArm_to_RHand,rx,0.002171834249939834,0.004569281540589777,0.0023974472906499425,0.0513535300196715,0.04901675644556728
252_T1_vs_T3,longitudinal,6,RFArm_to_RHand_ry,RFArm_to_RHand,ry,0.012615669105299656,0.006907502626084111,-0.005708166479215545,0.0513535300196715,0.04901675644556728
252_T1_vs_T3,longitudinal,6,RFArm_to_RHand_rz,RFArm_to_RHand,rz,0.07705698092544554,0.03212516489455537,-0.044931816030890165,0.0513535300196715,0.04901675644556728
252_T1_vs_T3,longitudinal,6,RShin_to_RFoot_rx,RShin_to_RFoot,rx,0.017737374189149967,0.03867965118744925,0.020942276998299286,0.0513535300196715,0.04901675644556728
252_T1_vs_T3,longitudinal,6,RShin_to_RFoot_ry,RShin_to_RFoot,ry,0.05832829767983153,0.032601618189398184,-0.02572667949043335,0.0513535300196715,0.04901675644556728
252_T1_vs_T3,longitudinal,6,RShin_to_RFoot_rz,RShin_to_RFoot,rz,0.03709859551133503,0.01016308559536279,-0.02693550991597224,0.0513535300196715,0.04901675644556728
252_T1_vs_T3,longitudinal,6,RShoulder_to_RUArm_rx,RShoulder_to_RUArm,rx,0.3873449675403562,0.0702543990050128,-0.3170905685353434,0.0513535300196715,0.04901675644556728
252_T1_vs_T3,longitudinal,6,RShoulder_to_RUArm_ry,RShoulder_to_RUArm,ry,0.11837744602250182,0.5689017535224107,0.45052430749990885,0.0513535300196715,0.04901675644556728
252_T1_vs_T3,longitudinal,6,RShoulder_to_RUArm_rz,RShoulder_to_RUArm,rz,0.4393279965222421,0.06085388764954262,-0.37847410887269944,0.0513535300196715,0.04901675644556728
252_T1_vs_T3,longitudinal,6,RThigh_to_RShin_rx,RThigh_to_RShin,rx,0.2894759273718155,0.04903950153342792,-0.24043642583838756,0.0513535300196715,0.04901675644556728
252_T1_vs_T3,longitudinal,6,RThigh_to_RShin_ry,RThigh_to_RShin,ry,1.2309443209896358e-08,4.575271471751043e-08,3.344327150761407e-08,0.0513535300196715,0.04901675644556728
252_T1_vs_T3,longitudinal,6,RThigh_to_RShin_rz,RThigh_to_RShin,rz,1.1399131500103025e-07,6.318284683897147e-08,-5.080846816205878e-08,0.0513535300196715,0.04901675644556728
252_T1_vs_T3,longitudinal,6,RUArm_to_RFArm_rx,RUArm_to_RFArm,rx,0.10374430288494857,0.28905988441303443,0.18531558152808586,0.0513535300196715,0.04901675644556728
252_T1_vs_T3,longitudinal,6,RUArm_to_RFArm_ry,RUArm_to_RFArm,ry,0.2045591367980805,0.07177057739463191,-0.13278855940344858,0.0513535300196715,0.04901675644556728
252_T1_vs_T3,longitudinal,6,RUArm_to_RFArm_rz,RUArm_to_RFArm,rz,0.10313314250469847,0.0023975034525318514,-0.10073563905216662,0.0513535300196715,0.04901675644556728
252_T1_vs_T3,longitudinal,7,252_to_LThigh_rx,252_to_LThigh,rx,0.048027328214372444,0.30983463291830804,0.2618073047039356,0.048834197853162,0.029719422838882962
252_T1_vs_T3,longitudinal,7,252_to_LThigh_ry,252_to_LThigh,ry,0.07722520042839297,0.014909115900209635,-0.06231608452818333,0.048834197853162,0.029719422838882962
252_T1_vs_T3,longitudinal,7,252_to_LThigh_rz,252_to_LThigh,rz,0.06255031871325095,0.12858703999571233,0.06603672128246138,0.048834197853162,0.029719422838882962
252_T1_vs_T3,longitudinal,7,252_to_RThigh_rx,252_to_RThigh,rx,0.184699403064729,0.2910377189325682,0.10633831586783918,0.048834197853162,0.029719422838882962
252_T1_vs_T3,longitudinal,7,252_to_RThigh_ry,252_to_RThigh,ry,0.07179991564289889,0.07880354310373534,0.007003627460836451,0.048834197853162,0.029719422838882962
252_T1_vs_T3,longitudinal,7,252_to_RThigh_rz,252_to_RThigh,rz,0.1723697549945637,0.020768961063772164,-0.15160079393079154,0.048834197853162,0.029719422838882962
252_T1_vs_T3,longitudinal,7,Chest_to_LShoulder_rx,Chest_to_LShoulder,rx,0.04129728801975912,0.046580127749670915,0.005282839729911795,0.048834197853162,0.029719422838882962
252_T1_vs_T3,longitudinal,7,Chest_to_LShoulder_ry,Chest_to_LShoulder,ry,0.016271969845909087,0.03850678105074684,0.022234811204837755,0.048834197853162,0.029719422838882962
252_T1_vs_T3,longitudinal,7,Chest_to_LShoulder_rz,Chest_to_LShoulder,rz,0.029057561256021828,0.052894032629960445,0.023836471373938618,0.048834197853162,0.029719422838882962
252_T1_vs_T3,longitudinal,7,Chest_to_Neck_rx,Chest_to_Neck,rx,0.014079979242759211,0.08932612610281382,0.07524614686005461,0.048834197853162,0.029719422838882962
252_T1_vs_T3,longitudinal,7,Chest_to_Neck_ry,Chest_to_Neck,ry,0.03481027657181711,0.030118907911312675,-0.004691368660504434,0.048834197853162,0.029719422838882962
252_T1_vs_T3,longitudinal,7,Chest_to_Neck_rz,Chest_to_Neck,rz,0.07770823610666353,0.08424127578070088,0.006533039674037358,0.048834197853162,0.029719422838882962
252_T1_vs_T3,longitudinal,7,Chest_to_RShoulder_rx,Chest_to_RShoulder,rx,0.017877140523406086,0.03951952649118928,0.021642385967783197,0.048834197853162,0.029719422838882962
252_T1_vs_T3,longitudinal,7,Chest_to_RShoulder_ry,Chest_to_RShoulder,ry,0.03453510857721979,0.0038538382487024276,-0.03068127032851736,0.048834197853162,0.029719422838882962
252_T1_vs_T3,longitudinal,7,Chest_to_RShoulder_rz,Chest_to_RShoulder,rz,0.021258234108080924,0.12655998094608825,0.10530174683800733,0.048834197853162,0.029719422838882962
252_T1_vs_T3,longitudinal,7,LFArm_to_LHand_rx,LFArm_to_LHand,rx,0.012286641792580951,0.009309706750804518,-0.002976935041776433,0.048834197853162,0.029719422838882962
252_T1_vs_T3,longitudinal,7,LFArm_to_LHand_ry,LFArm_to_LHand,ry,0.012077369126264269,0.02833590037847583,0.016258531252211564,0.048834197853162,0.029719422838882962
252_T1_vs_T3,longitudinal,7,LFArm_to_LHand_rz,LFArm_to_LHand,rz,0.04124144890940731,0.09136505661151871,0.0501236077021114,0.048834197853162,0.029719422838882962
252_T1_vs_T3,longitudinal,7,LShin_to_LFoot_rx,LShin_to_LFoot,rx,0.1999072198054456,0.17752064892030295,-0.022386570885142648,0.048834197853162,0.029719422838882962
252_T1_vs_T3,longitudinal,7,LShin_to_LFoot_ry,LShin_to_LFoot,ry,0.04440562908061107,0.04797306916711444,0.003567440086503372,0.048834197853162,0.029719422838882962
252_T1_vs_T3,longitudinal,7,LShin_to_LFoot_rz,LShin_to_LFoot,rz,0.10194749694645985,0.1042231988413747,0.0022757018949148416,0.048834197853162,0.029719422838882962
252_T1_vs_T3,longitudinal,7,LShoulder_to_LUArm_rx,LShoulder_to_LUArm,rx,0.16357166298354614,0.08408744195259575,-0.07948422103095039,0.048834197853162,0.029719422838882962
252_T1_vs_T3,longitudinal,7,LShoulder_to_LUArm_ry,LShoulder_to_LUArm,ry,0.052541028833809754,0.4336372397607607,0.38109621092695095,0.048834197853162,0.029719422838882962
252_T1_vs_T3,longitudinal,7,LShoulder_to_LUArm_rz,LShoulder_to_LUArm,rz,0.15648648554749842,0.2134614577022298,0.05697497215473138,0.048834197853162,0.029719422838882962
252_T1_vs_T3,longitudinal,7,LThigh_to_LShin_rx,LThigh_to_LShin,rx,0.11749062733906564,0.15971625029760686,0.04222562295854122,0.048834197853162,0.029719422838882962
252_T1_vs_T3,longitudinal,7,LThigh_to_LShin_ry,LThigh_to_LShin,ry,3.249799667247967e-08,3.7190979466289886e-08,4.692982793810216e-09,0.048834197853162,0.029719422838882962
252_T1_vs_T3,longitudinal,7,LThigh_to_LShin_rz,LThigh_to_LShin,rz,1.527236008388098e-09,5.527594516816054e-09,4.000358508427956e-09,0.048834197853162,0.029719422838882962
252_T1_vs_T3,longitudinal,7,LUArm_to_LFArm_rx,LUArm_to_LFArm,rx,0.4412039018946503,0.13558305314522937,-0.30562084874942097,0.048834197853162,0.029719422838882962
252_T1_vs_T3,longitudinal,7,LUArm_to_LFArm_ry,LUArm_to_LFArm,ry,0.02557624431085479,0.3436160092159073,0.3180397649050525,0.048834197853162,0.029719422838882962
252_T1_vs_T3,longitudinal,7,LUArm_to_LFArm_rz,LUArm_to_LFArm,rz,0.19247573758880812,0.029260528095182575,-0.16321520949362556,0.048834197853162,0.029719422838882962
252_T1_vs_T3,longitudinal,7,Neck_to_Head_rx,Neck_to_Head,rx,0.014134587488186419,0.08921783222624556,0.07508324473805914,0.048834197853162,0.029719422838882962
252_T1_vs_T3,longitudinal,7,Neck_to_Head_ry,Neck_to_Head,ry,0.048634185631582554,0.045293859901630436,-0.0033403257299521177,0.048834197853162,0.029719422838882962
252_T1_vs_T3,longitudinal,7,Neck_to_Head_rz,Neck_to_Head,rz,0.06930978500950721,0.07654144758756092,0.007231662578053702,0.048834197853162,0.029719422838882962
252_T1_vs_T3,longitudinal,7,RFArm_to_RHand_rx,RFArm_to_RHand,rx,0.004314032370519651,0.0018892679036213499,-0.0024247644668983015,0.048834197853162,0.029719422838882962
252_T1_vs_T3,longitudinal,7,RFArm_to_RHand_ry,RFArm_to_RHand,ry,0.004603719531008147,0.00493792243543233,0.0003342029044241827,0.048834197853162,0.029719422838882962
252_T1_vs_T3,longitudinal,7,RFArm_to_RHand_rz,RFArm_to_RHand,rz,0.017090692426775016,0.019104545455388377,0.002013853028613361,0.048834197853162,0.029719422838882962
252_T1_vs_T3,longitudinal,7,RShin_to_RFoot_rx,RShin_to_RFoot,rx,0.08826817115776243,0.12342406558283657,0.035155894425074136,0.048834197853162,0.029719422838882962
252_T1_vs_T3,longitudinal,7,RShin_to_RFoot_ry,RShin_to_RFoot,ry,0.09099650183900682,0.09181355937995499,0.0008170575409481712,0.048834197853162,0.029719422838882962
252_T1_vs_T3,longitudinal,7,RShin_to_RFoot_rz,RShin_to_RFoot,rz,0.025591193865995582,0.06087253299567047,0.03528133912967489,0.048834197853162,0.029719422838882962
252_T1_vs_T3,longitudinal,7,RShoulder_to_RUArm_rx,RShoulder_to_RUArm,rx,0.21138649604536522,0.17761994505092224,-0.03376655099444298,0.048834197853162,0.029719422838882962
252_T1_vs_T3,longitudinal,7,RShoulder_to_RUArm_ry,RShoulder_to_RUArm,ry,0.47338012203650287,0.023408549507379035,-0.44997157252912384,0.048834197853162,0.029719422838882962
252_T1_vs_T3,longitudinal,7,RShoulder_to_RUArm_rz,RShoulder_to_RUArm,rz,0.10504844304024252,0.3705961092963353,0.2655476662560928,0.048834197853162,0.029719422838882962
252_T1_vs_T3,longitudinal,7,RThigh_to_RShin_rx,RThigh_to_RShin,rx,0.4155251613800029,0.041753134720790855,-0.37377202665921205,0.048834197853162,0.029719422838882962
252_T1_vs_T3,longitudinal,7,RThigh_to_RShin_ry,RThigh_to_RShin,ry,5.604914575933032e-08,1.737115416724379e-08,-3.867799159208653e-08,0.048834197853162,0.029719422838882962
252_T1_vs_T3,longitudinal,7,RThigh_to_RShin_rz,RThigh_to_RShin,rz,2.5970487314441245e-08,4.6256217901528554e-09,-2.134486552428839e-08,0.048834197853162,0.029719422838882962
252_T1_vs_T3,longitudinal,7,RUArm_to_RFArm_rx,RUArm_to_RFArm,rx,0.1594147936952284,0.1125600187609583,-0.04685477493427011,0.048834197853162,0.029719422838882962
252_T1_vs_T3,longitudinal,7,RUArm_to_RFArm_ry,RUArm_to_RFArm,ry,0.18334763268263968,0.24334244815645975,0.05999481547382007,0.048834197853162,0.029719422838882962
252_T1_vs_T3,longitudinal,7,RUArm_to_RFArm_rz,RUArm_to_RFArm,rz,0.12722908999049953,0.10845735199634858,-0.018771737994150953,0.048834197853162,0.029719422838882962
252_T1_vs_T3,longitudinal,8,252_to_LThigh_rx,252_to_LThigh,rx,0.40266389794911966,0.03531866692747603,-0.3673452310216436,0.03057255113061955,0.020664465410997847
252_T1_vs_T3,longitudinal,8,252_to_LThigh_ry,252_to_LThigh,ry,0.08988129504314298,0.0014036863891643894,-0.08847760865397858,0.03057255113061955,0.020664465410997847
252_T1_vs_T3,longitudinal,8,252_to_LThigh_rz,252_to_LThigh,rz,0.21983436778308083,0.14870753656537314,-0.07112683121770769,0.03057255113061955,0.020664465410997847
252_T1_vs_T3,longitudinal,8,252_to_RThigh_rx,252_to_RThigh,rx,0.2969949576029013,0.2503172792587923,-0.046677678344108964,0.03057255113061955,0.020664465410997847
252_T1_vs_T3,longitudinal,8,252_to_RThigh_ry,252_to_RThigh,ry,0.003127862210715406,0.020782322098333774,0.01765445988761837,0.03057255113061955,0.020664465410997847
252_T1_vs_T3,longitudinal,8,252_to_RThigh_rz,252_to_RThigh,rz,0.1535659696872668,0.1876302421962823,0.0340642725090155,0.03057255113061955,0.020664465410997847
252_T1_vs_T3,longitudinal,8,Chest_to_LShoulder_rx,Chest_to_LShoulder,rx,0.07100270752574706,0.0210251155467427,-0.04997759197900435,0.03057255113061955,0.020664465410997847
252_T1_vs_T3,longitudinal,8,Chest_to_LShoulder_ry,Chest_to_LShoulder,ry,0.0318709643694884,0.005712464937202087,-0.026158499432286313,0.03057255113061955,0.020664465410997847
252_T1_vs_T3,longitudinal,8,Chest_to_LShoulder_rz,Chest_to_LShoulder,rz,0.07040416261868027,0.03122223125240291,-0.03918193136627736,0.03057255113061955,0.020664465410997847
252_T1_vs_T3,longitudinal,8,Chest_to_Neck_rx,Chest_to_Neck,rx,0.04530872686106455,0.0023423803324697837,-0.04296634652859476,0.03057255113061955,0.020664465410997847
252_T1_vs_T3,longitudinal,8,Chest_to_Neck_ry,Chest_to_Neck,ry,0.07712121682455873,0.051288504104020465,-0.02583271272053827,0.03057255113061955,0.020664465410997847
252_T1_vs_T3,longitudinal,8,Chest_to_Neck_rz,Chest_to_Neck,rz,0.0013225467800465763,0.019892638228550346,0.01857009144850377,0.03057255113061955,0.020664465410997847
252_T1_vs_T3,longitudinal,8,Chest_to_RShoulder_rx,Chest_to_RShoulder,rx,0.04355212210367527,0.0037884828787327655,-0.039763639224942506,0.03057255113061955,0.020664465410997847
252_T1_vs_T3,longitudinal,8,Chest_to_RShoulder_ry,Chest_to_RShoulder,ry,0.024599474987338873,0.017592749429700946,-0.007006725557637927,0.03057255113061955,0.020664465410997847
252_T1_vs_T3,longitudinal,8,Chest_to_RShoulder_rz,Chest_to_RShoulder,rz,0.00501059699207903,0.07675235479380543,0.0717417578017264,0.03057255113061955,0.020664465410997847
252_T1_vs_T3,longitudinal,8,LFArm_to_LHand_rx,LFArm_to_LHand,rx,0.015060804049498819,0.026074437488682597,0.011013633439183778,0.03057255113061955,0.020664465410997847
252_T1_vs_T3,longitudinal,8,LFArm_to_LHand_ry,LFArm_to_LHand,ry,0.052078922749795184,0.08699653170007314,0.034917608950277956,0.03057255113061955,0.020664465410997847
252_T1_vs_T3,longitudinal,8,LFArm_to_LHand_rz,LFArm_to_LHand,rz,0.12244178201274045,0.1495474168394718,0.02710563482673134,0.03057255113061955,0.020664465410997847
252_T1_vs_T3,longitudinal,8,LShin_to_LFoot_rx,LShin_to_LFoot,rx,0.13653869433194685,0.06775305323401362,-0.06878564109793323,0.03057255113061955,0.020664465410997847
252_T1_vs_T3,longitudinal,8,LShin_to_LFoot_ry,LShin_to_LFoot,ry,0.008268395617430369,0.006238097884201878,-0.0020302977332284904,0.03057255113061955,0.020664465410997847
252_T1_vs_T3,longitudinal,8,LShin_to_LFoot_rz,LShin_to_LFoot,rz,0.06730333342127183,0.0828928419659858,0.01558950854471397,0.03057255113061955,0.020664465410997847
252_T1_vs_T3,longitudinal,8,LShoulder_to_LUArm_rx,LShoulder_to_LUArm,rx,0.25406808274812664,0.09641396485898826,-0.15765411788913838,0.03057255113061955,0.020664465410997847
252_T1_vs_T3,longitudinal,8,LShoulder_to_LUArm_ry,LShoulder_to_LUArm,ry,0.2416788304220781,0.275242641931503,0.03356381150942489,0.03057255113061955,0.020664465410997847
252_T1_vs_T3,longitudinal,8,LShoulder_to_LUArm_rz,LShoulder_to_LUArm,rz,0.15632075161533282,0.17436024671105566,0.018039495095722835,0.03057255113061955,0.020664465410997847
252_T1_vs_T3,longitudinal,8,LThigh_to_LShin_rx,LThigh_to_LShin,rx,0.09789419950863057,0.1869387475320366,0.08904454802340603,0.03057255113061955,0.020664465410997847
252_T1_vs_T3,longitudinal,8,LThigh_to_LShin_ry,LThigh_to_LShin,ry,4.5385952995683535e-08,5.051883590100484e-10,-4.488076463667349e-08,0.03057255113061955,0.020664465410997847
252_T1_vs_T3,longitudinal,8,LThigh_to_LShin_rz,LThigh_to_LShin,rz,1.0350912357316866e-08,5.749400923635465e-09,-4.601511433681401e-09,0.03057255113061955,0.020664465410997847
252_T1_vs_T3,longitudinal,8,LUArm_to_LFArm_rx,LUArm_to_LFArm,rx,0.27350464067408453,0.204310399835852,-0.06919424083823253,0.03057255113061955,0.020664465410997847
252_T1_vs_T3,longitudinal,8,LUArm_to_LFArm_ry,LUArm_to_LFArm,ry,0.17683364338194837,0.19324050139896934,0.016406858017020964,0.03057255113061955,0.020664465410997847
252_T1_vs_T3,longitudinal,8,LUArm_to_LFArm_rz,LUArm_to_LFArm,rz,0.010316448860430595,0.011361249035697756,0.0010448001752671604,0.03057255113061955,0.020664465410997847
252_T1_vs_T3,longitudinal,8,Neck_to_Head_rx,Neck_to_Head,rx,0.045145428078706445,0.0023094364566242642,-0.04283599162208218,0.03057255113061955,0.020664465410997847
252_T1_vs_T3,longitudinal,8,Neck_to_Head_ry,Neck_to_Head,ry,0.07509689404955294,0.053939499737056876,-0.021157394312496067,0.03057255113061955,0.020664465410997847
252_T1_vs_T3,longitudinal,8,Neck_to_Head_rz,Neck_to_Head,rz,0.01607785687997269,0.00953502618595194,-0.00654283069402075,0.03057255113061955,0.020664465410997847
252_T1_vs_T3,longitudinal,8,RFArm_to_RHand_rx,RFArm_to_RHand,rx,0.010003264576213538,0.0030754648592561237,-0.0069277997169574146,0.03057255113061955,0.020664465410997847
252_T1_vs_T3,longitudinal,8,RFArm_to_RHand_ry,RFArm_to_RHand,ry,0.04490216751670104,0.0025862847060559497,-0.04231588281064509,0.03057255113061955,0.020664465410997847
252_T1_vs_T3,longitudinal,8,RFArm_to_RHand_rz,RFArm_to_RHand,rz,0.004192478683568659,0.06736067315606709,0.06316819447249843,0.03057255113061955,0.020664465410997847
252_T1_vs_T3,longitudinal,8,RShin_to_RFoot_rx,RShin_to_RFoot,rx,0.17638867479617085,0.2569250774212403,0.08053640262506948,0.03057255113061955,0.020664465410997847
252_T1_vs_T3,longitudinal,8,RShin_to_RFoot_ry,RShin_to_RFoot,ry,0.06214768818503234,0.026675013997945255,-0.03547267418708709,0.03057255113061955,0.020664465410997847
252_T1_vs_T3,longitudinal,8,RShin_to_RFoot_rz,RShin_to_RFoot,rz,0.012380270937391163,0.1266513711174106,0.11427110018001943,0.03057255113061955,0.020664465410997847
252_T1_vs_T3,longitudinal,8,RShoulder_to_RUArm_rx,RShoulder_to_RUArm,rx,0.15328764303632697,0.05101822339217215,-0.10226941964415481,0.03057255113061955,0.020664465410997847
252_T1_vs_T3,longitudinal,8,RShoulder_to_RUArm_ry,RShoulder_to_RUArm,ry,0.1762977228452223,0.2360896085980579,0.05979188575283559,0.03057255113061955,0.020664465410997847
252_T1_vs_T3,longitudinal,8,RShoulder_to_RUArm_rz,RShoulder_to_RUArm,rz,0.35044097178698735,0.3046524662911541,-0.04578850549583324,0.03057255113061955,0.020664465410997847
252_T1_vs_T3,longitudinal,8,RThigh_to_RShin_rx,RThigh_to_RShin,rx,0.014609181519701593,0.06906207985185711,0.05445289833215552,0.03057255113061955,0.020664465410997847
252_T1_vs_T3,longitudinal,8,RThigh_to_RShin_ry,RThigh_to_RShin,ry,1.65627582892705e-08,3.189724037841533e-08,1.5334482089144833e-08,0.03057255113061955,0.020664465410997847
252_T1_vs_T3,longitudinal,8,RThigh_to_RShin_rz,RThigh_to_RShin,rz,1.6985499474044914e-08,6.417698628930483e-08,4.719148681525991e-08,0.03057255113061955,0.020664465410997847
252_T1_vs_T3,longitudinal,8,RUArm_to_RFArm_rx,RUArm_to_RFArm,rx,0.2830109393552193,0.20852724343843468,-0.07448369591678464,0.03057255113061955,0.020664465410997847
252_T1_vs_T3,longitudinal,8,RUArm_to_RFArm_ry,RUArm_to_RFArm,ry,0.1934155053291804,0.5460627814722605,0.3526472761430801,0.03057255113061955,0.020664465410997847
252_T1_vs_T3,longitudinal,8,RUArm_to_RFArm_rz,RUArm_to_RFArm,rz,0.058981768942532646,0.08945482181028408,0.030473052867751434,0.03057255113061955,0.020664465410997847
252_T1_vs_T3,longitudinal,9,252_to_LThigh_rx,252_to_LThigh,rx,0.33252237356037795,0.004767761987442851,-0.3277546115729351,0.030162292069741834,0.014974122839953105
252_T1_vs_T3,longitudinal,9,252_to_LThigh_ry,252_to_LThigh,ry,0.09629561801582813,0.046267245680433534,-0.050028372335394596,0.030162292069741834,0.014974122839953105
252_T1_vs_T3,longitudinal,9,252_to_LThigh_rz,252_to_LThigh,rz,0.11202411556796811,0.1774986303579544,0.0654745147899863,0.030162292069741834,0.014974122839953105
252_T1_vs_T3,longitudinal,9,252_to_RThigh_rx,252_to_RThigh,rx,0.5584732023117298,0.025878478518951253,-0.5325947237927786,0.030162292069741834,0.014974122839953105
252_T1_vs_T3,longitudinal,9,252_to_RThigh_ry,252_to_RThigh,ry,0.04814485172180363,0.09485130686984772,0.046706455148044085,0.030162292069741834,0.014974122839953105
252_T1_vs_T3,longitudinal,9,252_to_RThigh_rz,252_to_RThigh,rz,0.13945125877520512,0.08198445406688495,-0.05746680470832016,0.030162292069741834,0.014974122839953105
252_T1_vs_T3,longitudinal,9,Chest_to_LShoulder_rx,Chest_to_LShoulder,rx,0.03319504463373437,0.021573070694704086,-0.011621973939030285,0.030162292069741834,0.014974122839953105
252_T1_vs_T3,longitudinal,9,Chest_to_LShoulder_ry,Chest_to_LShoulder,ry,0.020805067866518697,0.0779449125627472,0.0571398446962285,0.030162292069741834,0.014974122839953105
252_T1_vs_T3,longitudinal,9,Chest_to_LShoulder_rz,Chest_to_LShoulder,rz,0.06101236169082682,0.06224270459190694,0.0012303429010801226,0.030162292069741834,0.014974122839953105
252_T1_vs_T3,longitudinal,9,Chest_to_Neck_rx,Chest_to_Neck,rx,0.00918939066962463,0.02102652465967978,0.01183713399005515,0.030162292069741834,0.014974122839953105
252_T1_vs_T3,longitudinal,9,Chest_to_Neck_ry,Chest_to_Neck,ry,0.02253026716426581,0.07284192351377322,0.05031165634950741,0.030162292069741834,0.014974122839953105
252_T1_vs_T3,longitudinal,9,Chest_to_Neck_rz,Chest_to_Neck,rz,0.036072409933495905,0.023955348342318716,-0.012117061591177189,0.030162292069741834,0.014974122839953105
252_T1_vs_T3,longitudinal,9,Chest_to_RShoulder_rx,Chest_to_RShoulder,rx,0.01776227963348396,0.02389881814099156,0.006136538507507602,0.030162292069741834,0.014974122839953105
252_T1_vs_T3,longitudinal,9,Chest_to_RShoulder_ry,Chest_to_RShoulder,ry,0.022282973070967396,0.03400053893253139,0.011717565861563993,0.030162292069741834,0.014974122839953105
252_T1_vs_T3,longitudinal,9,Chest_to_RShoulder_rz,Chest_to_RShoulder,rz,0.10821233685076687,0.04584000313052361,-0.062372333720243256,0.030162292069741834,0.014974122839953105
252_T1_vs_T3,longitudinal,9,LFArm_to_LHand_rx,LFArm_to_LHand,rx,0.02240333222204731,0.03916917214624041,0.0167658399241931,0.030162292069741834,0.014974122839953105
252_T1_vs_T3,longitudinal,9,LFArm_to_LHand_ry,LFArm_to_LHand,ry,0.05000374680121887,0.07809248649588742,0.028088739694668546,0.030162292069741834,0.014974122839953105
252_T1_vs_T3,longitudinal,9,LFArm_to_LHand_rz,LFArm_to_LHand,rz,0.05794551966199713,0.23937491617904635,0.18142939651704923,0.030162292069741834,0.014974122839953105
252_T1_vs_T3,longitudinal,9,LShin_to_LFoot_rx,LShin_to_LFoot,rx,0.0015323903968595728,0.09393566234487602,0.09240327194801645,0.030162292069741834,0.014974122839953105
252_T1_vs_T3,longitudinal,9,LShin_to_LFoot_ry,LShin_to_LFoot,ry,0.13429831587080687,0.13269291445523498,-0.0016054014155718888,0.030162292069741834,0.014974122839953105
252_T1_vs_T3,longitudinal,9,LShin_to_LFoot_rz,LShin_to_LFoot,rz,0.07737430858388684,0.038158442160026784,-0.03921586642386006,0.030162292069741834,0.014974122839953105
252_T1_vs_T3,longitudinal,9,LShoulder_to_LUArm_rx,LShoulder_to_LUArm,rx,0.1278931241915385,0.17759723501766808,0.04970411082612958,0.030162292069741834,0.014974122839953105
252_T1_vs_T3,longitudinal,9,LShoulder_to_LUArm_ry,LShoulder_to_LUArm,ry,0.22836791448037186,0.41466315870783044,0.18629524422745858,0.030162292069741834,0.014974122839953105
252_T1_vs_T3,longitudinal,9,LShoulder_to_LUArm_rz,LShoulder_to_LUArm,rz,0.2838523110871039,0.15838068653353432,-0.12547162455356958,0.030162292069741834,0.014974122839953105
252_T1_vs_T3,longitudinal,9,LThigh_to_LShin_rx,LThigh_to_LShin,rx,0.33686391771479246,0.00966641181757996,-0.3271975058972125,0.030162292069741834,0.014974122839953105
252_T1_vs_T3,longitudinal,9,LThigh_to_LShin_ry,LThigh_to_LShin,ry,2.0496610086065297e-08,2.352442888208932e-08,3.0278187960240216e-09,0.030162292069741834,0.014974122839953105
252_T1_vs_T3,longitudinal,9,LThigh_to_LShin_rz,LThigh_to_LShin,rz,7.2383868168663e-10,2.9329914047669305e-09,2.2091527230803003e-09,0.030162292069741834,0.014974122839953105
252_T1_vs_T3,longitudinal,9,LUArm_to_LFArm_rx,LUArm_to_LFArm,rx,0.24703542179653162,0.38610027430622446,0.13906485250969283,0.030162292069741834,0.014974122839953105
252_T1_vs_T3,longitudinal,9,LUArm_to_LFArm_ry,LUArm_to_LFArm,ry,0.0640171427220551,0.5207706270267906,0.45675348430473545,0.030162292069741834,0.014974122839953105
252_T1_vs_T3,longitudinal,9,LUArm_to_LFArm_rz,LUArm_to_LFArm,rz,0.013645028612797856,0.011481052916517933,-0.002163975696279923,0.030162292069741834,0.014974122839953105
252_T1_vs_T3,longitudinal,9,Neck_to_Head_rx,Neck_to_Head,rx,0.008934246212180554,0.020909797642151447,0.011975551429970893,0.030162292069741834,0.014974122839953105
252_T1_vs_T3,longitudinal,9,Neck_to_Head_ry,Neck_to_Head,ry,0.028678424885216162,0.07568989171221466,0.0470114668269985,0.030162292069741834,0.014974122839953105
252_T1_vs_T3,longitudinal,9,Neck_to_Head_rz,Neck_to_Head,rz,0.031116391221313315,0.009555401704769057,-0.021560989516544258,0.030162292069741834,0.014974122839953105
252_T1_vs_T3,longitudinal,9,RFArm_to_RHand_rx,RFArm_to_RHand,rx,0.0025828182582101544,0.003486632899781352,0.0009038146415711978,0.030162292069741834,0.014974122839953105
252_T1_vs_T3,longitudinal,9,RFArm_to_RHand_ry,RFArm_to_RHand,ry,0.0024574516878572944,0.007044697773387867,0.004587246085530572,0.030162292069741834,0.014974122839953105
252_T1_vs_T3,longitudinal,9,RFArm_to_RHand_rz,RFArm_to_RHand,rz,0.07023396215911594,0.03438789389010503,-0.03584606826901091,0.030162292069741834,0.014974122839953105
252_T1_vs_T3,longitudinal,9,RShin_to_RFoot_rx,RShin_to_RFoot,rx,0.19862574613799341,0.04087443678818059,-0.15775130934981282,0.030162292069741834,0.014974122839953105
252_T1_vs_T3,longitudinal,9,RShin_to_RFoot_ry,RShin_to_RFoot,ry,0.03075769287385845,0.08833775601047816,0.057580063136619716,0.030162292069741834,0.014974122839953105
252_T1_vs_T3,longitudinal,9,RShin_to_RFoot_rz,RShin_to_RFoot,rz,0.0959149946084147,0.002355921914239339,-0.09355907269417536,0.030162292069741834,0.014974122839953105
252_T1_vs_T3,longitudinal,9,RShoulder_to_RUArm_rx,RShoulder_to_RUArm,rx,0.012015409521339589,0.09010871459296799,0.0780933050716284,0.030162292069741834,0.014974122839953105
252_T1_vs_T3,longitudinal,9,RShoulder_to_RUArm_ry,RShoulder_to_RUArm,ry,0.13949728421368301,0.1788588415763318,0.03936155736264879,0.030162292069741834,0.014974122839953105
252_T1_vs_T3,longitudinal,9,RShoulder_to_RUArm_rz,RShoulder_to_RUArm,rz,0.27072542126612986,0.2153889990793115,-0.05533642218681836,0.030162292069741834,0.014974122839953105
252_T1_vs_T3,longitudinal,9,RThigh_to_RShin_rx,RThigh_to_RShin,rx,0.007831258986461836,0.05281598718555234,0.0449847281990905,0.030162292069741834,0.014974122839953105
252_T1_vs_T3,longitudinal,9,RThigh_to_RShin_ry,RThigh_to_RShin,ry,5.248742041323272e-08,4.595724093778942e-09,-4.7891696319453776e-08,0.030162292069741834,0.014974122839953105
252_T1_vs_T3,longitudinal,9,RThigh_to_RShin_rz,RThigh_to_RShin,rz,6.008562407886454e-08,7.388555114514406e-08,1.3799927066279525e-08,0.030162292069741834,0.014974122839953105
252_T1_vs_T3,longitudinal,9,RUArm_to_RFArm_rx,RUArm_to_RFArm,rx,0.007819721775075788,0.022281288792758192,0.014461567017682404,0.030162292069741834,0.014974122839953105
252_T1_vs_T3,longitudinal,9,RUArm_to_RFArm_ry,RUArm_to_RFArm,ry,0.0759029402819018,0.28293900829231006,0.20703606801040825,0.030162292069741834,0.014974122839953105
252_T1_vs_T3,longitudinal,9,RUArm_to_RFArm_rz,RUArm_to_RFArm,rz,0.02880020112241673,0.025711897784081773,-0.003088303338334958,0.030162292069741834,0.014974122839953105
252_T1_R1_vs_R2,natural_variability,1,252_to_LThigh_rx,252_to_LThigh,rx,0.034259399545005655,0.1339150312743193,0.09965563172931366,0.16601184461963361,0.24524242676651645
252_T1_R1_vs_R2,natural_variability,1,252_to_LThigh_ry,252_to_LThigh,ry,0.00938094967826828,0.007039588651896844,-0.0023413610263714356,0.16601184461963361,0.24524242676651645
252_T1_R1_vs_R2,natural_variability,1,252_to_LThigh_rz,252_to_LThigh,rz,0.06499162304729801,0.019350604704267218,-0.04564101834303079,0.16601184461963361,0.24524242676651645
252_T1_R1_vs_R2,natural_variability,1,252_to_RThigh_rx,252_to_RThigh,rx,0.1864922223694702,0.047605908267969566,-0.13888631410150062,0.16601184461963361,0.24524242676651645
252_T1_R1_vs_R2,natural_variability,1,252_to_RThigh_ry,252_to_RThigh,ry,0.043038143628794566,0.057875158082354286,0.01483701445355972,0.16601184461963361,0.24524242676651645
252_T1_R1_vs_R2,natural_variability,1,252_to_RThigh_rz,252_to_RThigh,rz,0.008068856497744144,0.032279260925285706,0.024210404427541563,0.16601184461963361,0.24524242676651645
252_T1_R1_vs_R2,natural_variability,1,Chest_to_LShoulder_rx,Chest_to_LShoulder,rx,0.031063371657754663,0.036967475774194083,0.005904104116439421,0.16601184461963361,0.24524242676651645
252_T1_R1_vs_R2,natural_variability,1,Chest_to_LShoulder_ry,Chest_to_LShoulder,ry,0.02698053829470314,0.03207232503251733,0.005091786737814189,0.16601184461963361,0.24524242676651645
252_T1_R1_vs_R2,natural_variability,1,Chest_to_LShoulder_rz,Chest_to_LShoulder,rz,0.08201891807348684,0.09542074092970897,0.013401822856222129,0.16601184461963361,0.24524242676651645
252_T1_R1_vs_R2,natural_variability,1,Chest_to_Neck_rx,Chest_to_Neck,rx,0.0014750972720649392,0.028167152760736787,0.02669205548867185,0.16601184461963361,0.24524242676651645
252_T1_R1_vs_R2,natural_variability,1,Chest_to_Neck_ry,Chest_to_Neck,ry,0.026554824631462394,0.012356264391630513,-0.01419856023983188,0.16601184461963361,0.24524242676651645
252_T1_R1_vs_R2,natural_variability,1,Chest_to_Neck_rz,Chest_to_Neck,rz,0.002691975082267339,0.037319563029597144,0.034627587947329806,0.16601184461963361,0.24524242676651645
252_T1_R1_vs_R2,natural_variability,1,Chest_to_RShoulder_rx,Chest_to_RShoulder,rx,0.022914359205791462,0.018250102902859906,-0.004664256302931557,0.16601184461963361,0.24524242676651645
252_T1_R1_vs_R2,natural_variability,1,Chest_to_RShoulder_ry,Chest_to_RShoulder,ry,0.021658400774066573,0.02955678334194476,0.007898382567878188,0.16601184461963361,0.24524242676651645
252_T1_R1_vs_R2,natural_variability,1,Chest_to_RShoulder_rz,Chest_to_RShoulder,rz,0.08537299979451779,0.12692792172977505,0.041554921935257255,0.16601184461963361,0.24524242676651645
252_T1_R1_vs_R2,natural_variability,1,LFArm_to_LHand_rx,LFArm_to_LHand,rx,0.00818097220722744,0.008027674430526682,-0.00015329777670075768,0.16601184461963361,0.24524242676651645
252_T1_R1_vs_R2,natural_variability,1,LFArm_to_LHand_ry,LFArm_to_LHand,ry,0.026903987836452245,0.03563449597746214,0.008730508141009896,0.16601184461963361,0.24524242676651645
252_T1_R1_vs_R2,natural_variability,1,LFArm_to_LHand_rz,LFArm_to_LHand,rz,0.061860827972840406,0.05724897704985462,-0.004611850922985786,0.16601184461963361,0.24524242676651645
252_T1_R1_vs_R2,natural_variability,1,LShin_to_LFoot_rx,LShin_to_LFoot,rx,0.02512212429329505,0.04515279551917943,0.02003067122588438,0.16601184461963361,0.24524242676651645
252_T1_R1_vs_R2,natural_variability,1,LShin_to_LFoot_ry,LShin_to_LFoot,ry,0.0646858704022345,0.043888305598090926,-0.020797564804143576,0.16601184461963361,0.24524242676651645
252_T1_R1_vs_R2,natural_variability,1,LShin_to_LFoot_rz,LShin_to_LFoot,rz,0.02623620227376424,0.007999099535988843,-0.018237102737775398,0.16601184461963361,0.24524242676651645
252_T1_R1_vs_R2,natural_variability,1,LShoulder_to_LUArm_rx,LShoulder_to_LUArm,rx,0.09006013603890592,0.009018655613239918,-0.081041480425666,0.16601184461963361,0.24524242676651645
252_T1_R1_vs_R2,natural_variability,1,LShoulder_to_LUArm_ry,LShoulder_to_LUArm,ry,0.20826390692127933,0.29123689319498225,0.08297298627370292,0.16601184461963361,0.24524242676651645
252_T1_R1_vs_R2,natural_variability,1,LShoulder_to_LUArm_rz,LShoulder_to_LUArm,rz,0.017616848619599015,0.06691783423553092,0.04930098561593191,0.16601184461963361,0.24524242676651645
252_T1_R1_vs_R2,natural_variability,1,LThigh_to_LShin_rx,LThigh_to_LShin,rx,0.18702883680065618,0.07899383869663451,-0.10803499810402167,0.16601184461963361,0.24524242676651645
252_T1_R1_vs_R2,natural_variability,1,LThigh_to_LShin_ry,LThigh_to_LShin,ry,3.045285331731347e-08,3.4307187262523404e-08,3.854333945209935e-09,0.16601184461963361,0.24524242676651645
252_T1_R1_vs_R2,natural_variability,1,LThigh_to_LShin_rz,LThigh_to_LShin,rz,3.8580109735186664e-08,2.2249252513496744e-08,-1.633085722168992e-08,0.16601184461963361,0.24524242676651645
252_T1_R1_vs_R2,natural_variability,1,LUArm_to_LFArm_rx,LUArm_to_LFArm,rx,0.24131618710092306,0.0779092980502395,-0.16340688905068357,0.16601184461963361,0.24524242676651645
252_T1_R1_vs_R2,natural_variability,1,LUArm_to_LFArm_ry,LUArm_to_LFArm,ry,0.20902065360597546,0.3743358574221098,0.16531520381613432,0.16601184461963361,0.24524242676651645
252_T1_R1_vs_R2,natural_variability,1,LUArm_to_LFArm_rz,LUArm_to_LFArm,rz,0.021341805795357768,0.07002544806922643,0.04868364227386866,0.16601184461963361,0.24524242676651645
252_T1_R1_vs_R2,natural_variability,1,Neck_to_Head_rx,Neck_to_Head,rx,0.0014949470834237557,0.02807901078191729,0.026584063698493532,0.16601184461963361,0.24524242676651645
252_T1_R1_vs_R2,natural_variability,1,Neck_to_Head_ry,Neck_to_Head,ry,0.025512555871830912,0.0050754658884231635,-0.02043708998340775,0.16601184461963361,0.24524242676651645
252_T1_R1_vs_R2,natural_variability,1,Neck_to_Head_rz,Neck_to_Head,rz,0.007633072121025155,0.03885613850187873,0.03122306638085358,0.16601184461963361,0.24524242676651645
252_T1_R1_vs_R2,natural_variability,1,RFArm_to_RHand_rx,RFArm_to_RHand,rx,0.005185238198640527,0.005191305315250379,6.067116609852208e-06,0.16601184461963361,0.24524242676651645
252_T1_R1_vs_R2,natural_variability,1,RFArm_to_RHand_ry,RFArm_to_RHand,ry,0.07683969634449125,0.06142550308039856,-0.015414193264092692,0.16601184461963361,0.24524242676651645
252_T1_R1_vs_R2,natural_variability,1,RFArm_to_RHand_rz,RFArm_to_RHand,rz,0.06991878939962208,0.010923754657062712,-0.05899503474255937,0.16601184461963361,0.24524242676651645
252_T1_R1_vs_R2,natural_variability,1,RShin_to_RFoot_rx,RShin_to_RFoot,rx,0.05638193846703629,0.059023447992861404,0.002641509525825113,0.16601184461963361,0.24524242676651645
252_T1_R1_vs_R2,natural_variability,1,RShin_to_RFoot_ry,RShin_to_RFoot,ry,0.009436146908998334,0.03744379434035349,0.028007647431355157,0.16601184461963361,0.24524242676651645
252_T1_R1_vs_R2,natural_variability,1,RShin_to_RFoot_rz,RShin_to_RFoot,rz,0.02365866149313297,0.0010126821742338062,-0.022645979318899164,0.16601184461963361,0.24524242676651645
252_T1_R1_vs_R2,natural_variability,1,RShoulder_to_RUArm_rx,RShoulder_to_RUArm,rx,0.36263691822342403,0.11784012904686977,-0.24479678917655426,0.16601184461963361,0.24524242676651645
252_T1_R1_vs_R2,natural_variability,1,RShoulder_to_RUArm_ry,RShoulder_to_RUArm,ry,0.24055986883607172,0.273740184611799,0.033180315775727276,0.16601184461963361,0.24524242676651645
252_T1_R1_vs_R2,natural_variability,1,RShoulder_to_RUArm_rz,RShoulder_to_RUArm,rz,0.18536806334260383,0.20165756867226395,0.016289505329660114,0.16601184461963361,0.24524242676651645
252_T1_R1_vs_R2,natural_variability,1,RThigh_to_RShin_rx,RThigh_to_RShin,rx,0.2835482028558806,0.22144955597501267,-0.06209864688086794,0.16601184461963361,0.24524242676651645
252_T1_R1_vs_R2,natural_variability,1,RThigh_to_RShin_ry,RThigh_to_RShin,ry,1.3336201515708283e-08,1.6855471186249183e-08,3.5192696705409004e-09,0.16601184461963361,0.24524242676651645
252_T1_R1_vs_R2,natural_variability,1,RThigh_to_RShin_rz,RThigh_to_RShin,rz,2.8087032443712554e-08,3.618784493378636e-08,8.100812490073808e-09,0.16601184461963361,0.24524242676651645
252_T1_R1_vs_R2,natural_variability,1,RUArm_to_RFArm_rx,RUArm_to_RFArm,rx,0.5511086415880165,0.4424836896689066,-0.10862495191910992,0.16601184461963361,0.24524242676651645
252_T1_R1_vs_R2,natural_variability,1,RUArm_to_RFArm_ry,RUArm_to_RFArm,ry,0.24798987913720544,0.48134118127318587,0.23335130213598043,0.16601184461963361,0.24524242676651645
252_T1_R1_vs_R2,natural_variability,1,RUArm_to_RFArm_rz,RUArm_to_RFArm,rz,0.23751117008567768,0.2670800020972402,0.029568832011562518,0.16601184461963361,0.24524242676651645
252_T1_R1_vs_R2,natural_variability,2,252_to_LThigh_rx,252_to_LThigh,rx,0.25231361576589245,0.08463179316034683,-0.16768182260554562,0.16236315006540517,0.20176429310782729
252_T1_R1_vs_R2,natural_variability,2,252_to_LThigh_ry,252_to_LThigh,ry,0.03798167382284845,0.04213952526288205,0.004157851440033597,0.16236315006540517,0.20176429310782729
252_T1_R1_vs_R2,natural_variability,2,252_to_LThigh_rz,252_to_LThigh,rz,0.04427284600388153,0.004061282808553926,-0.04021156319532761,0.16236315006540517,0.20176429310782729
252_T1_R1_vs_R2,natural_variability,2,252_to_RThigh_rx,252_to_RThigh,rx,0.020878533138976408,0.0418735000463298,0.020994966907353394,0.16236315006540517,0.20176429310782729
252_T1_R1_vs_R2,natural_variability,2,252_to_RThigh_ry,252_to_RThigh,ry,0.00018159396422186343,0.06330834503825303,0.06312675107403116,0.16236315006540517,0.20176429310782729
252_T1_R1_vs_R2,natural_variability,2,252_to_RThigh_rz,252_to_RThigh,rz,0.14255657816097966,0.07746769253584464,-0.06508888562513503,0.16236315006540517,0.20176429310782729
252_T1_R1_vs_R2,natural_variability,2,Chest_to_LShoulder_rx,Chest_to_LShoulder,rx,0.037349630018541136,0.011324443511650894,-0.026025186506890244,0.16236315006540517,0.20176429310782729
252_T1_R1_vs_R2,natural_variability,2,Chest_to_LShoulder_ry,Chest_to_LShoulder,ry,0.02001536347247696,0.019062637971020133,-0.0009527255014568289,0.16236315006540517,0.20176429310782729
252_T1_R1_vs_R2,natural_variability,2,Chest_to_LShoulder_rz,Chest_to_LShoulder,rz,0.08533552993562944,0.030339612312938396,-0.05499591762269104,0.16236315006540517,0.20176429310782729
252_T1_R1_vs_R2,natural_variability,2,Chest_to_Neck_rx,Chest_to_Neck,rx,0.009711230141432659,0.011018043802405028,0.0013068136609723693,0.16236315006540517,0.20176429310782729
252_T1_R1_vs_R2,natural_variability,2,Chest_to_Neck_ry,Chest_to_Neck,ry,0.01175986581357569,0.011345984244402118,-0.0004138815691735725,0.16236315006540517,0.20176429310782729
252_T1_R1_vs_R2,natural_variability,2,Chest_to_Neck_rz,Chest_to_Neck,rz,0.0189728137227448,0.021838241026595696,0.002865427303850896,0.16236315006540517,0.20176429310782729
252_T1_R1_vs_R2,natural_variability,2,Chest_to_RShoulder_rx,Chest_to_RShoulder,rx,0.001031564428271279,0.06241143792109599,0.06137987349282471,0.16236315006540517,0.20176429310782729
252_T1_R1_vs_R2,natural_variability,2,Chest_to_RShoulder_ry,Chest_to_RShoulder,ry,0.017173917232344963,0.041309947087424914,0.02413602985507995,0.16236315006540517,0.20176429310782729
252_T1_R1_vs_R2,natural_variability,2,Chest_to_RShoulder_rz,Chest_to_RShoulder,rz,0.0809054488615225,0.01997632296430638,-0.06092912589721612,0.16236315006540517,0.20176429310782729
252_T1_R1_vs_R2,natural_variability,2,LFArm_to_LHand_rx,LFArm_to_LHand,rx,0.003980314774425713,0.004339312109726743,0.0003589973353010298,0.16236315006540517,0.20176429310782729
252_T1_R1_vs_R2,natural_variability,2,LFArm_to_LHand_ry,LFArm_to_LHand,ry,0.021293013728373774,0.009809800514787949,-0.011483213213585825,0.16236315006540517,0.20176429310782729
252_T1_R1_vs_R2,natural_variability,2,LFArm_to_LHand_rz,LFArm_to_LHand,rz,0.04785647726330615,0.005683593400874131,-0.042172883862432016,0.16236315006540517,0.20176429310782729
252_T1_R1_vs_R2,natural_variability,2,LShin_to_LFoot_rx,LShin_to_LFoot,rx,0.047471602731377405,0.01191275417228031,-0.03555884855909709,0.16236315006540517,0.20176429310782729
252_T1_R1_vs_R2,natural_variability,2,LShin_to_LFoot_ry,LShin_to_LFoot,ry,0.030377047293524535,0.07642349601905243,0.0460464487255279,0.16236315006540517,0.20176429310782729
252_T1_R1_vs_R2,natural_variability,2,LShin_to_LFoot_rz,LShin_to_LFoot,rz,0.03426812158030945,0.002909429345290464,-0.03135869223501899,0.16236315006540517,0.20176429310782729
252_T1_R1_vs_R2,natural_variability,2,LShoulder_to_LUArm_rx,LShoulder_to_LUArm,rx,0.09157000796962224,0.005745001598114104,-0.08582500637150814,0.16236315006540517,0.20176429310782729
252_T1_R1_vs_R2,natural_variability,2,LShoulder_to_LUArm_ry,LShoulder_to_LUArm,ry,0.3065193406238315,0.3785430796218859,0.07202373899805437,0.16236315006540517,0.20176429310782729
252_T1_R1_vs_R2,natural_variability,2,LShoulder_to_LUArm_rz,LShoulder_to_LUArm,rz,0.032456037679826216,0.019653712967790688,-0.012802324712035528,0.16236315006540517,0.20176429310782729
252_T1_R1_vs_R2,natural_variability,2,LThigh_to_LShin_rx,LThigh_to_LShin,rx,0.2004806126411868,0.17139082841341022,-0.029089784227776583,0.16236315006540517,0.20176429310782729
252_T1_R1_vs_R2,natural_variability,2,LThigh_to_LShin_ry,LThigh_to_LShin,ry,2.5911274012278342e-08,6.619803536272364e-09,-1.929147047600598e-08,0.16236315006540517,0.20176429310782729
252_T1_R1_vs_R2,natural_variability,2,LThigh_to_LShin_rz,LThigh_to_LShin,rz,4.852817377962748e-09,2.2491108453322644e-08,1.7638291075359895e-08,0.16236315006540517,0.20176429310782729
252_T1_R1_vs_R2,natural_variability,2,LUArm_to_LFArm_rx,LUArm_to_LFArm,rx,0.11389864813625399,0.0594852655459589,-0.05441338259029509,0.16236315006540517,0.20176429310782729
252_T1_R1_vs_R2,natural_variability,2,LUArm_to_LFArm_ry,LUArm_to_LFArm,ry,0.5065996793525944,0.3731478208448156,-0.1334518585077788,0.16236315006540517,0.20176429310782729
252_T1_R1_vs_R2,natural_variability,2,LUArm_to_LFArm_rz,LUArm_to_LFArm,rz,0.05190083420786597,0.08562619359013211,0.033725359382266146,0.16236315006540517,0.20176429310782729
252_T1_R1_vs_R2,natural_variability,2,Neck_to_Head_rx,Neck_to_Head,rx,0.009683639467563754,0.011131866555348969,0.0014482270877852147,0.16236315006540517,0.20176429310782729
252_T1_R1_vs_R2,natural_variability,2,Neck_to_Head_ry,Neck_to_Head,ry,0.015155758801291082,0.0068728044202406345,-0.008282954381050447,0.16236315006540517,0.20176429310782729
252_T1_R1_vs_R2,natural_variability,2,Neck_to_Head_rz,Neck_to_Head,rz,0.016271991861364642,0.023601902351570444,0.0073299104902058015,0.16236315006540517,0.20176429310782729
252_T1_R1_vs_R2,natural_variability,2,RFArm_to_RHand_rx,RFArm_to_RHand,rx,0.005507218266747166,0.0059952125356962024,0.00048799426894903606,0.16236315006540517,0.20176429310782729
252_T1_R1_vs_R2,natural_variability,2,RFArm_to_RHand_ry,RFArm_to_RHand,ry,0.0493222905281765,0.06422816450221493,0.014905873974038426,0.16236315006540517,0.20176429310782729
252_T1_R1_vs_R2,natural_variability,2,RFArm_to_RHand_rz,RFArm_to_RHand,rz,0.041576674967063305,0.13830100366732656,0.09672432870026326,0.16236315006540517,0.20176429310782729
252_T1_R1_vs_R2,natural_variability,2,RShin_to_RFoot_rx,RShin_to_RFoot,rx,0.1579954908106943,0.019813692184279592,-0.13818179862641472,0.16236315006540517,0.20176429310782729
252_T1_R1_vs_R2,natural_variability,2,RShin_to_RFoot_ry,RShin_to_RFoot,ry,0.07303337814265157,0.0021338528421015624,-0.07089952530055,0.16236315006540517,0.20176429310782729
252_T1_R1_vs_R2,natural_variability,2,RShin_to_RFoot_rz,RShin_to_RFoot,rz,0.1395525158084653,0.03515066636607002,-0.10440184944239529,0.16236315006540517,0.20176429310782729
252_T1_R1_vs_R2,natural_variability,2,RShoulder_to_RUArm_rx,RShoulder_to_RUArm,rx,0.29091945091040655,0.6260242943720612,0.33510484346165464,0.16236315006540517,0.20176429310782729
252_T1_R1_vs_R2,natural_variability,2,RShoulder_to_RUArm_ry,RShoulder_to_RUArm,ry,0.15135948494575838,0.07073100203726233,-0.08062848290849604,0.16236315006540517,0.20176429310782729
252_T1_R1_vs_R2,natural_variability,2,RShoulder_to_RUArm_rz,RShoulder_to_RUArm,rz,0.08822235543201382,0.0022575812617628512,-0.08596477417025096,0.16236315006540517,0.20176429310782729
252_T1_R1_vs_R2,natural_variability,2,RThigh_to_RShin_rx,RThigh_to_RShin,rx,0.4594140554792966,0.07018934412630022,-0.38922471135299636,0.16236315006540517,0.20176429310782729
252_T1_R1_vs_R2,natural_variability,2,RThigh_to_RShin_ry,RThigh_to_RShin,ry,3.457374829091295e-09,2.1291478391455736e-08,1.783410356236444e-08,0.16236315006540517,0.20176429310782729
252_T1_R1_vs_R2,natural_variability,2,RThigh_to_RShin_rz,RThigh_to_RShin,rz,2.1757308330213918e-08,5.618992035006582e-08,3.443261201985191e-08,0.16236315006540517,0.20176429310782729
252_T1_R1_vs_R2,natural_variability,2,RUArm_to_RFArm_rx,RUArm_to_RFArm,rx,0.06795890656441447,0.444783324173124,0.37682441760870955,0.16236315006540517,0.20176429310782729
252_T1_R1_vs_R2,natural_variability,2,RUArm_to_RFArm_ry,RUArm_to_RFArm,ry,0.27851006661718536,0.09312078866724303,-0.1853892779499423,0.16236315006540517,0.20176429310782729
252_T1_R1_vs_R2,natural_variability,2,RUArm_to_RFArm_rz,RUArm_to_RFArm,rz,0.09764233641261887,0.08838527171478862,-0.009257064697830247,0.16236315006540517,0.20176429310782729
252_T1_R1_vs_R2,natural_variability,3,252_to_LThigh_rx,252_to_LThigh,rx,0.1887548833453224,0.0806183444932306,-0.10813653885209179,0.14743492600046604,0.16533087301805294
252_T1_R1_vs_R2,natural_variability,3,252_to_LThigh_ry,252_to_LThigh,ry,0.035731793845304394,0.07264274087541885,0.03691094703011445,0.14743492600046604,0.16533087301805294
252_T1_R1_vs_R2,natural_variability,3,252_to_LThigh_rz,252_to_LThigh,rz,0.0927080035366644,0.07168484229490804,-0.021023161241756363,0.14743492600046604,0.16533087301805294
252_T1_R1_vs_R2,natural_variability,3,252_to_RThigh_rx,252_to_RThigh,rx,0.21300723608383748,0.5013701493727968,0.2883629132889593,0.14743492600046604,0.16533087301805294
252_T1_R1_vs_R2,natural_variability,3,252_to_RThigh_ry,252_to_RThigh,ry,0.028449393439009533,0.044224826187351046,0.015775432748341513,0.14743492600046604,0.16533087301805294
252_T1_R1_vs_R2,natural_variability,3,252_to_RThigh_rz,252_to_RThigh,rz,0.008394936326459082,0.10293209148807357,0.09453715516161448,0.14743492600046604,0.16533087301805294
252_T1_R1_vs_R2,natural_variability,3,Chest_to_LShoulder_rx,Chest_to_LShoulder,rx,0.029395113888972355,0.014934010308326237,-0.014461103580646117,0.14743492600046604,0.16533087301805294
252_T1_R1_vs_R2,natural_variability,3,Chest_to_LShoulder_ry,Chest_to_LShoulder,ry,0.07651641108238193,0.04434095367061426,-0.032175457411767666,0.14743492600046604,0.16533087301805294
252_T1_R1_vs_R2,natural_variability,3,Chest_to_LShoulder_rz,Chest_to_LShoulder,rz,0.03165823148073792,0.03521253009866105,0.0035542986179231337,0.14743492600046604,0.16533087301805294
252_T1_R1_vs_R2,natural_variability,3,Chest_to_Neck_rx,Chest_to_Neck,rx,0.06642129983239008,0.07228650963809631,0.005865209805706234,0.14743492600046604,0.16533087301805294
252_T1_R1_vs_R2,natural_variability,3,Chest_to_Neck_ry,Chest_to_Neck,ry,0.0056516575698915845,0.012163730892994606,0.006512073323103022,0.14743492600046604,0.16533087301805294
252_T1_R1_vs_R2,natural_variability,3,Chest_to_Neck_rz,Chest_to_Neck,rz,0.04869037806753526,0.038011945863310984,-0.010678432204224278,0.14743492600046604,0.16533087301805294
252_T1_R1_vs_R2,natural_variability,3,Chest_to_RShoulder_rx,Chest_to_RShoulder,rx,0.037176170371975195,0.025578031019329598,-0.011598139352645597,0.14743492600046604,0.16533087301805294
252_T1_R1_vs_R2,natural_variability,3,Chest_to_RShoulder_ry,Chest_to_RShoulder,ry,0.058791816385675245,0.01590798622356138,-0.04288383016211386,0.14743492600046604,0.16533087301805294
252_T1_R1_vs_R2,natural_variability,3,Chest_to_RShoulder_rz,Chest_to_RShoulder,rz,0.07942552648389523,0.03636306420248507,-0.043062462281410155,0.14743492600046604,0.16533087301805294
252_T1_R1_vs_R2,natural_variability,3,LFArm_to_LHand_rx,LFArm_to_LHand,rx,0.015496263740692465,0.005795455490919851,-0.009700808249772614,0.14743492600046604,0.16533087301805294
252_T1_R1_vs_R2,natural_variability,3,LFArm_to_LHand_ry,LFArm_to_LHand,ry,0.05333402135191867,0.044150962807116084,-0.009183058544802586,0.14743492600046604,0.16533087301805294
252_T1_R1_vs_R2,natural_variability,3,LFArm_to_LHand_rz,LFArm_to_LHand,rz,0.09554080863564439,0.012710419412378698,-0.08283038922326569,0.14743492600046604,0.16533087301805294
252_T1_R1_vs_R2,natural_variability,3,LShin_to_LFoot_rx,LShin_to_LFoot,rx,0.03414079146499733,0.006495454698873787,-0.027645336766123543,0.14743492600046604,0.16533087301805294
252_T1_R1_vs_R2,natural_variability,3,LShin_to_LFoot_ry,LShin_to_LFoot,ry,0.0052837831216158045,0.11533898942625993,0.11005520630464413,0.14743492600046604,0.16533087301805294
252_T1_R1_vs_R2,natural_variability,3,LShin_to_LFoot_rz,LShin_to_LFoot,rz,0.003753754064045077,0.0042801391937894685,0.0005263851297443913,0.14743492600046604,0.16533087301805294
252_T1_R1_vs_R2,natural_variability,3,LShoulder_to_LUArm_rx,LShoulder_to_LUArm,rx,0.02136076871348211,0.05162166321110512,0.03026089449762301,0.14743492600046604,0.16533087301805294
252_T1_R1_vs_R2,natural_variability,3,LShoulder_to_LUArm_ry,LShoulder_to_LUArm,ry,0.4122138392694762,0.09508445712616873,-0.31712938214330744,0.14743492600046604,0.16533087301805294
252_T1_R1_vs_R2,natural_variability,3,LShoulder_to_LUArm_rz,LShoulder_to_LUArm,rz,0.1408493399326942,0.01866534122568055,-0.12218399870701364,0.14743492600046604,0.16533087301805294
252_T1_R1_vs_R2,natural_variability,3,LThigh_to_LShin_rx,LThigh_to_LShin,rx,0.25022121924556623,0.4391662128846261,0.18894499363905987,0.14743492600046604,0.16533087301805294
252_T1_R1_vs_R2,natural_variability,3,LThigh_to_LShin_ry,LThigh_to_LShin,ry,1.1353680916310853e-08,8.556641520206348e-08,7.421273428575262e-08,0.14743492600046604,0.16533087301805294
252_T1_R1_vs_R2,natural_variability,3,LThigh_to_LShin_rz,LThigh_to_LShin,rz,5.868648180897105e-09,3.4075298936569916e-08,2.820665075567281e-08,0.14743492600046604,0.16533087301805294
252_T1_R1_vs_R2,natural_variability,3,LUArm_to_LFArm_rx,LUArm_to_LFArm,rx,0.24829856919177298,0.16038789989643246,-0.08791066929534053,0.14743492600046604,0.16533087301805294
252_T1_R1_vs_R2,natural_variability,3,LUArm_to_LFArm_ry,LUArm_to_LFArm,ry,0.07955497879535252,0.03784203413858367,-0.04171294465676885,0.14743492600046604,0.16533087301805294
252_T1_R1_vs_R2,natural_variability,3,LUArm_to_LFArm_rz,LUArm_to_LFArm,rz,0.056950659678136444,0.03268059738104981,-0.024270062297086635,0.14743492600046604,0.16533087301805294
252_T1_R1_vs_R2,natural_variability,3,Neck_to_Head_rx,Neck_to_Head,rx,0.06623951784144472,0.07229003259518828,0.0060505147537435605,0.14743492600046604,0.16533087301805294
252_T1_R1_vs_R2,natural_variability,3,Neck_to_Head_ry,Neck_to_Head,ry,0.003618018170041562,0.004783936523912802,0.0011659183538712398,0.14743492600046604,0.16533087301805294
252_T1_R1_vs_R2,natural_variability,3,Neck_to_Head_rz,Neck_to_Head,rz,0.04881874230137967,0.039577591772919876,-0.009241150528459793,0.14743492600046604,0.16533087301805294
252_T1_R1_vs_R2,natural_variability,3,RFArm_to_RHand_rx,RFArm_to_RHand,rx,0.0009356313192520107,0.0011818362001506618,0.0002462048808986511,0.14743492600046604,0.16533087301805294
252_T1_R1_vs_R2,natural_variability,3,RFArm_to_RHand_ry,RFArm_to_RHand,ry,0.022548045735277657,0.01992019099868589,-0.002627854736591769,0.14743492600046604,0.16533087301805294
252_T1_R1_vs_R2,natural_variability,3,RFArm_to_RHand_rz,RFArm_to_RHand,rz,0.037943711741608266,0.08092027749678586,0.042976565755177595,0.14743492600046604,0.16533087301805294
252_T1_R1_vs_R2,natural_variability,3,RShin_to_RFoot_rx,RShin_to_RFoot,rx,0.08374768913560186,0.06660227743611015,-0.017145411699491714,0.14743492600046604,0.16533087301805294
252_T1_R1_vs_R2,natural_variability,3,RShin_to_RFoot_ry,RShin_to_RFoot,ry,0.07462704554791987,0.05122094812751268,-0.023406097420407182,0.14743492600046604,0.16533087301805294
252_T1_R1_vs_R2,natural_variability,3,RShin_to_RFoot_rz,RShin_to_RFoot,rz,0.03534343515060462,0.02996775515637133,-0.005375679994233287,0.14743492600046604,0.16533087301805294
252_T1_R1_vs_R2,natural_variability,3,RShoulder_to_RUArm_rx,RShoulder_to_RUArm,rx,0.08414758215673784,0.23552689626266,0.15137931410592215,0.14743492600046604,0.16533087301805294
252_T1_R1_vs_R2,natural_variability,3,RShoulder_to_RUArm_ry,RShoulder_to_RUArm,ry,0.16705776018013543,0.0336876378729001,-0.13337012230723533,0.14743492600046604,0.16533087301805294
252_T1_R1_vs_R2,natural_variability,3,RShoulder_to_RUArm_rz,RShoulder_to_RUArm,rz,0.00781442857514472,0.04719351947876861,0.03937909090362389,0.14743492600046604,0.16533087301805294
252_T1_R1_vs_R2,natural_variability,3,RThigh_to_RShin_rx,RThigh_to_RShin,rx,0.18164103378347282,0.6027245229638809,0.42108348918040805,0.14743492600046604,0.16533087301805294
252_T1_R1_vs_R2,natural_variability,3,RThigh_to_RShin_ry,RThigh_to_RShin,ry,4.683238133945806e-09,6.000246008099972e-09,1.3170078741541664e-09,0.14743492600046604,0.16533087301805294
252_T1_R1_vs_R2,natural_variability,3,RThigh_to_RShin_rz,RThigh_to_RShin,rz,2.0612329629781975e-08,5.3881118667908525e-09,-1.5224217762991123e-08,0.14743492600046604,0.16533087301805294
252_T1_R1_vs_R2,natural_variability,3,RUArm_to_RFArm_rx,RUArm_to_RFArm,rx,0.10664129624201239,0.11286029181535726,0.006218995573344863,0.14743492600046604,0.16533087301805294
252_T1_R1_vs_R2,natural_variability,3,RUArm_to_RFArm_ry,RUArm_to_RFArm,ry,0.6410875815098201,0.03208108162248752,-0.6090064998873326,0.14743492600046604,0.16533087301805294
252_T1_R1_vs_R2,natural_variability,3,RUArm_to_RFArm_rz,RUArm_to_RFArm,rz,0.1792223787412685,0.020839245292154727,-0.15838313344911378,0.14743492600046604,0.16533087301805294
252_T1_R1_vs_R2,natural_variability,4,252_to_LThigh_rx,252_to_LThigh,rx,0.22750450330602737,0.12037643994505542,-0.10712806336097194,0.09726325748062455,0.11798962031062575
252_T1_R1_vs_R2,natural_variability,4,252_to_LThigh_ry,252_to_LThigh,ry,0.036184433413440346,0.1367087091893912,0.10052427577595086,0.09726325748062455,0.11798962031062575
252_T1_R1_vs_R2,natural_variability,4,252_to_LThigh_rz,252_to_LThigh,rz,0.11931353492433179,0.06331999087819871,-0.055993544046133076,0.09726325748062455,0.11798962031062575
252_T1_R1_vs_R2,natural_variability,4,252_to_RThigh_rx,252_to_RThigh,rx,0.03668471441473085,0.041181980674531986,0.004497266259801139,0.09726325748062455,0.11798962031062575
252_T1_R1_vs_R2,natural_variability,4,252_to_RThigh_ry,252_to_RThigh,ry,0.0006690087450331526,0.11322754179465418,0.11255853304962102,0.09726325748062455,0.11798962031062575
252_T1_R1_vs_R2,natural_variability,4,252_to_RThigh_rz,252_to_RThigh,rz,0.019899797966197424,0.04651546971035809,0.026615671744160664,0.09726325748062455,0.11798962031062575
252_T1_R1_vs_R2,natural_variability,4,Chest_to_LShoulder_rx,Chest_to_LShoulder,rx,0.006389061385552516,0.0029554561670605568,-0.003433605218491959,0.09726325748062455,0.11798962031062575
252_T1_R1_vs_R2,natural_variability,4,Chest_to_LShoulder_ry,Chest_to_LShoulder,ry,0.016828685069719067,0.04665346028691429,0.029824775217195225,0.09726325748062455,0.11798962031062575
252_T1_R1_vs_R2,natural_variability,4,Chest_to_LShoulder_rz,Chest_to_LShoulder,rz,0.03134665265888854,0.0011985959677793434,-0.030148056691109194,0.09726325748062455,0.11798962031062575
252_T1_R1_vs_R2,natural_variability,4,Chest_to_Neck_rx,Chest_to_Neck,rx,0.1291306262121942,0.08257562223059298,-0.04655500398160123,0.09726325748062455,0.11798962031062575
252_T1_R1_vs_R2,natural_variability,4,Chest_to_Neck_ry,Chest_to_Neck,ry,0.044505173200636176,0.013588649543151941,-0.030916523657484235,0.09726325748062455,0.11798962031062575
252_T1_R1_vs_R2,natural_variability,4,Chest_to_Neck_rz,Chest_to_Neck,rz,0.04194365369793696,0.03536455901121079,-0.00657909468672617,0.09726325748062455,0.11798962031062575
252_T1_R1_vs_R2,natural_variability,4,Chest_to_RShoulder_rx,Chest_to_RShoulder,rx,0.02246888197838653,0.021119430564754807,-0.0013494514136317241,0.09726325748062455,0.11798962031062575
252_T1_R1_vs_R2,natural_variability,4,Chest_to_RShoulder_ry,Chest_to_RShoulder,ry,0.0016699660539498684,0.021053044031925,0.019383077977975133,0.09726325748062455,0.11798962031062575
252_T1_R1_vs_R2,natural_variability,4,Chest_to_RShoulder_rz,Chest_to_RShoulder,rz,0.049684220119578466,0.09579790170245032,0.04611368158287186,0.09726325748062455,0.11798962031062575
252_T1_R1_vs_R2,natural_variability,4,LFArm_to_LHand_rx,LFArm_to_LHand,rx,0.0030620929972636672,0.02945292576568861,0.026390832768424945,0.09726325748062455,0.11798962031062575
252_T1_R1_vs_R2,natural_variability,4,LFArm_to_LHand_ry,LFArm_to_LHand,ry,0.03273728411888402,0.08563837432062316,0.05290109020173914,0.09726325748062455,0.11798962031062575
252_T1_R1_vs_R2,natural_variability,4,LFArm_to_LHand_rz,LFArm_to_LHand,rz,0.01689302345445016,0.18143091633713043,0.16453789288268028,0.09726325748062455,0.11798962031062575
252_T1_R1_vs_R2,natural_variability,4,LShin_to_LFoot_rx,LShin_to_LFoot,rx,0.16138255666523676,0.10706776814699483,-0.05431478851824194,0.09726325748062455,0.11798962031062575
252_T1_R1_vs_R2,natural_variability,4,LShin_to_LFoot_ry,LShin_to_LFoot,ry,0.08806588985296607,0.135041162343698,0.04697527249073194,0.09726325748062455,0.11798962031062575
252_T1_R1_vs_R2,natural_variability,4,LShin_to_LFoot_rz,LShin_to_LFoot,rz,0.07124543879863915,0.0015007442930239738,-0.06974469450561517,0.09726325748062455,0.11798962031062575
252_T1_R1_vs_R2,natural_variability,4,LShoulder_to_LUArm_rx,LShoulder_to_LUArm,rx,0.07663673146952713,0.1396310204925685,0.06299428902304138,0.09726325748062455,0.11798962031062575
252_T1_R1_vs_R2,natural_variability,4,LShoulder_to_LUArm_ry,LShoulder_to_LUArm,ry,0.23916285008567995,0.4222970997972867,0.18313424971160674,0.09726325748062455,0.11798962031062575
252_T1_R1_vs_R2,natural_variability,4,LShoulder_to_LUArm_rz,LShoulder_to_LUArm,rz,0.11591238744063884,0.014297780336753696,-0.10161460710388515,0.09726325748062455,0.11798962031062575
252_T1_R1_vs_R2,natural_variability,4,LThigh_to_LShin_rx,LThigh_to_LShin,rx,0.5054001683036874,0.31612066419065904,-0.18927950411302835,0.09726325748062455,0.11798962031062575
252_T1_R1_vs_R2,natural_variability,4,LThigh_to_LShin_ry,LThigh_to_LShin,ry,3.5153592095957895e-08,3.5676678355342735e-08,5.230862593848398e-10,0.09726325748062455,0.11798962031062575
252_T1_R1_vs_R2,natural_variability,4,LThigh_to_LShin_rz,LThigh_to_LShin,rz,1.883002968300596e-08,1.9887097429585067e-08,1.057067746579107e-09,0.09726325748062455,0.11798962031062575
252_T1_R1_vs_R2,natural_variability,4,LUArm_to_LFArm_rx,LUArm_to_LFArm,rx,0.15476521989838807,0.432185849301488,0.27742062940309997,0.09726325748062455,0.11798962031062575
252_T1_R1_vs_R2,natural_variability,4,LUArm_to_LFArm_ry,LUArm_to_LFArm,ry,0.5911179613341883,0.19906785774776858,-0.3920501035864197,0.09726325748062455,0.11798962031062575
252_T1_R1_vs_R2,natural_variability,4,LUArm_to_LFArm_rz,LUArm_to_LFArm,rz,0.1254041565201196,0.14239932429211188,0.01699516777199228,0.09726325748062455,0.11798962031062575
252_T1_R1_vs_R2,natural_variability,4,Neck_to_Head_rx,Neck_to_Head,rx,0.12922360042199485,0.08262250528541398,-0.04660109513658087,0.09726325748062455,0.11798962031062575
252_T1_R1_vs_R2,natural_variability,4,Neck_to_Head_ry,Neck_to_Head,ry,0.03547330952158568,0.02003894301125983,-0.015434366510325849,0.09726325748062455,0.11798962031062575
252_T1_R1_vs_R2,natural_variability,4,Neck_to_Head_rz,Neck_to_Head,rz,0.049355110170209805,0.0318319281378512,-0.017523182032358607,0.09726325748062455,0.11798962031062575
252_T1_R1_vs_R2,natural_variability,4,RFArm_to_RHand_rx,RFArm_to_RHand,rx,0.006485942468070598,0.006746523654149227,0.00026058118607862925,0.09726325748062455,0.11798962031062575
252_T1_R1_vs_R2,natural_variability,4,RFArm_to_RHand_ry,RFArm_to_RHand,ry,0.022628132155479277,0.0006138026898866876,-0.02201432946559259,0.09726325748062455,0.11798962031062575
252_T1_R1_vs_R2,natural_variability,4,RFArm_to_RHand_rz,RFArm_to_RHand,rz,0.011829249286474218,0.05966623620026729,0.047836986913793074,0.09726325748062455,0.11798962031062575
252_T1_R1_vs_R2,natural_variability,4,RShin_to_RFoot_rx,RShin_to_RFoot,rx,0.037515691878882415,0.0018194110555908517,-0.035696280823291564,0.09726325748062455,0.11798962031062575
252_T1_R1_vs_R2,natural_variability,4,RShin_to_RFoot_ry,RShin_to_RFoot,ry,0.13391854613937673,0.11007426582743213,-0.023844280311944605,0.09726325748062455,0.11798962031062575
252_T1_R1_vs_R2,natural_variability,4,RShin_to_RFoot_rz,RShin_to_RFoot,rz,0.06651777964767484,0.003846108731756563,-0.06267167091591828,0.09726325748062455,0.11798962031062575
252_T1_R1_vs_R2,natural_variability,4,RShoulder_to_RUArm_rx,RShoulder_to_RUArm,rx,0.049030530874012275,0.3253273809568447,0.27629685008283245,0.09726325748062455,0.11798962031062575
252_T1_R1_vs_R2,natural_variability,4,RShoulder_to_RUArm_ry,RShoulder_to_RUArm,ry,0.1685407544647051,0.2027483219600405,0.034207567495335406,0.09726325748062455,0.11798962031062575
252_T1_R1_vs_R2,natural_variability,4,RShoulder_to_RUArm_rz,RShoulder_to_RUArm,rz,0.0641317543923164,0.2924505377908743,0.22831878339855793,0.09726325748062455,0.11798962031062575
252_T1_R1_vs_R2,natural_variability,4,RThigh_to_RShin_rx,RThigh_to_RShin,rx,0.24604584539961233,0.03937646505807297,-0.20666938034153937,0.09726325748062455,0.11798962031062575
252_T1_R1_vs_R2,natural_variability,4,RThigh_to_RShin_ry,RThigh_to_RShin,ry,3.501597501030982e-08,4.9161556540617426e-08,1.4145581530307604e-08,0.09726325748062455,0.11798962031062575
252_T1_R1_vs_R2,natural_variability,4,RThigh_to_RShin_rz,RThigh_to_RShin,rz,3.946784316258518e-08,4.117602903733091e-08,1.7081858747457284e-09,0.09726325748062455,0.11798962031062575
252_T1_R1_vs_R2,natural_variability,4,RUArm_to_RFArm_rx,RUArm_to_RFArm,rx,0.06537011708323742,0.06562362297643215,0.0002535058931947276,0.09726325748062455,0.11798962031062575
252_T1_R1_vs_R2,natural_variability,4,RUArm_to_RFArm_ry,RUArm_to_RFArm,ry,0.00679796751336511,0.20715480763154712,0.200356840118182,0.09726325748062455,0.11798962031062575
252_T1_R1_vs_R2,natural_variability,4,RUArm_to_RFArm_rz,RUArm_to_RFArm,rz,0.01856030643159759,0.07014660064733945,0.05158629421574186,0.09726325748062455,0.11798962031062575
252_T1_R1_vs_R2,natural_variability,5,252_to_LThigh_rx,252_to_LThigh,rx,0.025742008647168798,0.22951704923587157,0.20377504058870277,0.08027379204384452,0.10482511404382908
252_T1_R1_vs_R2,natural_variability,5,252_to_LThigh_ry,252_to_LThigh,ry,0.04627332899450407,0.06279901700199325,0.01652568800748918,0.08027379204384452,0.10482511404382908
252_T1_R1_vs_R2,natural_variability,5,252_to_LThigh_rz,252_to_LThigh,rz,0.01388592095614384,0.007539813782056899,-0.006346107174086942,0.08027379204384452,0.10482511404382908
252_T1_R1_vs_R2,natural_variability,5,252_to_RThigh_rx,252_to_RThigh,rx,0.28105567990736374,0.031638156098809864,-0.24941752380855386,0.08027379204384452,0.10482511404382908
252_T1_R1_vs_R2,natural_variability,5,252_to_RThigh_ry,252_to_RThigh,ry,0.009124269248764144,0.07039762131606304,0.0612733520672989,0.08027379204384452,0.10482511404382908
252_T1_R1_vs_R2,natural_variability,5,252_to_RThigh_rz,252_to_RThigh,rz,0.13929655825105555,0.11713062698369363,-0.022165931267361924,0.08027379204384452,0.10482511404382908
252_T1_R1_vs_R2,natural_variability,5,Chest_to_LShoulder_rx,Chest_to_LShoulder,rx,0.015518638932413842,0.01756718556775022,0.002048546635336379,0.08027379204384452,0.10482511404382908
252_T1_R1_vs_R2,natural_variability,5,Chest_to_LShoulder_ry,Chest_to_LShoulder,ry,0.018246825167751984,0.023434557121677777,0.0051877319539257935,0.08027379204384452,0.10482511404382908
252_T1_R1_vs_R2,natural_variability,5,Chest_to_LShoulder_rz,Chest_to_LShoulder,rz,0.0025454763366369176,0.022491998567451866,0.01994652223081495,0.08027379204384452,0.10482511404382908
252_T1_R1_vs_R2,natural_variability,5,Chest_to_Neck_rx,Chest_to_Neck,rx,0.044602834031053695,0.08968974830714714,0.045086914276093445,0.08027379204384452,0.10482511404382908
252_T1_R1_vs_R2,natural_variability,5,Chest_to_Neck_ry,Chest_to_Neck,ry,0.008293988475438618,0.00869409035549454,0.00040010188005592216,0.08027379204384452,0.10482511404382908
252_T1_R1_vs_R2,natural_variability,5,Chest_to_Neck_rz,Chest_to_Neck,rz,0.024965055520838785,0.06367680412382894,0.03871174860299015,0.08027379204384452,0.10482511404382908
252_T1_R1_vs_R2,natural_variability,5,Chest_to_RShoulder_rx,Chest_to_RShoulder,rx,0.05981234704189961,0.019207025039658775,-0.04060532200224083,0.08027379204384452,0.10482511404382908
252_T1_R1_vs_R2,natural_variability,5,Chest_to_RShoulder_ry,Chest_to_RShoulder,ry,0.0015487931071043405,0.03595766095772352,0.03440886785061918,0.08027379204384452,0.10482511404382908
252_T1_R1_vs_R2,natural_variability,5,Chest_to_RShoulder_rz,Chest_to_RShoulder,rz,0.02474639385311571,0.039053189530472286,0.014306795677356578,0.08027379204384452,0.10482511404382908
252_T1_R1_vs_R2,natural_variability,5,LFArm_to_LHand_rx,LFArm_to_LHand,rx,0.0025178261288631974,0.004989763734878464,0.0024719376060152666,0.08027379204384452,0.10482511404382908
252_T1_R1_vs_R2,natural_variability,5,LFArm_to_LHand_ry,LFArm_to_LHand,ry,0.03104743418038029,0.004216643545360803,-0.026830790635019485,0.08027379204384452,0.10482511404382908
252_T1_R1_vs_R2,natural_variability,5,LFArm_to_LHand_rz,LFArm_to_LHand,rz,0.016170813239089626,0.0037442618740149533,-0.012426551365074673,0.08027379204384452,0.10482511404382908
252_T1_R1_vs_R2,natural_variability,5,LShin_to_LFoot_rx,LShin_to_LFoot,rx,0.040806847777732295,0.2550308172713127,0.2142239694935804,0.08027379204384452,0.10482511404382908
252_T1_R1_vs_R2,natural_variability,5,LShin_to_LFoot_ry,LShin_to_LFoot,ry,0.1427605712226958,0.10644143681233594,-0.036319134410359874,0.08027379204384452,0.10482511404382908
252_T1_R1_vs_R2,natural_variability,5,LShin_to_LFoot_rz,LShin_to_LFoot,rz,0.017419976179942582,0.12467336757664076,0.10725339139669818,0.08027379204384452,0.10482511404382908
252_T1_R1_vs_R2,natural_variability,5,LShoulder_to_LUArm_rx,LShoulder_to_LUArm,rx,0.07823182108463311,0.03934337509601221,-0.0388884459886209,0.08027379204384452,0.10482511404382908
252_T1_R1_vs_R2,natural_variability,5,LShoulder_to_LUArm_ry,LShoulder_to_LUArm,ry,0.04215718639420044,0.002144529301752286,-0.04001265709244815,0.08027379204384452,0.10482511404382908
252_T1_R1_vs_R2,natural_variability,5,LShoulder_to_LUArm_rz,LShoulder_to_LUArm,rz,0.06823815422384934,0.017294567555139605,-0.05094358666870973,0.08027379204384452,0.10482511404382908
252_T1_R1_vs_R2,natural_variability,5,LThigh_to_LShin_rx,LThigh_to_LShin,rx,0.4629164075637375,0.5088388512079381,0.04592244364420067,0.08027379204384452,0.10482511404382908
252_T1_R1_vs_R2,natural_variability,5,LThigh_to_LShin_ry,LThigh_to_LShin,ry,6.154269804834044e-08,1.3928108534766973e-09,-6.014988719486373e-08,0.08027379204384452,0.10482511404382908
252_T1_R1_vs_R2,natural_variability,5,LThigh_to_LShin_rz,LThigh_to_LShin,rz,2.569358014887221e-08,2.738326246391666e-10,-2.5419747524233046e-08,0.08027379204384452,0.10482511404382908
252_T1_R1_vs_R2,natural_variability,5,LUArm_to_LFArm_rx,LUArm_to_LFArm,rx,0.088867808202622,0.27118642840533147,0.18231862020270947,0.08027379204384452,0.10482511404382908
252_T1_R1_vs_R2,natural_variability,5,LUArm_to_LFArm_ry,LUArm_to_LFArm,ry,0.23385666643919112,0.15694723792892237,-0.07690942851026875,0.08027379204384452,0.10482511404382908
252_T1_R1_vs_R2,natural_variability,5,LUArm_to_LFArm_rz,LUArm_to_LFArm,rz,0.003337530105210268,0.09771362413691817,0.09437609403170791,0.08027379204384452,0.10482511404382908
252_T1_R1_vs_R2,natural_variability,5,Neck_to_Head_rx,Neck_to_Head,rx,0.044774189115797405,0.08980287182744746,0.04502868271165006,0.08027379204384452,0.10482511404382908
252_T1_R1_vs_R2,natural_variability,5,Neck_to_Head_ry,Neck_to_Head,ry,0.003469008456002613,0.0035252168533556317,5.6208397353018844e-05,0.08027379204384452,0.10482511404382908
252_T1_R1_vs_R2,natural_variability,5,Neck_to_Head_rz,Neck_to_Head,rz,0.02600540677937644,0.06382647813524914,0.0378210713558727,0.08027379204384452,0.10482511404382908
252_T1_R1_vs_R2,natural_variability,5,RFArm_to_RHand_rx,RFArm_to_RHand,rx,0.0007526448237836909,0.002551794258819931,0.00179914943503624,0.08027379204384452,0.10482511404382908
252_T1_R1_vs_R2,natural_variability,5,RFArm_to_RHand_ry,RFArm_to_RHand,ry,0.031460104293449115,0.030761166059023282,-0.0006989382344258326,0.08027379204384452,0.10482511404382908
252_T1_R1_vs_R2,natural_variability,5,RFArm_to_RHand_rz,RFArm_to_RHand,rz,0.12729751383337823,0.005526165385757326,-0.1217713484476209,0.08027379204384452,0.10482511404382908
252_T1_R1_vs_R2,natural_variability,5,RShin_to_RFoot_rx,RShin_to_RFoot,rx,0.02285778660443639,0.10814056419363333,0.08528277758919693,0.08027379204384452,0.10482511404382908
252_T1_R1_vs_R2,natural_variability,5,RShin_to_RFoot_ry,RShin_to_RFoot,ry,0.0014110872874143116,0.15449066795992952,0.1530795806725152,0.08027379204384452,0.10482511404382908
252_T1_R1_vs_R2,natural_variability,5,RShin_to_RFoot_rz,RShin_to_RFoot,rz,0.0009965223873796272,0.09743529653419512,0.0964387741468155,0.08027379204384452,0.10482511404382908
252_T1_R1_vs_R2,natural_variability,5,RShoulder_to_RUArm_rx,RShoulder_to_RUArm,rx,0.47467158078136723,0.16331961739856493,-0.3113519633828023,0.08027379204384452,0.10482511404382908
252_T1_R1_vs_R2,natural_variability,5,RShoulder_to_RUArm_ry,RShoulder_to_RUArm,ry,0.12970933037025062,0.2849790373103443,0.15526970694009368,0.08027379204384452,0.10482511404382908
252_T1_R1_vs_R2,natural_variability,5,RShoulder_to_RUArm_rz,RShoulder_to_RUArm,rz,0.09645538250866158,0.03917764659708767,-0.05727773591157391,0.08027379204384452,0.10482511404382908
252_T1_R1_vs_R2,natural_variability,5,RThigh_to_RShin_rx,RThigh_to_RShin,rx,0.31854457639008044,0.5072817582274429,0.1887371818373625,0.08027379204384452,0.10482511404382908
252_T1_R1_vs_R2,natural_variability,5,RThigh_to_RShin_ry,RThigh_to_RShin,ry,2.3685522569583574e-08,2.4665280842951598e-08,9.797582733680237e-10,0.08027379204384452,0.10482511404382908
252_T1_R1_vs_R2,natural_variability,5,RThigh_to_RShin_rz,RThigh_to_RShin,rz,6.879204322727183e-09,1.7402165509546234e-08,1.0522961186819051e-08,0.08027379204384452,0.10482511404382908
252_T1_R1_vs_R2,natural_variability,5,RUArm_to_RFArm_rx,RUArm_to_RFArm,rx,0.2578193429120609,0.1287635211286171,-0.12905582178344377,0.08027379204384452,0.10482511404382908
252_T1_R1_vs_R2,natural_variability,5,RUArm_to_RFArm_ry,RUArm_to_RFArm,ry,0.36862927654008887,0.07003511230804128,-0.2985941642320476,0.08027379204384452,0.10482511404382908
252_T1_R1_vs_R2,natural_variability,5,RUArm_to_RFArm_rz,RUArm_to_RFArm,rz,0.04860468126338828,0.0052495677164439624,-0.04335511354694432,0.08027379204384452,0.10482511404382908
252_T1_R1_vs_R2,natural_variability,6,252_to_LThigh_rx,252_to_LThigh,rx,0.07188562671100522,0.09615905458335312,0.024273427872347902,0.0513535300196715,0.08885619319496377
252_T1_R1_vs_R2,natural_variability,6,252_to_LThigh_ry,252_to_LThigh,ry,0.15989659365513662,0.017264965491987683,-0.14263162816314892,0.0513535300196715,0.08885619319496377
252_T1_R1_vs_R2,natural_variability,6,252_to_LThigh_rz,252_to_LThigh,rz,1.4447060887172268e-06,0.1561558180423019,0.1561543733362132,0.0513535300196715,0.08885619319496377
252_T1_R1_vs_R2,natural_variability,6,252_to_RThigh_rx,252_to_RThigh,rx,0.0672063467097211,0.028188263649233096,-0.039018083060488006,0.0513535300196715,0.08885619319496377
252_T1_R1_vs_R2,natural_variability,6,252_to_RThigh_ry,252_to_RThigh,ry,0.15925712433263772,0.002931866682285443,-0.15632525765035227,0.0513535300196715,0.08885619319496377
252_T1_R1_vs_R2,natural_variability,6,252_to_RThigh_rz,252_to_RThigh,rz,0.02032997406006552,0.015474437689344561,-0.004855536370720958,0.0513535300196715,0.08885619319496377
252_T1_R1_vs_R2,natural_variability,6,Chest_to_LShoulder_rx,Chest_to_LShoulder,rx,0.02083247673079833,0.06643345898367348,0.04560098225287515,0.0513535300196715,0.08885619319496377
252_T1_R1_vs_R2,natural_variability,6,Chest_to_LShoulder_ry,Chest_to_LShoulder,ry,0.08591318529664797,0.008204121280060333,-0.07770906401658764,0.0513535300196715,0.08885619319496377
252_T1_R1_vs_R2,natural_variability,6,Chest_to_LShoulder_rz,Chest_to_LShoulder,rz,0.010416436739365148,0.08298687571178075,0.0725704389724156,0.0513535300196715,0.08885619319496377
252_T1_R1_vs_R2,natural_variability,6,Chest_to_Neck_rx,Chest_to_Neck,rx,0.006908578253601944,0.003604991571946608,-0.0033035866816553366,0.0513535300196715,0.08885619319496377
252_T1_R1_vs_R2,natural_variability,6,Chest_to_Neck_ry,Chest_to_Neck,ry,0.06424628426314537,0.001805151123370063,-0.062441133139775305,0.0513535300196715,0.08885619319496377
252_T1_R1_vs_R2,natural_variability,6,Chest_to_Neck_rz,Chest_to_Neck,rz,0.039330013429597466,0.041389754003481105,0.0020597405738836394,0.0513535300196715,0.08885619319496377
252_T1_R1_vs_R2,natural_variability,6,Chest_to_RShoulder_rx,Chest_to_RShoulder,rx,0.06159308251068535,0.07011902757155515,0.008525945060869802,0.0513535300196715,0.08885619319496377
252_T1_R1_vs_R2,natural_variability,6,Chest_to_RShoulder_ry,Chest_to_RShoulder,ry,0.01379210296330729,0.01673659061049557,0.0029444876471882795,0.0513535300196715,0.08885619319496377
252_T1_R1_vs_R2,natural_variability,6,Chest_to_RShoulder_rz,Chest_to_RShoulder,rz,0.0900213062337842,0.004995225344500665,-0.08502608088928353,0.0513535300196715,0.08885619319496377
252_T1_R1_vs_R2,natural_variability,6,LFArm_to_LHand_rx,LFArm_to_LHand,rx,0.04169707343460659,0.007742352552002193,-0.03395472088260439,0.0513535300196715,0.08885619319496377
252_T1_R1_vs_R2,natural_variability,6,LFArm_to_LHand_ry,LFArm_to_LHand,ry,0.07863930474609239,0.013808632362959112,-0.06483067238313328,0.0513535300196715,0.08885619319496377
252_T1_R1_vs_R2,natural_variability,6,LFArm_to_LHand_rz,LFArm_to_LHand,rz,0.2415976883092844,0.03974122490901873,-0.2018564634002657,0.0513535300196715,0.08885619319496377
252_T1_R1_vs_R2,natural_variability,6,LShin_to_LFoot_rx,LShin_to_LFoot,rx,0.08094223116669168,0.012559637960607228,-0.06838259320608445,0.0513535300196715,0.08885619319496377
252_T1_R1_vs_R2,natural_variability,6,LShin_to_LFoot_ry,LShin_to_LFoot,ry,0.17778168561553231,0.06160848822658097,-0.11617319738895135,0.0513535300196715,0.08885619319496377
252_T1_R1_vs_R2,natural_variability,6,LShin_to_LFoot_rz,LShin_to_LFoot,rz,0.005329517051401375,0.04958032430116855,0.044250807249767175,0.0513535300196715,0.08885619319496377
252_T1_R1_vs_R2,natural_variability,6,LShoulder_to_LUArm_rx,LShoulder_to_LUArm,rx,0.025419136312301686,0.2603004114433057,0.23488127513100399,0.0513535300196715,0.08885619319496377
252_T1_R1_vs_R2,natural_variability,6,LShoulder_to_LUArm_ry,LShoulder_to_LUArm,ry,0.32837136440863063,0.034751690867050246,-0.29361967354158036,0.0513535300196715,0.08885619319496377
252_T1_R1_vs_R2,natural_variability,6,LShoulder_to_LUArm_rz,LShoulder_to_LUArm,rz,0.20428665241542776,0.10379936839761389,-0.10048728401781387,0.0513535300196715,0.08885619319496377
252_T1_R1_vs_R2,natural_variability,6,LThigh_to_LShin_rx,LThigh_to_LShin,rx,0.17758288622483187,0.13675530123442647,-0.0408275849904054,0.0513535300196715,0.08885619319496377
252_T1_R1_vs_R2,natural_variability,6,LThigh_to_LShin_ry,LThigh_to_LShin,ry,2.382504971093874e-08,1.260138246004085e-08,-1.122366725089789e-08,0.0513535300196715,0.08885619319496377
252_T1_R1_vs_R2,natural_variability,6,LThigh_to_LShin_rz,LThigh_to_LShin,rz,4.950909141335939e-09,4.591548209535919e-10,-4.4917543203823474e-09,0.0513535300196715,0.08885619319496377
252_T1_R1_vs_R2,natural_variability,6,LUArm_to_LFArm_rx,LUArm_to_LFArm,rx,0.1917189241373253,0.42964962675158735,0.23793070261426205,0.0513535300196715,0.08885619319496377
252_T1_R1_vs_R2,natural_variability,6,LUArm_to_LFArm_ry,LUArm_to_LFArm,ry,0.2630646418311766,0.48625831762021393,0.22319367578903732,0.0513535300196715,0.08885619319496377
252_T1_R1_vs_R2,natural_variability,6,LUArm_to_LFArm_rz,LUArm_to_LFArm,rz,0.010381354253141302,0.04468563165760247,0.03430427740446117,0.0513535300196715,0.08885619319496377
252_T1_R1_vs_R2,natural_variability,6,Neck_to_Head_rx,Neck_to_Head,rx,0.006946837932625683,0.003489782510460042,-0.003457055422165641,0.0513535300196715,0.08885619319496377
252_T1_R1_vs_R2,natural_variability,6,Neck_to_Head_ry,Neck_to_Head,ry,0.0702053812448584,0.006035344953175018,-0.06417003629168337,0.0513535300196715,0.08885619319496377
252_T1_R1_vs_R2,natural_variability,6,Neck_to_Head_rz,Neck_to_Head,rz,0.026091118268345544,0.040752518651347554,0.01466140038300201,0.0513535300196715,0.08885619319496377
252_T1_R1_vs_R2,natural_variability,6,RFArm_to_RHand_rx,RFArm_to_RHand,rx,0.002171834249939834,0.0064616969575764975,0.004289862707636663,0.0513535300196715,0.08885619319496377
252_T1_R1_vs_R2,natural_variability,6,RFArm_to_RHand_ry,RFArm_to_RHand,ry,0.012615669105299656,0.023966004092915348,0.011350334987615692,0.0513535300196715,0.08885619319496377
252_T1_R1_vs_R2,natural_variability,6,RFArm_to_RHand_rz,RFArm_to_RHand,rz,0.07705698092544554,0.05716627336401546,-0.019890707561430077,0.0513535300196715,0.08885619319496377
252_T1_R1_vs_R2,natural_variability,6,RShin_to_RFoot_rx,RShin_to_RFoot,rx,0.017737374189149967,0.031105285518118735,0.013367911328968769,0.0513535300196715,0.08885619319496377
252_T1_R1_vs_R2,natural_variability,6,RShin_to_RFoot_ry,RShin_to_RFoot,ry,0.05832829767983153,0.0604315780472703,0.002103280367438766,0.0513535300196715,0.08885619319496377
252_T1_R1_vs_R2,natural_variability,6,RShin_to_RFoot_rz,RShin_to_RFoot,rz,0.03709859551133503,0.0637248474748333,0.02662625196349827,0.0513535300196715,0.08885619319496377
252_T1_R1_vs_R2,natural_variability,6,RShoulder_to_RUArm_rx,RShoulder_to_RUArm,rx,0.3873449675403562,0.1465856199018538,-0.2407593476385024,0.0513535300196715,0.08885619319496377
252_T1_R1_vs_R2,natural_variability,6,RShoulder_to_RUArm_ry,RShoulder_to_RUArm,ry,0.11837744602250182,0.09859894098849326,-0.01977850503400856,0.0513535300196715,0.08885619319496377
252_T1_R1_vs_R2,natural_variability,6,RShoulder_to_RUArm_rz,RShoulder_to_RUArm,rz,0.4393279965222421,0.09857606022277511,-0.340751936299467,0.0513535300196715,0.08885619319496377
252_T1_R1_vs_R2,natural_variability,6,RThigh_to_RShin_rx,RThigh_to_RShin,rx,0.2894759273718155,0.16717070235579273,-0.12230522501602276,0.0513535300196715,0.08885619319496377
252_T1_R1_vs_R2,natural_variability,6,RThigh_to_RShin_ry,RThigh_to_RShin,ry,1.2309443209896358e-08,1.7951324016948723e-08,5.641880807052365e-09,0.0513535300196715,0.08885619319496377
252_T1_R1_vs_R2,natural_variability,6,RThigh_to_RShin_rz,RThigh_to_RShin,rz,1.1399131500103025e-07,1.3151420836444573e-08,-1.0083989416458568e-07,0.0513535300196715,0.08885619319496377
252_T1_R1_vs_R2,natural_variability,6,RUArm_to_RFArm_rx,RUArm_to_RFArm,rx,0.10374430288494857,0.12300883838650868,0.019264535501560112,0.0513535300196715,0.08885619319496377
252_T1_R1_vs_R2,natural_variability,6,RUArm_to_RFArm_ry,RUArm_to_RFArm,ry,0.2045591367980805,0.5377378171991419,0.33317868040106147,0.0513535300196715,0.08885619319496377
252_T1_R1_vs_R2,natural_variability,6,RUArm_to_RFArm_rz,RUArm_to_RFArm,rz,0.10313314250469847,0.17188795839581253,0.06875481589111405,0.0513535300196715,0.08885619319496377
252_T1_R1_vs_R2,natural_variability,7,252_to_LThigh_rx,252_to_LThigh,rx,0.048027328214372444,0.39806043248813466,0.3500331042737622,0.048834197853162,0.03475130649383881
252_T1_R1_vs_R2,natural_variability,7,252_to_LThigh_ry,252_to_LThigh,ry,0.07722520042839297,0.10930382981541772,0.03207862938702476,0.048834197853162,0.03475130649383881
252_T1_R1_vs_R2,natural_variability,7,252_to_LThigh_rz,252_to_LThigh,rz,0.06255031871325095,0.18689308491694395,0.124342766203693,0.048834197853162,0.03475130649383881
252_T1_R1_vs_R2,natural_variability,7,252_to_RThigh_rx,252_to_RThigh,rx,0.184699403064729,0.25514159567155187,0.07044219260682286,0.048834197853162,0.03475130649383881
252_T1_R1_vs_R2,natural_variability,7,252_to_RThigh_ry,252_to_RThigh,ry,0.07179991564289889,0.03553322317681424,-0.03626669246608465,0.048834197853162,0.03475130649383881
252_T1_R1_vs_R2,natural_variability,7,252_to_RThigh_rz,252_to_RThigh,rz,0.1723697549945637,0.14384685589222365,-0.028522899102340044,0.048834197853162,0.03475130649383881
252_T1_R1_vs_R2,natural_variability,7,Chest_to_LShoulder_rx,Chest_to_LShoulder,rx,0.04129728801975912,0.0643877628449061,0.023090474825146985,0.048834197853162,0.03475130649383881
252_T1_R1_vs_R2,natural_variability,7,Chest_to_LShoulder_ry,Chest_to_LShoulder,ry,0.016271969845909087,0.04361964955183193,0.027347679705922844,0.048834197853162,0.03475130649383881
252_T1_R1_vs_R2,natural_variability,7,Chest_to_LShoulder_rz,Chest_to_LShoulder,rz,0.029057561256021828,0.06502829394104076,0.035970732685018936,0.048834197853162,0.03475130649383881
252_T1_R1_vs_R2,natural_variability,7,Chest_to_Neck_rx,Chest_to_Neck,rx,0.014079979242759211,0.041117508483359246,0.027037529240600034,0.048834197853162,0.03475130649383881
252_T1_R1_vs_R2,natural_variability,7,Chest_to_Neck_ry,Chest_to_Neck,ry,0.03481027657181711,0.07238373085025225,0.03757345427843514,0.048834197853162,0.03475130649383881
252_T1_R1_vs_R2,natural_variability,7,Chest_to_Neck_rz,Chest_to_Neck,rz,0.07770823610666353,0.002518303673477478,-0.07518993243318604,0.048834197853162,0.03475130649383881
252_T1_R1_vs_R2,natural_variability,7,Chest_to_RShoulder_rx,Chest_to_RShoulder,rx,0.017877140523406086,0.027309145595472265,0.00943200507206618,0.048834197853162,0.03475130649383881
252_T1_R1_vs_R2,natural_variability,7,Chest_to_RShoulder_ry,Chest_to_RShoulder,ry,0.03453510857721979,0.03406032980300022,-0.00047477877421956555,0.048834197853162,0.03475130649383881
252_T1_R1_vs_R2,natural_variability,7,Chest_to_RShoulder_rz,Chest_to_RShoulder,rz,0.021258234108080924,0.006449427641882038,-0.014808806466198886,0.048834197853162,0.03475130649383881
252_T1_R1_vs_R2,natural_variability,7,LFArm_to_LHand_rx,LFArm_to_LHand,rx,0.012286641792580951,0.006924090805251463,-0.005362550987329489,0.048834197853162,0.03475130649383881
252_T1_R1_vs_R2,natural_variability,7,LFArm_to_LHand_ry,LFArm_to_LHand,ry,0.012077369126264269,0.03874837260721457,0.026671003480950306,0.048834197853162,0.03475130649383881
252_T1_R1_vs_R2,natural_variability,7,LFArm_to_LHand_rz,LFArm_to_LHand,rz,0.04124144890940731,0.07648515483252097,0.035243705923113655,0.048834197853162,0.03475130649383881
252_T1_R1_vs_R2,natural_variability,7,LShin_to_LFoot_rx,LShin_to_LFoot,rx,0.1999072198054456,0.1023893141334221,-0.0975179056720235,0.048834197853162,0.03475130649383881
252_T1_R1_vs_R2,natural_variability,7,LShin_to_LFoot_ry,LShin_to_LFoot,ry,0.04440562908061107,0.05683974165079477,0.012434112570183703,0.048834197853162,0.03475130649383881
252_T1_R1_vs_R2,natural_variability,7,LShin_to_LFoot_rz,LShin_to_LFoot,rz,0.10194749694645985,0.06495173007225837,-0.03699576687420149,0.048834197853162,0.03475130649383881
252_T1_R1_vs_R2,natural_variability,7,LShoulder_to_LUArm_rx,LShoulder_to_LUArm,rx,0.16357166298354614,0.18897673144608168,0.02540506846253554,0.048834197853162,0.03475130649383881
252_T1_R1_vs_R2,natural_variability,7,LShoulder_to_LUArm_ry,LShoulder_to_LUArm,ry,0.052541028833809754,0.17902020534427115,0.1264791765104614,0.048834197853162,0.03475130649383881
252_T1_R1_vs_R2,natural_variability,7,LShoulder_to_LUArm_rz,LShoulder_to_LUArm,rz,0.15648648554749842,0.1841099255160894,0.027623439968590985,0.048834197853162,0.03475130649383881
252_T1_R1_vs_R2,natural_variability,7,LThigh_to_LShin_rx,LThigh_to_LShin,rx,0.11749062733906564,0.221047833799429,0.10355720646036336,0.048834197853162,0.03475130649383881
252_T1_R1_vs_R2,natural_variability,7,LThigh_to_LShin_ry,LThigh_to_LShin,ry,3.249799667247967e-08,2.7860132361143437e-08,-4.637864311336232e-09,0.048834197853162,0.03475130649383881
252_T1_R1_vs_R2,natural_variability,7,LThigh_to_LShin_rz,LThigh_to_LShin,rz,1.527236008388098e-09,3.435532127385159e-09,1.908296118997061e-09,0.048834197853162,0.03475130649383881
252_T1_R1_vs_R2,natural_variability,7,LUArm_to_LFArm_rx,LUArm_to_LFArm,rx,0.4412039018946503,0.16004640249152682,-0.2811574994031235,0.048834197853162,0.03475130649383881
252_T1_R1_vs_R2,natural_variability,7,LUArm_to_LFArm_ry,LUArm_to_LFArm,ry,0.02557624431085479,0.06256764417323382,0.03699139986237903,0.048834197853162,0.03475130649383881
252_T1_R1_vs_R2,natural_variability,7,LUArm_to_LFArm_rz,LUArm_to_LFArm,rz,0.19247573758880812,0.030591023231483806,-0.16188471435732432,0.048834197853162,0.03475130649383881
252_T1_R1_vs_R2,natural_variability,7,Neck_to_Head_rx,Neck_to_Head,rx,0.014134587488186419,0.040887545173218603,0.026752957685032185,0.048834197853162,0.03475130649383881
252_T1_R1_vs_R2,natural_variability,7,Neck_to_Head_ry,Neck_to_Head,ry,0.048634185631582554,0.07024328908056159,0.021609103448979032,0.048834197853162,0.03475130649383881
252_T1_R1_vs_R2,natural_variability,7,Neck_to_Head_rz,Neck_to_Head,rz,0.06930978500950721,0.016342572629725848,-0.052967212379781366,0.048834197853162,0.03475130649383881
252_T1_R1_vs_R2,natural_variability,7,RFArm_to_RHand_rx,RFArm_to_RHand,rx,0.004314032370519651,0.007228498693229977,0.0029144663227103256,0.048834197853162,0.03475130649383881
252_T1_R1_vs_R2,natural_variability,7,RFArm_to_RHand_ry,RFArm_to_RHand,ry,0.004603719531008147,0.03087425427842822,0.026270534747420075,0.048834197853162,0.03475130649383881
252_T1_R1_vs_R2,natural_variability,7,RFArm_to_RHand_rz,RFArm_to_RHand,rz,0.017090692426775016,0.008032968531724747,-0.009057723895050268,0.048834197853162,0.03475130649383881
252_T1_R1_vs_R2,natural_variability,7,RShin_to_RFoot_rx,RShin_to_RFoot,rx,0.08826817115776243,0.19583623031025074,0.10756805915248831,0.048834197853162,0.03475130649383881
252_T1_R1_vs_R2,natural_variability,7,RShin_to_RFoot_ry,RShin_to_RFoot,ry,0.09099650183900682,0.026877298255559127,-0.06411920358344769,0.048834197853162,0.03475130649383881
252_T1_R1_vs_R2,natural_variability,7,RShin_to_RFoot_rz,RShin_to_RFoot,rz,0.025591193865995582,0.03451234275835026,0.008921148892354677,0.048834197853162,0.03475130649383881
252_T1_R1_vs_R2,natural_variability,7,RShoulder_to_RUArm_rx,RShoulder_to_RUArm,rx,0.21138649604536522,0.16001992102227025,-0.05136657502309497,0.048834197853162,0.03475130649383881
252_T1_R1_vs_R2,natural_variability,7,RShoulder_to_RUArm_ry,RShoulder_to_RUArm,ry,0.47338012203650287,0.1287578366724416,-0.34462228536406125,0.048834197853162,0.03475130649383881
252_T1_R1_vs_R2,natural_variability,7,RShoulder_to_RUArm_rz,RShoulder_to_RUArm,rz,0.10504844304024252,0.38051307764497416,0.27546463460473164,0.048834197853162,0.03475130649383881
252_T1_R1_vs_R2,natural_variability,7,RThigh_to_RShin_rx,RThigh_to_RShin,rx,0.4155251613800029,0.023287106948633503,-0.3922380544313694,0.048834197853162,0.03475130649383881
252_T1_R1_vs_R2,natural_variability,7,RThigh_to_RShin_ry,RThigh_to_RShin,ry,5.604914575933032e-08,1.1573765867788951e-08,-4.447537989154137e-08,0.048834197853162,0.03475130649383881
252_T1_R1_vs_R2,natural_variability,7,RThigh_to_RShin_rz,RThigh_to_RShin,rz,2.5970487314441245e-08,2.348630186432212e-09,-2.3621857128009034e-08,0.048834197853162,0.03475130649383881
252_T1_R1_vs_R2,natural_variability,7,RUArm_to_RFArm_rx,RUArm_to_RFArm,rx,0.1594147936952284,0.244640571383305,0.0852257776880766,0.048834197853162,0.03475130649383881
252_T1_R1_vs_R2,natural_variability,7,RUArm_to_RFArm_ry,RUArm_to_RFArm,ry,0.18334763268263968,0.4313631407066666,0.24801550802402691,0.048834197853162,0.03475130649383881
252_T1_R1_vs_R2,natural_variability,7,RUArm_to_RFArm_rz,RUArm_to_RFArm,rz,0.12722908999049953,0.02220349782531893,-0.1050255921651806,0.048834197853162,0.03475130649383881
252_T1_R1_vs_R2,natural_variability,8,252_to_LThigh_rx,252_to_LThigh,rx,0.40266389794911966,0.12555465584925768,-0.277109242099862,0.03057255113061955,0.024671762231883717
252_T1_R1_vs_R2,natural_variability,8,252_to_LThigh_ry,252_to_LThigh,ry,0.08988129504314298,0.040290983673286256,-0.04959031136985672,0.03057255113061955,0.024671762231883717
252_T1_R1_vs_R2,natural_variability,8,252_to_LThigh_rz,252_to_LThigh,rz,0.21983436778308083,0.04708510993370776,-0.17274925784937306,0.03057255113061955,0.024671762231883717
252_T1_R1_vs_R2,natural_variability,8,252_to_RThigh_rx,252_to_RThigh,rx,0.2969949576029013,0.2357337244119919,-0.0612612331909094,0.03057255113061955,0.024671762231883717
252_T1_R1_vs_R2,natural_variability,8,252_to_RThigh_ry,252_to_RThigh,ry,0.003127862210715406,0.08477808163739624,0.08165021942668083,0.03057255113061955,0.024671762231883717
252_T1_R1_vs_R2,natural_variability,8,252_to_RThigh_rz,252_to_RThigh,rz,0.1535659696872668,0.0008756193091216198,-0.15269035037814518,0.03057255113061955,0.024671762231883717
252_T1_R1_vs_R2,natural_variability,8,Chest_to_LShoulder_rx,Chest_to_LShoulder,rx,0.07100270752574706,0.03455277233286023,-0.03644993519288683,0.03057255113061955,0.024671762231883717
252_T1_R1_vs_R2,natural_variability,8,Chest_to_LShoulder_ry,Chest_to_LShoulder,ry,0.0318709643694884,0.08299106298629123,0.051120098616802834,0.03057255113061955,0.024671762231883717
252_T1_R1_vs_R2,natural_variability,8,Chest_to_LShoulder_rz,Chest_to_LShoulder,rz,0.07040416261868027,0.0035664936614387232,-0.06683766895724154,0.03057255113061955,0.024671762231883717
252_T1_R1_vs_R2,natural_variability,8,Chest_to_Neck_rx,Chest_to_Neck,rx,0.04530872686106455,0.038481634742036856,-0.00682709211902769,0.03057255113061955,0.024671762231883717
252_T1_R1_vs_R2,natural_variability,8,Chest_to_Neck_ry,Chest_to_Neck,ry,0.07712121682455873,0.0812545357678022,0.004133318943243466,0.03057255113061955,0.024671762231883717
252_T1_R1_vs_R2,natural_variability,8,Chest_to_Neck_rz,Chest_to_Neck,rz,0.0013225467800465763,0.06006874598092999,0.05874619920088341,0.03057255113061955,0.024671762231883717
252_T1_R1_vs_R2,natural_variability,8,Chest_to_RShoulder_rx,Chest_to_RShoulder,rx,0.04355212210367527,0.030363031390877204,-0.013189090712798064,0.03057255113061955,0.024671762231883717
252_T1_R1_vs_R2,natural_variability,8,Chest_to_RShoulder_ry,Chest_to_RShoulder,ry,0.024599474987338873,0.024569989924475465,-2.9485062863408157e-05,0.03057255113061955,0.024671762231883717
252_T1_R1_vs_R2,natural_variability,8,Chest_to_RShoulder_rz,Chest_to_RShoulder,rz,0.00501059699207903,0.10484377708843365,0.09983318009635461,0.03057255113061955,0.024671762231883717
252_T1_R1_vs_R2,natural_variability,8,LFArm_to_LHand_rx,LFArm_to_LHand,rx,0.015060804049498819,0.01461970223396364,-0.0004411018155351786,0.03057255113061955,0.024671762231883717
252_T1_R1_vs_R2,natural_variability,8,LFArm_to_LHand_ry,LFArm_to_LHand,ry,0.052078922749795184,0.013801993370419197,-0.03827692937937599,0.03057255113061955,0.024671762231883717
252_T1_R1_vs_R2,natural_variability,8,LFArm_to_LHand_rz,LFArm_to_LHand,rz,0.12244178201274045,0.12685467256363864,0.004412890550898191,0.03057255113061955,0.024671762231883717
252_T1_R1_vs_R2,natural_variability,8,LShin_to_LFoot_rx,LShin_to_LFoot,rx,0.13653869433194685,0.07283293102465181,-0.06370576330729504,0.03057255113061955,0.024671762231883717
252_T1_R1_vs_R2,natural_variability,8,LShin_to_LFoot_ry,LShin_to_LFoot,ry,0.008268395617430369,0.007496885188172875,-0.0007715104292574937,0.03057255113061955,0.024671762231883717
252_T1_R1_vs_R2,natural_variability,8,LShin_to_LFoot_rz,LShin_to_LFoot,rz,0.06730333342127183,0.05037941885110036,-0.01692391457017147,0.03057255113061955,0.024671762231883717
252_T1_R1_vs_R2,natural_variability,8,LShoulder_to_LUArm_rx,LShoulder_to_LUArm,rx,0.25406808274812664,0.09356761954855834,-0.1605004631995683,0.03057255113061955,0.024671762231883717
252_T1_R1_vs_R2,natural_variability,8,LShoulder_to_LUArm_ry,LShoulder_to_LUArm,ry,0.2416788304220781,0.3658598347109856,0.12418100428890749,0.03057255113061955,0.024671762231883717
252_T1_R1_vs_R2,natural_variability,8,LShoulder_to_LUArm_rz,LShoulder_to_LUArm,rz,0.15632075161533282,0.4001673349552615,0.2438465833399287,0.03057255113061955,0.024671762231883717
252_T1_R1_vs_R2,natural_variability,8,LThigh_to_LShin_rx,LThigh_to_LShin,rx,0.09789419950863057,0.30270880706204284,0.20481460755341227,0.03057255113061955,0.024671762231883717
252_T1_R1_vs_R2,natural_variability,8,LThigh_to_LShin_ry,LThigh_to_LShin,ry,4.5385952995683535e-08,3.2285609372900925e-09,-4.215739205839344e-08,0.03057255113061955,0.024671762231883717
252_T1_R1_vs_R2,natural_variability,8,LThigh_to_LShin_rz,LThigh_to_LShin,rz,1.0350912357316866e-08,6.030935759830295e-09,-4.319976597486571e-09,0.03057255113061955,0.024671762231883717
252_T1_R1_vs_R2,natural_variability,8,LUArm_to_LFArm_rx,LUArm_to_LFArm,rx,0.27350464067408453,0.14510519673912878,-0.12839944393495575,0.03057255113061955,0.024671762231883717
252_T1_R1_vs_R2,natural_variability,8,LUArm_to_LFArm_ry,LUArm_to_LFArm,ry,0.17683364338194837,0.39751657157628084,0.22068292819433247,0.03057255113061955,0.024671762231883717
252_T1_R1_vs_R2,natural_variability,8,LUArm_to_LFArm_rz,LUArm_to_LFArm,rz,0.010316448860430595,0.07967365894730377,0.06935721008687318,0.03057255113061955,0.024671762231883717
252_T1_R1_vs_R2,natural_variability,8,Neck_to_Head_rx,Neck_to_Head,rx,0.045145428078706445,0.038588928167100786,-0.006556499911605659,0.03057255113061955,0.024671762231883717
252_T1_R1_vs_R2,natural_variability,8,Neck_to_Head_ry,Neck_to_Head,ry,0.07509689404955294,0.09059251035021967,0.015495616300666731,0.03057255113061955,0.024671762231883717
252_T1_R1_vs_R2,natural_variability,8,Neck_to_Head_rz,Neck_to_Head,rz,0.01607785687997269,0.04335645159682264,0.027278594716849947,0.03057255113061955,0.024671762231883717
252_T1_R1_vs_R2,natural_variability,8,RFArm_to_RHand_rx,RFArm_to_RHand,rx,0.010003264576213538,0.0037213767564791577,-0.006281887819734381,0.03057255113061955,0.024671762231883717
252_T1_R1_vs_R2,natural_variability,8,RFArm_to_RHand_ry,RFArm_to_RHand,ry,0.04490216751670104,0.01935931240005416,-0.025542855116646883,0.03057255113061955,0.024671762231883717
252_T1_R1_vs_R2,natural_variability,8,RFArm_to_RHand_rz,RFArm_to_RHand,rz,0.004192478683568659,0.041297398695654346,0.037104920012085686,0.03057255113061955,0.024671762231883717
252_T1_R1_vs_R2,natural_variability,8,RShin_to_RFoot_rx,RShin_to_RFoot,rx,0.17638867479617085,0.18530808303926166,0.008919408243090815,0.03057255113061955,0.024671762231883717
252_T1_R1_vs_R2,natural_variability,8,RShin_to_RFoot_ry,RShin_to_RFoot,ry,0.06214768818503234,0.022272702231946655,-0.03987498595308569,0.03057255113061955,0.024671762231883717
252_T1_R1_vs_R2,natural_variability,8,RShin_to_RFoot_rz,RShin_to_RFoot,rz,0.012380270937391163,0.04596383331630116,0.03358356237891,0.03057255113061955,0.024671762231883717
252_T1_R1_vs_R2,natural_variability,8,RShoulder_to_RUArm_rx,RShoulder_to_RUArm,rx,0.15328764303632697,0.020564570599974956,-0.132723072436352,0.03057255113061955,0.024671762231883717
252_T1_R1_vs_R2,natural_variability,8,RShoulder_to_RUArm_ry,RShoulder_to_RUArm,ry,0.1762977228452223,0.20233550456712163,0.026037781721899328,0.03057255113061955,0.024671762231883717
252_T1_R1_vs_R2,natural_variability,8,RShoulder_to_RUArm_rz,RShoulder_to_RUArm,rz,0.35044097178698735,0.41386207304868367,0.06342110126169631,0.03057255113061955,0.024671762231883717
252_T1_R1_vs_R2,natural_variability,8,RThigh_to_RShin_rx,RThigh_to_RShin,rx,0.014609181519701593,0.004929362544243196,-0.009679818975458398,0.03057255113061955,0.024671762231883717
252_T1_R1_vs_R2,natural_variability,8,RThigh_to_RShin_ry,RThigh_to_RShin,ry,1.65627582892705e-08,6.352420556219812e-08,4.696144727292762e-08,0.03057255113061955,0.024671762231883717
252_T1_R1_vs_R2,natural_variability,8,RThigh_to_RShin_rz,RThigh_to_RShin,rz,1.6985499474044914e-08,3.694386887540203e-08,1.9958369401357113e-08,0.03057255113061955,0.024671762231883717
252_T1_R1_vs_R2,natural_variability,8,RUArm_to_RFArm_rx,RUArm_to_RFArm,rx,0.2830109393552193,0.06738325987729167,-0.21562767947792766,0.03057255113061955,0.024671762231883717
252_T1_R1_vs_R2,natural_variability,8,RUArm_to_RFArm_ry,RUArm_to_RFArm,ry,0.1934155053291804,0.07531208664558287,-0.11810341868359753,0.03057255113061955,0.024671762231883717
252_T1_R1_vs_R2,natural_variability,8,RUArm_to_RFArm_rz,RUArm_to_RFArm,rz,0.058981768942532646,0.0874184892198432,0.028436720277310555,0.03057255113061955,0.024671762231883717
252_T1_R1_vs_R2,natural_variability,9,252_to_LThigh_rx,252_to_LThigh,rx,0.33252237356037795,0.3883843900410126,0.05586201648063466,0.030162292069741834,0.016568410832462216
252_T1_R1_vs_R2,natural_variability,9,252_to_LThigh_ry,252_to_LThigh,ry,0.09629561801582813,0.1074059124458123,0.011110294429984166,0.030162292069741834,0.016568410832462216
252_T1_R1_vs_R2,natural_variability,9,252_to_LThigh_rz,252_to_LThigh,rz,0.11202411556796811,0.15122765471032593,0.039203539142357816,0.030162292069741834,0.016568410832462216
252_T1_R1_vs_R2,natural_variability,9,252_to_RThigh_rx,252_to_RThigh,rx,0.5584732023117298,0.4691518142438602,-0.0893213880678696,0.030162292069741834,0.016568410832462216
252_T1_R1_vs_R2,natural_variability,9,252_to_RThigh_ry,252_to_RThigh,ry,0.04814485172180363,0.006557933169143824,-0.04158691855265981,0.030162292069741834,0.016568410832462216
252_T1_R1_vs_R2,natural_variability,9,252_to_RThigh_rz,252_to_RThigh,rz,0.13945125877520512,0.24281200190284102,0.1033607431276359,0.030162292069741834,0.016568410832462216
252_T1_R1_vs_R2,natural_variability,9,Chest_to_LShoulder_rx,Chest_to_LShoulder,rx,0.03319504463373437,0.00034237098677769676,-0.032852673646956675,0.030162292069741834,0.016568410832462216
252_T1_R1_vs_R2,natural_variability,9,Chest_to_LShoulder_ry,Chest_to_LShoulder,ry,0.020805067866518697,0.041863804425941516,0.02105873655942282,0.030162292069741834,0.016568410832462216
252_T1_R1_vs_R2,natural_variability,9,Chest_to_LShoulder_rz,Chest_to_LShoulder,rz,0.06101236169082682,0.05226481125145775,-0.008747550439369069,0.030162292069741834,0.016568410832462216
252_T1_R1_vs_R2,natural_variability,9,Chest_to_Neck_rx,Chest_to_Neck,rx,0.00918939066962463,0.03698801191163275,0.027798621242008117,0.030162292069741834,0.016568410832462216
252_T1_R1_vs_R2,natural_variability,9,Chest_to_Neck_ry,Chest_to_Neck,ry,0.02253026716426581,0.04674360136269278,0.024213334198426972,0.030162292069741834,0.016568410832462216
252_T1_R1_vs_R2,natural_variability,9,Chest_to_Neck_rz,Chest_to_Neck,rz,0.036072409933495905,0.007824152209279539,-0.028248257724216366,0.030162292069741834,0.016568410832462216
252_T1_R1_vs_R2,natural_variability,9,Chest_to_RShoulder_rx,Chest_to_RShoulder,rx,0.01776227963348396,0.005860223724278556,-0.011902055909205404,0.030162292069741834,0.016568410832462216
252_T1_R1_vs_R2,natural_variability,9,Chest_to_RShoulder_ry,Chest_to_RShoulder,ry,0.022282973070967396,0.009848283524342699,-0.012434689546624697,0.030162292069741834,0.016568410832462216
252_T1_R1_vs_R2,natural_variability,9,Chest_to_RShoulder_rz,Chest_to_RShoulder,rz,0.10821233685076687,0.06261906230690474,-0.045593274543862125,0.030162292069741834,0.016568410832462216
252_T1_R1_vs_R2,natural_variability,9,LFArm_to_LHand_rx,LFArm_to_LHand,rx,0.02240333222204731,0.04032505496245515,0.01792172274040784,0.030162292069741834,0.016568410832462216
252_T1_R1_vs_R2,natural_variability,9,LFArm_to_LHand_ry,LFArm_to_LHand,ry,0.05000374680121887,0.07106561601972308,0.02106186921850421,0.030162292069741834,0.016568410832462216
252_T1_R1_vs_R2,natural_variability,9,LFArm_to_LHand_rz,LFArm_to_LHand,rz,0.05794551966199713,0.18517003337318286,0.12722451371118573,0.030162292069741834,0.016568410832462216
252_T1_R1_vs_R2,natural_variability,9,LShin_to_LFoot_rx,LShin_to_LFoot,rx,0.0015323903968595728,0.047396672118199666,0.04586428172134009,0.030162292069741834,0.016568410832462216
252_T1_R1_vs_R2,natural_variability,9,LShin_to_LFoot_ry,LShin_to_LFoot,ry,0.13429831587080687,0.1650316380633993,0.03073332219259242,0.030162292069741834,0.016568410832462216
252_T1_R1_vs_R2,natural_variability,9,LShin_to_LFoot_rz,LShin_to_LFoot,rz,0.07737430858388684,0.0578171863589802,-0.019557122224906645,0.030162292069741834,0.016568410832462216
252_T1_R1_vs_R2,natural_variability,9,LShoulder_to_LUArm_rx,LShoulder_to_LUArm,rx,0.1278931241915385,0.034747340126897286,-0.09314578406464122,0.030162292069741834,0.016568410832462216
252_T1_R1_vs_R2,natural_variability,9,LShoulder_to_LUArm_ry,LShoulder_to_LUArm,ry,0.22836791448037186,0.06906203410326822,-0.15930588037710364,0.030162292069741834,0.016568410832462216
252_T1_R1_vs_R2,natural_variability,9,LShoulder_to_LUArm_rz,LShoulder_to_LUArm,rz,0.2838523110871039,0.0017093614776684698,-0.2821429496094354,0.030162292069741834,0.016568410832462216
252_T1_R1_vs_R2,natural_variability,9,LThigh_to_LShin_rx,LThigh_to_LShin,rx,0.33686391771479246,0.17139521044414746,-0.165468707270645,0.030162292069741834,0.016568410832462216
252_T1_R1_vs_R2,natural_variability,9,LThigh_to_LShin_ry,LThigh_to_LShin,ry,2.0496610086065297e-08,9.597744212124491e-09,-1.0898865873940806e-08,0.030162292069741834,0.016568410832462216
252_T1_R1_vs_R2,natural_variability,9,LThigh_to_LShin_rz,LThigh_to_LShin,rz,7.2383868168663e-10,9.470606149988724e-09,8.746767468302094e-09,0.030162292069741834,0.016568410832462216
252_T1_R1_vs_R2,natural_variability,9,LUArm_to_LFArm_rx,LUArm_to_LFArm,rx,0.24703542179653162,0.07090958471256308,-0.17612583708396856,0.030162292069741834,0.016568410832462216
252_T1_R1_vs_R2,natural_variability,9,LUArm_to_LFArm_ry,LUArm_to_LFArm,ry,0.0640171427220551,0.26936285284205563,0.20534571012000052,0.030162292069741834,0.016568410832462216
252_T1_R1_vs_R2,natural_variability,9,LUArm_to_LFArm_rz,LUArm_to_LFArm,rz,0.013645028612797856,0.0846624380816279,0.07101740946883005,0.030162292069741834,0.016568410832462216
252_T1_R1_vs_R2,natural_variability,9,Neck_to_Head_rx,Neck_to_Head,rx,0.008934246212180554,0.03675345349687356,0.027819207284693007,0.030162292069741834,0.016568410832462216
252_T1_R1_vs_R2,natural_variability,9,Neck_to_Head_ry,Neck_to_Head,ry,0.028678424885216162,0.04725173222066178,0.018573307335445616,0.030162292069741834,0.016568410832462216
252_T1_R1_vs_R2,natural_variability,9,Neck_to_Head_rz,Neck_to_Head,rz,0.031116391221313315,0.0013725339852933634,-0.029743857236019952,0.030162292069741834,0.016568410832462216
252_T1_R1_vs_R2,natural_variability,9,RFArm_to_RHand_rx,RFArm_to_RHand,rx,0.0025828182582101544,0.0025729180850888925,-9.90017312126187e-06,0.030162292069741834,0.016568410832462216
252_T1_R1_vs_R2,natural_variability,9,RFArm_to_RHand_ry,RFArm_to_RHand,ry,0.0024574516878572944,0.03749191482461991,0.03503446313676262,0.030162292069741834,0.016568410832462216
252_T1_R1_vs_R2,natural_variability,9,RFArm_to_RHand_rz,RFArm_to_RHand,rz,0.07023396215911594,0.03403901753470263,-0.03619494462441331,0.030162292069741834,0.016568410832462216
252_T1_R1_vs_R2,natural_variability,9,RShin_to_RFoot_rx,RShin_to_RFoot,rx,0.19862574613799341,0.14861950279339395,-0.050006243344599466,0.030162292069741834,0.016568410832462216
252_T1_R1_vs_R2,natural_variability,9,RShin_to_RFoot_ry,RShin_to_RFoot,ry,0.03075769287385845,0.02312744334271394,-0.007630249531144509,0.030162292069741834,0.016568410832462216
252_T1_R1_vs_R2,natural_variability,9,RShin_to_RFoot_rz,RShin_to_RFoot,rz,0.0959149946084147,0.13448365310793525,0.038568658499520556,0.030162292069741834,0.016568410832462216
252_T1_R1_vs_R2,natural_variability,9,RShoulder_to_RUArm_rx,RShoulder_to_RUArm,rx,0.012015409521339589,0.16734984548281684,0.15533443596147725,0.030162292069741834,0.016568410832462216
252_T1_R1_vs_R2,natural_variability,9,RShoulder_to_RUArm_ry,RShoulder_to_RUArm,ry,0.13949728421368301,0.41464265658162747,0.27514537236794445,0.030162292069741834,0.016568410832462216
252_T1_R1_vs_R2,natural_variability,9,RShoulder_to_RUArm_rz,RShoulder_to_RUArm,rz,0.27072542126612986,0.004233303195029195,-0.2664921180711007,0.030162292069741834,0.016568410832462216
252_T1_R1_vs_R2,natural_variability,9,RThigh_to_RShin_rx,RThigh_to_RShin,rx,0.007831258986461836,0.19635309203000742,0.18852183304354558,0.030162292069741834,0.016568410832462216
252_T1_R1_vs_R2,natural_variability,9,RThigh_to_RShin_ry,RThigh_to_RShin,ry,5.248742041323272e-08,5.5630833386538556e-09,-4.6924337074578864e-08,0.030162292069741834,0.016568410832462216
252_T1_R1_vs_R2,natural_variability,9,RThigh_to_RShin_rz,RThigh_to_RShin,rz,6.008562407886454e-08,1.1323389277974658e-07,5.3148268700882044e-08,0.030162292069741834,0.016568410832462216
252_T1_R1_vs_R2,natural_variability,9,RUArm_to_RFArm_rx,RUArm_to_RFArm,rx,0.007819721775075788,0.0043838703489074244,-0.003435851426168364,0.030162292069741834,0.016568410832462216
252_T1_R1_vs_R2,natural_variability,9,RUArm_to_RFArm_ry,RUArm_to_RFArm,ry,0.0759029402819018,0.18576710840144722,0.10986416811954543,0.030162292069741834,0.016568410832462216
252_T1_R1_vs_R2,natural_variability,9,RUArm_to_RFArm_rz,RUArm_to_RFArm,rz,0.02880020112241673,0.09848152430211035,0.06968132317969362,0.030162292069741834,0.016568410832462216
