comparison_id,kind,pc,feature,link_id,axis,loading_A_abs,loading_B_reprojected_abs,jcvpca_axis,explained_variance_A,explained_variance_B_projected
252_T1_vs_T2,longitudinal,1,252_to_LThigh_rx,252_to_LThigh,rx,0.10433191180949286,0.2412072308130799,0.13687531900358704,0.28557035016611126,0.6183812188525505
252_T1_vs_T2,longitudinal,1,252_to_LThigh_ry,252_to_LThigh,ry,0.008845006595095642,0.11377192797537043,0.10492692138027479,0.28557035016611126,0.6183812188525505
252_T1_vs_T2,longitudinal,1,252_to_LThigh_rz,252_to_LThigh,rz,0.024548765242243187,0.12579123369601566,0.10124246845377248,0.28557035016611126,0.6183812188525505
252_T1_vs_T2,longitudinal,1,252_to_RThigh_rx,252_to_RThigh,rx,0.05607865108526126,0.13545409965052221,0.07937544856526096,0.28557035016611126,0.6183812188525505
252_T1_vs_T2,longitudinal,1,252_to_RThigh_ry,252_to_RThigh,ry,0.013957857408984675,0.10084337433675718,0.08688551692777251,0.28557035016611126,0.6183812188525505
252_T1_vs_T2,longitudinal,1,252_to_RThigh_rz,252_to_RThigh,rz,0.018105664232713363,0.11859308876011354,0.10048742452740017,0.28557035016611126,0.6183812188525505
252_T1_vs_T2,longitudinal,1,Chest_to_LShoulder_rx,Chest_to_LShoulder,rx,0.03241273709797619,0.03273272078487414,0.0003199836868979511,0.28557035016611126,0.6183812188525505
252_T1_vs_T2,longitudinal,1,Chest_to_LShoulder_ry,Chest_to_LShoulder,ry,0.03676326085025597,0.005348880278121338,-0.03141438057213463,0.28557035016611126,0.6183812188525505
252_T1_vs_T2,longitudinal,1,Chest_to_LShoulder_rz,Chest_to_LShoulder,rz,0.10600136973276504,0.09542909750224733,-0.01057227223051771,0.28557035016611126,0.6183812188525505
252_T1_vs_T2,longitudinal,1,Chest_to_Neck_rx,Chest_to_Neck,rx,0.005775705710035961,0.023098003493016727,0.017322297782980764,0.28557035016611126,0.6183812188525505
252_T1_vs_T2,longitudinal,1,Chest_to_Neck_ry,Chest_to_Neck,ry,0.024448321792195554,0.04748858830478886,0.023040266512593305,0.28557035016611126,0.6183812188525505
252_T1_vs_T2,longitudinal,1,Chest_to_Neck_rz,Chest_to_Neck,rz,0.06506605535300028,0.03703350620457208,-0.028032549148428197,0.28557035016611126,0.6183812188525505
252_T1_vs_T2,longitudinal,1,Chest_to_RShoulder_rx,Chest_to_RShoulder,rx,0.04052276324325888,0.07573322020723978,0.0352104569639809,0.28557035016611126,0.6183812188525505
252_T1_vs_T2,longitudinal,1,Chest_to_RShoulder_ry,Chest_to_RShoulder,ry,0.06060222543768766,0.03389979059349086,-0.0267024348441968,0.28557035016611126,0.6183812188525505
252_T1_vs_T2,longitudinal,1,Chest_to_RShoulder_rz,Chest_to_RShoulder,rz,0.11247143123252779,0.09459674807155866,-0.01787468316096913,0.28557035016611126,0.6183812188525505
252_T1_vs_T2,longitudinal,1,LFArm_to_LHand_rx,LFArm_to_LHand,rx,0.003902158422713935,0.0034131908050761793,-0.0004889676176377555,0.28557035016611126,0.6183812188525505
252_T1_vs_T2,longitudinal,1,LFArm_to_LHand_ry,LFArm_to_LHand,ry,0.04369366458646923,0.03196851652721642,-0.011725148059252809,0.28557035016611126,0.6183812188525505
252_T1_vs_T2,longitudinal,1,LFArm_to_LHand_rz,LFArm_to_LHand,rz,0.03828439969382994,0.027673654554550123,-0.010610745139279818,0.28557035016611126,0.6183812188525505
252_T1_vs_T2,longitudinal,1,LShin_to_LFoot_rx,LShin_to_LFoot,rx,0.023359840608414867,0.010230526843970654,-0.013129313764444213,0.28557035016611126,0.6183812188525505
252_T1_vs_T2,longitudinal,1,LShin_to_LFoot_ry,LShin_to_LFoot,ry,0.03390492509582862,0.029370616172940858,-0.00453430892288776,0.28557035016611126,0.6183812188525505
252_T1_vs_T2,longitudinal,1,LShin_to_LFoot_rz,LShin_to_LFoot,rz,0.010895664437180484,0.032523343502139555,0.02162767906495907,0.28557035016611126,0.6183812188525505
252_T1_vs_T2,longitudinal,1,LShoulder_to_LUArm_rx,LShoulder_to_LUArm,rx,0.005075149169523626,0.09872691810323354,0.09365176893370991,0.28557035016611126,0.6183812188525505
252_T1_vs_T2,longitudinal,1,LShoulder_to_LUArm_ry,LShoulder_to_LUArm,ry,0.3701299715093958,0.17680557383001644,-0.19332439767937937,0.28557035016611126,0.6183812188525505
252_T1_vs_T2,longitudinal,1,LShoulder_to_LUArm_rz,LShoulder_to_LUArm,rz,0.05329244475851536,0.03920835367963955,-0.014084091078875816,0.28557035016611126,0.6183812188525505
252_T1_vs_T2,longitudinal,1,LThigh_to_LShin_rx,LThigh_to_LShin,rx,0.08663070810626586,0.12598619777276426,0.039355489666498406,0.28557035016611126,0.6183812188525505
252_T1_vs_T2,longitudinal,1,LThigh_to_LShin_ry,LThigh_to_LShin,ry,2.374388218279852e-08,1.1901837175435162e-08,-1.1842045007363359e-08,0.28557035016611126,0.6183812188525505
252_T1_vs_T2,longitudinal,1,LThigh_to_LShin_rz,LThigh_to_LShin,rz,1.8330985837568741e-09,1.1037131428049255e-08,9.20403284429238e-09,0.28557035016611126,0.6183812188525505
252_T1_vs_T2,longitudinal,1,LUArm_to_LFArm_rx,LUArm_to_LFArm,rx,0.1991259340457744,0.0007768708426746834,-0.1983490632030997,0.28557035016611126,0.6183812188525505
252_T1_vs_T2,longitudinal,1,LUArm_to_LFArm_ry,LUArm_to_LFArm,ry,0.4761594519867017,0.5335399642577554,0.05738051227105373,0.28557035016611126,0.6183812188525505
252_T1_vs_T2,longitudinal,1,LUArm_to_LFArm_rz,LUArm_to_LFArm,rz,0.10628784975035482,0.02122173135222797,-0.08506611839812686,0.28557035016611126,0.6183812188525505
252_T1_vs_T2,longitudinal,1,Neck_to_Head_rx,Neck_to_Head,rx,0.006086237951820767,0.023199762478475168,0.017113524526654402,0.28557035016611126,0.6183812188525505
252_T1_vs_T2,longitudinal,1,Neck_to_Head_ry,Neck_to_Head,ry,0.011494581102671462,0.039319246305707406,0.027824665203035944,0.28557035016611126,0.6183812188525505
252_T1_vs_T2,longitudinal,1,Neck_to_Head_rz,Neck_to_Head,rz,0.06820273840621618,0.045253670418626664,-0.02294906798758952,0.28557035016611126,0.6183812188525505
252_T1_vs_T2,longitudinal,1,RFArm_to_RHand_rx,RFArm_to_RHand,rx,0.004476627109099965,0.012968104924780618,0.008491477815680652,0.28557035016611126,0.6183812188525505
252_T1_vs_T2,longitudinal,1,RFArm_to_RHand_ry,RFArm_to_RHand,ry,0.039987616978738365,0.0328233173533378,-0.007164299625400564,0.28557035016611126,0.6183812188525505
252_T1_vs_T2,longitudinal,1,RFArm_to_RHand_rz,RFArm_to_RHand,rz,0.004410148387464283,0.12042771553045253,0.11601756714298825,0.28557035016611126,0.6183812188525505
252_T1_vs_T2,longitudinal,1,RShin_to_RFoot_rx,RShin_to_RFoot,rx,0.03803340876711735,0.032649048097805174,-0.00538436066931218,0.28557035016611126,0.6183812188525505
252_T1_vs_T2,longitudinal,1,RShin_to_RFoot_ry,RShin_to_RFoot,ry,0.04630024973522999,0.026003843885339963,-0.020296405849890026,0.28557035016611126,0.6183812188525505
252_T1_vs_T2,longitudinal,1,RShin_to_RFoot_rz,RShin_to_RFoot,rz,0.029079432957967,0.015733246201054218,-0.013346186756912782,0.28557035016611126,0.6183812188525505
252_T1_vs_T2,longitudinal,1,RShoulder_to_RUArm_rx,RShoulder_to_RUArm,rx,0.07507361084002709,0.5402032680016353,0.46512965716160826,0.28557035016611126,0.6183812188525505
252_T1_vs_T2,longitudinal,1,RShoulder_to_RUArm_ry,RShoulder_to_RUArm,ry,0.050659465196177145,0.0758314440832314,0.02517197888705426,0.28557035016611126,0.6183812188525505
252_T1_vs_T2,longitudinal,1,RShoulder_to_RUArm_rz,RShoulder_to_RUArm,rz,0.16718769836646888,0.07043323795515495,-0.09675446041131393,0.28557035016611126,0.6183812188525505
252_T1_vs_T2,longitudinal,1,RThigh_to_RShin_rx,RThigh_to_RShin,rx,0.04052065378253492,0.024509017850887407,-0.016011635931647516,0.28557035016611126,0.6183812188525505
252_T1_vs_T2,longitudinal,1,RThigh_to_RShin_ry,RThigh_to_RShin,ry,3.217377305891648e-09,1.1682998899460585e-08,8.465621593568937e-09,0.28557035016611126,0.6183812188525505
252_T1_vs_T2,longitudinal,1,RThigh_to_RShin_rz,RThigh_to_RShin,rz,1.6384416983840928e-08,4.9148791797642603e-08,3.2764374813801676e-08,0.28557035016611126,0.6183812188525505
252_T1_vs_T2,longitudinal,1,RUArm_to_RFArm_rx,RUArm_to_RFArm,rx,0.2245895725560076,0.10762667379131023,-0.11696289876469736,0.28557035016611126,0.6183812188525505
252_T1_vs_T2,longitudinal,1,RUArm_to_RFArm_ry,RUArm_to_RFArm,ry,0.5886575018828437,0.3604719377556775,-0.22818556412716623,0.28557035016611126,0.6183812188525505
252_T1_vs_T2,longitudinal,1,RUArm_to_RFArm_rz,RUArm_to_RFArm,rz,0.2690772225242601,0.16244147874182824,-0.10663574378243185,0.28557035016611126,0.6183812188525505
252_T1_vs_T2,longitudinal,2,252_to_LThigh_rx,252_to_LThigh,rx,0.08302285645320014,0.029522108009314443,-0.05350074844388569,0.19711655725057695,0.256353956737702
252_T1_vs_T2,longitudinal,2,252_to_LThigh_ry,252_to_LThigh,ry,0.022273841483424883,0.08351584713902958,0.0612420056556047,0.19711655725057695,0.256353956737702
252_T1_vs_T2,longitudinal,2,252_to_LThigh_rz,252_to_LThigh,rz,0.06951043499862719,0.10753364674493657,0.03802321174630938,0.19711655725057695,0.256353956737702
252_T1_vs_T2,longitudinal,2,252_to_RThigh_rx,252_to_RThigh,rx,0.0884980421814344,0.03501234674439818,-0.05348569543703621,0.19711655725057695,0.256353956737702
252_T1_vs_T2,longitudinal,2,252_to_RThigh_ry,252_to_RThigh,ry,0.02669225963451883,0.06080440764264375,0.03411214800812492,0.19711655725057695,0.256353956737702
252_T1_vs_T2,longitudinal,2,252_to_RThigh_rz,252_to_RThigh,rz,0.06659862922177082,0.1152147587661438,0.048616129544372985,0.19711655725057695,0.256353956737702
252_T1_vs_T2,longitudinal,2,Chest_to_LShoulder_rx,Chest_to_LShoulder,rx,0.040064448532010424,0.005819814782178054,-0.03424463374983237,0.19711655725057695,0.256353956737702
252_T1_vs_T2,longitudinal,2,Chest_to_LShoulder_ry,Chest_to_LShoulder,ry,0.034156943116069496,0.028697142621573943,-0.005459800494495553,0.19711655725057695,0.256353956737702
252_T1_vs_T2,longitudinal,2,Chest_to_LShoulder_rz,Chest_to_LShoulder,rz,0.013407592699566031,0.016521536857822886,0.0031139441582568542,0.19711655725057695,0.256353956737702
252_T1_vs_T2,longitudinal,2,Chest_to_Neck_rx,Chest_to_Neck,rx,0.01689990862114631,0.06435940268412632,0.047459494062980015,0.19711655725057695,0.256353956737702
252_T1_vs_T2,longitudinal,2,Chest_to_Neck_ry,Chest_to_Neck,ry,0.023425973843880652,0.007989897394792637,-0.015436076449088015,0.19711655725057695,0.256353956737702
252_T1_vs_T2,longitudinal,2,Chest_to_Neck_rz,Chest_to_Neck,rz,0.012152179026745967,0.004353463906732714,-0.007798715120013253,0.19711655725057695,0.256353956737702
252_T1_vs_T2,longitudinal,2,Chest_to_RShoulder_rx,Chest_to_RShoulder,rx,0.06113558693035543,0.00020266893649291103,-0.060932917993862516,0.19711655725057695,0.256353956737702
252_T1_vs_T2,longitudinal,2,Chest_to_RShoulder_ry,Chest_to_RShoulder,ry,0.03679975896188752,0.05542757669802944,0.018627817736141916,0.19711655725057695,0.256353956737702
252_T1_vs_T2,longitudinal,2,Chest_to_RShoulder_rz,Chest_to_RShoulder,rz,0.039155067590569755,0.07649699332728005,0.037341925736710295,0.19711655725057695,0.256353956737702
252_T1_vs_T2,longitudinal,2,LFArm_to_LHand_rx,LFArm_to_LHand,rx,0.018965663533183193,0.008723063794142385,-0.010242599739040808,0.19711655725057695,0.256353956737702
252_T1_vs_T2,longitudinal,2,LFArm_to_LHand_ry,LFArm_to_LHand,ry,0.034072734530403666,0.01790710531933371,-0.016165629211069957,0.19711655725057695,0.256353956737702
252_T1_vs_T2,longitudinal,2,LFArm_to_LHand_rz,LFArm_to_LHand,rz,0.10867379399001494,0.031688759696362395,-0.07698503429365254,0.19711655725057695,0.256353956737702
252_T1_vs_T2,longitudinal,2,LShin_to_LFoot_rx,LShin_to_LFoot,rx,0.009960291027569302,0.0035476244219307175,-0.006412666605638585,0.19711655725057695,0.256353956737702
252_T1_vs_T2,longitudinal,2,LShin_to_LFoot_ry,LShin_to_LFoot,ry,0.04387221018905663,0.043151707788227564,-0.0007205024008290692,0.19711655725057695,0.256353956737702
252_T1_vs_T2,longitudinal,2,LShin_to_LFoot_rz,LShin_to_LFoot,rz,0.008566637465591912,0.03312406078199226,0.024557423316400345,0.19711655725057695,0.256353956737702
252_T1_vs_T2,longitudinal,2,LShoulder_to_LUArm_rx,LShoulder_to_LUArm,rx,0.10752790568695338,0.09620322076199822,-0.011324684924955156,0.19711655725057695,0.256353956737702
252_T1_vs_T2,longitudinal,2,LShoulder_to_LUArm_ry,LShoulder_to_LUArm,ry,0.3378362044156567,0.06090241856768835,-0.27693378584796835,0.19711655725057695,0.256353956737702
252_T1_vs_T2,longitudinal,2,LShoulder_to_LUArm_rz,LShoulder_to_LUArm,rz,0.1110338894315215,0.021240069648396313,-0.08979381978312519,0.19711655725057695,0.256353956737702
252_T1_vs_T2,longitudinal,2,LThigh_to_LShin_rx,LThigh_to_LShin,rx,0.01399185954791459,0.04665211428187616,0.03266025473396157,0.19711655725057695,0.256353956737702
252_T1_vs_T2,longitudinal,2,LThigh_to_LShin_ry,LThigh_to_LShin,ry,1.7338814145923006e-08,7.85132620898237e-09,-9.487487936940636e-09,0.19711655725057695,0.256353956737702
252_T1_vs_T2,longitudinal,2,LThigh_to_LShin_rz,LThigh_to_LShin,rz,6.102788805838571e-09,7.514721392416879e-10,-5.351316666596883e-09,0.19711655725057695,0.256353956737702
252_T1_vs_T2,longitudinal,2,LUArm_to_LFArm_rx,LUArm_to_LFArm,rx,0.24554668436463023,0.23476123815835495,-0.010785446206275279,0.19711655725057695,0.256353956737702
252_T1_vs_T2,longitudinal,2,LUArm_to_LFArm_ry,LUArm_to_LFArm,ry,0.4557471019179924,0.08513431676396682,-0.37061278515402557,0.19711655725057695,0.256353956737702
252_T1_vs_T2,longitudinal,2,LUArm_to_LFArm_rz,LUArm_to_LFArm,rz,0.08426362411422426,0.19986354691502298,0.11559992280079871,0.19711655725057695,0.256353956737702
252_T1_vs_T2,longitudinal,2,Neck_to_Head_rx,Neck_to_Head,rx,0.01679916277363105,0.06416332296811648,0.04736416019448543,0.19711655725057695,0.256353956737702
252_T1_vs_T2,longitudinal,2,Neck_to_Head_ry,Neck_to_Head,ry,0.02066657232404933,0.008277350355776777,-0.012389221968272553,0.19711655725057695,0.256353956737702
252_T1_vs_T2,longitudinal,2,Neck_to_Head_rz,Neck_to_Head,rz,0.016271411397624166,0.002602539217155295,-0.013668872180468871,0.19711655725057695,0.256353956737702
252_T1_vs_T2,longitudinal,2,RFArm_to_RHand_rx,RFArm_to_RHand,rx,0.00498088312838424,0.015392482145236206,0.010411599016851965,0.19711655725057695,0.256353956737702
252_T1_vs_T2,longitudinal,2,RFArm_to_RHand_ry,RFArm_to_RHand,ry,0.03749527303324846,0.08151452982033092,0.044019256787082454,0.19711655725057695,0.256353956737702
252_T1_vs_T2,longitudinal,2,RFArm_to_RHand_rz,RFArm_to_RHand,rz,0.09153748255681643,0.09127553071384789,-0.0002619518429685386,0.19711655725057695,0.256353956737702
252_T1_vs_T2,longitudinal,2,RShin_to_RFoot_rx,RShin_to_RFoot,rx,0.047265182324998,0.0034183011200113835,-0.043846881204986615,0.19711655725057695,0.256353956737702
252_T1_vs_T2,longitudinal,2,RShin_to_RFoot_ry,RShin_to_RFoot,ry,0.03131407189113115,0.06450851044756292,0.033194438556431775,0.19711655725057695,0.256353956737702
252_T1_vs_T2,longitudinal,2,RShin_to_RFoot_rz,RShin_to_RFoot,rz,0.009646280459228468,0.05733027005736387,0.047683989598135405,0.19711655725057695,0.256353956737702
252_T1_vs_T2,longitudinal,2,RShoulder_to_RUArm_rx,RShoulder_to_RUArm,rx,0.4668783419705928,0.43692300852352217,-0.02995533344707063,0.19711655725057695,0.256353956737702
252_T1_vs_T2,longitudinal,2,RShoulder_to_RUArm_ry,RShoulder_to_RUArm,ry,0.034787958302555565,0.021855456585801538,-0.012932501716754027,0.19711655725057695,0.256353956737702
252_T1_vs_T2,longitudinal,2,RShoulder_to_RUArm_rz,RShoulder_to_RUArm,rz,0.18149987473820126,0.20556166892987296,0.024061794191671704,0.19711655725057695,0.256353956737702
252_T1_vs_T2,longitudinal,2,RThigh_to_RShin_rx,RThigh_to_RShin,rx,0.02149497688322592,0.016252993258153593,-0.005241983625072326,0.19711655725057695,0.256353956737702
252_T1_vs_T2,longitudinal,2,RThigh_to_RShin_ry,RThigh_to_RShin,ry,5.006260528848671e-09,1.6547774358628631e-09,-3.3514830929858077e-09,0.19711655725057695,0.256353956737702
252_T1_vs_T2,longitudinal,2,RThigh_to_RShin_rz,RThigh_to_RShin,rz,1.779477825748746e-08,1.598962273692552e-08,-1.80515552056194e-09,0.19711655725057695,0.256353956737702
252_T1_vs_T2,longitudinal,2,RUArm_to_RFArm_rx,RUArm_to_RFArm,rx,0.4133202703261591,0.30038905201747157,-0.11293121830868752,0.19711655725057695,0.256353956737702
252_T1_vs_T2,longitudinal,2,RUArm_to_RFArm_ry,RUArm_to_RFArm,ry,0.3073256887700476,0.6267700098154562,0.31944432104540854,0.19711655725057695,0.256353956737702
252_T1_vs_T2,longitudinal,2,RUArm_to_RFArm_rz,RUArm_to_RFArm,rz,0.05941523365922365,0.28636421312264765,0.226948979463424,0.19711655725057695,0.256353956737702
252_T1_vs_T2,longitudinal,3,252_to_LThigh_rx,252_to_LThigh,rx,0.08745670164831511,0.11837725607725173,0.030920554428936625,0.13793433007294564,0.06632854444831654
252_T1_vs_T2,longitudinal,3,252_to_LThigh_ry,252_to_LThigh,ry,0.0307891311348362,0.09517058289066939,0.0643814517558332,0.13793433007294564,0.06632854444831654
252_T1_vs_T2,longitudinal,3,252_to_LThigh_rz,252_to_LThigh,rz,0.12205905569788938,0.059384687678604484,-0.0626743680192849,0.13793433007294564,0.06632854444831654
252_T1_vs_T2,longitudinal,3,252_to_RThigh_rx,252_to_RThigh,rx,0.030288924226436077,0.03125067959572339,0.0009617553692873142,0.13793433007294564,0.06632854444831654
252_T1_vs_T2,longitudinal,3,252_to_RThigh_ry,252_to_RThigh,ry,0.002639648218874958,0.07269999510340058,0.07006034688452563,0.13793433007294564,0.06632854444831654
252_T1_vs_T2,longitudinal,3,252_to_RThigh_rz,252_to_RThigh,rz,0.13346022341741906,0.06562491737580231,-0.06783530604161675,0.13793433007294564,0.06632854444831654
252_T1_vs_T2,longitudinal,3,Chest_to_LShoulder_rx,Chest_to_LShoulder,rx,0.012175347633622623,0.04733828529265622,0.0351629376590336,0.13793433007294564,0.06632854444831654
252_T1_vs_T2,longitudinal,3,Chest_to_LShoulder_ry,Chest_to_LShoulder,ry,0.004711618564439601,0.033929879711520575,0.029218261147080975,0.13793433007294564,0.06632854444831654
252_T1_vs_T2,longitudinal,3,Chest_to_LShoulder_rz,Chest_to_LShoulder,rz,0.07201242519429273,0.0061431385858539,-0.06586928660843883,0.13793433007294564,0.06632854444831654
252_T1_vs_T2,longitudinal,3,Chest_to_Neck_rx,Chest_to_Neck,rx,0.11686019121177056,0.01044411168058203,-0.10641607953118853,0.13793433007294564,0.06632854444831654
252_T1_vs_T2,longitudinal,3,Chest_to_Neck_ry,Chest_to_Neck,ry,0.08107945500636769,0.0023619202083818105,-0.07871753479798588,0.13793433007294564,0.06632854444831654
252_T1_vs_T2,longitudinal,3,Chest_to_Neck_rz,Chest_to_Neck,rz,0.006772762575365197,0.015349229637496839,0.008576467062131641,0.13793433007294564,0.06632854444831654
252_T1_vs_T2,longitudinal,3,Chest_to_RShoulder_rx,Chest_to_RShoulder,rx,0.010874883064880313,0.04069194516700132,0.02981706210212101,0.13793433007294564,0.06632854444831654
252_T1_vs_T2,longitudinal,3,Chest_to_RShoulder_ry,Chest_to_RShoulder,ry,0.012639745590689429,0.04848976299623613,0.0358500174055467,0.13793433007294564,0.06632854444831654
252_T1_vs_T2,longitudinal,3,Chest_to_RShoulder_rz,Chest_to_RShoulder,rz,0.07367852170708732,0.09829960252865806,0.024621080821570746,0.13793433007294564,0.06632854444831654
252_T1_vs_T2,longitudinal,3,LFArm_to_LHand_rx,LFArm_to_LHand,rx,0.011652145354265784,0.010633523137647483,-0.0010186222166183017,0.13793433007294564,0.06632854444831654
252_T1_vs_T2,longitudinal,3,LFArm_to_LHand_ry,LFArm_to_LHand,ry,0.0004092092671701187,0.01868373033442459,0.01827452106725447,0.13793433007294564,0.06632854444831654
252_T1_vs_T2,longitudinal,3,LFArm_to_LHand_rz,LFArm_to_LHand,rz,0.013171022653601563,0.1103077577730176,0.09713673511941603,0.13793433007294564,0.06632854444831654
252_T1_vs_T2,longitudinal,3,LShin_to_LFoot_rx,LShin_to_LFoot,rx,0.004921351304408278,0.025931973985719805,0.021010622681311528,0.13793433007294564,0.06632854444831654
252_T1_vs_T2,longitudinal,3,LShin_to_LFoot_ry,LShin_to_LFoot,ry,0.010870664847270334,0.06006554491631424,0.049194880069043906,0.13793433007294564,0.06632854444831654
252_T1_vs_T2,longitudinal,3,LShin_to_LFoot_rz,LShin_to_LFoot,rz,0.019525787123339418,0.02198514784227859,0.002459360718939173,0.13793433007294564,0.06632854444831654
252_T1_vs_T2,longitudinal,3,LShoulder_to_LUArm_rx,LShoulder_to_LUArm,rx,0.0265977915880096,0.1754766855477524,0.1488788939597428,0.13793433007294564,0.06632854444831654
252_T1_vs_T2,longitudinal,3,LShoulder_to_LUArm_ry,LShoulder_to_LUArm,ry,0.1763587297135962,0.4319576969107888,0.25559896719719255,0.13793433007294564,0.06632854444831654
252_T1_vs_T2,longitudinal,3,LShoulder_to_LUArm_rz,LShoulder_to_LUArm,rz,0.01482474329986881,0.09302623651540977,0.07820149321554096,0.13793433007294564,0.06632854444831654
252_T1_vs_T2,longitudinal,3,LThigh_to_LShin_rx,LThigh_to_LShin,rx,0.010807089050860941,0.03632183624494473,0.025514747194083788,0.13793433007294564,0.06632854444831654
252_T1_vs_T2,longitudinal,3,LThigh_to_LShin_ry,LThigh_to_LShin,ry,3.0405617414521376e-08,3.525300855735136e-08,4.847391142829984e-09,0.13793433007294564,0.06632854444831654
252_T1_vs_T2,longitudinal,3,LThigh_to_LShin_rz,LThigh_to_LShin,rz,3.312448570755341e-08,3.817909584541108e-08,5.054610137857672e-09,0.13793433007294564,0.06632854444831654
252_T1_vs_T2,longitudinal,3,LUArm_to_LFArm_rx,LUArm_to_LFArm,rx,0.3150363217589854,0.48914387112692104,0.17410754936793565,0.13793433007294564,0.06632854444831654
252_T1_vs_T2,longitudinal,3,LUArm_to_LFArm_ry,LUArm_to_LFArm,ry,0.5144559188532357,0.28129747249357767,-0.23315844635965804,0.13793433007294564,0.06632854444831654
252_T1_vs_T2,longitudinal,3,LUArm_to_LFArm_rz,LUArm_to_LFArm,rz,0.22377864211510848,0.29143324838181744,0.06765460626670897,0.13793433007294564,0.06632854444831654
252_T1_vs_T2,longitudinal,3,Neck_to_Head_rx,Neck_to_Head,rx,0.1167151848686258,0.010407371158254668,-0.10630781371037112,0.13793433007294564,0.06632854444831654
252_T1_vs_T2,longitudinal,3,Neck_to_Head_ry,Neck_to_Head,ry,0.07816658871513474,0.005240448401533497,-0.07292614031360124,0.13793433007294564,0.06632854444831654
252_T1_vs_T2,longitudinal,3,Neck_to_Head_rz,Neck_to_Head,rz,0.022197567641140677,0.01432038439868699,-0.007877183242453687,0.13793433007294564,0.06632854444831654
252_T1_vs_T2,longitudinal,3,RFArm_to_RHand_rx,RFArm_to_RHand,rx,0.007021373864458438,0.0025643413120159954,-0.004457032552442442,0.13793433007294564,0.06632854444831654
252_T1_vs_T2,longitudinal,3,RFArm_to_RHand_ry,RFArm_to_RHand,ry,0.0402893492741981,0.009668683010650684,-0.03062066626354741,0.13793433007294564,0.06632854444831654
252_T1_vs_T2,longitudinal,3,RFArm_to_RHand_rz,RFArm_to_RHand,rz,0.08143183051786855,0.0698458922260406,-0.011585938291827955,0.13793433007294564,0.06632854444831654
252_T1_vs_T2,longitudinal,3,RShin_to_RFoot_rx,RShin_to_RFoot,rx,0.04334384821341217,0.005883464147688487,-0.03746038406572368,0.13793433007294564,0.06632854444831654
252_T1_vs_T2,longitudinal,3,RShin_to_RFoot_ry,RShin_to_RFoot,ry,0.02452253687078571,0.07189848164451519,0.047375944773729486,0.13793433007294564,0.06632854444831654
252_T1_vs_T2,longitudinal,3,RShin_to_RFoot_rz,RShin_to_RFoot,rz,0.053672859574897154,0.037962994223977184,-0.01570986535091997,0.13793433007294564,0.06632854444831654
252_T1_vs_T2,longitudinal,3,RShoulder_to_RUArm_rx,RShoulder_to_RUArm,rx,0.18233205108040892,0.2772651846205773,0.09493313354016839,0.13793433007294564,0.06632854444831654
252_T1_vs_T2,longitudinal,3,RShoulder_to_RUArm_ry,RShoulder_to_RUArm,ry,0.3878560121437522,0.24820960808058773,-0.13964640406316448,0.13793433007294564,0.06632854444831654
252_T1_vs_T2,longitudinal,3,RShoulder_to_RUArm_rz,RShoulder_to_RUArm,rz,0.14406291548692146,0.19510124315645877,0.05103832766953731,0.13793433007294564,0.06632854444831654
252_T1_vs_T2,longitudinal,3,RThigh_to_RShin_rx,RThigh_to_RShin,rx,0.09793739960041886,0.049935695606282644,-0.04800170399413622,0.13793433007294564,0.06632854444831654
252_T1_vs_T2,longitudinal,3,RThigh_to_RShin_ry,RThigh_to_RShin,ry,4.703369970223222e-08,1.8364832495712743e-08,-2.8668867206519474e-08,0.13793433007294564,0.06632854444831654
252_T1_vs_T2,longitudinal,3,RThigh_to_RShin_rz,RThigh_to_RShin,rz,2.8603289635769498e-08,6.073510847267648e-08,3.213181883690699e-08,0.13793433007294564,0.06632854444831654
252_T1_vs_T2,longitudinal,3,RUArm_to_RFArm_rx,RUArm_to_RFArm,rx,0.23139020681150274,0.2961008340724728,0.06471062726097004,0.13793433007294564,0.06632854444831654
252_T1_vs_T2,longitudinal,3,RUArm_to_RFArm_ry,RUArm_to_RFArm,ry,0.39174333722970656,0.10444267943793178,-0.28730065779177477,0.13793433007294564,0.06632854444831654
252_T1_vs_T2,longitudinal,3,RUArm_to_RFArm_rz,RUArm_to_RFArm,rz,0.15666491236449884,0.08788648123133198,-0.06877843113316685,0.13793433007294564,0.06632854444831654
252_T1_vs_T2,longitudinal,4,252_to_LThigh_rx,252_to_LThigh,rx,0.14562086103555658,0.11263259756955235,-0.032988263466004225,0.09316838008941608,0.029782294251392425
252_T1_vs_T2,longitudinal,4,252_to_LThigh_ry,252_to_LThigh,ry,0.16652568554988667,9.513675200925274e-05,-0.16643054879787741,0.09316838008941608,0.029782294251392425
252_T1_vs_T2,longitudinal,4,252_to_LThigh_rz,252_to_LThigh,rz,0.25603928229165124,0.018825232584636906,-0.23721404970701432,0.09316838008941608,0.029782294251392425
252_T1_vs_T2,longitudinal,4,252_to_RThigh_rx,252_to_RThigh,rx,0.04526380371705159,0.1759745166845946,0.130710712967543,0.09316838008941608,0.029782294251392425
252_T1_vs_T2,longitudinal,4,252_to_RThigh_ry,252_to_RThigh,ry,0.12308306459331711,5.996650586515138e-05,-0.12302309808745196,0.09316838008941608,0.029782294251392425
252_T1_vs_T2,longitudinal,4,252_to_RThigh_rz,252_to_RThigh,rz,0.2693896837464121,0.025923918149102766,-0.2434657655973093,0.09316838008941608,0.029782294251392425
252_T1_vs_T2,longitudinal,4,Chest_to_LShoulder_rx,Chest_to_LShoulder,rx,0.025619781168997883,0.03230855211228555,0.00668877094328767,0.09316838008941608,0.029782294251392425
252_T1_vs_T2,longitudinal,4,Chest_to_LShoulder_ry,Chest_to_LShoulder,ry,0.012401219090659771,0.03525378786826981,0.022852568777610043,0.09316838008941608,0.029782294251392425
252_T1_vs_T2,longitudinal,4,Chest_to_LShoulder_rz,Chest_to_LShoulder,rz,0.05841226164522166,0.10882749847824798,0.05041523683302632,0.09316838008941608,0.029782294251392425
252_T1_vs_T2,longitudinal,4,Chest_to_Neck_rx,Chest_to_Neck,rx,0.05083021622109361,0.12054708223018444,0.06971686600909083,0.09316838008941608,0.029782294251392425
252_T1_vs_T2,longitudinal,4,Chest_to_Neck_ry,Chest_to_Neck,ry,0.02533701564753875,0.00018001104860714483,-0.025157004598931606,0.09316838008941608,0.029782294251392425
252_T1_vs_T2,longitudinal,4,Chest_to_Neck_rz,Chest_to_Neck,rz,0.0867274725359869,0.11890258160764018,0.03217510907165329,0.09316838008941608,0.029782294251392425
252_T1_vs_T2,longitudinal,4,Chest_to_RShoulder_rx,Chest_to_RShoulder,rx,0.027224202828045573,0.02572245230341665,-0.0015017505246289233,0.09316838008941608,0.029782294251392425
252_T1_vs_T2,longitudinal,4,Chest_to_RShoulder_ry,Chest_to_RShoulder,ry,0.03367409194925575,0.004210434758240394,-0.029463657191015354,0.09316838008941608,0.029782294251392425
252_T1_vs_T2,longitudinal,4,Chest_to_RShoulder_rz,Chest_to_RShoulder,rz,0.04029908955251884,0.008256572523626163,-0.03204251702889267,0.09316838008941608,0.029782294251392425
252_T1_vs_T2,longitudinal,4,LFArm_to_LHand_rx,LFArm_to_LHand,rx,0.021161312755087976,0.021844493315454714,0.0006831805603667376,0.09316838008941608,0.029782294251392425
252_T1_vs_T2,longitudinal,4,LFArm_to_LHand_ry,LFArm_to_LHand,ry,0.07412727352940209,0.08228308956293054,0.008155816033528454,0.09316838008941608,0.029782294251392425
252_T1_vs_T2,longitudinal,4,LFArm_to_LHand_rz,LFArm_to_LHand,rz,0.0923618065027342,0.1613252413312442,0.06896343482851,0.09316838008941608,0.029782294251392425
252_T1_vs_T2,longitudinal,4,LShin_to_LFoot_rx,LShin_to_LFoot,rx,0.041684739207934036,0.07958023461371302,0.03789549540577899,0.09316838008941608,0.029782294251392425
252_T1_vs_T2,longitudinal,4,LShin_to_LFoot_ry,LShin_to_LFoot,ry,0.03208951775087221,0.03717958376886303,0.005090066017990821,0.09316838008941608,0.029782294251392425
252_T1_vs_T2,longitudinal,4,LShin_to_LFoot_rz,LShin_to_LFoot,rz,0.048604295935171134,0.02346613180025332,-0.025138164134917814,0.09316838008941608,0.029782294251392425
252_T1_vs_T2,longitudinal,4,LShoulder_to_LUArm_rx,LShoulder_to_LUArm,rx,0.1397776960313209,0.03549489988837515,-0.10428279614294575,0.09316838008941608,0.029782294251392425
252_T1_vs_T2,longitudinal,4,LShoulder_to_LUArm_ry,LShoulder_to_LUArm,ry,0.2123277867552168,0.5086874393650502,0.29635965260983343,0.09316838008941608,0.029782294251392425
252_T1_vs_T2,longitudinal,4,LShoulder_to_LUArm_rz,LShoulder_to_LUArm,rz,0.06484997540697081,0.08245107904108664,0.017601103634115836,0.09316838008941608,0.029782294251392425
252_T1_vs_T2,longitudinal,4,LThigh_to_LShin_rx,LThigh_to_LShin,rx,0.18509833346861465,0.10517136568285408,-0.07992696778576057,0.09316838008941608,0.029782294251392425
252_T1_vs_T2,longitudinal,4,LThigh_to_LShin_ry,LThigh_to_LShin,ry,2.7885604550016846e-08,5.964238833589646e-08,3.175678378587962e-08,0.09316838008941608,0.029782294251392425
252_T1_vs_T2,longitudinal,4,LThigh_to_LShin_rz,LThigh_to_LShin,rz,9.008020983099592e-09,2.9319221709802635e-08,2.0311200726703043e-08,0.09316838008941608,0.029782294251392425
252_T1_vs_T2,longitudinal,4,LUArm_to_LFArm_rx,LUArm_to_LFArm,rx,0.34730325812774665,0.09485514117713188,-0.25244811695061475,0.09316838008941608,0.029782294251392425
252_T1_vs_T2,longitudinal,4,LUArm_to_LFArm_ry,LUArm_to_LFArm,ry,0.2644700829005523,0.4861406104410558,0.22167052754050348,0.09316838008941608,0.029782294251392425
252_T1_vs_T2,longitudinal,4,LUArm_to_LFArm_rz,LUArm_to_LFArm,rz,0.3140680404616751,0.016485668106451235,-0.29758237235522383,0.09316838008941608,0.029782294251392425
252_T1_vs_T2,longitudinal,4,Neck_to_Head_rx,Neck_to_Head,rx,0.050870003643318756,0.12072624993919849,0.06985624629587973,0.09316838008941608,0.029782294251392425
252_T1_vs_T2,longitudinal,4,Neck_to_Head_ry,Neck_to_Head,ry,0.040734077207391736,0.02205921466249751,-0.018674862544894227,0.09316838008941608,0.029782294251392425
252_T1_vs_T2,longitudinal,4,Neck_to_Head_rz,Neck_to_Head,rz,0.07962569510718298,0.11585169177925608,0.0362259966720731,0.09316838008941608,0.029782294251392425
252_T1_vs_T2,longitudinal,4,RFArm_to_RHand_rx,RFArm_to_RHand,rx,0.01333229766036796,0.0037157433706504015,-0.009616554289717558,0.09316838008941608,0.029782294251392425
252_T1_vs_T2,longitudinal,4,RFArm_to_RHand_ry,RFArm_to_RHand,ry,0.04827812249586958,0.00941536651717592,-0.03886275597869366,0.09316838008941608,0.029782294251392425
252_T1_vs_T2,longitudinal,4,RFArm_to_RHand_rz,RFArm_to_RHand,rz,0.09401129834785214,0.010810369689866763,-0.08320092865798538,0.09316838008941608,0.029782294251392425
252_T1_vs_T2,longitudinal,4,RShin_to_RFoot_rx,RShin_to_RFoot,rx,0.037610537730982024,0.009725654583489701,-0.027884883147492323,0.09316838008941608,0.029782294251392425
252_T1_vs_T2,longitudinal,4,RShin_to_RFoot_ry,RShin_to_RFoot,ry,0.06788947564170644,0.03712642681787918,-0.030763048823827265,0.09316838008941608,0.029782294251392425
252_T1_vs_T2,longitudinal,4,RShin_to_RFoot_rz,RShin_to_RFoot,rz,0.08636851403512262,0.008674408568334901,-0.07769410546678772,0.09316838008941608,0.029782294251392425
252_T1_vs_T2,longitudinal,4,RShoulder_to_RUArm_rx,RShoulder_to_RUArm,rx,0.44419171698912746,0.28472200855614516,-0.1594697084329823,0.09316838008941608,0.029782294251392425
252_T1_vs_T2,longitudinal,4,RShoulder_to_RUArm_ry,RShoulder_to_RUArm,ry,0.2298992534276633,0.10396417028343777,-0.12593508314422552,0.09316838008941608,0.029782294251392425
252_T1_vs_T2,longitudinal,4,RShoulder_to_RUArm_rz,RShoulder_to_RUArm,rz,0.01964710702551527,0.030697798747639067,0.011050691722123796,0.09316838008941608,0.029782294251392425
252_T1_vs_T2,longitudinal,4,RThigh_to_RShin_rx,RThigh_to_RShin,rx,0.11501238880419962,0.06024834068613651,-0.054764048118063104,0.09316838008941608,0.029782294251392425
252_T1_vs_T2,longitudinal,4,RThigh_to_RShin_ry,RThigh_to_RShin,ry,2.5150164066588846e-08,3.230982957660978e-08,7.159665510020936e-09,0.09316838008941608,0.029782294251392425
252_T1_vs_T2,longitudinal,4,RThigh_to_RShin_rz,RThigh_to_RShin,rz,2.5915252611013315e-09,6.765784734507933e-08,6.5066322083978e-08,0.09316838008941608,0.029782294251392425
252_T1_vs_T2,longitudinal,4,RUArm_to_RFArm_rx,RUArm_to_RFArm,rx,0.04870287774453874,0.2752994136014083,0.22659653585686956,0.09316838008941608,0.029782294251392425
252_T1_vs_T2,longitudinal,4,RUArm_to_RFArm_ry,RUArm_to_RFArm,ry,0.2471491011366396,0.36871406209019547,0.12156496095355587,0.09316838008941608,0.029782294251392425
252_T1_vs_T2,longitudinal,4,RUArm_to_RFArm_rz,RUArm_to_RFArm,rz,0.052258471153973717,0.0911704404228788,0.03891196926890509,0.09316838008941608,0.029782294251392425
252_T1_vs_T2,longitudinal,5,252_to_LThigh_rx,252_to_LThigh,rx,0.2752172931512454,0.2700484163129328,-0.005168876838312575,0.06345671619165316,0.021436049977148493
252_T1_vs_T2,longitudinal,5,252_to_LThigh_ry,252_to_LThigh,ry,0.053527806900177256,0.05758596634461964,0.004058159444442384,0.06345671619165316,0.021436049977148493
252_T1_vs_T2,longitudinal,5,252_to_LThigh_rz,252_to_LThigh,rz,0.05065945006445189,0.16108333083138626,0.11042388076693438,0.06345671619165316,0.021436049977148493
252_T1_vs_T2,longitudinal,5,252_to_RThigh_rx,252_to_RThigh,rx,0.291788940180555,0.31033781247996767,0.018548872299412655,0.06345671619165316,0.021436049977148493
252_T1_vs_T2,longitudinal,5,252_to_RThigh_ry,252_to_RThigh,ry,0.05708596143447716,0.04312293953315018,-0.013963021901326977,0.06345671619165316,0.021436049977148493
252_T1_vs_T2,longitudinal,5,252_to_RThigh_rz,252_to_RThigh,rz,0.06794390900079508,0.18012517854722496,0.11218126954642987,0.06345671619165316,0.021436049977148493
252_T1_vs_T2,longitudinal,5,Chest_to_LShoulder_rx,Chest_to_LShoulder,rx,0.029094541748519463,0.057771818730816334,0.02867727698229687,0.06345671619165316,0.021436049977148493
252_T1_vs_T2,longitudinal,5,Chest_to_LShoulder_ry,Chest_to_LShoulder,ry,0.03823237174905327,0.04449824346304573,0.006265871713992455,0.06345671619165316,0.021436049977148493
252_T1_vs_T2,longitudinal,5,Chest_to_LShoulder_rz,Chest_to_LShoulder,rz,0.0058662857132206975,0.09460076807785509,0.08873448236463438,0.06345671619165316,0.021436049977148493
252_T1_vs_T2,longitudinal,5,Chest_to_Neck_rx,Chest_to_Neck,rx,0.015251780172612348,0.13421180369025648,0.11896002351764413,0.06345671619165316,0.021436049977148493
252_T1_vs_T2,longitudinal,5,Chest_to_Neck_ry,Chest_to_Neck,ry,0.07751745043164956,0.07307746011019502,-0.004439990321454548,0.06345671619165316,0.021436049977148493
252_T1_vs_T2,longitudinal,5,Chest_to_Neck_rz,Chest_to_Neck,rz,0.08065735736078068,0.002310780650641401,-0.07834657671013928,0.06345671619165316,0.021436049977148493
252_T1_vs_T2,longitudinal,5,Chest_to_RShoulder_rx,Chest_to_RShoulder,rx,0.031880559655987954,0.02154208384483121,-0.010338475811156746,0.06345671619165316,0.021436049977148493
252_T1_vs_T2,longitudinal,5,Chest_to_RShoulder_ry,Chest_to_RShoulder,ry,0.0038278199411895457,0.0012497657213369807,-0.0025780542198525647,0.06345671619165316,0.021436049977148493
252_T1_vs_T2,longitudinal,5,Chest_to_RShoulder_rz,Chest_to_RShoulder,rz,0.0758054379886953,0.051266508825506596,-0.0245389291631887,0.06345671619165316,0.021436049977148493
252_T1_vs_T2,longitudinal,5,LFArm_to_LHand_rx,LFArm_to_LHand,rx,0.03374523788667072,0.0050072782874549275,-0.028737959599215792,0.06345671619165316,0.021436049977148493
252_T1_vs_T2,longitudinal,5,LFArm_to_LHand_ry,LFArm_to_LHand,ry,0.07023013256077533,0.002418689488122767,-0.06781144307265256,0.06345671619165316,0.021436049977148493
252_T1_vs_T2,longitudinal,5,LFArm_to_LHand_rz,LFArm_to_LHand,rz,0.23370902495488438,0.06442736630827021,-0.16928165864661415,0.06345671619165316,0.021436049977148493
252_T1_vs_T2,longitudinal,5,LShin_to_LFoot_rx,LShin_to_LFoot,rx,0.12093706738957219,0.1414817098567368,0.020544642467164614,0.06345671619165316,0.021436049977148493
252_T1_vs_T2,longitudinal,5,LShin_to_LFoot_ry,LShin_to_LFoot,ry,0.07623449530205101,0.002917359230133041,-0.07331713607191796,0.06345671619165316,0.021436049977148493
252_T1_vs_T2,longitudinal,5,LShin_to_LFoot_rz,LShin_to_LFoot,rz,0.024281949831116176,0.02793122611268794,0.0036492762815717623,0.06345671619165316,0.021436049977148493
252_T1_vs_T2,longitudinal,5,LShoulder_to_LUArm_rx,LShoulder_to_LUArm,rx,0.14273521015556512,0.17136533323844597,0.02863012308288085,0.06345671619165316,0.021436049977148493
252_T1_vs_T2,longitudinal,5,LShoulder_to_LUArm_ry,LShoulder_to_LUArm,ry,0.5400115615515388,0.15285834359739223,-0.3871532179541466,0.06345671619165316,0.021436049977148493
252_T1_vs_T2,longitudinal,5,LShoulder_to_LUArm_rz,LShoulder_to_LUArm,rz,0.09322981132943954,0.0183632598630695,-0.07486655146637004,0.06345671619165316,0.021436049977148493
252_T1_vs_T2,longitudinal,5,LThigh_to_LShin_rx,LThigh_to_LShin,rx,0.05101722055479429,0.05957530113072474,0.008558080575930452,0.06345671619165316,0.021436049977148493
252_T1_vs_T2,longitudinal,5,LThigh_to_LShin_ry,LThigh_to_LShin,ry,5.742513867982204e-08,2.4900287464550525e-08,-3.2524851215271515e-08,0.06345671619165316,0.021436049977148493
252_T1_vs_T2,longitudinal,5,LThigh_to_LShin_rz,LThigh_to_LShin,rz,4.277354266428106e-08,3.9941616141791705e-08,-2.8319265224893533e-09,0.06345671619165316,0.021436049977148493
252_T1_vs_T2,longitudinal,5,LUArm_to_LFArm_rx,LUArm_to_LFArm,rx,0.1263265958664662,0.08178679044482888,-0.04453980542163731,0.06345671619165316,0.021436049977148493
252_T1_vs_T2,longitudinal,5,LUArm_to_LFArm_ry,LUArm_to_LFArm,ry,0.24719032074669678,0.25628514995796847,0.009094829211271693,0.06345671619165316,0.021436049977148493
252_T1_vs_T2,longitudinal,5,LUArm_to_LFArm_rz,LUArm_to_LFArm,rz,0.014518271151278806,0.024471944407731434,0.009953673256452628,0.06345671619165316,0.021436049977148493
252_T1_vs_T2,longitudinal,5,Neck_to_Head_rx,Neck_to_Head,rx,0.015288819982591422,0.13466929301391606,0.11938047303132464,0.06345671619165316,0.021436049977148493
252_T1_vs_T2,longitudinal,5,Neck_to_Head_ry,Neck_to_Head,ry,0.09046631106404579,0.07171419921449257,-0.01875211184955322,0.06345671619165316,0.021436049977148493
252_T1_vs_T2,longitudinal,5,Neck_to_Head_rz,Neck_to_Head,rz,0.06390484180710378,0.011294559267393246,-0.052610282539710534,0.06345671619165316,0.021436049977148493
252_T1_vs_T2,longitudinal,5,RFArm_to_RHand_rx,RFArm_to_RHand,rx,0.01484430227052812,0.012055411783762753,-0.0027888904867653663,0.06345671619165316,0.021436049977148493
252_T1_vs_T2,longitudinal,5,RFArm_to_RHand_ry,RFArm_to_RHand,ry,0.04809401595588471,0.07303028551025222,0.024936269554367507,0.06345671619165316,0.021436049977148493
252_T1_vs_T2,longitudinal,5,RFArm_to_RHand_rz,RFArm_to_RHand,rz,0.04706446001609399,0.028147339522594392,-0.018917120493499598,0.06345671619165316,0.021436049977148493
252_T1_vs_T2,longitudinal,5,RShin_to_RFoot_rx,RShin_to_RFoot,rx,0.006498599237187493,0.08040635193945832,0.07390775270227082,0.06345671619165316,0.021436049977148493
252_T1_vs_T2,longitudinal,5,RShin_to_RFoot_ry,RShin_to_RFoot,ry,0.05499883163917633,0.020908111084181256,-0.03409072055499507,0.06345671619165316,0.021436049977148493
252_T1_vs_T2,longitudinal,5,RShin_to_RFoot_rz,RShin_to_RFoot,rz,0.015066231263601586,0.06064723513153794,0.04558100386793636,0.06345671619165316,0.021436049977148493
252_T1_vs_T2,longitudinal,5,RShoulder_to_RUArm_rx,RShoulder_to_RUArm,rx,0.2770163673534001,0.38397890079433794,0.10696253344093787,0.06345671619165316,0.021436049977148493
252_T1_vs_T2,longitudinal,5,RShoulder_to_RUArm_ry,RShoulder_to_RUArm,ry,0.019069645596295,0.2748433448247558,0.2557736992284608,0.06345671619165316,0.021436049977148493
252_T1_vs_T2,longitudinal,5,RShoulder_to_RUArm_rz,RShoulder_to_RUArm,rz,0.06378484123637831,0.12831628505113674,0.06453144381475842,0.06345671619165316,0.021436049977148493
252_T1_vs_T2,longitudinal,5,RThigh_to_RShin_rx,RThigh_to_RShin,rx,0.07134850798406585,0.007716559743094783,-0.06363194824097107,0.06345671619165316,0.021436049977148493
252_T1_vs_T2,longitudinal,5,RThigh_to_RShin_ry,RThigh_to_RShin,ry,3.6123724458526107e-10,7.005668235224392e-08,6.969544510765866e-08,0.06345671619165316,0.021436049977148493
252_T1_vs_T2,longitudinal,5,RThigh_to_RShin_rz,RThigh_to_RShin,rz,1.1435925423670113e-07,7.109303897198916e-08,-4.326621526471197e-08,0.06345671619165316,0.021436049977148493
252_T1_vs_T2,longitudinal,5,RUArm_to_RFArm_rx,RUArm_to_RFArm,rx,0.35942798079534155,0.5086863783744439,0.1492583975791023,0.06345671619165316,0.021436049977148493
252_T1_vs_T2,longitudinal,5,RUArm_to_RFArm_ry,RUArm_to_RFArm,ry,0.2794557593550449,0.021311595294631218,-0.2581441640604137,0.06345671619165316,0.021436049977148493
252_T1_vs_T2,longitudinal,5,RUArm_to_RFArm_rz,RUArm_to_RFArm,rz,0.08706803802084329,0.1814483832119087,0.09438034519106542,0.06345671619165316,0.021436049977148493
252_T1_vs_T2,longitudinal,6,252_to_LThigh_rx,252_to_LThigh,rx,0.31264548923302743,0.24788284678870834,-0.06476264244431909,0.050106450048396305,0.007717935732890117
252_T1_vs_T2,longitudinal,6,252_to_LThigh_ry,252_to_LThigh,ry,0.02840183599028151,0.025149202014731076,-0.0032526339755504334,0.050106450048396305,0.007717935732890117
252_T1_vs_T2,longitudinal,6,252_to_LThigh_rz,252_to_LThigh,rz,0.011266170486054078,0.17710586224018576,0.16583969175413169,0.050106450048396305,0.007717935732890117
252_T1_vs_T2,longitudinal,6,252_to_RThigh_rx,252_to_RThigh,rx,0.2485690963889944,0.11420796748671394,-0.13436112890228047,0.050106450048396305,0.007717935732890117
252_T1_vs_T2,longitudinal,6,252_to_RThigh_ry,252_to_RThigh,ry,0.04357570353567345,0.01448837594016536,-0.02908732759550809,0.050106450048396305,0.007717935732890117
252_T1_vs_T2,longitudinal,6,252_to_RThigh_rz,252_to_RThigh,rz,0.015582348304047117,0.18772929762151175,0.17214694931746463,0.050106450048396305,0.007717935732890117
252_T1_vs_T2,longitudinal,6,Chest_to_LShoulder_rx,Chest_to_LShoulder,rx,0.061407268802883615,0.018709964545733492,-0.042697304257150126,0.050106450048396305,0.007717935732890117
252_T1_vs_T2,longitudinal,6,Chest_to_LShoulder_ry,Chest_to_LShoulder,ry,0.08519479094414273,0.0786625315313163,-0.006532259412826424,0.050106450048396305,0.007717935732890117
252_T1_vs_T2,longitudinal,6,Chest_to_LShoulder_rz,Chest_to_LShoulder,rz,0.11255845042339152,0.05007506327506184,-0.06248338714832968,0.050106450048396305,0.007717935732890117
252_T1_vs_T2,longitudinal,6,Chest_to_Neck_rx,Chest_to_Neck,rx,0.14859999174633756,0.039299083607787014,-0.10930090813855055,0.050106450048396305,0.007717935732890117
252_T1_vs_T2,longitudinal,6,Chest_to_Neck_ry,Chest_to_Neck,ry,0.002477620972909264,0.08192986070648615,0.07945223973357689,0.050106450048396305,0.007717935732890117
252_T1_vs_T2,longitudinal,6,Chest_to_Neck_rz,Chest_to_Neck,rz,0.07866172965557142,0.0941959294666095,0.015534199811038082,0.050106450048396305,0.007717935732890117
252_T1_vs_T2,longitudinal,6,Chest_to_RShoulder_rx,Chest_to_RShoulder,rx,0.035591827465026475,0.00226292946316112,-0.03332889800186536,0.050106450048396305,0.007717935732890117
252_T1_vs_T2,longitudinal,6,Chest_to_RShoulder_ry,Chest_to_RShoulder,ry,0.01853651554306098,0.009319623774417356,-0.009216891768643626,0.050106450048396305,0.007717935732890117
252_T1_vs_T2,longitudinal,6,Chest_to_RShoulder_rz,Chest_to_RShoulder,rz,0.07759785844810137,0.07644477024293302,-0.001153088205168351,0.050106450048396305,0.007717935732890117
252_T1_vs_T2,longitudinal,6,LFArm_to_LHand_rx,LFArm_to_LHand,rx,0.03039193365010047,0.04814394397742237,0.017752010327321897,0.050106450048396305,0.007717935732890117
252_T1_vs_T2,longitudinal,6,LFArm_to_LHand_ry,LFArm_to_LHand,ry,0.08066832553342448,0.1074088861520902,0.026740560618665712,0.050106450048396305,0.007717935732890117
252_T1_vs_T2,longitudinal,6,LFArm_to_LHand_rz,LFArm_to_LHand,rz,0.11156356021360947,0.21197092989081417,0.1004073696772047,0.050106450048396305,0.007717935732890117
252_T1_vs_T2,longitudinal,6,LShin_to_LFoot_rx,LShin_to_LFoot,rx,0.10284825508442828,0.021690090278766984,-0.08115816480566129,0.050106450048396305,0.007717935732890117
252_T1_vs_T2,longitudinal,6,LShin_to_LFoot_ry,LShin_to_LFoot,ry,0.04048597256319895,0.06284608520076783,0.02236011263756888,0.050106450048396305,0.007717935732890117
252_T1_vs_T2,longitudinal,6,LShin_to_LFoot_rz,LShin_to_LFoot,rz,0.02205767352122749,0.006539116238835107,-0.015518557282392384,0.050106450048396305,0.007717935732890117
252_T1_vs_T2,longitudinal,6,LShoulder_to_LUArm_rx,LShoulder_to_LUArm,rx,0.17628702408690236,0.05351273658942994,-0.12277428749747242,0.050106450048396305,0.007717935732890117
252_T1_vs_T2,longitudinal,6,LShoulder_to_LUArm_ry,LShoulder_to_LUArm,ry,0.16293857859399524,0.3765515937840531,0.21361301519005788,0.050106450048396305,0.007717935732890117
252_T1_vs_T2,longitudinal,6,LShoulder_to_LUArm_rz,LShoulder_to_LUArm,rz,0.11274876737404828,0.1523820129632008,0.03963324558915253,0.050106450048396305,0.007717935732890117
252_T1_vs_T2,longitudinal,6,LThigh_to_LShin_rx,LThigh_to_LShin,rx,0.035875872502866814,0.1094998754308276,0.07362400292796079,0.050106450048396305,0.007717935732890117
252_T1_vs_T2,longitudinal,6,LThigh_to_LShin_ry,LThigh_to_LShin,ry,5.658071159890957e-10,1.552968617528052e-08,1.4963879059291425e-08,0.050106450048396305,0.007717935732890117
252_T1_vs_T2,longitudinal,6,LThigh_to_LShin_rz,LThigh_to_LShin,rz,4.797328127299027e-08,3.626315131649276e-08,-1.1710129956497512e-08,0.050106450048396305,0.007717935732890117
252_T1_vs_T2,longitudinal,6,LUArm_to_LFArm_rx,LUArm_to_LFArm,rx,0.08651242950483033,0.18218894642019964,0.09567651691536931,0.050106450048396305,0.007717935732890117
252_T1_vs_T2,longitudinal,6,LUArm_to_LFArm_ry,LUArm_to_LFArm,ry,0.007285659198350454,0.3964125536924831,0.3891268944941327,0.050106450048396305,0.007717935732890117
252_T1_vs_T2,longitudinal,6,LUArm_to_LFArm_rz,LUArm_to_LFArm,rz,0.2557640895249677,0.32640364413110373,0.07063955460613602,0.050106450048396305,0.007717935732890117
252_T1_vs_T2,longitudinal,6,Neck_to_Head_rx,Neck_to_Head,rx,0.14935062656006046,0.03993348481147937,-0.10941714174858108,0.050106450048396305,0.007717935732890117
252_T1_vs_T2,longitudinal,6,Neck_to_Head_ry,Neck_to_Head,ry,0.01710071355789945,0.09764008299086743,0.08053936943296798,0.050106450048396305,0.007717935732890117
252_T1_vs_T2,longitudinal,6,Neck_to_Head_rz,Neck_to_Head,rz,0.07562587771278953,0.07578611355955814,0.00016023584676860825,0.050106450048396305,0.007717935732890117
252_T1_vs_T2,longitudinal,6,RFArm_to_RHand_rx,RFArm_to_RHand,rx,0.009317932660711892,0.002874128991782964,-0.006443803668928928,0.050106450048396305,0.007717935732890117
252_T1_vs_T2,longitudinal,6,RFArm_to_RHand_ry,RFArm_to_RHand,ry,0.07012085019106837,0.030843765934044018,-0.03927708425702435,0.050106450048396305,0.007717935732890117
252_T1_vs_T2,longitudinal,6,RFArm_to_RHand_rz,RFArm_to_RHand,rz,0.06147070257259465,0.035212148197630556,-0.02625855437496409,0.050106450048396305,0.007717935732890117
252_T1_vs_T2,longitudinal,6,RShin_to_RFoot_rx,RShin_to_RFoot,rx,0.14803595528194388,0.14580337840187294,-0.0022325768800709467,0.050106450048396305,0.007717935732890117
252_T1_vs_T2,longitudinal,6,RShin_to_RFoot_ry,RShin_to_RFoot,ry,0.025977429668591383,0.014555346720659472,-0.011422082947931912,0.050106450048396305,0.007717935732890117
252_T1_vs_T2,longitudinal,6,RShin_to_RFoot_rz,RShin_to_RFoot,rz,0.009687777955864493,0.05358160375738873,0.04389382580152423,0.050106450048396305,0.007717935732890117
252_T1_vs_T2,longitudinal,6,RShoulder_to_RUArm_rx,RShoulder_to_RUArm,rx,0.5566515104002835,0.22947325813752087,-0.32717825226276265,0.050106450048396305,0.007717935732890117
252_T1_vs_T2,longitudinal,6,RShoulder_to_RUArm_ry,RShoulder_to_RUArm,ry,0.06575003340046884,0.23992866289749779,0.17417862949702895,0.050106450048396305,0.007717935732890117
252_T1_vs_T2,longitudinal,6,RShoulder_to_RUArm_rz,RShoulder_to_RUArm,rz,0.15684496109421533,0.08952402783480543,-0.06732093325940991,0.050106450048396305,0.007717935732890117
252_T1_vs_T2,longitudinal,6,RThigh_to_RShin_rx,RThigh_to_RShin,rx,0.13396041678013862,0.20226643517233941,0.0683060183922008,0.050106450048396305,0.007717935732890117
252_T1_vs_T2,longitudinal,6,RThigh_to_RShin_ry,RThigh_to_RShin,ry,5.9592199824454486e-08,1.7643525771404026e-09,-5.782784724731408e-08,0.050106450048396305,0.007717935732890117
252_T1_vs_T2,longitudinal,6,RThigh_to_RShin_rz,RThigh_to_RShin,rz,3.885083072246878e-08,2.3587798610097673e-09,-3.649205086145901e-08,0.050106450048396305,0.007717935732890117
252_T1_vs_T2,longitudinal,6,RUArm_to_RFArm_rx,RUArm_to_RFArm,rx,0.35959980846889394,0.10790565141359794,-0.251694157055296,0.050106450048396305,0.007717935732890117
252_T1_vs_T2,longitudinal,6,RUArm_to_RFArm_ry,RUArm_to_RFArm,ry,0.012146089243113802,0.2523135406581022,0.24016745141498838,0.050106450048396305,0.007717935732890117
252_T1_vs_T2,longitudinal,6,RUArm_to_RFArm_rz,RUArm_to_RFArm,rz,0.23378103536372963,0.08994823429443131,-0.1438328010692983,0.050106450048396305,0.007717935732890117
252_T1_vs_T3,longitudinal,1,252_to_LThigh_rx,252_to_LThigh,rx,0.10433191180949286,0.009859448662046001,-0.09447246314744687,0.28557035016611126,0.4778694058374144
252_T1_vs_T3,longitudinal,1,252_to_LThigh_ry,252_to_LThigh,ry,0.008845006595095642,0.024866423639436513,0.01602141704434087,0.28557035016611126,0.4778694058374144
252_T1_vs_T3,longitudinal,1,252_to_LThigh_rz,252_to_LThigh,rz,0.024548765242243187,0.020853328052125614,-0.003695437190117574,0.28557035016611126,0.4778694058374144
252_T1_vs_T3,longitudinal,1,252_to_RThigh_rx,252_to_RThigh,rx,0.05607865108526126,0.015040647885153649,-0.04103800320010761,0.28557035016611126,0.4778694058374144
252_T1_vs_T3,longitudinal,1,252_to_RThigh_ry,252_to_RThigh,ry,0.013957857408984675,0.03843656816553599,0.024478710756551315,0.28557035016611126,0.4778694058374144
252_T1_vs_T3,longitudinal,1,252_to_RThigh_rz,252_to_RThigh,rz,0.018105664232713363,0.01333232828832982,-0.004773335944383544,0.28557035016611126,0.4778694058374144
252_T1_vs_T3,longitudinal,1,Chest_to_LShoulder_rx,Chest_to_LShoulder,rx,0.03241273709797619,0.00117388275097012,-0.031238854347006066,0.28557035016611126,0.4778694058374144
252_T1_vs_T3,longitudinal,1,Chest_to_LShoulder_ry,Chest_to_LShoulder,ry,0.03676326085025597,0.009343712570584004,-0.027419548279671965,0.28557035016611126,0.4778694058374144
252_T1_vs_T3,longitudinal,1,Chest_to_LShoulder_rz,Chest_to_LShoulder,rz,0.10600136973276504,0.0458657936258695,-0.060135576106895544,0.28557035016611126,0.4778694058374144
252_T1_vs_T3,longitudinal,1,Chest_to_Neck_rx,Chest_to_Neck,rx,0.005775705710035961,0.05487676519782396,0.049101059487788,0.28557035016611126,0.4778694058374144
252_T1_vs_T3,longitudinal,1,Chest_to_Neck_ry,Chest_to_Neck,ry,0.024448321792195554,0.03837474023584378,0.013926418443648225,0.28557035016611126,0.4778694058374144
252_T1_vs_T3,longitudinal,1,Chest_to_Neck_rz,Chest_to_Neck,rz,0.06506605535300028,0.0073831594536121654,-0.05768289589938812,0.28557035016611126,0.4778694058374144
252_T1_vs_T3,longitudinal,1,Chest_to_RShoulder_rx,Chest_to_RShoulder,rx,0.04052276324325888,0.06721069389423388,0.026687930650975,0.28557035016611126,0.4778694058374144
252_T1_vs_T3,longitudinal,1,Chest_to_RShoulder_ry,Chest_to_RShoulder,ry,0.06060222543768766,0.06735353527308016,0.006751309835392502,0.28557035016611126,0.4778694058374144
252_T1_vs_T3,longitudinal,1,Chest_to_RShoulder_rz,Chest_to_RShoulder,rz,0.11247143123252779,0.056985200415832604,-0.05548623081669518,0.28557035016611126,0.4778694058374144
252_T1_vs_T3,longitudinal,1,LFArm_to_LHand_rx,LFArm_to_LHand,rx,0.003902158422713935,0.013691330732376264,0.00978917230966233,0.28557035016611126,0.4778694058374144
252_T1_vs_T3,longitudinal,1,LFArm_to_LHand_ry,LFArm_to_LHand,ry,0.04369366458646923,0.0038089933263295798,-0.03988467126013965,0.28557035016611126,0.4778694058374144
252_T1_vs_T3,longitudinal,1,LFArm_to_LHand_rz,LFArm_to_LHand,rz,0.03828439969382994,0.03625206731622223,-0.0020323323776077137,0.28557035016611126,0.4778694058374144
252_T1_vs_T3,longitudinal,1,LShin_to_LFoot_rx,LShin_to_LFoot,rx,0.023359840608414867,0.049620104451042056,0.02626026384262719,0.28557035016611126,0.4778694058374144
252_T1_vs_T3,longitudinal,1,LShin_to_LFoot_ry,LShin_to_LFoot,ry,0.03390492509582862,0.0038613531404808935,-0.030043571955347726,0.28557035016611126,0.4778694058374144
252_T1_vs_T3,longitudinal,1,LShin_to_LFoot_rz,LShin_to_LFoot,rz,0.010895664437180484,0.004675683796854401,-0.006219980640326083,0.28557035016611126,0.4778694058374144
252_T1_vs_T3,longitudinal,1,LShoulder_to_LUArm_rx,LShoulder_to_LUArm,rx,0.005075149169523626,0.07654319046677802,0.07146804129725438,0.28557035016611126,0.4778694058374144
252_T1_vs_T3,longitudinal,1,LShoulder_to_LUArm_ry,LShoulder_to_LUArm,ry,0.3701299715093958,0.2371312825902939,-0.1329986889191019,0.28557035016611126,0.4778694058374144
252_T1_vs_T3,longitudinal,1,LShoulder_to_LUArm_rz,LShoulder_to_LUArm,rz,0.05329244475851536,0.0002739814184191389,-0.053018463340096224,0.28557035016611126,0.4778694058374144
252_T1_vs_T3,longitudinal,1,LThigh_to_LShin_rx,LThigh_to_LShin,rx,0.08663070810626586,0.05408750188542242,-0.03254320622084344,0.28557035016611126,0.4778694058374144
252_T1_vs_T3,longitudinal,1,LThigh_to_LShin_ry,LThigh_to_LShin,ry,2.374388218279852e-08,1.8726122779075968e-08,-5.017759403722553e-09,0.28557035016611126,0.4778694058374144
252_T1_vs_T3,longitudinal,1,LThigh_to_LShin_rz,LThigh_to_LShin,rz,1.8330985837568741e-09,2.209929191822025e-08,2.0266193334463376e-08,0.28557035016611126,0.4778694058374144
252_T1_vs_T3,longitudinal,1,LUArm_to_LFArm_rx,LUArm_to_LFArm,rx,0.1991259340457744,0.2588939983352849,0.059768064289510536,0.28557035016611126,0.4778694058374144
252_T1_vs_T3,longitudinal,1,LUArm_to_LFArm_ry,LUArm_to_LFArm,ry,0.4761594519867017,0.42921693708230385,-0.046942514904397825,0.28557035016611126,0.4778694058374144
252_T1_vs_T3,longitudinal,1,LUArm_to_LFArm_rz,LUArm_to_LFArm,rz,0.10628784975035482,0.239816047540572,0.13352819779021718,0.28557035016611126,0.4778694058374144
252_T1_vs_T3,longitudinal,1,Neck_to_Head_rx,Neck_to_Head,rx,0.006086237951820767,0.054966823468409434,0.048880585516588665,0.28557035016611126,0.4778694058374144
252_T1_vs_T3,longitudinal,1,Neck_to_Head_ry,Neck_to_Head,ry,0.011494581102671462,0.03587641576342266,0.0243818346607512,0.28557035016611126,0.4778694058374144
252_T1_vs_T3,longitudinal,1,Neck_to_Head_rz,Neck_to_Head,rz,0.06820273840621618,0.014893294067041575,-0.05330944433917461,0.28557035016611126,0.4778694058374144
252_T1_vs_T3,longitudinal,1,RFArm_to_RHand_rx,RFArm_to_RHand,rx,0.004476627109099965,0.004098401597988183,-0.00037822551111178163,0.28557035016611126,0.4778694058374144
252_T1_vs_T3,longitudinal,1,RFArm_to_RHand_ry,RFArm_to_RHand,ry,0.039987616978738365,0.048038311272534995,0.00805069429379663,0.28557035016611126,0.4778694058374144
252_T1_vs_T3,longitudinal,1,RFArm_to_RHand_rz,RFArm_to_RHand,rz,0.004410148387464283,0.06491568679742704,0.060505538409962756,0.28557035016611126,0.4778694058374144
252_T1_vs_T3,longitudinal,1,RShin_to_RFoot_rx,RShin_to_RFoot,rx,0.03803340876711735,0.032196230007220376,-0.005837178759896977,0.28557035016611126,0.4778694058374144
252_T1_vs_T3,longitudinal,1,RShin_to_RFoot_ry,RShin_to_RFoot,ry,0.04630024973522999,0.025605144098622235,-0.020695105636607754,0.28557035016611126,0.4778694058374144
252_T1_vs_T3,longitudinal,1,RShin_to_RFoot_rz,RShin_to_RFoot,rz,0.029079432957967,0.025317300742337626,-0.0037621322156293734,0.28557035016611126,0.4778694058374144
252_T1_vs_T3,longitudinal,1,RShoulder_to_RUArm_rx,RShoulder_to_RUArm,rx,0.07507361084002709,0.3395081169443797,0.2644345061043526,0.28557035016611126,0.4778694058374144
252_T1_vs_T3,longitudinal,1,RShoulder_to_RUArm_ry,RShoulder_to_RUArm,ry,0.050659465196177145,0.025825378207662,-0.024834086988515143,0.28557035016611126,0.4778694058374144
252_T1_vs_T3,longitudinal,1,RShoulder_to_RUArm_rz,RShoulder_to_RUArm,rz,0.16718769836646888,0.17898368344389393,0.011795985077425047,0.28557035016611126,0.4778694058374144
252_T1_vs_T3,longitudinal,1,RThigh_to_RShin_rx,RThigh_to_RShin,rx,0.04052065378253492,0.04380803328699382,0.0032873795044588983,0.28557035016611126,0.4778694058374144
252_T1_vs_T3,longitudinal,1,RThigh_to_RShin_ry,RThigh_to_RShin,ry,3.217377305891648e-09,2.0981267613132326e-08,1.776389030724068e-08,0.28557035016611126,0.4778694058374144
252_T1_vs_T3,longitudinal,1,RThigh_to_RShin_rz,RThigh_to_RShin,rz,1.6384416983840928e-08,6.639868672682618e-09,-9.74454831115831e-09,0.28557035016611126,0.4778694058374144
252_T1_vs_T3,longitudinal,1,RUArm_to_RFArm_rx,RUArm_to_RFArm,rx,0.2245895725560076,0.21415643306025953,-0.010433139495748062,0.28557035016611126,0.4778694058374144
252_T1_vs_T3,longitudinal,1,RUArm_to_RFArm_ry,RUArm_to_RFArm,ry,0.5886575018828437,0.535888911839934,-0.05276859004290968,0.28557035016611126,0.4778694058374144
252_T1_vs_T3,longitudinal,1,RUArm_to_RFArm_rz,RUArm_to_RFArm,rz,0.2690772225242601,0.32219800183091296,0.05312077930665288,0.28557035016611126,0.4778694058374144
252_T1_vs_T3,longitudinal,2,252_to_LThigh_rx,252_to_LThigh,rx,0.08302285645320014,0.045964529618027786,-0.03705832683517235,0.19711655725057695,0.3092951440830495
252_T1_vs_T3,longitudinal,2,252_to_LThigh_ry,252_to_LThigh,ry,0.022273841483424883,0.09435556411184716,0.07208172262842227,0.19711655725057695,0.3092951440830495
252_T1_vs_T3,longitudinal,2,252_to_LThigh_rz,252_to_LThigh,rz,0.06951043499862719,0.13630817925981184,0.06679774426118465,0.19711655725057695,0.3092951440830495
252_T1_vs_T3,longitudinal,2,252_to_RThigh_rx,252_to_RThigh,rx,0.0884980421814344,0.01032458244845794,-0.07817345973297646,0.19711655725057695,0.3092951440830495
252_T1_vs_T3,longitudinal,2,252_to_RThigh_ry,252_to_RThigh,ry,0.02669225963451883,0.07792490155778799,0.05123264192326916,0.19711655725057695,0.3092951440830495
252_T1_vs_T3,longitudinal,2,252_to_RThigh_rz,252_to_RThigh,rz,0.06659862922177082,0.13866364096223383,0.07206501174046301,0.19711655725057695,0.3092951440830495
252_T1_vs_T3,longitudinal,2,Chest_to_LShoulder_rx,Chest_to_LShoulder,rx,0.040064448532010424,0.023642944970760374,-0.01642150356125005,0.19711655725057695,0.3092951440830495
252_T1_vs_T3,longitudinal,2,Chest_to_LShoulder_ry,Chest_to_LShoulder,ry,0.034156943116069496,0.03393097611589723,-0.0002259670001722655,0.19711655725057695,0.3092951440830495
252_T1_vs_T3,longitudinal,2,Chest_to_LShoulder_rz,Chest_to_LShoulder,rz,0.013407592699566031,0.013961627344963737,0.0005540346453977059,0.19711655725057695,0.3092951440830495
252_T1_vs_T3,longitudinal,2,Chest_to_Neck_rx,Chest_to_Neck,rx,0.01689990862114631,0.014111911841548709,-0.002787996779597601,0.19711655725057695,0.3092951440830495
252_T1_vs_T3,longitudinal,2,Chest_to_Neck_ry,Chest_to_Neck,ry,0.023425973843880652,0.0072654452830770025,-0.01616052856080365,0.19711655725057695,0.3092951440830495
252_T1_vs_T3,longitudinal,2,Chest_to_Neck_rz,Chest_to_Neck,rz,0.012152179026745967,0.013085736016726123,0.0009335569899801555,0.19711655725057695,0.3092951440830495
252_T1_vs_T3,longitudinal,2,Chest_to_RShoulder_rx,Chest_to_RShoulder,rx,0.06113558693035543,0.05584566525421698,-0.005289921676138447,0.19711655725057695,0.3092951440830495
252_T1_vs_T3,longitudinal,2,Chest_to_RShoulder_ry,Chest_to_RShoulder,ry,0.03679975896188752,0.011068889687441517,-0.025730869274446004,0.19711655725057695,0.3092951440830495
252_T1_vs_T3,longitudinal,2,Chest_to_RShoulder_rz,Chest_to_RShoulder,rz,0.039155067590569755,0.06347202620922948,0.024316958618659727,0.19711655725057695,0.3092951440830495
252_T1_vs_T3,longitudinal,2,LFArm_to_LHand_rx,LFArm_to_LHand,rx,0.018965663533183193,0.002552848645638204,-0.01641281488754499,0.19711655725057695,0.3092951440830495
252_T1_vs_T3,longitudinal,2,LFArm_to_LHand_ry,LFArm_to_LHand,ry,0.034072734530403666,0.011594399978023596,-0.022478334552380068,0.19711655725057695,0.3092951440830495
252_T1_vs_T3,longitudinal,2,LFArm_to_LHand_rz,LFArm_to_LHand,rz,0.10867379399001494,0.01689530645339213,-0.09177848753662281,0.19711655725057695,0.3092951440830495
252_T1_vs_T3,longitudinal,2,LShin_to_LFoot_rx,LShin_to_LFoot,rx,0.009960291027569302,0.014214900497662355,0.0042546094700930525,0.19711655725057695,0.3092951440830495
252_T1_vs_T3,longitudinal,2,LShin_to_LFoot_ry,LShin_to_LFoot,ry,0.04387221018905663,0.037869167985186726,-0.006003042203869907,0.19711655725057695,0.3092951440830495
252_T1_vs_T3,longitudinal,2,LShin_to_LFoot_rz,LShin_to_LFoot,rz,0.008566637465591912,0.04254777920111613,0.03398114173552422,0.19711655725057695,0.3092951440830495
252_T1_vs_T3,longitudinal,2,LShoulder_to_LUArm_rx,LShoulder_to_LUArm,rx,0.10752790568695338,0.019902286904598325,-0.08762561878235506,0.19711655725057695,0.3092951440830495
252_T1_vs_T3,longitudinal,2,LShoulder_to_LUArm_ry,LShoulder_to_LUArm,ry,0.3378362044156567,0.08116225236593061,-0.2566739520497261,0.19711655725057695,0.3092951440830495
252_T1_vs_T3,longitudinal,2,LShoulder_to_LUArm_rz,LShoulder_to_LUArm,rz,0.1110338894315215,0.03585002533325425,-0.07518386409826724,0.19711655725057695,0.3092951440830495
252_T1_vs_T3,longitudinal,2,LThigh_to_LShin_rx,LThigh_to_LShin,rx,0.01399185954791459,0.065217195103606,0.05122533555569141,0.19711655725057695,0.3092951440830495
252_T1_vs_T3,longitudinal,2,LThigh_to_LShin_ry,LThigh_to_LShin,ry,1.7338814145923006e-08,1.553046115746495e-08,-1.8083529884580565e-09,0.19711655725057695,0.3092951440830495
252_T1_vs_T3,longitudinal,2,LThigh_to_LShin_rz,LThigh_to_LShin,rz,6.102788805838571e-09,1.138375076610068e-08,5.28096196026211e-09,0.19711655725057695,0.3092951440830495
252_T1_vs_T3,longitudinal,2,LUArm_to_LFArm_rx,LUArm_to_LFArm,rx,0.24554668436463023,0.04616313356670127,-0.19938355079792897,0.19711655725057695,0.3092951440830495
252_T1_vs_T3,longitudinal,2,LUArm_to_LFArm_ry,LUArm_to_LFArm,ry,0.4557471019179924,0.0351931451810409,-0.4205539567369515,0.19711655725057695,0.3092951440830495
252_T1_vs_T3,longitudinal,2,LUArm_to_LFArm_rz,LUArm_to_LFArm,rz,0.08426362411422426,0.04240533767725721,-0.041858286436967054,0.19711655725057695,0.3092951440830495
252_T1_vs_T3,longitudinal,2,Neck_to_Head_rx,Neck_to_Head,rx,0.01679916277363105,0.013829988646024943,-0.0029691741276061077,0.19711655725057695,0.3092951440830495
252_T1_vs_T3,longitudinal,2,Neck_to_Head_ry,Neck_to_Head,ry,0.02066657232404933,0.00972290565413367,-0.01094366666991566,0.19711655725057695,0.3092951440830495
252_T1_vs_T3,longitudinal,2,Neck_to_Head_rz,Neck_to_Head,rz,0.016271411397624166,0.011253422160154609,-0.005017989237469557,0.19711655725057695,0.3092951440830495
252_T1_vs_T3,longitudinal,2,RFArm_to_RHand_rx,RFArm_to_RHand,rx,0.00498088312838424,0.015297264528767129,0.01031638140038289,0.19711655725057695,0.3092951440830495
252_T1_vs_T3,longitudinal,2,RFArm_to_RHand_ry,RFArm_to_RHand,ry,0.03749527303324846,0.06802899470190822,0.03053372166865976,0.19711655725057695,0.3092951440830495
252_T1_vs_T3,longitudinal,2,RFArm_to_RHand_rz,RFArm_to_RHand,rz,0.09153748255681643,0.15792926100958984,0.06639177845277341,0.19711655725057695,0.3092951440830495
252_T1_vs_T3,longitudinal,2,RShin_to_RFoot_rx,RShin_to_RFoot,rx,0.047265182324998,0.016508801606438177,-0.03075638071855982,0.19711655725057695,0.3092951440830495
252_T1_vs_T3,longitudinal,2,RShin_to_RFoot_ry,RShin_to_RFoot,ry,0.03131407189113115,0.050626822361091325,0.01931275046996018,0.19711655725057695,0.3092951440830495
252_T1_vs_T3,longitudinal,2,RShin_to_RFoot_rz,RShin_to_RFoot,rz,0.009646280459228468,0.049215281889655044,0.039569001430426576,0.19711655725057695,0.3092951440830495
252_T1_vs_T3,longitudinal,2,RShoulder_to_RUArm_rx,RShoulder_to_RUArm,rx,0.4668783419705928,0.8154421788565395,0.34856383688594667,0.19711655725057695,0.3092951440830495
252_T1_vs_T3,longitudinal,2,RShoulder_to_RUArm_ry,RShoulder_to_RUArm,ry,0.034787958302555565,0.009508746490676897,-0.025279211811878668,0.19711655725057695,0.3092951440830495
252_T1_vs_T3,longitudinal,2,RShoulder_to_RUArm_rz,RShoulder_to_RUArm,rz,0.18149987473820126,0.15891492369788077,-0.02258495104032049,0.19711655725057695,0.3092951440830495
252_T1_vs_T3,longitudinal,2,RThigh_to_RShin_rx,RThigh_to_RShin,rx,0.02149497688322592,0.015676900486978156,-0.005818076396247762,0.19711655725057695,0.3092951440830495
252_T1_vs_T3,longitudinal,2,RThigh_to_RShin_ry,RThigh_to_RShin,ry,5.006260528848671e-09,1.97744178230141e-08,1.476815729416543e-08,0.19711655725057695,0.3092951440830495
252_T1_vs_T3,longitudinal,2,RThigh_to_RShin_rz,RThigh_to_RShin,rz,1.779477825748746e-08,1.14791196436618e-08,-6.315658613825661e-09,0.19711655725057695,0.3092951440830495
252_T1_vs_T3,longitudinal,2,RUArm_to_RFArm_rx,RUArm_to_RFArm,rx,0.4133202703261591,0.33059175785370376,-0.08272851247245533,0.19711655725057695,0.3092951440830495
252_T1_vs_T3,longitudinal,2,RUArm_to_RFArm_ry,RUArm_to_RFArm,ry,0.3073256887700476,0.2507119514742518,-0.05661373729579583,0.19711655725057695,0.3092951440830495
252_T1_vs_T3,longitudinal,2,RUArm_to_RFArm_rz,RUArm_to_RFArm,rz,0.05941523365922365,0.12521849591320658,0.06580326225398292,0.19711655725057695,0.3092951440830495
252_T1_vs_T3,longitudinal,3,252_to_LThigh_rx,252_to_LThigh,rx,0.08745670164831511,0.04755410658106589,-0.03990259506724922,0.13793433007294564,0.10476575757070294
252_T1_vs_T3,longitudinal,3,252_to_LThigh_ry,252_to_LThigh,ry,0.0307891311348362,0.08144876884649783,0.05065963771166164,0.13793433007294564,0.10476575757070294
252_T1_vs_T3,longitudinal,3,252_to_LThigh_rz,252_to_LThigh,rz,0.12205905569788938,0.1755695550603768,0.05351049936248742,0.13793433007294564,0.10476575757070294
252_T1_vs_T3,longitudinal,3,252_to_RThigh_rx,252_to_RThigh,rx,0.030288924226436077,0.11752880940424636,0.08723988517781028,0.13793433007294564,0.10476575757070294
252_T1_vs_T3,longitudinal,3,252_to_RThigh_ry,252_to_RThigh,ry,0.002639648218874958,0.05145453750091556,0.0488148892820406,0.13793433007294564,0.10476575757070294
252_T1_vs_T3,longitudinal,3,252_to_RThigh_rz,252_to_RThigh,rz,0.13346022341741906,0.19251278241072084,0.05905255899330178,0.13793433007294564,0.10476575757070294
252_T1_vs_T3,longitudinal,3,Chest_to_LShoulder_rx,Chest_to_LShoulder,rx,0.012175347633622623,0.032273002380905955,0.020097654747283332,0.13793433007294564,0.10476575757070294
252_T1_vs_T3,longitudinal,3,Chest_to_LShoulder_ry,Chest_to_LShoulder,ry,0.004711618564439601,0.03921125413436139,0.03449963556992179,0.13793433007294564,0.10476575757070294
252_T1_vs_T3,longitudinal,3,Chest_to_LShoulder_rz,Chest_to_LShoulder,rz,0.07201242519429273,0.10401877957116654,0.03200635437687381,0.13793433007294564,0.10476575757070294
252_T1_vs_T3,longitudinal,3,Chest_to_Neck_rx,Chest_to_Neck,rx,0.11686019121177056,0.14778632440775083,0.030926133195980268,0.13793433007294564,0.10476575757070294
252_T1_vs_T3,longitudinal,3,Chest_to_Neck_ry,Chest_to_Neck,ry,0.08107945500636769,0.08045549175301069,-0.0006239632533570072,0.13793433007294564,0.10476575757070294
252_T1_vs_T3,longitudinal,3,Chest_to_Neck_rz,Chest_to_Neck,rz,0.006772762575365197,0.01747968513198535,0.010706922556620153,0.13793433007294564,0.10476575757070294
252_T1_vs_T3,longitudinal,3,Chest_to_RShoulder_rx,Chest_to_RShoulder,rx,0.010874883064880313,0.0041949876310624565,-0.006679895433817857,0.13793433007294564,0.10476575757070294
252_T1_vs_T3,longitudinal,3,Chest_to_RShoulder_ry,Chest_to_RShoulder,ry,0.012639745590689429,0.02067003532705518,0.008030289736365753,0.13793433007294564,0.10476575757070294
252_T1_vs_T3,longitudinal,3,Chest_to_RShoulder_rz,Chest_to_RShoulder,rz,0.07367852170708732,0.02722954747526938,-0.04644897423181794,0.13793433007294564,0.10476575757070294
252_T1_vs_T3,longitudinal,3,LFArm_to_LHand_rx,LFArm_to_LHand,rx,0.011652145354265784,0.003196224391549541,-0.008455920962716242,0.13793433007294564,0.10476575757070294
252_T1_vs_T3,longitudinal,3,LFArm_to_LHand_ry,LFArm_to_LHand,ry,0.0004092092671701187,0.01701804789812731,0.01660883863095719,0.13793433007294564,0.10476575757070294
252_T1_vs_T3,longitudinal,3,LFArm_to_LHand_rz,LFArm_to_LHand,rz,0.013171022653601563,0.008409102188473126,-0.004761920465128437,0.13793433007294564,0.10476575757070294
252_T1_vs_T3,longitudinal,3,LShin_to_LFoot_rx,LShin_to_LFoot,rx,0.004921351304408278,0.05512357351804249,0.05020222221363421,0.13793433007294564,0.10476575757070294
252_T1_vs_T3,longitudinal,3,LShin_to_LFoot_ry,LShin_to_LFoot,ry,0.010870664847270334,0.018631898789154246,0.007761233941883912,0.13793433007294564,0.10476575757070294
252_T1_vs_T3,longitudinal,3,LShin_to_LFoot_rz,LShin_to_LFoot,rz,0.019525787123339418,0.038810347503883943,0.019284560380544526,0.13793433007294564,0.10476575757070294
252_T1_vs_T3,longitudinal,3,LShoulder_to_LUArm_rx,LShoulder_to_LUArm,rx,0.0265977915880096,0.06040443470140093,0.033806643113391335,0.13793433007294564,0.10476575757070294
252_T1_vs_T3,longitudinal,3,LShoulder_to_LUArm_ry,LShoulder_to_LUArm,ry,0.1763587297135962,0.19026916144113964,0.013910431727543443,0.13793433007294564,0.10476575757070294
252_T1_vs_T3,longitudinal,3,LShoulder_to_LUArm_rz,LShoulder_to_LUArm,rz,0.01482474329986881,0.049283862719973426,0.034459119420104614,0.13793433007294564,0.10476575757070294
252_T1_vs_T3,longitudinal,3,LThigh_to_LShin_rx,LThigh_to_LShin,rx,0.010807089050860941,0.03748993705955526,0.026682848008694318,0.13793433007294564,0.10476575757070294
252_T1_vs_T3,longitudinal,3,LThigh_to_LShin_ry,LThigh_to_LShin,ry,3.0405617414521376e-08,1.8517906975586926e-08,-1.1887710438934449e-08,0.13793433007294564,0.10476575757070294
252_T1_vs_T3,longitudinal,3,LThigh_to_LShin_rz,LThigh_to_LShin,rz,3.312448570755341e-08,8.696977725871713e-09,-2.4427507981681696e-08,0.13793433007294564,0.10476575757070294
252_T1_vs_T3,longitudinal,3,LUArm_to_LFArm_rx,LUArm_to_LFArm,rx,0.3150363217589854,0.35465787325680026,0.03962155149781488,0.13793433007294564,0.10476575757070294
252_T1_vs_T3,longitudinal,3,LUArm_to_LFArm_ry,LUArm_to_LFArm,ry,0.5144559188532357,0.4091807076553472,-0.10527521119788852,0.13793433007294564,0.10476575757070294
252_T1_vs_T3,longitudinal,3,LUArm_to_LFArm_rz,LUArm_to_LFArm,rz,0.22377864211510848,0.18345229395906432,-0.04032634815604416,0.13793433007294564,0.10476575757070294
252_T1_vs_T3,longitudinal,3,Neck_to_Head_rx,Neck_to_Head,rx,0.1167151848686258,0.14800627189463403,0.03129108702600823,0.13793433007294564,0.10476575757070294
252_T1_vs_T3,longitudinal,3,Neck_to_Head_ry,Neck_to_Head,ry,0.07816658871513474,0.07542556215274387,-0.0027410265623908636,0.13793433007294564,0.10476575757070294
252_T1_vs_T3,longitudinal,3,Neck_to_Head_rz,Neck_to_Head,rz,0.022197567641140677,0.032283761840009265,0.010086194198868588,0.13793433007294564,0.10476575757070294
252_T1_vs_T3,longitudinal,3,RFArm_to_RHand_rx,RFArm_to_RHand,rx,0.007021373864458438,0.006836354312322143,-0.00018501955213629483,0.13793433007294564,0.10476575757070294
252_T1_vs_T3,longitudinal,3,RFArm_to_RHand_ry,RFArm_to_RHand,ry,0.0402893492741981,0.0510713905637017,0.0107820412895036,0.13793433007294564,0.10476575757070294
252_T1_vs_T3,longitudinal,3,RFArm_to_RHand_rz,RFArm_to_RHand,rz,0.08143183051786855,0.025257395156739467,-0.05617443536112908,0.13793433007294564,0.10476575757070294
252_T1_vs_T3,longitudinal,3,RShin_to_RFoot_rx,RShin_to_RFoot,rx,0.04334384821341217,0.022299645580854427,-0.02104420263255774,0.13793433007294564,0.10476575757070294
252_T1_vs_T3,longitudinal,3,RShin_to_RFoot_ry,RShin_to_RFoot,ry,0.02452253687078571,0.05425406862888366,0.029731531758097954,0.13793433007294564,0.10476575757070294
252_T1_vs_T3,longitudinal,3,RShin_to_RFoot_rz,RShin_to_RFoot,rz,0.053672859574897154,0.07695238045940168,0.02327952088450453,0.13793433007294564,0.10476575757070294
252_T1_vs_T3,longitudinal,3,RShoulder_to_RUArm_rx,RShoulder_to_RUArm,rx,0.18233205108040892,0.17191201850478724,-0.010420032575621685,0.13793433007294564,0.10476575757070294
252_T1_vs_T3,longitudinal,3,RShoulder_to_RUArm_ry,RShoulder_to_RUArm,ry,0.3878560121437522,0.41935269179326073,0.03149667964950853,0.13793433007294564,0.10476575757070294
252_T1_vs_T3,longitudinal,3,RShoulder_to_RUArm_rz,RShoulder_to_RUArm,rz,0.14406291548692146,0.17249865529115982,0.028435739804238358,0.13793433007294564,0.10476575757070294
252_T1_vs_T3,longitudinal,3,RThigh_to_RShin_rx,RThigh_to_RShin,rx,0.09793739960041886,0.056559208828638984,-0.04137819077177988,0.13793433007294564,0.10476575757070294
252_T1_vs_T3,longitudinal,3,RThigh_to_RShin_ry,RThigh_to_RShin,ry,4.703369970223222e-08,7.237960145384398e-08,2.5345901751611766e-08,0.13793433007294564,0.10476575757070294
252_T1_vs_T3,longitudinal,3,RThigh_to_RShin_rz,RThigh_to_RShin,rz,2.8603289635769498e-08,5.218052256192966e-10,-2.80814844101502e-08,0.13793433007294564,0.10476575757070294
252_T1_vs_T3,longitudinal,3,RUArm_to_RFArm_rx,RUArm_to_RFArm,rx,0.23139020681150274,0.37945265402553724,0.1480624472140345,0.13793433007294564,0.10476575757070294
252_T1_vs_T3,longitudinal,3,RUArm_to_RFArm_ry,RUArm_to_RFArm,ry,0.39174333722970656,0.16883658324461145,-0.2229067539850951,0.13793433007294564,0.10476575757070294
252_T1_vs_T3,longitudinal,3,RUArm_to_RFArm_rz,RUArm_to_RFArm,rz,0.15666491236449884,0.18865844958893407,0.03199353722443524,0.13793433007294564,0.10476575757070294
252_T1_vs_T3,longitudinal,4,252_to_LThigh_rx,252_to_LThigh,rx,0.14562086103555658,0.233324354525648,0.08770349349009143,0.09316838008941608,0.06488795737701662
252_T1_vs_T3,longitudinal,4,252_to_LThigh_ry,252_to_LThigh,ry,0.16652568554988667,0.1027997370681292,-0.06372594848175747,0.09316838008941608,0.06488795737701662
252_T1_vs_T3,longitudinal,4,252_to_LThigh_rz,252_to_LThigh,rz,0.25603928229165124,0.1886286412167409,-0.06741064107491035,0.09316838008941608,0.06488795737701662
252_T1_vs_T3,longitudinal,4,252_to_RThigh_rx,252_to_RThigh,rx,0.04526380371705159,0.038566170259644525,-0.006697633457407065,0.09316838008941608,0.06488795737701662
252_T1_vs_T3,longitudinal,4,252_to_RThigh_ry,252_to_RThigh,ry,0.12308306459331711,0.06431419892173622,-0.05876886567158089,0.09316838008941608,0.06488795737701662
252_T1_vs_T3,longitudinal,4,252_to_RThigh_rz,252_to_RThigh,rz,0.2693896837464121,0.19847739907551298,-0.0709122846708991,0.09316838008941608,0.06488795737701662
252_T1_vs_T3,longitudinal,4,Chest_to_LShoulder_rx,Chest_to_LShoulder,rx,0.025619781168997883,0.06341180051335123,0.03779201934435335,0.09316838008941608,0.06488795737701662
252_T1_vs_T3,longitudinal,4,Chest_to_LShoulder_ry,Chest_to_LShoulder,ry,0.012401219090659771,0.04952622176813225,0.03712500267747248,0.09316838008941608,0.06488795737701662
252_T1_vs_T3,longitudinal,4,Chest_to_LShoulder_rz,Chest_to_LShoulder,rz,0.05841226164522166,0.13596461356635098,0.07755235192112932,0.09316838008941608,0.06488795737701662
252_T1_vs_T3,longitudinal,4,Chest_to_Neck_rx,Chest_to_Neck,rx,0.05083021622109361,0.1173103988274141,0.06648018260632049,0.09316838008941608,0.06488795737701662
252_T1_vs_T3,longitudinal,4,Chest_to_Neck_ry,Chest_to_Neck,ry,0.02533701564753875,0.026115055074229378,0.0007780394266906285,0.09316838008941608,0.06488795737701662
252_T1_vs_T3,longitudinal,4,Chest_to_Neck_rz,Chest_to_Neck,rz,0.0867274725359869,0.1452346445541766,0.058507172018189696,0.09316838008941608,0.06488795737701662
252_T1_vs_T3,longitudinal,4,Chest_to_RShoulder_rx,Chest_to_RShoulder,rx,0.027224202828045573,0.00467662248463189,-0.022547580343413684,0.09316838008941608,0.06488795737701662
252_T1_vs_T3,longitudinal,4,Chest_to_RShoulder_ry,Chest_to_RShoulder,ry,0.03367409194925575,0.021684026487074782,-0.011990065462180965,0.09316838008941608,0.06488795737701662
252_T1_vs_T3,longitudinal,4,Chest_to_RShoulder_rz,Chest_to_RShoulder,rz,0.04029908955251884,0.10441924725251171,0.06412015769999288,0.09316838008941608,0.06488795737701662
252_T1_vs_T3,longitudinal,4,LFArm_to_LHand_rx,LFArm_to_LHand,rx,0.021161312755087976,0.036108016521798264,0.014946703766710288,0.09316838008941608,0.06488795737701662
252_T1_vs_T3,longitudinal,4,LFArm_to_LHand_ry,LFArm_to_LHand,ry,0.07412727352940209,0.11827339227571439,0.0441461187463123,0.09316838008941608,0.06488795737701662
252_T1_vs_T3,longitudinal,4,LFArm_to_LHand_rz,LFArm_to_LHand,rz,0.0923618065027342,0.16504427863407622,0.07268247213134202,0.09316838008941608,0.06488795737701662
252_T1_vs_T3,longitudinal,4,LShin_to_LFoot_rx,LShin_to_LFoot,rx,0.041684739207934036,0.01170481439839043,-0.029979924809543607,0.09316838008941608,0.06488795737701662
252_T1_vs_T3,longitudinal,4,LShin_to_LFoot_ry,LShin_to_LFoot,ry,0.03208951775087221,0.01730461983385737,-0.01478489791701484,0.09316838008941608,0.06488795737701662
252_T1_vs_T3,longitudinal,4,LShin_to_LFoot_rz,LShin_to_LFoot,rz,0.048604295935171134,0.013660614963947585,-0.03494368097122355,0.09316838008941608,0.06488795737701662
252_T1_vs_T3,longitudinal,4,LShoulder_to_LUArm_rx,LShoulder_to_LUArm,rx,0.1397776960313209,0.18173175378674045,0.04195405775541955,0.09316838008941608,0.06488795737701662
252_T1_vs_T3,longitudinal,4,LShoulder_to_LUArm_ry,LShoulder_to_LUArm,ry,0.2123277867552168,0.4020850117903194,0.18975722503510262,0.09316838008941608,0.06488795737701662
252_T1_vs_T3,longitudinal,4,LShoulder_to_LUArm_rz,LShoulder_to_LUArm,rz,0.06484997540697081,0.11989020499835373,0.055040229591382925,0.09316838008941608,0.06488795737701662
252_T1_vs_T3,longitudinal,4,LThigh_to_LShin_rx,LThigh_to_LShin,rx,0.18509833346861465,0.19035656723860606,0.005258233769991405,0.09316838008941608,0.06488795737701662
252_T1_vs_T3,longitudinal,4,LThigh_to_LShin_ry,LThigh_to_LShin,ry,2.7885604550016846e-08,3.509074960946242e-08,7.205145059445577e-09,0.09316838008941608,0.06488795737701662
252_T1_vs_T3,longitudinal,4,LThigh_to_LShin_rz,LThigh_to_LShin,rz,9.008020983099592e-09,2.4681200837052992e-08,1.56731798539534e-08,0.09316838008941608,0.06488795737701662
252_T1_vs_T3,longitudinal,4,LUArm_to_LFArm_rx,LUArm_to_LFArm,rx,0.34730325812774665,0.2641116665083046,-0.08319159161944206,0.09316838008941608,0.06488795737701662
252_T1_vs_T3,longitudinal,4,LUArm_to_LFArm_ry,LUArm_to_LFArm,ry,0.2644700829005523,0.3792253609518875,0.11475527805133523,0.09316838008941608,0.06488795737701662
252_T1_vs_T3,longitudinal,4,LUArm_to_LFArm_rz,LUArm_to_LFArm,rz,0.3140680404616751,0.3467284947233299,0.032660454261654814,0.09316838008941608,0.06488795737701662
252_T1_vs_T3,longitudinal,4,Neck_to_Head_rx,Neck_to_Head,rx,0.050870003643318756,0.1178326522717757,0.06696264862845694,0.09316838008941608,0.06488795737701662
252_T1_vs_T3,longitudinal,4,Neck_to_Head_ry,Neck_to_Head,ry,0.040734077207391736,0.05249075151128103,0.01175667430388929,0.09316838008941608,0.06488795737701662
252_T1_vs_T3,longitudinal,4,Neck_to_Head_rz,Neck_to_Head,rz,0.07962569510718298,0.13626903388558512,0.056643338778402136,0.09316838008941608,0.06488795737701662
252_T1_vs_T3,longitudinal,4,RFArm_to_RHand_rx,RFArm_to_RHand,rx,0.01333229766036796,0.008403326430864538,-0.004928971229503422,0.09316838008941608,0.06488795737701662
252_T1_vs_T3,longitudinal,4,RFArm_to_RHand_ry,RFArm_to_RHand,ry,0.04827812249586958,0.03754177509422005,-0.010736347401649533,0.09316838008941608,0.06488795737701662
252_T1_vs_T3,longitudinal,4,RFArm_to_RHand_rz,RFArm_to_RHand,rz,0.09401129834785214,0.004434684203806415,-0.08957661414404573,0.09316838008941608,0.06488795737701662
252_T1_vs_T3,longitudinal,4,RShin_to_RFoot_rx,RShin_to_RFoot,rx,0.037610537730982024,0.10838012482954544,0.07076958709856342,0.09316838008941608,0.06488795737701662
252_T1_vs_T3,longitudinal,4,RShin_to_RFoot_ry,RShin_to_RFoot,ry,0.06788947564170644,0.015149010647069092,-0.05274046499463735,0.09316838008941608,0.06488795737701662
252_T1_vs_T3,longitudinal,4,RShin_to_RFoot_rz,RShin_to_RFoot,rz,0.08636851403512262,0.05050558299048413,-0.03586293104463849,0.09316838008941608,0.06488795737701662
252_T1_vs_T3,longitudinal,4,RShoulder_to_RUArm_rx,RShoulder_to_RUArm,rx,0.44419171698912746,0.16059005366936752,-0.28360166331975994,0.09316838008941608,0.06488795737701662
252_T1_vs_T3,longitudinal,4,RShoulder_to_RUArm_ry,RShoulder_to_RUArm,ry,0.2298992534276633,0.17791080270001508,-0.05198845072764821,0.09316838008941608,0.06488795737701662
252_T1_vs_T3,longitudinal,4,RShoulder_to_RUArm_rz,RShoulder_to_RUArm,rz,0.01964710702551527,0.0064668464416287146,-0.013180260583886556,0.09316838008941608,0.06488795737701662
252_T1_vs_T3,longitudinal,4,RThigh_to_RShin_rx,RThigh_to_RShin,rx,0.11501238880419962,0.18174726811849168,0.06673487931429206,0.09316838008941608,0.06488795737701662
252_T1_vs_T3,longitudinal,4,RThigh_to_RShin_ry,RThigh_to_RShin,ry,2.5150164066588846e-08,1.3049619161566236e-08,-1.210054490502261e-08,0.09316838008941608,0.06488795737701662
252_T1_vs_T3,longitudinal,4,RThigh_to_RShin_rz,RThigh_to_RShin,rz,2.5915252611013315e-09,5.163185835966715e-09,2.5716605748653834e-09,0.09316838008941608,0.06488795737701662
252_T1_vs_T3,longitudinal,4,RUArm_to_RFArm_rx,RUArm_to_RFArm,rx,0.04870287774453874,0.097886483264798,0.04918360552025926,0.09316838008941608,0.06488795737701662
252_T1_vs_T3,longitudinal,4,RUArm_to_RFArm_ry,RUArm_to_RFArm,ry,0.2471491011366396,0.06946525444697021,-0.17768384668966938,0.09316838008941608,0.06488795737701662
252_T1_vs_T3,longitudinal,4,RUArm_to_RFArm_rz,RUArm_to_RFArm,rz,0.052258471153973717,0.06397879710055132,0.011720325946577605,0.09316838008941608,0.06488795737701662
252_T1_vs_T3,longitudinal,5,252_to_LThigh_rx,252_to_LThigh,rx,0.2752172931512454,0.37811175413426873,0.10289446098302335,0.06345671619165316,0.03245378221672628
252_T1_vs_T3,longitudinal,5,252_to_LThigh_ry,252_to_LThigh,ry,0.053527806900177256,0.007728092964482165,-0.04579971393569509,0.06345671619165316,0.03245378221672628
252_T1_vs_T3,longitudinal,5,252_to_LThigh_rz,252_to_LThigh,rz,0.05065945006445189,0.011969395427741593,-0.0386900546367103,0.06345671619165316,0.03245378221672628
252_T1_vs_T3,longitudinal,5,252_to_RThigh_rx,252_to_RThigh,rx,0.291788940180555,0.35817443831919565,0.06638549813864064,0.06345671619165316,0.03245378221672628
252_T1_vs_T3,longitudinal,5,252_to_RThigh_ry,252_to_RThigh,ry,0.05708596143447716,0.019019918972122397,-0.03806604246235476,0.06345671619165316,0.03245378221672628
252_T1_vs_T3,longitudinal,5,252_to_RThigh_rz,252_to_RThigh,rz,0.06794390900079508,0.000123893689774024,-0.06782001531102105,0.06345671619165316,0.03245378221672628
252_T1_vs_T3,longitudinal,5,Chest_to_LShoulder_rx,Chest_to_LShoulder,rx,0.029094541748519463,0.023157958379086182,-0.005936583369433281,0.06345671619165316,0.03245378221672628
252_T1_vs_T3,longitudinal,5,Chest_to_LShoulder_ry,Chest_to_LShoulder,ry,0.03823237174905327,0.04738384557769264,0.009151473828639366,0.06345671619165316,0.03245378221672628
252_T1_vs_T3,longitudinal,5,Chest_to_LShoulder_rz,Chest_to_LShoulder,rz,0.0058662857132206975,0.0318340667123607,0.025967780999140003,0.06345671619165316,0.03245378221672628
252_T1_vs_T3,longitudinal,5,Chest_to_Neck_rx,Chest_to_Neck,rx,0.015251780172612348,0.006623186969208053,-0.008628593203404294,0.06345671619165316,0.03245378221672628
252_T1_vs_T3,longitudinal,5,Chest_to_Neck_ry,Chest_to_Neck,ry,0.07751745043164956,0.006723621767842757,-0.0707938286638068,0.06345671619165316,0.03245378221672628
252_T1_vs_T3,longitudinal,5,Chest_to_Neck_rz,Chest_to_Neck,rz,0.08065735736078068,0.018048425638012743,-0.06260893172276794,0.06345671619165316,0.03245378221672628
252_T1_vs_T3,longitudinal,5,Chest_to_RShoulder_rx,Chest_to_RShoulder,rx,0.031880559655987954,0.02779909364479341,-0.004081466011194544,0.06345671619165316,0.03245378221672628
252_T1_vs_T3,longitudinal,5,Chest_to_RShoulder_ry,Chest_to_RShoulder,ry,0.0038278199411895457,0.01988347537983679,0.016055655438647246,0.06345671619165316,0.03245378221672628
252_T1_vs_T3,longitudinal,5,Chest_to_RShoulder_rz,Chest_to_RShoulder,rz,0.0758054379886953,0.0993404793724328,0.023535041383737507,0.06345671619165316,0.03245378221672628
252_T1_vs_T3,longitudinal,5,LFArm_to_LHand_rx,LFArm_to_LHand,rx,0.03374523788667072,0.007724629657456529,-0.02602060822921419,0.06345671619165316,0.03245378221672628
252_T1_vs_T3,longitudinal,5,LFArm_to_LHand_ry,LFArm_to_LHand,ry,0.07023013256077533,0.013199780661372793,-0.05703035189940254,0.06345671619165316,0.03245378221672628
252_T1_vs_T3,longitudinal,5,LFArm_to_LHand_rz,LFArm_to_LHand,rz,0.23370902495488438,0.023525919949824354,-0.21018310500506002,0.06345671619165316,0.03245378221672628
252_T1_vs_T3,longitudinal,5,LShin_to_LFoot_rx,LShin_to_LFoot,rx,0.12093706738957219,0.12909473642109132,0.008157669031519127,0.06345671619165316,0.03245378221672628
252_T1_vs_T3,longitudinal,5,LShin_to_LFoot_ry,LShin_to_LFoot,ry,0.07623449530205101,0.01344199634515833,-0.06279249895689268,0.06345671619165316,0.03245378221672628
252_T1_vs_T3,longitudinal,5,LShin_to_LFoot_rz,LShin_to_LFoot,rz,0.024281949831116176,0.005294546654433405,-0.018987403176682772,0.06345671619165316,0.03245378221672628
252_T1_vs_T3,longitudinal,5,LShoulder_to_LUArm_rx,LShoulder_to_LUArm,rx,0.14273521015556512,0.08279112233216364,-0.05994408782340148,0.06345671619165316,0.03245378221672628
252_T1_vs_T3,longitudinal,5,LShoulder_to_LUArm_ry,LShoulder_to_LUArm,ry,0.5400115615515388,0.09796600978399742,-0.44204555176754146,0.06345671619165316,0.03245378221672628
252_T1_vs_T3,longitudinal,5,LShoulder_to_LUArm_rz,LShoulder_to_LUArm,rz,0.09322981132943954,0.05220565809832133,-0.04102415323111821,0.06345671619165316,0.03245378221672628
252_T1_vs_T3,longitudinal,5,LThigh_to_LShin_rx,LThigh_to_LShin,rx,0.05101722055479429,0.015142998175930162,-0.035874222378864125,0.06345671619165316,0.03245378221672628
252_T1_vs_T3,longitudinal,5,LThigh_to_LShin_ry,LThigh_to_LShin,ry,5.742513867982204e-08,3.6100655788123016e-08,-2.1324482891699027e-08,0.06345671619165316,0.03245378221672628
252_T1_vs_T3,longitudinal,5,LThigh_to_LShin_rz,LThigh_to_LShin,rz,4.277354266428106e-08,5.592305210831347e-08,1.3149509444032413e-08,0.06345671619165316,0.03245378221672628
252_T1_vs_T3,longitudinal,5,LUArm_to_LFArm_rx,LUArm_to_LFArm,rx,0.1263265958664662,0.03100149476450451,-0.09532510110196168,0.06345671619165316,0.03245378221672628
252_T1_vs_T3,longitudinal,5,LUArm_to_LFArm_ry,LUArm_to_LFArm,ry,0.24719032074669678,0.25497191549256143,0.007781594745864651,0.06345671619165316,0.03245378221672628
252_T1_vs_T3,longitudinal,5,LUArm_to_LFArm_rz,LUArm_to_LFArm,rz,0.014518271151278806,0.11763056717738765,0.10311229602610884,0.06345671619165316,0.03245378221672628
252_T1_vs_T3,longitudinal,5,Neck_to_Head_rx,Neck_to_Head,rx,0.015288819982591422,0.00712292107332222,-0.008165898909269203,0.06345671619165316,0.03245378221672628
252_T1_vs_T3,longitudinal,5,Neck_to_Head_ry,Neck_to_Head,ry,0.09046631106404579,0.009587191324448961,-0.08087911973959683,0.06345671619165316,0.03245378221672628
252_T1_vs_T3,longitudinal,5,Neck_to_Head_rz,Neck_to_Head,rz,0.06390484180710378,0.01664007373055906,-0.047264768076544714,0.06345671619165316,0.03245378221672628
252_T1_vs_T3,longitudinal,5,RFArm_to_RHand_rx,RFArm_to_RHand,rx,0.01484430227052812,0.010159300429261116,-0.004685001841267003,0.06345671619165316,0.03245378221672628
252_T1_vs_T3,longitudinal,5,RFArm_to_RHand_ry,RFArm_to_RHand,ry,0.04809401595588471,0.05270724679972604,0.004613230843841333,0.06345671619165316,0.03245378221672628
252_T1_vs_T3,longitudinal,5,RFArm_to_RHand_rz,RFArm_to_RHand,rz,0.04706446001609399,0.00345468505509728,-0.04360977496099671,0.06345671619165316,0.03245378221672628
252_T1_vs_T3,longitudinal,5,RShin_to_RFoot_rx,RShin_to_RFoot,rx,0.006498599237187493,0.11782021629502598,0.1113216170578385,0.06345671619165316,0.03245378221672628
252_T1_vs_T3,longitudinal,5,RShin_to_RFoot_ry,RShin_to_RFoot,ry,0.05499883163917633,0.005391778286258799,-0.04960705335291753,0.06345671619165316,0.03245378221672628
252_T1_vs_T3,longitudinal,5,RShin_to_RFoot_rz,RShin_to_RFoot,rz,0.015066231263601586,0.005139928985209501,-0.009926302278392085,0.06345671619165316,0.03245378221672628
252_T1_vs_T3,longitudinal,5,RShoulder_to_RUArm_rx,RShoulder_to_RUArm,rx,0.2770163673534001,0.03915460579001033,-0.23786176156338973,0.06345671619165316,0.03245378221672628
252_T1_vs_T3,longitudinal,5,RShoulder_to_RUArm_ry,RShoulder_to_RUArm,ry,0.019069645596295,0.058585026403726245,0.03951538080743125,0.06345671619165316,0.03245378221672628
252_T1_vs_T3,longitudinal,5,RShoulder_to_RUArm_rz,RShoulder_to_RUArm,rz,0.06378484123637831,0.05307471538374073,-0.010710125852637586,0.06345671619165316,0.03245378221672628
252_T1_vs_T3,longitudinal,5,RThigh_to_RShin_rx,RThigh_to_RShin,rx,0.07134850798406585,0.06386252611199077,-0.0074859818720750815,0.06345671619165316,0.03245378221672628
252_T1_vs_T3,longitudinal,5,RThigh_to_RShin_ry,RThigh_to_RShin,ry,3.6123724458526107e-10,1.3671204451076106e-08,1.3309967206490844e-08,0.06345671619165316,0.03245378221672628
252_T1_vs_T3,longitudinal,5,RThigh_to_RShin_rz,RThigh_to_RShin,rz,1.1435925423670113e-07,8.798639997399806e-08,-2.6372854262703067e-08,0.06345671619165316,0.03245378221672628
252_T1_vs_T3,longitudinal,5,RUArm_to_RFArm_rx,RUArm_to_RFArm,rx,0.35942798079534155,0.47608668480728544,0.11665870401194389,0.06345671619165316,0.03245378221672628
252_T1_vs_T3,longitudinal,5,RUArm_to_RFArm_ry,RUArm_to_RFArm,ry,0.2794557593550449,0.5833090647103394,0.3038533053552945,0.06345671619165316,0.03245378221672628
252_T1_vs_T3,longitudinal,5,RUArm_to_RFArm_rz,RUArm_to_RFArm,rz,0.08706803802084329,0.006017287813440437,-0.08105075020740285,0.06345671619165316,0.03245378221672628
252_T1_vs_T3,longitudinal,6,252_to_LThigh_rx,252_to_LThigh,rx,0.31264548923302743,0.13506931532259991,-0.17757617391042751,0.050106450048396305,0.010727952915090377
252_T1_vs_T3,longitudinal,6,252_to_LThigh_ry,252_to_LThigh,ry,0.02840183599028151,0.07837282875410441,0.0499709927638229,0.050106450048396305,0.010727952915090377
252_T1_vs_T3,longitudinal,6,252_to_LThigh_rz,252_to_LThigh,rz,0.011266170486054078,0.05494265809825829,0.04367648761220421,0.050106450048396305,0.010727952915090377
252_T1_vs_T3,longitudinal,6,252_to_RThigh_rx,252_to_RThigh,rx,0.2485690963889944,0.1301853057808967,-0.1183837906080977,0.050106450048396305,0.010727952915090377
252_T1_vs_T3,longitudinal,6,252_to_RThigh_ry,252_to_RThigh,ry,0.04357570353567345,0.08078398966724151,0.03720828613156806,0.050106450048396305,0.010727952915090377
252_T1_vs_T3,longitudinal,6,252_to_RThigh_rz,252_to_RThigh,rz,0.015582348304047117,0.06438158740422174,0.04879923910017463,0.050106450048396305,0.010727952915090377
252_T1_vs_T3,longitudinal,6,Chest_to_LShoulder_rx,Chest_to_LShoulder,rx,0.061407268802883615,0.04380002111843724,-0.017607247684446374,0.050106450048396305,0.010727952915090377
252_T1_vs_T3,longitudinal,6,Chest_to_LShoulder_ry,Chest_to_LShoulder,ry,0.08519479094414273,0.06276843418039106,-0.022426356763751668,0.050106450048396305,0.010727952915090377
252_T1_vs_T3,longitudinal,6,Chest_to_LShoulder_rz,Chest_to_LShoulder,rz,0.11255845042339152,0.00996820834743364,-0.10259024207595788,0.050106450048396305,0.010727952915090377
252_T1_vs_T3,longitudinal,6,Chest_to_Neck_rx,Chest_to_Neck,rx,0.14859999174633756,0.004068885523363028,-0.14453110622297455,0.050106450048396305,0.010727952915090377
252_T1_vs_T3,longitudinal,6,Chest_to_Neck_ry,Chest_to_Neck,ry,0.002477620972909264,0.0751780291999936,0.07270040822708433,0.050106450048396305,0.010727952915090377
252_T1_vs_T3,longitudinal,6,Chest_to_Neck_rz,Chest_to_Neck,rz,0.07866172965557142,0.05188385354609025,-0.026777876109481166,0.050106450048396305,0.010727952915090377
252_T1_vs_T3,longitudinal,6,Chest_to_RShoulder_rx,Chest_to_RShoulder,rx,0.035591827465026475,0.008599352869481925,-0.02699247459554455,0.050106450048396305,0.010727952915090377
252_T1_vs_T3,longitudinal,6,Chest_to_RShoulder_ry,Chest_to_RShoulder,ry,0.01853651554306098,0.026962849401513216,0.008426333858452234,0.050106450048396305,0.010727952915090377
252_T1_vs_T3,longitudinal,6,Chest_to_RShoulder_rz,Chest_to_RShoulder,rz,0.07759785844810137,0.06491537517134825,-0.012682483276753115,0.050106450048396305,0.010727952915090377
252_T1_vs_T3,longitudinal,6,LFArm_to_LHand_rx,LFArm_to_LHand,rx,0.03039193365010047,0.038121692108696675,0.007729758458596206,0.050106450048396305,0.010727952915090377
252_T1_vs_T3,longitudinal,6,LFArm_to_LHand_ry,LFArm_to_LHand,ry,0.08066832553342448,0.07350765902397685,-0.007160666509447633,0.050106450048396305,0.010727952915090377
252_T1_vs_T3,longitudinal,6,LFArm_to_LHand_rz,LFArm_to_LHand,rz,0.11156356021360947,0.24409576937626648,0.132532209162657,0.050106450048396305,0.010727952915090377
252_T1_vs_T3,longitudinal,6,LShin_to_LFoot_rx,LShin_to_LFoot,rx,0.10284825508442828,0.07144917356960283,-0.031399081514825455,0.050106450048396305,0.010727952915090377
252_T1_vs_T3,longitudinal,6,LShin_to_LFoot_ry,LShin_to_LFoot,ry,0.04048597256319895,0.09693692179394602,0.05645094923074707,0.050106450048396305,0.010727952915090377
252_T1_vs_T3,longitudinal,6,LShin_to_LFoot_rz,LShin_to_LFoot,rz,0.02205767352122749,0.02142026010924137,-0.0006374134119861222,0.050106450048396305,0.010727952915090377
252_T1_vs_T3,longitudinal,6,LShoulder_to_LUArm_rx,LShoulder_to_LUArm,rx,0.17628702408690236,0.18302801018254627,0.006740986095643914,0.050106450048396305,0.010727952915090377
252_T1_vs_T3,longitudinal,6,LShoulder_to_LUArm_ry,LShoulder_to_LUArm,ry,0.16293857859399524,0.6125241615109444,0.4495855829169491,0.050106450048396305,0.010727952915090377
252_T1_vs_T3,longitudinal,6,LShoulder_to_LUArm_rz,LShoulder_to_LUArm,rz,0.11274876737404828,0.1420728452621144,0.02932407788806611,0.050106450048396305,0.010727952915090377
252_T1_vs_T3,longitudinal,6,LThigh_to_LShin_rx,LThigh_to_LShin,rx,0.035875872502866814,0.03032332609482018,-0.005552546408046633,0.050106450048396305,0.010727952915090377
252_T1_vs_T3,longitudinal,6,LThigh_to_LShin_ry,LThigh_to_LShin,ry,5.658071159890957e-10,4.8939634094682054e-08,4.837382697869296e-08,0.050106450048396305,0.010727952915090377
252_T1_vs_T3,longitudinal,6,LThigh_to_LShin_rz,LThigh_to_LShin,rz,4.797328127299027e-08,3.032880820235133e-08,-1.764447307063894e-08,0.050106450048396305,0.010727952915090377
252_T1_vs_T3,longitudinal,6,LUArm_to_LFArm_rx,LUArm_to_LFArm,rx,0.08651242950483033,0.27856623777207934,0.192053808267249,0.050106450048396305,0.010727952915090377
252_T1_vs_T3,longitudinal,6,LUArm_to_LFArm_ry,LUArm_to_LFArm,ry,0.007285659198350454,0.5181520598954245,0.510866400697074,0.050106450048396305,0.010727952915090377
252_T1_vs_T3,longitudinal,6,LUArm_to_LFArm_rz,LUArm_to_LFArm,rz,0.2557640895249677,0.07560976709107116,-0.18015432243389656,0.050106450048396305,0.010727952915090377
252_T1_vs_T3,longitudinal,6,Neck_to_Head_rx,Neck_to_Head,rx,0.14935062656006046,0.0038803025539003383,-0.1454703240061601,0.050106450048396305,0.010727952915090377
252_T1_vs_T3,longitudinal,6,Neck_to_Head_ry,Neck_to_Head,ry,0.01710071355789945,0.08298939887249827,0.06588868531459882,0.050106450048396305,0.010727952915090377
252_T1_vs_T3,longitudinal,6,Neck_to_Head_rz,Neck_to_Head,rz,0.07562587771278953,0.03627154842007243,-0.0393543292927171,0.050106450048396305,0.010727952915090377
252_T1_vs_T3,longitudinal,6,RFArm_to_RHand_rx,RFArm_to_RHand,rx,0.009317932660711892,0.010378352446768479,0.001060419786056586,0.050106450048396305,0.010727952915090377
252_T1_vs_T3,longitudinal,6,RFArm_to_RHand_ry,RFArm_to_RHand,ry,0.07012085019106837,0.021390012711828166,-0.0487308374792402,0.050106450048396305,0.010727952915090377
252_T1_vs_T3,longitudinal,6,RFArm_to_RHand_rz,RFArm_to_RHand,rz,0.06147070257259465,0.006025186571024119,-0.05544551600157053,0.050106450048396305,0.010727952915090377
252_T1_vs_T3,longitudinal,6,RShin_to_RFoot_rx,RShin_to_RFoot,rx,0.14803595528194388,0.038683180340314316,-0.10935277494162957,0.050106450048396305,0.010727952915090377
252_T1_vs_T3,longitudinal,6,RShin_to_RFoot_ry,RShin_to_RFoot,ry,0.025977429668591383,0.07492364092287598,0.0489462112542846,0.050106450048396305,0.010727952915090377
252_T1_vs_T3,longitudinal,6,RShin_to_RFoot_rz,RShin_to_RFoot,rz,0.009687777955864493,0.0061476219581951775,-0.0035401559976693158,0.050106450048396305,0.010727952915090377
252_T1_vs_T3,longitudinal,6,RShoulder_to_RUArm_rx,RShoulder_to_RUArm,rx,0.5566515104002835,0.06061323472136448,-0.496038275678919,0.050106450048396305,0.010727952915090377
252_T1_vs_T3,longitudinal,6,RShoulder_to_RUArm_ry,RShoulder_to_RUArm,ry,0.06575003340046884,0.0071238364011345975,-0.05862619699933424,0.050106450048396305,0.010727952915090377
252_T1_vs_T3,longitudinal,6,RShoulder_to_RUArm_rz,RShoulder_to_RUArm,rz,0.15684496109421533,0.14421951232080055,-0.012625448773414788,0.050106450048396305,0.010727952915090377
252_T1_vs_T3,longitudinal,6,RThigh_to_RShin_rx,RThigh_to_RShin,rx,0.13396041678013862,0.07406213125451863,-0.05989828552561999,0.050106450048396305,0.010727952915090377
252_T1_vs_T3,longitudinal,6,RThigh_to_RShin_ry,RThigh_to_RShin,ry,5.9592199824454486e-08,2.0572566238825015e-09,-5.7534943200571986e-08,0.050106450048396305,0.010727952915090377
252_T1_vs_T3,longitudinal,6,RThigh_to_RShin_rz,RThigh_to_RShin,rz,3.885083072246878e-08,8.973849853246925e-08,5.088766781000047e-08,0.050106450048396305,0.010727952915090377
252_T1_vs_T3,longitudinal,6,RUArm_to_RFArm_rx,RUArm_to_RFArm,rx,0.35959980846889394,0.017593061588864013,-0.3420067468800299,0.050106450048396305,0.010727952915090377
252_T1_vs_T3,longitudinal,6,RUArm_to_RFArm_ry,RUArm_to_RFArm,ry,0.012146089243113802,0.1007036049140882,0.08855751567097439,0.050106450048396305,0.010727952915090377
252_T1_vs_T3,longitudinal,6,RUArm_to_RFArm_rz,RUArm_to_RFArm,rz,0.23378103536372963,0.07892560453522698,-0.15485543082850264,0.050106450048396305,0.010727952915090377
252_T1_R1_vs_R2,natural_variability,1,252_to_LThigh_rx,252_to_LThigh,rx,0.10433191180949286,0.01752268061811777,-0.0868092311913751,0.28557035016611126,0.49536439469215104
252_T1_R1_vs_R2,natural_variability,1,252_to_LThigh_ry,252_to_LThigh,ry,0.008845006595095642,0.01618005798811027,0.0073350513930146265,0.28557035016611126,0.49536439469215104
252_T1_R1_vs_R2,natural_variability,1,252_to_LThigh_rz,252_to_LThigh,rz,0.024548765242243187,0.006022522854702018,-0.01852624238754117,0.28557035016611126,0.49536439469215104
252_T1_R1_vs_R2,natural_variability,1,252_to_RThigh_rx,252_to_RThigh,rx,0.05607865108526126,0.02185691093728935,-0.034221740147971906,0.28557035016611126,0.49536439469215104
252_T1_R1_vs_R2,natural_variability,1,252_to_RThigh_ry,252_to_RThigh,ry,0.013957857408984675,0.010275766552331452,-0.003682090856653223,0.28557035016611126,0.49536439469215104
252_T1_R1_vs_R2,natural_variability,1,252_to_RThigh_rz,252_to_RThigh,rz,0.018105664232713363,0.004524524496445723,-0.01358113973626764,0.28557035016611126,0.49536439469215104
252_T1_R1_vs_R2,natural_variability,1,Chest_to_LShoulder_rx,Chest_to_LShoulder,rx,0.03241273709797619,0.03039806814132941,-0.0020146689566467764,0.28557035016611126,0.49536439469215104
252_T1_R1_vs_R2,natural_variability,1,Chest_to_LShoulder_ry,Chest_to_LShoulder,ry,0.03676326085025597,0.04270716743643952,0.005943906586183552,0.28557035016611126,0.49536439469215104
252_T1_R1_vs_R2,natural_variability,1,Chest_to_LShoulder_rz,Chest_to_LShoulder,rz,0.10600136973276504,0.0932211852105791,-0.012780184522185947,0.28557035016611126,0.49536439469215104
252_T1_R1_vs_R2,natural_variability,1,Chest_to_Neck_rx,Chest_to_Neck,rx,0.005775705710035961,0.0043327526615240175,-0.0014429530485119439,0.28557035016611126,0.49536439469215104
252_T1_R1_vs_R2,natural_variability,1,Chest_to_Neck_ry,Chest_to_Neck,ry,0.024448321792195554,0.0029831923300066075,-0.021465129462188946,0.28557035016611126,0.49536439469215104
252_T1_R1_vs_R2,natural_variability,1,Chest_to_Neck_rz,Chest_to_Neck,rz,0.06506605535300028,0.07833981100850419,0.013273755655503913,0.28557035016611126,0.49536439469215104
252_T1_R1_vs_R2,natural_variability,1,Chest_to_RShoulder_rx,Chest_to_RShoulder,rx,0.04052276324325888,0.011456328675208648,-0.029066434568050234,0.28557035016611126,0.49536439469215104
252_T1_R1_vs_R2,natural_variability,1,Chest_to_RShoulder_ry,Chest_to_RShoulder,ry,0.06060222543768766,0.049243988260170096,-0.011358237177517563,0.28557035016611126,0.49536439469215104
252_T1_R1_vs_R2,natural_variability,1,Chest_to_RShoulder_rz,Chest_to_RShoulder,rz,0.11247143123252779,0.09990089781026096,-0.012570533422266827,0.28557035016611126,0.49536439469215104
252_T1_R1_vs_R2,natural_variability,1,LFArm_to_LHand_rx,LFArm_to_LHand,rx,0.003902158422713935,0.00870135117555749,0.004799192752843556,0.28557035016611126,0.49536439469215104
252_T1_R1_vs_R2,natural_variability,1,LFArm_to_LHand_ry,LFArm_to_LHand,ry,0.04369366458646923,0.04801491425526687,0.0043212496687976415,0.28557035016611126,0.49536439469215104
252_T1_R1_vs_R2,natural_variability,1,LFArm_to_LHand_rz,LFArm_to_LHand,rz,0.03828439969382994,0.07018152694306799,0.03189712724923805,0.28557035016611126,0.49536439469215104
252_T1_R1_vs_R2,natural_variability,1,LShin_to_LFoot_rx,LShin_to_LFoot,rx,0.023359840608414867,0.04534280600585569,0.021982965397440823,0.28557035016611126,0.49536439469215104
252_T1_R1_vs_R2,natural_variability,1,LShin_to_LFoot_ry,LShin_to_LFoot,ry,0.03390492509582862,0.048158552914838504,0.014253627819009886,0.28557035016611126,0.49536439469215104
252_T1_R1_vs_R2,natural_variability,1,LShin_to_LFoot_rz,LShin_to_LFoot,rz,0.010895664437180484,0.02237288799987364,0.011477223562693156,0.28557035016611126,0.49536439469215104
252_T1_R1_vs_R2,natural_variability,1,LShoulder_to_LUArm_rx,LShoulder_to_LUArm,rx,0.005075149169523626,0.026934973599494625,0.021859824429971,0.28557035016611126,0.49536439469215104
252_T1_R1_vs_R2,natural_variability,1,LShoulder_to_LUArm_ry,LShoulder_to_LUArm,ry,0.3701299715093958,0.3838805982051865,0.01375062669579069,0.28557035016611126,0.49536439469215104
252_T1_R1_vs_R2,natural_variability,1,LShoulder_to_LUArm_rz,LShoulder_to_LUArm,rz,0.05329244475851536,0.04797935406660089,-0.00531309069191447,0.28557035016611126,0.49536439469215104
252_T1_R1_vs_R2,natural_variability,1,LThigh_to_LShin_rx,LThigh_to_LShin,rx,0.08663070810626586,0.07503508838049834,-0.011595619725767517,0.28557035016611126,0.49536439469215104
252_T1_R1_vs_R2,natural_variability,1,LThigh_to_LShin_ry,LThigh_to_LShin,ry,2.374388218279852e-08,2.7701723613092522e-08,3.9578414302940015e-09,0.28557035016611126,0.49536439469215104
252_T1_R1_vs_R2,natural_variability,1,LThigh_to_LShin_rz,LThigh_to_LShin,rz,1.8330985837568741e-09,7.055576887024973e-09,5.222478303268099e-09,0.28557035016611126,0.49536439469215104
252_T1_R1_vs_R2,natural_variability,1,LUArm_to_LFArm_rx,LUArm_to_LFArm,rx,0.1991259340457744,0.16950496488289826,-0.029620969162876126,0.28557035016611126,0.49536439469215104
252_T1_R1_vs_R2,natural_variability,1,LUArm_to_LFArm_ry,LUArm_to_LFArm,ry,0.4761594519867017,0.40355920194767786,-0.07260025003902382,0.28557035016611126,0.49536439469215104
252_T1_R1_vs_R2,natural_variability,1,LUArm_to_LFArm_rz,LUArm_to_LFArm,rz,0.10628784975035482,0.08463915384572783,-0.021648695904626994,0.28557035016611126,0.49536439469215104
252_T1_R1_vs_R2,natural_variability,1,Neck_to_Head_rx,Neck_to_Head,rx,0.006086237951820767,0.004655719326464487,-0.0014305186253562793,0.28557035016611126,0.49536439469215104
252_T1_R1_vs_R2,natural_variability,1,Neck_to_Head_ry,Neck_to_Head,ry,0.011494581102671462,0.011885248380571907,0.00039066727790044477,0.28557035016611126,0.49536439469215104
252_T1_R1_vs_R2,natural_variability,1,Neck_to_Head_rz,Neck_to_Head,rz,0.06820273840621618,0.0770170637945535,0.008814325388337318,0.28557035016611126,0.49536439469215104
252_T1_R1_vs_R2,natural_variability,1,RFArm_to_RHand_rx,RFArm_to_RHand,rx,0.004476627109099965,0.010548403327047299,0.006071776217947334,0.28557035016611126,0.49536439469215104
252_T1_R1_vs_R2,natural_variability,1,RFArm_to_RHand_ry,RFArm_to_RHand,ry,0.039987616978738365,0.06258360165267082,0.022595984673932458,0.28557035016611126,0.49536439469215104
252_T1_R1_vs_R2,natural_variability,1,RFArm_to_RHand_rz,RFArm_to_RHand,rz,0.004410148387464283,0.04674683815674832,0.042336689769284036,0.28557035016611126,0.49536439469215104
252_T1_R1_vs_R2,natural_variability,1,RShin_to_RFoot_rx,RShin_to_RFoot,rx,0.03803340876711735,0.031112559468817764,-0.00692084929829959,0.28557035016611126,0.49536439469215104
252_T1_R1_vs_R2,natural_variability,1,RShin_to_RFoot_ry,RShin_to_RFoot,ry,0.04630024973522999,0.05663542797174955,0.010335178236519561,0.28557035016611126,0.49536439469215104
252_T1_R1_vs_R2,natural_variability,1,RShin_to_RFoot_rz,RShin_to_RFoot,rz,0.029079432957967,0.029620446191224403,0.0005410132332574029,0.28557035016611126,0.49536439469215104
252_T1_R1_vs_R2,natural_variability,1,RShoulder_to_RUArm_rx,RShoulder_to_RUArm,rx,0.07507361084002709,0.32609998232809273,0.2510263714880656,0.28557035016611126,0.49536439469215104
252_T1_R1_vs_R2,natural_variability,1,RShoulder_to_RUArm_ry,RShoulder_to_RUArm,ry,0.050659465196177145,0.06788882352063326,0.017229358324456115,0.28557035016611126,0.49536439469215104
252_T1_R1_vs_R2,natural_variability,1,RShoulder_to_RUArm_rz,RShoulder_to_RUArm,rz,0.16718769836646888,0.18488384627506393,0.017696147908595056,0.28557035016611126,0.49536439469215104
252_T1_R1_vs_R2,natural_variability,1,RThigh_to_RShin_rx,RThigh_to_RShin,rx,0.04052065378253492,0.0552067634790838,0.014686109696548877,0.28557035016611126,0.49536439469215104
252_T1_R1_vs_R2,natural_variability,1,RThigh_to_RShin_ry,RThigh_to_RShin,ry,3.217377305891648e-09,5.2990153143004654e-09,2.0816380084088175e-09,0.28557035016611126,0.49536439469215104
252_T1_R1_vs_R2,natural_variability,1,RThigh_to_RShin_rz,RThigh_to_RShin,rz,1.6384416983840928e-08,5.65277793233667e-09,-1.0731639051504257e-08,0.28557035016611126,0.49536439469215104
252_T1_R1_vs_R2,natural_variability,1,RUArm_to_RFArm_rx,RUArm_to_RFArm,rx,0.2245895725560076,0.3866188124105443,0.1620292398545367,0.28557035016611126,0.49536439469215104
252_T1_R1_vs_R2,natural_variability,1,RUArm_to_RFArm_ry,RUArm_to_RFArm,ry,0.5886575018828437,0.4738821103562317,-0.11477539152661204,0.28557035016611126,0.49536439469215104
252_T1_R1_vs_R2,natural_variability,1,RUArm_to_RFArm_rz,RUArm_to_RFArm,rz,0.2690772225242601,0.24922390808949085,-0.01985331443476923,0.28557035016611126,0.49536439469215104
252_T1_R1_vs_R2,natural_variability,2,252_to_LThigh_rx,252_to_LThigh,rx,0.08302285645320014,0.17172370222238606,0.08870084576918592,0.19711655725057695,0.25694783658973824
252_T1_R1_vs_R2,natural_variability,2,252_to_LThigh_ry,252_to_LThigh,ry,0.022273841483424883,0.12530468528997893,0.10303084380655404,0.19711655725057695,0.25694783658973824
252_T1_R1_vs_R2,natural_variability,2,252_to_LThigh_rz,252_to_LThigh,rz,0.06951043499862719,0.11848172118874749,0.0489712861901203,0.19711655725057695,0.25694783658973824
252_T1_R1_vs_R2,natural_variability,2,252_to_RThigh_rx,252_to_RThigh,rx,0.0884980421814344,0.09206816285533448,0.0035701206739000846,0.19711655725057695,0.25694783658973824
252_T1_R1_vs_R2,natural_variability,2,252_to_RThigh_ry,252_to_RThigh,ry,0.02669225963451883,0.11469898750626056,0.08800672787174174,0.19711655725057695,0.25694783658973824
252_T1_R1_vs_R2,natural_variability,2,252_to_RThigh_rz,252_to_RThigh,rz,0.06659862922177082,0.11209625154775922,0.045497622325988404,0.19711655725057695,0.25694783658973824
252_T1_R1_vs_R2,natural_variability,2,Chest_to_LShoulder_rx,Chest_to_LShoulder,rx,0.040064448532010424,0.014135740438731672,-0.025928708093278754,0.19711655725057695,0.25694783658973824
252_T1_R1_vs_R2,natural_variability,2,Chest_to_LShoulder_ry,Chest_to_LShoulder,ry,0.034156943116069496,0.03722911035478059,0.003072167238711093,0.19711655725057695,0.25694783658973824
252_T1_R1_vs_R2,natural_variability,2,Chest_to_LShoulder_rz,Chest_to_LShoulder,rz,0.013407592699566031,0.048754951199771863,0.03534735850020583,0.19711655725057695,0.25694783658973824
252_T1_R1_vs_R2,natural_variability,2,Chest_to_Neck_rx,Chest_to_Neck,rx,0.01689990862114631,0.0009841967813397948,-0.015915711839806515,0.19711655725057695,0.25694783658973824
252_T1_R1_vs_R2,natural_variability,2,Chest_to_Neck_ry,Chest_to_Neck,ry,0.023425973843880652,0.052273923624530934,0.02884794978065028,0.19711655725057695,0.25694783658973824
252_T1_R1_vs_R2,natural_variability,2,Chest_to_Neck_rz,Chest_to_Neck,rz,0.012152179026745967,0.002137428228323389,-0.010014750798422577,0.19711655725057695,0.25694783658973824
252_T1_R1_vs_R2,natural_variability,2,Chest_to_RShoulder_rx,Chest_to_RShoulder,rx,0.06113558693035543,0.0773039542716372,0.016168367341281777,0.19711655725057695,0.25694783658973824
252_T1_R1_vs_R2,natural_variability,2,Chest_to_RShoulder_ry,Chest_to_RShoulder,ry,0.03679975896188752,0.020949048560512593,-0.01585071040137493,0.19711655725057695,0.25694783658973824
252_T1_R1_vs_R2,natural_variability,2,Chest_to_RShoulder_rz,Chest_to_RShoulder,rz,0.039155067590569755,0.04802129122381791,0.008866223633248155,0.19711655725057695,0.25694783658973824
252_T1_R1_vs_R2,natural_variability,2,LFArm_to_LHand_rx,LFArm_to_LHand,rx,0.018965663533183193,0.01356528632200204,-0.005400377211181152,0.19711655725057695,0.25694783658973824
252_T1_R1_vs_R2,natural_variability,2,LFArm_to_LHand_ry,LFArm_to_LHand,ry,0.034072734530403666,0.00038016889272620704,-0.03369256563767746,0.19711655725057695,0.25694783658973824
252_T1_R1_vs_R2,natural_variability,2,LFArm_to_LHand_rz,LFArm_to_LHand,rz,0.10867379399001494,0.07836061556046989,-0.03031317842954505,0.19711655725057695,0.25694783658973824
252_T1_R1_vs_R2,natural_variability,2,LShin_to_LFoot_rx,LShin_to_LFoot,rx,0.009960291027569302,0.0049700131399820005,-0.004990277887587302,0.19711655725057695,0.25694783658973824
252_T1_R1_vs_R2,natural_variability,2,LShin_to_LFoot_ry,LShin_to_LFoot,ry,0.04387221018905663,0.055524575001922476,0.011652364812865842,0.19711655725057695,0.25694783658973824
252_T1_R1_vs_R2,natural_variability,2,LShin_to_LFoot_rz,LShin_to_LFoot,rz,0.008566637465591912,0.04302003568458179,0.03445339821898988,0.19711655725057695,0.25694783658973824
252_T1_R1_vs_R2,natural_variability,2,LShoulder_to_LUArm_rx,LShoulder_to_LUArm,rx,0.10752790568695338,0.08118768405286948,-0.026340221634083893,0.19711655725057695,0.25694783658973824
252_T1_R1_vs_R2,natural_variability,2,LShoulder_to_LUArm_ry,LShoulder_to_LUArm,ry,0.3378362044156567,0.014076585001239211,-0.3237596194144175,0.19711655725057695,0.25694783658973824
252_T1_R1_vs_R2,natural_variability,2,LShoulder_to_LUArm_rz,LShoulder_to_LUArm,rz,0.1110338894315215,0.002323755447916542,-0.10871013398360495,0.19711655725057695,0.25694783658973824
252_T1_R1_vs_R2,natural_variability,2,LThigh_to_LShin_rx,LThigh_to_LShin,rx,0.01399185954791459,0.09498537245273123,0.08099351290481664,0.19711655725057695,0.25694783658973824
252_T1_R1_vs_R2,natural_variability,2,LThigh_to_LShin_ry,LThigh_to_LShin,ry,1.7338814145923006e-08,3.47434154911446e-09,-1.3864472596808545e-08,0.19711655725057695,0.25694783658973824
252_T1_R1_vs_R2,natural_variability,2,LThigh_to_LShin_rz,LThigh_to_LShin,rz,6.102788805838571e-09,3.3160731800519538e-09,-2.786715625786617e-09,0.19711655725057695,0.25694783658973824
252_T1_R1_vs_R2,natural_variability,2,LUArm_to_LFArm_rx,LUArm_to_LFArm,rx,0.24554668436463023,0.036976401164938916,-0.20857028319969131,0.19711655725057695,0.25694783658973824
252_T1_R1_vs_R2,natural_variability,2,LUArm_to_LFArm_ry,LUArm_to_LFArm,ry,0.4557471019179924,0.45249235747452854,-0.003254744443463853,0.19711655725057695,0.25694783658973824
252_T1_R1_vs_R2,natural_variability,2,LUArm_to_LFArm_rz,LUArm_to_LFArm,rz,0.08426362411422426,0.00603852467306147,-0.0782250994411628,0.19711655725057695,0.25694783658973824
252_T1_R1_vs_R2,natural_variability,2,Neck_to_Head_rx,Neck_to_Head,rx,0.01679916277363105,0.0011385871719460446,-0.015660575601685007,0.19711655725057695,0.25694783658973824
252_T1_R1_vs_R2,natural_variability,2,Neck_to_Head_ry,Neck_to_Head,ry,0.02066657232404933,0.051369796774902624,0.030703224450853293,0.19711655725057695,0.25694783658973824
252_T1_R1_vs_R2,natural_variability,2,Neck_to_Head_rz,Neck_to_Head,rz,0.016271411397624166,0.008071562824773776,-0.00819984857285039,0.19711655725057695,0.25694783658973824
252_T1_R1_vs_R2,natural_variability,2,RFArm_to_RHand_rx,RFArm_to_RHand,rx,0.00498088312838424,0.014770493911961714,0.009789610783577474,0.19711655725057695,0.25694783658973824
252_T1_R1_vs_R2,natural_variability,2,RFArm_to_RHand_ry,RFArm_to_RHand,ry,0.03749527303324846,0.039677761325754256,0.0021824882925057937,0.19711655725057695,0.25694783658973824
252_T1_R1_vs_R2,natural_variability,2,RFArm_to_RHand_rz,RFArm_to_RHand,rz,0.09153748255681643,0.14735155139473613,0.0558140688379197,0.19711655725057695,0.25694783658973824
252_T1_R1_vs_R2,natural_variability,2,RShin_to_RFoot_rx,RShin_to_RFoot,rx,0.047265182324998,0.009255622482546673,-0.03800955984245132,0.19711655725057695,0.25694783658973824
252_T1_R1_vs_R2,natural_variability,2,RShin_to_RFoot_ry,RShin_to_RFoot,ry,0.03131407189113115,0.04987101487922294,0.018556942988091796,0.19711655725057695,0.25694783658973824
252_T1_R1_vs_R2,natural_variability,2,RShin_to_RFoot_rz,RShin_to_RFoot,rz,0.009646280459228468,0.024343890477228715,0.014697610018000247,0.19711655725057695,0.25694783658973824
252_T1_R1_vs_R2,natural_variability,2,RShoulder_to_RUArm_rx,RShoulder_to_RUArm,rx,0.4668783419705928,0.7417868285204965,0.2749084865499037,0.19711655725057695,0.25694783658973824
252_T1_R1_vs_R2,natural_variability,2,RShoulder_to_RUArm_ry,RShoulder_to_RUArm,ry,0.034787958302555565,0.052943363114448236,0.01815540481189267,0.19711655725057695,0.25694783658973824
252_T1_R1_vs_R2,natural_variability,2,RShoulder_to_RUArm_rz,RShoulder_to_RUArm,rz,0.18149987473820126,0.04526706860986987,-0.13623280612833139,0.19711655725057695,0.25694783658973824
252_T1_R1_vs_R2,natural_variability,2,RThigh_to_RShin_rx,RThigh_to_RShin,rx,0.02149497688322592,0.023883932429653972,0.0023889555464280537,0.19711655725057695,0.25694783658973824
252_T1_R1_vs_R2,natural_variability,2,RThigh_to_RShin_ry,RThigh_to_RShin,ry,5.006260528848671e-09,2.2683202802947735e-08,1.7676942274099062e-08,0.19711655725057695,0.25694783658973824
252_T1_R1_vs_R2,natural_variability,2,RThigh_to_RShin_rz,RThigh_to_RShin,rz,1.779477825748746e-08,4.415446814918512e-08,2.6359689891697656e-08,0.19711655725057695,0.25694783658973824
252_T1_R1_vs_R2,natural_variability,2,RUArm_to_RFArm_rx,RUArm_to_RFArm,rx,0.4133202703261591,0.1544314616694388,-0.25888880865672026,0.19711655725057695,0.25694783658973824
252_T1_R1_vs_R2,natural_variability,2,RUArm_to_RFArm_ry,RUArm_to_RFArm,ry,0.3073256887700476,0.18181946198109405,-0.12550622678895357,0.19711655725057695,0.25694783658973824
252_T1_R1_vs_R2,natural_variability,2,RUArm_to_RFArm_rz,RUArm_to_RFArm,rz,0.05941523365922365,0.12627547289203478,0.06686023923281112,0.19711655725057695,0.25694783658973824
252_T1_R1_vs_R2,natural_variability,3,252_to_LThigh_rx,252_to_LThigh,rx,0.08745670164831511,0.08352800609830352,-0.003928695550011588,0.13793433007294564,0.12019713149228319
252_T1_R1_vs_R2,natural_variability,3,252_to_LThigh_ry,252_to_LThigh,ry,0.0307891311348362,0.10164619020770674,0.07085705907287054,0.13793433007294564,0.12019713149228319
252_T1_R1_vs_R2,natural_variability,3,252_to_LThigh_rz,252_to_LThigh,rz,0.12205905569788938,0.07846643400906184,-0.04359262168882755,0.13793433007294564,0.12019713149228319
252_T1_R1_vs_R2,natural_variability,3,252_to_RThigh_rx,252_to_RThigh,rx,0.030288924226436077,0.16381998564407055,0.13353106141763446,0.13793433007294564,0.12019713149228319
252_T1_R1_vs_R2,natural_variability,3,252_to_RThigh_ry,252_to_RThigh,ry,0.002639648218874958,0.08342572754965179,0.08078607933077683,0.13793433007294564,0.12019713149228319
252_T1_R1_vs_R2,natural_variability,3,252_to_RThigh_rz,252_to_RThigh,rz,0.13346022341741906,0.09141282412600198,-0.042047399291417084,0.13793433007294564,0.12019713149228319
252_T1_R1_vs_R2,natural_variability,3,Chest_to_LShoulder_rx,Chest_to_LShoulder,rx,0.012175347633622623,0.024048128296946136,0.011872780663323514,0.13793433007294564,0.12019713149228319
252_T1_R1_vs_R2,natural_variability,3,Chest_to_LShoulder_ry,Chest_to_LShoulder,ry,0.004711618564439601,0.05542955661056944,0.05071793804612984,0.13793433007294564,0.12019713149228319
252_T1_R1_vs_R2,natural_variability,3,Chest_to_LShoulder_rz,Chest_to_LShoulder,rz,0.07201242519429273,0.013593040368846376,-0.05841938482544635,0.13793433007294564,0.12019713149228319
252_T1_R1_vs_R2,natural_variability,3,Chest_to_Neck_rx,Chest_to_Neck,rx,0.11686019121177056,0.012340704869200608,-0.10451948634256995,0.13793433007294564,0.12019713149228319
252_T1_R1_vs_R2,natural_variability,3,Chest_to_Neck_ry,Chest_to_Neck,ry,0.08107945500636769,0.011156200582747484,-0.06992325442362021,0.13793433007294564,0.12019713149228319
252_T1_R1_vs_R2,natural_variability,3,Chest_to_Neck_rz,Chest_to_Neck,rz,0.006772762575365197,0.025606247093621387,0.01883348451825619,0.13793433007294564,0.12019713149228319
252_T1_R1_vs_R2,natural_variability,3,Chest_to_RShoulder_rx,Chest_to_RShoulder,rx,0.010874883064880313,0.040433861684256354,0.029558978619376043,0.13793433007294564,0.12019713149228319
252_T1_R1_vs_R2,natural_variability,3,Chest_to_RShoulder_ry,Chest_to_RShoulder,ry,0.012639745590689429,0.05362830419381394,0.04098855860312451,0.13793433007294564,0.12019713149228319
252_T1_R1_vs_R2,natural_variability,3,Chest_to_RShoulder_rz,Chest_to_RShoulder,rz,0.07367852170708732,0.025472766850163767,-0.04820575485692355,0.13793433007294564,0.12019713149228319
252_T1_R1_vs_R2,natural_variability,3,LFArm_to_LHand_rx,LFArm_to_LHand,rx,0.011652145354265784,0.009922710701212605,-0.0017294346530531794,0.13793433007294564,0.12019713149228319
252_T1_R1_vs_R2,natural_variability,3,LFArm_to_LHand_ry,LFArm_to_LHand,ry,0.0004092092671701187,0.015367903696581815,0.014958694429411697,0.13793433007294564,0.12019713149228319
252_T1_R1_vs_R2,natural_variability,3,LFArm_to_LHand_rz,LFArm_to_LHand,rz,0.013171022653601563,0.06578273842227711,0.05261171576867554,0.13793433007294564,0.12019713149228319
252_T1_R1_vs_R2,natural_variability,3,LShin_to_LFoot_rx,LShin_to_LFoot,rx,0.004921351304408278,0.050018775706765405,0.045097424402357124,0.13793433007294564,0.12019713149228319
252_T1_R1_vs_R2,natural_variability,3,LShin_to_LFoot_ry,LShin_to_LFoot,ry,0.010870664847270334,0.0600290348169095,0.04915836996963917,0.13793433007294564,0.12019713149228319
252_T1_R1_vs_R2,natural_variability,3,LShin_to_LFoot_rz,LShin_to_LFoot,rz,0.019525787123339418,0.02330949745382877,0.003783710330489354,0.13793433007294564,0.12019713149228319
252_T1_R1_vs_R2,natural_variability,3,LShoulder_to_LUArm_rx,LShoulder_to_LUArm,rx,0.0265977915880096,0.10678376111386631,0.08018596952585672,0.13793433007294564,0.12019713149228319
252_T1_R1_vs_R2,natural_variability,3,LShoulder_to_LUArm_ry,LShoulder_to_LUArm,ry,0.1763587297135962,0.2801569793919416,0.10379824967834542,0.13793433007294564,0.12019713149228319
252_T1_R1_vs_R2,natural_variability,3,LShoulder_to_LUArm_rz,LShoulder_to_LUArm,rz,0.01482474329986881,0.09335528071630994,0.07853053741644113,0.13793433007294564,0.12019713149228319
252_T1_R1_vs_R2,natural_variability,3,LThigh_to_LShin_rx,LThigh_to_LShin,rx,0.010807089050860941,0.05579644870972184,0.0449893596588609,0.13793433007294564,0.12019713149228319
252_T1_R1_vs_R2,natural_variability,3,LThigh_to_LShin_ry,LThigh_to_LShin,ry,3.0405617414521376e-08,7.465137836432773e-09,-2.29404795780886e-08,0.13793433007294564,0.12019713149228319
252_T1_R1_vs_R2,natural_variability,3,LThigh_to_LShin_rz,LThigh_to_LShin,rz,3.312448570755341e-08,2.5986238711649585e-09,-3.0525861836388447e-08,0.13793433007294564,0.12019713149228319
252_T1_R1_vs_R2,natural_variability,3,LUArm_to_LFArm_rx,LUArm_to_LFArm,rx,0.3150363217589854,0.41906062336901595,0.10402430161003057,0.13793433007294564,0.12019713149228319
252_T1_R1_vs_R2,natural_variability,3,LUArm_to_LFArm_ry,LUArm_to_LFArm,ry,0.5144559188532357,0.33631894985622995,-0.17813696899700576,0.13793433007294564,0.12019713149228319
252_T1_R1_vs_R2,natural_variability,3,LUArm_to_LFArm_rz,LUArm_to_LFArm,rz,0.22377864211510848,0.20996654045713267,-0.013812101657975806,0.13793433007294564,0.12019713149228319
252_T1_R1_vs_R2,natural_variability,3,Neck_to_Head_rx,Neck_to_Head,rx,0.1167151848686258,0.01258894490617189,-0.1041262399624539,0.13793433007294564,0.12019713149228319
252_T1_R1_vs_R2,natural_variability,3,Neck_to_Head_ry,Neck_to_Head,ry,0.07816658871513474,0.015526103791401041,-0.0626404849237337,0.13793433007294564,0.12019713149228319
252_T1_R1_vs_R2,natural_variability,3,Neck_to_Head_rz,Neck_to_Head,rz,0.022197567641140677,0.022847256849329034,0.0006496892081883573,0.13793433007294564,0.12019713149228319
252_T1_R1_vs_R2,natural_variability,3,RFArm_to_RHand_rx,RFArm_to_RHand,rx,0.007021373864458438,0.0010918239195181608,-0.005929549944940277,0.13793433007294564,0.12019713149228319
252_T1_R1_vs_R2,natural_variability,3,RFArm_to_RHand_ry,RFArm_to_RHand,ry,0.0402893492741981,0.0262829119170952,-0.014006437357102896,0.13793433007294564,0.12019713149228319
252_T1_R1_vs_R2,natural_variability,3,RFArm_to_RHand_rz,RFArm_to_RHand,rz,0.08143183051786855,0.03589764326416034,-0.04553418725370821,0.13793433007294564,0.12019713149228319
252_T1_R1_vs_R2,natural_variability,3,RShin_to_RFoot_rx,RShin_to_RFoot,rx,0.04334384821341217,0.05301763197175035,0.009673783758338182,0.13793433007294564,0.12019713149228319
252_T1_R1_vs_R2,natural_variability,3,RShin_to_RFoot_ry,RShin_to_RFoot,ry,0.02452253687078571,0.07111734183841921,0.046594804967633505,0.13793433007294564,0.12019713149228319
252_T1_R1_vs_R2,natural_variability,3,RShin_to_RFoot_rz,RShin_to_RFoot,rz,0.053672859574897154,0.04682590786692841,-0.006846951707968743,0.13793433007294564,0.12019713149228319
252_T1_R1_vs_R2,natural_variability,3,RShoulder_to_RUArm_rx,RShoulder_to_RUArm,rx,0.18233205108040892,0.09848714282923725,-0.08384490825117168,0.13793433007294564,0.12019713149228319
252_T1_R1_vs_R2,natural_variability,3,RShoulder_to_RUArm_ry,RShoulder_to_RUArm,ry,0.3878560121437522,0.20082154641717373,-0.18703446572657847,0.13793433007294564,0.12019713149228319
252_T1_R1_vs_R2,natural_variability,3,RShoulder_to_RUArm_rz,RShoulder_to_RUArm,rz,0.14406291548692146,0.16951653984555354,0.025453624358632077,0.13793433007294564,0.12019713149228319
252_T1_R1_vs_R2,natural_variability,3,RThigh_to_RShin_rx,RThigh_to_RShin,rx,0.09793739960041886,0.018270052662674872,-0.079667346937744,0.13793433007294564,0.12019713149228319
252_T1_R1_vs_R2,natural_variability,3,RThigh_to_RShin_ry,RThigh_to_RShin,ry,4.703369970223222e-08,2.762543008738526e-08,-1.9408269614846956e-08,0.13793433007294564,0.12019713149228319
252_T1_R1_vs_R2,natural_variability,3,RThigh_to_RShin_rz,RThigh_to_RShin,rz,2.8603289635769498e-08,2.3578871321068756e-09,-2.6245402503662622e-08,0.13793433007294564,0.12019713149228319
252_T1_R1_vs_R2,natural_variability,3,RUArm_to_RFArm_rx,RUArm_to_RFArm,rx,0.23139020681150274,0.4604014332006431,0.22901122638914034,0.13793433007294564,0.12019713149228319
252_T1_R1_vs_R2,natural_variability,3,RUArm_to_RFArm_ry,RUArm_to_RFArm,ry,0.39174333722970656,0.4143062248541012,0.022562887624394623,0.13793433007294564,0.12019713149228319
252_T1_R1_vs_R2,natural_variability,3,RUArm_to_RFArm_rz,RUArm_to_RFArm,rz,0.15666491236449884,0.054167179965278464,-0.10249773239922037,0.13793433007294564,0.12019713149228319
252_T1_R1_vs_R2,natural_variability,4,252_to_LThigh_rx,252_to_LThigh,rx,0.14562086103555658,0.2772959049064078,0.13167504387085124,0.09316838008941608,0.06086559779189186
252_T1_R1_vs_R2,natural_variability,4,252_to_LThigh_ry,252_to_LThigh,ry,0.16652568554988667,0.040143591792966414,-0.12638209375692025,0.09316838008941608,0.06086559779189186
252_T1_R1_vs_R2,natural_variability,4,252_to_LThigh_rz,252_to_LThigh,rz,0.25603928229165124,0.07502225580098949,-0.18101702649066176,0.09316838008941608,0.06086559779189186
252_T1_R1_vs_R2,natural_variability,4,252_to_RThigh_rx,252_to_RThigh,rx,0.04526380371705159,0.22627524212032593,0.18101143840327433,0.09316838008941608,0.06086559779189186
252_T1_R1_vs_R2,natural_variability,4,252_to_RThigh_ry,252_to_RThigh,ry,0.12308306459331711,0.015894439853721708,-0.1071886247395954,0.09316838008941608,0.06086559779189186
252_T1_R1_vs_R2,natural_variability,4,252_to_RThigh_rz,252_to_RThigh,rz,0.2693896837464121,0.07473172956433595,-0.19465795418207615,0.09316838008941608,0.06086559779189186
252_T1_R1_vs_R2,natural_variability,4,Chest_to_LShoulder_rx,Chest_to_LShoulder,rx,0.025619781168997883,0.015229641731379119,-0.010390139437618764,0.09316838008941608,0.06086559779189186
252_T1_R1_vs_R2,natural_variability,4,Chest_to_LShoulder_ry,Chest_to_LShoulder,ry,0.012401219090659771,0.00791595619194425,-0.004485262898715521,0.09316838008941608,0.06086559779189186
252_T1_R1_vs_R2,natural_variability,4,Chest_to_LShoulder_rz,Chest_to_LShoulder,rz,0.05841226164522166,0.03174968851226302,-0.02666257313295864,0.09316838008941608,0.06086559779189186
252_T1_R1_vs_R2,natural_variability,4,Chest_to_Neck_rx,Chest_to_Neck,rx,0.05083021622109361,0.07695982531545988,0.026129609094366263,0.09316838008941608,0.06086559779189186
252_T1_R1_vs_R2,natural_variability,4,Chest_to_Neck_ry,Chest_to_Neck,ry,0.02533701564753875,0.031957334323691314,0.0066203186761525645,0.09316838008941608,0.06086559779189186
252_T1_R1_vs_R2,natural_variability,4,Chest_to_Neck_rz,Chest_to_Neck,rz,0.0867274725359869,0.027360168174677152,-0.05936730436130974,0.09316838008941608,0.06086559779189186
252_T1_R1_vs_R2,natural_variability,4,Chest_to_RShoulder_rx,Chest_to_RShoulder,rx,0.027224202828045573,0.0028227902356082646,-0.02440141259243731,0.09316838008941608,0.06086559779189186
252_T1_R1_vs_R2,natural_variability,4,Chest_to_RShoulder_ry,Chest_to_RShoulder,ry,0.03367409194925575,0.007059460441046921,-0.026614631508208825,0.09316838008941608,0.06086559779189186
252_T1_R1_vs_R2,natural_variability,4,Chest_to_RShoulder_rz,Chest_to_RShoulder,rz,0.04029908955251884,0.11730280645907877,0.07700371690655994,0.09316838008941608,0.06086559779189186
252_T1_R1_vs_R2,natural_variability,4,LFArm_to_LHand_rx,LFArm_to_LHand,rx,0.021161312755087976,0.0009492452022040486,-0.020212067552883926,0.09316838008941608,0.06086559779189186
252_T1_R1_vs_R2,natural_variability,4,LFArm_to_LHand_ry,LFArm_to_LHand,ry,0.07412727352940209,0.014714787996042275,-0.05941248553335981,0.09316838008941608,0.06086559779189186
252_T1_R1_vs_R2,natural_variability,4,LFArm_to_LHand_rz,LFArm_to_LHand,rz,0.0923618065027342,0.07108292723158817,-0.021278879271146037,0.09316838008941608,0.06086559779189186
252_T1_R1_vs_R2,natural_variability,4,LShin_to_LFoot_rx,LShin_to_LFoot,rx,0.041684739207934036,0.08423862158925503,0.042553882381321,0.09316838008941608,0.06086559779189186
252_T1_R1_vs_R2,natural_variability,4,LShin_to_LFoot_ry,LShin_to_LFoot,ry,0.03208951775087221,0.013518025722772053,-0.018571492028100156,0.09316838008941608,0.06086559779189186
252_T1_R1_vs_R2,natural_variability,4,LShin_to_LFoot_rz,LShin_to_LFoot,rz,0.048604295935171134,0.022038030948965198,-0.026566264986205936,0.09316838008941608,0.06086559779189186
252_T1_R1_vs_R2,natural_variability,4,LShoulder_to_LUArm_rx,LShoulder_to_LUArm,rx,0.1397776960313209,0.07289890731556684,-0.06687878871575406,0.09316838008941608,0.06086559779189186
252_T1_R1_vs_R2,natural_variability,4,LShoulder_to_LUArm_ry,LShoulder_to_LUArm,ry,0.2123277867552168,0.3421021445793606,0.12977435782414382,0.09316838008941608,0.06086559779189186
252_T1_R1_vs_R2,natural_variability,4,LShoulder_to_LUArm_rz,LShoulder_to_LUArm,rz,0.06484997540697081,0.026177335423422154,-0.038672639983548654,0.09316838008941608,0.06086559779189186
252_T1_R1_vs_R2,natural_variability,4,LThigh_to_LShin_rx,LThigh_to_LShin,rx,0.18509833346861465,0.007739049113062979,-0.17735928435555168,0.09316838008941608,0.06086559779189186
252_T1_R1_vs_R2,natural_variability,4,LThigh_to_LShin_ry,LThigh_to_LShin,ry,2.7885604550016846e-08,5.1992823485998555e-08,2.410721893598171e-08,0.09316838008941608,0.06086559779189186
252_T1_R1_vs_R2,natural_variability,4,LThigh_to_LShin_rz,LThigh_to_LShin,rz,9.008020983099592e-09,5.805637345099231e-08,4.904835246789271e-08,0.09316838008941608,0.06086559779189186
252_T1_R1_vs_R2,natural_variability,4,LUArm_to_LFArm_rx,LUArm_to_LFArm,rx,0.34730325812774665,0.31380509699377734,-0.033498161133969306,0.09316838008941608,0.06086559779189186
252_T1_R1_vs_R2,natural_variability,4,LUArm_to_LFArm_ry,LUArm_to_LFArm,ry,0.2644700829005523,0.32759619993860967,0.06312611703805737,0.09316838008941608,0.06086559779189186
252_T1_R1_vs_R2,natural_variability,4,LUArm_to_LFArm_rz,LUArm_to_LFArm,rz,0.3140680404616751,0.23321611788442342,-0.08085192257725166,0.09316838008941608,0.06086559779189186
252_T1_R1_vs_R2,natural_variability,4,Neck_to_Head_rx,Neck_to_Head,rx,0.050870003643318756,0.0766751449630317,0.02580514131971294,0.09316838008941608,0.06086559779189186
252_T1_R1_vs_R2,natural_variability,4,Neck_to_Head_ry,Neck_to_Head,ry,0.040734077207391736,0.02647247006210565,-0.014261607145286088,0.09316838008941608,0.06086559779189186
252_T1_R1_vs_R2,natural_variability,4,Neck_to_Head_rz,Neck_to_Head,rz,0.07962569510718298,0.03302212494136534,-0.04660357016581764,0.09316838008941608,0.06086559779189186
252_T1_R1_vs_R2,natural_variability,4,RFArm_to_RHand_rx,RFArm_to_RHand,rx,0.01333229766036796,0.002767811368190249,-0.01056448629217771,0.09316838008941608,0.06086559779189186
252_T1_R1_vs_R2,natural_variability,4,RFArm_to_RHand_ry,RFArm_to_RHand,ry,0.04827812249586958,0.002380982570718722,-0.04589713992515086,0.09316838008941608,0.06086559779189186
252_T1_R1_vs_R2,natural_variability,4,RFArm_to_RHand_rz,RFArm_to_RHand,rz,0.09401129834785214,0.057355455511350954,-0.03665584283650119,0.09316838008941608,0.06086559779189186
252_T1_R1_vs_R2,natural_variability,4,RShin_to_RFoot_rx,RShin_to_RFoot,rx,0.037610537730982024,0.0747996476459639,0.03718910991498188,0.09316838008941608,0.06086559779189186
252_T1_R1_vs_R2,natural_variability,4,RShin_to_RFoot_ry,RShin_to_RFoot,ry,0.06788947564170644,0.0356807280268986,-0.03220874761480784,0.09316838008941608,0.06086559779189186
252_T1_R1_vs_R2,natural_variability,4,RShin_to_RFoot_rz,RShin_to_RFoot,rz,0.08636851403512262,0.03311560619121271,-0.05325290784390991,0.09316838008941608,0.06086559779189186
252_T1_R1_vs_R2,natural_variability,4,RShoulder_to_RUArm_rx,RShoulder_to_RUArm,rx,0.44419171698912746,0.13239084348513822,-0.3118008735039892,0.09316838008941608,0.06086559779189186
252_T1_R1_vs_R2,natural_variability,4,RShoulder_to_RUArm_ry,RShoulder_to_RUArm,ry,0.2298992534276633,0.3006279048106336,0.07072865138297033,0.09316838008941608,0.06086559779189186
252_T1_R1_vs_R2,natural_variability,4,RShoulder_to_RUArm_rz,RShoulder_to_RUArm,rz,0.01964710702551527,0.11796811565046678,0.09832100862495151,0.09316838008941608,0.06086559779189186
252_T1_R1_vs_R2,natural_variability,4,RThigh_to_RShin_rx,RThigh_to_RShin,rx,0.11501238880419962,0.07771603810447991,-0.037296350699719705,0.09316838008941608,0.06086559779189186
252_T1_R1_vs_R2,natural_variability,4,RThigh_to_RShin_ry,RThigh_to_RShin,ry,2.5150164066588846e-08,2.6859634785548754e-08,1.7094707189599078e-09,0.09316838008941608,0.06086559779189186
252_T1_R1_vs_R2,natural_variability,4,RThigh_to_RShin_rz,RThigh_to_RShin,rz,2.5915252611013315e-09,8.688147170081515e-08,8.428994643971382e-08,0.09316838008941608,0.06086559779189186
252_T1_R1_vs_R2,natural_variability,4,RUArm_to_RFArm_rx,RUArm_to_RFArm,rx,0.04870287774453874,0.06416367324909175,0.01546079550455301,0.09316838008941608,0.06086559779189186
252_T1_R1_vs_R2,natural_variability,4,RUArm_to_RFArm_ry,RUArm_to_RFArm,ry,0.2471491011366396,0.51996832961299,0.27281922847635043,0.09316838008941608,0.06086559779189186
252_T1_R1_vs_R2,natural_variability,4,RUArm_to_RFArm_rz,RUArm_to_RFArm,rz,0.052258471153973717,0.1357298351862246,0.08347136403225089,0.09316838008941608,0.06086559779189186
252_T1_R1_vs_R2,natural_variability,5,252_to_LThigh_rx,252_to_LThigh,rx,0.2752172931512454,0.3153024594031435,0.04008516625189812,0.06345671619165316,0.04287007127285109
252_T1_R1_vs_R2,natural_variability,5,252_to_LThigh_ry,252_to_LThigh,ry,0.053527806900177256,0.006575237054394545,-0.046952569845782714,0.06345671619165316,0.04287007127285109
252_T1_R1_vs_R2,natural_variability,5,252_to_LThigh_rz,252_to_LThigh,rz,0.05065945006445189,0.05211048851921095,0.0014510384547590585,0.06345671619165316,0.04287007127285109
252_T1_R1_vs_R2,natural_variability,5,252_to_RThigh_rx,252_to_RThigh,rx,0.291788940180555,0.2601519017638453,-0.03163703841670973,0.06345671619165316,0.04287007127285109
252_T1_R1_vs_R2,natural_variability,5,252_to_RThigh_ry,252_to_RThigh,ry,0.05708596143447716,0.0007385177207686138,-0.05634744371370855,0.06345671619165316,0.04287007127285109
252_T1_R1_vs_R2,natural_variability,5,252_to_RThigh_rz,252_to_RThigh,rz,0.06794390900079508,0.0627871972460277,-0.005156711754767382,0.06345671619165316,0.04287007127285109
252_T1_R1_vs_R2,natural_variability,5,Chest_to_LShoulder_rx,Chest_to_LShoulder,rx,0.029094541748519463,0.07837961509749614,0.04928507334897667,0.06345671619165316,0.04287007127285109
252_T1_R1_vs_R2,natural_variability,5,Chest_to_LShoulder_ry,Chest_to_LShoulder,ry,0.03823237174905327,0.05083217733867726,0.012599805589623987,0.06345671619165316,0.04287007127285109
252_T1_R1_vs_R2,natural_variability,5,Chest_to_LShoulder_rz,Chest_to_LShoulder,rz,0.0058662857132206975,0.1364654998624609,0.1305992141492402,0.06345671619165316,0.04287007127285109
252_T1_R1_vs_R2,natural_variability,5,Chest_to_Neck_rx,Chest_to_Neck,rx,0.015251780172612348,0.17348064300767818,0.15822886283506582,0.06345671619165316,0.04287007127285109
252_T1_R1_vs_R2,natural_variability,5,Chest_to_Neck_ry,Chest_to_Neck,ry,0.07751745043164956,0.05280705925807084,-0.024710391173578726,0.06345671619165316,0.04287007127285109
252_T1_R1_vs_R2,natural_variability,5,Chest_to_Neck_rz,Chest_to_Neck,rz,0.08065735736078068,0.06097395949990362,-0.019683397860877062,0.06345671619165316,0.04287007127285109
252_T1_R1_vs_R2,natural_variability,5,Chest_to_RShoulder_rx,Chest_to_RShoulder,rx,0.031880559655987954,0.026532421101275218,-0.005348138554712736,0.06345671619165316,0.04287007127285109
252_T1_R1_vs_R2,natural_variability,5,Chest_to_RShoulder_ry,Chest_to_RShoulder,ry,0.0038278199411895457,0.02081690746786703,0.016989087526677483,0.06345671619165316,0.04287007127285109
252_T1_R1_vs_R2,natural_variability,5,Chest_to_RShoulder_rz,Chest_to_RShoulder,rz,0.0758054379886953,0.07913210629670418,0.003326668308008887,0.06345671619165316,0.04287007127285109
252_T1_R1_vs_R2,natural_variability,5,LFArm_to_LHand_rx,LFArm_to_LHand,rx,0.03374523788667072,0.009937825380104693,-0.023807412506566025,0.06345671619165316,0.04287007127285109
252_T1_R1_vs_R2,natural_variability,5,LFArm_to_LHand_ry,LFArm_to_LHand,ry,0.07023013256077533,0.050367666630836985,-0.019862465929938344,0.06345671619165316,0.04287007127285109
252_T1_R1_vs_R2,natural_variability,5,LFArm_to_LHand_rz,LFArm_to_LHand,rz,0.23370902495488438,0.008412056863973172,-0.2252969680909112,0.06345671619165316,0.04287007127285109
252_T1_R1_vs_R2,natural_variability,5,LShin_to_LFoot_rx,LShin_to_LFoot,rx,0.12093706738957219,0.11234194519822606,-0.00859512219134613,0.06345671619165316,0.04287007127285109
252_T1_R1_vs_R2,natural_variability,5,LShin_to_LFoot_ry,LShin_to_LFoot,ry,0.07623449530205101,0.005079149659417095,-0.07115534564263391,0.06345671619165316,0.04287007127285109
252_T1_R1_vs_R2,natural_variability,5,LShin_to_LFoot_rz,LShin_to_LFoot,rz,0.024281949831116176,0.014935676468206985,-0.009346273362909191,0.06345671619165316,0.04287007127285109
252_T1_R1_vs_R2,natural_variability,5,LShoulder_to_LUArm_rx,LShoulder_to_LUArm,rx,0.14273521015556512,0.2425347665963272,0.09979955644076208,0.06345671619165316,0.04287007127285109
252_T1_R1_vs_R2,natural_variability,5,LShoulder_to_LUArm_ry,LShoulder_to_LUArm,ry,0.5400115615515388,0.0020747494142232346,-0.5379368121373156,0.06345671619165316,0.04287007127285109
252_T1_R1_vs_R2,natural_variability,5,LShoulder_to_LUArm_rz,LShoulder_to_LUArm,rz,0.09322981132943954,0.057078963056618026,-0.036150848272821515,0.06345671619165316,0.04287007127285109
252_T1_R1_vs_R2,natural_variability,5,LThigh_to_LShin_rx,LThigh_to_LShin,rx,0.05101722055479429,0.03383024009838396,-0.01718698045641033,0.06345671619165316,0.04287007127285109
252_T1_R1_vs_R2,natural_variability,5,LThigh_to_LShin_ry,LThigh_to_LShin,ry,5.742513867982204e-08,6.230558609047222e-09,-5.119458007077482e-08,0.06345671619165316,0.04287007127285109
252_T1_R1_vs_R2,natural_variability,5,LThigh_to_LShin_rz,LThigh_to_LShin,rz,4.277354266428106e-08,4.367013539401453e-08,8.965927297334692e-10,0.06345671619165316,0.04287007127285109
252_T1_R1_vs_R2,natural_variability,5,LUArm_to_LFArm_rx,LUArm_to_LFArm,rx,0.1263265958664662,0.09088959518643153,-0.035437000680034664,0.06345671619165316,0.04287007127285109
252_T1_R1_vs_R2,natural_variability,5,LUArm_to_LFArm_ry,LUArm_to_LFArm,ry,0.24719032074669678,0.4176077837700575,0.1704174630233607,0.06345671619165316,0.04287007127285109
252_T1_R1_vs_R2,natural_variability,5,LUArm_to_LFArm_rz,LUArm_to_LFArm,rz,0.014518271151278806,0.19516845258331786,0.18065018143203906,0.06345671619165316,0.04287007127285109
252_T1_R1_vs_R2,natural_variability,5,Neck_to_Head_rx,Neck_to_Head,rx,0.015288819982591422,0.1740438617667696,0.15875504178417815,0.06345671619165316,0.04287007127285109
252_T1_R1_vs_R2,natural_variability,5,Neck_to_Head_ry,Neck_to_Head,ry,0.09046631106404579,0.04022527079213307,-0.05024104027191272,0.06345671619165316,0.04287007127285109
252_T1_R1_vs_R2,natural_variability,5,Neck_to_Head_rz,Neck_to_Head,rz,0.06390484180710378,0.06902949886190596,0.005124657054802181,0.06345671619165316,0.04287007127285109
252_T1_R1_vs_R2,natural_variability,5,RFArm_to_RHand_rx,RFArm_to_RHand,rx,0.01484430227052812,0.01506366707137891,0.0002193648008507916,0.06345671619165316,0.04287007127285109
252_T1_R1_vs_R2,natural_variability,5,RFArm_to_RHand_ry,RFArm_to_RHand,ry,0.04809401595588471,0.0836527599155486,0.035558743959663894,0.06345671619165316,0.04287007127285109
252_T1_R1_vs_R2,natural_variability,5,RFArm_to_RHand_rz,RFArm_to_RHand,rz,0.04706446001609399,0.018757155357452985,-0.028307304658641005,0.06345671619165316,0.04287007127285109
252_T1_R1_vs_R2,natural_variability,5,RShin_to_RFoot_rx,RShin_to_RFoot,rx,0.006498599237187493,0.1063127094854192,0.0998141102482317,0.06345671619165316,0.04287007127285109
252_T1_R1_vs_R2,natural_variability,5,RShin_to_RFoot_ry,RShin_to_RFoot,ry,0.05499883163917633,0.0004952027090206998,-0.05450362893015563,0.06345671619165316,0.04287007127285109
252_T1_R1_vs_R2,natural_variability,5,RShin_to_RFoot_rz,RShin_to_RFoot,rz,0.015066231263601586,0.024424949087573616,0.00935871782397203,0.06345671619165316,0.04287007127285109
252_T1_R1_vs_R2,natural_variability,5,RShoulder_to_RUArm_rx,RShoulder_to_RUArm,rx,0.2770163673534001,0.38147578933394743,0.10445942198054736,0.06345671619165316,0.04287007127285109
252_T1_R1_vs_R2,natural_variability,5,RShoulder_to_RUArm_ry,RShoulder_to_RUArm,ry,0.019069645596295,0.16217818332176195,0.14310853772546694,0.06345671619165316,0.04287007127285109
252_T1_R1_vs_R2,natural_variability,5,RShoulder_to_RUArm_rz,RShoulder_to_RUArm,rz,0.06378484123637831,0.12009790710904149,0.05631306587266317,0.06345671619165316,0.04287007127285109
252_T1_R1_vs_R2,natural_variability,5,RThigh_to_RShin_rx,RThigh_to_RShin,rx,0.07134850798406585,0.0677081967439025,-0.0036403112401633547,0.06345671619165316,0.04287007127285109
252_T1_R1_vs_R2,natural_variability,5,RThigh_to_RShin_ry,RThigh_to_RShin,ry,3.6123724458526107e-10,6.532981706334045e-08,6.496857981875519e-08,0.06345671619165316,0.04287007127285109
252_T1_R1_vs_R2,natural_variability,5,RThigh_to_RShin_rz,RThigh_to_RShin,rz,1.1435925423670113e-07,6.041275530292189e-08,-5.394649893377924e-08,0.06345671619165316,0.04287007127285109
252_T1_R1_vs_R2,natural_variability,5,RUArm_to_RFArm_rx,RUArm_to_RFArm,rx,0.35942798079534155,0.38202108002689505,0.022593099231553504,0.06345671619165316,0.04287007127285109
252_T1_R1_vs_R2,natural_variability,5,RUArm_to_RFArm_ry,RUArm_to_RFArm,ry,0.2794557593550449,0.13176483574053527,-0.14769092361450964,0.06345671619165316,0.04287007127285109
252_T1_R1_vs_R2,natural_variability,5,RUArm_to_RFArm_rz,RUArm_to_RFArm,rz,0.08706803802084329,0.2121628488918033,0.12509481087096003,0.06345671619165316,0.04287007127285109
252_T1_R1_vs_R2,natural_variability,6,252_to_LThigh_rx,252_to_LThigh,rx,0.31264548923302743,0.08391752443542079,-0.22872796479760665,0.050106450048396305,0.0237549681610846
252_T1_R1_vs_R2,natural_variability,6,252_to_LThigh_ry,252_to_LThigh,ry,0.02840183599028151,0.07053562914536905,0.04213379315508754,0.050106450048396305,0.0237549681610846
252_T1_R1_vs_R2,natural_variability,6,252_to_LThigh_rz,252_to_LThigh,rz,0.011266170486054078,0.24496359708841067,0.2336974266023566,0.050106450048396305,0.0237549681610846
252_T1_R1_vs_R2,natural_variability,6,252_to_RThigh_rx,252_to_RThigh,rx,0.2485690963889944,0.07873737787667752,-0.16983171851231688,0.050106450048396305,0.0237549681610846
252_T1_R1_vs_R2,natural_variability,6,252_to_RThigh_ry,252_to_RThigh,ry,0.04357570353567345,0.027329036109972477,-0.016246667425700974,0.050106450048396305,0.0237549681610846
252_T1_R1_vs_R2,natural_variability,6,252_to_RThigh_rz,252_to_RThigh,rz,0.015582348304047117,0.2636956596054732,0.24811331130142608,0.050106450048396305,0.0237549681610846
252_T1_R1_vs_R2,natural_variability,6,Chest_to_LShoulder_rx,Chest_to_LShoulder,rx,0.061407268802883615,0.0004718386686024949,-0.06093543013428112,0.050106450048396305,0.0237549681610846
252_T1_R1_vs_R2,natural_variability,6,Chest_to_LShoulder_ry,Chest_to_LShoulder,ry,0.08519479094414273,0.04985151130771596,-0.03534327963642677,0.050106450048396305,0.0237549681610846
252_T1_R1_vs_R2,natural_variability,6,Chest_to_LShoulder_rz,Chest_to_LShoulder,rz,0.11255845042339152,0.04283424951500996,-0.06972420090838155,0.050106450048396305,0.0237549681610846
252_T1_R1_vs_R2,natural_variability,6,Chest_to_Neck_rx,Chest_to_Neck,rx,0.14859999174633756,0.05179934949291748,-0.09680064225342008,0.050106450048396305,0.0237549681610846
252_T1_R1_vs_R2,natural_variability,6,Chest_to_Neck_ry,Chest_to_Neck,ry,0.002477620972909264,0.08775906072062092,0.08528143974771166,0.050106450048396305,0.0237549681610846
252_T1_R1_vs_R2,natural_variability,6,Chest_to_Neck_rz,Chest_to_Neck,rz,0.07866172965557142,0.11566456592392425,0.03700283626835284,0.050106450048396305,0.0237549681610846
252_T1_R1_vs_R2,natural_variability,6,Chest_to_RShoulder_rx,Chest_to_RShoulder,rx,0.035591827465026475,0.008260714261361893,-0.027331113203664582,0.050106450048396305,0.0237549681610846
252_T1_R1_vs_R2,natural_variability,6,Chest_to_RShoulder_ry,Chest_to_RShoulder,ry,0.01853651554306098,0.021349627503325606,0.002813111960264625,0.050106450048396305,0.0237549681610846
252_T1_R1_vs_R2,natural_variability,6,Chest_to_RShoulder_rz,Chest_to_RShoulder,rz,0.07759785844810137,0.006814771483900249,-0.07078308696420112,0.050106450048396305,0.0237549681610846
252_T1_R1_vs_R2,natural_variability,6,LFArm_to_LHand_rx,LFArm_to_LHand,rx,0.03039193365010047,0.0506266279820015,0.020234694331901032,0.050106450048396305,0.0237549681610846
252_T1_R1_vs_R2,natural_variability,6,LFArm_to_LHand_ry,LFArm_to_LHand,ry,0.08066832553342448,0.12128306621047048,0.040614740677046,0.050106450048396305,0.0237549681610846
252_T1_R1_vs_R2,natural_variability,6,LFArm_to_LHand_rz,LFArm_to_LHand,rz,0.11156356021360947,0.26178131617303363,0.15021775595942416,0.050106450048396305,0.0237549681610846
252_T1_R1_vs_R2,natural_variability,6,LShin_to_LFoot_rx,LShin_to_LFoot,rx,0.10284825508442828,0.05754005167117913,-0.045308203413249155,0.050106450048396305,0.0237549681610846
252_T1_R1_vs_R2,natural_variability,6,LShin_to_LFoot_ry,LShin_to_LFoot,ry,0.04048597256319895,0.04958619843191088,0.009100225868711932,0.050106450048396305,0.0237549681610846
252_T1_R1_vs_R2,natural_variability,6,LShin_to_LFoot_rz,LShin_to_LFoot,rz,0.02205767352122749,0.020212354561652563,-0.0018453189595749285,0.050106450048396305,0.0237549681610846
252_T1_R1_vs_R2,natural_variability,6,LShoulder_to_LUArm_rx,LShoulder_to_LUArm,rx,0.17628702408690236,0.02065529876889768,-0.15563172531800468,0.050106450048396305,0.0237549681610846
252_T1_R1_vs_R2,natural_variability,6,LShoulder_to_LUArm_ry,LShoulder_to_LUArm,ry,0.16293857859399524,0.549898059157362,0.38695948056336676,0.050106450048396305,0.0237549681610846
252_T1_R1_vs_R2,natural_variability,6,LShoulder_to_LUArm_rz,LShoulder_to_LUArm,rz,0.11274876737404828,0.16134465052356872,0.048595883149520444,0.050106450048396305,0.0237549681610846
252_T1_R1_vs_R2,natural_variability,6,LThigh_to_LShin_rx,LThigh_to_LShin,rx,0.035875872502866814,0.1643124030164285,0.1284365305135617,0.050106450048396305,0.0237549681610846
252_T1_R1_vs_R2,natural_variability,6,LThigh_to_LShin_ry,LThigh_to_LShin,ry,5.658071159890957e-10,4.782492279957132e-08,4.7259115683582224e-08,0.050106450048396305,0.0237549681610846
252_T1_R1_vs_R2,natural_variability,6,LThigh_to_LShin_rz,LThigh_to_LShin,rz,4.797328127299027e-08,2.1996292910881992e-09,-4.5773651981902074e-08,0.050106450048396305,0.0237549681610846
252_T1_R1_vs_R2,natural_variability,6,LUArm_to_LFArm_rx,LUArm_to_LFArm,rx,0.08651242950483033,0.1755249480665459,0.08901251856171556,0.050106450048396305,0.0237549681610846
252_T1_R1_vs_R2,natural_variability,6,LUArm_to_LFArm_ry,LUArm_to_LFArm,ry,0.007285659198350454,0.26031397764013625,0.2530283184417858,0.050106450048396305,0.0237549681610846
252_T1_R1_vs_R2,natural_variability,6,LUArm_to_LFArm_rz,LUArm_to_LFArm,rz,0.2557640895249677,0.29828249859346523,0.04251840906849752,0.050106450048396305,0.0237549681610846
252_T1_R1_vs_R2,natural_variability,6,Neck_to_Head_rx,Neck_to_Head,rx,0.14935062656006046,0.05212490931785629,-0.09722571724220416,0.050106450048396305,0.0237549681610846
252_T1_R1_vs_R2,natural_variability,6,Neck_to_Head_ry,Neck_to_Head,ry,0.01710071355789945,0.10707502955956778,0.08997431600166833,0.050106450048396305,0.0237549681610846
252_T1_R1_vs_R2,natural_variability,6,Neck_to_Head_rz,Neck_to_Head,rz,0.07562587771278953,0.09580266194321797,0.020176784230428443,0.050106450048396305,0.0237549681610846
252_T1_R1_vs_R2,natural_variability,6,RFArm_to_RHand_rx,RFArm_to_RHand,rx,0.009317932660711892,0.0037246731129390908,-0.005593259547772802,0.050106450048396305,0.0237549681610846
252_T1_R1_vs_R2,natural_variability,6,RFArm_to_RHand_ry,RFArm_to_RHand,ry,0.07012085019106837,0.031679726521039175,-0.03844112367002919,0.050106450048396305,0.0237549681610846
252_T1_R1_vs_R2,natural_variability,6,RFArm_to_RHand_rz,RFArm_to_RHand,rz,0.06147070257259465,0.03215076219198684,-0.029319940380607805,0.050106450048396305,0.0237549681610846
252_T1_R1_vs_R2,natural_variability,6,RShin_to_RFoot_rx,RShin_to_RFoot,rx,0.14803595528194388,0.09038112926425826,-0.05765482601768562,0.050106450048396305,0.0237549681610846
252_T1_R1_vs_R2,natural_variability,6,RShin_to_RFoot_ry,RShin_to_RFoot,ry,0.025977429668591383,0.0029313069186893675,-0.023046122749902018,0.050106450048396305,0.0237549681610846
252_T1_R1_vs_R2,natural_variability,6,RShin_to_RFoot_rz,RShin_to_RFoot,rz,0.009687777955864493,0.0790184889162569,0.06933071096039241,0.050106450048396305,0.0237549681610846
252_T1_R1_vs_R2,natural_variability,6,RShoulder_to_RUArm_rx,RShoulder_to_RUArm,rx,0.5566515104002835,0.10687345470737232,-0.4497780556929112,0.050106450048396305,0.0237549681610846
252_T1_R1_vs_R2,natural_variability,6,RShoulder_to_RUArm_ry,RShoulder_to_RUArm,ry,0.06575003340046884,0.21755268041593562,0.15180264701546678,0.050106450048396305,0.0237549681610846
252_T1_R1_vs_R2,natural_variability,6,RShoulder_to_RUArm_rz,RShoulder_to_RUArm,rz,0.15684496109421533,0.13189361714285053,-0.024951343951364807,0.050106450048396305,0.0237549681610846
252_T1_R1_vs_R2,natural_variability,6,RThigh_to_RShin_rx,RThigh_to_RShin,rx,0.13396041678013862,0.1827110774342134,0.04875066065407477,0.050106450048396305,0.0237549681610846
252_T1_R1_vs_R2,natural_variability,6,RThigh_to_RShin_ry,RThigh_to_RShin,ry,5.9592199824454486e-08,1.1673815793279131e-08,-4.7918384031175355e-08,0.050106450048396305,0.0237549681610846
252_T1_R1_vs_R2,natural_variability,6,RThigh_to_RShin_rz,RThigh_to_RShin,rz,3.885083072246878e-08,5.302991416071508e-08,1.4179083438246305e-08,0.050106450048396305,0.0237549681610846
252_T1_R1_vs_R2,natural_variability,6,RUArm_to_RFArm_rx,RUArm_to_RFArm,rx,0.35959980846889394,0.01839214494542845,-0.3412076635234655,0.050106450048396305,0.0237549681610846
252_T1_R1_vs_R2,natural_variability,6,RUArm_to_RFArm_ry,RUArm_to_RFArm,ry,0.012146089243113802,0.12943742857526447,0.11729133933215066,0.050106450048396305,0.0237549681610846
252_T1_R1_vs_R2,natural_variability,6,RUArm_to_RFArm_rz,RUArm_to_RFArm,rz,0.23378103536372963,0.14496269373101084,-0.08881834163271879,0.050106450048396305,0.0237549681610846
