comparison_id,kind,pc,feature,link_id,axis,loading_A_abs,loading_B_reprojected_abs,jcvpca_axis,explained_variance_A,explained_variance_B_projected
252_T1_vs_T2,longitudinal,1,252_to_Ab_rx,252_to_Ab,rx,0.013809345997317863,0.021717562656515612,0.00790821665919775,0.20399850834675715,0.2242463898288779
252_T1_vs_T2,longitudinal,1,252_to_Ab_ry,252_to_Ab,ry,0.0013315460132733992,0.009831452173442706,0.008499906160169306,0.20399850834675715,0.2242463898288779
252_T1_vs_T2,longitudinal,1,252_to_Ab_rz,252_to_Ab,rz,0.0030181956421579947,0.0002444745541582921,-0.002773721087999703,0.20399850834675715,0.2242463898288779
252_T1_vs_T2,longitudinal,1,252_to_LThigh_rx,252_to_LThigh,rx,0.018951714828184973,0.03493736007433868,0.015985645246153708,0.20399850834675715,0.2242463898288779
252_T1_vs_T2,longitudinal,1,252_to_LThigh_ry,252_to_LThigh,ry,0.005992979750890026,0.02981043541975222,0.023817455668862193,0.20399850834675715,0.2242463898288779
252_T1_vs_T2,longitudinal,1,252_to_LThigh_rz,252_to_LThigh,rz,0.03812041832561602,0.03542671603214294,-0.0026937022934730853,0.20399850834675715,0.2242463898288779
252_T1_vs_T2,longitudinal,1,252_to_RThigh_rx,252_to_RThigh,rx,0.10752147239019227,0.14585452937656726,0.038333056986374986,0.20399850834675715,0.2242463898288779
252_T1_vs_T2,longitudinal,1,252_to_RThigh_ry,252_to_RThigh,ry,0.020945382905936095,0.03412201545787817,0.013176632551942076,0.20399850834675715,0.2242463898288779
252_T1_vs_T2,longitudinal,1,252_to_RThigh_rz,252_to_RThigh,rz,0.08489887213298557,0.06920206267407324,-0.01569680945891233,0.20399850834675715,0.2242463898288779
252_T1_vs_T2,longitudinal,1,Ab_to_Spine2_rx,Ab_to_Spine2,rx,0.013722404693997343,0.021594765578254137,0.007872360884256795,0.20399850834675715,0.2242463898288779
252_T1_vs_T2,longitudinal,1,Ab_to_Spine2_ry,Ab_to_Spine2,ry,0.0012856375017360193,0.00966993590130198,0.00838429839956596,0.20399850834675715,0.2242463898288779
252_T1_vs_T2,longitudinal,1,Ab_to_Spine2_rz,Ab_to_Spine2,rz,0.016545466896036583,0.007425905601170863,-0.00911956129486572,0.20399850834675715,0.2242463898288779
252_T1_vs_T2,longitudinal,1,Chest_to_LShoulder_rx,Chest_to_LShoulder,rx,0.021854946357986595,0.03381641349759364,0.011961467139607048,0.20399850834675715,0.2242463898288779
252_T1_vs_T2,longitudinal,1,Chest_to_LShoulder_ry,Chest_to_LShoulder,ry,0.010797888658521732,0.01769990057456214,0.006902011916040406,0.20399850834675715,0.2242463898288779
252_T1_vs_T2,longitudinal,1,Chest_to_LShoulder_rz,Chest_to_LShoulder,rz,0.056353929537537276,0.06421524837258964,0.007861318835052367,0.20399850834675715,0.2242463898288779
252_T1_vs_T2,longitudinal,1,Chest_to_Neck_rx,Chest_to_Neck,rx,0.009952325884429776,0.02124174300397142,0.011289417119541645,0.20399850834675715,0.2242463898288779
252_T1_vs_T2,longitudinal,1,Chest_to_Neck_ry,Chest_to_Neck,ry,0.025134418027816637,0.056010790544357154,0.030876372516540518,0.20399850834675715,0.2242463898288779
252_T1_vs_T2,longitudinal,1,Chest_to_Neck_rz,Chest_to_Neck,rz,0.007443020086095132,0.00951375576582269,0.0020707356797275587,0.20399850834675715,0.2242463898288779
252_T1_vs_T2,longitudinal,1,Chest_to_RShoulder_rx,Chest_to_RShoulder,rx,0.02548933612372813,0.03254961724263943,0.0070602811189113025,0.20399850834675715,0.2242463898288779
252_T1_vs_T2,longitudinal,1,Chest_to_RShoulder_ry,Chest_to_RShoulder,ry,0.006681903902753428,0.01658839019363994,0.009906486290886512,0.20399850834675715,0.2242463898288779
252_T1_vs_T2,longitudinal,1,Chest_to_RShoulder_rz,Chest_to_RShoulder,rz,0.01452060842964722,0.06284053225422354,0.04831992382457632,0.20399850834675715,0.2242463898288779
252_T1_vs_T2,longitudinal,1,LFArm_to_LHand_rx,LFArm_to_LHand,rx,0.004895109915505458,0.00566184484323181,0.0007667349277263522,0.20399850834675715,0.2242463898288779
252_T1_vs_T2,longitudinal,1,LFArm_to_LHand_ry,LFArm_to_LHand,ry,0.04147143979565025,0.00538654439337685,-0.0360848954022734,0.20399850834675715,0.2242463898288779
252_T1_vs_T2,longitudinal,1,LFArm_to_LHand_rz,LFArm_to_LHand,rz,0.13472349921042776,0.008083696711762537,-0.12663980249866522,0.20399850834675715,0.2242463898288779
252_T1_vs_T2,longitudinal,1,LShin_to_LFoot_rx,LShin_to_LFoot,rx,0.017380549310887342,0.036906986321181744,0.0195264370102944,0.20399850834675715,0.2242463898288779
252_T1_vs_T2,longitudinal,1,LShin_to_LFoot_ry,LShin_to_LFoot,ry,0.007329619513026713,0.012880980711322826,0.0055513611982961125,0.20399850834675715,0.2242463898288779
252_T1_vs_T2,longitudinal,1,LShin_to_LFoot_rz,LShin_to_LFoot,rz,0.013895681201215622,0.024294893868393463,0.01039921266717784,0.20399850834675715,0.2242463898288779
252_T1_vs_T2,longitudinal,1,LShoulder_to_LUArm_rx,LShoulder_to_LUArm,rx,0.09820282180544695,0.2566340898986901,0.15843126809324312,0.20399850834675715,0.2242463898288779
252_T1_vs_T2,longitudinal,1,LShoulder_to_LUArm_ry,LShoulder_to_LUArm,ry,0.3247158973434882,0.30616388324034477,-0.018552014103143444,0.20399850834675715,0.2242463898288779
252_T1_vs_T2,longitudinal,1,LShoulder_to_LUArm_rz,LShoulder_to_LUArm,rz,0.07897614614634028,0.06589491538452164,-0.013081230761818649,0.20399850834675715,0.2242463898288779
252_T1_vs_T2,longitudinal,1,LThigh_to_LShin_rx,LThigh_to_LShin,rx,0.09382597477519287,0.0899846225116461,-0.003841352263546774,0.20399850834675715,0.2242463898288779
252_T1_vs_T2,longitudinal,1,LThigh_to_LShin_ry,LThigh_to_LShin,ry,1.1609395620325744e-08,1.1497071076357553e-08,-1.1232454396819037e-10,0.20399850834675715,0.2242463898288779
252_T1_vs_T2,longitudinal,1,LThigh_to_LShin_rz,LThigh_to_LShin,rz,2.33760085240331e-08,1.973835194138252e-08,-3.6376565826505804e-09,0.20399850834675715,0.2242463898288779
252_T1_vs_T2,longitudinal,1,LUArm_to_LFArm_rx,LUArm_to_LFArm,rx,0.02803496313661598,0.09374335261097418,0.0657083894743582,0.20399850834675715,0.2242463898288779
252_T1_vs_T2,longitudinal,1,LUArm_to_LFArm_ry,LUArm_to_LFArm,ry,0.6532271019956453,0.7218955413567546,0.06866843936110933,0.20399850834675715,0.2242463898288779
252_T1_vs_T2,longitudinal,1,LUArm_to_LFArm_rz,LUArm_to_LFArm,rz,0.14424493833906565,0.13874737678618843,-0.005497561552877228,0.20399850834675715,0.2242463898288779
252_T1_vs_T2,longitudinal,1,Neck2_to_Head_rx,Neck2_to_Head,rx,0.00972463525483934,0.021008864017782094,0.011284228762942754,0.20399850834675715,0.2242463898288779
252_T1_vs_T2,longitudinal,1,Neck2_to_Head_ry,Neck2_to_Head,ry,0.02323949744721994,0.0531695456215517,0.029930048174331758,0.20399850834675715,0.2242463898288779
252_T1_vs_T2,longitudinal,1,Neck2_to_Head_rz,Neck2_to_Head,rz,0.012053884353129884,0.0199816355321879,0.007927751179058015,0.20399850834675715,0.2242463898288779
252_T1_vs_T2,longitudinal,1,Neck_to_Neck2_rx,Neck_to_Neck2,rx,0.009787214951321033,0.021072779464790633,0.0112855645134696,0.20399850834675715,0.2242463898288779
252_T1_vs_T2,longitudinal,1,Neck_to_Neck2_ry,Neck_to_Neck2,ry,0.023818024950573186,0.05408325908476109,0.030265234134187902,0.20399850834675715,0.2242463898288779
252_T1_vs_T2,longitudinal,1,Neck_to_Neck2_rz,Neck_to_Neck2,rz,0.010812371667811274,0.017143296671491646,0.006330925003680371,0.20399850834675715,0.2242463898288779
252_T1_vs_T2,longitudinal,1,RFArm_to_RHand_rx,RFArm_to_RHand,rx,0.0012598377336073868,0.013834175182815872,0.012574337449208486,0.20399850834675715,0.2242463898288779
252_T1_vs_T2,longitudinal,1,RFArm_to_RHand_ry,RFArm_to_RHand,ry,0.043330416682536,0.06849502320771524,0.02516460652517924,0.20399850834675715,0.2242463898288779
252_T1_vs_T2,longitudinal,1,RFArm_to_RHand_rz,RFArm_to_RHand,rz,0.16175332885188423,0.030893173837375484,-0.13086015501450876,0.20399850834675715,0.2242463898288779
252_T1_vs_T2,longitudinal,1,RShin_to_RFoot_rx,RShin_to_RFoot,rx,0.06410479707118552,0.05325762058523324,-0.010847176485952278,0.20399850834675715,0.2242463898288779
252_T1_vs_T2,longitudinal,1,RShin_to_RFoot_ry,RShin_to_RFoot,ry,0.027025795942700492,0.02012101984243902,-0.006904776100261471,0.20399850834675715,0.2242463898288779
252_T1_vs_T2,longitudinal,1,RShin_to_RFoot_rz,RShin_to_RFoot,rz,0.039775121499634525,0.01501494708200012,-0.024760174417634406,0.20399850834675715,0.2242463898288779
252_T1_vs_T2,longitudinal,1,RShoulder_to_RUArm_rx,RShoulder_to_RUArm,rx,0.4336006360088508,0.09433595617132304,-0.3392646798375277,0.20399850834675715,0.2242463898288779
252_T1_vs_T2,longitudinal,1,RShoulder_to_RUArm_ry,RShoulder_to_RUArm,ry,0.07027811445990366,0.11823675743181698,0.04795864297191332,0.20399850834675715,0.2242463898288779
252_T1_vs_T2,longitudinal,1,RShoulder_to_RUArm_rz,RShoulder_to_RUArm,rz,0.11242415527424392,0.34954677931622014,0.2371226240419762,0.20399850834675715,0.2242463898288779
252_T1_vs_T2,longitudinal,1,RThigh_to_RShin_rx,RThigh_to_RShin,rx,0.20929020562745915,0.1818635706121128,-0.02742663501534634,0.20399850834675715,0.2242463898288779
252_T1_vs_T2,longitudinal,1,RThigh_to_RShin_ry,RThigh_to_RShin,ry,6.201461956867684e-09,5.087710488877998e-09,-1.1137514679896864e-09,0.20399850834675715,0.2242463898288779
252_T1_vs_T2,longitudinal,1,RThigh_to_RShin_rz,RThigh_to_RShin,rz,2.7592959609339688e-09,8.808912516987927e-10,-1.878404709235176e-09,0.20399850834675715,0.2242463898288779
252_T1_vs_T2,longitudinal,1,RUArm_to_RFArm_rx,RUArm_to_RFArm,rx,0.19673231173075376,0.022043759406227544,-0.1746885523245262,0.20399850834675715,0.2242463898288779
252_T1_vs_T2,longitudinal,1,RUArm_to_RFArm_ry,RUArm_to_RFArm,ry,0.1982959025958155,0.16061291472304606,-0.03768298787276944,0.20399850834675715,0.2242463898288779
252_T1_vs_T2,longitudinal,1,RUArm_to_RFArm_rz,RUArm_to_RFArm,rz,0.09547984055859968,0.08559137041113557,-0.009888470147464107,0.20399850834675715,0.2242463898288779
252_T1_vs_T2,longitudinal,1,Spine2_to_Spine3_rx,Spine2_to_Spine3,rx,0.013788188450631123,0.021654063906348952,0.00786587545571783,0.20399850834675715,0.2242463898288779
252_T1_vs_T2,longitudinal,1,Spine2_to_Spine3_ry,Spine2_to_Spine3,ry,0.0003155765856885398,0.00891048577717655,0.00859490919148801,0.20399850834675715,0.2242463898288779
252_T1_vs_T2,longitudinal,1,Spine2_to_Spine3_rz,Spine2_to_Spine3,rz,0.01660921440848188,0.008334047714166966,-0.008275166694314915,0.20399850834675715,0.2242463898288779
252_T1_vs_T2,longitudinal,1,Spine3_to_Spine4_rx,Spine3_to_Spine4,rx,0.013758941374095807,0.021627719461610538,0.007868778087514731,0.20399850834675715,0.2242463898288779
252_T1_vs_T2,longitudinal,1,Spine3_to_Spine4_ry,Spine3_to_Spine4,ry,0.0003978162096154941,0.009255898346531705,0.00885808213691621,0.20399850834675715,0.2242463898288779
252_T1_vs_T2,longitudinal,1,Spine3_to_Spine4_rz,Spine3_to_Spine4,rz,0.016593621984859225,0.007935904206006447,-0.008657717778852778,0.20399850834675715,0.2242463898288779
252_T1_vs_T2,longitudinal,1,Spine4_to_Chest_rx,Spine4_to_Chest,rx,0.01374157127486785,0.02161205668541449,0.00787048541054664,0.20399850834675715,0.2242463898288779
252_T1_vs_T2,longitudinal,1,Spine4_to_Chest_ry,Spine4_to_Chest,ry,0.0008194386246127444,0.009454726105639216,0.008635287481026472,0.20399850834675715,0.2242463898288779
252_T1_vs_T2,longitudinal,1,Spine4_to_Chest_rz,Spine4_to_Chest,rz,0.016574730345074735,0.007695716283956891,-0.008879014061117844,0.20399850834675715,0.2242463898288779
252_T1_vs_T2,longitudinal,2,252_to_Ab_rx,252_to_Ab,rx,0.006027635083815251,0.018455475154952897,0.012427840071137647,0.13547235856696857,0.20688215085236264
252_T1_vs_T2,longitudinal,2,252_to_Ab_ry,252_to_Ab,ry,0.006857850685403399,0.005580398032168493,-0.0012774526532349064,0.13547235856696857,0.20688215085236264
252_T1_vs_T2,longitudinal,2,252_to_Ab_rz,252_to_Ab,rz,0.0016319566825375165,0.004263150346414065,0.0026311936638765488,0.13547235856696857,0.20688215085236264
252_T1_vs_T2,longitudinal,2,252_to_LThigh_rx,252_to_LThigh,rx,0.040798270657003005,0.12839103692151402,0.08759276626451101,0.13547235856696857,0.20688215085236264
252_T1_vs_T2,longitudinal,2,252_to_LThigh_ry,252_to_LThigh,ry,0.012270272556758055,0.0450026236408327,0.03273235108407464,0.13547235856696857,0.20688215085236264
252_T1_vs_T2,longitudinal,2,252_to_LThigh_rz,252_to_LThigh,rz,0.014089870505407998,0.04296783857482997,0.028877968069421972,0.13547235856696857,0.20688215085236264
252_T1_vs_T2,longitudinal,2,252_to_RThigh_rx,252_to_RThigh,rx,0.05609840592460025,0.10475041209384549,0.04865200616924524,0.13547235856696857,0.20688215085236264
252_T1_vs_T2,longitudinal,2,252_to_RThigh_ry,252_to_RThigh,ry,0.013694398419850923,0.00562125051211263,-0.008073147907738294,0.13547235856696857,0.20688215085236264
252_T1_vs_T2,longitudinal,2,252_to_RThigh_rz,252_to_RThigh,rz,0.016652795934785275,0.02781908801139887,0.011166292076613595,0.13547235856696857,0.20688215085236264
252_T1_vs_T2,longitudinal,2,Ab_to_Spine2_rx,Ab_to_Spine2,rx,0.006053944325615725,0.01828247386575066,0.012228529540134935,0.13547235856696857,0.20688215085236264
252_T1_vs_T2,longitudinal,2,Ab_to_Spine2_ry,Ab_to_Spine2,ry,0.007199610419489168,0.005378146920959895,-0.0018214634985292731,0.13547235856696857,0.20688215085236264
252_T1_vs_T2,longitudinal,2,Ab_to_Spine2_rz,Ab_to_Spine2,rz,0.011283583926301256,0.018996042413424712,0.007712458487123456,0.13547235856696857,0.20688215085236264
252_T1_vs_T2,longitudinal,2,Chest_to_LShoulder_rx,Chest_to_LShoulder,rx,0.02273224781451956,0.03881535291684372,0.016083105102324163,0.13547235856696857,0.20688215085236264
252_T1_vs_T2,longitudinal,2,Chest_to_LShoulder_ry,Chest_to_LShoulder,ry,0.008289066078902722,0.008846491410375034,0.0005574253314723117,0.13547235856696857,0.20688215085236264
252_T1_vs_T2,longitudinal,2,Chest_to_LShoulder_rz,Chest_to_LShoulder,rz,0.04434938495651536,0.012613244298308762,-0.031736140658206596,0.13547235856696857,0.20688215085236264
252_T1_vs_T2,longitudinal,2,Chest_to_Neck_rx,Chest_to_Neck,rx,0.010474491219180053,0.033363515188766235,0.022889023969586184,0.13547235856696857,0.20688215085236264
252_T1_vs_T2,longitudinal,2,Chest_to_Neck_ry,Chest_to_Neck,ry,0.019337416307940093,0.026839323081010738,0.007501906773070645,0.13547235856696857,0.20688215085236264
252_T1_vs_T2,longitudinal,2,Chest_to_Neck_rz,Chest_to_Neck,rz,0.015435040743569743,0.025271350620472942,0.009836309876903199,0.13547235856696857,0.20688215085236264
252_T1_vs_T2,longitudinal,2,Chest_to_RShoulder_rx,Chest_to_RShoulder,rx,0.0017414675908840915,0.0015332776147777747,-0.00020818997610631677,0.13547235856696857,0.20688215085236264
252_T1_vs_T2,longitudinal,2,Chest_to_RShoulder_ry,Chest_to_RShoulder,ry,0.014803971007651658,0.016084367090561026,0.0012803960829093682,0.13547235856696857,0.20688215085236264
252_T1_vs_T2,longitudinal,2,Chest_to_RShoulder_rz,Chest_to_RShoulder,rz,0.10549790654967173,0.05618802636991001,-0.04930988017976172,0.13547235856696857,0.20688215085236264
252_T1_vs_T2,longitudinal,2,LFArm_to_LHand_rx,LFArm_to_LHand,rx,0.0053031409398786485,0.0055739158405953525,0.000270774900716704,0.13547235856696857,0.20688215085236264
252_T1_vs_T2,longitudinal,2,LFArm_to_LHand_ry,LFArm_to_LHand,ry,0.031137490303447084,0.01655984133724077,-0.014577648966206315,0.13547235856696857,0.20688215085236264
252_T1_vs_T2,longitudinal,2,LFArm_to_LHand_rz,LFArm_to_LHand,rz,0.05050807531066071,0.10754481447637046,0.05703673916570975,0.13547235856696857,0.20688215085236264
252_T1_vs_T2,longitudinal,2,LShin_to_LFoot_rx,LShin_to_LFoot,rx,0.03354921561107294,0.004334102329771255,-0.029215113281301688,0.13547235856696857,0.20688215085236264
252_T1_vs_T2,longitudinal,2,LShin_to_LFoot_ry,LShin_to_LFoot,ry,0.030212280714741652,0.008497499931164755,-0.021714780783576897,0.13547235856696857,0.20688215085236264
252_T1_vs_T2,longitudinal,2,LShin_to_LFoot_rz,LShin_to_LFoot,rz,0.017577285576014,0.002985450330465939,-0.014591835245548058,0.13547235856696857,0.20688215085236264
252_T1_vs_T2,longitudinal,2,LShoulder_to_LUArm_rx,LShoulder_to_LUArm,rx,0.008805118437933768,0.14959792880131795,0.14079281036338417,0.13547235856696857,0.20688215085236264
252_T1_vs_T2,longitudinal,2,LShoulder_to_LUArm_ry,LShoulder_to_LUArm,ry,0.11513225123770594,0.18765986211134644,0.0725276108736405,0.13547235856696857,0.20688215085236264
252_T1_vs_T2,longitudinal,2,LShoulder_to_LUArm_rz,LShoulder_to_LUArm,rz,0.028617984346008814,0.03798931622915316,0.009371331883144342,0.13547235856696857,0.20688215085236264
252_T1_vs_T2,longitudinal,2,LThigh_to_LShin_rx,LThigh_to_LShin,rx,0.03500329816910091,0.10235641218262619,0.06735311401352528,0.13547235856696857,0.20688215085236264
252_T1_vs_T2,longitudinal,2,LThigh_to_LShin_ry,LThigh_to_LShin,ry,1.17272493980424e-09,1.1637228156615954e-08,1.0464503216811713e-08,0.13547235856696857,0.20688215085236264
252_T1_vs_T2,longitudinal,2,LThigh_to_LShin_rz,LThigh_to_LShin,rz,6.566239675179851e-09,1.535779765448724e-08,8.791557979307389e-09,0.13547235856696857,0.20688215085236264
252_T1_vs_T2,longitudinal,2,LUArm_to_LFArm_rx,LUArm_to_LFArm,rx,0.05665730646740265,0.29170751908817466,0.23505021262077203,0.13547235856696857,0.20688215085236264
252_T1_vs_T2,longitudinal,2,LUArm_to_LFArm_ry,LUArm_to_LFArm,ry,0.40708049002910734,0.01324786154877665,-0.3938326284803307,0.13547235856696857,0.20688215085236264
252_T1_vs_T2,longitudinal,2,LUArm_to_LFArm_rz,LUArm_to_LFArm,rz,0.047210127164698266,0.20805201573396445,0.16084188856926618,0.13547235856696857,0.20688215085236264
252_T1_vs_T2,longitudinal,2,Neck2_to_Head_rx,Neck2_to_Head,rx,0.01060152011038499,0.03305601642805278,0.022454496317667792,0.13547235856696857,0.20688215085236264
252_T1_vs_T2,longitudinal,2,Neck2_to_Head_ry,Neck2_to_Head,ry,0.01603484602882599,0.021626156529332165,0.005591310500506177,0.13547235856696857,0.20688215085236264
252_T1_vs_T2,longitudinal,2,Neck2_to_Head_rz,Neck2_to_Head,rz,0.018818238007387644,0.02989153537120665,0.011073297363819005,0.13547235856696857,0.20688215085236264
252_T1_vs_T2,longitudinal,2,Neck_to_Neck2_rx,Neck_to_Neck2,rx,0.010566750018253633,0.03314066564835511,0.022573915630101478,0.13547235856696857,0.20688215085236264
252_T1_vs_T2,longitudinal,2,Neck_to_Neck2_ry,Neck_to_Neck2,ry,0.016984712364762133,0.02311606955957785,0.006131357194815716,0.13547235856696857,0.20688215085236264
252_T1_vs_T2,longitudinal,2,Neck_to_Neck2_rz,Neck_to_Neck2,rz,0.017931512370399173,0.028687038746801043,0.01075552637640187,0.13547235856696857,0.20688215085236264
252_T1_vs_T2,longitudinal,2,RFArm_to_RHand_rx,RFArm_to_RHand,rx,0.010819994912168479,0.0012071908462539898,-0.00961280406591449,0.13547235856696857,0.20688215085236264
252_T1_vs_T2,longitudinal,2,RFArm_to_RHand_ry,RFArm_to_RHand,ry,0.08265371041946039,0.05863735300306837,-0.02401635741639202,0.13547235856696857,0.20688215085236264
252_T1_vs_T2,longitudinal,2,RFArm_to_RHand_rz,RFArm_to_RHand,rz,0.08675531992272911,0.11111411560259432,0.02435879567986521,0.13547235856696857,0.20688215085236264
252_T1_vs_T2,longitudinal,2,RShin_to_RFoot_rx,RShin_to_RFoot,rx,0.025784757083683815,0.06096797729713513,0.03518322021345131,0.13547235856696857,0.20688215085236264
252_T1_vs_T2,longitudinal,2,RShin_to_RFoot_ry,RShin_to_RFoot,ry,0.009908115222403032,0.006976777155359172,-0.0029313380670438604,0.13547235856696857,0.20688215085236264
252_T1_vs_T2,longitudinal,2,RShin_to_RFoot_rz,RShin_to_RFoot,rz,0.0062577734174630514,0.027075092174899774,0.020817318757436722,0.13547235856696857,0.20688215085236264
252_T1_vs_T2,longitudinal,2,RShoulder_to_RUArm_rx,RShoulder_to_RUArm,rx,0.3624308591387293,0.2641615747556764,-0.09826928438305288,0.13547235856696857,0.20688215085236264
252_T1_vs_T2,longitudinal,2,RShoulder_to_RUArm_ry,RShoulder_to_RUArm,ry,0.14902070983736423,0.3123537021859202,0.16333299234855594,0.13547235856696857,0.20688215085236264
252_T1_vs_T2,longitudinal,2,RShoulder_to_RUArm_rz,RShoulder_to_RUArm,rz,0.2862689637527646,0.056236640855294596,-0.23003232289747003,0.13547235856696857,0.20688215085236264
252_T1_vs_T2,longitudinal,2,RThigh_to_RShin_rx,RThigh_to_RShin,rx,0.12128258481706712,0.11712438540217715,-0.004158199414889971,0.13547235856696857,0.20688215085236264
252_T1_vs_T2,longitudinal,2,RThigh_to_RShin_ry,RThigh_to_RShin,ry,4.735016758242559e-09,4.778399539738782e-09,4.33827814962232e-11,0.13547235856696857,0.20688215085236264
252_T1_vs_T2,longitudinal,2,RThigh_to_RShin_rz,RThigh_to_RShin,rz,2.478649339438333e-08,1.0122147340316337e-08,-1.4664346054066994e-08,0.13547235856696857,0.20688215085236264
252_T1_vs_T2,longitudinal,2,RUArm_to_RFArm_rx,RUArm_to_RFArm,rx,0.539619105930387,0.4680626733973786,-0.07155643253300836,0.13547235856696857,0.20688215085236264
252_T1_vs_T2,longitudinal,2,RUArm_to_RFArm_ry,RUArm_to_RFArm,ry,0.3559271543149677,0.47903220808671454,0.12310505377174685,0.13547235856696857,0.20688215085236264
252_T1_vs_T2,longitudinal,2,RUArm_to_RFArm_rz,RUArm_to_RFArm,rz,0.3186753055493988,0.2982019030267656,-0.020473402522633244,0.13547235856696857,0.20688215085236264
252_T1_vs_T2,longitudinal,2,Spine2_to_Spine3_rx,Spine2_to_Spine3,rx,0.006072891202154471,0.0183419046378116,0.01226901343565713,0.13547235856696857,0.20688215085236264
252_T1_vs_T2,longitudinal,2,Spine2_to_Spine3_ry,Spine2_to_Spine3,ry,0.006091754706627553,0.00718831996354454,0.0010965652569169867,0.13547235856696857,0.20688215085236264
252_T1_vs_T2,longitudinal,2,Spine2_to_Spine3_rz,Spine2_to_Spine3,rz,0.011919862630294103,0.01840023732515699,0.006480374694862888,0.13547235856696857,0.20688215085236264
252_T1_vs_T2,longitudinal,2,Spine3_to_Spine4_rx,Spine3_to_Spine4,rx,0.006064453581090187,0.018315446612986844,0.012250993031896657,0.13547235856696857,0.20688215085236264
252_T1_vs_T2,longitudinal,2,Spine3_to_Spine4_ry,Spine3_to_Spine4,ry,0.0065897995310107895,0.006387298731739716,-0.00020250079927107336,0.13547235856696857,0.20688215085236264
252_T1_vs_T2,longitudinal,2,Spine3_to_Spine4_rz,Spine3_to_Spine4,rz,0.011645363706391763,0.01867993006038382,0.007034566353992057,0.13547235856696857,0.20688215085236264
252_T1_vs_T2,longitudinal,2,Spine4_to_Chest_rx,Spine4_to_Chest,rx,0.006059484048275762,0.018299772332601143,0.012240288284325381,0.13547235856696857,0.20688215085236264
252_T1_vs_T2,longitudinal,2,Spine4_to_Chest_ry,Spine4_to_Chest,ry,0.006880781313467773,0.005909746129462182,-0.0009710351840055914,0.13547235856696857,0.20688215085236264
252_T1_vs_T2,longitudinal,2,Spine4_to_Chest_rz,Spine4_to_Chest,rz,0.011476326283972736,0.018834473231143203,0.0073581469471704665,0.13547235856696857,0.20688215085236264
252_T1_vs_T2,longitudinal,3,252_to_Ab_rx,252_to_Ab,rx,0.022782999614953295,0.017975680466420847,-0.004807319148532448,0.1204251238549306,0.16450780996474548
252_T1_vs_T2,longitudinal,3,252_to_Ab_ry,252_to_Ab,ry,0.0009572845390156126,0.023479906721808653,0.02252262218279304,0.1204251238549306,0.16450780996474548
252_T1_vs_T2,longitudinal,3,252_to_Ab_rz,252_to_Ab,rz,0.0018541036481160011,0.0013057893106882242,-0.000548314337427777,0.1204251238549306,0.16450780996474548
252_T1_vs_T2,longitudinal,3,252_to_LThigh_rx,252_to_LThigh,rx,0.07188683513293487,0.09339137278347881,0.021504537650543942,0.1204251238549306,0.16450780996474548
252_T1_vs_T2,longitudinal,3,252_to_LThigh_ry,252_to_LThigh,ry,0.030701038498362254,0.054341817441501815,0.02364077894313956,0.1204251238549306,0.16450780996474548
252_T1_vs_T2,longitudinal,3,252_to_LThigh_rz,252_to_LThigh,rz,0.060393951083117764,0.048984848861183976,-0.011409102221933788,0.1204251238549306,0.16450780996474548
252_T1_vs_T2,longitudinal,3,252_to_RThigh_rx,252_to_RThigh,rx,0.09795677314358563,0.07956597030005665,-0.01839080284352898,0.1204251238549306,0.16450780996474548
252_T1_vs_T2,longitudinal,3,252_to_RThigh_ry,252_to_RThigh,ry,0.009043659317000541,0.03838331474646527,0.029339655429464734,0.1204251238549306,0.16450780996474548
252_T1_vs_T2,longitudinal,3,252_to_RThigh_rz,252_to_RThigh,rz,0.014241952628784667,0.011303749696134872,-0.002938202932649795,0.1204251238549306,0.16450780996474548
252_T1_vs_T2,longitudinal,3,Ab_to_Spine2_rx,Ab_to_Spine2,rx,0.022999535318643332,0.017706190186940213,-0.0052933451317031185,0.1204251238549306,0.16450780996474548
252_T1_vs_T2,longitudinal,3,Ab_to_Spine2_ry,Ab_to_Spine2,ry,0.0008634870425386666,0.023708675338000647,0.02284518829546198,0.1204251238549306,0.16450780996474548
252_T1_vs_T2,longitudinal,3,Ab_to_Spine2_rz,Ab_to_Spine2,rz,0.007629941066406208,0.005352805950230027,-0.002277135116176181,0.1204251238549306,0.16450780996474548
252_T1_vs_T2,longitudinal,3,Chest_to_LShoulder_rx,Chest_to_LShoulder,rx,0.006880678469900127,0.019207767475773935,0.012327089005873808,0.1204251238549306,0.16450780996474548
252_T1_vs_T2,longitudinal,3,Chest_to_LShoulder_ry,Chest_to_LShoulder,ry,0.0014088553479140466,0.023106962772327575,0.02169810742441353,0.1204251238549306,0.16450780996474548
252_T1_vs_T2,longitudinal,3,Chest_to_LShoulder_rz,Chest_to_LShoulder,rz,0.020443126477562534,0.0054432524310441665,-0.014999874046518367,0.1204251238549306,0.16450780996474548
252_T1_vs_T2,longitudinal,3,Chest_to_Neck_rx,Chest_to_Neck,rx,0.02731986893096481,0.014740441729256088,-0.012579427201708722,0.1204251238549306,0.16450780996474548
252_T1_vs_T2,longitudinal,3,Chest_to_Neck_ry,Chest_to_Neck,ry,0.026028034884937448,0.03718952269923923,0.011161487814301783,0.1204251238549306,0.16450780996474548
252_T1_vs_T2,longitudinal,3,Chest_to_Neck_rz,Chest_to_Neck,rz,0.017941957304522027,0.012288171511225769,-0.005653785793296258,0.1204251238549306,0.16450780996474548
252_T1_vs_T2,longitudinal,3,Chest_to_RShoulder_rx,Chest_to_RShoulder,rx,0.054775296733152345,0.052786860487416654,-0.001988436245735692,0.1204251238549306,0.16450780996474548
252_T1_vs_T2,longitudinal,3,Chest_to_RShoulder_ry,Chest_to_RShoulder,ry,0.0308930692713768,0.004797228578715199,-0.026095840692661604,0.1204251238549306,0.16450780996474548
252_T1_vs_T2,longitudinal,3,Chest_to_RShoulder_rz,Chest_to_RShoulder,rz,0.0032383274605737233,0.030182363536461258,0.026944036075887533,0.1204251238549306,0.16450780996474548
252_T1_vs_T2,longitudinal,3,LFArm_to_LHand_rx,LFArm_to_LHand,rx,0.0013794081576634044,1.8760700028172023e-05,-0.0013606474576352324,0.1204251238549306,0.16450780996474548
252_T1_vs_T2,longitudinal,3,LFArm_to_LHand_ry,LFArm_to_LHand,ry,0.002778908014100368,0.004739779462427086,0.0019608714483267176,0.1204251238549306,0.16450780996474548
252_T1_vs_T2,longitudinal,3,LFArm_to_LHand_rz,LFArm_to_LHand,rz,0.026677677162017174,0.002571241535789056,-0.024106435626228117,0.1204251238549306,0.16450780996474548
252_T1_vs_T2,longitudinal,3,LShin_to_LFoot_rx,LShin_to_LFoot,rx,0.007235405586222141,0.01938366617449634,0.012148260588274198,0.1204251238549306,0.16450780996474548
252_T1_vs_T2,longitudinal,3,LShin_to_LFoot_ry,LShin_to_LFoot,ry,0.019605394033491774,0.04130746429731292,0.021702070263821146,0.1204251238549306,0.16450780996474548
252_T1_vs_T2,longitudinal,3,LShin_to_LFoot_rz,LShin_to_LFoot,rz,0.013996265335961246,0.012732762912969018,-0.0012635024229922277,0.1204251238549306,0.16450780996474548
252_T1_vs_T2,longitudinal,3,LShoulder_to_LUArm_rx,LShoulder_to_LUArm,rx,0.09397980626828036,0.0479177604308462,-0.04606204583743415,0.1204251238549306,0.16450780996474548
252_T1_vs_T2,longitudinal,3,LShoulder_to_LUArm_ry,LShoulder_to_LUArm,ry,0.23904184708096918,0.08050592384085174,-0.15853592324011745,0.1204251238549306,0.16450780996474548
252_T1_vs_T2,longitudinal,3,LShoulder_to_LUArm_rz,LShoulder_to_LUArm,rz,0.1473162104056682,0.014228563094804634,-0.13308764731086356,0.1204251238549306,0.16450780996474548
252_T1_vs_T2,longitudinal,3,LThigh_to_LShin_rx,LThigh_to_LShin,rx,0.134526500327219,0.044933246382175114,-0.08959325394504389,0.1204251238549306,0.16450780996474548
252_T1_vs_T2,longitudinal,3,LThigh_to_LShin_ry,LThigh_to_LShin,ry,1.0714210712795705e-08,3.4062685069683084e-09,-7.307942205827396e-09,0.1204251238549306,0.16450780996474548
252_T1_vs_T2,longitudinal,3,LThigh_to_LShin_rz,LThigh_to_LShin,rz,8.263428423548533e-10,3.974328758219946e-09,3.147985915865093e-09,0.1204251238549306,0.16450780996474548
252_T1_vs_T2,longitudinal,3,LUArm_to_LFArm_rx,LUArm_to_LFArm,rx,0.400892585983423,0.21358425405479278,-0.1873083319286302,0.1204251238549306,0.16450780996474548
252_T1_vs_T2,longitudinal,3,LUArm_to_LFArm_ry,LUArm_to_LFArm,ry,0.07910324617600674,0.03128712935481208,-0.04781611682119466,0.1204251238549306,0.16450780996474548
252_T1_vs_T2,longitudinal,3,LUArm_to_LFArm_rz,LUArm_to_LFArm,rz,0.21811769001518427,0.13546583503295562,-0.08265185498222866,0.1204251238549306,0.16450780996474548
252_T1_vs_T2,longitudinal,3,Neck2_to_Head_rx,Neck2_to_Head,rx,0.02707168710519036,0.01434486607065585,-0.01272682103453451,0.1204251238549306,0.16450780996474548
252_T1_vs_T2,longitudinal,3,Neck2_to_Head_ry,Neck2_to_Head,ry,0.022232668657852436,0.03425236468064258,0.012019696022790141,0.1204251238549306,0.16450780996474548
252_T1_vs_T2,longitudinal,3,Neck2_to_Head_rz,Neck2_to_Head,rz,0.02252260189021121,0.019065432077394126,-0.003457169812817084,0.1204251238549306,0.16450780996474548
252_T1_vs_T2,longitudinal,3,Neck_to_Neck2_rx,Neck_to_Neck2,rx,0.02713988882614831,0.014453491104517118,-0.012686397721631193,0.1204251238549306,0.16450780996474548
252_T1_vs_T2,longitudinal,3,Neck_to_Neck2_ry,Neck_to_Neck2,ry,0.02333210516560525,0.03514349059840364,0.011811385432798388,0.1204251238549306,0.16450780996474548
252_T1_vs_T2,longitudinal,3,Neck_to_Neck2_rz,Neck_to_Neck2,rz,0.021310917843206937,0.017239889169170654,-0.0040710286740362825,0.1204251238549306,0.16450780996474548
252_T1_vs_T2,longitudinal,3,RFArm_to_RHand_rx,RFArm_to_RHand,rx,0.0015587413076552368,0.018128290755437038,0.0165695494477818,0.1204251238549306,0.16450780996474548
252_T1_vs_T2,longitudinal,3,RFArm_to_RHand_ry,RFArm_to_RHand,ry,0.05215167646662656,0.05924827561288837,0.00709659914626181,0.1204251238549306,0.16450780996474548
252_T1_vs_T2,longitudinal,3,RFArm_to_RHand_rz,RFArm_to_RHand,rz,0.007870295284132956,0.20544949895379405,0.19757920366966109,0.1204251238549306,0.16450780996474548
252_T1_vs_T2,longitudinal,3,RShin_to_RFoot_rx,RShin_to_RFoot,rx,0.06926208890222334,0.07534840604342943,0.006086317141206096,0.1204251238549306,0.16450780996474548
252_T1_vs_T2,longitudinal,3,RShin_to_RFoot_ry,RShin_to_RFoot,ry,0.016886280491725025,0.017628127890544538,0.0007418473988195125,0.1204251238549306,0.16450780996474548
252_T1_vs_T2,longitudinal,3,RShin_to_RFoot_rz,RShin_to_RFoot,rz,0.022315425402954975,0.005994209280715831,-0.016321216122239142,0.1204251238549306,0.16450780996474548
252_T1_vs_T2,longitudinal,3,RShoulder_to_RUArm_rx,RShoulder_to_RUArm,rx,0.28955717885625176,0.6812530571707551,0.39169587831450337,0.1204251238549306,0.16450780996474548
252_T1_vs_T2,longitudinal,3,RShoulder_to_RUArm_ry,RShoulder_to_RUArm,ry,0.08555918966270618,0.1644379388736094,0.07887874921090324,0.1204251238549306,0.16450780996474548
252_T1_vs_T2,longitudinal,3,RShoulder_to_RUArm_rz,RShoulder_to_RUArm,rz,0.02438942650485271,0.163874666803272,0.1394852402984193,0.1204251238549306,0.16450780996474548
252_T1_vs_T2,longitudinal,3,RThigh_to_RShin_rx,RThigh_to_RShin,rx,0.1482997500111312,0.12865429998876945,-0.019645450022361732,0.1204251238549306,0.16450780996474548
252_T1_vs_T2,longitudinal,3,RThigh_to_RShin_ry,RThigh_to_RShin,ry,8.343301540072287e-09,1.5677772769396885e-08,7.334471229324598e-09,0.1204251238549306,0.16450780996474548
252_T1_vs_T2,longitudinal,3,RThigh_to_RShin_rz,RThigh_to_RShin,rz,1.5165087667749062e-08,1.8929747453161995e-08,3.764659785412933e-09,0.1204251238549306,0.16450780996474548
252_T1_vs_T2,longitudinal,3,RUArm_to_RFArm_rx,RUArm_to_RFArm,rx,0.2293402430540054,0.3813503387777791,0.15201009572377366,0.1204251238549306,0.16450780996474548
252_T1_vs_T2,longitudinal,3,RUArm_to_RFArm_ry,RUArm_to_RFArm,ry,0.6833481238344989,0.389481799501166,-0.29386632433333293,0.1204251238549306,0.16450780996474548
252_T1_vs_T2,longitudinal,3,RUArm_to_RFArm_rz,RUArm_to_RFArm,rz,0.06696204295229087,0.0404879236770584,-0.026474119275232473,0.1204251238549306,0.16450780996474548
252_T1_vs_T2,longitudinal,3,Spine2_to_Spine3_rx,Spine2_to_Spine3,rx,0.023043190759771702,0.017752908724183995,-0.005290282035587707,0.1204251238549306,0.16450780996474548
252_T1_vs_T2,longitudinal,3,Spine2_to_Spine3_ry,Spine2_to_Spine3,ry,0.0015840684797826595,0.023107400034857964,0.021523331555075305,0.1204251238549306,0.16450780996474548
252_T1_vs_T2,longitudinal,3,Spine2_to_Spine3_rz,Spine2_to_Spine3,rz,0.0075146522298264636,0.007602760670388179,8.810844056171552e-05,0.1204251238549306,0.16450780996474548
252_T1_vs_T2,longitudinal,3,Spine3_to_Spine4_rx,Spine3_to_Spine4,rx,0.023023769354549938,0.017732080846683103,-0.005291688507866835,0.1204251238549306,0.16450780996474548
252_T1_vs_T2,longitudinal,3,Spine3_to_Spine4_ry,Spine3_to_Spine4,ry,0.0012642737527558529,0.023392789459522365,0.02212851570676651,0.1204251238549306,0.16450780996474548
252_T1_vs_T2,longitudinal,3,Spine3_to_Spine4_rz,Spine3_to_Spine4,rz,0.007571561965692999,0.0066058590190457,-0.0009657029466472985,0.1204251238549306,0.16450780996474548
252_T1_vs_T2,longitudinal,3,Spine4_to_Chest_rx,Spine4_to_Chest,rx,0.02301227626299783,0.017719798398670345,-0.005292477864327485,0.1204251238549306,0.16450780996474548
252_T1_vs_T2,longitudinal,3,Spine4_to_Chest_ry,Spine4_to_Chest,ry,0.0010743135655524208,0.02354825727689993,0.02247394371134751,0.1204251238549306,0.16450780996474548
252_T1_vs_T2,longitudinal,3,Spine4_to_Chest_rz,Spine4_to_Chest,rz,0.007600980848072651,0.006012477154380084,-0.0015885036936925676,0.1204251238549306,0.16450780996474548
252_T1_vs_T2,longitudinal,4,252_to_Ab_rx,252_to_Ab,rx,0.034642364790577945,0.013322997721796249,-0.021319367068781694,0.08758634992044408,0.09808519358984084
252_T1_vs_T2,longitudinal,4,252_to_Ab_ry,252_to_Ab,ry,0.01618179772157924,0.008706649605823576,-0.007475148115755663,0.08758634992044408,0.09808519358984084
252_T1_vs_T2,longitudinal,4,252_to_Ab_rz,252_to_Ab,rz,0.0005441332226165663,0.0021766367364382546,0.0016325035138216883,0.08758634992044408,0.09808519358984084
252_T1_vs_T2,longitudinal,4,252_to_LThigh_rx,252_to_LThigh,rx,0.264578880687856,0.07850097271452128,-0.18607790797333473,0.08758634992044408,0.09808519358984084
252_T1_vs_T2,longitudinal,4,252_to_LThigh_ry,252_to_LThigh,ry,0.05985872727718433,0.01826375798692899,-0.04159496929025534,0.08758634992044408,0.09808519358984084
252_T1_vs_T2,longitudinal,4,252_to_LThigh_rz,252_to_LThigh,rz,0.07923500251760318,0.008815478133315756,-0.07041952438428742,0.08758634992044408,0.09808519358984084
252_T1_vs_T2,longitudinal,4,252_to_RThigh_rx,252_to_RThigh,rx,0.1462922009498373,0.03140940914510632,-0.11488279180473099,0.08758634992044408,0.09808519358984084
252_T1_vs_T2,longitudinal,4,252_to_RThigh_ry,252_to_RThigh,ry,0.038871635662912574,0.03604533532133308,-0.0028263003415794907,0.08758634992044408,0.09808519358984084
252_T1_vs_T2,longitudinal,4,252_to_RThigh_rz,252_to_RThigh,rz,0.05827935970949599,0.04026389824847667,-0.018015461461019323,0.08758634992044408,0.09808519358984084
252_T1_vs_T2,longitudinal,4,Ab_to_Spine2_rx,Ab_to_Spine2,rx,0.034497707216113,0.013249753248889084,-0.021247953967223912,0.08758634992044408,0.09808519358984084
252_T1_vs_T2,longitudinal,4,Ab_to_Spine2_ry,Ab_to_Spine2,ry,0.016198966401194875,0.009118727089703984,-0.007080239311490891,0.08758634992044408,0.09808519358984084
252_T1_vs_T2,longitudinal,4,Ab_to_Spine2_rz,Ab_to_Spine2,rz,0.004868621268288474,0.01519232694766914,0.010323705679380665,0.08758634992044408,0.09808519358984084
252_T1_vs_T2,longitudinal,4,Chest_to_LShoulder_rx,Chest_to_LShoulder,rx,0.05605710245914118,0.01877650851992289,-0.03728059393921829,0.08758634992044408,0.09808519358984084
252_T1_vs_T2,longitudinal,4,Chest_to_LShoulder_ry,Chest_to_LShoulder,ry,0.017606837270810118,0.015531986221135392,-0.0020748510496747252,0.08758634992044408,0.09808519358984084
252_T1_vs_T2,longitudinal,4,Chest_to_LShoulder_rz,Chest_to_LShoulder,rz,0.023606626318336685,0.010608099610671278,-0.012998526707665407,0.08758634992044408,0.09808519358984084
252_T1_vs_T2,longitudinal,4,Chest_to_Neck_rx,Chest_to_Neck,rx,0.07329102480058174,0.018101727612830534,-0.0551892971877512,0.08758634992044408,0.09808519358984084
252_T1_vs_T2,longitudinal,4,Chest_to_Neck_ry,Chest_to_Neck,ry,0.031169682887598367,0.007161747243955977,-0.02400793564364239,0.08758634992044408,0.09808519358984084
252_T1_vs_T2,longitudinal,4,Chest_to_Neck_rz,Chest_to_Neck,rz,0.023644975517317538,0.011423753699850452,-0.012221221817467086,0.08758634992044408,0.09808519358984084
252_T1_vs_T2,longitudinal,4,Chest_to_RShoulder_rx,Chest_to_RShoulder,rx,0.015372515241670992,0.02101330691399396,0.005640791672322967,0.08758634992044408,0.09808519358984084
252_T1_vs_T2,longitudinal,4,Chest_to_RShoulder_ry,Chest_to_RShoulder,ry,0.03133287545251438,0.004181733137782098,-0.027151142314732285,0.08758634992044408,0.09808519358984084
252_T1_vs_T2,longitudinal,4,Chest_to_RShoulder_rz,Chest_to_RShoulder,rz,0.03876588561232462,0.034981071978452405,-0.0037848136338722166,0.08758634992044408,0.09808519358984084
252_T1_vs_T2,longitudinal,4,LFArm_to_LHand_rx,LFArm_to_LHand,rx,0.0032509713895902824,0.0035456312716785512,0.0002946598820882688,0.08758634992044408,0.09808519358984084
252_T1_vs_T2,longitudinal,4,LFArm_to_LHand_ry,LFArm_to_LHand,ry,0.020706525364515078,0.011630858252330862,-0.009075667112184216,0.08758634992044408,0.09808519358984084
252_T1_vs_T2,longitudinal,4,LFArm_to_LHand_rz,LFArm_to_LHand,rz,0.06749295962515285,0.05595316896113503,-0.011539790664017821,0.08758634992044408,0.09808519358984084
252_T1_vs_T2,longitudinal,4,LShin_to_LFoot_rx,LShin_to_LFoot,rx,0.06591258487619221,0.020281221747112,-0.04563136312908021,0.08758634992044408,0.09808519358984084
252_T1_vs_T2,longitudinal,4,LShin_to_LFoot_ry,LShin_to_LFoot,ry,0.047825529921980234,0.015807095145336267,-0.03201843477664397,0.08758634992044408,0.09808519358984084
252_T1_vs_T2,longitudinal,4,LShin_to_LFoot_rz,LShin_to_LFoot,rz,0.03964021166465848,0.014351897749689325,-0.025288313914969156,0.08758634992044408,0.09808519358984084
252_T1_vs_T2,longitudinal,4,LShoulder_to_LUArm_rx,LShoulder_to_LUArm,rx,0.33904208631354243,0.3616149286354207,0.022572842321878284,0.08758634992044408,0.09808519358984084
252_T1_vs_T2,longitudinal,4,LShoulder_to_LUArm_ry,LShoulder_to_LUArm,ry,0.09770105564204555,0.046973112725869605,-0.050727942916175946,0.08758634992044408,0.09808519358984084
252_T1_vs_T2,longitudinal,4,LShoulder_to_LUArm_rz,LShoulder_to_LUArm,rz,0.17303857190100877,0.14232602127792157,-0.030712550623087198,0.08758634992044408,0.09808519358984084
252_T1_vs_T2,longitudinal,4,LThigh_to_LShin_rx,LThigh_to_LShin,rx,0.23410125454055414,0.08535496110446651,-0.14874629343608764,0.08758634992044408,0.09808519358984084
252_T1_vs_T2,longitudinal,4,LThigh_to_LShin_ry,LThigh_to_LShin,ry,3.0973482456014867e-09,5.679224128029078e-09,2.5818758824275915e-09,0.08758634992044408,0.09808519358984084
252_T1_vs_T2,longitudinal,4,LThigh_to_LShin_rz,LThigh_to_LShin,rz,1.1856648265000061e-08,7.805306729523998e-09,-4.051341535476063e-09,0.08758634992044408,0.09808519358984084
252_T1_vs_T2,longitudinal,4,LUArm_to_LFArm_rx,LUArm_to_LFArm,rx,0.5046566817443248,0.5444354115750377,0.039778729830712956,0.08758634992044408,0.09808519358984084
252_T1_vs_T2,longitudinal,4,LUArm_to_LFArm_ry,LUArm_to_LFArm,ry,0.05690923783160932,0.042673024507135934,-0.014236213324473383,0.08758634992044408,0.09808519358984084
252_T1_vs_T2,longitudinal,4,LUArm_to_LFArm_rz,LUArm_to_LFArm,rz,0.33183877048317534,0.36738187286456175,0.035543102381386416,0.08758634992044408,0.09808519358984084
252_T1_vs_T2,longitudinal,4,Neck2_to_Head_rx,Neck2_to_Head,rx,0.07285722179242456,0.018020244168551535,-0.05483697762387302,0.08758634992044408,0.09808519358984084
252_T1_vs_T2,longitudinal,4,Neck2_to_Head_ry,Neck2_to_Head,ry,0.026313505755344968,0.004974606324504321,-0.021338899430840646,0.08758634992044408,0.09808519358984084
252_T1_vs_T2,longitudinal,4,Neck2_to_Head_rz,Neck2_to_Head,rz,0.029159003402441673,0.012604678603261817,-0.016554324799179856,0.08758634992044408,0.09808519358984084
252_T1_vs_T2,longitudinal,4,Neck_to_Neck2_rx,Neck_to_Neck2,rx,0.07297675817900139,0.01804254831538937,-0.05493420986361201,0.08758634992044408,0.09808519358984084
252_T1_vs_T2,longitudinal,4,Neck_to_Neck2_ry,Neck_to_Neck2,ry,0.027717711971144907,0.005591046113949241,-0.022126665857195665,0.08758634992044408,0.09808519358984084
252_T1_vs_T2,longitudinal,4,Neck_to_Neck2_rz,Neck_to_Neck2,rz,0.02770117588423959,0.012305186311275619,-0.01539598957296397,0.08758634992044408,0.09808519358984084
252_T1_vs_T2,longitudinal,4,RFArm_to_RHand_rx,RFArm_to_RHand,rx,0.016646025328351275,0.009978628076009128,-0.006667397252342147,0.08758634992044408,0.09808519358984084
252_T1_vs_T2,longitudinal,4,RFArm_to_RHand_ry,RFArm_to_RHand,ry,0.052106204669518146,0.09627082364942015,0.044164618979902,0.08758634992044408,0.09808519358984084
252_T1_vs_T2,longitudinal,4,RFArm_to_RHand_rz,RFArm_to_RHand,rz,0.0768877905331725,0.1238088240519353,0.0469210335187628,0.08758634992044408,0.09808519358984084
252_T1_vs_T2,longitudinal,4,RShin_to_RFoot_rx,RShin_to_RFoot,rx,0.026681126458785186,0.0031623066168509598,-0.023518819841934227,0.08758634992044408,0.09808519358984084
252_T1_vs_T2,longitudinal,4,RShin_to_RFoot_ry,RShin_to_RFoot,ry,0.060913714103076534,0.0014268769143038068,-0.05948683718877273,0.08758634992044408,0.09808519358984084
252_T1_vs_T2,longitudinal,4,RShin_to_RFoot_rz,RShin_to_RFoot,rz,0.04867271758326898,0.0007436479934879489,-0.04792906958978103,0.08758634992044408,0.09808519358984084
252_T1_vs_T2,longitudinal,4,RShoulder_to_RUArm_rx,RShoulder_to_RUArm,rx,0.34757005513049855,0.11263214454212493,-0.2349379105883736,0.08758634992044408,0.09808519358984084
252_T1_vs_T2,longitudinal,4,RShoulder_to_RUArm_ry,RShoulder_to_RUArm,ry,0.30584656909203783,0.09013768724652207,-0.21570888184551576,0.08758634992044408,0.09808519358984084
252_T1_vs_T2,longitudinal,4,RShoulder_to_RUArm_rz,RShoulder_to_RUArm,rz,0.001276582617103287,0.016936075513690696,0.01565949289658741,0.08758634992044408,0.09808519358984084
252_T1_vs_T2,longitudinal,4,RThigh_to_RShin_rx,RThigh_to_RShin,rx,0.053108277568810994,0.05046480417855834,-0.002643473390252657,0.08758634992044408,0.09808519358984084
252_T1_vs_T2,longitudinal,4,RThigh_to_RShin_ry,RThigh_to_RShin,ry,2.202187134521108e-08,1.8222397229734956e-08,-3.799474115476123e-09,0.08758634992044408,0.09808519358984084
252_T1_vs_T2,longitudinal,4,RThigh_to_RShin_rz,RThigh_to_RShin,rz,4.331279292200965e-11,3.44014881294923e-08,3.435817533657029e-08,0.08758634992044408,0.09808519358984084
252_T1_vs_T2,longitudinal,4,RUArm_to_RFArm_rx,RUArm_to_RFArm,rx,0.06796019848969878,0.14469830286195684,0.07673810437225806,0.08758634992044408,0.09808519358984084
252_T1_vs_T2,longitudinal,4,RUArm_to_RFArm_ry,RUArm_to_RFArm,ry,0.15224608927359823,0.5623466767254699,0.41010058745187167,0.08758634992044408,0.09808519358984084
252_T1_vs_T2,longitudinal,4,RUArm_to_RFArm_rz,RUArm_to_RFArm,rz,0.0892975560659088,0.0015666564609840236,-0.08773089960492478,0.08758634992044408,0.09808519358984084
252_T1_vs_T2,longitudinal,4,Spine2_to_Spine3_rx,Spine2_to_Spine3,rx,0.03455026334410721,0.0132770013619793,-0.021273261982127912,0.08758634992044408,0.09808519358984084
252_T1_vs_T2,longitudinal,4,Spine2_to_Spine3_ry,Spine2_to_Spine3,ry,0.015676416405079423,0.007626693864345784,-0.00804972254073364,0.08758634992044408,0.09808519358984084
252_T1_vs_T2,longitudinal,4,Spine2_to_Spine3_rz,Spine2_to_Spine3,rz,0.006406109105916772,0.015995106278257,0.009588997172340227,0.08758634992044408,0.09808519358984084
252_T1_vs_T2,longitudinal,4,Spine3_to_Spine4_rx,Spine3_to_Spine4,rx,0.034526855223595714,0.013264923214927234,-0.02126193200866848,0.08758634992044408,0.09808519358984084
252_T1_vs_T2,longitudinal,4,Spine3_to_Spine4_ry,Spine3_to_Spine4,ry,0.01592123061803649,0.008297038216761582,-0.007624192401274909,0.08758634992044408,0.09808519358984084
252_T1_vs_T2,longitudinal,4,Spine3_to_Spine4_rz,Spine3_to_Spine4,rz,0.005725671685192883,0.01564952100551131,0.009923849320318427,0.08758634992044408,0.09808519358984084
252_T1_vs_T2,longitudinal,4,Spine4_to_Chest_rx,Spine4_to_Chest,rx,0.034513013826861304,0.013257709488343946,-0.021255304338517356,0.08758634992044408,0.09808519358984084
252_T1_vs_T2,longitudinal,4,Spine4_to_Chest_ry,Spine4_to_Chest,ry,0.016056861214611258,0.008688997996983092,-0.007367863217628166,0.08758634992044408,0.09808519358984084
252_T1_vs_T2,longitudinal,4,Spine4_to_Chest_rz,Spine4_to_Chest,rz,0.0053200717261956045,0.015436187526608327,0.010116115800412722,0.08758634992044408,0.09808519358984084
252_T1_vs_T2,longitudinal,5,252_to_Ab_rx,252_to_Ab,rx,0.04417933817534352,0.03597622291162627,-0.008203115263717253,0.06398928081910268,0.07302462668457706
252_T1_vs_T2,longitudinal,5,252_to_Ab_ry,252_to_Ab,ry,0.04615027228339874,0.03394298912164702,-0.012207283161751722,0.06398928081910268,0.07302462668457706
252_T1_vs_T2,longitudinal,5,252_to_Ab_rz,252_to_Ab,rz,0.0047330039533779455,0.0015122508637888865,-0.003220753089589059,0.06398928081910268,0.07302462668457706
252_T1_vs_T2,longitudinal,5,252_to_LThigh_rx,252_to_LThigh,rx,0.20272541827273768,0.10130690155292577,-0.10141851671981192,0.06398928081910268,0.07302462668457706
252_T1_vs_T2,longitudinal,5,252_to_LThigh_ry,252_to_LThigh,ry,0.014334307816175895,0.0318148114895717,0.017480503673395806,0.06398928081910268,0.07302462668457706
252_T1_vs_T2,longitudinal,5,252_to_LThigh_rz,252_to_LThigh,rz,0.11154316150893127,0.04863868368836051,-0.06290447782057076,0.06398928081910268,0.07302462668457706
252_T1_vs_T2,longitudinal,5,252_to_RThigh_rx,252_to_RThigh,rx,0.36637890841119003,0.3706144596807438,0.004235551269553772,0.06398928081910268,0.07302462668457706
252_T1_vs_T2,longitudinal,5,252_to_RThigh_ry,252_to_RThigh,ry,0.006322665148080098,0.017435947514854847,0.011113282366774748,0.06398928081910268,0.07302462668457706
252_T1_vs_T2,longitudinal,5,252_to_RThigh_rz,252_to_RThigh,rz,0.011930677100711532,0.0804906399033375,0.06855996280262597,0.06398928081910268,0.07302462668457706
252_T1_vs_T2,longitudinal,5,Ab_to_Spine2_rx,Ab_to_Spine2,rx,0.04526001241863671,0.03672422975281695,-0.00853578266581976,0.06398928081910268,0.07302462668457706
252_T1_vs_T2,longitudinal,5,Ab_to_Spine2_ry,Ab_to_Spine2,ry,0.04665598535484964,0.03469651518359718,-0.011959470171252456,0.06398928081910268,0.07302462668457706
252_T1_vs_T2,longitudinal,5,Ab_to_Spine2_rz,Ab_to_Spine2,rz,0.002704852268766271,0.027170176787624862,0.02446532451885859,0.06398928081910268,0.07302462668457706
252_T1_vs_T2,longitudinal,5,Chest_to_LShoulder_rx,Chest_to_LShoulder,rx,0.0056022624017171355,0.0397502880395753,0.03414802563785817,0.06398928081910268,0.07302462668457706
252_T1_vs_T2,longitudinal,5,Chest_to_LShoulder_ry,Chest_to_LShoulder,ry,0.08570132429987586,0.03445983552333943,-0.05124148877653643,0.06398928081910268,0.07302462668457706
252_T1_vs_T2,longitudinal,5,Chest_to_LShoulder_rz,Chest_to_LShoulder,rz,0.013174551690754526,0.008678469805776072,-0.004496081884978454,0.06398928081910268,0.07302462668457706
252_T1_vs_T2,longitudinal,5,Chest_to_Neck_rx,Chest_to_Neck,rx,0.03913740304953619,0.003385607404390424,-0.035751795645145766,0.06398928081910268,0.07302462668457706
252_T1_vs_T2,longitudinal,5,Chest_to_Neck_ry,Chest_to_Neck,ry,0.05151272796949692,0.01206807492772894,-0.03944465304176798,0.06398928081910268,0.07302462668457706
252_T1_vs_T2,longitudinal,5,Chest_to_Neck_rz,Chest_to_Neck,rz,0.052517554661869616,0.06323317395569635,0.01071561929382673,0.06398928081910268,0.07302462668457706
252_T1_vs_T2,longitudinal,5,Chest_to_RShoulder_rx,Chest_to_RShoulder,rx,0.01875951802589427,0.025260641347913244,0.006501123322018975,0.06398928081910268,0.07302462668457706
252_T1_vs_T2,longitudinal,5,Chest_to_RShoulder_ry,Chest_to_RShoulder,ry,0.036921988439821786,0.005889130266066459,-0.031032858173755326,0.06398928081910268,0.07302462668457706
252_T1_vs_T2,longitudinal,5,Chest_to_RShoulder_rz,Chest_to_RShoulder,rz,0.08558700895616378,0.0070447399535413235,-0.07854226900262246,0.06398928081910268,0.07302462668457706
252_T1_vs_T2,longitudinal,5,LFArm_to_LHand_rx,LFArm_to_LHand,rx,0.023120619384172668,0.006288370183179718,-0.016832249200992952,0.06398928081910268,0.07302462668457706
252_T1_vs_T2,longitudinal,5,LFArm_to_LHand_ry,LFArm_to_LHand,ry,0.08663540645965156,0.035081460568068566,-0.051553945891583,0.06398928081910268,0.07302462668457706
252_T1_vs_T2,longitudinal,5,LFArm_to_LHand_rz,LFArm_to_LHand,rz,0.17611610240245662,0.05283482827851412,-0.12328127412394249,0.06398928081910268,0.07302462668457706
252_T1_vs_T2,longitudinal,5,LShin_to_LFoot_rx,LShin_to_LFoot,rx,0.01917907212220834,0.03406729571980084,0.014888223597592502,0.06398928081910268,0.07302462668457706
252_T1_vs_T2,longitudinal,5,LShin_to_LFoot_ry,LShin_to_LFoot,ry,0.06316991263312396,0.07165505562168091,0.008485142988556946,0.06398928081910268,0.07302462668457706
252_T1_vs_T2,longitudinal,5,LShin_to_LFoot_rz,LShin_to_LFoot,rz,0.04693624086434733,0.009885280269088288,-0.03705096059525904,0.06398928081910268,0.07302462668457706
252_T1_vs_T2,longitudinal,5,LShoulder_to_LUArm_rx,LShoulder_to_LUArm,rx,0.08453056213840113,0.10803251596083088,0.023501953822429755,0.06398928081910268,0.07302462668457706
252_T1_vs_T2,longitudinal,5,LShoulder_to_LUArm_ry,LShoulder_to_LUArm,ry,0.30543522172425214,0.06205204032418464,-0.24338318140006748,0.06398928081910268,0.07302462668457706
252_T1_vs_T2,longitudinal,5,LShoulder_to_LUArm_rz,LShoulder_to_LUArm,rz,0.10456859169417296,0.05244453692312575,-0.05212405477104721,0.06398928081910268,0.07302462668457706
252_T1_vs_T2,longitudinal,5,LThigh_to_LShin_rx,LThigh_to_LShin,rx,0.5165286784143367,0.36758565071328436,-0.14894302770105233,0.06398928081910268,0.07302462668457706
252_T1_vs_T2,longitudinal,5,LThigh_to_LShin_ry,LThigh_to_LShin,ry,4.369239595801759e-08,4.93309312934245e-08,5.638535335406911e-09,0.06398928081910268,0.07302462668457706
252_T1_vs_T2,longitudinal,5,LThigh_to_LShin_rz,LThigh_to_LShin,rz,1.8873609103995425e-08,4.0734354166073256e-08,2.186074506207783e-08,0.06398928081910268,0.07302462668457706
252_T1_vs_T2,longitudinal,5,LUArm_to_LFArm_rx,LUArm_to_LFArm,rx,0.22810488152209044,0.1584970959214691,-0.06960778560062134,0.06398928081910268,0.07302462668457706
252_T1_vs_T2,longitudinal,5,LUArm_to_LFArm_ry,LUArm_to_LFArm,ry,0.035841993046042,0.43489574624174476,0.39905375319570274,0.06398928081910268,0.07302462668457706
252_T1_vs_T2,longitudinal,5,LUArm_to_LFArm_rz,LUArm_to_LFArm,rz,0.003448002630873497,0.06525172747851268,0.061803724847639185,0.06398928081910268,0.07302462668457706
252_T1_vs_T2,longitudinal,5,Neck2_to_Head_rx,Neck2_to_Head,rx,0.03917695895765302,0.003541091433521216,-0.0356358675241318,0.06398928081910268,0.07302462668457706
252_T1_vs_T2,longitudinal,5,Neck2_to_Head_ry,Neck2_to_Head,ry,0.060518408281393606,0.023964836004685876,-0.03655357227670773,0.06398928081910268,0.07302462668457706
252_T1_vs_T2,longitudinal,5,Neck2_to_Head_rz,Neck2_to_Head,rz,0.041688976514179354,0.05960110693399509,0.017912130419815736,0.06398928081910268,0.07302462668457706
252_T1_vs_T2,longitudinal,5,Neck_to_Neck2_rx,Neck_to_Neck2,rx,0.03916578685638046,0.0034989522597213313,-0.035666834596659126,0.06398928081910268,0.07302462668457706
252_T1_vs_T2,longitudinal,5,Neck_to_Neck2_ry,Neck_to_Neck2,ry,0.0581853057773865,0.020748518815285433,-0.037436786962101065,0.06398928081910268,0.07302462668457706
252_T1_vs_T2,longitudinal,5,Neck_to_Neck2_rz,Neck_to_Neck2,rz,0.044776708058278096,0.060753005018928406,0.01597629696065031,0.06398928081910268,0.07302462668457706
252_T1_vs_T2,longitudinal,5,RFArm_to_RHand_rx,RFArm_to_RHand,rx,0.008318548493387779,0.006143837666078515,-0.0021747108273092635,0.06398928081910268,0.07302462668457706
252_T1_vs_T2,longitudinal,5,RFArm_to_RHand_ry,RFArm_to_RHand,ry,0.0747417758742915,0.02888017253246636,-0.04586160334182514,0.06398928081910268,0.07302462668457706
252_T1_vs_T2,longitudinal,5,RFArm_to_RHand_rz,RFArm_to_RHand,rz,0.04611440962152768,0.06702310174821846,0.020908692126690782,0.06398928081910268,0.07302462668457706
252_T1_vs_T2,longitudinal,5,RShin_to_RFoot_rx,RShin_to_RFoot,rx,0.011088953536137662,0.07421620256227479,0.06312724902613713,0.06398928081910268,0.07302462668457706
252_T1_vs_T2,longitudinal,5,RShin_to_RFoot_ry,RShin_to_RFoot,ry,0.048976170400136354,0.0664286250847924,0.017452454684656046,0.06398928081910268,0.07302462668457706
252_T1_vs_T2,longitudinal,5,RShin_to_RFoot_rz,RShin_to_RFoot,rz,0.03109819932712413,0.029382351477232102,-0.0017158478498920278,0.06398928081910268,0.07302462668457706
252_T1_vs_T2,longitudinal,5,RShoulder_to_RUArm_rx,RShoulder_to_RUArm,rx,0.061137047895482736,0.047674703525005004,-0.013462344370477733,0.06398928081910268,0.07302462668457706
252_T1_vs_T2,longitudinal,5,RShoulder_to_RUArm_ry,RShoulder_to_RUArm,ry,0.07532738303472016,0.17328636363748617,0.09795898060276602,0.06398928081910268,0.07302462668457706
252_T1_vs_T2,longitudinal,5,RShoulder_to_RUArm_rz,RShoulder_to_RUArm,rz,0.10225221977565699,0.2055725888443322,0.1033203690686752,0.06398928081910268,0.07302462668457706
252_T1_vs_T2,longitudinal,5,RThigh_to_RShin_rx,RThigh_to_RShin,rx,0.2539069637002575,0.47951624955887695,0.22560928585861945,0.06398928081910268,0.07302462668457706
252_T1_vs_T2,longitudinal,5,RThigh_to_RShin_ry,RThigh_to_RShin,ry,1.6185916007189493e-08,7.1926792455677485e-09,-8.993236761621744e-09,0.06398928081910268,0.07302462668457706
252_T1_vs_T2,longitudinal,5,RThigh_to_RShin_rz,RThigh_to_RShin,rz,2.0301276796395775e-09,1.726622238705164e-08,1.5236094707412065e-08,0.06398928081910268,0.07302462668457706
252_T1_vs_T2,longitudinal,5,RUArm_to_RFArm_rx,RUArm_to_RFArm,rx,0.18487828335524753,0.029092836878620916,-0.15578544647662662,0.06398928081910268,0.07302462668457706
252_T1_vs_T2,longitudinal,5,RUArm_to_RFArm_ry,RUArm_to_RFArm,ry,0.380383251608308,0.2816351732953405,-0.0987480783129675,0.06398928081910268,0.07302462668457706
252_T1_vs_T2,longitudinal,5,RUArm_to_RFArm_rz,RUArm_to_RFArm,rz,0.042559423536797994,0.16565621940150219,0.12309679586470419,0.06398928081910268,0.07302462668457706
252_T1_vs_T2,longitudinal,5,Spine2_to_Spine3_rx,Spine2_to_Spine3,rx,0.04527670304916593,0.036776125391242906,-0.008500577657923024,0.06398928081910268,0.07302462668457706
252_T1_vs_T2,longitudinal,5,Spine2_to_Spine3_ry,Spine2_to_Spine3,ry,0.04620046960773287,0.03193765348124516,-0.014262816126487714,0.06398928081910268,0.07302462668457706
252_T1_vs_T2,longitudinal,5,Spine2_to_Spine3_rz,Spine2_to_Spine3,rz,0.007158258332689361,0.030371901678348828,0.023213643345659465,0.06398928081910268,0.07302462668457706
252_T1_vs_T2,longitudinal,5,Spine3_to_Spine4_rx,Spine3_to_Spine4,rx,0.04526936513378186,0.036753054873294125,-0.008516310260487735,0.06398928081910268,0.07302462668457706
252_T1_vs_T2,longitudinal,5,Spine3_to_Spine4_ry,Spine3_to_Spine4,ry,0.046438299322295415,0.03319076552830584,-0.013247533793989574,0.06398928081910268,0.07302462668457706
252_T1_vs_T2,longitudinal,5,Spine3_to_Spine4_rz,Spine3_to_Spine4,rz,0.005179573027544608,0.028968657578538233,0.023789084550993624,0.06398928081910268,0.07302462668457706
252_T1_vs_T2,longitudinal,5,Spine4_to_Chest_rx,Spine4_to_Chest,rx,0.04526486417380039,0.03673934396463891,-0.008525520209161482,0.06398928081910268,0.07302462668457706
252_T1_vs_T2,longitudinal,5,Spine4_to_Chest_ry,Spine4_to_Chest,ry,0.046552541117378415,0.033913372558488135,-0.01263916855889028,0.06398928081910268,0.07302462668457706
252_T1_vs_T2,longitudinal,5,Spine4_to_Chest_rz,Spine4_to_Chest,rz,0.004006047350255291,0.028121840708481633,0.02411579335822634,0.06398928081910268,0.07302462668457706
252_T1_vs_T2,longitudinal,6,252_to_Ab_rx,252_to_Ab,rx,0.006347224142272348,0.029230073788387954,0.022882849646115606,0.05128572464549902,0.06799783230884784
252_T1_vs_T2,longitudinal,6,252_to_Ab_ry,252_to_Ab,ry,0.0024556541381693664,0.011125215830964402,0.008669561692795036,0.05128572464549902,0.06799783230884784
252_T1_vs_T2,longitudinal,6,252_to_Ab_rz,252_to_Ab,rz,0.004575138835200436,0.0016584266623057343,-0.0029167121728947017,0.05128572464549902,0.06799783230884784
252_T1_vs_T2,longitudinal,6,252_to_LThigh_rx,252_to_LThigh,rx,0.07091178608768559,0.26783998195262565,0.19692819586494006,0.05128572464549902,0.06799783230884784
252_T1_vs_T2,longitudinal,6,252_to_LThigh_ry,252_to_LThigh,ry,0.05745162950650545,0.0411559542832528,-0.016295675223252655,0.05128572464549902,0.06799783230884784
252_T1_vs_T2,longitudinal,6,252_to_LThigh_rz,252_to_LThigh,rz,0.04005696007560504,0.030064953141903918,-0.009992006933701121,0.05128572464549902,0.06799783230884784
252_T1_vs_T2,longitudinal,6,252_to_RThigh_rx,252_to_RThigh,rx,0.13633840391181634,0.008211285768642527,-0.12812711814317382,0.05128572464549902,0.06799783230884784
252_T1_vs_T2,longitudinal,6,252_to_RThigh_ry,252_to_RThigh,ry,0.04524583119916048,0.04837301732946458,0.003127186130304098,0.05128572464549902,0.06799783230884784
252_T1_vs_T2,longitudinal,6,252_to_RThigh_rz,252_to_RThigh,rz,0.0751520326069863,0.0848780333827003,0.009726000775713992,0.05128572464549902,0.06799783230884784
252_T1_vs_T2,longitudinal,6,Ab_to_Spine2_rx,Ab_to_Spine2,rx,0.005995643159549747,0.028788830917536274,0.022793187757986527,0.05128572464549902,0.06799783230884784
252_T1_vs_T2,longitudinal,6,Ab_to_Spine2_ry,Ab_to_Spine2,ry,0.0022115065144746537,0.011480568234712286,0.009269061720237632,0.05128572464549902,0.06799783230884784
252_T1_vs_T2,longitudinal,6,Ab_to_Spine2_rz,Ab_to_Spine2,rz,0.02197895894801724,0.0027688698673624585,-0.01921008908065478,0.05128572464549902,0.06799783230884784
252_T1_vs_T2,longitudinal,6,Chest_to_LShoulder_rx,Chest_to_LShoulder,rx,0.0006526941451033614,0.032233093480618896,0.031580399335515534,0.05128572464549902,0.06799783230884784
252_T1_vs_T2,longitudinal,6,Chest_to_LShoulder_ry,Chest_to_LShoulder,ry,0.0038519580847221967,0.00768599318272332,0.0038340350980011237,0.05128572464549902,0.06799783230884784
252_T1_vs_T2,longitudinal,6,Chest_to_LShoulder_rz,Chest_to_LShoulder,rz,0.060565625272584044,0.07860507857911603,0.018039453306531984,0.05128572464549902,0.06799783230884784
252_T1_vs_T2,longitudinal,6,Chest_to_Neck_rx,Chest_to_Neck,rx,0.08419992217853625,0.11079297209285172,0.026593049914315464,0.05128572464549902,0.06799783230884784
252_T1_vs_T2,longitudinal,6,Chest_to_Neck_ry,Chest_to_Neck,ry,0.022518168695667626,0.026609062018834204,0.0040908933231665785,0.05128572464549902,0.06799783230884784
252_T1_vs_T2,longitudinal,6,Chest_to_Neck_rz,Chest_to_Neck,rz,0.03254148041906304,0.010213848551160669,-0.02232763186790237,0.05128572464549902,0.06799783230884784
252_T1_vs_T2,longitudinal,6,Chest_to_RShoulder_rx,Chest_to_RShoulder,rx,0.015955204168959236,0.025200701039144062,0.009245496870184826,0.05128572464549902,0.06799783230884784
252_T1_vs_T2,longitudinal,6,Chest_to_RShoulder_ry,Chest_to_RShoulder,ry,0.0034675370393133023,0.0023882782518397138,-0.0010792587874735885,0.05128572464549902,0.06799783230884784
252_T1_vs_T2,longitudinal,6,Chest_to_RShoulder_rz,Chest_to_RShoulder,rz,5.007089095355998e-05,0.04450143286969856,0.044451361978744997,0.05128572464549902,0.06799783230884784
252_T1_vs_T2,longitudinal,6,LFArm_to_LHand_rx,LFArm_to_LHand,rx,0.0029213327060434217,0.002579925158420763,-0.00034140754762265876,0.05128572464549902,0.06799783230884784
252_T1_vs_T2,longitudinal,6,LFArm_to_LHand_ry,LFArm_to_LHand,ry,0.0051355950748814844,0.01709888640342545,0.011963291328543965,0.05128572464549902,0.06799783230884784
252_T1_vs_T2,longitudinal,6,LFArm_to_LHand_rz,LFArm_to_LHand,rz,0.028409097962923503,0.04392056046765975,0.015511462504736246,0.05128572464549902,0.06799783230884784
252_T1_vs_T2,longitudinal,6,LShin_to_LFoot_rx,LShin_to_LFoot,rx,0.04963039472809142,0.08765522571152368,0.038024830983432255,0.05128572464549902,0.06799783230884784
252_T1_vs_T2,longitudinal,6,LShin_to_LFoot_ry,LShin_to_LFoot,ry,0.0446801526330778,0.0005753086669995398,-0.04410484396607826,0.05128572464549902,0.06799783230884784
252_T1_vs_T2,longitudinal,6,LShin_to_LFoot_rz,LShin_to_LFoot,rz,0.01783327999789148,0.03831584461691999,0.02048256461902851,0.05128572464549902,0.06799783230884784
252_T1_vs_T2,longitudinal,6,LShoulder_to_LUArm_rx,LShoulder_to_LUArm,rx,0.1765058748584783,0.1546926395769529,-0.0218132352815254,0.05128572464549902,0.06799783230884784
252_T1_vs_T2,longitudinal,6,LShoulder_to_LUArm_ry,LShoulder_to_LUArm,ry,0.08542637034378207,0.005946883516132643,-0.07947948682764944,0.05128572464549902,0.06799783230884784
252_T1_vs_T2,longitudinal,6,LShoulder_to_LUArm_rz,LShoulder_to_LUArm,rz,0.4033349029968441,0.23134852853027116,-0.17198637446657294,0.05128572464549902,0.06799783230884784
252_T1_vs_T2,longitudinal,6,LThigh_to_LShin_rx,LThigh_to_LShin,rx,0.10512836406864576,0.07735336446739241,-0.027774999601253347,0.05128572464549902,0.06799783230884784
252_T1_vs_T2,longitudinal,6,LThigh_to_LShin_ry,LThigh_to_LShin,ry,1.1435573352157725e-08,2.489566180249242e-09,-8.946007171908483e-09,0.05128572464549902,0.06799783230884784
252_T1_vs_T2,longitudinal,6,LThigh_to_LShin_rz,LThigh_to_LShin,rz,3.346201088936257e-08,2.5802928901217317e-08,-7.65908198814525e-09,0.05128572464549902,0.06799783230884784
252_T1_vs_T2,longitudinal,6,LUArm_to_LFArm_rx,LUArm_to_LFArm,rx,0.24842179017578286,0.062275132115728646,-0.1861466580600542,0.05128572464549902,0.06799783230884784
252_T1_vs_T2,longitudinal,6,LUArm_to_LFArm_ry,LUArm_to_LFArm,ry,0.3533289489248736,0.08781906684322038,-0.2655098820816532,0.05128572464549902,0.06799783230884784
252_T1_vs_T2,longitudinal,6,LUArm_to_LFArm_rz,LUArm_to_LFArm,rz,0.16199693468993956,0.10861077707145614,-0.05338615761848342,0.05128572464549902,0.06799783230884784
252_T1_vs_T2,longitudinal,6,Neck2_to_Head_rx,Neck2_to_Head,rx,0.08421560517246664,0.11065734072300028,0.02644173555053364,0.05128572464549902,0.06799783230884784
252_T1_vs_T2,longitudinal,6,Neck2_to_Head_ry,Neck2_to_Head,ry,0.015759810419977927,0.02411415026471473,0.008354339844736804,0.05128572464549902,0.06799783230884784
252_T1_vs_T2,longitudinal,6,Neck2_to_Head_rz,Neck2_to_Head,rz,0.036101037049306596,0.01503487603094636,-0.021066161018360237,0.05128572464549902,0.06799783230884784
252_T1_vs_T2,longitudinal,6,Neck_to_Neck2_rx,Neck_to_Neck2,rx,0.08421198970445425,0.11069513474983711,0.026483145045382864,0.05128572464549902,0.06799783230884784
252_T1_vs_T2,longitudinal,6,Neck_to_Neck2_ry,Neck_to_Neck2,ry,0.017658184376973793,0.024859564558965108,0.007201380181991315,0.05128572464549902,0.06799783230884784
252_T1_vs_T2,longitudinal,6,Neck_to_Neck2_rz,Neck_to_Neck2,rz,0.03521391278391383,0.013744556522655885,-0.021469356261257944,0.05128572464549902,0.06799783230884784
252_T1_vs_T2,longitudinal,6,RFArm_to_RHand_rx,RFArm_to_RHand,rx,0.0070115417983198335,0.013992046694987829,0.006980504896667995,0.05128572464549902,0.06799783230884784
252_T1_vs_T2,longitudinal,6,RFArm_to_RHand_ry,RFArm_to_RHand,ry,0.034227120002377424,0.06922004928746918,0.034992929285091755,0.05128572464549902,0.06799783230884784
252_T1_vs_T2,longitudinal,6,RFArm_to_RHand_rz,RFArm_to_RHand,rz,0.032863381606899854,0.07946895158929801,0.046605569982398155,0.05128572464549902,0.06799783230884784
252_T1_vs_T2,longitudinal,6,RShin_to_RFoot_rx,RShin_to_RFoot,rx,0.10679867200314697,0.11211957889170732,0.0053209068885603505,0.05128572464549902,0.06799783230884784
252_T1_vs_T2,longitudinal,6,RShin_to_RFoot_ry,RShin_to_RFoot,ry,0.07338177776218009,0.09787104149764515,0.02448926373546506,0.05128572464549902,0.06799783230884784
252_T1_vs_T2,longitudinal,6,RShin_to_RFoot_rz,RShin_to_RFoot,rz,0.06504109815071267,0.1052355110705814,0.040194412919868736,0.05128572464549902,0.06799783230884784
252_T1_vs_T2,longitudinal,6,RShoulder_to_RUArm_rx,RShoulder_to_RUArm,rx,0.13180396798543484,0.19813571612928077,0.06633174814384593,0.05128572464549902,0.06799783230884784
252_T1_vs_T2,longitudinal,6,RShoulder_to_RUArm_ry,RShoulder_to_RUArm,ry,0.3427379817052626,0.5273346533843628,0.1845966716791002,0.05128572464549902,0.06799783230884784
252_T1_vs_T2,longitudinal,6,RShoulder_to_RUArm_rz,RShoulder_to_RUArm,rz,0.01278767356244331,0.11253197235293959,0.09974429879049627,0.05128572464549902,0.06799783230884784
252_T1_vs_T2,longitudinal,6,RThigh_to_RShin_rx,RThigh_to_RShin,rx,0.4608067214412721,0.5023061547114264,0.04149943327015426,0.05128572464549902,0.06799783230884784
252_T1_vs_T2,longitudinal,6,RThigh_to_RShin_ry,RThigh_to_RShin,ry,4.928026853258473e-09,7.930450707670638e-09,3.0024238544121653e-09,0.05128572464549902,0.06799783230884784
252_T1_vs_T2,longitudinal,6,RThigh_to_RShin_rz,RThigh_to_RShin,rz,5.668756590564463e-08,6.134553307651006e-08,4.657967170865432e-09,0.05128572464549902,0.06799783230884784
252_T1_vs_T2,longitudinal,6,RUArm_to_RFArm_rx,RUArm_to_RFArm,rx,0.2598566305810305,0.23336743639320598,-0.0264891941878245,0.05128572464549902,0.06799783230884784
252_T1_vs_T2,longitudinal,6,RUArm_to_RFArm_ry,RUArm_to_RFArm,ry,0.2429797448636975,0.2498692132561887,0.006889468392491188,0.05128572464549902,0.06799783230884784
252_T1_vs_T2,longitudinal,6,RUArm_to_RFArm_rz,RUArm_to_RFArm,rz,0.062391200787471526,0.011205325191107372,-0.05118587559636416,0.05128572464549902,0.06799783230884784
252_T1_vs_T2,longitudinal,6,Spine2_to_Spine3_rx,Spine2_to_Spine3,rx,0.0059816711486506205,0.02879408985152008,0.022812418702869458,0.05128572464549902,0.06799783230884784
252_T1_vs_T2,longitudinal,6,Spine2_to_Spine3_ry,Spine2_to_Spine3,ry,0.004318326874438335,0.011705662123826996,0.007387335249388661,0.05128572464549902,0.06799783230884784
252_T1_vs_T2,longitudinal,6,Spine2_to_Spine3_rz,Spine2_to_Spine3,rz,0.021672777860135335,0.001668343748534012,-0.020004434111601323,0.05128572464549902,0.06799783230884784
252_T1_vs_T2,longitudinal,6,Spine3_to_Spine4_rx,Spine3_to_Spine4,rx,0.005987910206117948,0.028791791908060724,0.022803881701942776,0.05128572464549902,0.06799783230884784
252_T1_vs_T2,longitudinal,6,Spine3_to_Spine4_ry,Spine3_to_Spine4,ry,0.003382992252235959,0.011613943162174374,0.008230950909938415,0.05128572464549902,0.06799783230884784
252_T1_vs_T2,longitudinal,6,Spine3_to_Spine4_rz,Spine3_to_Spine4,rz,0.021825805903326084,0.0021600551645053474,-0.019665750738820736,0.05128572464549902,0.06799783230884784
252_T1_vs_T2,longitudinal,6,Spine4_to_Chest_rx,Spine4_to_Chest,rx,0.0059916269517063525,0.028790402252141925,0.022798775300435573,0.05128572464549902,0.06799783230884784
252_T1_vs_T2,longitudinal,6,Spine4_to_Chest_ry,Spine4_to_Chest,ry,0.0028276914901949543,0.011553303698184364,0.00872561220798941,0.05128572464549902,0.06799783230884784
252_T1_vs_T2,longitudinal,6,Spine4_to_Chest_rz,Spine4_to_Chest,rz,0.021903738937915744,0.0024496176641219235,-0.01945412127379382,0.05128572464549902,0.06799783230884784
252_T1_vs_T2,longitudinal,7,252_to_Ab_rx,252_to_Ab,rx,0.01845641783153783,0.018877207879925858,0.00042079004838802697,0.045350461398327414,0.0538843024212506
252_T1_vs_T2,longitudinal,7,252_to_Ab_ry,252_to_Ab,ry,0.04354328070505331,0.022425362074260314,-0.021117918630792997,0.045350461398327414,0.0538843024212506
252_T1_vs_T2,longitudinal,7,252_to_Ab_rz,252_to_Ab,rz,0.00536758397831541,0.0006545538948859318,-0.004713030083429479,0.045350461398327414,0.0538843024212506
252_T1_vs_T2,longitudinal,7,252_to_LThigh_rx,252_to_LThigh,rx,0.07410853744678499,0.1347833056628727,0.06067476821608771,0.045350461398327414,0.0538843024212506
252_T1_vs_T2,longitudinal,7,252_to_LThigh_ry,252_to_LThigh,ry,0.038538395285654524,0.032254222003979025,-0.0062841732816754994,0.045350461398327414,0.0538843024212506
252_T1_vs_T2,longitudinal,7,252_to_LThigh_rz,252_to_LThigh,rz,0.001219754278680818,0.04458103738826254,0.04336128310958172,0.045350461398327414,0.0538843024212506
252_T1_vs_T2,longitudinal,7,252_to_RThigh_rx,252_to_RThigh,rx,0.09152203047951617,0.06630790353026185,-0.025214126949254317,0.045350461398327414,0.0538843024212506
252_T1_vs_T2,longitudinal,7,252_to_RThigh_ry,252_to_RThigh,ry,0.07598846623746178,0.06019514777228505,-0.015793318465176724,0.045350461398327414,0.0538843024212506
252_T1_vs_T2,longitudinal,7,252_to_RThigh_rz,252_to_RThigh,rz,0.016777941777720254,0.025280291334666194,0.00850234955694594,0.045350461398327414,0.0538843024212506
252_T1_vs_T2,longitudinal,7,Ab_to_Spine2_rx,Ab_to_Spine2,rx,0.018323680632359438,0.019268759696239708,0.0009450790638802706,0.045350461398327414,0.0538843024212506
252_T1_vs_T2,longitudinal,7,Ab_to_Spine2_ry,Ab_to_Spine2,ry,0.043553380038955494,0.022326565898893223,-0.02122681414006227,0.045350461398327414,0.0538843024212506
252_T1_vs_T2,longitudinal,7,Ab_to_Spine2_rz,Ab_to_Spine2,rz,0.0017386663308325832,0.008499587618204319,0.006760921287371735,0.045350461398327414,0.0538843024212506
252_T1_vs_T2,longitudinal,7,Chest_to_LShoulder_rx,Chest_to_LShoulder,rx,0.04441723684382701,0.022934095942697134,-0.021483140901129873,0.045350461398327414,0.0538843024212506
252_T1_vs_T2,longitudinal,7,Chest_to_LShoulder_ry,Chest_to_LShoulder,ry,0.0774904518466027,0.016195832746505337,-0.06129461910009737,0.045350461398327414,0.0538843024212506
252_T1_vs_T2,longitudinal,7,Chest_to_LShoulder_rz,Chest_to_LShoulder,rz,0.05551941752736404,0.017347499905544104,-0.03817191762181994,0.045350461398327414,0.0538843024212506
252_T1_vs_T2,longitudinal,7,Chest_to_Neck_rx,Chest_to_Neck,rx,0.035444541549041586,0.04447231342420849,0.009027771875166901,0.045350461398327414,0.0538843024212506
252_T1_vs_T2,longitudinal,7,Chest_to_Neck_ry,Chest_to_Neck,ry,0.0351134684943913,0.03804444229396802,0.0029309737995767207,0.045350461398327414,0.0538843024212506
252_T1_vs_T2,longitudinal,7,Chest_to_Neck_rz,Chest_to_Neck,rz,0.05166772578174888,0.019847306896790363,-0.03182041888495851,0.045350461398327414,0.0538843024212506
252_T1_vs_T2,longitudinal,7,Chest_to_RShoulder_rx,Chest_to_RShoulder,rx,0.05010249908684937,0.015362001038039889,-0.03474049804880948,0.045350461398327414,0.0538843024212506
252_T1_vs_T2,longitudinal,7,Chest_to_RShoulder_ry,Chest_to_RShoulder,ry,0.03841217817102011,0.020629420610745398,-0.017782757560274715,0.045350461398327414,0.0538843024212506
252_T1_vs_T2,longitudinal,7,Chest_to_RShoulder_rz,Chest_to_RShoulder,rz,0.11916348372754679,0.03867842501241031,-0.08048505871513648,0.045350461398327414,0.0538843024212506
252_T1_vs_T2,longitudinal,7,LFArm_to_LHand_rx,LFArm_to_LHand,rx,0.012802782902387481,0.03394400482697932,0.021141221924591835,0.045350461398327414,0.0538843024212506
252_T1_vs_T2,longitudinal,7,LFArm_to_LHand_ry,LFArm_to_LHand,ry,0.058292234756606505,0.1270664178891496,0.0687741831325431,0.045350461398327414,0.0538843024212506
252_T1_vs_T2,longitudinal,7,LFArm_to_LHand_rz,LFArm_to_LHand,rz,0.11690533097419266,0.37224901174036923,0.2553436807661766,0.045350461398327414,0.0538843024212506
252_T1_vs_T2,longitudinal,7,LShin_to_LFoot_rx,LShin_to_LFoot,rx,0.0268404390756153,0.0809590328295878,0.0541185937539725,0.045350461398327414,0.0538843024212506
252_T1_vs_T2,longitudinal,7,LShin_to_LFoot_ry,LShin_to_LFoot,ry,0.06274432857320207,0.07369426448300649,0.01094993590980442,0.045350461398327414,0.0538843024212506
252_T1_vs_T2,longitudinal,7,LShin_to_LFoot_rz,LShin_to_LFoot,rz,0.013278924257785513,0.0504244888246588,0.03714556456687329,0.045350461398327414,0.0538843024212506
252_T1_vs_T2,longitudinal,7,LShoulder_to_LUArm_rx,LShoulder_to_LUArm,rx,0.14669504699857253,0.4066649758401462,0.25996992884157366,0.045350461398327414,0.0538843024212506
252_T1_vs_T2,longitudinal,7,LShoulder_to_LUArm_ry,LShoulder_to_LUArm,ry,0.19121542099076924,0.014132792544294032,-0.1770826284464752,0.045350461398327414,0.0538843024212506
252_T1_vs_T2,longitudinal,7,LShoulder_to_LUArm_rz,LShoulder_to_LUArm,rz,0.31859652235052377,0.2307115009352539,-0.08788502141526988,0.045350461398327414,0.0538843024212506
252_T1_vs_T2,longitudinal,7,LThigh_to_LShin_rx,LThigh_to_LShin,rx,0.060238304178468025,0.32773357534411457,0.26749527116564653,0.045350461398327414,0.0538843024212506
252_T1_vs_T2,longitudinal,7,LThigh_to_LShin_ry,LThigh_to_LShin,ry,2.36160380972713e-09,8.268965951049644e-09,5.907362141322513e-09,0.045350461398327414,0.0538843024212506
252_T1_vs_T2,longitudinal,7,LThigh_to_LShin_rz,LThigh_to_LShin,rz,4.744106266062082e-09,1.315167375948613e-09,-3.4289388901134695e-09,0.045350461398327414,0.0538843024212506
252_T1_vs_T2,longitudinal,7,LUArm_to_LFArm_rx,LUArm_to_LFArm,rx,0.02978632211717633,0.10873531132295274,0.07894898920577641,0.045350461398327414,0.0538843024212506
252_T1_vs_T2,longitudinal,7,LUArm_to_LFArm_ry,LUArm_to_LFArm,ry,0.1730173967636429,0.3260696169871086,0.15305222022346573,0.045350461398327414,0.0538843024212506
252_T1_vs_T2,longitudinal,7,LUArm_to_LFArm_rz,LUArm_to_LFArm,rz,0.032087451619841584,0.08170469952226547,0.04961724790242389,0.045350461398327414,0.0538843024212506
252_T1_vs_T2,longitudinal,7,Neck2_to_Head_rx,Neck2_to_Head,rx,0.03536978993408633,0.04426996027383566,0.008900170339749332,0.045350461398327414,0.0538843024212506
252_T1_vs_T2,longitudinal,7,Neck2_to_Head_ry,Neck2_to_Head,ry,0.04431551813376453,0.04130021924719665,-0.003015298886567881,0.045350461398327414,0.0538843024212506
252_T1_vs_T2,longitudinal,7,Neck2_to_Head_rz,Neck2_to_Head,rz,0.04401972130625127,0.012126702453724299,-0.031893018852526975,0.045350461398327414,0.0538843024212506
252_T1_vs_T2,longitudinal,7,Neck_to_Neck2_rx,Neck_to_Neck2,rx,0.03539036020798071,0.044325963308259206,0.008935603100278494,0.045350461398327414,0.0538843024212506
252_T1_vs_T2,longitudinal,7,Neck_to_Neck2_ry,Neck_to_Neck2,ry,0.041886564708087055,0.04050750827413234,-0.001379056433954716,0.045350461398327414,0.0538843024212506
252_T1_vs_T2,longitudinal,7,Neck_to_Neck2_rz,Neck_to_Neck2,rz,0.046237870540400586,0.014293246778672154,-0.031944623761728436,0.045350461398327414,0.0538843024212506
252_T1_vs_T2,longitudinal,7,RFArm_to_RHand_rx,RFArm_to_RHand,rx,0.01259587421800461,0.014297018035937609,0.0017011438179329978,0.045350461398327414,0.0538843024212506
252_T1_vs_T2,longitudinal,7,RFArm_to_RHand_ry,RFArm_to_RHand,ry,0.06393960878781205,0.10213995164915875,0.0382003428613467,0.045350461398327414,0.0538843024212506
252_T1_vs_T2,longitudinal,7,RFArm_to_RHand_rz,RFArm_to_RHand,rz,0.04692482797947545,0.30815575636878406,0.2612309283893086,0.045350461398327414,0.0538843024212506
252_T1_vs_T2,longitudinal,7,RShin_to_RFoot_rx,RShin_to_RFoot,rx,0.07001278153674172,0.05002884370156163,-0.019983937835180085,0.045350461398327414,0.0538843024212506
252_T1_vs_T2,longitudinal,7,RShin_to_RFoot_ry,RShin_to_RFoot,ry,0.02416235080293809,0.07829477390320612,0.05413242310026803,0.045350461398327414,0.0538843024212506
252_T1_vs_T2,longitudinal,7,RShin_to_RFoot_rz,RShin_to_RFoot,rz,0.012835789108073382,0.050004230552604514,0.03716844144453113,0.045350461398327414,0.0538843024212506
252_T1_vs_T2,longitudinal,7,RShoulder_to_RUArm_rx,RShoulder_to_RUArm,rx,0.31694920710668756,0.07229028636617471,-0.24465892074051285,0.045350461398327414,0.0538843024212506
252_T1_vs_T2,longitudinal,7,RShoulder_to_RUArm_ry,RShoulder_to_RUArm,ry,0.062372338927820355,0.016119745967789447,-0.04625259296003091,0.045350461398327414,0.0538843024212506
252_T1_vs_T2,longitudinal,7,RShoulder_to_RUArm_rz,RShoulder_to_RUArm,rz,0.7631557809903797,0.37226640814015005,-0.3908893728502297,0.045350461398327414,0.0538843024212506
252_T1_vs_T2,longitudinal,7,RThigh_to_RShin_rx,RThigh_to_RShin,rx,0.038896918757694465,0.08083882105679452,0.04194190229910005,0.045350461398327414,0.0538843024212506
252_T1_vs_T2,longitudinal,7,RThigh_to_RShin_ry,RThigh_to_RShin,ry,1.1020023913442646e-08,1.3908274966012154e-08,2.888251052569508e-09,0.045350461398327414,0.0538843024212506
252_T1_vs_T2,longitudinal,7,RThigh_to_RShin_rz,RThigh_to_RShin,rz,3.7464191127756016e-08,3.2776828783123354e-10,-3.7136422839924784e-08,0.045350461398327414,0.0538843024212506
252_T1_vs_T2,longitudinal,7,RUArm_to_RFArm_rx,RUArm_to_RFArm,rx,0.03252584997416549,0.21179572129104748,0.179269871316882,0.045350461398327414,0.0538843024212506
252_T1_vs_T2,longitudinal,7,RUArm_to_RFArm_ry,RUArm_to_RFArm,ry,0.05949483761845023,0.0517359698010187,-0.007758867817431528,0.045350461398327414,0.0538843024212506
252_T1_vs_T2,longitudinal,7,RUArm_to_RFArm_rz,RUArm_to_RFArm,rz,0.024209446868177942,0.12054234754005486,0.09633290067187691,0.045350461398327414,0.0538843024212506
252_T1_vs_T2,longitudinal,7,Spine2_to_Spine3_rx,Spine2_to_Spine3,rx,0.01832391643620017,0.019306147245998717,0.0009822308097985483,0.045350461398327414,0.0538843024212506
252_T1_vs_T2,longitudinal,7,Spine2_to_Spine3_ry,Spine2_to_Spine3,ry,0.04353426695932096,0.02142329954227932,-0.02211096741704164,0.045350461398327414,0.0538843024212506
252_T1_vs_T2,longitudinal,7,Spine2_to_Spine3_rz,Spine2_to_Spine3,rz,0.002453710674043425,0.01061670605179757,0.008162995377754145,0.045350461398327414,0.0538843024212506
252_T1_vs_T2,longitudinal,7,Spine3_to_Spine4_rx,Spine3_to_Spine4,rx,0.018323830356737618,0.019289496783208925,0.0009656664264713066,0.045350461398327414,0.0538843024212506
252_T1_vs_T2,longitudinal,7,Spine3_to_Spine4_ry,Spine3_to_Spine4,ry,0.04357600479046421,0.02184226745170236,-0.021733737338761848,0.045350461398327414,0.0538843024212506
252_T1_vs_T2,longitudinal,7,Spine3_to_Spine4_rz,Spine3_to_Spine4,rz,0.0005878210961968063,0.009681392846189397,0.00909357174999259,0.045350461398327414,0.0538843024212506
252_T1_vs_T2,longitudinal,7,Spine4_to_Chest_rx,Spine4_to_Chest,rx,0.01832377553494821,0.019279677896170907,0.0009559023612226956,0.045350461398327414,0.0538843024212506
252_T1_vs_T2,longitudinal,7,Spine4_to_Chest_ry,Spine4_to_Chest,ry,0.04357564627335944,0.022077408639305043,-0.0214982376340544,0.045350461398327414,0.0538843024212506
252_T1_vs_T2,longitudinal,7,Spine4_to_Chest_rz,Spine4_to_Chest,rz,0.0005164132273967875,0.009122592400633183,0.008606179173236396,0.045350461398327414,0.0538843024212506
252_T1_vs_T2,longitudinal,8,252_to_Ab_rx,252_to_Ab,rx,0.021283458126904863,0.01629955264202385,-0.004983905484881014,0.04339173843402341,0.04680990109108883
252_T1_vs_T2,longitudinal,8,252_to_Ab_ry,252_to_Ab,ry,0.006826517427022255,0.005134444166339656,-0.0016920732606825993,0.04339173843402341,0.04680990109108883
252_T1_vs_T2,longitudinal,8,252_to_Ab_rz,252_to_Ab,rz,0.006681534275800621,0.0037902711268661396,-0.0028912631489344818,0.04339173843402341,0.04680990109108883
252_T1_vs_T2,longitudinal,8,252_to_LThigh_rx,252_to_LThigh,rx,0.2064918741095999,0.274710025272556,0.0682181511629561,0.04339173843402341,0.04680990109108883
252_T1_vs_T2,longitudinal,8,252_to_LThigh_ry,252_to_LThigh,ry,0.00989131722353978,0.021524420082280275,0.011633102858740495,0.04339173843402341,0.04680990109108883
252_T1_vs_T2,longitudinal,8,252_to_LThigh_rz,252_to_LThigh,rz,0.048224401670330874,0.003349342403664545,-0.04487505926666633,0.04339173843402341,0.04680990109108883
252_T1_vs_T2,longitudinal,8,252_to_RThigh_rx,252_to_RThigh,rx,0.07247947543996525,0.054041464592430095,-0.01843801084753515,0.04339173843402341,0.04680990109108883
252_T1_vs_T2,longitudinal,8,252_to_RThigh_ry,252_to_RThigh,ry,0.0013288911933612994,0.03344055246049711,0.03211166126713581,0.04339173843402341,0.04680990109108883
252_T1_vs_T2,longitudinal,8,252_to_RThigh_rz,252_to_RThigh,rz,0.010707860091116584,0.04066655978449814,0.029958699693381552,0.04339173843402341,0.04680990109108883
252_T1_vs_T2,longitudinal,8,Ab_to_Spine2_rx,Ab_to_Spine2,rx,0.02110283730934244,0.015898832009177844,-0.005204005300164596,0.04339173843402341,0.04680990109108883
252_T1_vs_T2,longitudinal,8,Ab_to_Spine2_ry,Ab_to_Spine2,ry,0.005918296520906945,0.005803589592998384,-0.00011470692790856076,0.04339173843402341,0.04680990109108883
252_T1_vs_T2,longitudinal,8,Ab_to_Spine2_rz,Ab_to_Spine2,rz,0.028837562187128764,0.020900414551846113,-0.007937147635282651,0.04339173843402341,0.04680990109108883
252_T1_vs_T2,longitudinal,8,Chest_to_LShoulder_rx,Chest_to_LShoulder,rx,0.037626909099122155,0.0008811060777724771,-0.03674580302134968,0.04339173843402341,0.04680990109108883
252_T1_vs_T2,longitudinal,8,Chest_to_LShoulder_ry,Chest_to_LShoulder,ry,0.03542296722628118,0.0257253333315406,-0.009697633894740581,0.04339173843402341,0.04680990109108883
252_T1_vs_T2,longitudinal,8,Chest_to_LShoulder_rz,Chest_to_LShoulder,rz,0.046979317265791465,0.019758260420555108,-0.027221056845236357,0.04339173843402341,0.04680990109108883
252_T1_vs_T2,longitudinal,8,Chest_to_Neck_rx,Chest_to_Neck,rx,0.04339816023874663,0.030619959876353884,-0.012778200362392748,0.04339173843402341,0.04680990109108883
252_T1_vs_T2,longitudinal,8,Chest_to_Neck_ry,Chest_to_Neck,ry,0.01492311942943449,0.034396017039139797,0.019472897609705307,0.04339173843402341,0.04680990109108883
252_T1_vs_T2,longitudinal,8,Chest_to_Neck_rz,Chest_to_Neck,rz,0.02124260380427084,0.015052642505167217,-0.006189961299103623,0.04339173843402341,0.04680990109108883
252_T1_vs_T2,longitudinal,8,Chest_to_RShoulder_rx,Chest_to_RShoulder,rx,0.02663757615444631,0.030255239470483575,0.003617663316037266,0.04339173843402341,0.04680990109108883
252_T1_vs_T2,longitudinal,8,Chest_to_RShoulder_ry,Chest_to_RShoulder,ry,0.01788823680603094,0.0037733393446322612,-0.014114897461398681,0.04339173843402341,0.04680990109108883
252_T1_vs_T2,longitudinal,8,Chest_to_RShoulder_rz,Chest_to_RShoulder,rz,0.025890739286435312,0.06294723814369921,0.03705649885726389,0.04339173843402341,0.04680990109108883
252_T1_vs_T2,longitudinal,8,LFArm_to_LHand_rx,LFArm_to_LHand,rx,0.0445018283504748,0.0015119946411437596,-0.04298983370933104,0.04339173843402341,0.04680990109108883
252_T1_vs_T2,longitudinal,8,LFArm_to_LHand_ry,LFArm_to_LHand,ry,0.12020619700916908,0.020747997671506233,-0.09945819933766285,0.04339173843402341,0.04680990109108883
252_T1_vs_T2,longitudinal,8,LFArm_to_LHand_rz,LFArm_to_LHand,rz,0.41733879852932343,0.027834793209235865,-0.38950400532008755,0.04339173843402341,0.04680990109108883
252_T1_vs_T2,longitudinal,8,LShin_to_LFoot_rx,LShin_to_LFoot,rx,0.09208144173625708,0.12520920839127628,0.033127766655019195,0.04339173843402341,0.04680990109108883
252_T1_vs_T2,longitudinal,8,LShin_to_LFoot_ry,LShin_to_LFoot,ry,0.07303801576451484,0.04589382977855695,-0.027144185985957886,0.04339173843402341,0.04680990109108883
252_T1_vs_T2,longitudinal,8,LShin_to_LFoot_rz,LShin_to_LFoot,rz,0.038735490186236156,0.0482849365302124,0.009549446343976246,0.04339173843402341,0.04680990109108883
252_T1_vs_T2,longitudinal,8,LShoulder_to_LUArm_rx,LShoulder_to_LUArm,rx,0.20897591269804788,0.011686095526293898,-0.19728981717175398,0.04339173843402341,0.04680990109108883
252_T1_vs_T2,longitudinal,8,LShoulder_to_LUArm_ry,LShoulder_to_LUArm,ry,0.22942580213397754,0.2268112730812743,-0.002614529052703235,0.04339173843402341,0.04680990109108883
252_T1_vs_T2,longitudinal,8,LShoulder_to_LUArm_rz,LShoulder_to_LUArm,rz,0.002106701188415915,0.43396374042787167,0.43185703923945573,0.04339173843402341,0.04680990109108883
252_T1_vs_T2,longitudinal,8,LThigh_to_LShin_rx,LThigh_to_LShin,rx,0.2461384014483202,0.2068266176890948,-0.039311783759225394,0.04339173843402341,0.04680990109108883
252_T1_vs_T2,longitudinal,8,LThigh_to_LShin_ry,LThigh_to_LShin,ry,8.044438611820308e-09,1.642757795235371e-08,8.383139340533401e-09,0.04339173843402341,0.04680990109108883
252_T1_vs_T2,longitudinal,8,LThigh_to_LShin_rz,LThigh_to_LShin,rz,9.376249838767312e-10,1.5624884007993892e-08,1.4687259024117161e-08,0.04339173843402341,0.04680990109108883
252_T1_vs_T2,longitudinal,8,LUArm_to_LFArm_rx,LUArm_to_LFArm,rx,0.1570257656673066,0.3144087781835161,0.15738301251620948,0.04339173843402341,0.04680990109108883
252_T1_vs_T2,longitudinal,8,LUArm_to_LFArm_ry,LUArm_to_LFArm,ry,0.24216859464220808,0.19236379266153836,-0.04980480198066972,0.04339173843402341,0.04680990109108883
252_T1_vs_T2,longitudinal,8,LUArm_to_LFArm_rz,LUArm_to_LFArm,rz,0.25235279749048173,0.12659848337514626,-0.12575431411533547,0.04339173843402341,0.04680990109108883
252_T1_vs_T2,longitudinal,8,Neck2_to_Head_rx,Neck2_to_Head,rx,0.04317449799107491,0.030565749533614864,-0.012608748457460045,0.04339173843402341,0.04680990109108883
252_T1_vs_T2,longitudinal,8,Neck2_to_Head_ry,Neck2_to_Head,ry,0.018573289144174963,0.031094349347339102,0.012521060203164139,0.04339173843402341,0.04680990109108883
252_T1_vs_T2,longitudinal,8,Neck2_to_Head_rz,Neck2_to_Head,rz,0.01797912683212667,0.021263124123886402,0.0032839972917597313,0.04339173843402341,0.04680990109108883
252_T1_vs_T2,longitudinal,8,Neck_to_Neck2_rx,Neck_to_Neck2,rx,0.04323609962143154,0.030580610498634586,-0.012655489122796952,0.04339173843402341,0.04680990109108883
252_T1_vs_T2,longitudinal,8,Neck_to_Neck2_ry,Neck_to_Neck2,ry,0.017613590371323,0.032078665270595476,0.014465074899272477,0.04339173843402341,0.04680990109108883
252_T1_vs_T2,longitudinal,8,Neck_to_Neck2_rz,Neck_to_Neck2,rz,0.018919107266539927,0.01959522527455688,0.000676118008016955,0.04339173843402341,0.04680990109108883
252_T1_vs_T2,longitudinal,8,RFArm_to_RHand_rx,RFArm_to_RHand,rx,0.016621912742271514,0.00469127601959527,-0.011930636722676243,0.04339173843402341,0.04680990109108883
252_T1_vs_T2,longitudinal,8,RFArm_to_RHand_ry,RFArm_to_RHand,ry,0.11773769084400251,0.0009481217017514913,-0.11678956914225103,0.04339173843402341,0.04680990109108883
252_T1_vs_T2,longitudinal,8,RFArm_to_RHand_rz,RFArm_to_RHand,rz,0.37288355930161504,0.055374964343894405,-0.31750859495772066,0.04339173843402341,0.04680990109108883
252_T1_vs_T2,longitudinal,8,RShin_to_RFoot_rx,RShin_to_RFoot,rx,0.0793139664334205,0.06414315565558264,-0.015170810777837856,0.04339173843402341,0.04680990109108883
252_T1_vs_T2,longitudinal,8,RShin_to_RFoot_ry,RShin_to_RFoot,ry,0.09579990354511676,0.08403626437694767,-0.011763639168169096,0.04339173843402341,0.04680990109108883
252_T1_vs_T2,longitudinal,8,RShin_to_RFoot_rz,RShin_to_RFoot,rz,0.06708526661753067,0.10674228845673107,0.039657021839200404,0.04339173843402341,0.04680990109108883
252_T1_vs_T2,longitudinal,8,RShoulder_to_RUArm_rx,RShoulder_to_RUArm,rx,0.2243864667326528,0.3043659255381908,0.079979458805538,0.04339173843402341,0.04680990109108883
252_T1_vs_T2,longitudinal,8,RShoulder_to_RUArm_ry,RShoulder_to_RUArm,ry,0.1591887951611634,0.18322598734716336,0.02403719218599995,0.04339173843402341,0.04680990109108883
252_T1_vs_T2,longitudinal,8,RShoulder_to_RUArm_rz,RShoulder_to_RUArm,rz,0.010639748900010708,0.1621108432895858,0.1514710943895751,0.04339173843402341,0.04680990109108883
252_T1_vs_T2,longitudinal,8,RThigh_to_RShin_rx,RThigh_to_RShin,rx,0.23417636098569253,0.3742537665372017,0.1400774055515092,0.04339173843402341,0.04680990109108883
252_T1_vs_T2,longitudinal,8,RThigh_to_RShin_ry,RThigh_to_RShin,ry,1.8843049438088135e-08,2.114392939942626e-08,2.300879961338124e-09,0.04339173843402341,0.04680990109108883
252_T1_vs_T2,longitudinal,8,RThigh_to_RShin_rz,RThigh_to_RShin,rz,2.7702624439686603e-08,1.4643936017744892e-08,-1.3058688421941711e-08,0.04339173843402341,0.04680990109108883
252_T1_vs_T2,longitudinal,8,RUArm_to_RFArm_rx,RUArm_to_RFArm,rx,0.21469900257502952,0.3010708579702716,0.08637185539524209,0.04339173843402341,0.04680990109108883
252_T1_vs_T2,longitudinal,8,RUArm_to_RFArm_ry,RUArm_to_RFArm,ry,0.057742665511506724,0.035094205295415404,-0.02264846021609132,0.04339173843402341,0.04680990109108883
252_T1_vs_T2,longitudinal,8,RUArm_to_RFArm_rz,RUArm_to_RFArm,rz,0.25797884710511576,0.19025354266436628,-0.06772530444074948,0.04339173843402341,0.04680990109108883
252_T1_vs_T2,longitudinal,8,Spine2_to_Spine3_rx,Spine2_to_Spine3,rx,0.021145728527536947,0.0158941013870813,-0.005251627140455649,0.04339173843402341,0.04680990109108883
252_T1_vs_T2,longitudinal,8,Spine2_to_Spine3_ry,Spine2_to_Spine3,ry,0.008657689741505346,0.003780705598186126,-0.00487698414331922,0.04339173843402341,0.04680990109108883
252_T1_vs_T2,longitudinal,8,Spine2_to_Spine3_rz,Spine2_to_Spine3,rz,0.028124535395164622,0.021352793363999662,-0.00677174203116496,0.04339173843402341,0.04680990109108883
252_T1_vs_T2,longitudinal,8,Spine3_to_Spine4_rx,Spine3_to_Spine4,rx,0.02112665285864633,0.015896268378786552,-0.005230384479859778,0.04339173843402341,0.04680990109108883
252_T1_vs_T2,longitudinal,8,Spine3_to_Spine4_ry,Spine3_to_Spine4,ry,0.0074444262443769255,0.00468439949572836,-0.0027600267486485655,0.04339173843402341,0.04680990109108883
252_T1_vs_T2,longitudinal,8,Spine3_to_Spine4_rz,Spine3_to_Spine4,rz,0.028463563869013206,0.021167355824267025,-0.007296208044746181,0.04339173843402341,0.04680990109108883
252_T1_vs_T2,longitudinal,8,Spine4_to_Chest_rx,Spine4_to_Chest,rx,0.021115360083657574,0.015897428392401425,-0.005217931691256148,0.04339173843402341,0.04680990109108883
252_T1_vs_T2,longitudinal,8,Spine4_to_Chest_ry,Spine4_to_Chest,ry,0.006721854369569874,0.005216653897523308,-0.0015052004720465658,0.04339173843402341,0.04680990109108883
252_T1_vs_T2,longitudinal,8,Spine4_to_Chest_rz,Spine4_to_Chest,rz,0.028647873806074167,0.021045624666019103,-0.007602249140055063,0.04339173843402341,0.04680990109108883
252_T1_vs_T2,longitudinal,9,252_to_Ab_rx,252_to_Ab,rx,0.01032578886228757,0.015718284920847415,0.005392496058559845,0.03686230310155562,0.03948492088561421
252_T1_vs_T2,longitudinal,9,252_to_Ab_ry,252_to_Ab,ry,0.011790569790914432,0.0103510124122882,-0.001439557378626232,0.03686230310155562,0.03948492088561421
252_T1_vs_T2,longitudinal,9,252_to_Ab_rz,252_to_Ab,rz,0.005121388323856987,0.003653045687036019,-0.0014683426368209684,0.03686230310155562,0.03948492088561421
252_T1_vs_T2,longitudinal,9,252_to_LThigh_rx,252_to_LThigh,rx,0.24033938525142173,0.13219101727726146,-0.10814836797416028,0.03686230310155562,0.03948492088561421
252_T1_vs_T2,longitudinal,9,252_to_LThigh_ry,252_to_LThigh,ry,0.03118495285832812,0.030525736334763954,-0.0006592165235641649,0.03686230310155562,0.03948492088561421
252_T1_vs_T2,longitudinal,9,252_to_LThigh_rz,252_to_LThigh,rz,0.05153629056222951,0.11076816441265652,0.05923187385042701,0.03686230310155562,0.03948492088561421
252_T1_vs_T2,longitudinal,9,252_to_RThigh_rx,252_to_RThigh,rx,0.04710307593803491,0.13902435915295921,0.09192128321492431,0.03686230310155562,0.03948492088561421
252_T1_vs_T2,longitudinal,9,252_to_RThigh_ry,252_to_RThigh,ry,0.03689042649599253,0.032604407416136384,-0.0042860190798561446,0.03686230310155562,0.03948492088561421
252_T1_vs_T2,longitudinal,9,252_to_RThigh_rz,252_to_RThigh,rz,0.11465953224982071,0.035427907676939756,-0.07923162457288097,0.03686230310155562,0.03948492088561421
252_T1_vs_T2,longitudinal,9,Ab_to_Spine2_rx,Ab_to_Spine2,rx,0.010280812872781143,0.0164411286177808,0.006160315744999659,0.03686230310155562,0.03948492088561421
252_T1_vs_T2,longitudinal,9,Ab_to_Spine2_ry,Ab_to_Spine2,ry,0.011779889999234575,0.010385784893180818,-0.0013941051060537574,0.03686230310155562,0.03948492088561421
252_T1_vs_T2,longitudinal,9,Ab_to_Spine2_rz,Ab_to_Spine2,rz,0.01944099718713867,0.012439536335795101,-0.00700146085134357,0.03686230310155562,0.03948492088561421
252_T1_vs_T2,longitudinal,9,Chest_to_LShoulder_rx,Chest_to_LShoulder,rx,0.027378499043056854,0.03862999820548524,0.011251499162428385,0.03686230310155562,0.03948492088561421
252_T1_vs_T2,longitudinal,9,Chest_to_LShoulder_ry,Chest_to_LShoulder,ry,0.06809485122195201,0.048651111573186426,-0.019443739648765584,0.03686230310155562,0.03948492088561421
252_T1_vs_T2,longitudinal,9,Chest_to_LShoulder_rz,Chest_to_LShoulder,rz,0.0189243413252227,0.05743542697339071,0.03851108564816801,0.03686230310155562,0.03948492088561421
252_T1_vs_T2,longitudinal,9,Chest_to_Neck_rx,Chest_to_Neck,rx,0.052508013428499825,0.014155856720787304,-0.03835215670771252,0.03686230310155562,0.03948492088561421
252_T1_vs_T2,longitudinal,9,Chest_to_Neck_ry,Chest_to_Neck,ry,0.04429947426177861,0.029137626275578785,-0.015161847986199826,0.03686230310155562,0.03948492088561421
252_T1_vs_T2,longitudinal,9,Chest_to_Neck_rz,Chest_to_Neck,rz,0.01931121943224159,0.009188868712250924,-0.010122350719990666,0.03686230310155562,0.03948492088561421
252_T1_vs_T2,longitudinal,9,Chest_to_RShoulder_rx,Chest_to_RShoulder,rx,0.0014009085304787716,0.03173421537776295,0.030333306847284178,0.03686230310155562,0.03948492088561421
252_T1_vs_T2,longitudinal,9,Chest_to_RShoulder_ry,Chest_to_RShoulder,ry,0.042173184311440584,0.026121006040026602,-0.016052178271413982,0.03686230310155562,0.03948492088561421
252_T1_vs_T2,longitudinal,9,Chest_to_RShoulder_rz,Chest_to_RShoulder,rz,0.09294864292723624,0.16306935779711812,0.07012071486988188,0.03686230310155562,0.03948492088561421
252_T1_vs_T2,longitudinal,9,LFArm_to_LHand_rx,LFArm_to_LHand,rx,0.026469320121828774,0.03554825004488247,0.009078929923053695,0.03686230310155562,0.03948492088561421
252_T1_vs_T2,longitudinal,9,LFArm_to_LHand_ry,LFArm_to_LHand,ry,0.025771107327608362,0.08387529364001588,0.05810418631240752,0.03686230310155562,0.03948492088561421
252_T1_vs_T2,longitudinal,9,LFArm_to_LHand_rz,LFArm_to_LHand,rz,0.19628330084096549,0.2914644472221041,0.09518114638113859,0.03686230310155562,0.03948492088561421
252_T1_vs_T2,longitudinal,9,LShin_to_LFoot_rx,LShin_to_LFoot,rx,0.12207936252482411,0.03944444235851557,-0.08263492016630855,0.03686230310155562,0.03948492088561421
252_T1_vs_T2,longitudinal,9,LShin_to_LFoot_ry,LShin_to_LFoot,ry,0.002336635947430936,0.0476849763807296,0.04534834043329866,0.03686230310155562,0.03948492088561421
252_T1_vs_T2,longitudinal,9,LShin_to_LFoot_rz,LShin_to_LFoot,rz,0.05675070376006831,0.0436067916730004,-0.013143912087067916,0.03686230310155562,0.03948492088561421
252_T1_vs_T2,longitudinal,9,LShoulder_to_LUArm_rx,LShoulder_to_LUArm,rx,0.07533863958621041,0.249766339396592,0.1744276998103816,0.03686230310155562,0.03948492088561421
252_T1_vs_T2,longitudinal,9,LShoulder_to_LUArm_ry,LShoulder_to_LUArm,ry,0.20571080724901983,0.2374028271004264,0.03169201985140657,0.03686230310155562,0.03948492088561421
252_T1_vs_T2,longitudinal,9,LShoulder_to_LUArm_rz,LShoulder_to_LUArm,rz,0.23783017012518193,0.35833403319671714,0.12050386307153521,0.03686230310155562,0.03948492088561421
252_T1_vs_T2,longitudinal,9,LThigh_to_LShin_rx,LThigh_to_LShin,rx,0.1798493608942768,0.33624637757657744,0.15639701668230063,0.03686230310155562,0.03948492088561421
252_T1_vs_T2,longitudinal,9,LThigh_to_LShin_ry,LThigh_to_LShin,ry,2.9087439975714992e-08,1.1476886294856529e-08,-1.761055368085846e-08,0.03686230310155562,0.03948492088561421
252_T1_vs_T2,longitudinal,9,LThigh_to_LShin_rz,LThigh_to_LShin,rz,3.2300200827697967e-08,3.4828341903608183e-10,-3.195191740866188e-08,0.03686230310155562,0.03948492088561421
252_T1_vs_T2,longitudinal,9,LUArm_to_LFArm_rx,LUArm_to_LFArm,rx,0.12899110656742338,0.008724848809137953,-0.12026625775828542,0.03686230310155562,0.03948492088561421
252_T1_vs_T2,longitudinal,9,LUArm_to_LFArm_ry,LUArm_to_LFArm,ry,0.2071797512452128,0.14924097252939525,-0.05793877871581754,0.03686230310155562,0.03948492088561421
252_T1_vs_T2,longitudinal,9,LUArm_to_LFArm_rz,LUArm_to_LFArm,rz,0.1041525366797354,0.1393225146745946,0.035169977994859214,0.03686230310155562,0.03948492088561421
252_T1_vs_T2,longitudinal,9,Neck2_to_Head_rx,Neck2_to_Head,rx,0.052676311891213724,0.014331714477807752,-0.03834459741340597,0.03686230310155562,0.03948492088561421
252_T1_vs_T2,longitudinal,9,Neck2_to_Head_ry,Neck2_to_Head,ry,0.039803794441945005,0.03027142017056978,-0.009532374271375224,0.03686230310155562,0.03948492088561421
252_T1_vs_T2,longitudinal,9,Neck2_to_Head_rz,Neck2_to_Head,rz,0.02721719398417137,0.0034831376328985737,-0.023734056351272795,0.03686230310155562,0.03948492088561421
252_T1_vs_T2,longitudinal,9,Neck_to_Neck2_rx,Neck_to_Neck2,rx,0.05263038445888869,0.014283258389612821,-0.03834712606927587,0.03686230310155562,0.03948492088561421
252_T1_vs_T2,longitudinal,9,Neck_to_Neck2_ry,Neck_to_Neck2,ry,0.041135126984342955,0.03003293466332014,-0.011102192321022816,0.03686230310155562,0.03948492088561421
252_T1_vs_T2,longitudinal,9,Neck_to_Neck2_rz,Neck_to_Neck2,rz,0.0251042378783782,0.005062402533219133,-0.02004183534515907,0.03686230310155562,0.03948492088561421
252_T1_vs_T2,longitudinal,9,RFArm_to_RHand_rx,RFArm_to_RHand,rx,0.004665345912803329,0.003885386505053118,-0.000779959407750211,0.03686230310155562,0.03948492088561421
252_T1_vs_T2,longitudinal,9,RFArm_to_RHand_ry,RFArm_to_RHand,ry,0.01725986947254834,0.059698555932945034,0.042438686460396696,0.03686230310155562,0.03948492088561421
252_T1_vs_T2,longitudinal,9,RFArm_to_RHand_rz,RFArm_to_RHand,rz,0.06477457339878806,0.1864084314925801,0.12163385809379204,0.03686230310155562,0.03948492088561421
252_T1_vs_T2,longitudinal,9,RShin_to_RFoot_rx,RShin_to_RFoot,rx,0.08473750672409747,0.030699214461193527,-0.054038292262903936,0.03686230310155562,0.03948492088561421
252_T1_vs_T2,longitudinal,9,RShin_to_RFoot_ry,RShin_to_RFoot,ry,0.07686556359460245,0.02099944130650754,-0.05586612228809491,0.03686230310155562,0.03948492088561421
252_T1_vs_T2,longitudinal,9,RShin_to_RFoot_rz,RShin_to_RFoot,rz,0.1268804199831832,0.03676091963873947,-0.09011950034444373,0.03686230310155562,0.03948492088561421
252_T1_vs_T2,longitudinal,9,RShoulder_to_RUArm_rx,RShoulder_to_RUArm,rx,0.20070665443384178,0.16499900382233237,-0.035707650611509406,0.03686230310155562,0.03948492088561421
252_T1_vs_T2,longitudinal,9,RShoulder_to_RUArm_ry,RShoulder_to_RUArm,ry,0.4041809859749653,0.067697916311959,-0.33648306966300634,0.03686230310155562,0.03948492088561421
252_T1_vs_T2,longitudinal,9,RShoulder_to_RUArm_rz,RShoulder_to_RUArm,rz,0.09001827106622051,0.5387217731721743,0.4487035021059538,0.03686230310155562,0.03948492088561421
252_T1_vs_T2,longitudinal,9,RThigh_to_RShin_rx,RThigh_to_RShin,rx,0.5287423284060008,0.051127237228909876,-0.4776150911770909,0.03686230310155562,0.03948492088561421
252_T1_vs_T2,longitudinal,9,RThigh_to_RShin_ry,RThigh_to_RShin,ry,6.917811259440672e-09,2.082517619272671e-08,1.3907364933286038e-08,0.03686230310155562,0.03948492088561421
252_T1_vs_T2,longitudinal,9,RThigh_to_RShin_rz,RThigh_to_RShin,rz,2.8765043192241635e-08,1.8792466185088104e-08,-9.972577007153531e-09,0.03686230310155562,0.03948492088561421
252_T1_vs_T2,longitudinal,9,RUArm_to_RFArm_rx,RUArm_to_RFArm,rx,0.24497415844187043,0.13636753038534527,-0.10860662805652516,0.03686230310155562,0.03948492088561421
252_T1_vs_T2,longitudinal,9,RUArm_to_RFArm_ry,RUArm_to_RFArm,ry,0.19304517516538444,0.06579189470926206,-0.1272532804561224,0.03686230310155562,0.03948492088561421
252_T1_vs_T2,longitudinal,9,RUArm_to_RFArm_rz,RUArm_to_RFArm,rz,0.006359673913385714,0.12947027280363982,0.12311059889025411,0.03686230310155562,0.03948492088561421
252_T1_vs_T2,longitudinal,9,Spine2_to_Spine3_rx,Spine2_to_Spine3,rx,0.0102289282674519,0.016419464006263835,0.006190535738811936,0.03686230310155562,0.03948492088561421
252_T1_vs_T2,longitudinal,9,Spine2_to_Spine3_ry,Spine2_to_Spine3,ry,0.013605153229873365,0.011539551034590523,-0.0020656021952828417,0.03686230310155562,0.03948492088561421
252_T1_vs_T2,longitudinal,9,Spine2_to_Spine3_rz,Spine2_to_Spine3,rz,0.018235038832026963,0.011396459488526998,-0.0068385793434999655,0.03686230310155562,0.03948492088561421
252_T1_vs_T2,longitudinal,9,Spine3_to_Spine4_rx,Spine3_to_Spine4,rx,0.010252102885056902,0.016429177634990518,0.006177074749933616,0.03686230310155562,0.03948492088561421
252_T1_vs_T2,longitudinal,9,Spine3_to_Spine4_ry,Spine3_to_Spine4,ry,0.012802169000984367,0.011034220749197595,-0.001767948251786772,0.03686230310155562,0.03948492088561421
252_T1_vs_T2,longitudinal,9,Spine3_to_Spine4_rz,Spine3_to_Spine4,rz,0.01878638066167651,0.01186993343276527,-0.00691644722891124,0.03686230310155562,0.03948492088561421
252_T1_vs_T2,longitudinal,9,Spine4_to_Chest_rx,Spine4_to_Chest,rx,0.010265680861057197,0.016434773917420993,0.006169093056363796,0.03686230310155562,0.03948492088561421
252_T1_vs_T2,longitudinal,9,Spine4_to_Chest_ry,Spine4_to_Chest,ry,0.012319792250787616,0.01072891368708191,-0.0015908785637057058,0.03686230310155562,0.03948492088561421
252_T1_vs_T2,longitudinal,9,Spine4_to_Chest_rz,Spine4_to_Chest,rz,0.019101638587674608,0.012143174477906048,-0.00695846410976856,0.03686230310155562,0.03948492088561421
252_T1_vs_T2,longitudinal,10,252_to_Ab_rx,252_to_Ab,rx,0.015639233981470692,0.027431067437485013,0.011791833456014322,0.03283724527663931,0.025076872372794518
252_T1_vs_T2,longitudinal,10,252_to_Ab_ry,252_to_Ab,ry,0.0061838188078900125,0.0435902961562064,0.03740647734831639,0.03283724527663931,0.025076872372794518
252_T1_vs_T2,longitudinal,10,252_to_Ab_rz,252_to_Ab,rz,0.005453318387779987,0.011419600523301664,0.005966282135521677,0.03283724527663931,0.025076872372794518
252_T1_vs_T2,longitudinal,10,252_to_LThigh_rx,252_to_LThigh,rx,0.1464361853560892,0.1579867544546815,0.011550569098592284,0.03283724527663931,0.025076872372794518
252_T1_vs_T2,longitudinal,10,252_to_LThigh_ry,252_to_LThigh,ry,0.027725322415767036,0.014161649199638731,-0.013563673216128305,0.03283724527663931,0.025076872372794518
252_T1_vs_T2,longitudinal,10,252_to_LThigh_rz,252_to_LThigh,rz,0.03714984269298047,0.09418339435017954,0.057033551657199075,0.03283724527663931,0.025076872372794518
252_T1_vs_T2,longitudinal,10,252_to_RThigh_rx,252_to_RThigh,rx,0.059276103303101554,0.11940449164893988,0.06012838834583832,0.03283724527663931,0.025076872372794518
252_T1_vs_T2,longitudinal,10,252_to_RThigh_ry,252_to_RThigh,ry,0.05393272370550611,0.04398481242244395,-0.009947911283062154,0.03283724527663931,0.025076872372794518
252_T1_vs_T2,longitudinal,10,252_to_RThigh_rz,252_to_RThigh,rz,0.029125580835633588,0.08199438775348745,0.05286880691785387,0.03283724527663931,0.025076872372794518
252_T1_vs_T2,longitudinal,10,Ab_to_Spine2_rx,Ab_to_Spine2,rx,0.014939558603956545,0.027873494061755526,0.012933935457798982,0.03283724527663931,0.025076872372794518
252_T1_vs_T2,longitudinal,10,Ab_to_Spine2_ry,Ab_to_Spine2,ry,0.0067199567855612844,0.043252744982833075,0.03653278819727179,0.03283724527663931,0.025076872372794518
252_T1_vs_T2,longitudinal,10,Ab_to_Spine2_rz,Ab_to_Spine2,rz,0.029601375385243992,0.0312578512769656,0.0016564758917216073,0.03283724527663931,0.025076872372794518
252_T1_vs_T2,longitudinal,10,Chest_to_LShoulder_rx,Chest_to_LShoulder,rx,0.017110767850898774,0.02524327182524179,0.008132503974343015,0.03283724527663931,0.025076872372794518
252_T1_vs_T2,longitudinal,10,Chest_to_LShoulder_ry,Chest_to_LShoulder,ry,0.020208001469593184,0.12023879405314983,0.10003079258355664,0.03283724527663931,0.025076872372794518
252_T1_vs_T2,longitudinal,10,Chest_to_LShoulder_rz,Chest_to_LShoulder,rz,0.018651840039494903,0.0358607752657644,0.017208935226269498,0.03283724527663931,0.025076872372794518
252_T1_vs_T2,longitudinal,10,Chest_to_Neck_rx,Chest_to_Neck,rx,0.020773826739175803,0.06135833171102702,0.04058450497185122,0.03283724527663931,0.025076872372794518
252_T1_vs_T2,longitudinal,10,Chest_to_Neck_ry,Chest_to_Neck,ry,0.040573442267844595,0.03541973511405079,-0.0051537071537938045,0.03283724527663931,0.025076872372794518
252_T1_vs_T2,longitudinal,10,Chest_to_Neck_rz,Chest_to_Neck,rz,0.010911693144944652,0.05278376282038056,0.041872069675435906,0.03283724527663931,0.025076872372794518
252_T1_vs_T2,longitudinal,10,Chest_to_RShoulder_rx,Chest_to_RShoulder,rx,0.011671042505060146,0.011507582435231577,-0.00016346006982856896,0.03283724527663931,0.025076872372794518
252_T1_vs_T2,longitudinal,10,Chest_to_RShoulder_ry,Chest_to_RShoulder,ry,0.04392597060665607,0.08568465704637185,0.04175868643971578,0.03283724527663931,0.025076872372794518
252_T1_vs_T2,longitudinal,10,Chest_to_RShoulder_rz,Chest_to_RShoulder,rz,0.029758943719123396,0.03540780769788423,0.005648863978760833,0.03283724527663931,0.025076872372794518
252_T1_vs_T2,longitudinal,10,LFArm_to_LHand_rx,LFArm_to_LHand,rx,0.01164275039164277,0.032374381371461716,0.020731630979818946,0.03283724527663931,0.025076872372794518
252_T1_vs_T2,longitudinal,10,LFArm_to_LHand_ry,LFArm_to_LHand,ry,0.05042519541822301,0.0782103168047081,0.027785121386485083,0.03283724527663931,0.025076872372794518
252_T1_vs_T2,longitudinal,10,LFArm_to_LHand_rz,LFArm_to_LHand,rz,0.1392159603598735,0.24444718751511085,0.10523122715523736,0.03283724527663931,0.025076872372794518
252_T1_vs_T2,longitudinal,10,LShin_to_LFoot_rx,LShin_to_LFoot,rx,0.04657890171232697,0.01132578610833047,-0.03525311560399649,0.03283724527663931,0.025076872372794518
252_T1_vs_T2,longitudinal,10,LShin_to_LFoot_ry,LShin_to_LFoot,ry,0.020673624231159746,0.04678837278197533,0.026114748550815588,0.03283724527663931,0.025076872372794518
252_T1_vs_T2,longitudinal,10,LShin_to_LFoot_rz,LShin_to_LFoot,rz,0.012301713642825729,0.02302993117191725,0.010728217529091522,0.03283724527663931,0.025076872372794518
252_T1_vs_T2,longitudinal,10,LShoulder_to_LUArm_rx,LShoulder_to_LUArm,rx,0.5255886875362663,0.18469829088846423,-0.3408903966478021,0.03283724527663931,0.025076872372794518
252_T1_vs_T2,longitudinal,10,LShoulder_to_LUArm_ry,LShoulder_to_LUArm,ry,0.3397461209050138,0.5323395074577361,0.19259338655272223,0.03283724527663931,0.025076872372794518
252_T1_vs_T2,longitudinal,10,LShoulder_to_LUArm_rz,LShoulder_to_LUArm,rz,0.4150817692360361,0.33197268559202664,-0.08310908364400948,0.03283724527663931,0.025076872372794518
252_T1_vs_T2,longitudinal,10,LThigh_to_LShin_rx,LThigh_to_LShin,rx,0.02037270635452206,0.15977270022006335,0.13939999386554128,0.03283724527663931,0.025076872372794518
252_T1_vs_T2,longitudinal,10,LThigh_to_LShin_ry,LThigh_to_LShin,ry,2.1216837916783567e-09,2.171891978643927e-10,-1.904494593813964e-09,0.03283724527663931,0.025076872372794518
252_T1_vs_T2,longitudinal,10,LThigh_to_LShin_rz,LThigh_to_LShin,rz,1.2484106370895689e-08,1.2491108348645743e-08,7.001977750054472e-12,0.03283724527663931,0.025076872372794518
252_T1_vs_T2,longitudinal,10,LUArm_to_LFArm_rx,LUArm_to_LFArm,rx,0.02997063856461355,0.02354971482523727,-0.006420923739376281,0.03283724527663931,0.025076872372794518
252_T1_vs_T2,longitudinal,10,LUArm_to_LFArm_ry,LUArm_to_LFArm,ry,0.22536622764131956,0.15421752521607848,-0.07114870242524107,0.03283724527663931,0.025076872372794518
252_T1_vs_T2,longitudinal,10,LUArm_to_LFArm_rz,LUArm_to_LFArm,rz,0.0066058223978390646,0.09252525229932139,0.08591942990148232,0.03283724527663931,0.025076872372794518
252_T1_vs_T2,longitudinal,10,Neck2_to_Head_rx,Neck2_to_Head,rx,0.02061104176611716,0.061385066651240154,0.040774024885122995,0.03283724527663931,0.025076872372794518
252_T1_vs_T2,longitudinal,10,Neck2_to_Head_ry,Neck2_to_Head,ry,0.0379766047259535,0.044640063063668654,0.0066634583377151516,0.03283724527663931,0.025076872372794518
252_T1_vs_T2,longitudinal,10,Neck2_to_Head_rz,Neck2_to_Head,rz,0.018529195019476603,0.04514971965308253,0.026620524633605928,0.03283724527663931,0.025076872372794518
252_T1_vs_T2,longitudinal,10,Neck_to_Neck2_rx,Neck_to_Neck2,rx,0.0206554994441363,0.06137796933037083,0.04072246988623453,0.03283724527663931,0.025076872372794518
252_T1_vs_T2,longitudinal,10,Neck_to_Neck2_ry,Neck_to_Neck2,ry,0.03878935825525993,0.0422038285078019,0.0034144702525419693,0.03283724527663931,0.025076872372794518
252_T1_vs_T2,longitudinal,10,Neck_to_Neck2_rz,Neck_to_Neck2,rz,0.01646459096559213,0.04735927148844784,0.030894680522855707,0.03283724527663931,0.025076872372794518
252_T1_vs_T2,longitudinal,10,RFArm_to_RHand_rx,RFArm_to_RHand,rx,0.014978909341483215,0.01007639309487883,-0.004902516246604385,0.03283724527663931,0.025076872372794518
252_T1_vs_T2,longitudinal,10,RFArm_to_RHand_ry,RFArm_to_RHand,ry,0.07491455799325493,0.06504746149474366,-0.009867096498511266,0.03283724527663931,0.025076872372794518
252_T1_vs_T2,longitudinal,10,RFArm_to_RHand_rz,RFArm_to_RHand,rz,0.19172564145671175,0.10319238164873767,-0.08853325980797408,0.03283724527663931,0.025076872372794518
252_T1_vs_T2,longitudinal,10,RShin_to_RFoot_rx,RShin_to_RFoot,rx,0.013075617666890426,0.04976810338581319,0.036692485718922765,0.03283724527663931,0.025076872372794518
252_T1_vs_T2,longitudinal,10,RShin_to_RFoot_ry,RShin_to_RFoot,ry,0.017568891578526695,0.013971432502630656,-0.0035974590758960385,0.03283724527663931,0.025076872372794518
252_T1_vs_T2,longitudinal,10,RShin_to_RFoot_rz,RShin_to_RFoot,rz,0.023331357297545683,0.05305963809848054,0.02972828080093486,0.03283724527663931,0.025076872372794518
252_T1_vs_T2,longitudinal,10,RShoulder_to_RUArm_rx,RShoulder_to_RUArm,rx,0.12321665636144102,0.1711823819327996,0.047965725571358586,0.03283724527663931,0.025076872372794518
252_T1_vs_T2,longitudinal,10,RShoulder_to_RUArm_ry,RShoulder_to_RUArm,ry,0.3640620639978984,0.288189240570565,-0.07587282342733342,0.03283724527663931,0.025076872372794518
252_T1_vs_T2,longitudinal,10,RShoulder_to_RUArm_rz,RShoulder_to_RUArm,rz,0.30650021762548313,0.3575976972518138,0.051097479626330655,0.03283724527663931,0.025076872372794518
252_T1_vs_T2,longitudinal,10,RThigh_to_RShin_rx,RThigh_to_RShin,rx,0.11569560827382211,0.10994998914835155,-0.005745619125470558,0.03283724527663931,0.025076872372794518
252_T1_vs_T2,longitudinal,10,RThigh_to_RShin_ry,RThigh_to_RShin,ry,2.205010527835601e-08,9.843744353765826e-09,-1.2206360924590183e-08,0.03283724527663931,0.025076872372794518
252_T1_vs_T2,longitudinal,10,RThigh_to_RShin_rz,RThigh_to_RShin,rz,1.8215288655249865e-08,3.355078598556206e-08,1.5335497330312192e-08,0.03283724527663931,0.025076872372794518
252_T1_vs_T2,longitudinal,10,RUArm_to_RFArm_rx,RUArm_to_RFArm,rx,0.018750820311813514,0.03150667691852379,0.012755856606710275,0.03283724527663931,0.025076872372794518
252_T1_vs_T2,longitudinal,10,RUArm_to_RFArm_ry,RUArm_to_RFArm,ry,0.0997498105240894,0.20194509324263504,0.10219528271854564,0.03283724527663931,0.025076872372794518
252_T1_vs_T2,longitudinal,10,RUArm_to_RFArm_rz,RUArm_to_RFArm,rz,0.06119449881406115,0.08250899679749123,0.021314497983430075,0.03283724527663931,0.025076872372794518
252_T1_vs_T2,longitudinal,10,Spine2_to_Spine3_rx,Spine2_to_Spine3,rx,0.014966341509590066,0.027851279041191165,0.012884937531601099,0.03283724527663931,0.025076872372794518
252_T1_vs_T2,longitudinal,10,Spine2_to_Spine3_ry,Spine2_to_Spine3,ry,0.0038574178826565678,0.046066598501599776,0.04220918061894321,0.03283724527663931,0.025076872372794518
252_T1_vs_T2,longitudinal,10,Spine2_to_Spine3_rz,Spine2_to_Spine3,rz,0.03011405875371346,0.02696940680307352,-0.00314465195063994,0.03283724527663931,0.025076872372794518
252_T1_vs_T2,longitudinal,10,Spine3_to_Spine4_rx,Spine3_to_Spine4,rx,0.01495447268474024,0.02786121637817818,0.01290674369343794,0.03283724527663931,0.025076872372794518
252_T1_vs_T2,longitudinal,10,Spine3_to_Spine4_ry,Spine3_to_Spine4,ry,0.005135478675215445,0.04484817465292854,0.0397126959777131,0.03283724527663931,0.025076872372794518
252_T1_vs_T2,longitudinal,10,Spine3_to_Spine4_rz,Spine3_to_Spine4,rz,0.02990842124027009,0.02890045589458854,-0.001007965345681549,0.03283724527663931,0.025076872372794518
252_T1_vs_T2,longitudinal,10,Spine4_to_Chest_rx,Spine4_to_Chest,rx,0.014947349576730579,0.027867038578470914,0.012919689001740335,0.03283724527663931,0.025076872372794518
252_T1_vs_T2,longitudinal,10,Spine4_to_Chest_ry,Spine4_to_Chest,ry,0.005888811457785827,0.04410144438246478,0.038212632924678955,0.03283724527663931,0.025076872372794518
252_T1_vs_T2,longitudinal,10,Spine4_to_Chest_rz,Spine4_to_Chest,rz,0.029769705422431347,0.03002633656003371,0.00025663113760236375,0.03283724527663931,0.025076872372794518
252_T1_vs_T3,longitudinal,1,252_to_Ab_rx,252_to_Ab,rx,0.013809345997317863,0.018646521225270177,0.004837175227952314,0.20399850834675715,0.26706750285098757
252_T1_vs_T3,longitudinal,1,252_to_Ab_ry,252_to_Ab,ry,0.0013315460132733992,0.013006572506321246,0.011675026493047847,0.20399850834675715,0.26706750285098757
252_T1_vs_T3,longitudinal,1,252_to_Ab_rz,252_to_Ab,rz,0.0030181956421579947,0.0003680111040646246,-0.00265018453809337,0.20399850834675715,0.26706750285098757
252_T1_vs_T3,longitudinal,1,252_to_LThigh_rx,252_to_LThigh,rx,0.018951714828184973,0.04551578704193663,0.026564072213751656,0.20399850834675715,0.26706750285098757
252_T1_vs_T3,longitudinal,1,252_to_LThigh_ry,252_to_LThigh,ry,0.005992979750890026,0.019138896297706254,0.013145916546816228,0.20399850834675715,0.26706750285098757
252_T1_vs_T3,longitudinal,1,252_to_LThigh_rz,252_to_LThigh,rz,0.03812041832561602,0.0976100976637433,0.05948967933812728,0.20399850834675715,0.26706750285098757
252_T1_vs_T3,longitudinal,1,252_to_RThigh_rx,252_to_RThigh,rx,0.10752147239019227,0.2399909647309886,0.13246949234079633,0.20399850834675715,0.26706750285098757
252_T1_vs_T3,longitudinal,1,252_to_RThigh_ry,252_to_RThigh,ry,0.020945382905936095,0.012349204821434449,-0.008596178084501646,0.20399850834675715,0.26706750285098757
252_T1_vs_T3,longitudinal,1,252_to_RThigh_rz,252_to_RThigh,rz,0.08489887213298557,0.058531008214808715,-0.026367863918176852,0.20399850834675715,0.26706750285098757
252_T1_vs_T3,longitudinal,1,Ab_to_Spine2_rx,Ab_to_Spine2,rx,0.013722404693997343,0.019058128417092906,0.005335723723095563,0.20399850834675715,0.26706750285098757
252_T1_vs_T3,longitudinal,1,Ab_to_Spine2_ry,Ab_to_Spine2,ry,0.0012856375017360193,0.01292749837512602,0.01164186087339,0.20399850834675715,0.26706750285098757
252_T1_vs_T3,longitudinal,1,Ab_to_Spine2_rz,Ab_to_Spine2,rz,0.016545466896036583,0.006600695055873614,-0.009944771840162969,0.20399850834675715,0.26706750285098757
252_T1_vs_T3,longitudinal,1,Chest_to_LShoulder_rx,Chest_to_LShoulder,rx,0.021854946357986595,0.0276272858684297,0.005772339510443106,0.20399850834675715,0.26706750285098757
252_T1_vs_T3,longitudinal,1,Chest_to_LShoulder_ry,Chest_to_LShoulder,ry,0.010797888658521732,0.05430967037853104,0.0435117817200093,0.20399850834675715,0.26706750285098757
252_T1_vs_T3,longitudinal,1,Chest_to_LShoulder_rz,Chest_to_LShoulder,rz,0.056353929537537276,0.09865516782903387,0.042301238291496596,0.20399850834675715,0.26706750285098757
252_T1_vs_T3,longitudinal,1,Chest_to_Neck_rx,Chest_to_Neck,rx,0.009952325884429776,0.023674703103282384,0.013722377218852609,0.20399850834675715,0.26706750285098757
252_T1_vs_T3,longitudinal,1,Chest_to_Neck_ry,Chest_to_Neck,ry,0.025134418027816637,0.04181154524058077,0.016677127212764133,0.20399850834675715,0.26706750285098757
252_T1_vs_T3,longitudinal,1,Chest_to_Neck_rz,Chest_to_Neck,rz,0.007443020086095132,0.02189370564566303,0.014450685559567897,0.20399850834675715,0.26706750285098757
252_T1_vs_T3,longitudinal,1,Chest_to_RShoulder_rx,Chest_to_RShoulder,rx,0.02548933612372813,0.016788764021873157,-0.008700572101854973,0.20399850834675715,0.26706750285098757
252_T1_vs_T3,longitudinal,1,Chest_to_RShoulder_ry,Chest_to_RShoulder,ry,0.006681903902753428,0.00910847790287011,0.0024265740001166826,0.20399850834675715,0.26706750285098757
252_T1_vs_T3,longitudinal,1,Chest_to_RShoulder_rz,Chest_to_RShoulder,rz,0.01452060842964722,0.019451115152682476,0.004930506723035256,0.20399850834675715,0.26706750285098757
252_T1_vs_T3,longitudinal,1,LFArm_to_LHand_rx,LFArm_to_LHand,rx,0.004895109915505458,0.014539240281641296,0.009644130366135838,0.20399850834675715,0.26706750285098757
252_T1_vs_T3,longitudinal,1,LFArm_to_LHand_ry,LFArm_to_LHand,ry,0.04147143979565025,0.02145792761911877,-0.020013512176531485,0.20399850834675715,0.26706750285098757
252_T1_vs_T3,longitudinal,1,LFArm_to_LHand_rz,LFArm_to_LHand,rz,0.13472349921042776,0.06978846195903307,-0.06493503725139468,0.20399850834675715,0.26706750285098757
252_T1_vs_T3,longitudinal,1,LShin_to_LFoot_rx,LShin_to_LFoot,rx,0.017380549310887342,0.02215891876268777,0.004778369451800428,0.20399850834675715,0.26706750285098757
252_T1_vs_T3,longitudinal,1,LShin_to_LFoot_ry,LShin_to_LFoot,ry,0.007329619513026713,0.04486541398227337,0.03753579446924665,0.20399850834675715,0.26706750285098757
252_T1_vs_T3,longitudinal,1,LShin_to_LFoot_rz,LShin_to_LFoot,rz,0.013895681201215622,0.02648197760327755,0.012586296402061927,0.20399850834675715,0.26706750285098757
252_T1_vs_T3,longitudinal,1,LShoulder_to_LUArm_rx,LShoulder_to_LUArm,rx,0.09820282180544695,0.016132218761053793,-0.08207060304439316,0.20399850834675715,0.26706750285098757
252_T1_vs_T3,longitudinal,1,LShoulder_to_LUArm_ry,LShoulder_to_LUArm,ry,0.3247158973434882,0.1494121602197938,-0.1753037371236944,0.20399850834675715,0.26706750285098757
252_T1_vs_T3,longitudinal,1,LShoulder_to_LUArm_rz,LShoulder_to_LUArm,rz,0.07897614614634028,0.3140595907135629,0.23508344456722258,0.20399850834675715,0.26706750285098757
252_T1_vs_T3,longitudinal,1,LThigh_to_LShin_rx,LThigh_to_LShin,rx,0.09382597477519287,0.25890543697455226,0.16507946219935937,0.20399850834675715,0.26706750285098757
252_T1_vs_T3,longitudinal,1,LThigh_to_LShin_ry,LThigh_to_LShin,ry,1.1609395620325744e-08,1.4830242629223198e-08,3.2208470088974545e-09,0.20399850834675715,0.26706750285098757
252_T1_vs_T3,longitudinal,1,LThigh_to_LShin_rz,LThigh_to_LShin,rz,2.33760085240331e-08,4.632791109221643e-09,-1.8743217414811454e-08,0.20399850834675715,0.26706750285098757
252_T1_vs_T3,longitudinal,1,LUArm_to_LFArm_rx,LUArm_to_LFArm,rx,0.02803496313661598,0.2158711983388392,0.1878362352022232,0.20399850834675715,0.26706750285098757
252_T1_vs_T3,longitudinal,1,LUArm_to_LFArm_ry,LUArm_to_LFArm,ry,0.6532271019956453,0.425628337234235,-0.22759876476141028,0.20399850834675715,0.26706750285098757
252_T1_vs_T3,longitudinal,1,LUArm_to_LFArm_rz,LUArm_to_LFArm,rz,0.14424493833906565,0.3382543412952345,0.19400940295616886,0.20399850834675715,0.26706750285098757
252_T1_vs_T3,longitudinal,1,Neck2_to_Head_rx,Neck2_to_Head,rx,0.00972463525483934,0.023784866919328348,0.014060231664489008,0.20399850834675715,0.26706750285098757
252_T1_vs_T3,longitudinal,1,Neck2_to_Head_ry,Neck2_to_Head,ry,0.02323949744721994,0.04523287312259903,0.02199337567537909,0.20399850834675715,0.26706750285098757
252_T1_vs_T3,longitudinal,1,Neck2_to_Head_rz,Neck2_to_Head,rz,0.012053884353129884,0.013513299945715459,0.0014594155925855747,0.20399850834675715,0.26706750285098757
252_T1_vs_T3,longitudinal,1,Neck_to_Neck2_rx,Neck_to_Neck2,rx,0.009787214951321033,0.023755023395179507,0.013967808443858474,0.20399850834675715,0.26706750285098757
252_T1_vs_T3,longitudinal,1,Neck_to_Neck2_ry,Neck_to_Neck2,ry,0.023818024950573186,0.04440097915122726,0.020582954200654074,0.20399850834675715,0.26706750285098757
252_T1_vs_T3,longitudinal,1,Neck_to_Neck2_rz,Neck_to_Neck2,rz,0.010812371667811274,0.015858965469442415,0.00504659380163114,0.20399850834675715,0.26706750285098757
252_T1_vs_T3,longitudinal,1,RFArm_to_RHand_rx,RFArm_to_RHand,rx,0.0012598377336073868,0.008433964392173596,0.00717412665856621,0.20399850834675715,0.26706750285098757
252_T1_vs_T3,longitudinal,1,RFArm_to_RHand_ry,RFArm_to_RHand,ry,0.043330416682536,0.07011027652087858,0.02677985983834258,0.20399850834675715,0.26706750285098757
252_T1_vs_T3,longitudinal,1,RFArm_to_RHand_rz,RFArm_to_RHand,rz,0.16175332885188423,0.05941657195135966,-0.10233675690052457,0.20399850834675715,0.26706750285098757
252_T1_vs_T3,longitudinal,1,RShin_to_RFoot_rx,RShin_to_RFoot,rx,0.06410479707118552,0.09467122915760098,0.030566432086415463,0.20399850834675715,0.26706750285098757
252_T1_vs_T3,longitudinal,1,RShin_to_RFoot_ry,RShin_to_RFoot,ry,0.027025795942700492,0.054089760249404345,0.027063964306703853,0.20399850834675715,0.26706750285098757
252_T1_vs_T3,longitudinal,1,RShin_to_RFoot_rz,RShin_to_RFoot,rz,0.039775121499634525,0.017715634531942862,-0.022059486967691663,0.20399850834675715,0.26706750285098757
252_T1_vs_T3,longitudinal,1,RShoulder_to_RUArm_rx,RShoulder_to_RUArm,rx,0.4336006360088508,0.1526043059968992,-0.28099633001195157,0.20399850834675715,0.26706750285098757
252_T1_vs_T3,longitudinal,1,RShoulder_to_RUArm_ry,RShoulder_to_RUArm,ry,0.07027811445990366,0.2793568380465214,0.20907872358661772,0.20399850834675715,0.26706750285098757
252_T1_vs_T3,longitudinal,1,RShoulder_to_RUArm_rz,RShoulder_to_RUArm,rz,0.11242415527424392,0.18688229004335463,0.07445813476911071,0.20399850834675715,0.26706750285098757
252_T1_vs_T3,longitudinal,1,RThigh_to_RShin_rx,RThigh_to_RShin,rx,0.20929020562745915,0.37697102640334085,0.1676808207758817,0.20399850834675715,0.26706750285098757
252_T1_vs_T3,longitudinal,1,RThigh_to_RShin_ry,RThigh_to_RShin,ry,6.201461956867684e-09,8.93412923450468e-09,2.732667277636996e-09,0.20399850834675715,0.26706750285098757
252_T1_vs_T3,longitudinal,1,RThigh_to_RShin_rz,RThigh_to_RShin,rz,2.7592959609339688e-09,4.095620170055646e-08,3.819690573962249e-08,0.20399850834675715,0.26706750285098757
252_T1_vs_T3,longitudinal,1,RUArm_to_RFArm_rx,RUArm_to_RFArm,rx,0.19673231173075376,0.1960774824512244,-0.0006548292795293675,0.20399850834675715,0.26706750285098757
252_T1_vs_T3,longitudinal,1,RUArm_to_RFArm_ry,RUArm_to_RFArm,ry,0.1982959025958155,0.11700927354521229,-0.08128662905060322,0.20399850834675715,0.26706750285098757
252_T1_vs_T3,longitudinal,1,RUArm_to_RFArm_rz,RUArm_to_RFArm,rz,0.09547984055859968,0.10534109992328894,0.009861259364689262,0.20399850834675715,0.26706750285098757
252_T1_vs_T3,longitudinal,1,Spine2_to_Spine3_rx,Spine2_to_Spine3,rx,0.013788188450631123,0.019093150862547172,0.00530496241191605,0.20399850834675715,0.26706750285098757
252_T1_vs_T3,longitudinal,1,Spine2_to_Spine3_ry,Spine2_to_Spine3,ry,0.0003155765856885398,0.01223071046830243,0.011915133882613891,0.20399850834675715,0.26706750285098757
252_T1_vs_T3,longitudinal,1,Spine2_to_Spine3_rz,Spine2_to_Spine3,rz,0.01660921440848188,0.007820903313179112,-0.00878831109530277,0.20399850834675715,0.26706750285098757
252_T1_vs_T3,longitudinal,1,Spine3_to_Spine4_rx,Spine3_to_Spine4,rx,0.013758941374095807,0.01907760567856345,0.005318664304467643,0.20399850834675715,0.26706750285098757
252_T1_vs_T3,longitudinal,1,Spine3_to_Spine4_ry,Spine3_to_Spine4,ry,0.0003978162096154941,0.012550658370473158,0.012152842160857664,0.20399850834675715,0.26706750285098757
252_T1_vs_T3,longitudinal,1,Spine3_to_Spine4_rz,Spine3_to_Spine4,rz,0.016593621984859225,0.007283387724655572,-0.009310234260203653,0.20399850834675715,0.26706750285098757
252_T1_vs_T3,longitudinal,1,Spine4_to_Chest_rx,Spine4_to_Chest,rx,0.01374157127486785,0.019068298557376424,0.005326727282508574,0.20399850834675715,0.26706750285098757
252_T1_vs_T3,longitudinal,1,Spine4_to_Chest_ry,Spine4_to_Chest,ry,0.0008194386246127444,0.012732554998721434,0.01191311637410869,0.20399850834675715,0.26706750285098757
252_T1_vs_T3,longitudinal,1,Spine4_to_Chest_rz,Spine4_to_Chest,rz,0.016574730345074735,0.006961095660535691,-0.009613634684539045,0.20399850834675715,0.26706750285098757
252_T1_vs_T3,longitudinal,2,252_to_Ab_rx,252_to_Ab,rx,0.006027635083815251,0.004171018588941903,-0.0018566164948733473,0.13547235856696857,0.218833249696261
252_T1_vs_T3,longitudinal,2,252_to_Ab_ry,252_to_Ab,ry,0.006857850685403399,0.002972382270473713,-0.0038854684149296865,0.13547235856696857,0.218833249696261
252_T1_vs_T3,longitudinal,2,252_to_Ab_rz,252_to_Ab,rz,0.0016319566825375165,0.0003559405419920895,-0.001276016140545427,0.13547235856696857,0.218833249696261
252_T1_vs_T3,longitudinal,2,252_to_LThigh_rx,252_to_LThigh,rx,0.040798270657003005,0.03209075938450367,-0.008707511272499337,0.13547235856696857,0.218833249696261
252_T1_vs_T3,longitudinal,2,252_to_LThigh_ry,252_to_LThigh,ry,0.012270272556758055,0.031690143654874534,0.01941987109811648,0.13547235856696857,0.218833249696261
252_T1_vs_T3,longitudinal,2,252_to_LThigh_rz,252_to_LThigh,rz,0.014089870505407998,0.05900872800396885,0.04491885749856085,0.13547235856696857,0.218833249696261
252_T1_vs_T3,longitudinal,2,252_to_RThigh_rx,252_to_RThigh,rx,0.05609840592460025,0.04355118126932902,-0.012547224655271229,0.13547235856696857,0.218833249696261
252_T1_vs_T3,longitudinal,2,252_to_RThigh_ry,252_to_RThigh,ry,0.013694398419850923,0.007514052656849362,-0.0061803457630015615,0.13547235856696857,0.218833249696261
252_T1_vs_T3,longitudinal,2,252_to_RThigh_rz,252_to_RThigh,rz,0.016652795934785275,0.016009046889433342,-0.000643749045351933,0.13547235856696857,0.218833249696261
252_T1_vs_T3,longitudinal,2,Ab_to_Spine2_rx,Ab_to_Spine2,rx,0.006053944325615725,0.004423010737883653,-0.0016309335877320716,0.13547235856696857,0.218833249696261
252_T1_vs_T3,longitudinal,2,Ab_to_Spine2_ry,Ab_to_Spine2,ry,0.007199610419489168,0.002950575173014141,-0.004249035246475026,0.13547235856696857,0.218833249696261
252_T1_vs_T3,longitudinal,2,Ab_to_Spine2_rz,Ab_to_Spine2,rz,0.011283583926301256,0.0038966779028269866,-0.00738690602347427,0.13547235856696857,0.218833249696261
252_T1_vs_T3,longitudinal,2,Chest_to_LShoulder_rx,Chest_to_LShoulder,rx,0.02273224781451956,0.002489056174138656,-0.020243191640380905,0.13547235856696857,0.218833249696261
252_T1_vs_T3,longitudinal,2,Chest_to_LShoulder_ry,Chest_to_LShoulder,ry,0.008289066078902722,0.02793130853436251,0.01964224245545979,0.13547235856696857,0.218833249696261
252_T1_vs_T3,longitudinal,2,Chest_to_LShoulder_rz,Chest_to_LShoulder,rz,0.04434938495651536,0.01006968422516597,-0.03427970073134939,0.13547235856696857,0.218833249696261
252_T1_vs_T3,longitudinal,2,Chest_to_Neck_rx,Chest_to_Neck,rx,0.010474491219180053,0.012304176395970824,0.0018296851767907706,0.13547235856696857,0.218833249696261
252_T1_vs_T3,longitudinal,2,Chest_to_Neck_ry,Chest_to_Neck,ry,0.019337416307940093,0.009918063099780418,-0.009419353208159675,0.13547235856696857,0.218833249696261
252_T1_vs_T3,longitudinal,2,Chest_to_Neck_rz,Chest_to_Neck,rz,0.015435040743569743,0.017191099167169512,0.0017560584235997694,0.13547235856696857,0.218833249696261
252_T1_vs_T3,longitudinal,2,Chest_to_RShoulder_rx,Chest_to_RShoulder,rx,0.0017414675908840915,0.006828974044978602,0.005087506454094511,0.13547235856696857,0.218833249696261
252_T1_vs_T3,longitudinal,2,Chest_to_RShoulder_ry,Chest_to_RShoulder,ry,0.014803971007651658,0.026990776237229643,0.012186805229577985,0.13547235856696857,0.218833249696261
252_T1_vs_T3,longitudinal,2,Chest_to_RShoulder_rz,Chest_to_RShoulder,rz,0.10549790654967173,0.0978608423417494,-0.007637064207922331,0.13547235856696857,0.218833249696261
252_T1_vs_T3,longitudinal,2,LFArm_to_LHand_rx,LFArm_to_LHand,rx,0.0053031409398786485,0.010378816425457852,0.0050756754855792036,0.13547235856696857,0.218833249696261
252_T1_vs_T3,longitudinal,2,LFArm_to_LHand_ry,LFArm_to_LHand,ry,0.031137490303447084,0.017338477761946275,-0.013799012541500809,0.13547235856696857,0.218833249696261
252_T1_vs_T3,longitudinal,2,LFArm_to_LHand_rz,LFArm_to_LHand,rz,0.05050807531066071,0.03079344235657584,-0.019714632954084873,0.13547235856696857,0.218833249696261
252_T1_vs_T3,longitudinal,2,LShin_to_LFoot_rx,LShin_to_LFoot,rx,0.03354921561107294,0.025200233762753484,-0.008348981848319458,0.13547235856696857,0.218833249696261
252_T1_vs_T3,longitudinal,2,LShin_to_LFoot_ry,LShin_to_LFoot,ry,0.030212280714741652,0.01333325050124591,-0.01687903021349574,0.13547235856696857,0.218833249696261
252_T1_vs_T3,longitudinal,2,LShin_to_LFoot_rz,LShin_to_LFoot,rz,0.017577285576014,0.00045243616820175,-0.017124849407812247,0.13547235856696857,0.218833249696261
252_T1_vs_T3,longitudinal,2,LShoulder_to_LUArm_rx,LShoulder_to_LUArm,rx,0.008805118437933768,0.015508816625885397,0.006703698187951629,0.13547235856696857,0.218833249696261
252_T1_vs_T3,longitudinal,2,LShoulder_to_LUArm_ry,LShoulder_to_LUArm,ry,0.11513225123770594,0.04450220724416197,-0.07063004399354397,0.13547235856696857,0.218833249696261
252_T1_vs_T3,longitudinal,2,LShoulder_to_LUArm_rz,LShoulder_to_LUArm,rz,0.028617984346008814,0.02236144265981692,-0.006256541686191896,0.13547235856696857,0.218833249696261
252_T1_vs_T3,longitudinal,2,LThigh_to_LShin_rx,LThigh_to_LShin,rx,0.03500329816910091,0.0945354691646899,0.05953217099558899,0.13547235856696857,0.218833249696261
252_T1_vs_T3,longitudinal,2,LThigh_to_LShin_ry,LThigh_to_LShin,ry,1.17272493980424e-09,1.0379656507826592e-08,9.206931568022351e-09,0.13547235856696857,0.218833249696261
252_T1_vs_T3,longitudinal,2,LThigh_to_LShin_rz,LThigh_to_LShin,rz,6.566239675179851e-09,1.4744480427788688e-08,8.178240752608837e-09,0.13547235856696857,0.218833249696261
252_T1_vs_T3,longitudinal,2,LUArm_to_LFArm_rx,LUArm_to_LFArm,rx,0.05665730646740265,0.09376627168628171,0.03710896521887906,0.13547235856696857,0.218833249696261
252_T1_vs_T3,longitudinal,2,LUArm_to_LFArm_ry,LUArm_to_LFArm,ry,0.40708049002910734,0.17544155690676144,-0.2316389331223459,0.13547235856696857,0.218833249696261
252_T1_vs_T3,longitudinal,2,LUArm_to_LFArm_rz,LUArm_to_LFArm,rz,0.047210127164698266,0.1415302390428915,0.09432011187819322,0.13547235856696857,0.218833249696261
252_T1_vs_T3,longitudinal,2,Neck2_to_Head_rx,Neck2_to_Head,rx,0.01060152011038499,0.012304492506951549,0.0017029723965665579,0.13547235856696857,0.218833249696261
252_T1_vs_T3,longitudinal,2,Neck2_to_Head_ry,Neck2_to_Head,ry,0.01603484602882599,0.006580377152856461,-0.009454468875969527,0.13547235856696857,0.218833249696261
252_T1_vs_T3,longitudinal,2,Neck2_to_Head_rz,Neck2_to_Head,rz,0.018818238007387644,0.018784491473939777,-3.3746533447866905e-05,0.13547235856696857,0.218833249696261
252_T1_vs_T3,longitudinal,2,Neck_to_Neck2_rx,Neck_to_Neck2,rx,0.010566750018253633,0.012304552839898243,0.00173780282164461,0.13547235856696857,0.218833249696261
252_T1_vs_T3,longitudinal,2,Neck_to_Neck2_ry,Neck_to_Neck2,ry,0.016984712364762133,0.007517683047155157,-0.009467029317606976,0.13547235856696857,0.218833249696261
252_T1_vs_T3,longitudinal,2,Neck_to_Neck2_rz,Neck_to_Neck2,rz,0.017931512370399173,0.01838648788636977,0.00045497551597059593,0.13547235856696857,0.218833249696261
252_T1_vs_T3,longitudinal,2,RFArm_to_RHand_rx,RFArm_to_RHand,rx,0.010819994912168479,0.006655588466830437,-0.004164406445338042,0.13547235856696857,0.218833249696261
252_T1_vs_T3,longitudinal,2,RFArm_to_RHand_ry,RFArm_to_RHand,ry,0.08265371041946039,0.06898378077255499,-0.013669929646905402,0.13547235856696857,0.218833249696261
252_T1_vs_T3,longitudinal,2,RFArm_to_RHand_rz,RFArm_to_RHand,rz,0.08675531992272911,0.09397207848190525,0.00721675855917614,0.13547235856696857,0.218833249696261
252_T1_vs_T3,longitudinal,2,RShin_to_RFoot_rx,RShin_to_RFoot,rx,0.025784757083683815,0.031047888424035015,0.005263131340351199,0.13547235856696857,0.218833249696261
252_T1_vs_T3,longitudinal,2,RShin_to_RFoot_ry,RShin_to_RFoot,ry,0.009908115222403032,0.037827329387488576,0.027919214165085544,0.13547235856696857,0.218833249696261
252_T1_vs_T3,longitudinal,2,RShin_to_RFoot_rz,RShin_to_RFoot,rz,0.0062577734174630514,0.03272657213708262,0.026468798719619567,0.13547235856696857,0.218833249696261
252_T1_vs_T3,longitudinal,2,RShoulder_to_RUArm_rx,RShoulder_to_RUArm,rx,0.3624308591387293,0.37797946460470244,0.015548605465973142,0.13547235856696857,0.218833249696261
252_T1_vs_T3,longitudinal,2,RShoulder_to_RUArm_ry,RShoulder_to_RUArm,ry,0.14902070983736423,0.08937316835084615,-0.05964754148651809,0.13547235856696857,0.218833249696261
252_T1_vs_T3,longitudinal,2,RShoulder_to_RUArm_rz,RShoulder_to_RUArm,rz,0.2862689637527646,0.34919689168928997,0.06292792793652535,0.13547235856696857,0.218833249696261
252_T1_vs_T3,longitudinal,2,RThigh_to_RShin_rx,RThigh_to_RShin,rx,0.12128258481706712,0.11378475990113379,-0.007497824915933329,0.13547235856696857,0.218833249696261
252_T1_vs_T3,longitudinal,2,RThigh_to_RShin_ry,RThigh_to_RShin,ry,4.735016758242559e-09,8.92611252195153e-09,4.191095763708971e-09,0.13547235856696857,0.218833249696261
252_T1_vs_T3,longitudinal,2,RThigh_to_RShin_rz,RThigh_to_RShin,rz,2.478649339438333e-08,5.525324533120513e-09,-1.926116886126282e-08,0.13547235856696857,0.218833249696261
252_T1_vs_T3,longitudinal,2,RUArm_to_RFArm_rx,RUArm_to_RFArm,rx,0.539619105930387,0.5634201933571895,0.023801087426802536,0.13547235856696857,0.218833249696261
252_T1_vs_T3,longitudinal,2,RUArm_to_RFArm_ry,RUArm_to_RFArm,ry,0.3559271543149677,0.3811250526192026,0.02519789830423491,0.13547235856696857,0.218833249696261
252_T1_vs_T3,longitudinal,2,RUArm_to_RFArm_rz,RUArm_to_RFArm,rz,0.3186753055493988,0.37446690579205355,0.055791600242654726,0.13547235856696857,0.218833249696261
252_T1_vs_T3,longitudinal,2,Spine2_to_Spine3_rx,Spine2_to_Spine3,rx,0.006072891202154471,0.004438940591840291,-0.0016339506103141797,0.13547235856696857,0.218833249696261
252_T1_vs_T3,longitudinal,2,Spine2_to_Spine3_ry,Spine2_to_Spine3,ry,0.006091754706627553,0.0025603113165090746,-0.0035314433901184783,0.13547235856696857,0.218833249696261
252_T1_vs_T3,longitudinal,2,Spine2_to_Spine3_rz,Spine2_to_Spine3,rz,0.011919862630294103,0.004167019280575875,-0.007752843349718228,0.13547235856696857,0.218833249696261
252_T1_vs_T3,longitudinal,2,Spine3_to_Spine4_rx,Spine3_to_Spine4,rx,0.006064453581090187,0.004431866287715597,-0.0016325872933745907,0.13547235856696857,0.218833249696261
252_T1_vs_T3,longitudinal,2,Spine3_to_Spine4_ry,Spine3_to_Spine4,ry,0.0065897995310107895,0.002736254611509712,-0.0038535449195010777,0.13547235856696857,0.218833249696261
252_T1_vs_T3,longitudinal,2,Spine3_to_Spine4_rz,Spine3_to_Spine4,rz,0.011645363706391763,0.004049846917591461,-0.007595516788800302,0.13547235856696857,0.218833249696261
252_T1_vs_T3,longitudinal,2,Spine4_to_Chest_rx,Spine4_to_Chest,rx,0.006059484048275762,0.004427627479945785,-0.001631856568329977,0.13547235856696857,0.218833249696261
252_T1_vs_T3,longitudinal,2,Spine4_to_Chest_ry,Spine4_to_Chest,ry,0.006880781313467773,0.00283864489911748,-0.004042136414350294,0.13547235856696857,0.218833249696261
252_T1_vs_T3,longitudinal,2,Spine4_to_Chest_rz,Spine4_to_Chest,rz,0.011476326283972736,0.003978092927085634,-0.007498233356887102,0.13547235856696857,0.218833249696261
252_T1_vs_T3,longitudinal,3,252_to_Ab_rx,252_to_Ab,rx,0.022782999614953295,0.0048775756141879265,-0.01790542400076537,0.1204251238549306,0.15367883332448548
252_T1_vs_T3,longitudinal,3,252_to_Ab_ry,252_to_Ab,ry,0.0009572845390156126,0.0035324772733794888,0.002575192734363876,0.1204251238549306,0.15367883332448548
252_T1_vs_T3,longitudinal,3,252_to_Ab_rz,252_to_Ab,rz,0.0018541036481160011,0.003104562759644074,0.001250459111528073,0.1204251238549306,0.15367883332448548
252_T1_vs_T3,longitudinal,3,252_to_LThigh_rx,252_to_LThigh,rx,0.07188683513293487,0.08649848845046404,0.014611653317529172,0.1204251238549306,0.15367883332448548
252_T1_vs_T3,longitudinal,3,252_to_LThigh_ry,252_to_LThigh,ry,0.030701038498362254,0.07634510261316033,0.04564406411479807,0.1204251238549306,0.15367883332448548
252_T1_vs_T3,longitudinal,3,252_to_LThigh_rz,252_to_LThigh,rz,0.060393951083117764,0.08558988405568901,0.02519593297257125,0.1204251238549306,0.15367883332448548
252_T1_vs_T3,longitudinal,3,252_to_RThigh_rx,252_to_RThigh,rx,0.09795677314358563,0.1664640354981614,0.06850726235457578,0.1204251238549306,0.15367883332448548
252_T1_vs_T3,longitudinal,3,252_to_RThigh_ry,252_to_RThigh,ry,0.009043659317000541,0.08286932696873978,0.07382566765173923,0.1204251238549306,0.15367883332448548
252_T1_vs_T3,longitudinal,3,252_to_RThigh_rz,252_to_RThigh,rz,0.014241952628784667,0.02465919834422705,0.010417245715442383,0.1204251238549306,0.15367883332448548
252_T1_vs_T3,longitudinal,3,Ab_to_Spine2_rx,Ab_to_Spine2,rx,0.022999535318643332,0.005948009954091275,-0.017051525364552057,0.1204251238549306,0.15367883332448548
252_T1_vs_T3,longitudinal,3,Ab_to_Spine2_ry,Ab_to_Spine2,ry,0.0008634870425386666,0.0034320922148799995,0.002568605172341333,0.1204251238549306,0.15367883332448548
252_T1_vs_T3,longitudinal,3,Ab_to_Spine2_rz,Ab_to_Spine2,rz,0.007629941066406208,0.01225721314526661,0.0046272720788604026,0.1204251238549306,0.15367883332448548
252_T1_vs_T3,longitudinal,3,Chest_to_LShoulder_rx,Chest_to_LShoulder,rx,0.006880678469900127,0.017359835404962803,0.010479156935062676,0.1204251238549306,0.15367883332448548
252_T1_vs_T3,longitudinal,3,Chest_to_LShoulder_ry,Chest_to_LShoulder,ry,0.0014088553479140466,0.014503741861741127,0.01309488651382708,0.1204251238549306,0.15367883332448548
252_T1_vs_T3,longitudinal,3,Chest_to_LShoulder_rz,Chest_to_LShoulder,rz,0.020443126477562534,0.001243453181615039,-0.019199673295947496,0.1204251238549306,0.15367883332448548
252_T1_vs_T3,longitudinal,3,Chest_to_Neck_rx,Chest_to_Neck,rx,0.02731986893096481,0.04346111502935185,0.01614124609838704,0.1204251238549306,0.15367883332448548
252_T1_vs_T3,longitudinal,3,Chest_to_Neck_ry,Chest_to_Neck,ry,0.026028034884937448,0.04566023609131828,0.01963220120638083,0.1204251238549306,0.15367883332448548
252_T1_vs_T3,longitudinal,3,Chest_to_Neck_rz,Chest_to_Neck,rz,0.017941957304522027,0.049304247357993235,0.03136229005347121,0.1204251238549306,0.15367883332448548
252_T1_vs_T3,longitudinal,3,Chest_to_RShoulder_rx,Chest_to_RShoulder,rx,0.054775296733152345,0.051664334380231595,-0.00311096235292075,0.1204251238549306,0.15367883332448548
252_T1_vs_T3,longitudinal,3,Chest_to_RShoulder_ry,Chest_to_RShoulder,ry,0.0308930692713768,0.03494122249490702,0.004048153223530217,0.1204251238549306,0.15367883332448548
252_T1_vs_T3,longitudinal,3,Chest_to_RShoulder_rz,Chest_to_RShoulder,rz,0.0032383274605737233,0.01761315563221367,0.014374828171639945,0.1204251238549306,0.15367883332448548
252_T1_vs_T3,longitudinal,3,LFArm_to_LHand_rx,LFArm_to_LHand,rx,0.0013794081576634044,0.001886688068635512,0.0005072799109721077,0.1204251238549306,0.15367883332448548
252_T1_vs_T3,longitudinal,3,LFArm_to_LHand_ry,LFArm_to_LHand,ry,0.002778908014100368,0.026621048754660464,0.023842140740560097,0.1204251238549306,0.15367883332448548
252_T1_vs_T3,longitudinal,3,LFArm_to_LHand_rz,LFArm_to_LHand,rz,0.026677677162017174,0.017714025026986026,-0.008963652135031148,0.1204251238549306,0.15367883332448548
252_T1_vs_T3,longitudinal,3,LShin_to_LFoot_rx,LShin_to_LFoot,rx,0.007235405586222141,0.08101104077730105,0.07377563519107891,0.1204251238549306,0.15367883332448548
252_T1_vs_T3,longitudinal,3,LShin_to_LFoot_ry,LShin_to_LFoot,ry,0.019605394033491774,0.0434032447138889,0.023797850680397126,0.1204251238549306,0.15367883332448548
252_T1_vs_T3,longitudinal,3,LShin_to_LFoot_rz,LShin_to_LFoot,rz,0.013996265335961246,0.009815435661468162,-0.004180829674493083,0.1204251238549306,0.15367883332448548
252_T1_vs_T3,longitudinal,3,LShoulder_to_LUArm_rx,LShoulder_to_LUArm,rx,0.09397980626828036,0.25220157241852187,0.15822176615024153,0.1204251238549306,0.15367883332448548
252_T1_vs_T3,longitudinal,3,LShoulder_to_LUArm_ry,LShoulder_to_LUArm,ry,0.23904184708096918,0.41106533687990515,0.17202348979893597,0.1204251238549306,0.15367883332448548
252_T1_vs_T3,longitudinal,3,LShoulder_to_LUArm_rz,LShoulder_to_LUArm,rz,0.1473162104056682,0.09349316706724196,-0.05382304333842623,0.1204251238549306,0.15367883332448548
252_T1_vs_T3,longitudinal,3,LThigh_to_LShin_rx,LThigh_to_LShin,rx,0.134526500327219,0.2166376979865539,0.08211119765933492,0.1204251238549306,0.15367883332448548
252_T1_vs_T3,longitudinal,3,LThigh_to_LShin_ry,LThigh_to_LShin,ry,1.0714210712795705e-08,2.922950788158179e-08,1.8515297168786084e-08,0.1204251238549306,0.15367883332448548
252_T1_vs_T3,longitudinal,3,LThigh_to_LShin_rz,LThigh_to_LShin,rz,8.263428423548533e-10,4.5079872522990365e-08,4.4253529680635514e-08,0.1204251238549306,0.15367883332448548
252_T1_vs_T3,longitudinal,3,LUArm_to_LFArm_rx,LUArm_to_LFArm,rx,0.400892585983423,0.1668959949440137,-0.23399659103940929,0.1204251238549306,0.15367883332448548
252_T1_vs_T3,longitudinal,3,LUArm_to_LFArm_ry,LUArm_to_LFArm,ry,0.07910324617600674,0.2588786963553071,0.17977545017930036,0.1204251238549306,0.15367883332448548
252_T1_vs_T3,longitudinal,3,LUArm_to_LFArm_rz,LUArm_to_LFArm,rz,0.21811769001518427,0.06707329204164365,-0.15104439797354063,0.1204251238549306,0.15367883332448548
252_T1_vs_T3,longitudinal,3,Neck2_to_Head_rx,Neck2_to_Head,rx,0.02707168710519036,0.04341830453110537,0.016346617425915012,0.1204251238549306,0.15367883332448548
252_T1_vs_T3,longitudinal,3,Neck2_to_Head_ry,Neck2_to_Head,ry,0.022232668657852436,0.035558538203390895,0.013325869545538459,0.1204251238549306,0.15367883332448548
252_T1_vs_T3,longitudinal,3,Neck2_to_Head_rz,Neck2_to_Head,rz,0.02252260189021121,0.05697708057871854,0.03445447868850733,0.1204251238549306,0.15367883332448548
252_T1_vs_T3,longitudinal,3,Neck_to_Neck2_rx,Neck_to_Neck2,rx,0.02713988882614831,0.0434304459763089,0.01629055715016059,0.1204251238549306,0.15367883332448548
252_T1_vs_T3,longitudinal,3,Neck_to_Neck2_ry,Neck_to_Neck2,ry,0.02333210516560525,0.03842771629997682,0.015095611134371571,0.1204251238549306,0.15367883332448548
252_T1_vs_T3,longitudinal,3,Neck_to_Neck2_rz,Neck_to_Neck2,rz,0.021310917843206937,0.0549963148440029,0.033685397000795966,0.1204251238549306,0.15367883332448548
252_T1_vs_T3,longitudinal,3,RFArm_to_RHand_rx,RFArm_to_RHand,rx,0.0015587413076552368,0.003049950298764918,0.001491208991109681,0.1204251238549306,0.15367883332448548
252_T1_vs_T3,longitudinal,3,RFArm_to_RHand_ry,RFArm_to_RHand,ry,0.05215167646662656,0.020932539469168187,-0.03121913699745837,0.1204251238549306,0.15367883332448548
252_T1_vs_T3,longitudinal,3,RFArm_to_RHand_rz,RFArm_to_RHand,rz,0.007870295284132956,0.008814608560828061,0.0009443132766951048,0.1204251238549306,0.15367883332448548
252_T1_vs_T3,longitudinal,3,RShin_to_RFoot_rx,RShin_to_RFoot,rx,0.06926208890222334,0.0817232624802131,0.01246117357798976,0.1204251238549306,0.15367883332448548
252_T1_vs_T3,longitudinal,3,RShin_to_RFoot_ry,RShin_to_RFoot,ry,0.016886280491725025,0.08070137964917058,0.06381509915744556,0.1204251238549306,0.15367883332448548
252_T1_vs_T3,longitudinal,3,RShin_to_RFoot_rz,RShin_to_RFoot,rz,0.022315425402954975,0.06224053193562409,0.03992510653266911,0.1204251238549306,0.15367883332448548
252_T1_vs_T3,longitudinal,3,RShoulder_to_RUArm_rx,RShoulder_to_RUArm,rx,0.28955717885625176,0.32567866281726343,0.03612148396101167,0.1204251238549306,0.15367883332448548
252_T1_vs_T3,longitudinal,3,RShoulder_to_RUArm_ry,RShoulder_to_RUArm,ry,0.08555918966270618,0.15816358874136005,0.07260439907865388,0.1204251238549306,0.15367883332448548
252_T1_vs_T3,longitudinal,3,RShoulder_to_RUArm_rz,RShoulder_to_RUArm,rz,0.02438942650485271,0.3175058986319422,0.29311647212708947,0.1204251238549306,0.15367883332448548
252_T1_vs_T3,longitudinal,3,RThigh_to_RShin_rx,RThigh_to_RShin,rx,0.1482997500111312,0.5021745707704054,0.35387482075927423,0.1204251238549306,0.15367883332448548
252_T1_vs_T3,longitudinal,3,RThigh_to_RShin_ry,RThigh_to_RShin,ry,8.343301540072287e-09,3.190613191011446e-08,2.3562830370042175e-08,0.1204251238549306,0.15367883332448548
252_T1_vs_T3,longitudinal,3,RThigh_to_RShin_rz,RThigh_to_RShin,rz,1.5165087667749062e-08,4.495546359125547e-08,2.9790375923506405e-08,0.1204251238549306,0.15367883332448548
252_T1_vs_T3,longitudinal,3,RUArm_to_RFArm_rx,RUArm_to_RFArm,rx,0.2293402430540054,0.11912792363989272,-0.11021231941411269,0.1204251238549306,0.15367883332448548
252_T1_vs_T3,longitudinal,3,RUArm_to_RFArm_ry,RUArm_to_RFArm,ry,0.6833481238344989,0.07757769368745811,-0.6057704301470408,0.1204251238549306,0.15367883332448548
252_T1_vs_T3,longitudinal,3,RUArm_to_RFArm_rz,RUArm_to_RFArm,rz,0.06696204295229087,0.019381361967431135,-0.047580680984859736,0.1204251238549306,0.15367883332448548
252_T1_vs_T3,longitudinal,3,Spine2_to_Spine3_rx,Spine2_to_Spine3,rx,0.023043190759771702,0.0059517447780643995,-0.017091445981707303,0.1204251238549306,0.15367883332448548
252_T1_vs_T3,longitudinal,3,Spine2_to_Spine3_ry,Spine2_to_Spine3,ry,0.0015840684797826595,0.004584956320035901,0.0030008878402532414,0.1204251238549306,0.15367883332448548
252_T1_vs_T3,longitudinal,3,Spine2_to_Spine3_rz,Spine2_to_Spine3,rz,0.0075146522298264636,0.011878153005373211,0.004363500775546748,0.1204251238549306,0.15367883332448548
252_T1_vs_T3,longitudinal,3,Spine3_to_Spine4_rx,Spine3_to_Spine4,rx,0.023023769354549938,0.005950049983857521,-0.017073719370692415,0.1204251238549306,0.15367883332448548
252_T1_vs_T3,longitudinal,3,Spine3_to_Spine4_ry,Spine3_to_Spine4,ry,0.0012642737527558529,0.0040748170080861625,0.0028105432553303094,0.1204251238549306,0.15367883332448548
252_T1_vs_T3,longitudinal,3,Spine3_to_Spine4_rz,Spine3_to_Spine4,rz,0.007571561965692999,0.012055900445514082,0.004484338479821083,0.1204251238549306,0.15367883332448548
252_T1_vs_T3,longitudinal,3,Spine4_to_Chest_rx,Spine4_to_Chest,rx,0.02301227626299783,0.005949082425716059,-0.01706319383728177,0.1204251238549306,0.15367883332448548
252_T1_vs_T3,longitudinal,3,Spine4_to_Chest_ry,Spine4_to_Chest,ry,0.0010743135655524208,0.0037706664373670555,0.0026963528718146348,0.1204251238549306,0.15367883332448548
252_T1_vs_T3,longitudinal,3,Spine4_to_Chest_rz,Spine4_to_Chest,rz,0.007600980848072651,0.012154234847168006,0.004553253999095354,0.1204251238549306,0.15367883332448548
252_T1_vs_T3,longitudinal,4,252_to_Ab_rx,252_to_Ab,rx,0.034642364790577945,0.006897339849018667,-0.02774502494155928,0.08758634992044408,0.10103761923717679
252_T1_vs_T3,longitudinal,4,252_to_Ab_ry,252_to_Ab,ry,0.01618179772157924,0.040275809746018985,0.024094012024439747,0.08758634992044408,0.10103761923717679
252_T1_vs_T3,longitudinal,4,252_to_Ab_rz,252_to_Ab,rz,0.0005441332226165663,0.0020527008737987584,0.001508567651182192,0.08758634992044408,0.10103761923717679
252_T1_vs_T3,longitudinal,4,252_to_LThigh_rx,252_to_LThigh,rx,0.264578880687856,0.00989647257232386,-0.25468240811553217,0.08758634992044408,0.10103761923717679
252_T1_vs_T3,longitudinal,4,252_to_LThigh_ry,252_to_LThigh,ry,0.05985872727718433,0.03717469267737422,-0.02268403459981011,0.08758634992044408,0.10103761923717679
252_T1_vs_T3,longitudinal,4,252_to_LThigh_rz,252_to_LThigh,rz,0.07923500251760318,0.028781012074129378,-0.0504539904434738,0.08758634992044408,0.10103761923717679
252_T1_vs_T3,longitudinal,4,252_to_RThigh_rx,252_to_RThigh,rx,0.1462922009498373,0.13847384742319563,-0.007818353526641675,0.08758634992044408,0.10103761923717679
252_T1_vs_T3,longitudinal,4,252_to_RThigh_ry,252_to_RThigh,ry,0.038871635662912574,0.04837009686634621,0.009498461203433638,0.08758634992044408,0.10103761923717679
252_T1_vs_T3,longitudinal,4,252_to_RThigh_rz,252_to_RThigh,rz,0.05827935970949599,0.07548978156878892,0.017210421859292932,0.08758634992044408,0.10103761923717679
252_T1_vs_T3,longitudinal,4,Ab_to_Spine2_rx,Ab_to_Spine2,rx,0.034497707216113,0.0072361154254910265,-0.027261591790621972,0.08758634992044408,0.10103761923717679
252_T1_vs_T3,longitudinal,4,Ab_to_Spine2_ry,Ab_to_Spine2,ry,0.016198966401194875,0.04108849660606121,0.024889530204866336,0.08758634992044408,0.10103761923717679
252_T1_vs_T3,longitudinal,4,Ab_to_Spine2_rz,Ab_to_Spine2,rz,0.004868621268288474,0.03155216421512541,0.026683542946836936,0.08758634992044408,0.10103761923717679
252_T1_vs_T3,longitudinal,4,Chest_to_LShoulder_rx,Chest_to_LShoulder,rx,0.05605710245914118,0.015522392280712283,-0.0405347101784289,0.08758634992044408,0.10103761923717679
252_T1_vs_T3,longitudinal,4,Chest_to_LShoulder_ry,Chest_to_LShoulder,ry,0.017606837270810118,0.023554330015249765,0.0059474927444396475,0.08758634992044408,0.10103761923717679
252_T1_vs_T3,longitudinal,4,Chest_to_LShoulder_rz,Chest_to_LShoulder,rz,0.023606626318336685,0.007102340436491199,-0.016504285881845486,0.08758634992044408,0.10103761923717679
252_T1_vs_T3,longitudinal,4,Chest_to_Neck_rx,Chest_to_Neck,rx,0.07329102480058174,0.025887032373680105,-0.04740399242690163,0.08758634992044408,0.10103761923717679
252_T1_vs_T3,longitudinal,4,Chest_to_Neck_ry,Chest_to_Neck,ry,0.031169682887598367,0.04847079682390811,0.017301113936309745,0.08758634992044408,0.10103761923717679
252_T1_vs_T3,longitudinal,4,Chest_to_Neck_rz,Chest_to_Neck,rz,0.023644975517317538,0.018661307600555965,-0.0049836679167615736,0.08758634992044408,0.10103761923717679
252_T1_vs_T3,longitudinal,4,Chest_to_RShoulder_rx,Chest_to_RShoulder,rx,0.015372515241670992,0.03840133349908927,0.02302881825741828,0.08758634992044408,0.10103761923717679
252_T1_vs_T3,longitudinal,4,Chest_to_RShoulder_ry,Chest_to_RShoulder,ry,0.03133287545251438,0.0171533118875233,-0.014179563564991084,0.08758634992044408,0.10103761923717679
252_T1_vs_T3,longitudinal,4,Chest_to_RShoulder_rz,Chest_to_RShoulder,rz,0.03876588561232462,0.026475381921875155,-0.012290503690449466,0.08758634992044408,0.10103761923717679
252_T1_vs_T3,longitudinal,4,LFArm_to_LHand_rx,LFArm_to_LHand,rx,0.0032509713895902824,0.0045670099107873825,0.0013160385211971,0.08758634992044408,0.10103761923717679
252_T1_vs_T3,longitudinal,4,LFArm_to_LHand_ry,LFArm_to_LHand,ry,0.020706525364515078,0.05036305088586494,0.029656525521349866,0.08758634992044408,0.10103761923717679
252_T1_vs_T3,longitudinal,4,LFArm_to_LHand_rz,LFArm_to_LHand,rz,0.06749295962515285,0.059473091783966744,-0.008019867841186107,0.08758634992044408,0.10103761923717679
252_T1_vs_T3,longitudinal,4,LShin_to_LFoot_rx,LShin_to_LFoot,rx,0.06591258487619221,0.0253723557249138,-0.04054022915127842,0.08758634992044408,0.10103761923717679
252_T1_vs_T3,longitudinal,4,LShin_to_LFoot_ry,LShin_to_LFoot,ry,0.047825529921980234,0.012910461207413541,-0.03491506871456669,0.08758634992044408,0.10103761923717679
252_T1_vs_T3,longitudinal,4,LShin_to_LFoot_rz,LShin_to_LFoot,rz,0.03964021166465848,0.005118982738245723,-0.03452122892641276,0.08758634992044408,0.10103761923717679
252_T1_vs_T3,longitudinal,4,LShoulder_to_LUArm_rx,LShoulder_to_LUArm,rx,0.33904208631354243,0.3051761020757879,-0.033865984237754554,0.08758634992044408,0.10103761923717679
252_T1_vs_T3,longitudinal,4,LShoulder_to_LUArm_ry,LShoulder_to_LUArm,ry,0.09770105564204555,0.04429314372031901,-0.05340791192172654,0.08758634992044408,0.10103761923717679
252_T1_vs_T3,longitudinal,4,LShoulder_to_LUArm_rz,LShoulder_to_LUArm,rz,0.17303857190100877,0.32468827282633844,0.15164970092532967,0.08758634992044408,0.10103761923717679
252_T1_vs_T3,longitudinal,4,LThigh_to_LShin_rx,LThigh_to_LShin,rx,0.23410125454055414,0.1256454323779621,-0.10845582216259203,0.08758634992044408,0.10103761923717679
252_T1_vs_T3,longitudinal,4,LThigh_to_LShin_ry,LThigh_to_LShin,ry,3.0973482456014867e-09,2.3756444536421446e-08,2.065909629081996e-08,0.08758634992044408,0.10103761923717679
252_T1_vs_T3,longitudinal,4,LThigh_to_LShin_rz,LThigh_to_LShin,rz,1.1856648265000061e-08,1.8350066494706797e-08,6.493418229706736e-09,0.08758634992044408,0.10103761923717679
252_T1_vs_T3,longitudinal,4,LUArm_to_LFArm_rx,LUArm_to_LFArm,rx,0.5046566817443248,0.4033346161418653,-0.10132206560245949,0.08758634992044408,0.10103761923717679
252_T1_vs_T3,longitudinal,4,LUArm_to_LFArm_ry,LUArm_to_LFArm,ry,0.05690923783160932,0.40000903539322963,0.3430997975616203,0.08758634992044408,0.10103761923717679
252_T1_vs_T3,longitudinal,4,LUArm_to_LFArm_rz,LUArm_to_LFArm,rz,0.33183877048317534,0.2651589443094802,-0.06667982617369511,0.08758634992044408,0.10103761923717679
252_T1_vs_T3,longitudinal,4,Neck2_to_Head_rx,Neck2_to_Head,rx,0.07285722179242456,0.02568689173056285,-0.04717033006186171,0.08758634992044408,0.10103761923717679
252_T1_vs_T3,longitudinal,4,Neck2_to_Head_ry,Neck2_to_Head,ry,0.026313505755344968,0.05140745505069137,0.025093949295346404,0.08758634992044408,0.10103761923717679
252_T1_vs_T3,longitudinal,4,Neck2_to_Head_rz,Neck2_to_Head,rz,0.029159003402441673,0.008994046787368374,-0.0201649566150733,0.08758634992044408,0.10103761923717679
252_T1_vs_T3,longitudinal,4,Neck_to_Neck2_rx,Neck_to_Neck2,rx,0.07297675817900139,0.025742422590826368,-0.04723433558817502,0.08758634992044408,0.10103761923717679
252_T1_vs_T3,longitudinal,4,Neck_to_Neck2_ry,Neck_to_Neck2,ry,0.027717711971144907,0.050726774376721614,0.023009062405576708,0.08758634992044408,0.10103761923717679
252_T1_vs_T3,longitudinal,4,Neck_to_Neck2_rz,Neck_to_Neck2,rz,0.02770117588423959,0.011693512097181863,-0.016007663787057726,0.08758634992044408,0.10103761923717679
252_T1_vs_T3,longitudinal,4,RFArm_to_RHand_rx,RFArm_to_RHand,rx,0.016646025328351275,0.009567901374617558,-0.007078123953733717,0.08758634992044408,0.10103761923717679
252_T1_vs_T3,longitudinal,4,RFArm_to_RHand_ry,RFArm_to_RHand,ry,0.052106204669518146,0.031066730231403855,-0.02103947443811429,0.08758634992044408,0.10103761923717679
252_T1_vs_T3,longitudinal,4,RFArm_to_RHand_rz,RFArm_to_RHand,rz,0.0768877905331725,0.11062136846924099,0.03373357793606849,0.08758634992044408,0.10103761923717679
252_T1_vs_T3,longitudinal,4,RShin_to_RFoot_rx,RShin_to_RFoot,rx,0.026681126458785186,0.004907046903876613,-0.021774079554908572,0.08758634992044408,0.10103761923717679
252_T1_vs_T3,longitudinal,4,RShin_to_RFoot_ry,RShin_to_RFoot,ry,0.060913714103076534,0.057679182590250684,-0.00323453151282585,0.08758634992044408,0.10103761923717679
252_T1_vs_T3,longitudinal,4,RShin_to_RFoot_rz,RShin_to_RFoot,rz,0.04867271758326898,0.013838115363847105,-0.034834602219421876,0.08758634992044408,0.10103761923717679
252_T1_vs_T3,longitudinal,4,RShoulder_to_RUArm_rx,RShoulder_to_RUArm,rx,0.34757005513049855,0.48721752394776086,0.1396474688172623,0.08758634992044408,0.10103761923717679
252_T1_vs_T3,longitudinal,4,RShoulder_to_RUArm_ry,RShoulder_to_RUArm,ry,0.30584656909203783,0.042346747208806594,-0.26349982188323123,0.08758634992044408,0.10103761923717679
252_T1_vs_T3,longitudinal,4,RShoulder_to_RUArm_rz,RShoulder_to_RUArm,rz,0.001276582617103287,0.14146326022502298,0.1401866776079197,0.08758634992044408,0.10103761923717679
252_T1_vs_T3,longitudinal,4,RThigh_to_RShin_rx,RThigh_to_RShin,rx,0.053108277568810994,0.13875532321790265,0.08564704564909166,0.08758634992044408,0.10103761923717679
252_T1_vs_T3,longitudinal,4,RThigh_to_RShin_ry,RThigh_to_RShin,ry,2.202187134521108e-08,2.27190774976363e-08,6.972061524252223e-10,0.08758634992044408,0.10103761923717679
252_T1_vs_T3,longitudinal,4,RThigh_to_RShin_rz,RThigh_to_RShin,rz,4.331279292200965e-11,1.2152180129870225e-08,1.2108867336948214e-08,0.08758634992044408,0.10103761923717679
252_T1_vs_T3,longitudinal,4,RUArm_to_RFArm_rx,RUArm_to_RFArm,rx,0.06796019848969878,0.07908993693484527,0.01112973844514649,0.08758634992044408,0.10103761923717679
252_T1_vs_T3,longitudinal,4,RUArm_to_RFArm_ry,RUArm_to_RFArm,ry,0.15224608927359823,0.12120230070642177,-0.03104378856717646,0.08758634992044408,0.10103761923717679
252_T1_vs_T3,longitudinal,4,RUArm_to_RFArm_rz,RUArm_to_RFArm,rz,0.0892975560659088,0.1094055633756606,0.02010800730975179,0.08758634992044408,0.10103761923717679
252_T1_vs_T3,longitudinal,4,Spine2_to_Spine3_rx,Spine2_to_Spine3,rx,0.03455026334410721,0.0072309920778921635,-0.02731927126621505,0.08758634992044408,0.10103761923717679
252_T1_vs_T3,longitudinal,4,Spine2_to_Spine3_ry,Spine2_to_Spine3,ry,0.015676416405079423,0.03789826183503416,0.02222184542995474,0.08758634992044408,0.10103761923717679
252_T1_vs_T3,longitudinal,4,Spine2_to_Spine3_rz,Spine2_to_Spine3,rz,0.006406109105916772,0.035349562575226465,0.028943453469309693,0.08758634992044408,0.10103761923717679
252_T1_vs_T3,longitudinal,4,Spine3_to_Spine4_rx,Spine3_to_Spine4,rx,0.034526855223595714,0.007233340895164376,-0.027293514328431336,0.08758634992044408,0.10103761923717679
252_T1_vs_T3,longitudinal,4,Spine3_to_Spine4_ry,Spine3_to_Spine4,ry,0.01592123061803649,0.039348104612683635,0.023426873994647143,0.08758634992044408,0.10103761923717679
252_T1_vs_T3,longitudinal,4,Spine3_to_Spine4_rz,Spine3_to_Spine4,rz,0.005725671685192883,0.033684362078239195,0.027958690393046312,0.08758634992044408,0.10103761923717679
252_T1_vs_T3,longitudinal,4,Spine4_to_Chest_rx,Spine4_to_Chest,rx,0.034513013826861304,0.00723461385855063,-0.027278399968310673,0.08758634992044408,0.10103761923717679
252_T1_vs_T3,longitudinal,4,Spine4_to_Chest_ry,Spine4_to_Chest,ry,0.016056861214611258,0.040183521550982704,0.024126660336371446,0.08758634992044408,0.10103761923717679
252_T1_vs_T3,longitudinal,4,Spine4_to_Chest_rz,Spine4_to_Chest,rz,0.0053200717261956045,0.03268010487623004,0.027360033150034435,0.08758634992044408,0.10103761923717679
252_T1_vs_T3,longitudinal,5,252_to_Ab_rx,252_to_Ab,rx,0.04417933817534352,0.02104143774891941,-0.023137900426424114,0.06398928081910268,0.07161036633331812
252_T1_vs_T3,longitudinal,5,252_to_Ab_ry,252_to_Ab,ry,0.04615027228339874,0.013431560092782359,-0.03271871219061638,0.06398928081910268,0.07161036633331812
252_T1_vs_T3,longitudinal,5,252_to_Ab_rz,252_to_Ab,rz,0.0047330039533779455,0.004527628312940705,-0.0002053756404372404,0.06398928081910268,0.07161036633331812
252_T1_vs_T3,longitudinal,5,252_to_LThigh_rx,252_to_LThigh,rx,0.20272541827273768,0.3090789130843233,0.1063534948115856,0.06398928081910268,0.07161036633331812
252_T1_vs_T3,longitudinal,5,252_to_LThigh_ry,252_to_LThigh,ry,0.014334307816175895,0.010096974018542402,-0.004237333797633493,0.06398928081910268,0.07161036633331812
252_T1_vs_T3,longitudinal,5,252_to_LThigh_rz,252_to_LThigh,rz,0.11154316150893127,0.05451064460387255,-0.05703251690505872,0.06398928081910268,0.07161036633331812
252_T1_vs_T3,longitudinal,5,252_to_RThigh_rx,252_to_RThigh,rx,0.36637890841119003,0.040523834740209326,-0.3258550736709807,0.06398928081910268,0.07161036633331812
252_T1_vs_T3,longitudinal,5,252_to_RThigh_ry,252_to_RThigh,ry,0.006322665148080098,0.0020580447261110387,-0.00426462042196906,0.06398928081910268,0.07161036633331812
252_T1_vs_T3,longitudinal,5,252_to_RThigh_rz,252_to_RThigh,rz,0.011930677100711532,0.12762173301024296,0.11569105590953142,0.06398928081910268,0.07161036633331812
252_T1_vs_T3,longitudinal,5,Ab_to_Spine2_rx,Ab_to_Spine2,rx,0.04526001241863671,0.0213888609637213,-0.02387115145491541,0.06398928081910268,0.07161036633331812
252_T1_vs_T3,longitudinal,5,Ab_to_Spine2_ry,Ab_to_Spine2,ry,0.04665598535484964,0.01379873181521258,-0.03285725353963706,0.06398928081910268,0.07161036633331812
252_T1_vs_T3,longitudinal,5,Ab_to_Spine2_rz,Ab_to_Spine2,rz,0.002704852268766271,0.015601818979809971,0.012896966711043699,0.06398928081910268,0.07161036633331812
252_T1_vs_T3,longitudinal,5,Chest_to_LShoulder_rx,Chest_to_LShoulder,rx,0.0056022624017171355,0.00839217758006367,0.002789915178346534,0.06398928081910268,0.07161036633331812
252_T1_vs_T3,longitudinal,5,Chest_to_LShoulder_ry,Chest_to_LShoulder,ry,0.08570132429987586,0.06472137909066904,-0.02097994520920682,0.06398928081910268,0.07161036633331812
252_T1_vs_T3,longitudinal,5,Chest_to_LShoulder_rz,Chest_to_LShoulder,rz,0.013174551690754526,0.02001558815050723,0.006841036459752703,0.06398928081910268,0.07161036633331812
252_T1_vs_T3,longitudinal,5,Chest_to_Neck_rx,Chest_to_Neck,rx,0.03913740304953619,0.06993982176159047,0.03080241871205428,0.06398928081910268,0.07161036633331812
252_T1_vs_T3,longitudinal,5,Chest_to_Neck_ry,Chest_to_Neck,ry,0.05151272796949692,0.025018357086316178,-0.026494370883180744,0.06398928081910268,0.07161036633331812
252_T1_vs_T3,longitudinal,5,Chest_to_Neck_rz,Chest_to_Neck,rz,0.052517554661869616,0.006194080208444774,-0.04632347445342484,0.06398928081910268,0.07161036633331812
252_T1_vs_T3,longitudinal,5,Chest_to_RShoulder_rx,Chest_to_RShoulder,rx,0.01875951802589427,0.006776689495503676,-0.011982828530390593,0.06398928081910268,0.07161036633331812
252_T1_vs_T3,longitudinal,5,Chest_to_RShoulder_ry,Chest_to_RShoulder,ry,0.036921988439821786,0.04767258865507499,0.010750600215253203,0.06398928081910268,0.07161036633331812
252_T1_vs_T3,longitudinal,5,Chest_to_RShoulder_rz,Chest_to_RShoulder,rz,0.08558700895616378,0.13196834719189696,0.04638133823573318,0.06398928081910268,0.07161036633331812
252_T1_vs_T3,longitudinal,5,LFArm_to_LHand_rx,LFArm_to_LHand,rx,0.023120619384172668,0.010364983988949592,-0.012755635395223076,0.06398928081910268,0.07161036633331812
252_T1_vs_T3,longitudinal,5,LFArm_to_LHand_ry,LFArm_to_LHand,ry,0.08663540645965156,0.001205744800299584,-0.08542966165935198,0.06398928081910268,0.07161036633331812
252_T1_vs_T3,longitudinal,5,LFArm_to_LHand_rz,LFArm_to_LHand,rz,0.17611610240245662,0.06303321675259149,-0.11308288564986513,0.06398928081910268,0.07161036633331812
252_T1_vs_T3,longitudinal,5,LShin_to_LFoot_rx,LShin_to_LFoot,rx,0.01917907212220834,0.12944451658889916,0.11026544446669082,0.06398928081910268,0.07161036633331812
252_T1_vs_T3,longitudinal,5,LShin_to_LFoot_ry,LShin_to_LFoot,ry,0.06316991263312396,0.03901771172426748,-0.024152200908856482,0.06398928081910268,0.07161036633331812
252_T1_vs_T3,longitudinal,5,LShin_to_LFoot_rz,LShin_to_LFoot,rz,0.04693624086434733,0.06911898011548087,0.022182739251133544,0.06398928081910268,0.07161036633331812
252_T1_vs_T3,longitudinal,5,LShoulder_to_LUArm_rx,LShoulder_to_LUArm,rx,0.08453056213840113,0.17081835719293345,0.08628779505453232,0.06398928081910268,0.07161036633331812
252_T1_vs_T3,longitudinal,5,LShoulder_to_LUArm_ry,LShoulder_to_LUArm,ry,0.30543522172425214,0.287436693019414,-0.017998528704838146,0.06398928081910268,0.07161036633331812
252_T1_vs_T3,longitudinal,5,LShoulder_to_LUArm_rz,LShoulder_to_LUArm,rz,0.10456859169417296,0.10359094415872593,-0.000977647535447032,0.06398928081910268,0.07161036633331812
252_T1_vs_T3,longitudinal,5,LThigh_to_LShin_rx,LThigh_to_LShin,rx,0.5165286784143367,0.367270367630405,-0.1492583107839317,0.06398928081910268,0.07161036633331812
252_T1_vs_T3,longitudinal,5,LThigh_to_LShin_ry,LThigh_to_LShin,ry,4.369239595801759e-08,1.1243315866892678e-08,-3.244908009112492e-08,0.06398928081910268,0.07161036633331812
252_T1_vs_T3,longitudinal,5,LThigh_to_LShin_rz,LThigh_to_LShin,rz,1.8873609103995425e-08,1.4186509958555362e-08,-4.687099145440063e-09,0.06398928081910268,0.07161036633331812
252_T1_vs_T3,longitudinal,5,LUArm_to_LFArm_rx,LUArm_to_LFArm,rx,0.22810488152209044,0.10687666045824787,-0.12122822106384257,0.06398928081910268,0.07161036633331812
252_T1_vs_T3,longitudinal,5,LUArm_to_LFArm_ry,LUArm_to_LFArm,ry,0.035841993046042,0.06060457633679875,0.02476258329075675,0.06398928081910268,0.07161036633331812
252_T1_vs_T3,longitudinal,5,LUArm_to_LFArm_rz,LUArm_to_LFArm,rz,0.003448002630873497,0.02812891517295264,0.02468091254207914,0.06398928081910268,0.07161036633331812
252_T1_vs_T3,longitudinal,5,Neck2_to_Head_rx,Neck2_to_Head,rx,0.03917695895765302,0.07010130310274215,0.030924344145089135,0.06398928081910268,0.07161036633331812
252_T1_vs_T3,longitudinal,5,Neck2_to_Head_ry,Neck2_to_Head,ry,0.060518408281393606,0.023326218286818117,-0.03719218999457549,0.06398928081910268,0.07161036633331812
252_T1_vs_T3,longitudinal,5,Neck2_to_Head_rz,Neck2_to_Head,rz,0.041688976514179354,0.010686934102325052,-0.0310020424118543,0.06398928081910268,0.07161036633331812
252_T1_vs_T3,longitudinal,5,Neck_to_Neck2_rx,Neck_to_Neck2,rx,0.03916578685638046,0.07005729799591784,0.030891511139537378,0.06398928081910268,0.07161036633331812
252_T1_vs_T3,longitudinal,5,Neck_to_Neck2_ry,Neck_to_Neck2,ry,0.0581853057773865,0.023844410760581556,-0.03434089501680494,0.06398928081910268,0.07161036633331812
252_T1_vs_T3,longitudinal,5,Neck_to_Neck2_rz,Neck_to_Neck2,rz,0.044776708058278096,0.009476654661671658,-0.03530005339660644,0.06398928081910268,0.07161036633331812
252_T1_vs_T3,longitudinal,5,RFArm_to_RHand_rx,RFArm_to_RHand,rx,0.008318548493387779,0.009050677819240948,0.0007321293258531689,0.06398928081910268,0.07161036633331812
252_T1_vs_T3,longitudinal,5,RFArm_to_RHand_ry,RFArm_to_RHand,ry,0.0747417758742915,0.0030397544970141286,-0.07170202137727737,0.06398928081910268,0.07161036633331812
252_T1_vs_T3,longitudinal,5,RFArm_to_RHand_rz,RFArm_to_RHand,rz,0.04611440962152768,0.05609895354400972,0.00998454392248204,0.06398928081910268,0.07161036633331812
252_T1_vs_T3,longitudinal,5,RShin_to_RFoot_rx,RShin_to_RFoot,rx,0.011088953536137662,0.1264776775996034,0.11538872406346574,0.06398928081910268,0.07161036633331812
252_T1_vs_T3,longitudinal,5,RShin_to_RFoot_ry,RShin_to_RFoot,ry,0.048976170400136354,0.0978889246600663,0.04891275425992994,0.06398928081910268,0.07161036633331812
252_T1_vs_T3,longitudinal,5,RShin_to_RFoot_rz,RShin_to_RFoot,rz,0.03109819932712413,0.14918006173448053,0.11808186240735641,0.06398928081910268,0.07161036633331812
252_T1_vs_T3,longitudinal,5,RShoulder_to_RUArm_rx,RShoulder_to_RUArm,rx,0.061137047895482736,0.1494248899107821,0.08828784201529935,0.06398928081910268,0.07161036633331812
252_T1_vs_T3,longitudinal,5,RShoulder_to_RUArm_ry,RShoulder_to_RUArm,ry,0.07532738303472016,0.26094497215495616,0.18561758912023602,0.06398928081910268,0.07161036633331812
252_T1_vs_T3,longitudinal,5,RShoulder_to_RUArm_rz,RShoulder_to_RUArm,rz,0.10225221977565699,0.3018921448102977,0.1996399250346407,0.06398928081910268,0.07161036633331812
252_T1_vs_T3,longitudinal,5,RThigh_to_RShin_rx,RThigh_to_RShin,rx,0.2539069637002575,0.5115136503823825,0.257606686682125,0.06398928081910268,0.07161036633331812
252_T1_vs_T3,longitudinal,5,RThigh_to_RShin_ry,RThigh_to_RShin,ry,1.6185916007189493e-08,2.2994309040173363e-09,-1.3886485103172157e-08,0.06398928081910268,0.07161036633331812
252_T1_vs_T3,longitudinal,5,RThigh_to_RShin_rz,RThigh_to_RShin,rz,2.0301276796395775e-09,2.631128614010844e-08,2.4281158460468863e-08,0.06398928081910268,0.07161036633331812
252_T1_vs_T3,longitudinal,5,RUArm_to_RFArm_rx,RUArm_to_RFArm,rx,0.18487828335524753,0.13670115510563427,-0.04817712824961326,0.06398928081910268,0.07161036633331812
252_T1_vs_T3,longitudinal,5,RUArm_to_RFArm_ry,RUArm_to_RFArm,ry,0.380383251608308,0.13855566980843156,-0.24182758179987643,0.06398928081910268,0.07161036633331812
252_T1_vs_T3,longitudinal,5,RUArm_to_RFArm_rz,RUArm_to_RFArm,rz,0.042559423536797994,0.07459026493932515,0.032030841402527155,0.06398928081910268,0.07161036633331812
252_T1_vs_T3,longitudinal,5,Spine2_to_Spine3_rx,Spine2_to_Spine3,rx,0.04527670304916593,0.02134223148839203,-0.0239344715607739,0.06398928081910268,0.07161036633331812
252_T1_vs_T3,longitudinal,5,Spine2_to_Spine3_ry,Spine2_to_Spine3,ry,0.04620046960773287,0.015247441955548257,-0.030953027652184613,0.06398928081910268,0.07161036633331812
252_T1_vs_T3,longitudinal,5,Spine2_to_Spine3_rz,Spine2_to_Spine3,rz,0.007158258332689361,0.014231229422022998,0.007072971089333637,0.06398928081910268,0.07161036633331812
252_T1_vs_T3,longitudinal,5,Spine3_to_Spine4_rx,Spine3_to_Spine4,rx,0.04526936513378186,0.021363057070322454,-0.023906308063459406,0.06398928081910268,0.07161036633331812
252_T1_vs_T3,longitudinal,5,Spine3_to_Spine4_ry,Spine3_to_Spine4,ry,0.046438299322295415,0.0146131520646813,-0.031825147257614116,0.06398928081910268,0.07161036633331812
252_T1_vs_T3,longitudinal,5,Spine3_to_Spine4_rz,Spine3_to_Spine4,rz,0.005179573027544608,0.014852869875339809,0.0096732968477952,0.06398928081910268,0.07161036633331812
252_T1_vs_T3,longitudinal,5,Spine4_to_Chest_rx,Spine4_to_Chest,rx,0.04526486417380039,0.02137526647182428,-0.02388959770197611,0.06398928081910268,0.07161036633331812
252_T1_vs_T3,longitudinal,5,Spine4_to_Chest_ry,Spine4_to_Chest,ry,0.046552541117378415,0.014229810814106073,-0.032322730303272346,0.06398928081910268,0.07161036633331812
252_T1_vs_T3,longitudinal,5,Spine4_to_Chest_rz,Spine4_to_Chest,rz,0.004006047350255291,0.015211959871592441,0.011205912521337149,0.06398928081910268,0.07161036633331812
252_T1_vs_T3,longitudinal,6,252_to_Ab_rx,252_to_Ab,rx,0.006347224142272348,0.04777959941047276,0.041432375268200414,0.05128572464549902,0.056089014936754666
252_T1_vs_T3,longitudinal,6,252_to_Ab_ry,252_to_Ab,ry,0.0024556541381693664,0.041744821921447205,0.03928916778327784,0.05128572464549902,0.056089014936754666
252_T1_vs_T3,longitudinal,6,252_to_Ab_rz,252_to_Ab,rz,0.004575138835200436,0.0067701181821393595,0.0021949793469389235,0.05128572464549902,0.056089014936754666
252_T1_vs_T3,longitudinal,6,252_to_LThigh_rx,252_to_LThigh,rx,0.07091178608768559,0.24105682947065554,0.17014504338296996,0.05128572464549902,0.056089014936754666
252_T1_vs_T3,longitudinal,6,252_to_LThigh_ry,252_to_LThigh,ry,0.05745162950650545,0.012845050722980512,-0.04460657878352494,0.05128572464549902,0.056089014936754666
252_T1_vs_T3,longitudinal,6,252_to_LThigh_rz,252_to_LThigh,rz,0.04005696007560504,0.06723873675310317,0.027181776677498132,0.05128572464549902,0.056089014936754666
252_T1_vs_T3,longitudinal,6,252_to_RThigh_rx,252_to_RThigh,rx,0.13633840391181634,0.2190391534805979,0.08270074956878157,0.05128572464549902,0.056089014936754666
252_T1_vs_T3,longitudinal,6,252_to_RThigh_ry,252_to_RThigh,ry,0.04524583119916048,0.057223577772050546,0.011977746572890066,0.05128572464549902,0.056089014936754666
252_T1_vs_T3,longitudinal,6,252_to_RThigh_rz,252_to_RThigh,rz,0.0751520326069863,0.03417741432967954,-0.040974618277306765,0.05128572464549902,0.056089014936754666
252_T1_vs_T3,longitudinal,6,Ab_to_Spine2_rx,Ab_to_Spine2,rx,0.005995643159549747,0.04787842915536436,0.04188278599581462,0.05128572464549902,0.056089014936754666
252_T1_vs_T3,longitudinal,6,Ab_to_Spine2_ry,Ab_to_Spine2,ry,0.0022115065144746537,0.041781170219356976,0.039569663704882324,0.05128572464549902,0.056089014936754666
252_T1_vs_T3,longitudinal,6,Ab_to_Spine2_rz,Ab_to_Spine2,rz,0.02197895894801724,0.008965996906120686,-0.013012962041896555,0.05128572464549902,0.056089014936754666
252_T1_vs_T3,longitudinal,6,Chest_to_LShoulder_rx,Chest_to_LShoulder,rx,0.0006526941451033614,0.05361442857031537,0.05296173442521201,0.05128572464549902,0.056089014936754666
252_T1_vs_T3,longitudinal,6,Chest_to_LShoulder_ry,Chest_to_LShoulder,ry,0.0038519580847221967,0.08851979836332786,0.08466784027860567,0.05128572464549902,0.056089014936754666
252_T1_vs_T3,longitudinal,6,Chest_to_LShoulder_rz,Chest_to_LShoulder,rz,0.060565625272584044,0.06486031231199033,0.004294687039406282,0.05128572464549902,0.056089014936754666
252_T1_vs_T3,longitudinal,6,Chest_to_Neck_rx,Chest_to_Neck,rx,0.08419992217853625,0.09225509506911139,0.00805517289057514,0.05128572464549902,0.056089014936754666
252_T1_vs_T3,longitudinal,6,Chest_to_Neck_ry,Chest_to_Neck,ry,0.022518168695667626,0.028919805802253364,0.0064016371065857385,0.05128572464549902,0.056089014936754666
252_T1_vs_T3,longitudinal,6,Chest_to_Neck_rz,Chest_to_Neck,rz,0.03254148041906304,0.05769879708407031,0.02515731666500727,0.05128572464549902,0.056089014936754666
252_T1_vs_T3,longitudinal,6,Chest_to_RShoulder_rx,Chest_to_RShoulder,rx,0.015955204168959236,0.024428284814142692,0.008473080645183456,0.05128572464549902,0.056089014936754666
252_T1_vs_T3,longitudinal,6,Chest_to_RShoulder_ry,Chest_to_RShoulder,ry,0.0034675370393133023,0.0617847774731811,0.058317240433867795,0.05128572464549902,0.056089014936754666
252_T1_vs_T3,longitudinal,6,Chest_to_RShoulder_rz,Chest_to_RShoulder,rz,5.007089095355998e-05,0.06544481268348629,0.06539474179253273,0.05128572464549902,0.056089014936754666
252_T1_vs_T3,longitudinal,6,LFArm_to_LHand_rx,LFArm_to_LHand,rx,0.0029213327060434217,0.01468678434629486,0.011765451640251438,0.05128572464549902,0.056089014936754666
252_T1_vs_T3,longitudinal,6,LFArm_to_LHand_ry,LFArm_to_LHand,ry,0.0051355950748814844,0.050344180109636164,0.04520858503475468,0.05128572464549902,0.056089014936754666
252_T1_vs_T3,longitudinal,6,LFArm_to_LHand_rz,LFArm_to_LHand,rz,0.028409097962923503,0.0888906008139522,0.0604815028510287,0.05128572464549902,0.056089014936754666
252_T1_vs_T3,longitudinal,6,LShin_to_LFoot_rx,LShin_to_LFoot,rx,0.04963039472809142,0.01913734164499229,-0.03049305308309913,0.05128572464549902,0.056089014936754666
252_T1_vs_T3,longitudinal,6,LShin_to_LFoot_ry,LShin_to_LFoot,ry,0.0446801526330778,0.02087756978370879,-0.02380258284936901,0.05128572464549902,0.056089014936754666
252_T1_vs_T3,longitudinal,6,LShin_to_LFoot_rz,LShin_to_LFoot,rz,0.01783327999789148,0.025943762212868066,0.008110482214976587,0.05128572464549902,0.056089014936754666
252_T1_vs_T3,longitudinal,6,LShoulder_to_LUArm_rx,LShoulder_to_LUArm,rx,0.1765058748584783,0.11608467785249552,-0.06042119700598278,0.05128572464549902,0.056089014936754666
252_T1_vs_T3,longitudinal,6,LShoulder_to_LUArm_ry,LShoulder_to_LUArm,ry,0.08542637034378207,0.28055041656412294,0.19512404622034085,0.05128572464549902,0.056089014936754666
252_T1_vs_T3,longitudinal,6,LShoulder_to_LUArm_rz,LShoulder_to_LUArm,rz,0.4033349029968441,0.420330209168242,0.016995306171397884,0.05128572464549902,0.056089014936754666
252_T1_vs_T3,longitudinal,6,LThigh_to_LShin_rx,LThigh_to_LShin,rx,0.10512836406864576,0.1913928098236598,0.08626444575501405,0.05128572464549902,0.056089014936754666
252_T1_vs_T3,longitudinal,6,LThigh_to_LShin_ry,LThigh_to_LShin,ry,1.1435573352157725e-08,1.4872112070546168e-08,3.436538718388443e-09,0.05128572464549902,0.056089014936754666
252_T1_vs_T3,longitudinal,6,LThigh_to_LShin_rz,LThigh_to_LShin,rz,3.346201088936257e-08,1.3237433729643341e-08,-2.0224577159719224e-08,0.05128572464549902,0.056089014936754666
252_T1_vs_T3,longitudinal,6,LUArm_to_LFArm_rx,LUArm_to_LFArm,rx,0.24842179017578286,0.10675329807635238,-0.1416684920994305,0.05128572464549902,0.056089014936754666
252_T1_vs_T3,longitudinal,6,LUArm_to_LFArm_ry,LUArm_to_LFArm,ry,0.3533289489248736,0.05487626656891102,-0.29845268235596256,0.05128572464549902,0.056089014936754666
252_T1_vs_T3,longitudinal,6,LUArm_to_LFArm_rz,LUArm_to_LFArm,rz,0.16199693468993956,0.007262916772492377,-0.15473401791744718,0.05128572464549902,0.056089014936754666
252_T1_vs_T3,longitudinal,6,Neck2_to_Head_rx,Neck2_to_Head,rx,0.08421560517246664,0.09195888780323296,0.007743282630766318,0.05128572464549902,0.056089014936754666
252_T1_vs_T3,longitudinal,6,Neck2_to_Head_ry,Neck2_to_Head,ry,0.015759810419977927,0.03923407829186564,0.023474267871887715,0.05128572464549902,0.056089014936754666
252_T1_vs_T3,longitudinal,6,Neck2_to_Head_rz,Neck2_to_Head,rz,0.036101037049306596,0.05113596204412567,0.015034924994819072,0.05128572464549902,0.056089014936754666
252_T1_vs_T3,longitudinal,6,Neck_to_Neck2_rx,Neck_to_Neck2,rx,0.08421198970445425,0.09204050800775906,0.007828518303304818,0.05128572464549902,0.056089014936754666
252_T1_vs_T3,longitudinal,6,Neck_to_Neck2_ry,Neck_to_Neck2,ry,0.017658184376973793,0.036485659806304,0.018827475429330207,0.05128572464549902,0.056089014936754666
252_T1_vs_T3,longitudinal,6,Neck_to_Neck2_rz,Neck_to_Neck2,rz,0.03521391278391383,0.05306652077919048,0.017852607995276652,0.05128572464549902,0.056089014936754666
252_T1_vs_T3,longitudinal,6,RFArm_to_RHand_rx,RFArm_to_RHand,rx,0.0070115417983198335,0.01827741119013659,0.011265869391816757,0.05128572464549902,0.056089014936754666
252_T1_vs_T3,longitudinal,6,RFArm_to_RHand_ry,RFArm_to_RHand,ry,0.034227120002377424,0.06366637152247837,0.02943925152010094,0.05128572464549902,0.056089014936754666
252_T1_vs_T3,longitudinal,6,RFArm_to_RHand_rz,RFArm_to_RHand,rz,0.032863381606899854,0.04995600159709051,0.017092619990190655,0.05128572464549902,0.056089014936754666
252_T1_vs_T3,longitudinal,6,RShin_to_RFoot_rx,RShin_to_RFoot,rx,0.10679867200314697,0.07128700515458561,-0.03551166684856136,0.05128572464549902,0.056089014936754666
252_T1_vs_T3,longitudinal,6,RShin_to_RFoot_ry,RShin_to_RFoot,ry,0.07338177776218009,0.00013542565370842436,-0.07324635210847166,0.05128572464549902,0.056089014936754666
252_T1_vs_T3,longitudinal,6,RShin_to_RFoot_rz,RShin_to_RFoot,rz,0.06504109815071267,0.03959540300819556,-0.025445695142517114,0.05128572464549902,0.056089014936754666
252_T1_vs_T3,longitudinal,6,RShoulder_to_RUArm_rx,RShoulder_to_RUArm,rx,0.13180396798543484,0.06861537278732971,-0.06318859519810513,0.05128572464549902,0.056089014936754666
252_T1_vs_T3,longitudinal,6,RShoulder_to_RUArm_ry,RShoulder_to_RUArm,ry,0.3427379817052626,0.1599302456524398,-0.1828077360528228,0.05128572464549902,0.056089014936754666
252_T1_vs_T3,longitudinal,6,RShoulder_to_RUArm_rz,RShoulder_to_RUArm,rz,0.01278767356244331,0.6031919315974142,0.590404258034971,0.05128572464549902,0.056089014936754666
252_T1_vs_T3,longitudinal,6,RThigh_to_RShin_rx,RThigh_to_RShin,rx,0.4608067214412721,0.03478224603217122,-0.4260244754091009,0.05128572464549902,0.056089014936754666
252_T1_vs_T3,longitudinal,6,RThigh_to_RShin_ry,RThigh_to_RShin,ry,4.928026853258473e-09,2.394827484683829e-09,-2.5331993685746435e-09,0.05128572464549902,0.056089014936754666
252_T1_vs_T3,longitudinal,6,RThigh_to_RShin_rz,RThigh_to_RShin,rz,5.668756590564463e-08,4.992363365820724e-08,-6.763932247437394e-09,0.05128572464549902,0.056089014936754666
252_T1_vs_T3,longitudinal,6,RUArm_to_RFArm_rx,RUArm_to_RFArm,rx,0.2598566305810305,0.04782032093985212,-0.21203630964117837,0.05128572464549902,0.056089014936754666
252_T1_vs_T3,longitudinal,6,RUArm_to_RFArm_ry,RUArm_to_RFArm,ry,0.2429797448636975,0.24157751765847763,-0.0014022272052198748,0.05128572464549902,0.056089014936754666
252_T1_vs_T3,longitudinal,6,RUArm_to_RFArm_rz,RUArm_to_RFArm,rz,0.062391200787471526,0.03344029928662365,-0.028950901500847878,0.05128572464549902,0.056089014936754666
252_T1_vs_T3,longitudinal,6,Spine2_to_Spine3_rx,Spine2_to_Spine3,rx,0.0059816711486506205,0.04791801129739596,0.04193634014874534,0.05128572464549902,0.056089014936754666
252_T1_vs_T3,longitudinal,6,Spine2_to_Spine3_ry,Spine2_to_Spine3,ry,0.004318326874438335,0.04245784209894049,0.03813951522450215,0.05128572464549902,0.056089014936754666
252_T1_vs_T3,longitudinal,6,Spine2_to_Spine3_rz,Spine2_to_Spine3,rz,0.021672777860135335,0.0049175451833420895,-0.016755232676793245,0.05128572464549902,0.056089014936754666
252_T1_vs_T3,longitudinal,6,Spine3_to_Spine4_rx,Spine3_to_Spine4,rx,0.005987910206117948,0.047900439101943845,0.0419125288958259,0.05128572464549902,0.056089014936754666
252_T1_vs_T3,longitudinal,6,Spine3_to_Spine4_ry,Spine3_to_Spine4,ry,0.003382992252235959,0.04218869394193879,0.038805701689702835,0.05128572464549902,0.056089014936754666
252_T1_vs_T3,longitudinal,6,Spine3_to_Spine4_rz,Spine3_to_Spine4,rz,0.021825805903326084,0.006724792537272478,-0.015101013366053608,0.05128572464549902,0.056089014936754666
252_T1_vs_T3,longitudinal,6,Spine4_to_Chest_rx,Spine4_to_Chest,rx,0.0059916269517063525,0.047890000307559764,0.04189837335585341,0.05128572464549902,0.056089014936754666
252_T1_vs_T3,longitudinal,6,Spine4_to_Chest_ry,Spine4_to_Chest,ry,0.0028276914901949543,0.0420052554886168,0.039177563998421844,0.05128572464549902,0.056089014936754666
252_T1_vs_T3,longitudinal,6,Spine4_to_Chest_rz,Spine4_to_Chest,rz,0.021903738937915744,0.007790219611217154,-0.01411351932669859,0.05128572464549902,0.056089014936754666
252_T1_vs_T3,longitudinal,7,252_to_Ab_rx,252_to_Ab,rx,0.01845641783153783,0.043626577443767196,0.025170159612229365,0.045350461398327414,0.05263766184771645
252_T1_vs_T3,longitudinal,7,252_to_Ab_ry,252_to_Ab,ry,0.04354328070505331,0.012202953637741388,-0.03134032706731192,0.045350461398327414,0.05263766184771645
252_T1_vs_T3,longitudinal,7,252_to_Ab_rz,252_to_Ab,rz,0.00536758397831541,0.006744779105768576,0.0013771951274531664,0.045350461398327414,0.05263766184771645
252_T1_vs_T3,longitudinal,7,252_to_LThigh_rx,252_to_LThigh,rx,0.07410853744678499,0.27324143387315186,0.1991328964263669,0.045350461398327414,0.05263766184771645
252_T1_vs_T3,longitudinal,7,252_to_LThigh_ry,252_to_LThigh,ry,0.038538395285654524,0.034050305283697006,-0.004488090001957518,0.045350461398327414,0.05263766184771645
252_T1_vs_T3,longitudinal,7,252_to_LThigh_rz,252_to_LThigh,rz,0.001219754278680818,0.03385109311540949,0.032631338836728675,0.045350461398327414,0.05263766184771645
252_T1_vs_T3,longitudinal,7,252_to_RThigh_rx,252_to_RThigh,rx,0.09152203047951617,0.23748515957004995,0.14596312909053377,0.045350461398327414,0.05263766184771645
252_T1_vs_T3,longitudinal,7,252_to_RThigh_ry,252_to_RThigh,ry,0.07598846623746178,0.02854634861746707,-0.04744211761999471,0.045350461398327414,0.05263766184771645
252_T1_vs_T3,longitudinal,7,252_to_RThigh_rz,252_to_RThigh,rz,0.016777941777720254,0.035372178248160316,0.018594236470440062,0.045350461398327414,0.05263766184771645
252_T1_vs_T3,longitudinal,7,Ab_to_Spine2_rx,Ab_to_Spine2,rx,0.018323680632359438,0.043585444789896226,0.025261764157536788,0.045350461398327414,0.05263766184771645
252_T1_vs_T3,longitudinal,7,Ab_to_Spine2_ry,Ab_to_Spine2,ry,0.043553380038955494,0.011485581434958833,-0.03206779860399666,0.045350461398327414,0.05263766184771645
252_T1_vs_T3,longitudinal,7,Ab_to_Spine2_rz,Ab_to_Spine2,rz,0.0017386663308325832,0.026983932629780986,0.025245266298948403,0.045350461398327414,0.05263766184771645
252_T1_vs_T3,longitudinal,7,Chest_to_LShoulder_rx,Chest_to_LShoulder,rx,0.04441723684382701,0.021609836709577362,-0.022807400134249645,0.045350461398327414,0.05263766184771645
252_T1_vs_T3,longitudinal,7,Chest_to_LShoulder_ry,Chest_to_LShoulder,ry,0.0774904518466027,0.035617393113213755,-0.04187305873338895,0.045350461398327414,0.05263766184771645
252_T1_vs_T3,longitudinal,7,Chest_to_LShoulder_rz,Chest_to_LShoulder,rz,0.05551941752736404,0.0026403700068301913,-0.05287904752053385,0.045350461398327414,0.05263766184771645
252_T1_vs_T3,longitudinal,7,Chest_to_Neck_rx,Chest_to_Neck,rx,0.035444541549041586,0.06380844846819074,0.028363906919149154,0.045350461398327414,0.05263766184771645
252_T1_vs_T3,longitudinal,7,Chest_to_Neck_ry,Chest_to_Neck,ry,0.0351134684943913,0.007310188204951236,-0.027803280289440065,0.045350461398327414,0.05263766184771645
252_T1_vs_T3,longitudinal,7,Chest_to_Neck_rz,Chest_to_Neck,rz,0.05166772578174888,0.005356633422757754,-0.04631109235899113,0.045350461398327414,0.05263766184771645
252_T1_vs_T3,longitudinal,7,Chest_to_RShoulder_rx,Chest_to_RShoulder,rx,0.05010249908684937,0.0075939184113827775,-0.04250858067546659,0.045350461398327414,0.05263766184771645
252_T1_vs_T3,longitudinal,7,Chest_to_RShoulder_ry,Chest_to_RShoulder,ry,0.03841217817102011,0.022878628605016358,-0.015533549566003755,0.045350461398327414,0.05263766184771645
252_T1_vs_T3,longitudinal,7,Chest_to_RShoulder_rz,Chest_to_RShoulder,rz,0.11916348372754679,0.08623798833323525,-0.03292549539431154,0.045350461398327414,0.05263766184771645
252_T1_vs_T3,longitudinal,7,LFArm_to_LHand_rx,LFArm_to_LHand,rx,0.012802782902387481,0.020191947132847457,0.007389164230459976,0.045350461398327414,0.05263766184771645
252_T1_vs_T3,longitudinal,7,LFArm_to_LHand_ry,LFArm_to_LHand,ry,0.058292234756606505,0.049142174042691014,-0.00915006071391549,0.045350461398327414,0.05263766184771645
252_T1_vs_T3,longitudinal,7,LFArm_to_LHand_rz,LFArm_to_LHand,rz,0.11690533097419266,0.21043489072040725,0.09352955974621459,0.045350461398327414,0.05263766184771645
252_T1_vs_T3,longitudinal,7,LShin_to_LFoot_rx,LShin_to_LFoot,rx,0.0268404390756153,0.0870523099430062,0.060211870867390896,0.045350461398327414,0.05263766184771645
252_T1_vs_T3,longitudinal,7,LShin_to_LFoot_ry,LShin_to_LFoot,ry,0.06274432857320207,0.10992284622451229,0.04717851765131022,0.045350461398327414,0.05263766184771645
252_T1_vs_T3,longitudinal,7,LShin_to_LFoot_rz,LShin_to_LFoot,rz,0.013278924257785513,0.05499382914704565,0.041714904889260135,0.045350461398327414,0.05263766184771645
252_T1_vs_T3,longitudinal,7,LShoulder_to_LUArm_rx,LShoulder_to_LUArm,rx,0.14669504699857253,0.11247319081181444,-0.03422185618675809,0.045350461398327414,0.05263766184771645
252_T1_vs_T3,longitudinal,7,LShoulder_to_LUArm_ry,LShoulder_to_LUArm,ry,0.19121542099076924,0.31492528885104853,0.1237098678602793,0.045350461398327414,0.05263766184771645
252_T1_vs_T3,longitudinal,7,LShoulder_to_LUArm_rz,LShoulder_to_LUArm,rz,0.31859652235052377,0.13662917560553328,-0.1819673467449905,0.045350461398327414,0.05263766184771645
252_T1_vs_T3,longitudinal,7,LThigh_to_LShin_rx,LThigh_to_LShin,rx,0.060238304178468025,0.380612145822848,0.32037384164438,0.045350461398327414,0.05263766184771645
252_T1_vs_T3,longitudinal,7,LThigh_to_LShin_ry,LThigh_to_LShin,ry,2.36160380972713e-09,2.687136031551595e-08,2.450975650578882e-08,0.045350461398327414,0.05263766184771645
252_T1_vs_T3,longitudinal,7,LThigh_to_LShin_rz,LThigh_to_LShin,rz,4.744106266062082e-09,1.0993305659477086e-09,-3.6447757001143736e-09,0.045350461398327414,0.05263766184771645
252_T1_vs_T3,longitudinal,7,LUArm_to_LFArm_rx,LUArm_to_LFArm,rx,0.02978632211717633,0.0672662501273223,0.03747992801014598,0.045350461398327414,0.05263766184771645
252_T1_vs_T3,longitudinal,7,LUArm_to_LFArm_ry,LUArm_to_LFArm,ry,0.1730173967636429,0.0015646437807960993,-0.1714527529828468,0.045350461398327414,0.05263766184771645
252_T1_vs_T3,longitudinal,7,LUArm_to_LFArm_rz,LUArm_to_LFArm,rz,0.032087451619841584,0.04418286064206829,0.012095409022226708,0.045350461398327414,0.05263766184771645
252_T1_vs_T3,longitudinal,7,Neck2_to_Head_rx,Neck2_to_Head,rx,0.03536978993408633,0.06336773063721131,0.02799794070312498,0.045350461398327414,0.05263766184771645
252_T1_vs_T3,longitudinal,7,Neck2_to_Head_ry,Neck2_to_Head,ry,0.04431551813376453,0.008200420399333034,-0.0361150977344315,0.045350461398327414,0.05263766184771645
252_T1_vs_T3,longitudinal,7,Neck2_to_Head_rz,Neck2_to_Head,rz,0.04401972130625127,0.003928167795455048,-0.04009155351079623,0.045350461398327414,0.05263766184771645
252_T1_vs_T3,longitudinal,7,Neck_to_Neck2_rx,Neck_to_Neck2,rx,0.03539036020798071,0.0634888212371018,0.028098461029121086,0.045350461398327414,0.05263766184771645
252_T1_vs_T3,longitudinal,7,Neck_to_Neck2_ry,Neck_to_Neck2,ry,0.041886564708087055,0.007972528948049847,-0.03391403576003721,0.045350461398327414,0.05263766184771645
252_T1_vs_T3,longitudinal,7,Neck_to_Neck2_rz,Neck_to_Neck2,rz,0.046237870540400586,0.004331817887549625,-0.04190605265285096,0.045350461398327414,0.05263766184771645
252_T1_vs_T3,longitudinal,7,RFArm_to_RHand_rx,RFArm_to_RHand,rx,0.01259587421800461,0.007408816715802503,-0.005187057502202108,0.045350461398327414,0.05263766184771645
252_T1_vs_T3,longitudinal,7,RFArm_to_RHand_ry,RFArm_to_RHand,ry,0.06393960878781205,0.0049766277853048185,-0.05896298100250723,0.045350461398327414,0.05263766184771645
252_T1_vs_T3,longitudinal,7,RFArm_to_RHand_rz,RFArm_to_RHand,rz,0.04692482797947545,0.07673135407845758,0.029806526098982128,0.045350461398327414,0.05263766184771645
252_T1_vs_T3,longitudinal,7,RShin_to_RFoot_rx,RShin_to_RFoot,rx,0.07001278153674172,0.024938411363318865,-0.04507437017342285,0.045350461398327414,0.05263766184771645
252_T1_vs_T3,longitudinal,7,RShin_to_RFoot_ry,RShin_to_RFoot,ry,0.02416235080293809,0.05522560448809587,0.031063253685157777,0.045350461398327414,0.05263766184771645
252_T1_vs_T3,longitudinal,7,RShin_to_RFoot_rz,RShin_to_RFoot,rz,0.012835789108073382,0.03522560400505684,0.022389814896983454,0.045350461398327414,0.05263766184771645
252_T1_vs_T3,longitudinal,7,RShoulder_to_RUArm_rx,RShoulder_to_RUArm,rx,0.31694920710668756,0.30621084003965915,-0.01073836706702841,0.045350461398327414,0.05263766184771645
252_T1_vs_T3,longitudinal,7,RShoulder_to_RUArm_ry,RShoulder_to_RUArm,ry,0.062372338927820355,0.582120373773983,0.5197480348461626,0.045350461398327414,0.05263766184771645
252_T1_vs_T3,longitudinal,7,RShoulder_to_RUArm_rz,RShoulder_to_RUArm,rz,0.7631557809903797,0.1466624548156977,-0.616493326174682,0.045350461398327414,0.05263766184771645
252_T1_vs_T3,longitudinal,7,RThigh_to_RShin_rx,RThigh_to_RShin,rx,0.038896918757694465,0.05378842930190731,0.014891510544212845,0.045350461398327414,0.05263766184771645
252_T1_vs_T3,longitudinal,7,RThigh_to_RShin_ry,RThigh_to_RShin,ry,1.1020023913442646e-08,3.787073647242181e-09,-7.232950266200465e-09,0.045350461398327414,0.05263766184771645
252_T1_vs_T3,longitudinal,7,RThigh_to_RShin_rz,RThigh_to_RShin,rz,3.7464191127756016e-08,6.487471446302375e-09,-3.097671968145364e-08,0.045350461398327414,0.05263766184771645
252_T1_vs_T3,longitudinal,7,RUArm_to_RFArm_rx,RUArm_to_RFArm,rx,0.03252584997416549,0.025537305178643138,-0.006988544795522349,0.045350461398327414,0.05263766184771645
252_T1_vs_T3,longitudinal,7,RUArm_to_RFArm_ry,RUArm_to_RFArm,ry,0.05949483761845023,0.027306249123677698,-0.03218858849477253,0.045350461398327414,0.05263766184771645
252_T1_vs_T3,longitudinal,7,RUArm_to_RFArm_rz,RUArm_to_RFArm,rz,0.024209446868177942,0.09138835887706291,0.06717891200888497,0.045350461398327414,0.05263766184771645
252_T1_vs_T3,longitudinal,7,Spine2_to_Spine3_rx,Spine2_to_Spine3,rx,0.01832391643620017,0.04367357233804448,0.025349655901844313,0.045350461398327414,0.05263766184771645
252_T1_vs_T3,longitudinal,7,Spine2_to_Spine3_ry,Spine2_to_Spine3,ry,0.04353426695932096,0.014031175171145565,-0.029503091788175395,0.045350461398327414,0.05263766184771645
252_T1_vs_T3,longitudinal,7,Spine2_to_Spine3_rz,Spine2_to_Spine3,rz,0.002453710674043425,0.02575001803907585,0.023296307365032423,0.045350461398327414,0.05263766184771645
252_T1_vs_T3,longitudinal,7,Spine3_to_Spine4_rx,Spine3_to_Spine4,rx,0.018323830356737618,0.04363438109639095,0.025310550739653333,0.045350461398327414,0.05263766184771645
252_T1_vs_T3,longitudinal,7,Spine3_to_Spine4_ry,Spine3_to_Spine4,ry,0.04357600479046421,0.01290816466642812,-0.03066784012403609,0.045350461398327414,0.05263766184771645
252_T1_vs_T3,longitudinal,7,Spine3_to_Spine4_rz,Spine3_to_Spine4,rz,0.0005878210961968063,0.026319470524862366,0.02573164942866556,0.045350461398327414,0.05263766184771645
252_T1_vs_T3,longitudinal,7,Spine4_to_Chest_rx,Spine4_to_Chest,rx,0.01832377553494821,0.043611126963391804,0.025287351428443593,0.045350461398327414,0.05263766184771645
252_T1_vs_T3,longitudinal,7,Spine4_to_Chest_ry,Spine4_to_Chest,ry,0.04357564627335944,0.012236006702657598,-0.03133963957070184,0.045350461398327414,0.05263766184771645
252_T1_vs_T3,longitudinal,7,Spine4_to_Chest_rz,Spine4_to_Chest,rz,0.0005164132273967875,0.026641195109679293,0.026124781882282504,0.045350461398327414,0.05263766184771645
252_T1_vs_T3,longitudinal,8,252_to_Ab_rx,252_to_Ab,rx,0.021283458126904863,0.0022375145069465645,-0.0190459436199583,0.04339173843402341,0.03704809106758116
252_T1_vs_T3,longitudinal,8,252_to_Ab_ry,252_to_Ab,ry,0.006826517427022255,0.006788632161744749,-3.7885265277506214e-05,0.04339173843402341,0.03704809106758116
252_T1_vs_T3,longitudinal,8,252_to_Ab_rz,252_to_Ab,rz,0.006681534275800621,0.00018704433992459323,-0.006494489935876028,0.04339173843402341,0.03704809106758116
252_T1_vs_T3,longitudinal,8,252_to_LThigh_rx,252_to_LThigh,rx,0.2064918741095999,0.07693845056804556,-0.12955342354155436,0.04339173843402341,0.03704809106758116
252_T1_vs_T3,longitudinal,8,252_to_LThigh_ry,252_to_LThigh,ry,0.00989131722353978,0.00366615032408028,-0.006225166899459501,0.04339173843402341,0.03704809106758116
252_T1_vs_T3,longitudinal,8,252_to_LThigh_rz,252_to_LThigh,rz,0.048224401670330874,0.02714521760870683,-0.021079184061624043,0.04339173843402341,0.03704809106758116
252_T1_vs_T3,longitudinal,8,252_to_RThigh_rx,252_to_RThigh,rx,0.07247947543996525,0.0489918672619438,-0.023487608178021445,0.04339173843402341,0.03704809106758116
252_T1_vs_T3,longitudinal,8,252_to_RThigh_ry,252_to_RThigh,ry,0.0013288911933612994,0.019547562341494417,0.01821867114813312,0.04339173843402341,0.03704809106758116
252_T1_vs_T3,longitudinal,8,252_to_RThigh_rz,252_to_RThigh,rz,0.010707860091116584,0.018751882974555694,0.00804402288343911,0.04339173843402341,0.03704809106758116
252_T1_vs_T3,longitudinal,8,Ab_to_Spine2_rx,Ab_to_Spine2,rx,0.02110283730934244,0.0019060811226482297,-0.01919675618669421,0.04339173843402341,0.03704809106758116
252_T1_vs_T3,longitudinal,8,Ab_to_Spine2_ry,Ab_to_Spine2,ry,0.005918296520906945,0.006886399296966044,0.0009681027760590991,0.04339173843402341,0.03704809106758116
252_T1_vs_T3,longitudinal,8,Ab_to_Spine2_rz,Ab_to_Spine2,rz,0.028837562187128764,0.003054474437826121,-0.025783087749302644,0.04339173843402341,0.03704809106758116
252_T1_vs_T3,longitudinal,8,Chest_to_LShoulder_rx,Chest_to_LShoulder,rx,0.037626909099122155,0.03655538639864795,-0.0010715227004742048,0.04339173843402341,0.03704809106758116
252_T1_vs_T3,longitudinal,8,Chest_to_LShoulder_ry,Chest_to_LShoulder,ry,0.03542296722628118,0.002965826341111544,-0.032457140885169634,0.04339173843402341,0.03704809106758116
252_T1_vs_T3,longitudinal,8,Chest_to_LShoulder_rz,Chest_to_LShoulder,rz,0.046979317265791465,0.030848730721745588,-0.016130586544045877,0.04339173843402341,0.03704809106758116
252_T1_vs_T3,longitudinal,8,Chest_to_Neck_rx,Chest_to_Neck,rx,0.04339816023874663,0.0028259263163888295,-0.0405722339223578,0.04339173843402341,0.03704809106758116
252_T1_vs_T3,longitudinal,8,Chest_to_Neck_ry,Chest_to_Neck,ry,0.01492311942943449,0.004651061622819328,-0.010272057806615161,0.04339173843402341,0.03704809106758116
252_T1_vs_T3,longitudinal,8,Chest_to_Neck_rz,Chest_to_Neck,rz,0.02124260380427084,0.013689869004285319,-0.007552734799985521,0.04339173843402341,0.03704809106758116
252_T1_vs_T3,longitudinal,8,Chest_to_RShoulder_rx,Chest_to_RShoulder,rx,0.02663757615444631,0.05118650569794149,0.02454892954349518,0.04339173843402341,0.03704809106758116
252_T1_vs_T3,longitudinal,8,Chest_to_RShoulder_ry,Chest_to_RShoulder,ry,0.01788823680603094,0.004968672293189038,-0.012919564512841904,0.04339173843402341,0.03704809106758116
252_T1_vs_T3,longitudinal,8,Chest_to_RShoulder_rz,Chest_to_RShoulder,rz,0.025890739286435312,0.04738584395233455,0.021495104665899236,0.04339173843402341,0.03704809106758116
252_T1_vs_T3,longitudinal,8,LFArm_to_LHand_rx,LFArm_to_LHand,rx,0.0445018283504748,0.021487060773497137,-0.023014767576977666,0.04339173843402341,0.03704809106758116
252_T1_vs_T3,longitudinal,8,LFArm_to_LHand_ry,LFArm_to_LHand,ry,0.12020619700916908,0.03732244015119271,-0.08288375685797637,0.04339173843402341,0.03704809106758116
252_T1_vs_T3,longitudinal,8,LFArm_to_LHand_rz,LFArm_to_LHand,rz,0.41733879852932343,0.18435767350146298,-0.23298112502786045,0.04339173843402341,0.03704809106758116
252_T1_vs_T3,longitudinal,8,LShin_to_LFoot_rx,LShin_to_LFoot,rx,0.09208144173625708,0.033784198965599956,-0.05829724277065713,0.04339173843402341,0.03704809106758116
252_T1_vs_T3,longitudinal,8,LShin_to_LFoot_ry,LShin_to_LFoot,ry,0.07303801576451484,0.0005970395423309402,-0.0724409762221839,0.04339173843402341,0.03704809106758116
252_T1_vs_T3,longitudinal,8,LShin_to_LFoot_rz,LShin_to_LFoot,rz,0.038735490186236156,0.013753030528135216,-0.02498245965810094,0.04339173843402341,0.03704809106758116
252_T1_vs_T3,longitudinal,8,LShoulder_to_LUArm_rx,LShoulder_to_LUArm,rx,0.20897591269804788,0.37769152056755495,0.16871560786950707,0.04339173843402341,0.03704809106758116
252_T1_vs_T3,longitudinal,8,LShoulder_to_LUArm_ry,LShoulder_to_LUArm,ry,0.22942580213397754,0.04528609693134531,-0.18413970520263223,0.04339173843402341,0.03704809106758116
252_T1_vs_T3,longitudinal,8,LShoulder_to_LUArm_rz,LShoulder_to_LUArm,rz,0.002106701188415915,0.3229886305166827,0.32088192932826676,0.04339173843402341,0.03704809106758116
252_T1_vs_T3,longitudinal,8,LThigh_to_LShin_rx,LThigh_to_LShin,rx,0.2461384014483202,0.02524298987682334,-0.22089541157149686,0.04339173843402341,0.03704809106758116
252_T1_vs_T3,longitudinal,8,LThigh_to_LShin_ry,LThigh_to_LShin,ry,8.044438611820308e-09,1.942552532293127e-08,1.1381086711110962e-08,0.04339173843402341,0.03704809106758116
252_T1_vs_T3,longitudinal,8,LThigh_to_LShin_rz,LThigh_to_LShin,rz,9.376249838767312e-10,1.6101946011396094e-08,1.5164321027519362e-08,0.04339173843402341,0.03704809106758116
252_T1_vs_T3,longitudinal,8,LUArm_to_LFArm_rx,LUArm_to_LFArm,rx,0.1570257656673066,0.07502416490208698,-0.08200160076521963,0.04339173843402341,0.03704809106758116
252_T1_vs_T3,longitudinal,8,LUArm_to_LFArm_ry,LUArm_to_LFArm,ry,0.24216859464220808,0.017973278303228635,-0.22419531633897943,0.04339173843402341,0.03704809106758116
252_T1_vs_T3,longitudinal,8,LUArm_to_LFArm_rz,LUArm_to_LFArm,rz,0.25235279749048173,0.039302039292660906,-0.21305075819782082,0.04339173843402341,0.03704809106758116
252_T1_vs_T3,longitudinal,8,Neck2_to_Head_rx,Neck2_to_Head,rx,0.04317449799107491,0.002777333342742199,-0.040397164648332706,0.04339173843402341,0.03704809106758116
252_T1_vs_T3,longitudinal,8,Neck2_to_Head_ry,Neck2_to_Head,ry,0.018573289144174963,0.002028487372549963,-0.016544801771625,0.04339173843402341,0.03704809106758116
252_T1_vs_T3,longitudinal,8,Neck2_to_Head_rz,Neck2_to_Head,rz,0.01797912683212667,0.014334938715605804,-0.003644188116520867,0.04339173843402341,0.03704809106758116
252_T1_vs_T3,longitudinal,8,Neck_to_Neck2_rx,Neck_to_Neck2,rx,0.04323609962143154,0.0027905899742735997,-0.040445509647157936,0.04339173843402341,0.03704809106758116
252_T1_vs_T3,longitudinal,8,Neck_to_Neck2_ry,Neck_to_Neck2,ry,0.017613590371323,0.002757286047576832,-0.014856304323746166,0.04339173843402341,0.03704809106758116
252_T1_vs_T3,longitudinal,8,Neck_to_Neck2_rz,Neck_to_Neck2,rz,0.018919107266539927,0.014189525813323797,-0.00472958145321613,0.04339173843402341,0.03704809106758116
252_T1_vs_T3,longitudinal,8,RFArm_to_RHand_rx,RFArm_to_RHand,rx,0.016621912742271514,0.002650984899194531,-0.013970927843076984,0.04339173843402341,0.03704809106758116
252_T1_vs_T3,longitudinal,8,RFArm_to_RHand_ry,RFArm_to_RHand,ry,0.11773769084400251,0.001897828947139241,-0.11583986189686327,0.04339173843402341,0.03704809106758116
252_T1_vs_T3,longitudinal,8,RFArm_to_RHand_rz,RFArm_to_RHand,rz,0.37288355930161504,0.17599514850130926,-0.19688841080030578,0.04339173843402341,0.03704809106758116
252_T1_vs_T3,longitudinal,8,RShin_to_RFoot_rx,RShin_to_RFoot,rx,0.0793139664334205,0.017519498165751404,-0.061794468267669087,0.04339173843402341,0.03704809106758116
252_T1_vs_T3,longitudinal,8,RShin_to_RFoot_ry,RShin_to_RFoot,ry,0.09579990354511676,0.007877732075972078,-0.08792217146914469,0.04339173843402341,0.03704809106758116
252_T1_vs_T3,longitudinal,8,RShin_to_RFoot_rz,RShin_to_RFoot,rz,0.06708526661753067,0.014709008568561463,-0.052376258048969206,0.04339173843402341,0.03704809106758116
252_T1_vs_T3,longitudinal,8,RShoulder_to_RUArm_rx,RShoulder_to_RUArm,rx,0.2243864667326528,0.21603202594146964,-0.008354440791183165,0.04339173843402341,0.03704809106758116
252_T1_vs_T3,longitudinal,8,RShoulder_to_RUArm_ry,RShoulder_to_RUArm,ry,0.1591887951611634,0.1001321589119351,-0.059056636249228314,0.04339173843402341,0.03704809106758116
252_T1_vs_T3,longitudinal,8,RShoulder_to_RUArm_rz,RShoulder_to_RUArm,rz,0.010639748900010708,0.00416685409270341,-0.006472894807307297,0.04339173843402341,0.03704809106758116
252_T1_vs_T3,longitudinal,8,RThigh_to_RShin_rx,RThigh_to_RShin,rx,0.23417636098569253,0.12695981252158556,-0.10721654846410697,0.04339173843402341,0.03704809106758116
252_T1_vs_T3,longitudinal,8,RThigh_to_RShin_ry,RThigh_to_RShin,ry,1.8843049438088135e-08,6.672771109420481e-09,-1.2170278328667655e-08,0.04339173843402341,0.03704809106758116
252_T1_vs_T3,longitudinal,8,RThigh_to_RShin_rz,RThigh_to_RShin,rz,2.7702624439686603e-08,8.883071815490306e-09,-1.8819552624196296e-08,0.04339173843402341,0.03704809106758116
252_T1_vs_T3,longitudinal,8,RUArm_to_RFArm_rx,RUArm_to_RFArm,rx,0.21469900257502952,0.30721702662698636,0.09251802405195683,0.04339173843402341,0.03704809106758116
252_T1_vs_T3,longitudinal,8,RUArm_to_RFArm_ry,RUArm_to_RFArm,ry,0.057742665511506724,0.6952282697168807,0.6374856042053739,0.04339173843402341,0.03704809106758116
252_T1_vs_T3,longitudinal,8,RUArm_to_RFArm_rz,RUArm_to_RFArm,rz,0.25797884710511576,0.07488743216383635,-0.1830914149412794,0.04339173843402341,0.03704809106758116
252_T1_vs_T3,longitudinal,8,Spine2_to_Spine3_rx,Spine2_to_Spine3,rx,0.021145728527536947,0.0019018665859940104,-0.01924386194154294,0.04339173843402341,0.03704809106758116
252_T1_vs_T3,longitudinal,8,Spine2_to_Spine3_ry,Spine2_to_Spine3,ry,0.008657689741505346,0.00656219451205126,-0.002095495229454086,0.04339173843402341,0.03704809106758116
252_T1_vs_T3,longitudinal,8,Spine2_to_Spine3_rz,Spine2_to_Spine3,rz,0.028124535395164622,0.003701475446760262,-0.02442305994840436,0.04339173843402341,0.03704809106758116
252_T1_vs_T3,longitudinal,8,Spine3_to_Spine4_rx,Spine3_to_Spine4,rx,0.02112665285864633,0.0019037766056411165,-0.019222876253005214,0.04339173843402341,0.03704809106758116
252_T1_vs_T3,longitudinal,8,Spine3_to_Spine4_ry,Spine3_to_Spine4,ry,0.0074444262443769255,0.006711580329045366,-0.0007328459153315599,0.04339173843402341,0.03704809106758116
252_T1_vs_T3,longitudinal,8,Spine3_to_Spine4_rz,Spine3_to_Spine4,rz,0.028463563869013206,0.0034160817666840913,-0.025047482102329113,0.04339173843402341,0.03704809106758116
252_T1_vs_T3,longitudinal,8,Spine4_to_Chest_rx,Spine4_to_Chest,rx,0.021115360083657574,0.0019048355301434213,-0.01921052455351415,0.04339173843402341,0.03704809106758116
252_T1_vs_T3,longitudinal,8,Spine4_to_Chest_ry,Spine4_to_Chest,ry,0.006721854369569874,0.006796200643222948,7.43462736530736e-05,0.04339173843402341,0.03704809106758116
252_T1_vs_T3,longitudinal,8,Spine4_to_Chest_rz,Spine4_to_Chest,rz,0.028647873806074167,0.0032452410083488982,-0.02540263279772527,0.04339173843402341,0.03704809106758116
252_T1_vs_T3,longitudinal,9,252_to_Ab_rx,252_to_Ab,rx,0.01032578886228757,0.0009521288084101739,-0.009373660053877396,0.03686230310155562,0.0235813084829109
252_T1_vs_T3,longitudinal,9,252_to_Ab_ry,252_to_Ab,ry,0.011790569790914432,0.005683372887737223,-0.006107196903177209,0.03686230310155562,0.0235813084829109
252_T1_vs_T3,longitudinal,9,252_to_Ab_rz,252_to_Ab,rz,0.005121388323856987,0.0023395410799288887,-0.0027818472439280987,0.03686230310155562,0.0235813084829109
252_T1_vs_T3,longitudinal,9,252_to_LThigh_rx,252_to_LThigh,rx,0.24033938525142173,0.07427384282084179,-0.16606554243057994,0.03686230310155562,0.0235813084829109
252_T1_vs_T3,longitudinal,9,252_to_LThigh_ry,252_to_LThigh,ry,0.03118495285832812,0.02840985874790087,-0.0027750941104272495,0.03686230310155562,0.0235813084829109
252_T1_vs_T3,longitudinal,9,252_to_LThigh_rz,252_to_LThigh,rz,0.05153629056222951,0.004495660417216438,-0.04704063014501307,0.03686230310155562,0.0235813084829109
252_T1_vs_T3,longitudinal,9,252_to_RThigh_rx,252_to_RThigh,rx,0.04710307593803491,0.0512420688371932,0.0041389928991582906,0.03686230310155562,0.0235813084829109
252_T1_vs_T3,longitudinal,9,252_to_RThigh_ry,252_to_RThigh,ry,0.03689042649599253,0.00037467550160108373,-0.036515750994391444,0.03686230310155562,0.0235813084829109
252_T1_vs_T3,longitudinal,9,252_to_RThigh_rz,252_to_RThigh,rz,0.11465953224982071,0.0225236525314456,-0.09213587971837511,0.03686230310155562,0.0235813084829109
252_T1_vs_T3,longitudinal,9,Ab_to_Spine2_rx,Ab_to_Spine2,rx,0.010280812872781143,0.0007023225868193892,-0.009578490285961753,0.03686230310155562,0.0235813084829109
252_T1_vs_T3,longitudinal,9,Ab_to_Spine2_ry,Ab_to_Spine2,ry,0.011779889999234575,0.005987043966797056,-0.00579284603243752,0.03686230310155562,0.0235813084829109
252_T1_vs_T3,longitudinal,9,Ab_to_Spine2_rz,Ab_to_Spine2,rz,0.01944099718713867,0.014658561449293915,-0.004782435737844756,0.03686230310155562,0.0235813084829109
252_T1_vs_T3,longitudinal,9,Chest_to_LShoulder_rx,Chest_to_LShoulder,rx,0.027378499043056854,0.035808253071609224,0.00842975402855237,0.03686230310155562,0.0235813084829109
252_T1_vs_T3,longitudinal,9,Chest_to_LShoulder_ry,Chest_to_LShoulder,ry,0.06809485122195201,0.016411235805091167,-0.05168361541686084,0.03686230310155562,0.0235813084829109
252_T1_vs_T3,longitudinal,9,Chest_to_LShoulder_rz,Chest_to_LShoulder,rz,0.0189243413252227,0.012599053172775246,-0.006325288152447454,0.03686230310155562,0.0235813084829109
252_T1_vs_T3,longitudinal,9,Chest_to_Neck_rx,Chest_to_Neck,rx,0.052508013428499825,0.012144278747606034,-0.04036373468089379,0.03686230310155562,0.0235813084829109
252_T1_vs_T3,longitudinal,9,Chest_to_Neck_ry,Chest_to_Neck,ry,0.04429947426177861,0.006851504832062115,-0.037447969429716496,0.03686230310155562,0.0235813084829109
252_T1_vs_T3,longitudinal,9,Chest_to_Neck_rz,Chest_to_Neck,rz,0.01931121943224159,0.037270625783490816,0.017959406351249225,0.03686230310155562,0.0235813084829109
252_T1_vs_T3,longitudinal,9,Chest_to_RShoulder_rx,Chest_to_RShoulder,rx,0.0014009085304787716,0.00776912533408206,0.006368216803603288,0.03686230310155562,0.0235813084829109
252_T1_vs_T3,longitudinal,9,Chest_to_RShoulder_ry,Chest_to_RShoulder,ry,0.042173184311440584,0.0014574565459028392,-0.040715727765537744,0.03686230310155562,0.0235813084829109
252_T1_vs_T3,longitudinal,9,Chest_to_RShoulder_rz,Chest_to_RShoulder,rz,0.09294864292723624,0.02697636658982351,-0.06597227633741273,0.03686230310155562,0.0235813084829109
252_T1_vs_T3,longitudinal,9,LFArm_to_LHand_rx,LFArm_to_LHand,rx,0.026469320121828774,0.013424383436774245,-0.013044936685054529,0.03686230310155562,0.0235813084829109
252_T1_vs_T3,longitudinal,9,LFArm_to_LHand_ry,LFArm_to_LHand,ry,0.025771107327608362,0.07229550705678266,0.0465243997291743,0.03686230310155562,0.0235813084829109
252_T1_vs_T3,longitudinal,9,LFArm_to_LHand_rz,LFArm_to_LHand,rz,0.19628330084096549,0.1766658993150853,-0.01961740152588018,0.03686230310155562,0.0235813084829109
252_T1_vs_T3,longitudinal,9,LShin_to_LFoot_rx,LShin_to_LFoot,rx,0.12207936252482411,0.023144572619736042,-0.09893478990508807,0.03686230310155562,0.0235813084829109
252_T1_vs_T3,longitudinal,9,LShin_to_LFoot_ry,LShin_to_LFoot,ry,0.002336635947430936,0.0012433359238686512,-0.0010933000235622847,0.03686230310155562,0.0235813084829109
252_T1_vs_T3,longitudinal,9,LShin_to_LFoot_rz,LShin_to_LFoot,rz,0.05675070376006831,0.017913464797389887,-0.038837238962678426,0.03686230310155562,0.0235813084829109
252_T1_vs_T3,longitudinal,9,LShoulder_to_LUArm_rx,LShoulder_to_LUArm,rx,0.07533863958621041,0.08773779735534394,0.012399157769133529,0.03686230310155562,0.0235813084829109
252_T1_vs_T3,longitudinal,9,LShoulder_to_LUArm_ry,LShoulder_to_LUArm,ry,0.20571080724901983,0.06664764248076543,-0.1390631647682544,0.03686230310155562,0.0235813084829109
252_T1_vs_T3,longitudinal,9,LShoulder_to_LUArm_rz,LShoulder_to_LUArm,rz,0.23783017012518193,0.19712287879377802,-0.04070729133140391,0.03686230310155562,0.0235813084829109
252_T1_vs_T3,longitudinal,9,LThigh_to_LShin_rx,LThigh_to_LShin,rx,0.1798493608942768,0.0446994439526597,-0.1351499169416171,0.03686230310155562,0.0235813084829109
252_T1_vs_T3,longitudinal,9,LThigh_to_LShin_ry,LThigh_to_LShin,ry,2.9087439975714992e-08,2.143281201451728e-09,-2.6944158774263265e-08,0.03686230310155562,0.0235813084829109
252_T1_vs_T3,longitudinal,9,LThigh_to_LShin_rz,LThigh_to_LShin,rz,3.2300200827697967e-08,1.2495242330589033e-08,-1.9804958497108934e-08,0.03686230310155562,0.0235813084829109
252_T1_vs_T3,longitudinal,9,LUArm_to_LFArm_rx,LUArm_to_LFArm,rx,0.12899110656742338,0.5327982501452749,0.4038071435778515,0.03686230310155562,0.0235813084829109
252_T1_vs_T3,longitudinal,9,LUArm_to_LFArm_ry,LUArm_to_LFArm,ry,0.2071797512452128,0.6510486376097893,0.44386888636457644,0.03686230310155562,0.0235813084829109
252_T1_vs_T3,longitudinal,9,LUArm_to_LFArm_rz,LUArm_to_LFArm,rz,0.1041525366797354,0.2553144197834907,0.15116188310375528,0.03686230310155562,0.0235813084829109
252_T1_vs_T3,longitudinal,9,Neck2_to_Head_rx,Neck2_to_Head,rx,0.052676311891213724,0.012163011785603701,-0.04051330010561002,0.03686230310155562,0.0235813084829109
252_T1_vs_T3,longitudinal,9,Neck2_to_Head_ry,Neck2_to_Head,ry,0.039803794441945005,0.00045935625633681534,-0.03934443818560819,0.03686230310155562,0.0235813084829109
252_T1_vs_T3,longitudinal,9,Neck2_to_Head_rz,Neck2_to_Head,rz,0.02721719398417137,0.03777952830697092,0.01056233432279955,0.03686230310155562,0.0235813084829109
252_T1_vs_T3,longitudinal,9,Neck_to_Neck2_rx,Neck_to_Neck2,rx,0.05263038445888869,0.012158130218435243,-0.04047225424045345,0.03686230310155562,0.0235813084829109
252_T1_vs_T3,longitudinal,9,Neck_to_Neck2_ry,Neck_to_Neck2,ry,0.041135126984342955,0.001552224260953263,-0.03958290272338969,0.03686230310155562,0.0235813084829109
252_T1_vs_T3,longitudinal,9,Neck_to_Neck2_rz,Neck_to_Neck2,rz,0.0251042378783782,0.0377355873936535,0.012631349515275298,0.03686230310155562,0.0235813084829109
252_T1_vs_T3,longitudinal,9,RFArm_to_RHand_rx,RFArm_to_RHand,rx,0.004665345912803329,0.012405853923519856,0.007740508010716527,0.03686230310155562,0.0235813084829109
252_T1_vs_T3,longitudinal,9,RFArm_to_RHand_ry,RFArm_to_RHand,ry,0.01725986947254834,0.08005987912505816,0.06280000965250981,0.03686230310155562,0.0235813084829109
252_T1_vs_T3,longitudinal,9,RFArm_to_RHand_rz,RFArm_to_RHand,rz,0.06477457339878806,0.20400167977035089,0.13922710637156283,0.03686230310155562,0.0235813084829109
252_T1_vs_T3,longitudinal,9,RShin_to_RFoot_rx,RShin_to_RFoot,rx,0.08473750672409747,0.028638555735445645,-0.05609895098865182,0.03686230310155562,0.0235813084829109
252_T1_vs_T3,longitudinal,9,RShin_to_RFoot_ry,RShin_to_RFoot,ry,0.07686556359460245,0.012924694518724175,-0.06394086907587827,0.03686230310155562,0.0235813084829109
252_T1_vs_T3,longitudinal,9,RShin_to_RFoot_rz,RShin_to_RFoot,rz,0.1268804199831832,0.004543435230342611,-0.12233698475284059,0.03686230310155562,0.0235813084829109
252_T1_vs_T3,longitudinal,9,RShoulder_to_RUArm_rx,RShoulder_to_RUArm,rx,0.20070665443384178,0.07119769453946564,-0.12950895989437614,0.03686230310155562,0.0235813084829109
252_T1_vs_T3,longitudinal,9,RShoulder_to_RUArm_ry,RShoulder_to_RUArm,ry,0.4041809859749653,0.0999840040796498,-0.3041969818953155,0.03686230310155562,0.0235813084829109
252_T1_vs_T3,longitudinal,9,RShoulder_to_RUArm_rz,RShoulder_to_RUArm,rz,0.09001827106622051,0.16509882110958318,0.07508055004336267,0.03686230310155562,0.0235813084829109
252_T1_vs_T3,longitudinal,9,RThigh_to_RShin_rx,RThigh_to_RShin,rx,0.5287423284060008,0.021339006290063776,-0.507403322115937,0.03686230310155562,0.0235813084829109
252_T1_vs_T3,longitudinal,9,RThigh_to_RShin_ry,RThigh_to_RShin,ry,6.917811259440672e-09,1.5877894719017094e-09,-5.330021787538963e-09,0.03686230310155562,0.0235813084829109
252_T1_vs_T3,longitudinal,9,RThigh_to_RShin_rz,RThigh_to_RShin,rz,2.8765043192241635e-08,1.4213470932400053e-08,-1.4551572259841582e-08,0.03686230310155562,0.0235813084829109
252_T1_vs_T3,longitudinal,9,RUArm_to_RFArm_rx,RUArm_to_RFArm,rx,0.24497415844187043,0.15028398243011723,-0.0946901760117532,0.03686230310155562,0.0235813084829109
252_T1_vs_T3,longitudinal,9,RUArm_to_RFArm_ry,RUArm_to_RFArm,ry,0.19304517516538444,0.0006154179372703471,-0.1924297572281141,0.03686230310155562,0.0235813084829109
252_T1_vs_T3,longitudinal,9,RUArm_to_RFArm_rz,RUArm_to_RFArm,rz,0.006359673913385714,0.06556317017686568,0.05920349626347997,0.03686230310155562,0.0235813084829109
252_T1_vs_T3,longitudinal,9,Spine2_to_Spine3_rx,Spine2_to_Spine3,rx,0.0102289282674519,0.0006882616973142566,-0.009540666570137642,0.03686230310155562,0.0235813084829109
252_T1_vs_T3,longitudinal,9,Spine2_to_Spine3_ry,Spine2_to_Spine3,ry,0.013605153229873365,0.004555329408713174,-0.00904982382116019,0.03686230310155562,0.0235813084829109
252_T1_vs_T3,longitudinal,9,Spine2_to_Spine3_rz,Spine2_to_Spine3,rz,0.018235038832026963,0.015166119655103798,-0.003068919176923165,0.03686230310155562,0.0235813084829109
252_T1_vs_T3,longitudinal,9,Spine3_to_Spine4_rx,Spine3_to_Spine4,rx,0.010252102885056902,0.0006945038456129261,-0.009557599039443976,0.03686230310155562,0.0235813084829109
252_T1_vs_T3,longitudinal,9,Spine3_to_Spine4_ry,Spine3_to_Spine4,ry,0.012802169000984367,0.005196516178668531,-0.007605652822315836,0.03686230310155562,0.0235813084829109
252_T1_vs_T3,longitudinal,9,Spine3_to_Spine4_rz,Spine3_to_Spine4,rz,0.01878638066167651,0.014951536763391138,-0.0038348438982853724,0.03686230310155562,0.0235813084829109
252_T1_vs_T3,longitudinal,9,Spine4_to_Chest_rx,Spine4_to_Chest,rx,0.010265680861057197,0.0006981840575763058,-0.009567496803480891,0.03686230310155562,0.0235813084829109
252_T1_vs_T3,longitudinal,9,Spine4_to_Chest_ry,Spine4_to_Chest,ry,0.012319792250787616,0.0055729876883373105,-0.006746804562450305,0.03686230310155562,0.0235813084829109
252_T1_vs_T3,longitudinal,9,Spine4_to_Chest_rz,Spine4_to_Chest,rz,0.019101638587674608,0.014815994744318765,-0.004285643843355842,0.03686230310155562,0.0235813084829109
252_T1_vs_T3,longitudinal,10,252_to_Ab_rx,252_to_Ab,rx,0.015639233981470692,0.0034416447242309415,-0.01219758925723975,0.03283724527663931,0.018416352222807766
252_T1_vs_T3,longitudinal,10,252_to_Ab_ry,252_to_Ab,ry,0.0061838188078900125,0.024583800163525293,0.01839998135563528,0.03283724527663931,0.018416352222807766
252_T1_vs_T3,longitudinal,10,252_to_Ab_rz,252_to_Ab,rz,0.005453318387779987,0.007537408722864581,0.002084090335084594,0.03283724527663931,0.018416352222807766
252_T1_vs_T3,longitudinal,10,252_to_LThigh_rx,252_to_LThigh,rx,0.1464361853560892,0.015504129704285401,-0.1309320556518038,0.03283724527663931,0.018416352222807766
252_T1_vs_T3,longitudinal,10,252_to_LThigh_ry,252_to_LThigh,ry,0.027725322415767036,0.026729685751490973,-0.0009956366642760624,0.03283724527663931,0.018416352222807766
252_T1_vs_T3,longitudinal,10,252_to_LThigh_rz,252_to_LThigh,rz,0.03714984269298047,0.03778569758808422,0.0006358548951037532,0.03283724527663931,0.018416352222807766
252_T1_vs_T3,longitudinal,10,252_to_RThigh_rx,252_to_RThigh,rx,0.059276103303101554,0.021570290799756742,-0.037705812503344815,0.03283724527663931,0.018416352222807766
252_T1_vs_T3,longitudinal,10,252_to_RThigh_ry,252_to_RThigh,ry,0.05393272370550611,0.02144722643970988,-0.03248549726579623,0.03283724527663931,0.018416352222807766
252_T1_vs_T3,longitudinal,10,252_to_RThigh_rz,252_to_RThigh,rz,0.029125580835633588,0.041368979079221165,0.012243398243587576,0.03283724527663931,0.018416352222807766
252_T1_vs_T3,longitudinal,10,Ab_to_Spine2_rx,Ab_to_Spine2,rx,0.014939558603956545,0.003775425467984418,-0.011164133135972127,0.03283724527663931,0.018416352222807766
252_T1_vs_T3,longitudinal,10,Ab_to_Spine2_ry,Ab_to_Spine2,ry,0.0067199567855612844,0.024228722753840064,0.01750876596827878,0.03283724527663931,0.018416352222807766
252_T1_vs_T3,longitudinal,10,Ab_to_Spine2_rz,Ab_to_Spine2,rz,0.029601375385243992,0.024114943461727704,-0.005486431923516288,0.03283724527663931,0.018416352222807766
252_T1_vs_T3,longitudinal,10,Chest_to_LShoulder_rx,Chest_to_LShoulder,rx,0.017110767850898774,0.036121525813911586,0.01901075796301281,0.03283724527663931,0.018416352222807766
252_T1_vs_T3,longitudinal,10,Chest_to_LShoulder_ry,Chest_to_LShoulder,ry,0.020208001469593184,0.045776343462183844,0.02556834199259066,0.03283724527663931,0.018416352222807766
252_T1_vs_T3,longitudinal,10,Chest_to_LShoulder_rz,Chest_to_LShoulder,rz,0.018651840039494903,0.018547486867760934,-0.0001043531717339688,0.03283724527663931,0.018416352222807766
252_T1_vs_T3,longitudinal,10,Chest_to_Neck_rx,Chest_to_Neck,rx,0.020773826739175803,0.019390093570068278,-0.0013837331691075247,0.03283724527663931,0.018416352222807766
252_T1_vs_T3,longitudinal,10,Chest_to_Neck_ry,Chest_to_Neck,ry,0.040573442267844595,0.05490426154889281,0.014330819281048214,0.03283724527663931,0.018416352222807766
252_T1_vs_T3,longitudinal,10,Chest_to_Neck_rz,Chest_to_Neck,rz,0.010911693144944652,0.008816163013650279,-0.002095530131294373,0.03283724527663931,0.018416352222807766
252_T1_vs_T3,longitudinal,10,Chest_to_RShoulder_rx,Chest_to_RShoulder,rx,0.011671042505060146,0.0008705167449497188,-0.010800525760110428,0.03283724527663931,0.018416352222807766
252_T1_vs_T3,longitudinal,10,Chest_to_RShoulder_ry,Chest_to_RShoulder,ry,0.04392597060665607,0.010577173228988886,-0.03334879737766718,0.03283724527663931,0.018416352222807766
252_T1_vs_T3,longitudinal,10,Chest_to_RShoulder_rz,Chest_to_RShoulder,rz,0.029758943719123396,0.03872113118434463,0.008962187465221233,0.03283724527663931,0.018416352222807766
252_T1_vs_T3,longitudinal,10,LFArm_to_LHand_rx,LFArm_to_LHand,rx,0.01164275039164277,0.04326514897211381,0.03162239858047104,0.03283724527663931,0.018416352222807766
252_T1_vs_T3,longitudinal,10,LFArm_to_LHand_ry,LFArm_to_LHand,ry,0.05042519541822301,0.1270260124158693,0.07660081699764629,0.03283724527663931,0.018416352222807766
252_T1_vs_T3,longitudinal,10,LFArm_to_LHand_rz,LFArm_to_LHand,rz,0.1392159603598735,0.4153474800141849,0.27613151965431143,0.03283724527663931,0.018416352222807766
252_T1_vs_T3,longitudinal,10,LShin_to_LFoot_rx,LShin_to_LFoot,rx,0.04657890171232697,0.014763087674666794,-0.03181581403766017,0.03283724527663931,0.018416352222807766
252_T1_vs_T3,longitudinal,10,LShin_to_LFoot_ry,LShin_to_LFoot,ry,0.020673624231159746,0.03232307576045614,0.011649451529296397,0.03283724527663931,0.018416352222807766
252_T1_vs_T3,longitudinal,10,LShin_to_LFoot_rz,LShin_to_LFoot,rz,0.012301713642825729,0.005491245203697251,-0.006810468439128478,0.03283724527663931,0.018416352222807766
252_T1_vs_T3,longitudinal,10,LShoulder_to_LUArm_rx,LShoulder_to_LUArm,rx,0.5255886875362663,0.39499380509340565,-0.13059488244286066,0.03283724527663931,0.018416352222807766
252_T1_vs_T3,longitudinal,10,LShoulder_to_LUArm_ry,LShoulder_to_LUArm,ry,0.3397461209050138,0.2658467405571473,-0.07389938034786653,0.03283724527663931,0.018416352222807766
252_T1_vs_T3,longitudinal,10,LShoulder_to_LUArm_rz,LShoulder_to_LUArm,rz,0.4150817692360361,0.01124380554051149,-0.40383796369552466,0.03283724527663931,0.018416352222807766
252_T1_vs_T3,longitudinal,10,LThigh_to_LShin_rx,LThigh_to_LShin,rx,0.02037270635452206,0.007038702063689508,-0.01333400429083255,0.03283724527663931,0.018416352222807766
252_T1_vs_T3,longitudinal,10,LThigh_to_LShin_ry,LThigh_to_LShin,ry,2.1216837916783567e-09,4.81634565365437e-09,2.694661861976013e-09,0.03283724527663931,0.018416352222807766
252_T1_vs_T3,longitudinal,10,LThigh_to_LShin_rz,LThigh_to_LShin,rz,1.2484106370895689e-08,5.328770786951545e-09,-7.1553355839441436e-09,0.03283724527663931,0.018416352222807766
252_T1_vs_T3,longitudinal,10,LUArm_to_LFArm_rx,LUArm_to_LFArm,rx,0.02997063856461355,0.11594789828759278,0.08597725972297923,0.03283724527663931,0.018416352222807766
252_T1_vs_T3,longitudinal,10,LUArm_to_LFArm_ry,LUArm_to_LFArm,ry,0.22536622764131956,0.20123971157170273,-0.024126516069616827,0.03283724527663931,0.018416352222807766
252_T1_vs_T3,longitudinal,10,LUArm_to_LFArm_rz,LUArm_to_LFArm,rz,0.0066058223978390646,0.06167983852388665,0.055074016126047586,0.03283724527663931,0.018416352222807766
252_T1_vs_T3,longitudinal,10,Neck2_to_Head_rx,Neck2_to_Head,rx,0.02061104176611716,0.019645476853302875,-0.0009655649128142846,0.03283724527663931,0.018416352222807766
252_T1_vs_T3,longitudinal,10,Neck2_to_Head_ry,Neck2_to_Head,ry,0.0379766047259535,0.05548585891272745,0.017509254186773945,0.03283724527663931,0.018416352222807766
252_T1_vs_T3,longitudinal,10,Neck2_to_Head_rz,Neck2_to_Head,rz,0.018529195019476603,0.0017962788190395537,-0.01673291620043705,0.03283724527663931,0.018416352222807766
252_T1_vs_T3,longitudinal,10,Neck_to_Neck2_rx,Neck_to_Neck2,rx,0.0206554994441363,0.019575300934659146,-0.0010801985094771559,0.03283724527663931,0.018416352222807766
252_T1_vs_T3,longitudinal,10,Neck_to_Neck2_ry,Neck_to_Neck2,ry,0.03878935825525993,0.05546191960781298,0.01667256135255305,0.03283724527663931,0.018416352222807766
252_T1_vs_T3,longitudinal,10,Neck_to_Neck2_rz,Neck_to_Neck2,rz,0.01646459096559213,0.0011233327435197372,-0.015341258222072395,0.03283724527663931,0.018416352222807766
252_T1_vs_T3,longitudinal,10,RFArm_to_RHand_rx,RFArm_to_RHand,rx,0.014978909341483215,0.01869595991187968,0.0037170505703964657,0.03283724527663931,0.018416352222807766
252_T1_vs_T3,longitudinal,10,RFArm_to_RHand_ry,RFArm_to_RHand,ry,0.07491455799325493,0.15226374972587423,0.0773491917326193,0.03283724527663931,0.018416352222807766
252_T1_vs_T3,longitudinal,10,RFArm_to_RHand_rz,RFArm_to_RHand,rz,0.19172564145671175,0.3409870328829479,0.14926139142623615,0.03283724527663931,0.018416352222807766
252_T1_vs_T3,longitudinal,10,RShin_to_RFoot_rx,RShin_to_RFoot,rx,0.013075617666890426,0.0299897190138266,0.016914101346936175,0.03283724527663931,0.018416352222807766
252_T1_vs_T3,longitudinal,10,RShin_to_RFoot_ry,RShin_to_RFoot,ry,0.017568891578526695,0.03909884971619101,0.021529958137664312,0.03283724527663931,0.018416352222807766
252_T1_vs_T3,longitudinal,10,RShin_to_RFoot_rz,RShin_to_RFoot,rz,0.023331357297545683,0.015597456460706767,-0.007733900836838916,0.03283724527663931,0.018416352222807766
252_T1_vs_T3,longitudinal,10,RShoulder_to_RUArm_rx,RShoulder_to_RUArm,rx,0.12321665636144102,0.26315700294666144,0.13994034658522042,0.03283724527663931,0.018416352222807766
252_T1_vs_T3,longitudinal,10,RShoulder_to_RUArm_ry,RShoulder_to_RUArm,ry,0.3640620639978984,0.1043692676446168,-0.25969279635328163,0.03283724527663931,0.018416352222807766
252_T1_vs_T3,longitudinal,10,RShoulder_to_RUArm_rz,RShoulder_to_RUArm,rz,0.30650021762548313,0.09444949083553526,-0.21205072678994785,0.03283724527663931,0.018416352222807766
252_T1_vs_T3,longitudinal,10,RThigh_to_RShin_rx,RThigh_to_RShin,rx,0.11569560827382211,0.025147091007504622,-0.09054851726631749,0.03283724527663931,0.018416352222807766
252_T1_vs_T3,longitudinal,10,RThigh_to_RShin_ry,RThigh_to_RShin,ry,2.205010527835601e-08,1.2092257402167522e-08,-9.957847876188488e-09,0.03283724527663931,0.018416352222807766
252_T1_vs_T3,longitudinal,10,RThigh_to_RShin_rz,RThigh_to_RShin,rz,1.8215288655249865e-08,3.938515441868238e-09,-1.4276773213381628e-08,0.03283724527663931,0.018416352222807766
252_T1_vs_T3,longitudinal,10,RUArm_to_RFArm_rx,RUArm_to_RFArm,rx,0.018750820311813514,0.2853100007457702,0.26655918043395666,0.03283724527663931,0.018416352222807766
252_T1_vs_T3,longitudinal,10,RUArm_to_RFArm_ry,RUArm_to_RFArm,ry,0.0997498105240894,0.4155337825691538,0.31578397204506437,0.03283724527663931,0.018416352222807766
252_T1_vs_T3,longitudinal,10,RUArm_to_RFArm_rz,RUArm_to_RFArm,rz,0.06119449881406115,0.10558790176035784,0.04439340294629669,0.03283724527663931,0.018416352222807766
252_T1_vs_T3,longitudinal,10,Spine2_to_Spine3_rx,Spine2_to_Spine3,rx,0.014966341509590066,0.0037326031082513364,-0.01123373840133873,0.03283724527663931,0.018416352222807766
252_T1_vs_T3,longitudinal,10,Spine2_to_Spine3_ry,Spine2_to_Spine3,ry,0.0038574178826565678,0.02644771969584874,0.022590301813192173,0.03283724527663931,0.018416352222807766
252_T1_vs_T3,longitudinal,10,Spine2_to_Spine3_rz,Spine2_to_Spine3,rz,0.03011405875371346,0.02168161290704804,-0.008432445846665419,0.03283724527663931,0.018416352222807766
252_T1_vs_T3,longitudinal,10,Spine3_to_Spine4_rx,Spine3_to_Spine4,rx,0.01495447268474024,0.003751712440979769,-0.011202760243760471,0.03283724527663931,0.018416352222807766
252_T1_vs_T3,longitudinal,10,Spine3_to_Spine4_ry,Spine3_to_Spine4,ry,0.005135478675215445,0.02547941945469546,0.020343940779480017,0.03283724527663931,0.018416352222807766
252_T1_vs_T3,longitudinal,10,Spine3_to_Spine4_rz,Spine3_to_Spine4,rz,0.02990842124027009,0.022782384433211015,-0.007126036807059075,0.03283724527663931,0.018416352222807766
252_T1_vs_T3,longitudinal,10,Spine4_to_Chest_rx,Spine4_to_Chest,rx,0.014947349576730579,0.0037629458836775168,-0.011184403693053062,0.03283724527663931,0.018416352222807766
252_T1_vs_T3,longitudinal,10,Spine4_to_Chest_ry,Spine4_to_Chest,ry,0.005888811457785827,0.02489175689975,0.019002945441964174,0.03283724527663931,0.018416352222807766
252_T1_vs_T3,longitudinal,10,Spine4_to_Chest_rz,Spine4_to_Chest,rz,0.029769705422431347,0.023420434797655716,-0.006349270624775631,0.03283724527663931,0.018416352222807766
252_T1_R1_vs_R2,natural_variability,1,252_to_Ab_rx,252_to_Ab,rx,0.01241115764812702,0.011923062898186896,-0.00048809474994012357,0.21378057647257007,0.25057233316228616
252_T1_R1_vs_R2,natural_variability,1,252_to_Ab_ry,252_to_Ab,ry,0.00100053500069481,0.0036445350321038157,0.0026440000314090057,0.21378057647257007,0.25057233316228616
252_T1_R1_vs_R2,natural_variability,1,252_to_Ab_rz,252_to_Ab,rz,0.003093429062193263,0.0007133423985531754,-0.0023800866636400878,0.21378057647257007,0.25057233316228616
252_T1_R1_vs_R2,natural_variability,1,252_to_LThigh_rx,252_to_LThigh,rx,0.010757808391465222,0.04037053417086274,0.029612725779397518,0.21378057647257007,0.25057233316228616
252_T1_R1_vs_R2,natural_variability,1,252_to_LThigh_ry,252_to_LThigh,ry,0.007693131629172326,0.032604073939729465,0.02491094231055714,0.21378057647257007,0.25057233316228616
252_T1_R1_vs_R2,natural_variability,1,252_to_LThigh_rz,252_to_LThigh,rz,0.03433280824396264,0.012094694517112784,-0.022238113726849855,0.21378057647257007,0.25057233316228616
252_T1_R1_vs_R2,natural_variability,1,252_to_RThigh_rx,252_to_RThigh,rx,0.0990177819329609,0.07769052855852213,-0.021327253374438776,0.21378057647257007,0.25057233316228616
252_T1_R1_vs_R2,natural_variability,1,252_to_RThigh_ry,252_to_RThigh,ry,0.021904262136372477,0.029990908617190108,0.008086646480817632,0.21378057647257007,0.25057233316228616
252_T1_R1_vs_R2,natural_variability,1,252_to_RThigh_rz,252_to_RThigh,rz,0.0846074831026701,0.08482058130714101,0.00021309820447090733,0.21378057647257007,0.25057233316228616
252_T1_R1_vs_R2,natural_variability,1,Ab_to_Spine2_rx,Ab_to_Spine2,rx,0.01229269445703075,0.011852241146001991,-0.0004404533110287587,0.21378057647257007,0.25057233316228616
252_T1_R1_vs_R2,natural_variability,1,Ab_to_Spine2_ry,Ab_to_Spine2,ry,0.0009462174202579714,0.0034384203387717457,0.0024922029185137744,0.21378057647257007,0.25057233316228616
252_T1_R1_vs_R2,natural_variability,1,Ab_to_Spine2_rz,Ab_to_Spine2,rz,0.016670844149042748,0.0063333701342115625,-0.010337474014831184,0.21378057647257007,0.25057233316228616
252_T1_R1_vs_R2,natural_variability,1,Chest_to_LShoulder_rx,Chest_to_LShoulder,rx,0.022649487671216516,0.03261686776592218,0.009967380094705665,0.21378057647257007,0.25057233316228616
252_T1_R1_vs_R2,natural_variability,1,Chest_to_LShoulder_ry,Chest_to_LShoulder,ry,0.009437740019936459,0.001334809980475535,-0.008102930039460924,0.21378057647257007,0.25057233316228616
252_T1_R1_vs_R2,natural_variability,1,Chest_to_LShoulder_rz,Chest_to_LShoulder,rz,0.05681712225231618,0.04834076534937621,-0.00847635690293997,0.21378057647257007,0.25057233316228616
252_T1_R1_vs_R2,natural_variability,1,Chest_to_Neck_rx,Chest_to_Neck,rx,0.008059421306762512,0.007372555216909297,-0.0006868660898532147,0.21378057647257007,0.25057233316228616
252_T1_R1_vs_R2,natural_variability,1,Chest_to_Neck_ry,Chest_to_Neck,ry,0.024879475326671882,0.03627972139224282,0.01140024606557094,0.21378057647257007,0.25057233316228616
252_T1_R1_vs_R2,natural_variability,1,Chest_to_Neck_rz,Chest_to_Neck,rz,0.008459294001544075,0.01955732154796841,0.011098027546424334,0.21378057647257007,0.25057233316228616
252_T1_R1_vs_R2,natural_variability,1,Chest_to_RShoulder_rx,Chest_to_RShoulder,rx,0.026113125451716863,0.02602461272384658,-8.85127278702838e-05,0.21378057647257007,0.25057233316228616
252_T1_R1_vs_R2,natural_variability,1,Chest_to_RShoulder_ry,Chest_to_RShoulder,ry,0.007945977447848737,0.016032490970824785,0.008086513522976048,0.21378057647257007,0.25057233316228616
252_T1_R1_vs_R2,natural_variability,1,Chest_to_RShoulder_rz,Chest_to_RShoulder,rz,0.01597663592482481,0.09096975311331129,0.07499311718848647,0.21378057647257007,0.25057233316228616
252_T1_R1_vs_R2,natural_variability,1,LFArm_to_LHand_rx,LFArm_to_LHand,rx,0.004954099397576466,0.009300687461231943,0.004346588063655478,0.21378057647257007,0.25057233316228616
252_T1_R1_vs_R2,natural_variability,1,LFArm_to_LHand_ry,LFArm_to_LHand,ry,0.04184068674174576,0.051565666615016305,0.009724979873270548,0.21378057647257007,0.25057233316228616
252_T1_R1_vs_R2,natural_variability,1,LFArm_to_LHand_rz,LFArm_to_LHand,rz,0.13483146454953013,0.1478690597759013,0.013037595226371185,0.21378057647257007,0.25057233316228616
252_T1_R1_vs_R2,natural_variability,1,LShoulder_to_LUArm_rx,LShoulder_to_LUArm,rx,0.10112986448594649,0.16177745097725899,0.060647586491312494,0.21378057647257007,0.25057233316228616
252_T1_R1_vs_R2,natural_variability,1,LShoulder_to_LUArm_ry,LShoulder_to_LUArm,ry,0.3303177060611469,0.2593126869413469,-0.0710050191198,0.21378057647257007,0.25057233316228616
252_T1_R1_vs_R2,natural_variability,1,LShoulder_to_LUArm_rz,LShoulder_to_LUArm,rz,0.08085536881031816,0.05224564143446269,-0.028609727375855466,0.21378057647257007,0.25057233316228616
252_T1_R1_vs_R2,natural_variability,1,LUArm_to_LFArm_rx,LUArm_to_LFArm,rx,0.025222657621543396,0.28314825713553715,0.25792559951399374,0.21378057647257007,0.25057233316228616
252_T1_R1_vs_R2,natural_variability,1,LUArm_to_LFArm_ry,LUArm_to_LFArm,ry,0.6523006527508839,0.7386978556858187,0.0863972029349348,0.21378057647257007,0.25057233316228616
252_T1_R1_vs_R2,natural_variability,1,LUArm_to_LFArm_rz,LUArm_to_LFArm,rz,0.14375075644471846,0.022396140841103883,-0.12135461560361457,0.21378057647257007,0.25057233316228616
252_T1_R1_vs_R2,natural_variability,1,Neck2_to_Head_rx,Neck2_to_Head,rx,0.007839319183276352,0.007167564972972768,-0.0006717542103035837,0.21378057647257007,0.25057233316228616
252_T1_R1_vs_R2,natural_variability,1,Neck2_to_Head_ry,Neck2_to_Head,ry,0.022800432417721297,0.031891684203346544,0.009091251785625247,0.21378057647257007,0.25057233316228616
252_T1_R1_vs_R2,natural_variability,1,Neck2_to_Head_rz,Neck2_to_Head,rz,0.013002403774168243,0.0260601177732149,0.013057713999046656,0.21378057647257007,0.25057233316228616
252_T1_R1_vs_R2,natural_variability,1,Neck_to_Neck2_rx,Neck_to_Neck2,rx,0.007899818420595029,0.007223878538594981,-0.000675939882000048,0.21378057647257007,0.25057233316228616
252_T1_R1_vs_R2,natural_variability,1,Neck_to_Neck2_ry,Neck_to_Neck2,ry,0.023428633431198886,0.03317885420819411,0.009750220776995222,0.21378057647257007,0.25057233316228616
252_T1_R1_vs_R2,natural_variability,1,Neck_to_Neck2_rz,Neck_to_Neck2,rz,0.011781733966168044,0.02433036512444892,0.012548631158280876,0.21378057647257007,0.25057233316228616
252_T1_R1_vs_R2,natural_variability,1,RFArm_to_RHand_rx,RFArm_to_RHand,rx,0.0016973354014529676,0.0026831571594612127,0.0009858217580082452,0.21378057647257007,0.25057233316228616
252_T1_R1_vs_R2,natural_variability,1,RFArm_to_RHand_ry,RFArm_to_RHand,ry,0.04472217351118844,0.008256520447222969,-0.03646565306396547,0.21378057647257007,0.25057233316228616
252_T1_R1_vs_R2,natural_variability,1,RFArm_to_RHand_rz,RFArm_to_RHand,rz,0.1633015021145967,0.11839544417527488,-0.04490605793932183,0.21378057647257007,0.25057233316228616
252_T1_R1_vs_R2,natural_variability,1,RShin_to_RFoot_rx,RShin_to_RFoot,rx,0.06328438441352764,0.05257889639799769,-0.010705488015529951,0.21378057647257007,0.25057233316228616
252_T1_R1_vs_R2,natural_variability,1,RShin_to_RFoot_ry,RShin_to_RFoot,ry,0.028164786122949818,0.016784892773191683,-0.011379893349758134,0.21378057647257007,0.25057233316228616
252_T1_R1_vs_R2,natural_variability,1,RShin_to_RFoot_rz,RShin_to_RFoot,rz,0.04124023589415832,0.03261736037454681,-0.008622875519611509,0.21378057647257007,0.25057233316228616
252_T1_R1_vs_R2,natural_variability,1,RShoulder_to_RUArm_rx,RShoulder_to_RUArm,rx,0.4437915932167639,0.19964204045513118,-0.24414955276163275,0.21378057647257007,0.25057233316228616
252_T1_R1_vs_R2,natural_variability,1,RShoulder_to_RUArm_ry,RShoulder_to_RUArm,ry,0.06674554493475257,0.0074250267930630835,-0.05932051814168949,0.21378057647257007,0.25057233316228616
252_T1_R1_vs_R2,natural_variability,1,RShoulder_to_RUArm_rz,RShoulder_to_RUArm,rz,0.11288081566385155,0.31364184293692277,0.2007610272730712,0.21378057647257007,0.25057233316228616
252_T1_R1_vs_R2,natural_variability,1,RThigh_to_RShin_rx,RThigh_to_RShin,rx,0.20519801583047298,0.18341886647978725,-0.021779149350685728,0.21378057647257007,0.25057233316228616
252_T1_R1_vs_R2,natural_variability,1,RThigh_to_RShin_ry,RThigh_to_RShin,ry,7.0643565846575135e-09,8.906034728874594e-09,1.8416781442170803e-09,0.21378057647257007,0.25057233316228616
252_T1_R1_vs_R2,natural_variability,1,RThigh_to_RShin_rz,RThigh_to_RShin,rz,2.962894916563082e-09,5.0457677112546704e-09,2.0828727946915886e-09,0.21378057647257007,0.25057233316228616
252_T1_R1_vs_R2,natural_variability,1,RUArm_to_RFArm_rx,RUArm_to_RFArm,rx,0.20188612050840885,0.12322624318898974,-0.0786598773194191,0.21378057647257007,0.25057233316228616
252_T1_R1_vs_R2,natural_variability,1,RUArm_to_RFArm_ry,RUArm_to_RFArm,ry,0.19481569922797837,0.016250183525410064,-0.1785655157025683,0.21378057647257007,0.25057233316228616
252_T1_R1_vs_R2,natural_variability,1,RUArm_to_RFArm_rz,RUArm_to_RFArm,rz,0.09730665972304119,0.10753006004059436,0.010223400317553172,0.21378057647257007,0.25057233316228616
252_T1_R1_vs_R2,natural_variability,1,Spine2_to_Spine3_rx,Spine2_to_Spine3,rx,0.012355983005510326,0.011912836311767455,-0.0004431466937428706,0.21378057647257007,0.25057233316228616
252_T1_R1_vs_R2,natural_variability,1,Spine2_to_Spine3_ry,Spine2_to_Spine3,ry,0.0006651434742056438,0.0028093201710166593,0.0021441766968110154,0.21378057647257007,0.25057233316228616
252_T1_R1_vs_R2,natural_variability,1,Spine2_to_Spine3_rz,Spine2_to_Spine3,rz,0.016701841135865557,0.006648672842226583,-0.010053168293638974,0.21378057647257007,0.25057233316228616
252_T1_R1_vs_R2,natural_variability,1,Spine3_to_Spine4_rx,Spine3_to_Spine4,rx,0.012327845018366307,0.011885894723618135,-0.00044195029474817203,0.21378057647257007,0.25057233316228616
252_T1_R1_vs_R2,natural_variability,1,Spine3_to_Spine4_ry,Spine3_to_Spine4,ry,5.2511339957635e-05,0.0030920255349564285,0.0030395141949987937,0.21378057647257007,0.25057233316228616
252_T1_R1_vs_R2,natural_variability,1,Spine3_to_Spine4_rz,Spine3_to_Spine4,rz,0.01670090024125709,0.00651338513368559,-0.010187515107571498,0.21378057647257007,0.25057233316228616
252_T1_R1_vs_R2,natural_variability,1,Spine4_to_Chest_rx,Spine4_to_Chest,rx,0.01231113410490594,0.011869925296451998,-0.00044120880845394117,0.21378057647257007,0.25057233316228616
252_T1_R1_vs_R2,natural_variability,1,Spine4_to_Chest_ry,Spine4_to_Chest,ry,0.00047684787241088694,0.0032572931713323,0.002780445298921413,0.21378057647257007,0.25057233316228616
252_T1_R1_vs_R2,natural_variability,1,Spine4_to_Chest_rz,Spine4_to_Chest,rz,0.01669062058156037,0.006429519509972097,-0.010261101071588272,0.21378057647257007,0.25057233316228616
252_T1_R1_vs_R2,natural_variability,2,252_to_Ab_rx,252_to_Ab,rx,0.0046647299481239425,0.0041891940197935195,-0.00047553592833042297,0.1426202977927033,0.20849851176270098
252_T1_R1_vs_R2,natural_variability,2,252_to_Ab_ry,252_to_Ab,ry,0.006862296397993412,0.016890015915321983,0.01002771951732857,0.1426202977927033,0.20849851176270098
252_T1_R1_vs_R2,natural_variability,2,252_to_Ab_rz,252_to_Ab,rz,0.0015821209442671354,0.0023182114670288892,0.0007360905227617538,0.1426202977927033,0.20849851176270098
252_T1_R1_vs_R2,natural_variability,2,252_to_LThigh_rx,252_to_LThigh,rx,0.04928497156607934,0.052845739370692306,0.003560767804612966,0.1426202977927033,0.20849851176270098
252_T1_R1_vs_R2,natural_variability,2,252_to_LThigh_ry,252_to_LThigh,ry,0.014755190357258958,0.008268772631484173,-0.006486417725774785,0.1426202977927033,0.20849851176270098
252_T1_R1_vs_R2,natural_variability,2,252_to_LThigh_rz,252_to_LThigh,rz,0.010617165560727778,0.00029199802103940147,-0.010325167539688377,0.1426202977927033,0.20849851176270098
252_T1_R1_vs_R2,natural_variability,2,252_to_RThigh_rx,252_to_RThigh,rx,0.048862325032739615,0.04140687089527729,-0.0074554541374623265,0.1426202977927033,0.20849851176270098
252_T1_R1_vs_R2,natural_variability,2,252_to_RThigh_ry,252_to_RThigh,ry,0.012458786103163576,0.03326138568276803,0.020802599579604453,0.1426202977927033,0.20849851176270098
252_T1_R1_vs_R2,natural_variability,2,252_to_RThigh_rz,252_to_RThigh,rz,0.017035883909377485,0.02840930246360235,0.011373418554224864,0.1426202977927033,0.20849851176270098
252_T1_R1_vs_R2,natural_variability,2,Ab_to_Spine2_rx,Ab_to_Spine2,rx,0.004666724735152037,0.0041628485275492415,-0.0005038762076027955,0.1426202977927033,0.20849851176270098
252_T1_R1_vs_R2,natural_variability,2,Ab_to_Spine2_ry,Ab_to_Spine2,ry,0.007212082810982153,0.0172532097317192,0.010041126920737048,0.1426202977927033,0.20849851176270098
252_T1_R1_vs_R2,natural_variability,2,Ab_to_Spine2_rz,Ab_to_Spine2,rz,0.011083404220771094,0.020546645981601393,0.009463241760830299,0.1426202977927033,0.20849851176270098
252_T1_R1_vs_R2,natural_variability,2,Chest_to_LShoulder_rx,Chest_to_LShoulder,rx,0.023910196711349266,0.00926245491982335,-0.014647741791525917,0.1426202977927033,0.20849851176270098
252_T1_R1_vs_R2,natural_variability,2,Chest_to_LShoulder_ry,Chest_to_LShoulder,ry,0.009030469208185359,0.027624287817629177,0.01859381860944382,0.1426202977927033,0.20849851176270098
252_T1_R1_vs_R2,natural_variability,2,Chest_to_LShoulder_rz,Chest_to_LShoulder,rz,0.04568589309660007,0.006020360707943903,-0.03966553238865617,0.1426202977927033,0.20849851176270098
252_T1_R1_vs_R2,natural_variability,2,Chest_to_Neck_rx,Chest_to_Neck,rx,0.01287933030446863,0.016420216777912385,0.0035408864734437547,0.1426202977927033,0.20849851176270098
252_T1_R1_vs_R2,natural_variability,2,Chest_to_Neck_ry,Chest_to_Neck,ry,0.020189765914483588,0.015891260338356174,-0.004298505576127414,0.1426202977927033,0.20849851176270098
252_T1_R1_vs_R2,natural_variability,2,Chest_to_Neck_rz,Chest_to_Neck,rz,0.016302591245895896,0.013220677808794436,-0.0030819134371014596,0.1426202977927033,0.20849851176270098
252_T1_R1_vs_R2,natural_variability,2,Chest_to_RShoulder_rx,Chest_to_RShoulder,rx,0.0032452611571025807,0.03634240303395876,0.03309714187685618,0.1426202977927033,0.20849851176270098
252_T1_R1_vs_R2,natural_variability,2,Chest_to_RShoulder_ry,Chest_to_RShoulder,ry,0.016400503961805188,0.006030160592459118,-0.01037034336934607,0.1426202977927033,0.20849851176270098
252_T1_R1_vs_R2,natural_variability,2,Chest_to_RShoulder_rz,Chest_to_RShoulder,rz,0.1073165006744391,0.07397168958466195,-0.033344811089777146,0.1426202977927033,0.20849851176270098
252_T1_R1_vs_R2,natural_variability,2,LFArm_to_LHand_rx,LFArm_to_LHand,rx,0.005347943957370083,0.0041349853565845005,-0.0012129586007855828,0.1426202977927033,0.20849851176270098
252_T1_R1_vs_R2,natural_variability,2,LFArm_to_LHand_ry,LFArm_to_LHand,ry,0.03149348035953013,0.017421588142052684,-0.014071892217477448,0.1426202977927033,0.20849851176270098
252_T1_R1_vs_R2,natural_variability,2,LFArm_to_LHand_rz,LFArm_to_LHand,rz,0.050473234188331675,0.0029729920374751096,-0.04750024215085657,0.1426202977927033,0.20849851176270098
252_T1_R1_vs_R2,natural_variability,2,LShoulder_to_LUArm_rx,LShoulder_to_LUArm,rx,0.0061218439777904225,0.045470516137678975,0.039348672159888555,0.1426202977927033,0.20849851176270098
252_T1_R1_vs_R2,natural_variability,2,LShoulder_to_LUArm_ry,LShoulder_to_LUArm,ry,0.12401254546702076,0.08806287031986718,-0.03594967514715358,0.1426202977927033,0.20849851176270098
252_T1_R1_vs_R2,natural_variability,2,LShoulder_to_LUArm_rz,LShoulder_to_LUArm,rz,0.02404202933230784,0.07288556509845637,0.04884353576614853,0.1426202977927033,0.20849851176270098
252_T1_R1_vs_R2,natural_variability,2,LUArm_to_LFArm_rx,LUArm_to_LFArm,rx,0.05175376530253856,0.06822859977496207,0.01647483447242351,0.1426202977927033,0.20849851176270098
252_T1_R1_vs_R2,natural_variability,2,LUArm_to_LFArm_ry,LUArm_to_LFArm,ry,0.4110854923396493,0.015181625461294373,-0.39590386687835494,0.1426202977927033,0.20849851176270098
252_T1_R1_vs_R2,natural_variability,2,LUArm_to_LFArm_rz,LUArm_to_LFArm,rz,0.050085215337857016,0.07054220495720487,0.020456989619347853,0.1426202977927033,0.20849851176270098
252_T1_R1_vs_R2,natural_variability,2,Neck2_to_Head_rx,Neck2_to_Head,rx,0.012996820514309235,0.01646665948186717,0.003469838967557934,0.1426202977927033,0.20849851176270098
252_T1_R1_vs_R2,natural_variability,2,Neck2_to_Head_ry,Neck2_to_Head,ry,0.016711820852125255,0.0181430333376929,0.0014312124855676463,0.1426202977927033,0.20849851176270098
252_T1_R1_vs_R2,natural_variability,2,Neck2_to_Head_rz,Neck2_to_Head,rz,0.019831982659210348,0.009964687866617684,-0.009867294792592664,0.1426202977927033,0.20849851176270098
252_T1_R1_vs_R2,natural_variability,2,Neck_to_Neck2_rx,Neck_to_Neck2,rx,0.012964673612762873,0.016453993202103473,0.0034893195893406,0.1426202977927033,0.20849851176270098
252_T1_R1_vs_R2,natural_variability,2,Neck_to_Neck2_ry,Neck_to_Neck2,ry,0.017711702674348254,0.017565953786606036,-0.00014574888774221764,0.1426202977927033,0.20849851176270098
252_T1_R1_vs_R2,natural_variability,2,Neck_to_Neck2_rz,Neck_to_Neck2,rz,0.018907214042313696,0.010888149506981023,-0.008019064535332673,0.1426202977927033,0.20849851176270098
252_T1_R1_vs_R2,natural_variability,2,RFArm_to_RHand_rx,RFArm_to_RHand,rx,0.010484708292106439,0.008254345281833431,-0.0022303630102730072,0.1426202977927033,0.20849851176270098
252_T1_R1_vs_R2,natural_variability,2,RFArm_to_RHand_ry,RFArm_to_RHand,ry,0.08246576543415773,0.0625097440344447,-0.01995602139971303,0.1426202977927033,0.20849851176270098
252_T1_R1_vs_R2,natural_variability,2,RFArm_to_RHand_rz,RFArm_to_RHand,rz,0.08473457876458589,0.1575079315592503,0.07277335279466442,0.1426202977927033,0.20849851176270098
252_T1_R1_vs_R2,natural_variability,2,RShin_to_RFoot_rx,RShin_to_RFoot,rx,0.024944857734188274,0.002629783502160454,-0.022315074232027818,0.1426202977927033,0.20849851176270098
252_T1_R1_vs_R2,natural_variability,2,RShin_to_RFoot_ry,RShin_to_RFoot,ry,0.008119960648855151,0.025667051038982428,0.01754709039012728,0.1426202977927033,0.20849851176270098
252_T1_R1_vs_R2,natural_variability,2,RShin_to_RFoot_rz,RShin_to_RFoot,rz,0.004644819214329388,0.013905783724311909,0.009260964509982521,0.1426202977927033,0.20849851176270098
252_T1_R1_vs_R2,natural_variability,2,RShoulder_to_RUArm_rx,RShoulder_to_RUArm,rx,0.3480990443959556,0.6411800889911107,0.29308104459515505,0.1426202977927033,0.20849851176270098
252_T1_R1_vs_R2,natural_variability,2,RShoulder_to_RUArm_ry,RShoulder_to_RUArm,ry,0.1547351471702732,0.1571136158463645,0.0023784686760912888,0.1426202977927033,0.20849851176270098
252_T1_R1_vs_R2,natural_variability,2,RShoulder_to_RUArm_rz,RShoulder_to_RUArm,rz,0.288809046524143,0.11151258143719987,-0.17729646508694313,0.1426202977927033,0.20849851176270098
252_T1_R1_vs_R2,natural_variability,2,RThigh_to_RShin_rx,RThigh_to_RShin,rx,0.1194450371892861,0.0052278380755054425,-0.11421719911378066,0.1426202977927033,0.20849851176270098
252_T1_R1_vs_R2,natural_variability,2,RThigh_to_RShin_ry,RThigh_to_RShin,ry,3.948347743657203e-09,1.0120923591330117e-08,6.172575847672914e-09,0.1426202977927033,0.20849851176270098
252_T1_R1_vs_R2,natural_variability,2,RThigh_to_RShin_rz,RThigh_to_RShin,rz,2.4860228789721284e-08,2.3258461333095124e-08,-1.6017674566261596e-09,0.1426202977927033,0.20849851176270098
252_T1_R1_vs_R2,natural_variability,2,RUArm_to_RFArm_rx,RUArm_to_RFArm,rx,0.5345175400132995,0.6251928932762675,0.09067535326296794,0.1426202977927033,0.20849851176270098
252_T1_R1_vs_R2,natural_variability,2,RUArm_to_RFArm_ry,RUArm_to_RFArm,ry,0.3702714172249864,0.12873447026873933,-0.24153694695624708,0.1426202977927033,0.20849851176270098
252_T1_R1_vs_R2,natural_variability,2,RUArm_to_RFArm_rz,RUArm_to_RFArm,rz,0.3199188126957447,0.26415530105557655,-0.05576351164016813,0.1426202977927033,0.20849851176270098
252_T1_R1_vs_R2,natural_variability,2,Spine2_to_Spine3_rx,Spine2_to_Spine3,rx,0.004683445496727772,0.0041714351205945945,-0.0005120103761331778,0.1426202977927033,0.20849851176270098
252_T1_R1_vs_R2,natural_variability,2,Spine2_to_Spine3_ry,Spine2_to_Spine3,ry,0.006123057754948313,0.015211924136931508,0.009088866381983194,0.1426202977927033,0.20849851176270098
252_T1_R1_vs_R2,natural_variability,2,Spine2_to_Spine3_rz,Spine2_to_Spine3,rz,0.011721296860904205,0.022113751922816095,0.01039245506191189,0.1426202977927033,0.20849851176270098
252_T1_R1_vs_R2,natural_variability,2,Spine3_to_Spine4_rx,Spine3_to_Spine4,rx,0.004675997956213482,0.004167646087112884,-0.0005083518691005977,0.1426202977927033,0.20849851176270098
252_T1_R1_vs_R2,natural_variability,2,Spine3_to_Spine4_ry,Spine3_to_Spine4,ry,0.006612727761183962,0.016132891147513508,0.009520163386329546,0.1426202977927033,0.20849851176270098
252_T1_R1_vs_R2,natural_variability,2,Spine3_to_Spine4_rz,Spine3_to_Spine4,rz,0.011445935582348597,0.021432340134565575,0.009986404552216978,0.1426202977927033,0.20849851176270098
252_T1_R1_vs_R2,natural_variability,2,Spine4_to_Chest_rx,Spine4_to_Chest,rx,0.004671615591013361,0.004165334581092755,-0.0005062810099206059,0.1426202977927033,0.20849851176270098
252_T1_R1_vs_R2,natural_variability,2,Spine4_to_Chest_ry,Spine4_to_Chest,ry,0.006898748361100225,0.016668518980087303,0.009769770618987077,0.1426202977927033,0.20849851176270098
252_T1_R1_vs_R2,natural_variability,2,Spine4_to_Chest_rz,Spine4_to_Chest,rz,0.011276498252635197,0.02101691824648519,0.009740419993849992,0.1426202977927033,0.20849851176270098
252_T1_R1_vs_R2,natural_variability,3,252_to_Ab_rx,252_to_Ab,rx,0.019503106331213035,0.01724790992117494,-0.0022551964100380947,0.1256262715198844,0.14678730089150993
252_T1_R1_vs_R2,natural_variability,3,252_to_Ab_ry,252_to_Ab,ry,0.0002489912418822381,0.03273293579874833,0.03248394455686609,0.1256262715198844,0.14678730089150993
252_T1_R1_vs_R2,natural_variability,3,252_to_Ab_rz,252_to_Ab,rz,0.0017249320303272142,0.005560611804359933,0.003835679774032719,0.1256262715198844,0.14678730089150993
252_T1_R1_vs_R2,natural_variability,3,252_to_LThigh_rx,252_to_LThigh,rx,0.046375478766355636,0.120482672757769,0.07410719399141336,0.1256262715198844,0.14678730089150993
252_T1_R1_vs_R2,natural_variability,3,252_to_LThigh_ry,252_to_LThigh,ry,0.025679696545910444,0.0651376307462128,0.03945793420030236,0.1256262715198844,0.14678730089150993
252_T1_R1_vs_R2,natural_variability,3,252_to_LThigh_rz,252_to_LThigh,rz,0.05187974913872684,0.03790148028088301,-0.013978268857843826,0.1256262715198844,0.14678730089150993
252_T1_R1_vs_R2,natural_variability,3,252_to_RThigh_rx,252_to_RThigh,rx,0.07789210375128112,0.06426068105635677,-0.013631422694924358,0.1256262715198844,0.14678730089150993
252_T1_R1_vs_R2,natural_variability,3,252_to_RThigh_ry,252_to_RThigh,ry,0.006422705715232687,0.03925909259101429,0.0328363868757816,0.1256262715198844,0.14678730089150993
252_T1_R1_vs_R2,natural_variability,3,252_to_RThigh_rz,252_to_RThigh,rz,0.01721074803590845,0.015135508751471478,-0.0020752392844369735,0.1256262715198844,0.14678730089150993
252_T1_R1_vs_R2,natural_variability,3,Ab_to_Spine2_rx,Ab_to_Spine2,rx,0.01964984898635078,0.01681539625861612,-0.0028344527277346585,0.1256262715198844,0.14678730089150993
252_T1_R1_vs_R2,natural_variability,3,Ab_to_Spine2_ry,Ab_to_Spine2,ry,0.0003832368730948215,0.03276215656847852,0.0323789196953837,0.1256262715198844,0.14678730089150993
252_T1_R1_vs_R2,natural_variability,3,Ab_to_Spine2_rz,Ab_to_Spine2,rz,0.007768176751185486,0.01092701879843427,0.003158842047248784,0.1256262715198844,0.14678730089150993
252_T1_R1_vs_R2,natural_variability,3,Chest_to_LShoulder_rx,Chest_to_LShoulder,rx,0.002677009282387284,0.045958281000763254,0.04328127171837597,0.1256262715198844,0.14678730089150993
252_T1_R1_vs_R2,natural_variability,3,Chest_to_LShoulder_ry,Chest_to_LShoulder,ry,0.0032319386373729038,0.0309533775826042,0.027721438945231297,0.1256262715198844,0.14678730089150993
252_T1_R1_vs_R2,natural_variability,3,Chest_to_LShoulder_rz,Chest_to_LShoulder,rz,0.017348754724565537,0.011044149999406238,-0.006304604725159299,0.1256262715198844,0.14678730089150993
252_T1_R1_vs_R2,natural_variability,3,Chest_to_Neck_rx,Chest_to_Neck,rx,0.021854098240029304,0.023984020728166914,0.0021299224881376096,0.1256262715198844,0.14678730089150993
252_T1_R1_vs_R2,natural_variability,3,Chest_to_Neck_ry,Chest_to_Neck,ry,0.026094507435736533,0.06201590334901203,0.0359213959132755,0.1256262715198844,0.14678730089150993
252_T1_R1_vs_R2,natural_variability,3,Chest_to_Neck_rz,Chest_to_Neck,rz,0.014133176839710469,0.00981023329170805,-0.004322943548002419,0.1256262715198844,0.14678730089150993
252_T1_R1_vs_R2,natural_variability,3,Chest_to_RShoulder_rx,Chest_to_RShoulder,rx,0.05453764527832722,0.03145829022075602,-0.0230793550575712,0.1256262715198844,0.14678730089150993
252_T1_R1_vs_R2,natural_variability,3,Chest_to_RShoulder_ry,Chest_to_RShoulder,ry,0.02733109178646579,0.008791936130528592,-0.0185391556559372,0.1256262715198844,0.14678730089150993
252_T1_R1_vs_R2,natural_variability,3,Chest_to_RShoulder_rz,Chest_to_RShoulder,rz,0.012954532928525291,0.013731866361183351,0.0007773334326580603,0.1256262715198844,0.14678730089150993
252_T1_R1_vs_R2,natural_variability,3,LFArm_to_LHand_rx,LFArm_to_LHand,rx,0.0008140483152660426,0.023206407511417327,0.022392359196151283,0.1256262715198844,0.14678730089150993
252_T1_R1_vs_R2,natural_variability,3,LFArm_to_LHand_ry,LFArm_to_LHand,ry,0.006039239170057381,0.07982891959367477,0.07378968042361739,0.1256262715198844,0.14678730089150993
252_T1_R1_vs_R2,natural_variability,3,LFArm_to_LHand_rz,LFArm_to_LHand,rz,0.03184702055623369,0.2552043905000531,0.22335736994381944,0.1256262715198844,0.14678730089150993
252_T1_R1_vs_R2,natural_variability,3,LShoulder_to_LUArm_rx,LShoulder_to_LUArm,rx,0.11228911364400294,0.32113198979562674,0.20884287615162378,0.1256262715198844,0.14678730089150993
252_T1_R1_vs_R2,natural_variability,3,LShoulder_to_LUArm_ry,LShoulder_to_LUArm,ry,0.22389118664180555,0.27390195371521714,0.050010767073411594,0.1256262715198844,0.14678730089150993
252_T1_R1_vs_R2,natural_variability,3,LShoulder_to_LUArm_rz,LShoulder_to_LUArm,rz,0.14586577835710074,0.1059700121850082,-0.039895766172092534,0.1256262715198844,0.14678730089150993
252_T1_R1_vs_R2,natural_variability,3,LUArm_to_LFArm_rx,LUArm_to_LFArm,rx,0.42018391270003463,0.3572654975819543,-0.06291841511808033,0.1256262715198844,0.14678730089150993
252_T1_R1_vs_R2,natural_variability,3,LUArm_to_LFArm_ry,LUArm_to_LFArm,ry,0.10471907624296459,0.04019371821775077,-0.06452535802521381,0.1256262715198844,0.14678730089150993
252_T1_R1_vs_R2,natural_variability,3,LUArm_to_LFArm_rz,LUArm_to_LFArm,rz,0.23092742219515514,0.19270189405493077,-0.03822552814022437,0.1256262715198844,0.14678730089150993
252_T1_R1_vs_R2,natural_variability,3,Neck2_to_Head_rx,Neck2_to_Head,rx,0.021616491969628518,0.023466037988069257,0.001849546018440739,0.1256262715198844,0.14678730089150993
252_T1_R1_vs_R2,natural_variability,3,Neck2_to_Head_ry,Neck2_to_Head,ry,0.02301096924257309,0.05911830376263272,0.036107334520059625,0.1256262715198844,0.14678730089150993
252_T1_R1_vs_R2,natural_variability,3,Neck2_to_Head_rz,Neck2_to_Head,rz,0.018798727589360468,0.021410177245270088,0.00261144965590962,0.1256262715198844,0.14678730089150993
252_T1_R1_vs_R2,natural_variability,3,Neck_to_Neck2_rx,Neck_to_Neck2,rx,0.021681790896975504,0.02360853018158646,0.0019267392846109566,0.1256262715198844,0.14678730089150993
252_T1_R1_vs_R2,natural_variability,3,Neck_to_Neck2_ry,Neck_to_Neck2,ry,0.023916084138905336,0.06006151631084072,0.03614543217193538,0.1256262715198844,0.14678730089150993
252_T1_R1_vs_R2,natural_variability,3,Neck_to_Neck2_rz,Neck_to_Neck2,rz,0.017554940829365377,0.018258931470197328,0.0007039906408319516,0.1256262715198844,0.14678730089150993
252_T1_R1_vs_R2,natural_variability,3,RFArm_to_RHand_rx,RFArm_to_RHand,rx,0.0005920517916531006,0.004107939125717495,0.0035158873340643947,0.1256262715198844,0.14678730089150993
252_T1_R1_vs_R2,natural_variability,3,RFArm_to_RHand_ry,RFArm_to_RHand,ry,0.0561042514796834,0.05716167977365296,0.0010574282939695631,0.1256262715198844,0.14678730089150993
252_T1_R1_vs_R2,natural_variability,3,RFArm_to_RHand_rz,RFArm_to_RHand,rz,0.012065915845589146,0.08330775281757032,0.07124183697198117,0.1256262715198844,0.14678730089150993
252_T1_R1_vs_R2,natural_variability,3,RShin_to_RFoot_rx,RShin_to_RFoot,rx,0.0705746393550152,0.08289436434712887,0.01231972499211366,0.1256262715198844,0.14678730089150993
252_T1_R1_vs_R2,natural_variability,3,RShin_to_RFoot_ry,RShin_to_RFoot,ry,0.020224137816374728,0.03420053539370619,0.013976397577331462,0.1256262715198844,0.14678730089150993
252_T1_R1_vs_R2,natural_variability,3,RShin_to_RFoot_rz,RShin_to_RFoot,rz,0.027679138642730413,0.02034371937521842,-0.0073354192675119945,0.1256262715198844,0.14678730089150993
252_T1_R1_vs_R2,natural_variability,3,RShoulder_to_RUArm_rx,RShoulder_to_RUArm,rx,0.27766174394767895,0.18673703170218395,-0.090924712245495,0.1256262715198844,0.14678730089150993
252_T1_R1_vs_R2,natural_variability,3,RShoulder_to_RUArm_ry,RShoulder_to_RUArm,ry,0.06715990450875822,0.20813045717480103,0.1409705526660428,0.1256262715198844,0.14678730089150993
252_T1_R1_vs_R2,natural_variability,3,RShoulder_to_RUArm_rz,RShoulder_to_RUArm,rz,0.040690737657145225,0.08430369045947987,0.04361295280233465,0.1256262715198844,0.14678730089150993
252_T1_R1_vs_R2,natural_variability,3,RThigh_to_RShin_rx,RThigh_to_RShin,rx,0.1482033203984884,0.1110557542387911,-0.037147566159697304,0.1256262715198844,0.14678730089150993
252_T1_R1_vs_R2,natural_variability,3,RThigh_to_RShin_ry,RThigh_to_RShin,ry,6.0748090545381926e-09,9.310460476937963e-09,3.2356514223997703e-09,0.1256262715198844,0.14678730089150993
252_T1_R1_vs_R2,natural_variability,3,RThigh_to_RShin_rz,RThigh_to_RShin,rz,1.5124106489784527e-08,7.447893279764833e-09,-7.676213210019696e-09,0.1256262715198844,0.14678730089150993
252_T1_R1_vs_R2,natural_variability,3,RUArm_to_RFArm_rx,RUArm_to_RFArm,rx,0.24767471914211986,0.10268604202679361,-0.14498867711532626,0.1256262715198844,0.14678730089150993
252_T1_R1_vs_R2,natural_variability,3,RUArm_to_RFArm_ry,RUArm_to_RFArm,ry,0.68708255539112,0.6205821022115472,-0.06650045317957276,0.1256262715198844,0.14678730089150993
252_T1_R1_vs_R2,natural_variability,3,RUArm_to_RFArm_rz,RUArm_to_RFArm,rz,0.06034048441177186,0.09405545607479679,0.03371497166302493,0.1256262715198844,0.14678730089150993
252_T1_R1_vs_R2,natural_variability,3,Spine2_to_Spine3_rx,Spine2_to_Spine3,rx,0.019689885301505818,0.01689295430628215,-0.002796930995223667,0.1256262715198844,0.14678730089150993
252_T1_R1_vs_R2,natural_variability,3,Spine2_to_Spine3_ry,Spine2_to_Spine3,ry,0.00035656825626489573,0.03368954224836,0.03333297399209511,0.1256262715198844,0.14678730089150993
252_T1_R1_vs_R2,natural_variability,3,Spine2_to_Spine3_rz,Spine2_to_Spine3,rz,0.007770586886147972,0.007738565859876333,-3.202102627163951e-05,0.1256262715198844,0.14678730089150993
252_T1_R1_vs_R2,natural_variability,3,Spine3_to_Spine4_rx,Spine3_to_Spine4,rx,0.019672071371428897,0.016858382754557345,-0.002813688616871552,0.1256262715198844,0.14678730089150993
252_T1_R1_vs_R2,natural_variability,3,Spine3_to_Spine4_ry,Spine3_to_Spine4,ry,2.7305790653258624e-05,0.03330196787887164,0.03327466208821838,0.1256262715198844,0.14678730089150993
252_T1_R1_vs_R2,natural_variability,3,Spine3_to_Spine4_rz,Spine3_to_Spine4,rz,0.007775270972197953,0.009165386320477168,0.0013901153482792153,0.1256262715198844,0.14678730089150993
252_T1_R1_vs_R2,natural_variability,3,Spine4_to_Chest_rx,Spine4_to_Chest,rx,0.019661537623459766,0.016837989449509913,-0.002823548173949853,0.1256262715198844,0.14678730089150993
252_T1_R1_vs_R2,natural_variability,3,Spine4_to_Chest_ry,Spine4_to_Chest,ry,0.00016756914230321794,0.03305357052175679,0.03288600137945357,0.1256262715198844,0.14678730089150993
252_T1_R1_vs_R2,natural_variability,3,Spine4_to_Chest_rz,Spine4_to_Chest,rz,0.0077736657460968596,0.010003954763987653,0.0022302890178907938,0.1256262715198844,0.14678730089150993
252_T1_R1_vs_R2,natural_variability,4,252_to_Ab_rx,252_to_Ab,rx,0.028310748626630668,0.012263436853691474,-0.016047311772939193,0.08947583344941025,0.1336300397747927
252_T1_R1_vs_R2,natural_variability,4,252_to_Ab_ry,252_to_Ab,ry,0.023220780226280727,0.010304887121424314,-0.012915893104856413,0.08947583344941025,0.1336300397747927
252_T1_R1_vs_R2,natural_variability,4,252_to_Ab_rz,252_to_Ab,rz,0.0009849527260226171,0.0030318217970391644,0.0020468690710165474,0.08947583344941025,0.1336300397747927
252_T1_R1_vs_R2,natural_variability,4,252_to_LThigh_rx,252_to_LThigh,rx,0.22279164903874565,0.061647959311487525,-0.16114368972725812,0.08947583344941025,0.1336300397747927
252_T1_R1_vs_R2,natural_variability,4,252_to_LThigh_ry,252_to_LThigh,ry,0.055632276488132355,0.004114280400767171,-0.05151799608736518,0.08947583344941025,0.1336300397747927
252_T1_R1_vs_R2,natural_variability,4,252_to_LThigh_rz,252_to_LThigh,rz,0.06256081427093808,0.019926996645931453,-0.042633817625006634,0.08947583344941025,0.1336300397747927
252_T1_R1_vs_R2,natural_variability,4,252_to_RThigh_rx,252_to_RThigh,rx,0.08981206826946034,0.006151492429439487,-0.08366057584002085,0.08947583344941025,0.1336300397747927
252_T1_R1_vs_R2,natural_variability,4,252_to_RThigh_ry,252_to_RThigh,ry,0.036763088601302576,0.019980440146532726,-0.01678264845476985,0.08947583344941025,0.1336300397747927
252_T1_R1_vs_R2,natural_variability,4,252_to_RThigh_rz,252_to_RThigh,rz,0.061320861590772414,0.019057732416188702,-0.04226312917458371,0.08947583344941025,0.1336300397747927
252_T1_R1_vs_R2,natural_variability,4,Ab_to_Spine2_rx,Ab_to_Spine2,rx,0.027922374595951076,0.012388365876357513,-0.015534008719593564,0.08947583344941025,0.1336300397747927
252_T1_R1_vs_R2,natural_variability,4,Ab_to_Spine2_ry,Ab_to_Spine2,ry,0.023375043601518684,0.01033455788166572,-0.013040485719852963,0.08947583344941025,0.1336300397747927
252_T1_R1_vs_R2,natural_variability,4,Ab_to_Spine2_rz,Ab_to_Spine2,rz,0.006680817734557792,0.009434468393006082,0.0027536506584482905,0.08947583344941025,0.1336300397747927
252_T1_R1_vs_R2,natural_variability,4,Chest_to_LShoulder_rx,Chest_to_LShoulder,rx,0.05421293646018118,0.0033058993813656658,-0.05090703707881551,0.08947583344941025,0.1336300397747927
252_T1_R1_vs_R2,natural_variability,4,Chest_to_LShoulder_ry,Chest_to_LShoulder,ry,0.003697354646683642,0.005536760492448593,0.0018394058457649512,0.08947583344941025,0.1336300397747927
252_T1_R1_vs_R2,natural_variability,4,Chest_to_LShoulder_rz,Chest_to_LShoulder,rz,0.023894917905815532,0.040076891758251194,0.016181973852435663,0.08947583344941025,0.1336300397747927
252_T1_R1_vs_R2,natural_variability,4,Chest_to_Neck_rx,Chest_to_Neck,rx,0.06638242735168431,0.03416646013022244,-0.032215967221461875,0.08947583344941025,0.1336300397747927
252_T1_R1_vs_R2,natural_variability,4,Chest_to_Neck_ry,Chest_to_Neck,ry,0.04093410967825296,0.01095454786994216,-0.029979561808310795,0.08947583344941025,0.1336300397747927
252_T1_R1_vs_R2,natural_variability,4,Chest_to_Neck_rz,Chest_to_Neck,rz,0.01686035178075384,0.004400978194404564,-0.012459373586349274,0.08947583344941025,0.1336300397747927
252_T1_R1_vs_R2,natural_variability,4,Chest_to_RShoulder_rx,Chest_to_RShoulder,rx,0.021631581695020153,0.041605428298056364,0.01997384660303621,0.08947583344941025,0.1336300397747927
252_T1_R1_vs_R2,natural_variability,4,Chest_to_RShoulder_ry,Chest_to_RShoulder,ry,0.02626694207448912,0.028517948073905505,0.0022510059994163834,0.08947583344941025,0.1336300397747927
252_T1_R1_vs_R2,natural_variability,4,Chest_to_RShoulder_rz,Chest_to_RShoulder,rz,0.018024457793408503,0.04111465710926884,0.02309019931586034,0.08947583344941025,0.1336300397747927
252_T1_R1_vs_R2,natural_variability,4,LFArm_to_LHand_rx,LFArm_to_LHand,rx,0.005799488596699756,0.007192952366888551,0.0013934637701887949,0.08947583344941025,0.1336300397747927
252_T1_R1_vs_R2,natural_variability,4,LFArm_to_LHand_ry,LFArm_to_LHand,ry,0.03349179389501139,0.01471861316555841,-0.01877318072945298,0.08947583344941025,0.1336300397747927
252_T1_R1_vs_R2,natural_variability,4,LFArm_to_LHand_rz,LFArm_to_LHand,rz,0.09283779887257913,0.03613599897528682,-0.056701799897292314,0.08947583344941025,0.1336300397747927
252_T1_R1_vs_R2,natural_variability,4,LShoulder_to_LUArm_rx,LShoulder_to_LUArm,rx,0.33923262854538594,0.22065936999498947,-0.11857325855039647,0.08947583344941025,0.1336300397747927
252_T1_R1_vs_R2,natural_variability,4,LShoulder_to_LUArm_ry,LShoulder_to_LUArm,ry,0.13747533860212832,0.34037568773122706,0.20290034912909874,0.08947583344941025,0.1336300397747927
252_T1_R1_vs_R2,natural_variability,4,LShoulder_to_LUArm_rz,LShoulder_to_LUArm,rz,0.2077448352130395,0.12624725101186,-0.0814975842011795,0.08947583344941025,0.1336300397747927
252_T1_R1_vs_R2,natural_variability,4,LUArm_to_LFArm_rx,LUArm_to_LFArm,rx,0.5180157200436957,0.5215498803453362,0.0035341603016405543,0.08947583344941025,0.1336300397747927
252_T1_R1_vs_R2,natural_variability,4,LUArm_to_LFArm_ry,LUArm_to_LFArm,ry,0.09816336570469109,0.018925881902834694,-0.07923748380185638,0.08947583344941025,0.1336300397747927
252_T1_R1_vs_R2,natural_variability,4,LUArm_to_LFArm_rz,LUArm_to_LFArm,rz,0.32691547543129,0.3392888525350589,0.012373377103768901,0.08947583344941025,0.1336300397747927
252_T1_R1_vs_R2,natural_variability,4,Neck2_to_Head_rx,Neck2_to_Head,rx,0.0659198038484405,0.03414251044707835,-0.03177729340136215,0.08947583344941025,0.1336300397747927
252_T1_R1_vs_R2,natural_variability,4,Neck2_to_Head_ry,Neck2_to_Head,ry,0.03719013625661874,0.00996683590308789,-0.02722330035353085,0.08947583344941025,0.1336300397747927
252_T1_R1_vs_R2,natural_variability,4,Neck2_to_Head_rz,Neck2_to_Head,rz,0.024360116578588015,0.006402120889157094,-0.01795799568943092,0.08947583344941025,0.1336300397747927
252_T1_R1_vs_R2,natural_variability,4,Neck_to_Neck2_rx,Neck_to_Neck2,rx,0.06604732150625556,0.03414925075740623,-0.03189807074884933,0.08947583344941025,0.1336300397747927
252_T1_R1_vs_R2,natural_variability,4,Neck_to_Neck2_ry,Neck_to_Neck2,ry,0.03831436327498012,0.010263401580893094,-0.028050961694087023,0.08947583344941025,0.1336300397747927
252_T1_R1_vs_R2,natural_variability,4,Neck_to_Neck2_rz,Neck_to_Neck2,rz,0.022342774344034196,0.0058639870423842205,-0.016478787301649978,0.08947583344941025,0.1336300397747927
252_T1_R1_vs_R2,natural_variability,4,RFArm_to_RHand_rx,RFArm_to_RHand,rx,0.015602561252319154,0.007295912062384829,-0.008306649189934324,0.08947583344941025,0.1336300397747927
252_T1_R1_vs_R2,natural_variability,4,RFArm_to_RHand_ry,RFArm_to_RHand,ry,0.03936602492909121,0.08009745019872107,0.040731425269629855,0.08947583344941025,0.1336300397747927
252_T1_R1_vs_R2,natural_variability,4,RFArm_to_RHand_rz,RFArm_to_RHand,rz,0.07370824883130442,0.05565700655348332,-0.0180512422778211,0.08947583344941025,0.1336300397747927
252_T1_R1_vs_R2,natural_variability,4,RShin_to_RFoot_rx,RShin_to_RFoot,rx,0.03474015098901022,0.0015606810228884634,-0.033179469966121755,0.08947583344941025,0.1336300397747927
252_T1_R1_vs_R2,natural_variability,4,RShin_to_RFoot_ry,RShin_to_RFoot,ry,0.05987818009141986,0.0050749594522965565,-0.0548032206391233,0.08947583344941025,0.1336300397747927
252_T1_R1_vs_R2,natural_variability,4,RShin_to_RFoot_rz,RShin_to_RFoot,rz,0.03685344122189778,0.003904218031766371,-0.03294922319013141,0.08947583344941025,0.1336300397747927
252_T1_R1_vs_R2,natural_variability,4,RShoulder_to_RUArm_rx,RShoulder_to_RUArm,rx,0.37686561183382744,0.06822418385281295,-0.30864142798101446,0.08947583344941025,0.1336300397747927
252_T1_R1_vs_R2,natural_variability,4,RShoulder_to_RUArm_ry,RShoulder_to_RUArm,ry,0.3035923808308048,0.07936298253220823,-0.22422939829859656,0.08947583344941025,0.1336300397747927
252_T1_R1_vs_R2,natural_variability,4,RShoulder_to_RUArm_rz,RShoulder_to_RUArm,rz,0.03328174756134853,0.11954933533277905,0.08626758777143051,0.08947583344941025,0.1336300397747927
252_T1_R1_vs_R2,natural_variability,4,RThigh_to_RShin_rx,RThigh_to_RShin,rx,0.07278068307485074,0.09141474061951577,0.01863405754466503,0.08947583344941025,0.1336300397747927
252_T1_R1_vs_R2,natural_variability,4,RThigh_to_RShin_ry,RThigh_to_RShin,ry,1.8911178513247965e-08,3.0436929550768127e-09,-1.5867485558171152e-08,0.08947583344941025,0.1336300397747927
252_T1_R1_vs_R2,natural_variability,4,RThigh_to_RShin_rz,RThigh_to_RShin,rz,2.0121902018802207e-09,3.9607036332424615e-08,3.75948461305444e-08,0.08947583344941025,0.1336300397747927
252_T1_R1_vs_R2,natural_variability,4,RUArm_to_RFArm_rx,RUArm_to_RFArm,rx,0.02722354609843111,0.0394635982333552,0.012240052134924087,0.08947583344941025,0.1336300397747927
252_T1_R1_vs_R2,natural_variability,4,RUArm_to_RFArm_ry,RUArm_to_RFArm,ry,0.24956649495283179,0.5946937182528752,0.3451272233000434,0.08947583344941025,0.1336300397747927
252_T1_R1_vs_R2,natural_variability,4,RUArm_to_RFArm_rz,RUArm_to_RFArm,rz,0.10276228514236961,0.12467239973312422,0.021910114590754606,0.08947583344941025,0.1336300397747927
252_T1_R1_vs_R2,natural_variability,4,Spine2_to_Spine3_rx,Spine2_to_Spine3,rx,0.02797053485201311,0.012388356676441888,-0.015582178175571223,0.08947583344941025,0.1336300397747927
252_T1_R1_vs_R2,natural_variability,4,Spine2_to_Spine3_ry,Spine2_to_Spine3,ry,0.022648473273679956,0.011199332907091368,-0.011449140366588588,0.08947583344941025,0.1336300397747927
252_T1_R1_vs_R2,natural_variability,4,Spine2_to_Spine3_rz,Spine2_to_Spine3,rz,0.008895634641148809,0.008406741747310717,-0.0004888928938380915,0.08947583344941025,0.1336300397747927
252_T1_R1_vs_R2,natural_variability,4,Spine3_to_Spine4_rx,Spine3_to_Spine4,rx,0.027949066806557205,0.012388390106410414,-0.01556067670014679,0.08947583344941025,0.1336300397747927
252_T1_R1_vs_R2,natural_variability,4,Spine3_to_Spine4_ry,Spine3_to_Spine4,ry,0.02298940435376196,0.01082250759302925,-0.01216689676073271,0.08947583344941025,0.1336300397747927
252_T1_R1_vs_R2,natural_variability,4,Spine3_to_Spine4_rz,Spine3_to_Spine4,rz,0.007915321125004149,0.00887107722430224,0.0009557560992980909,0.08947583344941025,0.1336300397747927
252_T1_R1_vs_R2,natural_variability,4,Spine4_to_Chest_rx,Spine4_to_Chest,rx,0.02793640512793057,0.012388388492697779,-0.015548016635232791,0.08947583344941025,0.1336300397747927
252_T1_R1_vs_R2,natural_variability,4,Spine4_to_Chest_ry,Spine4_to_Chest,ry,0.02317790494608981,0.010593390641982323,-0.012584514304107487,0.08947583344941025,0.1336300397747927
252_T1_R1_vs_R2,natural_variability,4,Spine4_to_Chest_rz,Spine4_to_Chest,rz,0.007331065439919168,0.009140628699962362,0.0018095632600431937,0.08947583344941025,0.1336300397747927
252_T1_R1_vs_R2,natural_variability,5,252_to_Ab_rx,252_to_Ab,rx,0.04678912184100543,0.02044471848125664,-0.02634440335974879,0.056589584166537366,0.077266790861288
252_T1_R1_vs_R2,natural_variability,5,252_to_Ab_ry,252_to_Ab,ry,0.042799554747250154,0.036155930940095615,-0.006643623807154539,0.056589584166537366,0.077266790861288
252_T1_R1_vs_R2,natural_variability,5,252_to_Ab_rz,252_to_Ab,rz,0.008088318114306629,0.00033727922233232346,-0.007751038891974305,0.056589584166537366,0.077266790861288
252_T1_R1_vs_R2,natural_variability,5,252_to_LThigh_rx,252_to_LThigh,rx,0.19994662084067963,0.04690979508904725,-0.15303682575163238,0.056589584166537366,0.077266790861288
252_T1_R1_vs_R2,natural_variability,5,252_to_LThigh_ry,252_to_LThigh,ry,0.009689334520979073,0.014164554694679246,0.0044752201737001725,0.056589584166537366,0.077266790861288
252_T1_R1_vs_R2,natural_variability,5,252_to_LThigh_rz,252_to_LThigh,rz,0.09586453115378049,0.05113315230183042,-0.04473137885195007,0.056589584166537366,0.077266790861288
252_T1_R1_vs_R2,natural_variability,5,252_to_RThigh_rx,252_to_RThigh,rx,0.282746253262111,0.28302292040596794,0.0002766671438569346,0.056589584166537366,0.077266790861288
252_T1_R1_vs_R2,natural_variability,5,252_to_RThigh_ry,252_to_RThigh,ry,0.014605297680848854,0.002555059379991375,-0.012050238300857479,0.056589584166537366,0.077266790861288
252_T1_R1_vs_R2,natural_variability,5,252_to_RThigh_rz,252_to_RThigh,rz,0.04525580274157383,0.05302692641705816,0.007771123675484333,0.056589584166537366,0.077266790861288
252_T1_R1_vs_R2,natural_variability,5,Ab_to_Spine2_rx,Ab_to_Spine2,rx,0.047310813592804646,0.020833702578308435,-0.02647711101449621,0.056589584166537366,0.077266790861288
252_T1_R1_vs_R2,natural_variability,5,Ab_to_Spine2_ry,Ab_to_Spine2,ry,0.04286095177014611,0.03668848014341185,-0.0061724716267342605,0.056589584166537366,0.077266790861288
252_T1_R1_vs_R2,natural_variability,5,Ab_to_Spine2_rz,Ab_to_Spine2,rz,0.016064931131822318,0.021982634608693295,0.005917703476870977,0.056589584166537366,0.077266790861288
252_T1_R1_vs_R2,natural_variability,5,Chest_to_LShoulder_rx,Chest_to_LShoulder,rx,0.011877941128705105,0.012097399436134358,0.0002194583074292527,0.056589584166537366,0.077266790861288
252_T1_R1_vs_R2,natural_variability,5,Chest_to_LShoulder_ry,Chest_to_LShoulder,ry,0.08318508490550312,0.05673826669664253,-0.026446818208860592,0.056589584166537366,0.077266790861288
252_T1_R1_vs_R2,natural_variability,5,Chest_to_LShoulder_rz,Chest_to_LShoulder,rz,0.01415242284156877,0.0341616229313573,0.02000920008978853,0.056589584166537366,0.077266790861288
252_T1_R1_vs_R2,natural_variability,5,Chest_to_Neck_rx,Chest_to_Neck,rx,0.08201536986756204,0.04284053558628969,-0.03917483428127235,0.056589584166537366,0.077266790861288
252_T1_R1_vs_R2,natural_variability,5,Chest_to_Neck_ry,Chest_to_Neck,ry,0.04838389201860738,0.014302589004147978,-0.0340813030144594,0.056589584166537366,0.077266790861288
252_T1_R1_vs_R2,natural_variability,5,Chest_to_Neck_rz,Chest_to_Neck,rz,0.044844209380893785,0.05890486679319124,0.014060657412297457,0.056589584166537366,0.077266790861288
252_T1_R1_vs_R2,natural_variability,5,Chest_to_RShoulder_rx,Chest_to_RShoulder,rx,0.014777528724678494,0.012536131065387772,-0.002241397659290722,0.056589584166537366,0.077266790861288
252_T1_R1_vs_R2,natural_variability,5,Chest_to_RShoulder_ry,Chest_to_RShoulder,ry,0.04461259068911963,0.020965560676588644,-0.023647030012530986,0.056589584166537366,0.077266790861288
252_T1_R1_vs_R2,natural_variability,5,Chest_to_RShoulder_rz,Chest_to_RShoulder,rz,0.054694300984709794,0.018370868305847297,-0.0363234326788625,0.056589584166537366,0.077266790861288
252_T1_R1_vs_R2,natural_variability,5,LFArm_to_LHand_rx,LFArm_to_LHand,rx,0.032014668450361855,0.0067268672092241685,-0.025287801241137685,0.056589584166537366,0.077266790861288
252_T1_R1_vs_R2,natural_variability,5,LFArm_to_LHand_ry,LFArm_to_LHand,ry,0.09789636071380642,0.04017977511394752,-0.0577165855998589,0.056589584166537366,0.077266790861288
252_T1_R1_vs_R2,natural_variability,5,LFArm_to_LHand_rz,LFArm_to_LHand,rz,0.2379500799655679,0.01965052163448937,-0.21829955833107853,0.056589584166537366,0.077266790861288
252_T1_R1_vs_R2,natural_variability,5,LShoulder_to_LUArm_rx,LShoulder_to_LUArm,rx,0.15260243168299537,0.10453351622992728,-0.04806891545306809,0.056589584166537366,0.077266790861288
252_T1_R1_vs_R2,natural_variability,5,LShoulder_to_LUArm_ry,LShoulder_to_LUArm,ry,0.3506187610244851,0.13868305002621667,-0.2119357109982684,0.056589584166537366,0.077266790861288
252_T1_R1_vs_R2,natural_variability,5,LShoulder_to_LUArm_rz,LShoulder_to_LUArm,rz,0.20317101242724198,0.284833482205769,0.08166246977852701,0.056589584166537366,0.077266790861288
252_T1_R1_vs_R2,natural_variability,5,LUArm_to_LFArm_rx,LUArm_to_LFArm,rx,0.23644187707513445,0.06944704772008457,-0.1669948293550499,0.056589584166537366,0.077266790861288
252_T1_R1_vs_R2,natural_variability,5,LUArm_to_LFArm_ry,LUArm_to_LFArm,ry,0.24008336107482833,0.37279422800077633,0.132710866925948,0.056589584166537366,0.077266790861288
252_T1_R1_vs_R2,natural_variability,5,LUArm_to_LFArm_rz,LUArm_to_LFArm,rz,0.024522558019794766,0.0014754857800593267,-0.023047072239735438,0.056589584166537366,0.077266790861288
252_T1_R1_vs_R2,natural_variability,5,Neck2_to_Head_rx,Neck2_to_Head,rx,0.08195615376811244,0.04288177181983134,-0.0390743819482811,0.056589584166537366,0.077266790861288
252_T1_R1_vs_R2,natural_variability,5,Neck2_to_Head_ry,Neck2_to_Head,ry,0.05584862309169338,0.02543476637737885,-0.03041385671431453,0.056589584166537366,0.077266790861288
252_T1_R1_vs_R2,natural_variability,5,Neck2_to_Head_rz,Neck2_to_Head,rz,0.0347987219550304,0.05496085971075947,0.020162137755729073,0.056589584166537366,0.077266790861288
252_T1_R1_vs_R2,natural_variability,5,Neck_to_Neck2_rx,Neck_to_Neck2,rx,0.08197260026599025,0.04287107753965239,-0.03910152272633786,0.056589584166537366,0.077266790861288
252_T1_R1_vs_R2,natural_variability,5,Neck_to_Neck2_ry,Neck_to_Neck2,ry,0.053927652250566255,0.022431413961951613,-0.03149623828861464,0.056589584166537366,0.077266790861288
252_T1_R1_vs_R2,natural_variability,5,Neck_to_Neck2_rz,Neck_to_Neck2,rz,0.03764817947383749,0.05619104749310994,0.018542868019272456,0.056589584166537366,0.077266790861288
252_T1_R1_vs_R2,natural_variability,5,RFArm_to_RHand_rx,RFArm_to_RHand,rx,0.0174411647239383,0.007804104611306912,-0.009637060112631388,0.056589584166537366,0.077266790861288
252_T1_R1_vs_R2,natural_variability,5,RFArm_to_RHand_ry,RFArm_to_RHand,ry,0.11488624677001903,0.02552773476719198,-0.08935851200282705,0.056589584166537366,0.077266790861288
252_T1_R1_vs_R2,natural_variability,5,RFArm_to_RHand_rz,RFArm_to_RHand,rz,0.14425040379262202,0.10523431187201236,-0.03901609192060966,0.056589584166537366,0.077266790861288
252_T1_R1_vs_R2,natural_variability,5,RShin_to_RFoot_rx,RShin_to_RFoot,rx,0.001282391021262289,0.10850006616638104,0.10721767514511875,0.056589584166537366,0.077266790861288
252_T1_R1_vs_R2,natural_variability,5,RShin_to_RFoot_ry,RShin_to_RFoot,ry,0.037048004597257704,0.09412348415052416,0.05707547955326645,0.056589584166537366,0.077266790861288
252_T1_R1_vs_R2,natural_variability,5,RShin_to_RFoot_rz,RShin_to_RFoot,rz,0.04027291976307905,0.03117729865040024,-0.009095621112678809,0.056589584166537366,0.077266790861288
252_T1_R1_vs_R2,natural_variability,5,RShoulder_to_RUArm_rx,RShoulder_to_RUArm,rx,0.13493656397430814,0.3519385712045197,0.21700200723021157,0.056589584166537366,0.077266790861288
252_T1_R1_vs_R2,natural_variability,5,RShoulder_to_RUArm_ry,RShoulder_to_RUArm,ry,0.31548444159715405,0.30817961361836094,-0.007304827978793116,0.056589584166537366,0.077266790861288
252_T1_R1_vs_R2,natural_variability,5,RShoulder_to_RUArm_rz,RShoulder_to_RUArm,rz,0.01994297445542366,0.2855896029756824,0.2656466285202588,0.056589584166537366,0.077266790861288
252_T1_R1_vs_R2,natural_variability,5,RThigh_to_RShin_rx,RThigh_to_RShin,rx,0.07831793703512833,0.40782182095137787,0.3295038839162495,0.056589584166537366,0.077266790861288
252_T1_R1_vs_R2,natural_variability,5,RThigh_to_RShin_ry,RThigh_to_RShin,ry,1.542742979158558e-08,8.023703841820365e-09,-7.403725949765214e-09,0.056589584166537366,0.077266790861288
252_T1_R1_vs_R2,natural_variability,5,RThigh_to_RShin_rz,RThigh_to_RShin,rz,2.6999579131790037e-08,1.838139489856094e-08,-8.618184233229097e-09,0.056589584166537366,0.077266790861288
252_T1_R1_vs_R2,natural_variability,5,RUArm_to_RFArm_rx,RUArm_to_RFArm,rx,0.3556917812637824,0.2726530822262418,-0.08303869903754063,0.056589584166537366,0.077266790861288
252_T1_R1_vs_R2,natural_variability,5,RUArm_to_RFArm_ry,RUArm_to_RFArm,ry,0.3733896737440901,0.1523110906954926,-0.2210785830485975,0.056589584166537366,0.077266790861288
252_T1_R1_vs_R2,natural_variability,5,RUArm_to_RFArm_rz,RUArm_to_RFArm,rz,0.0713430169079497,0.1565991719672002,0.0852561550592505,0.056589584166537366,0.077266790861288
252_T1_R1_vs_R2,natural_variability,5,Spine2_to_Spine3_rx,Spine2_to_Spine3,rx,0.047310713511136124,0.02083322248173115,-0.026477491029404974,0.056589584166537366,0.077266790861288
252_T1_R1_vs_R2,natural_variability,5,Spine2_to_Spine3_ry,Spine2_to_Spine3,ry,0.04422483330730387,0.03442471843983946,-0.009800114867464405,0.056589584166537366,0.077266790861288
252_T1_R1_vs_R2,natural_variability,5,Spine2_to_Spine3_rz,Spine2_to_Spine3,rz,0.011887319230624088,0.025403722694574384,0.013516403463950296,0.056589584166537366,0.077266790861288
252_T1_R1_vs_R2,natural_variability,5,Spine3_to_Spine4_rx,Spine3_to_Spine4,rx,0.047310833555947236,0.020833469800953328,-0.026477363754993908,0.056589584166537366,0.077266790861288
252_T1_R1_vs_R2,natural_variability,5,Spine3_to_Spine4_ry,Spine3_to_Spine4,ry,0.04365079361218434,0.03545930235758026,-0.008191491254604076,0.056589584166537366,0.077266790861288
252_T1_R1_vs_R2,natural_variability,5,Spine3_to_Spine4_rz,Spine3_to_Spine4,rz,0.013757655192914962,0.023898832658740855,0.010141177465825893,0.056589584166537366,0.077266790861288
252_T1_R1_vs_R2,natural_variability,5,Spine4_to_Chest_rx,Spine4_to_Chest,rx,0.04731080564643302,0.02083353838246293,-0.02647726726397009,0.056589584166537366,0.077266790861288
252_T1_R1_vs_R2,natural_variability,5,Spine4_to_Chest_ry,Spine4_to_Chest,ry,0.04328615932073018,0.03605115249426615,-0.007235006826464031,0.056589584166537366,0.077266790861288
252_T1_R1_vs_R2,natural_variability,5,Spine4_to_Chest_rz,Spine4_to_Chest,rz,0.014856221001907316,0.022994878031930913,0.008138657030023597,0.056589584166537366,0.077266790861288
252_T1_R1_vs_R2,natural_variability,6,252_to_Ab_rx,252_to_Ab,rx,0.020866653923290443,0.028618621399629385,0.0077519674763389425,0.05246383946646497,0.06665345313477744
252_T1_R1_vs_R2,natural_variability,6,252_to_Ab_ry,252_to_Ab,ry,0.02646828371913382,0.017903288075762015,-0.008564995643371806,0.05246383946646497,0.06665345313477744
252_T1_R1_vs_R2,natural_variability,6,252_to_Ab_rz,252_to_Ab,rz,0.0007529596925382362,0.003617189947461741,0.0028642302549235048,0.05246383946646497,0.06665345313477744
252_T1_R1_vs_R2,natural_variability,6,252_to_LThigh_rx,252_to_LThigh,rx,0.01955253398462152,0.01696132938668774,-0.0025912045979337786,0.05246383946646497,0.06665345313477744
252_T1_R1_vs_R2,natural_variability,6,252_to_LThigh_ry,252_to_LThigh,ry,0.05960844749958024,0.0605874988883191,0.0009790513887388622,0.05246383946646497,0.06665345313477744
252_T1_R1_vs_R2,natural_variability,6,252_to_LThigh_rz,252_to_LThigh,rz,0.11322010738989989,0.12757215537359445,0.014352047983694563,0.05246383946646497,0.06665345313477744
252_T1_R1_vs_R2,natural_variability,6,252_to_RThigh_rx,252_to_RThigh,rx,0.33730554840666954,0.30598354149021406,-0.03132200691645548,0.05246383946646497,0.06665345313477744
252_T1_R1_vs_R2,natural_variability,6,252_to_RThigh_ry,252_to_RThigh,ry,0.0404771763842641,0.04623434123260498,0.005757164848340879,0.05246383946646497,0.06665345313477744
252_T1_R1_vs_R2,natural_variability,6,252_to_RThigh_rz,252_to_RThigh,rz,0.05556708031607435,0.04675284544237781,-0.008814234873696543,0.05246383946646497,0.06665345313477744
252_T1_R1_vs_R2,natural_variability,6,Ab_to_Spine2_rx,Ab_to_Spine2,rx,0.021546247493847648,0.02940513795818803,0.007858890464340382,0.05246383946646497,0.06665345313477744
252_T1_R1_vs_R2,natural_variability,6,Ab_to_Spine2_ry,Ab_to_Spine2,ry,0.026669918038694146,0.01772013007687839,-0.008949787961815756,0.05246383946646497,0.06665345313477744
252_T1_R1_vs_R2,natural_variability,6,Ab_to_Spine2_rz,Ab_to_Spine2,rz,0.011954478298918696,0.006493016639786359,-0.005461461659132337,0.05246383946646497,0.06665345313477744
252_T1_R1_vs_R2,natural_variability,6,Chest_to_LShoulder_rx,Chest_to_LShoulder,rx,0.005514461369528945,0.002706781583597591,-0.002807679785931354,0.05246383946646497,0.06665345313477744
252_T1_R1_vs_R2,natural_variability,6,Chest_to_LShoulder_ry,Chest_to_LShoulder,ry,0.06444536959422378,0.04774921126694411,-0.01669615832727967,0.05246383946646497,0.06665345313477744
252_T1_R1_vs_R2,natural_variability,6,Chest_to_LShoulder_rz,Chest_to_LShoulder,rz,0.06500339961321275,0.03547307853526785,-0.0295303210779449,0.05246383946646497,0.06665345313477744
252_T1_R1_vs_R2,natural_variability,6,Chest_to_Neck_rx,Chest_to_Neck,rx,0.04974073094645257,0.00404829598553535,-0.045692434960917225,0.05246383946646497,0.06665345313477744
252_T1_R1_vs_R2,natural_variability,6,Chest_to_Neck_ry,Chest_to_Neck,ry,0.00524663376520645,0.0053955138989598425,0.00014888013375339258,0.05246383946646497,0.06665345313477744
252_T1_R1_vs_R2,natural_variability,6,Chest_to_Neck_rz,Chest_to_Neck,rz,0.07235698974499938,0.057916605830554135,-0.014440383914445243,0.05246383946646497,0.06665345313477744
252_T1_R1_vs_R2,natural_variability,6,Chest_to_RShoulder_rx,Chest_to_RShoulder,rx,0.0110087883192048,0.02405190370866912,0.01304311538946432,0.05246383946646497,0.06665345313477744
252_T1_R1_vs_R2,natural_variability,6,Chest_to_RShoulder_ry,Chest_to_RShoulder,ry,0.029231845508022766,0.030640516396660832,0.0014086708886380667,0.05246383946646497,0.06665345313477744
252_T1_R1_vs_R2,natural_variability,6,Chest_to_RShoulder_rz,Chest_to_RShoulder,rz,0.020138281141094748,0.0261203123195091,0.0059820311784143515,0.05246383946646497,0.06665345313477744
252_T1_R1_vs_R2,natural_variability,6,LFArm_to_LHand_rx,LFArm_to_LHand,rx,0.023372696260052506,0.027583675553675545,0.004210979293623039,0.05246383946646497,0.06665345313477744
252_T1_R1_vs_R2,natural_variability,6,LFArm_to_LHand_ry,LFArm_to_LHand,ry,0.08626979529772988,0.09584825944345365,0.009578464145723775,0.05246383946646497,0.06665345313477744
252_T1_R1_vs_R2,natural_variability,6,LFArm_to_LHand_rz,LFArm_to_LHand,rz,0.17505072739771027,0.22388509676525958,0.04883436936754931,0.05246383946646497,0.06665345313477744
252_T1_R1_vs_R2,natural_variability,6,LShoulder_to_LUArm_rx,LShoulder_to_LUArm,rx,0.09481702916911698,0.07575281775010288,-0.0190642114190141,0.05246383946646497,0.06665345313477744
252_T1_R1_vs_R2,natural_variability,6,LShoulder_to_LUArm_ry,LShoulder_to_LUArm,ry,0.15324765800598716,0.20006154241907761,0.04681388441309045,0.05246383946646497,0.06665345313477744
252_T1_R1_vs_R2,natural_variability,6,LShoulder_to_LUArm_rz,LShoulder_to_LUArm,rz,0.3200897912390295,0.026064726934415226,-0.2940250643046142,0.05246383946646497,0.06665345313477744
252_T1_R1_vs_R2,natural_variability,6,LUArm_to_LFArm_rx,LUArm_to_LFArm,rx,0.17011047527903772,0.03506577095256774,-0.13504470432646998,0.05246383946646497,0.06665345313477744
252_T1_R1_vs_R2,natural_variability,6,LUArm_to_LFArm_ry,LUArm_to_LFArm,ry,0.2407583525894254,0.14676036360681327,-0.09399798898261214,0.05246383946646497,0.06665345313477744
252_T1_R1_vs_R2,natural_variability,6,LUArm_to_LFArm_rz,LUArm_to_LFArm,rz,0.2424201248060876,0.17753723476840705,-0.06488289003768055,0.05246383946646497,0.06665345313477744
252_T1_R1_vs_R2,natural_variability,6,Neck2_to_Head_rx,Neck2_to_Head,rx,0.04979252042243414,0.003921274780024696,-0.04587124564240945,0.05246383946646497,0.06665345313477744
252_T1_R1_vs_R2,natural_variability,6,Neck2_to_Head_ry,Neck2_to_Head,ry,0.01897078715961774,0.016151007440891558,-0.0028197797187261807,0.05246383946646497,0.06665345313477744
252_T1_R1_vs_R2,natural_variability,6,Neck2_to_Head_rz,Neck2_to_Head,rz,0.06986604710460032,0.055712286346497546,-0.01415376075810277,0.05246383946646497,0.06665345313477744
252_T1_R1_vs_R2,natural_variability,6,Neck_to_Neck2_rx,Neck_to_Neck2,rx,0.04977898246094638,0.003955874984522011,-0.04582310747642437,0.05246383946646497,0.06665345313477744
252_T1_R1_vs_R2,natural_variability,6,Neck_to_Neck2_ry,Neck_to_Neck2,ry,0.015237841329811654,0.013228713318405277,-0.0020091280114063765,0.05246383946646497,0.06665345313477744
252_T1_R1_vs_R2,natural_variability,6,Neck_to_Neck2_rz,Neck_to_Neck2,rz,0.07072697500806002,0.05645110436772529,-0.014275870640334733,0.05246383946646497,0.06665345313477744
252_T1_R1_vs_R2,natural_variability,6,RFArm_to_RHand_rx,RFArm_to_RHand,rx,0.005634625031028071,0.021123706015998153,0.015489080984970083,0.05246383946646497,0.06665345313477744
252_T1_R1_vs_R2,natural_variability,6,RFArm_to_RHand_ry,RFArm_to_RHand,ry,0.051108453883743146,0.10879038548096948,0.05768193159722633,0.05246383946646497,0.06665345313477744
252_T1_R1_vs_R2,natural_variability,6,RFArm_to_RHand_rz,RFArm_to_RHand,rz,0.1077453031539056,0.24402808327805736,0.13628278012415176,0.05246383946646497,0.06665345313477744
252_T1_R1_vs_R2,natural_variability,6,RShin_to_RFoot_rx,RShin_to_RFoot,rx,0.14569005468954327,0.11617373967865206,-0.029516315010891206,0.05246383946646497,0.06665345313477744
252_T1_R1_vs_R2,natural_variability,6,RShin_to_RFoot_ry,RShin_to_RFoot,ry,0.12558997214204104,0.10367050397023461,-0.021919468171806428,0.05246383946646497,0.06665345313477744
252_T1_R1_vs_R2,natural_variability,6,RShin_to_RFoot_rz,RShin_to_RFoot,rz,0.06034864158611329,0.06351934539529713,0.003170703809183842,0.05246383946646497,0.06665345313477744
252_T1_R1_vs_R2,natural_variability,6,RShoulder_to_RUArm_rx,RShoulder_to_RUArm,rx,0.05267580164589259,0.33686040364690384,0.28418460200101126,0.05246383946646497,0.06665345313477744
252_T1_R1_vs_R2,natural_variability,6,RShoulder_to_RUArm_ry,RShoulder_to_RUArm,ry,0.22183436766568554,0.18911807651096652,-0.032716291154719024,0.05246383946646497,0.06665345313477744
252_T1_R1_vs_R2,natural_variability,6,RShoulder_to_RUArm_rz,RShoulder_to_RUArm,rz,0.06071159843582958,0.09419543679193824,0.033483838356108665,0.05246383946646497,0.06665345313477744
252_T1_R1_vs_R2,natural_variability,6,RThigh_to_RShin_rx,RThigh_to_RShin,rx,0.6213235930871698,0.5758746242072252,-0.04544896887994454,0.05246383946646497,0.06665345313477744
252_T1_R1_vs_R2,natural_variability,6,RThigh_to_RShin_ry,RThigh_to_RShin,ry,1.6053032486253122e-08,3.2516519034828534e-08,1.6463486548575412e-08,0.05246383946646497,0.06665345313477744
252_T1_R1_vs_R2,natural_variability,6,RThigh_to_RShin_rz,RThigh_to_RShin,rz,5.0986803552472117e-08,3.53473234152655e-08,-1.5639480137206618e-08,0.05246383946646497,0.06665345313477744
252_T1_R1_vs_R2,natural_variability,6,RUArm_to_RFArm_rx,RUArm_to_RFArm,rx,0.052797474885825944,0.27954600167425325,0.2267485267884273,0.05246383946646497,0.06665345313477744
252_T1_R1_vs_R2,natural_variability,6,RUArm_to_RFArm_ry,RUArm_to_RFArm,ry,0.08171771283085555,0.07037025388109358,-0.011347458949761968,0.05246383946646497,0.06665345313477744
252_T1_R1_vs_R2,natural_variability,6,RUArm_to_RFArm_rz,RUArm_to_RFArm,rz,0.008195231625481095,0.16161756569595667,0.15342233407047556,0.05246383946646497,0.06665345313477744
252_T1_R1_vs_R2,natural_variability,6,Spine2_to_Spine3_rx,Spine2_to_Spine3,rx,0.021555887112166973,0.029444917417671853,0.00788903030550488,0.05246383946646497,0.06665345313477744
252_T1_R1_vs_R2,natural_variability,6,Spine2_to_Spine3_ry,Spine2_to_Spine3,ry,0.02540378585107483,0.018257556152980588,-0.007146229698094243,0.05246383946646497,0.06665345313477744
252_T1_R1_vs_R2,natural_variability,6,Spine2_to_Spine3_rz,Spine2_to_Spine3,rz,0.014463328176492202,0.004758862419363452,-0.009704465757128751,0.05246383946646497,0.06665345313477744
252_T1_R1_vs_R2,natural_variability,6,Spine3_to_Spine4_rx,Spine3_to_Spine4,rx,0.021551616698259165,0.02942722945537689,0.007875612757117727,0.05246383946646497,0.06665345313477744
252_T1_R1_vs_R2,natural_variability,6,Spine3_to_Spine4_ry,Spine3_to_Spine4,ry,0.025987242100907977,0.01803222092596796,-0.007955021174940017,0.05246383946646497,0.06665345313477744
252_T1_R1_vs_R2,natural_variability,6,Spine3_to_Spine4_rz,Spine3_to_Spine4,rz,0.01335669075617123,0.005534869056925214,-0.007821821699246017,0.05246383946646497,0.06665345313477744
252_T1_R1_vs_R2,natural_variability,6,Spine4_to_Chest_rx,Spine4_to_Chest,rx,0.021549006236472365,0.029416711340946526,0.007867705104474161,0.05246383946646497,0.06665345313477744
252_T1_R1_vs_R2,natural_variability,6,Spine4_to_Chest_ry,Spine4_to_Chest,ry,0.02631745845281642,0.017888387565498192,-0.00842907088731823,0.05246383946646497,0.06665345313477744
252_T1_R1_vs_R2,natural_variability,6,Spine4_to_Chest_rz,Spine4_to_Chest,rz,0.0126942611767024,0.005990952049417412,-0.006703309127284987,0.05246383946646497,0.06665345313477744
252_T1_R1_vs_R2,natural_variability,7,252_to_Ab_rx,252_to_Ab,rx,0.018877552330727274,0.015911750787775514,-0.0029658015429517605,0.04766888433094259,0.051541232594585394
252_T1_R1_vs_R2,natural_variability,7,252_to_Ab_ry,252_to_Ab,ry,0.03831265027807764,0.0027912594668075396,-0.0355213908112701,0.04766888433094259,0.051541232594585394
252_T1_R1_vs_R2,natural_variability,7,252_to_Ab_rz,252_to_Ab,rz,0.003617481127740326,0.00441178242618137,0.0007943012984410439,0.04766888433094259,0.051541232594585394
252_T1_R1_vs_R2,natural_variability,7,252_to_LThigh_rx,252_to_LThigh,rx,0.10466811460490653,0.011963372273022051,-0.09270474233188448,0.04766888433094259,0.051541232594585394
252_T1_R1_vs_R2,natural_variability,7,252_to_LThigh_ry,252_to_LThigh,ry,0.041607195127642466,0.0022462818911412625,-0.039360913236501205,0.04766888433094259,0.051541232594585394
252_T1_R1_vs_R2,natural_variability,7,252_to_LThigh_rz,252_to_LThigh,rz,0.021727673959990035,0.05762453953195925,0.035896865571969215,0.04766888433094259,0.051541232594585394
252_T1_R1_vs_R2,natural_variability,7,252_to_RThigh_rx,252_to_RThigh,rx,0.07067437631198573,0.11625837915064129,0.04558400283865556,0.04766888433094259,0.051541232594585394
252_T1_R1_vs_R2,natural_variability,7,252_to_RThigh_ry,252_to_RThigh,ry,0.07765605322899626,0.008968399448276274,-0.06868765378071998,0.04766888433094259,0.051541232594585394
252_T1_R1_vs_R2,natural_variability,7,252_to_RThigh_rz,252_to_RThigh,rz,0.015066333200194827,0.06020287308988442,0.045136539889689596,0.04766888433094259,0.051541232594585394
252_T1_R1_vs_R2,natural_variability,7,Ab_to_Spine2_rx,Ab_to_Spine2,rx,0.018673694768957402,0.015919710637888673,-0.0027539841310687298,0.04766888433094259,0.051541232594585394
252_T1_R1_vs_R2,natural_variability,7,Ab_to_Spine2_ry,Ab_to_Spine2,ry,0.038486523292254514,0.003371620029880786,-0.03511490326237373,0.04766888433094259,0.051541232594585394
252_T1_R1_vs_R2,natural_variability,7,Ab_to_Spine2_rz,Ab_to_Spine2,rz,0.0038222404867213843,0.02358851495307608,0.019766274466354698,0.04766888433094259,0.051541232594585394
252_T1_R1_vs_R2,natural_variability,7,Chest_to_LShoulder_rx,Chest_to_LShoulder,rx,0.04951420658201331,0.05570289577091894,0.006188689188905631,0.04766888433094259,0.051541232594585394
252_T1_R1_vs_R2,natural_variability,7,Chest_to_LShoulder_ry,Chest_to_LShoulder,ry,0.06258427329290096,0.04334111986712482,-0.019243153425776142,0.04766888433094259,0.051541232594585394
252_T1_R1_vs_R2,natural_variability,7,Chest_to_LShoulder_rz,Chest_to_LShoulder,rz,0.06745640406006582,0.07354506775180927,0.006088663691743448,0.04766888433094259,0.051541232594585394
252_T1_R1_vs_R2,natural_variability,7,Chest_to_Neck_rx,Chest_to_Neck,rx,0.04454970890048949,0.020495561911605568,-0.02405414698888392,0.04766888433094259,0.051541232594585394
252_T1_R1_vs_R2,natural_variability,7,Chest_to_Neck_ry,Chest_to_Neck,ry,0.03017081058703827,0.02611037378632343,-0.004060436800714842,0.04766888433094259,0.051541232594585394
252_T1_R1_vs_R2,natural_variability,7,Chest_to_Neck_rz,Chest_to_Neck,rz,0.03927358933300262,0.014762580962486177,-0.024511008370516445,0.04766888433094259,0.051541232594585394
252_T1_R1_vs_R2,natural_variability,7,Chest_to_RShoulder_rx,Chest_to_RShoulder,rx,0.05521071118783035,0.027548379705875297,-0.027662331481955054,0.04766888433094259,0.051541232594585394
252_T1_R1_vs_R2,natural_variability,7,Chest_to_RShoulder_ry,Chest_to_RShoulder,ry,0.030973783279716775,0.023816008454584512,-0.007157774825132263,0.04766888433094259,0.051541232594585394
252_T1_R1_vs_R2,natural_variability,7,Chest_to_RShoulder_rz,Chest_to_RShoulder,rz,0.11514682861840628,0.05815759794016528,-0.056989230678241,0.04766888433094259,0.051541232594585394
252_T1_R1_vs_R2,natural_variability,7,LFArm_to_LHand_rx,LFArm_to_LHand,rx,0.0015917954521000833,0.03700531323699303,0.03541351778489294,0.04766888433094259,0.051541232594585394
252_T1_R1_vs_R2,natural_variability,7,LFArm_to_LHand_ry,LFArm_to_LHand,ry,0.026121661844039475,0.055786354199263866,0.02966469235522439,0.04766888433094259,0.051541232594585394
252_T1_R1_vs_R2,natural_variability,7,LFArm_to_LHand_rz,LFArm_to_LHand,rz,0.01904454280315631,0.2973157112421521,0.2782711684389958,0.04766888433094259,0.051541232594585394
252_T1_R1_vs_R2,natural_variability,7,LShoulder_to_LUArm_rx,LShoulder_to_LUArm,rx,0.179031775754823,0.168558510399571,-0.010473265355252004,0.04766888433094259,0.051541232594585394
252_T1_R1_vs_R2,natural_variability,7,LShoulder_to_LUArm_ry,LShoulder_to_LUArm,ry,0.12429367699291312,0.1274608525084993,0.003167175515586193,0.04766888433094259,0.051541232594585394
252_T1_R1_vs_R2,natural_variability,7,LShoulder_to_LUArm_rz,LShoulder_to_LUArm,rz,0.32415391346077077,0.32283564563371236,-0.0013182678270584058,0.04766888433094259,0.051541232594585394
252_T1_R1_vs_R2,natural_variability,7,LUArm_to_LFArm_rx,LUArm_to_LFArm,rx,0.0053246335399823146,0.2690187326206566,0.2636940990806743,0.04766888433094259,0.051541232594585394
252_T1_R1_vs_R2,natural_variability,7,LUArm_to_LFArm_ry,LUArm_to_LFArm,ry,0.21069033015932054,0.36202664546471075,0.1513363153053902,0.04766888433094259,0.051541232594585394
252_T1_R1_vs_R2,natural_variability,7,LUArm_to_LFArm_rz,LUArm_to_LFArm,rz,0.035803094189624164,0.277619821911823,0.24181672772219884,0.04766888433094259,0.051541232594585394
252_T1_R1_vs_R2,natural_variability,7,Neck2_to_Head_rx,Neck2_to_Head,rx,0.044447300986374484,0.020269820300507276,-0.024177480685867208,0.04766888433094259,0.051541232594585394
252_T1_R1_vs_R2,natural_variability,7,Neck2_to_Head_ry,Neck2_to_Head,ry,0.037132057730828866,0.02278848253673669,-0.014343575194092177,0.04766888433094259,0.051541232594585394
252_T1_R1_vs_R2,natural_variability,7,Neck2_to_Head_rz,Neck2_to_Head,rz,0.032816676125478346,0.019373979278041232,-0.013442696847437114,0.04766888433094259,0.051541232594585394
252_T1_R1_vs_R2,natural_variability,7,Neck_to_Neck2_rx,Neck_to_Neck2,rx,0.0444755386840235,0.02033183142421172,-0.02414370725981178,0.04766888433094259,0.051541232594585394
252_T1_R1_vs_R2,natural_variability,7,Neck_to_Neck2_ry,Neck_to_Neck2,ry,0.03530263566058412,0.023757533133459446,-0.011545102527124675,0.04766888433094259,0.051541232594585394
252_T1_R1_vs_R2,natural_variability,7,Neck_to_Neck2_rz,Neck_to_Neck2,rz,0.034679734283915534,0.018151159482282204,-0.01652857480163333,0.04766888433094259,0.051541232594585394
252_T1_R1_vs_R2,natural_variability,7,RFArm_to_RHand_rx,RFArm_to_RHand,rx,0.00834856411203642,0.0010490221608621892,-0.00729954195117423,0.04766888433094259,0.051541232594585394
252_T1_R1_vs_R2,natural_variability,7,RFArm_to_RHand_ry,RFArm_to_RHand,ry,0.03381232135117747,0.03324835720463979,-0.000563964146537678,0.04766888433094259,0.051541232594585394
252_T1_R1_vs_R2,natural_variability,7,RFArm_to_RHand_rz,RFArm_to_RHand,rz,0.03435360449901444,0.18431289271234066,0.14995928821332621,0.04766888433094259,0.051541232594585394
252_T1_R1_vs_R2,natural_variability,7,RShin_to_RFoot_rx,RShin_to_RFoot,rx,0.041821952599595834,0.00044083168370708604,-0.04138112091588875,0.04766888433094259,0.051541232594585394
252_T1_R1_vs_R2,natural_variability,7,RShin_to_RFoot_ry,RShin_to_RFoot,ry,0.007680508766904777,0.007433216438561107,-0.0002472923283436696,0.04766888433094259,0.051541232594585394
252_T1_R1_vs_R2,natural_variability,7,RShin_to_RFoot_rz,RShin_to_RFoot,rz,0.03002651715161238,0.026019753677968136,-0.004006763473644245,0.04766888433094259,0.051541232594585394
252_T1_R1_vs_R2,natural_variability,7,RShoulder_to_RUArm_rx,RShoulder_to_RUArm,rx,0.36083048269380996,0.0632707274438126,-0.29755975524999734,0.04766888433094259,0.051541232594585394
252_T1_R1_vs_R2,natural_variability,7,RShoulder_to_RUArm_ry,RShoulder_to_RUArm,ry,0.03356349253806782,0.4517217857104142,0.4181582931723464,0.04766888433094259,0.051541232594585394
252_T1_R1_vs_R2,natural_variability,7,RShoulder_to_RUArm_rz,RShoulder_to_RUArm,rz,0.7503480472693989,0.18187194202910353,-0.5684761052402953,0.04766888433094259,0.051541232594585394
252_T1_R1_vs_R2,natural_variability,7,RThigh_to_RShin_rx,RThigh_to_RShin,rx,0.1313188968855467,0.15550258086893085,0.024183683983384135,0.04766888433094259,0.051541232594585394
252_T1_R1_vs_R2,natural_variability,7,RThigh_to_RShin_ry,RThigh_to_RShin,ry,1.5982002007269678e-08,4.3560271360929124e-09,-1.1625974871176765e-08,0.04766888433094259,0.051541232594585394
252_T1_R1_vs_R2,natural_variability,7,RThigh_to_RShin_rz,RThigh_to_RShin,rz,4.427600135590776e-08,1.2362325975050656e-08,-3.1913675380857105e-08,0.04766888433094259,0.051541232594585394
252_T1_R1_vs_R2,natural_variability,7,RUArm_to_RFArm_rx,RUArm_to_RFArm,rx,0.016276724867590645,0.13424049587024128,0.11796377100265064,0.04766888433094259,0.051541232594585394
252_T1_R1_vs_R2,natural_variability,7,RUArm_to_RFArm_ry,RUArm_to_RFArm,ry,0.05390964154906691,0.3068779687587645,0.2529683272096976,0.04766888433094259,0.051541232594585394
252_T1_R1_vs_R2,natural_variability,7,RUArm_to_RFArm_rz,RUArm_to_RFArm,rz,0.07550442143358688,0.14534871197786273,0.06984429054427585,0.04766888433094259,0.051541232594585394
252_T1_R1_vs_R2,natural_variability,7,Spine2_to_Spine3_rx,Spine2_to_Spine3,rx,0.018682126562730623,0.015975089322019152,-0.0027070372407114705,0.04766888433094259,0.051541232594585394
252_T1_R1_vs_R2,natural_variability,7,Spine2_to_Spine3_ry,Spine2_to_Spine3,ry,0.03795630864584812,0.001090582419806617,-0.0368657262260415,0.04766888433094259,0.051541232594585394
252_T1_R1_vs_R2,natural_variability,7,Spine2_to_Spine3_rz,Spine2_to_Spine3,rz,0.007500345403923562,0.023800953349444237,0.016300607945520674,0.04766888433094259,0.051541232594585394
252_T1_R1_vs_R2,natural_variability,7,Spine3_to_Spine4_rx,Spine3_to_Spine4,rx,0.018678391794859604,0.01595040862791673,-0.002727983166942876,0.04766888433094259,0.051541232594585394
252_T1_R1_vs_R2,natural_variability,7,Spine3_to_Spine4_ry,Spine3_to_Spine4,ry,0.0382213876702169,0.002107343859733605,-0.03611404381048329,0.04766888433094259,0.051541232594585394
252_T1_R1_vs_R2,natural_variability,7,Spine3_to_Spine4_rz,Spine3_to_Spine4,rz,0.005867396985731384,0.0237244929903559,0.01785709600462452,0.04766888433094259,0.051541232594585394
252_T1_R1_vs_R2,natural_variability,7,Spine4_to_Chest_rx,Spine4_to_Chest,rx,0.018676184107012172,0.01593588876583037,-0.002740295341181802,0.04766888433094259,0.051541232594585394
252_T1_R1_vs_R2,natural_variability,7,Spine4_to_Chest_ry,Spine4_to_Chest,ry,0.038356336941871544,0.0027080047834972553,-0.03564833215837429,0.04766888433094259,0.051541232594585394
252_T1_R1_vs_R2,natural_variability,7,Spine4_to_Chest_rz,Spine4_to_Chest,rz,0.004897964323499687,0.02366561366783728,0.018767649344337594,0.04766888433094259,0.051541232594585394
252_T1_R1_vs_R2,natural_variability,8,252_to_Ab_rx,252_to_Ab,rx,0.037877134330952834,0.0050910785440504355,-0.0327860557869024,0.04228449957152708,0.04156046340394193
252_T1_R1_vs_R2,natural_variability,8,252_to_Ab_ry,252_to_Ab,ry,0.0008691090827437313,0.030117703263955097,0.029248594181211365,0.04228449957152708,0.04156046340394193
252_T1_R1_vs_R2,natural_variability,8,252_to_Ab_rz,252_to_Ab,rz,0.00700955864597929,0.007677528998125767,0.0006679703521464773,0.04228449957152708,0.04156046340394193
252_T1_R1_vs_R2,natural_variability,8,252_to_LThigh_rx,252_to_LThigh,rx,0.1702308330266628,0.03590977463088814,-0.13432105839577468,0.04228449957152708,0.04156046340394193
252_T1_R1_vs_R2,natural_variability,8,252_to_LThigh_ry,252_to_LThigh,ry,0.02141993986995942,0.034600928885060105,0.013180989015100685,0.04228449957152708,0.04156046340394193
252_T1_R1_vs_R2,natural_variability,8,252_to_LThigh_rz,252_to_LThigh,rz,0.0012238263032764273,0.0035472259099204747,0.0023233996066440474,0.04228449957152708,0.04156046340394193
252_T1_R1_vs_R2,natural_variability,8,252_to_RThigh_rx,252_to_RThigh,rx,0.28497756142188185,0.05273504664216573,-0.23224251477971614,0.04228449957152708,0.04156046340394193
252_T1_R1_vs_R2,natural_variability,8,252_to_RThigh_ry,252_to_RThigh,ry,0.04074519964655652,0.0756712935994775,0.03492609395292098,0.04228449957152708,0.04156046340394193
252_T1_R1_vs_R2,natural_variability,8,252_to_RThigh_rz,252_to_RThigh,rz,0.046105360186718514,0.04882919863261855,0.0027238384459000384,0.04228449957152708,0.04156046340394193
252_T1_R1_vs_R2,natural_variability,8,Ab_to_Spine2_rx,Ab_to_Spine2,rx,0.03787122146409051,0.004972829385117879,-0.03289839207897263,0.04228449957152708,0.04156046340394193
252_T1_R1_vs_R2,natural_variability,8,Ab_to_Spine2_ry,Ab_to_Spine2,ry,0.0018359063689521835,0.029697656616799427,0.027861750247847244,0.04228449957152708,0.04156046340394193
252_T1_R1_vs_R2,natural_variability,8,Ab_to_Spine2_rz,Ab_to_Spine2,rz,0.034986792884223704,0.02045864625739001,-0.014528146626833695,0.04228449957152708,0.04156046340394193
252_T1_R1_vs_R2,natural_variability,8,Chest_to_LShoulder_rx,Chest_to_LShoulder,rx,0.04739240352305714,0.03212901659311414,-0.015263386929943001,0.04228449957152708,0.04156046340394193
252_T1_R1_vs_R2,natural_variability,8,Chest_to_LShoulder_ry,Chest_to_LShoulder,ry,0.03359140826063409,0.06987783017517936,0.03628642191454527,0.04228449957152708,0.04156046340394193
252_T1_R1_vs_R2,natural_variability,8,Chest_to_LShoulder_rz,Chest_to_LShoulder,rz,0.01961188267963772,0.06618486860571653,0.04657298592607881,0.04228449957152708,0.04156046340394193
252_T1_R1_vs_R2,natural_variability,8,Chest_to_Neck_rx,Chest_to_Neck,rx,0.022048664803764134,0.05063421554125981,0.028585550737495677,0.04228449957152708,0.04156046340394193
252_T1_R1_vs_R2,natural_variability,8,Chest_to_Neck_ry,Chest_to_Neck,ry,0.029655666107334482,0.03412884128496067,0.004473175177626191,0.04228449957152708,0.04156046340394193
252_T1_R1_vs_R2,natural_variability,8,Chest_to_Neck_rz,Chest_to_Neck,rz,0.01787734207686096,0.030988795827416774,0.013111453750555814,0.04228449957152708,0.04156046340394193
252_T1_R1_vs_R2,natural_variability,8,Chest_to_RShoulder_rx,Chest_to_RShoulder,rx,0.012281855054419703,0.03575051943962259,0.023468664385202887,0.04228449957152708,0.04156046340394193
252_T1_R1_vs_R2,natural_variability,8,Chest_to_RShoulder_ry,Chest_to_RShoulder,ry,0.019381836219191026,0.042013892425160015,0.02263205620596899,0.04228449957152708,0.04156046340394193
252_T1_R1_vs_R2,natural_variability,8,Chest_to_RShoulder_rz,Chest_to_RShoulder,rz,0.039273918811258204,0.11637398024902293,0.07710006143776472,0.04228449957152708,0.04156046340394193
252_T1_R1_vs_R2,natural_variability,8,LFArm_to_LHand_rx,LFArm_to_LHand,rx,0.03914277309293962,0.022348671528015198,-0.016794101564924422,0.04228449957152708,0.04156046340394193
252_T1_R1_vs_R2,natural_variability,8,LFArm_to_LHand_ry,LFArm_to_LHand,ry,0.0873628918794909,0.07557724986598727,-0.011785642013503628,0.04228449957152708,0.04156046340394193
252_T1_R1_vs_R2,natural_variability,8,LFArm_to_LHand_rz,LFArm_to_LHand,rz,0.4060750342956034,0.24053423651776684,-0.16554079777783653,0.04228449957152708,0.04156046340394193
252_T1_R1_vs_R2,natural_variability,8,LShoulder_to_LUArm_rx,LShoulder_to_LUArm,rx,0.20649652324089457,0.074804509002543,-0.13169201423835158,0.04228449957152708,0.04156046340394193
252_T1_R1_vs_R2,natural_variability,8,LShoulder_to_LUArm_ry,LShoulder_to_LUArm,ry,0.20132970218011895,0.24099408022257432,0.03966437804245537,0.04228449957152708,0.04156046340394193
252_T1_R1_vs_R2,natural_variability,8,LShoulder_to_LUArm_rz,LShoulder_to_LUArm,rz,0.026005811756339967,0.4374595553338611,0.4114537435775211,0.04228449957152708,0.04156046340394193
252_T1_R1_vs_R2,natural_variability,8,LUArm_to_LFArm_rx,LUArm_to_LFArm,rx,0.20525789667159441,0.11708444637227942,-0.08817345029931499,0.04228449957152708,0.04156046340394193
252_T1_R1_vs_R2,natural_variability,8,LUArm_to_LFArm_ry,LUArm_to_LFArm,ry,0.2752544230370577,0.0154870504021758,-0.2597673726348819,0.04228449957152708,0.04156046340394193
252_T1_R1_vs_R2,natural_variability,8,LUArm_to_LFArm_rz,LUArm_to_LFArm,rz,0.18881361934963967,0.08658890625576644,-0.10222471309387322,0.04228449957152708,0.04156046340394193
252_T1_R1_vs_R2,natural_variability,8,Neck2_to_Head_rx,Neck2_to_Head,rx,0.021672773486300215,0.05066042892434727,0.028987655438047058,0.04228449957152708,0.04156046340394193
252_T1_R1_vs_R2,natural_variability,8,Neck2_to_Head_ry,Neck2_to_Head,ry,0.025630391174506308,0.03930389712292267,0.013673505948416362,0.04228449957152708,0.04156046340394193
252_T1_R1_vs_R2,natural_variability,8,Neck2_to_Head_rz,Neck2_to_Head,rz,0.023079392130488756,0.023984159795732304,0.0009047676652435485,0.04228449957152708,0.04156046340394193
252_T1_R1_vs_R2,natural_variability,8,Neck_to_Neck2_rx,Neck_to_Neck2,rx,0.021775937648245744,0.0506534926400267,0.028877554991780956,0.04228449957152708,0.04156046340394193
252_T1_R1_vs_R2,natural_variability,8,Neck_to_Neck2_ry,Neck_to_Neck2,ry,0.02679950764630391,0.03797082082509263,0.011171313178788719,0.04228449957152708,0.04156046340394193
252_T1_R1_vs_R2,natural_variability,8,Neck_to_Neck2_rz,Neck_to_Neck2,rz,0.021704453272112,0.025971284863492226,0.004266831591380225,0.04228449957152708,0.04156046340394193
252_T1_R1_vs_R2,natural_variability,8,RFArm_to_RHand_rx,RFArm_to_RHand,rx,0.012437443464794695,0.021913760925611345,0.00947631746081665,0.04228449957152708,0.04156046340394193
252_T1_R1_vs_R2,natural_variability,8,RFArm_to_RHand_ry,RFArm_to_RHand,ry,0.09567353746741457,0.11446229699558921,0.018788759528174645,0.04228449957152708,0.04156046340394193
252_T1_R1_vs_R2,natural_variability,8,RFArm_to_RHand_rz,RFArm_to_RHand,rz,0.35312099617355713,0.22187833772424534,-0.1312426584493118,0.04228449957152708,0.04156046340394193
252_T1_R1_vs_R2,natural_variability,8,RShin_to_RFoot_rx,RShin_to_RFoot,rx,0.0008452821084897115,0.035370193544154646,0.03452491143566493,0.04228449957152708,0.04156046340394193
252_T1_R1_vs_R2,natural_variability,8,RShin_to_RFoot_ry,RShin_to_RFoot,ry,0.001129106628068955,0.014157851048868823,0.013028744420799867,0.04228449957152708,0.04156046340394193
252_T1_R1_vs_R2,natural_variability,8,RShin_to_RFoot_rz,RShin_to_RFoot,rz,0.0020951171909290973,0.028119255043121554,0.026024137852192458,0.04228449957152708,0.04156046340394193
252_T1_R1_vs_R2,natural_variability,8,RShoulder_to_RUArm_rx,RShoulder_to_RUArm,rx,0.03178041574830275,0.08204971106572888,0.050269295317426126,0.04228449957152708,0.04156046340394193
252_T1_R1_vs_R2,natural_variability,8,RShoulder_to_RUArm_ry,RShoulder_to_RUArm,ry,0.3950144628622713,0.049407250023301014,-0.34560721283897033,0.04228449957152708,0.04156046340394193
252_T1_R1_vs_R2,natural_variability,8,RShoulder_to_RUArm_rz,RShoulder_to_RUArm,rz,0.10863058247348548,0.6715110791824956,0.5628804967090102,0.04228449957152708,0.04156046340394193
252_T1_R1_vs_R2,natural_variability,8,RThigh_to_RShin_rx,RThigh_to_RShin,rx,0.22544163891893046,0.2142356322058755,-0.011206006713054967,0.04228449957152708,0.04156046340394193
252_T1_R1_vs_R2,natural_variability,8,RThigh_to_RShin_ry,RThigh_to_RShin,ry,6.84564267422854e-09,6.625135596474807e-10,-6.18312911458106e-09,0.04228449957152708,0.04156046340394193
252_T1_R1_vs_R2,natural_variability,8,RThigh_to_RShin_rz,RThigh_to_RShin,rz,3.4890143958264684e-09,3.784226555219051e-08,3.435325115636404e-08,0.04228449957152708,0.04156046340394193
252_T1_R1_vs_R2,natural_variability,8,RUArm_to_RFArm_rx,RUArm_to_RFArm,rx,0.06105294736086763,0.12559563014299896,0.06454268278213132,0.04228449957152708,0.04156046340394193
252_T1_R1_vs_R2,natural_variability,8,RUArm_to_RFArm_ry,RUArm_to_RFArm,ry,0.19984949249515555,0.05837898542048805,-0.1414705070746675,0.04228449957152708,0.04156046340394193
252_T1_R1_vs_R2,natural_variability,8,RUArm_to_RFArm_rz,RUArm_to_RFArm,rz,0.2319170228824283,0.0926589845815783,-0.13925803830084998,0.04228449957152708,0.04156046340394193
252_T1_R1_vs_R2,natural_variability,8,Spine2_to_Spine3_rx,Spine2_to_Spine3,rx,0.037924519897711374,0.004965915398894432,-0.03295860449881694,0.04228449957152708,0.04156046340394193
252_T1_R1_vs_R2,natural_variability,8,Spine2_to_Spine3_ry,Spine2_to_Spine3,ry,0.0015287892589102583,0.031531545646167516,0.03000275638725726,0.04228449957152708,0.04156046340394193
252_T1_R1_vs_R2,natural_variability,8,Spine2_to_Spine3_rz,Spine2_to_Spine3,rz,0.03499298955116598,0.01751008774762235,-0.017482901803543633,0.04228449957152708,0.04156046340394193
252_T1_R1_vs_R2,natural_variability,8,Spine3_to_Spine4_rx,Spine3_to_Spine4,rx,0.03790080054541956,0.004968998805867371,-0.032931801739552194,0.04228449957152708,0.04156046340394193
252_T1_R1_vs_R2,natural_variability,8,Spine3_to_Spine4_ry,Spine3_to_Spine4,ry,3.147054247461591e-05,0.03073877446135157,0.030707303918876955,0.04228449957152708,0.04156046340394193
252_T1_R1_vs_R2,natural_variability,8,Spine3_to_Spine4_rz,Spine3_to_Spine4,rz,0.03501685064851595,0.01883696537076458,-0.016179885277751372,0.04228449957152708,0.04156046340394193
252_T1_R1_vs_R2,natural_variability,8,Spine4_to_Chest_rx,Spine4_to_Chest,rx,0.03788676947747525,0.004970842430070078,-0.03291592704740517,0.04228449957152708,0.04156046340394193
252_T1_R1_vs_R2,natural_variability,8,Spine4_to_Chest_ry,Spine4_to_Chest,ry,0.0008548775228693375,0.030251922452032006,0.029397044929162668,0.04228449957152708,0.04156046340394193
252_T1_R1_vs_R2,natural_variability,8,Spine4_to_Chest_rz,Spine4_to_Chest,rz,0.03501090702444296,0.01961122041238052,-0.015399686612062442,0.04228449957152708,0.04156046340394193
252_T1_R1_vs_R2,natural_variability,9,252_to_Ab_rx,252_to_Ab,rx,0.05033600781245446,0.0786342951151658,0.02829828730271134,0.03597904485980064,0.02348987441411725
252_T1_R1_vs_R2,natural_variability,9,252_to_Ab_ry,252_to_Ab,ry,0.029960791488174567,0.03830348532492662,0.008342693836752051,0.03597904485980064,0.02348987441411725
252_T1_R1_vs_R2,natural_variability,9,252_to_Ab_rz,252_to_Ab,rz,0.004609769648564163,0.005279623477425623,0.0006698538288614601,0.03597904485980064,0.02348987441411725
252_T1_R1_vs_R2,natural_variability,9,252_to_LThigh_rx,252_to_LThigh,rx,0.43004975356581693,0.5412110397391815,0.11116128617336457,0.03597904485980064,0.02348987441411725
252_T1_R1_vs_R2,natural_variability,9,252_to_LThigh_ry,252_to_LThigh,ry,0.0293802712105979,0.016325863170331415,-0.013054408040266485,0.03597904485980064,0.02348987441411725
252_T1_R1_vs_R2,natural_variability,9,252_to_LThigh_rz,252_to_LThigh,rz,0.08762447305298185,0.11770671142475901,0.030082238371777162,0.03597904485980064,0.02348987441411725
252_T1_R1_vs_R2,natural_variability,9,252_to_RThigh_rx,252_to_RThigh,rx,0.21956656000199454,0.39053801885723516,0.17097145885524062,0.03597904485980064,0.02348987441411725
252_T1_R1_vs_R2,natural_variability,9,252_to_RThigh_ry,252_to_RThigh,ry,0.02090066361505103,0.010487794349819776,-0.010412869265231255,0.03597904485980064,0.02348987441411725
252_T1_R1_vs_R2,natural_variability,9,252_to_RThigh_rz,252_to_RThigh,rz,0.14902634733088832,0.14697681470851337,-0.00204953262237495,0.03597904485980064,0.02348987441411725
252_T1_R1_vs_R2,natural_variability,9,Ab_to_Spine2_rx,Ab_to_Spine2,rx,0.050131021258347945,0.07852622532635191,0.028395204068003964,0.03597904485980064,0.02348987441411725
252_T1_R1_vs_R2,natural_variability,9,Ab_to_Spine2_ry,Ab_to_Spine2,ry,0.03048250922654521,0.0389684093237501,0.008485900097204888,0.03597904485980064,0.02348987441411725
252_T1_R1_vs_R2,natural_variability,9,Ab_to_Spine2_rz,Ab_to_Spine2,rz,0.007534181834677086,0.0055787580895382384,-0.0019554237451388477,0.03597904485980064,0.02348987441411725
252_T1_R1_vs_R2,natural_variability,9,Chest_to_LShoulder_rx,Chest_to_LShoulder,rx,0.001197156143082055,0.03660634416421209,0.03540918802113003,0.03597904485980064,0.02348987441411725
252_T1_R1_vs_R2,natural_variability,9,Chest_to_LShoulder_ry,Chest_to_LShoulder,ry,0.08722703499300753,0.09953490637610429,0.01230787138309676,0.03597904485980064,0.02348987441411725
252_T1_R1_vs_R2,natural_variability,9,Chest_to_LShoulder_rz,Chest_to_LShoulder,rz,0.027737516149569437,0.0012463478946502394,-0.0264911682549192,0.03597904485980064,0.02348987441411725
252_T1_R1_vs_R2,natural_variability,9,Chest_to_Neck_rx,Chest_to_Neck,rx,0.07980033441766046,0.1274852308644371,0.04768489644677665,0.03597904485980064,0.02348987441411725
252_T1_R1_vs_R2,natural_variability,9,Chest_to_Neck_ry,Chest_to_Neck,ry,0.039856982684243175,0.03892368691442536,-0.0009332957698178143,0.03597904485980064,0.02348987441411725
252_T1_R1_vs_R2,natural_variability,9,Chest_to_Neck_rz,Chest_to_Neck,rz,0.01361341360920583,0.037947177951030225,0.024333764341824396,0.03597904485980064,0.02348987441411725
252_T1_R1_vs_R2,natural_variability,9,Chest_to_RShoulder_rx,Chest_to_RShoulder,rx,0.000544214053879539,0.013501508282609308,0.012957294228729769,0.03597904485980064,0.02348987441411725
252_T1_R1_vs_R2,natural_variability,9,Chest_to_RShoulder_ry,Chest_to_RShoulder,ry,0.05015634801895524,0.0597477156261499,0.009591367607194666,0.03597904485980064,0.02348987441411725
252_T1_R1_vs_R2,natural_variability,9,Chest_to_RShoulder_rz,Chest_to_RShoulder,rz,0.15308200138551054,0.14256885743520964,-0.010513143950300896,0.03597904485980064,0.02348987441411725
252_T1_R1_vs_R2,natural_variability,9,LFArm_to_LHand_rx,LFArm_to_LHand,rx,0.02155455838037273,0.017003197605770647,-0.004551360774602085,0.03597904485980064,0.02348987441411725
252_T1_R1_vs_R2,natural_variability,9,LFArm_to_LHand_ry,LFArm_to_LHand,ry,0.010402889373440069,0.013133978900636337,0.0027310895271962683,0.03597904485980064,0.02348987441411725
252_T1_R1_vs_R2,natural_variability,9,LFArm_to_LHand_rz,LFArm_to_LHand,rz,0.047374899879828514,0.00734494720647307,-0.04002995267335544,0.03597904485980064,0.02348987441411725
252_T1_R1_vs_R2,natural_variability,9,LShoulder_to_LUArm_rx,LShoulder_to_LUArm,rx,0.020306355792375448,0.12085695078304093,0.10055059499066549,0.03597904485980064,0.02348987441411725
252_T1_R1_vs_R2,natural_variability,9,LShoulder_to_LUArm_ry,LShoulder_to_LUArm,ry,0.24548703118958662,0.23816462350698514,-0.007322407682601478,0.03597904485980064,0.02348987441411725
252_T1_R1_vs_R2,natural_variability,9,LShoulder_to_LUArm_rz,LShoulder_to_LUArm,rz,0.31169568278856363,0.07469553685516019,-0.23700014593340346,0.03597904485980064,0.02348987441411725
252_T1_R1_vs_R2,natural_variability,9,LUArm_to_LFArm_rx,LUArm_to_LFArm,rx,0.04819498049935362,0.03033728437829172,-0.0178576961210619,0.03597904485980064,0.02348987441411725
252_T1_R1_vs_R2,natural_variability,9,LUArm_to_LFArm_ry,LUArm_to_LFArm,ry,0.13621799537387053,0.1723627138670823,0.03614471849321177,0.03597904485980064,0.02348987441411725
252_T1_R1_vs_R2,natural_variability,9,LUArm_to_LFArm_rz,LUArm_to_LFArm,rz,0.09605462694793701,0.12280485932690546,0.026750232378968453,0.03597904485980064,0.02348987441411725
252_T1_R1_vs_R2,natural_variability,9,Neck2_to_Head_rx,Neck2_to_Head,rx,0.07968581087513635,0.12713698773117535,0.047451176856039,0.03597904485980064,0.02348987441411725
252_T1_R1_vs_R2,natural_variability,9,Neck2_to_Head_ry,Neck2_to_Head,ry,0.041723880581112614,0.04533044749733666,0.0036065669162240466,0.03597904485980064,0.02348987441411725
252_T1_R1_vs_R2,natural_variability,9,Neck2_to_Head_rz,Neck2_to_Head,rz,0.005835840649511346,0.029867861443254068,0.024032020793742722,0.03597904485980064,0.02348987441411725
252_T1_R1_vs_R2,natural_variability,9,Neck_to_Neck2_rx,Neck_to_Neck2,rx,0.07971756192082509,0.1272330827146088,0.0475155207937837,0.03597904485980064,0.02348987441411725
252_T1_R1_vs_R2,natural_variability,9,Neck_to_Neck2_ry,Neck_to_Neck2,ry,0.041309079415782796,0.04367373302800005,0.0023646536122172573,0.03597904485980064,0.02348987441411725
252_T1_R1_vs_R2,natural_variability,9,Neck_to_Neck2_rz,Neck_to_Neck2,rz,0.00799534441824993,0.032165573160375764,0.024170228742125835,0.03597904485980064,0.02348987441411725
252_T1_R1_vs_R2,natural_variability,9,RFArm_to_RHand_rx,RFArm_to_RHand,rx,0.014954404019237045,0.002588248773399476,-0.01236615524583757,0.03597904485980064,0.02348987441411725
252_T1_R1_vs_R2,natural_variability,9,RFArm_to_RHand_ry,RFArm_to_RHand,ry,0.03235256459443102,0.017308262912372082,-0.015044301682058937,0.03597904485980064,0.02348987441411725
252_T1_R1_vs_R2,natural_variability,9,RFArm_to_RHand_rz,RFArm_to_RHand,rz,0.17104767468376364,0.1558385298486373,-0.015209144835126337,0.03597904485980064,0.02348987441411725
252_T1_R1_vs_R2,natural_variability,9,RShin_to_RFoot_rx,RShin_to_RFoot,rx,0.07341409887007748,0.05492048068386297,-0.018493618186214512,0.03597904485980064,0.02348987441411725
252_T1_R1_vs_R2,natural_variability,9,RShin_to_RFoot_ry,RShin_to_RFoot,ry,0.04416980542039114,0.04485276591794868,0.0006829604975575401,0.03597904485980064,0.02348987441411725
252_T1_R1_vs_R2,natural_variability,9,RShin_to_RFoot_rz,RShin_to_RFoot,rz,0.15155728944256724,0.1575603946287781,0.006003105186210861,0.03597904485980064,0.02348987441411725
252_T1_R1_vs_R2,natural_variability,9,RShoulder_to_RUArm_rx,RShoulder_to_RUArm,rx,0.22765061989428984,0.05194777130865072,-0.17570284858563912,0.03597904485980064,0.02348987441411725
252_T1_R1_vs_R2,natural_variability,9,RShoulder_to_RUArm_ry,RShoulder_to_RUArm,ry,0.14507024674126173,0.20108553232031373,0.056015285579052,0.03597904485980064,0.02348987441411725
252_T1_R1_vs_R2,natural_variability,9,RShoulder_to_RUArm_rz,RShoulder_to_RUArm,rz,0.19610980739142223,0.0981706450247195,-0.09793916236670272,0.03597904485980064,0.02348987441411725
252_T1_R1_vs_R2,natural_variability,9,RThigh_to_RShin_rx,RThigh_to_RShin,rx,0.40379253520297437,0.29075809961237997,-0.1130344355905944,0.03597904485980064,0.02348987441411725
252_T1_R1_vs_R2,natural_variability,9,RThigh_to_RShin_ry,RThigh_to_RShin,ry,1.3058942126439547e-08,3.1212441032033433e-09,-9.937698023236204e-09,0.03597904485980064,0.02348987441411725
252_T1_R1_vs_R2,natural_variability,9,RThigh_to_RShin_rz,RThigh_to_RShin,rz,4.5634020535874365e-08,5.366984844836295e-08,8.035827912488584e-09,0.03597904485980064,0.02348987441411725
252_T1_R1_vs_R2,natural_variability,9,RUArm_to_RFArm_rx,RUArm_to_RFArm,rx,0.3220712158161692,0.14541069443437432,-0.1766605213817949,0.03597904485980064,0.02348987441411725
252_T1_R1_vs_R2,natural_variability,9,RUArm_to_RFArm_ry,RUArm_to_RFArm,ry,0.07955280254369307,0.15277457873066655,0.07322177618697348,0.03597904485980064,0.02348987441411725
252_T1_R1_vs_R2,natural_variability,9,RUArm_to_RFArm_rz,RUArm_to_RFArm,rz,0.1532099541885942,0.1674770088505912,0.014267054661996986,0.03597904485980064,0.02348987441411725
252_T1_R1_vs_R2,natural_variability,9,Spine2_to_Spine3_rx,Spine2_to_Spine3,rx,0.050069751183722346,0.07850368378206778,0.02843393259834543,0.03597904485980064,0.02348987441411725
252_T1_R1_vs_R2,natural_variability,9,Spine2_to_Spine3_ry,Spine2_to_Spine3,ry,0.031093465254637426,0.03935088979953342,0.008257424544895992,0.03597904485980064,0.02348987441411725
252_T1_R1_vs_R2,natural_variability,9,Spine2_to_Spine3_rz,Spine2_to_Spine3,rz,0.004596886893423113,0.0018386646024590677,-0.0027582222909640452,0.03597904485980064,0.02348987441411725
252_T1_R1_vs_R2,natural_variability,9,Spine3_to_Spine4_rx,Spine3_to_Spine4,rx,0.050097131069084914,0.07851382882535168,0.02841669775626677,0.03597904485980064,0.02348987441411725
252_T1_R1_vs_R2,natural_variability,9,Spine3_to_Spine4_ry,Spine3_to_Spine4,ry,0.030844462742448304,0.039209877124102996,0.008365414381654692,0.03597904485980064,0.02348987441411725
252_T1_R1_vs_R2,natural_variability,9,Spine3_to_Spine4_rz,Spine3_to_Spine4,rz,0.005909363957051516,0.003506588637439605,-0.002402775319611911,0.03597904485980064,0.02348987441411725
252_T1_R1_vs_R2,natural_variability,9,Spine4_to_Chest_rx,Spine4_to_Chest,rx,0.050113160160867865,0.0785196697323401,0.02840650957147224,0.03597904485980064,0.02348987441411725
252_T1_R1_vs_R2,natural_variability,9,Spine4_to_Chest_ry,Spine4_to_Chest,ry,0.03067973670603026,0.03910433838465222,0.008424601678621961,0.03597904485980064,0.02348987441411725
252_T1_R1_vs_R2,natural_variability,9,Spine4_to_Chest_rz,Spine4_to_Chest,rz,0.0066821779671675605,0.004491150025303536,-0.002191027941864024,0.03597904485980064,0.02348987441411725
