comparison_id,kind,pc,feature,link_id,axis,loading_A_abs,loading_B_reprojected_abs,jcvpca_axis,explained_variance_A,explained_variance_B_projected
252_T1_vs_T2,longitudinal,1,252_to_LThigh_rx,252_to_LThigh,rx,0.09108767671284318,0.0993217092241424,0.008234032511299214,0.20033181326203747,0.26256130248487136
252_T1_vs_T2,longitudinal,1,252_to_LThigh_ry,252_to_LThigh,ry,0.01529628820378803,0.06273350453431457,0.04743721633052654,0.20033181326203747,0.26256130248487136
252_T1_vs_T2,longitudinal,1,252_to_LThigh_rz,252_to_LThigh,rz,0.011614042542161486,0.01308503588946003,0.0014709933472985444,0.20033181326203747,0.26256130248487136
252_T1_vs_T2,longitudinal,1,252_to_RThigh_rx,252_to_RThigh,rx,0.00364779470972748,0.022939810218291844,0.019292015508564363,0.20033181326203747,0.26256130248487136
252_T1_vs_T2,longitudinal,1,252_to_RThigh_ry,252_to_RThigh,ry,0.028104406152197278,0.03997746600788897,0.011873059855691693,0.20033181326203747,0.26256130248487136
252_T1_vs_T2,longitudinal,1,252_to_RThigh_rz,252_to_RThigh,rz,0.08972387385732493,0.04097017246817437,-0.048753701389150556,0.20033181326203747,0.26256130248487136
252_T1_vs_T2,longitudinal,1,Chest_to_LShoulder_rx,Chest_to_LShoulder,rx,0.04608053631893017,0.06939637821242783,0.02331584189349766,0.20033181326203747,0.26256130248487136
252_T1_vs_T2,longitudinal,1,Chest_to_LShoulder_ry,Chest_to_LShoulder,ry,0.0004711118929596621,0.0052453998478348566,0.004774287954875195,0.20033181326203747,0.26256130248487136
252_T1_vs_T2,longitudinal,1,Chest_to_LShoulder_rz,Chest_to_LShoulder,rz,0.07293188563293088,0.11399515597484151,0.04106327034191064,0.20033181326203747,0.26256130248487136
252_T1_vs_T2,longitudinal,1,Chest_to_Neck_rx,Chest_to_Neck,rx,0.01864201547889791,0.027127321502655,0.008485306023757092,0.20033181326203747,0.26256130248487136
252_T1_vs_T2,longitudinal,1,Chest_to_Neck_ry,Chest_to_Neck,ry,0.032123309141156485,0.07373217679614555,0.041608867654989064,0.20033181326203747,0.26256130248487136
252_T1_vs_T2,longitudinal,1,Chest_to_Neck_rz,Chest_to_Neck,rz,0.019179063745201647,0.032483987216479146,0.0133049234712775,0.20033181326203747,0.26256130248487136
252_T1_vs_T2,longitudinal,1,Chest_to_RShoulder_rx,Chest_to_RShoulder,rx,0.041866268864420034,0.0205302222834978,-0.021336046580922235,0.20033181326203747,0.26256130248487136
252_T1_vs_T2,longitudinal,1,Chest_to_RShoulder_ry,Chest_to_RShoulder,ry,0.030658576044292143,0.02139019194183629,-0.009268384102455854,0.20033181326203747,0.26256130248487136
252_T1_vs_T2,longitudinal,1,Chest_to_RShoulder_rz,Chest_to_RShoulder,rz,0.011555344377431546,0.10622556418281628,0.09467021980538473,0.20033181326203747,0.26256130248487136
252_T1_vs_T2,longitudinal,1,LFArm_to_LHand_rx,LFArm_to_LHand,rx,0.0008935661089890509,0.0093919442940382,0.008498378185049149,0.20033181326203747,0.26256130248487136
252_T1_vs_T2,longitudinal,1,LFArm_to_LHand_ry,LFArm_to_LHand,ry,0.020942585064544116,0.013316393896245336,-0.00762619116829878,0.20033181326203747,0.26256130248487136
252_T1_vs_T2,longitudinal,1,LFArm_to_LHand_rz,LFArm_to_LHand,rz,0.05117118677615153,0.043502888938471006,-0.007668297837680527,0.20033181326203747,0.26256130248487136
252_T1_vs_T2,longitudinal,1,LShin_to_LFoot_rx,LShin_to_LFoot,rx,0.006922853067153078,0.017849101670606146,0.010926248603453068,0.20033181326203747,0.26256130248487136
252_T1_vs_T2,longitudinal,1,LShin_to_LFoot_ry,LShin_to_LFoot,ry,0.018263613431455317,0.003233649552576756,-0.01502996387887856,0.20033181326203747,0.26256130248487136
252_T1_vs_T2,longitudinal,1,LShin_to_LFoot_rz,LShin_to_LFoot,rz,0.008720027528492668,0.020227589666727726,0.011507562138235058,0.20033181326203747,0.26256130248487136
252_T1_vs_T2,longitudinal,1,LShoulder_to_LUArm_rx,LShoulder_to_LUArm,rx,0.141762031995057,0.2957733520786976,0.1540113200836406,0.20033181326203747,0.26256130248487136
252_T1_vs_T2,longitudinal,1,LShoulder_to_LUArm_ry,LShoulder_to_LUArm,ry,0.3757070541588569,0.10436493225887329,-0.27134212189998363,0.20033181326203747,0.26256130248487136
252_T1_vs_T2,longitudinal,1,LShoulder_to_LUArm_rz,LShoulder_to_LUArm,rz,0.2429677502508551,0.20514903052005873,-0.03781871973079637,0.20033181326203747,0.26256130248487136
252_T1_vs_T2,longitudinal,1,LThigh_to_LShin_rx,LThigh_to_LShin,rx,0.030694289162589733,0.024181800857754093,-0.00651248830483564,0.20033181326203747,0.26256130248487136
252_T1_vs_T2,longitudinal,1,LThigh_to_LShin_ry,LThigh_to_LShin,ry,5.953673163120014e-09,2.527480177946376e-09,-3.426192985173638e-09,0.20033181326203747,0.26256130248487136
252_T1_vs_T2,longitudinal,1,LThigh_to_LShin_rz,LThigh_to_LShin,rz,1.1265312298103452e-08,7.583532968688571e-10,-1.0506959001234595e-08,0.20033181326203747,0.26256130248487136
252_T1_vs_T2,longitudinal,1,LUArm_to_LFArm_rx,LUArm_to_LFArm,rx,0.022281039548326314,0.20731543977190592,0.18503440022357961,0.20033181326203747,0.26256130248487136
252_T1_vs_T2,longitudinal,1,LUArm_to_LFArm_ry,LUArm_to_LFArm,ry,0.500812992176068,0.5612673908322211,0.0604543986561531,0.20033181326203747,0.26256130248487136
252_T1_vs_T2,longitudinal,1,LUArm_to_LFArm_rz,LUArm_to_LFArm,rz,0.09711749832799997,0.02737611456875511,-0.06974138375924487,0.20033181326203747,0.26256130248487136
252_T1_vs_T2,longitudinal,1,Neck_to_Head_rx,Neck_to_Head,rx,0.01855402873496653,0.0270306640811696,0.008476635346203073,0.20033181326203747,0.26256130248487136
252_T1_vs_T2,longitudinal,1,Neck_to_Head_ry,Neck_to_Head,ry,0.027951801064128718,0.06628253797607858,0.03833073691194987,0.20033181326203747,0.26256130248487136
252_T1_vs_T2,longitudinal,1,Neck_to_Head_rz,Neck_to_Head,rz,0.02487947434973853,0.04590836756848267,0.02102889321874414,0.20033181326203747,0.26256130248487136
252_T1_vs_T2,longitudinal,1,RFArm_to_RHand_rx,RFArm_to_RHand,rx,0.006681365118827863,0.0016827948590299496,-0.004998570259797913,0.20033181326203747,0.26256130248487136
252_T1_vs_T2,longitudinal,1,RFArm_to_RHand_ry,RFArm_to_RHand,ry,0.03563621489786915,0.04852944496142941,0.01289323006356026,0.20033181326203747,0.26256130248487136
252_T1_vs_T2,longitudinal,1,RFArm_to_RHand_rz,RFArm_to_RHand,rz,0.10337806198327495,0.016760941079994637,-0.08661712090328032,0.20033181326203747,0.26256130248487136
252_T1_vs_T2,longitudinal,1,RShin_to_RFoot_rx,RShin_to_RFoot,rx,0.04112481472854861,0.011380118829639513,-0.0297446958989091,0.20033181326203747,0.26256130248487136
252_T1_vs_T2,longitudinal,1,RShin_to_RFoot_ry,RShin_to_RFoot,ry,0.0395907989551084,0.02132948092150194,-0.01826131803360646,0.20033181326203747,0.26256130248487136
252_T1_vs_T2,longitudinal,1,RShin_to_RFoot_rz,RShin_to_RFoot,rz,0.05638779050266876,0.0020357901496832463,-0.05435200035298551,0.20033181326203747,0.26256130248487136
252_T1_vs_T2,longitudinal,1,RShoulder_to_RUArm_rx,RShoulder_to_RUArm,rx,0.597115786273907,0.0200393615852914,-0.5770764246886156,0.20033181326203747,0.26256130248487136
252_T1_vs_T2,longitudinal,1,RShoulder_to_RUArm_ry,RShoulder_to_RUArm,ry,0.10720807733716729,0.19291590203953557,0.08570782470236828,0.20033181326203747,0.26256130248487136
252_T1_vs_T2,longitudinal,1,RShoulder_to_RUArm_rz,RShoulder_to_RUArm,rz,0.0903070426894473,0.3167327238838808,0.22642568119443351,0.20033181326203747,0.26256130248487136
252_T1_vs_T2,longitudinal,1,RThigh_to_RShin_rx,RThigh_to_RShin,rx,0.17018279412474926,0.09215655132324059,-0.07802624280150867,0.20033181326203747,0.26256130248487136
252_T1_vs_T2,longitudinal,1,RThigh_to_RShin_ry,RThigh_to_RShin,ry,2.4765477514393966e-09,1.1078927955267078e-08,8.602380203827681e-09,0.20033181326203747,0.26256130248487136
252_T1_vs_T2,longitudinal,1,RThigh_to_RShin_rz,RThigh_to_RShin,rz,6.23950862847039e-09,1.0540143998624164e-08,4.300635370153774e-09,0.20033181326203747,0.26256130248487136
252_T1_vs_T2,longitudinal,1,RUArm_to_RFArm_rx,RUArm_to_RFArm,rx,0.23034392146700777,0.3790785075400589,0.14873458607305112,0.20033181326203747,0.26256130248487136
252_T1_vs_T2,longitudinal,1,RUArm_to_RFArm_ry,RUArm_to_RFArm,ry,0.06019347696260595,0.30364843137413056,0.2434549544115246,0.20033181326203747,0.26256130248487136
252_T1_vs_T2,longitudinal,1,RUArm_to_RFArm_rz,RUArm_to_RFArm,rz,0.054359905244520966,0.22251517104826052,0.16815526580373955,0.20033181326203747,0.26256130248487136
252_T1_vs_T2,longitudinal,2,252_to_LThigh_rx,252_to_LThigh,rx,0.1039263116949177,0.04636494052095848,-0.05756137117395922,0.15030544283328554,0.22035662096903458
252_T1_vs_T2,longitudinal,2,252_to_LThigh_ry,252_to_LThigh,ry,0.024659833833640014,0.014992602657454583,-0.009667231176185431,0.15030544283328554,0.22035662096903458
252_T1_vs_T2,longitudinal,2,252_to_LThigh_rz,252_to_LThigh,rz,0.013964265610819019,0.0254774230666709,0.011513157455851882,0.15030544283328554,0.22035662096903458
252_T1_vs_T2,longitudinal,2,252_to_RThigh_rx,252_to_RThigh,rx,0.002099749388353104,0.004182792422853871,0.002083043034500767,0.15030544283328554,0.22035662096903458
252_T1_vs_T2,longitudinal,2,252_to_RThigh_ry,252_to_RThigh,ry,0.019808650735199246,0.03643825939190927,0.016629608656710024,0.15030544283328554,0.22035662096903458
252_T1_vs_T2,longitudinal,2,252_to_RThigh_rz,252_to_RThigh,rz,0.006012467545524143,0.05236268409965057,0.04635021655412643,0.15030544283328554,0.22035662096903458
252_T1_vs_T2,longitudinal,2,Chest_to_LShoulder_rx,Chest_to_LShoulder,rx,0.03332080516507306,0.018576243857700393,-0.014744561307372669,0.15030544283328554,0.22035662096903458
252_T1_vs_T2,longitudinal,2,Chest_to_LShoulder_ry,Chest_to_LShoulder,ry,0.018002304851051375,0.02065700849620825,0.0026547036451568737,0.15030544283328554,0.22035662096903458
252_T1_vs_T2,longitudinal,2,Chest_to_LShoulder_rz,Chest_to_LShoulder,rz,0.0635384684490968,0.03064094614744659,-0.03289752230165022,0.15030544283328554,0.22035662096903458
252_T1_vs_T2,longitudinal,2,Chest_to_Neck_rx,Chest_to_Neck,rx,0.038124524544928526,0.011443591256198057,-0.026680933288730467,0.15030544283328554,0.22035662096903458
252_T1_vs_T2,longitudinal,2,Chest_to_Neck_ry,Chest_to_Neck,ry,0.02957751894210767,0.03178826250780505,0.0022107435656973824,0.15030544283328554,0.22035662096903458
252_T1_vs_T2,longitudinal,2,Chest_to_Neck_rz,Chest_to_Neck,rz,0.029293002637754823,0.004583526464645074,-0.02470947617310975,0.15030544283328554,0.22035662096903458
252_T1_vs_T2,longitudinal,2,Chest_to_RShoulder_rx,Chest_to_RShoulder,rx,0.015153595943841549,0.05701523155556777,0.04186163561172622,0.15030544283328554,0.22035662096903458
252_T1_vs_T2,longitudinal,2,Chest_to_RShoulder_ry,Chest_to_RShoulder,ry,0.024174759662830152,0.015176043722405986,-0.008998715940424167,0.15030544283328554,0.22035662096903458
252_T1_vs_T2,longitudinal,2,Chest_to_RShoulder_rz,Chest_to_RShoulder,rz,0.12053240472816695,0.009185612950277956,-0.111346791777889,0.15030544283328554,0.22035662096903458
252_T1_vs_T2,longitudinal,2,LFArm_to_LHand_rx,LFArm_to_LHand,rx,0.008292864410993805,0.0017913848314148983,-0.006501479579578907,0.15030544283328554,0.22035662096903458
252_T1_vs_T2,longitudinal,2,LFArm_to_LHand_ry,LFArm_to_LHand,ry,0.029434586579911024,0.006879274858200091,-0.022555311721710932,0.15030544283328554,0.22035662096903458
252_T1_vs_T2,longitudinal,2,LFArm_to_LHand_rz,LFArm_to_LHand,rz,0.0453296429060157,0.024820442377472454,-0.02050920052854325,0.15030544283328554,0.22035662096903458
252_T1_vs_T2,longitudinal,2,LShin_to_LFoot_rx,LShin_to_LFoot,rx,0.026050475573842935,0.02181788001693973,-0.004232595556903206,0.15030544283328554,0.22035662096903458
252_T1_vs_T2,longitudinal,2,LShin_to_LFoot_ry,LShin_to_LFoot,ry,0.025348546348102963,0.026943414075866406,0.001594867727763443,0.15030544283328554,0.22035662096903458
252_T1_vs_T2,longitudinal,2,LShin_to_LFoot_rz,LShin_to_LFoot,rz,0.010400641203050358,0.004991617605112044,-0.005409023597938314,0.15030544283328554,0.22035662096903458
252_T1_vs_T2,longitudinal,2,LShoulder_to_LUArm_rx,LShoulder_to_LUArm,rx,0.009411459722589043,0.045022024661535584,0.03561056493894654,0.15030544283328554,0.22035662096903458
252_T1_vs_T2,longitudinal,2,LShoulder_to_LUArm_ry,LShoulder_to_LUArm,ry,0.1684699054878507,0.17472302573143095,0.00625312024358024,0.15030544283328554,0.22035662096903458
252_T1_vs_T2,longitudinal,2,LShoulder_to_LUArm_rz,LShoulder_to_LUArm,rz,0.054501416265656764,0.054902411117281044,0.0004009948516242798,0.15030544283328554,0.22035662096903458
252_T1_vs_T2,longitudinal,2,LThigh_to_LShin_rx,LThigh_to_LShin,rx,0.008126881496109966,0.08547483302184729,0.07734795152573733,0.15030544283328554,0.22035662096903458
252_T1_vs_T2,longitudinal,2,LThigh_to_LShin_ry,LThigh_to_LShin,ry,4.204424297698962e-09,1.2387080849214907e-08,8.182656551515944e-09,0.15030544283328554,0.22035662096903458
252_T1_vs_T2,longitudinal,2,LThigh_to_LShin_rz,LThigh_to_LShin,rz,1.614059715059934e-08,3.928150642534511e-09,-1.221244650806483e-08,0.15030544283328554,0.22035662096903458
252_T1_vs_T2,longitudinal,2,LUArm_to_LFArm_rx,LUArm_to_LFArm,rx,0.04902937240384092,0.048641664142917956,-0.0003877082609229643,0.15030544283328554,0.22035662096903458
252_T1_vs_T2,longitudinal,2,LUArm_to_LFArm_ry,LUArm_to_LFArm,ry,0.27092155097573634,0.3742572899104681,0.10333573893473175,0.15030544283328554,0.22035662096903458
252_T1_vs_T2,longitudinal,2,LUArm_to_LFArm_rz,LUArm_to_LFArm,rz,0.08424729347116845,0.07489523109371571,-0.009352062377452744,0.15030544283328554,0.22035662096903458
252_T1_vs_T2,longitudinal,2,Neck_to_Head_rx,Neck_to_Head,rx,0.0380971029299539,0.011642465302038411,-0.026454637627915487,0.15030544283328554,0.22035662096903458
252_T1_vs_T2,longitudinal,2,Neck_to_Head_ry,Neck_to_Head,ry,0.023517474069555462,0.03203008433652382,0.008512610266968361,0.15030544283328554,0.22035662096903458
252_T1_vs_T2,longitudinal,2,Neck_to_Head_rz,Neck_to_Head,rz,0.034356225765217206,0.0014645529062719815,-0.032891672858945224,0.15030544283328554,0.22035662096903458
252_T1_vs_T2,longitudinal,2,RFArm_to_RHand_rx,RFArm_to_RHand,rx,0.006012538755785052,0.008839520089036303,0.0028269813332512505,0.15030544283328554,0.22035662096903458
252_T1_vs_T2,longitudinal,2,RFArm_to_RHand_ry,RFArm_to_RHand,ry,0.07303369715794764,0.05195246600898395,-0.021081231148963687,0.15030544283328554,0.22035662096903458
252_T1_vs_T2,longitudinal,2,RFArm_to_RHand_rz,RFArm_to_RHand,rz,0.04850100941354506,0.14532450634206076,0.0968234969285157,0.15030544283328554,0.22035662096903458
252_T1_vs_T2,longitudinal,2,RShin_to_RFoot_rx,RShin_to_RFoot,rx,0.004001127588141089,0.0005149272256719995,-0.0034862003624690895,0.15030544283328554,0.22035662096903458
252_T1_vs_T2,longitudinal,2,RShin_to_RFoot_ry,RShin_to_RFoot,ry,0.01596700650255325,0.026163170523955802,0.01019616402140255,0.15030544283328554,0.22035662096903458
252_T1_vs_T2,longitudinal,2,RShin_to_RFoot_rz,RShin_to_RFoot,rz,0.01739159553551661,0.035297541083339844,0.017905945547823234,0.15030544283328554,0.22035662096903458
252_T1_vs_T2,longitudinal,2,RShoulder_to_RUArm_rx,RShoulder_to_RUArm,rx,0.23669240092323815,0.6938832858764836,0.45719088495324545,0.15030544283328554,0.22035662096903458
252_T1_vs_T2,longitudinal,2,RShoulder_to_RUArm_ry,RShoulder_to_RUArm,ry,0.2901888080176701,0.011365156388037789,-0.2788236516296323,0.15030544283328554,0.22035662096903458
252_T1_vs_T2,longitudinal,2,RShoulder_to_RUArm_rz,RShoulder_to_RUArm,rz,0.22236831260405127,0.01806996060402467,-0.2042983520000266,0.15030544283328554,0.22035662096903458
252_T1_vs_T2,longitudinal,2,RThigh_to_RShin_rx,RThigh_to_RShin,rx,0.07522286174402733,0.05462192522727976,-0.02060093651674757,0.15030544283328554,0.22035662096903458
252_T1_vs_T2,longitudinal,2,RThigh_to_RShin_ry,RThigh_to_RShin,ry,1.4157669204317966e-09,1.2325553722759945e-08,1.0909786802328147e-08,0.15030544283328554,0.22035662096903458
252_T1_vs_T2,longitudinal,2,RThigh_to_RShin_rz,RThigh_to_RShin,rz,3.2158025664039116e-08,1.604943436781762e-08,-1.6108591296221494e-08,0.15030544283328554,0.22035662096903458
252_T1_vs_T2,longitudinal,2,RUArm_to_RFArm_rx,RUArm_to_RFArm,rx,0.46992893567110944,0.5167444323492367,0.04681549667812729,0.15030544283328554,0.22035662096903458
252_T1_vs_T2,longitudinal,2,RUArm_to_RFArm_ry,RUArm_to_RFArm,ry,0.5751245380962716,0.021233652960320468,-0.5538908851359512,0.15030544283328554,0.22035662096903458
252_T1_vs_T2,longitudinal,2,RUArm_to_RFArm_rz,RUArm_to_RFArm,rz,0.29447546970340815,0.11940891896031666,-0.1750665507430915,0.15030544283328554,0.22035662096903458
252_T1_vs_T2,longitudinal,3,252_to_LThigh_rx,252_to_LThigh,rx,0.008562217009355024,0.009600525681623033,0.0010383086722680086,0.1173917797246448,0.12706184250606262
252_T1_vs_T2,longitudinal,3,252_to_LThigh_ry,252_to_LThigh,ry,0.04030483473474062,0.09626696579036213,0.05596213105562151,0.1173917797246448,0.12706184250606262
252_T1_vs_T2,longitudinal,3,252_to_LThigh_rz,252_to_LThigh,rz,0.12337013334464539,0.10955808129193619,-0.013812052052709203,0.1173917797246448,0.12706184250606262
252_T1_vs_T2,longitudinal,3,252_to_RThigh_rx,252_to_RThigh,rx,0.22694014793322545,0.20571306168253228,-0.021227086250693167,0.1173917797246448,0.12706184250606262
252_T1_vs_T2,longitudinal,3,252_to_RThigh_ry,252_to_RThigh,ry,0.01940421513557854,0.06623062521601848,0.046826410080439945,0.1173917797246448,0.12706184250606262
252_T1_vs_T2,longitudinal,3,252_to_RThigh_rz,252_to_RThigh,rz,0.06913178224155374,0.0386079046535678,-0.030523877587985936,0.1173917797246448,0.12706184250606262
252_T1_vs_T2,longitudinal,3,Chest_to_LShoulder_rx,Chest_to_LShoulder,rx,0.01901526727997971,0.00898815553007996,-0.010027111749899748,0.1173917797246448,0.12706184250606262
252_T1_vs_T2,longitudinal,3,Chest_to_LShoulder_ry,Chest_to_LShoulder,ry,0.03515516239042371,0.0035119485046902115,-0.0316432138857335,0.1173917797246448,0.12706184250606262
252_T1_vs_T2,longitudinal,3,Chest_to_LShoulder_rz,Chest_to_LShoulder,rz,0.054909801383137585,0.03882864408831976,-0.01608115729481783,0.1173917797246448,0.12706184250606262
252_T1_vs_T2,longitudinal,3,Chest_to_Neck_rx,Chest_to_Neck,rx,0.010563221107288731,0.013424765770135863,0.002861544662847132,0.1173917797246448,0.12706184250606262
252_T1_vs_T2,longitudinal,3,Chest_to_Neck_ry,Chest_to_Neck,ry,0.0018661489673927846,0.04123803176480509,0.03937188279741231,0.1173917797246448,0.12706184250606262
252_T1_vs_T2,longitudinal,3,Chest_to_Neck_rz,Chest_to_Neck,rz,0.02090859861238479,0.033715025999779775,0.012806427387394986,0.1173917797246448,0.12706184250606262
252_T1_vs_T2,longitudinal,3,Chest_to_RShoulder_rx,Chest_to_RShoulder,rx,0.04311180763577818,0.03982470735552384,-0.0032871002802543417,0.1173917797246448,0.12706184250606262
252_T1_vs_T2,longitudinal,3,Chest_to_RShoulder_ry,Chest_to_RShoulder,ry,0.033780715756851654,0.001161859117285048,-0.0326188566395666,0.1173917797246448,0.12706184250606262
252_T1_vs_T2,longitudinal,3,Chest_to_RShoulder_rz,Chest_to_RShoulder,rz,0.007206185729150668,0.002050413750447029,-0.005155771978703639,0.1173917797246448,0.12706184250606262
252_T1_vs_T2,longitudinal,3,LFArm_to_LHand_rx,LFArm_to_LHand,rx,0.013743668132538214,0.0006984775559272153,-0.013045190576610998,0.1173917797246448,0.12706184250606262
252_T1_vs_T2,longitudinal,3,LFArm_to_LHand_ry,LFArm_to_LHand,ry,0.04389479724797689,0.012485799440862203,-0.03140899780711469,0.1173917797246448,0.12706184250606262
252_T1_vs_T2,longitudinal,3,LFArm_to_LHand_rz,LFArm_to_LHand,rz,0.06956510545189665,0.034205410313360794,-0.03535969513853585,0.1173917797246448,0.12706184250606262
252_T1_vs_T2,longitudinal,3,LShin_to_LFoot_rx,LShin_to_LFoot,rx,0.015624232501626442,0.06767259870602078,0.05204836620439434,0.1173917797246448,0.12706184250606262
252_T1_vs_T2,longitudinal,3,LShin_to_LFoot_ry,LShin_to_LFoot,ry,0.036428062508971404,0.014349902298223862,-0.022078160210747544,0.1173917797246448,0.12706184250606262
252_T1_vs_T2,longitudinal,3,LShin_to_LFoot_rz,LShin_to_LFoot,rz,0.01825081931052018,0.03587955194790552,0.01762873263738534,0.1173917797246448,0.12706184250606262
252_T1_vs_T2,longitudinal,3,LShoulder_to_LUArm_rx,LShoulder_to_LUArm,rx,0.1247187702316309,0.021873916085741327,-0.10284485414588958,0.1173917797246448,0.12706184250606262
252_T1_vs_T2,longitudinal,3,LShoulder_to_LUArm_ry,LShoulder_to_LUArm,ry,0.21573975724481256,0.19507699240172965,-0.02066276484308291,0.1173917797246448,0.12706184250606262
252_T1_vs_T2,longitudinal,3,LShoulder_to_LUArm_rz,LShoulder_to_LUArm,rz,0.035642797288094816,0.00888304338342014,-0.026759753904674676,0.1173917797246448,0.12706184250606262
252_T1_vs_T2,longitudinal,3,LThigh_to_LShin_rx,LThigh_to_LShin,rx,0.2528907388344148,0.1122285507801262,-0.14066218805428862,0.1173917797246448,0.12706184250606262
252_T1_vs_T2,longitudinal,3,LThigh_to_LShin_ry,LThigh_to_LShin,ry,2.751984700130217e-08,1.6346938502204767e-08,-1.1172908499097403e-08,0.1173917797246448,0.12706184250606262
252_T1_vs_T2,longitudinal,3,LThigh_to_LShin_rz,LThigh_to_LShin,rz,1.956512724664734e-08,4.866714227132339e-09,-1.4698413019515e-08,0.1173917797246448,0.12706184250606262
252_T1_vs_T2,longitudinal,3,LUArm_to_LFArm_rx,LUArm_to_LFArm,rx,0.3479568773361814,0.09625397059722722,-0.2517029067389542,0.1173917797246448,0.12706184250606262
252_T1_vs_T2,longitudinal,3,LUArm_to_LFArm_ry,LUArm_to_LFArm,ry,0.33145680503929315,0.23826222806663017,-0.09319457697266298,0.1173917797246448,0.12706184250606262
252_T1_vs_T2,longitudinal,3,LUArm_to_LFArm_rz,LUArm_to_LFArm,rz,0.042314084592443464,0.11773584221697668,0.07542175762453321,0.1173917797246448,0.12706184250606262
252_T1_vs_T2,longitudinal,3,Neck_to_Head_rx,Neck_to_Head,rx,0.010441080575627322,0.01378798580204709,0.0033469052264197673,0.1173917797246448,0.12706184250606262
252_T1_vs_T2,longitudinal,3,Neck_to_Head_ry,Neck_to_Head,ry,0.005685850361482401,0.0342002965574449,0.0285144461959625,0.1173917797246448,0.12706184250606262
252_T1_vs_T2,longitudinal,3,Neck_to_Head_rz,Neck_to_Head,rz,0.02013149028386518,0.04084730690554628,0.020715816621681097,0.1173917797246448,0.12706184250606262
252_T1_vs_T2,longitudinal,3,RFArm_to_RHand_rx,RFArm_to_RHand,rx,0.0022936969709952603,0.0031627916263543424,0.000869094655359082,0.1173917797246448,0.12706184250606262
252_T1_vs_T2,longitudinal,3,RFArm_to_RHand_ry,RFArm_to_RHand,ry,0.001894878204299216,0.01881358459140907,0.016918706387109853,0.1173917797246448,0.12706184250606262
252_T1_vs_T2,longitudinal,3,RFArm_to_RHand_rz,RFArm_to_RHand,rz,0.04645157987180495,0.0628365448016271,0.01638496492982216,0.1173917797246448,0.12706184250606262
252_T1_vs_T2,longitudinal,3,RShin_to_RFoot_rx,RShin_to_RFoot,rx,0.1356699672053779,0.20467874845197304,0.06900878124659512,0.1173917797246448,0.12706184250606262
252_T1_vs_T2,longitudinal,3,RShin_to_RFoot_ry,RShin_to_RFoot,ry,0.07713497930111138,0.10143666517093707,0.024301685869825687,0.1173917797246448,0.12706184250606262
252_T1_vs_T2,longitudinal,3,RShin_to_RFoot_rz,RShin_to_RFoot,rz,0.06375138567148264,0.11127618749551958,0.04752480182403694,0.1173917797246448,0.12706184250606262
252_T1_vs_T2,longitudinal,3,RShoulder_to_RUArm_rx,RShoulder_to_RUArm,rx,0.23770970384020476,0.19649146456134833,-0.04121823927885643,0.1173917797246448,0.12706184250606262
252_T1_vs_T2,longitudinal,3,RShoulder_to_RUArm_ry,RShoulder_to_RUArm,ry,0.044912237816178716,0.11474683306125862,0.0698345952450799,0.1173917797246448,0.12706184250606262
252_T1_vs_T2,longitudinal,3,RShoulder_to_RUArm_rz,RShoulder_to_RUArm,rz,0.03504377707369976,0.02583734318370463,-0.00920643388999513,0.1173917797246448,0.12706184250606262
252_T1_vs_T2,longitudinal,3,RThigh_to_RShin_rx,RThigh_to_RShin,rx,0.46868842344410017,0.5958555719252636,0.12716714848116345,0.1173917797246448,0.12706184250606262
252_T1_vs_T2,longitudinal,3,RThigh_to_RShin_ry,RThigh_to_RShin,ry,1.1144066914743699e-08,2.06236316773753e-08,9.479564762631601e-09,0.1173917797246448,0.12706184250606262
252_T1_vs_T2,longitudinal,3,RThigh_to_RShin_rz,RThigh_to_RShin,rz,1.8846244549346653e-08,3.196454208768935e-08,1.31182975383427e-08,0.1173917797246448,0.12706184250606262
252_T1_vs_T2,longitudinal,3,RUArm_to_RFArm_rx,RUArm_to_RFArm,rx,0.2439762186421218,0.04321814169577217,-0.20075807694634962,0.1173917797246448,0.12706184250606262
252_T1_vs_T2,longitudinal,3,RUArm_to_RFArm_ry,RUArm_to_RFArm,ry,0.42304183337376894,0.5459020581294811,0.12286022475571218,0.1173917797246448,0.12706184250606262
252_T1_vs_T2,longitudinal,3,RUArm_to_RFArm_rz,RUArm_to_RFArm,rz,0.01599619242398289,0.0803775544945252,0.06438136207054232,0.1173917797246448,0.12706184250606262
252_T1_vs_T2,longitudinal,4,252_to_LThigh_rx,252_to_LThigh,rx,0.30495027085174553,0.05225963804066651,-0.252690632811079,0.08625028966233686,0.10681491892060603
252_T1_vs_T2,longitudinal,4,252_to_LThigh_ry,252_to_LThigh,ry,0.032697006247716966,0.055167818242806616,0.02247081199508965,0.08625028966233686,0.10681491892060603
252_T1_vs_T2,longitudinal,4,252_to_LThigh_rz,252_to_LThigh,rz,0.11251787955298227,0.03537404998889186,-0.07714382956409041,0.08625028966233686,0.10681491892060603
252_T1_vs_T2,longitudinal,4,252_to_RThigh_rx,252_to_RThigh,rx,0.35204219605413156,0.19578215778429983,-0.15626003826983173,0.08625028966233686,0.10681491892060603
252_T1_vs_T2,longitudinal,4,252_to_RThigh_ry,252_to_RThigh,ry,0.02095565866770135,0.07563043329719472,0.05467477462949337,0.08625028966233686,0.10681491892060603
252_T1_vs_T2,longitudinal,4,252_to_RThigh_rz,252_to_RThigh,rz,0.021273799621380613,0.006302073154786486,-0.014971726466594127,0.08625028966233686,0.10681491892060603
252_T1_vs_T2,longitudinal,4,Chest_to_LShoulder_rx,Chest_to_LShoulder,rx,0.01550093729799891,0.03405101467468749,0.01855007737668858,0.08625028966233686,0.10681491892060603
252_T1_vs_T2,longitudinal,4,Chest_to_LShoulder_ry,Chest_to_LShoulder,ry,0.07642979085964592,0.011584672227733926,-0.064845118631912,0.08625028966233686,0.10681491892060603
252_T1_vs_T2,longitudinal,4,Chest_to_LShoulder_rz,Chest_to_LShoulder,rz,0.0028858581058782144,0.007186986050668515,0.0043011279447903,0.08625028966233686,0.10681491892060603
252_T1_vs_T2,longitudinal,4,Chest_to_Neck_rx,Chest_to_Neck,rx,0.049366505949082456,0.044349815296066415,-0.005016690653016041,0.08625028966233686,0.10681491892060603
252_T1_vs_T2,longitudinal,4,Chest_to_Neck_ry,Chest_to_Neck,ry,0.046942171800721334,0.011293001091005218,-0.03564917070971611,0.08625028966233686,0.10681491892060603
252_T1_vs_T2,longitudinal,4,Chest_to_Neck_rz,Chest_to_Neck,rz,0.046706994551808774,0.05292455417827093,0.006217559626462157,0.08625028966233686,0.10681491892060603
252_T1_vs_T2,longitudinal,4,Chest_to_RShoulder_rx,Chest_to_RShoulder,rx,0.03271704313592613,0.030545227830423474,-0.0021718153055026584,0.08625028966233686,0.10681491892060603
252_T1_vs_T2,longitudinal,4,Chest_to_RShoulder_ry,Chest_to_RShoulder,ry,0.02556211625613674,0.011991014484742813,-0.013571101771393927,0.08625028966233686,0.10681491892060603
252_T1_vs_T2,longitudinal,4,Chest_to_RShoulder_rz,Chest_to_RShoulder,rz,0.11911523834056711,0.05901385402462638,-0.06010138431594073,0.08625028966233686,0.10681491892060603
252_T1_vs_T2,longitudinal,4,LFArm_to_LHand_rx,LFArm_to_LHand,rx,0.013576679370678751,0.011177665545519619,-0.002399013825159132,0.08625028966233686,0.10681491892060603
252_T1_vs_T2,longitudinal,4,LFArm_to_LHand_ry,LFArm_to_LHand,ry,0.04321532657663924,0.02193911904457737,-0.021276207532061872,0.08625028966233686,0.10681491892060603
252_T1_vs_T2,longitudinal,4,LFArm_to_LHand_rz,LFArm_to_LHand,rz,0.08119679904540135,0.062147764110926755,-0.019049034934474594,0.08625028966233686,0.10681491892060603
252_T1_vs_T2,longitudinal,4,LShin_to_LFoot_rx,LShin_to_LFoot,rx,0.06965047925912497,0.06462298374890907,-0.005027495510215904,0.08625028966233686,0.10681491892060603
252_T1_vs_T2,longitudinal,4,LShin_to_LFoot_ry,LShin_to_LFoot,ry,0.09075250149088994,0.014893740831334323,-0.07585876065955562,0.08625028966233686,0.10681491892060603
252_T1_vs_T2,longitudinal,4,LShin_to_LFoot_rz,LShin_to_LFoot,rz,0.06305744355685187,0.029015598758106376,-0.0340418447987455,0.08625028966233686,0.10681491892060603
252_T1_vs_T2,longitudinal,4,LShoulder_to_LUArm_rx,LShoulder_to_LUArm,rx,0.07400434028041276,0.39117528664926443,0.3171709463688517,0.08625028966233686,0.10681491892060603
252_T1_vs_T2,longitudinal,4,LShoulder_to_LUArm_ry,LShoulder_to_LUArm,ry,0.12424828835142869,0.07945285635135303,-0.04479543200007566,0.08625028966233686,0.10681491892060603
252_T1_vs_T2,longitudinal,4,LShoulder_to_LUArm_rz,LShoulder_to_LUArm,rz,0.22213844343062886,0.05255271702602768,-0.16958572640460118,0.08625028966233686,0.10681491892060603
252_T1_vs_T2,longitudinal,4,LThigh_to_LShin_rx,LThigh_to_LShin,rx,0.6063825680204755,0.05610440441593522,-0.5502781636045403,0.08625028966233686,0.10681491892060603
252_T1_vs_T2,longitudinal,4,LThigh_to_LShin_ry,LThigh_to_LShin,ry,3.3931727268798956e-08,2.1072079932020237e-08,-1.2859647336778719e-08,0.08625028966233686,0.10681491892060603
252_T1_vs_T2,longitudinal,4,LThigh_to_LShin_rz,LThigh_to_LShin,rz,1.289103081781124e-08,3.911096870669667e-08,2.621993788888543e-08,0.08625028966233686,0.10681491892060603
252_T1_vs_T2,longitudinal,4,LUArm_to_LFArm_rx,LUArm_to_LFArm,rx,0.05916079855433408,0.31230791643938105,0.25314711788504696,0.08625028966233686,0.10681491892060603
252_T1_vs_T2,longitudinal,4,LUArm_to_LFArm_ry,LUArm_to_LFArm,ry,0.10356894715471528,0.21172959231095725,0.10816064515624198,0.08625028966233686,0.10681491892060603
252_T1_vs_T2,longitudinal,4,LUArm_to_LFArm_rz,LUArm_to_LFArm,rz,0.1179559834169389,0.175475352531051,0.05751936911411211,0.08625028966233686,0.10681491892060603
252_T1_vs_T2,longitudinal,4,Neck_to_Head_rx,Neck_to_Head,rx,0.049387810069536686,0.04436758515963514,-0.005020224909901547,0.08625028966233686,0.10681491892060603
252_T1_vs_T2,longitudinal,4,Neck_to_Head_ry,Neck_to_Head,ry,0.054947013105543785,0.0010408536949403021,-0.053906159410603484,0.08625028966233686,0.10681491892060603
252_T1_vs_T2,longitudinal,4,Neck_to_Head_rz,Neck_to_Head,rz,0.03689662709163114,0.05402682599854205,0.017130198906910907,0.08625028966233686,0.10681491892060603
252_T1_vs_T2,longitudinal,4,RFArm_to_RHand_rx,RFArm_to_RHand,rx,0.007390286190229857,0.006165351748802339,-0.0012249344414275182,0.08625028966233686,0.10681491892060603
252_T1_vs_T2,longitudinal,4,RFArm_to_RHand_ry,RFArm_to_RHand,ry,0.053701339201629686,0.04759981141227698,-0.006101527789352704,0.08625028966233686,0.10681491892060603
252_T1_vs_T2,longitudinal,4,RFArm_to_RHand_rz,RFArm_to_RHand,rz,0.00029517434804270906,0.007551004554055575,0.007255830206012866,0.08625028966233686,0.10681491892060603
252_T1_vs_T2,longitudinal,4,RShin_to_RFoot_rx,RShin_to_RFoot,rx,0.03224745651988993,0.06628548515773072,0.03403802863784079,0.08625028966233686,0.10681491892060603
252_T1_vs_T2,longitudinal,4,RShin_to_RFoot_ry,RShin_to_RFoot,ry,0.005875211297654548,0.05520931705545145,0.049334105757796905,0.08625028966233686,0.10681491892060603
252_T1_vs_T2,longitudinal,4,RShin_to_RFoot_rz,RShin_to_RFoot,rz,0.075243603651437,0.030061017631851417,-0.04518258601958558,0.08625028966233686,0.10681491892060603
252_T1_vs_T2,longitudinal,4,RShoulder_to_RUArm_rx,RShoulder_to_RUArm,rx,0.16086244607635308,0.011621454377153345,-0.14924099169919974,0.08625028966233686,0.10681491892060603
252_T1_vs_T2,longitudinal,4,RShoulder_to_RUArm_ry,RShoulder_to_RUArm,ry,0.032683854771388916,0.1622946873916293,0.1296108326202404,0.08625028966233686,0.10681491892060603
252_T1_vs_T2,longitudinal,4,RShoulder_to_RUArm_rz,RShoulder_to_RUArm,rz,0.1546528465588004,0.043657976544828704,-0.11099487001397171,0.08625028966233686,0.10681491892060603
252_T1_vs_T2,longitudinal,4,RThigh_to_RShin_rx,RThigh_to_RShin,rx,0.08528743565660078,0.4104033193792885,0.3251158837226877,0.08625028966233686,0.10681491892060603
252_T1_vs_T2,longitudinal,4,RThigh_to_RShin_ry,RThigh_to_RShin,ry,2.656726028975435e-08,3.5490260801934814e-08,8.923000512180465e-09,0.08625028966233686,0.10681491892060603
252_T1_vs_T2,longitudinal,4,RThigh_to_RShin_rz,RThigh_to_RShin,rz,3.6349060597400627e-09,3.9192699826971295e-08,3.555779376723123e-08,0.08625028966233686,0.10681491892060603
252_T1_vs_T2,longitudinal,4,RUArm_to_RFArm_rx,RUArm_to_RFArm,rx,0.17493314605193144,0.023976467844971275,-0.15095667820696018,0.08625028966233686,0.10681491892060603
252_T1_vs_T2,longitudinal,4,RUArm_to_RFArm_ry,RUArm_to_RFArm,ry,0.3692529261891343,0.5894136114544147,0.22016068526528043,0.08625028966233686,0.10681491892060603
252_T1_vs_T2,longitudinal,4,RUArm_to_RFArm_rz,RUArm_to_RFArm,rz,0.07898116002327335,0.17201153199098573,0.09303037196771238,0.08625028966233686,0.10681491892060603
252_T1_vs_T2,longitudinal,5,252_to_LThigh_rx,252_to_LThigh,rx,0.22494771945093994,0.05344977634036637,-0.17149794311057356,0.08032232931309208,0.09226710230537716
252_T1_vs_T2,longitudinal,5,252_to_LThigh_ry,252_to_LThigh,ry,0.06258280939017744,0.003094963361900976,-0.05948784602827646,0.08032232931309208,0.09226710230537716
252_T1_vs_T2,longitudinal,5,252_to_LThigh_rz,252_to_LThigh,rz,0.08550597608987637,0.042769181481441036,-0.04273679460843533,0.08032232931309208,0.09226710230537716
252_T1_vs_T2,longitudinal,5,252_to_RThigh_rx,252_to_RThigh,rx,0.011480332929469487,0.26091456056645573,0.24943422763698625,0.08032232931309208,0.09226710230537716
252_T1_vs_T2,longitudinal,5,252_to_RThigh_ry,252_to_RThigh,ry,0.05099992481461234,0.011160570046764429,-0.03983935476784791,0.08032232931309208,0.09226710230537716
252_T1_vs_T2,longitudinal,5,252_to_RThigh_rz,252_to_RThigh,rz,0.07831383519625604,0.09198240594378393,0.013668570747527892,0.08032232931309208,0.09226710230537716
252_T1_vs_T2,longitudinal,5,Chest_to_LShoulder_rx,Chest_to_LShoulder,rx,0.016450325410278126,0.007263284526691959,-0.009187040883586167,0.08032232931309208,0.09226710230537716
252_T1_vs_T2,longitudinal,5,Chest_to_LShoulder_ry,Chest_to_LShoulder,ry,0.018277790455716064,0.06356422414341867,0.045286433687702604,0.08032232931309208,0.09226710230537716
252_T1_vs_T2,longitudinal,5,Chest_to_LShoulder_rz,Chest_to_LShoulder,rz,0.007273013958231082,0.0025285143659710507,-0.004744499592260032,0.08032232931309208,0.09226710230537716
252_T1_vs_T2,longitudinal,5,Chest_to_Neck_rx,Chest_to_Neck,rx,0.09314482844075793,0.019881545074176568,-0.07326328336658136,0.08032232931309208,0.09226710230537716
252_T1_vs_T2,longitudinal,5,Chest_to_Neck_ry,Chest_to_Neck,ry,0.03001368014584895,0.02364695897074232,-0.006366721175106629,0.08032232931309208,0.09226710230537716
252_T1_vs_T2,longitudinal,5,Chest_to_Neck_rz,Chest_to_Neck,rz,0.03588741139813406,0.045396383280506346,0.009508971882372284,0.08032232931309208,0.09226710230537716
252_T1_vs_T2,longitudinal,5,Chest_to_RShoulder_rx,Chest_to_RShoulder,rx,0.016812301710087418,0.0062136529871128715,-0.010598648722974547,0.08032232931309208,0.09226710230537716
252_T1_vs_T2,longitudinal,5,Chest_to_RShoulder_ry,Chest_to_RShoulder,ry,0.003282896543614148,0.03671919204723192,0.03343629550361777,0.08032232931309208,0.09226710230537716
252_T1_vs_T2,longitudinal,5,Chest_to_RShoulder_rz,Chest_to_RShoulder,rz,0.055254387212496044,0.07521627893113611,0.019961891718640067,0.08032232931309208,0.09226710230537716
252_T1_vs_T2,longitudinal,5,LFArm_to_LHand_rx,LFArm_to_LHand,rx,0.011188559906888029,0.01718324587344333,0.005994685966555302,0.08032232931309208,0.09226710230537716
252_T1_vs_T2,longitudinal,5,LFArm_to_LHand_ry,LFArm_to_LHand,ry,0.0703794716210822,0.0845660803127347,0.014186608691652502,0.08032232931309208,0.09226710230537716
252_T1_vs_T2,longitudinal,5,LFArm_to_LHand_rz,LFArm_to_LHand,rz,0.09800928724358342,0.11996645241895047,0.021957165175367055,0.08032232931309208,0.09226710230537716
252_T1_vs_T2,longitudinal,5,LShin_to_LFoot_rx,LShin_to_LFoot,rx,0.11704903957338489,0.014275063302672109,-0.10277397627071277,0.08032232931309208,0.09226710230537716
252_T1_vs_T2,longitudinal,5,LShin_to_LFoot_ry,LShin_to_LFoot,ry,0.036076717449956525,0.06264331449613833,0.026566597046181806,0.08032232931309208,0.09226710230537716
252_T1_vs_T2,longitudinal,5,LShin_to_LFoot_rz,LShin_to_LFoot,rz,0.04454825832770851,0.02243775642887816,-0.022110501898830355,0.08032232931309208,0.09226710230537716
252_T1_vs_T2,longitudinal,5,LShoulder_to_LUArm_rx,LShoulder_to_LUArm,rx,0.2178093315728369,0.18784325650532027,-0.02996607506751664,0.08032232931309208,0.09226710230537716
252_T1_vs_T2,longitudinal,5,LShoulder_to_LUArm_ry,LShoulder_to_LUArm,ry,0.30154883789390585,0.3654943141530345,0.06394547625912866,0.08032232931309208,0.09226710230537716
252_T1_vs_T2,longitudinal,5,LShoulder_to_LUArm_rz,LShoulder_to_LUArm,rz,0.22618239688796654,0.27495991592671226,0.04877751903874572,0.08032232931309208,0.09226710230537716
252_T1_vs_T2,longitudinal,5,LThigh_to_LShin_rx,LThigh_to_LShin,rx,0.1568848812669221,0.3816978241473847,0.22481294288046258,0.08032232931309208,0.09226710230537716
252_T1_vs_T2,longitudinal,5,LThigh_to_LShin_ry,LThigh_to_LShin,ry,1.381972093475347e-08,3.541577370518195e-08,2.159605277042848e-08,0.08032232931309208,0.09226710230537716
252_T1_vs_T2,longitudinal,5,LThigh_to_LShin_rz,LThigh_to_LShin,rz,1.9910695651288733e-08,2.3155641329952914e-08,3.244945678664181e-09,0.08032232931309208,0.09226710230537716
252_T1_vs_T2,longitudinal,5,LUArm_to_LFArm_rx,LUArm_to_LFArm,rx,0.3394445098335561,0.39488148562258646,0.05543697578903034,0.08032232931309208,0.09226710230537716
252_T1_vs_T2,longitudinal,5,LUArm_to_LFArm_ry,LUArm_to_LFArm,ry,0.48332130626234915,0.33278003600806977,-0.15054127025427938,0.08032232931309208,0.09226710230537716
252_T1_vs_T2,longitudinal,5,LUArm_to_LFArm_rz,LUArm_to_LFArm,rz,0.15514980305039242,0.10788162383120732,-0.047268179219185094,0.08032232931309208,0.09226710230537716
252_T1_vs_T2,longitudinal,5,Neck_to_Head_rx,Neck_to_Head,rx,0.09285350787958709,0.019749901244815144,-0.07310360663477194,0.08032232931309208,0.09226710230537716
252_T1_vs_T2,longitudinal,5,Neck_to_Head_ry,Neck_to_Head,ry,0.0366043946806867,0.0320230187344633,-0.004581375946223397,0.08032232931309208,0.09226710230537716
252_T1_vs_T2,longitudinal,5,Neck_to_Head_rz,Neck_to_Head,rz,0.029330854088772115,0.03994708662891634,0.010616232540144228,0.08032232931309208,0.09226710230537716
252_T1_vs_T2,longitudinal,5,RFArm_to_RHand_rx,RFArm_to_RHand,rx,0.004906994697800449,0.0002646203966496511,-0.004642374301150798,0.08032232931309208,0.09226710230537716
252_T1_vs_T2,longitudinal,5,RFArm_to_RHand_ry,RFArm_to_RHand,ry,0.005774316686890461,0.006695080461261768,0.0009207637743713073,0.08032232931309208,0.09226710230537716
252_T1_vs_T2,longitudinal,5,RFArm_to_RHand_rz,RFArm_to_RHand,rz,0.052418900316468134,0.024403722784897365,-0.02801517753157077,0.08032232931309208,0.09226710230537716
252_T1_vs_T2,longitudinal,5,RShin_to_RFoot_rx,RShin_to_RFoot,rx,0.013133166374421176,0.034835315515634346,0.02170214914121317,0.08032232931309208,0.09226710230537716
252_T1_vs_T2,longitudinal,5,RShin_to_RFoot_ry,RShin_to_RFoot,ry,0.11133052285252364,0.0807389042109082,-0.030591618641615442,0.08032232931309208,0.09226710230537716
252_T1_vs_T2,longitudinal,5,RShin_to_RFoot_rz,RShin_to_RFoot,rz,0.052484264627969124,0.018546085561956735,-0.03393817906601239,0.08032232931309208,0.09226710230537716
252_T1_vs_T2,longitudinal,5,RShoulder_to_RUArm_rx,RShoulder_to_RUArm,rx,0.2960496552463209,0.21752681434704474,-0.07852284089927614,0.08032232931309208,0.09226710230537716
252_T1_vs_T2,longitudinal,5,RShoulder_to_RUArm_ry,RShoulder_to_RUArm,ry,0.19612874751127454,0.162284053728184,-0.033844693783090546,0.08032232931309208,0.09226710230537716
252_T1_vs_T2,longitudinal,5,RShoulder_to_RUArm_rz,RShoulder_to_RUArm,rz,0.19771857678619514,0.05692981904825809,-0.14078875773793706,0.08032232931309208,0.09226710230537716
252_T1_vs_T2,longitudinal,5,RThigh_to_RShin_rx,RThigh_to_RShin,rx,0.2465327611734623,0.34061391024598053,0.09408114907251824,0.08032232931309208,0.09226710230537716
252_T1_vs_T2,longitudinal,5,RThigh_to_RShin_ry,RThigh_to_RShin,ry,2.5132692930829244e-08,6.166270055564909e-09,-1.8966422875264335e-08,0.08032232931309208,0.09226710230537716
252_T1_vs_T2,longitudinal,5,RThigh_to_RShin_rz,RThigh_to_RShin,rz,8.382165659250114e-09,1.2269150901089656e-08,3.886985241839542e-09,0.08032232931309208,0.09226710230537716
252_T1_vs_T2,longitudinal,5,RUArm_to_RFArm_rx,RUArm_to_RFArm,rx,0.0036909390827466683,0.00442216683549861,0.000731227752751942,0.08032232931309208,0.09226710230537716
252_T1_vs_T2,longitudinal,5,RUArm_to_RFArm_ry,RUArm_to_RFArm,ry,0.19798982839152993,0.06575153004333181,-0.1322382983481981,0.08032232931309208,0.09226710230537716
252_T1_vs_T2,longitudinal,5,RUArm_to_RFArm_rz,RUArm_to_RFArm,rz,0.03978123862938757,0.0234501988001272,-0.016331039829260374,0.08032232931309208,0.09226710230537716
252_T1_vs_T2,longitudinal,6,252_to_LThigh_rx,252_to_LThigh,rx,0.2249887909519509,0.2834005886322648,0.058411797680313904,0.055399736834294895,0.077458438873651
252_T1_vs_T2,longitudinal,6,252_to_LThigh_ry,252_to_LThigh,ry,0.10389190988539294,0.0643782409257704,-0.03951366895962255,0.055399736834294895,0.077458438873651
252_T1_vs_T2,longitudinal,6,252_to_LThigh_rz,252_to_LThigh,rz,0.027374675160679096,0.11239996591815292,0.08502529075747382,0.055399736834294895,0.077458438873651
252_T1_vs_T2,longitudinal,6,252_to_RThigh_rx,252_to_RThigh,rx,0.02794093496774633,0.13715456663299863,0.1092136316652523,0.055399736834294895,0.077458438873651
252_T1_vs_T2,longitudinal,6,252_to_RThigh_ry,252_to_RThigh,ry,0.12383069903862602,0.059696208331705074,-0.06413449070692095,0.055399736834294895,0.077458438873651
252_T1_vs_T2,longitudinal,6,252_to_RThigh_rz,252_to_RThigh,rz,0.09663350237187585,0.007067290684206197,-0.08956621168766965,0.055399736834294895,0.077458438873651
252_T1_vs_T2,longitudinal,6,Chest_to_LShoulder_rx,Chest_to_LShoulder,rx,0.0023654242009479806,0.004566811848442413,0.0022013876474944326,0.055399736834294895,0.077458438873651
252_T1_vs_T2,longitudinal,6,Chest_to_LShoulder_ry,Chest_to_LShoulder,ry,0.08668498332810134,0.019828554727050744,-0.0668564286010506,0.055399736834294895,0.077458438873651
252_T1_vs_T2,longitudinal,6,Chest_to_LShoulder_rz,Chest_to_LShoulder,rz,0.00582898842995229,0.008743535681885375,0.0029145472519330846,0.055399736834294895,0.077458438873651
252_T1_vs_T2,longitudinal,6,Chest_to_Neck_rx,Chest_to_Neck,rx,0.08659458416219393,0.09518764040788238,0.008593056245688457,0.055399736834294895,0.077458438873651
252_T1_vs_T2,longitudinal,6,Chest_to_Neck_ry,Chest_to_Neck,ry,0.0766226211650752,0.014278617365631734,-0.06234400379944347,0.055399736834294895,0.077458438873651
252_T1_vs_T2,longitudinal,6,Chest_to_Neck_rz,Chest_to_Neck,rz,0.01312409162288584,0.03072625588980386,0.01760216426691802,0.055399736834294895,0.077458438873651
252_T1_vs_T2,longitudinal,6,Chest_to_RShoulder_rx,Chest_to_RShoulder,rx,0.04301023332184846,0.017214160954335738,-0.02579607236751272,0.055399736834294895,0.077458438873651
252_T1_vs_T2,longitudinal,6,Chest_to_RShoulder_ry,Chest_to_RShoulder,ry,0.0470870202591793,0.03149762353483809,-0.01558939672434121,0.055399736834294895,0.077458438873651
252_T1_vs_T2,longitudinal,6,Chest_to_RShoulder_rz,Chest_to_RShoulder,rz,0.04522291977895666,0.11344450894885102,0.06822158916989436,0.055399736834294895,0.077458438873651
252_T1_vs_T2,longitudinal,6,LFArm_to_LHand_rx,LFArm_to_LHand,rx,0.025556711391222786,0.007619920751915814,-0.017936790639306973,0.055399736834294895,0.077458438873651
252_T1_vs_T2,longitudinal,6,LFArm_to_LHand_ry,LFArm_to_LHand,ry,0.04999460503929781,0.03214153053067513,-0.017853074508622682,0.055399736834294895,0.077458438873651
252_T1_vs_T2,longitudinal,6,LFArm_to_LHand_rz,LFArm_to_LHand,rz,0.15857481857171898,0.0582818346145315,-0.10029298395718748,0.055399736834294895,0.077458438873651
252_T1_vs_T2,longitudinal,6,LShin_to_LFoot_rx,LShin_to_LFoot,rx,0.06905472585881588,0.17101635708987017,0.1019616312310543,0.055399736834294895,0.077458438873651
252_T1_vs_T2,longitudinal,6,LShin_to_LFoot_ry,LShin_to_LFoot,ry,0.0740071649427806,0.1332884657098364,0.0592813007670558,0.055399736834294895,0.077458438873651
252_T1_vs_T2,longitudinal,6,LShin_to_LFoot_rz,LShin_to_LFoot,rz,0.03504387617197229,0.09377847765253952,0.05873460148056723,0.055399736834294895,0.077458438873651
252_T1_vs_T2,longitudinal,6,LShoulder_to_LUArm_rx,LShoulder_to_LUArm,rx,0.12520123419647858,0.18191261235159828,0.0567113781551197,0.055399736834294895,0.077458438873651
252_T1_vs_T2,longitudinal,6,LShoulder_to_LUArm_ry,LShoulder_to_LUArm,ry,0.34413034781107893,0.07292820457159183,-0.2712021432394871,0.055399736834294895,0.077458438873651
252_T1_vs_T2,longitudinal,6,LShoulder_to_LUArm_rz,LShoulder_to_LUArm,rz,0.1904530291662375,0.07018835104956275,-0.12026467811667474,0.055399736834294895,0.077458438873651
252_T1_vs_T2,longitudinal,6,LThigh_to_LShin_rx,LThigh_to_LShin,rx,0.04362968506297342,0.6330135612280398,0.5893838761650664,0.055399736834294895,0.077458438873651
252_T1_vs_T2,longitudinal,6,LThigh_to_LShin_ry,LThigh_to_LShin,ry,1.3207579961653452e-08,9.848675834143247e-09,-3.3589041275102054e-09,0.055399736834294895,0.077458438873651
252_T1_vs_T2,longitudinal,6,LThigh_to_LShin_rz,LThigh_to_LShin,rz,3.321228809495034e-08,5.474371760162871e-09,-2.773791633478747e-08,0.055399736834294895,0.077458438873651
252_T1_vs_T2,longitudinal,6,LUArm_to_LFArm_rx,LUArm_to_LFArm,rx,0.14426001191479249,0.06936710832575091,-0.07489290358904158,0.055399736834294895,0.077458438873651
252_T1_vs_T2,longitudinal,6,LUArm_to_LFArm_ry,LUArm_to_LFArm,ry,0.25422287002496735,0.33689987918873937,0.08267700916377202,0.055399736834294895,0.077458438873651
252_T1_vs_T2,longitudinal,6,LUArm_to_LFArm_rz,LUArm_to_LFArm,rz,0.05481160794356415,0.086321395022548,0.03150978707898385,0.055399736834294895,0.077458438873651
252_T1_vs_T2,longitudinal,6,Neck_to_Head_rx,Neck_to_Head,rx,0.08666866584884649,0.09506326335191116,0.008394597503064677,0.055399736834294895,0.077458438873651
252_T1_vs_T2,longitudinal,6,Neck_to_Head_ry,Neck_to_Head,ry,0.07764454454207928,0.020084823090528645,-0.05755972145155064,0.055399736834294895,0.077458438873651
252_T1_vs_T2,longitudinal,6,Neck_to_Head_rz,Neck_to_Head,rz,0.001592531404145588,0.027239352628555348,0.025646821224409762,0.055399736834294895,0.077458438873651
252_T1_vs_T2,longitudinal,6,RFArm_to_RHand_rx,RFArm_to_RHand,rx,0.00010633375665521044,0.0062026174002716835,0.006096283643616473,0.055399736834294895,0.077458438873651
252_T1_vs_T2,longitudinal,6,RFArm_to_RHand_ry,RFArm_to_RHand,ry,0.04515361280527613,0.026153376519207537,-0.019000236286068596,0.055399736834294895,0.077458438873651
252_T1_vs_T2,longitudinal,6,RFArm_to_RHand_rz,RFArm_to_RHand,rz,0.009481028683105502,0.022061788967189317,0.012580760284083815,0.055399736834294895,0.077458438873651
252_T1_vs_T2,longitudinal,6,RShin_to_RFoot_rx,RShin_to_RFoot,rx,0.02671833011930098,0.05201072739508652,0.025292397275785538,0.055399736834294895,0.077458438873651
252_T1_vs_T2,longitudinal,6,RShin_to_RFoot_ry,RShin_to_RFoot,ry,0.035906045948736566,0.11557317292235353,0.07966712697361697,0.055399736834294895,0.077458438873651
252_T1_vs_T2,longitudinal,6,RShin_to_RFoot_rz,RShin_to_RFoot,rz,0.1036108439890912,0.07681575919434609,-0.026795084794745114,0.055399736834294895,0.077458438873651
252_T1_vs_T2,longitudinal,6,RShoulder_to_RUArm_rx,RShoulder_to_RUArm,rx,0.23289911591751533,0.18897982493818158,-0.04391929097933375,0.055399736834294895,0.077458438873651
252_T1_vs_T2,longitudinal,6,RShoulder_to_RUArm_ry,RShoulder_to_RUArm,ry,0.0041134364954646535,0.04910618189726384,0.044992745401799185,0.055399736834294895,0.077458438873651
252_T1_vs_T2,longitudinal,6,RShoulder_to_RUArm_rz,RShoulder_to_RUArm,rz,0.48649739356270594,0.35906628195448775,-0.12743111160821818,0.055399736834294895,0.077458438873651
252_T1_vs_T2,longitudinal,6,RThigh_to_RShin_rx,RThigh_to_RShin,rx,0.5076736684145192,0.13161871008719395,-0.3760549583273253,0.055399736834294895,0.077458438873651
252_T1_vs_T2,longitudinal,6,RThigh_to_RShin_ry,RThigh_to_RShin,ry,2.149855441957534e-08,2.628241694793507e-08,4.783862528359728e-09,0.055399736834294895,0.077458438873651
252_T1_vs_T2,longitudinal,6,RThigh_to_RShin_rz,RThigh_to_RShin,rz,7.297758573035503e-08,8.561702259001822e-09,-6.44158834713532e-08,0.055399736834294895,0.077458438873651
252_T1_vs_T2,longitudinal,6,RUArm_to_RFArm_rx,RUArm_to_RFArm,rx,0.06322129483932751,0.0871219787641772,0.02390068392484969,0.055399736834294895,0.077458438873651
252_T1_vs_T2,longitudinal,6,RUArm_to_RFArm_ry,RUArm_to_RFArm,ry,0.03598246016822231,0.013769672008055777,-0.022212788160166537,0.055399736834294895,0.077458438873651
252_T1_vs_T2,longitudinal,6,RUArm_to_RFArm_rz,RUArm_to_RFArm,rz,0.04806346576072576,0.0031031744744800267,-0.044960291286245735,0.055399736834294895,0.077458438873651
252_T1_vs_T2,longitudinal,7,252_to_LThigh_rx,252_to_LThigh,rx,0.038896054769665886,0.28488031121449886,0.24598425644483296,0.04461123620274514,0.05068393574194117
252_T1_vs_T2,longitudinal,7,252_to_LThigh_ry,252_to_LThigh,ry,0.051296388158806994,0.020062013131017253,-0.03123437502778974,0.04461123620274514,0.05068393574194117
252_T1_vs_T2,longitudinal,7,252_to_LThigh_rz,252_to_LThigh,rz,0.06979690812192955,0.03294451858461155,-0.036852389537318,0.04461123620274514,0.05068393574194117
252_T1_vs_T2,longitudinal,7,252_to_RThigh_rx,252_to_RThigh,rx,0.2046443722634003,0.10864202782059512,-0.09600234444280517,0.04461123620274514,0.05068393574194117
252_T1_vs_T2,longitudinal,7,252_to_RThigh_ry,252_to_RThigh,ry,0.03211866235958769,0.010879539707025638,-0.021239122652562052,0.04461123620274514,0.05068393574194117
252_T1_vs_T2,longitudinal,7,252_to_RThigh_rz,252_to_RThigh,rz,0.032674514936821095,0.004125703975105027,-0.02854881096171607,0.04461123620274514,0.05068393574194117
252_T1_vs_T2,longitudinal,7,Chest_to_LShoulder_rx,Chest_to_LShoulder,rx,0.07062939556258951,0.018893571623873232,-0.051735823938716285,0.04461123620274514,0.05068393574194117
252_T1_vs_T2,longitudinal,7,Chest_to_LShoulder_ry,Chest_to_LShoulder,ry,0.05628971986947003,0.02118534233565228,-0.03510437753381775,0.04461123620274514,0.05068393574194117
252_T1_vs_T2,longitudinal,7,Chest_to_LShoulder_rz,Chest_to_LShoulder,rz,0.05501875964972953,0.04368902958249791,-0.01132973006723162,0.04461123620274514,0.05068393574194117
252_T1_vs_T2,longitudinal,7,Chest_to_Neck_rx,Chest_to_Neck,rx,0.01146619891702519,0.0161389216395456,0.0046727227225204105,0.04461123620274514,0.05068393574194117
252_T1_vs_T2,longitudinal,7,Chest_to_Neck_ry,Chest_to_Neck,ry,0.03881570098109859,0.02693731005206819,-0.011878390929030404,0.04461123620274514,0.05068393574194117
252_T1_vs_T2,longitudinal,7,Chest_to_Neck_rz,Chest_to_Neck,rz,0.07853394830739574,0.014017513766906887,-0.06451643454048886,0.04461123620274514,0.05068393574194117
252_T1_vs_T2,longitudinal,7,Chest_to_RShoulder_rx,Chest_to_RShoulder,rx,0.0261665977948956,0.005178789773829015,-0.020987808021066586,0.04461123620274514,0.05068393574194117
252_T1_vs_T2,longitudinal,7,Chest_to_RShoulder_ry,Chest_to_RShoulder,ry,0.035590961703123244,0.012951184970077134,-0.02263977673304611,0.04461123620274514,0.05068393574194117
252_T1_vs_T2,longitudinal,7,Chest_to_RShoulder_rz,Chest_to_RShoulder,rz,0.08438045081451616,0.10359477042493173,0.019214319610415573,0.04461123620274514,0.05068393574194117
252_T1_vs_T2,longitudinal,7,LFArm_to_LHand_rx,LFArm_to_LHand,rx,0.00595960946770037,0.010782402147555634,0.004822792679855264,0.04461123620274514,0.05068393574194117
252_T1_vs_T2,longitudinal,7,LFArm_to_LHand_ry,LFArm_to_LHand,ry,0.021700711663117503,0.046003495619022214,0.02430278395590471,0.04461123620274514,0.05068393574194117
252_T1_vs_T2,longitudinal,7,LFArm_to_LHand_rz,LFArm_to_LHand,rz,0.042944424238588574,0.07829804131242143,0.03535361707383286,0.04461123620274514,0.05068393574194117
252_T1_vs_T2,longitudinal,7,LShin_to_LFoot_rx,LShin_to_LFoot,rx,0.06537688223583556,0.14192803838372836,0.0765511561478928,0.04461123620274514,0.05068393574194117
252_T1_vs_T2,longitudinal,7,LShin_to_LFoot_ry,LShin_to_LFoot,ry,0.0684668054855592,0.03084912408505354,-0.037617681400505656,0.04461123620274514,0.05068393574194117
252_T1_vs_T2,longitudinal,7,LShin_to_LFoot_rz,LShin_to_LFoot,rz,0.04972939007489573,0.017872706566968037,-0.03185668350792769,0.04461123620274514,0.05068393574194117
252_T1_vs_T2,longitudinal,7,LShoulder_to_LUArm_rx,LShoulder_to_LUArm,rx,0.5014737549942422,0.09766505774694789,-0.4038086972472943,0.04461123620274514,0.05068393574194117
252_T1_vs_T2,longitudinal,7,LShoulder_to_LUArm_ry,LShoulder_to_LUArm,ry,0.08428242986999619,0.39855296198364776,0.3142705321136516,0.04461123620274514,0.05068393574194117
252_T1_vs_T2,longitudinal,7,LShoulder_to_LUArm_rz,LShoulder_to_LUArm,rz,0.4194451653674613,0.3481740018220433,-0.07127116354541801,0.04461123620274514,0.05068393574194117
252_T1_vs_T2,longitudinal,7,LThigh_to_LShin_rx,LThigh_to_LShin,rx,0.1143755372826017,0.05088603817357944,-0.06348949910902227,0.04461123620274514,0.05068393574194117
252_T1_vs_T2,longitudinal,7,LThigh_to_LShin_ry,LThigh_to_LShin,ry,9.573256089926599e-09,2.2659566775675374e-08,1.3086310685748775e-08,0.04461123620274514,0.05068393574194117
252_T1_vs_T2,longitudinal,7,LThigh_to_LShin_rz,LThigh_to_LShin,rz,1.838734755376589e-08,3.992932522318821e-08,2.1541977669422322e-08,0.04461123620274514,0.05068393574194117
252_T1_vs_T2,longitudinal,7,LUArm_to_LFArm_rx,LUArm_to_LFArm,rx,0.30467114467434964,0.3109387494890303,0.0062676048146806385,0.04461123620274514,0.05068393574194117
252_T1_vs_T2,longitudinal,7,LUArm_to_LFArm_ry,LUArm_to_LFArm,ry,0.10741067591651057,0.2891086422922089,0.18169796637569832,0.04461123620274514,0.05068393574194117
252_T1_vs_T2,longitudinal,7,LUArm_to_LFArm_rz,LUArm_to_LFArm,rz,0.13471233128622767,0.1187475341091887,-0.01596479717703897,0.04461123620274514,0.05068393574194117
252_T1_vs_T2,longitudinal,7,Neck_to_Head_rx,Neck_to_Head,rx,0.011299255713164166,0.015813581479695863,0.004514325766531697,0.04461123620274514,0.05068393574194117
252_T1_vs_T2,longitudinal,7,Neck_to_Head_ry,Neck_to_Head,ry,0.023336735854610442,0.028836319618282345,0.005499583763671902,0.04461123620274514,0.05068393574194117
252_T1_vs_T2,longitudinal,7,Neck_to_Head_rz,Neck_to_Head,rz,0.08449415785195032,0.008576484683651905,-0.07591767316829841,0.04461123620274514,0.05068393574194117
252_T1_vs_T2,longitudinal,7,RFArm_to_RHand_rx,RFArm_to_RHand,rx,0.00276837968566997,0.006905154396414506,0.004136774710744536,0.04461123620274514,0.05068393574194117
252_T1_vs_T2,longitudinal,7,RFArm_to_RHand_ry,RFArm_to_RHand,ry,0.022384730224222858,0.04985298041447493,0.027468250190252074,0.04461123620274514,0.05068393574194117
252_T1_vs_T2,longitudinal,7,RFArm_to_RHand_rz,RFArm_to_RHand,rz,0.004715226032891653,0.05805560091615839,0.05334037488326674,0.04461123620274514,0.05068393574194117
252_T1_vs_T2,longitudinal,7,RShin_to_RFoot_rx,RShin_to_RFoot,rx,0.1766002362608167,0.038514521906733726,-0.13808571435408296,0.04461123620274514,0.05068393574194117
252_T1_vs_T2,longitudinal,7,RShin_to_RFoot_ry,RShin_to_RFoot,ry,0.07285382334278852,0.05130766697081908,-0.021546156371969438,0.04461123620274514,0.05068393574194117
252_T1_vs_T2,longitudinal,7,RShin_to_RFoot_rz,RShin_to_RFoot,rz,0.05104867279613991,0.057620283461830735,0.006571610665690827,0.04461123620274514,0.05068393574194117
252_T1_vs_T2,longitudinal,7,RShoulder_to_RUArm_rx,RShoulder_to_RUArm,rx,0.18794328854011916,0.284336328485048,0.09639303994492882,0.04461123620274514,0.05068393574194117
252_T1_vs_T2,longitudinal,7,RShoulder_to_RUArm_ry,RShoulder_to_RUArm,ry,0.19452717000052017,0.3184391246139077,0.12391195461338755,0.04461123620274514,0.05068393574194117
252_T1_vs_T2,longitudinal,7,RShoulder_to_RUArm_rz,RShoulder_to_RUArm,rz,0.3248689643082263,0.16460626339758108,-0.16026270091064523,0.04461123620274514,0.05068393574194117
252_T1_vs_T2,longitudinal,7,RThigh_to_RShin_rx,RThigh_to_RShin,rx,0.31728242172120064,0.17480144334676262,-0.14248097837443802,0.04461123620274514,0.05068393574194117
252_T1_vs_T2,longitudinal,7,RThigh_to_RShin_ry,RThigh_to_RShin,ry,2.5795394724476478e-08,3.52765940011806e-08,9.481199276704122e-09,0.04461123620274514,0.05068393574194117
252_T1_vs_T2,longitudinal,7,RThigh_to_RShin_rz,RThigh_to_RShin,rz,4.417931111644384e-09,1.3114667172548825e-08,8.696736060904442e-09,0.04461123620274514,0.05068393574194117
252_T1_vs_T2,longitudinal,7,RUArm_to_RFArm_rx,RUArm_to_RFArm,rx,0.08113616335270639,0.26935532500001036,0.18821916164730396,0.04461123620274514,0.05068393574194117
252_T1_vs_T2,longitudinal,7,RUArm_to_RFArm_ry,RUArm_to_RFArm,ry,0.04055328216805923,0.2172673131837763,0.17671403101571706,0.04461123620274514,0.05068393574194117
252_T1_vs_T2,longitudinal,7,RUArm_to_RFArm_rz,RUArm_to_RFArm,rz,0.003383850798186271,0.00985332125705201,0.0064694704588657385,0.04461123620274514,0.05068393574194117
252_T1_vs_T2,longitudinal,8,252_to_LThigh_rx,252_to_LThigh,rx,0.23302125120807726,0.15997231081079397,-0.0730489403972833,0.0373148256996677,0.03866342755084648
252_T1_vs_T2,longitudinal,8,252_to_LThigh_ry,252_to_LThigh,ry,0.030467109316962098,0.0028193125698101657,-0.027647796747151933,0.0373148256996677,0.03866342755084648
252_T1_vs_T2,longitudinal,8,252_to_LThigh_rz,252_to_LThigh,rz,0.04016100683381087,0.04137604175664851,0.0012150349228376434,0.0373148256996677,0.03866342755084648
252_T1_vs_T2,longitudinal,8,252_to_RThigh_rx,252_to_RThigh,rx,0.052639268324054786,0.13904408670681292,0.08640481838275814,0.0373148256996677,0.03866342755084648
252_T1_vs_T2,longitudinal,8,252_to_RThigh_ry,252_to_RThigh,ry,0.026522114726807496,0.005707801873592553,-0.020814312853214945,0.0373148256996677,0.03866342755084648
252_T1_vs_T2,longitudinal,8,252_to_RThigh_rz,252_to_RThigh,rz,0.05408569677361326,0.0885344187703892,0.03444872199677594,0.0373148256996677,0.03866342755084648
252_T1_vs_T2,longitudinal,8,Chest_to_LShoulder_rx,Chest_to_LShoulder,rx,0.01861373485123585,0.01660982309825186,-0.0020039117529839882,0.0373148256996677,0.03866342755084648
252_T1_vs_T2,longitudinal,8,Chest_to_LShoulder_ry,Chest_to_LShoulder,ry,0.014301551593194607,0.0030483936014515443,-0.011253157991743062,0.0373148256996677,0.03866342755084648
252_T1_vs_T2,longitudinal,8,Chest_to_LShoulder_rz,Chest_to_LShoulder,rz,0.06707385565852096,0.0557891571491086,-0.011284698509412362,0.0373148256996677,0.03866342755084648
252_T1_vs_T2,longitudinal,8,Chest_to_Neck_rx,Chest_to_Neck,rx,0.02324048601237459,0.0033066193901023235,-0.019933866622272266,0.0373148256996677,0.03866342755084648
252_T1_vs_T2,longitudinal,8,Chest_to_Neck_ry,Chest_to_Neck,ry,0.06105905404808923,0.06864377324266303,0.007584719194573805,0.0373148256996677,0.03866342755084648
252_T1_vs_T2,longitudinal,8,Chest_to_Neck_rz,Chest_to_Neck,rz,0.03394649889585847,0.024531467214742326,-0.009415031681116143,0.0373148256996677,0.03866342755084648
252_T1_vs_T2,longitudinal,8,Chest_to_RShoulder_rx,Chest_to_RShoulder,rx,0.02565252518833628,0.011494894556510643,-0.014157630631825636,0.0373148256996677,0.03866342755084648
252_T1_vs_T2,longitudinal,8,Chest_to_RShoulder_ry,Chest_to_RShoulder,ry,0.03780436096177052,0.044183032191490564,0.006378671229720044,0.0373148256996677,0.03866342755084648
252_T1_vs_T2,longitudinal,8,Chest_to_RShoulder_rz,Chest_to_RShoulder,rz,0.10720777346129258,0.09435497560398794,-0.012852797857304643,0.0373148256996677,0.03866342755084648
252_T1_vs_T2,longitudinal,8,LFArm_to_LHand_rx,LFArm_to_LHand,rx,0.018341046501607776,0.023476369060339803,0.005135322558732027,0.0373148256996677,0.03866342755084648
252_T1_vs_T2,longitudinal,8,LFArm_to_LHand_ry,LFArm_to_LHand,ry,0.049395669125486444,0.04827447819882972,-0.0011211909266567247,0.0373148256996677,0.03866342755084648
252_T1_vs_T2,longitudinal,8,LFArm_to_LHand_rz,LFArm_to_LHand,rz,0.10896132734549686,0.12823216825484515,0.01927084090934829,0.0373148256996677,0.03866342755084648
252_T1_vs_T2,longitudinal,8,LShin_to_LFoot_rx,LShin_to_LFoot,rx,0.17301428149899672,0.034688883007839816,-0.1383253984911569,0.0373148256996677,0.03866342755084648
252_T1_vs_T2,longitudinal,8,LShin_to_LFoot_ry,LShin_to_LFoot,ry,0.07593886627217014,0.003545328404643394,-0.07239353786752675,0.0373148256996677,0.03866342755084648
252_T1_vs_T2,longitudinal,8,LShin_to_LFoot_rz,LShin_to_LFoot,rz,0.03615364616658393,0.00758585793661043,-0.028567788229973502,0.0373148256996677,0.03866342755084648
252_T1_vs_T2,longitudinal,8,LShoulder_to_LUArm_rx,LShoulder_to_LUArm,rx,0.03337002959434429,0.32857394471521506,0.29520391512087074,0.0373148256996677,0.03866342755084648
252_T1_vs_T2,longitudinal,8,LShoulder_to_LUArm_ry,LShoulder_to_LUArm,ry,0.23262933429458535,0.13556921710048359,-0.09706011719410176,0.0373148256996677,0.03866342755084648
252_T1_vs_T2,longitudinal,8,LShoulder_to_LUArm_rz,LShoulder_to_LUArm,rz,0.19375037433833728,0.46328150147901165,0.2695311271406744,0.0373148256996677,0.03866342755084648
252_T1_vs_T2,longitudinal,8,LThigh_to_LShin_rx,LThigh_to_LShin,rx,0.10659757446754621,0.009449874983916882,-0.09714769948362934,0.0373148256996677,0.03866342755084648
252_T1_vs_T2,longitudinal,8,LThigh_to_LShin_ry,LThigh_to_LShin,ry,2.1588166605251255e-08,1.1230710053166743e-08,-1.0357456552084512e-08,0.0373148256996677,0.03866342755084648
252_T1_vs_T2,longitudinal,8,LThigh_to_LShin_rz,LThigh_to_LShin,rz,2.3865746387869488e-08,2.280889411187948e-08,-1.056852275990009e-09,0.0373148256996677,0.03866342755084648
252_T1_vs_T2,longitudinal,8,LUArm_to_LFArm_rx,LUArm_to_LFArm,rx,0.10224343235077062,0.14786471166385412,0.045621279313083504,0.0373148256996677,0.03866342755084648
252_T1_vs_T2,longitudinal,8,LUArm_to_LFArm_ry,LUArm_to_LFArm,ry,0.3182117265200417,0.05914880457673265,-0.25906292194330904,0.0373148256996677,0.03866342755084648
252_T1_vs_T2,longitudinal,8,LUArm_to_LFArm_rz,LUArm_to_LFArm,rz,0.00464538170048339,0.1184514986574516,0.11380611695696821,0.0373148256996677,0.03866342755084648
252_T1_vs_T2,longitudinal,8,Neck_to_Head_rx,Neck_to_Head,rx,0.022972776126620693,0.003406891188059233,-0.01956588493856146,0.0373148256996677,0.03866342755084648
252_T1_vs_T2,longitudinal,8,Neck_to_Head_ry,Neck_to_Head,ry,0.06616264310725949,0.07211911866771713,0.005956475560457641,0.0373148256996677,0.03866342755084648
252_T1_vs_T2,longitudinal,8,Neck_to_Head_rz,Neck_to_Head,rz,0.021565325686267726,0.010787189808690239,-0.010778135877577488,0.0373148256996677,0.03866342755084648
252_T1_vs_T2,longitudinal,8,RFArm_to_RHand_rx,RFArm_to_RHand,rx,0.004940493866356083,0.006160553800212144,0.001220059933856061,0.0373148256996677,0.03866342755084648
252_T1_vs_T2,longitudinal,8,RFArm_to_RHand_ry,RFArm_to_RHand,ry,0.0328638494722844,0.023999956262396514,-0.008863893209887886,0.0373148256996677,0.03866342755084648
252_T1_vs_T2,longitudinal,8,RFArm_to_RHand_rz,RFArm_to_RHand,rz,0.044825469597372665,0.06851530387181774,0.023689834274445078,0.0373148256996677,0.03866342755084648
252_T1_vs_T2,longitudinal,8,RShin_to_RFoot_rx,RShin_to_RFoot,rx,0.028232737330460153,0.05520853204326148,0.02697579471280133,0.0373148256996677,0.03866342755084648
252_T1_vs_T2,longitudinal,8,RShin_to_RFoot_ry,RShin_to_RFoot,ry,0.07830651304219738,0.02907581587894978,-0.0492306971632476,0.0373148256996677,0.03866342755084648
252_T1_vs_T2,longitudinal,8,RShin_to_RFoot_rz,RShin_to_RFoot,rz,0.046292958165831725,0.04676143508855946,0.0004684769227277369,0.0373148256996677,0.03866342755084648
252_T1_vs_T2,longitudinal,8,RShoulder_to_RUArm_rx,RShoulder_to_RUArm,rx,0.17169723400178463,0.1992730642058843,0.027575830204099677,0.0373148256996677,0.03866342755084648
252_T1_vs_T2,longitudinal,8,RShoulder_to_RUArm_ry,RShoulder_to_RUArm,ry,0.49597873488490385,0.5846019316208412,0.08862319673593733,0.0373148256996677,0.03866342755084648
252_T1_vs_T2,longitudinal,8,RShoulder_to_RUArm_rz,RShoulder_to_RUArm,rz,0.020023471313401243,0.10421709957045795,0.0841936282570567,0.0373148256996677,0.03866342755084648
252_T1_vs_T2,longitudinal,8,RThigh_to_RShin_rx,RThigh_to_RShin,rx,0.16836600130613366,0.00610572772612439,-0.16226027358000927,0.0373148256996677,0.03866342755084648
252_T1_vs_T2,longitudinal,8,RThigh_to_RShin_ry,RThigh_to_RShin,ry,3.8279214945811584e-08,1.0123019170482034e-08,-2.815619577532955e-08,0.0373148256996677,0.03866342755084648
252_T1_vs_T2,longitudinal,8,RThigh_to_RShin_rz,RThigh_to_RShin,rz,2.5770390407193153e-08,1.906578199479911e-08,-6.7046084123940446e-09,0.0373148256996677,0.03866342755084648
252_T1_vs_T2,longitudinal,8,RUArm_to_RFArm_rx,RUArm_to_RFArm,rx,0.4178858342262538,0.2366729465853978,-0.181212887640856,0.0373148256996677,0.03866342755084648
252_T1_vs_T2,longitudinal,8,RUArm_to_RFArm_ry,RUArm_to_RFArm,ry,0.3835128337500727,0.2341537971086411,-0.14935903664143163,0.0373148256996677,0.03866342755084648
252_T1_vs_T2,longitudinal,8,RUArm_to_RFArm_rz,RUArm_to_RFArm,rz,0.04118881011453059,0.06926345129706442,0.028074641182533826,0.0373148256996677,0.03866342755084648
252_T1_vs_T2,longitudinal,9,252_to_LThigh_rx,252_to_LThigh,rx,0.23991439202582188,0.34928401528079733,0.10936962325497546,0.0348621756747563,0.024132410647609497
252_T1_vs_T2,longitudinal,9,252_to_LThigh_ry,252_to_LThigh,ry,0.012493558436765015,0.030426809307924758,0.017933250871159743,0.0348621756747563,0.024132410647609497
252_T1_vs_T2,longitudinal,9,252_to_LThigh_rz,252_to_LThigh,rz,0.058493596268408964,0.1218282519171195,0.06333465564871055,0.0348621756747563,0.024132410647609497
252_T1_vs_T2,longitudinal,9,252_to_RThigh_rx,252_to_RThigh,rx,0.255680497224747,0.29524921185578323,0.03956871463103623,0.0348621756747563,0.024132410647609497
252_T1_vs_T2,longitudinal,9,252_to_RThigh_ry,252_to_RThigh,ry,0.013076352078887663,0.0704799132541232,0.05740356117523554,0.0348621756747563,0.024132410647609497
252_T1_vs_T2,longitudinal,9,252_to_RThigh_rz,252_to_RThigh,rz,0.11168077232103533,0.15145331517316418,0.03977254285212885,0.0348621756747563,0.024132410647609497
252_T1_vs_T2,longitudinal,9,Chest_to_LShoulder_rx,Chest_to_LShoulder,rx,0.015485839728753135,0.05078283778929986,0.03529699806054672,0.0348621756747563,0.024132410647609497
252_T1_vs_T2,longitudinal,9,Chest_to_LShoulder_ry,Chest_to_LShoulder,ry,0.032291650151498215,0.11905220127937621,0.086760551127878,0.0348621756747563,0.024132410647609497
252_T1_vs_T2,longitudinal,9,Chest_to_LShoulder_rz,Chest_to_LShoulder,rz,0.033216637443088864,0.022331872919473635,-0.01088476452361523,0.0348621756747563,0.024132410647609497
252_T1_vs_T2,longitudinal,9,Chest_to_Neck_rx,Chest_to_Neck,rx,0.0016188956320532522,0.09196246198835133,0.09034356635629807,0.0348621756747563,0.024132410647609497
252_T1_vs_T2,longitudinal,9,Chest_to_Neck_ry,Chest_to_Neck,ry,0.04521529361223737,0.060739152666324965,0.015523859054087596,0.0348621756747563,0.024132410647609497
252_T1_vs_T2,longitudinal,9,Chest_to_Neck_rz,Chest_to_Neck,rz,0.058390943610832316,0.08495338708916314,0.026562443478330824,0.0348621756747563,0.024132410647609497
252_T1_vs_T2,longitudinal,9,Chest_to_RShoulder_rx,Chest_to_RShoulder,rx,0.006928423308196179,0.04182815086234028,0.0348997275541441,0.0348621756747563,0.024132410647609497
252_T1_vs_T2,longitudinal,9,Chest_to_RShoulder_ry,Chest_to_RShoulder,ry,0.01695185833540804,0.05689360813486752,0.03994174979945948,0.0348621756747563,0.024132410647609497
252_T1_vs_T2,longitudinal,9,Chest_to_RShoulder_rz,Chest_to_RShoulder,rz,0.03767062263451972,0.031871463854342676,-0.005799158780177047,0.0348621756747563,0.024132410647609497
252_T1_vs_T2,longitudinal,9,LFArm_to_LHand_rx,LFArm_to_LHand,rx,0.02461333778068822,0.03100432887343719,0.006390991092748967,0.0348621756747563,0.024132410647609497
252_T1_vs_T2,longitudinal,9,LFArm_to_LHand_ry,LFArm_to_LHand,ry,0.037905074432523105,0.05836578616277651,0.020460711730253406,0.0348621756747563,0.024132410647609497
252_T1_vs_T2,longitudinal,9,LFArm_to_LHand_rz,LFArm_to_LHand,rz,0.12718034995805494,0.18123249069958303,0.05405214074152809,0.0348621756747563,0.024132410647609497
252_T1_vs_T2,longitudinal,9,LShin_to_LFoot_rx,LShin_to_LFoot,rx,0.04352920618861548,0.006795774893698684,-0.036733431294916796,0.0348621756747563,0.024132410647609497
252_T1_vs_T2,longitudinal,9,LShin_to_LFoot_ry,LShin_to_LFoot,ry,0.07213655078435831,0.09569446407433971,0.0235579132899814,0.0348621756747563,0.024132410647609497
252_T1_vs_T2,longitudinal,9,LShin_to_LFoot_rz,LShin_to_LFoot,rz,0.02835873879030609,0.007233899910864652,-0.021124838879441436,0.0348621756747563,0.024132410647609497
252_T1_vs_T2,longitudinal,9,LShoulder_to_LUArm_rx,LShoulder_to_LUArm,rx,0.2821400580512934,0.08742537200768896,-0.19471468604360442,0.0348621756747563,0.024132410647609497
252_T1_vs_T2,longitudinal,9,LShoulder_to_LUArm_ry,LShoulder_to_LUArm,ry,0.15933773884361044,0.3543571231516873,0.1950193843080769,0.0348621756747563,0.024132410647609497
252_T1_vs_T2,longitudinal,9,LShoulder_to_LUArm_rz,LShoulder_to_LUArm,rz,0.3439580044520146,0.25981855987499863,-0.08413944457701594,0.0348621756747563,0.024132410647609497
252_T1_vs_T2,longitudinal,9,LThigh_to_LShin_rx,LThigh_to_LShin,rx,0.29953568111892026,0.02515613617085445,-0.2743795449480658,0.0348621756747563,0.024132410647609497
252_T1_vs_T2,longitudinal,9,LThigh_to_LShin_ry,LThigh_to_LShin,ry,4.746953011665551e-10,4.82003380697223e-09,4.345338505805674e-09,0.0348621756747563,0.024132410647609497
252_T1_vs_T2,longitudinal,9,LThigh_to_LShin_rz,LThigh_to_LShin,rz,3.846073663745909e-08,2.3930737134702855e-08,-1.4529999502756232e-08,0.0348621756747563,0.024132410647609497
252_T1_vs_T2,longitudinal,9,LUArm_to_LFArm_rx,LUArm_to_LFArm,rx,0.2832385437030157,0.12479307097185613,-0.15844547273115958,0.0348621756747563,0.024132410647609497
252_T1_vs_T2,longitudinal,9,LUArm_to_LFArm_ry,LUArm_to_LFArm,ry,0.1398347453109991,0.085826356789828,-0.0540083885211711,0.0348621756747563,0.024132410647609497
252_T1_vs_T2,longitudinal,9,LUArm_to_LFArm_rz,LUArm_to_LFArm,rz,0.17291233413176077,0.09562067751169423,-0.07729165662006654,0.0348621756747563,0.024132410647609497
252_T1_vs_T2,longitudinal,9,Neck_to_Head_rx,Neck_to_Head,rx,0.0020070071749619996,0.09177657967898939,0.0897695725040274,0.0348621756747563,0.024132410647609497
252_T1_vs_T2,longitudinal,9,Neck_to_Head_ry,Neck_to_Head,ry,0.05559194998990789,0.0756001266452637,0.0200081766553558,0.0348621756747563,0.024132410647609497
252_T1_vs_T2,longitudinal,9,Neck_to_Head_rz,Neck_to_Head,rz,0.04846193007998178,0.07181156689796511,0.023349636817983334,0.0348621756747563,0.024132410647609497
252_T1_vs_T2,longitudinal,9,RFArm_to_RHand_rx,RFArm_to_RHand,rx,0.010435665039809928,0.007250810875998158,-0.0031848541638117706,0.0348621756747563,0.024132410647609497
252_T1_vs_T2,longitudinal,9,RFArm_to_RHand_ry,RFArm_to_RHand,ry,0.05906182510435297,0.07189495822347744,0.01283313311912447,0.0348621756747563,0.024132410647609497
252_T1_vs_T2,longitudinal,9,RFArm_to_RHand_rz,RFArm_to_RHand,rz,0.14312478048450036,0.07744962037868057,-0.0656751601058198,0.0348621756747563,0.024132410647609497
252_T1_vs_T2,longitudinal,9,RShin_to_RFoot_rx,RShin_to_RFoot,rx,0.10256348967008433,0.09837151091030936,-0.004191978759774964,0.0348621756747563,0.024132410647609497
252_T1_vs_T2,longitudinal,9,RShin_to_RFoot_ry,RShin_to_RFoot,ry,0.07928773989841703,0.03722676215573359,-0.04206097774268344,0.0348621756747563,0.024132410647609497
252_T1_vs_T2,longitudinal,9,RShin_to_RFoot_rz,RShin_to_RFoot,rz,0.022441909393372976,0.0752520850921194,0.05281017569874643,0.0348621756747563,0.024132410647609497
252_T1_vs_T2,longitudinal,9,RShoulder_to_RUArm_rx,RShoulder_to_RUArm,rx,0.1723320417927999,0.08446181687143045,-0.08787022492136945,0.0348621756747563,0.024132410647609497
252_T1_vs_T2,longitudinal,9,RShoulder_to_RUArm_ry,RShoulder_to_RUArm,ry,0.39374936100661334,0.16547994188380175,-0.2282694191228116,0.0348621756747563,0.024132410647609497
252_T1_vs_T2,longitudinal,9,RShoulder_to_RUArm_rz,RShoulder_to_RUArm,rz,0.3421114862555527,0.5551182267065363,0.2130067404509836,0.0348621756747563,0.024132410647609497
252_T1_vs_T2,longitudinal,9,RThigh_to_RShin_rx,RThigh_to_RShin,rx,0.11518016476830348,0.1532019650342962,0.03802180026599272,0.0348621756747563,0.024132410647609497
252_T1_vs_T2,longitudinal,9,RThigh_to_RShin_ry,RThigh_to_RShin,ry,5.577970189852613e-09,7.651478405478232e-09,2.0735082156256193e-09,0.0348621756747563,0.024132410647609497
252_T1_vs_T2,longitudinal,9,RThigh_to_RShin_rz,RThigh_to_RShin,rz,1.8796910672323433e-08,6.471935776167738e-08,4.592244708935395e-08,0.0348621756747563,0.024132410647609497
252_T1_vs_T2,longitudinal,9,RUArm_to_RFArm_rx,RUArm_to_RFArm,rx,0.038904215721052696,0.037537936450429084,-0.0013662792706236118,0.0348621756747563,0.024132410647609497
252_T1_vs_T2,longitudinal,9,RUArm_to_RFArm_ry,RUArm_to_RFArm,ry,0.10502771948330993,0.07306945383694925,-0.03195826564636067,0.0348621756747563,0.024132410647609497
252_T1_vs_T2,longitudinal,9,RUArm_to_RFArm_rz,RUArm_to_RFArm,rz,0.08950521764587122,0.06710018439005605,-0.022405033255815165,0.0348621756747563,0.024132410647609497
252_T1_vs_T3,longitudinal,1,252_to_LThigh_rx,252_to_LThigh,rx,0.09108767671284318,0.04868435369608342,-0.04240332301675976,0.20033181326203747,0.29080054431408303
252_T1_vs_T3,longitudinal,1,252_to_LThigh_ry,252_to_LThigh,ry,0.01529628820378803,0.0023844163048187123,-0.012911871898969318,0.20033181326203747,0.29080054431408303
252_T1_vs_T3,longitudinal,1,252_to_LThigh_rz,252_to_LThigh,rz,0.011614042542161486,0.05491093778645153,0.04329689524429004,0.20033181326203747,0.29080054431408303
252_T1_vs_T3,longitudinal,1,252_to_RThigh_rx,252_to_RThigh,rx,0.00364779470972748,0.23758918468044093,0.23394138997071345,0.20033181326203747,0.29080054431408303
252_T1_vs_T3,longitudinal,1,252_to_RThigh_ry,252_to_RThigh,ry,0.028104406152197278,0.008787999278895058,-0.01931640687330222,0.20033181326203747,0.29080054431408303
252_T1_vs_T3,longitudinal,1,252_to_RThigh_rz,252_to_RThigh,rz,0.08972387385732493,0.022208048553214257,-0.06751582530411067,0.20033181326203747,0.29080054431408303
252_T1_vs_T3,longitudinal,1,Chest_to_LShoulder_rx,Chest_to_LShoulder,rx,0.04608053631893017,0.03408499832746736,-0.011995537991462815,0.20033181326203747,0.29080054431408303
252_T1_vs_T3,longitudinal,1,Chest_to_LShoulder_ry,Chest_to_LShoulder,ry,0.0004711118929596621,0.02715159347892512,0.02668048158596546,0.20033181326203747,0.29080054431408303
252_T1_vs_T3,longitudinal,1,Chest_to_LShoulder_rz,Chest_to_LShoulder,rz,0.07293188563293088,0.09069277709304743,0.017760891460116557,0.20033181326203747,0.29080054431408303
252_T1_vs_T3,longitudinal,1,Chest_to_Neck_rx,Chest_to_Neck,rx,0.01864201547889791,0.03221118566672447,0.013569170187826562,0.20033181326203747,0.29080054431408303
252_T1_vs_T3,longitudinal,1,Chest_to_Neck_ry,Chest_to_Neck,ry,0.032123309141156485,0.05489912874220348,0.022775819601046993,0.20033181326203747,0.29080054431408303
252_T1_vs_T3,longitudinal,1,Chest_to_Neck_rz,Chest_to_Neck,rz,0.019179063745201647,0.010281329051074487,-0.00889773469412716,0.20033181326203747,0.29080054431408303
252_T1_vs_T3,longitudinal,1,Chest_to_RShoulder_rx,Chest_to_RShoulder,rx,0.041866268864420034,0.028498164961025432,-0.013368103903394601,0.20033181326203747,0.29080054431408303
252_T1_vs_T3,longitudinal,1,Chest_to_RShoulder_ry,Chest_to_RShoulder,ry,0.030658576044292143,0.02012312095669872,-0.010535455087593421,0.20033181326203747,0.29080054431408303
252_T1_vs_T3,longitudinal,1,Chest_to_RShoulder_rz,Chest_to_RShoulder,rz,0.011555344377431546,0.051985143386706255,0.04042979900927471,0.20033181326203747,0.29080054431408303
252_T1_vs_T3,longitudinal,1,LFArm_to_LHand_rx,LFArm_to_LHand,rx,0.0008935661089890509,0.006646952601859519,0.0057533864928704685,0.20033181326203747,0.29080054431408303
252_T1_vs_T3,longitudinal,1,LFArm_to_LHand_ry,LFArm_to_LHand,ry,0.020942585064544116,0.0005296272993860371,-0.020412957765158078,0.20033181326203747,0.29080054431408303
252_T1_vs_T3,longitudinal,1,LFArm_to_LHand_rz,LFArm_to_LHand,rz,0.05117118677615153,0.016074356090231192,-0.035096830685920344,0.20033181326203747,0.29080054431408303
252_T1_vs_T3,longitudinal,1,LShin_to_LFoot_rx,LShin_to_LFoot,rx,0.006922853067153078,0.0159593453154398,0.009036492248286721,0.20033181326203747,0.29080054431408303
252_T1_vs_T3,longitudinal,1,LShin_to_LFoot_ry,LShin_to_LFoot,ry,0.018263613431455317,0.012805801568453372,-0.005457811863001946,0.20033181326203747,0.29080054431408303
252_T1_vs_T3,longitudinal,1,LShin_to_LFoot_rz,LShin_to_LFoot,rz,0.008720027528492668,0.006295349830486312,-0.002424677698006356,0.20033181326203747,0.29080054431408303
252_T1_vs_T3,longitudinal,1,LShoulder_to_LUArm_rx,LShoulder_to_LUArm,rx,0.141762031995057,0.17022050406040748,0.028458472065350487,0.20033181326203747,0.29080054431408303
252_T1_vs_T3,longitudinal,1,LShoulder_to_LUArm_ry,LShoulder_to_LUArm,ry,0.3757070541588569,0.2791936703449896,-0.09651338381386732,0.20033181326203747,0.29080054431408303
252_T1_vs_T3,longitudinal,1,LShoulder_to_LUArm_rz,LShoulder_to_LUArm,rz,0.2429677502508551,0.3463583451746534,0.10339059492379832,0.20033181326203747,0.29080054431408303
252_T1_vs_T3,longitudinal,1,LThigh_to_LShin_rx,LThigh_to_LShin,rx,0.030694289162589733,0.029071280793385106,-0.0016230083692046274,0.20033181326203747,0.29080054431408303
252_T1_vs_T3,longitudinal,1,LThigh_to_LShin_ry,LThigh_to_LShin,ry,5.953673163120014e-09,1.1091418989604968e-08,5.137745826484954e-09,0.20033181326203747,0.29080054431408303
252_T1_vs_T3,longitudinal,1,LThigh_to_LShin_rz,LThigh_to_LShin,rz,1.1265312298103452e-08,6.714918546786053e-10,-1.0593820443424847e-08,0.20033181326203747,0.29080054431408303
252_T1_vs_T3,longitudinal,1,LUArm_to_LFArm_rx,LUArm_to_LFArm,rx,0.022281039548326314,0.09918702843414685,0.07690598888582054,0.20033181326203747,0.29080054431408303
252_T1_vs_T3,longitudinal,1,LUArm_to_LFArm_ry,LUArm_to_LFArm,ry,0.500812992176068,0.2997678598925107,-0.2010451322835573,0.20033181326203747,0.29080054431408303
252_T1_vs_T3,longitudinal,1,LUArm_to_LFArm_rz,LUArm_to_LFArm,rz,0.09711749832799997,0.18117754365311464,0.08406004532511467,0.20033181326203747,0.29080054431408303
252_T1_vs_T3,longitudinal,1,Neck_to_Head_rx,Neck_to_Head,rx,0.01855402873496653,0.032343457900062385,0.013789429165095856,0.20033181326203747,0.29080054431408303
252_T1_vs_T3,longitudinal,1,Neck_to_Head_ry,Neck_to_Head,ry,0.027951801064128718,0.05598064848524424,0.028028847421115523,0.20033181326203747,0.29080054431408303
252_T1_vs_T3,longitudinal,1,Neck_to_Head_rz,Neck_to_Head,rz,0.02487947434973853,0.0004231793491968419,-0.024456295000541688,0.20033181326203747,0.29080054431408303
252_T1_vs_T3,longitudinal,1,RFArm_to_RHand_rx,RFArm_to_RHand,rx,0.006681365118827863,0.008107930286137816,0.0014265651673099526,0.20033181326203747,0.29080054431408303
252_T1_vs_T3,longitudinal,1,RFArm_to_RHand_ry,RFArm_to_RHand,ry,0.03563621489786915,0.07835382650440834,0.04271761160653918,0.20033181326203747,0.29080054431408303
252_T1_vs_T3,longitudinal,1,RFArm_to_RHand_rz,RFArm_to_RHand,rz,0.10337806198327495,0.059576759519896744,-0.04380130246337821,0.20033181326203747,0.29080054431408303
252_T1_vs_T3,longitudinal,1,RShin_to_RFoot_rx,RShin_to_RFoot,rx,0.04112481472854861,0.09021293706714369,0.049088122338595074,0.20033181326203747,0.29080054431408303
252_T1_vs_T3,longitudinal,1,RShin_to_RFoot_ry,RShin_to_RFoot,ry,0.0395907989551084,0.05605227027628036,0.016461471321171962,0.20033181326203747,0.29080054431408303
252_T1_vs_T3,longitudinal,1,RShin_to_RFoot_rz,RShin_to_RFoot,rz,0.05638779050266876,0.0031705664425482243,-0.053217224060120534,0.20033181326203747,0.29080054431408303
252_T1_vs_T3,longitudinal,1,RShoulder_to_RUArm_rx,RShoulder_to_RUArm,rx,0.597115786273907,0.04630830582655941,-0.5508074804473476,0.20033181326203747,0.29080054431408303
252_T1_vs_T3,longitudinal,1,RShoulder_to_RUArm_ry,RShoulder_to_RUArm,ry,0.10720807733716729,0.20083965251699756,0.09363157517983027,0.20033181326203747,0.29080054431408303
252_T1_vs_T3,longitudinal,1,RShoulder_to_RUArm_rz,RShoulder_to_RUArm,rz,0.0903070426894473,0.34331786299468453,0.25301082030523725,0.20033181326203747,0.29080054431408303
252_T1_vs_T3,longitudinal,1,RThigh_to_RShin_rx,RThigh_to_RShin,rx,0.17018279412474926,0.31528261573732325,0.14509982161257398,0.20033181326203747,0.29080054431408303
252_T1_vs_T3,longitudinal,1,RThigh_to_RShin_ry,RThigh_to_RShin,ry,2.4765477514393966e-09,5.0082942741755185e-11,-2.4264648086976414e-09,0.20033181326203747,0.29080054431408303
252_T1_vs_T3,longitudinal,1,RThigh_to_RShin_rz,RThigh_to_RShin,rz,6.23950862847039e-09,2.8135850607458598e-08,2.189634197898821e-08,0.20033181326203747,0.29080054431408303
252_T1_vs_T3,longitudinal,1,RUArm_to_RFArm_rx,RUArm_to_RFArm,rx,0.23034392146700777,0.33085215904139126,0.10050823757438349,0.20033181326203747,0.29080054431408303
252_T1_vs_T3,longitudinal,1,RUArm_to_RFArm_ry,RUArm_to_RFArm,ry,0.06019347696260595,0.32347887430639716,0.2632853973437912,0.20033181326203747,0.29080054431408303
252_T1_vs_T3,longitudinal,1,RUArm_to_RFArm_rz,RUArm_to_RFArm,rz,0.054359905244520966,0.24350037153979434,0.18914046629527337,0.20033181326203747,0.29080054431408303
252_T1_vs_T3,longitudinal,2,252_to_LThigh_rx,252_to_LThigh,rx,0.1039263116949177,0.08209315553010385,-0.02183315616481385,0.15030544283328554,0.2143688476989751
252_T1_vs_T3,longitudinal,2,252_to_LThigh_ry,252_to_LThigh,ry,0.024659833833640014,0.10076621703497435,0.07610638320133434,0.15030544283328554,0.2143688476989751
252_T1_vs_T3,longitudinal,2,252_to_LThigh_rz,252_to_LThigh,rz,0.013964265610819019,0.08628424420288545,0.07231997859206643,0.15030544283328554,0.2143688476989751
252_T1_vs_T3,longitudinal,2,252_to_RThigh_rx,252_to_RThigh,rx,0.002099749388353104,0.20156390775533023,0.19946415836697712,0.15030544283328554,0.2143688476989751
252_T1_vs_T3,longitudinal,2,252_to_RThigh_ry,252_to_RThigh,ry,0.019808650735199246,0.10237394226825251,0.08256529153305327,0.15030544283328554,0.2143688476989751
252_T1_vs_T3,longitudinal,2,252_to_RThigh_rz,252_to_RThigh,rz,0.006012467545524143,0.045931938154417984,0.039919470608893844,0.15030544283328554,0.2143688476989751
252_T1_vs_T3,longitudinal,2,Chest_to_LShoulder_rx,Chest_to_LShoulder,rx,0.03332080516507306,0.030318771788856804,-0.0030020333762162572,0.15030544283328554,0.2143688476989751
252_T1_vs_T3,longitudinal,2,Chest_to_LShoulder_ry,Chest_to_LShoulder,ry,0.018002304851051375,0.0009462753487314644,-0.01705602950231991,0.15030544283328554,0.2143688476989751
252_T1_vs_T3,longitudinal,2,Chest_to_LShoulder_rz,Chest_to_LShoulder,rz,0.0635384684490968,0.01046795368867067,-0.05307051476042613,0.15030544283328554,0.2143688476989751
252_T1_vs_T3,longitudinal,2,Chest_to_Neck_rx,Chest_to_Neck,rx,0.038124524544928526,0.027861392829295742,-0.010263131715632784,0.15030544283328554,0.2143688476989751
252_T1_vs_T3,longitudinal,2,Chest_to_Neck_ry,Chest_to_Neck,ry,0.02957751894210767,0.060200699737458604,0.030623180795350934,0.15030544283328554,0.2143688476989751
252_T1_vs_T3,longitudinal,2,Chest_to_Neck_rz,Chest_to_Neck,rz,0.029293002637754823,0.04378873798106595,0.014495735343311129,0.15030544283328554,0.2143688476989751
252_T1_vs_T3,longitudinal,2,Chest_to_RShoulder_rx,Chest_to_RShoulder,rx,0.015153595943841549,0.050840232214112234,0.03568663627027069,0.15030544283328554,0.2143688476989751
252_T1_vs_T3,longitudinal,2,Chest_to_RShoulder_ry,Chest_to_RShoulder,ry,0.024174759662830152,0.022040687439160937,-0.002134072223669216,0.15030544283328554,0.2143688476989751
252_T1_vs_T3,longitudinal,2,Chest_to_RShoulder_rz,Chest_to_RShoulder,rz,0.12053240472816695,0.01979557896747488,-0.10073682576069207,0.15030544283328554,0.2143688476989751
252_T1_vs_T3,longitudinal,2,LFArm_to_LHand_rx,LFArm_to_LHand,rx,0.008292864410993805,0.007106989592811404,-0.0011858748181824011,0.15030544283328554,0.2143688476989751
252_T1_vs_T3,longitudinal,2,LFArm_to_LHand_ry,LFArm_to_LHand,ry,0.029434586579911024,0.004257633028771797,-0.025176953551139226,0.15030544283328554,0.2143688476989751
252_T1_vs_T3,longitudinal,2,LFArm_to_LHand_rz,LFArm_to_LHand,rz,0.0453296429060157,0.03282224475855362,-0.01250739814746208,0.15030544283328554,0.2143688476989751
252_T1_vs_T3,longitudinal,2,LShin_to_LFoot_rx,LShin_to_LFoot,rx,0.026050475573842935,0.06993914896579116,0.04388867339194823,0.15030544283328554,0.2143688476989751
252_T1_vs_T3,longitudinal,2,LShin_to_LFoot_ry,LShin_to_LFoot,ry,0.025348546348102963,0.05276050927962694,0.027411962931523974,0.15030544283328554,0.2143688476989751
252_T1_vs_T3,longitudinal,2,LShin_to_LFoot_rz,LShin_to_LFoot,rz,0.010400641203050358,0.016751796877083096,0.006351155674032738,0.15030544283328554,0.2143688476989751
252_T1_vs_T3,longitudinal,2,LShoulder_to_LUArm_rx,LShoulder_to_LUArm,rx,0.009411459722589043,0.27810158257311995,0.2686901228505309,0.15030544283328554,0.2143688476989751
252_T1_vs_T3,longitudinal,2,LShoulder_to_LUArm_ry,LShoulder_to_LUArm,ry,0.1684699054878507,0.18525506979651676,0.016785164308666056,0.15030544283328554,0.2143688476989751
252_T1_vs_T3,longitudinal,2,LShoulder_to_LUArm_rz,LShoulder_to_LUArm,rz,0.054501416265656764,0.20986763612607112,0.15536621986041435,0.15030544283328554,0.2143688476989751
252_T1_vs_T3,longitudinal,2,LThigh_to_LShin_rx,LThigh_to_LShin,rx,0.008126881496109966,0.1705486660372675,0.16242178454115755,0.15030544283328554,0.2143688476989751
252_T1_vs_T3,longitudinal,2,LThigh_to_LShin_ry,LThigh_to_LShin,ry,4.204424297698962e-09,2.9050073926824902e-08,2.484564962912594e-08,0.15030544283328554,0.2143688476989751
252_T1_vs_T3,longitudinal,2,LThigh_to_LShin_rz,LThigh_to_LShin,rz,1.614059715059934e-08,4.9306271560385955e-08,3.3165674409786615e-08,0.15030544283328554,0.2143688476989751
252_T1_vs_T3,longitudinal,2,LUArm_to_LFArm_rx,LUArm_to_LFArm,rx,0.04902937240384092,0.05859122730016783,0.00956185489632691,0.15030544283328554,0.2143688476989751
252_T1_vs_T3,longitudinal,2,LUArm_to_LFArm_ry,LUArm_to_LFArm,ry,0.27092155097573634,0.15431963520189437,-0.11660191577384196,0.15030544283328554,0.2143688476989751
252_T1_vs_T3,longitudinal,2,LUArm_to_LFArm_rz,LUArm_to_LFArm,rz,0.08424729347116845,0.009461178152381724,-0.07478611531878673,0.15030544283328554,0.2143688476989751
252_T1_vs_T3,longitudinal,2,Neck_to_Head_rx,Neck_to_Head,rx,0.0380971029299539,0.028008745276146704,-0.010088357653807195,0.15030544283328554,0.2143688476989751
252_T1_vs_T3,longitudinal,2,Neck_to_Head_ry,Neck_to_Head,ry,0.023517474069555462,0.050918923833834756,0.027401449764279294,0.15030544283328554,0.2143688476989751
252_T1_vs_T3,longitudinal,2,Neck_to_Head_rz,Neck_to_Head,rz,0.034356225765217206,0.05435325153511608,0.019997025769898875,0.15030544283328554,0.2143688476989751
252_T1_vs_T3,longitudinal,2,RFArm_to_RHand_rx,RFArm_to_RHand,rx,0.006012538755785052,0.005015557161893974,-0.0009969815938910779,0.15030544283328554,0.2143688476989751
252_T1_vs_T3,longitudinal,2,RFArm_to_RHand_ry,RFArm_to_RHand,ry,0.07303369715794764,0.004473275222652846,-0.0685604219352948,0.15030544283328554,0.2143688476989751
252_T1_vs_T3,longitudinal,2,RFArm_to_RHand_rz,RFArm_to_RHand,rz,0.04850100941354506,0.056163989451428795,0.007662980037883738,0.15030544283328554,0.2143688476989751
252_T1_vs_T3,longitudinal,2,RShin_to_RFoot_rx,RShin_to_RFoot,rx,0.004001127588141089,0.1296226542032392,0.12562152661509812,0.15030544283328554,0.2143688476989751
252_T1_vs_T3,longitudinal,2,RShin_to_RFoot_ry,RShin_to_RFoot,ry,0.01596700650255325,0.07382699457220136,0.05785998806964811,0.15030544283328554,0.2143688476989751
252_T1_vs_T3,longitudinal,2,RShin_to_RFoot_rz,RShin_to_RFoot,rz,0.01739159553551661,0.08501800691597428,0.06762641138045766,0.15030544283328554,0.2143688476989751
252_T1_vs_T3,longitudinal,2,RShoulder_to_RUArm_rx,RShoulder_to_RUArm,rx,0.23669240092323815,0.45079631057254216,0.214103909649304,0.15030544283328554,0.2143688476989751
252_T1_vs_T3,longitudinal,2,RShoulder_to_RUArm_ry,RShoulder_to_RUArm,ry,0.2901888080176701,0.07566954759845079,-0.21451926041921932,0.15030544283328554,0.2143688476989751
252_T1_vs_T3,longitudinal,2,RShoulder_to_RUArm_rz,RShoulder_to_RUArm,rz,0.22236831260405127,0.17372138443019344,-0.04864692817385782,0.15030544283328554,0.2143688476989751
252_T1_vs_T3,longitudinal,2,RThigh_to_RShin_rx,RThigh_to_RShin,rx,0.07522286174402733,0.6105032128569982,0.5352803511129708,0.15030544283328554,0.2143688476989751
252_T1_vs_T3,longitudinal,2,RThigh_to_RShin_ry,RThigh_to_RShin,ry,1.4157669204317966e-09,3.432762275923802e-08,3.2911855838806226e-08,0.15030544283328554,0.2143688476989751
252_T1_vs_T3,longitudinal,2,RThigh_to_RShin_rz,RThigh_to_RShin,rz,3.2158025664039116e-08,5.032022677898154e-08,1.8162201114942426e-08,0.15030544283328554,0.2143688476989751
252_T1_vs_T3,longitudinal,2,RUArm_to_RFArm_rx,RUArm_to_RFArm,rx,0.46992893567110944,0.17039360468734732,-0.2995353309837621,0.15030544283328554,0.2143688476989751
252_T1_vs_T3,longitudinal,2,RUArm_to_RFArm_ry,RUArm_to_RFArm,ry,0.5751245380962716,0.1011787170845211,-0.47394582101175053,0.15030544283328554,0.2143688476989751
252_T1_vs_T3,longitudinal,2,RUArm_to_RFArm_rz,RUArm_to_RFArm,rz,0.29447546970340815,0.01687361920201636,-0.2776018505013918,0.15030544283328554,0.2143688476989751
252_T1_vs_T3,longitudinal,3,252_to_LThigh_rx,252_to_LThigh,rx,0.008562217009355024,0.0641934951596658,0.05563127815031077,0.1173917797246448,0.1707770984101173
252_T1_vs_T3,longitudinal,3,252_to_LThigh_ry,252_to_LThigh,ry,0.04030483473474062,0.04171798908509286,0.00141315435035224,0.1173917797246448,0.1707770984101173
252_T1_vs_T3,longitudinal,3,252_to_LThigh_rz,252_to_LThigh,rz,0.12337013334464539,0.0546261057072063,-0.06874402763743909,0.1173917797246448,0.1707770984101173
252_T1_vs_T3,longitudinal,3,252_to_RThigh_rx,252_to_RThigh,rx,0.22694014793322545,0.14572749003471583,-0.08121265789850962,0.1173917797246448,0.1707770984101173
252_T1_vs_T3,longitudinal,3,252_to_RThigh_ry,252_to_RThigh,ry,0.01940421513557854,0.011003435515633712,-0.008400779619944829,0.1173917797246448,0.1707770984101173
252_T1_vs_T3,longitudinal,3,252_to_RThigh_rz,252_to_RThigh,rz,0.06913178224155374,0.09565848610800912,0.02652670386645538,0.1173917797246448,0.1707770984101173
252_T1_vs_T3,longitudinal,3,Chest_to_LShoulder_rx,Chest_to_LShoulder,rx,0.01901526727997971,0.005265020886277413,-0.013750246393702295,0.1173917797246448,0.1707770984101173
252_T1_vs_T3,longitudinal,3,Chest_to_LShoulder_ry,Chest_to_LShoulder,ry,0.03515516239042371,0.020558696828782932,-0.014596465561640778,0.1173917797246448,0.1707770984101173
252_T1_vs_T3,longitudinal,3,Chest_to_LShoulder_rz,Chest_to_LShoulder,rz,0.054909801383137585,0.022885744141002612,-0.03202405724213497,0.1173917797246448,0.1707770984101173
252_T1_vs_T3,longitudinal,3,Chest_to_Neck_rx,Chest_to_Neck,rx,0.010563221107288731,0.02120401382108582,0.01064079271379709,0.1173917797246448,0.1707770984101173
252_T1_vs_T3,longitudinal,3,Chest_to_Neck_ry,Chest_to_Neck,ry,0.0018661489673927846,0.0009274351328430564,-0.0009387138345497281,0.1173917797246448,0.1707770984101173
252_T1_vs_T3,longitudinal,3,Chest_to_Neck_rz,Chest_to_Neck,rz,0.02090859861238479,0.03671931190168561,0.015810713289300823,0.1173917797246448,0.1707770984101173
252_T1_vs_T3,longitudinal,3,Chest_to_RShoulder_rx,Chest_to_RShoulder,rx,0.04311180763577818,0.024480879649471335,-0.018630927986306847,0.1173917797246448,0.1707770984101173
252_T1_vs_T3,longitudinal,3,Chest_to_RShoulder_ry,Chest_to_RShoulder,ry,0.033780715756851654,0.009270113431900116,-0.024510602324951537,0.1173917797246448,0.1707770984101173
252_T1_vs_T3,longitudinal,3,Chest_to_RShoulder_rz,Chest_to_RShoulder,rz,0.007206185729150668,0.05530338304291515,0.04809719731376448,0.1173917797246448,0.1707770984101173
252_T1_vs_T3,longitudinal,3,LFArm_to_LHand_rx,LFArm_to_LHand,rx,0.013743668132538214,0.0029960857607132956,-0.010747582371824918,0.1173917797246448,0.1707770984101173
252_T1_vs_T3,longitudinal,3,LFArm_to_LHand_ry,LFArm_to_LHand,ry,0.04389479724797689,0.01432543744356939,-0.0295693598044075,0.1173917797246448,0.1707770984101173
252_T1_vs_T3,longitudinal,3,LFArm_to_LHand_rz,LFArm_to_LHand,rz,0.06956510545189665,0.014254904049361042,-0.055310201402535605,0.1173917797246448,0.1707770984101173
252_T1_vs_T3,longitudinal,3,LShin_to_LFoot_rx,LShin_to_LFoot,rx,0.015624232501626442,0.07364109313873302,0.05801686063710657,0.1173917797246448,0.1707770984101173
252_T1_vs_T3,longitudinal,3,LShin_to_LFoot_ry,LShin_to_LFoot,ry,0.036428062508971404,0.0006366756801287666,-0.035791386828842635,0.1173917797246448,0.1707770984101173
252_T1_vs_T3,longitudinal,3,LShin_to_LFoot_rz,LShin_to_LFoot,rz,0.01825081931052018,0.022677620885543974,0.0044268015750237935,0.1173917797246448,0.1707770984101173
252_T1_vs_T3,longitudinal,3,LShoulder_to_LUArm_rx,LShoulder_to_LUArm,rx,0.1247187702316309,0.027739106936634922,-0.09697966329499598,0.1173917797246448,0.1707770984101173
252_T1_vs_T3,longitudinal,3,LShoulder_to_LUArm_ry,LShoulder_to_LUArm,ry,0.21573975724481256,0.11200890278338668,-0.10373085446142588,0.1173917797246448,0.1707770984101173
252_T1_vs_T3,longitudinal,3,LShoulder_to_LUArm_rz,LShoulder_to_LUArm,rz,0.035642797288094816,0.16623014229204774,0.13058734500395291,0.1173917797246448,0.1707770984101173
252_T1_vs_T3,longitudinal,3,LThigh_to_LShin_rx,LThigh_to_LShin,rx,0.2528907388344148,0.12326614373572363,-0.12962459509869118,0.1173917797246448,0.1707770984101173
252_T1_vs_T3,longitudinal,3,LThigh_to_LShin_ry,LThigh_to_LShin,ry,2.751984700130217e-08,3.0111247922105914e-08,2.591400920803745e-09,0.1173917797246448,0.1707770984101173
252_T1_vs_T3,longitudinal,3,LThigh_to_LShin_rz,LThigh_to_LShin,rz,1.956512724664734e-08,1.2409791989806024e-08,-7.155335256841315e-09,0.1173917797246448,0.1707770984101173
252_T1_vs_T3,longitudinal,3,LUArm_to_LFArm_rx,LUArm_to_LFArm,rx,0.3479568773361814,0.011747558748712477,-0.33620931858746894,0.1173917797246448,0.1707770984101173
252_T1_vs_T3,longitudinal,3,LUArm_to_LFArm_ry,LUArm_to_LFArm,ry,0.33145680503929315,0.0878389231575765,-0.24361788188171662,0.1173917797246448,0.1707770984101173
252_T1_vs_T3,longitudinal,3,LUArm_to_LFArm_rz,LUArm_to_LFArm,rz,0.042314084592443464,0.062360228047344916,0.020046143454901452,0.1173917797246448,0.1707770984101173
252_T1_vs_T3,longitudinal,3,Neck_to_Head_rx,Neck_to_Head,rx,0.010441080575627322,0.021115697495561688,0.010674616919934366,0.1173917797246448,0.1707770984101173
252_T1_vs_T3,longitudinal,3,Neck_to_Head_ry,Neck_to_Head,ry,0.005685850361482401,0.007898818949221724,0.0022129685877393225,0.1173917797246448,0.1707770984101173
252_T1_vs_T3,longitudinal,3,Neck_to_Head_rz,Neck_to_Head,rz,0.02013149028386518,0.03582266281314878,0.015691172529283603,0.1173917797246448,0.1707770984101173
252_T1_vs_T3,longitudinal,3,RFArm_to_RHand_rx,RFArm_to_RHand,rx,0.0022936969709952603,0.006722772085254669,0.0044290751142594086,0.1173917797246448,0.1707770984101173
252_T1_vs_T3,longitudinal,3,RFArm_to_RHand_ry,RFArm_to_RHand,ry,0.001894878204299216,0.0623221546327075,0.06042727642840828,0.1173917797246448,0.1707770984101173
252_T1_vs_T3,longitudinal,3,RFArm_to_RHand_rz,RFArm_to_RHand,rz,0.04645157987180495,0.11478384261924657,0.06833226274744161,0.1173917797246448,0.1707770984101173
252_T1_vs_T3,longitudinal,3,RShin_to_RFoot_rx,RShin_to_RFoot,rx,0.1356699672053779,0.07456365379187183,-0.061106313413506086,0.1173917797246448,0.1707770984101173
252_T1_vs_T3,longitudinal,3,RShin_to_RFoot_ry,RShin_to_RFoot,ry,0.07713497930111138,0.09322652567946088,0.016091546378349503,0.1173917797246448,0.1707770984101173
252_T1_vs_T3,longitudinal,3,RShin_to_RFoot_rz,RShin_to_RFoot,rz,0.06375138567148264,0.09107894348396235,0.02732755781247971,0.1173917797246448,0.1707770984101173
252_T1_vs_T3,longitudinal,3,RShoulder_to_RUArm_rx,RShoulder_to_RUArm,rx,0.23770970384020476,0.5584510891001735,0.32074138525996876,0.1173917797246448,0.1707770984101173
252_T1_vs_T3,longitudinal,3,RShoulder_to_RUArm_ry,RShoulder_to_RUArm,ry,0.044912237816178716,0.04164091303426515,-0.0032713247819135677,0.1173917797246448,0.1707770984101173
252_T1_vs_T3,longitudinal,3,RShoulder_to_RUArm_rz,RShoulder_to_RUArm,rz,0.03504377707369976,0.15121575029169881,0.11617197321799905,0.1173917797246448,0.1707770984101173
252_T1_vs_T3,longitudinal,3,RThigh_to_RShin_rx,RThigh_to_RShin,rx,0.46868842344410017,0.4335741986466099,-0.03511422479749027,0.1173917797246448,0.1707770984101173
252_T1_vs_T3,longitudinal,3,RThigh_to_RShin_ry,RThigh_to_RShin,ry,1.1144066914743699e-08,1.904445827808729e-08,7.900391363343592e-09,0.1173917797246448,0.1707770984101173
252_T1_vs_T3,longitudinal,3,RThigh_to_RShin_rz,RThigh_to_RShin,rz,1.8846244549346653e-08,1.1397072069782833e-08,-7.4491724795638195e-09,0.1173917797246448,0.1707770984101173
252_T1_vs_T3,longitudinal,3,RUArm_to_RFArm_rx,RUArm_to_RFArm,rx,0.2439762186421218,0.5043348809735031,0.2603586623313813,0.1173917797246448,0.1707770984101173
252_T1_vs_T3,longitudinal,3,RUArm_to_RFArm_ry,RUArm_to_RFArm,ry,0.42304183337376894,0.1767668113083176,-0.24627502206545135,0.1173917797246448,0.1707770984101173
252_T1_vs_T3,longitudinal,3,RUArm_to_RFArm_rz,RUArm_to_RFArm,rz,0.01599619242398289,0.1685024238518232,0.1525062314278403,0.1173917797246448,0.1707770984101173
252_T1_vs_T3,longitudinal,4,252_to_LThigh_rx,252_to_LThigh,rx,0.30495027085174553,0.4021579336306912,0.09720766277894566,0.08625028966233686,0.10240894820563362
252_T1_vs_T3,longitudinal,4,252_to_LThigh_ry,252_to_LThigh,ry,0.032697006247716966,0.04373734502267887,0.011040338774961904,0.08625028966233686,0.10240894820563362
252_T1_vs_T3,longitudinal,4,252_to_LThigh_rz,252_to_LThigh,rz,0.11251787955298227,0.1242097583781896,0.011691878825207322,0.08625028966233686,0.10240894820563362
252_T1_vs_T3,longitudinal,4,252_to_RThigh_rx,252_to_RThigh,rx,0.35204219605413156,0.2305507847642007,-0.12149141128993085,0.08625028966233686,0.10240894820563362
252_T1_vs_T3,longitudinal,4,252_to_RThigh_ry,252_to_RThigh,ry,0.02095565866770135,0.025376080763035075,0.004420422095333724,0.08625028966233686,0.10240894820563362
252_T1_vs_T3,longitudinal,4,252_to_RThigh_rz,252_to_RThigh,rz,0.021273799621380613,0.07088020385334813,0.04960640423196752,0.08625028966233686,0.10240894820563362
252_T1_vs_T3,longitudinal,4,Chest_to_LShoulder_rx,Chest_to_LShoulder,rx,0.01550093729799891,0.041007089761892664,0.025506152463893754,0.08625028966233686,0.10240894820563362
252_T1_vs_T3,longitudinal,4,Chest_to_LShoulder_ry,Chest_to_LShoulder,ry,0.07642979085964592,0.07177593274710953,-0.004653858112536394,0.08625028966233686,0.10240894820563362
252_T1_vs_T3,longitudinal,4,Chest_to_LShoulder_rz,Chest_to_LShoulder,rz,0.0028858581058782144,0.0456051474833641,0.04271928937748588,0.08625028966233686,0.10240894820563362
252_T1_vs_T3,longitudinal,4,Chest_to_Neck_rx,Chest_to_Neck,rx,0.049366505949082456,0.11904164032013984,0.06967513437105738,0.08625028966233686,0.10240894820563362
252_T1_vs_T3,longitudinal,4,Chest_to_Neck_ry,Chest_to_Neck,ry,0.046942171800721334,0.0038892327660785667,-0.043052939034642766,0.08625028966233686,0.10240894820563362
252_T1_vs_T3,longitudinal,4,Chest_to_Neck_rz,Chest_to_Neck,rz,0.046706994551808774,0.014653003171785415,-0.03205399138002336,0.08625028966233686,0.10240894820563362
252_T1_vs_T3,longitudinal,4,Chest_to_RShoulder_rx,Chest_to_RShoulder,rx,0.03271704313592613,0.024192121870056697,-0.008524921265869435,0.08625028966233686,0.10240894820563362
252_T1_vs_T3,longitudinal,4,Chest_to_RShoulder_ry,Chest_to_RShoulder,ry,0.02556211625613674,0.05045097275075762,0.02488885649462088,0.08625028966233686,0.10240894820563362
252_T1_vs_T3,longitudinal,4,Chest_to_RShoulder_rz,Chest_to_RShoulder,rz,0.11911523834056711,0.0896542443618536,-0.029460993978713518,0.08625028966233686,0.10240894820563362
252_T1_vs_T3,longitudinal,4,LFArm_to_LHand_rx,LFArm_to_LHand,rx,0.013576679370678751,0.0007951936278614584,-0.012781485742817292,0.08625028966233686,0.10240894820563362
252_T1_vs_T3,longitudinal,4,LFArm_to_LHand_ry,LFArm_to_LHand,ry,0.04321532657663924,0.021694407701939353,-0.02152091887469989,0.08625028966233686,0.10240894820563362
252_T1_vs_T3,longitudinal,4,LFArm_to_LHand_rz,LFArm_to_LHand,rz,0.08119679904540135,0.016066177684642472,-0.06513062136075888,0.08625028966233686,0.10240894820563362
252_T1_vs_T3,longitudinal,4,LShin_to_LFoot_rx,LShin_to_LFoot,rx,0.06965047925912497,0.1585758914701437,0.08892541221101873,0.08625028966233686,0.10240894820563362
252_T1_vs_T3,longitudinal,4,LShin_to_LFoot_ry,LShin_to_LFoot,ry,0.09075250149088994,0.07149465976954714,-0.019257841721342803,0.08625028966233686,0.10240894820563362
252_T1_vs_T3,longitudinal,4,LShin_to_LFoot_rz,LShin_to_LFoot,rz,0.06305744355685187,0.07738799533468367,0.014330551777831796,0.08625028966233686,0.10240894820563362
252_T1_vs_T3,longitudinal,4,LShoulder_to_LUArm_rx,LShoulder_to_LUArm,rx,0.07400434028041276,0.32969309539071573,0.255688755110303,0.08625028966233686,0.10240894820563362
252_T1_vs_T3,longitudinal,4,LShoulder_to_LUArm_ry,LShoulder_to_LUArm,ry,0.12424828835142869,0.020799595146706824,-0.10344869320472186,0.08625028966233686,0.10240894820563362
252_T1_vs_T3,longitudinal,4,LShoulder_to_LUArm_rz,LShoulder_to_LUArm,rz,0.22213844343062886,0.18767169577613277,-0.03446674765449609,0.08625028966233686,0.10240894820563362
252_T1_vs_T3,longitudinal,4,LThigh_to_LShin_rx,LThigh_to_LShin,rx,0.6063825680204755,0.5478274164246546,-0.05855515159582092,0.08625028966233686,0.10240894820563362
252_T1_vs_T3,longitudinal,4,LThigh_to_LShin_ry,LThigh_to_LShin,ry,3.3931727268798956e-08,7.73385542548717e-09,-2.6197871843311785e-08,0.08625028966233686,0.10240894820563362
252_T1_vs_T3,longitudinal,4,LThigh_to_LShin_rz,LThigh_to_LShin,rz,1.289103081781124e-08,4.493411963487893e-09,-8.397618854323347e-09,0.08625028966233686,0.10240894820563362
252_T1_vs_T3,longitudinal,4,LUArm_to_LFArm_rx,LUArm_to_LFArm,rx,0.05916079855433408,0.24944076906821322,0.19027997051387913,0.08625028966233686,0.10240894820563362
252_T1_vs_T3,longitudinal,4,LUArm_to_LFArm_ry,LUArm_to_LFArm,ry,0.10356894715471528,0.19354073519537962,0.08997178804066434,0.08625028966233686,0.10240894820563362
252_T1_vs_T3,longitudinal,4,LUArm_to_LFArm_rz,LUArm_to_LFArm,rz,0.1179559834169389,0.15048300836579542,0.03252702494885652,0.08625028966233686,0.10240894820563362
252_T1_vs_T3,longitudinal,4,Neck_to_Head_rx,Neck_to_Head,rx,0.049387810069536686,0.11889767919473153,0.06950986912519484,0.08625028966233686,0.10240894820563362
252_T1_vs_T3,longitudinal,4,Neck_to_Head_ry,Neck_to_Head,ry,0.054947013105543785,0.006369563390095199,-0.048577449715448584,0.08625028966233686,0.10240894820563362
252_T1_vs_T3,longitudinal,4,Neck_to_Head_rz,Neck_to_Head,rz,0.03689662709163114,0.013847604456088033,-0.023049022635543107,0.08625028966233686,0.10240894820563362
252_T1_vs_T3,longitudinal,4,RFArm_to_RHand_rx,RFArm_to_RHand,rx,0.007390286190229857,0.007514426669878041,0.00012414047964818403,0.08625028966233686,0.10240894820563362
252_T1_vs_T3,longitudinal,4,RFArm_to_RHand_ry,RFArm_to_RHand,ry,0.053701339201629686,0.05293943609813113,-0.0007619031034985582,0.08625028966233686,0.10240894820563362
252_T1_vs_T3,longitudinal,4,RFArm_to_RHand_rz,RFArm_to_RHand,rz,0.00029517434804270906,0.01668770674393607,0.01639253239589336,0.08625028966233686,0.10240894820563362
252_T1_vs_T3,longitudinal,4,RShin_to_RFoot_rx,RShin_to_RFoot,rx,0.03224745651988993,0.01810158718377361,-0.01414586933611632,0.08625028966233686,0.10240894820563362
252_T1_vs_T3,longitudinal,4,RShin_to_RFoot_ry,RShin_to_RFoot,ry,0.005875211297654548,0.09727061240453133,0.09139540110687679,0.08625028966233686,0.10240894820563362
252_T1_vs_T3,longitudinal,4,RShin_to_RFoot_rz,RShin_to_RFoot,rz,0.075243603651437,0.10671378383975531,0.03147018018831832,0.08625028966233686,0.10240894820563362
252_T1_vs_T3,longitudinal,4,RShoulder_to_RUArm_rx,RShoulder_to_RUArm,rx,0.16086244607635308,0.08600394297870585,-0.07485850309764723,0.08625028966233686,0.10240894820563362
252_T1_vs_T3,longitudinal,4,RShoulder_to_RUArm_ry,RShoulder_to_RUArm,ry,0.032683854771388916,0.07136593398717464,0.038682079215785724,0.08625028966233686,0.10240894820563362
252_T1_vs_T3,longitudinal,4,RShoulder_to_RUArm_rz,RShoulder_to_RUArm,rz,0.1546528465588004,0.07612937006451291,-0.0785234764942875,0.08625028966233686,0.10240894820563362
252_T1_vs_T3,longitudinal,4,RThigh_to_RShin_rx,RThigh_to_RShin,rx,0.08528743565660078,0.23556825629179065,0.15028082063518988,0.08625028966233686,0.10240894820563362
252_T1_vs_T3,longitudinal,4,RThigh_to_RShin_ry,RThigh_to_RShin,ry,2.656726028975435e-08,2.685143577861015e-08,2.841754888558017e-10,0.08625028966233686,0.10240894820563362
252_T1_vs_T3,longitudinal,4,RThigh_to_RShin_rz,RThigh_to_RShin,rz,3.6349060597400627e-09,1.923654680951467e-08,1.560164074977461e-08,0.08625028966233686,0.10240894820563362
252_T1_vs_T3,longitudinal,4,RUArm_to_RFArm_rx,RUArm_to_RFArm,rx,0.17493314605193144,0.0524083337017977,-0.12252481235013374,0.08625028966233686,0.10240894820563362
252_T1_vs_T3,longitudinal,4,RUArm_to_RFArm_ry,RUArm_to_RFArm,ry,0.3692529261891343,0.09005740842499858,-0.2791955177641357,0.08625028966233686,0.10240894820563362
252_T1_vs_T3,longitudinal,4,RUArm_to_RFArm_rz,RUArm_to_RFArm,rz,0.07898116002327335,0.023235837516788867,-0.05574532250648448,0.08625028966233686,0.10240894820563362
252_T1_vs_T3,longitudinal,5,252_to_LThigh_rx,252_to_LThigh,rx,0.22494771945093994,0.12523947667897964,-0.0997082427719603,0.08032232931309208,0.07007990987907585
252_T1_vs_T3,longitudinal,5,252_to_LThigh_ry,252_to_LThigh,ry,0.06258280939017744,0.026975921961215763,-0.035606887428961675,0.08032232931309208,0.07007990987907585
252_T1_vs_T3,longitudinal,5,252_to_LThigh_rz,252_to_LThigh,rz,0.08550597608987637,0.03275626497223822,-0.05274971111763815,0.08032232931309208,0.07007990987907585
252_T1_vs_T3,longitudinal,5,252_to_RThigh_rx,252_to_RThigh,rx,0.011480332929469487,0.10290388549604455,0.09142355256657507,0.08032232931309208,0.07007990987907585
252_T1_vs_T3,longitudinal,5,252_to_RThigh_ry,252_to_RThigh,ry,0.05099992481461234,0.029259631794759464,-0.021740293019852874,0.08032232931309208,0.07007990987907585
252_T1_vs_T3,longitudinal,5,252_to_RThigh_rz,252_to_RThigh,rz,0.07831383519625604,0.08393539213139395,0.005621556935137911,0.08032232931309208,0.07007990987907585
252_T1_vs_T3,longitudinal,5,Chest_to_LShoulder_rx,Chest_to_LShoulder,rx,0.016450325410278126,0.008076931546205094,-0.008373393864073032,0.08032232931309208,0.07007990987907585
252_T1_vs_T3,longitudinal,5,Chest_to_LShoulder_ry,Chest_to_LShoulder,ry,0.018277790455716064,0.047999619856661596,0.029721829400945532,0.08032232931309208,0.07007990987907585
252_T1_vs_T3,longitudinal,5,Chest_to_LShoulder_rz,Chest_to_LShoulder,rz,0.007273013958231082,0.03547954432577124,0.028206530367540155,0.08032232931309208,0.07007990987907585
252_T1_vs_T3,longitudinal,5,Chest_to_Neck_rx,Chest_to_Neck,rx,0.09314482844075793,0.00066005066843076,-0.09248477777232716,0.08032232931309208,0.07007990987907585
252_T1_vs_T3,longitudinal,5,Chest_to_Neck_ry,Chest_to_Neck,ry,0.03001368014584895,0.0026144074327802665,-0.027399272713068683,0.08032232931309208,0.07007990987907585
252_T1_vs_T3,longitudinal,5,Chest_to_Neck_rz,Chest_to_Neck,rz,0.03588741139813406,0.004134898400198837,-0.031752512997935224,0.08032232931309208,0.07007990987907585
252_T1_vs_T3,longitudinal,5,Chest_to_RShoulder_rx,Chest_to_RShoulder,rx,0.016812301710087418,0.014069808558716802,-0.002742493151370616,0.08032232931309208,0.07007990987907585
252_T1_vs_T3,longitudinal,5,Chest_to_RShoulder_ry,Chest_to_RShoulder,ry,0.003282896543614148,0.04651729087450526,0.043234394330891115,0.08032232931309208,0.07007990987907585
252_T1_vs_T3,longitudinal,5,Chest_to_RShoulder_rz,Chest_to_RShoulder,rz,0.055254387212496044,0.09326277021529214,0.038008383002796096,0.08032232931309208,0.07007990987907585
252_T1_vs_T3,longitudinal,5,LFArm_to_LHand_rx,LFArm_to_LHand,rx,0.011188559906888029,0.005485924781585931,-0.005702635125302098,0.08032232931309208,0.07007990987907585
252_T1_vs_T3,longitudinal,5,LFArm_to_LHand_ry,LFArm_to_LHand,ry,0.0703794716210822,0.047448900763770875,-0.022930570857311323,0.08032232931309208,0.07007990987907585
252_T1_vs_T3,longitudinal,5,LFArm_to_LHand_rz,LFArm_to_LHand,rz,0.09800928724358342,0.06004097194962712,-0.0379683152939563,0.08032232931309208,0.07007990987907585
252_T1_vs_T3,longitudinal,5,LShin_to_LFoot_rx,LShin_to_LFoot,rx,0.11704903957338489,0.0933485739501901,-0.02370046562319479,0.08032232931309208,0.07007990987907585
252_T1_vs_T3,longitudinal,5,LShin_to_LFoot_ry,LShin_to_LFoot,ry,0.036076717449956525,0.07911499038899605,0.04303827293903953,0.08032232931309208,0.07007990987907585
252_T1_vs_T3,longitudinal,5,LShin_to_LFoot_rz,LShin_to_LFoot,rz,0.04454825832770851,0.045491929000886194,0.0009436706731776809,0.08032232931309208,0.07007990987907585
252_T1_vs_T3,longitudinal,5,LShoulder_to_LUArm_rx,LShoulder_to_LUArm,rx,0.2178093315728369,0.23447395612466004,0.016664624551823132,0.08032232931309208,0.07007990987907585
252_T1_vs_T3,longitudinal,5,LShoulder_to_LUArm_ry,LShoulder_to_LUArm,ry,0.30154883789390585,0.2589010223362655,-0.042647815557640356,0.08032232931309208,0.07007990987907585
252_T1_vs_T3,longitudinal,5,LShoulder_to_LUArm_rz,LShoulder_to_LUArm,rz,0.22618239688796654,0.27607913891413927,0.049896742026172725,0.08032232931309208,0.07007990987907585
252_T1_vs_T3,longitudinal,5,LThigh_to_LShin_rx,LThigh_to_LShin,rx,0.1568848812669221,0.32047762672949603,0.16359274546257394,0.08032232931309208,0.07007990987907585
252_T1_vs_T3,longitudinal,5,LThigh_to_LShin_ry,LThigh_to_LShin,ry,1.381972093475347e-08,6.19302302538094e-09,-7.62669790937253e-09,0.08032232931309208,0.07007990987907585
252_T1_vs_T3,longitudinal,5,LThigh_to_LShin_rz,LThigh_to_LShin,rz,1.9910695651288733e-08,5.3372650379626e-10,-1.9376969147492473e-08,0.08032232931309208,0.07007990987907585
252_T1_vs_T3,longitudinal,5,LUArm_to_LFArm_rx,LUArm_to_LFArm,rx,0.3394445098335561,0.358445492892223,0.019000983058666876,0.08032232931309208,0.07007990987907585
252_T1_vs_T3,longitudinal,5,LUArm_to_LFArm_ry,LUArm_to_LFArm,ry,0.48332130626234915,0.4189969299262744,-0.06432437633607474,0.08032232931309208,0.07007990987907585
252_T1_vs_T3,longitudinal,5,LUArm_to_LFArm_rz,LUArm_to_LFArm,rz,0.15514980305039242,0.15890263618708972,0.0037528331366973033,0.08032232931309208,0.07007990987907585
252_T1_vs_T3,longitudinal,5,Neck_to_Head_rx,Neck_to_Head,rx,0.09285350787958709,0.0007514119326172202,-0.09210209594696986,0.08032232931309208,0.07007990987907585
252_T1_vs_T3,longitudinal,5,Neck_to_Head_ry,Neck_to_Head,ry,0.0366043946806867,0.0020612383316051023,-0.034543156349081595,0.08032232931309208,0.07007990987907585
252_T1_vs_T3,longitudinal,5,Neck_to_Head_rz,Neck_to_Head,rz,0.029330854088772115,0.0045411588409145906,-0.024789695247857523,0.08032232931309208,0.07007990987907585
252_T1_vs_T3,longitudinal,5,RFArm_to_RHand_rx,RFArm_to_RHand,rx,0.004906994697800449,0.0005906941475475507,-0.004316300550252898,0.08032232931309208,0.07007990987907585
252_T1_vs_T3,longitudinal,5,RFArm_to_RHand_ry,RFArm_to_RHand,ry,0.005774316686890461,0.020858645223960977,0.015084328537070516,0.08032232931309208,0.07007990987907585
252_T1_vs_T3,longitudinal,5,RFArm_to_RHand_rz,RFArm_to_RHand,rz,0.052418900316468134,0.008937627423925752,-0.04348127289254238,0.08032232931309208,0.07007990987907585
252_T1_vs_T3,longitudinal,5,RShin_to_RFoot_rx,RShin_to_RFoot,rx,0.013133166374421176,0.029689225694698826,0.01655605932027765,0.08032232931309208,0.07007990987907585
252_T1_vs_T3,longitudinal,5,RShin_to_RFoot_ry,RShin_to_RFoot,ry,0.11133052285252364,0.013339419124711377,-0.09799110372781226,0.08032232931309208,0.07007990987907585
252_T1_vs_T3,longitudinal,5,RShin_to_RFoot_rz,RShin_to_RFoot,rz,0.052484264627969124,0.04141989511355901,-0.011064369514410116,0.08032232931309208,0.07007990987907585
252_T1_vs_T3,longitudinal,5,RShoulder_to_RUArm_rx,RShoulder_to_RUArm,rx,0.2960496552463209,0.2364589986454847,-0.05959065660083618,0.08032232931309208,0.07007990987907585
252_T1_vs_T3,longitudinal,5,RShoulder_to_RUArm_ry,RShoulder_to_RUArm,ry,0.19612874751127454,0.3797530415625715,0.18362429405129696,0.08032232931309208,0.07007990987907585
252_T1_vs_T3,longitudinal,5,RShoulder_to_RUArm_rz,RShoulder_to_RUArm,rz,0.19771857678619514,0.016035424494520396,-0.18168315229167475,0.08032232931309208,0.07007990987907585
252_T1_vs_T3,longitudinal,5,RThigh_to_RShin_rx,RThigh_to_RShin,rx,0.2465327611734623,0.06282045914916204,-0.18371230202430025,0.08032232931309208,0.07007990987907585
252_T1_vs_T3,longitudinal,5,RThigh_to_RShin_ry,RThigh_to_RShin,ry,2.5132692930829244e-08,3.6165459432550395e-08,1.1032766501721151e-08,0.08032232931309208,0.07007990987907585
252_T1_vs_T3,longitudinal,5,RThigh_to_RShin_rz,RThigh_to_RShin,rz,8.382165659250114e-09,7.2558930826061135e-09,-1.126272576644e-09,0.08032232931309208,0.07007990987907585
252_T1_vs_T3,longitudinal,5,RUArm_to_RFArm_rx,RUArm_to_RFArm,rx,0.0036909390827466683,0.256323970478732,0.25263303139598536,0.08032232931309208,0.07007990987907585
252_T1_vs_T3,longitudinal,5,RUArm_to_RFArm_ry,RUArm_to_RFArm,ry,0.19798982839152993,0.14958534085489897,-0.04840448753663096,0.08032232931309208,0.07007990987907585
252_T1_vs_T3,longitudinal,5,RUArm_to_RFArm_rz,RUArm_to_RFArm,rz,0.03978123862938757,0.020866816748883542,-0.01891442188050403,0.08032232931309208,0.07007990987907585
252_T1_vs_T3,longitudinal,6,252_to_LThigh_rx,252_to_LThigh,rx,0.2249887909519509,0.009026418738851292,-0.2159623722130996,0.055399736834294895,0.06390094318531564
252_T1_vs_T3,longitudinal,6,252_to_LThigh_ry,252_to_LThigh,ry,0.10389190988539294,0.03900847521753138,-0.06488343466786156,0.055399736834294895,0.06390094318531564
252_T1_vs_T3,longitudinal,6,252_to_LThigh_rz,252_to_LThigh,rz,0.027374675160679096,0.005964886157786731,-0.021409789002892365,0.055399736834294895,0.06390094318531564
252_T1_vs_T3,longitudinal,6,252_to_RThigh_rx,252_to_RThigh,rx,0.02794093496774633,0.09318859222838924,0.06524765726064291,0.055399736834294895,0.06390094318531564
252_T1_vs_T3,longitudinal,6,252_to_RThigh_ry,252_to_RThigh,ry,0.12383069903862602,0.055613404462583484,-0.06821729457604253,0.055399736834294895,0.06390094318531564
252_T1_vs_T3,longitudinal,6,252_to_RThigh_rz,252_to_RThigh,rz,0.09663350237187585,0.049307276478095775,-0.04732622589378007,0.055399736834294895,0.06390094318531564
252_T1_vs_T3,longitudinal,6,Chest_to_LShoulder_rx,Chest_to_LShoulder,rx,0.0023654242009479806,0.05130748242333245,0.04894205822238447,0.055399736834294895,0.06390094318531564
252_T1_vs_T3,longitudinal,6,Chest_to_LShoulder_ry,Chest_to_LShoulder,ry,0.08668498332810134,0.07417030694700483,-0.012514676381096518,0.055399736834294895,0.06390094318531564
252_T1_vs_T3,longitudinal,6,Chest_to_LShoulder_rz,Chest_to_LShoulder,rz,0.00582898842995229,0.050361860267580695,0.044532871837628406,0.055399736834294895,0.06390094318531564
252_T1_vs_T3,longitudinal,6,Chest_to_Neck_rx,Chest_to_Neck,rx,0.08659458416219393,0.00873908619949093,-0.077855497962703,0.055399736834294895,0.06390094318531564
252_T1_vs_T3,longitudinal,6,Chest_to_Neck_ry,Chest_to_Neck,ry,0.0766226211650752,0.005570290592750072,-0.07105233057232513,0.055399736834294895,0.06390094318531564
252_T1_vs_T3,longitudinal,6,Chest_to_Neck_rz,Chest_to_Neck,rz,0.01312409162288584,0.06997703182723887,0.05685294020435303,0.055399736834294895,0.06390094318531564
252_T1_vs_T3,longitudinal,6,Chest_to_RShoulder_rx,Chest_to_RShoulder,rx,0.04301023332184846,0.04276050360094176,-0.00024972972090669954,0.055399736834294895,0.06390094318531564
252_T1_vs_T3,longitudinal,6,Chest_to_RShoulder_ry,Chest_to_RShoulder,ry,0.0470870202591793,0.04236597589626558,-0.0047210443629137205,0.055399736834294895,0.06390094318531564
252_T1_vs_T3,longitudinal,6,Chest_to_RShoulder_rz,Chest_to_RShoulder,rz,0.04522291977895666,0.12601526329645954,0.08079234351750288,0.055399736834294895,0.06390094318531564
252_T1_vs_T3,longitudinal,6,LFArm_to_LHand_rx,LFArm_to_LHand,rx,0.025556711391222786,0.007465692088897631,-0.018091019302325154,0.055399736834294895,0.06390094318531564
252_T1_vs_T3,longitudinal,6,LFArm_to_LHand_ry,LFArm_to_LHand,ry,0.04999460503929781,0.01882302679350316,-0.031171578245794654,0.055399736834294895,0.06390094318531564
252_T1_vs_T3,longitudinal,6,LFArm_to_LHand_rz,LFArm_to_LHand,rz,0.15857481857171898,0.05427520440252467,-0.10429961416919431,0.055399736834294895,0.06390094318531564
252_T1_vs_T3,longitudinal,6,LShin_to_LFoot_rx,LShin_to_LFoot,rx,0.06905472585881588,0.06865345438755749,-0.00040127147125838813,0.055399736834294895,0.06390094318531564
252_T1_vs_T3,longitudinal,6,LShin_to_LFoot_ry,LShin_to_LFoot,ry,0.0740071649427806,0.12095417730116201,0.046947012358381404,0.055399736834294895,0.06390094318531564
252_T1_vs_T3,longitudinal,6,LShin_to_LFoot_rz,LShin_to_LFoot,rz,0.03504387617197229,0.05094169108256463,0.01589781491059234,0.055399736834294895,0.06390094318531564
252_T1_vs_T3,longitudinal,6,LShoulder_to_LUArm_rx,LShoulder_to_LUArm,rx,0.12520123419647858,0.2572867652712126,0.132085531074734,0.055399736834294895,0.06390094318531564
252_T1_vs_T3,longitudinal,6,LShoulder_to_LUArm_ry,LShoulder_to_LUArm,ry,0.34413034781107893,0.2943519332624826,-0.04977841454859633,0.055399736834294895,0.06390094318531564
252_T1_vs_T3,longitudinal,6,LShoulder_to_LUArm_rz,LShoulder_to_LUArm,rz,0.1904530291662375,0.3820506664221769,0.1915976372559394,0.055399736834294895,0.06390094318531564
252_T1_vs_T3,longitudinal,6,LThigh_to_LShin_rx,LThigh_to_LShin,rx,0.04362968506297342,0.26159852213196666,0.21796883706899323,0.055399736834294895,0.06390094318531564
252_T1_vs_T3,longitudinal,6,LThigh_to_LShin_ry,LThigh_to_LShin,ry,1.3207579961653452e-08,3.3547487763841592e-09,-9.852831185269293e-09,0.055399736834294895,0.06390094318531564
252_T1_vs_T3,longitudinal,6,LThigh_to_LShin_rz,LThigh_to_LShin,rz,3.321228809495034e-08,8.575738704250421e-10,-3.23547142245253e-08,0.055399736834294895,0.06390094318531564
252_T1_vs_T3,longitudinal,6,LUArm_to_LFArm_rx,LUArm_to_LFArm,rx,0.14426001191479249,0.07776931671430669,-0.0664906952004858,0.055399736834294895,0.06390094318531564
252_T1_vs_T3,longitudinal,6,LUArm_to_LFArm_ry,LUArm_to_LFArm,ry,0.25422287002496735,0.15708754715988305,-0.0971353228650843,0.055399736834294895,0.06390094318531564
252_T1_vs_T3,longitudinal,6,LUArm_to_LFArm_rz,LUArm_to_LFArm,rz,0.05481160794356415,0.006967779412995102,-0.047843828530569045,0.055399736834294895,0.06390094318531564
252_T1_vs_T3,longitudinal,6,Neck_to_Head_rx,Neck_to_Head,rx,0.08666866584884649,0.008739773792759697,-0.07792889205608679,0.055399736834294895,0.06390094318531564
252_T1_vs_T3,longitudinal,6,Neck_to_Head_ry,Neck_to_Head,ry,0.07764454454207928,0.018735367433459486,-0.058909177108619794,0.055399736834294895,0.06390094318531564
252_T1_vs_T3,longitudinal,6,Neck_to_Head_rz,Neck_to_Head,rz,0.001592531404145588,0.06763578889309506,0.06604325748894947,0.055399736834294895,0.06390094318531564
252_T1_vs_T3,longitudinal,6,RFArm_to_RHand_rx,RFArm_to_RHand,rx,0.00010633375665521044,0.0007682661187018757,0.0006619323620466653,0.055399736834294895,0.06390094318531564
252_T1_vs_T3,longitudinal,6,RFArm_to_RHand_ry,RFArm_to_RHand,ry,0.04515361280527613,0.02800378005783422,-0.017149832747441914,0.055399736834294895,0.06390094318531564
252_T1_vs_T3,longitudinal,6,RFArm_to_RHand_rz,RFArm_to_RHand,rz,0.009481028683105502,0.0094663724736027,-1.4656209502802303e-05,0.055399736834294895,0.06390094318531564
252_T1_vs_T3,longitudinal,6,RShin_to_RFoot_rx,RShin_to_RFoot,rx,0.02671833011930098,0.12486960976087425,0.09815127964157326,0.055399736834294895,0.06390094318531564
252_T1_vs_T3,longitudinal,6,RShin_to_RFoot_ry,RShin_to_RFoot,ry,0.035906045948736566,0.07125543661812504,0.03534939066938848,0.055399736834294895,0.06390094318531564
252_T1_vs_T3,longitudinal,6,RShin_to_RFoot_rz,RShin_to_RFoot,rz,0.1036108439890912,0.015602875795683726,-0.08800796819340748,0.055399736834294895,0.06390094318531564
252_T1_vs_T3,longitudinal,6,RShoulder_to_RUArm_rx,RShoulder_to_RUArm,rx,0.23289911591751533,0.3352790387723768,0.10237992285486147,0.055399736834294895,0.06390094318531564
252_T1_vs_T3,longitudinal,6,RShoulder_to_RUArm_ry,RShoulder_to_RUArm,ry,0.0041134364954646535,0.2220880754758985,0.21797463898043384,0.055399736834294895,0.06390094318531564
252_T1_vs_T3,longitudinal,6,RShoulder_to_RUArm_rz,RShoulder_to_RUArm,rz,0.48649739356270594,0.5788126967565103,0.09231530319380432,0.055399736834294895,0.06390094318531564
252_T1_vs_T3,longitudinal,6,RThigh_to_RShin_rx,RThigh_to_RShin,rx,0.5076736684145192,0.029552051600161434,-0.4781216168143578,0.055399736834294895,0.06390094318531564
252_T1_vs_T3,longitudinal,6,RThigh_to_RShin_ry,RThigh_to_RShin,ry,2.149855441957534e-08,5.028550785036374e-09,-1.647000363453897e-08,0.055399736834294895,0.06390094318531564
252_T1_vs_T3,longitudinal,6,RThigh_to_RShin_rz,RThigh_to_RShin,rz,7.297758573035503e-08,2.930236617426835e-08,-4.367521955608668e-08,0.055399736834294895,0.06390094318531564
252_T1_vs_T3,longitudinal,6,RUArm_to_RFArm_rx,RUArm_to_RFArm,rx,0.06322129483932751,0.011430996295242406,-0.0517902985440851,0.055399736834294895,0.06390094318531564
252_T1_vs_T3,longitudinal,6,RUArm_to_RFArm_ry,RUArm_to_RFArm,ry,0.03598246016822231,0.021614408960226185,-0.014368051207996127,0.055399736834294895,0.06390094318531564
252_T1_vs_T3,longitudinal,6,RUArm_to_RFArm_rz,RUArm_to_RFArm,rz,0.04806346576072576,0.025542068751235075,-0.022521397009490685,0.055399736834294895,0.06390094318531564
252_T1_vs_T3,longitudinal,7,252_to_LThigh_rx,252_to_LThigh,rx,0.038896054769665886,0.20140264270390845,0.16250658793424255,0.04461123620274514,0.041942033551142975
252_T1_vs_T3,longitudinal,7,252_to_LThigh_ry,252_to_LThigh,ry,0.051296388158806994,0.03401375723997435,-0.017282630918832642,0.04461123620274514,0.041942033551142975
252_T1_vs_T3,longitudinal,7,252_to_LThigh_rz,252_to_LThigh,rz,0.06979690812192955,0.11240245489457815,0.04260554677264859,0.04461123620274514,0.041942033551142975
252_T1_vs_T3,longitudinal,7,252_to_RThigh_rx,252_to_RThigh,rx,0.2046443722634003,0.2575367256675397,0.05289235340413942,0.04461123620274514,0.041942033551142975
252_T1_vs_T3,longitudinal,7,252_to_RThigh_ry,252_to_RThigh,ry,0.03211866235958769,0.06642409516285212,0.03430543280326443,0.04461123620274514,0.041942033551142975
252_T1_vs_T3,longitudinal,7,252_to_RThigh_rz,252_to_RThigh,rz,0.032674514936821095,0.1131989337781837,0.0805244188413626,0.04461123620274514,0.041942033551142975
252_T1_vs_T3,longitudinal,7,Chest_to_LShoulder_rx,Chest_to_LShoulder,rx,0.07062939556258951,0.0010313840181646028,-0.06959801154442491,0.04461123620274514,0.041942033551142975
252_T1_vs_T3,longitudinal,7,Chest_to_LShoulder_ry,Chest_to_LShoulder,ry,0.05628971986947003,0.07311692001851298,0.016827200149042952,0.04461123620274514,0.041942033551142975
252_T1_vs_T3,longitudinal,7,Chest_to_LShoulder_rz,Chest_to_LShoulder,rz,0.05501875964972953,0.046012375978958,-0.009006383670771528,0.04461123620274514,0.041942033551142975
252_T1_vs_T3,longitudinal,7,Chest_to_Neck_rx,Chest_to_Neck,rx,0.01146619891702519,0.039899391495878594,0.028433192578853406,0.04461123620274514,0.041942033551142975
252_T1_vs_T3,longitudinal,7,Chest_to_Neck_ry,Chest_to_Neck,ry,0.03881570098109859,0.09549244784635384,0.05667674686525525,0.04461123620274514,0.041942033551142975
252_T1_vs_T3,longitudinal,7,Chest_to_Neck_rz,Chest_to_Neck,rz,0.07853394830739574,0.0735454093266357,-0.004988538980760043,0.04461123620274514,0.041942033551142975
252_T1_vs_T3,longitudinal,7,Chest_to_RShoulder_rx,Chest_to_RShoulder,rx,0.0261665977948956,0.014902072241555925,-0.011264525553339675,0.04461123620274514,0.041942033551142975
252_T1_vs_T3,longitudinal,7,Chest_to_RShoulder_ry,Chest_to_RShoulder,ry,0.035590961703123244,0.013600639979021821,-0.021990321724101425,0.04461123620274514,0.041942033551142975
252_T1_vs_T3,longitudinal,7,Chest_to_RShoulder_rz,Chest_to_RShoulder,rz,0.08438045081451616,0.021622400493557355,-0.0627580503209588,0.04461123620274514,0.041942033551142975
252_T1_vs_T3,longitudinal,7,LFArm_to_LHand_rx,LFArm_to_LHand,rx,0.00595960946770037,0.04471932916623021,0.03875971969852984,0.04461123620274514,0.041942033551142975
252_T1_vs_T3,longitudinal,7,LFArm_to_LHand_ry,LFArm_to_LHand,ry,0.021700711663117503,0.11302222969980263,0.09132151803668513,0.04461123620274514,0.041942033551142975
252_T1_vs_T3,longitudinal,7,LFArm_to_LHand_rz,LFArm_to_LHand,rz,0.042944424238588574,0.2676447310506084,0.2247003068120198,0.04461123620274514,0.041942033551142975
252_T1_vs_T3,longitudinal,7,LShin_to_LFoot_rx,LShin_to_LFoot,rx,0.06537688223583556,0.07231579240007224,0.006938910164236686,0.04461123620274514,0.041942033551142975
252_T1_vs_T3,longitudinal,7,LShin_to_LFoot_ry,LShin_to_LFoot,ry,0.0684668054855592,0.060296617267016295,-0.008170188218542901,0.04461123620274514,0.041942033551142975
252_T1_vs_T3,longitudinal,7,LShin_to_LFoot_rz,LShin_to_LFoot,rz,0.04972939007489573,0.00853280913205175,-0.04119658094284398,0.04461123620274514,0.041942033551142975
252_T1_vs_T3,longitudinal,7,LShoulder_to_LUArm_rx,LShoulder_to_LUArm,rx,0.5014737549942422,0.28330017908426774,-0.21817357590997444,0.04461123620274514,0.041942033551142975
252_T1_vs_T3,longitudinal,7,LShoulder_to_LUArm_ry,LShoulder_to_LUArm,ry,0.08428242986999619,0.40234980831990746,0.3180673784499113,0.04461123620274514,0.041942033551142975
252_T1_vs_T3,longitudinal,7,LShoulder_to_LUArm_rz,LShoulder_to_LUArm,rz,0.4194451653674613,0.10208280524841781,-0.3173623601190435,0.04461123620274514,0.041942033551142975
252_T1_vs_T3,longitudinal,7,LThigh_to_LShin_rx,LThigh_to_LShin,rx,0.1143755372826017,0.07740870044481293,-0.03696683683778877,0.04461123620274514,0.041942033551142975
252_T1_vs_T3,longitudinal,7,LThigh_to_LShin_ry,LThigh_to_LShin,ry,9.573256089926599e-09,2.3624486605309963e-08,1.4051230515383364e-08,0.04461123620274514,0.041942033551142975
252_T1_vs_T3,longitudinal,7,LThigh_to_LShin_rz,LThigh_to_LShin,rz,1.838734755376589e-08,1.3948217266953754e-08,-4.4391302868121365e-09,0.04461123620274514,0.041942033551142975
252_T1_vs_T3,longitudinal,7,LUArm_to_LFArm_rx,LUArm_to_LFArm,rx,0.30467114467434964,0.15587822450370942,-0.14879292017064022,0.04461123620274514,0.041942033551142975
252_T1_vs_T3,longitudinal,7,LUArm_to_LFArm_ry,LUArm_to_LFArm,ry,0.10741067591651057,0.06125900395881572,-0.04615167195769485,0.04461123620274514,0.041942033551142975
252_T1_vs_T3,longitudinal,7,LUArm_to_LFArm_rz,LUArm_to_LFArm,rz,0.13471233128622767,0.00902580566892364,-0.12568652561730403,0.04461123620274514,0.041942033551142975
252_T1_vs_T3,longitudinal,7,Neck_to_Head_rx,Neck_to_Head,rx,0.011299255713164166,0.039865231883044236,0.028565976169880068,0.04461123620274514,0.041942033551142975
252_T1_vs_T3,longitudinal,7,Neck_to_Head_ry,Neck_to_Head,ry,0.023336735854610442,0.10763296593220562,0.08429623007759518,0.04461123620274514,0.041942033551142975
252_T1_vs_T3,longitudinal,7,Neck_to_Head_rz,Neck_to_Head,rz,0.08449415785195032,0.05380370127388337,-0.030690456578066946,0.04461123620274514,0.041942033551142975
252_T1_vs_T3,longitudinal,7,RFArm_to_RHand_rx,RFArm_to_RHand,rx,0.00276837968566997,0.004817349366227905,0.002048969680557935,0.04461123620274514,0.041942033551142975
252_T1_vs_T3,longitudinal,7,RFArm_to_RHand_ry,RFArm_to_RHand,ry,0.022384730224222858,0.033752998881464734,0.011368268657241876,0.04461123620274514,0.041942033551142975
252_T1_vs_T3,longitudinal,7,RFArm_to_RHand_rz,RFArm_to_RHand,rz,0.004715226032891653,0.07293015853422295,0.0682149325013313,0.04461123620274514,0.041942033551142975
252_T1_vs_T3,longitudinal,7,RShin_to_RFoot_rx,RShin_to_RFoot,rx,0.1766002362608167,0.023875564086249332,-0.15272467217456737,0.04461123620274514,0.041942033551142975
252_T1_vs_T3,longitudinal,7,RShin_to_RFoot_ry,RShin_to_RFoot,ry,0.07285382334278852,0.08358847419140843,0.010734650848619909,0.04461123620274514,0.041942033551142975
252_T1_vs_T3,longitudinal,7,RShin_to_RFoot_rz,RShin_to_RFoot,rz,0.05104867279613991,0.04222821142983122,-0.008820461366308686,0.04461123620274514,0.041942033551142975
252_T1_vs_T3,longitudinal,7,RShoulder_to_RUArm_rx,RShoulder_to_RUArm,rx,0.18794328854011916,0.17567953423786328,-0.012263754302255875,0.04461123620274514,0.041942033551142975
252_T1_vs_T3,longitudinal,7,RShoulder_to_RUArm_ry,RShoulder_to_RUArm,ry,0.19452717000052017,0.5530176473828018,0.3584904773822816,0.04461123620274514,0.041942033551142975
252_T1_vs_T3,longitudinal,7,RShoulder_to_RUArm_rz,RShoulder_to_RUArm,rz,0.3248689643082263,0.21537367270529179,-0.10949529160293453,0.04461123620274514,0.041942033551142975
252_T1_vs_T3,longitudinal,7,RThigh_to_RShin_rx,RThigh_to_RShin,rx,0.31728242172120064,0.03507919903530121,-0.2822032226858994,0.04461123620274514,0.041942033551142975
252_T1_vs_T3,longitudinal,7,RThigh_to_RShin_ry,RThigh_to_RShin,ry,2.5795394724476478e-08,1.2133299723971988e-08,-1.366209500050449e-08,0.04461123620274514,0.041942033551142975
252_T1_vs_T3,longitudinal,7,RThigh_to_RShin_rz,RThigh_to_RShin,rz,4.417931111644384e-09,5.517949783006235e-08,5.0761566718417965e-08,0.04461123620274514,0.041942033551142975
252_T1_vs_T3,longitudinal,7,RUArm_to_RFArm_rx,RUArm_to_RFArm,rx,0.08113616335270639,0.19205760711681194,0.11092144376410555,0.04461123620274514,0.041942033551142975
252_T1_vs_T3,longitudinal,7,RUArm_to_RFArm_ry,RUArm_to_RFArm,ry,0.04055328216805923,0.007363099054458564,-0.03319018311360067,0.04461123620274514,0.041942033551142975
252_T1_vs_T3,longitudinal,7,RUArm_to_RFArm_rz,RUArm_to_RFArm,rz,0.003383850798186271,0.04961535426920874,0.04623150347102247,0.04461123620274514,0.041942033551142975
252_T1_vs_T3,longitudinal,8,252_to_LThigh_rx,252_to_LThigh,rx,0.23302125120807726,0.287611608282651,0.054590357074573714,0.0373148256996677,0.026048583532057284
252_T1_vs_T3,longitudinal,8,252_to_LThigh_ry,252_to_LThigh,ry,0.030467109316962098,0.060643522205052605,0.030176412888090507,0.0373148256996677,0.026048583532057284
252_T1_vs_T3,longitudinal,8,252_to_LThigh_rz,252_to_LThigh,rz,0.04016100683381087,0.043555435965704534,0.003394429131893667,0.0373148256996677,0.026048583532057284
252_T1_vs_T3,longitudinal,8,252_to_RThigh_rx,252_to_RThigh,rx,0.052639268324054786,0.13330637235302445,0.08066710402896966,0.0373148256996677,0.026048583532057284
252_T1_vs_T3,longitudinal,8,252_to_RThigh_ry,252_to_RThigh,ry,0.026522114726807496,0.022181621505986217,-0.004340493220821279,0.0373148256996677,0.026048583532057284
252_T1_vs_T3,longitudinal,8,252_to_RThigh_rz,252_to_RThigh,rz,0.05408569677361326,0.0413441986184564,-0.012741498155156857,0.0373148256996677,0.026048583532057284
252_T1_vs_T3,longitudinal,8,Chest_to_LShoulder_rx,Chest_to_LShoulder,rx,0.01861373485123585,0.03418195221455447,0.015568217363318624,0.0373148256996677,0.026048583532057284
252_T1_vs_T3,longitudinal,8,Chest_to_LShoulder_ry,Chest_to_LShoulder,ry,0.014301551593194607,0.013996138589808737,-0.0003054130033858706,0.0373148256996677,0.026048583532057284
252_T1_vs_T3,longitudinal,8,Chest_to_LShoulder_rz,Chest_to_LShoulder,rz,0.06707385565852096,0.03484921692750874,-0.03222463873101222,0.0373148256996677,0.026048583532057284
252_T1_vs_T3,longitudinal,8,Chest_to_Neck_rx,Chest_to_Neck,rx,0.02324048601237459,0.04342397224199845,0.02018348622962386,0.0373148256996677,0.026048583532057284
252_T1_vs_T3,longitudinal,8,Chest_to_Neck_ry,Chest_to_Neck,ry,0.06105905404808923,0.04741081692755131,-0.01364823712053792,0.0373148256996677,0.026048583532057284
252_T1_vs_T3,longitudinal,8,Chest_to_Neck_rz,Chest_to_Neck,rz,0.03394649889585847,0.009704778035809911,-0.024241720860048558,0.0373148256996677,0.026048583532057284
252_T1_vs_T3,longitudinal,8,Chest_to_RShoulder_rx,Chest_to_RShoulder,rx,0.02565252518833628,0.03629914620708178,0.0106466210187455,0.0373148256996677,0.026048583532057284
252_T1_vs_T3,longitudinal,8,Chest_to_RShoulder_ry,Chest_to_RShoulder,ry,0.03780436096177052,0.021220997076330853,-0.016583363885439666,0.0373148256996677,0.026048583532057284
252_T1_vs_T3,longitudinal,8,Chest_to_RShoulder_rz,Chest_to_RShoulder,rz,0.10720777346129258,0.09811305337579043,-0.009094720085502148,0.0373148256996677,0.026048583532057284
252_T1_vs_T3,longitudinal,8,LFArm_to_LHand_rx,LFArm_to_LHand,rx,0.018341046501607776,4.9872654115080385e-05,-0.018291173847492695,0.0373148256996677,0.026048583532057284
252_T1_vs_T3,longitudinal,8,LFArm_to_LHand_ry,LFArm_to_LHand,ry,0.049395669125486444,0.02873310141707552,-0.020662567708410923,0.0373148256996677,0.026048583532057284
252_T1_vs_T3,longitudinal,8,LFArm_to_LHand_rz,LFArm_to_LHand,rz,0.10896132734549686,0.02769715807822789,-0.08126416926726898,0.0373148256996677,0.026048583532057284
252_T1_vs_T3,longitudinal,8,LShin_to_LFoot_rx,LShin_to_LFoot,rx,0.17301428149899672,0.07065813979116845,-0.10235614170782828,0.0373148256996677,0.026048583532057284
252_T1_vs_T3,longitudinal,8,LShin_to_LFoot_ry,LShin_to_LFoot,ry,0.07593886627217014,0.019707766347816714,-0.05623109992435343,0.0373148256996677,0.026048583532057284
252_T1_vs_T3,longitudinal,8,LShin_to_LFoot_rz,LShin_to_LFoot,rz,0.03615364616658393,0.005336893483330587,-0.030816752683253346,0.0373148256996677,0.026048583532057284
252_T1_vs_T3,longitudinal,8,LShoulder_to_LUArm_rx,LShoulder_to_LUArm,rx,0.03337002959434429,0.09856306858967993,0.06519303899533564,0.0373148256996677,0.026048583532057284
252_T1_vs_T3,longitudinal,8,LShoulder_to_LUArm_ry,LShoulder_to_LUArm,ry,0.23262933429458535,0.27368442968948,0.04105509539489463,0.0373148256996677,0.026048583532057284
252_T1_vs_T3,longitudinal,8,LShoulder_to_LUArm_rz,LShoulder_to_LUArm,rz,0.19375037433833728,0.10279479021271722,-0.09095558412562006,0.0373148256996677,0.026048583532057284
252_T1_vs_T3,longitudinal,8,LThigh_to_LShin_rx,LThigh_to_LShin,rx,0.10659757446754621,0.19388402270746924,0.08728644823992303,0.0373148256996677,0.026048583532057284
252_T1_vs_T3,longitudinal,8,LThigh_to_LShin_ry,LThigh_to_LShin,ry,2.1588166605251255e-08,1.851937214543243e-08,-3.0687944598188265e-09,0.0373148256996677,0.026048583532057284
252_T1_vs_T3,longitudinal,8,LThigh_to_LShin_rz,LThigh_to_LShin,rz,2.3865746387869488e-08,4.490953624472431e-08,2.1043789856854822e-08,0.0373148256996677,0.026048583532057284
252_T1_vs_T3,longitudinal,8,LUArm_to_LFArm_rx,LUArm_to_LFArm,rx,0.10224343235077062,0.2724127786741055,0.1701693463233349,0.0373148256996677,0.026048583532057284
252_T1_vs_T3,longitudinal,8,LUArm_to_LFArm_ry,LUArm_to_LFArm,ry,0.3182117265200417,0.09112243419209269,-0.227089292327949,0.0373148256996677,0.026048583532057284
252_T1_vs_T3,longitudinal,8,LUArm_to_LFArm_rz,LUArm_to_LFArm,rz,0.00464538170048339,0.1023561881631117,0.09771080646262832,0.0373148256996677,0.026048583532057284
252_T1_vs_T3,longitudinal,8,Neck_to_Head_rx,Neck_to_Head,rx,0.022972776126620693,0.042898296147466396,0.019925520020845702,0.0373148256996677,0.026048583532057284
252_T1_vs_T3,longitudinal,8,Neck_to_Head_ry,Neck_to_Head,ry,0.06616264310725949,0.04467060122812073,-0.021492041879138758,0.0373148256996677,0.026048583532057284
252_T1_vs_T3,longitudinal,8,Neck_to_Head_rz,Neck_to_Head,rz,0.021565325686267726,0.018536309636361523,-0.003029016049906203,0.0373148256996677,0.026048583532057284
252_T1_vs_T3,longitudinal,8,RFArm_to_RHand_rx,RFArm_to_RHand,rx,0.004940493866356083,0.006679677274455733,0.0017391834080996496,0.0373148256996677,0.026048583532057284
252_T1_vs_T3,longitudinal,8,RFArm_to_RHand_ry,RFArm_to_RHand,ry,0.0328638494722844,0.013236496251360726,-0.019627353220923675,0.0373148256996677,0.026048583532057284
252_T1_vs_T3,longitudinal,8,RFArm_to_RHand_rz,RFArm_to_RHand,rz,0.044825469597372665,0.11349839585138369,0.06867292625401103,0.0373148256996677,0.026048583532057284
252_T1_vs_T3,longitudinal,8,RShin_to_RFoot_rx,RShin_to_RFoot,rx,0.028232737330460153,0.12616371957736916,0.097930982246909,0.0373148256996677,0.026048583532057284
252_T1_vs_T3,longitudinal,8,RShin_to_RFoot_ry,RShin_to_RFoot,ry,0.07830651304219738,0.005423890351980355,-0.07288262269021703,0.0373148256996677,0.026048583532057284
252_T1_vs_T3,longitudinal,8,RShin_to_RFoot_rz,RShin_to_RFoot,rz,0.046292958165831725,0.006651936535732623,-0.0396410216300991,0.0373148256996677,0.026048583532057284
252_T1_vs_T3,longitudinal,8,RShoulder_to_RUArm_rx,RShoulder_to_RUArm,rx,0.17169723400178463,0.08550750437569081,-0.08618972962609382,0.0373148256996677,0.026048583532057284
252_T1_vs_T3,longitudinal,8,RShoulder_to_RUArm_ry,RShoulder_to_RUArm,ry,0.49597873488490385,0.07642686766730718,-0.4195518672175967,0.0373148256996677,0.026048583532057284
252_T1_vs_T3,longitudinal,8,RShoulder_to_RUArm_rz,RShoulder_to_RUArm,rz,0.020023471313401243,0.1321315935963272,0.11210812228292596,0.0373148256996677,0.026048583532057284
252_T1_vs_T3,longitudinal,8,RThigh_to_RShin_rx,RThigh_to_RShin,rx,0.16836600130613366,0.02139328485507467,-0.146972716451059,0.0373148256996677,0.026048583532057284
252_T1_vs_T3,longitudinal,8,RThigh_to_RShin_ry,RThigh_to_RShin,ry,3.8279214945811584e-08,1.827572196312152e-08,-2.0003492982690063e-08,0.0373148256996677,0.026048583532057284
252_T1_vs_T3,longitudinal,8,RThigh_to_RShin_rz,RThigh_to_RShin,rz,2.5770390407193153e-08,2.9354207576510877e-09,-2.2834969649542066e-08,0.0373148256996677,0.026048583532057284
252_T1_vs_T3,longitudinal,8,RUArm_to_RFArm_rx,RUArm_to_RFArm,rx,0.4178858342262538,0.1688488912092705,-0.24903694301698331,0.0373148256996677,0.026048583532057284
252_T1_vs_T3,longitudinal,8,RUArm_to_RFArm_ry,RUArm_to_RFArm,ry,0.3835128337500727,0.7310413205006964,0.34752848675062364,0.0373148256996677,0.026048583532057284
252_T1_vs_T3,longitudinal,8,RUArm_to_RFArm_rz,RUArm_to_RFArm,rz,0.04118881011453059,0.11616110361092254,0.07497229349639195,0.0373148256996677,0.026048583532057284
252_T1_vs_T3,longitudinal,9,252_to_LThigh_rx,252_to_LThigh,rx,0.23991439202582188,0.1129010702027273,-0.12701332182309458,0.0348621756747563,0.019673091223598983
252_T1_vs_T3,longitudinal,9,252_to_LThigh_ry,252_to_LThigh,ry,0.012493558436765015,0.032629006244437375,0.02013544780767236,0.0348621756747563,0.019673091223598983
252_T1_vs_T3,longitudinal,9,252_to_LThigh_rz,252_to_LThigh,rz,0.058493596268408964,0.04080210957877075,-0.017691486689638214,0.0348621756747563,0.019673091223598983
252_T1_vs_T3,longitudinal,9,252_to_RThigh_rx,252_to_RThigh,rx,0.255680497224747,0.10748303809495882,-0.14819745912978818,0.0348621756747563,0.019673091223598983
252_T1_vs_T3,longitudinal,9,252_to_RThigh_ry,252_to_RThigh,ry,0.013076352078887663,0.040781420407391744,0.02770506832850408,0.0348621756747563,0.019673091223598983
252_T1_vs_T3,longitudinal,9,252_to_RThigh_rz,252_to_RThigh,rz,0.11168077232103533,0.06691550346708888,-0.04476526885394645,0.0348621756747563,0.019673091223598983
252_T1_vs_T3,longitudinal,9,Chest_to_LShoulder_rx,Chest_to_LShoulder,rx,0.015485839728753135,0.045045228029035,0.029559388300281868,0.0348621756747563,0.019673091223598983
252_T1_vs_T3,longitudinal,9,Chest_to_LShoulder_ry,Chest_to_LShoulder,ry,0.032291650151498215,0.0024823454634435886,-0.029809304688054625,0.0348621756747563,0.019673091223598983
252_T1_vs_T3,longitudinal,9,Chest_to_LShoulder_rz,Chest_to_LShoulder,rz,0.033216637443088864,0.05505206549475511,0.021835428051666245,0.0348621756747563,0.019673091223598983
252_T1_vs_T3,longitudinal,9,Chest_to_Neck_rx,Chest_to_Neck,rx,0.0016188956320532522,0.03478050227841188,0.03316160664635863,0.0348621756747563,0.019673091223598983
252_T1_vs_T3,longitudinal,9,Chest_to_Neck_ry,Chest_to_Neck,ry,0.04521529361223737,0.010317069294456227,-0.03489822431778114,0.0348621756747563,0.019673091223598983
252_T1_vs_T3,longitudinal,9,Chest_to_Neck_rz,Chest_to_Neck,rz,0.058390943610832316,0.045067233505778174,-0.013323710105054141,0.0348621756747563,0.019673091223598983
252_T1_vs_T3,longitudinal,9,Chest_to_RShoulder_rx,Chest_to_RShoulder,rx,0.006928423308196179,0.016945843295834682,0.010017419987638502,0.0348621756747563,0.019673091223598983
252_T1_vs_T3,longitudinal,9,Chest_to_RShoulder_ry,Chest_to_RShoulder,ry,0.01695185833540804,0.020350246720870706,0.0033983883854626674,0.0348621756747563,0.019673091223598983
252_T1_vs_T3,longitudinal,9,Chest_to_RShoulder_rz,Chest_to_RShoulder,rz,0.03767062263451972,0.07190688649177635,0.03423626385725662,0.0348621756747563,0.019673091223598983
252_T1_vs_T3,longitudinal,9,LFArm_to_LHand_rx,LFArm_to_LHand,rx,0.02461333778068822,0.002981347887153841,-0.02163198989353438,0.0348621756747563,0.019673091223598983
252_T1_vs_T3,longitudinal,9,LFArm_to_LHand_ry,LFArm_to_LHand,ry,0.037905074432523105,0.0002986671500166273,-0.03760640728250648,0.0348621756747563,0.019673091223598983
252_T1_vs_T3,longitudinal,9,LFArm_to_LHand_rz,LFArm_to_LHand,rz,0.12718034995805494,0.000600408599618173,-0.12657994135843675,0.0348621756747563,0.019673091223598983
252_T1_vs_T3,longitudinal,9,LShin_to_LFoot_rx,LShin_to_LFoot,rx,0.04352920618861548,0.032075741700586635,-0.011453464488028843,0.0348621756747563,0.019673091223598983
252_T1_vs_T3,longitudinal,9,LShin_to_LFoot_ry,LShin_to_LFoot,ry,0.07213655078435831,0.0017581315892170044,-0.0703784191951413,0.0348621756747563,0.019673091223598983
252_T1_vs_T3,longitudinal,9,LShin_to_LFoot_rz,LShin_to_LFoot,rz,0.02835873879030609,0.026479985364989512,-0.0018787534253165775,0.0348621756747563,0.019673091223598983
252_T1_vs_T3,longitudinal,9,LShoulder_to_LUArm_rx,LShoulder_to_LUArm,rx,0.2821400580512934,0.09795164309546976,-0.1841884149558236,0.0348621756747563,0.019673091223598983
252_T1_vs_T3,longitudinal,9,LShoulder_to_LUArm_ry,LShoulder_to_LUArm,ry,0.15933773884361044,0.10851971486378818,-0.050818023979822255,0.0348621756747563,0.019673091223598983
252_T1_vs_T3,longitudinal,9,LShoulder_to_LUArm_rz,LShoulder_to_LUArm,rz,0.3439580044520146,0.2485946518977132,-0.09536335255430137,0.0348621756747563,0.019673091223598983
252_T1_vs_T3,longitudinal,9,LThigh_to_LShin_rx,LThigh_to_LShin,rx,0.29953568111892026,0.11567347071387425,-0.18386221040504602,0.0348621756747563,0.019673091223598983
252_T1_vs_T3,longitudinal,9,LThigh_to_LShin_ry,LThigh_to_LShin,ry,4.746953011665551e-10,1.0277818139030984e-09,5.530865127365433e-10,0.0348621756747563,0.019673091223598983
252_T1_vs_T3,longitudinal,9,LThigh_to_LShin_rz,LThigh_to_LShin,rz,3.846073663745909e-08,2.1436068054937904e-09,-3.6317129831965295e-08,0.0348621756747563,0.019673091223598983
252_T1_vs_T3,longitudinal,9,LUArm_to_LFArm_rx,LUArm_to_LFArm,rx,0.2832385437030157,0.3719441566274216,0.08870561292440587,0.0348621756747563,0.019673091223598983
252_T1_vs_T3,longitudinal,9,LUArm_to_LFArm_ry,LUArm_to_LFArm,ry,0.1398347453109991,0.7100990386456727,0.5702642933346735,0.0348621756747563,0.019673091223598983
252_T1_vs_T3,longitudinal,9,LUArm_to_LFArm_rz,LUArm_to_LFArm,rz,0.17291233413176077,0.10986969241081516,-0.0630426417209456,0.0348621756747563,0.019673091223598983
252_T1_vs_T3,longitudinal,9,Neck_to_Head_rx,Neck_to_Head,rx,0.0020070071749619996,0.03488446324975913,0.032877456074797126,0.0348621756747563,0.019673091223598983
252_T1_vs_T3,longitudinal,9,Neck_to_Head_ry,Neck_to_Head,ry,0.05559194998990789,0.0013730452939374916,-0.054218904695970405,0.0348621756747563,0.019673091223598983
252_T1_vs_T3,longitudinal,9,Neck_to_Head_rz,Neck_to_Head,rz,0.04846193007998178,0.046027891876754316,-0.002434038203227462,0.0348621756747563,0.019673091223598983
252_T1_vs_T3,longitudinal,9,RFArm_to_RHand_rx,RFArm_to_RHand,rx,0.010435665039809928,0.006664333171685809,-0.0037713318681241188,0.0348621756747563,0.019673091223598983
252_T1_vs_T3,longitudinal,9,RFArm_to_RHand_ry,RFArm_to_RHand,ry,0.05906182510435297,0.035399898709959694,-0.023661926394393275,0.0348621756747563,0.019673091223598983
252_T1_vs_T3,longitudinal,9,RFArm_to_RHand_rz,RFArm_to_RHand,rz,0.14312478048450036,0.044981291154965845,-0.09814348932953451,0.0348621756747563,0.019673091223598983
252_T1_vs_T3,longitudinal,9,RShin_to_RFoot_rx,RShin_to_RFoot,rx,0.10256348967008433,0.02747432835617595,-0.07508916131390839,0.0348621756747563,0.019673091223598983
252_T1_vs_T3,longitudinal,9,RShin_to_RFoot_ry,RShin_to_RFoot,ry,0.07928773989841703,0.014134931842153272,-0.06515280805626376,0.0348621756747563,0.019673091223598983
252_T1_vs_T3,longitudinal,9,RShin_to_RFoot_rz,RShin_to_RFoot,rz,0.022441909393372976,0.03524899612440568,0.012807086731032702,0.0348621756747563,0.019673091223598983
252_T1_vs_T3,longitudinal,9,RShoulder_to_RUArm_rx,RShoulder_to_RUArm,rx,0.1723320417927999,0.014688087740582506,-0.1576439540522174,0.0348621756747563,0.019673091223598983
252_T1_vs_T3,longitudinal,9,RShoulder_to_RUArm_ry,RShoulder_to_RUArm,ry,0.39374936100661334,0.13435613607563368,-0.25939322493097966,0.0348621756747563,0.019673091223598983
252_T1_vs_T3,longitudinal,9,RShoulder_to_RUArm_rz,RShoulder_to_RUArm,rz,0.3421114862555527,0.07528606347384856,-0.2668254227817042,0.0348621756747563,0.019673091223598983
252_T1_vs_T3,longitudinal,9,RThigh_to_RShin_rx,RThigh_to_RShin,rx,0.11518016476830348,0.015870495651985762,-0.09930966911631772,0.0348621756747563,0.019673091223598983
252_T1_vs_T3,longitudinal,9,RThigh_to_RShin_ry,RThigh_to_RShin,ry,5.577970189852613e-09,4.156539824941257e-09,-1.4214303649113564e-09,0.0348621756747563,0.019673091223598983
252_T1_vs_T3,longitudinal,9,RThigh_to_RShin_rz,RThigh_to_RShin,rz,1.8796910672323433e-08,9.276186996796521e-09,-9.520723675526911e-09,0.0348621756747563,0.019673091223598983
252_T1_vs_T3,longitudinal,9,RUArm_to_RFArm_rx,RUArm_to_RFArm,rx,0.038904215721052696,0.1546839128392288,0.11577969711817611,0.0348621756747563,0.019673091223598983
252_T1_vs_T3,longitudinal,9,RUArm_to_RFArm_ry,RUArm_to_RFArm,ry,0.10502771948330993,0.37202776425733936,0.26700004477402944,0.0348621756747563,0.019673091223598983
252_T1_vs_T3,longitudinal,9,RUArm_to_RFArm_rz,RUArm_to_RFArm,rz,0.08950521764587122,0.0649882444887102,-0.024516973157161018,0.0348621756747563,0.019673091223598983
252_T1_R1_vs_R2,natural_variability,1,252_to_LThigh_rx,252_to_LThigh,rx,0.09108767671284318,0.09575474507708134,0.004667068364238164,0.20033181326203747,0.25159037227153913
252_T1_R1_vs_R2,natural_variability,1,252_to_LThigh_ry,252_to_LThigh,ry,0.01529628820378803,0.06506078827830977,0.04976450007452174,0.20033181326203747,0.25159037227153913
252_T1_R1_vs_R2,natural_variability,1,252_to_LThigh_rz,252_to_LThigh,rz,0.011614042542161486,0.0023885896204542557,-0.00922545292170723,0.20033181326203747,0.25159037227153913
252_T1_R1_vs_R2,natural_variability,1,252_to_RThigh_rx,252_to_RThigh,rx,0.00364779470972748,0.02258297834497737,0.01893518363524989,0.20033181326203747,0.25159037227153913
252_T1_R1_vs_R2,natural_variability,1,252_to_RThigh_ry,252_to_RThigh,ry,0.028104406152197278,0.06771659663933915,0.039612190487141874,0.20033181326203747,0.25159037227153913
252_T1_R1_vs_R2,natural_variability,1,252_to_RThigh_rz,252_to_RThigh,rz,0.08972387385732493,0.06559351070165916,-0.024130363155665774,0.20033181326203747,0.25159037227153913
252_T1_R1_vs_R2,natural_variability,1,Chest_to_LShoulder_rx,Chest_to_LShoulder,rx,0.04608053631893017,0.060579521677085975,0.014498985358155803,0.20033181326203747,0.25159037227153913
252_T1_R1_vs_R2,natural_variability,1,Chest_to_LShoulder_ry,Chest_to_LShoulder,ry,0.0004711118929596621,0.020430114583024548,0.019959002690064887,0.20033181326203747,0.25159037227153913
252_T1_R1_vs_R2,natural_variability,1,Chest_to_LShoulder_rz,Chest_to_LShoulder,rz,0.07293188563293088,0.096949280643759,0.024017395010828127,0.20033181326203747,0.25159037227153913
252_T1_R1_vs_R2,natural_variability,1,Chest_to_Neck_rx,Chest_to_Neck,rx,0.01864201547889791,0.02608742789544114,0.007445412416543232,0.20033181326203747,0.25159037227153913
252_T1_R1_vs_R2,natural_variability,1,Chest_to_Neck_ry,Chest_to_Neck,ry,0.032123309141156485,0.07650530937112412,0.04438200022996764,0.20033181326203747,0.25159037227153913
252_T1_R1_vs_R2,natural_variability,1,Chest_to_Neck_rz,Chest_to_Neck,rz,0.019179063745201647,0.012760062661769543,-0.006419001083432104,0.20033181326203747,0.25159037227153913
252_T1_R1_vs_R2,natural_variability,1,Chest_to_RShoulder_rx,Chest_to_RShoulder,rx,0.041866268864420034,0.05580232895427806,0.013936060089858024,0.20033181326203747,0.25159037227153913
252_T1_R1_vs_R2,natural_variability,1,Chest_to_RShoulder_ry,Chest_to_RShoulder,ry,0.030658576044292143,0.028785440930834398,-0.0018731351134577447,0.20033181326203747,0.25159037227153913
252_T1_R1_vs_R2,natural_variability,1,Chest_to_RShoulder_rz,Chest_to_RShoulder,rz,0.011555344377431546,0.05949616443105011,0.04794082005361856,0.20033181326203747,0.25159037227153913
252_T1_R1_vs_R2,natural_variability,1,LFArm_to_LHand_rx,LFArm_to_LHand,rx,0.0008935661089890509,0.010685181066629922,0.009791614957640872,0.20033181326203747,0.25159037227153913
252_T1_R1_vs_R2,natural_variability,1,LFArm_to_LHand_ry,LFArm_to_LHand,ry,0.020942585064544116,0.013194254632827284,-0.007748330431716832,0.20033181326203747,0.25159037227153913
252_T1_R1_vs_R2,natural_variability,1,LFArm_to_LHand_rz,LFArm_to_LHand,rz,0.05117118677615153,0.03132252190540602,-0.019848664870745512,0.20033181326203747,0.25159037227153913
252_T1_R1_vs_R2,natural_variability,1,LShin_to_LFoot_rx,LShin_to_LFoot,rx,0.006922853067153078,0.015874332576324056,0.008951479509170978,0.20033181326203747,0.25159037227153913
252_T1_R1_vs_R2,natural_variability,1,LShin_to_LFoot_ry,LShin_to_LFoot,ry,0.018263613431455317,0.03678541246915641,0.018521799037701094,0.20033181326203747,0.25159037227153913
252_T1_R1_vs_R2,natural_variability,1,LShin_to_LFoot_rz,LShin_to_LFoot,rz,0.008720027528492668,0.0030602378162617014,-0.005659789712230967,0.20033181326203747,0.25159037227153913
252_T1_R1_vs_R2,natural_variability,1,LShoulder_to_LUArm_rx,LShoulder_to_LUArm,rx,0.141762031995057,0.27332311226633327,0.13156108027127628,0.20033181326203747,0.25159037227153913
252_T1_R1_vs_R2,natural_variability,1,LShoulder_to_LUArm_ry,LShoulder_to_LUArm,ry,0.3757070541588569,0.2174890915764086,-0.1582179625824483,0.20033181326203747,0.25159037227153913
252_T1_R1_vs_R2,natural_variability,1,LShoulder_to_LUArm_rz,LShoulder_to_LUArm,rz,0.2429677502508551,0.28972864497514156,0.04676089472428646,0.20033181326203747,0.25159037227153913
252_T1_R1_vs_R2,natural_variability,1,LThigh_to_LShin_rx,LThigh_to_LShin,rx,0.030694289162589733,0.04459979778641327,0.013905508623823538,0.20033181326203747,0.25159037227153913
252_T1_R1_vs_R2,natural_variability,1,LThigh_to_LShin_ry,LThigh_to_LShin,ry,5.953673163120014e-09,6.400436207381147e-09,4.4676304426113295e-10,0.20033181326203747,0.25159037227153913
252_T1_R1_vs_R2,natural_variability,1,LThigh_to_LShin_rz,LThigh_to_LShin,rz,1.1265312298103452e-08,1.1704244993870078e-08,4.3893269576662516e-10,0.20033181326203747,0.25159037227153913
252_T1_R1_vs_R2,natural_variability,1,LUArm_to_LFArm_rx,LUArm_to_LFArm,rx,0.022281039548326314,0.10400243304146631,0.08172139349313999,0.20033181326203747,0.25159037227153913
252_T1_R1_vs_R2,natural_variability,1,LUArm_to_LFArm_ry,LUArm_to_LFArm,ry,0.500812992176068,0.5111882617567592,0.010375269580691238,0.20033181326203747,0.25159037227153913
252_T1_R1_vs_R2,natural_variability,1,LUArm_to_LFArm_rz,LUArm_to_LFArm,rz,0.09711749832799997,0.06226503535003114,-0.03485246297796883,0.20033181326203747,0.25159037227153913
252_T1_R1_vs_R2,natural_variability,1,Neck_to_Head_rx,Neck_to_Head,rx,0.01855402873496653,0.025910834215706998,0.007356805480740469,0.20033181326203747,0.25159037227153913
252_T1_R1_vs_R2,natural_variability,1,Neck_to_Head_ry,Neck_to_Head,ry,0.027951801064128718,0.0727999949955102,0.04484819393138148,0.20033181326203747,0.25159037227153913
252_T1_R1_vs_R2,natural_variability,1,Neck_to_Head_rz,Neck_to_Head,rz,0.02487947434973853,0.027069896254732995,0.002190421904994466,0.20033181326203747,0.25159037227153913
252_T1_R1_vs_R2,natural_variability,1,RFArm_to_RHand_rx,RFArm_to_RHand,rx,0.006681365118827863,0.005030249583470672,-0.0016511155353571916,0.20033181326203747,0.25159037227153913
252_T1_R1_vs_R2,natural_variability,1,RFArm_to_RHand_ry,RFArm_to_RHand,ry,0.03563621489786915,0.0010654983553645022,-0.034570716542504654,0.20033181326203747,0.25159037227153913
252_T1_R1_vs_R2,natural_variability,1,RFArm_to_RHand_rz,RFArm_to_RHand,rz,0.10337806198327495,0.0807630324060676,-0.02261502957720736,0.20033181326203747,0.25159037227153913
252_T1_R1_vs_R2,natural_variability,1,RShin_to_RFoot_rx,RShin_to_RFoot,rx,0.04112481472854861,0.0207532660969262,-0.020371548631622414,0.20033181326203747,0.25159037227153913
252_T1_R1_vs_R2,natural_variability,1,RShin_to_RFoot_ry,RShin_to_RFoot,ry,0.0395907989551084,0.05243599985871444,0.012845200903606038,0.20033181326203747,0.25159037227153913
252_T1_R1_vs_R2,natural_variability,1,RShin_to_RFoot_rz,RShin_to_RFoot,rz,0.05638779050266876,0.026610207185941624,-0.029777583316727137,0.20033181326203747,0.25159037227153913
252_T1_R1_vs_R2,natural_variability,1,RShoulder_to_RUArm_rx,RShoulder_to_RUArm,rx,0.597115786273907,0.5450745514242472,-0.052041234849659834,0.20033181326203747,0.25159037227153913
252_T1_R1_vs_R2,natural_variability,1,RShoulder_to_RUArm_ry,RShoulder_to_RUArm,ry,0.10720807733716729,0.12564227618163853,0.018434198844471242,0.20033181326203747,0.25159037227153913
252_T1_R1_vs_R2,natural_variability,1,RShoulder_to_RUArm_rz,RShoulder_to_RUArm,rz,0.0903070426894473,0.2915234484868567,0.2012164057974094,0.20033181326203747,0.25159037227153913
252_T1_R1_vs_R2,natural_variability,1,RThigh_to_RShin_rx,RThigh_to_RShin,rx,0.17018279412474926,0.09953439757254696,-0.0706483965522023,0.20033181326203747,0.25159037227153913
252_T1_R1_vs_R2,natural_variability,1,RThigh_to_RShin_ry,RThigh_to_RShin,ry,2.4765477514393966e-09,1.1467700487724235e-08,8.991152736284838e-09,0.20033181326203747,0.25159037227153913
252_T1_R1_vs_R2,natural_variability,1,RThigh_to_RShin_rz,RThigh_to_RShin,rz,6.23950862847039e-09,6.345172233124347e-09,1.0566360465395691e-10,0.20033181326203747,0.25159037227153913
252_T1_R1_vs_R2,natural_variability,1,RUArm_to_RFArm_rx,RUArm_to_RFArm,rx,0.23034392146700777,0.08669634456199075,-0.143647576905017,0.20033181326203747,0.25159037227153913
252_T1_R1_vs_R2,natural_variability,1,RUArm_to_RFArm_ry,RUArm_to_RFArm,ry,0.06019347696260595,0.16239384930251266,0.10220037233990671,0.20033181326203747,0.25159037227153913
252_T1_R1_vs_R2,natural_variability,1,RUArm_to_RFArm_rz,RUArm_to_RFArm,rz,0.054359905244520966,0.062328785948340355,0.00796888070381939,0.20033181326203747,0.25159037227153913
252_T1_R1_vs_R2,natural_variability,2,252_to_LThigh_rx,252_to_LThigh,rx,0.1039263116949177,0.1266870718517987,0.022760760156881,0.15030544283328554,0.21655214804864906
252_T1_R1_vs_R2,natural_variability,2,252_to_LThigh_ry,252_to_LThigh,ry,0.024659833833640014,0.014080556864811144,-0.01057927696882887,0.15030544283328554,0.21655214804864906
252_T1_R1_vs_R2,natural_variability,2,252_to_LThigh_rz,252_to_LThigh,rz,0.013964265610819019,0.020816353239550313,0.006852087628731294,0.15030544283328554,0.21655214804864906
252_T1_R1_vs_R2,natural_variability,2,252_to_RThigh_rx,252_to_RThigh,rx,0.002099749388353104,0.04952795931897705,0.047428209930623945,0.15030544283328554,0.21655214804864906
252_T1_R1_vs_R2,natural_variability,2,252_to_RThigh_ry,252_to_RThigh,ry,0.019808650735199246,0.03107816978886411,0.011269519053664863,0.15030544283328554,0.21655214804864906
252_T1_R1_vs_R2,natural_variability,2,252_to_RThigh_rz,252_to_RThigh,rz,0.006012467545524143,0.001603802001202378,-0.004408665544321765,0.15030544283328554,0.21655214804864906
252_T1_R1_vs_R2,natural_variability,2,Chest_to_LShoulder_rx,Chest_to_LShoulder,rx,0.03332080516507306,0.030432859991675738,-0.0028879451733973237,0.15030544283328554,0.21655214804864906
252_T1_R1_vs_R2,natural_variability,2,Chest_to_LShoulder_ry,Chest_to_LShoulder,ry,0.018002304851051375,0.03560231621742819,0.017600011366376813,0.15030544283328554,0.21655214804864906
252_T1_R1_vs_R2,natural_variability,2,Chest_to_LShoulder_rz,Chest_to_LShoulder,rz,0.0635384684490968,0.053959097401206677,-0.009579371047890126,0.15030544283328554,0.21655214804864906
252_T1_R1_vs_R2,natural_variability,2,Chest_to_Neck_rx,Chest_to_Neck,rx,0.038124524544928526,0.038853396323187614,0.0007288717782590881,0.15030544283328554,0.21655214804864906
252_T1_R1_vs_R2,natural_variability,2,Chest_to_Neck_ry,Chest_to_Neck,ry,0.02957751894210767,0.008191556297414766,-0.021385962644692905,0.15030544283328554,0.21655214804864906
252_T1_R1_vs_R2,natural_variability,2,Chest_to_Neck_rz,Chest_to_Neck,rz,0.029293002637754823,0.03722450088834307,0.00793149825058825,0.15030544283328554,0.21655214804864906
252_T1_R1_vs_R2,natural_variability,2,Chest_to_RShoulder_rx,Chest_to_RShoulder,rx,0.015153595943841549,0.01582133975462929,0.0006677438107877409,0.15030544283328554,0.21655214804864906
252_T1_R1_vs_R2,natural_variability,2,Chest_to_RShoulder_ry,Chest_to_RShoulder,ry,0.024174759662830152,0.01906895740943134,-0.005105802253398812,0.15030544283328554,0.21655214804864906
252_T1_R1_vs_R2,natural_variability,2,Chest_to_RShoulder_rz,Chest_to_RShoulder,rz,0.12053240472816695,0.11712973725073338,-0.003402667477433577,0.15030544283328554,0.21655214804864906
252_T1_R1_vs_R2,natural_variability,2,LFArm_to_LHand_rx,LFArm_to_LHand,rx,0.008292864410993805,0.009118329830552448,0.0008254654195586422,0.15030544283328554,0.21655214804864906
252_T1_R1_vs_R2,natural_variability,2,LFArm_to_LHand_ry,LFArm_to_LHand,ry,0.029434586579911024,0.02732450754513975,-0.0021100790347712735,0.15030544283328554,0.21655214804864906
252_T1_R1_vs_R2,natural_variability,2,LFArm_to_LHand_rz,LFArm_to_LHand,rz,0.0453296429060157,0.04226024703938111,-0.003069395866634593,0.15030544283328554,0.21655214804864906
252_T1_R1_vs_R2,natural_variability,2,LShin_to_LFoot_rx,LShin_to_LFoot,rx,0.026050475573842935,0.02068722943444237,-0.005363246139400566,0.15030544283328554,0.21655214804864906
252_T1_R1_vs_R2,natural_variability,2,LShin_to_LFoot_ry,LShin_to_LFoot,ry,0.025348546348102963,0.029305705517303333,0.003957159169200371,0.15030544283328554,0.21655214804864906
252_T1_R1_vs_R2,natural_variability,2,LShin_to_LFoot_rz,LShin_to_LFoot,rz,0.010400641203050358,0.008101101992835749,-0.0022995392102146094,0.15030544283328554,0.21655214804864906
252_T1_R1_vs_R2,natural_variability,2,LShoulder_to_LUArm_rx,LShoulder_to_LUArm,rx,0.009411459722589043,0.022819292476948812,0.013407832754359769,0.15030544283328554,0.21655214804864906
252_T1_R1_vs_R2,natural_variability,2,LShoulder_to_LUArm_ry,LShoulder_to_LUArm,ry,0.1684699054878507,0.09464868034885177,-0.07382122513899894,0.15030544283328554,0.21655214804864906
252_T1_R1_vs_R2,natural_variability,2,LShoulder_to_LUArm_rz,LShoulder_to_LUArm,rz,0.054501416265656764,0.014106554363942685,-0.04039486190171408,0.15030544283328554,0.21655214804864906
252_T1_R1_vs_R2,natural_variability,2,LThigh_to_LShin_rx,LThigh_to_LShin,rx,0.008126881496109966,0.05936187368990321,0.051234992193793245,0.15030544283328554,0.21655214804864906
252_T1_R1_vs_R2,natural_variability,2,LThigh_to_LShin_ry,LThigh_to_LShin,ry,4.204424297698962e-09,8.608774381959434e-09,4.404350084260473e-09,0.15030544283328554,0.21655214804864906
252_T1_R1_vs_R2,natural_variability,2,LThigh_to_LShin_rz,LThigh_to_LShin,rz,1.614059715059934e-08,1.6752853284660044e-08,6.122561340607033e-10,0.15030544283328554,0.21655214804864906
252_T1_R1_vs_R2,natural_variability,2,LUArm_to_LFArm_rx,LUArm_to_LFArm,rx,0.04902937240384092,0.026980392913435156,-0.022048979490405764,0.15030544283328554,0.21655214804864906
252_T1_R1_vs_R2,natural_variability,2,LUArm_to_LFArm_ry,LUArm_to_LFArm,ry,0.27092155097573634,0.20890121823947203,-0.06202033273626431,0.15030544283328554,0.21655214804864906
252_T1_R1_vs_R2,natural_variability,2,LUArm_to_LFArm_rz,LUArm_to_LFArm,rz,0.08424729347116845,0.02406794085617275,-0.0601793526149957,0.15030544283328554,0.21655214804864906
252_T1_R1_vs_R2,natural_variability,2,Neck_to_Head_rx,Neck_to_Head,rx,0.0380971029299539,0.03888668811359109,0.0007895851836371912,0.15030544283328554,0.21655214804864906
252_T1_R1_vs_R2,natural_variability,2,Neck_to_Head_ry,Neck_to_Head,ry,0.023517474069555462,0.0009869733470734689,-0.022530500722481993,0.15030544283328554,0.21655214804864906
252_T1_R1_vs_R2,natural_variability,2,Neck_to_Head_rz,Neck_to_Head,rz,0.034356225765217206,0.038091230063717174,0.003735004298499968,0.15030544283328554,0.21655214804864906
252_T1_R1_vs_R2,natural_variability,2,RFArm_to_RHand_rx,RFArm_to_RHand,rx,0.006012538755785052,0.006451006907915857,0.0004384681521308045,0.15030544283328554,0.21655214804864906
252_T1_R1_vs_R2,natural_variability,2,RFArm_to_RHand_ry,RFArm_to_RHand,ry,0.07303369715794764,0.06403562105004107,-0.008998076107906566,0.15030544283328554,0.21655214804864906
252_T1_R1_vs_R2,natural_variability,2,RFArm_to_RHand_rz,RFArm_to_RHand,rz,0.04850100941354506,0.08330772673967893,0.03480671732613387,0.15030544283328554,0.21655214804864906
252_T1_R1_vs_R2,natural_variability,2,RShin_to_RFoot_rx,RShin_to_RFoot,rx,0.004001127588141089,6.641822330546041e-05,-0.0039347093648356285,0.15030544283328554,0.21655214804864906
252_T1_R1_vs_R2,natural_variability,2,RShin_to_RFoot_ry,RShin_to_RFoot,ry,0.01596700650255325,0.021913257831361468,0.005946251328808216,0.15030544283328554,0.21655214804864906
252_T1_R1_vs_R2,natural_variability,2,RShin_to_RFoot_rz,RShin_to_RFoot,rz,0.01739159553551661,0.008862686874356984,-0.008528908661159625,0.15030544283328554,0.21655214804864906
252_T1_R1_vs_R2,natural_variability,2,RShoulder_to_RUArm_rx,RShoulder_to_RUArm,rx,0.23669240092323815,0.48534659607386615,0.248654195150628,0.15030544283328554,0.21655214804864906
252_T1_R1_vs_R2,natural_variability,2,RShoulder_to_RUArm_ry,RShoulder_to_RUArm,ry,0.2901888080176701,0.23003118063276976,-0.06015762738490035,0.15030544283328554,0.21655214804864906
252_T1_R1_vs_R2,natural_variability,2,RShoulder_to_RUArm_rz,RShoulder_to_RUArm,rz,0.22236831260405127,0.15681252951646962,-0.06555578308758164,0.15030544283328554,0.21655214804864906
252_T1_R1_vs_R2,natural_variability,2,RThigh_to_RShin_rx,RThigh_to_RShin,rx,0.07522286174402733,0.06997813257861807,-0.005244729165409259,0.15030544283328554,0.21655214804864906
252_T1_R1_vs_R2,natural_variability,2,RThigh_to_RShin_ry,RThigh_to_RShin,ry,1.4157669204317966e-09,2.0246604605544413e-09,6.088935401226446e-10,0.15030544283328554,0.21655214804864906
252_T1_R1_vs_R2,natural_variability,2,RThigh_to_RShin_rz,RThigh_to_RShin,rz,3.2158025664039116e-08,3.515807513026868e-08,3.0000494662295653e-09,0.15030544283328554,0.21655214804864906
252_T1_R1_vs_R2,natural_variability,2,RUArm_to_RFArm_rx,RUArm_to_RFArm,rx,0.46992893567110944,0.5787498686017368,0.10882093293062739,0.15030544283328554,0.21655214804864906
252_T1_R1_vs_R2,natural_variability,2,RUArm_to_RFArm_ry,RUArm_to_RFArm,ry,0.5751245380962716,0.3972347282310396,-0.177889809865232,0.15030544283328554,0.21655214804864906
252_T1_R1_vs_R2,natural_variability,2,RUArm_to_RFArm_rz,RUArm_to_RFArm,rz,0.29447546970340815,0.2646973116580229,-0.02977815804538525,0.15030544283328554,0.21655214804864906
252_T1_R1_vs_R2,natural_variability,3,252_to_LThigh_rx,252_to_LThigh,rx,0.008562217009355024,0.16977001653241375,0.16120779952305872,0.1173917797246448,0.13617711862339488
252_T1_R1_vs_R2,natural_variability,3,252_to_LThigh_ry,252_to_LThigh,ry,0.04030483473474062,0.09354948016863478,0.05324464543389416,0.1173917797246448,0.13617711862339488
252_T1_R1_vs_R2,natural_variability,3,252_to_LThigh_rz,252_to_LThigh,rz,0.12337013334464539,0.1416085668535109,0.018238433508865504,0.1173917797246448,0.13617711862339488
252_T1_R1_vs_R2,natural_variability,3,252_to_RThigh_rx,252_to_RThigh,rx,0.22694014793322545,0.42115305664792013,0.19421290871469468,0.1173917797246448,0.13617711862339488
252_T1_R1_vs_R2,natural_variability,3,252_to_RThigh_ry,252_to_RThigh,ry,0.01940421513557854,0.07982381477094233,0.060419599635363794,0.1173917797246448,0.13617711862339488
252_T1_R1_vs_R2,natural_variability,3,252_to_RThigh_rz,252_to_RThigh,rz,0.06913178224155374,0.0565514068646985,-0.01258037537685524,0.1173917797246448,0.13617711862339488
252_T1_R1_vs_R2,natural_variability,3,Chest_to_LShoulder_rx,Chest_to_LShoulder,rx,0.01901526727997971,0.02095236256847371,0.0019370952884940028,0.1173917797246448,0.13617711862339488
252_T1_R1_vs_R2,natural_variability,3,Chest_to_LShoulder_ry,Chest_to_LShoulder,ry,0.03515516239042371,0.061020510675139014,0.025865348284715303,0.1173917797246448,0.13617711862339488
252_T1_R1_vs_R2,natural_variability,3,Chest_to_LShoulder_rz,Chest_to_LShoulder,rz,0.054909801383137585,0.007628263980772051,-0.047281537402365535,0.1173917797246448,0.13617711862339488
252_T1_R1_vs_R2,natural_variability,3,Chest_to_Neck_rx,Chest_to_Neck,rx,0.010563221107288731,0.01084281232117395,0.00027959121388521947,0.1173917797246448,0.13617711862339488
252_T1_R1_vs_R2,natural_variability,3,Chest_to_Neck_ry,Chest_to_Neck,ry,0.0018661489673927846,0.0077438990238813885,0.005877750056488604,0.1173917797246448,0.13617711862339488
252_T1_R1_vs_R2,natural_variability,3,Chest_to_Neck_rz,Chest_to_Neck,rz,0.02090859861238479,0.05570439166888838,0.03479579305650359,0.1173917797246448,0.13617711862339488
252_T1_R1_vs_R2,natural_variability,3,Chest_to_RShoulder_rx,Chest_to_RShoulder,rx,0.04311180763577818,1.0998182784900738e-06,-0.04311070781749969,0.1173917797246448,0.13617711862339488
252_T1_R1_vs_R2,natural_variability,3,Chest_to_RShoulder_ry,Chest_to_RShoulder,ry,0.033780715756851654,0.030657603815913464,-0.00312311194093819,0.1173917797246448,0.13617711862339488
252_T1_R1_vs_R2,natural_variability,3,Chest_to_RShoulder_rz,Chest_to_RShoulder,rz,0.007206185729150668,0.07097877130025082,0.06377258557110015,0.1173917797246448,0.13617711862339488
252_T1_R1_vs_R2,natural_variability,3,LFArm_to_LHand_rx,LFArm_to_LHand,rx,0.013743668132538214,0.0015007365901007412,-0.012242931542437472,0.1173917797246448,0.13617711862339488
252_T1_R1_vs_R2,natural_variability,3,LFArm_to_LHand_ry,LFArm_to_LHand,ry,0.04389479724797689,0.015811705306034055,-0.028083091941942834,0.1173917797246448,0.13617711862339488
252_T1_R1_vs_R2,natural_variability,3,LFArm_to_LHand_rz,LFArm_to_LHand,rz,0.06956510545189665,0.002864644838537857,-0.06670046061335878,0.1173917797246448,0.13617711862339488
252_T1_R1_vs_R2,natural_variability,3,LShin_to_LFoot_rx,LShin_to_LFoot,rx,0.015624232501626442,0.02402155380284202,0.008397321301215578,0.1173917797246448,0.13617711862339488
252_T1_R1_vs_R2,natural_variability,3,LShin_to_LFoot_ry,LShin_to_LFoot,ry,0.036428062508971404,0.09745663316028884,0.061028570651317435,0.1173917797246448,0.13617711862339488
252_T1_R1_vs_R2,natural_variability,3,LShin_to_LFoot_rz,LShin_to_LFoot,rz,0.01825081931052018,0.03059498746208435,0.01234416815156417,0.1173917797246448,0.13617711862339488
252_T1_R1_vs_R2,natural_variability,3,LShoulder_to_LUArm_rx,LShoulder_to_LUArm,rx,0.1247187702316309,0.19485822018340435,0.07013944995177344,0.1173917797246448,0.13617711862339488
252_T1_R1_vs_R2,natural_variability,3,LShoulder_to_LUArm_ry,LShoulder_to_LUArm,ry,0.21573975724481256,0.027624506954472845,-0.1881152502903397,0.1173917797246448,0.13617711862339488
252_T1_R1_vs_R2,natural_variability,3,LShoulder_to_LUArm_rz,LShoulder_to_LUArm,rz,0.035642797288094816,0.12195435987839708,0.08631156259030226,0.1173917797246448,0.13617711862339488
252_T1_R1_vs_R2,natural_variability,3,LThigh_to_LShin_rx,LThigh_to_LShin,rx,0.2528907388344148,0.5153825090391808,0.262491770204766,0.1173917797246448,0.13617711862339488
252_T1_R1_vs_R2,natural_variability,3,LThigh_to_LShin_ry,LThigh_to_LShin,ry,2.751984700130217e-08,4.188977356169953e-08,1.4369926560397364e-08,0.1173917797246448,0.13617711862339488
252_T1_R1_vs_R2,natural_variability,3,LThigh_to_LShin_rz,LThigh_to_LShin,rz,1.956512724664734e-08,3.4091264820792755e-08,1.4526137574145416e-08,0.1173917797246448,0.13617711862339488
252_T1_R1_vs_R2,natural_variability,3,LUArm_to_LFArm_rx,LUArm_to_LFArm,rx,0.3479568773361814,0.048484596665004036,-0.29947228067117737,0.1173917797246448,0.13617711862339488
252_T1_R1_vs_R2,natural_variability,3,LUArm_to_LFArm_ry,LUArm_to_LFArm,ry,0.33145680503929315,0.04107497805198252,-0.29038182698731063,0.1173917797246448,0.13617711862339488
252_T1_R1_vs_R2,natural_variability,3,LUArm_to_LFArm_rz,LUArm_to_LFArm,rz,0.042314084592443464,0.14123476804165092,0.09892068344920746,0.1173917797246448,0.13617711862339488
252_T1_R1_vs_R2,natural_variability,3,Neck_to_Head_rx,Neck_to_Head,rx,0.010441080575627322,0.010705842297838634,0.0002647617222113121,0.1173917797246448,0.13617711862339488
252_T1_R1_vs_R2,natural_variability,3,Neck_to_Head_ry,Neck_to_Head,ry,0.005685850361482401,0.002942706645647763,-0.0027431437158346385,0.1173917797246448,0.13617711862339488
252_T1_R1_vs_R2,natural_variability,3,Neck_to_Head_rz,Neck_to_Head,rz,0.02013149028386518,0.05612095500544929,0.03598946472158411,0.1173917797246448,0.13617711862339488
252_T1_R1_vs_R2,natural_variability,3,RFArm_to_RHand_rx,RFArm_to_RHand,rx,0.0022936969709952603,0.007868488125338012,0.005574791154342752,0.1173917797246448,0.13617711862339488
252_T1_R1_vs_R2,natural_variability,3,RFArm_to_RHand_ry,RFArm_to_RHand,ry,0.001894878204299216,0.040852660844047754,0.038957782639748535,0.1173917797246448,0.13617711862339488
252_T1_R1_vs_R2,natural_variability,3,RFArm_to_RHand_rz,RFArm_to_RHand,rz,0.04645157987180495,0.019078636584463,-0.02737294328734195,0.1173917797246448,0.13617711862339488
252_T1_R1_vs_R2,natural_variability,3,RShin_to_RFoot_rx,RShin_to_RFoot,rx,0.1356699672053779,0.11115372522123354,-0.02451624198414437,0.1173917797246448,0.13617711862339488
252_T1_R1_vs_R2,natural_variability,3,RShin_to_RFoot_ry,RShin_to_RFoot,ry,0.07713497930111138,0.05799770065602496,-0.019137278645086415,0.1173917797246448,0.13617711862339488
252_T1_R1_vs_R2,natural_variability,3,RShin_to_RFoot_rz,RShin_to_RFoot,rz,0.06375138567148264,0.02335291869891998,-0.04039846697256266,0.1173917797246448,0.13617711862339488
252_T1_R1_vs_R2,natural_variability,3,RShoulder_to_RUArm_rx,RShoulder_to_RUArm,rx,0.23770970384020476,0.051212470334036427,-0.18649723350616834,0.1173917797246448,0.13617711862339488
252_T1_R1_vs_R2,natural_variability,3,RShoulder_to_RUArm_ry,RShoulder_to_RUArm,ry,0.044912237816178716,0.18433505087103108,0.13942281305485238,0.1173917797246448,0.13617711862339488
252_T1_R1_vs_R2,natural_variability,3,RShoulder_to_RUArm_rz,RShoulder_to_RUArm,rz,0.03504377707369976,0.12116530895735969,0.08612153188365992,0.1173917797246448,0.13617711862339488
252_T1_R1_vs_R2,natural_variability,3,RThigh_to_RShin_rx,RThigh_to_RShin,rx,0.46868842344410017,0.5511075080590172,0.08241908461491704,0.1173917797246448,0.13617711862339488
252_T1_R1_vs_R2,natural_variability,3,RThigh_to_RShin_ry,RThigh_to_RShin,ry,1.1144066914743699e-08,3.4104938350929985e-08,2.2960871436186285e-08,0.1173917797246448,0.13617711862339488
252_T1_R1_vs_R2,natural_variability,3,RThigh_to_RShin_rz,RThigh_to_RShin,rz,1.8846244549346653e-08,4.0321726570898566e-08,2.1475482021551913e-08,0.1173917797246448,0.13617711862339488
252_T1_R1_vs_R2,natural_variability,3,RUArm_to_RFArm_rx,RUArm_to_RFArm,rx,0.2439762186421218,0.02597663398605681,-0.21799958465606498,0.1173917797246448,0.13617711862339488
252_T1_R1_vs_R2,natural_variability,3,RUArm_to_RFArm_ry,RUArm_to_RFArm,ry,0.42304183337376894,0.08430683603374244,-0.3387349973400265,0.1173917797246448,0.13617711862339488
252_T1_R1_vs_R2,natural_variability,3,RUArm_to_RFArm_rz,RUArm_to_RFArm,rz,0.01599619242398289,0.05528480081167493,0.03928860838769204,0.1173917797246448,0.13617711862339488
252_T1_R1_vs_R2,natural_variability,4,252_to_LThigh_rx,252_to_LThigh,rx,0.30495027085174553,4.2613714817373506e-05,-0.30490765713692813,0.08625028966233686,0.12191234080196939
252_T1_R1_vs_R2,natural_variability,4,252_to_LThigh_ry,252_to_LThigh,ry,0.032697006247716966,0.06381281668707078,0.031115810439353818,0.08625028966233686,0.12191234080196939
252_T1_R1_vs_R2,natural_variability,4,252_to_LThigh_rz,252_to_LThigh,rz,0.11251787955298227,0.003002327837682777,-0.10951555171529949,0.08625028966233686,0.12191234080196939
252_T1_R1_vs_R2,natural_variability,4,252_to_RThigh_rx,252_to_RThigh,rx,0.35204219605413156,0.07885961328827601,-0.27318258276585555,0.08625028966233686,0.12191234080196939
252_T1_R1_vs_R2,natural_variability,4,252_to_RThigh_ry,252_to_RThigh,ry,0.02095565866770135,0.07256165408626171,0.051605995418560355,0.08625028966233686,0.12191234080196939
252_T1_R1_vs_R2,natural_variability,4,252_to_RThigh_rz,252_to_RThigh,rz,0.021273799621380613,0.03488008552809684,0.013606285906716229,0.08625028966233686,0.12191234080196939
252_T1_R1_vs_R2,natural_variability,4,Chest_to_LShoulder_rx,Chest_to_LShoulder,rx,0.01550093729799891,0.025340290429617454,0.009839353131618545,0.08625028966233686,0.12191234080196939
252_T1_R1_vs_R2,natural_variability,4,Chest_to_LShoulder_ry,Chest_to_LShoulder,ry,0.07642979085964592,0.04913235286448642,-0.027297437995159504,0.08625028966233686,0.12191234080196939
252_T1_R1_vs_R2,natural_variability,4,Chest_to_LShoulder_rz,Chest_to_LShoulder,rz,0.0028858581058782144,0.019244527390896726,0.01635866928501851,0.08625028966233686,0.12191234080196939
252_T1_R1_vs_R2,natural_variability,4,Chest_to_Neck_rx,Chest_to_Neck,rx,0.049366505949082456,0.00675607073227802,-0.04261043521680444,0.08625028966233686,0.12191234080196939
252_T1_R1_vs_R2,natural_variability,4,Chest_to_Neck_ry,Chest_to_Neck,ry,0.046942171800721334,0.04802910635364332,0.0010869345529219837,0.08625028966233686,0.12191234080196939
252_T1_R1_vs_R2,natural_variability,4,Chest_to_Neck_rz,Chest_to_Neck,rz,0.046706994551808774,0.019498097641402794,-0.02720889691040598,0.08625028966233686,0.12191234080196939
252_T1_R1_vs_R2,natural_variability,4,Chest_to_RShoulder_rx,Chest_to_RShoulder,rx,0.03271704313592613,0.018647296225609813,-0.01406974691031632,0.08625028966233686,0.12191234080196939
252_T1_R1_vs_R2,natural_variability,4,Chest_to_RShoulder_ry,Chest_to_RShoulder,ry,0.02556211625613674,0.03622850751354272,0.010666391257405983,0.08625028966233686,0.12191234080196939
252_T1_R1_vs_R2,natural_variability,4,Chest_to_RShoulder_rz,Chest_to_RShoulder,rz,0.11911523834056711,0.0022325320782538363,-0.11688270626231329,0.08625028966233686,0.12191234080196939
252_T1_R1_vs_R2,natural_variability,4,LFArm_to_LHand_rx,LFArm_to_LHand,rx,0.013576679370678751,0.02692917054633684,0.013352491175658088,0.08625028966233686,0.12191234080196939
252_T1_R1_vs_R2,natural_variability,4,LFArm_to_LHand_ry,LFArm_to_LHand,ry,0.04321532657663924,0.1010757921974898,0.05786046562085056,0.08625028966233686,0.12191234080196939
252_T1_R1_vs_R2,natural_variability,4,LFArm_to_LHand_rz,LFArm_to_LHand,rz,0.08119679904540135,0.18915337919876823,0.10795658015336689,0.08625028966233686,0.12191234080196939
252_T1_R1_vs_R2,natural_variability,4,LShin_to_LFoot_rx,LShin_to_LFoot,rx,0.06965047925912497,0.021390800789016944,-0.04825967847010803,0.08625028966233686,0.12191234080196939
252_T1_R1_vs_R2,natural_variability,4,LShin_to_LFoot_ry,LShin_to_LFoot,ry,0.09075250149088994,0.0005803989100028996,-0.09017210258088704,0.08625028966233686,0.12191234080196939
252_T1_R1_vs_R2,natural_variability,4,LShin_to_LFoot_rz,LShin_to_LFoot,rz,0.06305744355685187,0.018653435924269563,-0.044404007632582315,0.08625028966233686,0.12191234080196939
252_T1_R1_vs_R2,natural_variability,4,LShoulder_to_LUArm_rx,LShoulder_to_LUArm,rx,0.07400434028041276,0.37576016519071836,0.3017558249103056,0.08625028966233686,0.12191234080196939
252_T1_R1_vs_R2,natural_variability,4,LShoulder_to_LUArm_ry,LShoulder_to_LUArm,ry,0.12424828835142869,0.5205935347392113,0.3963452463877826,0.08625028966233686,0.12191234080196939
252_T1_R1_vs_R2,natural_variability,4,LShoulder_to_LUArm_rz,LShoulder_to_LUArm,rz,0.22213844343062886,0.121857304744774,-0.10028113868585485,0.08625028966233686,0.12191234080196939
252_T1_R1_vs_R2,natural_variability,4,LThigh_to_LShin_rx,LThigh_to_LShin,rx,0.6063825680204755,0.1356450249156073,-0.47073754310486826,0.08625028966233686,0.12191234080196939
252_T1_R1_vs_R2,natural_variability,4,LThigh_to_LShin_ry,LThigh_to_LShin,ry,3.3931727268798956e-08,1.3913193147030567e-08,-2.001853412176839e-08,0.08625028966233686,0.12191234080196939
252_T1_R1_vs_R2,natural_variability,4,LThigh_to_LShin_rz,LThigh_to_LShin,rz,1.289103081781124e-08,3.766249689613683e-09,-9.124781128197557e-09,0.08625028966233686,0.12191234080196939
252_T1_R1_vs_R2,natural_variability,4,LUArm_to_LFArm_rx,LUArm_to_LFArm,rx,0.05916079855433408,0.5591090610169192,0.49994826246258506,0.08625028966233686,0.12191234080196939
252_T1_R1_vs_R2,natural_variability,4,LUArm_to_LFArm_ry,LUArm_to_LFArm,ry,0.10356894715471528,0.15536816799452655,0.05179922083981127,0.08625028966233686,0.12191234080196939
252_T1_R1_vs_R2,natural_variability,4,LUArm_to_LFArm_rz,LUArm_to_LFArm,rz,0.1179559834169389,0.2178027112495275,0.09984672783258859,0.08625028966233686,0.12191234080196939
252_T1_R1_vs_R2,natural_variability,4,Neck_to_Head_rx,Neck_to_Head,rx,0.049387810069536686,0.006594635937865326,-0.04279317413167136,0.08625028966233686,0.12191234080196939
252_T1_R1_vs_R2,natural_variability,4,Neck_to_Head_ry,Neck_to_Head,ry,0.054947013105543785,0.050989656421706664,-0.003957356683837121,0.08625028966233686,0.12191234080196939
252_T1_R1_vs_R2,natural_variability,4,Neck_to_Head_rz,Neck_to_Head,rz,0.03689662709163114,0.00989275717300116,-0.02700386991862998,0.08625028966233686,0.12191234080196939
252_T1_R1_vs_R2,natural_variability,4,RFArm_to_RHand_rx,RFArm_to_RHand,rx,0.007390286190229857,0.0013799627957953098,-0.006010323394434547,0.08625028966233686,0.12191234080196939
252_T1_R1_vs_R2,natural_variability,4,RFArm_to_RHand_ry,RFArm_to_RHand,ry,0.053701339201629686,0.008653643320383615,-0.045047695881246075,0.08625028966233686,0.12191234080196939
252_T1_R1_vs_R2,natural_variability,4,RFArm_to_RHand_rz,RFArm_to_RHand,rz,0.00029517434804270906,0.016355972110448855,0.016060797762406147,0.08625028966233686,0.12191234080196939
252_T1_R1_vs_R2,natural_variability,4,RShin_to_RFoot_rx,RShin_to_RFoot,rx,0.03224745651988993,0.0019611695980602693,-0.03028628692182966,0.08625028966233686,0.12191234080196939
252_T1_R1_vs_R2,natural_variability,4,RShin_to_RFoot_ry,RShin_to_RFoot,ry,0.005875211297654548,0.056200219125352155,0.05032500782769761,0.08625028966233686,0.12191234080196939
252_T1_R1_vs_R2,natural_variability,4,RShin_to_RFoot_rz,RShin_to_RFoot,rz,0.075243603651437,0.00879223347247155,-0.06645137017896545,0.08625028966233686,0.12191234080196939
252_T1_R1_vs_R2,natural_variability,4,RShoulder_to_RUArm_rx,RShoulder_to_RUArm,rx,0.16086244607635308,0.038001020886372965,-0.12286142518998011,0.08625028966233686,0.12191234080196939
252_T1_R1_vs_R2,natural_variability,4,RShoulder_to_RUArm_ry,RShoulder_to_RUArm,ry,0.032683854771388916,0.025501042812576622,-0.007182811958812294,0.08625028966233686,0.12191234080196939
252_T1_R1_vs_R2,natural_variability,4,RShoulder_to_RUArm_rz,RShoulder_to_RUArm,rz,0.1546528465588004,0.14933511252762452,-0.005317734031175886,0.08625028966233686,0.12191234080196939
252_T1_R1_vs_R2,natural_variability,4,RThigh_to_RShin_rx,RThigh_to_RShin,rx,0.08528743565660078,0.03077175336821878,-0.054515682288382,0.08625028966233686,0.12191234080196939
252_T1_R1_vs_R2,natural_variability,4,RThigh_to_RShin_ry,RThigh_to_RShin,ry,2.656726028975435e-08,2.6008115403791562e-08,-5.591448859627881e-10,0.08625028966233686,0.12191234080196939
252_T1_R1_vs_R2,natural_variability,4,RThigh_to_RShin_rz,RThigh_to_RShin,rz,3.6349060597400627e-09,2.010479983534018e-08,1.6469893775600118e-08,0.08625028966233686,0.12191234080196939
252_T1_R1_vs_R2,natural_variability,4,RUArm_to_RFArm_rx,RUArm_to_RFArm,rx,0.17493314605193144,0.1878025526010039,0.012869406549072454,0.08625028966233686,0.12191234080196939
252_T1_R1_vs_R2,natural_variability,4,RUArm_to_RFArm_ry,RUArm_to_RFArm,ry,0.3692529261891343,0.17681877105476596,-0.19243415513436835,0.08625028966233686,0.12191234080196939
252_T1_R1_vs_R2,natural_variability,4,RUArm_to_RFArm_rz,RUArm_to_RFArm,rz,0.07898116002327335,0.004807896469431986,-0.07417326355384136,0.08625028966233686,0.12191234080196939
252_T1_R1_vs_R2,natural_variability,5,252_to_LThigh_rx,252_to_LThigh,rx,0.22494771945093994,0.05162244540005116,-0.17332527405088877,0.08032232931309208,0.09726869891175531
252_T1_R1_vs_R2,natural_variability,5,252_to_LThigh_ry,252_to_LThigh,ry,0.06258280939017744,0.05338086918506517,-0.009201940205112266,0.08032232931309208,0.09726869891175531
252_T1_R1_vs_R2,natural_variability,5,252_to_LThigh_rz,252_to_LThigh,rz,0.08550597608987637,0.08112912962879493,-0.004376846461081441,0.08032232931309208,0.09726869891175531
252_T1_R1_vs_R2,natural_variability,5,252_to_RThigh_rx,252_to_RThigh,rx,0.011480332929469487,0.0036960904566322047,-0.007784242472837282,0.08032232931309208,0.09726869891175531
252_T1_R1_vs_R2,natural_variability,5,252_to_RThigh_ry,252_to_RThigh,ry,0.05099992481461234,0.03313480606016762,-0.01786511875444472,0.08032232931309208,0.09726869891175531
252_T1_R1_vs_R2,natural_variability,5,252_to_RThigh_rz,252_to_RThigh,rz,0.07831383519625604,0.02773902482379893,-0.050574810372457105,0.08032232931309208,0.09726869891175531
252_T1_R1_vs_R2,natural_variability,5,Chest_to_LShoulder_rx,Chest_to_LShoulder,rx,0.016450325410278126,0.030938366013652716,0.01448804060337459,0.08032232931309208,0.09726869891175531
252_T1_R1_vs_R2,natural_variability,5,Chest_to_LShoulder_ry,Chest_to_LShoulder,ry,0.018277790455716064,0.03308604751515822,0.014808257059442158,0.08032232931309208,0.09726869891175531
252_T1_R1_vs_R2,natural_variability,5,Chest_to_LShoulder_rz,Chest_to_LShoulder,rz,0.007273013958231082,0.05416406502756353,0.04689105106933245,0.08032232931309208,0.09726869891175531
252_T1_R1_vs_R2,natural_variability,5,Chest_to_Neck_rx,Chest_to_Neck,rx,0.09314482844075793,0.03871358895601413,-0.0544312394847438,0.08032232931309208,0.09726869891175531
252_T1_R1_vs_R2,natural_variability,5,Chest_to_Neck_ry,Chest_to_Neck,ry,0.03001368014584895,0.02020248303842356,-0.009811197107425389,0.08032232931309208,0.09726869891175531
252_T1_R1_vs_R2,natural_variability,5,Chest_to_Neck_rz,Chest_to_Neck,rz,0.03588741139813406,0.04214168974013852,0.0062542783420044615,0.08032232931309208,0.09726869891175531
252_T1_R1_vs_R2,natural_variability,5,Chest_to_RShoulder_rx,Chest_to_RShoulder,rx,0.016812301710087418,0.05328399842286396,0.036471696712776544,0.08032232931309208,0.09726869891175531
252_T1_R1_vs_R2,natural_variability,5,Chest_to_RShoulder_ry,Chest_to_RShoulder,ry,0.003282896543614148,0.005505942587100242,0.0022230460434860943,0.08032232931309208,0.09726869891175531
252_T1_R1_vs_R2,natural_variability,5,Chest_to_RShoulder_rz,Chest_to_RShoulder,rz,0.055254387212496044,0.06012369117510697,0.004869303962610927,0.08032232931309208,0.09726869891175531
252_T1_R1_vs_R2,natural_variability,5,LFArm_to_LHand_rx,LFArm_to_LHand,rx,0.011188559906888029,0.0005709366738071628,-0.010617623233080867,0.08032232931309208,0.09726869891175531
252_T1_R1_vs_R2,natural_variability,5,LFArm_to_LHand_ry,LFArm_to_LHand,ry,0.0703794716210822,0.020755305589202303,-0.0496241660318799,0.08032232931309208,0.09726869891175531
252_T1_R1_vs_R2,natural_variability,5,LFArm_to_LHand_rz,LFArm_to_LHand,rz,0.09800928724358342,0.03234799745123205,-0.06566128979235136,0.08032232931309208,0.09726869891175531
252_T1_R1_vs_R2,natural_variability,5,LShin_to_LFoot_rx,LShin_to_LFoot,rx,0.11704903957338489,0.048809569863299984,-0.0682394697100849,0.08032232931309208,0.09726869891175531
252_T1_R1_vs_R2,natural_variability,5,LShin_to_LFoot_ry,LShin_to_LFoot,ry,0.036076717449956525,0.04114156586928566,0.005064848419329138,0.08032232931309208,0.09726869891175531
252_T1_R1_vs_R2,natural_variability,5,LShin_to_LFoot_rz,LShin_to_LFoot,rz,0.04454825832770851,0.029392385452451764,-0.01515587287525675,0.08032232931309208,0.09726869891175531
252_T1_R1_vs_R2,natural_variability,5,LShoulder_to_LUArm_rx,LShoulder_to_LUArm,rx,0.2178093315728369,0.17466555953372295,-0.04314377203911396,0.08032232931309208,0.09726869891175531
252_T1_R1_vs_R2,natural_variability,5,LShoulder_to_LUArm_ry,LShoulder_to_LUArm,ry,0.30154883789390585,0.21412663956754546,-0.08742219832636039,0.08032232931309208,0.09726869891175531
252_T1_R1_vs_R2,natural_variability,5,LShoulder_to_LUArm_rz,LShoulder_to_LUArm,rz,0.22618239688796654,0.030425414604374194,-0.19575698228359234,0.08032232931309208,0.09726869891175531
252_T1_R1_vs_R2,natural_variability,5,LThigh_to_LShin_rx,LThigh_to_LShin,rx,0.1568848812669221,0.10232139981555716,-0.05456348145136494,0.08032232931309208,0.09726869891175531
252_T1_R1_vs_R2,natural_variability,5,LThigh_to_LShin_ry,LThigh_to_LShin,ry,1.381972093475347e-08,1.628863963593017e-10,-1.3656834538394168e-08,0.08032232931309208,0.09726869891175531
252_T1_R1_vs_R2,natural_variability,5,LThigh_to_LShin_rz,LThigh_to_LShin,rz,1.9910695651288733e-08,1.426268918229125e-08,-5.648006468997483e-09,0.08032232931309208,0.09726869891175531
252_T1_R1_vs_R2,natural_variability,5,LUArm_to_LFArm_rx,LUArm_to_LFArm,rx,0.3394445098335561,0.07988932189789945,-0.2595551879356567,0.08032232931309208,0.09726869891175531
252_T1_R1_vs_R2,natural_variability,5,LUArm_to_LFArm_ry,LUArm_to_LFArm,ry,0.48332130626234915,0.547141892321488,0.06382058605913887,0.08032232931309208,0.09726869891175531
252_T1_R1_vs_R2,natural_variability,5,LUArm_to_LFArm_rz,LUArm_to_LFArm,rz,0.15514980305039242,0.020699982741325045,-0.13444982030906738,0.08032232931309208,0.09726869891175531
252_T1_R1_vs_R2,natural_variability,5,Neck_to_Head_rx,Neck_to_Head,rx,0.09285350787958709,0.03847852654612216,-0.054374981333464925,0.08032232931309208,0.09726869891175531
252_T1_R1_vs_R2,natural_variability,5,Neck_to_Head_ry,Neck_to_Head,ry,0.0366043946806867,0.028026165215008066,-0.008578229465678634,0.08032232931309208,0.09726869891175531
252_T1_R1_vs_R2,natural_variability,5,Neck_to_Head_rz,Neck_to_Head,rz,0.029330854088772115,0.03746710661322885,0.008136252524456735,0.08032232931309208,0.09726869891175531
252_T1_R1_vs_R2,natural_variability,5,RFArm_to_RHand_rx,RFArm_to_RHand,rx,0.004906994697800449,0.0003616300129955534,-0.004545364684804896,0.08032232931309208,0.09726869891175531
252_T1_R1_vs_R2,natural_variability,5,RFArm_to_RHand_ry,RFArm_to_RHand,ry,0.005774316686890461,0.0357543980069926,0.029980081320102138,0.08032232931309208,0.09726869891175531
252_T1_R1_vs_R2,natural_variability,5,RFArm_to_RHand_rz,RFArm_to_RHand,rz,0.052418900316468134,0.04363078387100175,-0.008788116445466385,0.08032232931309208,0.09726869891175531
252_T1_R1_vs_R2,natural_variability,5,RShin_to_RFoot_rx,RShin_to_RFoot,rx,0.013133166374421176,0.041333970037458284,0.028200803663037108,0.08032232931309208,0.09726869891175531
252_T1_R1_vs_R2,natural_variability,5,RShin_to_RFoot_ry,RShin_to_RFoot,ry,0.11133052285252364,0.02281133430024294,-0.08851918855228069,0.08032232931309208,0.09726869891175531
252_T1_R1_vs_R2,natural_variability,5,RShin_to_RFoot_rz,RShin_to_RFoot,rz,0.052484264627969124,0.03145143921140342,-0.021032825416565704,0.08032232931309208,0.09726869891175531
252_T1_R1_vs_R2,natural_variability,5,RShoulder_to_RUArm_rx,RShoulder_to_RUArm,rx,0.2960496552463209,0.32285237190865057,0.026802716662329695,0.08032232931309208,0.09726869891175531
252_T1_R1_vs_R2,natural_variability,5,RShoulder_to_RUArm_ry,RShoulder_to_RUArm,ry,0.19612874751127454,0.22346196727263906,0.02733321976136452,0.08032232931309208,0.09726869891175531
252_T1_R1_vs_R2,natural_variability,5,RShoulder_to_RUArm_rz,RShoulder_to_RUArm,rz,0.19771857678619514,0.23082454843896177,0.03310597165276663,0.08032232931309208,0.09726869891175531
252_T1_R1_vs_R2,natural_variability,5,RThigh_to_RShin_rx,RThigh_to_RShin,rx,0.2465327611734623,0.09679682929579729,-0.14973593187766499,0.08032232931309208,0.09726869891175531
252_T1_R1_vs_R2,natural_variability,5,RThigh_to_RShin_ry,RThigh_to_RShin,ry,2.5132692930829244e-08,8.073381503236021e-09,-1.705931142759322e-08,0.08032232931309208,0.09726869891175531
252_T1_R1_vs_R2,natural_variability,5,RThigh_to_RShin_rz,RThigh_to_RShin,rz,8.382165659250114e-09,8.930941908398008e-09,5.487762491478942e-10,0.08032232931309208,0.09726869891175531
252_T1_R1_vs_R2,natural_variability,5,RUArm_to_RFArm_rx,RUArm_to_RFArm,rx,0.0036909390827466683,0.08406238929510644,0.08037145021235977,0.08032232931309208,0.09726869891175531
252_T1_R1_vs_R2,natural_variability,5,RUArm_to_RFArm_ry,RUArm_to_RFArm,ry,0.19798982839152993,0.5687630866837098,0.3707732582921799,0.08032232931309208,0.09726869891175531
252_T1_R1_vs_R2,natural_variability,5,RUArm_to_RFArm_rz,RUArm_to_RFArm,rz,0.03978123862938757,0.11436025729240888,0.0745790186630213,0.08032232931309208,0.09726869891175531
252_T1_R1_vs_R2,natural_variability,6,252_to_LThigh_rx,252_to_LThigh,rx,0.2249887909519509,0.266854914723681,0.0418661237717301,0.055399736834294895,0.06683650624176138
252_T1_R1_vs_R2,natural_variability,6,252_to_LThigh_ry,252_to_LThigh,ry,0.10389190988539294,0.028114445499816683,-0.07577746438557625,0.055399736834294895,0.06683650624176138
252_T1_R1_vs_R2,natural_variability,6,252_to_LThigh_rz,252_to_LThigh,rz,0.027374675160679096,0.011667420522358809,-0.01570725463832029,0.055399736834294895,0.06683650624176138
252_T1_R1_vs_R2,natural_variability,6,252_to_RThigh_rx,252_to_RThigh,rx,0.02794093496774633,0.06415928220140954,0.03621834723366321,0.055399736834294895,0.06683650624176138
252_T1_R1_vs_R2,natural_variability,6,252_to_RThigh_ry,252_to_RThigh,ry,0.12383069903862602,0.020881324024046282,-0.10294937501457974,0.055399736834294895,0.06683650624176138
252_T1_R1_vs_R2,natural_variability,6,252_to_RThigh_rz,252_to_RThigh,rz,0.09663350237187585,0.005674664047054251,-0.0909588383248216,0.055399736834294895,0.06683650624176138
252_T1_R1_vs_R2,natural_variability,6,Chest_to_LShoulder_rx,Chest_to_LShoulder,rx,0.0023654242009479806,0.007557852274818701,0.005192428073870721,0.055399736834294895,0.06683650624176138
252_T1_R1_vs_R2,natural_variability,6,Chest_to_LShoulder_ry,Chest_to_LShoulder,ry,0.08668498332810134,0.02301769996235194,-0.06366728336574941,0.055399736834294895,0.06683650624176138
252_T1_R1_vs_R2,natural_variability,6,Chest_to_LShoulder_rz,Chest_to_LShoulder,rz,0.00582898842995229,0.040791126472677144,0.034962138042724855,0.055399736834294895,0.06683650624176138
252_T1_R1_vs_R2,natural_variability,6,Chest_to_Neck_rx,Chest_to_Neck,rx,0.08659458416219393,0.08920410025016758,0.0026095160879736484,0.055399736834294895,0.06683650624176138
252_T1_R1_vs_R2,natural_variability,6,Chest_to_Neck_ry,Chest_to_Neck,ry,0.0766226211650752,0.005671994998799105,-0.0709506261662761,0.055399736834294895,0.06683650624176138
252_T1_R1_vs_R2,natural_variability,6,Chest_to_Neck_rz,Chest_to_Neck,rz,0.01312409162288584,0.0633877009665669,0.050263609343681064,0.055399736834294895,0.06683650624176138
252_T1_R1_vs_R2,natural_variability,6,Chest_to_RShoulder_rx,Chest_to_RShoulder,rx,0.04301023332184846,0.00921221335252173,-0.03379801996932673,0.055399736834294895,0.06683650624176138
252_T1_R1_vs_R2,natural_variability,6,Chest_to_RShoulder_ry,Chest_to_RShoulder,ry,0.0470870202591793,0.03498129405122065,-0.012105726207958654,0.055399736834294895,0.06683650624176138
252_T1_R1_vs_R2,natural_variability,6,Chest_to_RShoulder_rz,Chest_to_RShoulder,rz,0.04522291977895666,0.10003656523599669,0.054813645457040025,0.055399736834294895,0.06683650624176138
252_T1_R1_vs_R2,natural_variability,6,LFArm_to_LHand_rx,LFArm_to_LHand,rx,0.025556711391222786,0.008622776094549008,-0.01693393529667378,0.055399736834294895,0.06683650624176138
252_T1_R1_vs_R2,natural_variability,6,LFArm_to_LHand_ry,LFArm_to_LHand,ry,0.04999460503929781,0.02925812464882636,-0.020736480390471452,0.055399736834294895,0.06683650624176138
252_T1_R1_vs_R2,natural_variability,6,LFArm_to_LHand_rz,LFArm_to_LHand,rz,0.15857481857171898,0.044035520604005327,-0.11453929796771366,0.055399736834294895,0.06683650624176138
252_T1_R1_vs_R2,natural_variability,6,LShin_to_LFoot_rx,LShin_to_LFoot,rx,0.06905472585881588,0.22134631479365333,0.15229158893483746,0.055399736834294895,0.06683650624176138
252_T1_R1_vs_R2,natural_variability,6,LShin_to_LFoot_ry,LShin_to_LFoot,ry,0.0740071649427806,0.1010872323900713,0.02708006744729069,0.055399736834294895,0.06683650624176138
252_T1_R1_vs_R2,natural_variability,6,LShin_to_LFoot_rz,LShin_to_LFoot,rz,0.03504387617197229,0.0970428069428752,0.06199893077090291,0.055399736834294895,0.06683650624176138
252_T1_R1_vs_R2,natural_variability,6,LShoulder_to_LUArm_rx,LShoulder_to_LUArm,rx,0.12520123419647858,0.01448649995798163,-0.11071473423849695,0.055399736834294895,0.06683650624176138
252_T1_R1_vs_R2,natural_variability,6,LShoulder_to_LUArm_ry,LShoulder_to_LUArm,ry,0.34413034781107893,0.025741740365088975,-0.31838860744598996,0.055399736834294895,0.06683650624176138
252_T1_R1_vs_R2,natural_variability,6,LShoulder_to_LUArm_rz,LShoulder_to_LUArm,rz,0.1904530291662375,0.0164910250611786,-0.17396200410505888,0.055399736834294895,0.06683650624176138
252_T1_R1_vs_R2,natural_variability,6,LThigh_to_LShin_rx,LThigh_to_LShin,rx,0.04362968506297342,0.46891714873660834,0.4252874636736349,0.055399736834294895,0.06683650624176138
252_T1_R1_vs_R2,natural_variability,6,LThigh_to_LShin_ry,LThigh_to_LShin,ry,1.3207579961653452e-08,1.647101114258009e-08,3.263431180926637e-09,0.055399736834294895,0.06683650624176138
252_T1_R1_vs_R2,natural_variability,6,LThigh_to_LShin_rz,LThigh_to_LShin,rz,3.321228809495034e-08,1.86724471939172e-08,-1.4539840901033142e-08,0.055399736834294895,0.06683650624176138
252_T1_R1_vs_R2,natural_variability,6,LUArm_to_LFArm_rx,LUArm_to_LFArm,rx,0.14426001191479249,0.030600720454693,-0.11365929146009948,0.055399736834294895,0.06683650624176138
252_T1_R1_vs_R2,natural_variability,6,LUArm_to_LFArm_ry,LUArm_to_LFArm,ry,0.25422287002496735,0.121636572278223,-0.13258629774674435,0.055399736834294895,0.06683650624176138
252_T1_R1_vs_R2,natural_variability,6,LUArm_to_LFArm_rz,LUArm_to_LFArm,rz,0.05481160794356415,0.03336931518710273,-0.021442292756461416,0.055399736834294895,0.06683650624176138
252_T1_R1_vs_R2,natural_variability,6,Neck_to_Head_rx,Neck_to_Head,rx,0.08666866584884649,0.08927212327564252,0.0026034574267960325,0.055399736834294895,0.06683650624176138
252_T1_R1_vs_R2,natural_variability,6,Neck_to_Head_ry,Neck_to_Head,ry,0.07764454454207928,0.006481477194604267,-0.07116306734747502,0.055399736834294895,0.06683650624176138
252_T1_R1_vs_R2,natural_variability,6,Neck_to_Head_rz,Neck_to_Head,rz,0.001592531404145588,0.06302677566945739,0.0614342442653118,0.055399736834294895,0.06683650624176138
252_T1_R1_vs_R2,natural_variability,6,RFArm_to_RHand_rx,RFArm_to_RHand,rx,0.00010633375665521044,0.0014189383020357408,0.0013126045453805304,0.055399736834294895,0.06683650624176138
252_T1_R1_vs_R2,natural_variability,6,RFArm_to_RHand_ry,RFArm_to_RHand,ry,0.04515361280527613,0.02845446619963784,-0.016699146605638295,0.055399736834294895,0.06683650624176138
252_T1_R1_vs_R2,natural_variability,6,RFArm_to_RHand_rz,RFArm_to_RHand,rz,0.009481028683105502,0.024890155565790106,0.015409126882684605,0.055399736834294895,0.06683650624176138
252_T1_R1_vs_R2,natural_variability,6,RShin_to_RFoot_rx,RShin_to_RFoot,rx,0.02671833011930098,0.14957373652638023,0.12285540640707925,0.055399736834294895,0.06683650624176138
252_T1_R1_vs_R2,natural_variability,6,RShin_to_RFoot_ry,RShin_to_RFoot,ry,0.035906045948736566,0.1688347917594509,0.13292874581071434,0.055399736834294895,0.06683650624176138
252_T1_R1_vs_R2,natural_variability,6,RShin_to_RFoot_rz,RShin_to_RFoot,rz,0.1036108439890912,0.13407420548866397,0.030463361499572766,0.055399736834294895,0.06683650624176138
252_T1_R1_vs_R2,natural_variability,6,RShoulder_to_RUArm_rx,RShoulder_to_RUArm,rx,0.23289911591751533,0.15990314792486307,-0.07299596799265226,0.055399736834294895,0.06683650624176138
252_T1_R1_vs_R2,natural_variability,6,RShoulder_to_RUArm_ry,RShoulder_to_RUArm,ry,0.0041134364954646535,0.2651572542227132,0.26104381772724855,0.055399736834294895,0.06683650624176138
252_T1_R1_vs_R2,natural_variability,6,RShoulder_to_RUArm_rz,RShoulder_to_RUArm,rz,0.48649739356270594,0.17027449350942306,-0.3162229000532829,0.055399736834294895,0.06683650624176138
252_T1_R1_vs_R2,natural_variability,6,RThigh_to_RShin_rx,RThigh_to_RShin,rx,0.5076736684145192,0.5937697599947211,0.08609609158020193,0.055399736834294895,0.06683650624176138
252_T1_R1_vs_R2,natural_variability,6,RThigh_to_RShin_ry,RThigh_to_RShin,ry,2.149855441957534e-08,1.652608030124857e-08,-4.9724741183267725e-09,0.055399736834294895,0.06683650624176138
252_T1_R1_vs_R2,natural_variability,6,RThigh_to_RShin_rz,RThigh_to_RShin,rz,7.297758573035503e-08,1.7502213066359015e-08,-5.5475372663996014e-08,0.055399736834294895,0.06683650624176138
252_T1_R1_vs_R2,natural_variability,6,RUArm_to_RFArm_rx,RUArm_to_RFArm,rx,0.06322129483932751,0.15403006054327714,0.09080876570394963,0.055399736834294895,0.06683650624176138
252_T1_R1_vs_R2,natural_variability,6,RUArm_to_RFArm_ry,RUArm_to_RFArm,ry,0.03598246016822231,0.06994556118023577,0.03396310101201346,0.055399736834294895,0.06683650624176138
252_T1_R1_vs_R2,natural_variability,6,RUArm_to_RFArm_rz,RUArm_to_RFArm,rz,0.04806346576072576,0.0032879434841041415,-0.04477552227662162,0.055399736834294895,0.06683650624176138
252_T1_R1_vs_R2,natural_variability,7,252_to_LThigh_rx,252_to_LThigh,rx,0.038896054769665886,0.16572949671270515,0.12683344194303925,0.04461123620274514,0.0488798500968278
252_T1_R1_vs_R2,natural_variability,7,252_to_LThigh_ry,252_to_LThigh,ry,0.051296388158806994,0.02186534973612537,-0.029431038422681622,0.04461123620274514,0.0488798500968278
252_T1_R1_vs_R2,natural_variability,7,252_to_LThigh_rz,252_to_LThigh,rz,0.06979690812192955,0.009279009582825005,-0.06051789853910455,0.04461123620274514,0.0488798500968278
252_T1_R1_vs_R2,natural_variability,7,252_to_RThigh_rx,252_to_RThigh,rx,0.2046443722634003,0.09321351876278619,-0.1114308535006141,0.04461123620274514,0.0488798500968278
252_T1_R1_vs_R2,natural_variability,7,252_to_RThigh_ry,252_to_RThigh,ry,0.03211866235958769,0.0011275308053105627,-0.03099113155427713,0.04461123620274514,0.0488798500968278
252_T1_R1_vs_R2,natural_variability,7,252_to_RThigh_rz,252_to_RThigh,rz,0.032674514936821095,0.011613786097563378,-0.021060728839257716,0.04461123620274514,0.0488798500968278
252_T1_R1_vs_R2,natural_variability,7,Chest_to_LShoulder_rx,Chest_to_LShoulder,rx,0.07062939556258951,0.038804185564005896,-0.03182520999858362,0.04461123620274514,0.0488798500968278
252_T1_R1_vs_R2,natural_variability,7,Chest_to_LShoulder_ry,Chest_to_LShoulder,ry,0.05628971986947003,0.035953053622033534,-0.020336666247436498,0.04461123620274514,0.0488798500968278
252_T1_R1_vs_R2,natural_variability,7,Chest_to_LShoulder_rz,Chest_to_LShoulder,rz,0.05501875964972953,0.05878383557241499,0.0037650759226854624,0.04461123620274514,0.0488798500968278
252_T1_R1_vs_R2,natural_variability,7,Chest_to_Neck_rx,Chest_to_Neck,rx,0.01146619891702519,0.01764069167210426,0.006174492755079071,0.04461123620274514,0.0488798500968278
252_T1_R1_vs_R2,natural_variability,7,Chest_to_Neck_ry,Chest_to_Neck,ry,0.03881570098109859,0.0554240503135111,0.01660834933241251,0.04461123620274514,0.0488798500968278
252_T1_R1_vs_R2,natural_variability,7,Chest_to_Neck_rz,Chest_to_Neck,rz,0.07853394830739574,0.010541509075728138,-0.0679924392316676,0.04461123620274514,0.0488798500968278
252_T1_R1_vs_R2,natural_variability,7,Chest_to_RShoulder_rx,Chest_to_RShoulder,rx,0.0261665977948956,0.013104912138462977,-0.013061685656432623,0.04461123620274514,0.0488798500968278
252_T1_R1_vs_R2,natural_variability,7,Chest_to_RShoulder_ry,Chest_to_RShoulder,ry,0.035590961703123244,0.04275339876290412,0.007162437059780875,0.04461123620274514,0.0488798500968278
252_T1_R1_vs_R2,natural_variability,7,Chest_to_RShoulder_rz,Chest_to_RShoulder,rz,0.08438045081451616,0.00282468290618179,-0.08155576790833437,0.04461123620274514,0.0488798500968278
252_T1_R1_vs_R2,natural_variability,7,LFArm_to_LHand_rx,LFArm_to_LHand,rx,0.00595960946770037,0.009595594404289259,0.003635984936588889,0.04461123620274514,0.0488798500968278
252_T1_R1_vs_R2,natural_variability,7,LFArm_to_LHand_ry,LFArm_to_LHand,ry,0.021700711663117503,0.03860871097709707,0.016907999313979565,0.04461123620274514,0.0488798500968278
252_T1_R1_vs_R2,natural_variability,7,LFArm_to_LHand_rz,LFArm_to_LHand,rz,0.042944424238588574,0.06704423651735894,0.024099812278770366,0.04461123620274514,0.0488798500968278
252_T1_R1_vs_R2,natural_variability,7,LShin_to_LFoot_rx,LShin_to_LFoot,rx,0.06537688223583556,0.07312348539714811,0.007746603161312551,0.04461123620274514,0.0488798500968278
252_T1_R1_vs_R2,natural_variability,7,LShin_to_LFoot_ry,LShin_to_LFoot,ry,0.0684668054855592,0.0315123074745692,-0.036954498010989996,0.04461123620274514,0.0488798500968278
252_T1_R1_vs_R2,natural_variability,7,LShin_to_LFoot_rz,LShin_to_LFoot,rz,0.04972939007489573,0.017281883632489163,-0.032447506442406564,0.04461123620274514,0.0488798500968278
252_T1_R1_vs_R2,natural_variability,7,LShoulder_to_LUArm_rx,LShoulder_to_LUArm,rx,0.5014737549942422,0.05700349786283855,-0.44447025713140365,0.04461123620274514,0.0488798500968278
252_T1_R1_vs_R2,natural_variability,7,LShoulder_to_LUArm_ry,LShoulder_to_LUArm,ry,0.08428242986999619,0.14156858681522058,0.05728615694522439,0.04461123620274514,0.0488798500968278
252_T1_R1_vs_R2,natural_variability,7,LShoulder_to_LUArm_rz,LShoulder_to_LUArm,rz,0.4194451653674613,0.05869584027460634,-0.36074932509285496,0.04461123620274514,0.0488798500968278
252_T1_R1_vs_R2,natural_variability,7,LThigh_to_LShin_rx,LThigh_to_LShin,rx,0.1143755372826017,0.21699629962543937,0.10262076234283767,0.04461123620274514,0.0488798500968278
252_T1_R1_vs_R2,natural_variability,7,LThigh_to_LShin_ry,LThigh_to_LShin,ry,9.573256089926599e-09,2.215925370640212e-08,1.258599761647552e-08,0.04461123620274514,0.0488798500968278
252_T1_R1_vs_R2,natural_variability,7,LThigh_to_LShin_rz,LThigh_to_LShin,rz,1.838734755376589e-08,2.6577235349819948e-08,8.189887796054057e-09,0.04461123620274514,0.0488798500968278
252_T1_R1_vs_R2,natural_variability,7,LUArm_to_LFArm_rx,LUArm_to_LFArm,rx,0.30467114467434964,0.17220489632580052,-0.13246624834854911,0.04461123620274514,0.0488798500968278
252_T1_R1_vs_R2,natural_variability,7,LUArm_to_LFArm_ry,LUArm_to_LFArm,ry,0.10741067591651057,0.19189105031280845,0.08448037439629788,0.04461123620274514,0.0488798500968278
252_T1_R1_vs_R2,natural_variability,7,LUArm_to_LFArm_rz,LUArm_to_LFArm,rz,0.13471233128622767,0.04146938324599417,-0.0932429480402335,0.04461123620274514,0.0488798500968278
252_T1_R1_vs_R2,natural_variability,7,Neck_to_Head_rx,Neck_to_Head,rx,0.011299255713164166,0.017286460423871906,0.00598720471070774,0.04461123620274514,0.0488798500968278
252_T1_R1_vs_R2,natural_variability,7,Neck_to_Head_ry,Neck_to_Head,ry,0.023336735854610442,0.05228564180218631,0.02894890594757587,0.04461123620274514,0.0488798500968278
252_T1_R1_vs_R2,natural_variability,7,Neck_to_Head_rz,Neck_to_Head,rz,0.08449415785195032,0.020971044979597866,-0.06352311287235245,0.04461123620274514,0.0488798500968278
252_T1_R1_vs_R2,natural_variability,7,RFArm_to_RHand_rx,RFArm_to_RHand,rx,0.00276837968566997,0.00401669570680299,0.00124831602113302,0.04461123620274514,0.0488798500968278
252_T1_R1_vs_R2,natural_variability,7,RFArm_to_RHand_ry,RFArm_to_RHand,ry,0.022384730224222858,0.03101173233344907,0.008627002109226213,0.04461123620274514,0.0488798500968278
252_T1_R1_vs_R2,natural_variability,7,RFArm_to_RHand_rz,RFArm_to_RHand,rz,0.004715226032891653,0.0630620109671089,0.058346784934217244,0.04461123620274514,0.0488798500968278
252_T1_R1_vs_R2,natural_variability,7,RShin_to_RFoot_rx,RShin_to_RFoot,rx,0.1766002362608167,0.14854454336446596,-0.028055692896350737,0.04461123620274514,0.0488798500968278
252_T1_R1_vs_R2,natural_variability,7,RShin_to_RFoot_ry,RShin_to_RFoot,ry,0.07285382334278852,0.002144469181119918,-0.0707093541616686,0.04461123620274514,0.0488798500968278
252_T1_R1_vs_R2,natural_variability,7,RShin_to_RFoot_rz,RShin_to_RFoot,rz,0.05104867279613991,0.0059818707972314825,-0.045066801998908425,0.04461123620274514,0.0488798500968278
252_T1_R1_vs_R2,natural_variability,7,RShoulder_to_RUArm_rx,RShoulder_to_RUArm,rx,0.18794328854011916,0.1917637431409511,0.0038204546008319407,0.04461123620274514,0.0488798500968278
252_T1_R1_vs_R2,natural_variability,7,RShoulder_to_RUArm_ry,RShoulder_to_RUArm,ry,0.19452717000052017,0.40355031230584154,0.20902314230532137,0.04461123620274514,0.0488798500968278
252_T1_R1_vs_R2,natural_variability,7,RShoulder_to_RUArm_rz,RShoulder_to_RUArm,rz,0.3248689643082263,0.3789673099157128,0.0540983456074865,0.04461123620274514,0.0488798500968278
252_T1_R1_vs_R2,natural_variability,7,RThigh_to_RShin_rx,RThigh_to_RShin,rx,0.31728242172120064,0.004273865922990719,-0.3130085557982099,0.04461123620274514,0.0488798500968278
252_T1_R1_vs_R2,natural_variability,7,RThigh_to_RShin_ry,RThigh_to_RShin,ry,2.5795394724476478e-08,3.175316768441974e-08,5.957772959943259e-09,0.04461123620274514,0.0488798500968278
252_T1_R1_vs_R2,natural_variability,7,RThigh_to_RShin_rz,RThigh_to_RShin,rz,4.417931111644384e-09,8.435600146485168e-09,4.017669034840784e-09,0.04461123620274514,0.0488798500968278
252_T1_R1_vs_R2,natural_variability,7,RUArm_to_RFArm_rx,RUArm_to_RFArm,rx,0.08113616335270639,0.36097979541413994,0.27984363206143353,0.04461123620274514,0.0488798500968278
252_T1_R1_vs_R2,natural_variability,7,RUArm_to_RFArm_ry,RUArm_to_RFArm,ry,0.04055328216805923,0.538950501105047,0.49839721893698785,0.04461123620274514,0.0488798500968278
252_T1_R1_vs_R2,natural_variability,7,RUArm_to_RFArm_rz,RUArm_to_RFArm,rz,0.003383850798186271,0.04566049417001728,0.04227664337183101,0.04461123620274514,0.0488798500968278
252_T1_R1_vs_R2,natural_variability,8,252_to_LThigh_rx,252_to_LThigh,rx,0.23302125120807726,0.16508461970737273,-0.06793663150070453,0.0373148256996677,0.03681122484345249
252_T1_R1_vs_R2,natural_variability,8,252_to_LThigh_ry,252_to_LThigh,ry,0.030467109316962098,0.01281009205430543,-0.017657017262656668,0.0373148256996677,0.03681122484345249
252_T1_R1_vs_R2,natural_variability,8,252_to_LThigh_rz,252_to_LThigh,rz,0.04016100683381087,0.042562689300255675,0.0024016824664448086,0.0373148256996677,0.03681122484345249
252_T1_R1_vs_R2,natural_variability,8,252_to_RThigh_rx,252_to_RThigh,rx,0.052639268324054786,0.07535161857950606,0.022712350255451277,0.0373148256996677,0.03681122484345249
252_T1_R1_vs_R2,natural_variability,8,252_to_RThigh_ry,252_to_RThigh,ry,0.026522114726807496,0.01668880098973159,-0.009833313737075907,0.0373148256996677,0.03681122484345249
252_T1_R1_vs_R2,natural_variability,8,252_to_RThigh_rz,252_to_RThigh,rz,0.05408569677361326,0.019555790914849314,-0.03452990585876395,0.0373148256996677,0.03681122484345249
252_T1_R1_vs_R2,natural_variability,8,Chest_to_LShoulder_rx,Chest_to_LShoulder,rx,0.01861373485123585,0.014367729098918064,-0.004246005752317785,0.0373148256996677,0.03681122484345249
252_T1_R1_vs_R2,natural_variability,8,Chest_to_LShoulder_ry,Chest_to_LShoulder,ry,0.014301551593194607,0.023758484293463073,0.009456932700268466,0.0373148256996677,0.03681122484345249
252_T1_R1_vs_R2,natural_variability,8,Chest_to_LShoulder_rz,Chest_to_LShoulder,rz,0.06707385565852096,0.013975973284486607,-0.05309788237403436,0.0373148256996677,0.03681122484345249
252_T1_R1_vs_R2,natural_variability,8,Chest_to_Neck_rx,Chest_to_Neck,rx,0.02324048601237459,0.0322026460190644,0.008962160006689809,0.0373148256996677,0.03681122484345249
252_T1_R1_vs_R2,natural_variability,8,Chest_to_Neck_ry,Chest_to_Neck,ry,0.06105905404808923,0.016092641033086788,-0.04496641301500244,0.0373148256996677,0.03681122484345249
252_T1_R1_vs_R2,natural_variability,8,Chest_to_Neck_rz,Chest_to_Neck,rz,0.03394649889585847,0.009953964898306874,-0.023992533997551593,0.0373148256996677,0.03681122484345249
252_T1_R1_vs_R2,natural_variability,8,Chest_to_RShoulder_rx,Chest_to_RShoulder,rx,0.02565252518833628,0.012068614308580526,-0.013583910879755754,0.0373148256996677,0.03681122484345249
252_T1_R1_vs_R2,natural_variability,8,Chest_to_RShoulder_ry,Chest_to_RShoulder,ry,0.03780436096177052,0.03573116372889529,-0.002073197232875232,0.0373148256996677,0.03681122484345249
252_T1_R1_vs_R2,natural_variability,8,Chest_to_RShoulder_rz,Chest_to_RShoulder,rz,0.10720777346129258,0.1344121218543303,0.027204348393037717,0.0373148256996677,0.03681122484345249
252_T1_R1_vs_R2,natural_variability,8,LFArm_to_LHand_rx,LFArm_to_LHand,rx,0.018341046501607776,0.0049528083897583805,-0.013388238111849395,0.0373148256996677,0.03681122484345249
252_T1_R1_vs_R2,natural_variability,8,LFArm_to_LHand_ry,LFArm_to_LHand,ry,0.049395669125486444,0.009334120301954614,-0.04006154882353183,0.0373148256996677,0.03681122484345249
252_T1_R1_vs_R2,natural_variability,8,LFArm_to_LHand_rz,LFArm_to_LHand,rz,0.10896132734549686,0.02736570518083447,-0.0815956221646624,0.0373148256996677,0.03681122484345249
252_T1_R1_vs_R2,natural_variability,8,LShin_to_LFoot_rx,LShin_to_LFoot,rx,0.17301428149899672,0.04259684087675509,-0.13041744062224164,0.0373148256996677,0.03681122484345249
252_T1_R1_vs_R2,natural_variability,8,LShin_to_LFoot_ry,LShin_to_LFoot,ry,0.07593886627217014,0.04165735969260745,-0.03428150657956269,0.0373148256996677,0.03681122484345249
252_T1_R1_vs_R2,natural_variability,8,LShin_to_LFoot_rz,LShin_to_LFoot,rz,0.03615364616658393,0.009875568460089142,-0.02627807770649479,0.0373148256996677,0.03681122484345249
252_T1_R1_vs_R2,natural_variability,8,LShoulder_to_LUArm_rx,LShoulder_to_LUArm,rx,0.03337002959434429,0.3847293947813886,0.35135936518704436,0.0373148256996677,0.03681122484345249
252_T1_R1_vs_R2,natural_variability,8,LShoulder_to_LUArm_ry,LShoulder_to_LUArm,ry,0.23262933429458535,0.3172378500571621,0.08460851576257675,0.0373148256996677,0.03681122484345249
252_T1_R1_vs_R2,natural_variability,8,LShoulder_to_LUArm_rz,LShoulder_to_LUArm,rz,0.19375037433833728,0.6348436780033231,0.4410933036649858,0.0373148256996677,0.03681122484345249
252_T1_R1_vs_R2,natural_variability,8,LThigh_to_LShin_rx,LThigh_to_LShin,rx,0.10659757446754621,0.07923007958616565,-0.027367494881380558,0.0373148256996677,0.03681122484345249
252_T1_R1_vs_R2,natural_variability,8,LThigh_to_LShin_ry,LThigh_to_LShin,ry,2.1588166605251255e-08,6.9728702134139345e-09,-1.461529639183732e-08,0.0373148256996677,0.03681122484345249
252_T1_R1_vs_R2,natural_variability,8,LThigh_to_LShin_rz,LThigh_to_LShin,rz,2.3865746387869488e-08,3.069811152343542e-08,6.832365135565931e-09,0.0373148256996677,0.03681122484345249
252_T1_R1_vs_R2,natural_variability,8,LUArm_to_LFArm_rx,LUArm_to_LFArm,rx,0.10224343235077062,0.16232161580065685,0.06007818344988623,0.0373148256996677,0.03681122484345249
252_T1_R1_vs_R2,natural_variability,8,LUArm_to_LFArm_ry,LUArm_to_LFArm,ry,0.3182117265200417,0.3985496137758524,0.0803378872558107,0.0373148256996677,0.03681122484345249
252_T1_R1_vs_R2,natural_variability,8,LUArm_to_LFArm_rz,LUArm_to_LFArm,rz,0.00464538170048339,0.07211808019360536,0.06747269849312197,0.0373148256996677,0.03681122484345249
252_T1_R1_vs_R2,natural_variability,8,Neck_to_Head_rx,Neck_to_Head,rx,0.022972776126620693,0.032401590052087814,0.00942881392546712,0.0373148256996677,0.03681122484345249
252_T1_R1_vs_R2,natural_variability,8,Neck_to_Head_ry,Neck_to_Head,ry,0.06616264310725949,0.014221447491716542,-0.051941195615542946,0.0373148256996677,0.03681122484345249
252_T1_R1_vs_R2,natural_variability,8,Neck_to_Head_rz,Neck_to_Head,rz,0.021565325686267726,0.013009926207239649,-0.008555399479028078,0.0373148256996677,0.03681122484345249
252_T1_R1_vs_R2,natural_variability,8,RFArm_to_RHand_rx,RFArm_to_RHand,rx,0.004940493866356083,0.007123896368091673,0.00218340250173559,0.0373148256996677,0.03681122484345249
252_T1_R1_vs_R2,natural_variability,8,RFArm_to_RHand_ry,RFArm_to_RHand,ry,0.0328638494722844,0.0322740984284794,-0.0005897510438050008,0.0373148256996677,0.03681122484345249
252_T1_R1_vs_R2,natural_variability,8,RFArm_to_RHand_rz,RFArm_to_RHand,rz,0.044825469597372665,0.08303724856005588,0.03821177896268322,0.0373148256996677,0.03681122484345249
252_T1_R1_vs_R2,natural_variability,8,RShin_to_RFoot_rx,RShin_to_RFoot,rx,0.028232737330460153,0.049071554060109025,0.020838816729648872,0.0373148256996677,0.03681122484345249
252_T1_R1_vs_R2,natural_variability,8,RShin_to_RFoot_ry,RShin_to_RFoot,ry,0.07830651304219738,0.008900216755800942,-0.06940629628639644,0.0373148256996677,0.03681122484345249
252_T1_R1_vs_R2,natural_variability,8,RShin_to_RFoot_rz,RShin_to_RFoot,rz,0.046292958165831725,0.04802469483419534,0.001731736668363612,0.0373148256996677,0.03681122484345249
252_T1_R1_vs_R2,natural_variability,8,RShoulder_to_RUArm_rx,RShoulder_to_RUArm,rx,0.17169723400178463,0.10551320669523914,-0.06618402730654549,0.0373148256996677,0.03681122484345249
252_T1_R1_vs_R2,natural_variability,8,RShoulder_to_RUArm_ry,RShoulder_to_RUArm,ry,0.49597873488490385,0.18434429251696005,-0.3116344423679438,0.0373148256996677,0.03681122484345249
252_T1_R1_vs_R2,natural_variability,8,RShoulder_to_RUArm_rz,RShoulder_to_RUArm,rz,0.020023471313401243,0.11479090977210647,0.09476743845870522,0.0373148256996677,0.03681122484345249
252_T1_R1_vs_R2,natural_variability,8,RThigh_to_RShin_rx,RThigh_to_RShin,rx,0.16836600130613366,0.05951991718897255,-0.10884608411716111,0.0373148256996677,0.03681122484345249
252_T1_R1_vs_R2,natural_variability,8,RThigh_to_RShin_ry,RThigh_to_RShin,ry,3.8279214945811584e-08,2.3237398849072023e-08,-1.504181609673956e-08,0.0373148256996677,0.03681122484345249
252_T1_R1_vs_R2,natural_variability,8,RThigh_to_RShin_rz,RThigh_to_RShin,rz,2.5770390407193153e-08,1.3021992633613301e-08,-1.2748397773579852e-08,0.0373148256996677,0.03681122484345249
252_T1_R1_vs_R2,natural_variability,8,RUArm_to_RFArm_rx,RUArm_to_RFArm,rx,0.4178858342262538,0.08948974080753082,-0.328396093418723,0.0373148256996677,0.03681122484345249
252_T1_R1_vs_R2,natural_variability,8,RUArm_to_RFArm_ry,RUArm_to_RFArm,ry,0.3835128337500727,0.05360208484641668,-0.329910748903656,0.0373148256996677,0.03681122484345249
252_T1_R1_vs_R2,natural_variability,8,RUArm_to_RFArm_rz,RUArm_to_RFArm,rz,0.04118881011453059,0.052945980026671155,0.011757169912140562,0.0373148256996677,0.03681122484345249
252_T1_R1_vs_R2,natural_variability,9,252_to_LThigh_rx,252_to_LThigh,rx,0.23991439202582188,0.3796336538853206,0.13971926185949873,0.0348621756747563,0.023971740160650522
252_T1_R1_vs_R2,natural_variability,9,252_to_LThigh_ry,252_to_LThigh,ry,0.012493558436765015,0.020605039066785357,0.008111480630020342,0.0348621756747563,0.023971740160650522
252_T1_R1_vs_R2,natural_variability,9,252_to_LThigh_rz,252_to_LThigh,rz,0.058493596268408964,0.1306148427520028,0.07212124648359383,0.0348621756747563,0.023971740160650522
252_T1_R1_vs_R2,natural_variability,9,252_to_RThigh_rx,252_to_RThigh,rx,0.255680497224747,0.28520173499501733,0.029521237770270325,0.0348621756747563,0.023971740160650522
252_T1_R1_vs_R2,natural_variability,9,252_to_RThigh_ry,252_to_RThigh,ry,0.013076352078887663,0.053261639562451266,0.040185287483563606,0.0348621756747563,0.023971740160650522
252_T1_R1_vs_R2,natural_variability,9,252_to_RThigh_rz,252_to_RThigh,rz,0.11168077232103533,0.18765965484393407,0.07597888252289874,0.0348621756747563,0.023971740160650522
252_T1_R1_vs_R2,natural_variability,9,Chest_to_LShoulder_rx,Chest_to_LShoulder,rx,0.015485839728753135,0.03581737475218532,0.020331535023432185,0.0348621756747563,0.023971740160650522
252_T1_R1_vs_R2,natural_variability,9,Chest_to_LShoulder_ry,Chest_to_LShoulder,ry,0.032291650151498215,0.09144337512106192,0.0591517249695637,0.0348621756747563,0.023971740160650522
252_T1_R1_vs_R2,natural_variability,9,Chest_to_LShoulder_rz,Chest_to_LShoulder,rz,0.033216637443088864,0.010391231814379384,-0.02282540562870948,0.0348621756747563,0.023971740160650522
252_T1_R1_vs_R2,natural_variability,9,Chest_to_Neck_rx,Chest_to_Neck,rx,0.0016188956320532522,0.0896703084053182,0.08805141277326495,0.0348621756747563,0.023971740160650522
252_T1_R1_vs_R2,natural_variability,9,Chest_to_Neck_ry,Chest_to_Neck,ry,0.04521529361223737,0.07814656684849904,0.03293127323626167,0.0348621756747563,0.023971740160650522
252_T1_R1_vs_R2,natural_variability,9,Chest_to_Neck_rz,Chest_to_Neck,rz,0.058390943610832316,0.07069979007135348,0.012308846460521161,0.0348621756747563,0.023971740160650522
252_T1_R1_vs_R2,natural_variability,9,Chest_to_RShoulder_rx,Chest_to_RShoulder,rx,0.006928423308196179,0.03848834242873555,0.03155991912053937,0.0348621756747563,0.023971740160650522
252_T1_R1_vs_R2,natural_variability,9,Chest_to_RShoulder_ry,Chest_to_RShoulder,ry,0.01695185833540804,0.026961951070664045,0.010010092735256007,0.0348621756747563,0.023971740160650522
252_T1_R1_vs_R2,natural_variability,9,Chest_to_RShoulder_rz,Chest_to_RShoulder,rz,0.03767062263451972,0.005818022473915507,-0.03185260016060422,0.0348621756747563,0.023971740160650522
252_T1_R1_vs_R2,natural_variability,9,LFArm_to_LHand_rx,LFArm_to_LHand,rx,0.02461333778068822,0.032906047260078376,0.008292709479390155,0.0348621756747563,0.023971740160650522
252_T1_R1_vs_R2,natural_variability,9,LFArm_to_LHand_ry,LFArm_to_LHand,ry,0.037905074432523105,0.051459312861997376,0.013554238429474272,0.0348621756747563,0.023971740160650522
252_T1_R1_vs_R2,natural_variability,9,LFArm_to_LHand_rz,LFArm_to_LHand,rz,0.12718034995805494,0.1842969149917579,0.057116565033702965,0.0348621756747563,0.023971740160650522
252_T1_R1_vs_R2,natural_variability,9,LShin_to_LFoot_rx,LShin_to_LFoot,rx,0.04352920618861548,0.011878744618083723,-0.03165046157053175,0.0348621756747563,0.023971740160650522
252_T1_R1_vs_R2,natural_variability,9,LShin_to_LFoot_ry,LShin_to_LFoot,ry,0.07213655078435831,0.08140070135400788,0.009264150569649576,0.0348621756747563,0.023971740160650522
252_T1_R1_vs_R2,natural_variability,9,LShin_to_LFoot_rz,LShin_to_LFoot,rz,0.02835873879030609,0.01593979069741981,-0.012418948092886278,0.0348621756747563,0.023971740160650522
252_T1_R1_vs_R2,natural_variability,9,LShoulder_to_LUArm_rx,LShoulder_to_LUArm,rx,0.2821400580512934,0.012227902181391331,-0.269912155869902,0.0348621756747563,0.023971740160650522
252_T1_R1_vs_R2,natural_variability,9,LShoulder_to_LUArm_ry,LShoulder_to_LUArm,ry,0.15933773884361044,0.17958294745958345,0.02024520861597301,0.0348621756747563,0.023971740160650522
252_T1_R1_vs_R2,natural_variability,9,LShoulder_to_LUArm_rz,LShoulder_to_LUArm,rz,0.3439580044520146,0.10147865323748127,-0.2424793512145333,0.0348621756747563,0.023971740160650522
252_T1_R1_vs_R2,natural_variability,9,LThigh_to_LShin_rx,LThigh_to_LShin,rx,0.29953568111892026,0.009753872068729796,-0.28978180905019046,0.0348621756747563,0.023971740160650522
252_T1_R1_vs_R2,natural_variability,9,LThigh_to_LShin_ry,LThigh_to_LShin,ry,4.746953011665551e-10,3.2852741251911886e-09,2.8105788240246334e-09,0.0348621756747563,0.023971740160650522
252_T1_R1_vs_R2,natural_variability,9,LThigh_to_LShin_rz,LThigh_to_LShin,rz,3.846073663745909e-08,3.206139528746698e-08,-6.399341349992104e-09,0.0348621756747563,0.023971740160650522
252_T1_R1_vs_R2,natural_variability,9,LUArm_to_LFArm_rx,LUArm_to_LFArm,rx,0.2832385437030157,0.23914524962036254,-0.04409329408265317,0.0348621756747563,0.023971740160650522
252_T1_R1_vs_R2,natural_variability,9,LUArm_to_LFArm_ry,LUArm_to_LFArm,ry,0.1398347453109991,0.18648670191802982,0.046651956607030726,0.0348621756747563,0.023971740160650522
252_T1_R1_vs_R2,natural_variability,9,LUArm_to_LFArm_rz,LUArm_to_LFArm,rz,0.17291233413176077,0.16453796729393183,-0.00837436683782894,0.0348621756747563,0.023971740160650522
252_T1_R1_vs_R2,natural_variability,9,Neck_to_Head_rx,Neck_to_Head,rx,0.0020070071749619996,0.08942063839604088,0.08741363122107888,0.0348621756747563,0.023971740160650522
252_T1_R1_vs_R2,natural_variability,9,Neck_to_Head_ry,Neck_to_Head,ry,0.05559194998990789,0.08996703309601037,0.034375083106102475,0.0348621756747563,0.023971740160650522
252_T1_R1_vs_R2,natural_variability,9,Neck_to_Head_rz,Neck_to_Head,rz,0.04846193007998178,0.05445498626943464,0.00599305618945286,0.0348621756747563,0.023971740160650522
252_T1_R1_vs_R2,natural_variability,9,RFArm_to_RHand_rx,RFArm_to_RHand,rx,0.010435665039809928,0.010294165462137246,-0.00014149957767268205,0.0348621756747563,0.023971740160650522
252_T1_R1_vs_R2,natural_variability,9,RFArm_to_RHand_ry,RFArm_to_RHand,ry,0.05906182510435297,0.08182899522071513,0.02276717011636216,0.0348621756747563,0.023971740160650522
252_T1_R1_vs_R2,natural_variability,9,RFArm_to_RHand_rz,RFArm_to_RHand,rz,0.14312478048450036,0.11428724313207257,-0.02883753735242779,0.0348621756747563,0.023971740160650522
252_T1_R1_vs_R2,natural_variability,9,RShin_to_RFoot_rx,RShin_to_RFoot,rx,0.10256348967008433,0.05656721314159575,-0.04599627652848858,0.0348621756747563,0.023971740160650522
252_T1_R1_vs_R2,natural_variability,9,RShin_to_RFoot_ry,RShin_to_RFoot,ry,0.07928773989841703,0.01884900959296267,-0.060438730305454366,0.0348621756747563,0.023971740160650522
252_T1_R1_vs_R2,natural_variability,9,RShin_to_RFoot_rz,RShin_to_RFoot,rz,0.022441909393372976,0.09609259413228599,0.07365068473891301,0.0348621756747563,0.023971740160650522
252_T1_R1_vs_R2,natural_variability,9,RShoulder_to_RUArm_rx,RShoulder_to_RUArm,rx,0.1723320417927999,0.129992743740564,-0.04233929805223591,0.0348621756747563,0.023971740160650522
252_T1_R1_vs_R2,natural_variability,9,RShoulder_to_RUArm_ry,RShoulder_to_RUArm,ry,0.39374936100661334,0.3946350432634589,0.0008856822568455436,0.0348621756747563,0.023971740160650522
252_T1_R1_vs_R2,natural_variability,9,RShoulder_to_RUArm_rz,RShoulder_to_RUArm,rz,0.3421114862555527,0.4425803328316899,0.1004688465761372,0.0348621756747563,0.023971740160650522
252_T1_R1_vs_R2,natural_variability,9,RThigh_to_RShin_rx,RThigh_to_RShin,rx,0.11518016476830348,0.19337181028566738,0.0781916455173639,0.0348621756747563,0.023971740160650522
252_T1_R1_vs_R2,natural_variability,9,RThigh_to_RShin_ry,RThigh_to_RShin,ry,5.577970189852613e-09,1.52346411610732e-08,9.656670971220586e-09,0.0348621756747563,0.023971740160650522
252_T1_R1_vs_R2,natural_variability,9,RThigh_to_RShin_rz,RThigh_to_RShin,rz,1.8796910672323433e-08,6.277890068380527e-08,4.3981990011481836e-08,0.0348621756747563,0.023971740160650522
252_T1_R1_vs_R2,natural_variability,9,RUArm_to_RFArm_rx,RUArm_to_RFArm,rx,0.038904215721052696,0.05687219088965984,0.017967975168607146,0.0348621756747563,0.023971740160650522
252_T1_R1_vs_R2,natural_variability,9,RUArm_to_RFArm_ry,RUArm_to_RFArm,ry,0.10502771948330993,0.07544157088132786,-0.029586148601982068,0.0348621756747563,0.023971740160650522
252_T1_R1_vs_R2,natural_variability,9,RUArm_to_RFArm_rz,RUArm_to_RFArm,rz,0.08950521764587122,0.12153268527129879,0.032027467625427575,0.0348621756747563,0.023971740160650522
