comparison_id,kind,pc,feature,link_id,axis,loading_A_abs,loading_B_reprojected_abs,jcvpca_axis,explained_variance_A,explained_variance_B_projected
252_T1_vs_T2,longitudinal,1,252_to_LThigh_rx,252_to_LThigh,rx,0.006167659011832982,0.006133518493142058,-3.4140518690924625e-05,0.35860654678331805,0.48125224857966403
252_T1_vs_T2,longitudinal,1,252_to_LThigh_ry,252_to_LThigh,ry,5.6485058281845e-05,0.006556205142464919,0.006499720084183074,0.35860654678331805,0.48125224857966403
252_T1_vs_T2,longitudinal,1,252_to_LThigh_rz,252_to_LThigh,rz,0.0019553134891526066,0.0008621127539259393,-0.0010932007352266672,0.35860654678331805,0.48125224857966403
252_T1_vs_T2,longitudinal,1,252_to_RThigh_rx,252_to_RThigh,rx,0.0023359466476469658,0.0001848452012275674,-0.0021511014464193983,0.35860654678331805,0.48125224857966403
252_T1_vs_T2,longitudinal,1,252_to_RThigh_ry,252_to_RThigh,ry,0.00042491221214687743,0.0025497162100735107,0.0021248039979266335,0.35860654678331805,0.48125224857966403
252_T1_vs_T2,longitudinal,1,252_to_RThigh_rz,252_to_RThigh,rz,0.002116618918111123,0.002165161959711929,4.8543041600805983e-05,0.35860654678331805,0.48125224857966403
252_T1_vs_T2,longitudinal,1,Chest_to_LShoulder_rx,Chest_to_LShoulder,rx,0.010641716626831974,0.004789092736654832,-0.0058526238901771424,0.35860654678331805,0.48125224857966403
252_T1_vs_T2,longitudinal,1,Chest_to_LShoulder_ry,Chest_to_LShoulder,ry,0.024961281776287054,0.0031304807824473215,-0.021830800993839734,0.35860654678331805,0.48125224857966403
252_T1_vs_T2,longitudinal,1,Chest_to_LShoulder_rz,Chest_to_LShoulder,rz,0.015900923183976932,0.011652318840136273,-0.004248604343840659,0.35860654678331805,0.48125224857966403
252_T1_vs_T2,longitudinal,1,Chest_to_Neck_rx,Chest_to_Neck,rx,0.00046907552396985904,0.00188315003532125,0.0014140745113513909,0.35860654678331805,0.48125224857966403
252_T1_vs_T2,longitudinal,1,Chest_to_Neck_ry,Chest_to_Neck,ry,0.009429188802229104,0.012348211296117016,0.0029190224938879118,0.35860654678331805,0.48125224857966403
252_T1_vs_T2,longitudinal,1,Chest_to_Neck_rz,Chest_to_Neck,rz,0.00021524354534452003,0.00792151392600227,0.0077062703806577496,0.35860654678331805,0.48125224857966403
252_T1_vs_T2,longitudinal,1,Chest_to_RShoulder_rx,Chest_to_RShoulder,rx,0.019674909193667413,0.0015425700283518765,-0.018132339165315536,0.35860654678331805,0.48125224857966403
252_T1_vs_T2,longitudinal,1,Chest_to_RShoulder_ry,Chest_to_RShoulder,ry,0.007457398463580874,0.006355151632162955,-0.0011022468314179192,0.35860654678331805,0.48125224857966403
252_T1_vs_T2,longitudinal,1,Chest_to_RShoulder_rz,Chest_to_RShoulder,rz,0.0029175738215460015,0.025008230395094092,0.02209065657354809,0.35860654678331805,0.48125224857966403
252_T1_vs_T2,longitudinal,1,LFArm_to_LHand_rx,LFArm_to_LHand,rx,0.022953484942359787,0.031533400576793984,0.008579915634434197,0.35860654678331805,0.48125224857966403
252_T1_vs_T2,longitudinal,1,LFArm_to_LHand_ry,LFArm_to_LHand,ry,0.09381327099321667,0.06735762510259928,-0.026455645890617385,0.35860654678331805,0.48125224857966403
252_T1_vs_T2,longitudinal,1,LFArm_to_LHand_rz,LFArm_to_LHand,rz,0.2323849393090841,0.38898443699250174,0.15659949768341763,0.35860654678331805,0.48125224857966403
252_T1_vs_T2,longitudinal,1,LShin_to_LFoot_rx,LShin_to_LFoot,rx,0.008433999735305361,0.002439984232029992,-0.005994015503275369,0.35860654678331805,0.48125224857966403
252_T1_vs_T2,longitudinal,1,LShin_to_LFoot_ry,LShin_to_LFoot,ry,0.0008847024602747799,0.0013351023985904344,0.00045039993831565454,0.35860654678331805,0.48125224857966403
252_T1_vs_T2,longitudinal,1,LShin_to_LFoot_rz,LShin_to_LFoot,rz,7.513867262785654e-05,0.0012445663902744414,0.0011694277176465847,0.35860654678331805,0.48125224857966403
252_T1_vs_T2,longitudinal,1,LShoulder_to_LUArm_rx,LShoulder_to_LUArm,rx,0.07477834351798812,0.02347123425504562,-0.051307109262942505,0.35860654678331805,0.48125224857966403
252_T1_vs_T2,longitudinal,1,LShoulder_to_LUArm_ry,LShoulder_to_LUArm,ry,0.05053006164224333,0.00496457177661024,-0.04556548986563309,0.35860654678331805,0.48125224857966403
252_T1_vs_T2,longitudinal,1,LShoulder_to_LUArm_rz,LShoulder_to_LUArm,rz,0.001726048084576675,0.04921234547434151,0.047486297389764835,0.35860654678331805,0.48125224857966403
252_T1_vs_T2,longitudinal,1,LThigh_to_LShin_rx,LThigh_to_LShin,rx,0.016810215690941533,0.009201115571416127,-0.007609100119525406,0.35860654678331805,0.48125224857966403
252_T1_vs_T2,longitudinal,1,LThigh_to_LShin_ry,LThigh_to_LShin,ry,1.4126463110577118e-08,8.886294071774967e-09,-5.240169038802151e-09,0.35860654678331805,0.48125224857966403
252_T1_vs_T2,longitudinal,1,LThigh_to_LShin_rz,LThigh_to_LShin,rz,2.930197386370333e-08,1.2481176076215984e-08,-1.6820797787487345e-08,0.35860654678331805,0.48125224857966403
252_T1_vs_T2,longitudinal,1,LUArm_to_LFArm_rx,LUArm_to_LFArm,rx,0.5309814760716003,0.15339727767062822,-0.37758419840097207,0.35860654678331805,0.48125224857966403
252_T1_vs_T2,longitudinal,1,LUArm_to_LFArm_ry,LUArm_to_LFArm,ry,0.05542651554649578,0.0977774888858105,0.04235097333931472,0.35860654678331805,0.48125224857966403
252_T1_vs_T2,longitudinal,1,LUArm_to_LFArm_rz,LUArm_to_LFArm,rz,0.4169232283840486,0.07674093153634443,-0.3401822968477042,0.35860654678331805,0.48125224857966403
252_T1_vs_T2,longitudinal,1,Neck_to_Head_rx,Neck_to_Head,rx,0.00045335733754021376,0.0018883797244371846,0.0014350223868969708,0.35860654678331805,0.48125224857966403
252_T1_vs_T2,longitudinal,1,Neck_to_Head_ry,Neck_to_Head,ry,0.009270245732286566,0.013580616797826489,0.004310371065539923,0.35860654678331805,0.48125224857966403
252_T1_vs_T2,longitudinal,1,Neck_to_Head_rz,Neck_to_Head,rz,0.0015697112447769855,0.005421883933267314,0.003852172688490328,0.35860654678331805,0.48125224857966403
252_T1_vs_T2,longitudinal,1,RFArm_to_RHand_rx,RFArm_to_RHand,rx,0.018173103834061635,0.05037946648478032,0.03220636265071868,0.35860654678331805,0.48125224857966403
252_T1_vs_T2,longitudinal,1,RFArm_to_RHand_ry,RFArm_to_RHand,ry,0.16960862963892517,0.27207583840304495,0.10246720876411977,0.35860654678331805,0.48125224857966403
252_T1_vs_T2,longitudinal,1,RFArm_to_RHand_rz,RFArm_to_RHand,rz,0.25765041720929066,0.6658637793682624,0.4082133621589717,0.35860654678331805,0.48125224857966403
252_T1_vs_T2,longitudinal,1,RShin_to_RFoot_rx,RShin_to_RFoot,rx,0.0021697681028555386,0.0018522763775673026,-0.000317491725288236,0.35860654678331805,0.48125224857966403
252_T1_vs_T2,longitudinal,1,RShin_to_RFoot_ry,RShin_to_RFoot,ry,0.0016859803905992868,0.005791399446872194,0.004105419056272907,0.35860654678331805,0.48125224857966403
252_T1_vs_T2,longitudinal,1,RShin_to_RFoot_rz,RShin_to_RFoot,rz,0.0010066148758849992,0.0006011428695562311,-0.00040547200632876806,0.35860654678331805,0.48125224857966403
252_T1_vs_T2,longitudinal,1,RShoulder_to_RUArm_rx,RShoulder_to_RUArm,rx,0.024715762744313252,0.2179070443384866,0.19319128159417334,0.35860654678331805,0.48125224857966403
252_T1_vs_T2,longitudinal,1,RShoulder_to_RUArm_ry,RShoulder_to_RUArm,ry,0.0322632548930156,0.019438200716315517,-0.01282505417670008,0.35860654678331805,0.48125224857966403
252_T1_vs_T2,longitudinal,1,RShoulder_to_RUArm_rz,RShoulder_to_RUArm,rz,0.03229721022313613,0.1362091777000617,0.10391196747692556,0.35860654678331805,0.48125224857966403
252_T1_vs_T2,longitudinal,1,RThigh_to_RShin_rx,RThigh_to_RShin,rx,0.0031282564036402057,0.0012181970195940352,-0.0019100593840461705,0.35860654678331805,0.48125224857966403
252_T1_vs_T2,longitudinal,1,RThigh_to_RShin_ry,RThigh_to_RShin,ry,1.3276452549694167e-08,2.1002459977986275e-08,7.726007428292108e-09,0.35860654678331805,0.48125224857966403
252_T1_vs_T2,longitudinal,1,RThigh_to_RShin_rz,RThigh_to_RShin,rz,3.793013424974079e-08,4.75361749834759e-08,9.60604073373511e-09,0.35860654678331805,0.48125224857966403
252_T1_vs_T2,longitudinal,1,RUArm_to_RFArm_rx,RUArm_to_RFArm,rx,0.4201781071082437,0.3316700799815024,-0.08850802712674133,0.35860654678331805,0.48125224857966403
252_T1_vs_T2,longitudinal,1,RUArm_to_RFArm_ry,RUArm_to_RFArm,ry,0.32226633325764154,0.22391686398628485,-0.09834946927135668,0.35860654678331805,0.48125224857966403
252_T1_vs_T2,longitudinal,1,RUArm_to_RFArm_rz,RUArm_to_RFArm,rz,0.29842714882857724,0.2306247651626003,-0.06780238366597693,0.35860654678331805,0.48125224857966403
252_T1_vs_T2,longitudinal,2,252_to_LThigh_rx,252_to_LThigh,rx,0.02225409760976424,0.011923562788939749,-0.01033053482082449,0.2134402505358686,0.23149278606169646
252_T1_vs_T2,longitudinal,2,252_to_LThigh_ry,252_to_LThigh,ry,0.015574916804833623,0.002622910244963438,-0.012952006559870185,0.2134402505358686,0.23149278606169646
252_T1_vs_T2,longitudinal,2,252_to_LThigh_rz,252_to_LThigh,rz,0.01008358675026021,0.005139885597523068,-0.004943701152737142,0.2134402505358686,0.23149278606169646
252_T1_vs_T2,longitudinal,2,252_to_RThigh_rx,252_to_RThigh,rx,0.010894002536221048,0.008715710560718395,-0.002178291975502653,0.2134402505358686,0.23149278606169646
252_T1_vs_T2,longitudinal,2,252_to_RThigh_ry,252_to_RThigh,ry,0.004058691649262562,0.003211023742256116,-0.0008476679070064459,0.2134402505358686,0.23149278606169646
252_T1_vs_T2,longitudinal,2,252_to_RThigh_rz,252_to_RThigh,rz,0.013595390559783834,0.004299778662354015,-0.00929561189742982,0.2134402505358686,0.23149278606169646
252_T1_vs_T2,longitudinal,2,Chest_to_LShoulder_rx,Chest_to_LShoulder,rx,0.006914530557034475,0.043992717987259705,0.03707818743022523,0.2134402505358686,0.23149278606169646
252_T1_vs_T2,longitudinal,2,Chest_to_LShoulder_ry,Chest_to_LShoulder,ry,0.02583266814212667,0.01783358739975355,-0.00799908074237312,0.2134402505358686,0.23149278606169646
252_T1_vs_T2,longitudinal,2,Chest_to_LShoulder_rz,Chest_to_LShoulder,rz,0.04147330911511898,0.0024682386851901323,-0.039005070429928845,0.2134402505358686,0.23149278606169646
252_T1_vs_T2,longitudinal,2,Chest_to_Neck_rx,Chest_to_Neck,rx,0.001897104024722654,0.016005753132567368,0.014108649107844713,0.2134402505358686,0.23149278606169646
252_T1_vs_T2,longitudinal,2,Chest_to_Neck_ry,Chest_to_Neck,ry,0.004268737028735596,0.0028761982632285496,-0.0013925387655070467,0.2134402505358686,0.23149278606169646
252_T1_vs_T2,longitudinal,2,Chest_to_Neck_rz,Chest_to_Neck,rz,0.0104251849713757,0.0006396256457142225,-0.009785559325661476,0.2134402505358686,0.23149278606169646
252_T1_vs_T2,longitudinal,2,Chest_to_RShoulder_rx,Chest_to_RShoulder,rx,0.012113301592460402,0.0566197542343287,0.044506452641868297,0.2134402505358686,0.23149278606169646
252_T1_vs_T2,longitudinal,2,Chest_to_RShoulder_ry,Chest_to_RShoulder,ry,0.012997582114727728,0.016420150280788776,0.0034225681660610477,0.2134402505358686,0.23149278606169646
252_T1_vs_T2,longitudinal,2,Chest_to_RShoulder_rz,Chest_to_RShoulder,rz,0.04175224157935375,0.0021337445404748237,-0.03961849703887892,0.2134402505358686,0.23149278606169646
252_T1_vs_T2,longitudinal,2,LFArm_to_LHand_rx,LFArm_to_LHand,rx,0.010692154354588321,0.007835529931154647,-0.002856624423433674,0.2134402505358686,0.23149278606169646
252_T1_vs_T2,longitudinal,2,LFArm_to_LHand_ry,LFArm_to_LHand,ry,0.017538894996558523,0.0008349092637976629,-0.01670398573276086,0.2134402505358686,0.23149278606169646
252_T1_vs_T2,longitudinal,2,LFArm_to_LHand_rz,LFArm_to_LHand,rz,0.19533126166899828,0.03296526901417293,-0.16236599265482535,0.2134402505358686,0.23149278606169646
252_T1_vs_T2,longitudinal,2,LShin_to_LFoot_rx,LShin_to_LFoot,rx,0.015803583362421863,0.013103126316962295,-0.0027004570454595683,0.2134402505358686,0.23149278606169646
252_T1_vs_T2,longitudinal,2,LShin_to_LFoot_ry,LShin_to_LFoot,ry,0.0014989898961522358,0.0038378794250156457,0.00233888952886341,0.2134402505358686,0.23149278606169646
252_T1_vs_T2,longitudinal,2,LShin_to_LFoot_rz,LShin_to_LFoot,rz,0.0010804014667616772,0.0031929995424797115,0.0021125980757180345,0.2134402505358686,0.23149278606169646
252_T1_vs_T2,longitudinal,2,LShoulder_to_LUArm_rx,LShoulder_to_LUArm,rx,0.025592312940167318,0.25211465693798346,0.22652234399781615,0.2134402505358686,0.23149278606169646
252_T1_vs_T2,longitudinal,2,LShoulder_to_LUArm_ry,LShoulder_to_LUArm,ry,0.05363334642464537,0.07804678290609025,0.02441343648144488,0.2134402505358686,0.23149278606169646
252_T1_vs_T2,longitudinal,2,LShoulder_to_LUArm_rz,LShoulder_to_LUArm,rz,0.06934950369051743,0.05634391597797403,-0.013005587712543398,0.2134402505358686,0.23149278606169646
252_T1_vs_T2,longitudinal,2,LThigh_to_LShin_rx,LThigh_to_LShin,rx,0.044207547039730545,0.01205202320232803,-0.032155523837402514,0.2134402505358686,0.23149278606169646
252_T1_vs_T2,longitudinal,2,LThigh_to_LShin_ry,LThigh_to_LShin,ry,5.204232211151821e-09,1.1723109065778392e-08,6.518876854626571e-09,0.2134402505358686,0.23149278606169646
252_T1_vs_T2,longitudinal,2,LThigh_to_LShin_rz,LThigh_to_LShin,rz,4.963856678832605e-08,5.1687346876906856e-08,2.048780088580803e-09,0.2134402505358686,0.23149278606169646
252_T1_vs_T2,longitudinal,2,LUArm_to_LFArm_rx,LUArm_to_LFArm,rx,0.2631934929859039,0.003703299023226956,-0.2594901939626769,0.2134402505358686,0.23149278606169646
252_T1_vs_T2,longitudinal,2,LUArm_to_LFArm_ry,LUArm_to_LFArm,ry,0.0017887954813627272,0.5171214706616428,0.5153326751802801,0.2134402505358686,0.23149278606169646
252_T1_vs_T2,longitudinal,2,LUArm_to_LFArm_rz,LUArm_to_LFArm,rz,0.2947184064504636,0.20944625877955975,-0.08527214767090385,0.2134402505358686,0.23149278606169646
252_T1_vs_T2,longitudinal,2,Neck_to_Head_rx,Neck_to_Head,rx,0.001886163413689486,0.016012494789213898,0.014126331375524413,0.2134402505358686,0.23149278606169646
252_T1_vs_T2,longitudinal,2,Neck_to_Head_ry,Neck_to_Head,ry,0.0061459725703634244,0.0027046483885328604,-0.003441324181830564,0.2134402505358686,0.23149278606169646
252_T1_vs_T2,longitudinal,2,Neck_to_Head_rz,Neck_to_Head,rz,0.00939739506007581,0.0011723052096588226,-0.008225089850416988,0.2134402505358686,0.23149278606169646
252_T1_vs_T2,longitudinal,2,RFArm_to_RHand_rx,RFArm_to_RHand,rx,0.05832511634591066,0.02145107688158298,-0.03687403946432768,0.2134402505358686,0.23149278606169646
252_T1_vs_T2,longitudinal,2,RFArm_to_RHand_ry,RFArm_to_RHand,ry,0.20399451939404292,0.02600228294638887,-0.17799223644765405,0.2134402505358686,0.23149278606169646
252_T1_vs_T2,longitudinal,2,RFArm_to_RHand_rz,RFArm_to_RHand,rz,0.7821992640357658,0.11780783930064442,-0.6643914247351214,0.2134402505358686,0.23149278606169646
252_T1_vs_T2,longitudinal,2,RShin_to_RFoot_rx,RShin_to_RFoot,rx,0.004134377388532867,0.012613078311898392,0.008478700923365525,0.2134402505358686,0.23149278606169646
252_T1_vs_T2,longitudinal,2,RShin_to_RFoot_ry,RShin_to_RFoot,ry,0.012634297090457975,0.0011925018949594504,-0.011441795195498525,0.2134402505358686,0.23149278606169646
252_T1_vs_T2,longitudinal,2,RShin_to_RFoot_rz,RShin_to_RFoot,rz,0.002809756780549225,0.0034770497519177584,0.0006672929713685332,0.2134402505358686,0.23149278606169646
252_T1_vs_T2,longitudinal,2,RShoulder_to_RUArm_rx,RShoulder_to_RUArm,rx,0.29633361295871474,0.30805107664914444,0.011717463690429697,0.2134402505358686,0.23149278606169646
252_T1_vs_T2,longitudinal,2,RShoulder_to_RUArm_ry,RShoulder_to_RUArm,ry,0.05416030569897269,0.049223494994382694,-0.004936810704589997,0.2134402505358686,0.23149278606169646
252_T1_vs_T2,longitudinal,2,RShoulder_to_RUArm_rz,RShoulder_to_RUArm,rz,0.19642552374382907,0.013226572851059356,-0.18319895089276972,0.2134402505358686,0.23149278606169646
252_T1_vs_T2,longitudinal,2,RThigh_to_RShin_rx,RThigh_to_RShin,rx,0.016296382637814556,0.021511738138226356,0.0052153555004118,0.2134402505358686,0.23149278606169646
252_T1_vs_T2,longitudinal,2,RThigh_to_RShin_ry,RThigh_to_RShin,ry,3.891756116837475e-08,6.3141894073549834e-09,-3.260337176101977e-08,0.2134402505358686,0.23149278606169646
252_T1_vs_T2,longitudinal,2,RThigh_to_RShin_rz,RThigh_to_RShin,rz,3.279687712428395e-08,7.610522040016e-08,4.330834327587605e-08,0.2134402505358686,0.23149278606169646
252_T1_vs_T2,longitudinal,2,RUArm_to_RFArm_rx,RUArm_to_RFArm,rx,0.005540536385579786,0.28999320886178387,0.2844526724762041,0.2134402505358686,0.23149278606169646
252_T1_vs_T2,longitudinal,2,RUArm_to_RFArm_ry,RUArm_to_RFArm,ry,0.033229622937665904,0.6356439145981786,0.6024142916605126,0.2134402505358686,0.23149278606169646
252_T1_vs_T2,longitudinal,2,RUArm_to_RFArm_rz,RUArm_to_RFArm,rz,0.03259530002202891,0.08095037499519833,0.048355074973169425,0.2134402505358686,0.23149278606169646
252_T1_vs_T2,longitudinal,3,252_to_LThigh_rx,252_to_LThigh,rx,0.020006744138009354,0.036580266188613576,0.016573522050604222,0.1077414173498334,0.15331119973662868
252_T1_vs_T2,longitudinal,3,252_to_LThigh_ry,252_to_LThigh,ry,0.012689474490027065,0.02671845721330308,0.014028982723276016,0.1077414173498334,0.15331119973662868
252_T1_vs_T2,longitudinal,3,252_to_LThigh_rz,252_to_LThigh,rz,0.0022096453962607223,0.0181650279412489,0.015955382544988177,0.1077414173498334,0.15331119973662868
252_T1_vs_T2,longitudinal,3,252_to_RThigh_rx,252_to_RThigh,rx,0.011560646933573495,0.02929820824530978,0.01773756131173628,0.1077414173498334,0.15331119973662868
252_T1_vs_T2,longitudinal,3,252_to_RThigh_ry,252_to_RThigh,ry,0.00027631450424493395,0.0039832046930843605,0.0037068901888394267,0.1077414173498334,0.15331119973662868
252_T1_vs_T2,longitudinal,3,252_to_RThigh_rz,252_to_RThigh,rz,0.0055946604192222416,0.02479350804633187,0.01919884762710963,0.1077414173498334,0.15331119973662868
252_T1_vs_T2,longitudinal,3,Chest_to_LShoulder_rx,Chest_to_LShoulder,rx,0.009670858808567873,0.011954485900011384,0.0022836270914435106,0.1077414173498334,0.15331119973662868
252_T1_vs_T2,longitudinal,3,Chest_to_LShoulder_ry,Chest_to_LShoulder,ry,0.0014398738659030243,0.02765436096070625,0.026214487094803226,0.1077414173498334,0.15331119973662868
252_T1_vs_T2,longitudinal,3,Chest_to_LShoulder_rz,Chest_to_LShoulder,rz,0.016722310740423952,0.03174890246384898,0.01502659172342503,0.1077414173498334,0.15331119973662868
252_T1_vs_T2,longitudinal,3,Chest_to_Neck_rx,Chest_to_Neck,rx,0.007797318704330524,0.008621687105101283,0.0008243684007707593,0.1077414173498334,0.15331119973662868
252_T1_vs_T2,longitudinal,3,Chest_to_Neck_ry,Chest_to_Neck,ry,0.015180596218954312,0.001682706791652315,-0.013497889427301997,0.1077414173498334,0.15331119973662868
252_T1_vs_T2,longitudinal,3,Chest_to_Neck_rz,Chest_to_Neck,rz,0.009046371771784061,0.00944908819509013,0.00040271642330606816,0.1077414173498334,0.15331119973662868
252_T1_vs_T2,longitudinal,3,Chest_to_RShoulder_rx,Chest_to_RShoulder,rx,0.013462347833673319,0.003386361174330107,-0.010075986659343212,0.1077414173498334,0.15331119973662868
252_T1_vs_T2,longitudinal,3,Chest_to_RShoulder_ry,Chest_to_RShoulder,ry,0.010574276732801435,0.006248772235992029,-0.004325504496809405,0.1077414173498334,0.15331119973662868
252_T1_vs_T2,longitudinal,3,Chest_to_RShoulder_rz,Chest_to_RShoulder,rz,0.0033131514061403187,0.0252216810064605,0.021908529600320182,0.1077414173498334,0.15331119973662868
252_T1_vs_T2,longitudinal,3,LFArm_to_LHand_rx,LFArm_to_LHand,rx,0.0363096026232775,0.0474698841156209,0.011160281492343396,0.1077414173498334,0.15331119973662868
252_T1_vs_T2,longitudinal,3,LFArm_to_LHand_ry,LFArm_to_LHand,ry,0.15427182459971123,0.17648965568659586,0.022217831086884632,0.1077414173498334,0.15331119973662868
252_T1_vs_T2,longitudinal,3,LFArm_to_LHand_rz,LFArm_to_LHand,rz,0.4880178558279249,0.5278131091558007,0.03979525332787581,0.1077414173498334,0.15331119973662868
252_T1_vs_T2,longitudinal,3,LShin_to_LFoot_rx,LShin_to_LFoot,rx,0.01794723406365029,0.031168271549711336,0.013221037486061047,0.1077414173498334,0.15331119973662868
252_T1_vs_T2,longitudinal,3,LShin_to_LFoot_ry,LShin_to_LFoot,ry,0.0007993480606953786,0.0023540394147525973,0.0015546913540572188,0.1077414173498334,0.15331119973662868
252_T1_vs_T2,longitudinal,3,LShin_to_LFoot_rz,LShin_to_LFoot,rz,0.0008046728945083741,0.00535228543172828,0.004547612537219906,0.1077414173498334,0.15331119973662868
252_T1_vs_T2,longitudinal,3,LShoulder_to_LUArm_rx,LShoulder_to_LUArm,rx,0.1308086096558718,0.2256858836472175,0.09487727399134571,0.1077414173498334,0.15331119973662868
252_T1_vs_T2,longitudinal,3,LShoulder_to_LUArm_ry,LShoulder_to_LUArm,ry,0.019645134965644795,0.06405243342480142,0.04440729845915663,0.1077414173498334,0.15331119973662868
252_T1_vs_T2,longitudinal,3,LShoulder_to_LUArm_rz,LShoulder_to_LUArm,rz,0.026336308196484477,0.022706937909009173,-0.003629370287475304,0.1077414173498334,0.15331119973662868
252_T1_vs_T2,longitudinal,3,LThigh_to_LShin_rx,LThigh_to_LShin,rx,0.05220823810175201,0.08764701394709234,0.03543877584534034,0.1077414173498334,0.15331119973662868
252_T1_vs_T2,longitudinal,3,LThigh_to_LShin_ry,LThigh_to_LShin,ry,1.0064141685403672e-08,3.2198424572773174e-10,-9.74215743967594e-09,0.1077414173498334,0.15331119973662868
252_T1_vs_T2,longitudinal,3,LThigh_to_LShin_rz,LThigh_to_LShin,rz,3.440528395705074e-08,9.739609010948916e-09,-2.466567494610182e-08,0.1077414173498334,0.15331119973662868
252_T1_vs_T2,longitudinal,3,LUArm_to_LFArm_rx,LUArm_to_LFArm,rx,0.17922402897199874,0.3625620613528882,0.18333803238088947,0.1077414173498334,0.15331119973662868
252_T1_vs_T2,longitudinal,3,LUArm_to_LFArm_ry,LUArm_to_LFArm,ry,0.3621348048848358,0.16925102009390505,-0.19288378479093074,0.1077414173498334,0.15331119973662868
252_T1_vs_T2,longitudinal,3,LUArm_to_LFArm_rz,LUArm_to_LFArm,rz,0.02565128899121787,0.3336986721722279,0.30804738318101,0.1077414173498334,0.15331119973662868
252_T1_vs_T2,longitudinal,3,Neck_to_Head_rx,Neck_to_Head,rx,0.007782128522338358,0.008629294845381176,0.0008471663230428181,0.1077414173498334,0.15331119973662868
252_T1_vs_T2,longitudinal,3,Neck_to_Head_ry,Neck_to_Head,ry,0.01657301224483681,0.003439330254799174,-0.013133681990037635,0.1077414173498334,0.15331119973662868
252_T1_vs_T2,longitudinal,3,Neck_to_Head_rz,Neck_to_Head,rz,0.005980554976425923,0.00892433519425589,0.0029437802178299667,0.1077414173498334,0.15331119973662868
252_T1_vs_T2,longitudinal,3,RFArm_to_RHand_rx,RFArm_to_RHand,rx,0.02298184987436653,0.04036010408254219,0.01737825420817566,0.1077414173498334,0.15331119973662868
252_T1_vs_T2,longitudinal,3,RFArm_to_RHand_ry,RFArm_to_RHand,ry,0.0005170100731756972,0.013257424571389922,0.012740414498214225,0.1077414173498334,0.15331119973662868
252_T1_vs_T2,longitudinal,3,RFArm_to_RHand_rz,RFArm_to_RHand,rz,0.10257824417638615,0.4826282386195914,0.38004999444320525,0.1077414173498334,0.15331119973662868
252_T1_vs_T2,longitudinal,3,RShin_to_RFoot_rx,RShin_to_RFoot,rx,0.0020937178867376323,0.010074515259987395,0.007980797373249762,0.1077414173498334,0.15331119973662868
252_T1_vs_T2,longitudinal,3,RShin_to_RFoot_ry,RShin_to_RFoot,ry,0.009604232993422628,0.022245742713678136,0.012641509720255508,0.1077414173498334,0.15331119973662868
252_T1_vs_T2,longitudinal,3,RShin_to_RFoot_rz,RShin_to_RFoot,rz,0.00464313063551955,0.011426440797156504,0.006783310161636954,0.1077414173498334,0.15331119973662868
252_T1_vs_T2,longitudinal,3,RShoulder_to_RUArm_rx,RShoulder_to_RUArm,rx,0.11410888034556986,0.029928337979757583,-0.08418054236581228,0.1077414173498334,0.15331119973662868
252_T1_vs_T2,longitudinal,3,RShoulder_to_RUArm_ry,RShoulder_to_RUArm,ry,0.018111749877737695,0.04831285731371924,0.030201107435981544,0.1077414173498334,0.15331119973662868
252_T1_vs_T2,longitudinal,3,RShoulder_to_RUArm_rz,RShoulder_to_RUArm,rz,0.0030935162943580828,0.14309612108676814,0.14000260479241006,0.1077414173498334,0.15331119973662868
252_T1_vs_T2,longitudinal,3,RThigh_to_RShin_rx,RThigh_to_RShin,rx,0.008384755017757026,0.036707634223596845,0.02832287920583982,0.1077414173498334,0.15331119973662868
252_T1_vs_T2,longitudinal,3,RThigh_to_RShin_ry,RThigh_to_RShin,ry,3.4960295136916414e-09,1.7793368185634676e-08,1.4297338671943036e-08,0.1077414173498334,0.15331119973662868
252_T1_vs_T2,longitudinal,3,RThigh_to_RShin_rz,RThigh_to_RShin,rz,2.845089744225127e-08,3.68167523374391e-08,8.365854895187829e-09,0.1077414173498334,0.15331119973662868
252_T1_vs_T2,longitudinal,3,RUArm_to_RFArm_rx,RUArm_to_RFArm,rx,0.37748039652593074,0.01888119317466308,-0.35859920335126766,0.1077414173498334,0.15331119973662868
252_T1_vs_T2,longitudinal,3,RUArm_to_RFArm_ry,RUArm_to_RFArm,ry,0.30002157470896545,0.27780769289639706,-0.022213881812568392,0.1077414173498334,0.15331119973662868
252_T1_vs_T2,longitudinal,3,RUArm_to_RFArm_rz,RUArm_to_RFArm,rz,0.5406509247269219,0.08639796610579474,-0.45425295862112713,0.1077414173498334,0.15331119973662868
252_T1_vs_T2,longitudinal,4,252_to_LThigh_rx,252_to_LThigh,rx,0.005506523173793139,0.00401813827507956,-0.001488384898713579,0.10615853168463348,0.08101841657414807
252_T1_vs_T2,longitudinal,4,252_to_LThigh_ry,252_to_LThigh,ry,0.013975395308067297,0.0022081706790097553,-0.011767224629057542,0.10615853168463348,0.08101841657414807
252_T1_vs_T2,longitudinal,4,252_to_LThigh_rz,252_to_LThigh,rz,0.004820009824245948,0.012278345645798355,0.007458335821552408,0.10615853168463348,0.08101841657414807
252_T1_vs_T2,longitudinal,4,252_to_RThigh_rx,252_to_RThigh,rx,0.021694765111767052,0.0037993032543461995,-0.01789546185742085,0.10615853168463348,0.08101841657414807
252_T1_vs_T2,longitudinal,4,252_to_RThigh_ry,252_to_RThigh,ry,0.004239226433979014,0.001306015972322585,-0.0029332104616564287,0.10615853168463348,0.08101841657414807
252_T1_vs_T2,longitudinal,4,252_to_RThigh_rz,252_to_RThigh,rz,0.008477217029462598,0.01246108884509044,0.003983871815627843,0.10615853168463348,0.08101841657414807
252_T1_vs_T2,longitudinal,4,Chest_to_LShoulder_rx,Chest_to_LShoulder,rx,0.04726775870349595,0.009324378284541376,-0.03794338041895457,0.10615853168463348,0.08101841657414807
252_T1_vs_T2,longitudinal,4,Chest_to_LShoulder_ry,Chest_to_LShoulder,ry,0.0040442953253996385,0.023653959788653953,0.019609664463254316,0.10615853168463348,0.08101841657414807
252_T1_vs_T2,longitudinal,4,Chest_to_LShoulder_rz,Chest_to_LShoulder,rz,0.014364442884511453,0.0395278176245215,0.02516337474001004,0.10615853168463348,0.08101841657414807
252_T1_vs_T2,longitudinal,4,Chest_to_Neck_rx,Chest_to_Neck,rx,0.017908431535088296,0.008781334455108104,-0.009127097079980192,0.10615853168463348,0.08101841657414807
252_T1_vs_T2,longitudinal,4,Chest_to_Neck_ry,Chest_to_Neck,ry,0.0008352849287823874,0.01873859307811319,0.017903308149330804,0.10615853168463348,0.08101841657414807
252_T1_vs_T2,longitudinal,4,Chest_to_Neck_rz,Chest_to_Neck,rz,0.0018649915388760723,0.005271545174585969,0.0034065536357098967,0.10615853168463348,0.08101841657414807
252_T1_vs_T2,longitudinal,4,Chest_to_RShoulder_rx,Chest_to_RShoulder,rx,0.049953780078386266,0.0006544372063490944,-0.049299342872037175,0.10615853168463348,0.08101841657414807
252_T1_vs_T2,longitudinal,4,Chest_to_RShoulder_ry,Chest_to_RShoulder,ry,0.019359398653907192,0.011996441841088244,-0.007362956812818948,0.10615853168463348,0.08101841657414807
252_T1_vs_T2,longitudinal,4,Chest_to_RShoulder_rz,Chest_to_RShoulder,rz,0.008698676036364414,0.018667324623010746,0.009968648586646332,0.10615853168463348,0.08101841657414807
252_T1_vs_T2,longitudinal,4,LFArm_to_LHand_rx,LFArm_to_LHand,rx,0.03268633391152775,0.01465904832575312,-0.018027285585774627,0.10615853168463348,0.08101841657414807
252_T1_vs_T2,longitudinal,4,LFArm_to_LHand_ry,LFArm_to_LHand,ry,0.08177247730462187,0.07835135068159389,-0.003421126623027973,0.10615853168463348,0.08101841657414807
252_T1_vs_T2,longitudinal,4,LFArm_to_LHand_rz,LFArm_to_LHand,rz,0.3263074816785109,0.2418098884414179,-0.08449759323709302,0.10615853168463348,0.08101841657414807
252_T1_vs_T2,longitudinal,4,LShin_to_LFoot_rx,LShin_to_LFoot,rx,0.02395367024790559,0.006394395799856619,-0.017559274448048973,0.10615853168463348,0.08101841657414807
252_T1_vs_T2,longitudinal,4,LShin_to_LFoot_ry,LShin_to_LFoot,ry,0.004239125827711588,0.0005591645151190312,-0.003679961312592557,0.10615853168463348,0.08101841657414807
252_T1_vs_T2,longitudinal,4,LShin_to_LFoot_rz,LShin_to_LFoot,rz,0.0005094994005618209,0.004345354044312191,0.0038358546437503704,0.10615853168463348,0.08101841657414807
252_T1_vs_T2,longitudinal,4,LShoulder_to_LUArm_rx,LShoulder_to_LUArm,rx,0.34300295579897894,0.06407354928722804,-0.2789294065117509,0.10615853168463348,0.08101841657414807
252_T1_vs_T2,longitudinal,4,LShoulder_to_LUArm_ry,LShoulder_to_LUArm,ry,0.086048060862554,0.017170693656717372,-0.06887736720583662,0.10615853168463348,0.08101841657414807
252_T1_vs_T2,longitudinal,4,LShoulder_to_LUArm_rz,LShoulder_to_LUArm,rz,0.04815938996053493,0.02421184777854271,-0.023947542181992222,0.10615853168463348,0.08101841657414807
252_T1_vs_T2,longitudinal,4,LThigh_to_LShin_rx,LThigh_to_LShin,rx,0.04750979051419175,0.010052440543076706,-0.03745734997111504,0.10615853168463348,0.08101841657414807
252_T1_vs_T2,longitudinal,4,LThigh_to_LShin_ry,LThigh_to_LShin,ry,8.033894455937623e-09,1.966762950610599e-08,1.1633735050168367e-08,0.10615853168463348,0.08101841657414807
252_T1_vs_T2,longitudinal,4,LThigh_to_LShin_rz,LThigh_to_LShin,rz,4.4100294656022636e-08,6.13358959897356e-08,1.723560133371296e-08,0.10615853168463348,0.08101841657414807
252_T1_vs_T2,longitudinal,4,LUArm_to_LFArm_rx,LUArm_to_LFArm,rx,0.11363707092271051,0.06489974987506462,-0.04873732104764589,0.10615853168463348,0.08101841657414807
252_T1_vs_T2,longitudinal,4,LUArm_to_LFArm_ry,LUArm_to_LFArm,ry,0.5878962465480008,0.4413415610397346,-0.14655468550826617,0.10615853168463348,0.08101841657414807
252_T1_vs_T2,longitudinal,4,LUArm_to_LFArm_rz,LUArm_to_LFArm,rz,0.2853704391681469,0.05598633099302759,-0.22938410817511934,0.10615853168463348,0.08101841657414807
252_T1_vs_T2,longitudinal,4,Neck_to_Head_rx,Neck_to_Head,rx,0.017917465060491876,0.008761414305628877,-0.009156050754863,0.10615853168463348,0.08101841657414807
252_T1_vs_T2,longitudinal,4,Neck_to_Head_ry,Neck_to_Head,ry,0.0011825677040140413,0.01934171423419813,0.01815914653018409,0.10615853168463348,0.08101841657414807
252_T1_vs_T2,longitudinal,4,Neck_to_Head_rz,Neck_to_Head,rz,0.0016621304827579362,0.00161569238232415,-4.643810043378628e-05,0.10615853168463348,0.08101841657414807
252_T1_vs_T2,longitudinal,4,RFArm_to_RHand_rx,RFArm_to_RHand,rx,0.006903616347057583,0.00633068379681977,-0.0005729325502378127,0.10615853168463348,0.08101841657414807
252_T1_vs_T2,longitudinal,4,RFArm_to_RHand_ry,RFArm_to_RHand,ry,0.005957153909777648,0.0044401492260456995,-0.0015170046837319484,0.10615853168463348,0.08101841657414807
252_T1_vs_T2,longitudinal,4,RFArm_to_RHand_rz,RFArm_to_RHand,rz,0.03876907405021856,0.25028734693225213,0.21151827288203356,0.10615853168463348,0.08101841657414807
252_T1_vs_T2,longitudinal,4,RShin_to_RFoot_rx,RShin_to_RFoot,rx,0.005117188412294108,0.009206849328891693,0.004089660916597585,0.10615853168463348,0.08101841657414807
252_T1_vs_T2,longitudinal,4,RShin_to_RFoot_ry,RShin_to_RFoot,ry,0.011172660782739482,0.003813378469724406,-0.007359282313015076,0.10615853168463348,0.08101841657414807
252_T1_vs_T2,longitudinal,4,RShin_to_RFoot_rz,RShin_to_RFoot,rz,0.003327876420665698,0.004313674405684991,0.0009857979850192928,0.10615853168463348,0.08101841657414807
252_T1_vs_T2,longitudinal,4,RShoulder_to_RUArm_rx,RShoulder_to_RUArm,rx,0.28082903882672405,0.2557346055658166,-0.025094433260907434,0.10615853168463348,0.08101841657414807
252_T1_vs_T2,longitudinal,4,RShoulder_to_RUArm_ry,RShoulder_to_RUArm,ry,0.05380512547760424,0.014513399374677265,-0.03929172610292698,0.10615853168463348,0.08101841657414807
252_T1_vs_T2,longitudinal,4,RShoulder_to_RUArm_rz,RShoulder_to_RUArm,rz,0.060745239441570086,0.0980270640767423,0.03728182463517222,0.10615853168463348,0.08101841657414807
252_T1_vs_T2,longitudinal,4,RThigh_to_RShin_rx,RThigh_to_RShin,rx,0.001132810897333441,0.02430548056155009,0.023172669664216647,0.10615853168463348,0.08101841657414807
252_T1_vs_T2,longitudinal,4,RThigh_to_RShin_ry,RThigh_to_RShin,ry,4.062239901853684e-09,5.17755342205611e-09,1.1153135202024259e-09,0.10615853168463348,0.08101841657414807
252_T1_vs_T2,longitudinal,4,RThigh_to_RShin_rz,RThigh_to_RShin,rz,7.64874129220847e-08,3.281779565079919e-08,-4.366961727128551e-08,0.10615853168463348,0.08101841657414807
252_T1_vs_T2,longitudinal,4,RUArm_to_RFArm_rx,RUArm_to_RFArm,rx,0.22213555728818277,0.5187426904855372,0.29660713319735443,0.10615853168463348,0.08101841657414807
252_T1_vs_T2,longitudinal,4,RUArm_to_RFArm_ry,RUArm_to_RFArm,ry,0.4103338198567658,0.002100376035640718,-0.4082334438211251,0.10615853168463348,0.08101841657414807
252_T1_vs_T2,longitudinal,4,RUArm_to_RFArm_rz,RUArm_to_RFArm,rz,0.06158784566665864,0.5623278121261603,0.5007399664595017,0.10615853168463348,0.08101841657414807
252_T1_vs_T2,longitudinal,5,252_to_LThigh_rx,252_to_LThigh,rx,0.0272802878817986,0.013192341914052656,-0.014087945967745943,0.09099322222506354,0.0529253490478627
252_T1_vs_T2,longitudinal,5,252_to_LThigh_ry,252_to_LThigh,ry,0.01664555835746098,0.010362182023626616,-0.006283376333834363,0.09099322222506354,0.0529253490478627
252_T1_vs_T2,longitudinal,5,252_to_LThigh_rz,252_to_LThigh,rz,0.025010393896833277,0.015850839999461512,-0.009159553897371765,0.09099322222506354,0.0529253490478627
252_T1_vs_T2,longitudinal,5,252_to_RThigh_rx,252_to_RThigh,rx,0.020963375649593323,0.014801788995680026,-0.006161586653913297,0.09099322222506354,0.0529253490478627
252_T1_vs_T2,longitudinal,5,252_to_RThigh_ry,252_to_RThigh,ry,0.0001482860897265465,0.0005827383184749932,0.0004344522287484467,0.09099322222506354,0.0529253490478627
252_T1_vs_T2,longitudinal,5,252_to_RThigh_rz,252_to_RThigh,rz,0.02893687875265063,0.01834797826814749,-0.010588900484503137,0.09099322222506354,0.0529253490478627
252_T1_vs_T2,longitudinal,5,Chest_to_LShoulder_rx,Chest_to_LShoulder,rx,0.013249190231683531,0.021822374335961327,0.008573184104277796,0.09099322222506354,0.0529253490478627
252_T1_vs_T2,longitudinal,5,Chest_to_LShoulder_ry,Chest_to_LShoulder,ry,0.01964896809300973,0.0065416814736815685,-0.013107286619328163,0.09099322222506354,0.0529253490478627
252_T1_vs_T2,longitudinal,5,Chest_to_LShoulder_rz,Chest_to_LShoulder,rz,0.017907669358086478,0.008198922758844202,-0.009708746599242276,0.09099322222506354,0.0529253490478627
252_T1_vs_T2,longitudinal,5,Chest_to_Neck_rx,Chest_to_Neck,rx,0.005118550329363416,0.0005941222760689868,-0.004524428053294429,0.09099322222506354,0.0529253490478627
252_T1_vs_T2,longitudinal,5,Chest_to_Neck_ry,Chest_to_Neck,ry,0.014882343397080626,0.006711695269874552,-0.008170648127206075,0.09099322222506354,0.0529253490478627
252_T1_vs_T2,longitudinal,5,Chest_to_Neck_rz,Chest_to_Neck,rz,0.004237968282802227,0.0056366889410240945,0.0013987206582218676,0.09099322222506354,0.0529253490478627
252_T1_vs_T2,longitudinal,5,Chest_to_RShoulder_rx,Chest_to_RShoulder,rx,0.010212633715832817,0.009730115419104832,-0.0004825182967279854,0.09099322222506354,0.0529253490478627
252_T1_vs_T2,longitudinal,5,Chest_to_RShoulder_ry,Chest_to_RShoulder,ry,0.00642138074370963,0.016106354310543837,0.009684973566834208,0.09099322222506354,0.0529253490478627
252_T1_vs_T2,longitudinal,5,Chest_to_RShoulder_rz,Chest_to_RShoulder,rz,2.0932700859955787e-05,0.014961271151805745,0.014940338450945789,0.09099322222506354,0.0529253490478627
252_T1_vs_T2,longitudinal,5,LFArm_to_LHand_rx,LFArm_to_LHand,rx,0.03317577080459618,0.02458803762911898,-0.008587733175477202,0.09099322222506354,0.0529253490478627
252_T1_vs_T2,longitudinal,5,LFArm_to_LHand_ry,LFArm_to_LHand,ry,0.047703758530896784,0.006741341783037924,-0.04096241674785886,0.09099322222506354,0.0529253490478627
252_T1_vs_T2,longitudinal,5,LFArm_to_LHand_rz,LFArm_to_LHand,rz,0.42803325150020577,0.36132149793593843,-0.06671175356426734,0.09099322222506354,0.0529253490478627
252_T1_vs_T2,longitudinal,5,LShin_to_LFoot_rx,LShin_to_LFoot,rx,0.00036902473424644183,0.005187332203636694,0.0048183074693902515,0.09099322222506354,0.0529253490478627
252_T1_vs_T2,longitudinal,5,LShin_to_LFoot_ry,LShin_to_LFoot,ry,0.0008885840403353814,0.0002498248129650214,-0.00063875922737036,0.09099322222506354,0.0529253490478627
252_T1_vs_T2,longitudinal,5,LShin_to_LFoot_rz,LShin_to_LFoot,rz,0.011585996488736105,0.008777360833510965,-0.00280863565522514,0.09099322222506354,0.0529253490478627
252_T1_vs_T2,longitudinal,5,LShoulder_to_LUArm_rx,LShoulder_to_LUArm,rx,0.15333372551589475,0.2129969053581375,0.05966317984224276,0.09099322222506354,0.0529253490478627
252_T1_vs_T2,longitudinal,5,LShoulder_to_LUArm_ry,LShoulder_to_LUArm,ry,0.08462861176048721,0.09934047900830484,0.014711867247817631,0.09099322222506354,0.0529253490478627
252_T1_vs_T2,longitudinal,5,LShoulder_to_LUArm_rz,LShoulder_to_LUArm,rz,0.06028550183317734,0.06900211728133146,0.008716615448154122,0.09099322222506354,0.0529253490478627
252_T1_vs_T2,longitudinal,5,LThigh_to_LShin_rx,LThigh_to_LShin,rx,0.02976911151355535,0.009644090511923446,-0.020125021001631903,0.09099322222506354,0.0529253490478627
252_T1_vs_T2,longitudinal,5,LThigh_to_LShin_ry,LThigh_to_LShin,ry,3.241710353871653e-08,2.8983153210319156e-08,-3.4339503283973737e-09,0.09099322222506354,0.0529253490478627
252_T1_vs_T2,longitudinal,5,LThigh_to_LShin_rz,LThigh_to_LShin,rz,2.495965430644819e-08,1.974394026403929e-08,-5.2157140424089015e-09,0.09099322222506354,0.0529253490478627
252_T1_vs_T2,longitudinal,5,LUArm_to_LFArm_rx,LUArm_to_LFArm,rx,0.33420492696317355,0.5905353903449725,0.25633046338179893,0.09099322222506354,0.0529253490478627
252_T1_vs_T2,longitudinal,5,LUArm_to_LFArm_ry,LUArm_to_LFArm,ry,0.36957125460901413,0.34061487079470587,-0.028956383814308262,0.09099322222506354,0.0529253490478627
252_T1_vs_T2,longitudinal,5,LUArm_to_LFArm_rz,LUArm_to_LFArm,rz,0.32070783118908847,0.530457847216374,0.20975001602728555,0.09099322222506354,0.0529253490478627
252_T1_vs_T2,longitudinal,5,Neck_to_Head_rx,Neck_to_Head,rx,0.005118653944864659,0.0006064359128482002,-0.004512218032016458,0.09099322222506354,0.0529253490478627
252_T1_vs_T2,longitudinal,5,Neck_to_Head_ry,Neck_to_Head,ry,0.01536696310308267,0.0076313834520530584,-0.0077355796510296115,0.09099322222506354,0.0529253490478627
252_T1_vs_T2,longitudinal,5,Neck_to_Head_rz,Neck_to_Head,rz,0.0013379019738156215,0.004250809233813288,0.002912907259997666,0.09099322222506354,0.0529253490478627
252_T1_vs_T2,longitudinal,5,RFArm_to_RHand_rx,RFArm_to_RHand,rx,0.02020677204874787,0.006997497918063382,-0.01320927413068449,0.09099322222506354,0.0529253490478627
252_T1_vs_T2,longitudinal,5,RFArm_to_RHand_ry,RFArm_to_RHand,ry,0.08142449575651882,0.046364856190492465,-0.035059639566026354,0.09099322222506354,0.0529253490478627
252_T1_vs_T2,longitudinal,5,RFArm_to_RHand_rz,RFArm_to_RHand,rz,0.26587050744605967,0.09002698336696133,-0.17584352407909834,0.09099322222506354,0.0529253490478627
252_T1_vs_T2,longitudinal,5,RShin_to_RFoot_rx,RShin_to_RFoot,rx,0.022891095471846607,0.01508608263197349,-0.007805012839873117,0.09099322222506354,0.0529253490478627
252_T1_vs_T2,longitudinal,5,RShin_to_RFoot_ry,RShin_to_RFoot,ry,0.018155743440012966,0.012837108728443937,-0.0053186347115690286,0.09099322222506354,0.0529253490478627
252_T1_vs_T2,longitudinal,5,RShin_to_RFoot_rz,RShin_to_RFoot,rz,0.018269465656442514,0.01461821540817267,-0.003651250248269844,0.09099322222506354,0.0529253490478627
252_T1_vs_T2,longitudinal,5,RShoulder_to_RUArm_rx,RShoulder_to_RUArm,rx,0.16852221603185902,0.005929782490267367,-0.16259243354159164,0.09099322222506354,0.0529253490478627
252_T1_vs_T2,longitudinal,5,RShoulder_to_RUArm_ry,RShoulder_to_RUArm,ry,0.06975119941586745,0.0819569771963924,0.012205777780524951,0.09099322222506354,0.0529253490478627
252_T1_vs_T2,longitudinal,5,RShoulder_to_RUArm_rz,RShoulder_to_RUArm,rz,0.07565351232354767,0.015343290726087356,-0.060310221597460315,0.09099322222506354,0.0529253490478627
252_T1_vs_T2,longitudinal,5,RThigh_to_RShin_rx,RThigh_to_RShin,rx,0.06200663745916024,0.042300388462828534,-0.019706248996331707,0.09099322222506354,0.0529253490478627
252_T1_vs_T2,longitudinal,5,RThigh_to_RShin_ry,RThigh_to_RShin,ry,2.2489476838632925e-08,3.742937375415228e-08,1.4939896915519353e-08,0.09099322222506354,0.0529253490478627
252_T1_vs_T2,longitudinal,5,RThigh_to_RShin_rz,RThigh_to_RShin,rz,3.780673996078657e-08,1.0921733025658336e-08,-2.6885006935128233e-08,0.09099322222506354,0.0529253490478627
252_T1_vs_T2,longitudinal,5,RUArm_to_RFArm_rx,RUArm_to_RFArm,rx,0.31007049238381457,0.03175096105616765,-0.2783195313276469,0.09099322222506354,0.0529253490478627
252_T1_vs_T2,longitudinal,5,RUArm_to_RFArm_ry,RUArm_to_RFArm,ry,0.4386012900215952,0.15605833542155242,-0.28254295460004275,0.09099322222506354,0.0529253490478627
252_T1_vs_T2,longitudinal,5,RUArm_to_RFArm_rz,RUArm_to_RFArm,rz,0.11050277973712834,0.1225179327978892,0.012015153060760855,0.09099322222506354,0.0529253490478627
252_T1_vs_T3,longitudinal,1,252_to_LThigh_rx,252_to_LThigh,rx,0.006167659011832982,0.0035740858093971277,-0.0025935732024358546,0.35860654678331805,0.7476840136926852
252_T1_vs_T3,longitudinal,1,252_to_LThigh_ry,252_to_LThigh,ry,5.6485058281845e-05,0.009721318672926759,0.009664833614644914,0.35860654678331805,0.7476840136926852
252_T1_vs_T3,longitudinal,1,252_to_LThigh_rz,252_to_LThigh,rz,0.0019553134891526066,0.007560976055344654,0.005605662566192047,0.35860654678331805,0.7476840136926852
252_T1_vs_T3,longitudinal,1,252_to_RThigh_rx,252_to_RThigh,rx,0.0023359466476469658,0.014797736580274565,0.0124617899326276,0.35860654678331805,0.7476840136926852
252_T1_vs_T3,longitudinal,1,252_to_RThigh_ry,252_to_RThigh,ry,0.00042491221214687743,0.004363358431406571,0.003938446219259694,0.35860654678331805,0.7476840136926852
252_T1_vs_T3,longitudinal,1,252_to_RThigh_rz,252_to_RThigh,rz,0.002116618918111123,0.009864006911774985,0.007747387993663863,0.35860654678331805,0.7476840136926852
252_T1_vs_T3,longitudinal,1,Chest_to_LShoulder_rx,Chest_to_LShoulder,rx,0.010641716626831974,0.035869780729645695,0.02522806410281372,0.35860654678331805,0.7476840136926852
252_T1_vs_T3,longitudinal,1,Chest_to_LShoulder_ry,Chest_to_LShoulder,ry,0.024961281776287054,0.01265482184074999,-0.012306459935537063,0.35860654678331805,0.7476840136926852
252_T1_vs_T3,longitudinal,1,Chest_to_LShoulder_rz,Chest_to_LShoulder,rz,0.015900923183976932,0.038629547316808184,0.022728624132831252,0.35860654678331805,0.7476840136926852
252_T1_vs_T3,longitudinal,1,Chest_to_Neck_rx,Chest_to_Neck,rx,0.00046907552396985904,0.0076422201639647636,0.0071731446399949045,0.35860654678331805,0.7476840136926852
252_T1_vs_T3,longitudinal,1,Chest_to_Neck_ry,Chest_to_Neck,ry,0.009429188802229104,0.008517333584555307,-0.000911855217673797,0.35860654678331805,0.7476840136926852
252_T1_vs_T3,longitudinal,1,Chest_to_Neck_rz,Chest_to_Neck,rz,0.00021524354534452003,1.3750044788436005e-05,-0.000201493500556084,0.35860654678331805,0.7476840136926852
252_T1_vs_T3,longitudinal,1,Chest_to_RShoulder_rx,Chest_to_RShoulder,rx,0.019674909193667413,0.035310534145681284,0.01563562495201387,0.35860654678331805,0.7476840136926852
252_T1_vs_T3,longitudinal,1,Chest_to_RShoulder_ry,Chest_to_RShoulder,ry,0.007457398463580874,0.0024051351958053625,-0.005052263267775511,0.35860654678331805,0.7476840136926852
252_T1_vs_T3,longitudinal,1,Chest_to_RShoulder_rz,Chest_to_RShoulder,rz,0.0029175738215460015,0.024144377703845494,0.021226803882299493,0.35860654678331805,0.7476840136926852
252_T1_vs_T3,longitudinal,1,LFArm_to_LHand_rx,LFArm_to_LHand,rx,0.022953484942359787,0.005167176428858062,-0.017786308513501724,0.35860654678331805,0.7476840136926852
252_T1_vs_T3,longitudinal,1,LFArm_to_LHand_ry,LFArm_to_LHand,ry,0.09381327099321667,0.0011830946830753255,-0.09263017631014134,0.35860654678331805,0.7476840136926852
252_T1_vs_T3,longitudinal,1,LFArm_to_LHand_rz,LFArm_to_LHand,rz,0.2323849393090841,0.045458464436320206,-0.1869264748727639,0.35860654678331805,0.7476840136926852
252_T1_vs_T3,longitudinal,1,LShin_to_LFoot_rx,LShin_to_LFoot,rx,0.008433999735305361,0.014772400061726068,0.006338400326420707,0.35860654678331805,0.7476840136926852
252_T1_vs_T3,longitudinal,1,LShin_to_LFoot_ry,LShin_to_LFoot,ry,0.0008847024602747799,0.0029949855725767307,0.002110283112301951,0.35860654678331805,0.7476840136926852
252_T1_vs_T3,longitudinal,1,LShin_to_LFoot_rz,LShin_to_LFoot,rz,7.513867262785654e-05,0.0008988988431648285,0.000823760170536972,0.35860654678331805,0.7476840136926852
252_T1_vs_T3,longitudinal,1,LShoulder_to_LUArm_rx,LShoulder_to_LUArm,rx,0.07477834351798812,0.1615674669502334,0.08678912343224529,0.35860654678331805,0.7476840136926852
252_T1_vs_T3,longitudinal,1,LShoulder_to_LUArm_ry,LShoulder_to_LUArm,ry,0.05053006164224333,0.07595134837693406,0.025421286734690726,0.35860654678331805,0.7476840136926852
252_T1_vs_T3,longitudinal,1,LShoulder_to_LUArm_rz,LShoulder_to_LUArm,rz,0.001726048084576675,0.07260831886659079,0.07088227078201412,0.35860654678331805,0.7476840136926852
252_T1_vs_T3,longitudinal,1,LThigh_to_LShin_rx,LThigh_to_LShin,rx,0.016810215690941533,0.026318661486397093,0.00950844579545556,0.35860654678331805,0.7476840136926852
252_T1_vs_T3,longitudinal,1,LThigh_to_LShin_ry,LThigh_to_LShin,ry,1.4126463110577118e-08,8.351511875805962e-10,-1.3291311922996521e-08,0.35860654678331805,0.7476840136926852
252_T1_vs_T3,longitudinal,1,LThigh_to_LShin_rz,LThigh_to_LShin,rz,2.930197386370333e-08,1.1669979064372664e-08,-1.7631994799330666e-08,0.35860654678331805,0.7476840136926852
252_T1_vs_T3,longitudinal,1,LUArm_to_LFArm_rx,LUArm_to_LFArm,rx,0.5309814760716003,0.15526399893088458,-0.3757174771407157,0.35860654678331805,0.7476840136926852
252_T1_vs_T3,longitudinal,1,LUArm_to_LFArm_ry,LUArm_to_LFArm,ry,0.05542651554649578,0.6340123570864677,0.578585841539972,0.35860654678331805,0.7476840136926852
252_T1_vs_T3,longitudinal,1,LUArm_to_LFArm_rz,LUArm_to_LFArm,rz,0.4169232283840486,0.3575754440836655,-0.05934778430038312,0.35860654678331805,0.7476840136926852
252_T1_vs_T3,longitudinal,1,Neck_to_Head_rx,Neck_to_Head,rx,0.00045335733754021376,0.00766389275599807,0.007210535418457857,0.35860654678331805,0.7476840136926852
252_T1_vs_T3,longitudinal,1,Neck_to_Head_ry,Neck_to_Head,ry,0.009270245732286566,0.008333755157487193,-0.0009364905747993729,0.35860654678331805,0.7476840136926852
252_T1_vs_T3,longitudinal,1,Neck_to_Head_rz,Neck_to_Head,rz,0.0015697112447769855,0.001594660854646218,2.494960986923261e-05,0.35860654678331805,0.7476840136926852
252_T1_vs_T3,longitudinal,1,RFArm_to_RHand_rx,RFArm_to_RHand,rx,0.018173103834061635,0.0018569953200401274,-0.01631610851402151,0.35860654678331805,0.7476840136926852
252_T1_vs_T3,longitudinal,1,RFArm_to_RHand_ry,RFArm_to_RHand,ry,0.16960862963892517,0.038423944012871504,-0.13118468562605368,0.35860654678331805,0.7476840136926852
252_T1_vs_T3,longitudinal,1,RFArm_to_RHand_rz,RFArm_to_RHand,rz,0.25765041720929066,0.23111291851950364,-0.026537498689787026,0.35860654678331805,0.7476840136926852
252_T1_vs_T3,longitudinal,1,RShin_to_RFoot_rx,RShin_to_RFoot,rx,0.0021697681028555386,0.0018549596862433813,-0.0003148084166121573,0.35860654678331805,0.7476840136926852
252_T1_vs_T3,longitudinal,1,RShin_to_RFoot_ry,RShin_to_RFoot,ry,0.0016859803905992868,0.008078263240662745,0.006392282850063459,0.35860654678331805,0.7476840136926852
252_T1_vs_T3,longitudinal,1,RShin_to_RFoot_rz,RShin_to_RFoot,rz,0.0010066148758849992,0.0016029880868370032,0.000596373210952004,0.35860654678331805,0.7476840136926852
252_T1_vs_T3,longitudinal,1,RShoulder_to_RUArm_rx,RShoulder_to_RUArm,rx,0.024715762744313252,0.02648686079696559,0.0017710980526523395,0.35860654678331805,0.7476840136926852
252_T1_vs_T3,longitudinal,1,RShoulder_to_RUArm_ry,RShoulder_to_RUArm,ry,0.0322632548930156,0.05123485780285235,0.01897160290983675,0.35860654678331805,0.7476840136926852
252_T1_vs_T3,longitudinal,1,RShoulder_to_RUArm_rz,RShoulder_to_RUArm,rz,0.03229721022313613,0.11689253105905645,0.08459532083592032,0.35860654678331805,0.7476840136926852
252_T1_vs_T3,longitudinal,1,RThigh_to_RShin_rx,RThigh_to_RShin,rx,0.0031282564036402057,0.005772237067300672,0.0026439806636604666,0.35860654678331805,0.7476840136926852
252_T1_vs_T3,longitudinal,1,RThigh_to_RShin_ry,RThigh_to_RShin,ry,1.3276452549694167e-08,1.0753892658942346e-08,-2.5225598907518205e-09,0.35860654678331805,0.7476840136926852
252_T1_vs_T3,longitudinal,1,RThigh_to_RShin_rz,RThigh_to_RShin,rz,3.793013424974079e-08,4.3639067762934265e-08,5.7089335131934765e-09,0.35860654678331805,0.7476840136926852
252_T1_vs_T3,longitudinal,1,RUArm_to_RFArm_rx,RUArm_to_RFArm,rx,0.4201781071082437,0.13598871875518503,-0.2841893883530587,0.35860654678331805,0.7476840136926852
252_T1_vs_T3,longitudinal,1,RUArm_to_RFArm_ry,RUArm_to_RFArm,ry,0.32226633325764154,0.3748810195339595,0.05261468627631799,0.35860654678331805,0.7476840136926852
252_T1_vs_T3,longitudinal,1,RUArm_to_RFArm_rz,RUArm_to_RFArm,rz,0.29842714882857724,0.41151982822207595,0.11309267939349871,0.35860654678331805,0.7476840136926852
252_T1_vs_T3,longitudinal,2,252_to_LThigh_rx,252_to_LThigh,rx,0.02225409760976424,0.040144948028469206,0.017890850418704966,0.2134402505358686,0.12520123525938964
252_T1_vs_T3,longitudinal,2,252_to_LThigh_ry,252_to_LThigh,ry,0.015574916804833623,0.0274763180579085,0.011901401253074878,0.2134402505358686,0.12520123525938964
252_T1_vs_T3,longitudinal,2,252_to_LThigh_rz,252_to_LThigh,rz,0.01008358675026021,0.023646874023066634,0.013563287272806424,0.2134402505358686,0.12520123525938964
252_T1_vs_T3,longitudinal,2,252_to_RThigh_rx,252_to_RThigh,rx,0.010894002536221048,0.02966687265152341,0.018772870115302362,0.2134402505358686,0.12520123525938964
252_T1_vs_T3,longitudinal,2,252_to_RThigh_ry,252_to_RThigh,ry,0.004058691649262562,0.0025785616681274527,-0.001480129981135109,0.2134402505358686,0.12520123525938964
252_T1_vs_T3,longitudinal,2,252_to_RThigh_rz,252_to_RThigh,rz,0.013595390559783834,0.030363321328055963,0.016767930768272127,0.2134402505358686,0.12520123525938964
252_T1_vs_T3,longitudinal,2,Chest_to_LShoulder_rx,Chest_to_LShoulder,rx,0.006914530557034475,0.010129354090459874,0.003214823533425399,0.2134402505358686,0.12520123525938964
252_T1_vs_T3,longitudinal,2,Chest_to_LShoulder_ry,Chest_to_LShoulder,ry,0.02583266814212667,0.0224009800679693,-0.00343168807415737,0.2134402505358686,0.12520123525938964
252_T1_vs_T3,longitudinal,2,Chest_to_LShoulder_rz,Chest_to_LShoulder,rz,0.04147330911511898,0.021633105300188096,-0.01984020381493088,0.2134402505358686,0.12520123525938964
252_T1_vs_T3,longitudinal,2,Chest_to_Neck_rx,Chest_to_Neck,rx,0.001897104024722654,0.003550436806720931,0.001653332781998277,0.2134402505358686,0.12520123525938964
252_T1_vs_T3,longitudinal,2,Chest_to_Neck_ry,Chest_to_Neck,ry,0.004268737028735596,0.00029680862540557257,-0.0039719284033300235,0.2134402505358686,0.12520123525938964
252_T1_vs_T3,longitudinal,2,Chest_to_Neck_rz,Chest_to_Neck,rz,0.0104251849713757,0.006399311274766198,-0.004025873696609501,0.2134402505358686,0.12520123525938964
252_T1_vs_T3,longitudinal,2,Chest_to_RShoulder_rx,Chest_to_RShoulder,rx,0.012113301592460402,0.01020747183946966,-0.0019058297529907422,0.2134402505358686,0.12520123525938964
252_T1_vs_T3,longitudinal,2,Chest_to_RShoulder_ry,Chest_to_RShoulder,ry,0.012997582114727728,0.009291678102738682,-0.0037059040119890464,0.2134402505358686,0.12520123525938964
252_T1_vs_T3,longitudinal,2,Chest_to_RShoulder_rz,Chest_to_RShoulder,rz,0.04175224157935375,0.015370229669638004,-0.026382011909715744,0.2134402505358686,0.12520123525938964
252_T1_vs_T3,longitudinal,2,LFArm_to_LHand_rx,LFArm_to_LHand,rx,0.010692154354588321,0.04688793909872164,0.03619578474413332,0.2134402505358686,0.12520123525938964
252_T1_vs_T3,longitudinal,2,LFArm_to_LHand_ry,LFArm_to_LHand,ry,0.017538894996558523,0.14575280271566224,0.1282139077191037,0.2134402505358686,0.12520123525938964
252_T1_vs_T3,longitudinal,2,LFArm_to_LHand_rz,LFArm_to_LHand,rz,0.19533126166899828,0.5751472878313781,0.37981602616237986,0.2134402505358686,0.12520123525938964
252_T1_vs_T3,longitudinal,2,LShin_to_LFoot_rx,LShin_to_LFoot,rx,0.015803583362421863,0.021142710655993623,0.00533912729357176,0.2134402505358686,0.12520123525938964
252_T1_vs_T3,longitudinal,2,LShin_to_LFoot_ry,LShin_to_LFoot,ry,0.0014989898961522358,0.0011819700366267213,-0.00031701985952551455,0.2134402505358686,0.12520123525938964
252_T1_vs_T3,longitudinal,2,LShin_to_LFoot_rz,LShin_to_LFoot,rz,0.0010804014667616772,0.0091451986255083,0.008064797158746622,0.2134402505358686,0.12520123525938964
252_T1_vs_T3,longitudinal,2,LShoulder_to_LUArm_rx,LShoulder_to_LUArm,rx,0.025592312940167318,0.23770036966229613,0.21210805672212882,0.2134402505358686,0.12520123525938964
252_T1_vs_T3,longitudinal,2,LShoulder_to_LUArm_ry,LShoulder_to_LUArm,ry,0.05363334642464537,0.011093427527326224,-0.042539918897319146,0.2134402505358686,0.12520123525938964
252_T1_vs_T3,longitudinal,2,LShoulder_to_LUArm_rz,LShoulder_to_LUArm,rz,0.06934950369051743,0.022505500258539063,-0.046844003431978365,0.2134402505358686,0.12520123525938964
252_T1_vs_T3,longitudinal,2,LThigh_to_LShin_rx,LThigh_to_LShin,rx,0.044207547039730545,0.07670984049306226,0.032502293453331714,0.2134402505358686,0.12520123525938964
252_T1_vs_T3,longitudinal,2,LThigh_to_LShin_ry,LThigh_to_LShin,ry,5.204232211151821e-09,1.7276975334333346e-08,1.2072743123181526e-08,0.2134402505358686,0.12520123525938964
252_T1_vs_T3,longitudinal,2,LThigh_to_LShin_rz,LThigh_to_LShin,rz,4.963856678832605e-08,8.621804094033893e-09,-4.101676269429216e-08,0.2134402505358686,0.12520123525938964
252_T1_vs_T3,longitudinal,2,LUArm_to_LFArm_rx,LUArm_to_LFArm,rx,0.2631934929859039,0.0035067054042516236,-0.25968678758165226,0.2134402505358686,0.12520123525938964
252_T1_vs_T3,longitudinal,2,LUArm_to_LFArm_ry,LUArm_to_LFArm,ry,0.0017887954813627272,0.1656525360624548,0.16386374058109207,0.2134402505358686,0.12520123525938964
252_T1_vs_T3,longitudinal,2,LUArm_to_LFArm_rz,LUArm_to_LFArm,rz,0.2947184064504636,0.03911464440217953,-0.25560376204828406,0.2134402505358686,0.12520123525938964
252_T1_vs_T3,longitudinal,2,Neck_to_Head_rx,Neck_to_Head,rx,0.001886163413689486,0.0035478239530510576,0.0016616605393615716,0.2134402505358686,0.12520123525938964
252_T1_vs_T3,longitudinal,2,Neck_to_Head_ry,Neck_to_Head,ry,0.0061459725703634244,0.0009235253372990577,-0.005222447233064366,0.2134402505358686,0.12520123525938964
252_T1_vs_T3,longitudinal,2,Neck_to_Head_rz,Neck_to_Head,rz,0.00939739506007581,0.006314077550652142,-0.0030833175094236677,0.2134402505358686,0.12520123525938964
252_T1_vs_T3,longitudinal,2,RFArm_to_RHand_rx,RFArm_to_RHand,rx,0.05832511634591066,0.04740796786314527,-0.010917148482765385,0.2134402505358686,0.12520123525938964
252_T1_vs_T3,longitudinal,2,RFArm_to_RHand_ry,RFArm_to_RHand,ry,0.20399451939404292,0.014201992999355543,-0.18979252639468738,0.2134402505358686,0.12520123525938964
252_T1_vs_T3,longitudinal,2,RFArm_to_RHand_rz,RFArm_to_RHand,rz,0.7821992640357658,0.5398575212519021,-0.24234174278386367,0.2134402505358686,0.12520123525938964
252_T1_vs_T3,longitudinal,2,RShin_to_RFoot_rx,RShin_to_RFoot,rx,0.004134377388532867,0.017965797547703975,0.013831420159171107,0.2134402505358686,0.12520123525938964
252_T1_vs_T3,longitudinal,2,RShin_to_RFoot_ry,RShin_to_RFoot,ry,0.012634297090457975,0.02511657657928179,0.012482279488823815,0.2134402505358686,0.12520123525938964
252_T1_vs_T3,longitudinal,2,RShin_to_RFoot_rz,RShin_to_RFoot,rz,0.002809756780549225,0.017218351538750346,0.01440859475820112,0.2134402505358686,0.12520123525938964
252_T1_vs_T3,longitudinal,2,RShoulder_to_RUArm_rx,RShoulder_to_RUArm,rx,0.29633361295871474,0.1099500232704645,-0.18638358968825025,0.2134402505358686,0.12520123525938964
252_T1_vs_T3,longitudinal,2,RShoulder_to_RUArm_ry,RShoulder_to_RUArm,ry,0.05416030569897269,0.007813288108300108,-0.046347017590672585,0.2134402505358686,0.12520123525938964
252_T1_vs_T3,longitudinal,2,RShoulder_to_RUArm_rz,RShoulder_to_RUArm,rz,0.19642552374382907,0.13583265624218677,-0.060592867501642306,0.2134402505358686,0.12520123525938964
252_T1_vs_T3,longitudinal,2,RThigh_to_RShin_rx,RThigh_to_RShin,rx,0.016296382637814556,0.05493257785046034,0.03863619521264578,0.2134402505358686,0.12520123525938964
252_T1_vs_T3,longitudinal,2,RThigh_to_RShin_ry,RThigh_to_RShin,ry,3.891756116837475e-08,8.223221448506858e-11,-3.883532895388968e-08,0.2134402505358686,0.12520123525938964
252_T1_vs_T3,longitudinal,2,RThigh_to_RShin_rz,RThigh_to_RShin,rz,3.279687712428395e-08,1.5645269397262137e-08,-1.7151607727021813e-08,0.2134402505358686,0.12520123525938964
252_T1_vs_T3,longitudinal,2,RUArm_to_RFArm_rx,RUArm_to_RFArm,rx,0.005540536385579786,0.02834869294790788,0.022808156562328093,0.2134402505358686,0.12520123525938964
252_T1_vs_T3,longitudinal,2,RUArm_to_RFArm_ry,RUArm_to_RFArm,ry,0.033229622937665904,0.42096903212702186,0.38773940918935595,0.2134402505358686,0.12520123525938964
252_T1_vs_T3,longitudinal,2,RUArm_to_RFArm_rz,RUArm_to_RFArm,rz,0.03259530002202891,0.20027485450593868,0.16767955448390978,0.2134402505358686,0.12520123525938964
252_T1_vs_T3,longitudinal,3,252_to_LThigh_rx,252_to_LThigh,rx,0.020006744138009354,0.0033114481391162726,-0.01669529599889308,0.1077414173498334,0.08520298033155368
252_T1_vs_T3,longitudinal,3,252_to_LThigh_ry,252_to_LThigh,ry,0.012689474490027065,0.0016276749361470108,-0.011061799553880054,0.1077414173498334,0.08520298033155368
252_T1_vs_T3,longitudinal,3,252_to_LThigh_rz,252_to_LThigh,rz,0.0022096453962607223,0.0015264214053837557,-0.0006832239908769666,0.1077414173498334,0.08520298033155368
252_T1_vs_T3,longitudinal,3,252_to_RThigh_rx,252_to_RThigh,rx,0.011560646933573495,0.005852894998737345,-0.00570775193483615,0.1077414173498334,0.08520298033155368
252_T1_vs_T3,longitudinal,3,252_to_RThigh_ry,252_to_RThigh,ry,0.00027631450424493395,0.0014264641507737914,0.0011501496465288574,0.1077414173498334,0.08520298033155368
252_T1_vs_T3,longitudinal,3,252_to_RThigh_rz,252_to_RThigh,rz,0.0055946604192222416,0.001500719572651942,-0.0040939408465703,0.1077414173498334,0.08520298033155368
252_T1_vs_T3,longitudinal,3,Chest_to_LShoulder_rx,Chest_to_LShoulder,rx,0.009670858808567873,0.01471362305055078,0.005042764241982906,0.1077414173498334,0.08520298033155368
252_T1_vs_T3,longitudinal,3,Chest_to_LShoulder_ry,Chest_to_LShoulder,ry,0.0014398738659030243,0.003123592671745985,0.0016837188058429606,0.1077414173498334,0.08520298033155368
252_T1_vs_T3,longitudinal,3,Chest_to_LShoulder_rz,Chest_to_LShoulder,rz,0.016722310740423952,0.01578484505959753,-0.0009374656808264215,0.1077414173498334,0.08520298033155368
252_T1_vs_T3,longitudinal,3,Chest_to_Neck_rx,Chest_to_Neck,rx,0.007797318704330524,0.008704456827091084,0.0009071381227605604,0.1077414173498334,0.08520298033155368
252_T1_vs_T3,longitudinal,3,Chest_to_Neck_ry,Chest_to_Neck,ry,0.015180596218954312,0.006305079303409836,-0.008875516915544477,0.1077414173498334,0.08520298033155368
252_T1_vs_T3,longitudinal,3,Chest_to_Neck_rz,Chest_to_Neck,rz,0.009046371771784061,0.005094396078059792,-0.003951975693724269,0.1077414173498334,0.08520298033155368
252_T1_vs_T3,longitudinal,3,Chest_to_RShoulder_rx,Chest_to_RShoulder,rx,0.013462347833673319,0.01123381688380282,-0.0022285309498704994,0.1077414173498334,0.08520298033155368
252_T1_vs_T3,longitudinal,3,Chest_to_RShoulder_ry,Chest_to_RShoulder,ry,0.010574276732801435,0.014215580526907098,0.0036413037941056634,0.1077414173498334,0.08520298033155368
252_T1_vs_T3,longitudinal,3,Chest_to_RShoulder_rz,Chest_to_RShoulder,rz,0.0033131514061403187,0.02442541073891224,0.02111225933277192,0.1077414173498334,0.08520298033155368
252_T1_vs_T3,longitudinal,3,LFArm_to_LHand_rx,LFArm_to_LHand,rx,0.0363096026232775,0.04288488169200003,0.006575279068722531,0.1077414173498334,0.08520298033155368
252_T1_vs_T3,longitudinal,3,LFArm_to_LHand_ry,LFArm_to_LHand,ry,0.15427182459971123,0.10852938405318084,-0.045742440546530386,0.1077414173498334,0.08520298033155368
252_T1_vs_T3,longitudinal,3,LFArm_to_LHand_rz,LFArm_to_LHand,rz,0.4880178558279249,0.5242974454082373,0.03627958958031241,0.1077414173498334,0.08520298033155368
252_T1_vs_T3,longitudinal,3,LShin_to_LFoot_rx,LShin_to_LFoot,rx,0.01794723406365029,0.0065452239370034915,-0.011402010126646798,0.1077414173498334,0.08520298033155368
252_T1_vs_T3,longitudinal,3,LShin_to_LFoot_ry,LShin_to_LFoot,ry,0.0007993480606953786,7.96020340026061e-05,-0.0007197460266927725,0.1077414173498334,0.08520298033155368
252_T1_vs_T3,longitudinal,3,LShin_to_LFoot_rz,LShin_to_LFoot,rz,0.0008046728945083741,0.000593513613390341,-0.0002111592811180332,0.1077414173498334,0.08520298033155368
252_T1_vs_T3,longitudinal,3,LShoulder_to_LUArm_rx,LShoulder_to_LUArm,rx,0.1308086096558718,0.13706844026760237,0.006259830611730577,0.1077414173498334,0.08520298033155368
252_T1_vs_T3,longitudinal,3,LShoulder_to_LUArm_ry,LShoulder_to_LUArm,ry,0.019645134965644795,0.021489421073563157,0.0018442861079183623,0.1077414173498334,0.08520298033155368
252_T1_vs_T3,longitudinal,3,LShoulder_to_LUArm_rz,LShoulder_to_LUArm,rz,0.026336308196484477,0.03932084311327275,0.012984534916788276,0.1077414173498334,0.08520298033155368
252_T1_vs_T3,longitudinal,3,LThigh_to_LShin_rx,LThigh_to_LShin,rx,0.05220823810175201,0.009961568214107621,-0.04224666988764439,0.1077414173498334,0.08520298033155368
252_T1_vs_T3,longitudinal,3,LThigh_to_LShin_ry,LThigh_to_LShin,ry,1.0064141685403672e-08,1.4263209669248365e-08,4.199067983844693e-09,0.1077414173498334,0.08520298033155368
252_T1_vs_T3,longitudinal,3,LThigh_to_LShin_rz,LThigh_to_LShin,rz,3.440528395705074e-08,3.773193715070437e-08,3.3266531936536347e-09,0.1077414173498334,0.08520298033155368
252_T1_vs_T3,longitudinal,3,LUArm_to_LFArm_rx,LUArm_to_LFArm,rx,0.17922402897199874,0.18422046724109095,0.004996438269092213,0.1077414173498334,0.08520298033155368
252_T1_vs_T3,longitudinal,3,LUArm_to_LFArm_ry,LUArm_to_LFArm,ry,0.3621348048848358,0.13794682210271839,-0.2241879827821174,0.1077414173498334,0.08520298033155368
252_T1_vs_T3,longitudinal,3,LUArm_to_LFArm_rz,LUArm_to_LFArm,rz,0.02565128899121787,0.1272448101098419,0.10159352111862403,0.1077414173498334,0.08520298033155368
252_T1_vs_T3,longitudinal,3,Neck_to_Head_rx,Neck_to_Head,rx,0.007782128522338358,0.008706416086538323,0.0009242875641999656,0.1077414173498334,0.08520298033155368
252_T1_vs_T3,longitudinal,3,Neck_to_Head_ry,Neck_to_Head,ry,0.01657301224483681,0.0071270869526262005,-0.009445925292210607,0.1077414173498334,0.08520298033155368
252_T1_vs_T3,longitudinal,3,Neck_to_Head_rz,Neck_to_Head,rz,0.005980554976425923,0.00379895374645469,-0.0021816012299712326,0.1077414173498334,0.08520298033155368
252_T1_vs_T3,longitudinal,3,RFArm_to_RHand_rx,RFArm_to_RHand,rx,0.02298184987436653,0.046910511932688186,0.023928662058321656,0.1077414173498334,0.08520298033155368
252_T1_vs_T3,longitudinal,3,RFArm_to_RHand_ry,RFArm_to_RHand,ry,0.0005170100731756972,0.24883215959448282,0.24831514952130712,0.1077414173498334,0.08520298033155368
252_T1_vs_T3,longitudinal,3,RFArm_to_RHand_rz,RFArm_to_RHand,rz,0.10257824417638615,0.6320878232771598,0.5295095791007737,0.1077414173498334,0.08520298033155368
252_T1_vs_T3,longitudinal,3,RShin_to_RFoot_rx,RShin_to_RFoot,rx,0.0020937178867376323,0.0011243768451952884,-0.0009693410415423439,0.1077414173498334,0.08520298033155368
252_T1_vs_T3,longitudinal,3,RShin_to_RFoot_ry,RShin_to_RFoot,ry,0.009604232993422628,0.0021670380927404846,-0.007437194900682143,0.1077414173498334,0.08520298033155368
252_T1_vs_T3,longitudinal,3,RShin_to_RFoot_rz,RShin_to_RFoot,rz,0.00464313063551955,0.0011183736909418478,-0.003524756944577702,0.1077414173498334,0.08520298033155368
252_T1_vs_T3,longitudinal,3,RShoulder_to_RUArm_rx,RShoulder_to_RUArm,rx,0.11410888034556986,0.3294311789491681,0.21532229860359825,0.1077414173498334,0.08520298033155368
252_T1_vs_T3,longitudinal,3,RShoulder_to_RUArm_ry,RShoulder_to_RUArm,ry,0.018111749877737695,0.0004863045163719356,-0.01762544536136576,0.1077414173498334,0.08520298033155368
252_T1_vs_T3,longitudinal,3,RShoulder_to_RUArm_rz,RShoulder_to_RUArm,rz,0.0030935162943580828,0.1262215549957492,0.12312803870139111,0.1077414173498334,0.08520298033155368
252_T1_vs_T3,longitudinal,3,RThigh_to_RShin_rx,RThigh_to_RShin,rx,0.008384755017757026,0.0021671539502039856,-0.00621760106755304,0.1077414173498334,0.08520298033155368
252_T1_vs_T3,longitudinal,3,RThigh_to_RShin_ry,RThigh_to_RShin,ry,3.4960295136916414e-09,2.142346336025484e-08,1.79274338465632e-08,0.1077414173498334,0.08520298033155368
252_T1_vs_T3,longitudinal,3,RThigh_to_RShin_rz,RThigh_to_RShin,rz,2.845089744225127e-08,1.4396096590751672e-08,-1.4054800851499597e-08,0.1077414173498334,0.08520298033155368
252_T1_vs_T3,longitudinal,3,RUArm_to_RFArm_rx,RUArm_to_RFArm,rx,0.37748039652593074,0.11200453225239033,-0.2654758642735404,0.1077414173498334,0.08520298033155368
252_T1_vs_T3,longitudinal,3,RUArm_to_RFArm_ry,RUArm_to_RFArm,ry,0.30002157470896545,0.11565397056777742,-0.18436760414118802,0.1077414173498334,0.08520298033155368
252_T1_vs_T3,longitudinal,3,RUArm_to_RFArm_rz,RUArm_to_RFArm,rz,0.5406509247269219,0.074956427857242,-0.4656944968696799,0.1077414173498334,0.08520298033155368
252_T1_vs_T3,longitudinal,4,252_to_LThigh_rx,252_to_LThigh,rx,0.005506523173793139,0.007844634816149427,0.0023381116423562883,0.10615853168463348,0.023899204391371817
252_T1_vs_T3,longitudinal,4,252_to_LThigh_ry,252_to_LThigh,ry,0.013975395308067297,0.0030635304215839146,-0.010911864886483384,0.10615853168463348,0.023899204391371817
252_T1_vs_T3,longitudinal,4,252_to_LThigh_rz,252_to_LThigh,rz,0.004820009824245948,0.005510602389184686,0.0006905925649387384,0.10615853168463348,0.023899204391371817
252_T1_vs_T3,longitudinal,4,252_to_RThigh_rx,252_to_RThigh,rx,0.021694765111767052,0.005870175151959073,-0.01582458995980798,0.10615853168463348,0.023899204391371817
252_T1_vs_T3,longitudinal,4,252_to_RThigh_ry,252_to_RThigh,ry,0.004239226433979014,0.0013743231308526603,-0.0028649033031263533,0.10615853168463348,0.023899204391371817
252_T1_vs_T3,longitudinal,4,252_to_RThigh_rz,252_to_RThigh,rz,0.008477217029462598,0.0045602336724929055,-0.003916983356969692,0.10615853168463348,0.023899204391371817
252_T1_vs_T3,longitudinal,4,Chest_to_LShoulder_rx,Chest_to_LShoulder,rx,0.04726775870349595,0.03025024427274258,-0.017017514430753368,0.10615853168463348,0.023899204391371817
252_T1_vs_T3,longitudinal,4,Chest_to_LShoulder_ry,Chest_to_LShoulder,ry,0.0040442953253996385,0.031877697962251185,0.027833402636851547,0.10615853168463348,0.023899204391371817
252_T1_vs_T3,longitudinal,4,Chest_to_LShoulder_rz,Chest_to_LShoulder,rz,0.014364442884511453,0.023717409466101343,0.00935296658158989,0.10615853168463348,0.023899204391371817
252_T1_vs_T3,longitudinal,4,Chest_to_Neck_rx,Chest_to_Neck,rx,0.017908431535088296,0.013155099941343994,-0.0047533315937443015,0.10615853168463348,0.023899204391371817
252_T1_vs_T3,longitudinal,4,Chest_to_Neck_ry,Chest_to_Neck,ry,0.0008352849287823874,0.012343728376553939,0.011508443447771551,0.10615853168463348,0.023899204391371817
252_T1_vs_T3,longitudinal,4,Chest_to_Neck_rz,Chest_to_Neck,rz,0.0018649915388760723,0.0009657071580711406,-0.0008992843808049317,0.10615853168463348,0.023899204391371817
252_T1_vs_T3,longitudinal,4,Chest_to_RShoulder_rx,Chest_to_RShoulder,rx,0.049953780078386266,0.04281286232693627,-0.007140917751449996,0.10615853168463348,0.023899204391371817
252_T1_vs_T3,longitudinal,4,Chest_to_RShoulder_ry,Chest_to_RShoulder,ry,0.019359398653907192,0.02118450842530624,0.0018251097713990472,0.10615853168463348,0.023899204391371817
252_T1_vs_T3,longitudinal,4,Chest_to_RShoulder_rz,Chest_to_RShoulder,rz,0.008698676036364414,0.010926911248634437,0.002228235212270023,0.10615853168463348,0.023899204391371817
252_T1_vs_T3,longitudinal,4,LFArm_to_LHand_rx,LFArm_to_LHand,rx,0.03268633391152775,0.007131736701237053,-0.025554597210290693,0.10615853168463348,0.023899204391371817
252_T1_vs_T3,longitudinal,4,LFArm_to_LHand_ry,LFArm_to_LHand,ry,0.08177247730462187,0.0006018924642392048,-0.08117058484038266,0.10615853168463348,0.023899204391371817
252_T1_vs_T3,longitudinal,4,LFArm_to_LHand_rz,LFArm_to_LHand,rz,0.3263074816785109,0.11071857161142516,-0.21558891006708575,0.10615853168463348,0.023899204391371817
252_T1_vs_T3,longitudinal,4,LShin_to_LFoot_rx,LShin_to_LFoot,rx,0.02395367024790559,0.006095624398742677,-0.017858045849162917,0.10615853168463348,0.023899204391371817
252_T1_vs_T3,longitudinal,4,LShin_to_LFoot_ry,LShin_to_LFoot,ry,0.004239125827711588,0.002783745725282606,-0.0014553801024289824,0.10615853168463348,0.023899204391371817
252_T1_vs_T3,longitudinal,4,LShin_to_LFoot_rz,LShin_to_LFoot,rz,0.0005094994005618209,0.0018262291845062045,0.0013167297839443838,0.10615853168463348,0.023899204391371817
252_T1_vs_T3,longitudinal,4,LShoulder_to_LUArm_rx,LShoulder_to_LUArm,rx,0.34300295579897894,0.2509776220348021,-0.09202533376417682,0.10615853168463348,0.023899204391371817
252_T1_vs_T3,longitudinal,4,LShoulder_to_LUArm_ry,LShoulder_to_LUArm,ry,0.086048060862554,0.010984257368284952,-0.07506380349426904,0.10615853168463348,0.023899204391371817
252_T1_vs_T3,longitudinal,4,LShoulder_to_LUArm_rz,LShoulder_to_LUArm,rz,0.04815938996053493,0.0067034612076247386,-0.041455928752910196,0.10615853168463348,0.023899204391371817
252_T1_vs_T3,longitudinal,4,LThigh_to_LShin_rx,LThigh_to_LShin,rx,0.04750979051419175,0.007504424275423065,-0.040005366238768686,0.10615853168463348,0.023899204391371817
252_T1_vs_T3,longitudinal,4,LThigh_to_LShin_ry,LThigh_to_LShin,ry,8.033894455937623e-09,3.274221292777413e-09,-4.7596731631602104e-09,0.10615853168463348,0.023899204391371817
252_T1_vs_T3,longitudinal,4,LThigh_to_LShin_rz,LThigh_to_LShin,rz,4.4100294656022636e-08,7.245884827088981e-08,2.8358553614867175e-08,0.10615853168463348,0.023899204391371817
252_T1_vs_T3,longitudinal,4,LUArm_to_LFArm_rx,LUArm_to_LFArm,rx,0.11363707092271051,0.3100225425930694,0.19638547167035886,0.10615853168463348,0.023899204391371817
252_T1_vs_T3,longitudinal,4,LUArm_to_LFArm_ry,LUArm_to_LFArm,ry,0.5878962465480008,0.2001531017256325,-0.38774314482236827,0.10615853168463348,0.023899204391371817
252_T1_vs_T3,longitudinal,4,LUArm_to_LFArm_rz,LUArm_to_LFArm,rz,0.2853704391681469,0.18544413430296539,-0.09992630486518153,0.10615853168463348,0.023899204391371817
252_T1_vs_T3,longitudinal,4,Neck_to_Head_rx,Neck_to_Head,rx,0.017917465060491876,0.013141239471270827,-0.004776225589221049,0.10615853168463348,0.023899204391371817
252_T1_vs_T3,longitudinal,4,Neck_to_Head_ry,Neck_to_Head,ry,0.0011825677040140413,0.012273127628673776,0.011090559924659734,0.10615853168463348,0.023899204391371817
252_T1_vs_T3,longitudinal,4,Neck_to_Head_rz,Neck_to_Head,rz,0.0016621304827579362,0.0013901450108074224,-0.0002719854719505138,0.10615853168463348,0.023899204391371817
252_T1_vs_T3,longitudinal,4,RFArm_to_RHand_rx,RFArm_to_RHand,rx,0.006903616347057583,0.0054049654256642325,-0.0014986509213933503,0.10615853168463348,0.023899204391371817
252_T1_vs_T3,longitudinal,4,RFArm_to_RHand_ry,RFArm_to_RHand,ry,0.005957153909777648,0.07398916815489888,0.06803201424512123,0.10615853168463348,0.023899204391371817
252_T1_vs_T3,longitudinal,4,RFArm_to_RHand_rz,RFArm_to_RHand,rz,0.03876907405021856,0.04334055167305977,0.0045714776228412135,0.10615853168463348,0.023899204391371817
252_T1_vs_T3,longitudinal,4,RShin_to_RFoot_rx,RShin_to_RFoot,rx,0.005117188412294108,0.008802592192092451,0.0036854037797983434,0.10615853168463348,0.023899204391371817
252_T1_vs_T3,longitudinal,4,RShin_to_RFoot_ry,RShin_to_RFoot,ry,0.011172660782739482,0.0027320125694989816,-0.0084406482132405,0.10615853168463348,0.023899204391371817
252_T1_vs_T3,longitudinal,4,RShin_to_RFoot_rz,RShin_to_RFoot,rz,0.003327876420665698,0.00021068660279842396,-0.003117189817867274,0.10615853168463348,0.023899204391371817
252_T1_vs_T3,longitudinal,4,RShoulder_to_RUArm_rx,RShoulder_to_RUArm,rx,0.28082903882672405,0.27535147040437247,-0.005477568422351586,0.10615853168463348,0.023899204391371817
252_T1_vs_T3,longitudinal,4,RShoulder_to_RUArm_ry,RShoulder_to_RUArm,ry,0.05380512547760424,0.004415938152057123,-0.04938918732554712,0.10615853168463348,0.023899204391371817
252_T1_vs_T3,longitudinal,4,RShoulder_to_RUArm_rz,RShoulder_to_RUArm,rz,0.060745239441570086,0.016482043603648314,-0.04426319583792177,0.10615853168463348,0.023899204391371817
252_T1_vs_T3,longitudinal,4,RThigh_to_RShin_rx,RThigh_to_RShin,rx,0.001132810897333441,0.014764236414743868,0.013631425517410426,0.10615853168463348,0.023899204391371817
252_T1_vs_T3,longitudinal,4,RThigh_to_RShin_ry,RThigh_to_RShin,ry,4.062239901853684e-09,1.9020546692015373e-08,1.495830679016169e-08,0.10615853168463348,0.023899204391371817
252_T1_vs_T3,longitudinal,4,RThigh_to_RShin_rz,RThigh_to_RShin,rz,7.64874129220847e-08,7.176638464967689e-08,-4.7210282724078096e-09,0.10615853168463348,0.023899204391371817
252_T1_vs_T3,longitudinal,4,RUArm_to_RFArm_rx,RUArm_to_RFArm,rx,0.22213555728818277,0.5735285534197332,0.3513929961315504,0.10615853168463348,0.023899204391371817
252_T1_vs_T3,longitudinal,4,RUArm_to_RFArm_ry,RUArm_to_RFArm,ry,0.4103338198567658,0.4614326759320564,0.05109885607529058,0.10615853168463348,0.023899204391371817
252_T1_vs_T3,longitudinal,4,RUArm_to_RFArm_rz,RUArm_to_RFArm,rz,0.06158784566665864,0.35001549541193927,0.2884276497452806,0.10615853168463348,0.023899204391371817
252_T1_vs_T3,longitudinal,5,252_to_LThigh_rx,252_to_LThigh,rx,0.0272802878817986,0.003345992787504642,-0.023934295094293956,0.09099322222506354,0.01801256632499968
252_T1_vs_T3,longitudinal,5,252_to_LThigh_ry,252_to_LThigh,ry,0.01664555835746098,0.0038083643233100253,-0.012837194034150953,0.09099322222506354,0.01801256632499968
252_T1_vs_T3,longitudinal,5,252_to_LThigh_rz,252_to_LThigh,rz,0.025010393896833277,0.010492716139203655,-0.014517677757629622,0.09099322222506354,0.01801256632499968
252_T1_vs_T3,longitudinal,5,252_to_RThigh_rx,252_to_RThigh,rx,0.020963375649593323,0.00031427758664732703,-0.020649098062945997,0.09099322222506354,0.01801256632499968
252_T1_vs_T3,longitudinal,5,252_to_RThigh_ry,252_to_RThigh,ry,0.0001482860897265465,0.002260855236703952,0.0021125691469774054,0.09099322222506354,0.01801256632499968
252_T1_vs_T3,longitudinal,5,252_to_RThigh_rz,252_to_RThigh,rz,0.02893687875265063,0.00935645771776858,-0.01958042103488205,0.09099322222506354,0.01801256632499968
252_T1_vs_T3,longitudinal,5,Chest_to_LShoulder_rx,Chest_to_LShoulder,rx,0.013249190231683531,0.011981296449691748,-0.001267893781991783,0.09099322222506354,0.01801256632499968
252_T1_vs_T3,longitudinal,5,Chest_to_LShoulder_ry,Chest_to_LShoulder,ry,0.01964896809300973,0.0026478212604218575,-0.017001146832587875,0.09099322222506354,0.01801256632499968
252_T1_vs_T3,longitudinal,5,Chest_to_LShoulder_rz,Chest_to_LShoulder,rz,0.017907669358086478,0.0027608383894073473,-0.01514683096867913,0.09099322222506354,0.01801256632499968
252_T1_vs_T3,longitudinal,5,Chest_to_Neck_rx,Chest_to_Neck,rx,0.005118550329363416,0.009575768290399005,0.004457217961035589,0.09099322222506354,0.01801256632499968
252_T1_vs_T3,longitudinal,5,Chest_to_Neck_ry,Chest_to_Neck,ry,0.014882343397080626,0.01717583601299375,0.002293492615913122,0.09099322222506354,0.01801256632499968
252_T1_vs_T3,longitudinal,5,Chest_to_Neck_rz,Chest_to_Neck,rz,0.004237968282802227,0.012007055706553395,0.007769087423751168,0.09099322222506354,0.01801256632499968
252_T1_vs_T3,longitudinal,5,Chest_to_RShoulder_rx,Chest_to_RShoulder,rx,0.010212633715832817,0.002140290299566184,-0.008072343416266633,0.09099322222506354,0.01801256632499968
252_T1_vs_T3,longitudinal,5,Chest_to_RShoulder_ry,Chest_to_RShoulder,ry,0.00642138074370963,0.003065880587742504,-0.0033555001559671263,0.09099322222506354,0.01801256632499968
252_T1_vs_T3,longitudinal,5,Chest_to_RShoulder_rz,Chest_to_RShoulder,rz,2.0932700859955787e-05,0.017413020275213825,0.01739208757435387,0.09099322222506354,0.01801256632499968
252_T1_vs_T3,longitudinal,5,LFArm_to_LHand_rx,LFArm_to_LHand,rx,0.03317577080459618,0.0036669851611101506,-0.02950878564348603,0.09099322222506354,0.01801256632499968
252_T1_vs_T3,longitudinal,5,LFArm_to_LHand_ry,LFArm_to_LHand,ry,0.047703758530896784,0.09405560296962065,0.046351844438723866,0.09099322222506354,0.01801256632499968
252_T1_vs_T3,longitudinal,5,LFArm_to_LHand_rz,LFArm_to_LHand,rz,0.42803325150020577,0.00048821000532650594,-0.42754504149487926,0.09099322222506354,0.01801256632499968
252_T1_vs_T3,longitudinal,5,LShin_to_LFoot_rx,LShin_to_LFoot,rx,0.00036902473424644183,0.021717934894935582,0.02134891016068914,0.09099322222506354,0.01801256632499968
252_T1_vs_T3,longitudinal,5,LShin_to_LFoot_ry,LShin_to_LFoot,ry,0.0008885840403353814,0.0020750487608144933,0.001186464720479112,0.09099322222506354,0.01801256632499968
252_T1_vs_T3,longitudinal,5,LShin_to_LFoot_rz,LShin_to_LFoot,rz,0.011585996488736105,0.0069415608777115894,-0.004644435611024515,0.09099322222506354,0.01801256632499968
252_T1_vs_T3,longitudinal,5,LShoulder_to_LUArm_rx,LShoulder_to_LUArm,rx,0.15333372551589475,0.01169967411938675,-0.141634051396508,0.09099322222506354,0.01801256632499968
252_T1_vs_T3,longitudinal,5,LShoulder_to_LUArm_ry,LShoulder_to_LUArm,ry,0.08462861176048721,0.11793177871217898,0.033303166951691776,0.09099322222506354,0.01801256632499968
252_T1_vs_T3,longitudinal,5,LShoulder_to_LUArm_rz,LShoulder_to_LUArm,rz,0.06028550183317734,0.06395367073405657,0.0036681689008792318,0.09099322222506354,0.01801256632499968
252_T1_vs_T3,longitudinal,5,LThigh_to_LShin_rx,LThigh_to_LShin,rx,0.02976911151355535,0.03705873839794856,0.007289626884393208,0.09099322222506354,0.01801256632499968
252_T1_vs_T3,longitudinal,5,LThigh_to_LShin_ry,LThigh_to_LShin,ry,3.241710353871653e-08,3.04957205752329e-08,-1.9213829634836296e-09,0.09099322222506354,0.01801256632499968
252_T1_vs_T3,longitudinal,5,LThigh_to_LShin_rz,LThigh_to_LShin,rz,2.495965430644819e-08,1.3770591491713005e-08,-1.1189062814735186e-08,0.09099322222506354,0.01801256632499968
252_T1_vs_T3,longitudinal,5,LUArm_to_LFArm_rx,LUArm_to_LFArm,rx,0.33420492696317355,0.5947851280281027,0.26058020106492913,0.09099322222506354,0.01801256632499968
252_T1_vs_T3,longitudinal,5,LUArm_to_LFArm_ry,LUArm_to_LFArm,ry,0.36957125460901413,0.3576573818076393,-0.011913872801374847,0.09099322222506354,0.01801256632499968
252_T1_vs_T3,longitudinal,5,LUArm_to_LFArm_rz,LUArm_to_LFArm,rz,0.32070783118908847,0.5154229179666092,0.19471508677752075,0.09099322222506354,0.01801256632499968
252_T1_vs_T3,longitudinal,5,Neck_to_Head_rx,Neck_to_Head,rx,0.005118653944864659,0.009578344280070454,0.004459690335205795,0.09099322222506354,0.01801256632499968
252_T1_vs_T3,longitudinal,5,Neck_to_Head_ry,Neck_to_Head,ry,0.01536696310308267,0.01908370474338359,0.0037167416403009208,0.09099322222506354,0.01801256632499968
252_T1_vs_T3,longitudinal,5,Neck_to_Head_rz,Neck_to_Head,rz,0.0013379019738156215,0.008504096265368652,0.00716619429155303,0.09099322222506354,0.01801256632499968
252_T1_vs_T3,longitudinal,5,RFArm_to_RHand_rx,RFArm_to_RHand,rx,0.02020677204874787,0.015344257854382194,-0.004862514194365678,0.09099322222506354,0.01801256632499968
252_T1_vs_T3,longitudinal,5,RFArm_to_RHand_ry,RFArm_to_RHand,ry,0.08142449575651882,0.0893119138231762,0.007887418066657381,0.09099322222506354,0.01801256632499968
252_T1_vs_T3,longitudinal,5,RFArm_to_RHand_rz,RFArm_to_RHand,rz,0.26587050744605967,0.12107496043124831,-0.14479554701481134,0.09099322222506354,0.01801256632499968
252_T1_vs_T3,longitudinal,5,RShin_to_RFoot_rx,RShin_to_RFoot,rx,0.022891095471846607,0.013092436144406727,-0.00979865932743988,0.09099322222506354,0.01801256632499968
252_T1_vs_T3,longitudinal,5,RShin_to_RFoot_ry,RShin_to_RFoot,ry,0.018155743440012966,0.0009528642303440853,-0.01720287920966888,0.09099322222506354,0.01801256632499968
252_T1_vs_T3,longitudinal,5,RShin_to_RFoot_rz,RShin_to_RFoot,rz,0.018269465656442514,0.008659010136276188,-0.009610455520166325,0.09099322222506354,0.01801256632499968
252_T1_vs_T3,longitudinal,5,RShoulder_to_RUArm_rx,RShoulder_to_RUArm,rx,0.16852221603185902,0.10759231703893207,-0.060929898992926945,0.09099322222506354,0.01801256632499968
252_T1_vs_T3,longitudinal,5,RShoulder_to_RUArm_ry,RShoulder_to_RUArm,ry,0.06975119941586745,0.09673012991802096,0.02697893050215351,0.09099322222506354,0.01801256632499968
252_T1_vs_T3,longitudinal,5,RShoulder_to_RUArm_rz,RShoulder_to_RUArm,rz,0.07565351232354767,0.02704054409406935,-0.04861296822947832,0.09099322222506354,0.01801256632499968
252_T1_vs_T3,longitudinal,5,RThigh_to_RShin_rx,RThigh_to_RShin,rx,0.06200663745916024,0.030301526004828515,-0.031705111454331726,0.09099322222506354,0.01801256632499968
252_T1_vs_T3,longitudinal,5,RThigh_to_RShin_ry,RThigh_to_RShin,ry,2.2489476838632925e-08,3.590184389674465e-08,1.3412367058111723e-08,0.09099322222506354,0.01801256632499968
252_T1_vs_T3,longitudinal,5,RThigh_to_RShin_rz,RThigh_to_RShin,rz,3.780673996078657e-08,5.564758276949474e-08,1.784084280870817e-08,0.09099322222506354,0.01801256632499968
252_T1_vs_T3,longitudinal,5,RUArm_to_RFArm_rx,RUArm_to_RFArm,rx,0.31007049238381457,0.32215385796760787,0.012083365583793304,0.09099322222506354,0.01801256632499968
252_T1_vs_T3,longitudinal,5,RUArm_to_RFArm_ry,RUArm_to_RFArm,ry,0.4386012900215952,0.10803248523898629,-0.3305688047826089,0.09099322222506354,0.01801256632499968
252_T1_vs_T3,longitudinal,5,RUArm_to_RFArm_rz,RUArm_to_RFArm,rz,0.11050277973712834,0.24665900903912566,0.13615622930199733,0.09099322222506354,0.01801256632499968
252_T1_R1_vs_R2,natural_variability,1,252_to_LThigh_rx,252_to_LThigh,rx,0.006167659011832982,0.019423414375012035,0.013255755363179054,0.35860654678331805,0.42173790677550765
252_T1_R1_vs_R2,natural_variability,1,252_to_LThigh_ry,252_to_LThigh,ry,5.6485058281845e-05,0.009409160829307166,0.009352675771025321,0.35860654678331805,0.42173790677550765
252_T1_R1_vs_R2,natural_variability,1,252_to_LThigh_rz,252_to_LThigh,rz,0.0019553134891526066,0.009136852698142893,0.007181539208990287,0.35860654678331805,0.42173790677550765
252_T1_R1_vs_R2,natural_variability,1,252_to_RThigh_rx,252_to_RThigh,rx,0.0023359466476469658,0.009691131859887249,0.007355185212240283,0.35860654678331805,0.42173790677550765
252_T1_R1_vs_R2,natural_variability,1,252_to_RThigh_ry,252_to_RThigh,ry,0.00042491221214687743,0.0014460783472328247,0.0010211661350859472,0.35860654678331805,0.42173790677550765
252_T1_R1_vs_R2,natural_variability,1,252_to_RThigh_rz,252_to_RThigh,rz,0.002116618918111123,0.011429931409718732,0.00931331249160761,0.35860654678331805,0.42173790677550765
252_T1_R1_vs_R2,natural_variability,1,Chest_to_LShoulder_rx,Chest_to_LShoulder,rx,0.010641716626831974,0.011864657928622289,0.001222941301790315,0.35860654678331805,0.42173790677550765
252_T1_R1_vs_R2,natural_variability,1,Chest_to_LShoulder_ry,Chest_to_LShoulder,ry,0.024961281776287054,0.035872815922550046,0.010911534146262992,0.35860654678331805,0.42173790677550765
252_T1_R1_vs_R2,natural_variability,1,Chest_to_LShoulder_rz,Chest_to_LShoulder,rz,0.015900923183976932,0.03383441736114181,0.017933494177164878,0.35860654678331805,0.42173790677550765
252_T1_R1_vs_R2,natural_variability,1,Chest_to_Neck_rx,Chest_to_Neck,rx,0.00046907552396985904,0.0016166649037696872,0.0011475893797998282,0.35860654678331805,0.42173790677550765
252_T1_R1_vs_R2,natural_variability,1,Chest_to_Neck_ry,Chest_to_Neck,ry,0.009429188802229104,0.007385224265180582,-0.0020439645370485225,0.35860654678331805,0.42173790677550765
252_T1_R1_vs_R2,natural_variability,1,Chest_to_Neck_rz,Chest_to_Neck,rz,0.00021524354534452003,0.0044339243832562155,0.004218680837911696,0.35860654678331805,0.42173790677550765
252_T1_R1_vs_R2,natural_variability,1,Chest_to_RShoulder_rx,Chest_to_RShoulder,rx,0.019674909193667413,0.025026019931332334,0.005351110737664921,0.35860654678331805,0.42173790677550765
252_T1_R1_vs_R2,natural_variability,1,Chest_to_RShoulder_ry,Chest_to_RShoulder,ry,0.007457398463580874,0.011379552578258316,0.003922154114677442,0.35860654678331805,0.42173790677550765
252_T1_R1_vs_R2,natural_variability,1,Chest_to_RShoulder_rz,Chest_to_RShoulder,rz,0.0029175738215460015,0.021136018305504545,0.018218444483958544,0.35860654678331805,0.42173790677550765
252_T1_R1_vs_R2,natural_variability,1,LFArm_to_LHand_rx,LFArm_to_LHand,rx,0.022953484942359787,0.02066907984670753,-0.0022844050956522567,0.35860654678331805,0.42173790677550765
252_T1_R1_vs_R2,natural_variability,1,LFArm_to_LHand_ry,LFArm_to_LHand,ry,0.09381327099321667,0.10284755638527712,0.009034285392060457,0.35860654678331805,0.42173790677550765
252_T1_R1_vs_R2,natural_variability,1,LFArm_to_LHand_rz,LFArm_to_LHand,rz,0.2323849393090841,0.18611425280895547,-0.04627068650012864,0.35860654678331805,0.42173790677550765
252_T1_R1_vs_R2,natural_variability,1,LShin_to_LFoot_rx,LShin_to_LFoot,rx,0.008433999735305361,0.015267358940334801,0.00683335920502944,0.35860654678331805,0.42173790677550765
252_T1_R1_vs_R2,natural_variability,1,LShin_to_LFoot_ry,LShin_to_LFoot,ry,0.0008847024602747799,0.00020385038349016795,-0.0006808520767846119,0.35860654678331805,0.42173790677550765
252_T1_R1_vs_R2,natural_variability,1,LShin_to_LFoot_rz,LShin_to_LFoot,rz,7.513867262785654e-05,0.0018857195721817955,0.001810580899553939,0.35860654678331805,0.42173790677550765
252_T1_R1_vs_R2,natural_variability,1,LShoulder_to_LUArm_rx,LShoulder_to_LUArm,rx,0.07477834351798812,0.057021886011640564,-0.017756457506347557,0.35860654678331805,0.42173790677550765
252_T1_R1_vs_R2,natural_variability,1,LShoulder_to_LUArm_ry,LShoulder_to_LUArm,ry,0.05053006164224333,0.059588791207868745,0.009058729565625416,0.35860654678331805,0.42173790677550765
252_T1_R1_vs_R2,natural_variability,1,LShoulder_to_LUArm_rz,LShoulder_to_LUArm,rz,0.001726048084576675,0.02434550548786962,0.022619457403292943,0.35860654678331805,0.42173790677550765
252_T1_R1_vs_R2,natural_variability,1,LThigh_to_LShin_rx,LThigh_to_LShin,rx,0.016810215690941533,0.04017685824072375,0.023366642549782216,0.35860654678331805,0.42173790677550765
252_T1_R1_vs_R2,natural_variability,1,LThigh_to_LShin_ry,LThigh_to_LShin,ry,1.4126463110577118e-08,6.931605614212175e-09,-7.1948574963649425e-09,0.35860654678331805,0.42173790677550765
252_T1_R1_vs_R2,natural_variability,1,LThigh_to_LShin_rz,LThigh_to_LShin,rz,2.930197386370333e-08,4.9783007099047634e-08,2.0481033235344303e-08,0.35860654678331805,0.42173790677550765
252_T1_R1_vs_R2,natural_variability,1,LUArm_to_LFArm_rx,LUArm_to_LFArm,rx,0.5309814760716003,0.5582285034101058,0.02724702733850548,0.35860654678331805,0.42173790677550765
252_T1_R1_vs_R2,natural_variability,1,LUArm_to_LFArm_ry,LUArm_to_LFArm,ry,0.05542651554649578,0.030013657379160272,-0.02541285816733551,0.35860654678331805,0.42173790677550765
252_T1_R1_vs_R2,natural_variability,1,LUArm_to_LFArm_rz,LUArm_to_LFArm,rz,0.4169232283840486,0.4644473980550585,0.04752416967100992,0.35860654678331805,0.42173790677550765
252_T1_R1_vs_R2,natural_variability,1,Neck_to_Head_rx,Neck_to_Head,rx,0.00045335733754021376,0.001598632589445355,0.0011452752519051411,0.35860654678331805,0.42173790677550765
252_T1_R1_vs_R2,natural_variability,1,Neck_to_Head_ry,Neck_to_Head,ry,0.009270245732286566,0.006391862845757426,-0.0028783828865291405,0.35860654678331805,0.42173790677550765
252_T1_R1_vs_R2,natural_variability,1,Neck_to_Head_rz,Neck_to_Head,rz,0.0015697112447769855,0.005733740705824784,0.0041640294610477985,0.35860654678331805,0.42173790677550765
252_T1_R1_vs_R2,natural_variability,1,RFArm_to_RHand_rx,RFArm_to_RHand,rx,0.018173103834061635,0.013556448435173523,-0.0046166553988881125,0.35860654678331805,0.42173790677550765
252_T1_R1_vs_R2,natural_variability,1,RFArm_to_RHand_ry,RFArm_to_RHand,ry,0.16960862963892517,0.06736615198506096,-0.10224247765386421,0.35860654678331805,0.42173790677550765
252_T1_R1_vs_R2,natural_variability,1,RFArm_to_RHand_rz,RFArm_to_RHand,rz,0.25765041720929066,0.15821742797057073,-0.09943298923871993,0.35860654678331805,0.42173790677550765
252_T1_R1_vs_R2,natural_variability,1,RShin_to_RFoot_rx,RShin_to_RFoot,rx,0.0021697681028555386,0.006485336781388913,0.004315568678533374,0.35860654678331805,0.42173790677550765
252_T1_R1_vs_R2,natural_variability,1,RShin_to_RFoot_ry,RShin_to_RFoot,ry,0.0016859803905992868,0.006591189310034203,0.0049052089194349165,0.35860654678331805,0.42173790677550765
252_T1_R1_vs_R2,natural_variability,1,RShin_to_RFoot_rz,RShin_to_RFoot,rz,0.0010066148758849992,0.002614295964265992,0.001607681088380993,0.35860654678331805,0.42173790677550765
252_T1_R1_vs_R2,natural_variability,1,RShoulder_to_RUArm_rx,RShoulder_to_RUArm,rx,0.024715762744313252,0.12717153327034883,0.10245577052603558,0.35860654678331805,0.42173790677550765
252_T1_R1_vs_R2,natural_variability,1,RShoulder_to_RUArm_ry,RShoulder_to_RUArm,ry,0.0322632548930156,0.045513343565953775,0.013250088672938178,0.35860654678331805,0.42173790677550765
252_T1_R1_vs_R2,natural_variability,1,RShoulder_to_RUArm_rz,RShoulder_to_RUArm,rz,0.03229721022313613,0.0676431172510574,0.03534590702792127,0.35860654678331805,0.42173790677550765
252_T1_R1_vs_R2,natural_variability,1,RThigh_to_RShin_rx,RThigh_to_RShin,rx,0.0031282564036402057,0.01743761871073982,0.014309362307099614,0.35860654678331805,0.42173790677550765
252_T1_R1_vs_R2,natural_variability,1,RThigh_to_RShin_ry,RThigh_to_RShin,ry,1.3276452549694167e-08,2.692603990841463e-08,1.3649587358720464e-08,0.35860654678331805,0.42173790677550765
252_T1_R1_vs_R2,natural_variability,1,RThigh_to_RShin_rz,RThigh_to_RShin,rz,3.793013424974079e-08,2.231074687336228e-08,-1.5619387376378508e-08,0.35860654678331805,0.42173790677550765
252_T1_R1_vs_R2,natural_variability,1,RUArm_to_RFArm_rx,RUArm_to_RFArm,rx,0.4201781071082437,0.3930423379710249,-0.027135769137218824,0.35860654678331805,0.42173790677550765
252_T1_R1_vs_R2,natural_variability,1,RUArm_to_RFArm_ry,RUArm_to_RFArm,ry,0.32226633325764154,0.3665811095942782,0.04431477633663666,0.35860654678331805,0.42173790677550765
252_T1_R1_vs_R2,natural_variability,1,RUArm_to_RFArm_rz,RUArm_to_RFArm,rz,0.29842714882857724,0.26521830517633654,-0.033208843652240694,0.35860654678331805,0.42173790677550765
252_T1_R1_vs_R2,natural_variability,2,252_to_LThigh_rx,252_to_LThigh,rx,0.02225409760976424,0.013343148181266348,-0.008910949428497891,0.2134402505358686,0.267291809331927
252_T1_R1_vs_R2,natural_variability,2,252_to_LThigh_ry,252_to_LThigh,ry,0.015574916804833623,0.014346859410033322,-0.0012280573948003012,0.2134402505358686,0.267291809331927
252_T1_R1_vs_R2,natural_variability,2,252_to_LThigh_rz,252_to_LThigh,rz,0.01008358675026021,0.0002875809992725604,-0.00979600575098765,0.2134402505358686,0.267291809331927
252_T1_R1_vs_R2,natural_variability,2,252_to_RThigh_rx,252_to_RThigh,rx,0.010894002536221048,0.010595130901153906,-0.00029887163506714214,0.2134402505358686,0.267291809331927
252_T1_R1_vs_R2,natural_variability,2,252_to_RThigh_ry,252_to_RThigh,ry,0.004058691649262562,0.004496489631181117,0.00043779798191855533,0.2134402505358686,0.267291809331927
252_T1_R1_vs_R2,natural_variability,2,252_to_RThigh_rz,252_to_RThigh,rz,0.013595390559783834,0.0037469400373708476,-0.009848450522412986,0.2134402505358686,0.267291809331927
252_T1_R1_vs_R2,natural_variability,2,Chest_to_LShoulder_rx,Chest_to_LShoulder,rx,0.006914530557034475,0.0052547142093565865,-0.0016598163476778888,0.2134402505358686,0.267291809331927
252_T1_R1_vs_R2,natural_variability,2,Chest_to_LShoulder_ry,Chest_to_LShoulder,ry,0.02583266814212667,0.0018160249197241127,-0.02401664322240256,0.2134402505358686,0.267291809331927
252_T1_R1_vs_R2,natural_variability,2,Chest_to_LShoulder_rz,Chest_to_LShoulder,rz,0.04147330911511898,0.017548493250374088,-0.02392481586474489,0.2134402505358686,0.267291809331927
252_T1_R1_vs_R2,natural_variability,2,Chest_to_Neck_rx,Chest_to_Neck,rx,0.001897104024722654,0.008763587505781113,0.006866483481058459,0.2134402505358686,0.267291809331927
252_T1_R1_vs_R2,natural_variability,2,Chest_to_Neck_ry,Chest_to_Neck,ry,0.004268737028735596,0.01708199316357778,0.012813256134842185,0.2134402505358686,0.267291809331927
252_T1_R1_vs_R2,natural_variability,2,Chest_to_Neck_rz,Chest_to_Neck,rz,0.0104251849713757,0.012930867724553572,0.002505682753177873,0.2134402505358686,0.267291809331927
252_T1_R1_vs_R2,natural_variability,2,Chest_to_RShoulder_rx,Chest_to_RShoulder,rx,0.012113301592460402,0.012261660736796024,0.00014835914433562226,0.2134402505358686,0.267291809331927
252_T1_R1_vs_R2,natural_variability,2,Chest_to_RShoulder_ry,Chest_to_RShoulder,ry,0.012997582114727728,0.0003687413356056803,-0.012628840779122047,0.2134402505358686,0.267291809331927
252_T1_R1_vs_R2,natural_variability,2,Chest_to_RShoulder_rz,Chest_to_RShoulder,rz,0.04175224157935375,0.03136168060703629,-0.010390560972317456,0.2134402505358686,0.267291809331927
252_T1_R1_vs_R2,natural_variability,2,LFArm_to_LHand_rx,LFArm_to_LHand,rx,0.010692154354588321,0.004840867054003891,-0.00585128730058443,0.2134402505358686,0.267291809331927
252_T1_R1_vs_R2,natural_variability,2,LFArm_to_LHand_ry,LFArm_to_LHand,ry,0.017538894996558523,0.042067905341433204,0.02452901034487468,0.2134402505358686,0.267291809331927
252_T1_R1_vs_R2,natural_variability,2,LFArm_to_LHand_rz,LFArm_to_LHand,rz,0.19533126166899828,0.10549881876553971,-0.08983244290345857,0.2134402505358686,0.267291809331927
252_T1_R1_vs_R2,natural_variability,2,LShin_to_LFoot_rx,LShin_to_LFoot,rx,0.015803583362421863,0.022182982428301915,0.006379399065880052,0.2134402505358686,0.267291809331927
252_T1_R1_vs_R2,natural_variability,2,LShin_to_LFoot_ry,LShin_to_LFoot,ry,0.0014989898961522358,0.0033080786527013573,0.0018090887565491215,0.2134402505358686,0.267291809331927
252_T1_R1_vs_R2,natural_variability,2,LShin_to_LFoot_rz,LShin_to_LFoot,rz,0.0010804014667616772,0.002837077268841796,0.0017566758020801188,0.2134402505358686,0.267291809331927
252_T1_R1_vs_R2,natural_variability,2,LShoulder_to_LUArm_rx,LShoulder_to_LUArm,rx,0.025592312940167318,0.10450649355384513,0.0789141806136778,0.2134402505358686,0.267291809331927
252_T1_R1_vs_R2,natural_variability,2,LShoulder_to_LUArm_ry,LShoulder_to_LUArm,ry,0.05363334642464537,0.08495450752972805,0.03132116110508268,0.2134402505358686,0.267291809331927
252_T1_R1_vs_R2,natural_variability,2,LShoulder_to_LUArm_rz,LShoulder_to_LUArm,rz,0.06934950369051743,0.07746094225400381,0.008111438563486381,0.2134402505358686,0.267291809331927
252_T1_R1_vs_R2,natural_variability,2,LThigh_to_LShin_rx,LThigh_to_LShin,rx,0.044207547039730545,0.049036724450341525,0.00482917741061098,0.2134402505358686,0.267291809331927
252_T1_R1_vs_R2,natural_variability,2,LThigh_to_LShin_ry,LThigh_to_LShin,ry,5.204232211151821e-09,8.51577979107909e-09,3.3115475799272687e-09,0.2134402505358686,0.267291809331927
252_T1_R1_vs_R2,natural_variability,2,LThigh_to_LShin_rz,LThigh_to_LShin,rz,4.963856678832605e-08,7.679393736532247e-09,-4.1959173051793806e-08,0.2134402505358686,0.267291809331927
252_T1_R1_vs_R2,natural_variability,2,LUArm_to_LFArm_rx,LUArm_to_LFArm,rx,0.2631934929859039,0.22356759894426576,-0.03962589404163813,0.2134402505358686,0.267291809331927
252_T1_R1_vs_R2,natural_variability,2,LUArm_to_LFArm_ry,LUArm_to_LFArm,ry,0.0017887954813627272,0.05366616071434226,0.05187736523297953,0.2134402505358686,0.267291809331927
252_T1_R1_vs_R2,natural_variability,2,LUArm_to_LFArm_rz,LUArm_to_LFArm,rz,0.2947184064504636,0.28199345755185085,-0.012724948898612753,0.2134402505358686,0.267291809331927
252_T1_R1_vs_R2,natural_variability,2,Neck_to_Head_rx,Neck_to_Head,rx,0.001886163413689486,0.008763827860108653,0.006877664446419167,0.2134402505358686,0.267291809331927
252_T1_R1_vs_R2,natural_variability,2,Neck_to_Head_ry,Neck_to_Head,ry,0.0061459725703634244,0.019167054502529576,0.013021081932166152,0.2134402505358686,0.267291809331927
252_T1_R1_vs_R2,natural_variability,2,Neck_to_Head_rz,Neck_to_Head,rz,0.00939739506007581,0.009426362512956862,2.896745288105164e-05,0.2134402505358686,0.267291809331927
252_T1_R1_vs_R2,natural_variability,2,RFArm_to_RHand_rx,RFArm_to_RHand,rx,0.05832511634591066,0.04804989251860898,-0.010275223827301679,0.2134402505358686,0.267291809331927
252_T1_R1_vs_R2,natural_variability,2,RFArm_to_RHand_ry,RFArm_to_RHand,ry,0.20399451939404292,0.23605855052676486,0.03206403113272194,0.2134402505358686,0.267291809331927
252_T1_R1_vs_R2,natural_variability,2,RFArm_to_RHand_rz,RFArm_to_RHand,rz,0.7821992640357658,0.6209977170338924,-0.1612015470018734,0.2134402505358686,0.267291809331927
252_T1_R1_vs_R2,natural_variability,2,RShin_to_RFoot_rx,RShin_to_RFoot,rx,0.004134377388532867,0.006550227566863914,0.0024158501783310467,0.2134402505358686,0.267291809331927
252_T1_R1_vs_R2,natural_variability,2,RShin_to_RFoot_ry,RShin_to_RFoot,ry,0.012634297090457975,0.010327191763169636,-0.002307105327288339,0.2134402505358686,0.267291809331927
252_T1_R1_vs_R2,natural_variability,2,RShin_to_RFoot_rz,RShin_to_RFoot,rz,0.002809756780549225,0.001328022252577034,-0.001481734527972191,0.2134402505358686,0.267291809331927
252_T1_R1_vs_R2,natural_variability,2,RShoulder_to_RUArm_rx,RShoulder_to_RUArm,rx,0.29633361295871474,0.04244054065522379,-0.25389307230349095,0.2134402505358686,0.267291809331927
252_T1_R1_vs_R2,natural_variability,2,RShoulder_to_RUArm_ry,RShoulder_to_RUArm,ry,0.05416030569897269,0.0759856235158006,0.021825317816827908,0.2134402505358686,0.267291809331927
252_T1_R1_vs_R2,natural_variability,2,RShoulder_to_RUArm_rz,RShoulder_to_RUArm,rz,0.19642552374382907,0.14747848538218908,-0.048947038361639994,0.2134402505358686,0.267291809331927
252_T1_R1_vs_R2,natural_variability,2,RThigh_to_RShin_rx,RThigh_to_RShin,rx,0.016296382637814556,0.007460637969847207,-0.00883574466796735,0.2134402505358686,0.267291809331927
252_T1_R1_vs_R2,natural_variability,2,RThigh_to_RShin_ry,RThigh_to_RShin,ry,3.891756116837475e-08,3.191294736501223e-08,-7.004613803362524e-09,0.2134402505358686,0.267291809331927
252_T1_R1_vs_R2,natural_variability,2,RThigh_to_RShin_rz,RThigh_to_RShin,rz,3.279687712428395e-08,8.39580899112734e-08,5.1161212786989454e-08,0.2134402505358686,0.267291809331927
252_T1_R1_vs_R2,natural_variability,2,RUArm_to_RFArm_rx,RUArm_to_RFArm,rx,0.005540536385579786,0.44800725380398165,0.4424667174184019,0.2134402505358686,0.267291809331927
252_T1_R1_vs_R2,natural_variability,2,RUArm_to_RFArm_ry,RUArm_to_RFArm,ry,0.033229622937665904,0.2639824490842092,0.2307528261465433,0.2134402505358686,0.267291809331927
252_T1_R1_vs_R2,natural_variability,2,RUArm_to_RFArm_rz,RUArm_to_RFArm,rz,0.03259530002202891,0.28454759189567363,0.2519522918736447,0.2134402505358686,0.267291809331927
252_T1_R1_vs_R2,natural_variability,3,252_to_LThigh_rx,252_to_LThigh,rx,0.020006744138009354,0.0024311240460883625,-0.017575620091920992,0.1077414173498334,0.16228451816855013
252_T1_R1_vs_R2,natural_variability,3,252_to_LThigh_ry,252_to_LThigh,ry,0.012689474490027065,0.005859080737243319,-0.006830393752783746,0.1077414173498334,0.16228451816855013
252_T1_R1_vs_R2,natural_variability,3,252_to_LThigh_rz,252_to_LThigh,rz,0.0022096453962607223,0.003851736439437903,0.0016420910431771806,0.1077414173498334,0.16228451816855013
252_T1_R1_vs_R2,natural_variability,3,252_to_RThigh_rx,252_to_RThigh,rx,0.011560646933573495,0.011613132770968728,5.24858373952327e-05,0.1077414173498334,0.16228451816855013
252_T1_R1_vs_R2,natural_variability,3,252_to_RThigh_ry,252_to_RThigh,ry,0.00027631450424493395,0.00046154553901586943,0.00018523103477093548,0.1077414173498334,0.16228451816855013
252_T1_R1_vs_R2,natural_variability,3,252_to_RThigh_rz,252_to_RThigh,rz,0.0055946604192222416,0.001913319688603584,-0.0036813407306186575,0.1077414173498334,0.16228451816855013
252_T1_R1_vs_R2,natural_variability,3,Chest_to_LShoulder_rx,Chest_to_LShoulder,rx,0.009670858808567873,0.019208049424347787,0.009537190615779914,0.1077414173498334,0.16228451816855013
252_T1_R1_vs_R2,natural_variability,3,Chest_to_LShoulder_ry,Chest_to_LShoulder,ry,0.0014398738659030243,0.012469499494477398,0.011029625628574374,0.1077414173498334,0.16228451816855013
252_T1_R1_vs_R2,natural_variability,3,Chest_to_LShoulder_rz,Chest_to_LShoulder,rz,0.016722310740423952,0.021116743324891087,0.004394432584467135,0.1077414173498334,0.16228451816855013
252_T1_R1_vs_R2,natural_variability,3,Chest_to_Neck_rx,Chest_to_Neck,rx,0.007797318704330524,0.01632325452404,0.008525935819709477,0.1077414173498334,0.16228451816855013
252_T1_R1_vs_R2,natural_variability,3,Chest_to_Neck_ry,Chest_to_Neck,ry,0.015180596218954312,0.007759453554407029,-0.007421142664547283,0.1077414173498334,0.16228451816855013
252_T1_R1_vs_R2,natural_variability,3,Chest_to_Neck_rz,Chest_to_Neck,rz,0.009046371771784061,0.002214138833945706,-0.006832232937838355,0.1077414173498334,0.16228451816855013
252_T1_R1_vs_R2,natural_variability,3,Chest_to_RShoulder_rx,Chest_to_RShoulder,rx,0.013462347833673319,0.022033488381648158,0.008571140547974839,0.1077414173498334,0.16228451816855013
252_T1_R1_vs_R2,natural_variability,3,Chest_to_RShoulder_ry,Chest_to_RShoulder,ry,0.010574276732801435,0.02091928712511215,0.010345010392310717,0.1077414173498334,0.16228451816855013
252_T1_R1_vs_R2,natural_variability,3,Chest_to_RShoulder_rz,Chest_to_RShoulder,rz,0.0033131514061403187,0.016559152884213075,0.013246001478072755,0.1077414173498334,0.16228451816855013
252_T1_R1_vs_R2,natural_variability,3,LFArm_to_LHand_rx,LFArm_to_LHand,rx,0.0363096026232775,0.04655748582341967,0.010247883200142166,0.1077414173498334,0.16228451816855013
252_T1_R1_vs_R2,natural_variability,3,LFArm_to_LHand_ry,LFArm_to_LHand,ry,0.15427182459971123,0.14818326009033117,-0.006088564509380057,0.1077414173498334,0.16228451816855013
252_T1_R1_vs_R2,natural_variability,3,LFArm_to_LHand_rz,LFArm_to_LHand,rz,0.4880178558279249,0.5724549110731654,0.08443705524524048,0.1077414173498334,0.16228451816855013
252_T1_R1_vs_R2,natural_variability,3,LShin_to_LFoot_rx,LShin_to_LFoot,rx,0.01794723406365029,0.018816326874340622,0.0008690928106903327,0.1077414173498334,0.16228451816855013
252_T1_R1_vs_R2,natural_variability,3,LShin_to_LFoot_ry,LShin_to_LFoot,ry,0.0007993480606953786,0.0020528411776220886,0.0012534931169267101,0.1077414173498334,0.16228451816855013
252_T1_R1_vs_R2,natural_variability,3,LShin_to_LFoot_rz,LShin_to_LFoot,rz,0.0008046728945083741,0.0013506503265967255,0.0005459774320883513,0.1077414173498334,0.16228451816855013
252_T1_R1_vs_R2,natural_variability,3,LShoulder_to_LUArm_rx,LShoulder_to_LUArm,rx,0.1308086096558718,0.2451471652131851,0.11433855555731331,0.1077414173498334,0.16228451816855013
252_T1_R1_vs_R2,natural_variability,3,LShoulder_to_LUArm_ry,LShoulder_to_LUArm,ry,0.019645134965644795,0.05805551635713353,0.03841038139148874,0.1077414173498334,0.16228451816855013
252_T1_R1_vs_R2,natural_variability,3,LShoulder_to_LUArm_rz,LShoulder_to_LUArm,rz,0.026336308196484477,0.013966058940700332,-0.012370249255784145,0.1077414173498334,0.16228451816855013
252_T1_R1_vs_R2,natural_variability,3,LThigh_to_LShin_rx,LThigh_to_LShin,rx,0.05220823810175201,0.03741307292817637,-0.014795165173575639,0.1077414173498334,0.16228451816855013
252_T1_R1_vs_R2,natural_variability,3,LThigh_to_LShin_ry,LThigh_to_LShin,ry,1.0064141685403672e-08,2.1090240365593263e-08,1.102609868018959e-08,0.1077414173498334,0.16228451816855013
252_T1_R1_vs_R2,natural_variability,3,LThigh_to_LShin_rz,LThigh_to_LShin,rz,3.440528395705074e-08,6.638249935536596e-08,3.1977215398315227e-08,0.1077414173498334,0.16228451816855013
252_T1_R1_vs_R2,natural_variability,3,LUArm_to_LFArm_rx,LUArm_to_LFArm,rx,0.17922402897199874,0.219585824146138,0.040361795174139264,0.1077414173498334,0.16228451816855013
252_T1_R1_vs_R2,natural_variability,3,LUArm_to_LFArm_ry,LUArm_to_LFArm,ry,0.3621348048848358,0.037147334438004685,-0.32498747044683113,0.1077414173498334,0.16228451816855013
252_T1_R1_vs_R2,natural_variability,3,LUArm_to_LFArm_rz,LUArm_to_LFArm,rz,0.02565128899121787,0.17581385705830582,0.15016256806708794,0.1077414173498334,0.16228451816855013
252_T1_R1_vs_R2,natural_variability,3,Neck_to_Head_rx,Neck_to_Head,rx,0.007782128522338358,0.01631726330902875,0.008535134786690391,0.1077414173498334,0.16228451816855013
252_T1_R1_vs_R2,natural_variability,3,Neck_to_Head_ry,Neck_to_Head,ry,0.01657301224483681,0.00802423762300808,-0.00854877462182873,0.1077414173498334,0.16228451816855013
252_T1_R1_vs_R2,natural_variability,3,Neck_to_Head_rz,Neck_to_Head,rz,0.005980554976425923,0.0006945309294176193,-0.005286024047008304,0.1077414173498334,0.16228451816855013
252_T1_R1_vs_R2,natural_variability,3,RFArm_to_RHand_rx,RFArm_to_RHand,rx,0.02298184987436653,0.024591006843591,0.001609156969224472,0.1077414173498334,0.16228451816855013
252_T1_R1_vs_R2,natural_variability,3,RFArm_to_RHand_ry,RFArm_to_RHand,ry,0.0005170100731756972,0.12889887417779197,0.12838186410461627,0.1077414173498334,0.16228451816855013
252_T1_R1_vs_R2,natural_variability,3,RFArm_to_RHand_rz,RFArm_to_RHand,rz,0.10257824417638615,0.3872690869320222,0.28469084275563605,0.1077414173498334,0.16228451816855013
252_T1_R1_vs_R2,natural_variability,3,RShin_to_RFoot_rx,RShin_to_RFoot,rx,0.0020937178867376323,0.006244336857277362,0.004150618970539729,0.1077414173498334,0.16228451816855013
252_T1_R1_vs_R2,natural_variability,3,RShin_to_RFoot_ry,RShin_to_RFoot,ry,0.009604232993422628,0.0031721916198848886,-0.006432041373537739,0.1077414173498334,0.16228451816855013
252_T1_R1_vs_R2,natural_variability,3,RShin_to_RFoot_rz,RShin_to_RFoot,rz,0.00464313063551955,0.0005792051537428495,-0.0040639254817767005,0.1077414173498334,0.16228451816855013
252_T1_R1_vs_R2,natural_variability,3,RShoulder_to_RUArm_rx,RShoulder_to_RUArm,rx,0.11410888034556986,0.39862351611122454,0.28451463576565467,0.1077414173498334,0.16228451816855013
252_T1_R1_vs_R2,natural_variability,3,RShoulder_to_RUArm_ry,RShoulder_to_RUArm,ry,0.018111749877737695,0.032570493772323184,0.014458743894585489,0.1077414173498334,0.16228451816855013
252_T1_R1_vs_R2,natural_variability,3,RShoulder_to_RUArm_rz,RShoulder_to_RUArm,rz,0.0030935162943580828,0.08054654525023265,0.07745302895587457,0.1077414173498334,0.16228451816855013
252_T1_R1_vs_R2,natural_variability,3,RThigh_to_RShin_rx,RThigh_to_RShin,rx,0.008384755017757026,0.009980695152036272,0.0015959401342792463,0.1077414173498334,0.16228451816855013
252_T1_R1_vs_R2,natural_variability,3,RThigh_to_RShin_ry,RThigh_to_RShin,ry,3.4960295136916414e-09,1.246682178000193e-08,8.97079226631029e-09,0.1077414173498334,0.16228451816855013
252_T1_R1_vs_R2,natural_variability,3,RThigh_to_RShin_rz,RThigh_to_RShin,rz,2.845089744225127e-08,4.095228594082972e-08,1.250138849857845e-08,0.1077414173498334,0.16228451816855013
252_T1_R1_vs_R2,natural_variability,3,RUArm_to_RFArm_rx,RUArm_to_RFArm,rx,0.37748039652593074,0.3065480832380428,-0.07093231328788796,0.1077414173498334,0.16228451816855013
252_T1_R1_vs_R2,natural_variability,3,RUArm_to_RFArm_ry,RUArm_to_RFArm,ry,0.30002157470896545,0.04387606699824485,-0.2561455077107206,0.1077414173498334,0.16228451816855013
252_T1_R1_vs_R2,natural_variability,3,RUArm_to_RFArm_rz,RUArm_to_RFArm,rz,0.5406509247269219,0.26367101718586317,-0.2769799075410587,0.1077414173498334,0.16228451816855013
252_T1_R1_vs_R2,natural_variability,4,252_to_LThigh_rx,252_to_LThigh,rx,0.005506523173793139,0.009432447383153238,0.0039259242093600995,0.10615853168463348,0.08523533513760344
252_T1_R1_vs_R2,natural_variability,4,252_to_LThigh_ry,252_to_LThigh,ry,0.013975395308067297,0.013879490874994365,-9.59044330729325e-05,0.10615853168463348,0.08523533513760344
252_T1_R1_vs_R2,natural_variability,4,252_to_LThigh_rz,252_to_LThigh,rz,0.004820009824245948,0.015202547637428235,0.010382537813182288,0.10615853168463348,0.08523533513760344
252_T1_R1_vs_R2,natural_variability,4,252_to_RThigh_rx,252_to_RThigh,rx,0.021694765111767052,0.021581449885325336,-0.00011331522644171532,0.10615853168463348,0.08523533513760344
252_T1_R1_vs_R2,natural_variability,4,252_to_RThigh_ry,252_to_RThigh,ry,0.004239226433979014,0.00349257824557549,-0.0007466481884035236,0.10615853168463348,0.08523533513760344
252_T1_R1_vs_R2,natural_variability,4,252_to_RThigh_rz,252_to_RThigh,rz,0.008477217029462598,0.018539256735331085,0.010062039705868487,0.10615853168463348,0.08523533513760344
252_T1_R1_vs_R2,natural_variability,4,Chest_to_LShoulder_rx,Chest_to_LShoulder,rx,0.04726775870349595,0.04599230183058246,-0.0012754568729134858,0.10615853168463348,0.08523533513760344
252_T1_R1_vs_R2,natural_variability,4,Chest_to_LShoulder_ry,Chest_to_LShoulder,ry,0.0040442953253996385,0.007439249141772579,0.0033949538163729406,0.10615853168463348,0.08523533513760344
252_T1_R1_vs_R2,natural_variability,4,Chest_to_LShoulder_rz,Chest_to_LShoulder,rz,0.014364442884511453,0.029379646529969133,0.01501520364545768,0.10615853168463348,0.08523533513760344
252_T1_R1_vs_R2,natural_variability,4,Chest_to_Neck_rx,Chest_to_Neck,rx,0.017908431535088296,0.007167598346518686,-0.01074083318856961,0.10615853168463348,0.08523533513760344
252_T1_R1_vs_R2,natural_variability,4,Chest_to_Neck_ry,Chest_to_Neck,ry,0.0008352849287823874,0.012288870203912738,0.01145358527513035,0.10615853168463348,0.08523533513760344
252_T1_R1_vs_R2,natural_variability,4,Chest_to_Neck_rz,Chest_to_Neck,rz,0.0018649915388760723,0.00380310917570908,0.0019381176368330076,0.10615853168463348,0.08523533513760344
252_T1_R1_vs_R2,natural_variability,4,Chest_to_RShoulder_rx,Chest_to_RShoulder,rx,0.049953780078386266,0.03879967723156565,-0.011154102846820613,0.10615853168463348,0.08523533513760344
252_T1_R1_vs_R2,natural_variability,4,Chest_to_RShoulder_ry,Chest_to_RShoulder,ry,0.019359398653907192,0.011969870902852255,-0.007389527751054937,0.10615853168463348,0.08523533513760344
252_T1_R1_vs_R2,natural_variability,4,Chest_to_RShoulder_rz,Chest_to_RShoulder,rz,0.008698676036364414,0.011533670649954142,0.002834994613589728,0.10615853168463348,0.08523533513760344
252_T1_R1_vs_R2,natural_variability,4,LFArm_to_LHand_rx,LFArm_to_LHand,rx,0.03268633391152775,0.02070288294694878,-0.011983450964578968,0.10615853168463348,0.08523533513760344
252_T1_R1_vs_R2,natural_variability,4,LFArm_to_LHand_ry,LFArm_to_LHand,ry,0.08177247730462187,0.007295962327318367,-0.0744765149773035,0.10615853168463348,0.08523533513760344
252_T1_R1_vs_R2,natural_variability,4,LFArm_to_LHand_rz,LFArm_to_LHand,rz,0.3263074816785109,0.18690184059931214,-0.13940564107919878,0.10615853168463348,0.08523533513760344
252_T1_R1_vs_R2,natural_variability,4,LShin_to_LFoot_rx,LShin_to_LFoot,rx,0.02395367024790559,0.010551182872052417,-0.013402487375853174,0.10615853168463348,0.08523533513760344
252_T1_R1_vs_R2,natural_variability,4,LShin_to_LFoot_ry,LShin_to_LFoot,ry,0.004239125827711588,0.002563713776756146,-0.0016754120509554424,0.10615853168463348,0.08523533513760344
252_T1_R1_vs_R2,natural_variability,4,LShin_to_LFoot_rz,LShin_to_LFoot,rz,0.0005094994005618209,0.005599699576936534,0.005090200176374713,0.10615853168463348,0.08523533513760344
252_T1_R1_vs_R2,natural_variability,4,LShoulder_to_LUArm_rx,LShoulder_to_LUArm,rx,0.34300295579897894,0.2709635740699743,-0.07203938172900465,0.10615853168463348,0.08523533513760344
252_T1_R1_vs_R2,natural_variability,4,LShoulder_to_LUArm_ry,LShoulder_to_LUArm,ry,0.086048060862554,0.01582142383015005,-0.07022663703240395,0.10615853168463348,0.08523533513760344
252_T1_R1_vs_R2,natural_variability,4,LShoulder_to_LUArm_rz,LShoulder_to_LUArm,rz,0.04815938996053493,0.02537536749005952,-0.022784022470475413,0.10615853168463348,0.08523533513760344
252_T1_R1_vs_R2,natural_variability,4,LThigh_to_LShin_rx,LThigh_to_LShin,rx,0.04750979051419175,0.028263980410730916,-0.019245810103460832,0.10615853168463348,0.08523533513760344
252_T1_R1_vs_R2,natural_variability,4,LThigh_to_LShin_ry,LThigh_to_LShin,ry,8.033894455937623e-09,1.555593195180523e-08,7.522037495867607e-09,0.10615853168463348,0.08523533513760344
252_T1_R1_vs_R2,natural_variability,4,LThigh_to_LShin_rz,LThigh_to_LShin,rz,4.4100294656022636e-08,2.8749354651451635e-09,-4.122535919087747e-08,0.10615853168463348,0.08523533513760344
252_T1_R1_vs_R2,natural_variability,4,LUArm_to_LFArm_rx,LUArm_to_LFArm,rx,0.11363707092271051,0.17233216565977338,0.05869509473706287,0.10615853168463348,0.08523533513760344
252_T1_R1_vs_R2,natural_variability,4,LUArm_to_LFArm_ry,LUArm_to_LFArm,ry,0.5878962465480008,0.7816970879172838,0.193800841369283,0.10615853168463348,0.08523533513760344
252_T1_R1_vs_R2,natural_variability,4,LUArm_to_LFArm_rz,LUArm_to_LFArm,rz,0.2853704391681469,0.04334570123028092,-0.242024737937866,0.10615853168463348,0.08523533513760344
252_T1_R1_vs_R2,natural_variability,4,Neck_to_Head_rx,Neck_to_Head,rx,0.017917465060491876,0.007181016315403177,-0.010736448745088698,0.10615853168463348,0.08523533513760344
252_T1_R1_vs_R2,natural_variability,4,Neck_to_Head_ry,Neck_to_Head,ry,0.0011825677040140413,0.012739708554291782,0.011557140850277741,0.10615853168463348,0.08523533513760344
252_T1_R1_vs_R2,natural_variability,4,Neck_to_Head_rz,Neck_to_Head,rz,0.0016621304827579362,0.0014027696798504434,-0.0002593608029074928,0.10615853168463348,0.08523533513760344
252_T1_R1_vs_R2,natural_variability,4,RFArm_to_RHand_rx,RFArm_to_RHand,rx,0.006903616347057583,0.0006046163904474689,-0.006298999956610114,0.10615853168463348,0.08523533513760344
252_T1_R1_vs_R2,natural_variability,4,RFArm_to_RHand_ry,RFArm_to_RHand,ry,0.005957153909777648,0.012005287750109906,0.0060481338403322584,0.10615853168463348,0.08523533513760344
252_T1_R1_vs_R2,natural_variability,4,RFArm_to_RHand_rz,RFArm_to_RHand,rz,0.03876907405021856,0.19837447873029354,0.15960540468007497,0.10615853168463348,0.08523533513760344
252_T1_R1_vs_R2,natural_variability,4,RShin_to_RFoot_rx,RShin_to_RFoot,rx,0.005117188412294108,0.006313893187352417,0.001196704775058309,0.10615853168463348,0.08523533513760344
252_T1_R1_vs_R2,natural_variability,4,RShin_to_RFoot_ry,RShin_to_RFoot,ry,0.011172660782739482,0.013790749929555373,0.0026180891468158916,0.10615853168463348,0.08523533513760344
252_T1_R1_vs_R2,natural_variability,4,RShin_to_RFoot_rz,RShin_to_RFoot,rz,0.003327876420665698,0.009346056237623414,0.006018179816957716,0.10615853168463348,0.08523533513760344
252_T1_R1_vs_R2,natural_variability,4,RShoulder_to_RUArm_rx,RShoulder_to_RUArm,rx,0.28082903882672405,0.047661305782871394,-0.23316773304385266,0.10615853168463348,0.08523533513760344
252_T1_R1_vs_R2,natural_variability,4,RShoulder_to_RUArm_ry,RShoulder_to_RUArm,ry,0.05380512547760424,0.0010597613517000616,-0.05274536412590418,0.10615853168463348,0.08523533513760344
252_T1_R1_vs_R2,natural_variability,4,RShoulder_to_RUArm_rz,RShoulder_to_RUArm,rz,0.060745239441570086,0.10267712927595353,0.041931889834383444,0.10615853168463348,0.08523533513760344
252_T1_R1_vs_R2,natural_variability,4,RThigh_to_RShin_rx,RThigh_to_RShin,rx,0.001132810897333441,0.027667065778708994,0.026534254881375553,0.10615853168463348,0.08523533513760344
252_T1_R1_vs_R2,natural_variability,4,RThigh_to_RShin_ry,RThigh_to_RShin,ry,4.062239901853684e-09,1.2758097775522886e-08,8.695857873669202e-09,0.10615853168463348,0.08523533513760344
252_T1_R1_vs_R2,natural_variability,4,RThigh_to_RShin_rz,RThigh_to_RShin,rz,7.64874129220847e-08,3.168550589159723e-08,-4.480190703048747e-08,0.10615853168463348,0.08523533513760344
252_T1_R1_vs_R2,natural_variability,4,RUArm_to_RFArm_rx,RUArm_to_RFArm,rx,0.22213555728818277,0.12368553726556386,-0.0984500200226189,0.10615853168463348,0.08523533513760344
252_T1_R1_vs_R2,natural_variability,4,RUArm_to_RFArm_ry,RUArm_to_RFArm,ry,0.4103338198567658,0.25521440627022507,-0.15511941358654074,0.10615853168463348,0.08523533513760344
252_T1_R1_vs_R2,natural_variability,4,RUArm_to_RFArm_rz,RUArm_to_RFArm,rz,0.06158784566665864,0.3260130307102131,0.26442518504355444,0.10615853168463348,0.08523533513760344
252_T1_R1_vs_R2,natural_variability,5,252_to_LThigh_rx,252_to_LThigh,rx,0.0272802878817986,0.032525382954827445,0.005245095073028845,0.09099322222506354,0.06345043058641178
252_T1_R1_vs_R2,natural_variability,5,252_to_LThigh_ry,252_to_LThigh,ry,0.01664555835746098,0.018832325863873435,0.0021867675064124563,0.09099322222506354,0.06345043058641178
252_T1_R1_vs_R2,natural_variability,5,252_to_LThigh_rz,252_to_LThigh,rz,0.025010393896833277,0.020727245225133317,-0.00428314867169996,0.09099322222506354,0.06345043058641178
252_T1_R1_vs_R2,natural_variability,5,252_to_RThigh_rx,252_to_RThigh,rx,0.020963375649593323,0.019002941350118097,-0.0019604342994752263,0.09099322222506354,0.06345043058641178
252_T1_R1_vs_R2,natural_variability,5,252_to_RThigh_ry,252_to_RThigh,ry,0.0001482860897265465,4.7104610460314665e-05,-0.00010118147926623184,0.09099322222506354,0.06345043058641178
252_T1_R1_vs_R2,natural_variability,5,252_to_RThigh_rz,252_to_RThigh,rz,0.02893687875265063,0.02525417552861995,-0.0036827032240306784,0.09099322222506354,0.06345043058641178
252_T1_R1_vs_R2,natural_variability,5,Chest_to_LShoulder_rx,Chest_to_LShoulder,rx,0.013249190231683531,0.003426559613321553,-0.009822630618361979,0.09099322222506354,0.06345043058641178
252_T1_R1_vs_R2,natural_variability,5,Chest_to_LShoulder_ry,Chest_to_LShoulder,ry,0.01964896809300973,0.013925377037874592,-0.00572359105513514,0.09099322222506354,0.06345043058641178
252_T1_R1_vs_R2,natural_variability,5,Chest_to_LShoulder_rz,Chest_to_LShoulder,rz,0.017907669358086478,0.004211217446245917,-0.013696451911840562,0.09099322222506354,0.06345043058641178
252_T1_R1_vs_R2,natural_variability,5,Chest_to_Neck_rx,Chest_to_Neck,rx,0.005118550329363416,0.003780412190450536,-0.0013381381389128803,0.09099322222506354,0.06345043058641178
252_T1_R1_vs_R2,natural_variability,5,Chest_to_Neck_ry,Chest_to_Neck,ry,0.014882343397080626,0.0014841113547329737,-0.013398232042347653,0.09099322222506354,0.06345043058641178
252_T1_R1_vs_R2,natural_variability,5,Chest_to_Neck_rz,Chest_to_Neck,rz,0.004237968282802227,0.002402737311063037,-0.0018352309717391897,0.09099322222506354,0.06345043058641178
252_T1_R1_vs_R2,natural_variability,5,Chest_to_RShoulder_rx,Chest_to_RShoulder,rx,0.010212633715832817,0.023392464744265186,0.013179831028432369,0.09099322222506354,0.06345043058641178
252_T1_R1_vs_R2,natural_variability,5,Chest_to_RShoulder_ry,Chest_to_RShoulder,ry,0.00642138074370963,0.0064700183681656274,4.863762445599714e-05,0.09099322222506354,0.06345043058641178
252_T1_R1_vs_R2,natural_variability,5,Chest_to_RShoulder_rz,Chest_to_RShoulder,rz,2.0932700859955787e-05,0.000942818060787106,0.0009218853599271503,0.09099322222506354,0.06345043058641178
252_T1_R1_vs_R2,natural_variability,5,LFArm_to_LHand_rx,LFArm_to_LHand,rx,0.03317577080459618,0.032889912851810456,-0.0002858579527857258,0.09099322222506354,0.06345043058641178
252_T1_R1_vs_R2,natural_variability,5,LFArm_to_LHand_ry,LFArm_to_LHand,ry,0.047703758530896784,0.08667114276655837,0.03896738423566158,0.09099322222506354,0.06345043058641178
252_T1_R1_vs_R2,natural_variability,5,LFArm_to_LHand_rz,LFArm_to_LHand,rz,0.42803325150020577,0.46000226880769646,0.03196901730749069,0.09099322222506354,0.06345043058641178
252_T1_R1_vs_R2,natural_variability,5,LShin_to_LFoot_rx,LShin_to_LFoot,rx,0.00036902473424644183,0.005132711885015801,0.004763687150769359,0.09099322222506354,0.06345043058641178
252_T1_R1_vs_R2,natural_variability,5,LShin_to_LFoot_ry,LShin_to_LFoot,ry,0.0008885840403353814,0.0008103525609589907,-7.823147937639069e-05,0.09099322222506354,0.06345043058641178
252_T1_R1_vs_R2,natural_variability,5,LShin_to_LFoot_rz,LShin_to_LFoot,rz,0.011585996488736105,0.00956710397674617,-0.0020188925119899344,0.09099322222506354,0.06345043058641178
252_T1_R1_vs_R2,natural_variability,5,LShoulder_to_LUArm_rx,LShoulder_to_LUArm,rx,0.15333372551589475,0.12972441868963772,-0.02360930682625703,0.09099322222506354,0.06345043058641178
252_T1_R1_vs_R2,natural_variability,5,LShoulder_to_LUArm_ry,LShoulder_to_LUArm,ry,0.08462861176048721,0.07741558108072413,-0.0072130306797630744,0.09099322222506354,0.06345043058641178
252_T1_R1_vs_R2,natural_variability,5,LShoulder_to_LUArm_rz,LShoulder_to_LUArm,rz,0.06028550183317734,0.06346448862357432,0.0031789867903969787,0.09099322222506354,0.06345043058641178
252_T1_R1_vs_R2,natural_variability,5,LThigh_to_LShin_rx,LThigh_to_LShin,rx,0.02976911151355535,0.043458025611420883,0.013688914097865535,0.09099322222506354,0.06345043058641178
252_T1_R1_vs_R2,natural_variability,5,LThigh_to_LShin_ry,LThigh_to_LShin,ry,3.241710353871653e-08,2.521882398816717e-08,-7.198279550549359e-09,0.09099322222506354,0.06345043058641178
252_T1_R1_vs_R2,natural_variability,5,LThigh_to_LShin_rz,LThigh_to_LShin,rz,2.495965430644819e-08,1.10414909564124e-08,-1.3918163350035791e-08,0.09099322222506354,0.06345043058641178
252_T1_R1_vs_R2,natural_variability,5,LUArm_to_LFArm_rx,LUArm_to_LFArm,rx,0.33420492696317355,0.26157574339469825,-0.07262918356847531,0.09099322222506354,0.06345043058641178
252_T1_R1_vs_R2,natural_variability,5,LUArm_to_LFArm_ry,LUArm_to_LFArm,ry,0.36957125460901413,0.014515030591940481,-0.35505622401707365,0.09099322222506354,0.06345043058641178
252_T1_R1_vs_R2,natural_variability,5,LUArm_to_LFArm_rz,LUArm_to_LFArm,rz,0.32070783118908847,0.34294408993273895,0.022236258743650483,0.09099322222506354,0.06345043058641178
252_T1_R1_vs_R2,natural_variability,5,Neck_to_Head_rx,Neck_to_Head,rx,0.005118653944864659,0.003792157684240496,-0.0013264962606241628,0.09099322222506354,0.06345043058641178
252_T1_R1_vs_R2,natural_variability,5,Neck_to_Head_ry,Neck_to_Head,ry,0.01536696310308267,0.0009983679710016836,-0.014368595132080986,0.09099322222506354,0.06345043058641178
252_T1_R1_vs_R2,natural_variability,5,Neck_to_Head_rz,Neck_to_Head,rz,0.0013379019738156215,0.002629162580078759,0.0012912606062631374,0.09099322222506354,0.06345043058641178
252_T1_R1_vs_R2,natural_variability,5,RFArm_to_RHand_rx,RFArm_to_RHand,rx,0.02020677204874787,0.040231420990146594,0.020024648941398722,0.09099322222506354,0.06345043058641178
252_T1_R1_vs_R2,natural_variability,5,RFArm_to_RHand_ry,RFArm_to_RHand,ry,0.08142449575651882,0.005066584035405233,-0.07635791172111359,0.09099322222506354,0.06345043058641178
252_T1_R1_vs_R2,natural_variability,5,RFArm_to_RHand_rz,RFArm_to_RHand,rz,0.26587050744605967,0.401162300792653,0.13529179334659336,0.09099322222506354,0.06345043058641178
252_T1_R1_vs_R2,natural_variability,5,RShin_to_RFoot_rx,RShin_to_RFoot,rx,0.022891095471846607,0.020311337460496095,-0.0025797580113505122,0.09099322222506354,0.06345043058641178
252_T1_R1_vs_R2,natural_variability,5,RShin_to_RFoot_ry,RShin_to_RFoot,ry,0.018155743440012966,0.018942713732154087,0.0007869702921411217,0.09099322222506354,0.06345043058641178
252_T1_R1_vs_R2,natural_variability,5,RShin_to_RFoot_rz,RShin_to_RFoot,rz,0.018269465656442514,0.016704262130270573,-0.0015652035261719405,0.09099322222506354,0.06345043058641178
252_T1_R1_vs_R2,natural_variability,5,RShoulder_to_RUArm_rx,RShoulder_to_RUArm,rx,0.16852221603185902,0.17194154816188267,0.0034193321300236557,0.09099322222506354,0.06345043058641178
252_T1_R1_vs_R2,natural_variability,5,RShoulder_to_RUArm_ry,RShoulder_to_RUArm,ry,0.06975119941586745,0.056171821927114056,-0.013579377488753396,0.09099322222506354,0.06345043058641178
252_T1_R1_vs_R2,natural_variability,5,RShoulder_to_RUArm_rz,RShoulder_to_RUArm,rz,0.07565351232354767,0.07545376240346013,-0.000199749920087533,0.09099322222506354,0.06345043058641178
252_T1_R1_vs_R2,natural_variability,5,RThigh_to_RShin_rx,RThigh_to_RShin,rx,0.06200663745916024,0.054469772091446024,-0.007536865367714217,0.09099322222506354,0.06345043058641178
252_T1_R1_vs_R2,natural_variability,5,RThigh_to_RShin_ry,RThigh_to_RShin,ry,2.2489476838632925e-08,1.279463968382786e-08,-9.694837154805064e-09,0.09099322222506354,0.06345043058641178
252_T1_R1_vs_R2,natural_variability,5,RThigh_to_RShin_rz,RThigh_to_RShin,rz,3.780673996078657e-08,1.9382116127286836e-08,-1.8424623833499733e-08,0.09099322222506354,0.06345043058641178
252_T1_R1_vs_R2,natural_variability,5,RUArm_to_RFArm_rx,RUArm_to_RFArm,rx,0.31007049238381457,0.009853257961180695,-0.30021723442263387,0.09099322222506354,0.06345043058641178
252_T1_R1_vs_R2,natural_variability,5,RUArm_to_RFArm_ry,RUArm_to_RFArm,ry,0.4386012900215952,0.533469523263173,0.09486823324157778,0.09099322222506354,0.06345043058641178
252_T1_R1_vs_R2,natural_variability,5,RUArm_to_RFArm_rz,RUArm_to_RFArm,rz,0.11050277973712834,0.2670460321033188,0.15654325236619043,0.09099322222506354,0.06345043058641178
