comparison_id,kind,pc,feature,link_id,axis,loading_A_abs,loading_B_reprojected_abs,jcvpca_axis,explained_variance_A,explained_variance_B_projected
671_T1_vs_T2,longitudinal,1,Chest_to_LShoulder_rx,Chest_to_LShoulder,rx,0.09658042721395772,0.052241175422643574,-0.04433925179131415,0.2531794579722155,0.2610718350940366
671_T1_vs_T2,longitudinal,1,Chest_to_LShoulder_ry,Chest_to_LShoulder,ry,0.00019834650505702416,0.025234399552668766,0.025036053047611743,0.2531794579722155,0.2610718350940366
671_T1_vs_T2,longitudinal,1,Chest_to_LShoulder_rz,Chest_to_LShoulder,rz,0.04445538249299069,0.020225639529353558,-0.024229742963637134,0.2531794579722155,0.2610718350940366
671_T1_vs_T2,longitudinal,1,Chest_to_Neck_rx,Chest_to_Neck,rx,0.003923037263349099,0.003943762704242764,2.0725440893664543e-05,0.2531794579722155,0.2610718350940366
671_T1_vs_T2,longitudinal,1,Chest_to_Neck_ry,Chest_to_Neck,ry,0.0012292062680401728,0.013149283689067755,0.011920077421027582,0.2531794579722155,0.2610718350940366
671_T1_vs_T2,longitudinal,1,Chest_to_Neck_rz,Chest_to_Neck,rz,0.0027561819152774063,0.0418597557971341,0.039103573881856694,0.2531794579722155,0.2610718350940366
671_T1_vs_T2,longitudinal,1,Chest_to_RShoulder_rx,Chest_to_RShoulder,rx,0.013758156239935452,0.14681429961664694,0.13305614337671148,0.2531794579722155,0.2610718350940366
671_T1_vs_T2,longitudinal,1,Chest_to_RShoulder_ry,Chest_to_RShoulder,ry,0.012475778819919387,0.023087239461661593,0.010611460641742206,0.2531794579722155,0.2610718350940366
671_T1_vs_T2,longitudinal,1,Chest_to_RShoulder_rz,Chest_to_RShoulder,rz,0.0020190381112493204,0.0486978616869921,0.046678823575742774,0.2531794579722155,0.2610718350940366
671_T1_vs_T2,longitudinal,1,LFArm_to_LHand_rx,LFArm_to_LHand,rx,0.24352247697369925,0.034097021565414734,-0.2094254554082845,0.2531794579722155,0.2610718350940366
671_T1_vs_T2,longitudinal,1,LFArm_to_LHand_ry,LFArm_to_LHand,ry,0.02180250170511284,0.016713011942458667,-0.005089489762654175,0.2531794579722155,0.2610718350940366
671_T1_vs_T2,longitudinal,1,LFArm_to_LHand_rz,LFArm_to_LHand,rz,0.3593924307180759,0.11761275063708042,-0.24177968008099548,0.2531794579722155,0.2610718350940366
671_T1_vs_T2,longitudinal,1,LShin_to_LFoot_rx,LShin_to_LFoot,rx,0.013296562266103972,0.058809035026676636,0.045512472760572666,0.2531794579722155,0.2610718350940366
671_T1_vs_T2,longitudinal,1,LShin_to_LFoot_ry,LShin_to_LFoot,ry,0.010037412312031112,0.07728122769602548,0.06724381538399438,0.2531794579722155,0.2610718350940366
671_T1_vs_T2,longitudinal,1,LShin_to_LFoot_rz,LShin_to_LFoot,rz,0.05850371604250359,0.05644472292421623,-0.002058993118287361,0.2531794579722155,0.2610718350940366
671_T1_vs_T2,longitudinal,1,LShoulder_to_LUArm_rx,LShoulder_to_LUArm,rx,0.24370255325027085,0.11479372505470806,-0.1289088281955628,0.2531794579722155,0.2610718350940366
671_T1_vs_T2,longitudinal,1,LShoulder_to_LUArm_ry,LShoulder_to_LUArm,ry,0.12683701892032997,0.20659435410675484,0.07975733518642486,0.2531794579722155,0.2610718350940366
671_T1_vs_T2,longitudinal,1,LShoulder_to_LUArm_rz,LShoulder_to_LUArm,rz,0.15483237505860534,0.0927647072446626,-0.06206766781394274,0.2531794579722155,0.2610718350940366
671_T1_vs_T2,longitudinal,1,LThigh_to_LShin_rx,LThigh_to_LShin,rx,0.14647438267485435,0.35515823909556515,0.2086838564207108,0.2531794579722155,0.2610718350940366
671_T1_vs_T2,longitudinal,1,LThigh_to_LShin_ry,LThigh_to_LShin,ry,6.677816121493015e-09,2.8795617035307134e-09,-3.798254417962302e-09,0.2531794579722155,0.2610718350940366
671_T1_vs_T2,longitudinal,1,LThigh_to_LShin_rz,LThigh_to_LShin,rz,4.039467179996745e-09,9.542490966733074e-09,5.503023786736328e-09,0.2531794579722155,0.2610718350940366
671_T1_vs_T2,longitudinal,1,LUArm_to_LFArm_rx,LUArm_to_LFArm,rx,0.16066315486162389,0.1321505219634769,-0.028512632898146983,0.2531794579722155,0.2610718350940366
671_T1_vs_T2,longitudinal,1,LUArm_to_LFArm_ry,LUArm_to_LFArm,ry,0.6127610186339372,0.00917509483474431,-0.6035859237991928,0.2531794579722155,0.2610718350940366
671_T1_vs_T2,longitudinal,1,LUArm_to_LFArm_rz,LUArm_to_LFArm,rz,0.17404231913551882,0.0536016067934206,-0.12044071234209822,0.2531794579722155,0.2610718350940366
671_T1_vs_T2,longitudinal,1,Neck_to_Head_rx,Neck_to_Head,rx,0.00392304350808982,0.003943780305703972,2.0736797614151307e-05,0.2531794579722155,0.2610718350940366
671_T1_vs_T2,longitudinal,1,Neck_to_Head_ry,Neck_to_Head,ry,0.0012292204644437372,0.01314930351902145,0.011920083054577714,0.2531794579722155,0.2610718350940366
671_T1_vs_T2,longitudinal,1,Neck_to_Head_rz,Neck_to_Head,rz,0.0027561809369000432,0.04185976196300513,0.03910358102610509,0.2531794579722155,0.2610718350940366
671_T1_vs_T2,longitudinal,1,RFArm_to_RHand_rx,RFArm_to_RHand,rx,0.16675202539768139,0.15116695708187572,-0.015585068315805667,0.2531794579722155,0.2610718350940366
671_T1_vs_T2,longitudinal,1,RFArm_to_RHand_ry,RFArm_to_RHand,ry,0.04060487382247733,0.11567477809097636,0.07506990426849902,0.2531794579722155,0.2610718350940366
671_T1_vs_T2,longitudinal,1,RFArm_to_RHand_rz,RFArm_to_RHand,rz,0.28707324720472965,0.5105532865001877,0.22348003929545807,0.2531794579722155,0.2610718350940366
671_T1_vs_T2,longitudinal,1,RShin_to_RFoot_rx,RShin_to_RFoot,rx,0.028005724318360382,0.13999947938042473,0.11199375506206435,0.2531794579722155,0.2610718350940366
671_T1_vs_T2,longitudinal,1,RShin_to_RFoot_ry,RShin_to_RFoot,ry,0.0367318105184521,0.03076566108447321,-0.005966149433978888,0.2531794579722155,0.2610718350940366
671_T1_vs_T2,longitudinal,1,RShin_to_RFoot_rz,RShin_to_RFoot,rz,0.030522244475177603,0.06925787864114187,0.03873563416596427,0.2531794579722155,0.2610718350940366
671_T1_vs_T2,longitudinal,1,RShoulder_to_RUArm_rx,RShoulder_to_RUArm,rx,0.05619996315406895,0.3931495236310344,0.33694956047696545,0.2531794579722155,0.2610718350940366
671_T1_vs_T2,longitudinal,1,RShoulder_to_RUArm_ry,RShoulder_to_RUArm,ry,0.03914232923650506,0.06662958072222568,0.027487251485720614,0.2531794579722155,0.2610718350940366
671_T1_vs_T2,longitudinal,1,RShoulder_to_RUArm_rz,RShoulder_to_RUArm,rz,0.02924465946484188,0.20861406910310767,0.1793694096382658,0.2531794579722155,0.2610718350940366
671_T1_vs_T2,longitudinal,1,RThigh_to_RShin_rx,RThigh_to_RShin,rx,0.10409888835318032,0.04376341725479114,-0.06033547109838918,0.2531794579722155,0.2610718350940366
671_T1_vs_T2,longitudinal,1,RThigh_to_RShin_ry,RThigh_to_RShin,ry,2.855762290124435e-09,1.1003219575325965e-08,8.147457285201529e-09,0.2531794579722155,0.2610718350940366
671_T1_vs_T2,longitudinal,1,RThigh_to_RShin_rz,RThigh_to_RShin,rz,3.1468551157633805e-09,1.1069587793055718e-08,7.922732677292337e-09,0.2531794579722155,0.2610718350940366
671_T1_vs_T2,longitudinal,1,RUArm_to_RFArm_rx,RUArm_to_RFArm,rx,0.005370618710005668,0.3266718921689678,0.32130127345896214,0.2531794579722155,0.2610718350940366
671_T1_vs_T2,longitudinal,1,RUArm_to_RFArm_ry,RUArm_to_RFArm,ry,0.3343023997875021,0.23758098581407366,-0.09672141397342843,0.2531794579722155,0.2610718350940366
671_T1_vs_T2,longitudinal,1,RUArm_to_RFArm_rz,RUArm_to_RFArm,rz,0.008358235421606689,0.1978139467692702,0.1894557113476635,0.2531794579722155,0.2610718350940366
671_T1_vs_T2,longitudinal,2,Chest_to_LShoulder_rx,Chest_to_LShoulder,rx,0.001705315021937534,0.10753405927569594,0.1058287442537584,0.17130378636891014,0.21898490253813493
671_T1_vs_T2,longitudinal,2,Chest_to_LShoulder_ry,Chest_to_LShoulder,ry,0.009221257830241773,0.0074526936126204976,-0.0017685642176212754,0.17130378636891014,0.21898490253813493
671_T1_vs_T2,longitudinal,2,Chest_to_LShoulder_rz,Chest_to_LShoulder,rz,0.04100531941974116,0.04184447924919922,0.0008391598294580638,0.17130378636891014,0.21898490253813493
671_T1_vs_T2,longitudinal,2,Chest_to_Neck_rx,Chest_to_Neck,rx,0.018104114254471913,0.00019664719875506247,-0.01790746705571685,0.17130378636891014,0.21898490253813493
671_T1_vs_T2,longitudinal,2,Chest_to_Neck_ry,Chest_to_Neck,ry,0.03519318713544372,0.019262425239983522,-0.015930761895460197,0.17130378636891014,0.21898490253813493
671_T1_vs_T2,longitudinal,2,Chest_to_Neck_rz,Chest_to_Neck,rz,0.0590079431246789,0.022530530471593688,-0.03647741265308521,0.17130378636891014,0.21898490253813493
671_T1_vs_T2,longitudinal,2,Chest_to_RShoulder_rx,Chest_to_RShoulder,rx,0.11270003938242687,0.056289776791969594,-0.056410262590457276,0.17130378636891014,0.21898490253813493
671_T1_vs_T2,longitudinal,2,Chest_to_RShoulder_ry,Chest_to_RShoulder,ry,0.027667197860930776,0.02492086452889725,-0.0027463333320335258,0.17130378636891014,0.21898490253813493
671_T1_vs_T2,longitudinal,2,Chest_to_RShoulder_rz,Chest_to_RShoulder,rz,0.003010595310211384,0.001932271977104757,-0.0010783233331066269,0.17130378636891014,0.21898490253813493
671_T1_vs_T2,longitudinal,2,LFArm_to_LHand_rx,LFArm_to_LHand,rx,0.016340812176013148,0.31524799183187213,0.298907179655859,0.17130378636891014,0.21898490253813493
671_T1_vs_T2,longitudinal,2,LFArm_to_LHand_ry,LFArm_to_LHand,ry,0.02990805113659642,0.06368667836969269,0.03377862723309627,0.17130378636891014,0.21898490253813493
671_T1_vs_T2,longitudinal,2,LFArm_to_LHand_rz,LFArm_to_LHand,rz,0.01411065812821375,0.4008689284003672,0.3867582702721534,0.17130378636891014,0.21898490253813493
671_T1_vs_T2,longitudinal,2,LShin_to_LFoot_rx,LShin_to_LFoot,rx,0.09762362194522897,0.09952128358770715,0.0018976616424781767,0.17130378636891014,0.21898490253813493
671_T1_vs_T2,longitudinal,2,LShin_to_LFoot_ry,LShin_to_LFoot,ry,0.036616929707971084,0.07471470336868444,0.038097773660713354,0.17130378636891014,0.21898490253813493
671_T1_vs_T2,longitudinal,2,LShin_to_LFoot_rz,LShin_to_LFoot,rz,0.10876281605511054,0.0004514856654288618,-0.10831133038968167,0.17130378636891014,0.21898490253813493
671_T1_vs_T2,longitudinal,2,LShoulder_to_LUArm_rx,LShoulder_to_LUArm,rx,0.021324460044531535,0.28103275860083504,0.2597082985563035,0.17130378636891014,0.21898490253813493
671_T1_vs_T2,longitudinal,2,LShoulder_to_LUArm_ry,LShoulder_to_LUArm,ry,0.05761529765762393,0.12430661584052238,0.06669131818289845,0.17130378636891014,0.21898490253813493
671_T1_vs_T2,longitudinal,2,LShoulder_to_LUArm_rz,LShoulder_to_LUArm,rz,0.05126112177146704,0.20901458985277308,0.15775346808130603,0.17130378636891014,0.21898490253813493
671_T1_vs_T2,longitudinal,2,LThigh_to_LShin_rx,LThigh_to_LShin,rx,0.4509984672452054,0.06663763126232194,-0.3843608359828835,0.17130378636891014,0.21898490253813493
671_T1_vs_T2,longitudinal,2,LThigh_to_LShin_ry,LThigh_to_LShin,ry,3.0691293617172246e-09,3.991816169878705e-09,9.226868081614801e-10,0.17130378636891014,0.21898490253813493
671_T1_vs_T2,longitudinal,2,LThigh_to_LShin_rz,LThigh_to_LShin,rz,6.428249270110584e-09,5.4217156776967085e-09,-1.0065335924138759e-09,0.17130378636891014,0.21898490253813493
671_T1_vs_T2,longitudinal,2,LUArm_to_LFArm_rx,LUArm_to_LFArm,rx,0.13855113703922928,0.030862447139556114,-0.10768868989967316,0.17130378636891014,0.21898490253813493
671_T1_vs_T2,longitudinal,2,LUArm_to_LFArm_ry,LUArm_to_LFArm,ry,0.3180937648511706,0.3658593495514879,0.04776558470031733,0.17130378636891014,0.21898490253813493
671_T1_vs_T2,longitudinal,2,LUArm_to_LFArm_rz,LUArm_to_LFArm,rz,0.10108112645029078,0.08606481007653966,-0.015016316373751129,0.17130378636891014,0.21898490253813493
671_T1_vs_T2,longitudinal,2,Neck_to_Head_rx,Neck_to_Head,rx,0.0181041122153705,0.00019666467846198095,-0.01790744753690852,0.17130378636891014,0.21898490253813493
671_T1_vs_T2,longitudinal,2,Neck_to_Head_ry,Neck_to_Head,ry,0.03519320385402889,0.01926243832031236,-0.01593076553371653,0.17130378636891014,0.21898490253813493
671_T1_vs_T2,longitudinal,2,Neck_to_Head_rz,Neck_to_Head,rz,0.059007915322252115,0.022530492581882285,-0.03647742274036983,0.17130378636891014,0.21898490253813493
671_T1_vs_T2,longitudinal,2,RFArm_to_RHand_rx,RFArm_to_RHand,rx,0.18010830696117094,0.05326258945961707,-0.12684571750155388,0.17130378636891014,0.21898490253813493
671_T1_vs_T2,longitudinal,2,RFArm_to_RHand_ry,RFArm_to_RHand,ry,0.0223318495389443,0.06271247039385251,0.04038062085490821,0.17130378636891014,0.21898490253813493
671_T1_vs_T2,longitudinal,2,RFArm_to_RHand_rz,RFArm_to_RHand,rz,0.5350252896479868,0.10469798384145286,-0.43032730580653394,0.17130378636891014,0.21898490253813493
671_T1_vs_T2,longitudinal,2,RShin_to_RFoot_rx,RShin_to_RFoot,rx,0.19118226323175785,0.09697684575863318,-0.09420541747312468,0.17130378636891014,0.21898490253813493
671_T1_vs_T2,longitudinal,2,RShin_to_RFoot_ry,RShin_to_RFoot,ry,0.053550446070665086,0.012022012736232414,-0.04152843333443267,0.17130378636891014,0.21898490253813493
671_T1_vs_T2,longitudinal,2,RShin_to_RFoot_rz,RShin_to_RFoot,rz,0.14357361630548285,0.16522890468684892,0.021655288381366072,0.17130378636891014,0.21898490253813493
671_T1_vs_T2,longitudinal,2,RShoulder_to_RUArm_rx,RShoulder_to_RUArm,rx,0.3213476200591753,0.13489812976058482,-0.18644949029859045,0.17130378636891014,0.21898490253813493
671_T1_vs_T2,longitudinal,2,RShoulder_to_RUArm_ry,RShoulder_to_RUArm,ry,0.025836526475091118,0.00771682099879379,-0.018119705476297328,0.17130378636891014,0.21898490253813493
671_T1_vs_T2,longitudinal,2,RShoulder_to_RUArm_rz,RShoulder_to_RUArm,rz,0.09408254076865591,0.04676756610170825,-0.04731497466694766,0.17130378636891014,0.21898490253813493
671_T1_vs_T2,longitudinal,2,RThigh_to_RShin_rx,RThigh_to_RShin,rx,0.29550675075404886,0.37733182223191225,0.08182507147786339,0.17130378636891014,0.21898490253813493
671_T1_vs_T2,longitudinal,2,RThigh_to_RShin_ry,RThigh_to_RShin,ry,7.663942551815134e-09,2.0410158526227695e-08,1.274621597441256e-08,0.17130378636891014,0.21898490253813493
671_T1_vs_T2,longitudinal,2,RThigh_to_RShin_rz,RThigh_to_RShin,rz,2.2829506639598262e-08,1.496147309925127e-09,-2.1333359329673136e-08,0.17130378636891014,0.21898490253813493
671_T1_vs_T2,longitudinal,2,RUArm_to_RFArm_rx,RUArm_to_RFArm,rx,0.13659462036966583,0.11223244891485933,-0.0243621714548065,0.17130378636891014,0.21898490253813493
671_T1_vs_T2,longitudinal,2,RUArm_to_RFArm_ry,RUArm_to_RFArm,ry,0.06557157516392995,0.4256853342198629,0.3601137590559329,0.17130378636891014,0.21898490253813493
671_T1_vs_T2,longitudinal,2,RUArm_to_RFArm_rz,RUArm_to_RFArm,rz,0.0889456577056116,0.07401594915453226,-0.014929708551079335,0.17130378636891014,0.21898490253813493
671_T1_vs_T2,longitudinal,3,Chest_to_LShoulder_rx,Chest_to_LShoulder,rx,0.021180682525192698,0.05065103683201399,0.02947035430682129,0.14648023719056846,0.18883221381074142
671_T1_vs_T2,longitudinal,3,Chest_to_LShoulder_ry,Chest_to_LShoulder,ry,0.004662834365474457,0.010519982559507774,0.005857148194033317,0.14648023719056846,0.18883221381074142
671_T1_vs_T2,longitudinal,3,Chest_to_LShoulder_rz,Chest_to_LShoulder,rz,0.01267771699797562,0.00572115537898974,-0.006956561618985879,0.14648023719056846,0.18883221381074142
671_T1_vs_T2,longitudinal,3,Chest_to_Neck_rx,Chest_to_Neck,rx,0.032015231316673845,0.03888803587301436,0.006872804556340512,0.14648023719056846,0.18883221381074142
671_T1_vs_T2,longitudinal,3,Chest_to_Neck_ry,Chest_to_Neck,ry,0.026876592641481647,0.03963901123849643,0.012762418597014786,0.14648023719056846,0.18883221381074142
671_T1_vs_T2,longitudinal,3,Chest_to_Neck_rz,Chest_to_Neck,rz,0.003638104922112065,0.010691865595314843,0.0070537606732027774,0.14648023719056846,0.18883221381074142
671_T1_vs_T2,longitudinal,3,Chest_to_RShoulder_rx,Chest_to_RShoulder,rx,0.031289445451494216,0.06054722727402305,0.029257781822528833,0.14648023719056846,0.18883221381074142
671_T1_vs_T2,longitudinal,3,Chest_to_RShoulder_ry,Chest_to_RShoulder,ry,0.021567268372990906,0.018186027733259825,-0.0033812406397310812,0.14648023719056846,0.18883221381074142
671_T1_vs_T2,longitudinal,3,Chest_to_RShoulder_rz,Chest_to_RShoulder,rz,0.08193253664098468,0.018965666797337723,-0.06296686984364697,0.14648023719056846,0.18883221381074142
671_T1_vs_T2,longitudinal,3,LFArm_to_LHand_rx,LFArm_to_LHand,rx,0.020187440356733668,0.12581361938888824,0.10562617903215457,0.14648023719056846,0.18883221381074142
671_T1_vs_T2,longitudinal,3,LFArm_to_LHand_ry,LFArm_to_LHand,ry,0.050042681014789925,0.019763100705526723,-0.030279580309263202,0.14648023719056846,0.18883221381074142
671_T1_vs_T2,longitudinal,3,LFArm_to_LHand_rz,LFArm_to_LHand,rz,0.004497803149040563,0.2195374170286539,0.21503961387961334,0.14648023719056846,0.18883221381074142
671_T1_vs_T2,longitudinal,3,LShin_to_LFoot_rx,LShin_to_LFoot,rx,0.10977858654533874,0.10499637712552497,-0.0047822094198137766,0.14648023719056846,0.18883221381074142
671_T1_vs_T2,longitudinal,3,LShin_to_LFoot_ry,LShin_to_LFoot,ry,0.12592262637195295,0.006762247974246492,-0.11916037839770646,0.14648023719056846,0.18883221381074142
671_T1_vs_T2,longitudinal,3,LShin_to_LFoot_rz,LShin_to_LFoot,rz,0.16167943767659268,0.19668499661292568,0.035005558936333,0.14648023719056846,0.18883221381074142
671_T1_vs_T2,longitudinal,3,LShoulder_to_LUArm_rx,LShoulder_to_LUArm,rx,0.016340050100183776,0.14497665378127775,0.12863660368109398,0.14648023719056846,0.18883221381074142
671_T1_vs_T2,longitudinal,3,LShoulder_to_LUArm_ry,LShoulder_to_LUArm,ry,0.0697015707156693,0.10843211420856298,0.038730543492893676,0.14648023719056846,0.18883221381074142
671_T1_vs_T2,longitudinal,3,LShoulder_to_LUArm_rz,LShoulder_to_LUArm,rz,0.04801504899408492,0.022178209430481773,-0.02583683956360315,0.14648023719056846,0.18883221381074142
671_T1_vs_T2,longitudinal,3,LThigh_to_LShin_rx,LThigh_to_LShin,rx,0.5784836174870932,0.4913746013355232,-0.08710901615157002,0.14648023719056846,0.18883221381074142
671_T1_vs_T2,longitudinal,3,LThigh_to_LShin_ry,LThigh_to_LShin,ry,6.840513618391012e-09,2.224872683284565e-08,1.5408213214454637e-08,0.14648023719056846,0.18883221381074142
671_T1_vs_T2,longitudinal,3,LThigh_to_LShin_rz,LThigh_to_LShin,rz,7.1287612500387796e-09,1.1514866693500048e-08,4.386105443461268e-09,0.14648023719056846,0.18883221381074142
671_T1_vs_T2,longitudinal,3,LUArm_to_LFArm_rx,LUArm_to_LFArm,rx,0.18549214902015368,0.038858001313462856,-0.1466341477066908,0.14648023719056846,0.18883221381074142
671_T1_vs_T2,longitudinal,3,LUArm_to_LFArm_ry,LUArm_to_LFArm,ry,0.20475859337478886,0.2605626230939078,0.055804029719118964,0.14648023719056846,0.18883221381074142
671_T1_vs_T2,longitudinal,3,LUArm_to_LFArm_rz,LUArm_to_LFArm,rz,0.12199719522640906,0.02734637973825876,-0.0946508154881503,0.14648023719056846,0.18883221381074142
671_T1_vs_T2,longitudinal,3,Neck_to_Head_rx,Neck_to_Head,rx,0.03201519566244409,0.03888798192408164,0.006872786261637551,0.14648023719056846,0.18883221381074142
671_T1_vs_T2,longitudinal,3,Neck_to_Head_ry,Neck_to_Head,ry,0.026876598404881137,0.03963901961814613,0.012762421213264992,0.14648023719056846,0.18883221381074142
671_T1_vs_T2,longitudinal,3,Neck_to_Head_rz,Neck_to_Head,rz,0.0036380672338693965,0.010691769851267595,0.007053702617398199,0.14648023719056846,0.18883221381074142
671_T1_vs_T2,longitudinal,3,RFArm_to_RHand_rx,RFArm_to_RHand,rx,0.2199993307231334,0.0747025345998522,-0.14529679612328122,0.14648023719056846,0.18883221381074142
671_T1_vs_T2,longitudinal,3,RFArm_to_RHand_ry,RFArm_to_RHand,ry,0.05506108247076812,0.02983198519223111,-0.025229097278537012,0.14648023719056846,0.18883221381074142
671_T1_vs_T2,longitudinal,3,RFArm_to_RHand_rz,RFArm_to_RHand,rz,0.4875055252768723,0.26564207570794807,-0.22186344956892423,0.14648023719056846,0.18883221381074142
671_T1_vs_T2,longitudinal,3,RShin_to_RFoot_rx,RShin_to_RFoot,rx,0.20060373009223373,0.12941777996126444,-0.07118595013096929,0.14648023719056846,0.18883221381074142
671_T1_vs_T2,longitudinal,3,RShin_to_RFoot_ry,RShin_to_RFoot,ry,0.02479560228492385,0.10575352369403679,0.08095792140911294,0.14648023719056846,0.18883221381074142
671_T1_vs_T2,longitudinal,3,RShin_to_RFoot_rz,RShin_to_RFoot,rz,0.18587051947210373,0.21617428744885767,0.030303767976753937,0.14648023719056846,0.18883221381074142
671_T1_vs_T2,longitudinal,3,RShoulder_to_RUArm_rx,RShoulder_to_RUArm,rx,0.14187493740017493,0.21768171060838085,0.07580677320820592,0.14648023719056846,0.18883221381074142
671_T1_vs_T2,longitudinal,3,RShoulder_to_RUArm_ry,RShoulder_to_RUArm,ry,0.11741301394873765,0.09259804176037063,-0.02481497218836702,0.14648023719056846,0.18883221381074142
671_T1_vs_T2,longitudinal,3,RShoulder_to_RUArm_rz,RShoulder_to_RUArm,rz,0.07095607441968484,0.05481846143308592,-0.016137612986598916,0.14648023719056846,0.18883221381074142
671_T1_vs_T2,longitudinal,3,RThigh_to_RShin_rx,RThigh_to_RShin,rx,0.17661154762956166,0.5563262689296852,0.3797147213001235,0.14648023719056846,0.18883221381074142
671_T1_vs_T2,longitudinal,3,RThigh_to_RShin_ry,RThigh_to_RShin,ry,1.019064928759159e-09,2.0172697857740953e-08,1.9153632928981793e-08,0.14648023719056846,0.18883221381074142
671_T1_vs_T2,longitudinal,3,RThigh_to_RShin_rz,RThigh_to_RShin,rz,3.191806312354919e-08,1.804406188989041e-08,-1.387400123365878e-08,0.14648023719056846,0.18883221381074142
671_T1_vs_T2,longitudinal,3,RUArm_to_RFArm_rx,RUArm_to_RFArm,rx,0.10012875636004474,0.05479258508266156,-0.04533617127738318,0.14648023719056846,0.18883221381074142
671_T1_vs_T2,longitudinal,3,RUArm_to_RFArm_ry,RUArm_to_RFArm,ry,0.22215934783819943,0.06564573574963085,-0.15651361208856857,0.14648023719056846,0.18883221381074142
671_T1_vs_T2,longitudinal,3,RUArm_to_RFArm_rz,RUArm_to_RFArm,rz,0.05831738945551269,0.0049918016923808095,-0.05332558776313188,0.14648023719056846,0.18883221381074142
671_T1_vs_T2,longitudinal,4,Chest_to_LShoulder_rx,Chest_to_LShoulder,rx,0.060747747690636435,0.1013792144606002,0.04063146676996377,0.10505857542136496,0.13687956300460954
671_T1_vs_T2,longitudinal,4,Chest_to_LShoulder_ry,Chest_to_LShoulder,ry,0.007399789031917347,0.01812110891226457,0.010721319880347222,0.10505857542136496,0.13687956300460954
671_T1_vs_T2,longitudinal,4,Chest_to_LShoulder_rz,Chest_to_LShoulder,rz,0.01731882007495101,0.019703913465250886,0.002385093390299877,0.10505857542136496,0.13687956300460954
671_T1_vs_T2,longitudinal,4,Chest_to_Neck_rx,Chest_to_Neck,rx,0.03309638410701515,0.02814282891786567,-0.004953555189149483,0.10505857542136496,0.13687956300460954
671_T1_vs_T2,longitudinal,4,Chest_to_Neck_ry,Chest_to_Neck,ry,0.02058021221380276,0.02688680232608374,0.0063065901122809805,0.10505857542136496,0.13687956300460954
671_T1_vs_T2,longitudinal,4,Chest_to_Neck_rz,Chest_to_Neck,rz,0.013122089607933724,0.005276865725159839,-0.007845223882773885,0.10505857542136496,0.13687956300460954
671_T1_vs_T2,longitudinal,4,Chest_to_RShoulder_rx,Chest_to_RShoulder,rx,0.039473268090476216,0.008433754712280764,-0.031039513378195452,0.10505857542136496,0.13687956300460954
671_T1_vs_T2,longitudinal,4,Chest_to_RShoulder_ry,Chest_to_RShoulder,ry,0.016699219351047546,0.0077981832452917,-0.008901036105755846,0.10505857542136496,0.13687956300460954
671_T1_vs_T2,longitudinal,4,Chest_to_RShoulder_rz,Chest_to_RShoulder,rz,0.04664962300633305,0.034403594937998466,-0.012246028068334587,0.10505857542136496,0.13687956300460954
671_T1_vs_T2,longitudinal,4,LFArm_to_LHand_rx,LFArm_to_LHand,rx,0.1536074501346681,0.2321817900799315,0.07857433994526342,0.10505857542136496,0.13687956300460954
671_T1_vs_T2,longitudinal,4,LFArm_to_LHand_ry,LFArm_to_LHand,ry,0.010823079813996696,0.023307274970924625,0.012484195156927929,0.10505857542136496,0.13687956300460954
671_T1_vs_T2,longitudinal,4,LFArm_to_LHand_rz,LFArm_to_LHand,rz,0.3124601633744085,0.4393192665148294,0.12685910314042087,0.10505857542136496,0.13687956300460954
671_T1_vs_T2,longitudinal,4,LShin_to_LFoot_rx,LShin_to_LFoot,rx,0.06460697105520369,0.014171318806939621,-0.050435652248264067,0.10505857542136496,0.13687956300460954
671_T1_vs_T2,longitudinal,4,LShin_to_LFoot_ry,LShin_to_LFoot,ry,0.023386126886128056,0.057695898680843294,0.03430977179471524,0.10505857542136496,0.13687956300460954
671_T1_vs_T2,longitudinal,4,LShin_to_LFoot_rz,LShin_to_LFoot,rz,0.02205184807652193,0.0077683601709235975,-0.014283487905598333,0.10505857542136496,0.13687956300460954
671_T1_vs_T2,longitudinal,4,LShoulder_to_LUArm_rx,LShoulder_to_LUArm,rx,0.17544248913412047,0.28992011083656094,0.11447762170244047,0.10505857542136496,0.13687956300460954
671_T1_vs_T2,longitudinal,4,LShoulder_to_LUArm_ry,LShoulder_to_LUArm,ry,0.07484525935730324,0.04579001302620128,-0.029055246331101958,0.10505857542136496,0.13687956300460954
671_T1_vs_T2,longitudinal,4,LShoulder_to_LUArm_rz,LShoulder_to_LUArm,rz,0.04067451678201203,0.1174269561220416,0.07675243934002957,0.10505857542136496,0.13687956300460954
671_T1_vs_T2,longitudinal,4,LThigh_to_LShin_rx,LThigh_to_LShin,rx,0.18306589708244309,0.18273643270639064,-0.0003294643760524407,0.10505857542136496,0.13687956300460954
671_T1_vs_T2,longitudinal,4,LThigh_to_LShin_ry,LThigh_to_LShin,ry,2.146079691861191e-08,4.671587627378212e-09,-1.67892092912337e-08,0.10505857542136496,0.13687956300460954
671_T1_vs_T2,longitudinal,4,LThigh_to_LShin_rz,LThigh_to_LShin,rz,2.6484924666600087e-08,2.2201690751466772e-08,-4.283233915133315e-09,0.10505857542136496,0.13687956300460954
671_T1_vs_T2,longitudinal,4,LUArm_to_LFArm_rx,LUArm_to_LFArm,rx,0.08927762781450518,0.2037810192776565,0.1145033914631513,0.10505857542136496,0.13687956300460954
671_T1_vs_T2,longitudinal,4,LUArm_to_LFArm_ry,LUArm_to_LFArm,ry,0.13045856815768025,0.1988604193857486,0.06840185122806836,0.10505857542136496,0.13687956300460954
671_T1_vs_T2,longitudinal,4,LUArm_to_LFArm_rz,LUArm_to_LFArm,rz,0.004794228484675302,0.09912119108119588,0.09432696259652058,0.10505857542136496,0.13687956300460954
671_T1_vs_T2,longitudinal,4,Neck_to_Head_rx,Neck_to_Head,rx,0.03309637380774615,0.028142814401913567,-0.004953559405832586,0.10505857542136496,0.13687956300460954
671_T1_vs_T2,longitudinal,4,Neck_to_Head_ry,Neck_to_Head,ry,0.020580207823704812,0.026886807036401547,0.006306599212696735,0.10505857542136496,0.13687956300460954
671_T1_vs_T2,longitudinal,4,Neck_to_Head_rz,Neck_to_Head,rz,0.013122124983459448,0.005276845873943197,-0.00784527910951625,0.10505857542136496,0.13687956300460954
671_T1_vs_T2,longitudinal,4,RFArm_to_RHand_rx,RFArm_to_RHand,rx,0.034087060213699796,0.06869916525657847,0.03461210504287868,0.10505857542136496,0.13687956300460954
671_T1_vs_T2,longitudinal,4,RFArm_to_RHand_ry,RFArm_to_RHand,ry,0.08210502234673175,0.023547806101546432,-0.058557216245185326,0.10505857542136496,0.13687956300460954
671_T1_vs_T2,longitudinal,4,RFArm_to_RHand_rz,RFArm_to_RHand,rz,0.15645514762194465,0.26254646399471954,0.10609131637277489,0.10505857542136496,0.13687956300460954
671_T1_vs_T2,longitudinal,4,RShin_to_RFoot_rx,RShin_to_RFoot,rx,0.030574737423181692,0.0022109848156881906,-0.028363752607493502,0.10505857542136496,0.13687956300460954
671_T1_vs_T2,longitudinal,4,RShin_to_RFoot_ry,RShin_to_RFoot,ry,0.045436356215752434,0.06803391143575052,0.022597555219998088,0.10505857542136496,0.13687956300460954
671_T1_vs_T2,longitudinal,4,RShin_to_RFoot_rz,RShin_to_RFoot,rz,0.026505037142740145,0.07332760329588577,0.04682256615314562,0.10505857542136496,0.13687956300460954
671_T1_vs_T2,longitudinal,4,RShoulder_to_RUArm_rx,RShoulder_to_RUArm,rx,0.05556702049545984,0.06880519294719742,0.013238172451737577,0.10505857542136496,0.13687956300460954
671_T1_vs_T2,longitudinal,4,RShoulder_to_RUArm_ry,RShoulder_to_RUArm,ry,0.06730390346915537,0.06479253787987788,-0.0025113655892774894,0.10505857542136496,0.13687956300460954
671_T1_vs_T2,longitudinal,4,RShoulder_to_RUArm_rz,RShoulder_to_RUArm,rz,0.09291368318214889,0.038151684260323324,-0.054761998921825566,0.10505857542136496,0.13687956300460954
671_T1_vs_T2,longitudinal,4,RThigh_to_RShin_rx,RThigh_to_RShin,rx,0.08801370545302167,0.04597635747652511,-0.04203734797649656,0.10505857542136496,0.13687956300460954
671_T1_vs_T2,longitudinal,4,RThigh_to_RShin_ry,RThigh_to_RShin,ry,8.33742846222249e-09,2.633183948151627e-08,1.799441101929378e-08,0.10505857542136496,0.13687956300460954
671_T1_vs_T2,longitudinal,4,RThigh_to_RShin_rz,RThigh_to_RShin,rz,2.093420480822828e-08,3.149965977887321e-08,1.056545497064493e-08,0.10505857542136496,0.13687956300460954
671_T1_vs_T2,longitudinal,4,RUArm_to_RFArm_rx,RUArm_to_RFArm,rx,0.14610000647206275,0.0310558037389707,-0.11504420273309206,0.10505857542136496,0.13687956300460954
671_T1_vs_T2,longitudinal,4,RUArm_to_RFArm_ry,RUArm_to_RFArm,ry,0.8192446096771271,0.6401570480485858,-0.17908756162854134,0.10505857542136496,0.13687956300460954
671_T1_vs_T2,longitudinal,4,RUArm_to_RFArm_rz,RUArm_to_RFArm,rz,0.11339882289016846,0.0430115932337765,-0.07038722965639196,0.10505857542136496,0.13687956300460954
671_T1_vs_T2,longitudinal,5,Chest_to_LShoulder_rx,Chest_to_LShoulder,rx,0.13036376260189267,0.003318821952383275,-0.12704494064950939,0.05738995775442161,0.08151796642209631
671_T1_vs_T2,longitudinal,5,Chest_to_LShoulder_ry,Chest_to_LShoulder,ry,0.04407745026451216,0.007548120176921067,-0.03652933008759109,0.05738995775442161,0.08151796642209631
671_T1_vs_T2,longitudinal,5,Chest_to_LShoulder_rz,Chest_to_LShoulder,rz,0.0037905509378844127,0.007602749858344947,0.0038121989204605343,0.05738995775442161,0.08151796642209631
671_T1_vs_T2,longitudinal,5,Chest_to_Neck_rx,Chest_to_Neck,rx,0.019768096373162743,0.004008248037643432,-0.01575984833551931,0.05738995775442161,0.08151796642209631
671_T1_vs_T2,longitudinal,5,Chest_to_Neck_ry,Chest_to_Neck,ry,0.01707000554390758,0.0048530092670648756,-0.012216996276842706,0.05738995775442161,0.08151796642209631
671_T1_vs_T2,longitudinal,5,Chest_to_Neck_rz,Chest_to_Neck,rz,0.011648819042441238,0.004351906420777019,-0.007296912621664218,0.05738995775442161,0.08151796642209631
671_T1_vs_T2,longitudinal,5,Chest_to_RShoulder_rx,Chest_to_RShoulder,rx,0.010429726372255742,0.000674107009160501,-0.009755619363095241,0.05738995775442161,0.08151796642209631
671_T1_vs_T2,longitudinal,5,Chest_to_RShoulder_ry,Chest_to_RShoulder,ry,0.009182051937291902,0.006243622503575523,-0.002938429433716379,0.05738995775442161,0.08151796642209631
671_T1_vs_T2,longitudinal,5,Chest_to_RShoulder_rz,Chest_to_RShoulder,rz,0.03994750521836395,0.05825332575750271,0.018305820539138755,0.05738995775442161,0.08151796642209631
671_T1_vs_T2,longitudinal,5,LFArm_to_LHand_rx,LFArm_to_LHand,rx,0.292376109404288,0.024645565350799755,-0.26773054405348823,0.05738995775442161,0.08151796642209631
671_T1_vs_T2,longitudinal,5,LFArm_to_LHand_ry,LFArm_to_LHand,ry,0.07451799545286965,0.05158055379705539,-0.02293744165581426,0.05738995775442161,0.08151796642209631
671_T1_vs_T2,longitudinal,5,LFArm_to_LHand_rz,LFArm_to_LHand,rz,0.44418024450961263,0.06225535192283387,-0.38192489258677875,0.05738995775442161,0.08151796642209631
671_T1_vs_T2,longitudinal,5,LShin_to_LFoot_rx,LShin_to_LFoot,rx,0.10051267311791376,0.06366863978078027,-0.036844033337133486,0.05738995775442161,0.08151796642209631
671_T1_vs_T2,longitudinal,5,LShin_to_LFoot_ry,LShin_to_LFoot,ry,0.07765541280358493,0.18280746541618512,0.10515205261260019,0.05738995775442161,0.08151796642209631
671_T1_vs_T2,longitudinal,5,LShin_to_LFoot_rz,LShin_to_LFoot,rz,0.03556499499821614,0.062105674929839566,0.02654067993162343,0.05738995775442161,0.08151796642209631
671_T1_vs_T2,longitudinal,5,LShoulder_to_LUArm_rx,LShoulder_to_LUArm,rx,0.35121699369417947,0.04097599442495049,-0.310240999269229,0.05738995775442161,0.08151796642209631
671_T1_vs_T2,longitudinal,5,LShoulder_to_LUArm_ry,LShoulder_to_LUArm,ry,0.15701118238947867,0.009863300669402122,-0.14714788172007653,0.05738995775442161,0.08151796642209631
671_T1_vs_T2,longitudinal,5,LShoulder_to_LUArm_rz,LShoulder_to_LUArm,rz,0.23742927908671047,0.07492079161900767,-0.1625084874677028,0.05738995775442161,0.08151796642209631
671_T1_vs_T2,longitudinal,5,LThigh_to_LShin_rx,LThigh_to_LShin,rx,0.07912999534272075,0.3888651273132261,0.30973513197050534,0.05738995775442161,0.08151796642209631
671_T1_vs_T2,longitudinal,5,LThigh_to_LShin_ry,LThigh_to_LShin,ry,3.4153946874777146e-08,6.45338069867942e-08,3.0379860112017056e-08,0.05738995775442161,0.08151796642209631
671_T1_vs_T2,longitudinal,5,LThigh_to_LShin_rz,LThigh_to_LShin,rz,3.844034866820668e-09,2.3627287201748464e-09,-1.4813061466458216e-09,0.05738995775442161,0.08151796642209631
671_T1_vs_T2,longitudinal,5,LUArm_to_LFArm_rx,LUArm_to_LFArm,rx,0.22575522256489752,0.24348859313148152,0.017733370566584,0.05738995775442161,0.08151796642209631
671_T1_vs_T2,longitudinal,5,LUArm_to_LFArm_ry,LUArm_to_LFArm,ry,0.4714959285015528,0.14535487462839522,-0.3261410538731576,0.05738995775442161,0.08151796642209631
671_T1_vs_T2,longitudinal,5,LUArm_to_LFArm_rz,LUArm_to_LFArm,rz,0.16133662753466424,0.17272372784023848,0.011387100305574244,0.05738995775442161,0.08151796642209631
671_T1_vs_T2,longitudinal,5,Neck_to_Head_rx,Neck_to_Head,rx,0.01976807347747492,0.004008247091519338,-0.015759826385955585,0.05738995775442161,0.08151796642209631
671_T1_vs_T2,longitudinal,5,Neck_to_Head_ry,Neck_to_Head,ry,0.017070035960427957,0.00485300860385753,-0.012217027356570428,0.05738995775442161,0.08151796642209631
671_T1_vs_T2,longitudinal,5,Neck_to_Head_rz,Neck_to_Head,rz,0.011648831673589133,0.004351837629157036,-0.007296994044432096,0.05738995775442161,0.08151796642209631
671_T1_vs_T2,longitudinal,5,RFArm_to_RHand_rx,RFArm_to_RHand,rx,0.09968880706158256,0.11165631686347842,0.011967509801895856,0.05738995775442161,0.08151796642209631
671_T1_vs_T2,longitudinal,5,RFArm_to_RHand_ry,RFArm_to_RHand,ry,0.07123808067790705,0.008307155853123848,-0.0629309248247832,0.05738995775442161,0.08151796642209631
671_T1_vs_T2,longitudinal,5,RFArm_to_RHand_rz,RFArm_to_RHand,rz,0.2963194494646755,0.20932393634470017,-0.0869955131199753,0.05738995775442161,0.08151796642209631
671_T1_vs_T2,longitudinal,5,RShin_to_RFoot_rx,RShin_to_RFoot,rx,0.051307686234489495,0.21650365176220826,0.16519596552771876,0.05738995775442161,0.08151796642209631
671_T1_vs_T2,longitudinal,5,RShin_to_RFoot_ry,RShin_to_RFoot,ry,0.06731212550036006,0.08082105706635113,0.013508931565991075,0.05738995775442161,0.08151796642209631
671_T1_vs_T2,longitudinal,5,RShin_to_RFoot_rz,RShin_to_RFoot,rz,0.09400516858706114,0.026013170540180673,-0.06799199804688047,0.05738995775442161,0.08151796642209631
671_T1_vs_T2,longitudinal,5,RShoulder_to_RUArm_rx,RShoulder_to_RUArm,rx,0.05648931268029076,0.04031191029838709,-0.01617740238190367,0.05738995775442161,0.08151796642209631
671_T1_vs_T2,longitudinal,5,RShoulder_to_RUArm_ry,RShoulder_to_RUArm,ry,0.028604809072932877,0.029519070295142565,0.0009142612222096877,0.05738995775442161,0.08151796642209631
671_T1_vs_T2,longitudinal,5,RShoulder_to_RUArm_rz,RShoulder_to_RUArm,rz,0.02437745957006844,0.10184047105541963,0.07746301148535119,0.05738995775442161,0.08151796642209631
671_T1_vs_T2,longitudinal,5,RThigh_to_RShin_rx,RThigh_to_RShin,rx,0.10505047633735405,0.566991535121045,0.461941058783691,0.05738995775442161,0.08151796642209631
671_T1_vs_T2,longitudinal,5,RThigh_to_RShin_ry,RThigh_to_RShin,ry,4.327353748129299e-08,2.419328510203545e-08,-1.908025237925754e-08,0.05738995775442161,0.08151796642209631
671_T1_vs_T2,longitudinal,5,RThigh_to_RShin_rz,RThigh_to_RShin,rz,3.836626679403376e-09,9.101943385824526e-09,5.26531670642115e-09,0.05738995775442161,0.08151796642209631
671_T1_vs_T2,longitudinal,5,RUArm_to_RFArm_rx,RUArm_to_RFArm,rx,0.09080932553583587,0.025435166700406978,-0.0653741588354289,0.05738995775442161,0.08151796642209631
671_T1_vs_T2,longitudinal,5,RUArm_to_RFArm_ry,RUArm_to_RFArm,ry,0.12948967209054263,0.4799020878290597,0.35041241573851706,0.05738995775442161,0.08151796642209631
671_T1_vs_T2,longitudinal,5,RUArm_to_RFArm_rz,RUArm_to_RFArm,rz,0.049777959645189,0.05711314849292485,0.007335188847735846,0.05738995775442161,0.08151796642209631
671_T1_vs_T2,longitudinal,6,Chest_to_LShoulder_rx,Chest_to_LShoulder,rx,0.05188484822234054,0.07945277698714591,0.02756792876480537,0.04341264896735403,0.06283620224785523
671_T1_vs_T2,longitudinal,6,Chest_to_LShoulder_ry,Chest_to_LShoulder,ry,0.0420189339322782,0.04695678425944008,0.0049378503271618815,0.04341264896735403,0.06283620224785523
671_T1_vs_T2,longitudinal,6,Chest_to_LShoulder_rz,Chest_to_LShoulder,rz,0.0643557047622047,0.0679590836619118,0.003603378899707105,0.04341264896735403,0.06283620224785523
671_T1_vs_T2,longitudinal,6,Chest_to_Neck_rx,Chest_to_Neck,rx,0.040818134733332484,0.017232062441971733,-0.02358607229136075,0.04341264896735403,0.06283620224785523
671_T1_vs_T2,longitudinal,6,Chest_to_Neck_ry,Chest_to_Neck,ry,0.04528649265795374,0.041008305085770067,-0.004278187572183671,0.04341264896735403,0.06283620224785523
671_T1_vs_T2,longitudinal,6,Chest_to_Neck_rz,Chest_to_Neck,rz,0.010291159362141677,0.022657235116829603,0.012366075754687926,0.04341264896735403,0.06283620224785523
671_T1_vs_T2,longitudinal,6,Chest_to_RShoulder_rx,Chest_to_RShoulder,rx,0.12064651495624656,0.0419234262994403,-0.07872308865680627,0.04341264896735403,0.06283620224785523
671_T1_vs_T2,longitudinal,6,Chest_to_RShoulder_ry,Chest_to_RShoulder,ry,0.015301909532696386,0.021351524982329697,0.006049615449633311,0.04341264896735403,0.06283620224785523
671_T1_vs_T2,longitudinal,6,Chest_to_RShoulder_rz,Chest_to_RShoulder,rz,0.09640743270744143,0.1086741589688137,0.012266726261372277,0.04341264896735403,0.06283620224785523
671_T1_vs_T2,longitudinal,6,LFArm_to_LHand_rx,LFArm_to_LHand,rx,0.10955059227086435,0.033713737764844064,-0.07583685450602029,0.04341264896735403,0.06283620224785523
671_T1_vs_T2,longitudinal,6,LFArm_to_LHand_ry,LFArm_to_LHand,ry,0.14438021611504745,0.11650339886996694,-0.02787681724508051,0.04341264896735403,0.06283620224785523
671_T1_vs_T2,longitudinal,6,LFArm_to_LHand_rz,LFArm_to_LHand,rz,0.017202882406293352,0.12362505726599023,0.10642217485969688,0.04341264896735403,0.06283620224785523
671_T1_vs_T2,longitudinal,6,LShin_to_LFoot_rx,LShin_to_LFoot,rx,0.003864966225066039,0.038638393947458056,0.03477342772239202,0.04341264896735403,0.06283620224785523
671_T1_vs_T2,longitudinal,6,LShin_to_LFoot_ry,LShin_to_LFoot,ry,0.11608969295761672,0.04051879249102624,-0.07557090046659048,0.04341264896735403,0.06283620224785523
671_T1_vs_T2,longitudinal,6,LShin_to_LFoot_rz,LShin_to_LFoot,rz,0.1202130430851063,0.08852828933463701,-0.031684753750469294,0.04341264896735403,0.06283620224785523
671_T1_vs_T2,longitudinal,6,LShoulder_to_LUArm_rx,LShoulder_to_LUArm,rx,0.05361373708678351,0.13632109423038866,0.08270735714360514,0.04341264896735403,0.06283620224785523
671_T1_vs_T2,longitudinal,6,LShoulder_to_LUArm_ry,LShoulder_to_LUArm,ry,0.19323136008517514,0.13342605577864333,-0.059805304306531804,0.04341264896735403,0.06283620224785523
671_T1_vs_T2,longitudinal,6,LShoulder_to_LUArm_rz,LShoulder_to_LUArm,rz,0.14697348750306977,0.1816967604702172,0.034723272967147445,0.04341264896735403,0.06283620224785523
671_T1_vs_T2,longitudinal,6,LThigh_to_LShin_rx,LThigh_to_LShin,rx,0.28188483871752545,0.2983333480612077,0.01644850934368225,0.04341264896735403,0.06283620224785523
671_T1_vs_T2,longitudinal,6,LThigh_to_LShin_ry,LThigh_to_LShin,ry,2.074302862896436e-09,4.144448200915933e-08,3.937017914626289e-08,0.04341264896735403,0.06283620224785523
671_T1_vs_T2,longitudinal,6,LThigh_to_LShin_rz,LThigh_to_LShin,rz,1.3288623302326776e-08,2.0239636478658955e-08,6.951013176332179e-09,0.04341264896735403,0.06283620224785523
671_T1_vs_T2,longitudinal,6,LUArm_to_LFArm_rx,LUArm_to_LFArm,rx,0.3454331954450576,0.23522751210815876,-0.11020568333689881,0.04341264896735403,0.06283620224785523
671_T1_vs_T2,longitudinal,6,LUArm_to_LFArm_ry,LUArm_to_LFArm,ry,0.026459209148812786,0.09544521388657011,0.06898600473775732,0.04341264896735403,0.06283620224785523
671_T1_vs_T2,longitudinal,6,LUArm_to_LFArm_rz,LUArm_to_LFArm,rz,0.11043450194780172,0.038968786732386254,-0.07146571521541546,0.04341264896735403,0.06283620224785523
671_T1_vs_T2,longitudinal,6,Neck_to_Head_rx,Neck_to_Head,rx,0.04081807055481875,0.017232030945388187,-0.023586039609430565,0.04341264896735403,0.06283620224785523
671_T1_vs_T2,longitudinal,6,Neck_to_Head_ry,Neck_to_Head,ry,0.04528648500916508,0.04100831289896424,-0.004278172110200838,0.04341264896735403,0.06283620224785523
671_T1_vs_T2,longitudinal,6,Neck_to_Head_rz,Neck_to_Head,rz,0.010291136460445736,0.022657254024103637,0.012366117563657901,0.04341264896735403,0.06283620224785523
671_T1_vs_T2,longitudinal,6,RFArm_to_RHand_rx,RFArm_to_RHand,rx,0.14882239873826456,0.3032538827979832,0.15443148405971865,0.04341264896735403,0.06283620224785523
671_T1_vs_T2,longitudinal,6,RFArm_to_RHand_ry,RFArm_to_RHand,ry,0.26635393137122515,0.2788086115690322,0.012454680197807044,0.04341264896735403,0.06283620224785523
671_T1_vs_T2,longitudinal,6,RFArm_to_RHand_rz,RFArm_to_RHand,rz,0.041531393033863585,0.4317816289909613,0.3902502359570977,0.04341264896735403,0.06283620224785523
671_T1_vs_T2,longitudinal,6,RShin_to_RFoot_rx,RShin_to_RFoot,rx,0.03352900201203033,0.12017613243213562,0.0866471304201053,0.04341264896735403,0.06283620224785523
671_T1_vs_T2,longitudinal,6,RShin_to_RFoot_ry,RShin_to_RFoot,ry,0.023406063862850428,0.026672575022089754,0.0032665111592393263,0.04341264896735403,0.06283620224785523
671_T1_vs_T2,longitudinal,6,RShin_to_RFoot_rz,RShin_to_RFoot,rz,0.03770818086988385,0.0016075654435479551,-0.0361006154263359,0.04341264896735403,0.06283620224785523
671_T1_vs_T2,longitudinal,6,RShoulder_to_RUArm_rx,RShoulder_to_RUArm,rx,0.27939262639415846,0.006957728205259408,-0.27243489818889904,0.04341264896735403,0.06283620224785523
671_T1_vs_T2,longitudinal,6,RShoulder_to_RUArm_ry,RShoulder_to_RUArm,ry,0.03475393596419344,0.0685428763516802,0.03378894038748676,0.04341264896735403,0.06283620224785523
671_T1_vs_T2,longitudinal,6,RShoulder_to_RUArm_rz,RShoulder_to_RUArm,rz,0.25421176788121674,0.17378685391165083,-0.08042491396956591,0.04341264896735403,0.06283620224785523
671_T1_vs_T2,longitudinal,6,RThigh_to_RShin_rx,RThigh_to_RShin,rx,0.1068899332481801,0.14659251749259483,0.03970258424441474,0.04341264896735403,0.06283620224785523
671_T1_vs_T2,longitudinal,6,RThigh_to_RShin_ry,RThigh_to_RShin,ry,3.8322215487583594e-08,3.586932738317623e-08,-2.452888104407365e-09,0.04341264896735403,0.06283620224785523
671_T1_vs_T2,longitudinal,6,RThigh_to_RShin_rz,RThigh_to_RShin,rz,7.468733289230845e-09,2.5786634267879222e-08,1.8317900978648378e-08,0.04341264896735403,0.06283620224785523
671_T1_vs_T2,longitudinal,6,RUArm_to_RFArm_rx,RUArm_to_RFArm,rx,0.49740547653111156,0.44139098392383225,-0.05601449260727931,0.04341264896735403,0.06283620224785523
671_T1_vs_T2,longitudinal,6,RUArm_to_RFArm_ry,RUArm_to_RFArm,ry,0.2148568046043476,0.05124483617062308,-0.16361196843372453,0.04341264896735403,0.06283620224785523
671_T1_vs_T2,longitudinal,6,RUArm_to_RFArm_rz,RUArm_to_RFArm,rz,0.2797995781030824,0.27811900511023135,-0.0016805729928510704,0.04341264896735403,0.06283620224785523
671_T1_vs_T2,longitudinal,7,Chest_to_LShoulder_rx,Chest_to_LShoulder,rx,0.025802329237293305,0.0190357592426727,-0.006766569994620605,0.0318830560747323,0.049877316882525974
671_T1_vs_T2,longitudinal,7,Chest_to_LShoulder_ry,Chest_to_LShoulder,ry,0.009215687847758641,0.023698845586968144,0.014483157739209503,0.0318830560747323,0.049877316882525974
671_T1_vs_T2,longitudinal,7,Chest_to_LShoulder_rz,Chest_to_LShoulder,rz,0.02132665822985306,0.03836643107181277,0.017039772841959712,0.0318830560747323,0.049877316882525974
671_T1_vs_T2,longitudinal,7,Chest_to_Neck_rx,Chest_to_Neck,rx,0.0011374512047547915,0.04346016898049987,0.042322717775745075,0.0318830560747323,0.049877316882525974
671_T1_vs_T2,longitudinal,7,Chest_to_Neck_ry,Chest_to_Neck,ry,0.00337821793704533,0.014010809207046728,0.010632591270001398,0.0318830560747323,0.049877316882525974
671_T1_vs_T2,longitudinal,7,Chest_to_Neck_rz,Chest_to_Neck,rz,0.009605433497964935,0.032779743429311524,0.023174309931346587,0.0318830560747323,0.049877316882525974
671_T1_vs_T2,longitudinal,7,Chest_to_RShoulder_rx,Chest_to_RShoulder,rx,0.011624128195463698,0.003022344229293983,-0.008601783966169715,0.0318830560747323,0.049877316882525974
671_T1_vs_T2,longitudinal,7,Chest_to_RShoulder_ry,Chest_to_RShoulder,ry,0.017581133669554102,0.01588083242059858,-0.0017003012489555207,0.0318830560747323,0.049877316882525974
671_T1_vs_T2,longitudinal,7,Chest_to_RShoulder_rz,Chest_to_RShoulder,rz,0.00645710536299639,0.026685510884421754,0.020228405521425363,0.0318830560747323,0.049877316882525974
671_T1_vs_T2,longitudinal,7,LFArm_to_LHand_rx,LFArm_to_LHand,rx,0.009040643167186588,0.09546979395347735,0.08642915078629076,0.0318830560747323,0.049877316882525974
671_T1_vs_T2,longitudinal,7,LFArm_to_LHand_ry,LFArm_to_LHand,ry,0.02973802389623951,0.09885067342162031,0.06911264952538079,0.0318830560747323,0.049877316882525974
671_T1_vs_T2,longitudinal,7,LFArm_to_LHand_rz,LFArm_to_LHand,rz,0.11309310269705466,0.050100465164142766,-0.0629926375329119,0.0318830560747323,0.049877316882525974
671_T1_vs_T2,longitudinal,7,LShin_to_LFoot_rx,LShin_to_LFoot,rx,0.012353381030941047,0.07789887800505227,0.06554549697411122,0.0318830560747323,0.049877316882525974
671_T1_vs_T2,longitudinal,7,LShin_to_LFoot_ry,LShin_to_LFoot,ry,0.11547030924819683,0.02638140413466505,-0.08908890511353178,0.0318830560747323,0.049877316882525974
671_T1_vs_T2,longitudinal,7,LShin_to_LFoot_rz,LShin_to_LFoot,rz,0.01790314925056619,0.06549204607770515,0.04758889682713896,0.0318830560747323,0.049877316882525974
671_T1_vs_T2,longitudinal,7,LShoulder_to_LUArm_rx,LShoulder_to_LUArm,rx,0.07831073526151924,0.07590604475149983,-0.0024046905100194166,0.0318830560747323,0.049877316882525974
671_T1_vs_T2,longitudinal,7,LShoulder_to_LUArm_ry,LShoulder_to_LUArm,ry,0.05289602214260269,0.06905595658273124,0.016159934440128552,0.0318830560747323,0.049877316882525974
671_T1_vs_T2,longitudinal,7,LShoulder_to_LUArm_rz,LShoulder_to_LUArm,rz,0.03169386582384671,0.06586962488803953,0.034175759064192825,0.0318830560747323,0.049877316882525974
671_T1_vs_T2,longitudinal,7,LThigh_to_LShin_rx,LThigh_to_LShin,rx,0.3104836182199633,0.35985142917376817,0.04936781095380488,0.0318830560747323,0.049877316882525974
671_T1_vs_T2,longitudinal,7,LThigh_to_LShin_ry,LThigh_to_LShin,ry,6.988248653878974e-08,1.3871358140976148e-08,-5.601112839781359e-08,0.0318830560747323,0.049877316882525974
671_T1_vs_T2,longitudinal,7,LThigh_to_LShin_rz,LThigh_to_LShin,rz,1.9415917550325346e-08,1.4733139151443024e-08,-4.682778398882322e-09,0.0318830560747323,0.049877316882525974
671_T1_vs_T2,longitudinal,7,LUArm_to_LFArm_rx,LUArm_to_LFArm,rx,0.04509664130535148,0.28920328931162903,0.24410664800627754,0.0318830560747323,0.049877316882525974
671_T1_vs_T2,longitudinal,7,LUArm_to_LFArm_ry,LUArm_to_LFArm,ry,0.12125173909457984,0.7083094605703361,0.5870577214757562,0.0318830560747323,0.049877316882525974
671_T1_vs_T2,longitudinal,7,LUArm_to_LFArm_rz,LUArm_to_LFArm,rz,0.05925625601801922,0.21200434532688245,0.15274808930886324,0.0318830560747323,0.049877316882525974
671_T1_vs_T2,longitudinal,7,Neck_to_Head_rx,Neck_to_Head,rx,0.001137450158822872,0.04346013244065643,0.04232268228183356,0.0318830560747323,0.049877316882525974
671_T1_vs_T2,longitudinal,7,Neck_to_Head_ry,Neck_to_Head,ry,0.0033782268669924433,0.014010779563534841,0.010632552696542398,0.0318830560747323,0.049877316882525974
671_T1_vs_T2,longitudinal,7,Neck_to_Head_rz,Neck_to_Head,rz,0.009605550082759859,0.03277978339677357,0.023174233314013713,0.0318830560747323,0.049877316882525974
671_T1_vs_T2,longitudinal,7,RFArm_to_RHand_rx,RFArm_to_RHand,rx,0.05583363637677811,0.06776271920764038,0.011929082830862268,0.0318830560747323,0.049877316882525974
671_T1_vs_T2,longitudinal,7,RFArm_to_RHand_ry,RFArm_to_RHand,ry,0.09352394822914413,0.011190580945816042,-0.08233336728332809,0.0318830560747323,0.049877316882525974
671_T1_vs_T2,longitudinal,7,RFArm_to_RHand_rz,RFArm_to_RHand,rz,0.0538585555750107,0.2861104807296956,0.23225192515468487,0.0318830560747323,0.049877316882525974
671_T1_vs_T2,longitudinal,7,RShin_to_RFoot_rx,RShin_to_RFoot,rx,0.16531658757233914,0.05023493940367594,-0.1150816481686632,0.0318830560747323,0.049877316882525974
671_T1_vs_T2,longitudinal,7,RShin_to_RFoot_ry,RShin_to_RFoot,ry,0.11061392498736354,0.007963787316769149,-0.10265013767059439,0.0318830560747323,0.049877316882525974
671_T1_vs_T2,longitudinal,7,RShin_to_RFoot_rz,RShin_to_RFoot,rz,0.13805292634633176,0.03504387025932963,-0.10300905608700213,0.0318830560747323,0.049877316882525974
671_T1_vs_T2,longitudinal,7,RShoulder_to_RUArm_rx,RShoulder_to_RUArm,rx,0.1260966507986845,0.015283086423746067,-0.11081356437493844,0.0318830560747323,0.049877316882525974
671_T1_vs_T2,longitudinal,7,RShoulder_to_RUArm_ry,RShoulder_to_RUArm,ry,0.03059170291582786,0.02522262265293415,-0.005369080262893709,0.0318830560747323,0.049877316882525974
671_T1_vs_T2,longitudinal,7,RShoulder_to_RUArm_rz,RShoulder_to_RUArm,rz,0.048463368165730186,0.01414465244015625,-0.034318715725573934,0.0318830560747323,0.049877316882525974
671_T1_vs_T2,longitudinal,7,RThigh_to_RShin_rx,RThigh_to_RShin,rx,0.8237553371266265,0.19813312308629516,-0.6256222140403314,0.0318830560747323,0.049877316882525974
671_T1_vs_T2,longitudinal,7,RThigh_to_RShin_ry,RThigh_to_RShin,ry,2.383063196883317e-08,2.316592873303564e-08,-6.647032357975291e-10,0.0318830560747323,0.049877316882525974
671_T1_vs_T2,longitudinal,7,RThigh_to_RShin_rz,RThigh_to_RShin,rz,1.1791207279426214e-08,2.690754309057997e-09,-9.100452970368218e-09,0.0318830560747323,0.049877316882525974
671_T1_vs_T2,longitudinal,7,RUArm_to_RFArm_rx,RUArm_to_RFArm,rx,0.11428918678748717,0.005309148862816013,-0.10898003792467116,0.0318830560747323,0.049877316882525974
671_T1_vs_T2,longitudinal,7,RUArm_to_RFArm_ry,RUArm_to_RFArm,ry,0.19337492863638356,0.22848179897449156,0.035106870338108,0.0318830560747323,0.049877316882525974
671_T1_vs_T2,longitudinal,7,RUArm_to_RFArm_rz,RUArm_to_RFArm,rz,0.1495048394972561,0.01621792340049271,-0.13328691609676338,0.0318830560747323,0.049877316882525974
671_T1_vs_T3,longitudinal,1,Chest_to_LShoulder_rx,Chest_to_LShoulder,rx,0.09658042721395772,0.0816642437386892,-0.014916183475268519,0.2531794579722155,0.30705119972642453
671_T1_vs_T3,longitudinal,1,Chest_to_LShoulder_ry,Chest_to_LShoulder,ry,0.00019834650505702416,0.010227940145688268,0.010029593640631244,0.2531794579722155,0.30705119972642453
671_T1_vs_T3,longitudinal,1,Chest_to_LShoulder_rz,Chest_to_LShoulder,rz,0.04445538249299069,0.0066830425662822174,-0.037772339926708476,0.2531794579722155,0.30705119972642453
671_T1_vs_T3,longitudinal,1,Chest_to_Neck_rx,Chest_to_Neck,rx,0.003923037263349099,0.016612928362196803,0.012689891098847703,0.2531794579722155,0.30705119972642453
671_T1_vs_T3,longitudinal,1,Chest_to_Neck_ry,Chest_to_Neck,ry,0.0012292062680401728,0.015447032721192683,0.01421782645315251,0.2531794579722155,0.30705119972642453
671_T1_vs_T3,longitudinal,1,Chest_to_Neck_rz,Chest_to_Neck,rz,0.0027561819152774063,0.007453448049188871,0.0046972661339114655,0.2531794579722155,0.30705119972642453
671_T1_vs_T3,longitudinal,1,Chest_to_RShoulder_rx,Chest_to_RShoulder,rx,0.013758156239935452,0.05160938310277971,0.037851226862844256,0.2531794579722155,0.30705119972642453
671_T1_vs_T3,longitudinal,1,Chest_to_RShoulder_ry,Chest_to_RShoulder,ry,0.012475778819919387,0.01978734106971908,0.007311562249799694,0.2531794579722155,0.30705119972642453
671_T1_vs_T3,longitudinal,1,Chest_to_RShoulder_rz,Chest_to_RShoulder,rz,0.0020190381112493204,0.06118636580449085,0.059167327693241525,0.2531794579722155,0.30705119972642453
671_T1_vs_T3,longitudinal,1,LFArm_to_LHand_rx,LFArm_to_LHand,rx,0.24352247697369925,0.3424398074888684,0.09891733051516913,0.2531794579722155,0.30705119972642453
671_T1_vs_T3,longitudinal,1,LFArm_to_LHand_ry,LFArm_to_LHand,ry,0.02180250170511284,0.1273465589527317,0.10554405724761885,0.2531794579722155,0.30705119972642453
671_T1_vs_T3,longitudinal,1,LFArm_to_LHand_rz,LFArm_to_LHand,rz,0.3593924307180759,0.41287015968520085,0.05347772896712494,0.2531794579722155,0.30705119972642453
671_T1_vs_T3,longitudinal,1,LShin_to_LFoot_rx,LShin_to_LFoot,rx,0.013296562266103972,0.03279253088448335,0.019495968618379378,0.2531794579722155,0.30705119972642453
671_T1_vs_T3,longitudinal,1,LShin_to_LFoot_ry,LShin_to_LFoot,ry,0.010037412312031112,0.11994637387952786,0.10990896156749674,0.2531794579722155,0.30705119972642453
671_T1_vs_T3,longitudinal,1,LShin_to_LFoot_rz,LShin_to_LFoot,rz,0.05850371604250359,0.09417712135131541,0.03567340530881182,0.2531794579722155,0.30705119972642453
671_T1_vs_T3,longitudinal,1,LShoulder_to_LUArm_rx,LShoulder_to_LUArm,rx,0.24370255325027085,0.26554810687333014,0.02184555362305929,0.2531794579722155,0.30705119972642453
671_T1_vs_T3,longitudinal,1,LShoulder_to_LUArm_ry,LShoulder_to_LUArm,ry,0.12683701892032997,0.04262391372449974,-0.08421310519583024,0.2531794579722155,0.30705119972642453
671_T1_vs_T3,longitudinal,1,LShoulder_to_LUArm_rz,LShoulder_to_LUArm,rz,0.15483237505860534,0.09355369485253905,-0.06127868020606629,0.2531794579722155,0.30705119972642453
671_T1_vs_T3,longitudinal,1,LThigh_to_LShin_rx,LThigh_to_LShin,rx,0.14647438267485435,0.17310246016085612,0.026628077486001767,0.2531794579722155,0.30705119972642453
671_T1_vs_T3,longitudinal,1,LThigh_to_LShin_ry,LThigh_to_LShin,ry,6.677816121493015e-09,3.195567617755964e-09,-3.4822485037370506e-09,0.2531794579722155,0.30705119972642453
671_T1_vs_T3,longitudinal,1,LThigh_to_LShin_rz,LThigh_to_LShin,rz,4.039467179996745e-09,8.6298410612666e-09,4.590373881269855e-09,0.2531794579722155,0.30705119972642453
671_T1_vs_T3,longitudinal,1,LUArm_to_LFArm_rx,LUArm_to_LFArm,rx,0.16066315486162389,0.1844512366762297,0.023788081814605816,0.2531794579722155,0.30705119972642453
671_T1_vs_T3,longitudinal,1,LUArm_to_LFArm_ry,LUArm_to_LFArm,ry,0.6127610186339372,0.30036305601474544,-0.3123979626191917,0.2531794579722155,0.30705119972642453
671_T1_vs_T3,longitudinal,1,LUArm_to_LFArm_rz,LUArm_to_LFArm,rz,0.17404231913551882,0.0041126390176420705,-0.16992968011787674,0.2531794579722155,0.30705119972642453
671_T1_vs_T3,longitudinal,1,Neck_to_Head_rx,Neck_to_Head,rx,0.00392304350808982,0.016612889769653513,0.012689846261563692,0.2531794579722155,0.30705119972642453
671_T1_vs_T3,longitudinal,1,Neck_to_Head_ry,Neck_to_Head,ry,0.0012292204644437372,0.015447030595923485,0.014217810131479748,0.2531794579722155,0.30705119972642453
671_T1_vs_T3,longitudinal,1,Neck_to_Head_rz,Neck_to_Head,rz,0.0027561809369000432,0.007453442475618302,0.004697261538718259,0.2531794579722155,0.30705119972642453
671_T1_vs_T3,longitudinal,1,RFArm_to_RHand_rx,RFArm_to_RHand,rx,0.16675202539768139,0.23422503504386175,0.06747300964618036,0.2531794579722155,0.30705119972642453
671_T1_vs_T3,longitudinal,1,RFArm_to_RHand_ry,RFArm_to_RHand,ry,0.04060487382247733,0.17436476891034425,0.13375989508786693,0.2531794579722155,0.30705119972642453
671_T1_vs_T3,longitudinal,1,RFArm_to_RHand_rz,RFArm_to_RHand,rz,0.28707324720472965,0.24377244750599125,-0.0433007996987384,0.2531794579722155,0.30705119972642453
671_T1_vs_T3,longitudinal,1,RShin_to_RFoot_rx,RShin_to_RFoot,rx,0.028005724318360382,0.005470101127007535,-0.022535623191352848,0.2531794579722155,0.30705119972642453
671_T1_vs_T3,longitudinal,1,RShin_to_RFoot_ry,RShin_to_RFoot,ry,0.0367318105184521,0.061209286679185994,0.024477476160733896,0.2531794579722155,0.30705119972642453
671_T1_vs_T3,longitudinal,1,RShin_to_RFoot_rz,RShin_to_RFoot,rz,0.030522244475177603,0.06156672242575669,0.03104447795057909,0.2531794579722155,0.30705119972642453
671_T1_vs_T3,longitudinal,1,RShoulder_to_RUArm_rx,RShoulder_to_RUArm,rx,0.05619996315406895,0.09118738961802539,0.03498742646395644,0.2531794579722155,0.30705119972642453
671_T1_vs_T3,longitudinal,1,RShoulder_to_RUArm_ry,RShoulder_to_RUArm,ry,0.03914232923650506,0.009916113495968647,-0.029226215740536417,0.2531794579722155,0.30705119972642453
671_T1_vs_T3,longitudinal,1,RShoulder_to_RUArm_rz,RShoulder_to_RUArm,rz,0.02924465946484188,0.13012023030824113,0.10087557084339925,0.2531794579722155,0.30705119972642453
671_T1_vs_T3,longitudinal,1,RThigh_to_RShin_rx,RThigh_to_RShin,rx,0.10409888835318032,0.06018554999895338,-0.043913338354226936,0.2531794579722155,0.30705119972642453
671_T1_vs_T3,longitudinal,1,RThigh_to_RShin_ry,RThigh_to_RShin,ry,2.855762290124435e-09,6.377836802152799e-09,3.522074512028364e-09,0.2531794579722155,0.30705119972642453
671_T1_vs_T3,longitudinal,1,RThigh_to_RShin_rz,RThigh_to_RShin,rz,3.1468551157633805e-09,1.670469048849388e-08,1.3557835372730499e-08,0.2531794579722155,0.30705119972642453
671_T1_vs_T3,longitudinal,1,RUArm_to_RFArm_rx,RUArm_to_RFArm,rx,0.005370618710005668,0.2715440608290465,0.2661734421190408,0.2531794579722155,0.30705119972642453
671_T1_vs_T3,longitudinal,1,RUArm_to_RFArm_ry,RUArm_to_RFArm,ry,0.3343023997875021,0.3792483769471948,0.04494597715969273,0.2531794579722155,0.30705119972642453
671_T1_vs_T3,longitudinal,1,RUArm_to_RFArm_rz,RUArm_to_RFArm,rz,0.008358235421606689,0.15123272011248942,0.14287448469088274,0.2531794579722155,0.30705119972642453
671_T1_vs_T3,longitudinal,2,Chest_to_LShoulder_rx,Chest_to_LShoulder,rx,0.001705315021937534,0.02924436102796072,0.027539046006023186,0.17130378636891014,0.21957871096138548
671_T1_vs_T3,longitudinal,2,Chest_to_LShoulder_ry,Chest_to_LShoulder,ry,0.009221257830241773,0.0060603811723601905,-0.0031608766578815825,0.17130378636891014,0.21957871096138548
671_T1_vs_T3,longitudinal,2,Chest_to_LShoulder_rz,Chest_to_LShoulder,rz,0.04100531941974116,0.010673589291782354,-0.030331730127958804,0.17130378636891014,0.21957871096138548
671_T1_vs_T3,longitudinal,2,Chest_to_Neck_rx,Chest_to_Neck,rx,0.018104114254471913,0.03300978388410293,0.014905669629631017,0.17130378636891014,0.21957871096138548
671_T1_vs_T3,longitudinal,2,Chest_to_Neck_ry,Chest_to_Neck,ry,0.03519318713544372,0.04428397389730527,0.00909078676186155,0.17130378636891014,0.21957871096138548
671_T1_vs_T3,longitudinal,2,Chest_to_Neck_rz,Chest_to_Neck,rz,0.0590079431246789,0.033442254267744775,-0.025565688856934124,0.17130378636891014,0.21957871096138548
671_T1_vs_T3,longitudinal,2,Chest_to_RShoulder_rx,Chest_to_RShoulder,rx,0.11270003938242687,0.07521217264805578,-0.037487866734371086,0.17130378636891014,0.21957871096138548
671_T1_vs_T3,longitudinal,2,Chest_to_RShoulder_ry,Chest_to_RShoulder,ry,0.027667197860930776,0.02528296064972828,-0.0023842372112024973,0.17130378636891014,0.21957871096138548
671_T1_vs_T3,longitudinal,2,Chest_to_RShoulder_rz,Chest_to_RShoulder,rz,0.003010595310211384,0.06092325467808936,0.057912659367877976,0.17130378636891014,0.21957871096138548
671_T1_vs_T3,longitudinal,2,LFArm_to_LHand_rx,LFArm_to_LHand,rx,0.016340812176013148,0.11250815982782535,0.0961673476518122,0.17130378636891014,0.21957871096138548
671_T1_vs_T3,longitudinal,2,LFArm_to_LHand_ry,LFArm_to_LHand,ry,0.02990805113659642,0.026219095609981095,-0.003688955526615325,0.17130378636891014,0.21957871096138548
671_T1_vs_T3,longitudinal,2,LFArm_to_LHand_rz,LFArm_to_LHand,rz,0.01411065812821375,0.18332680840781007,0.16921615027959633,0.17130378636891014,0.21957871096138548
671_T1_vs_T3,longitudinal,2,LShin_to_LFoot_rx,LShin_to_LFoot,rx,0.09762362194522897,0.10384708127967797,0.006223459334448997,0.17130378636891014,0.21957871096138548
671_T1_vs_T3,longitudinal,2,LShin_to_LFoot_ry,LShin_to_LFoot,ry,0.036616929707971084,0.13667802384593838,0.1000610941379673,0.17130378636891014,0.21957871096138548
671_T1_vs_T3,longitudinal,2,LShin_to_LFoot_rz,LShin_to_LFoot,rz,0.10876281605511054,0.1287944614621751,0.020031645407064563,0.17130378636891014,0.21957871096138548
671_T1_vs_T3,longitudinal,2,LShoulder_to_LUArm_rx,LShoulder_to_LUArm,rx,0.021324460044531535,0.10533034091396466,0.08400588086943313,0.17130378636891014,0.21957871096138548
671_T1_vs_T3,longitudinal,2,LShoulder_to_LUArm_ry,LShoulder_to_LUArm,ry,0.05761529765762393,0.043311999532242025,-0.014303298125381905,0.17130378636891014,0.21957871096138548
671_T1_vs_T3,longitudinal,2,LShoulder_to_LUArm_rz,LShoulder_to_LUArm,rz,0.05126112177146704,0.029082209304055865,-0.022178912467411178,0.17130378636891014,0.21957871096138548
671_T1_vs_T3,longitudinal,2,LThigh_to_LShin_rx,LThigh_to_LShin,rx,0.4509984672452054,0.661045757380662,0.21004729013545653,0.17130378636891014,0.21957871096138548
671_T1_vs_T3,longitudinal,2,LThigh_to_LShin_ry,LThigh_to_LShin,ry,3.0691293617172246e-09,1.4630715340455831e-08,1.1561585978738606e-08,0.17130378636891014,0.21957871096138548
671_T1_vs_T3,longitudinal,2,LThigh_to_LShin_rz,LThigh_to_LShin,rz,6.428249270110584e-09,1.7380815241624492e-08,1.0952565971513908e-08,0.17130378636891014,0.21957871096138548
671_T1_vs_T3,longitudinal,2,LUArm_to_LFArm_rx,LUArm_to_LFArm,rx,0.13855113703922928,0.2238735422882013,0.08532240524897203,0.17130378636891014,0.21957871096138548
671_T1_vs_T3,longitudinal,2,LUArm_to_LFArm_ry,LUArm_to_LFArm,ry,0.3180937648511706,0.2125322453386929,-0.10556151951247769,0.17130378636891014,0.21957871096138548
671_T1_vs_T3,longitudinal,2,LUArm_to_LFArm_rz,LUArm_to_LFArm,rz,0.10108112645029078,0.13209747250041506,0.03101634605012428,0.17130378636891014,0.21957871096138548
671_T1_vs_T3,longitudinal,2,Neck_to_Head_rx,Neck_to_Head,rx,0.0181041122153705,0.033009767702828076,0.014905655487457575,0.17130378636891014,0.21957871096138548
671_T1_vs_T3,longitudinal,2,Neck_to_Head_ry,Neck_to_Head,ry,0.03519320385402889,0.04428399590494705,0.009090792050918159,0.17130378636891014,0.21957871096138548
671_T1_vs_T3,longitudinal,2,Neck_to_Head_rz,Neck_to_Head,rz,0.059007915322252115,0.033442251833630636,-0.02556566348862148,0.17130378636891014,0.21957871096138548
671_T1_vs_T3,longitudinal,2,RFArm_to_RHand_rx,RFArm_to_RHand,rx,0.18010830696117094,0.03747754368449369,-0.14263076327667726,0.17130378636891014,0.21957871096138548
671_T1_vs_T3,longitudinal,2,RFArm_to_RHand_ry,RFArm_to_RHand,ry,0.0223318495389443,0.052301623827568214,0.029969774288623914,0.17130378636891014,0.21957871096138548
671_T1_vs_T3,longitudinal,2,RFArm_to_RHand_rz,RFArm_to_RHand,rz,0.5350252896479868,0.1153724097874276,-0.4196528798605592,0.17130378636891014,0.21957871096138548
671_T1_vs_T3,longitudinal,2,RShin_to_RFoot_rx,RShin_to_RFoot,rx,0.19118226323175785,0.22364203669672159,0.03245977346496373,0.17130378636891014,0.21957871096138548
671_T1_vs_T3,longitudinal,2,RShin_to_RFoot_ry,RShin_to_RFoot,ry,0.053550446070665086,0.008116362265599029,-0.045434083805066056,0.17130378636891014,0.21957871096138548
671_T1_vs_T3,longitudinal,2,RShin_to_RFoot_rz,RShin_to_RFoot,rz,0.14357361630548285,0.1794638394051423,0.035890223099659446,0.17130378636891014,0.21957871096138548
671_T1_vs_T3,longitudinal,2,RShoulder_to_RUArm_rx,RShoulder_to_RUArm,rx,0.3213476200591753,0.17814844225306745,-0.14319917780610783,0.17130378636891014,0.21957871096138548
671_T1_vs_T3,longitudinal,2,RShoulder_to_RUArm_ry,RShoulder_to_RUArm,ry,0.025836526475091118,0.11171510545212963,0.08587857897703852,0.17130378636891014,0.21957871096138548
671_T1_vs_T3,longitudinal,2,RShoulder_to_RUArm_rz,RShoulder_to_RUArm,rz,0.09408254076865591,0.15465041783776715,0.06056787706911124,0.17130378636891014,0.21957871096138548
671_T1_vs_T3,longitudinal,2,RThigh_to_RShin_rx,RThigh_to_RShin,rx,0.29550675075404886,0.07948898198598597,-0.2160177687680629,0.17130378636891014,0.21957871096138548
671_T1_vs_T3,longitudinal,2,RThigh_to_RShin_ry,RThigh_to_RShin,ry,7.663942551815134e-09,1.5556372258447583e-08,7.892429706632448e-09,0.17130378636891014,0.21957871096138548
671_T1_vs_T3,longitudinal,2,RThigh_to_RShin_rz,RThigh_to_RShin,rz,2.2829506639598262e-08,1.5744404071777875e-08,-7.085102567820388e-09,0.17130378636891014,0.21957871096138548
671_T1_vs_T3,longitudinal,2,RUArm_to_RFArm_rx,RUArm_to_RFArm,rx,0.13659462036966583,0.18518637282342806,0.04859175245376224,0.17130378636891014,0.21957871096138548
671_T1_vs_T3,longitudinal,2,RUArm_to_RFArm_ry,RUArm_to_RFArm,ry,0.06557157516392995,0.3184157699164253,0.2528441947524953,0.17130378636891014,0.21957871096138548
671_T1_vs_T3,longitudinal,2,RUArm_to_RFArm_rz,RUArm_to_RFArm,rz,0.0889456577056116,0.11928692923192623,0.030341271526314634,0.17130378636891014,0.21957871096138548
671_T1_vs_T3,longitudinal,3,Chest_to_LShoulder_rx,Chest_to_LShoulder,rx,0.021180682525192698,0.019312199688637864,-0.0018684828365548335,0.14648023719056846,0.16632557929574912
671_T1_vs_T3,longitudinal,3,Chest_to_LShoulder_ry,Chest_to_LShoulder,ry,0.004662834365474457,0.013718327983262056,0.009055493617787598,0.14648023719056846,0.16632557929574912
671_T1_vs_T3,longitudinal,3,Chest_to_LShoulder_rz,Chest_to_LShoulder,rz,0.01267771699797562,0.07133408285236453,0.058656365854388916,0.14648023719056846,0.16632557929574912
671_T1_vs_T3,longitudinal,3,Chest_to_Neck_rx,Chest_to_Neck,rx,0.032015231316673845,0.022483621416657242,-0.009531609900016603,0.14648023719056846,0.16632557929574912
671_T1_vs_T3,longitudinal,3,Chest_to_Neck_ry,Chest_to_Neck,ry,0.026876592641481647,0.037781374873637155,0.010904782232155508,0.14648023719056846,0.16632557929574912
671_T1_vs_T3,longitudinal,3,Chest_to_Neck_rz,Chest_to_Neck,rz,0.003638104922112065,0.0364897734949748,0.03285166857286274,0.14648023719056846,0.16632557929574912
671_T1_vs_T3,longitudinal,3,Chest_to_RShoulder_rx,Chest_to_RShoulder,rx,0.031289445451494216,0.01087397900522186,-0.020415466446272356,0.14648023719056846,0.16632557929574912
671_T1_vs_T3,longitudinal,3,Chest_to_RShoulder_ry,Chest_to_RShoulder,ry,0.021567268372990906,0.01571133602089251,-0.005855932352098397,0.14648023719056846,0.16632557929574912
671_T1_vs_T3,longitudinal,3,Chest_to_RShoulder_rz,Chest_to_RShoulder,rz,0.08193253664098468,0.049694993212388294,-0.03223754342859639,0.14648023719056846,0.16632557929574912
671_T1_vs_T3,longitudinal,3,LFArm_to_LHand_rx,LFArm_to_LHand,rx,0.020187440356733668,0.01862890860976235,-0.0015585317469713166,0.14648023719056846,0.16632557929574912
671_T1_vs_T3,longitudinal,3,LFArm_to_LHand_ry,LFArm_to_LHand,ry,0.050042681014789925,0.054992016843017924,0.004949335828227999,0.14648023719056846,0.16632557929574912
671_T1_vs_T3,longitudinal,3,LFArm_to_LHand_rz,LFArm_to_LHand,rz,0.004497803149040563,0.04379147706364341,0.03929367391460285,0.14648023719056846,0.16632557929574912
671_T1_vs_T3,longitudinal,3,LShin_to_LFoot_rx,LShin_to_LFoot,rx,0.10977858654533874,0.10653383469206879,-0.0032447518532699587,0.14648023719056846,0.16632557929574912
671_T1_vs_T3,longitudinal,3,LShin_to_LFoot_ry,LShin_to_LFoot,ry,0.12592262637195295,0.03202770978083201,-0.09389491659112094,0.14648023719056846,0.16632557929574912
671_T1_vs_T3,longitudinal,3,LShin_to_LFoot_rz,LShin_to_LFoot,rz,0.16167943767659268,0.13891423415152893,-0.022765203525063754,0.14648023719056846,0.16632557929574912
671_T1_vs_T3,longitudinal,3,LShoulder_to_LUArm_rx,LShoulder_to_LUArm,rx,0.016340050100183776,0.006676022715000532,-0.009664027385183245,0.14648023719056846,0.16632557929574912
671_T1_vs_T3,longitudinal,3,LShoulder_to_LUArm_ry,LShoulder_to_LUArm,ry,0.0697015707156693,0.14560908321189175,0.07590751249622245,0.14648023719056846,0.16632557929574912
671_T1_vs_T3,longitudinal,3,LShoulder_to_LUArm_rz,LShoulder_to_LUArm,rz,0.04801504899408492,0.12519880928590021,0.07718376029181528,0.14648023719056846,0.16632557929574912
671_T1_vs_T3,longitudinal,3,LThigh_to_LShin_rx,LThigh_to_LShin,rx,0.5784836174870932,0.3311111449043656,-0.2473724725827276,0.14648023719056846,0.16632557929574912
671_T1_vs_T3,longitudinal,3,LThigh_to_LShin_ry,LThigh_to_LShin,ry,6.840513618391012e-09,2.161779492596095e-09,-4.678734125794917e-09,0.14648023719056846,0.16632557929574912
671_T1_vs_T3,longitudinal,3,LThigh_to_LShin_rz,LThigh_to_LShin,rz,7.1287612500387796e-09,8.579457364184673e-09,1.4506961141458935e-09,0.14648023719056846,0.16632557929574912
671_T1_vs_T3,longitudinal,3,LUArm_to_LFArm_rx,LUArm_to_LFArm,rx,0.18549214902015368,0.31279015691398926,0.12729800789383558,0.14648023719056846,0.16632557929574912
671_T1_vs_T3,longitudinal,3,LUArm_to_LFArm_ry,LUArm_to_LFArm,ry,0.20475859337478886,0.3025202048095147,0.09776161143472584,0.14648023719056846,0.16632557929574912
671_T1_vs_T3,longitudinal,3,LUArm_to_LFArm_rz,LUArm_to_LFArm,rz,0.12199719522640906,0.16361742794724696,0.041620232720837896,0.14648023719056846,0.16632557929574912
671_T1_vs_T3,longitudinal,3,Neck_to_Head_rx,Neck_to_Head,rx,0.03201519566244409,0.022483591817794836,-0.009531603844649253,0.14648023719056846,0.16632557929574912
671_T1_vs_T3,longitudinal,3,Neck_to_Head_ry,Neck_to_Head,ry,0.026876598404881137,0.03778138127139823,0.010904782866517096,0.14648023719056846,0.16632557929574912
671_T1_vs_T3,longitudinal,3,Neck_to_Head_rz,Neck_to_Head,rz,0.0036380672338693965,0.036489701044584745,0.03285163381071535,0.14648023719056846,0.16632557929574912
671_T1_vs_T3,longitudinal,3,RFArm_to_RHand_rx,RFArm_to_RHand,rx,0.2199993307231334,0.07981691761922706,-0.14018241310390633,0.14648023719056846,0.16632557929574912
671_T1_vs_T3,longitudinal,3,RFArm_to_RHand_ry,RFArm_to_RHand,ry,0.05506108247076812,0.09331575678851609,0.03825467431774796,0.14648023719056846,0.16632557929574912
671_T1_vs_T3,longitudinal,3,RFArm_to_RHand_rz,RFArm_to_RHand,rz,0.4875055252768723,0.1815559979842648,-0.3059495272926075,0.14648023719056846,0.16632557929574912
671_T1_vs_T3,longitudinal,3,RShin_to_RFoot_rx,RShin_to_RFoot,rx,0.20060373009223373,0.1477504095814477,-0.052853320510786034,0.14648023719056846,0.16632557929574912
671_T1_vs_T3,longitudinal,3,RShin_to_RFoot_ry,RShin_to_RFoot,ry,0.02479560228492385,0.078182527557429,0.053386925272505145,0.14648023719056846,0.16632557929574912
671_T1_vs_T3,longitudinal,3,RShin_to_RFoot_rz,RShin_to_RFoot,rz,0.18587051947210373,0.16663129544166136,-0.01923922403044237,0.14648023719056846,0.16632557929574912
671_T1_vs_T3,longitudinal,3,RShoulder_to_RUArm_rx,RShoulder_to_RUArm,rx,0.14187493740017493,0.01151251622917909,-0.13036242117099583,0.14648023719056846,0.16632557929574912
671_T1_vs_T3,longitudinal,3,RShoulder_to_RUArm_ry,RShoulder_to_RUArm,ry,0.11741301394873765,0.013918586477712214,-0.10349442747102544,0.14648023719056846,0.16632557929574912
671_T1_vs_T3,longitudinal,3,RShoulder_to_RUArm_rz,RShoulder_to_RUArm,rz,0.07095607441968484,0.096259814929608,0.025303740509923164,0.14648023719056846,0.16632557929574912
671_T1_vs_T3,longitudinal,3,RThigh_to_RShin_rx,RThigh_to_RShin,rx,0.17661154762956166,0.4962004278737631,0.31958888024420146,0.14648023719056846,0.16632557929574912
671_T1_vs_T3,longitudinal,3,RThigh_to_RShin_ry,RThigh_to_RShin,ry,1.019064928759159e-09,2.2363200364227212e-08,2.134413543546805e-08,0.14648023719056846,0.16632557929574912
671_T1_vs_T3,longitudinal,3,RThigh_to_RShin_rz,RThigh_to_RShin,rz,3.191806312354919e-08,1.7875398173133747e-08,-1.4042664950415444e-08,0.14648023719056846,0.16632557929574912
671_T1_vs_T3,longitudinal,3,RUArm_to_RFArm_rx,RUArm_to_RFArm,rx,0.10012875636004474,0.15202697058163864,0.051898214221593894,0.14648023719056846,0.16632557929574912
671_T1_vs_T3,longitudinal,3,RUArm_to_RFArm_ry,RUArm_to_RFArm,ry,0.22215934783819943,0.44344133384751433,0.2212819860093149,0.14648023719056846,0.16632557929574912
671_T1_vs_T3,longitudinal,3,RUArm_to_RFArm_rz,RUArm_to_RFArm,rz,0.05831738945551269,0.07767508052601306,0.019357691070500373,0.14648023719056846,0.16632557929574912
671_T1_vs_T3,longitudinal,4,Chest_to_LShoulder_rx,Chest_to_LShoulder,rx,0.060747747690636435,0.11200089732234872,0.051253149631712284,0.10505857542136496,0.11799290399643901
671_T1_vs_T3,longitudinal,4,Chest_to_LShoulder_ry,Chest_to_LShoulder,ry,0.007399789031917347,0.013513704169279038,0.006113915137361692,0.10505857542136496,0.11799290399643901
671_T1_vs_T3,longitudinal,4,Chest_to_LShoulder_rz,Chest_to_LShoulder,rz,0.01731882007495101,0.04397651095400689,0.02665769087905588,0.10505857542136496,0.11799290399643901
671_T1_vs_T3,longitudinal,4,Chest_to_Neck_rx,Chest_to_Neck,rx,0.03309638410701515,0.0020514870012053933,-0.03104489710580976,0.10505857542136496,0.11799290399643901
671_T1_vs_T3,longitudinal,4,Chest_to_Neck_ry,Chest_to_Neck,ry,0.02058021221380276,0.011742293403154878,-0.008837918810647882,0.10505857542136496,0.11799290399643901
671_T1_vs_T3,longitudinal,4,Chest_to_Neck_rz,Chest_to_Neck,rz,0.013122089607933724,0.02260295346099284,0.009480863853059115,0.10505857542136496,0.11799290399643901
671_T1_vs_T3,longitudinal,4,Chest_to_RShoulder_rx,Chest_to_RShoulder,rx,0.039473268090476216,0.05228255148452728,0.012809283394051067,0.10505857542136496,0.11799290399643901
671_T1_vs_T3,longitudinal,4,Chest_to_RShoulder_ry,Chest_to_RShoulder,ry,0.016699219351047546,0.00795869134339538,-0.008740528007652166,0.10505857542136496,0.11799290399643901
671_T1_vs_T3,longitudinal,4,Chest_to_RShoulder_rz,Chest_to_RShoulder,rz,0.04664962300633305,0.0723253035001349,0.025675680493801846,0.10505857542136496,0.11799290399643901
671_T1_vs_T3,longitudinal,4,LFArm_to_LHand_rx,LFArm_to_LHand,rx,0.1536074501346681,0.1568360334174185,0.0032285832827504135,0.10505857542136496,0.11799290399643901
671_T1_vs_T3,longitudinal,4,LFArm_to_LHand_ry,LFArm_to_LHand,ry,0.010823079813996696,0.060872569187815195,0.0500494893738185,0.10505857542136496,0.11799290399643901
671_T1_vs_T3,longitudinal,4,LFArm_to_LHand_rz,LFArm_to_LHand,rz,0.3124601633744085,0.34663980405420325,0.03417964067979473,0.10505857542136496,0.11799290399643901
671_T1_vs_T3,longitudinal,4,LShin_to_LFoot_rx,LShin_to_LFoot,rx,0.06460697105520369,0.053274707950147396,-0.011332263105056292,0.10505857542136496,0.11799290399643901
671_T1_vs_T3,longitudinal,4,LShin_to_LFoot_ry,LShin_to_LFoot,ry,0.023386126886128056,0.04356603759997467,0.020179910713846613,0.10505857542136496,0.11799290399643901
671_T1_vs_T3,longitudinal,4,LShin_to_LFoot_rz,LShin_to_LFoot,rz,0.02205184807652193,0.08688429560909419,0.06483244753257227,0.10505857542136496,0.11799290399643901
671_T1_vs_T3,longitudinal,4,LShoulder_to_LUArm_rx,LShoulder_to_LUArm,rx,0.17544248913412047,0.24975534728605958,0.07431285815193911,0.10505857542136496,0.11799290399643901
671_T1_vs_T3,longitudinal,4,LShoulder_to_LUArm_ry,LShoulder_to_LUArm,ry,0.07484525935730324,0.002136770882779157,-0.07270848847452409,0.10505857542136496,0.11799290399643901
671_T1_vs_T3,longitudinal,4,LShoulder_to_LUArm_rz,LShoulder_to_LUArm,rz,0.04067451678201203,0.18639803245748973,0.1457235156754777,0.10505857542136496,0.11799290399643901
671_T1_vs_T3,longitudinal,4,LThigh_to_LShin_rx,LThigh_to_LShin,rx,0.18306589708244309,0.1351674269470144,-0.047898470135428695,0.10505857542136496,0.11799290399643901
671_T1_vs_T3,longitudinal,4,LThigh_to_LShin_ry,LThigh_to_LShin,ry,2.146079691861191e-08,1.31040117473097e-08,-8.35678517130221e-09,0.10505857542136496,0.11799290399643901
671_T1_vs_T3,longitudinal,4,LThigh_to_LShin_rz,LThigh_to_LShin,rz,2.6484924666600087e-08,2.4836643063427595e-08,-1.6482816031724921e-09,0.10505857542136496,0.11799290399643901
671_T1_vs_T3,longitudinal,4,LUArm_to_LFArm_rx,LUArm_to_LFArm,rx,0.08927762781450518,0.1751176437546006,0.08584001594009541,0.10505857542136496,0.11799290399643901
671_T1_vs_T3,longitudinal,4,LUArm_to_LFArm_ry,LUArm_to_LFArm,ry,0.13045856815768025,0.3237538955499285,0.19329532739224825,0.10505857542136496,0.11799290399643901
671_T1_vs_T3,longitudinal,4,LUArm_to_LFArm_rz,LUArm_to_LFArm,rz,0.004794228484675302,0.12307561015330135,0.11828138166862605,0.10505857542136496,0.11799290399643901
671_T1_vs_T3,longitudinal,4,Neck_to_Head_rx,Neck_to_Head,rx,0.03309637380774615,0.0020514702057035012,-0.03104490360204265,0.10505857542136496,0.11799290399643901
671_T1_vs_T3,longitudinal,4,Neck_to_Head_ry,Neck_to_Head,ry,0.020580207823704812,0.011742294464108603,-0.00883791335959621,0.10505857542136496,0.11799290399643901
671_T1_vs_T3,longitudinal,4,Neck_to_Head_rz,Neck_to_Head,rz,0.013122124983459448,0.022603005782526116,0.009480880799066668,0.10505857542136496,0.11799290399643901
671_T1_vs_T3,longitudinal,4,RFArm_to_RHand_rx,RFArm_to_RHand,rx,0.034087060213699796,0.2402952192097812,0.20620815899608141,0.10505857542136496,0.11799290399643901
671_T1_vs_T3,longitudinal,4,RFArm_to_RHand_ry,RFArm_to_RHand,ry,0.08210502234673175,0.08859069312548179,0.006485670778750036,0.10505857542136496,0.11799290399643901
671_T1_vs_T3,longitudinal,4,RFArm_to_RHand_rz,RFArm_to_RHand,rz,0.15645514762194465,0.49233725633144915,0.3358821087095045,0.10505857542136496,0.11799290399643901
671_T1_vs_T3,longitudinal,4,RShin_to_RFoot_rx,RShin_to_RFoot,rx,0.030574737423181692,0.04389040457243234,0.013315667149250646,0.10505857542136496,0.11799290399643901
671_T1_vs_T3,longitudinal,4,RShin_to_RFoot_ry,RShin_to_RFoot,ry,0.045436356215752434,0.067038286194208,0.021601929978455565,0.10505857542136496,0.11799290399643901
671_T1_vs_T3,longitudinal,4,RShin_to_RFoot_rz,RShin_to_RFoot,rz,0.026505037142740145,0.07477573188114474,0.04827069473840459,0.10505857542136496,0.11799290399643901
671_T1_vs_T3,longitudinal,4,RShoulder_to_RUArm_rx,RShoulder_to_RUArm,rx,0.05556702049545984,0.20513920902064592,0.14957218852518608,0.10505857542136496,0.11799290399643901
671_T1_vs_T3,longitudinal,4,RShoulder_to_RUArm_ry,RShoulder_to_RUArm,ry,0.06730390346915537,0.08294393112733023,0.015640027658174863,0.10505857542136496,0.11799290399643901
671_T1_vs_T3,longitudinal,4,RShoulder_to_RUArm_rz,RShoulder_to_RUArm,rz,0.09291368318214889,0.03872378658842257,-0.05418989659372632,0.10505857542136496,0.11799290399643901
671_T1_vs_T3,longitudinal,4,RThigh_to_RShin_rx,RThigh_to_RShin,rx,0.08801370545302167,0.1971923912654951,0.10917868581247342,0.10505857542136496,0.11799290399643901
671_T1_vs_T3,longitudinal,4,RThigh_to_RShin_ry,RThigh_to_RShin,ry,8.33742846222249e-09,1.9172949371833944e-08,1.0835520909611453e-08,0.10505857542136496,0.11799290399643901
671_T1_vs_T3,longitudinal,4,RThigh_to_RShin_rz,RThigh_to_RShin,rz,2.093420480822828e-08,2.5266762841599477e-08,4.332558033371197e-09,0.10505857542136496,0.11799290399643901
671_T1_vs_T3,longitudinal,4,RUArm_to_RFArm_rx,RUArm_to_RFArm,rx,0.14610000647206275,0.12732007932133407,-0.01877992715072868,0.10505857542136496,0.11799290399643901
671_T1_vs_T3,longitudinal,4,RUArm_to_RFArm_ry,RUArm_to_RFArm,ry,0.8192446096771271,0.3427335283832063,-0.4765110812939208,0.10505857542136496,0.11799290399643901
671_T1_vs_T3,longitudinal,4,RUArm_to_RFArm_rz,RUArm_to_RFArm,rz,0.11339882289016846,0.07880557838690698,-0.03459324450326148,0.10505857542136496,0.11799290399643901
671_T1_vs_T3,longitudinal,5,Chest_to_LShoulder_rx,Chest_to_LShoulder,rx,0.13036376260189267,0.0015783245064459877,-0.12878543809544668,0.05738995775442161,0.0708077874834488
671_T1_vs_T3,longitudinal,5,Chest_to_LShoulder_ry,Chest_to_LShoulder,ry,0.04407745026451216,0.01666463948475678,-0.02741281077975538,0.05738995775442161,0.0708077874834488
671_T1_vs_T3,longitudinal,5,Chest_to_LShoulder_rz,Chest_to_LShoulder,rz,0.0037905509378844127,0.005500480429783862,0.001709929491899449,0.05738995775442161,0.0708077874834488
671_T1_vs_T3,longitudinal,5,Chest_to_Neck_rx,Chest_to_Neck,rx,0.019768096373162743,0.035770870005825316,0.016002773632662573,0.05738995775442161,0.0708077874834488
671_T1_vs_T3,longitudinal,5,Chest_to_Neck_ry,Chest_to_Neck,ry,0.01707000554390758,0.015089083372891091,-0.0019809221710164904,0.05738995775442161,0.0708077874834488
671_T1_vs_T3,longitudinal,5,Chest_to_Neck_rz,Chest_to_Neck,rz,0.011648819042441238,0.003634150053662194,-0.008014668988779044,0.05738995775442161,0.0708077874834488
671_T1_vs_T3,longitudinal,5,Chest_to_RShoulder_rx,Chest_to_RShoulder,rx,0.010429726372255742,0.027255083052973885,0.01682535668071814,0.05738995775442161,0.0708077874834488
671_T1_vs_T3,longitudinal,5,Chest_to_RShoulder_ry,Chest_to_RShoulder,ry,0.009182051937291902,0.022469916221742523,0.013287864284450621,0.05738995775442161,0.0708077874834488
671_T1_vs_T3,longitudinal,5,Chest_to_RShoulder_rz,Chest_to_RShoulder,rz,0.03994750521836395,0.018265847021976152,-0.0216816581963878,0.05738995775442161,0.0708077874834488
671_T1_vs_T3,longitudinal,5,LFArm_to_LHand_rx,LFArm_to_LHand,rx,0.292376109404288,0.016702073196217422,-0.27567403620807057,0.05738995775442161,0.0708077874834488
671_T1_vs_T3,longitudinal,5,LFArm_to_LHand_ry,LFArm_to_LHand,ry,0.07451799545286965,0.035723324543035284,-0.038794670909834364,0.05738995775442161,0.0708077874834488
671_T1_vs_T3,longitudinal,5,LFArm_to_LHand_rz,LFArm_to_LHand,rz,0.44418024450961263,0.024787582415422026,-0.4193926620941906,0.05738995775442161,0.0708077874834488
671_T1_vs_T3,longitudinal,5,LShin_to_LFoot_rx,LShin_to_LFoot,rx,0.10051267311791376,0.07357095245022945,-0.026941720667684313,0.05738995775442161,0.0708077874834488
671_T1_vs_T3,longitudinal,5,LShin_to_LFoot_ry,LShin_to_LFoot,ry,0.07765541280358493,0.11377251116104392,0.03611709835745899,0.05738995775442161,0.0708077874834488
671_T1_vs_T3,longitudinal,5,LShin_to_LFoot_rz,LShin_to_LFoot,rz,0.03556499499821614,0.0030546856048887473,-0.03251030939332739,0.05738995775442161,0.0708077874834488
671_T1_vs_T3,longitudinal,5,LShoulder_to_LUArm_rx,LShoulder_to_LUArm,rx,0.35121699369417947,0.013748812693041004,-0.33746818100113846,0.05738995775442161,0.0708077874834488
671_T1_vs_T3,longitudinal,5,LShoulder_to_LUArm_ry,LShoulder_to_LUArm,ry,0.15701118238947867,0.010695067184516406,-0.14631611520496227,0.05738995775442161,0.0708077874834488
671_T1_vs_T3,longitudinal,5,LShoulder_to_LUArm_rz,LShoulder_to_LUArm,rz,0.23742927908671047,0.01793291227842891,-0.21949636680828155,0.05738995775442161,0.0708077874834488
671_T1_vs_T3,longitudinal,5,LThigh_to_LShin_rx,LThigh_to_LShin,rx,0.07912999534272075,0.0657015447260795,-0.013428450616641247,0.05738995775442161,0.0708077874834488
671_T1_vs_T3,longitudinal,5,LThigh_to_LShin_ry,LThigh_to_LShin,ry,3.4153946874777146e-08,7.224937605937565e-08,3.80954291845985e-08,0.05738995775442161,0.0708077874834488
671_T1_vs_T3,longitudinal,5,LThigh_to_LShin_rz,LThigh_to_LShin,rz,3.844034866820668e-09,2.0130332625252328e-09,-1.8310016042954353e-09,0.05738995775442161,0.0708077874834488
671_T1_vs_T3,longitudinal,5,LUArm_to_LFArm_rx,LUArm_to_LFArm,rx,0.22575522256489752,0.15440284862026096,-0.07135237394463656,0.05738995775442161,0.0708077874834488
671_T1_vs_T3,longitudinal,5,LUArm_to_LFArm_ry,LUArm_to_LFArm,ry,0.4714959285015528,0.2642565689607476,-0.2072393595408052,0.05738995775442161,0.0708077874834488
671_T1_vs_T3,longitudinal,5,LUArm_to_LFArm_rz,LUArm_to_LFArm,rz,0.16133662753466424,0.15156863867585096,-0.009767988858813276,0.05738995775442161,0.0708077874834488
671_T1_vs_T3,longitudinal,5,Neck_to_Head_rx,Neck_to_Head,rx,0.01976807347747492,0.03577084207694398,0.016002768599469062,0.05738995775442161,0.0708077874834488
671_T1_vs_T3,longitudinal,5,Neck_to_Head_ry,Neck_to_Head,ry,0.017070035960427957,0.015089069859764818,-0.0019809661006631382,0.05738995775442161,0.0708077874834488
671_T1_vs_T3,longitudinal,5,Neck_to_Head_rz,Neck_to_Head,rz,0.011648831673589133,0.0036340932836738346,-0.008014738389915298,0.05738995775442161,0.0708077874834488
671_T1_vs_T3,longitudinal,5,RFArm_to_RHand_rx,RFArm_to_RHand,rx,0.09968880706158256,0.11763526566778243,0.017946458606199867,0.05738995775442161,0.0708077874834488
671_T1_vs_T3,longitudinal,5,RFArm_to_RHand_ry,RFArm_to_RHand,ry,0.07123808067790705,0.08699767535121192,0.015759594673304872,0.05738995775442161,0.0708077874834488
671_T1_vs_T3,longitudinal,5,RFArm_to_RHand_rz,RFArm_to_RHand,rz,0.2963194494646755,0.35897096379111293,0.06265151432643745,0.05738995775442161,0.0708077874834488
671_T1_vs_T3,longitudinal,5,RShin_to_RFoot_rx,RShin_to_RFoot,rx,0.051307686234489495,0.1547024121350309,0.10339472590054138,0.05738995775442161,0.0708077874834488
671_T1_vs_T3,longitudinal,5,RShin_to_RFoot_ry,RShin_to_RFoot,ry,0.06731212550036006,0.0656271577301913,-0.0016849677701687577,0.05738995775442161,0.0708077874834488
671_T1_vs_T3,longitudinal,5,RShin_to_RFoot_rz,RShin_to_RFoot,rz,0.09400516858706114,0.08126493631258107,-0.012740232274480068,0.05738995775442161,0.0708077874834488
671_T1_vs_T3,longitudinal,5,RShoulder_to_RUArm_rx,RShoulder_to_RUArm,rx,0.05648931268029076,0.1731624357824484,0.11667312310215763,0.05738995775442161,0.0708077874834488
671_T1_vs_T3,longitudinal,5,RShoulder_to_RUArm_ry,RShoulder_to_RUArm,ry,0.028604809072932877,0.054191687450575614,0.025586878377642737,0.05738995775442161,0.0708077874834488
671_T1_vs_T3,longitudinal,5,RShoulder_to_RUArm_rz,RShoulder_to_RUArm,rz,0.02437745957006844,0.036326737123239264,0.011949277553170823,0.05738995775442161,0.0708077874834488
671_T1_vs_T3,longitudinal,5,RThigh_to_RShin_rx,RThigh_to_RShin,rx,0.10505047633735405,0.4872901349210207,0.38223965858366665,0.05738995775442161,0.0708077874834488
671_T1_vs_T3,longitudinal,5,RThigh_to_RShin_ry,RThigh_to_RShin,ry,4.327353748129299e-08,1.3070045775668358e-08,-3.020349170562463e-08,0.05738995775442161,0.0708077874834488
671_T1_vs_T3,longitudinal,5,RThigh_to_RShin_rz,RThigh_to_RShin,rz,3.836626679403376e-09,2.008865870315676e-08,1.6252032023753384e-08,0.05738995775442161,0.0708077874834488
671_T1_vs_T3,longitudinal,5,RUArm_to_RFArm_rx,RUArm_to_RFArm,rx,0.09080932553583587,0.0775267376810957,-0.013282587854740166,0.05738995775442161,0.0708077874834488
671_T1_vs_T3,longitudinal,5,RUArm_to_RFArm_ry,RUArm_to_RFArm,ry,0.12948967209054263,0.6138184146727506,0.4843287425822079,0.05738995775442161,0.0708077874834488
671_T1_vs_T3,longitudinal,5,RUArm_to_RFArm_rz,RUArm_to_RFArm,rz,0.049777959645189,0.11557573082227497,0.06579777117708596,0.05738995775442161,0.0708077874834488
671_T1_vs_T3,longitudinal,6,Chest_to_LShoulder_rx,Chest_to_LShoulder,rx,0.05188484822234054,0.009389684060894441,-0.042495164161446095,0.04341264896735403,0.06344396391696894
671_T1_vs_T3,longitudinal,6,Chest_to_LShoulder_ry,Chest_to_LShoulder,ry,0.0420189339322782,0.00011650735980232708,-0.04190242657247587,0.04341264896735403,0.06344396391696894
671_T1_vs_T3,longitudinal,6,Chest_to_LShoulder_rz,Chest_to_LShoulder,rz,0.0643557047622047,0.03392535879763931,-0.03043034596456539,0.04341264896735403,0.06344396391696894
671_T1_vs_T3,longitudinal,6,Chest_to_Neck_rx,Chest_to_Neck,rx,0.040818134733332484,0.03583570824499187,-0.004982426488340616,0.04341264896735403,0.06344396391696894
671_T1_vs_T3,longitudinal,6,Chest_to_Neck_ry,Chest_to_Neck,ry,0.04528649265795374,0.010490725281578296,-0.03479576737637544,0.04341264896735403,0.06344396391696894
671_T1_vs_T3,longitudinal,6,Chest_to_Neck_rz,Chest_to_Neck,rz,0.010291159362141677,0.011242219697774508,0.0009510603356328307,0.04341264896735403,0.06344396391696894
671_T1_vs_T3,longitudinal,6,Chest_to_RShoulder_rx,Chest_to_RShoulder,rx,0.12064651495624656,0.05679977508307375,-0.06384673987317281,0.04341264896735403,0.06344396391696894
671_T1_vs_T3,longitudinal,6,Chest_to_RShoulder_ry,Chest_to_RShoulder,ry,0.015301909532696386,0.0033378024689721727,-0.011964107063724213,0.04341264896735403,0.06344396391696894
671_T1_vs_T3,longitudinal,6,Chest_to_RShoulder_rz,Chest_to_RShoulder,rz,0.09640743270744143,0.023250934440172472,-0.07315649826726896,0.04341264896735403,0.06344396391696894
671_T1_vs_T3,longitudinal,6,LFArm_to_LHand_rx,LFArm_to_LHand,rx,0.10955059227086435,0.06882539936772103,-0.04072519290314332,0.04341264896735403,0.06344396391696894
671_T1_vs_T3,longitudinal,6,LFArm_to_LHand_ry,LFArm_to_LHand,ry,0.14438021611504745,0.07954882848891216,-0.06483138762613529,0.04341264896735403,0.06344396391696894
671_T1_vs_T3,longitudinal,6,LFArm_to_LHand_rz,LFArm_to_LHand,rz,0.017202882406293352,0.04945380839481663,0.03225092598852328,0.04341264896735403,0.06344396391696894
671_T1_vs_T3,longitudinal,6,LShin_to_LFoot_rx,LShin_to_LFoot,rx,0.003864966225066039,0.05907183184583477,0.05520686562076873,0.04341264896735403,0.06344396391696894
671_T1_vs_T3,longitudinal,6,LShin_to_LFoot_ry,LShin_to_LFoot,ry,0.11608969295761672,0.0393971382095611,-0.07669255474805561,0.04341264896735403,0.06344396391696894
671_T1_vs_T3,longitudinal,6,LShin_to_LFoot_rz,LShin_to_LFoot,rz,0.1202130430851063,0.07253204975565686,-0.047680993329449445,0.04341264896735403,0.06344396391696894
671_T1_vs_T3,longitudinal,6,LShoulder_to_LUArm_rx,LShoulder_to_LUArm,rx,0.05361373708678351,0.015287887723066907,-0.03832584936371661,0.04341264896735403,0.06344396391696894
671_T1_vs_T3,longitudinal,6,LShoulder_to_LUArm_ry,LShoulder_to_LUArm,ry,0.19323136008517514,0.003678343502701641,-0.1895530165824735,0.04341264896735403,0.06344396391696894
671_T1_vs_T3,longitudinal,6,LShoulder_to_LUArm_rz,LShoulder_to_LUArm,rz,0.14697348750306977,0.04909403306548146,-0.0978794544375883,0.04341264896735403,0.06344396391696894
671_T1_vs_T3,longitudinal,6,LThigh_to_LShin_rx,LThigh_to_LShin,rx,0.28188483871752545,0.4189333801576712,0.13704854144014572,0.04341264896735403,0.06344396391696894
671_T1_vs_T3,longitudinal,6,LThigh_to_LShin_ry,LThigh_to_LShin,ry,2.074302862896436e-09,2.6182599289103073e-08,2.410829642620664e-08,0.04341264896735403,0.06344396391696894
671_T1_vs_T3,longitudinal,6,LThigh_to_LShin_rz,LThigh_to_LShin,rz,1.3288623302326776e-08,1.700321192293433e-08,3.714588620607554e-09,0.04341264896735403,0.06344396391696894
671_T1_vs_T3,longitudinal,6,LUArm_to_LFArm_rx,LUArm_to_LFArm,rx,0.3454331954450576,0.14820471413818354,-0.19722848130687404,0.04341264896735403,0.06344396391696894
671_T1_vs_T3,longitudinal,6,LUArm_to_LFArm_ry,LUArm_to_LFArm,ry,0.026459209148812786,0.40662099336571084,0.38016178421689806,0.04341264896735403,0.06344396391696894
671_T1_vs_T3,longitudinal,6,LUArm_to_LFArm_rz,LUArm_to_LFArm,rz,0.11043450194780172,0.07862504059331173,-0.03180946135448999,0.04341264896735403,0.06344396391696894
671_T1_vs_T3,longitudinal,6,Neck_to_Head_rx,Neck_to_Head,rx,0.04081807055481875,0.035835667913092506,-0.004982402641726245,0.04341264896735403,0.06344396391696894
671_T1_vs_T3,longitudinal,6,Neck_to_Head_ry,Neck_to_Head,ry,0.04528648500916508,0.010490696463639669,-0.03479578854552541,0.04341264896735403,0.06344396391696894
671_T1_vs_T3,longitudinal,6,Neck_to_Head_rz,Neck_to_Head,rz,0.010291136460445736,0.011242297180246968,0.000951160719801232,0.04341264896735403,0.06344396391696894
671_T1_vs_T3,longitudinal,6,RFArm_to_RHand_rx,RFArm_to_RHand,rx,0.14882239873826456,0.10385734796203347,-0.044965050776231086,0.04341264896735403,0.06344396391696894
671_T1_vs_T3,longitudinal,6,RFArm_to_RHand_ry,RFArm_to_RHand,ry,0.26635393137122515,0.07440289748142256,-0.19195103388980259,0.04341264896735403,0.06344396391696894
671_T1_vs_T3,longitudinal,6,RFArm_to_RHand_rz,RFArm_to_RHand,rz,0.041531393033863585,0.44422097008094297,0.40268957704707936,0.04341264896735403,0.06344396391696894
671_T1_vs_T3,longitudinal,6,RShin_to_RFoot_rx,RShin_to_RFoot,rx,0.03352900201203033,0.1081500027602577,0.07462100074822736,0.04341264896735403,0.06344396391696894
671_T1_vs_T3,longitudinal,6,RShin_to_RFoot_ry,RShin_to_RFoot,ry,0.023406063862850428,0.05669088033471689,0.033284816471866464,0.04341264896735403,0.06344396391696894
671_T1_vs_T3,longitudinal,6,RShin_to_RFoot_rz,RShin_to_RFoot,rz,0.03770818086988385,0.0802747266611908,0.04256654579130695,0.04341264896735403,0.06344396391696894
671_T1_vs_T3,longitudinal,6,RShoulder_to_RUArm_rx,RShoulder_to_RUArm,rx,0.27939262639415846,0.12266696930057734,-0.1567256570935811,0.04341264896735403,0.06344396391696894
671_T1_vs_T3,longitudinal,6,RShoulder_to_RUArm_ry,RShoulder_to_RUArm,ry,0.03475393596419344,0.011537810465751999,-0.02321612549844144,0.04341264896735403,0.06344396391696894
671_T1_vs_T3,longitudinal,6,RShoulder_to_RUArm_rz,RShoulder_to_RUArm,rz,0.25421176788121674,0.022710336071541524,-0.23150143180967522,0.04341264896735403,0.06344396391696894
671_T1_vs_T3,longitudinal,6,RThigh_to_RShin_rx,RThigh_to_RShin,rx,0.1068899332481801,0.5471974759572936,0.44030754270911354,0.04341264896735403,0.06344396391696894
671_T1_vs_T3,longitudinal,6,RThigh_to_RShin_ry,RThigh_to_RShin,ry,3.8322215487583594e-08,2.1946592309123672e-08,-1.6375623178459922e-08,0.04341264896735403,0.06344396391696894
671_T1_vs_T3,longitudinal,6,RThigh_to_RShin_rz,RThigh_to_RShin,rz,7.468733289230845e-09,5.1014836403530474e-09,-2.367249648877797e-09,0.04341264896735403,0.06344396391696894
671_T1_vs_T3,longitudinal,6,RUArm_to_RFArm_rx,RUArm_to_RFArm,rx,0.49740547653111156,0.15911402531948546,-0.33829145121162607,0.04341264896735403,0.06344396391696894
671_T1_vs_T3,longitudinal,6,RUArm_to_RFArm_ry,RUArm_to_RFArm,ry,0.2148568046043476,0.02231067450076504,-0.19254613010358257,0.04341264896735403,0.06344396391696894
671_T1_vs_T3,longitudinal,6,RUArm_to_RFArm_rz,RUArm_to_RFArm,rz,0.2797995781030824,0.14329613805158398,-0.13650344005149845,0.04341264896735403,0.06344396391696894
671_T1_vs_T3,longitudinal,7,Chest_to_LShoulder_rx,Chest_to_LShoulder,rx,0.025802329237293305,0.11528228294295068,0.08947995370565737,0.0318830560747323,0.05479985461958399
671_T1_vs_T3,longitudinal,7,Chest_to_LShoulder_ry,Chest_to_LShoulder,ry,0.009215687847758641,0.056258649883787676,0.047042962036029035,0.0318830560747323,0.05479985461958399
671_T1_vs_T3,longitudinal,7,Chest_to_LShoulder_rz,Chest_to_LShoulder,rz,0.02132665822985306,0.019156616104960104,-0.002170042124892954,0.0318830560747323,0.05479985461958399
671_T1_vs_T3,longitudinal,7,Chest_to_Neck_rx,Chest_to_Neck,rx,0.0011374512047547915,0.009087146193275972,0.007949694988521182,0.0318830560747323,0.05479985461958399
671_T1_vs_T3,longitudinal,7,Chest_to_Neck_ry,Chest_to_Neck,ry,0.00337821793704533,0.025236896378847146,0.021858678441801817,0.0318830560747323,0.05479985461958399
671_T1_vs_T3,longitudinal,7,Chest_to_Neck_rz,Chest_to_Neck,rz,0.009605433497964935,0.029204389205945674,0.019598955707980738,0.0318830560747323,0.05479985461958399
671_T1_vs_T3,longitudinal,7,Chest_to_RShoulder_rx,Chest_to_RShoulder,rx,0.011624128195463698,0.12282537685828306,0.11120124866281936,0.0318830560747323,0.05479985461958399
671_T1_vs_T3,longitudinal,7,Chest_to_RShoulder_ry,Chest_to_RShoulder,ry,0.017581133669554102,0.020873255310545093,0.0032921216409909915,0.0318830560747323,0.05479985461958399
671_T1_vs_T3,longitudinal,7,Chest_to_RShoulder_rz,Chest_to_RShoulder,rz,0.00645710536299639,0.06167621285946516,0.05521910749646877,0.0318830560747323,0.05479985461958399
671_T1_vs_T3,longitudinal,7,LFArm_to_LHand_rx,LFArm_to_LHand,rx,0.009040643167186588,0.14579531893389153,0.13675467576670494,0.0318830560747323,0.05479985461958399
671_T1_vs_T3,longitudinal,7,LFArm_to_LHand_ry,LFArm_to_LHand,ry,0.02973802389623951,0.00598560123408419,-0.02375242266215532,0.0318830560747323,0.05479985461958399
671_T1_vs_T3,longitudinal,7,LFArm_to_LHand_rz,LFArm_to_LHand,rz,0.11309310269705466,0.328919829819299,0.21582672712224435,0.0318830560747323,0.05479985461958399
671_T1_vs_T3,longitudinal,7,LShin_to_LFoot_rx,LShin_to_LFoot,rx,0.012353381030941047,0.0354051574096479,0.023051776378706854,0.0318830560747323,0.05479985461958399
671_T1_vs_T3,longitudinal,7,LShin_to_LFoot_ry,LShin_to_LFoot,ry,0.11547030924819683,0.014051077774632353,-0.10141923147356448,0.0318830560747323,0.05479985461958399
671_T1_vs_T3,longitudinal,7,LShin_to_LFoot_rz,LShin_to_LFoot,rz,0.01790314925056619,0.01847995561340813,0.0005768063628419397,0.0318830560747323,0.05479985461958399
671_T1_vs_T3,longitudinal,7,LShoulder_to_LUArm_rx,LShoulder_to_LUArm,rx,0.07831073526151924,0.2807094264343428,0.20239869117282358,0.0318830560747323,0.05479985461958399
671_T1_vs_T3,longitudinal,7,LShoulder_to_LUArm_ry,LShoulder_to_LUArm,ry,0.05289602214260269,0.2638729237231301,0.2109769015805274,0.0318830560747323,0.05479985461958399
671_T1_vs_T3,longitudinal,7,LShoulder_to_LUArm_rz,LShoulder_to_LUArm,rz,0.03169386582384671,0.2163103036140546,0.1846164377902079,0.0318830560747323,0.05479985461958399
671_T1_vs_T3,longitudinal,7,LThigh_to_LShin_rx,LThigh_to_LShin,rx,0.3104836182199633,0.021420261809010306,-0.289063356410953,0.0318830560747323,0.05479985461958399
671_T1_vs_T3,longitudinal,7,LThigh_to_LShin_ry,LThigh_to_LShin,ry,6.988248653878974e-08,1.7594579101212e-08,-5.2287907437577735e-08,0.0318830560747323,0.05479985461958399
671_T1_vs_T3,longitudinal,7,LThigh_to_LShin_rz,LThigh_to_LShin,rz,1.9415917550325346e-08,4.2494448860485626e-09,-1.5166472664276784e-08,0.0318830560747323,0.05479985461958399
671_T1_vs_T3,longitudinal,7,LUArm_to_LFArm_rx,LUArm_to_LFArm,rx,0.04509664130535148,0.03549294506879122,-0.00960369623656026,0.0318830560747323,0.05479985461958399
671_T1_vs_T3,longitudinal,7,LUArm_to_LFArm_ry,LUArm_to_LFArm,ry,0.12125173909457984,0.45433530230795,0.3330835632133702,0.0318830560747323,0.05479985461958399
671_T1_vs_T3,longitudinal,7,LUArm_to_LFArm_rz,LUArm_to_LFArm,rz,0.05925625601801922,0.09279622785801402,0.0335399718399948,0.0318830560747323,0.05479985461958399
671_T1_vs_T3,longitudinal,7,Neck_to_Head_rx,Neck_to_Head,rx,0.001137450158822872,0.009087118833492155,0.007949668674669284,0.0318830560747323,0.05479985461958399
671_T1_vs_T3,longitudinal,7,Neck_to_Head_ry,Neck_to_Head,ry,0.0033782268669924433,0.0252369036564243,0.021858676789431854,0.0318830560747323,0.05479985461958399
671_T1_vs_T3,longitudinal,7,Neck_to_Head_rz,Neck_to_Head,rz,0.009605550082759859,0.029204410928169635,0.019598860845409776,0.0318830560747323,0.05479985461958399
671_T1_vs_T3,longitudinal,7,RFArm_to_RHand_rx,RFArm_to_RHand,rx,0.05583363637677811,0.0027133898069861347,-0.05312024656979197,0.0318830560747323,0.05479985461958399
671_T1_vs_T3,longitudinal,7,RFArm_to_RHand_ry,RFArm_to_RHand,ry,0.09352394822914413,0.18408523577830838,0.09056128754916425,0.0318830560747323,0.05479985461958399
671_T1_vs_T3,longitudinal,7,RFArm_to_RHand_rz,RFArm_to_RHand,rz,0.0538585555750107,0.2212396898827969,0.1673811343077862,0.0318830560747323,0.05479985461958399
671_T1_vs_T3,longitudinal,7,RShin_to_RFoot_rx,RShin_to_RFoot,rx,0.16531658757233914,0.01289973205126159,-0.15241685552107753,0.0318830560747323,0.05479985461958399
671_T1_vs_T3,longitudinal,7,RShin_to_RFoot_ry,RShin_to_RFoot,ry,0.11061392498736354,0.047649718939477226,-0.06296420604788631,0.0318830560747323,0.05479985461958399
671_T1_vs_T3,longitudinal,7,RShin_to_RFoot_rz,RShin_to_RFoot,rz,0.13805292634633176,0.06090726993027072,-0.07714565641606104,0.0318830560747323,0.05479985461958399
671_T1_vs_T3,longitudinal,7,RShoulder_to_RUArm_rx,RShoulder_to_RUArm,rx,0.1260966507986845,0.3154227524209965,0.18932610162231198,0.0318830560747323,0.05479985461958399
671_T1_vs_T3,longitudinal,7,RShoulder_to_RUArm_ry,RShoulder_to_RUArm,ry,0.03059170291582786,0.02748319208059059,-0.00310851083523727,0.0318830560747323,0.05479985461958399
671_T1_vs_T3,longitudinal,7,RShoulder_to_RUArm_rz,RShoulder_to_RUArm,rz,0.048463368165730186,0.1936289550588418,0.14516558689311163,0.0318830560747323,0.05479985461958399
671_T1_vs_T3,longitudinal,7,RThigh_to_RShin_rx,RThigh_to_RShin,rx,0.8237553371266265,0.07883862941500742,-0.7449167077116191,0.0318830560747323,0.05479985461958399
671_T1_vs_T3,longitudinal,7,RThigh_to_RShin_ry,RThigh_to_RShin,ry,2.383063196883317e-08,4.736730536580939e-08,2.3536673396976217e-08,0.0318830560747323,0.05479985461958399
671_T1_vs_T3,longitudinal,7,RThigh_to_RShin_rz,RThigh_to_RShin,rz,1.1791207279426214e-08,1.682782081286077e-08,5.036613533434554e-09,0.0318830560747323,0.05479985461958399
671_T1_vs_T3,longitudinal,7,RUArm_to_RFArm_rx,RUArm_to_RFArm,rx,0.11428918678748717,0.3742967183426499,0.2600075315551627,0.0318830560747323,0.05479985461958399
671_T1_vs_T3,longitudinal,7,RUArm_to_RFArm_ry,RUArm_to_RFArm,ry,0.19337492863638356,0.017432228746033895,-0.17594269989034966,0.0318830560747323,0.05479985461958399
671_T1_vs_T3,longitudinal,7,RUArm_to_RFArm_rz,RUArm_to_RFArm,rz,0.1495048394972561,0.21005420753368775,0.060549368036431656,0.0318830560747323,0.05479985461958399
671_T1_R1_vs_R2,natural_variability,1,Chest_to_LShoulder_rx,Chest_to_LShoulder,rx,0.09615855149313532,0.09836820756132163,0.002209656068186308,0.21426297024809202,0.4004683933983984
671_T1_R1_vs_R2,natural_variability,1,Chest_to_LShoulder_ry,Chest_to_LShoulder,ry,3.0335704510772955e-05,0.01835339195593444,0.018323056251423667,0.21426297024809202,0.4004683933983984
671_T1_R1_vs_R2,natural_variability,1,Chest_to_LShoulder_rz,Chest_to_LShoulder,rz,0.08608687084089098,0.0679097670194341,-0.018177103821456875,0.21426297024809202,0.4004683933983984
671_T1_R1_vs_R2,natural_variability,1,Chest_to_Neck_rx,Chest_to_Neck,rx,0.028391998762947082,0.012611498358577116,-0.015780500404369964,0.21426297024809202,0.4004683933983984
671_T1_R1_vs_R2,natural_variability,1,Chest_to_Neck_ry,Chest_to_Neck,ry,0.02047435878083168,0.0055806100700199705,-0.014893748710811708,0.21426297024809202,0.4004683933983984
671_T1_R1_vs_R2,natural_variability,1,Chest_to_Neck_rz,Chest_to_Neck,rz,0.04806190482525394,0.0061692085470975485,-0.04189269627815639,0.21426297024809202,0.4004683933983984
671_T1_R1_vs_R2,natural_variability,1,Chest_to_RShoulder_rx,Chest_to_RShoulder,rx,0.0870215939081865,0.019177001763341875,-0.06784459214484463,0.21426297024809202,0.4004683933983984
671_T1_R1_vs_R2,natural_variability,1,Chest_to_RShoulder_ry,Chest_to_RShoulder,ry,0.021841813301955986,0.001556802053344554,-0.020285011248611432,0.21426297024809202,0.4004683933983984
671_T1_R1_vs_R2,natural_variability,1,Chest_to_RShoulder_rz,Chest_to_RShoulder,rz,0.010338807232749048,0.007787622970586096,-0.0025511842621629517,0.21426297024809202,0.4004683933983984
671_T1_R1_vs_R2,natural_variability,1,LFArm_to_LHand_rx,LFArm_to_LHand,rx,0.16351149167768048,0.18079080521937183,0.01727931354169135,0.21426297024809202,0.4004683933983984
671_T1_R1_vs_R2,natural_variability,1,LFArm_to_LHand_ry,LFArm_to_LHand,ry,0.05140736646975066,0.012877945847684312,-0.038529420622066345,0.21426297024809202,0.4004683933983984
671_T1_R1_vs_R2,natural_variability,1,LFArm_to_LHand_rz,LFArm_to_LHand,rz,0.29964061647623746,0.29329979579952403,-0.006340820676713432,0.21426297024809202,0.4004683933983984
671_T1_R1_vs_R2,natural_variability,1,LShin_to_LFoot_rx,LShin_to_LFoot,rx,0.008046522353631215,0.023192331097624405,0.01514580874399319,0.21426297024809202,0.4004683933983984
671_T1_R1_vs_R2,natural_variability,1,LShin_to_LFoot_ry,LShin_to_LFoot,ry,0.050286870622766495,0.0496933261292467,-0.0005935444935197959,0.21426297024809202,0.4004683933983984
671_T1_R1_vs_R2,natural_variability,1,LShin_to_LFoot_rz,LShin_to_LFoot,rz,0.010295561579514494,0.08781623945357062,0.07752067787405612,0.21426297024809202,0.4004683933983984
671_T1_R1_vs_R2,natural_variability,1,LShoulder_to_LUArm_rx,LShoulder_to_LUArm,rx,0.21150853099733596,0.22762631289017302,0.016117781892837052,0.21426297024809202,0.4004683933983984
671_T1_R1_vs_R2,natural_variability,1,LShoulder_to_LUArm_ry,LShoulder_to_LUArm,ry,0.00773396686855351,0.1960739035428428,0.18833993667428928,0.21426297024809202,0.4004683933983984
671_T1_R1_vs_R2,natural_variability,1,LShoulder_to_LUArm_rz,LShoulder_to_LUArm,rz,0.19856037821724448,0.15396582676451237,-0.04459455145273211,0.21426297024809202,0.4004683933983984
671_T1_R1_vs_R2,natural_variability,1,LThigh_to_LShin_rx,LThigh_to_LShin,rx,0.15653776364109107,0.16800527292688497,0.011467509285793903,0.21426297024809202,0.4004683933983984
671_T1_R1_vs_R2,natural_variability,1,LThigh_to_LShin_ry,LThigh_to_LShin,ry,1.067679962276021e-08,6.742585979328347e-09,-3.934213643431863e-09,0.21426297024809202,0.4004683933983984
671_T1_R1_vs_R2,natural_variability,1,LThigh_to_LShin_rz,LThigh_to_LShin,rz,3.0065606810566914e-08,2.9076280053727007e-08,-9.893267568399074e-10,0.21426297024809202,0.4004683933983984
671_T1_R1_vs_R2,natural_variability,1,LUArm_to_LFArm_rx,LUArm_to_LFArm,rx,0.23633864787227601,0.17280273734722962,-0.0635359105250464,0.21426297024809202,0.4004683933983984
671_T1_R1_vs_R2,natural_variability,1,LUArm_to_LFArm_ry,LUArm_to_LFArm,ry,0.6395836979987329,0.551347011700024,-0.08823668629870896,0.21426297024809202,0.4004683933983984
671_T1_R1_vs_R2,natural_variability,1,LUArm_to_LFArm_rz,LUArm_to_LFArm,rz,0.19697873252878018,0.14879655770985642,-0.048182174818923756,0.21426297024809202,0.4004683933983984
671_T1_R1_vs_R2,natural_variability,1,Neck_to_Head_rx,Neck_to_Head,rx,0.028391981555716022,0.012611490908103413,-0.01578049064761261,0.21426297024809202,0.4004683933983984
671_T1_R1_vs_R2,natural_variability,1,Neck_to_Head_ry,Neck_to_Head,ry,0.02047434698611558,0.005580612034886308,-0.014893734951229271,0.21426297024809202,0.4004683933983984
671_T1_R1_vs_R2,natural_variability,1,Neck_to_Head_rz,Neck_to_Head,rz,0.048061923379040965,0.00616917657697379,-0.04189274680206717,0.21426297024809202,0.4004683933983984
671_T1_R1_vs_R2,natural_variability,1,RFArm_to_RHand_rx,RFArm_to_RHand,rx,0.08751661945581758,0.19436436856817663,0.10684774911235904,0.21426297024809202,0.4004683933983984
671_T1_R1_vs_R2,natural_variability,1,RFArm_to_RHand_ry,RFArm_to_RHand,ry,0.045923810165542624,0.029589123706827418,-0.016334686458715206,0.21426297024809202,0.4004683933983984
671_T1_R1_vs_R2,natural_variability,1,RFArm_to_RHand_rz,RFArm_to_RHand,rz,0.3200665645417371,0.344750859403421,0.024684294861683886,0.21426297024809202,0.4004683933983984
671_T1_R1_vs_R2,natural_variability,1,RShin_to_RFoot_rx,RShin_to_RFoot,rx,0.06141076036184972,0.0145539965287871,-0.046856763833062615,0.21426297024809202,0.4004683933983984
671_T1_R1_vs_R2,natural_variability,1,RShin_to_RFoot_ry,RShin_to_RFoot,ry,0.03128826005950847,0.1315941222081936,0.10030586214868514,0.21426297024809202,0.4004683933983984
671_T1_R1_vs_R2,natural_variability,1,RShin_to_RFoot_rz,RShin_to_RFoot,rz,0.06426954646531059,0.02397596403387547,-0.04029358243143512,0.21426297024809202,0.4004683933983984
671_T1_R1_vs_R2,natural_variability,1,RShoulder_to_RUArm_rx,RShoulder_to_RUArm,rx,0.2363143473722991,0.04688685401749046,-0.18942749335480863,0.21426297024809202,0.4004683933983984
671_T1_R1_vs_R2,natural_variability,1,RShoulder_to_RUArm_ry,RShoulder_to_RUArm,ry,0.03349040657988786,0.09896560573964905,0.06547519915976119,0.21426297024809202,0.4004683933983984
671_T1_R1_vs_R2,natural_variability,1,RShoulder_to_RUArm_rz,RShoulder_to_RUArm,rz,0.07965959331623972,0.03902707710011657,-0.04063251621612315,0.21426297024809202,0.4004683933983984
671_T1_R1_vs_R2,natural_variability,1,RThigh_to_RShin_rx,RThigh_to_RShin,rx,0.106511051526638,0.055264993031080796,-0.05124605849555721,0.21426297024809202,0.4004683933983984
671_T1_R1_vs_R2,natural_variability,1,RThigh_to_RShin_ry,RThigh_to_RShin,ry,1.0672412077708293e-08,5.5167336542175005e-09,-5.155678423490793e-09,0.21426297024809202,0.4004683933983984
671_T1_R1_vs_R2,natural_variability,1,RThigh_to_RShin_rz,RThigh_to_RShin,rz,1.9162719898219986e-08,1.4139910460624261e-08,-5.022809437595725e-09,0.21426297024809202,0.4004683933983984
671_T1_R1_vs_R2,natural_variability,1,RUArm_to_RFArm_rx,RUArm_to_RFArm,rx,0.16266813420474183,0.04295335842325439,-0.11971477578148744,0.21426297024809202,0.4004683933983984
671_T1_R1_vs_R2,natural_variability,1,RUArm_to_RFArm_ry,RUArm_to_RFArm,ry,0.011638288879134463,0.40335239419567687,0.3917141053165424,0.21426297024809202,0.4004683933983984
671_T1_R1_vs_R2,natural_variability,1,RUArm_to_RFArm_rz,RUArm_to_RFArm,rz,0.10704437207424126,0.0005069944562764884,-0.10653737761796478,0.21426297024809202,0.4004683933983984
671_T1_R1_vs_R2,natural_variability,2,Chest_to_LShoulder_rx,Chest_to_LShoulder,rx,0.0678487697109301,0.005592086969147585,-0.06225668274178251,0.16732715216188682,0.20140584143331028
671_T1_R1_vs_R2,natural_variability,2,Chest_to_LShoulder_ry,Chest_to_LShoulder,ry,0.001699808685769627,0.002649999339901435,0.0009501906541318078,0.16732715216188682,0.20140584143331028
671_T1_R1_vs_R2,natural_variability,2,Chest_to_LShoulder_rz,Chest_to_LShoulder,rz,0.013593791657525323,0.07355546141734357,0.059961669759818245,0.16732715216188682,0.20140584143331028
671_T1_R1_vs_R2,natural_variability,2,Chest_to_Neck_rx,Chest_to_Neck,rx,0.009992523218948963,0.03539160342402324,0.025399080205074278,0.16732715216188682,0.20140584143331028
671_T1_R1_vs_R2,natural_variability,2,Chest_to_Neck_ry,Chest_to_Neck,ry,0.04363170987637019,0.05028441836922969,0.0066527084928595034,0.16732715216188682,0.20140584143331028
671_T1_R1_vs_R2,natural_variability,2,Chest_to_Neck_rz,Chest_to_Neck,rz,0.024198290963892387,0.03930770087224315,0.01510940990835076,0.16732715216188682,0.20140584143331028
671_T1_R1_vs_R2,natural_variability,2,Chest_to_RShoulder_rx,Chest_to_RShoulder,rx,0.042249300206722074,0.06808405791067142,0.025834757703949343,0.16732715216188682,0.20140584143331028
671_T1_R1_vs_R2,natural_variability,2,Chest_to_RShoulder_ry,Chest_to_RShoulder,ry,0.02115428534287029,0.036531983538252266,0.015377698195381977,0.16732715216188682,0.20140584143331028
671_T1_R1_vs_R2,natural_variability,2,Chest_to_RShoulder_rz,Chest_to_RShoulder,rz,0.031012255320458135,0.03163234480235615,0.0006200894818980118,0.16732715216188682,0.20140584143331028
671_T1_R1_vs_R2,natural_variability,2,LFArm_to_LHand_rx,LFArm_to_LHand,rx,0.09017413572257894,0.008241677717309232,-0.08193245800526971,0.16732715216188682,0.20140584143331028
671_T1_R1_vs_R2,natural_variability,2,LFArm_to_LHand_ry,LFArm_to_LHand,ry,0.005594398738617246,0.038130543597416244,0.032536144858799,0.16732715216188682,0.20140584143331028
671_T1_R1_vs_R2,natural_variability,2,LFArm_to_LHand_rz,LFArm_to_LHand,rz,0.15153234165605736,0.04224311726763248,-0.10928922438842488,0.16732715216188682,0.20140584143331028
671_T1_R1_vs_R2,natural_variability,2,LShin_to_LFoot_rx,LShin_to_LFoot,rx,0.18594874243419177,0.09969460874498262,-0.08625413368920914,0.16732715216188682,0.20140584143331028
671_T1_R1_vs_R2,natural_variability,2,LShin_to_LFoot_ry,LShin_to_LFoot,ry,0.03278829134005473,0.04828407703010249,0.01549578569004776,0.16732715216188682,0.20140584143331028
671_T1_R1_vs_R2,natural_variability,2,LShin_to_LFoot_rz,LShin_to_LFoot,rz,0.24539372122346578,0.19248476474237675,-0.05290895648108904,0.16732715216188682,0.20140584143331028
671_T1_R1_vs_R2,natural_variability,2,LShoulder_to_LUArm_rx,LShoulder_to_LUArm,rx,0.15338776563267878,0.0017821099219958393,-0.15160565571068294,0.16732715216188682,0.20140584143331028
671_T1_R1_vs_R2,natural_variability,2,LShoulder_to_LUArm_ry,LShoulder_to_LUArm,ry,0.047852082877879794,0.021608891964742024,-0.02624319091313777,0.16732715216188682,0.20140584143331028
671_T1_R1_vs_R2,natural_variability,2,LShoulder_to_LUArm_rz,LShoulder_to_LUArm,rz,0.04426052786880745,0.09626633797235518,0.052005810103547725,0.16732715216188682,0.20140584143331028
671_T1_R1_vs_R2,natural_variability,2,LThigh_to_LShin_rx,LThigh_to_LShin,rx,0.5942465491145097,0.5853250982486372,-0.008921450865872482,0.16732715216188682,0.20140584143331028
671_T1_R1_vs_R2,natural_variability,2,LThigh_to_LShin_ry,LThigh_to_LShin,ry,2.308110462679404e-08,7.849122883797907e-09,-1.5231981742996136e-08,0.16732715216188682,0.20140584143331028
671_T1_R1_vs_R2,natural_variability,2,LThigh_to_LShin_rz,LThigh_to_LShin,rz,2.227183240195839e-08,6.563565232446618e-09,-1.570826716951177e-08,0.16732715216188682,0.20140584143331028
671_T1_R1_vs_R2,natural_variability,2,LUArm_to_LFArm_rx,LUArm_to_LFArm,rx,0.02731407270955784,0.1733620955062576,0.14604802279669976,0.16732715216188682,0.20140584143331028
671_T1_R1_vs_R2,natural_variability,2,LUArm_to_LFArm_ry,LUArm_to_LFArm,ry,0.25799620995341443,0.26670497418629313,0.008708764232878696,0.16732715216188682,0.20140584143331028
671_T1_R1_vs_R2,natural_variability,2,LUArm_to_LFArm_rz,LUArm_to_LFArm,rz,0.062324970317487495,0.10341140201979081,0.04108643170230331,0.16732715216188682,0.20140584143331028
671_T1_R1_vs_R2,natural_variability,2,Neck_to_Head_rx,Neck_to_Head,rx,0.00999252239388484,0.03539156823170386,0.025399045837819025,0.16732715216188682,0.20140584143331028
671_T1_R1_vs_R2,natural_variability,2,Neck_to_Head_ry,Neck_to_Head,ry,0.04363173534357243,0.050284418848276495,0.006652683504704063,0.16732715216188682,0.20140584143331028
671_T1_R1_vs_R2,natural_variability,2,Neck_to_Head_rz,Neck_to_Head,rz,0.024198273860628915,0.0393076923449327,0.015109418484303784,0.16732715216188682,0.20140584143331028
671_T1_R1_vs_R2,natural_variability,2,RFArm_to_RHand_rx,RFArm_to_RHand,rx,0.12961931363265214,0.1353128623732417,0.005693548740589555,0.16732715216188682,0.20140584143331028
671_T1_R1_vs_R2,natural_variability,2,RFArm_to_RHand_ry,RFArm_to_RHand,ry,0.051049631526958156,0.006632177082925728,-0.04441745444403243,0.16732715216188682,0.20140584143331028
671_T1_R1_vs_R2,natural_variability,2,RFArm_to_RHand_rz,RFArm_to_RHand,rz,0.32408507914147744,0.41246785734434016,0.08838277820286272,0.16732715216188682,0.20140584143331028
671_T1_R1_vs_R2,natural_variability,2,RShin_to_RFoot_rx,RShin_to_RFoot,rx,0.31884904089501137,0.22569969557237243,-0.09314934532263894,0.16732715216188682,0.20140584143331028
671_T1_R1_vs_R2,natural_variability,2,RShin_to_RFoot_ry,RShin_to_RFoot,ry,0.15436242400090305,0.09689694919385203,-0.057465474807051026,0.16732715216188682,0.20140584143331028
671_T1_R1_vs_R2,natural_variability,2,RShin_to_RFoot_rz,RShin_to_RFoot,rz,0.12299653169981727,0.14044361957606438,0.017447087876247117,0.16732715216188682,0.20140584143331028
671_T1_R1_vs_R2,natural_variability,2,RShoulder_to_RUArm_rx,RShoulder_to_RUArm,rx,0.12377045106219205,0.18639935960770118,0.06262890854550913,0.16732715216188682,0.20140584143331028
671_T1_R1_vs_R2,natural_variability,2,RShoulder_to_RUArm_ry,RShoulder_to_RUArm,ry,0.11423339660522357,0.10029628546808014,-0.013937111137143424,0.16732715216188682,0.20140584143331028
671_T1_R1_vs_R2,natural_variability,2,RShoulder_to_RUArm_rz,RShoulder_to_RUArm,rz,0.057983014419673136,0.06502083116910042,0.0070378167494272795,0.16732715216188682,0.20140584143331028
671_T1_R1_vs_R2,natural_variability,2,RThigh_to_RShin_rx,RThigh_to_RShin,rx,0.1550398709180224,0.23596995037966637,0.08093007946164396,0.16732715216188682,0.20140584143331028
671_T1_R1_vs_R2,natural_variability,2,RThigh_to_RShin_ry,RThigh_to_RShin,ry,1.5718188439053985e-08,1.68211175062418e-08,1.1029290671878153e-09,0.16732715216188682,0.20140584143331028
671_T1_R1_vs_R2,natural_variability,2,RThigh_to_RShin_rz,RThigh_to_RShin,rz,1.1359815386709677e-08,1.9654476420672952e-08,8.294661033963275e-09,0.16732715216188682,0.20140584143331028
671_T1_R1_vs_R2,natural_variability,2,RUArm_to_RFArm_rx,RUArm_to_RFArm,rx,0.06383329464728119,0.18713940555525466,0.12330611090797347,0.16732715216188682,0.20140584143331028
671_T1_R1_vs_R2,natural_variability,2,RUArm_to_RFArm_ry,RUArm_to_RFArm,ry,0.2869743453153635,0.2011371125467268,-0.08583723276863667,0.16732715216188682,0.20140584143331028
671_T1_R1_vs_R2,natural_variability,2,RUArm_to_RFArm_rz,RUArm_to_RFArm,rz,0.022083841100147748,0.10653907640286839,0.08445523530272064,0.16732715216188682,0.20140584143331028
671_T1_R1_vs_R2,natural_variability,3,Chest_to_LShoulder_rx,Chest_to_LShoulder,rx,0.015125108131214187,0.03494796022403791,0.019822852092823726,0.1493872030303954,0.18769074724585705
671_T1_R1_vs_R2,natural_variability,3,Chest_to_LShoulder_ry,Chest_to_LShoulder,ry,0.007682101632095532,0.011336604069885854,0.003654502437790322,0.1493872030303954,0.18769074724585705
671_T1_R1_vs_R2,natural_variability,3,Chest_to_LShoulder_rz,Chest_to_LShoulder,rz,0.005058322283756474,0.038295660612610374,0.0332373383288539,0.1493872030303954,0.18769074724585705
671_T1_R1_vs_R2,natural_variability,3,Chest_to_Neck_rx,Chest_to_Neck,rx,0.06916187531118774,0.0033200713649229083,-0.06584180394626483,0.1493872030303954,0.18769074724585705
671_T1_R1_vs_R2,natural_variability,3,Chest_to_Neck_ry,Chest_to_Neck,ry,0.027238890530592332,0.029093967676621858,0.0018550771460295254,0.1493872030303954,0.18769074724585705
671_T1_R1_vs_R2,natural_variability,3,Chest_to_Neck_rz,Chest_to_Neck,rz,0.014672303439841276,0.046715918465237455,0.03204361502539618,0.1493872030303954,0.18769074724585705
671_T1_R1_vs_R2,natural_variability,3,Chest_to_RShoulder_rx,Chest_to_RShoulder,rx,0.006673550939771731,0.05818158935999604,0.051508038420224306,0.1493872030303954,0.18769074724585705
671_T1_R1_vs_R2,natural_variability,3,Chest_to_RShoulder_ry,Chest_to_RShoulder,ry,0.011923704023430404,0.01306602158592462,0.0011423175624942165,0.1493872030303954,0.18769074724585705
671_T1_R1_vs_R2,natural_variability,3,Chest_to_RShoulder_rz,Chest_to_RShoulder,rz,0.08353163191997286,0.06514364053481811,-0.018387991385154748,0.1493872030303954,0.18769074724585705
671_T1_R1_vs_R2,natural_variability,3,LFArm_to_LHand_rx,LFArm_to_LHand,rx,0.10568302087852756,0.04768298059495364,-0.05800004028357392,0.1493872030303954,0.18769074724585705
671_T1_R1_vs_R2,natural_variability,3,LFArm_to_LHand_ry,LFArm_to_LHand,ry,0.03991144083635877,0.09850137369597446,0.05858993285961569,0.1493872030303954,0.18769074724585705
671_T1_R1_vs_R2,natural_variability,3,LFArm_to_LHand_rz,LFArm_to_LHand,rz,0.17021963110800456,0.037417296113366416,-0.13280233499463814,0.1493872030303954,0.18769074724585705
671_T1_R1_vs_R2,natural_variability,3,LShin_to_LFoot_rx,LShin_to_LFoot,rx,0.07434679413445072,0.10685391417068682,0.0325071200362361,0.1493872030303954,0.18769074724585705
671_T1_R1_vs_R2,natural_variability,3,LShin_to_LFoot_ry,LShin_to_LFoot,ry,0.1184998527418351,0.16190507243024668,0.043405219688411587,0.1493872030303954,0.18769074724585705
671_T1_R1_vs_R2,natural_variability,3,LShin_to_LFoot_rz,LShin_to_LFoot,rz,0.13904737599474695,0.12304890698764202,-0.01599846900710493,0.1493872030303954,0.18769074724585705
671_T1_R1_vs_R2,natural_variability,3,LShoulder_to_LUArm_rx,LShoulder_to_LUArm,rx,0.058434322257835195,0.04879542053741058,-0.009638901720424614,0.1493872030303954,0.18769074724585705
671_T1_R1_vs_R2,natural_variability,3,LShoulder_to_LUArm_ry,LShoulder_to_LUArm,ry,0.07344249864997097,0.14607782988799778,0.0726353312380268,0.1493872030303954,0.18769074724585705
671_T1_R1_vs_R2,natural_variability,3,LShoulder_to_LUArm_rz,LShoulder_to_LUArm,rz,0.03276895447660821,0.06494177338306024,0.03217281890645204,0.1493872030303954,0.18769074724585705
671_T1_R1_vs_R2,natural_variability,3,LThigh_to_LShin_rx,LThigh_to_LShin,rx,0.4497901203412816,0.46022095863706836,0.010430838295786782,0.1493872030303954,0.18769074724585705
671_T1_R1_vs_R2,natural_variability,3,LThigh_to_LShin_ry,LThigh_to_LShin,ry,1.4902483481443057e-08,2.555688671726049e-09,-1.2346794809717009e-08,0.1493872030303954,0.18769074724585705
671_T1_R1_vs_R2,natural_variability,3,LThigh_to_LShin_rz,LThigh_to_LShin,rz,1.0450109404624248e-08,1.1193096579115596e-08,7.429871744913477e-10,0.1493872030303954,0.18769074724585705
671_T1_R1_vs_R2,natural_variability,3,LUArm_to_LFArm_rx,LUArm_to_LFArm,rx,0.13741895300193463,0.20645433243376923,0.0690353794318346,0.1493872030303954,0.18769074724585705
671_T1_R1_vs_R2,natural_variability,3,LUArm_to_LFArm_ry,LUArm_to_LFArm,ry,0.14098283446455248,0.31422157156407526,0.17323873709952278,0.1493872030303954,0.18769074724585705
671_T1_R1_vs_R2,natural_variability,3,LUArm_to_LFArm_rz,LUArm_to_LFArm,rz,0.0495358360717383,0.17036035963691304,0.12082452356517473,0.1493872030303954,0.18769074724585705
671_T1_R1_vs_R2,natural_variability,3,Neck_to_Head_rx,Neck_to_Head,rx,0.06916182740547273,0.003320129994676246,-0.06584169741079648,0.1493872030303954,0.18769074724585705
671_T1_R1_vs_R2,natural_variability,3,Neck_to_Head_ry,Neck_to_Head,ry,0.027238859451435136,0.02909395567089338,0.0018550962194582438,0.1493872030303954,0.18769074724585705
671_T1_R1_vs_R2,natural_variability,3,Neck_to_Head_rz,Neck_to_Head,rz,0.014672251485471572,0.046715928883997684,0.032043677398526114,0.1493872030303954,0.18769074724585705
671_T1_R1_vs_R2,natural_variability,3,RFArm_to_RHand_rx,RFArm_to_RHand,rx,0.28074433054145087,0.243018630798484,-0.037725699742966884,0.1493872030303954,0.18769074724585705
671_T1_R1_vs_R2,natural_variability,3,RFArm_to_RHand_ry,RFArm_to_RHand,ry,0.08164973026523412,0.08499615933980816,0.0033464290745740394,0.1493872030303954,0.18769074724585705
671_T1_R1_vs_R2,natural_variability,3,RFArm_to_RHand_rz,RFArm_to_RHand,rz,0.6577158895443218,0.5420660416322042,-0.11564984791211763,0.1493872030303954,0.18769074724585705
671_T1_R1_vs_R2,natural_variability,3,RShin_to_RFoot_rx,RShin_to_RFoot,rx,0.1787822878660233,0.1145264983912375,-0.06425578947478579,0.1493872030303954,0.18769074724585705
671_T1_R1_vs_R2,natural_variability,3,RShin_to_RFoot_ry,RShin_to_RFoot,ry,0.04000764713699699,0.08583142692177886,0.04582377978478187,0.1493872030303954,0.18769074724585705
671_T1_R1_vs_R2,natural_variability,3,RShin_to_RFoot_rz,RShin_to_RFoot,rz,0.10239129436299813,0.1614015248257971,0.05901023046279896,0.1493872030303954,0.18769074724585705
671_T1_R1_vs_R2,natural_variability,3,RShoulder_to_RUArm_rx,RShoulder_to_RUArm,rx,0.05337810273218861,0.19081801194974213,0.1374399092175535,0.1493872030303954,0.18769074724585705
671_T1_R1_vs_R2,natural_variability,3,RShoulder_to_RUArm_ry,RShoulder_to_RUArm,ry,0.06491930776422793,0.14833249629629483,0.0834131885320669,0.1493872030303954,0.18769074724585705
671_T1_R1_vs_R2,natural_variability,3,RShoulder_to_RUArm_rz,RShoulder_to_RUArm,rz,0.10734033047888474,0.004984382200734158,-0.10235594827815057,0.1493872030303954,0.18769074724585705
671_T1_R1_vs_R2,natural_variability,3,RThigh_to_RShin_rx,RThigh_to_RShin,rx,0.07446012588178427,0.06505402505975327,-0.009406100822031,0.1493872030303954,0.18769074724585705
671_T1_R1_vs_R2,natural_variability,3,RThigh_to_RShin_ry,RThigh_to_RShin,ry,2.4058338717010228e-08,6.8026570530657295e-09,-1.72556816639445e-08,0.1493872030303954,0.18769074724585705
671_T1_R1_vs_R2,natural_variability,3,RThigh_to_RShin_rz,RThigh_to_RShin,rz,5.122522184002757e-08,5.803353030750442e-08,6.808308467476844e-09,0.1493872030303954,0.18769074724585705
671_T1_R1_vs_R2,natural_variability,3,RUArm_to_RFArm_rx,RUArm_to_RFArm,rx,0.0996119073267339,0.1082358744787954,0.008623967152061499,0.1493872030303954,0.18769074724585705
671_T1_R1_vs_R2,natural_variability,3,RUArm_to_RFArm_ry,RUArm_to_RFArm,ry,0.21305914246645388,0.13378523118830193,-0.07927391127815195,0.1493872030303954,0.18769074724585705
671_T1_R1_vs_R2,natural_variability,3,RUArm_to_RFArm_rz,RUArm_to_RFArm,rz,0.0736538711253375,0.089989504563364,0.016335633438026506,0.1493872030303954,0.18769074724585705
671_T1_R1_vs_R2,natural_variability,4,Chest_to_LShoulder_rx,Chest_to_LShoulder,rx,0.018685205649918456,0.10648538384615862,0.08780017819624017,0.1402767219564272,0.09139989651370398
671_T1_R1_vs_R2,natural_variability,4,Chest_to_LShoulder_ry,Chest_to_LShoulder,ry,0.018352114319299426,0.014345709127251034,-0.004006405192048392,0.1402767219564272,0.09139989651370398
671_T1_R1_vs_R2,natural_variability,4,Chest_to_LShoulder_rz,Chest_to_LShoulder,rz,0.050035732755185976,0.02246829007322465,-0.027567442681961325,0.1402767219564272,0.09139989651370398
671_T1_R1_vs_R2,natural_variability,4,Chest_to_Neck_rx,Chest_to_Neck,rx,0.01623998664161188,0.014314576272889169,-0.001925410368722711,0.1402767219564272,0.09139989651370398
671_T1_R1_vs_R2,natural_variability,4,Chest_to_Neck_ry,Chest_to_Neck,ry,0.00579774138116721,0.026354811903260656,0.020557070522093445,0.1402767219564272,0.09139989651370398
671_T1_R1_vs_R2,natural_variability,4,Chest_to_Neck_rz,Chest_to_Neck,rz,0.0008258842362204203,0.0025607751102810937,0.0017348908740606734,0.1402767219564272,0.09139989651370398
671_T1_R1_vs_R2,natural_variability,4,Chest_to_RShoulder_rx,Chest_to_RShoulder,rx,0.053964995322619266,0.05500691533674729,0.0010419200141280269,0.1402767219564272,0.09139989651370398
671_T1_R1_vs_R2,natural_variability,4,Chest_to_RShoulder_ry,Chest_to_RShoulder,ry,0.001255686173661216,0.0077587690860977535,0.006503082912436537,0.1402767219564272,0.09139989651370398
671_T1_R1_vs_R2,natural_variability,4,Chest_to_RShoulder_rz,Chest_to_RShoulder,rz,0.02381986405353483,0.026355685929985866,0.0025358218764510373,0.1402767219564272,0.09139989651370398
671_T1_R1_vs_R2,natural_variability,4,LFArm_to_LHand_rx,LFArm_to_LHand,rx,0.036569097322975634,0.2549016338865155,0.21833253656353985,0.1402767219564272,0.09139989651370398
671_T1_R1_vs_R2,natural_variability,4,LFArm_to_LHand_ry,LFArm_to_LHand,ry,0.002782964671170675,0.03522017046331936,0.032437205792148684,0.1402767219564272,0.09139989651370398
671_T1_R1_vs_R2,natural_variability,4,LFArm_to_LHand_rz,LFArm_to_LHand,rz,0.03136298314400767,0.44330666705928107,0.4119436839152734,0.1402767219564272,0.09139989651370398
671_T1_R1_vs_R2,natural_variability,4,LShin_to_LFoot_rx,LShin_to_LFoot,rx,0.06431211060567484,0.01791171389662551,-0.04640039670904933,0.1402767219564272,0.09139989651370398
671_T1_R1_vs_R2,natural_variability,4,LShin_to_LFoot_ry,LShin_to_LFoot,ry,0.01161364268643423,0.11629407634726373,0.10468043366082949,0.1402767219564272,0.09139989651370398
671_T1_R1_vs_R2,natural_variability,4,LShin_to_LFoot_rz,LShin_to_LFoot,rz,0.0018117619528170079,0.0764932114014442,0.0746814494486272,0.1402767219564272,0.09139989651370398
671_T1_R1_vs_R2,natural_variability,4,LShoulder_to_LUArm_rx,LShoulder_to_LUArm,rx,0.045738870988862826,0.25302609898092016,0.20728722799205734,0.1402767219564272,0.09139989651370398
671_T1_R1_vs_R2,natural_variability,4,LShoulder_to_LUArm_ry,LShoulder_to_LUArm,ry,0.19598324214475665,0.020131359172866604,-0.17585188297189006,0.1402767219564272,0.09139989651370398
671_T1_R1_vs_R2,natural_variability,4,LShoulder_to_LUArm_rz,LShoulder_to_LUArm,rz,0.056565010254479166,0.1196005833995191,0.06303557314503994,0.1402767219564272,0.09139989651370398
671_T1_R1_vs_R2,natural_variability,4,LThigh_to_LShin_rx,LThigh_to_LShin,rx,0.11881230587810805,0.15298394188376607,0.03417163600565802,0.1402767219564272,0.09139989651370398
671_T1_R1_vs_R2,natural_variability,4,LThigh_to_LShin_ry,LThigh_to_LShin,ry,3.580026295703841e-08,3.3414094175816367e-08,-2.3861687812220404e-09,0.1402767219564272,0.09139989651370398
671_T1_R1_vs_R2,natural_variability,4,LThigh_to_LShin_rz,LThigh_to_LShin,rz,1.770831068805251e-09,3.079297623121173e-08,2.9022145162406478e-08,0.1402767219564272,0.09139989651370398
671_T1_R1_vs_R2,natural_variability,4,LUArm_to_LFArm_rx,LUArm_to_LFArm,rx,0.12186167368375819,0.12388639141809919,0.002024717734341,0.1402767219564272,0.09139989651370398
671_T1_R1_vs_R2,natural_variability,4,LUArm_to_LFArm_ry,LUArm_to_LFArm,ry,0.1555833275435761,0.09233506945049942,-0.06324825809307667,0.1402767219564272,0.09139989651370398
671_T1_R1_vs_R2,natural_variability,4,LUArm_to_LFArm_rz,LUArm_to_LFArm,rz,0.06010149249495565,0.02896751015240541,-0.031133982342550243,0.1402767219564272,0.09139989651370398
671_T1_R1_vs_R2,natural_variability,4,Neck_to_Head_rx,Neck_to_Head,rx,0.016239966498452416,0.014314532171032988,-0.0019254343274194285,0.1402767219564272,0.09139989651370398
671_T1_R1_vs_R2,natural_variability,4,Neck_to_Head_ry,Neck_to_Head,ry,0.005797711387245976,0.026354791813117596,0.02055708042587162,0.1402767219564272,0.09139989651370398
671_T1_R1_vs_R2,natural_variability,4,Neck_to_Head_rz,Neck_to_Head,rz,0.0008259688223608383,0.0025606967518993305,0.0017347279295384921,0.1402767219564272,0.09139989651370398
671_T1_R1_vs_R2,natural_variability,4,RFArm_to_RHand_rx,RFArm_to_RHand,rx,0.15798541271231362,0.01728313600939072,-0.1407022767029229,0.1402767219564272,0.09139989651370398
671_T1_R1_vs_R2,natural_variability,4,RFArm_to_RHand_ry,RFArm_to_RHand,ry,0.04204127641483751,0.04237004221810813,0.0003287658032706253,0.1402767219564272,0.09139989651370398
671_T1_R1_vs_R2,natural_variability,4,RFArm_to_RHand_rz,RFArm_to_RHand,rz,0.2734134236591815,0.0038014199500360593,-0.2696120037091454,0.1402767219564272,0.09139989651370398
671_T1_R1_vs_R2,natural_variability,4,RShin_to_RFoot_rx,RShin_to_RFoot,rx,0.08839620593416525,0.05595260306457169,-0.03244360286959356,0.1402767219564272,0.09139989651370398
671_T1_R1_vs_R2,natural_variability,4,RShin_to_RFoot_ry,RShin_to_RFoot,ry,0.03958739158225752,0.15607270591929925,0.11648531433704173,0.1402767219564272,0.09139989651370398
671_T1_R1_vs_R2,natural_variability,4,RShin_to_RFoot_rz,RShin_to_RFoot,rz,0.026149080337343634,0.08235080430385006,0.056201723966506426,0.1402767219564272,0.09139989651370398
671_T1_R1_vs_R2,natural_variability,4,RShoulder_to_RUArm_rx,RShoulder_to_RUArm,rx,0.1237580896536614,0.13582003637038695,0.012061946716725544,0.1402767219564272,0.09139989651370398
671_T1_R1_vs_R2,natural_variability,4,RShoulder_to_RUArm_ry,RShoulder_to_RUArm,ry,0.06464701774960756,0.011797431444115238,-0.052849586305492316,0.1402767219564272,0.09139989651370398
671_T1_R1_vs_R2,natural_variability,4,RShoulder_to_RUArm_rz,RShoulder_to_RUArm,rz,0.10457009070397431,0.12454500318985087,0.01997491248587656,0.1402767219564272,0.09139989651370398
671_T1_R1_vs_R2,natural_variability,4,RThigh_to_RShin_rx,RThigh_to_RShin,rx,0.11579711666500928,0.03317731070302576,-0.08261980596198351,0.1402767219564272,0.09139989651370398
671_T1_R1_vs_R2,natural_variability,4,RThigh_to_RShin_ry,RThigh_to_RShin,ry,1.6663211286198473e-08,2.293212612322637e-09,-1.4369998673875837e-08,0.1402767219564272,0.09139989651370398
671_T1_R1_vs_R2,natural_variability,4,RThigh_to_RShin_rz,RThigh_to_RShin,rz,6.230170578530973e-09,2.729765439516945e-08,2.1067483816638478e-08,0.1402767219564272,0.09139989651370398
671_T1_R1_vs_R2,natural_variability,4,RUArm_to_RFArm_rx,RUArm_to_RFArm,rx,0.14589377903971434,0.056286668213140975,-0.08960711082657337,0.1402767219564272,0.09139989651370398
671_T1_R1_vs_R2,natural_variability,4,RUArm_to_RFArm_ry,RUArm_to_RFArm,ry,0.8389339782838833,0.7046582866773818,-0.13427569160650143,0.1402767219564272,0.09139989651370398
671_T1_R1_vs_R2,natural_variability,4,RUArm_to_RFArm_rz,RUArm_to_RFArm,rz,0.0718561513175618,0.042275027893547874,-0.02958112342401393,0.1402767219564272,0.09139989651370398
671_T1_R1_vs_R2,natural_variability,5,Chest_to_LShoulder_rx,Chest_to_LShoulder,rx,0.11677732886760589,0.05623896361731452,-0.06053836525029137,0.06267786745527446,0.0596988048118798
671_T1_R1_vs_R2,natural_variability,5,Chest_to_LShoulder_ry,Chest_to_LShoulder,ry,0.04727483818357753,0.004937409793543508,-0.04233742839003402,0.06267786745527446,0.0596988048118798
671_T1_R1_vs_R2,natural_variability,5,Chest_to_LShoulder_rz,Chest_to_LShoulder,rz,0.03455592050002246,0.03864880473747085,0.004092884237448392,0.06267786745527446,0.0596988048118798
671_T1_R1_vs_R2,natural_variability,5,Chest_to_Neck_rx,Chest_to_Neck,rx,0.037754128427770914,0.13830332656728536,0.10054919813951445,0.06267786745527446,0.0596988048118798
671_T1_R1_vs_R2,natural_variability,5,Chest_to_Neck_ry,Chest_to_Neck,ry,0.033307584520140675,0.002471173368022858,-0.030836411152117816,0.06267786745527446,0.0596988048118798
671_T1_R1_vs_R2,natural_variability,5,Chest_to_Neck_rz,Chest_to_Neck,rz,0.0008598363853204693,0.00015013765567701906,-0.0007096987296434503,0.06267786745527446,0.0596988048118798
671_T1_R1_vs_R2,natural_variability,5,Chest_to_RShoulder_rx,Chest_to_RShoulder,rx,0.026864477905364562,0.029135847295391662,0.0022713693900270997,0.06267786745527446,0.0596988048118798
671_T1_R1_vs_R2,natural_variability,5,Chest_to_RShoulder_ry,Chest_to_RShoulder,ry,0.042243780830487056,0.020754016905278533,-0.021489763925208523,0.06267786745527446,0.0596988048118798
671_T1_R1_vs_R2,natural_variability,5,Chest_to_RShoulder_rz,Chest_to_RShoulder,rz,0.03833917353776019,0.037324622397706286,-0.0010145511400539015,0.06267786745527446,0.0596988048118798
671_T1_R1_vs_R2,natural_variability,5,LFArm_to_LHand_rx,LFArm_to_LHand,rx,0.2923379171589642,0.23350701480725722,-0.05883090235170696,0.06267786745527446,0.0596988048118798
671_T1_R1_vs_R2,natural_variability,5,LFArm_to_LHand_ry,LFArm_to_LHand,ry,0.06330465888189372,0.11364953088464406,0.05034487200275034,0.06267786745527446,0.0596988048118798
671_T1_R1_vs_R2,natural_variability,5,LFArm_to_LHand_rz,LFArm_to_LHand,rz,0.481301929320993,0.3054865255643326,-0.17581540375666044,0.06267786745527446,0.0596988048118798
671_T1_R1_vs_R2,natural_variability,5,LShin_to_LFoot_rx,LShin_to_LFoot,rx,0.14067313214280178,0.1313791370227433,-0.00929399512005849,0.06267786745527446,0.0596988048118798
671_T1_R1_vs_R2,natural_variability,5,LShin_to_LFoot_ry,LShin_to_LFoot,ry,0.08860169845184558,0.16511528863890812,0.07651359018706254,0.06267786745527446,0.0596988048118798
671_T1_R1_vs_R2,natural_variability,5,LShin_to_LFoot_rz,LShin_to_LFoot,rz,0.08202577017677534,0.18218704232580443,0.10016127214902909,0.06267786745527446,0.0596988048118798
671_T1_R1_vs_R2,natural_variability,5,LShoulder_to_LUArm_rx,LShoulder_to_LUArm,rx,0.27500301143723327,0.16311049283964443,-0.11189251859758884,0.06267786745527446,0.0596988048118798
671_T1_R1_vs_R2,natural_variability,5,LShoulder_to_LUArm_ry,LShoulder_to_LUArm,ry,0.1467956482551787,0.011367617563114258,-0.13542803069206447,0.06267786745527446,0.0596988048118798
671_T1_R1_vs_R2,natural_variability,5,LShoulder_to_LUArm_rz,LShoulder_to_LUArm,rz,0.13890937665183303,0.12326132148235386,-0.015648055169479175,0.06267786745527446,0.0596988048118798
671_T1_R1_vs_R2,natural_variability,5,LThigh_to_LShin_rx,LThigh_to_LShin,rx,0.005178430077399248,0.1650545505081059,0.15987612043070668,0.06267786745527446,0.0596988048118798
671_T1_R1_vs_R2,natural_variability,5,LThigh_to_LShin_ry,LThigh_to_LShin,ry,2.1155122868068586e-08,1.3895513714095731e-08,-7.259609153972855e-09,0.06267786745527446,0.0596988048118798
671_T1_R1_vs_R2,natural_variability,5,LThigh_to_LShin_rz,LThigh_to_LShin,rz,2.756469768821419e-09,2.1019736576637595e-08,1.8263266807816177e-08,0.06267786745527446,0.0596988048118798
671_T1_R1_vs_R2,natural_variability,5,LUArm_to_LFArm_rx,LUArm_to_LFArm,rx,0.20708224225848548,0.15222129444944027,-0.05486094780904521,0.06267786745527446,0.0596988048118798
671_T1_R1_vs_R2,natural_variability,5,LUArm_to_LFArm_ry,LUArm_to_LFArm,ry,0.3589121590849376,0.451726680589588,0.09281452150465036,0.06267786745527446,0.0596988048118798
671_T1_R1_vs_R2,natural_variability,5,LUArm_to_LFArm_rz,LUArm_to_LFArm,rz,0.12232227569555591,0.15862601019245912,0.0363037344969032,0.06267786745527446,0.0596988048118798
671_T1_R1_vs_R2,natural_variability,5,Neck_to_Head_rx,Neck_to_Head,rx,0.03775411007068401,0.13830328266969846,0.10054917259901446,0.06267786745527446,0.0596988048118798
671_T1_R1_vs_R2,natural_variability,5,Neck_to_Head_ry,Neck_to_Head,ry,0.03330764461539212,0.0024711148129433823,-0.030836529802448734,0.06267786745527446,0.0596988048118798
671_T1_R1_vs_R2,natural_variability,5,Neck_to_Head_rz,Neck_to_Head,rz,0.00085983912688438,0.00015018729141176094,-0.0007096518354726191,0.06267786745527446,0.0596988048118798
671_T1_R1_vs_R2,natural_variability,5,RFArm_to_RHand_rx,RFArm_to_RHand,rx,0.08456419866656968,0.11797762983722486,0.03341343117065518,0.06267786745527446,0.0596988048118798
671_T1_R1_vs_R2,natural_variability,5,RFArm_to_RHand_ry,RFArm_to_RHand,ry,0.16721197049605044,0.0151802837290783,-0.15203168676697215,0.06267786745527446,0.0596988048118798
671_T1_R1_vs_R2,natural_variability,5,RFArm_to_RHand_rz,RFArm_to_RHand,rz,0.10454535058046675,0.3520147272201693,0.24746937663970253,0.06267786745527446,0.0596988048118798
671_T1_R1_vs_R2,natural_variability,5,RShin_to_RFoot_rx,RShin_to_RFoot,rx,0.09773242770805268,0.02686975555391535,-0.07086267215413733,0.06267786745527446,0.0596988048118798
671_T1_R1_vs_R2,natural_variability,5,RShin_to_RFoot_ry,RShin_to_RFoot,ry,0.1562858527457136,0.20894487318932373,0.05265902044361012,0.06267786745527446,0.0596988048118798
671_T1_R1_vs_R2,natural_variability,5,RShin_to_RFoot_rz,RShin_to_RFoot,rz,0.10083912643255792,0.11307843865033901,0.012239312217781087,0.06267786745527446,0.0596988048118798
671_T1_R1_vs_R2,natural_variability,5,RShoulder_to_RUArm_rx,RShoulder_to_RUArm,rx,0.12377693581861808,0.10230056338033831,-0.021476372438279767,0.06267786745527446,0.0596988048118798
671_T1_R1_vs_R2,natural_variability,5,RShoulder_to_RUArm_ry,RShoulder_to_RUArm,ry,0.12944680651199003,0.06384755659038077,-0.06559924992160926,0.06267786745527446,0.0596988048118798
671_T1_R1_vs_R2,natural_variability,5,RShoulder_to_RUArm_rz,RShoulder_to_RUArm,rz,0.04782218106815491,0.011769274425131458,-0.03605290664302345,0.06267786745527446,0.0596988048118798
671_T1_R1_vs_R2,natural_variability,5,RThigh_to_RShin_rx,RThigh_to_RShin,rx,0.07397124686906853,0.08348665454506034,0.009515407675991808,0.06267786745527446,0.0596988048118798
671_T1_R1_vs_R2,natural_variability,5,RThigh_to_RShin_ry,RThigh_to_RShin,ry,3.497857959708257e-08,4.0693974637167146e-08,5.715395040084576e-09,0.06267786745527446,0.0596988048118798
671_T1_R1_vs_R2,natural_variability,5,RThigh_to_RShin_rz,RThigh_to_RShin,rz,2.2845195184222248e-08,1.1621806973133471e-08,-1.1223388211088777e-08,0.06267786745527446,0.0596988048118798
671_T1_R1_vs_R2,natural_variability,5,RUArm_to_RFArm_rx,RUArm_to_RFArm,rx,0.3630143378412329,0.07059128585114625,-0.2924230519900866,0.06267786745527446,0.0596988048118798
671_T1_R1_vs_R2,natural_variability,5,RUArm_to_RFArm_ry,RUArm_to_RFArm,ry,0.05516494780786765,0.4151598459484032,0.3599948981405356,0.06267786745527446,0.0596988048118798
671_T1_R1_vs_R2,natural_variability,5,RUArm_to_RFArm_rz,RUArm_to_RFArm,rz,0.22448252657616471,0.010789233843667348,-0.21369329273249738,0.06267786745527446,0.0596988048118798
671_T1_R1_vs_R2,natural_variability,6,Chest_to_LShoulder_rx,Chest_to_LShoulder,rx,0.018582379521988972,0.05780584608263067,0.0392234665606417,0.04061288911796533,0.046752438893511335
671_T1_R1_vs_R2,natural_variability,6,Chest_to_LShoulder_ry,Chest_to_LShoulder,ry,0.036153944999839975,0.08628365545405664,0.050129710454216665,0.04061288911796533,0.046752438893511335
671_T1_R1_vs_R2,natural_variability,6,Chest_to_LShoulder_rz,Chest_to_LShoulder,rz,0.004183297458671103,0.02275556521435713,0.018572267755686028,0.04061288911796533,0.046752438893511335
671_T1_R1_vs_R2,natural_variability,6,Chest_to_Neck_rx,Chest_to_Neck,rx,0.04736643783807157,0.08218722075530782,0.034820782917236254,0.04061288911796533,0.046752438893511335
671_T1_R1_vs_R2,natural_variability,6,Chest_to_Neck_ry,Chest_to_Neck,ry,0.03858111522217343,0.06252705812066105,0.023945942898487615,0.04061288911796533,0.046752438893511335
671_T1_R1_vs_R2,natural_variability,6,Chest_to_Neck_rz,Chest_to_Neck,rz,0.08101629485391977,0.02704736937366366,-0.053968925480256114,0.04061288911796533,0.046752438893511335
671_T1_R1_vs_R2,natural_variability,6,Chest_to_RShoulder_rx,Chest_to_RShoulder,rx,0.10823359575714693,0.08024000999221186,-0.027993585764935075,0.04061288911796533,0.046752438893511335
671_T1_R1_vs_R2,natural_variability,6,Chest_to_RShoulder_ry,Chest_to_RShoulder,ry,0.025390490246972486,0.027444026734159587,0.0020535364871871013,0.04061288911796533,0.046752438893511335
671_T1_R1_vs_R2,natural_variability,6,Chest_to_RShoulder_rz,Chest_to_RShoulder,rz,0.01349354109288656,0.06988322130478754,0.05638968021190098,0.04061288911796533,0.046752438893511335
671_T1_R1_vs_R2,natural_variability,6,LFArm_to_LHand_rx,LFArm_to_LHand,rx,0.01595930504245871,0.03117761926976322,0.015218314227304509,0.04061288911796533,0.046752438893511335
671_T1_R1_vs_R2,natural_variability,6,LFArm_to_LHand_ry,LFArm_to_LHand,ry,0.045082976278030096,0.07872313159595032,0.03364015531792022,0.04061288911796533,0.046752438893511335
671_T1_R1_vs_R2,natural_variability,6,LFArm_to_LHand_rz,LFArm_to_LHand,rz,0.05371546771563628,0.07027307683133394,0.016557609115697654,0.04061288911796533,0.046752438893511335
671_T1_R1_vs_R2,natural_variability,6,LShin_to_LFoot_rx,LShin_to_LFoot,rx,0.1584003957489151,0.02102720336102474,-0.13737319238789036,0.04061288911796533,0.046752438893511335
671_T1_R1_vs_R2,natural_variability,6,LShin_to_LFoot_ry,LShin_to_LFoot,ry,0.09524122119574124,0.16194212254924784,0.06670090135350659,0.04061288911796533,0.046752438893511335
671_T1_R1_vs_R2,natural_variability,6,LShin_to_LFoot_rz,LShin_to_LFoot,rz,0.06125148947836221,0.12170940922955802,0.060457919751195806,0.04061288911796533,0.046752438893511335
671_T1_R1_vs_R2,natural_variability,6,LShoulder_to_LUArm_rx,LShoulder_to_LUArm,rx,0.021442160603212836,0.06570788755954939,0.04426572695633655,0.04061288911796533,0.046752438893511335
671_T1_R1_vs_R2,natural_variability,6,LShoulder_to_LUArm_ry,LShoulder_to_LUArm,ry,0.3730652318190257,0.41354826811182266,0.04048303629279698,0.04061288911796533,0.046752438893511335
671_T1_R1_vs_R2,natural_variability,6,LShoulder_to_LUArm_rz,LShoulder_to_LUArm,rz,0.11366672362606071,0.06970760602082844,-0.04395911760523227,0.04061288911796533,0.046752438893511335
671_T1_R1_vs_R2,natural_variability,6,LThigh_to_LShin_rx,LThigh_to_LShin,rx,0.19856824918488683,0.1544088026858459,-0.04415944649904094,0.04061288911796533,0.046752438893511335
671_T1_R1_vs_R2,natural_variability,6,LThigh_to_LShin_ry,LThigh_to_LShin,ry,2.021675851251812e-08,4.017272779547027e-08,1.9955969282952147e-08,0.04061288911796533,0.046752438893511335
671_T1_R1_vs_R2,natural_variability,6,LThigh_to_LShin_rz,LThigh_to_LShin,rz,4.963711548536364e-08,2.6807108638892664e-08,-2.2830006846470976e-08,0.04061288911796533,0.046752438893511335
671_T1_R1_vs_R2,natural_variability,6,LUArm_to_LFArm_rx,LUArm_to_LFArm,rx,0.08595820522954188,0.06496786731425498,-0.0209903379152869,0.04061288911796533,0.046752438893511335
671_T1_R1_vs_R2,natural_variability,6,LUArm_to_LFArm_ry,LUArm_to_LFArm,ry,0.16504123629917655,0.14727114769627397,-0.01777008860290258,0.04061288911796533,0.046752438893511335
671_T1_R1_vs_R2,natural_variability,6,LUArm_to_LFArm_rz,LUArm_to_LFArm,rz,0.01604978335076009,0.06275327402843228,0.046703490677672196,0.04061288911796533,0.046752438893511335
671_T1_R1_vs_R2,natural_variability,6,Neck_to_Head_rx,Neck_to_Head,rx,0.047366589709220044,0.08218715600435636,0.034820566295136315,0.04061288911796533,0.046752438893511335
671_T1_R1_vs_R2,natural_variability,6,Neck_to_Head_ry,Neck_to_Head,ry,0.0385810769148351,0.06252708867053136,0.02394601175569626,0.04061288911796533,0.046752438893511335
671_T1_R1_vs_R2,natural_variability,6,Neck_to_Head_rz,Neck_to_Head,rz,0.0810163621877166,0.02704740553411761,-0.05396895665359899,0.04061288911796533,0.046752438893511335
671_T1_R1_vs_R2,natural_variability,6,RFArm_to_RHand_rx,RFArm_to_RHand,rx,0.013439882095979896,0.09789968043042252,0.08445979833444263,0.04061288911796533,0.046752438893511335
671_T1_R1_vs_R2,natural_variability,6,RFArm_to_RHand_ry,RFArm_to_RHand,ry,0.10210325472549169,0.29761979468359373,0.19551653995810203,0.04061288911796533,0.046752438893511335
671_T1_R1_vs_R2,natural_variability,6,RFArm_to_RHand_rz,RFArm_to_RHand,rz,0.08697171422655521,0.01854738541184676,-0.06842432881470845,0.04061288911796533,0.046752438893511335
671_T1_R1_vs_R2,natural_variability,6,RShin_to_RFoot_rx,RShin_to_RFoot,rx,0.4173301339390148,0.07113331371347628,-0.34619682022553855,0.04061288911796533,0.046752438893511335
671_T1_R1_vs_R2,natural_variability,6,RShin_to_RFoot_ry,RShin_to_RFoot,ry,0.19697513101447353,0.0684546741611045,-0.12852045685336905,0.04061288911796533,0.046752438893511335
671_T1_R1_vs_R2,natural_variability,6,RShin_to_RFoot_rz,RShin_to_RFoot,rz,0.15988102819655073,0.018332661176931275,-0.14154836701961945,0.04061288911796533,0.046752438893511335
671_T1_R1_vs_R2,natural_variability,6,RShoulder_to_RUArm_rx,RShoulder_to_RUArm,rx,0.31795062513521444,0.14661576507192495,-0.1713348600632895,0.04061288911796533,0.046752438893511335
671_T1_R1_vs_R2,natural_variability,6,RShoulder_to_RUArm_ry,RShoulder_to_RUArm,ry,0.23239555056703629,0.026531437336324976,-0.2058641132307113,0.04061288911796533,0.046752438893511335
671_T1_R1_vs_R2,natural_variability,6,RShoulder_to_RUArm_rz,RShoulder_to_RUArm,rz,0.19402067807275677,0.12174237483247884,-0.07227830324027794,0.04061288911796533,0.046752438893511335
671_T1_R1_vs_R2,natural_variability,6,RThigh_to_RShin_rx,RThigh_to_RShin,rx,0.424992907956666,0.3220763474521854,-0.10291656050448061,0.04061288911796533,0.046752438893511335
671_T1_R1_vs_R2,natural_variability,6,RThigh_to_RShin_ry,RThigh_to_RShin,ry,1.865875409842458e-08,2.6816303980236234e-08,8.157549881811655e-09,0.04061288911796533,0.046752438893511335
671_T1_R1_vs_R2,natural_variability,6,RThigh_to_RShin_rz,RThigh_to_RShin,rz,2.5966932262475967e-08,4.693893797959965e-09,-2.1273038464516002e-08,0.04061288911796533,0.046752438893511335
671_T1_R1_vs_R2,natural_variability,6,RUArm_to_RFArm_rx,RUArm_to_RFArm,rx,0.20304075771686173,0.5184500874713688,0.3154093297545071,0.04061288911796533,0.046752438893511335
671_T1_R1_vs_R2,natural_variability,6,RUArm_to_RFArm_ry,RUArm_to_RFArm,ry,0.04873742520876989,0.10464256686559976,0.055905141656829874,0.04061288911796533,0.046752438893511335
671_T1_R1_vs_R2,natural_variability,6,RUArm_to_RFArm_rz,RUArm_to_RFArm,rz,0.14690147174483992,0.3704981249393577,0.22359665319451777,0.04061288911796533,0.046752438893511335
671_T1_R1_vs_R2,natural_variability,7,Chest_to_LShoulder_rx,Chest_to_LShoulder,rx,0.02101456553577177,0.00890394582497268,-0.01211061971079909,0.03716481201464257,0.012583877703339125
671_T1_R1_vs_R2,natural_variability,7,Chest_to_LShoulder_ry,Chest_to_LShoulder,ry,0.06544424876595793,0.008731445882482581,-0.056712802883475355,0.03716481201464257,0.012583877703339125
671_T1_R1_vs_R2,natural_variability,7,Chest_to_LShoulder_rz,Chest_to_LShoulder,rz,0.05166509847832349,0.0008519401990095751,-0.050813158279313916,0.03716481201464257,0.012583877703339125
671_T1_R1_vs_R2,natural_variability,7,Chest_to_Neck_rx,Chest_to_Neck,rx,0.14735294909362542,0.06184503766303617,-0.08550791143058925,0.03716481201464257,0.012583877703339125
671_T1_R1_vs_R2,natural_variability,7,Chest_to_Neck_ry,Chest_to_Neck,ry,0.04859752957139162,0.0064554825790499246,-0.0421420469923417,0.03716481201464257,0.012583877703339125
671_T1_R1_vs_R2,natural_variability,7,Chest_to_Neck_rz,Chest_to_Neck,rz,0.003872250337985877,0.072021971693558,0.06814972135557212,0.03716481201464257,0.012583877703339125
671_T1_R1_vs_R2,natural_variability,7,Chest_to_RShoulder_rx,Chest_to_RShoulder,rx,0.059890972126512655,0.09816438726849115,0.0382734151419785,0.03716481201464257,0.012583877703339125
671_T1_R1_vs_R2,natural_variability,7,Chest_to_RShoulder_ry,Chest_to_RShoulder,ry,0.015105819783153054,0.03120716543471358,0.016101345651560524,0.03716481201464257,0.012583877703339125
671_T1_R1_vs_R2,natural_variability,7,Chest_to_RShoulder_rz,Chest_to_RShoulder,rz,0.04838351022019142,0.018169806288156926,-0.030213703932034493,0.03716481201464257,0.012583877703339125
671_T1_R1_vs_R2,natural_variability,7,LFArm_to_LHand_rx,LFArm_to_LHand,rx,0.1612230665330175,0.059860645220098464,-0.10136242131291903,0.03716481201464257,0.012583877703339125
671_T1_R1_vs_R2,natural_variability,7,LFArm_to_LHand_ry,LFArm_to_LHand,ry,0.14825289450369644,0.02484451149121103,-0.12340838301248541,0.03716481201464257,0.012583877703339125
671_T1_R1_vs_R2,natural_variability,7,LFArm_to_LHand_rz,LFArm_to_LHand,rz,0.11788642347013764,0.0845493211444136,-0.03333710232572404,0.03716481201464257,0.012583877703339125
671_T1_R1_vs_R2,natural_variability,7,LShin_to_LFoot_rx,LShin_to_LFoot,rx,0.07291229425648856,0.23362980162770539,0.16071750737121682,0.03716481201464257,0.012583877703339125
671_T1_R1_vs_R2,natural_variability,7,LShin_to_LFoot_ry,LShin_to_LFoot,ry,0.25734521339255434,0.05387012358603253,-0.20347508980652182,0.03716481201464257,0.012583877703339125
671_T1_R1_vs_R2,natural_variability,7,LShin_to_LFoot_rz,LShin_to_LFoot,rz,0.20083096358049612,0.12928634873075573,-0.0715446148497404,0.03716481201464257,0.012583877703339125
671_T1_R1_vs_R2,natural_variability,7,LShoulder_to_LUArm_rx,LShoulder_to_LUArm,rx,0.029525925811584412,0.03982221848180892,0.010296292670224506,0.03716481201464257,0.012583877703339125
671_T1_R1_vs_R2,natural_variability,7,LShoulder_to_LUArm_ry,LShoulder_to_LUArm,ry,0.2866348973178913,0.23923157218753827,-0.04740332513035306,0.03716481201464257,0.012583877703339125
671_T1_R1_vs_R2,natural_variability,7,LShoulder_to_LUArm_rz,LShoulder_to_LUArm,rz,0.002345045750976678,0.07958102965265894,0.07723598390168226,0.03716481201464257,0.012583877703339125
671_T1_R1_vs_R2,natural_variability,7,LThigh_to_LShin_rx,LThigh_to_LShin,rx,0.1584111722089809,0.03856256686938085,-0.11984860533960005,0.03716481201464257,0.012583877703339125
671_T1_R1_vs_R2,natural_variability,7,LThigh_to_LShin_ry,LThigh_to_LShin,ry,3.238786814945982e-08,3.1916563794531976e-08,-4.713043549278441e-10,0.03716481201464257,0.012583877703339125
671_T1_R1_vs_R2,natural_variability,7,LThigh_to_LShin_rz,LThigh_to_LShin,rz,4.156090091184995e-08,5.087840464000813e-08,9.317503728158181e-09,0.03716481201464257,0.012583877703339125
671_T1_R1_vs_R2,natural_variability,7,LUArm_to_LFArm_rx,LUArm_to_LFArm,rx,0.17112533868429264,0.15688665663025392,-0.01423868205403872,0.03716481201464257,0.012583877703339125
671_T1_R1_vs_R2,natural_variability,7,LUArm_to_LFArm_ry,LUArm_to_LFArm,ry,0.1826259654600498,0.03160153231237528,-0.15102443314767452,0.03716481201464257,0.012583877703339125
671_T1_R1_vs_R2,natural_variability,7,LUArm_to_LFArm_rz,LUArm_to_LFArm,rz,0.16950017354615451,0.03008933388054629,-0.13941083966560822,0.03716481201464257,0.012583877703339125
671_T1_R1_vs_R2,natural_variability,7,Neck_to_Head_rx,Neck_to_Head,rx,0.1473528972534163,0.06184516529765196,-0.08550773195576433,0.03716481201464257,0.012583877703339125
671_T1_R1_vs_R2,natural_variability,7,Neck_to_Head_ry,Neck_to_Head,ry,0.04859753379128397,0.00645542932392351,-0.042142104467360456,0.03716481201464257,0.012583877703339125
671_T1_R1_vs_R2,natural_variability,7,Neck_to_Head_rz,Neck_to_Head,rz,0.0038722516464589907,0.07202203429731029,0.0681497826508513,0.03716481201464257,0.012583877703339125
671_T1_R1_vs_R2,natural_variability,7,RFArm_to_RHand_rx,RFArm_to_RHand,rx,0.06732410637501786,0.03397728014815806,-0.0333468262268598,0.03716481201464257,0.012583877703339125
671_T1_R1_vs_R2,natural_variability,7,RFArm_to_RHand_ry,RFArm_to_RHand,ry,0.27351175209659856,0.16611969189568032,-0.10739206020091824,0.03716481201464257,0.012583877703339125
671_T1_R1_vs_R2,natural_variability,7,RFArm_to_RHand_rz,RFArm_to_RHand,rz,0.061707134613309594,0.173289091837621,0.11158195722431141,0.03716481201464257,0.012583877703339125
671_T1_R1_vs_R2,natural_variability,7,RShin_to_RFoot_rx,RShin_to_RFoot,rx,0.024188341951944463,0.5062934089521963,0.48210506700025185,0.03716481201464257,0.012583877703339125
671_T1_R1_vs_R2,natural_variability,7,RShin_to_RFoot_ry,RShin_to_RFoot,ry,0.21120103427358147,0.17037921192956215,-0.04082182234401932,0.03716481201464257,0.012583877703339125
671_T1_R1_vs_R2,natural_variability,7,RShin_to_RFoot_rz,RShin_to_RFoot,rz,0.07610404984497715,0.07546249337614176,-0.0006415564688353886,0.03716481201464257,0.012583877703339125
671_T1_R1_vs_R2,natural_variability,7,RShoulder_to_RUArm_rx,RShoulder_to_RUArm,rx,0.10460744149746656,0.3048305209060068,0.20022307940854026,0.03716481201464257,0.012583877703339125
671_T1_R1_vs_R2,natural_variability,7,RShoulder_to_RUArm_ry,RShoulder_to_RUArm,ry,0.03268249602402021,0.21822298309127147,0.18554048706725126,0.03716481201464257,0.012583877703339125
671_T1_R1_vs_R2,natural_variability,7,RShoulder_to_RUArm_rz,RShoulder_to_RUArm,rz,0.07795669129379335,0.20475819069412074,0.1268014994003274,0.03716481201464257,0.012583877703339125
671_T1_R1_vs_R2,natural_variability,7,RThigh_to_RShin_rx,RThigh_to_RShin,rx,0.19507696501985228,0.3220388106578114,0.12696184563795915,0.03716481201464257,0.012583877703339125
671_T1_R1_vs_R2,natural_variability,7,RThigh_to_RShin_ry,RThigh_to_RShin,ry,2.9773000655813275e-09,7.609829695872935e-09,4.632529630291607e-09,0.03716481201464257,0.012583877703339125
671_T1_R1_vs_R2,natural_variability,7,RThigh_to_RShin_rz,RThigh_to_RShin,rz,2.3900205193009988e-08,8.373220227002992e-09,-1.5526984966006995e-08,0.03716481201464257,0.012583877703339125
671_T1_R1_vs_R2,natural_variability,7,RUArm_to_RFArm_rx,RUArm_to_RFArm,rx,0.43868948596084745,0.31886297622764453,-0.11982650973320291,0.03716481201464257,0.012583877703339125
671_T1_R1_vs_R2,natural_variability,7,RUArm_to_RFArm_ry,RUArm_to_RFArm,ry,0.26198810789451266,0.06965324115500847,-0.19233486673950417,0.03716481201464257,0.012583877703339125
671_T1_R1_vs_R2,natural_variability,7,RUArm_to_RFArm_rz,RUArm_to_RFArm,rz,0.33714615819378385,0.22260499333672557,-0.11454116485705829,0.03716481201464257,0.012583877703339125
