comparison_id,kind,pc,feature,link_id,axis,loading_A_abs,loading_B_reprojected_abs,jcvpca_axis,explained_variance_A,explained_variance_B_projected
671_T1_vs_T2,longitudinal,1,Chest_to_LShoulder_rx,Chest_to_LShoulder,rx,0.024522568660000417,0.023368870147381697,-0.00115369851261872,0.30546763721575004,0.31130882417385475
671_T1_vs_T2,longitudinal,1,Chest_to_LShoulder_ry,Chest_to_LShoulder,ry,0.0002763026461549837,0.0013668324246596576,0.001090529778504674,0.30546763721575004,0.31130882417385475
671_T1_vs_T2,longitudinal,1,Chest_to_LShoulder_rz,Chest_to_LShoulder,rz,0.014281557650199646,0.028850745842543463,0.014569188192343816,0.30546763721575004,0.31130882417385475
671_T1_vs_T2,longitudinal,1,Chest_to_Neck_rx,Chest_to_Neck,rx,0.0077579700158130985,0.03675652842566896,0.028998558409855865,0.30546763721575004,0.31130882417385475
671_T1_vs_T2,longitudinal,1,Chest_to_Neck_ry,Chest_to_Neck,ry,0.060821693085485656,0.02828133049699897,-0.032540362588486686,0.30546763721575004,0.31130882417385475
671_T1_vs_T2,longitudinal,1,Chest_to_Neck_rz,Chest_to_Neck,rz,0.046681561253122485,0.041538953922206176,-0.005142607330916309,0.30546763721575004,0.31130882417385475
671_T1_vs_T2,longitudinal,1,Chest_to_RShoulder_rx,Chest_to_RShoulder,rx,0.05317022062730685,0.11165289443434949,0.05848267380704264,0.30546763721575004,0.31130882417385475
671_T1_vs_T2,longitudinal,1,Chest_to_RShoulder_ry,Chest_to_RShoulder,ry,0.030525412034645517,0.03220818395077191,0.0016827719161263896,0.30546763721575004,0.31130882417385475
671_T1_vs_T2,longitudinal,1,Chest_to_RShoulder_rz,Chest_to_RShoulder,rz,0.05181459231222726,0.08430706839642975,0.03249247608420249,0.30546763721575004,0.31130882417385475
671_T1_vs_T2,longitudinal,1,LFArm_to_LHand_rx,LFArm_to_LHand,rx,0.06887903062234607,0.15300549044261538,0.08412645982026931,0.30546763721575004,0.31130882417385475
671_T1_vs_T2,longitudinal,1,LFArm_to_LHand_ry,LFArm_to_LHand,ry,0.027889851206896236,0.13155264877269351,0.10366279756579727,0.30546763721575004,0.31130882417385475
671_T1_vs_T2,longitudinal,1,LFArm_to_LHand_rz,LFArm_to_LHand,rz,0.004659055011479364,0.17861940058224002,0.17396034557076065,0.30546763721575004,0.31130882417385475
671_T1_vs_T2,longitudinal,1,LShin_to_LFoot_rx,LShin_to_LFoot,rx,0.0038316483671504836,0.0013760213894202437,-0.00245562697773024,0.30546763721575004,0.31130882417385475
671_T1_vs_T2,longitudinal,1,LShin_to_LFoot_ry,LShin_to_LFoot,ry,0.05495787387494889,0.043040491914240385,-0.011917381960708504,0.30546763721575004,0.31130882417385475
671_T1_vs_T2,longitudinal,1,LShin_to_LFoot_rz,LShin_to_LFoot,rz,0.004416355453575959,0.010590100858200802,0.006173745404624843,0.30546763721575004,0.31130882417385475
671_T1_vs_T2,longitudinal,1,LShoulder_to_LUArm_rx,LShoulder_to_LUArm,rx,0.058676647567519696,0.1797523080101911,0.1210756604426714,0.30546763721575004,0.31130882417385475
671_T1_vs_T2,longitudinal,1,LShoulder_to_LUArm_ry,LShoulder_to_LUArm,ry,0.025811854530758755,0.09654360946364414,0.07073175493288539,0.30546763721575004,0.31130882417385475
671_T1_vs_T2,longitudinal,1,LShoulder_to_LUArm_rz,LShoulder_to_LUArm,rz,0.01347257760734407,0.11771145914390994,0.10423888153656588,0.30546763721575004,0.31130882417385475
671_T1_vs_T2,longitudinal,1,LThigh_to_LShin_rx,LThigh_to_LShin,rx,0.01315613806665536,0.010542881406753865,-0.002613256659901494,0.30546763721575004,0.31130882417385475
671_T1_vs_T2,longitudinal,1,LThigh_to_LShin_ry,LThigh_to_LShin,ry,1.8931488681834046e-09,5.548873882785791e-09,3.6557250146023862e-09,0.30546763721575004,0.31130882417385475
671_T1_vs_T2,longitudinal,1,LThigh_to_LShin_rz,LThigh_to_LShin,rz,6.3457871147261e-09,1.4057350574705954e-08,7.711563459979855e-09,0.30546763721575004,0.31130882417385475
671_T1_vs_T2,longitudinal,1,LUArm_to_LFArm_rx,LUArm_to_LFArm,rx,0.11120413028698083,0.07054275475088419,-0.04066137553609664,0.30546763721575004,0.31130882417385475
671_T1_vs_T2,longitudinal,1,LUArm_to_LFArm_ry,LUArm_to_LFArm,ry,0.5599750111291224,0.33190611610790116,-0.22806889502122124,0.30546763721575004,0.31130882417385475
671_T1_vs_T2,longitudinal,1,LUArm_to_LFArm_rz,LUArm_to_LFArm,rz,0.18281709613713984,0.027887998080780272,-0.15492909805635957,0.30546763721575004,0.31130882417385475
671_T1_vs_T2,longitudinal,1,Neck_to_Head_rx,Neck_to_Head,rx,0.0077579602149931695,0.0367565257725411,0.02899856555754793,0.30546763721575004,0.31130882417385475
671_T1_vs_T2,longitudinal,1,Neck_to_Head_ry,Neck_to_Head,ry,0.060821717479097565,0.028281330164196913,-0.03254038731490065,0.30546763721575004,0.31130882417385475
671_T1_vs_T2,longitudinal,1,Neck_to_Head_rz,Neck_to_Head,rz,0.046681556546824536,0.041538997863795564,-0.005142558683028972,0.30546763721575004,0.31130882417385475
671_T1_vs_T2,longitudinal,1,RFArm_to_RHand_rx,RFArm_to_RHand,rx,0.2880482549929675,0.24535973364917738,-0.042688521343790115,0.30546763721575004,0.31130882417385475
671_T1_vs_T2,longitudinal,1,RFArm_to_RHand_ry,RFArm_to_RHand,ry,0.04557219166657582,0.01867483182452458,-0.02689735984205124,0.30546763721575004,0.31130882417385475
671_T1_vs_T2,longitudinal,1,RFArm_to_RHand_rz,RFArm_to_RHand,rz,0.5263166948712813,0.6452685604563164,0.11895186558503512,0.30546763721575004,0.31130882417385475
671_T1_vs_T2,longitudinal,1,RShin_to_RFoot_rx,RShin_to_RFoot,rx,0.01322052773310158,0.01975963348467477,0.006539105751573191,0.30546763721575004,0.31130882417385475
671_T1_vs_T2,longitudinal,1,RShin_to_RFoot_ry,RShin_to_RFoot,ry,0.05411510495814243,0.04711062811701604,-0.007004476841126393,0.30546763721575004,0.31130882417385475
671_T1_vs_T2,longitudinal,1,RShin_to_RFoot_rz,RShin_to_RFoot,rz,0.004287424314553709,0.0017239714612986307,-0.0025634528532550785,0.30546763721575004,0.31130882417385475
671_T1_vs_T2,longitudinal,1,RShoulder_to_RUArm_rx,RShoulder_to_RUArm,rx,0.2338981610456991,0.4401699245427837,0.2062717634970846,0.30546763721575004,0.31130882417385475
671_T1_vs_T2,longitudinal,1,RShoulder_to_RUArm_ry,RShoulder_to_RUArm,ry,0.003736866423457407,0.02055519765781153,0.016818331234354125,0.30546763721575004,0.31130882417385475
671_T1_vs_T2,longitudinal,1,RShoulder_to_RUArm_rz,RShoulder_to_RUArm,rz,0.1116835634296423,0.1518242619444477,0.04014069851480541,0.30546763721575004,0.31130882417385475
671_T1_vs_T2,longitudinal,1,RThigh_to_RShin_rx,RThigh_to_RShin,rx,0.03260109662849592,0.052278051797807604,0.019676955169311686,0.30546763721575004,0.31130882417385475
671_T1_vs_T2,longitudinal,1,RThigh_to_RShin_ry,RThigh_to_RShin,ry,1.108502621036889e-08,1.6304723504283286e-08,5.219697293914395e-09,0.30546763721575004,0.31130882417385475
671_T1_vs_T2,longitudinal,1,RThigh_to_RShin_rz,RThigh_to_RShin,rz,5.725861886491705e-10,1.02168346122422e-08,9.644248423593029e-09,0.30546763721575004,0.31130882417385475
671_T1_vs_T2,longitudinal,1,RUArm_to_RFArm_rx,RUArm_to_RFArm,rx,0.0750220120636339,0.07588621679433313,0.0008642047306992306,0.30546763721575004,0.31130882417385475
671_T1_vs_T2,longitudinal,1,RUArm_to_RFArm_ry,RUArm_to_RFArm,ry,0.4115275100478933,0.13032855721119355,-0.2811989528366997,0.30546763721575004,0.31130882417385475
671_T1_vs_T2,longitudinal,1,RUArm_to_RFArm_rz,RUArm_to_RFArm,rz,0.005475169712962296,0.04380080388629022,0.038325634173327926,0.30546763721575004,0.31130882417385475
671_T1_vs_T2,longitudinal,2,Chest_to_LShoulder_rx,Chest_to_LShoulder,rx,0.10889010121939831,0.10605794010597948,-0.0028321611134188296,0.19723229458944067,0.26028016851301633
671_T1_vs_T2,longitudinal,2,Chest_to_LShoulder_ry,Chest_to_LShoulder,ry,0.04493017905280697,0.041799639124646217,-0.0031305399281607513,0.19723229458944067,0.26028016851301633
671_T1_vs_T2,longitudinal,2,Chest_to_LShoulder_rz,Chest_to_LShoulder,rz,0.017579545128363697,0.07357076455007423,0.055991219421710536,0.19723229458944067,0.26028016851301633
671_T1_vs_T2,longitudinal,2,Chest_to_Neck_rx,Chest_to_Neck,rx,0.053336615627136985,0.036204607537808395,-0.01713200808932859,0.19723229458944067,0.26028016851301633
671_T1_vs_T2,longitudinal,2,Chest_to_Neck_ry,Chest_to_Neck,ry,0.022765412840423396,0.07580890982457553,0.05304349698415213,0.19723229458944067,0.26028016851301633
671_T1_vs_T2,longitudinal,2,Chest_to_Neck_rz,Chest_to_Neck,rz,0.027640445694929173,0.05767118804398937,0.0300307423490602,0.19723229458944067,0.26028016851301633
671_T1_vs_T2,longitudinal,2,Chest_to_RShoulder_rx,Chest_to_RShoulder,rx,0.11988285956164992,0.06344490952955617,-0.056437950032093745,0.19723229458944067,0.26028016851301633
671_T1_vs_T2,longitudinal,2,Chest_to_RShoulder_ry,Chest_to_RShoulder,ry,0.012520963864867509,0.0409544764210652,0.028433512556197693,0.19723229458944067,0.26028016851301633
671_T1_vs_T2,longitudinal,2,Chest_to_RShoulder_rz,Chest_to_RShoulder,rz,0.050537168863383754,0.11081191621295201,0.06027474734956826,0.19723229458944067,0.26028016851301633
671_T1_vs_T2,longitudinal,2,LFArm_to_LHand_rx,LFArm_to_LHand,rx,0.32429708964964427,0.20041133312864043,-0.12388575652100384,0.19723229458944067,0.26028016851301633
671_T1_vs_T2,longitudinal,2,LFArm_to_LHand_ry,LFArm_to_LHand,ry,0.14816141512536385,0.012588675665611254,-0.1355727394597526,0.19723229458944067,0.26028016851301633
671_T1_vs_T2,longitudinal,2,LFArm_to_LHand_rz,LFArm_to_LHand,rz,0.42007792184926085,0.32830419900519137,-0.09177372284406948,0.19723229458944067,0.26028016851301633
671_T1_vs_T2,longitudinal,2,LShin_to_LFoot_rx,LShin_to_LFoot,rx,0.013704542893190426,0.014398688967635237,0.0006941460744448111,0.19723229458944067,0.26028016851301633
671_T1_vs_T2,longitudinal,2,LShin_to_LFoot_ry,LShin_to_LFoot,ry,0.0479486318094727,0.09284562354666169,0.04489699173718899,0.19723229458944067,0.26028016851301633
671_T1_vs_T2,longitudinal,2,LShin_to_LFoot_rz,LShin_to_LFoot,rz,0.0022511837791716212,0.006096391597861888,0.003845207818690267,0.19723229458944067,0.26028016851301633
671_T1_vs_T2,longitudinal,2,LShoulder_to_LUArm_rx,LShoulder_to_LUArm,rx,0.39454227989282475,0.2860910666960707,-0.10845121319675405,0.19723229458944067,0.26028016851301633
671_T1_vs_T2,longitudinal,2,LShoulder_to_LUArm_ry,LShoulder_to_LUArm,ry,0.04482700208427024,0.05266827798712684,0.007841275902856597,0.19723229458944067,0.26028016851301633
671_T1_vs_T2,longitudinal,2,LShoulder_to_LUArm_rz,LShoulder_to_LUArm,rz,0.002637846374683532,0.1381476377495466,0.13550979137486308,0.19723229458944067,0.26028016851301633
671_T1_vs_T2,longitudinal,2,LThigh_to_LShin_rx,LThigh_to_LShin,rx,0.005365659655167549,0.05342347426641169,0.04805781461124414,0.19723229458944067,0.26028016851301633
671_T1_vs_T2,longitudinal,2,LThigh_to_LShin_ry,LThigh_to_LShin,ry,2.2711642441223155e-08,3.09407606776917e-08,8.229118236468545e-09,0.19723229458944067,0.26028016851301633
671_T1_vs_T2,longitudinal,2,LThigh_to_LShin_rz,LThigh_to_LShin,rz,1.5801842676291805e-08,2.4623713215147673e-08,8.821870538855868e-09,0.19723229458944067,0.26028016851301633
671_T1_vs_T2,longitudinal,2,LUArm_to_LFArm_rx,LUArm_to_LFArm,rx,0.14393141493475523,0.018534498174369703,-0.12539691676038553,0.19723229458944067,0.26028016851301633
671_T1_vs_T2,longitudinal,2,LUArm_to_LFArm_ry,LUArm_to_LFArm,ry,0.366498711871136,0.3470631617756803,-0.019435550095455667,0.19723229458944067,0.26028016851301633
671_T1_vs_T2,longitudinal,2,LUArm_to_LFArm_rz,LUArm_to_LFArm,rz,0.05775009550989045,0.09205045456366674,0.03430035905377629,0.19723229458944067,0.26028016851301633
671_T1_vs_T2,longitudinal,2,Neck_to_Head_rx,Neck_to_Head,rx,0.053336631200298204,0.036204533651287736,-0.017132097549010468,0.19723229458944067,0.26028016851301633
671_T1_vs_T2,longitudinal,2,Neck_to_Head_ry,Neck_to_Head,ry,0.02276543310042775,0.07580896929481802,0.05304353619439027,0.19723229458944067,0.26028016851301633
671_T1_vs_T2,longitudinal,2,Neck_to_Head_rz,Neck_to_Head,rz,0.02764045503954285,0.05767116497271365,0.0300307099331708,0.19723229458944067,0.26028016851301633
671_T1_vs_T2,longitudinal,2,RFArm_to_RHand_rx,RFArm_to_RHand,rx,0.19351376162925055,0.08636455307036711,-0.10714920855888344,0.19723229458944067,0.26028016851301633
671_T1_vs_T2,longitudinal,2,RFArm_to_RHand_ry,RFArm_to_RHand,ry,0.15521817551264036,0.046326404723154864,-0.1088917707894855,0.19723229458944067,0.26028016851301633
671_T1_vs_T2,longitudinal,2,RFArm_to_RHand_rz,RFArm_to_RHand,rz,0.09321802825490721,0.20177606857121622,0.108558040316309,0.19723229458944067,0.26028016851301633
671_T1_vs_T2,longitudinal,2,RShin_to_RFoot_rx,RShin_to_RFoot,rx,0.008590186413162655,0.01745981231275862,0.008869625899595964,0.19723229458944067,0.26028016851301633
671_T1_vs_T2,longitudinal,2,RShin_to_RFoot_ry,RShin_to_RFoot,ry,0.0500910686838261,0.08599736446890126,0.035906295785075155,0.19723229458944067,0.26028016851301633
671_T1_vs_T2,longitudinal,2,RShin_to_RFoot_rz,RShin_to_RFoot,rz,0.006662927028749054,0.016319513364066892,0.009656586335317838,0.19723229458944067,0.26028016851301633
671_T1_vs_T2,longitudinal,2,RShoulder_to_RUArm_rx,RShoulder_to_RUArm,rx,0.29340051802223666,0.04682576101659465,-0.24657475700564202,0.19723229458944067,0.26028016851301633
671_T1_vs_T2,longitudinal,2,RShoulder_to_RUArm_ry,RShoulder_to_RUArm,ry,0.15290411301744194,0.09611341456257406,-0.05679069845486788,0.19723229458944067,0.26028016851301633
671_T1_vs_T2,longitudinal,2,RShoulder_to_RUArm_rz,RShoulder_to_RUArm,rz,0.06133350000499862,0.12878821833024523,0.0674547183252466,0.19723229458944067,0.26028016851301633
671_T1_vs_T2,longitudinal,2,RThigh_to_RShin_rx,RThigh_to_RShin,rx,0.01656769356981838,0.008911688022457927,-0.007656005547360454,0.19723229458944067,0.26028016851301633
671_T1_vs_T2,longitudinal,2,RThigh_to_RShin_ry,RThigh_to_RShin,ry,9.62091889320687e-09,3.411491096798095e-08,2.449399207477408e-08,0.19723229458944067,0.26028016851301633
671_T1_vs_T2,longitudinal,2,RThigh_to_RShin_rz,RThigh_to_RShin,rz,2.6074000997655148e-08,4.977174313400415e-08,2.3697742136349003e-08,0.19723229458944067,0.26028016851301633
671_T1_vs_T2,longitudinal,2,RUArm_to_RFArm_rx,RUArm_to_RFArm,rx,0.20549309274191646,0.18665955632088047,-0.018833536421035996,0.19723229458944067,0.26028016851301633
671_T1_vs_T2,longitudinal,2,RUArm_to_RFArm_ry,RUArm_to_RFArm,ry,0.3116249021722048,0.6253127121549974,0.3136878099827926,0.19723229458944067,0.26028016851301633
671_T1_vs_T2,longitudinal,2,RUArm_to_RFArm_rz,RUArm_to_RFArm,rz,0.11235948782816432,0.19442506683162616,0.08206557900346184,0.19723229458944067,0.26028016851301633
671_T1_vs_T2,longitudinal,3,Chest_to_LShoulder_rx,Chest_to_LShoulder,rx,0.04757885259039325,0.10644549449670601,0.05886664190631276,0.11368083252101001,0.24048037065398822
671_T1_vs_T2,longitudinal,3,Chest_to_LShoulder_ry,Chest_to_LShoulder,ry,0.015381507875832364,0.034751006731682355,0.01936949885584999,0.11368083252101001,0.24048037065398822
671_T1_vs_T2,longitudinal,3,Chest_to_LShoulder_rz,Chest_to_LShoulder,rz,0.06125797502429149,0.016611300564772495,-0.044646674459519,0.11368083252101001,0.24048037065398822
671_T1_vs_T2,longitudinal,3,Chest_to_Neck_rx,Chest_to_Neck,rx,0.045598257871698696,0.021779879112383098,-0.023818378759315598,0.11368083252101001,0.24048037065398822
671_T1_vs_T2,longitudinal,3,Chest_to_Neck_ry,Chest_to_Neck,ry,0.04513877382628073,0.024021364290689493,-0.021117409535591238,0.11368083252101001,0.24048037065398822
671_T1_vs_T2,longitudinal,3,Chest_to_Neck_rz,Chest_to_Neck,rz,0.018063164002676765,0.003581655921776281,-0.014481508080900483,0.11368083252101001,0.24048037065398822
671_T1_vs_T2,longitudinal,3,Chest_to_RShoulder_rx,Chest_to_RShoulder,rx,0.04624779879000614,0.06558751182073003,0.01933971303072389,0.11368083252101001,0.24048037065398822
671_T1_vs_T2,longitudinal,3,Chest_to_RShoulder_ry,Chest_to_RShoulder,ry,0.019524368286631098,0.007453629418920351,-0.012070738867710746,0.11368083252101001,0.24048037065398822
671_T1_vs_T2,longitudinal,3,Chest_to_RShoulder_rz,Chest_to_RShoulder,rz,0.11980857876811589,0.04826911882306852,-0.07153945994504737,0.11368083252101001,0.24048037065398822
671_T1_vs_T2,longitudinal,3,LFArm_to_LHand_rx,LFArm_to_LHand,rx,0.08247726115706965,0.18354634035491,0.10106907919784035,0.11368083252101001,0.24048037065398822
671_T1_vs_T2,longitudinal,3,LFArm_to_LHand_ry,LFArm_to_LHand,ry,0.06986685419206141,0.09963242757657127,0.029765573384509858,0.11368083252101001,0.24048037065398822
671_T1_vs_T2,longitudinal,3,LFArm_to_LHand_rz,LFArm_to_LHand,rz,0.1076602213623505,0.3618324728380817,0.2541722514757312,0.11368083252101001,0.24048037065398822
671_T1_vs_T2,longitudinal,3,LShin_to_LFoot_rx,LShin_to_LFoot,rx,0.011669427160610434,0.011169447880293547,-0.0004999792803168871,0.11368083252101001,0.24048037065398822
671_T1_vs_T2,longitudinal,3,LShin_to_LFoot_ry,LShin_to_LFoot,ry,0.05343621697170187,0.0034118708619879042,-0.05002434610971397,0.11368083252101001,0.24048037065398822
671_T1_vs_T2,longitudinal,3,LShin_to_LFoot_rz,LShin_to_LFoot,rz,0.011035051153304085,2.1696084215923813e-05,-0.011013355069088161,0.11368083252101001,0.24048037065398822
671_T1_vs_T2,longitudinal,3,LShoulder_to_LUArm_rx,LShoulder_to_LUArm,rx,0.05611512744317832,0.3941197389019796,0.3380046114588013,0.11368083252101001,0.24048037065398822
671_T1_vs_T2,longitudinal,3,LShoulder_to_LUArm_ry,LShoulder_to_LUArm,ry,0.023098373260527997,0.08921852500229006,0.06612015174176207,0.11368083252101001,0.24048037065398822
671_T1_vs_T2,longitudinal,3,LShoulder_to_LUArm_rz,LShoulder_to_LUArm,rz,0.14848996374717344,0.03068009064343015,-0.11780987310374329,0.11368083252101001,0.24048037065398822
671_T1_vs_T2,longitudinal,3,LThigh_to_LShin_rx,LThigh_to_LShin,rx,0.03636612414145602,0.0032978374614673176,-0.0330682866799887,0.11368083252101001,0.24048037065398822
671_T1_vs_T2,longitudinal,3,LThigh_to_LShin_ry,LThigh_to_LShin,ry,1.5660089861675657e-08,1.65368619725644e-08,8.767721108887445e-10,0.11368083252101001,0.24048037065398822
671_T1_vs_T2,longitudinal,3,LThigh_to_LShin_rz,LThigh_to_LShin,rz,2.4414686649631154e-08,9.10433538231135e-09,-1.5310351267319805e-08,0.11368083252101001,0.24048037065398822
671_T1_vs_T2,longitudinal,3,LUArm_to_LFArm_rx,LUArm_to_LFArm,rx,0.07447954276262513,0.23925827006975428,0.16477872730712917,0.11368083252101001,0.24048037065398822
671_T1_vs_T2,longitudinal,3,LUArm_to_LFArm_ry,LUArm_to_LFArm,ry,0.19517812711888452,0.25502592356457776,0.05984779644569324,0.11368083252101001,0.24048037065398822
671_T1_vs_T2,longitudinal,3,LUArm_to_LFArm_rz,LUArm_to_LFArm,rz,0.12546756450216207,0.24293647791788522,0.11746891341572316,0.11368083252101001,0.24048037065398822
671_T1_vs_T2,longitudinal,3,Neck_to_Head_rx,Neck_to_Head,rx,0.04559820201022361,0.021779914022608215,-0.023818287987615396,0.11368083252101001,0.24048037065398822
671_T1_vs_T2,longitudinal,3,Neck_to_Head_ry,Neck_to_Head,ry,0.045138825100666115,0.024021372587064806,-0.02111745251360131,0.11368083252101001,0.24048037065398822
671_T1_vs_T2,longitudinal,3,Neck_to_Head_rz,Neck_to_Head,rz,0.018063105176500612,0.003581623647767905,-0.014481481528732708,0.11368083252101001,0.24048037065398822
671_T1_vs_T2,longitudinal,3,RFArm_to_RHand_rx,RFArm_to_RHand,rx,0.16798469954126824,0.25616347899332814,0.0881787794520599,0.11368083252101001,0.24048037065398822
671_T1_vs_T2,longitudinal,3,RFArm_to_RHand_ry,RFArm_to_RHand,ry,0.0062557683207835665,0.12197066905598757,0.115714900735204,0.11368083252101001,0.24048037065398822
671_T1_vs_T2,longitudinal,3,RFArm_to_RHand_rz,RFArm_to_RHand,rz,0.5038422477000827,0.2653162361105061,-0.2385260115895766,0.11368083252101001,0.24048037065398822
671_T1_vs_T2,longitudinal,3,RShin_to_RFoot_rx,RShin_to_RFoot,rx,0.02909200859494903,0.007356160401554152,-0.02173584819339488,0.11368083252101001,0.24048037065398822
671_T1_vs_T2,longitudinal,3,RShin_to_RFoot_ry,RShin_to_RFoot,ry,0.04484881741872754,0.00596248966089042,-0.03888632775783712,0.11368083252101001,0.24048037065398822
671_T1_vs_T2,longitudinal,3,RShin_to_RFoot_rz,RShin_to_RFoot,rz,0.010358245494531081,0.0015304457959508196,-0.008827799698580262,0.11368083252101001,0.24048037065398822
671_T1_vs_T2,longitudinal,3,RShoulder_to_RUArm_rx,RShoulder_to_RUArm,rx,0.2825765687557759,0.12601703238065465,-0.15655953637512127,0.11368083252101001,0.24048037065398822
671_T1_vs_T2,longitudinal,3,RShoulder_to_RUArm_ry,RShoulder_to_RUArm,ry,0.0009000347414396754,0.1041606217567666,0.10326058701532692,0.11368083252101001,0.24048037065398822
671_T1_vs_T2,longitudinal,3,RShoulder_to_RUArm_rz,RShoulder_to_RUArm,rz,0.1596033314685793,0.07650821439168354,-0.08309511707689576,0.11368083252101001,0.24048037065398822
671_T1_vs_T2,longitudinal,3,RThigh_to_RShin_rx,RThigh_to_RShin,rx,0.03457171891197409,0.0021222942856614856,-0.032449424626312603,0.11368083252101001,0.24048037065398822
671_T1_vs_T2,longitudinal,3,RThigh_to_RShin_ry,RThigh_to_RShin,ry,3.299243383537995e-08,1.6793790425131677e-08,-1.6198643410248272e-08,0.11368083252101001,0.24048037065398822
671_T1_vs_T2,longitudinal,3,RThigh_to_RShin_rz,RThigh_to_RShin,rz,2.5673451677822604e-08,2.809362668133855e-08,2.420175003515945e-09,0.11368083252101001,0.24048037065398822
671_T1_vs_T2,longitudinal,3,RUArm_to_RFArm_rx,RUArm_to_RFArm,rx,0.14484930900766416,0.14912152237319137,0.0042722133655272165,0.11368083252101001,0.24048037065398822
671_T1_vs_T2,longitudinal,3,RUArm_to_RFArm_ry,RUArm_to_RFArm,ry,0.6472454400655993,0.4999911343123444,-0.14725430575325488,0.11368083252101001,0.24048037065398822
671_T1_vs_T2,longitudinal,3,RUArm_to_RFArm_rz,RUArm_to_RFArm,rz,0.15379922595949547,0.04852250925924238,-0.10527671670025308,0.11368083252101001,0.24048037065398822
671_T1_vs_T2,longitudinal,4,Chest_to_LShoulder_rx,Chest_to_LShoulder,rx,0.06813559869484659,0.009560803665250157,-0.058574795029596435,0.07989809057932593,0.07865856689101294
671_T1_vs_T2,longitudinal,4,Chest_to_LShoulder_ry,Chest_to_LShoulder,ry,0.08510691133860235,0.1392296276619052,0.054122716323302844,0.07989809057932593,0.07865856689101294
671_T1_vs_T2,longitudinal,4,Chest_to_LShoulder_rz,Chest_to_LShoulder,rz,0.04811872180059794,0.11392993012877882,0.06581120832818088,0.07989809057932593,0.07865856689101294
671_T1_vs_T2,longitudinal,4,Chest_to_Neck_rx,Chest_to_Neck,rx,0.07280302832862696,0.006015784841080133,-0.06678724348754683,0.07989809057932593,0.07865856689101294
671_T1_vs_T2,longitudinal,4,Chest_to_Neck_ry,Chest_to_Neck,ry,0.04045743459771524,0.033091268301945094,-0.007366166295770145,0.07989809057932593,0.07865856689101294
671_T1_vs_T2,longitudinal,4,Chest_to_Neck_rz,Chest_to_Neck,rz,0.03656056168445284,0.016994758925671975,-0.019565802758780865,0.07989809057932593,0.07865856689101294
671_T1_vs_T2,longitudinal,4,Chest_to_RShoulder_rx,Chest_to_RShoulder,rx,0.029882754247184437,0.15837869689146103,0.1284959426442766,0.07989809057932593,0.07865856689101294
671_T1_vs_T2,longitudinal,4,Chest_to_RShoulder_ry,Chest_to_RShoulder,ry,0.030048621288644873,0.09722244947992018,0.0671738281912753,0.07989809057932593,0.07865856689101294
671_T1_vs_T2,longitudinal,4,Chest_to_RShoulder_rz,Chest_to_RShoulder,rz,0.002021691865395403,0.0552314777428812,0.0532097858774858,0.07989809057932593,0.07865856689101294
671_T1_vs_T2,longitudinal,4,LFArm_to_LHand_rx,LFArm_to_LHand,rx,0.06324542106942946,0.1819177418760686,0.11867232080663914,0.07989809057932593,0.07865856689101294
671_T1_vs_T2,longitudinal,4,LFArm_to_LHand_ry,LFArm_to_LHand,ry,0.017573478380240436,0.18405998120977557,0.16648650282953514,0.07989809057932593,0.07865856689101294
671_T1_vs_T2,longitudinal,4,LFArm_to_LHand_rz,LFArm_to_LHand,rz,0.3580486187911365,0.07944847015216554,-0.2786001486389709,0.07989809057932593,0.07865856689101294
671_T1_vs_T2,longitudinal,4,LShin_to_LFoot_rx,LShin_to_LFoot,rx,0.001115812424913548,0.013418158456932418,0.01230234603201887,0.07989809057932593,0.07865856689101294
671_T1_vs_T2,longitudinal,4,LShin_to_LFoot_ry,LShin_to_LFoot,ry,0.04538129828726539,0.05224236062196484,0.00686106233469945,0.07989809057932593,0.07865856689101294
671_T1_vs_T2,longitudinal,4,LShin_to_LFoot_rz,LShin_to_LFoot,rz,0.008566174233498942,0.0036800114022672663,-0.004886162831231675,0.07989809057932593,0.07865856689101294
671_T1_vs_T2,longitudinal,4,LShoulder_to_LUArm_rx,LShoulder_to_LUArm,rx,0.29497973024710883,0.135015245929624,-0.15996448431748483,0.07989809057932593,0.07865856689101294
671_T1_vs_T2,longitudinal,4,LShoulder_to_LUArm_ry,LShoulder_to_LUArm,ry,0.11633121034906843,0.4012779766101447,0.2849467662610763,0.07989809057932593,0.07865856689101294
671_T1_vs_T2,longitudinal,4,LShoulder_to_LUArm_rz,LShoulder_to_LUArm,rz,0.049586861366628064,0.25304650503489645,0.20345964366826838,0.07989809057932593,0.07865856689101294
671_T1_vs_T2,longitudinal,4,LThigh_to_LShin_rx,LThigh_to_LShin,rx,0.058563835984714,0.09786349362803082,0.03929965764331682,0.07989809057932593,0.07865856689101294
671_T1_vs_T2,longitudinal,4,LThigh_to_LShin_ry,LThigh_to_LShin,ry,1.4673436794750568e-08,1.1886225571753824e-08,-2.7872112229967442e-09,0.07989809057932593,0.07865856689101294
671_T1_vs_T2,longitudinal,4,LThigh_to_LShin_rz,LThigh_to_LShin,rz,6.961986389251369e-09,1.7981785548375095e-08,1.1019799159123726e-08,0.07989809057932593,0.07865856689101294
671_T1_vs_T2,longitudinal,4,LUArm_to_LFArm_rx,LUArm_to_LFArm,rx,0.2687766301154524,0.1501254505345979,-0.1186511795808545,0.07989809057932593,0.07865856689101294
671_T1_vs_T2,longitudinal,4,LUArm_to_LFArm_ry,LUArm_to_LFArm,ry,0.5278459795505461,0.06195067698075408,-0.46589530256979206,0.07989809057932593,0.07865856689101294
671_T1_vs_T2,longitudinal,4,LUArm_to_LFArm_rz,LUArm_to_LFArm,rz,0.26606602360016407,0.1462872338797074,-0.11977878972045666,0.07989809057932593,0.07865856689101294
671_T1_vs_T2,longitudinal,4,Neck_to_Head_rx,Neck_to_Head,rx,0.07280293801616709,0.0060157019233290435,-0.06678723609283804,0.07989809057932593,0.07865856689101294
671_T1_vs_T2,longitudinal,4,Neck_to_Head_ry,Neck_to_Head,ry,0.04045743435015408,0.03309124824367498,-0.0073661861064791,0.07989809057932593,0.07865856689101294
671_T1_vs_T2,longitudinal,4,Neck_to_Head_rz,Neck_to_Head,rz,0.03656060610497503,0.016994790767305354,-0.019565815337669677,0.07989809057932593,0.07865856689101294
671_T1_vs_T2,longitudinal,4,RFArm_to_RHand_rx,RFArm_to_RHand,rx,0.14957085383333035,0.06833321674940869,-0.08123763708392166,0.07989809057932593,0.07865856689101294
671_T1_vs_T2,longitudinal,4,RFArm_to_RHand_ry,RFArm_to_RHand,ry,0.09085343902262427,0.029165844629708396,-0.06168759439291588,0.07989809057932593,0.07865856689101294
671_T1_vs_T2,longitudinal,4,RFArm_to_RHand_rz,RFArm_to_RHand,rz,0.22348054826800706,0.07673209739531855,-0.1467484508726885,0.07989809057932593,0.07865856689101294
671_T1_vs_T2,longitudinal,4,RShin_to_RFoot_rx,RShin_to_RFoot,rx,0.02500041430510438,0.045683856465265384,0.020683442160161002,0.07989809057932593,0.07865856689101294
671_T1_vs_T2,longitudinal,4,RShin_to_RFoot_ry,RShin_to_RFoot,ry,0.04174247863056554,0.04706144264431707,0.00531896401375153,0.07989809057932593,0.07865856689101294
671_T1_vs_T2,longitudinal,4,RShin_to_RFoot_rz,RShin_to_RFoot,rz,0.016184657212095464,0.03230018436761143,0.016115527155515966,0.07989809057932593,0.07865856689101294
671_T1_vs_T2,longitudinal,4,RShoulder_to_RUArm_rx,RShoulder_to_RUArm,rx,0.10642880387451271,0.3798867043664988,0.2734579004919861,0.07989809057932593,0.07865856689101294
671_T1_vs_T2,longitudinal,4,RShoulder_to_RUArm_ry,RShoulder_to_RUArm,ry,0.16610200971920153,0.5354238668045375,0.36932185708533594,0.07989809057932593,0.07865856689101294
671_T1_vs_T2,longitudinal,4,RShoulder_to_RUArm_rz,RShoulder_to_RUArm,rz,0.06730735008278695,0.09962016009444245,0.03231281001165551,0.07989809057932593,0.07865856689101294
671_T1_vs_T2,longitudinal,4,RThigh_to_RShin_rx,RThigh_to_RShin,rx,0.007949358678654737,0.02116165642438613,0.013212297745731395,0.07989809057932593,0.07865856689101294
671_T1_vs_T2,longitudinal,4,RThigh_to_RShin_ry,RThigh_to_RShin,ry,2.4182973889897635e-08,4.675166460537656e-08,2.2568690715478922e-08,0.07989809057932593,0.07865856689101294
671_T1_vs_T2,longitudinal,4,RThigh_to_RShin_rz,RThigh_to_RShin,rz,5.2011098048570854e-08,8.912561487440226e-09,-4.3098536561130626e-08,0.07989809057932593,0.07865856689101294
671_T1_vs_T2,longitudinal,4,RUArm_to_RFArm_rx,RUArm_to_RFArm,rx,0.0613718198158315,0.23205146774125202,0.1706796479254205,0.07989809057932593,0.07865856689101294
671_T1_vs_T2,longitudinal,4,RUArm_to_RFArm_ry,RUArm_to_RFArm,ry,0.4174233503116545,0.13253832921329206,-0.28488502109836245,0.07989809057932593,0.07865856689101294
671_T1_vs_T2,longitudinal,4,RUArm_to_RFArm_rz,RUArm_to_RFArm,rz,0.001961277605040679,0.14401279158764987,0.1420515139826092,0.07989809057932593,0.07865856689101294
671_T1_vs_T2,longitudinal,5,Chest_to_LShoulder_rx,Chest_to_LShoulder,rx,0.01448441256947543,0.00011740008458343111,-0.014367012484892,0.06613436466166411,0.06468478753521385
671_T1_vs_T2,longitudinal,5,Chest_to_LShoulder_ry,Chest_to_LShoulder,ry,0.11236430999462449,0.09112857587325135,-0.02123573412137314,0.06613436466166411,0.06468478753521385
671_T1_vs_T2,longitudinal,5,Chest_to_LShoulder_rz,Chest_to_LShoulder,rz,0.15062212745169593,0.08475003684748193,-0.06587209060421399,0.06613436466166411,0.06468478753521385
671_T1_vs_T2,longitudinal,5,Chest_to_Neck_rx,Chest_to_Neck,rx,0.019797563470716827,0.06581610066168381,0.04601853719096698,0.06613436466166411,0.06468478753521385
671_T1_vs_T2,longitudinal,5,Chest_to_Neck_ry,Chest_to_Neck,ry,0.03222666115831794,0.02776162091847014,-0.004465040239847798,0.06613436466166411,0.06468478753521385
671_T1_vs_T2,longitudinal,5,Chest_to_Neck_rz,Chest_to_Neck,rz,0.027650083600646788,0.009643505413415134,-0.018006578187231656,0.06613436466166411,0.06468478753521385
671_T1_vs_T2,longitudinal,5,Chest_to_RShoulder_rx,Chest_to_RShoulder,rx,0.1767475922618571,0.043905682135589305,-0.13284191012626778,0.06613436466166411,0.06468478753521385
671_T1_vs_T2,longitudinal,5,Chest_to_RShoulder_ry,Chest_to_RShoulder,ry,0.061409053105263484,0.07186681824879303,0.010457765143529543,0.06613436466166411,0.06468478753521385
671_T1_vs_T2,longitudinal,5,Chest_to_RShoulder_rz,Chest_to_RShoulder,rz,0.08018161130144853,0.035138199959522005,-0.04504341134192653,0.06613436466166411,0.06468478753521385
671_T1_vs_T2,longitudinal,5,LFArm_to_LHand_rx,LFArm_to_LHand,rx,0.26420396922968525,0.010264529076276814,-0.2539394401534084,0.06613436466166411,0.06468478753521385
671_T1_vs_T2,longitudinal,5,LFArm_to_LHand_ry,LFArm_to_LHand,ry,0.23643668585716285,0.03113487865921968,-0.20530180719794316,0.06613436466166411,0.06468478753521385
671_T1_vs_T2,longitudinal,5,LFArm_to_LHand_rz,LFArm_to_LHand,rz,0.12202348687714717,0.2133441217932581,0.09132063491611092,0.06613436466166411,0.06468478753521385
671_T1_vs_T2,longitudinal,5,LShin_to_LFoot_rx,LShin_to_LFoot,rx,0.011064132858276758,0.008055425077105143,-0.0030087077811716146,0.06613436466166411,0.06468478753521385
671_T1_vs_T2,longitudinal,5,LShin_to_LFoot_ry,LShin_to_LFoot,ry,0.04725488964539427,0.016118642861880344,-0.031136246783513923,0.06613436466166411,0.06468478753521385
671_T1_vs_T2,longitudinal,5,LShin_to_LFoot_rz,LShin_to_LFoot,rz,0.0008656074039911993,0.01279834612268413,0.011932738718692932,0.06613436466166411,0.06468478753521385
671_T1_vs_T2,longitudinal,5,LShoulder_to_LUArm_rx,LShoulder_to_LUArm,rx,0.09891425780430291,0.08512149237396663,-0.013792765430336279,0.06613436466166411,0.06468478753521385
671_T1_vs_T2,longitudinal,5,LShoulder_to_LUArm_ry,LShoulder_to_LUArm,ry,0.22282811171382375,0.31257612149773684,0.08974800978391309,0.06613436466166411,0.06468478753521385
671_T1_vs_T2,longitudinal,5,LShoulder_to_LUArm_rz,LShoulder_to_LUArm,rz,0.3095799524029545,0.09081350621033142,-0.2187664461926231,0.06613436466166411,0.06468478753521385
671_T1_vs_T2,longitudinal,5,LThigh_to_LShin_rx,LThigh_to_LShin,rx,0.10226008700748838,0.05020139430052906,-0.05205869270695932,0.06613436466166411,0.06468478753521385
671_T1_vs_T2,longitudinal,5,LThigh_to_LShin_ry,LThigh_to_LShin,ry,1.941168381044923e-08,2.159947680611003e-09,-1.725173612983823e-08,0.06613436466166411,0.06468478753521385
671_T1_vs_T2,longitudinal,5,LThigh_to_LShin_rz,LThigh_to_LShin,rz,2.1468939941277574e-08,1.4037994980211176e-08,-7.430944961066398e-09,0.06613436466166411,0.06468478753521385
671_T1_vs_T2,longitudinal,5,LUArm_to_LFArm_rx,LUArm_to_LFArm,rx,0.22885965270249078,0.27382890117467895,0.04496924847218817,0.06613436466166411,0.06468478753521385
671_T1_vs_T2,longitudinal,5,LUArm_to_LFArm_ry,LUArm_to_LFArm,ry,0.1596343756757407,0.5684112773161443,0.4087769016404036,0.06613436466166411,0.06468478753521385
671_T1_vs_T2,longitudinal,5,LUArm_to_LFArm_rz,LUArm_to_LFArm,rz,0.16854716958964908,0.2506228418705907,0.08207567228094162,0.06613436466166411,0.06468478753521385
671_T1_vs_T2,longitudinal,5,Neck_to_Head_rx,Neck_to_Head,rx,0.019797625301437624,0.06581604157113155,0.046018416269693926,0.06613436466166411,0.06468478753521385
671_T1_vs_T2,longitudinal,5,Neck_to_Head_ry,Neck_to_Head,ry,0.032226647599242715,0.027761606999032493,-0.004465040600210222,0.06613436466166411,0.06468478753521385
671_T1_vs_T2,longitudinal,5,Neck_to_Head_rz,Neck_to_Head,rz,0.027650128931678952,0.009643526165899122,-0.018006602765779832,0.06613436466166411,0.06468478753521385
671_T1_vs_T2,longitudinal,5,RFArm_to_RHand_rx,RFArm_to_RHand,rx,0.07076813879824342,0.18414021017912977,0.11337207138088634,0.06613436466166411,0.06468478753521385
671_T1_vs_T2,longitudinal,5,RFArm_to_RHand_ry,RFArm_to_RHand,ry,0.03512540320498031,0.14786973865728753,0.11274433545230722,0.06613436466166411,0.06468478753521385
671_T1_vs_T2,longitudinal,5,RFArm_to_RHand_rz,RFArm_to_RHand,rz,0.043667122792775986,0.2058237330845501,0.1621566102917741,0.06613436466166411,0.06468478753521385
671_T1_vs_T2,longitudinal,5,RShin_to_RFoot_rx,RShin_to_RFoot,rx,0.03941778001398109,0.030728685668050964,-0.008689094345930123,0.06613436466166411,0.06468478753521385
671_T1_vs_T2,longitudinal,5,RShin_to_RFoot_ry,RShin_to_RFoot,ry,0.04301765173796668,0.012450636266052691,-0.030567015471913987,0.06613436466166411,0.06468478753521385
671_T1_vs_T2,longitudinal,5,RShin_to_RFoot_rz,RShin_to_RFoot,rz,0.030713304533343724,0.014701778016417743,-0.01601152651692598,0.06613436466166411,0.06468478753521385
671_T1_vs_T2,longitudinal,5,RShoulder_to_RUArm_rx,RShoulder_to_RUArm,rx,0.3794154259482072,0.049221091408605824,-0.3301943345396014,0.06613436466166411,0.06468478753521385
671_T1_vs_T2,longitudinal,5,RShoulder_to_RUArm_ry,RShoulder_to_RUArm,ry,0.47525808551211324,0.16106805163491447,-0.3141900338771988,0.06613436466166411,0.06468478753521385
671_T1_vs_T2,longitudinal,5,RShoulder_to_RUArm_rz,RShoulder_to_RUArm,rz,0.1548875842617834,0.12302839903903409,-0.0318591852227493,0.06613436466166411,0.06468478753521385
671_T1_vs_T2,longitudinal,5,RThigh_to_RShin_rx,RThigh_to_RShin,rx,0.020835486576917226,0.01934879665866247,-0.0014866899182547563,0.06613436466166411,0.06468478753521385
671_T1_vs_T2,longitudinal,5,RThigh_to_RShin_ry,RThigh_to_RShin,ry,5.198100554768684e-08,2.2748591480720228e-08,-2.923241406696661e-08,0.06613436466166411,0.06468478753521385
671_T1_vs_T2,longitudinal,5,RThigh_to_RShin_rz,RThigh_to_RShin,rz,3.828872284693297e-09,2.6215048478401554e-08,2.238617619370826e-08,0.06613436466166411,0.06468478753521385
671_T1_vs_T2,longitudinal,5,RUArm_to_RFArm_rx,RUArm_to_RFArm,rx,0.25405392672326366,0.1432106276601302,-0.11084329906313345,0.06613436466166411,0.06468478753521385
671_T1_vs_T2,longitudinal,5,RUArm_to_RFArm_ry,RUArm_to_RFArm,ry,0.03397935515359087,0.41715000707025324,0.3831706519166624,0.06613436466166411,0.06468478753521385
671_T1_vs_T2,longitudinal,5,RUArm_to_RFArm_rz,RUArm_to_RFArm,rz,0.1767748000966706,0.06528666932376413,-0.11148813077290647,0.06613436466166411,0.06468478753521385
671_T1_vs_T2,longitudinal,6,Chest_to_LShoulder_rx,Chest_to_LShoulder,rx,0.10710805354318366,0.08848781883529927,-0.01862023470788439,0.044069465875825484,0.044587282232913875
671_T1_vs_T2,longitudinal,6,Chest_to_LShoulder_ry,Chest_to_LShoulder,ry,0.1156765151093599,0.06970905029593887,-0.04596746481342104,0.044069465875825484,0.044587282232913875
671_T1_vs_T2,longitudinal,6,Chest_to_LShoulder_rz,Chest_to_LShoulder,rz,0.10412669724971002,0.11587403756855648,0.011747340318846458,0.044069465875825484,0.044587282232913875
671_T1_vs_T2,longitudinal,6,Chest_to_Neck_rx,Chest_to_Neck,rx,0.05473874540241596,0.0785404901378693,0.023801744735453344,0.044069465875825484,0.044587282232913875
671_T1_vs_T2,longitudinal,6,Chest_to_Neck_ry,Chest_to_Neck,ry,0.009292794444336299,0.005213345052545893,-0.004079449391790405,0.044069465875825484,0.044587282232913875
671_T1_vs_T2,longitudinal,6,Chest_to_Neck_rz,Chest_to_Neck,rz,0.045797514023340646,0.0449661702556027,-0.0008313437677379479,0.044069465875825484,0.044587282232913875
671_T1_vs_T2,longitudinal,6,Chest_to_RShoulder_rx,Chest_to_RShoulder,rx,0.10977340388320472,0.12536289005354606,0.015589486170341338,0.044069465875825484,0.044587282232913875
671_T1_vs_T2,longitudinal,6,Chest_to_RShoulder_ry,Chest_to_RShoulder,ry,0.1526020043203992,0.10974471444353562,-0.042857289876863575,0.044069465875825484,0.044587282232913875
671_T1_vs_T2,longitudinal,6,Chest_to_RShoulder_rz,Chest_to_RShoulder,rz,0.04941925721940238,0.04966099429388336,0.0002417370744809827,0.044069465875825484,0.044587282232913875
671_T1_vs_T2,longitudinal,6,LFArm_to_LHand_rx,LFArm_to_LHand,rx,0.17189685299258423,0.2993386102030417,0.12744175721045747,0.044069465875825484,0.044587282232913875
671_T1_vs_T2,longitudinal,6,LFArm_to_LHand_ry,LFArm_to_LHand,ry,0.07437597159515873,0.16466721783104762,0.0902912462358889,0.044069465875825484,0.044587282232913875
671_T1_vs_T2,longitudinal,6,LFArm_to_LHand_rz,LFArm_to_LHand,rz,0.04100273210513996,0.10202259469544661,0.06101986259030665,0.044069465875825484,0.044587282232913875
671_T1_vs_T2,longitudinal,6,LShin_to_LFoot_rx,LShin_to_LFoot,rx,0.011339545803892771,0.003465232075880336,-0.007874313728012436,0.044069465875825484,0.044587282232913875
671_T1_vs_T2,longitudinal,6,LShin_to_LFoot_ry,LShin_to_LFoot,ry,0.03238743505040496,0.006541540067211639,-0.02584589498319332,0.044069465875825484,0.044587282232913875
671_T1_vs_T2,longitudinal,6,LShin_to_LFoot_rz,LShin_to_LFoot,rz,0.01702203478634613,0.013548646370829769,-0.00347338841551636,0.044069465875825484,0.044587282232913875
671_T1_vs_T2,longitudinal,6,LShoulder_to_LUArm_rx,LShoulder_to_LUArm,rx,0.2626465900407373,0.18185605754705123,-0.08079053249368609,0.044069465875825484,0.044587282232913875
671_T1_vs_T2,longitudinal,6,LShoulder_to_LUArm_ry,LShoulder_to_LUArm,ry,0.7544870856091408,0.5973800461505081,-0.1571070394586327,0.044069465875825484,0.044587282232913875
671_T1_vs_T2,longitudinal,6,LShoulder_to_LUArm_rz,LShoulder_to_LUArm,rz,0.11115458632257753,0.16349321610704254,0.052338629784465004,0.044069465875825484,0.044587282232913875
671_T1_vs_T2,longitudinal,6,LThigh_to_LShin_rx,LThigh_to_LShin,rx,0.012696592002242296,0.02233566493652809,0.009639072934285793,0.044069465875825484,0.044587282232913875
671_T1_vs_T2,longitudinal,6,LThigh_to_LShin_ry,LThigh_to_LShin,ry,2.815660206668736e-08,2.7240087669692173e-08,-9.165143969951886e-10,0.044069465875825484,0.044587282232913875
671_T1_vs_T2,longitudinal,6,LThigh_to_LShin_rz,LThigh_to_LShin,rz,6.053247274337396e-09,4.98351427349617e-09,-1.069733000841226e-09,0.044069465875825484,0.044587282232913875
671_T1_vs_T2,longitudinal,6,LUArm_to_LFArm_rx,LUArm_to_LFArm,rx,0.21209036142361018,0.21942084300338593,0.007330481579775755,0.044069465875825484,0.044587282232913875
671_T1_vs_T2,longitudinal,6,LUArm_to_LFArm_ry,LUArm_to_LFArm,ry,0.17157735627160506,0.4437895052702758,0.27221214899867074,0.044069465875825484,0.044587282232913875
671_T1_vs_T2,longitudinal,6,LUArm_to_LFArm_rz,LUArm_to_LFArm,rz,0.029272594900993633,0.008632116073063655,-0.02064047882792998,0.044069465875825484,0.044587282232913875
671_T1_vs_T2,longitudinal,6,Neck_to_Head_rx,Neck_to_Head,rx,0.054738673614174345,0.0785404306400858,0.023801757025911453,0.044069465875825484,0.044587282232913875
671_T1_vs_T2,longitudinal,6,Neck_to_Head_ry,Neck_to_Head,ry,0.009292774430675268,0.005213340893240347,-0.004079433537434922,0.044069465875825484,0.044587282232913875
671_T1_vs_T2,longitudinal,6,Neck_to_Head_rz,Neck_to_Head,rz,0.04579758077806819,0.0449662545464984,-0.0008313262315697914,0.044069465875825484,0.044587282232913875
671_T1_vs_T2,longitudinal,6,RFArm_to_RHand_rx,RFArm_to_RHand,rx,0.029742207235838786,0.0710309277109905,0.04128872047515171,0.044069465875825484,0.044587282232913875
671_T1_vs_T2,longitudinal,6,RFArm_to_RHand_ry,RFArm_to_RHand,ry,0.07040499463624914,0.023786773017368357,-0.04661822161888078,0.044069465875825484,0.044587282232913875
671_T1_vs_T2,longitudinal,6,RFArm_to_RHand_rz,RFArm_to_RHand,rz,0.08740226857244805,0.1526970147101699,0.06529474613772183,0.044069465875825484,0.044587282232913875
671_T1_vs_T2,longitudinal,6,RShin_to_RFoot_rx,RShin_to_RFoot,rx,0.02260475024019203,0.002001831311182673,-0.020602918929009357,0.044069465875825484,0.044587282232913875
671_T1_vs_T2,longitudinal,6,RShin_to_RFoot_ry,RShin_to_RFoot,ry,0.03202358464465505,0.006865277839647585,-0.02515830680500747,0.044069465875825484,0.044587282232913875
671_T1_vs_T2,longitudinal,6,RShin_to_RFoot_rz,RShin_to_RFoot,rz,0.012805479038698702,0.002866235512051372,-0.00993924352664733,0.044069465875825484,0.044587282232913875
671_T1_vs_T2,longitudinal,6,RShoulder_to_RUArm_rx,RShoulder_to_RUArm,rx,0.17959943636062536,0.22275931719690964,0.043159880836284276,0.044069465875825484,0.044587282232913875
671_T1_vs_T2,longitudinal,6,RShoulder_to_RUArm_ry,RShoulder_to_RUArm,ry,0.2632976484468301,0.11423154131020409,-0.14906610713662605,0.044069465875825484,0.044587282232913875
671_T1_vs_T2,longitudinal,6,RShoulder_to_RUArm_rz,RShoulder_to_RUArm,rz,0.1366099999752805,0.1354263392901475,-0.001183660685133009,0.044069465875825484,0.044587282232913875
671_T1_vs_T2,longitudinal,6,RThigh_to_RShin_rx,RThigh_to_RShin,rx,0.029342732910728787,0.015865712972343318,-0.01347701993838547,0.044069465875825484,0.044587282232913875
671_T1_vs_T2,longitudinal,6,RThigh_to_RShin_ry,RThigh_to_RShin,ry,3.97698484501831e-09,1.3844819814783572e-08,9.867834969765261e-09,0.044069465875825484,0.044587282232913875
671_T1_vs_T2,longitudinal,6,RThigh_to_RShin_rz,RThigh_to_RShin,rz,4.667381358621253e-08,4.582622020961081e-08,-8.475933766017221e-10,0.044069465875825484,0.044587282232913875
671_T1_vs_T2,longitudinal,6,RUArm_to_RFArm_rx,RUArm_to_RFArm,rx,0.056458515448528264,0.05603207867408794,-0.0004264367744403266,0.044069465875825484,0.044587282232913875
671_T1_vs_T2,longitudinal,6,RUArm_to_RFArm_ry,RUArm_to_RFArm,ry,0.07500500087446041,0.12977302753772085,0.054768026663260444,0.044069465875825484,0.044587282232913875
671_T1_vs_T2,longitudinal,6,RUArm_to_RFArm_rz,RUArm_to_RFArm,rz,0.08250916245176301,0.08540309169489815,0.0028939292431351404,0.044069465875825484,0.044587282232913875
671_T1_vs_T3,longitudinal,1,Chest_to_LShoulder_rx,Chest_to_LShoulder,rx,0.024522568660000417,0.061363969605181895,0.03684140094518148,0.30546763721575004,0.31715135310126863
671_T1_vs_T3,longitudinal,1,Chest_to_LShoulder_ry,Chest_to_LShoulder,ry,0.0002763026461549837,0.04022512031106323,0.039948817664908244,0.30546763721575004,0.31715135310126863
671_T1_vs_T3,longitudinal,1,Chest_to_LShoulder_rz,Chest_to_LShoulder,rz,0.014281557650199646,0.001913002438711661,-0.012368555211487985,0.30546763721575004,0.31715135310126863
671_T1_vs_T3,longitudinal,1,Chest_to_Neck_rx,Chest_to_Neck,rx,0.0077579700158130985,0.07565753040048495,0.06789956038467185,0.30546763721575004,0.31715135310126863
671_T1_vs_T3,longitudinal,1,Chest_to_Neck_ry,Chest_to_Neck,ry,0.060821693085485656,0.04216795601234464,-0.018653737073141018,0.30546763721575004,0.31715135310126863
671_T1_vs_T3,longitudinal,1,Chest_to_Neck_rz,Chest_to_Neck,rz,0.046681561253122485,0.014054545772671186,-0.0326270154804513,0.30546763721575004,0.31715135310126863
671_T1_vs_T3,longitudinal,1,Chest_to_RShoulder_rx,Chest_to_RShoulder,rx,0.05317022062730685,0.06371238460887586,0.010542163981569014,0.30546763721575004,0.31715135310126863
671_T1_vs_T3,longitudinal,1,Chest_to_RShoulder_ry,Chest_to_RShoulder,ry,0.030525412034645517,0.03648973140812378,0.005964319373478265,0.30546763721575004,0.31715135310126863
671_T1_vs_T3,longitudinal,1,Chest_to_RShoulder_rz,Chest_to_RShoulder,rz,0.05181459231222726,0.014876164211317823,-0.036938428100909436,0.30546763721575004,0.31715135310126863
671_T1_vs_T3,longitudinal,1,LFArm_to_LHand_rx,LFArm_to_LHand,rx,0.06887903062234607,0.17660474128260903,0.10772571066026296,0.30546763721575004,0.31715135310126863
671_T1_vs_T3,longitudinal,1,LFArm_to_LHand_ry,LFArm_to_LHand,ry,0.027889851206896236,0.15278377539061122,0.12489392418371498,0.30546763721575004,0.31715135310126863
671_T1_vs_T3,longitudinal,1,LFArm_to_LHand_rz,LFArm_to_LHand,rz,0.004659055011479364,0.14597346134786218,0.14131440633638281,0.30546763721575004,0.31715135310126863
671_T1_vs_T3,longitudinal,1,LShin_to_LFoot_rx,LShin_to_LFoot,rx,0.0038316483671504836,0.011668438719409943,0.00783679035225946,0.30546763721575004,0.31715135310126863
671_T1_vs_T3,longitudinal,1,LShin_to_LFoot_ry,LShin_to_LFoot,ry,0.05495787387494889,0.007995915303148169,-0.046961958571800716,0.30546763721575004,0.31715135310126863
671_T1_vs_T3,longitudinal,1,LShin_to_LFoot_rz,LShin_to_LFoot,rz,0.004416355453575959,0.009819306683623174,0.005402951230047214,0.30546763721575004,0.31715135310126863
671_T1_vs_T3,longitudinal,1,LShoulder_to_LUArm_rx,LShoulder_to_LUArm,rx,0.058676647567519696,0.23182889187612618,0.17315224430860648,0.30546763721575004,0.31715135310126863
671_T1_vs_T3,longitudinal,1,LShoulder_to_LUArm_ry,LShoulder_to_LUArm,ry,0.025811854530758755,0.24533485371087646,0.2195229991801177,0.30546763721575004,0.31715135310126863
671_T1_vs_T3,longitudinal,1,LShoulder_to_LUArm_rz,LShoulder_to_LUArm,rz,0.01347257760734407,0.04849038875189176,0.03501781114454769,0.30546763721575004,0.31715135310126863
671_T1_vs_T3,longitudinal,1,LThigh_to_LShin_rx,LThigh_to_LShin,rx,0.01315613806665536,0.053076874962262904,0.039920736895607545,0.30546763721575004,0.31715135310126863
671_T1_vs_T3,longitudinal,1,LThigh_to_LShin_ry,LThigh_to_LShin,ry,1.8931488681834046e-09,6.733459403081464e-09,4.84031053489806e-09,0.30546763721575004,0.31715135310126863
671_T1_vs_T3,longitudinal,1,LThigh_to_LShin_rz,LThigh_to_LShin,rz,6.3457871147261e-09,6.906601461239166e-09,5.60814346513066e-10,0.30546763721575004,0.31715135310126863
671_T1_vs_T3,longitudinal,1,LUArm_to_LFArm_rx,LUArm_to_LFArm,rx,0.11120413028698083,0.0629346216579576,-0.048269508629023225,0.30546763721575004,0.31715135310126863
671_T1_vs_T3,longitudinal,1,LUArm_to_LFArm_ry,LUArm_to_LFArm,ry,0.5599750111291224,0.21893903001626963,-0.34103598111285277,0.30546763721575004,0.31715135310126863
671_T1_vs_T3,longitudinal,1,LUArm_to_LFArm_rz,LUArm_to_LFArm,rz,0.18281709613713984,0.061356738761393956,-0.12146035737574588,0.30546763721575004,0.31715135310126863
671_T1_vs_T3,longitudinal,1,Neck_to_Head_rx,Neck_to_Head,rx,0.0077579602149931695,0.07565751090038315,0.06789955068538998,0.30546763721575004,0.31715135310126863
671_T1_vs_T3,longitudinal,1,Neck_to_Head_ry,Neck_to_Head,ry,0.060821717479097565,0.04216796105565211,-0.018653756423445453,0.30546763721575004,0.31715135310126863
671_T1_vs_T3,longitudinal,1,Neck_to_Head_rz,Neck_to_Head,rz,0.046681556546824536,0.014054532744134644,-0.03262702380268989,0.30546763721575004,0.31715135310126863
671_T1_vs_T3,longitudinal,1,RFArm_to_RHand_rx,RFArm_to_RHand,rx,0.2880482549929675,0.24119989706889114,-0.04684835792407635,0.30546763721575004,0.31715135310126863
671_T1_vs_T3,longitudinal,1,RFArm_to_RHand_ry,RFArm_to_RHand,ry,0.04557219166657582,0.1728658358339376,0.12729364416736177,0.30546763721575004,0.31715135310126863
671_T1_vs_T3,longitudinal,1,RFArm_to_RHand_rz,RFArm_to_RHand,rz,0.5263166948712813,0.1835338451855358,-0.34278284968574546,0.30546763721575004,0.31715135310126863
671_T1_vs_T3,longitudinal,1,RShin_to_RFoot_rx,RShin_to_RFoot,rx,0.01322052773310158,0.02126629929956091,0.00804577156645933,0.30546763721575004,0.31715135310126863
671_T1_vs_T3,longitudinal,1,RShin_to_RFoot_ry,RShin_to_RFoot,ry,0.05411510495814243,0.0025361391693861047,-0.05157896578875633,0.30546763721575004,0.31715135310126863
671_T1_vs_T3,longitudinal,1,RShin_to_RFoot_rz,RShin_to_RFoot,rz,0.004287424314553709,0.012922540417434288,0.008635116102880579,0.30546763721575004,0.31715135310126863
671_T1_vs_T3,longitudinal,1,RShoulder_to_RUArm_rx,RShoulder_to_RUArm,rx,0.2338981610456991,0.15296295805162768,-0.08093520299407142,0.30546763721575004,0.31715135310126863
671_T1_vs_T3,longitudinal,1,RShoulder_to_RUArm_ry,RShoulder_to_RUArm,ry,0.003736866423457407,0.06415285698570099,0.06041599056224358,0.30546763721575004,0.31715135310126863
671_T1_vs_T3,longitudinal,1,RShoulder_to_RUArm_rz,RShoulder_to_RUArm,rz,0.1116835634296423,0.060997544850648615,-0.05068601857899368,0.30546763721575004,0.31715135310126863
671_T1_vs_T3,longitudinal,1,RThigh_to_RShin_rx,RThigh_to_RShin,rx,0.03260109662849592,0.022310014364689917,-0.010291082263806001,0.30546763721575004,0.31715135310126863
671_T1_vs_T3,longitudinal,1,RThigh_to_RShin_ry,RThigh_to_RShin,ry,1.108502621036889e-08,3.976838326441454e-08,2.868335705404565e-08,0.30546763721575004,0.31715135310126863
671_T1_vs_T3,longitudinal,1,RThigh_to_RShin_rz,RThigh_to_RShin,rz,5.725861886491705e-10,3.5864626896854338e-09,3.0138765010362634e-09,0.30546763721575004,0.31715135310126863
671_T1_vs_T3,longitudinal,1,RUArm_to_RFArm_rx,RUArm_to_RFArm,rx,0.0750220120636339,0.1307093247438436,0.05568731268020971,0.30546763721575004,0.31715135310126863
671_T1_vs_T3,longitudinal,1,RUArm_to_RFArm_ry,RUArm_to_RFArm,ry,0.4115275100478933,0.7424071034648129,0.3308795934169196,0.30546763721575004,0.31715135310126863
671_T1_vs_T3,longitudinal,1,RUArm_to_RFArm_rz,RUArm_to_RFArm,rz,0.005475169712962296,0.018629713867617883,0.013154544154655588,0.30546763721575004,0.31715135310126863
671_T1_vs_T3,longitudinal,2,Chest_to_LShoulder_rx,Chest_to_LShoulder,rx,0.10889010121939831,0.03660748527190293,-0.07228261594749538,0.19723229458944067,0.19637692676733798
671_T1_vs_T3,longitudinal,2,Chest_to_LShoulder_ry,Chest_to_LShoulder,ry,0.04493017905280697,0.05418722593560161,0.009257046882794641,0.19723229458944067,0.19637692676733798
671_T1_vs_T3,longitudinal,2,Chest_to_LShoulder_rz,Chest_to_LShoulder,rz,0.017579545128363697,0.08422058622166165,0.06664104109329795,0.19723229458944067,0.19637692676733798
671_T1_vs_T3,longitudinal,2,Chest_to_Neck_rx,Chest_to_Neck,rx,0.053336615627136985,0.030609335765617605,-0.02272727986151938,0.19723229458944067,0.19637692676733798
671_T1_vs_T3,longitudinal,2,Chest_to_Neck_ry,Chest_to_Neck,ry,0.022765412840423396,0.001301099911399254,-0.02146431292902414,0.19723229458944067,0.19637692676733798
671_T1_vs_T3,longitudinal,2,Chest_to_Neck_rz,Chest_to_Neck,rz,0.027640445694929173,0.015393089588108776,-0.012247356106820397,0.19723229458944067,0.19637692676733798
671_T1_vs_T3,longitudinal,2,Chest_to_RShoulder_rx,Chest_to_RShoulder,rx,0.11988285956164992,0.008208066212435944,-0.11167479334921397,0.19723229458944067,0.19637692676733798
671_T1_vs_T3,longitudinal,2,Chest_to_RShoulder_ry,Chest_to_RShoulder,ry,0.012520963864867509,0.04056064441840015,0.02803968055353264,0.19723229458944067,0.19637692676733798
671_T1_vs_T3,longitudinal,2,Chest_to_RShoulder_rz,Chest_to_RShoulder,rz,0.050537168863383754,0.13763503891243828,0.08709787004905453,0.19723229458944067,0.19637692676733798
671_T1_vs_T3,longitudinal,2,LFArm_to_LHand_rx,LFArm_to_LHand,rx,0.32429708964964427,0.08630267172236833,-0.23799441792727594,0.19723229458944067,0.19637692676733798
671_T1_vs_T3,longitudinal,2,LFArm_to_LHand_ry,LFArm_to_LHand,ry,0.14816141512536385,0.1466763135318902,-0.0014851015934736478,0.19723229458944067,0.19637692676733798
671_T1_vs_T3,longitudinal,2,LFArm_to_LHand_rz,LFArm_to_LHand,rz,0.42007792184926085,0.00668346517387067,-0.41339445667539015,0.19723229458944067,0.19637692676733798
671_T1_vs_T3,longitudinal,2,LShin_to_LFoot_rx,LShin_to_LFoot,rx,0.013704542893190426,0.0048801831162742036,-0.008824359776916223,0.19723229458944067,0.19637692676733798
671_T1_vs_T3,longitudinal,2,LShin_to_LFoot_ry,LShin_to_LFoot,ry,0.0479486318094727,0.02671381698349006,-0.02123481482598264,0.19723229458944067,0.19637692676733798
671_T1_vs_T3,longitudinal,2,LShin_to_LFoot_rz,LShin_to_LFoot,rz,0.0022511837791716212,0.010864324645267188,0.008613140866095567,0.19723229458944067,0.19637692676733798
671_T1_vs_T3,longitudinal,2,LShoulder_to_LUArm_rx,LShoulder_to_LUArm,rx,0.39454227989282475,0.014426564904849991,-0.38011571498797475,0.19723229458944067,0.19637692676733798
671_T1_vs_T3,longitudinal,2,LShoulder_to_LUArm_ry,LShoulder_to_LUArm,ry,0.04482700208427024,0.13439499678828182,0.08956799470401158,0.19723229458944067,0.19637692676733798
671_T1_vs_T3,longitudinal,2,LShoulder_to_LUArm_rz,LShoulder_to_LUArm,rz,0.002637846374683532,0.21917376851043982,0.2165359221357563,0.19723229458944067,0.19637692676733798
671_T1_vs_T3,longitudinal,2,LThigh_to_LShin_rx,LThigh_to_LShin,rx,0.005365659655167549,0.0496226882711229,0.04425702861595535,0.19723229458944067,0.19637692676733798
671_T1_vs_T3,longitudinal,2,LThigh_to_LShin_ry,LThigh_to_LShin,ry,2.2711642441223155e-08,1.2562513825260318e-08,-1.0149128615962837e-08,0.19723229458944067,0.19637692676733798
671_T1_vs_T3,longitudinal,2,LThigh_to_LShin_rz,LThigh_to_LShin,rz,1.5801842676291805e-08,2.8231678302432506e-08,1.24298356261407e-08,0.19723229458944067,0.19637692676733798
671_T1_vs_T3,longitudinal,2,LUArm_to_LFArm_rx,LUArm_to_LFArm,rx,0.14393141493475523,0.07254303562732187,-0.07138837930743336,0.19723229458944067,0.19637692676733798
671_T1_vs_T3,longitudinal,2,LUArm_to_LFArm_ry,LUArm_to_LFArm,ry,0.366498711871136,0.2362459391800745,-0.13025277269106147,0.19723229458944067,0.19637692676733798
671_T1_vs_T3,longitudinal,2,LUArm_to_LFArm_rz,LUArm_to_LFArm,rz,0.05775009550989045,0.04997588740019632,-0.0077742081096941335,0.19723229458944067,0.19637692676733798
671_T1_vs_T3,longitudinal,2,Neck_to_Head_rx,Neck_to_Head,rx,0.053336631200298204,0.030609331900191418,-0.022727299300106786,0.19723229458944067,0.19637692676733798
671_T1_vs_T3,longitudinal,2,Neck_to_Head_ry,Neck_to_Head,ry,0.02276543310042775,0.0013010897064103324,-0.02146434339401742,0.19723229458944067,0.19637692676733798
671_T1_vs_T3,longitudinal,2,Neck_to_Head_rz,Neck_to_Head,rz,0.02764045503954285,0.015393116577167637,-0.012247338462375213,0.19723229458944067,0.19637692676733798
671_T1_vs_T3,longitudinal,2,RFArm_to_RHand_rx,RFArm_to_RHand,rx,0.19351376162925055,0.33893325537509317,0.14541949374584262,0.19723229458944067,0.19637692676733798
671_T1_vs_T3,longitudinal,2,RFArm_to_RHand_ry,RFArm_to_RHand,ry,0.15521817551264036,0.04988626851882427,-0.10533190699381609,0.19723229458944067,0.19637692676733798
671_T1_vs_T3,longitudinal,2,RFArm_to_RHand_rz,RFArm_to_RHand,rz,0.09321802825490721,0.6775156599167574,0.5842976316618502,0.19723229458944067,0.19637692676733798
671_T1_vs_T3,longitudinal,2,RShin_to_RFoot_rx,RShin_to_RFoot,rx,0.008590186413162655,0.012634650316791557,0.0040444639036289025,0.19723229458944067,0.19637692676733798
671_T1_vs_T3,longitudinal,2,RShin_to_RFoot_ry,RShin_to_RFoot,ry,0.0500910686838261,0.029674078122279974,-0.02041699056154613,0.19723229458944067,0.19637692676733798
671_T1_vs_T3,longitudinal,2,RShin_to_RFoot_rz,RShin_to_RFoot,rz,0.006662927028749054,0.015181979967267445,0.00851905293851839,0.19723229458944067,0.19637692676733798
671_T1_vs_T3,longitudinal,2,RShoulder_to_RUArm_rx,RShoulder_to_RUArm,rx,0.29340051802223666,0.2128084844434741,-0.08059203357876255,0.19723229458944067,0.19637692676733798
671_T1_vs_T3,longitudinal,2,RShoulder_to_RUArm_ry,RShoulder_to_RUArm,ry,0.15290411301744194,0.18541136292937324,0.032507249911931296,0.19723229458944067,0.19637692676733798
671_T1_vs_T3,longitudinal,2,RShoulder_to_RUArm_rz,RShoulder_to_RUArm,rz,0.06133350000499862,0.23006549178500593,0.1687319917800073,0.19723229458944067,0.19637692676733798
671_T1_vs_T3,longitudinal,2,RThigh_to_RShin_rx,RThigh_to_RShin,rx,0.01656769356981838,0.053100597320565816,0.036532903750747435,0.19723229458944067,0.19637692676733798
671_T1_vs_T3,longitudinal,2,RThigh_to_RShin_ry,RThigh_to_RShin,ry,9.62091889320687e-09,3.204215469695533e-08,2.2421235803748463e-08,0.19723229458944067,0.19637692676733798
671_T1_vs_T3,longitudinal,2,RThigh_to_RShin_rz,RThigh_to_RShin,rz,2.6074000997655148e-08,8.743642639979762e-09,-1.7330358357675384e-08,0.19723229458944067,0.19637692676733798
671_T1_vs_T3,longitudinal,2,RUArm_to_RFArm_rx,RUArm_to_RFArm,rx,0.20549309274191646,0.24066879046346226,0.0351756977215458,0.19723229458944067,0.19637692676733798
671_T1_vs_T3,longitudinal,2,RUArm_to_RFArm_ry,RUArm_to_RFArm,ry,0.3116249021722048,0.0894749931838726,-0.2221499089883322,0.19723229458944067,0.19637692676733798
671_T1_vs_T3,longitudinal,2,RUArm_to_RFArm_rz,RUArm_to_RFArm,rz,0.11235948782816432,0.15625261224066192,0.0438931244124976,0.19723229458944067,0.19637692676733798
671_T1_vs_T3,longitudinal,3,Chest_to_LShoulder_rx,Chest_to_LShoulder,rx,0.04757885259039325,0.04118242466827335,-0.006396427922119904,0.11368083252101001,0.16142293785601353
671_T1_vs_T3,longitudinal,3,Chest_to_LShoulder_ry,Chest_to_LShoulder,ry,0.015381507875832364,0.13270581438081297,0.1173243065049806,0.11368083252101001,0.16142293785601353
671_T1_vs_T3,longitudinal,3,Chest_to_LShoulder_rz,Chest_to_LShoulder,rz,0.06125797502429149,0.06153658370299768,0.0002786086787061881,0.11368083252101001,0.16142293785601353
671_T1_vs_T3,longitudinal,3,Chest_to_Neck_rx,Chest_to_Neck,rx,0.045598257871698696,0.05016283523936616,0.004564577367667466,0.11368083252101001,0.16142293785601353
671_T1_vs_T3,longitudinal,3,Chest_to_Neck_ry,Chest_to_Neck,ry,0.04513877382628073,0.04393872767226942,-0.0012000461540113139,0.11368083252101001,0.16142293785601353
671_T1_vs_T3,longitudinal,3,Chest_to_Neck_rz,Chest_to_Neck,rz,0.018063164002676765,0.012503421195265438,-0.0055597428074113265,0.11368083252101001,0.16142293785601353
671_T1_vs_T3,longitudinal,3,Chest_to_RShoulder_rx,Chest_to_RShoulder,rx,0.04624779879000614,0.11932937463955112,0.07308157584954499,0.11368083252101001,0.16142293785601353
671_T1_vs_T3,longitudinal,3,Chest_to_RShoulder_ry,Chest_to_RShoulder,ry,0.019524368286631098,0.10251521057010572,0.08299084228347463,0.11368083252101001,0.16142293785601353
671_T1_vs_T3,longitudinal,3,Chest_to_RShoulder_rz,Chest_to_RShoulder,rz,0.11980857876811589,0.01035202368625409,-0.1094565550818618,0.11368083252101001,0.16142293785601353
671_T1_vs_T3,longitudinal,3,LFArm_to_LHand_rx,LFArm_to_LHand,rx,0.08247726115706965,0.001999384038362999,-0.08047787711870664,0.11368083252101001,0.16142293785601353
671_T1_vs_T3,longitudinal,3,LFArm_to_LHand_ry,LFArm_to_LHand,ry,0.06986685419206141,0.06133697056339002,-0.008529883628671395,0.11368083252101001,0.16142293785601353
671_T1_vs_T3,longitudinal,3,LFArm_to_LHand_rz,LFArm_to_LHand,rz,0.1076602213623505,0.02193703532146707,-0.08572318604088343,0.11368083252101001,0.16142293785601353
671_T1_vs_T3,longitudinal,3,LShin_to_LFoot_rx,LShin_to_LFoot,rx,0.011669427160610434,0.012251002937373539,0.0005815757767631043,0.11368083252101001,0.16142293785601353
671_T1_vs_T3,longitudinal,3,LShin_to_LFoot_ry,LShin_to_LFoot,ry,0.05343621697170187,0.02911409387911673,-0.024322123092585142,0.11368083252101001,0.16142293785601353
671_T1_vs_T3,longitudinal,3,LShin_to_LFoot_rz,LShin_to_LFoot,rz,0.011035051153304085,0.004221310599822704,-0.006813740553481381,0.11368083252101001,0.16142293785601353
671_T1_vs_T3,longitudinal,3,LShoulder_to_LUArm_rx,LShoulder_to_LUArm,rx,0.05611512744317832,0.17206638836725588,0.11595126092407756,0.11368083252101001,0.16142293785601353
671_T1_vs_T3,longitudinal,3,LShoulder_to_LUArm_ry,LShoulder_to_LUArm,ry,0.023098373260527997,0.5141147963284917,0.49101642306796367,0.11368083252101001,0.16142293785601353
671_T1_vs_T3,longitudinal,3,LShoulder_to_LUArm_rz,LShoulder_to_LUArm,rz,0.14848996374717344,0.14243625014564618,-0.006053713601527261,0.11368083252101001,0.16142293785601353
671_T1_vs_T3,longitudinal,3,LThigh_to_LShin_rx,LThigh_to_LShin,rx,0.03636612414145602,0.06891749435250932,0.0325513702110533,0.11368083252101001,0.16142293785601353
671_T1_vs_T3,longitudinal,3,LThigh_to_LShin_ry,LThigh_to_LShin,ry,1.5660089861675657e-08,1.593327640310307e-09,-1.406676222136535e-08,0.11368083252101001,0.16142293785601353
671_T1_vs_T3,longitudinal,3,LThigh_to_LShin_rz,LThigh_to_LShin,rz,2.4414686649631154e-08,1.1947424827136594e-08,-1.246726182249456e-08,0.11368083252101001,0.16142293785601353
671_T1_vs_T3,longitudinal,3,LUArm_to_LFArm_rx,LUArm_to_LFArm,rx,0.07447954276262513,0.08801255461419756,0.013533011851572435,0.11368083252101001,0.16142293785601353
671_T1_vs_T3,longitudinal,3,LUArm_to_LFArm_ry,LUArm_to_LFArm,ry,0.19517812711888452,0.35929214015768807,0.16411401303880355,0.11368083252101001,0.16142293785601353
671_T1_vs_T3,longitudinal,3,LUArm_to_LFArm_rz,LUArm_to_LFArm,rz,0.12546756450216207,0.18467442628144576,0.05920686177928369,0.11368083252101001,0.16142293785601353
671_T1_vs_T3,longitudinal,3,Neck_to_Head_rx,Neck_to_Head,rx,0.04559820201022361,0.05016273439810695,0.00456453238788334,0.11368083252101001,0.16142293785601353
671_T1_vs_T3,longitudinal,3,Neck_to_Head_ry,Neck_to_Head,ry,0.045138825100666115,0.04393871688109613,-0.0012001082195699855,0.11368083252101001,0.16142293785601353
671_T1_vs_T3,longitudinal,3,Neck_to_Head_rz,Neck_to_Head,rz,0.018063105176500612,0.012503418442727206,-0.005559686733773406,0.11368083252101001,0.16142293785601353
671_T1_vs_T3,longitudinal,3,RFArm_to_RHand_rx,RFArm_to_RHand,rx,0.16798469954126824,0.014450669730691815,-0.15353402981057643,0.11368083252101001,0.16142293785601353
671_T1_vs_T3,longitudinal,3,RFArm_to_RHand_ry,RFArm_to_RHand,ry,0.0062557683207835665,0.028992887580379028,0.022737119259595463,0.11368083252101001,0.16142293785601353
671_T1_vs_T3,longitudinal,3,RFArm_to_RHand_rz,RFArm_to_RHand,rz,0.5038422477000827,0.18036319671294843,-0.32347905098713425,0.11368083252101001,0.16142293785601353
671_T1_vs_T3,longitudinal,3,RShin_to_RFoot_rx,RShin_to_RFoot,rx,0.02909200859494903,0.040487396331517746,0.011395387736568716,0.11368083252101001,0.16142293785601353
671_T1_vs_T3,longitudinal,3,RShin_to_RFoot_ry,RShin_to_RFoot,ry,0.04484881741872754,0.02408225634805983,-0.020766561070667707,0.11368083252101001,0.16142293785601353
671_T1_vs_T3,longitudinal,3,RShin_to_RFoot_rz,RShin_to_RFoot,rz,0.010358245494531081,0.02714685682240124,0.01678861132787016,0.11368083252101001,0.16142293785601353
671_T1_vs_T3,longitudinal,3,RShoulder_to_RUArm_rx,RShoulder_to_RUArm,rx,0.2825765687557759,0.35489234019461574,0.07231577143883983,0.11368083252101001,0.16142293785601353
671_T1_vs_T3,longitudinal,3,RShoulder_to_RUArm_ry,RShoulder_to_RUArm,ry,0.0009000347414396754,0.4773873667686762,0.47648733202723653,0.11368083252101001,0.16142293785601353
671_T1_vs_T3,longitudinal,3,RShoulder_to_RUArm_rz,RShoulder_to_RUArm,rz,0.1596033314685793,0.003905896464004891,-0.15569743500457442,0.11368083252101001,0.16142293785601353
671_T1_vs_T3,longitudinal,3,RThigh_to_RShin_rx,RThigh_to_RShin,rx,0.03457171891197409,0.006902015847481493,-0.027669703064492596,0.11368083252101001,0.16142293785601353
671_T1_vs_T3,longitudinal,3,RThigh_to_RShin_ry,RThigh_to_RShin,ry,3.299243383537995e-08,3.120789370976637e-08,-1.7845401256135812e-09,0.11368083252101001,0.16142293785601353
671_T1_vs_T3,longitudinal,3,RThigh_to_RShin_rz,RThigh_to_RShin,rz,2.5673451677822604e-08,2.5775835061536367e-08,1.0238338371376299e-10,0.11368083252101001,0.16142293785601353
671_T1_vs_T3,longitudinal,3,RUArm_to_RFArm_rx,RUArm_to_RFArm,rx,0.14484930900766416,0.16796779703738723,0.023118488029723078,0.11368083252101001,0.16142293785601353
671_T1_vs_T3,longitudinal,3,RUArm_to_RFArm_ry,RUArm_to_RFArm,ry,0.6472454400655993,0.14206210475868986,-0.5051833353069094,0.11368083252101001,0.16142293785601353
671_T1_vs_T3,longitudinal,3,RUArm_to_RFArm_rz,RUArm_to_RFArm,rz,0.15379922595949547,0.09401708464853528,-0.059782141310960185,0.11368083252101001,0.16142293785601353
671_T1_vs_T3,longitudinal,4,Chest_to_LShoulder_rx,Chest_to_LShoulder,rx,0.06813559869484659,0.1361239557166896,0.067988357021843,0.07989809057932593,0.13677347268710163
671_T1_vs_T3,longitudinal,4,Chest_to_LShoulder_ry,Chest_to_LShoulder,ry,0.08510691133860235,0.03787445809989326,-0.04723245323870909,0.07989809057932593,0.13677347268710163
671_T1_vs_T3,longitudinal,4,Chest_to_LShoulder_rz,Chest_to_LShoulder,rz,0.04811872180059794,0.044231270640583166,-0.0038874511600147724,0.07989809057932593,0.13677347268710163
671_T1_vs_T3,longitudinal,4,Chest_to_Neck_rx,Chest_to_Neck,rx,0.07280302832862696,0.03534793233080112,-0.037455095997825844,0.07989809057932593,0.13677347268710163
671_T1_vs_T3,longitudinal,4,Chest_to_Neck_ry,Chest_to_Neck,ry,0.04045743459771524,0.07277395825243138,0.03231652365471614,0.07989809057932593,0.13677347268710163
671_T1_vs_T3,longitudinal,4,Chest_to_Neck_rz,Chest_to_Neck,rz,0.03656056168445284,0.06945706036790349,0.032896498683450646,0.07989809057932593,0.13677347268710163
671_T1_vs_T3,longitudinal,4,Chest_to_RShoulder_rx,Chest_to_RShoulder,rx,0.029882754247184437,0.09993862643736329,0.07005587219017885,0.07989809057932593,0.13677347268710163
671_T1_vs_T3,longitudinal,4,Chest_to_RShoulder_ry,Chest_to_RShoulder,ry,0.030048621288644873,0.05662401549149512,0.02657539420285025,0.07989809057932593,0.13677347268710163
671_T1_vs_T3,longitudinal,4,Chest_to_RShoulder_rz,Chest_to_RShoulder,rz,0.002021691865395403,0.0785884244646496,0.0765667325992542,0.07989809057932593,0.13677347268710163
671_T1_vs_T3,longitudinal,4,LFArm_to_LHand_rx,LFArm_to_LHand,rx,0.06324542106942946,0.25174214221434915,0.1884967211449197,0.07989809057932593,0.13677347268710163
671_T1_vs_T3,longitudinal,4,LFArm_to_LHand_ry,LFArm_to_LHand,ry,0.017573478380240436,0.044926866370868485,0.027353387990628048,0.07989809057932593,0.13677347268710163
671_T1_vs_T3,longitudinal,4,LFArm_to_LHand_rz,LFArm_to_LHand,rz,0.3580486187911365,0.45465498002209676,0.09660636123096028,0.07989809057932593,0.13677347268710163
671_T1_vs_T3,longitudinal,4,LShin_to_LFoot_rx,LShin_to_LFoot,rx,0.001115812424913548,0.0153215517132228,0.014205739288309252,0.07989809057932593,0.13677347268710163
671_T1_vs_T3,longitudinal,4,LShin_to_LFoot_ry,LShin_to_LFoot,ry,0.04538129828726539,0.10598604354121673,0.060604745253951334,0.07989809057932593,0.13677347268710163
671_T1_vs_T3,longitudinal,4,LShin_to_LFoot_rz,LShin_to_LFoot,rz,0.008566174233498942,0.0020836743083681333,-0.006482499925130808,0.07989809057932593,0.13677347268710163
671_T1_vs_T3,longitudinal,4,LShoulder_to_LUArm_rx,LShoulder_to_LUArm,rx,0.29497973024710883,0.4425006176261249,0.14752088737901609,0.07989809057932593,0.13677347268710163
671_T1_vs_T3,longitudinal,4,LShoulder_to_LUArm_ry,LShoulder_to_LUArm,ry,0.11633121034906843,0.15623423517322543,0.039903024824157,0.07989809057932593,0.13677347268710163
671_T1_vs_T3,longitudinal,4,LShoulder_to_LUArm_rz,LShoulder_to_LUArm,rz,0.049586861366628064,0.06302872610605409,0.013441864739426025,0.07989809057932593,0.13677347268710163
671_T1_vs_T3,longitudinal,4,LThigh_to_LShin_rx,LThigh_to_LShin,rx,0.058563835984714,0.044971339942930864,-0.013592496041783135,0.07989809057932593,0.13677347268710163
671_T1_vs_T3,longitudinal,4,LThigh_to_LShin_ry,LThigh_to_LShin,ry,1.4673436794750568e-08,3.480595971243302e-08,2.013252291768245e-08,0.07989809057932593,0.13677347268710163
671_T1_vs_T3,longitudinal,4,LThigh_to_LShin_rz,LThigh_to_LShin,rz,6.961986389251369e-09,1.6511936615339593e-08,9.549950226088225e-09,0.07989809057932593,0.13677347268710163
671_T1_vs_T3,longitudinal,4,LUArm_to_LFArm_rx,LUArm_to_LFArm,rx,0.2687766301154524,0.08378883659727059,-0.1849877935181818,0.07989809057932593,0.13677347268710163
671_T1_vs_T3,longitudinal,4,LUArm_to_LFArm_ry,LUArm_to_LFArm,ry,0.5278459795505461,0.23906901779642634,-0.2887769617541198,0.07989809057932593,0.13677347268710163
671_T1_vs_T3,longitudinal,4,LUArm_to_LFArm_rz,LUArm_to_LFArm,rz,0.26606602360016407,0.024911668678616786,-0.2411543549215473,0.07989809057932593,0.13677347268710163
671_T1_vs_T3,longitudinal,4,Neck_to_Head_rx,Neck_to_Head,rx,0.07280293801616709,0.03534783645939079,-0.0374551015567763,0.07989809057932593,0.13677347268710163
671_T1_vs_T3,longitudinal,4,Neck_to_Head_ry,Neck_to_Head,ry,0.04045743435015408,0.0727740103360568,0.032316575985902714,0.07989809057932593,0.13677347268710163
671_T1_vs_T3,longitudinal,4,Neck_to_Head_rz,Neck_to_Head,rz,0.03656060610497503,0.06945706996289669,0.03289646385792166,0.07989809057932593,0.13677347268710163
671_T1_vs_T3,longitudinal,4,RFArm_to_RHand_rx,RFArm_to_RHand,rx,0.14957085383333035,0.011996734972927664,-0.1375741188604027,0.07989809057932593,0.13677347268710163
671_T1_vs_T3,longitudinal,4,RFArm_to_RHand_ry,RFArm_to_RHand,ry,0.09085343902262427,0.05181284009328585,-0.03904059892933842,0.07989809057932593,0.13677347268710163
671_T1_vs_T3,longitudinal,4,RFArm_to_RHand_rz,RFArm_to_RHand,rz,0.22348054826800706,0.008818232695943095,-0.21466231557206397,0.07989809057932593,0.13677347268710163
671_T1_vs_T3,longitudinal,4,RShin_to_RFoot_rx,RShin_to_RFoot,rx,0.02500041430510438,0.010929582420591437,-0.014070831884512944,0.07989809057932593,0.13677347268710163
671_T1_vs_T3,longitudinal,4,RShin_to_RFoot_ry,RShin_to_RFoot,ry,0.04174247863056554,0.10067595933078959,0.05893348070022405,0.07989809057932593,0.13677347268710163
671_T1_vs_T3,longitudinal,4,RShin_to_RFoot_rz,RShin_to_RFoot,rz,0.016184657212095464,0.013331356131135131,-0.002853301080960333,0.07989809057932593,0.13677347268710163
671_T1_vs_T3,longitudinal,4,RShoulder_to_RUArm_rx,RShoulder_to_RUArm,rx,0.10642880387451271,0.1924419898961848,0.08601318602167209,0.07989809057932593,0.13677347268710163
671_T1_vs_T3,longitudinal,4,RShoulder_to_RUArm_ry,RShoulder_to_RUArm,ry,0.16610200971920153,0.07630127491857276,-0.08980073480062876,0.07989809057932593,0.13677347268710163
671_T1_vs_T3,longitudinal,4,RShoulder_to_RUArm_rz,RShoulder_to_RUArm,rz,0.06730735008278695,0.07214983670576114,0.004842486622974193,0.07989809057932593,0.13677347268710163
671_T1_vs_T3,longitudinal,4,RThigh_to_RShin_rx,RThigh_to_RShin,rx,0.007949358678654737,0.00914636376677704,0.0011970050881223038,0.07989809057932593,0.13677347268710163
671_T1_vs_T3,longitudinal,4,RThigh_to_RShin_ry,RThigh_to_RShin,ry,2.4182973889897635e-08,2.265482969648802e-08,-1.5281441934096156e-09,0.07989809057932593,0.13677347268710163
671_T1_vs_T3,longitudinal,4,RThigh_to_RShin_rz,RThigh_to_RShin,rz,5.2011098048570854e-08,6.377643073868618e-08,1.1765332690115329e-08,0.07989809057932593,0.13677347268710163
671_T1_vs_T3,longitudinal,4,RUArm_to_RFArm_rx,RUArm_to_RFArm,rx,0.0613718198158315,0.13965183228107103,0.07828001246523952,0.07989809057932593,0.13677347268710163
671_T1_vs_T3,longitudinal,4,RUArm_to_RFArm_ry,RUArm_to_RFArm,ry,0.4174233503116545,0.505228281917429,0.08780493160577446,0.07989809057932593,0.13677347268710163
671_T1_vs_T3,longitudinal,4,RUArm_to_RFArm_rz,RUArm_to_RFArm,rz,0.001961277605040679,0.15857264688761227,0.1566113692825716,0.07989809057932593,0.13677347268710163
671_T1_vs_T3,longitudinal,5,Chest_to_LShoulder_rx,Chest_to_LShoulder,rx,0.01448441256947543,0.04856264780653385,0.03407823523705841,0.06613436466166411,0.11931284775416773
671_T1_vs_T3,longitudinal,5,Chest_to_LShoulder_ry,Chest_to_LShoulder,ry,0.11236430999462449,0.09463043820392111,-0.017733871790703376,0.06613436466166411,0.11931284775416773
671_T1_vs_T3,longitudinal,5,Chest_to_LShoulder_rz,Chest_to_LShoulder,rz,0.15062212745169593,0.03175248862173841,-0.11886963882995752,0.06613436466166411,0.11931284775416773
671_T1_vs_T3,longitudinal,5,Chest_to_Neck_rx,Chest_to_Neck,rx,0.019797563470716827,0.035997076464630205,0.016199512993913378,0.06613436466166411,0.11931284775416773
671_T1_vs_T3,longitudinal,5,Chest_to_Neck_ry,Chest_to_Neck,ry,0.03222666115831794,0.003081754302862144,-0.029144906855455795,0.06613436466166411,0.11931284775416773
671_T1_vs_T3,longitudinal,5,Chest_to_Neck_rz,Chest_to_Neck,rz,0.027650083600646788,0.008931566833023357,-0.01871851676762343,0.06613436466166411,0.11931284775416773
671_T1_vs_T3,longitudinal,5,Chest_to_RShoulder_rx,Chest_to_RShoulder,rx,0.1767475922618571,0.07517723443898186,-0.10157035782287524,0.06613436466166411,0.11931284775416773
671_T1_vs_T3,longitudinal,5,Chest_to_RShoulder_ry,Chest_to_RShoulder,ry,0.061409053105263484,0.06411899258860722,0.0027099394833437346,0.06613436466166411,0.11931284775416773
671_T1_vs_T3,longitudinal,5,Chest_to_RShoulder_rz,Chest_to_RShoulder,rz,0.08018161130144853,0.011288416224473382,-0.06889319507697515,0.06613436466166411,0.11931284775416773
671_T1_vs_T3,longitudinal,5,LFArm_to_LHand_rx,LFArm_to_LHand,rx,0.26420396922968525,0.05306314587692959,-0.21114082335275566,0.06613436466166411,0.11931284775416773
671_T1_vs_T3,longitudinal,5,LFArm_to_LHand_ry,LFArm_to_LHand,ry,0.23643668585716285,0.040164198361958406,-0.19627248749520443,0.06613436466166411,0.11931284775416773
671_T1_vs_T3,longitudinal,5,LFArm_to_LHand_rz,LFArm_to_LHand,rz,0.12202348687714717,0.22696277745298532,0.10493929057583815,0.06613436466166411,0.11931284775416773
671_T1_vs_T3,longitudinal,5,LShin_to_LFoot_rx,LShin_to_LFoot,rx,0.011064132858276758,0.006760814196822994,-0.004303318661453764,0.06613436466166411,0.11931284775416773
671_T1_vs_T3,longitudinal,5,LShin_to_LFoot_ry,LShin_to_LFoot,ry,0.04725488964539427,0.021232108882540304,-0.026022780762853963,0.06613436466166411,0.11931284775416773
671_T1_vs_T3,longitudinal,5,LShin_to_LFoot_rz,LShin_to_LFoot,rz,0.0008656074039911993,0.0038712430430060487,0.0030056356390148493,0.06613436466166411,0.11931284775416773
671_T1_vs_T3,longitudinal,5,LShoulder_to_LUArm_rx,LShoulder_to_LUArm,rx,0.09891425780430291,0.21697086575364152,0.11805660794933862,0.06613436466166411,0.11931284775416773
671_T1_vs_T3,longitudinal,5,LShoulder_to_LUArm_ry,LShoulder_to_LUArm,ry,0.22282811171382375,0.14944941723464944,-0.0733786944791743,0.06613436466166411,0.11931284775416773
671_T1_vs_T3,longitudinal,5,LShoulder_to_LUArm_rz,LShoulder_to_LUArm,rz,0.3095799524029545,0.02058511676697805,-0.28899483563597644,0.06613436466166411,0.11931284775416773
671_T1_vs_T3,longitudinal,5,LThigh_to_LShin_rx,LThigh_to_LShin,rx,0.10226008700748838,0.05043358000339386,-0.051826507004094524,0.06613436466166411,0.11931284775416773
671_T1_vs_T3,longitudinal,5,LThigh_to_LShin_ry,LThigh_to_LShin,ry,1.941168381044923e-08,9.262527110450929e-09,-1.0149156699998302e-08,0.06613436466166411,0.11931284775416773
671_T1_vs_T3,longitudinal,5,LThigh_to_LShin_rz,LThigh_to_LShin,rz,2.1468939941277574e-08,6.912874934246425e-09,-1.455606500703115e-08,0.06613436466166411,0.11931284775416773
671_T1_vs_T3,longitudinal,5,LUArm_to_LFArm_rx,LUArm_to_LFArm,rx,0.22885965270249078,0.23845038657874132,0.009590733876250535,0.06613436466166411,0.11931284775416773
671_T1_vs_T3,longitudinal,5,LUArm_to_LFArm_ry,LUArm_to_LFArm,ry,0.1596343756757407,0.7099773186720282,0.5503429429962875,0.06613436466166411,0.11931284775416773
671_T1_vs_T3,longitudinal,5,LUArm_to_LFArm_rz,LUArm_to_LFArm,rz,0.16854716958964908,0.2896063900289138,0.12105922043926473,0.06613436466166411,0.11931284775416773
671_T1_vs_T3,longitudinal,5,Neck_to_Head_rx,Neck_to_Head,rx,0.019797625301437624,0.035997047542489946,0.016199422241052322,0.06613436466166411,0.11931284775416773
671_T1_vs_T3,longitudinal,5,Neck_to_Head_ry,Neck_to_Head,ry,0.032226647599242715,0.003081789760440548,-0.029144857838802166,0.06613436466166411,0.11931284775416773
671_T1_vs_T3,longitudinal,5,Neck_to_Head_rz,Neck_to_Head,rz,0.027650128931678952,0.008931638857985005,-0.018718490073693948,0.06613436466166411,0.11931284775416773
671_T1_vs_T3,longitudinal,5,RFArm_to_RHand_rx,RFArm_to_RHand,rx,0.07076813879824342,0.03827780918749877,-0.032490329610744655,0.06613436466166411,0.11931284775416773
671_T1_vs_T3,longitudinal,5,RFArm_to_RHand_ry,RFArm_to_RHand,ry,0.03512540320498031,0.03328858080896181,-0.0018368223960184976,0.06613436466166411,0.11931284775416773
671_T1_vs_T3,longitudinal,5,RFArm_to_RHand_rz,RFArm_to_RHand,rz,0.043667122792775986,0.1875609859867963,0.1438938631940203,0.06613436466166411,0.11931284775416773
671_T1_vs_T3,longitudinal,5,RShin_to_RFoot_rx,RShin_to_RFoot,rx,0.03941778001398109,0.03717970751280349,-0.002238072501177593,0.06613436466166411,0.11931284775416773
671_T1_vs_T3,longitudinal,5,RShin_to_RFoot_ry,RShin_to_RFoot,ry,0.04301765173796668,0.018457436256383724,-0.024560215481582954,0.06613436466166411,0.11931284775416773
671_T1_vs_T3,longitudinal,5,RShin_to_RFoot_rz,RShin_to_RFoot,rz,0.030713304533343724,0.014966039397191187,-0.015747265136152537,0.06613436466166411,0.11931284775416773
671_T1_vs_T3,longitudinal,5,RShoulder_to_RUArm_rx,RShoulder_to_RUArm,rx,0.3794154259482072,0.2334402087974989,-0.1459752171507083,0.06613436466166411,0.11931284775416773
671_T1_vs_T3,longitudinal,5,RShoulder_to_RUArm_ry,RShoulder_to_RUArm,ry,0.47525808551211324,0.27192894467962264,-0.2033291408324906,0.06613436466166411,0.11931284775416773
671_T1_vs_T3,longitudinal,5,RShoulder_to_RUArm_rz,RShoulder_to_RUArm,rz,0.1548875842617834,0.03712059143981219,-0.1177669928219712,0.06613436466166411,0.11931284775416773
671_T1_vs_T3,longitudinal,5,RThigh_to_RShin_rx,RThigh_to_RShin,rx,0.020835486576917226,0.008456778510315796,-0.01237870806660143,0.06613436466166411,0.11931284775416773
671_T1_vs_T3,longitudinal,5,RThigh_to_RShin_ry,RThigh_to_RShin,ry,5.198100554768684e-08,1.2055572422138766e-08,-3.9925433125548075e-08,0.06613436466166411,0.11931284775416773
671_T1_vs_T3,longitudinal,5,RThigh_to_RShin_rz,RThigh_to_RShin,rz,3.828872284693297e-09,2.8812635426540925e-08,2.4983763141847626e-08,0.06613436466166411,0.11931284775416773
671_T1_vs_T3,longitudinal,5,RUArm_to_RFArm_rx,RUArm_to_RFArm,rx,0.25405392672326366,0.0008309821164290647,-0.2532229446068346,0.06613436466166411,0.11931284775416773
671_T1_vs_T3,longitudinal,5,RUArm_to_RFArm_ry,RUArm_to_RFArm,ry,0.03397935515359087,0.17755140746056158,0.1435720523069707,0.06613436466166411,0.11931284775416773
671_T1_vs_T3,longitudinal,5,RUArm_to_RFArm_rz,RUArm_to_RFArm,rz,0.1767748000966706,0.016579414035238625,-0.16019538606143197,0.06613436466166411,0.11931284775416773
671_T1_vs_T3,longitudinal,6,Chest_to_LShoulder_rx,Chest_to_LShoulder,rx,0.10710805354318366,0.057938346151180715,-0.049169707392002944,0.044069465875825484,0.06896246183411046
671_T1_vs_T3,longitudinal,6,Chest_to_LShoulder_ry,Chest_to_LShoulder,ry,0.1156765151093599,0.0543215007458158,-0.061355014363544104,0.044069465875825484,0.06896246183411046
671_T1_vs_T3,longitudinal,6,Chest_to_LShoulder_rz,Chest_to_LShoulder,rz,0.10412669724971002,0.1620561780803276,0.05792948083061758,0.044069465875825484,0.06896246183411046
671_T1_vs_T3,longitudinal,6,Chest_to_Neck_rx,Chest_to_Neck,rx,0.05473874540241596,0.04416069827409687,-0.010578047128319092,0.044069465875825484,0.06896246183411046
671_T1_vs_T3,longitudinal,6,Chest_to_Neck_ry,Chest_to_Neck,ry,0.009292794444336299,0.0008840997342026307,-0.008408694710133668,0.044069465875825484,0.06896246183411046
671_T1_vs_T3,longitudinal,6,Chest_to_Neck_rz,Chest_to_Neck,rz,0.045797514023340646,0.04442054987256742,-0.0013769641507732286,0.044069465875825484,0.06896246183411046
671_T1_vs_T3,longitudinal,6,Chest_to_RShoulder_rx,Chest_to_RShoulder,rx,0.10977340388320472,0.17179998910238092,0.0620265852191762,0.044069465875825484,0.06896246183411046
671_T1_vs_T3,longitudinal,6,Chest_to_RShoulder_ry,Chest_to_RShoulder,ry,0.1526020043203992,0.09288476908058621,-0.05971723523981298,0.044069465875825484,0.06896246183411046
671_T1_vs_T3,longitudinal,6,Chest_to_RShoulder_rz,Chest_to_RShoulder,rz,0.04941925721940238,0.05378528218288721,0.00436602496348483,0.044069465875825484,0.06896246183411046
671_T1_vs_T3,longitudinal,6,LFArm_to_LHand_rx,LFArm_to_LHand,rx,0.17189685299258423,0.33946499612025366,0.16756814312766943,0.044069465875825484,0.06896246183411046
671_T1_vs_T3,longitudinal,6,LFArm_to_LHand_ry,LFArm_to_LHand,ry,0.07437597159515873,0.1926221993318485,0.11824622773668976,0.044069465875825484,0.06896246183411046
671_T1_vs_T3,longitudinal,6,LFArm_to_LHand_rz,LFArm_to_LHand,rz,0.04100273210513996,0.22976129447580898,0.18875856237066901,0.044069465875825484,0.06896246183411046
671_T1_vs_T3,longitudinal,6,LShin_to_LFoot_rx,LShin_to_LFoot,rx,0.011339545803892771,0.0006345469375044143,-0.010704998866388357,0.044069465875825484,0.06896246183411046
671_T1_vs_T3,longitudinal,6,LShin_to_LFoot_ry,LShin_to_LFoot,ry,0.03238743505040496,0.014396674664554378,-0.01799076038585058,0.044069465875825484,0.06896246183411046
671_T1_vs_T3,longitudinal,6,LShin_to_LFoot_rz,LShin_to_LFoot,rz,0.01702203478634613,0.016081748818262832,-0.0009402859680832966,0.044069465875825484,0.06896246183411046
671_T1_vs_T3,longitudinal,6,LShoulder_to_LUArm_rx,LShoulder_to_LUArm,rx,0.2626465900407373,0.03991257896717064,-0.22273401107356666,0.044069465875825484,0.06896246183411046
671_T1_vs_T3,longitudinal,6,LShoulder_to_LUArm_ry,LShoulder_to_LUArm,ry,0.7544870856091408,0.49632230763565327,-0.2581647779734875,0.044069465875825484,0.06896246183411046
671_T1_vs_T3,longitudinal,6,LShoulder_to_LUArm_rz,LShoulder_to_LUArm,rz,0.11115458632257753,0.2404553439170747,0.12930075759449716,0.044069465875825484,0.06896246183411046
671_T1_vs_T3,longitudinal,6,LThigh_to_LShin_rx,LThigh_to_LShin,rx,0.012696592002242296,0.03126126521541463,0.01856467321317233,0.044069465875825484,0.06896246183411046
671_T1_vs_T3,longitudinal,6,LThigh_to_LShin_ry,LThigh_to_LShin,ry,2.815660206668736e-08,2.5428614257789963e-08,-2.7279878088973986e-09,0.044069465875825484,0.06896246183411046
671_T1_vs_T3,longitudinal,6,LThigh_to_LShin_rz,LThigh_to_LShin,rz,6.053247274337396e-09,1.1143112462858944e-08,5.089865188521548e-09,0.044069465875825484,0.06896246183411046
671_T1_vs_T3,longitudinal,6,LUArm_to_LFArm_rx,LUArm_to_LFArm,rx,0.21209036142361018,0.3569049280122167,0.1448145665886065,0.044069465875825484,0.06896246183411046
671_T1_vs_T3,longitudinal,6,LUArm_to_LFArm_ry,LUArm_to_LFArm,ry,0.17157735627160506,0.15959965064688425,-0.011977705624720808,0.044069465875825484,0.06896246183411046
671_T1_vs_T3,longitudinal,6,LUArm_to_LFArm_rz,LUArm_to_LFArm,rz,0.029272594900993633,0.16642145654830656,0.13714886164731294,0.044069465875825484,0.06896246183411046
671_T1_vs_T3,longitudinal,6,Neck_to_Head_rx,Neck_to_Head,rx,0.054738673614174345,0.04416069847739596,-0.010577975136778384,0.044069465875825484,0.06896246183411046
671_T1_vs_T3,longitudinal,6,Neck_to_Head_ry,Neck_to_Head,ry,0.009292774430675268,0.0008841014849276764,-0.008408672945747592,0.044069465875825484,0.06896246183411046
671_T1_vs_T3,longitudinal,6,Neck_to_Head_rz,Neck_to_Head,rz,0.04579758077806819,0.04442062648119253,-0.0013769542968756626,0.044069465875825484,0.06896246183411046
671_T1_vs_T3,longitudinal,6,RFArm_to_RHand_rx,RFArm_to_RHand,rx,0.029742207235838786,0.0450702226969442,0.015328015461105411,0.044069465875825484,0.06896246183411046
671_T1_vs_T3,longitudinal,6,RFArm_to_RHand_ry,RFArm_to_RHand,ry,0.07040499463624914,0.06040795788617458,-0.009997036750074552,0.044069465875825484,0.06896246183411046
671_T1_vs_T3,longitudinal,6,RFArm_to_RHand_rz,RFArm_to_RHand,rz,0.08740226857244805,0.19633006671534592,0.10892779814289787,0.044069465875825484,0.06896246183411046
671_T1_vs_T3,longitudinal,6,RShin_to_RFoot_rx,RShin_to_RFoot,rx,0.02260475024019203,0.005636478640471732,-0.016968271599720298,0.044069465875825484,0.06896246183411046
671_T1_vs_T3,longitudinal,6,RShin_to_RFoot_ry,RShin_to_RFoot,ry,0.03202358464465505,0.01114339722445058,-0.02088018742020447,0.044069465875825484,0.06896246183411046
671_T1_vs_T3,longitudinal,6,RShin_to_RFoot_rz,RShin_to_RFoot,rz,0.012805479038698702,0.0017766704741771313,-0.011028808564521571,0.044069465875825484,0.06896246183411046
671_T1_vs_T3,longitudinal,6,RShoulder_to_RUArm_rx,RShoulder_to_RUArm,rx,0.17959943636062536,0.34931204235507113,0.16971260599444576,0.044069465875825484,0.06896246183411046
671_T1_vs_T3,longitudinal,6,RShoulder_to_RUArm_ry,RShoulder_to_RUArm,ry,0.2632976484468301,0.004617698996405267,-0.25867994945042483,0.044069465875825484,0.06896246183411046
671_T1_vs_T3,longitudinal,6,RShoulder_to_RUArm_rz,RShoulder_to_RUArm,rz,0.1366099999752805,0.1601291695636958,0.023519169588415295,0.044069465875825484,0.06896246183411046
671_T1_vs_T3,longitudinal,6,RThigh_to_RShin_rx,RThigh_to_RShin,rx,0.029342732910728787,0.019251192863364495,-0.010091540047364293,0.044069465875825484,0.06896246183411046
671_T1_vs_T3,longitudinal,6,RThigh_to_RShin_ry,RThigh_to_RShin,ry,3.97698484501831e-09,1.9127556019795407e-08,1.5150571174777096e-08,0.044069465875825484,0.06896246183411046
671_T1_vs_T3,longitudinal,6,RThigh_to_RShin_rz,RThigh_to_RShin,rz,4.667381358621253e-08,2.4212769555439138e-08,-2.2461044030773394e-08,0.044069465875825484,0.06896246183411046
671_T1_vs_T3,longitudinal,6,RUArm_to_RFArm_rx,RUArm_to_RFArm,rx,0.056458515448528264,0.13270869521591655,0.0762501797673883,0.044069465875825484,0.06896246183411046
671_T1_vs_T3,longitudinal,6,RUArm_to_RFArm_ry,RUArm_to_RFArm,ry,0.07500500087446041,0.016684979916203546,-0.05832002095825686,0.044069465875825484,0.06896246183411046
671_T1_vs_T3,longitudinal,6,RUArm_to_RFArm_rz,RUArm_to_RFArm,rz,0.08250916245176301,0.12388887663693345,0.04137971418517043,0.044069465875825484,0.06896246183411046
671_T1_R1_vs_R2,natural_variability,1,Chest_to_LShoulder_rx,Chest_to_LShoulder,rx,0.024522568660000417,0.07735681525849185,0.05283424659849143,0.30546763721575004,0.3264570355688033
671_T1_R1_vs_R2,natural_variability,1,Chest_to_LShoulder_ry,Chest_to_LShoulder,ry,0.0002763026461549837,0.027547011687848694,0.02727070904169371,0.30546763721575004,0.3264570355688033
671_T1_R1_vs_R2,natural_variability,1,Chest_to_LShoulder_rz,Chest_to_LShoulder,rz,0.014281557650199646,0.0272515617665024,0.012970004116302754,0.30546763721575004,0.3264570355688033
671_T1_R1_vs_R2,natural_variability,1,Chest_to_Neck_rx,Chest_to_Neck,rx,0.0077579700158130985,0.07707110463811952,0.06931313462230641,0.30546763721575004,0.3264570355688033
671_T1_R1_vs_R2,natural_variability,1,Chest_to_Neck_ry,Chest_to_Neck,ry,0.060821693085485656,0.008042720177693708,-0.052778972907791946,0.30546763721575004,0.3264570355688033
671_T1_R1_vs_R2,natural_variability,1,Chest_to_Neck_rz,Chest_to_Neck,rz,0.046681561253122485,0.0027531284996860387,-0.04392843275343645,0.30546763721575004,0.3264570355688033
671_T1_R1_vs_R2,natural_variability,1,Chest_to_RShoulder_rx,Chest_to_RShoulder,rx,0.05317022062730685,0.04618904550401746,-0.006981175123289392,0.30546763721575004,0.3264570355688033
671_T1_R1_vs_R2,natural_variability,1,Chest_to_RShoulder_ry,Chest_to_RShoulder,ry,0.030525412034645517,0.00010128507537503639,-0.030424126959270482,0.30546763721575004,0.3264570355688033
671_T1_R1_vs_R2,natural_variability,1,Chest_to_RShoulder_rz,Chest_to_RShoulder,rz,0.05181459231222726,0.11379726367641216,0.0619826713641849,0.30546763721575004,0.3264570355688033
671_T1_R1_vs_R2,natural_variability,1,LFArm_to_LHand_rx,LFArm_to_LHand,rx,0.06887903062234607,0.015599573878133046,-0.05327945674421303,0.30546763721575004,0.3264570355688033
671_T1_R1_vs_R2,natural_variability,1,LFArm_to_LHand_ry,LFArm_to_LHand,ry,0.027889851206896236,0.09798596143617683,0.07009611022928058,0.30546763721575004,0.3264570355688033
671_T1_R1_vs_R2,natural_variability,1,LFArm_to_LHand_rz,LFArm_to_LHand,rz,0.004659055011479364,0.1728926529283789,0.16823359791689954,0.30546763721575004,0.3264570355688033
671_T1_R1_vs_R2,natural_variability,1,LShin_to_LFoot_rx,LShin_to_LFoot,rx,0.0038316483671504836,0.009683620492323481,0.005851972125172997,0.30546763721575004,0.3264570355688033
671_T1_R1_vs_R2,natural_variability,1,LShin_to_LFoot_ry,LShin_to_LFoot,ry,0.05495787387494889,0.020723629796206827,-0.034234244078742065,0.30546763721575004,0.3264570355688033
671_T1_R1_vs_R2,natural_variability,1,LShin_to_LFoot_rz,LShin_to_LFoot,rz,0.004416355453575959,0.01168232317318556,0.0072659677196096,0.30546763721575004,0.3264570355688033
671_T1_R1_vs_R2,natural_variability,1,LShoulder_to_LUArm_rx,LShoulder_to_LUArm,rx,0.058676647567519696,0.18494456698789263,0.12626791942037294,0.30546763721575004,0.3264570355688033
671_T1_R1_vs_R2,natural_variability,1,LShoulder_to_LUArm_ry,LShoulder_to_LUArm,ry,0.025811854530758755,0.038768105292367135,0.01295625076160838,0.30546763721575004,0.3264570355688033
671_T1_R1_vs_R2,natural_variability,1,LShoulder_to_LUArm_rz,LShoulder_to_LUArm,rz,0.01347257760734407,0.10704460808995987,0.09357203048261581,0.30546763721575004,0.3264570355688033
671_T1_R1_vs_R2,natural_variability,1,LThigh_to_LShin_rx,LThigh_to_LShin,rx,0.01315613806665536,0.03990123387502251,0.026745095808367148,0.30546763721575004,0.3264570355688033
671_T1_R1_vs_R2,natural_variability,1,LThigh_to_LShin_ry,LThigh_to_LShin,ry,1.8931488681834046e-09,1.7027570859835662e-08,1.5134421991652256e-08,0.30546763721575004,0.3264570355688033
671_T1_R1_vs_R2,natural_variability,1,LThigh_to_LShin_rz,LThigh_to_LShin,rz,6.3457871147261e-09,1.7106862607304628e-08,1.0761075492578528e-08,0.30546763721575004,0.3264570355688033
671_T1_R1_vs_R2,natural_variability,1,LUArm_to_LFArm_rx,LUArm_to_LFArm,rx,0.11120413028698083,0.08000452123905315,-0.03119960904792768,0.30546763721575004,0.3264570355688033
671_T1_R1_vs_R2,natural_variability,1,LUArm_to_LFArm_ry,LUArm_to_LFArm,ry,0.5599750111291224,0.4704542275482346,-0.08952078358088777,0.30546763721575004,0.3264570355688033
671_T1_R1_vs_R2,natural_variability,1,LUArm_to_LFArm_rz,LUArm_to_LFArm,rz,0.18281709613713984,0.11852768472045186,-0.06428941141668798,0.30546763721575004,0.3264570355688033
671_T1_R1_vs_R2,natural_variability,1,Neck_to_Head_rx,Neck_to_Head,rx,0.0077579602149931695,0.07707101802431461,0.06931305780932144,0.30546763721575004,0.3264570355688033
671_T1_R1_vs_R2,natural_variability,1,Neck_to_Head_ry,Neck_to_Head,ry,0.060821717479097565,0.008042740804889717,-0.05277897667420785,0.30546763721575004,0.3264570355688033
671_T1_R1_vs_R2,natural_variability,1,Neck_to_Head_rz,Neck_to_Head,rz,0.046681556546824536,0.0027531172365284425,-0.043928439310296094,0.30546763721575004,0.3264570355688033
671_T1_R1_vs_R2,natural_variability,1,RFArm_to_RHand_rx,RFArm_to_RHand,rx,0.2880482549929675,0.20356374669469107,-0.08448450829827642,0.30546763721575004,0.3264570355688033
671_T1_R1_vs_R2,natural_variability,1,RFArm_to_RHand_ry,RFArm_to_RHand,ry,0.04557219166657582,0.010907822464621008,-0.034664369201954814,0.30546763721575004,0.3264570355688033
671_T1_R1_vs_R2,natural_variability,1,RFArm_to_RHand_rz,RFArm_to_RHand,rz,0.5263166948712813,0.5440945571238277,0.017777862252546406,0.30546763721575004,0.3264570355688033
671_T1_R1_vs_R2,natural_variability,1,RShin_to_RFoot_rx,RShin_to_RFoot,rx,0.01322052773310158,0.018947584659631322,0.005727056926529741,0.30546763721575004,0.3264570355688033
671_T1_R1_vs_R2,natural_variability,1,RShin_to_RFoot_ry,RShin_to_RFoot,ry,0.05411510495814243,0.013735119555932087,-0.04037998540221034,0.30546763721575004,0.3264570355688033
671_T1_R1_vs_R2,natural_variability,1,RShin_to_RFoot_rz,RShin_to_RFoot,rz,0.004287424314553709,0.009237526878668838,0.004950102564115129,0.30546763721575004,0.3264570355688033
671_T1_R1_vs_R2,natural_variability,1,RShoulder_to_RUArm_rx,RShoulder_to_RUArm,rx,0.2338981610456991,0.28810912067892314,0.05421095963322403,0.30546763721575004,0.3264570355688033
671_T1_R1_vs_R2,natural_variability,1,RShoulder_to_RUArm_ry,RShoulder_to_RUArm,ry,0.003736866423457407,0.023729483602363644,0.019992617178906238,0.30546763721575004,0.3264570355688033
671_T1_R1_vs_R2,natural_variability,1,RShoulder_to_RUArm_rz,RShoulder_to_RUArm,rz,0.1116835634296423,0.16094273012939314,0.04925916669975085,0.30546763721575004,0.3264570355688033
671_T1_R1_vs_R2,natural_variability,1,RThigh_to_RShin_rx,RThigh_to_RShin,rx,0.03260109662849592,0.04427638559973534,0.011675288971239421,0.30546763721575004,0.3264570355688033
671_T1_R1_vs_R2,natural_variability,1,RThigh_to_RShin_ry,RThigh_to_RShin,ry,1.108502621036889e-08,2.6776453879767588e-08,1.5691427669398695e-08,0.30546763721575004,0.3264570355688033
671_T1_R1_vs_R2,natural_variability,1,RThigh_to_RShin_rz,RThigh_to_RShin,rz,5.725861886491705e-10,4.1384389440082344e-08,4.0811803251433176e-08,0.30546763721575004,0.3264570355688033
671_T1_R1_vs_R2,natural_variability,1,RUArm_to_RFArm_rx,RUArm_to_RFArm,rx,0.0750220120636339,0.10928842002552863,0.03426640796189473,0.30546763721575004,0.3264570355688033
671_T1_R1_vs_R2,natural_variability,1,RUArm_to_RFArm_ry,RUArm_to_RFArm,ry,0.4115275100478933,0.4025217022543299,-0.009005807793563358,0.30546763721575004,0.3264570355688033
671_T1_R1_vs_R2,natural_variability,1,RUArm_to_RFArm_rz,RUArm_to_RFArm,rz,0.005475169712962296,0.10414453362683382,0.09866936391387152,0.30546763721575004,0.3264570355688033
671_T1_R1_vs_R2,natural_variability,2,Chest_to_LShoulder_rx,Chest_to_LShoulder,rx,0.10889010121939831,0.09906738833382168,-0.009822712885576623,0.19723229458944067,0.2746733259270051
671_T1_R1_vs_R2,natural_variability,2,Chest_to_LShoulder_ry,Chest_to_LShoulder,ry,0.04493017905280697,0.013721130653866669,-0.0312090483989403,0.19723229458944067,0.2746733259270051
671_T1_R1_vs_R2,natural_variability,2,Chest_to_LShoulder_rz,Chest_to_LShoulder,rz,0.017579545128363697,0.0012011977504585588,-0.01637834737790514,0.19723229458944067,0.2746733259270051
671_T1_R1_vs_R2,natural_variability,2,Chest_to_Neck_rx,Chest_to_Neck,rx,0.053336615627136985,0.05965032300891932,0.006313707381782337,0.19723229458944067,0.2746733259270051
671_T1_R1_vs_R2,natural_variability,2,Chest_to_Neck_ry,Chest_to_Neck,ry,0.022765412840423396,0.0033175923272041083,-0.019447820513219288,0.19723229458944067,0.2746733259270051
671_T1_R1_vs_R2,natural_variability,2,Chest_to_Neck_rz,Chest_to_Neck,rz,0.027640445694929173,0.007660120630982181,-0.019980325063946994,0.19723229458944067,0.2746733259270051
671_T1_R1_vs_R2,natural_variability,2,Chest_to_RShoulder_rx,Chest_to_RShoulder,rx,0.11988285956164992,0.05467743866169763,-0.0652054208999523,0.19723229458944067,0.2746733259270051
671_T1_R1_vs_R2,natural_variability,2,Chest_to_RShoulder_ry,Chest_to_RShoulder,ry,0.012520963864867509,0.04253707276443095,0.030016108899563444,0.19723229458944067,0.2746733259270051
671_T1_R1_vs_R2,natural_variability,2,Chest_to_RShoulder_rz,Chest_to_RShoulder,rz,0.050537168863383754,0.05157642443740281,0.0010392555740190573,0.19723229458944067,0.2746733259270051
671_T1_R1_vs_R2,natural_variability,2,LFArm_to_LHand_rx,LFArm_to_LHand,rx,0.32429708964964427,0.33074973970884736,0.006452650059203091,0.19723229458944067,0.2746733259270051
671_T1_R1_vs_R2,natural_variability,2,LFArm_to_LHand_ry,LFArm_to_LHand,ry,0.14816141512536385,0.18089903935387938,0.03273762422851553,0.19723229458944067,0.2746733259270051
671_T1_R1_vs_R2,natural_variability,2,LFArm_to_LHand_rz,LFArm_to_LHand,rz,0.42007792184926085,0.34453752795555603,-0.07554039389370482,0.19723229458944067,0.2746733259270051
671_T1_R1_vs_R2,natural_variability,2,LShin_to_LFoot_rx,LShin_to_LFoot,rx,0.013704542893190426,0.018310661214787843,0.004606118321597416,0.19723229458944067,0.2746733259270051
671_T1_R1_vs_R2,natural_variability,2,LShin_to_LFoot_ry,LShin_to_LFoot,ry,0.0479486318094727,0.043789771547896844,-0.0041588602615758585,0.19723229458944067,0.2746733259270051
671_T1_R1_vs_R2,natural_variability,2,LShin_to_LFoot_rz,LShin_to_LFoot,rz,0.0022511837791716212,0.0037493801709592503,0.001498196391787629,0.19723229458944067,0.2746733259270051
671_T1_R1_vs_R2,natural_variability,2,LShoulder_to_LUArm_rx,LShoulder_to_LUArm,rx,0.39454227989282475,0.35917052432183744,-0.03537175557098732,0.19723229458944067,0.2746733259270051
671_T1_R1_vs_R2,natural_variability,2,LShoulder_to_LUArm_ry,LShoulder_to_LUArm,ry,0.04482700208427024,0.18736066055304093,0.1425336584687707,0.19723229458944067,0.2746733259270051
671_T1_R1_vs_R2,natural_variability,2,LShoulder_to_LUArm_rz,LShoulder_to_LUArm,rz,0.002637846374683532,0.03793779701467913,0.035299950639995595,0.19723229458944067,0.2746733259270051
671_T1_R1_vs_R2,natural_variability,2,LThigh_to_LShin_rx,LThigh_to_LShin,rx,0.005365659655167549,0.03337721183380099,0.028011552178633443,0.19723229458944067,0.2746733259270051
671_T1_R1_vs_R2,natural_variability,2,LThigh_to_LShin_ry,LThigh_to_LShin,ry,2.2711642441223155e-08,1.626696083442716e-08,-6.444681606795994e-09,0.19723229458944067,0.2746733259270051
671_T1_R1_vs_R2,natural_variability,2,LThigh_to_LShin_rz,LThigh_to_LShin,rz,1.5801842676291805e-08,1.4645844897877552e-08,-1.1559977784142536e-09,0.19723229458944067,0.2746733259270051
671_T1_R1_vs_R2,natural_variability,2,LUArm_to_LFArm_rx,LUArm_to_LFArm,rx,0.14393141493475523,0.12476577479953356,-0.019165640135221665,0.19723229458944067,0.2746733259270051
671_T1_R1_vs_R2,natural_variability,2,LUArm_to_LFArm_ry,LUArm_to_LFArm,ry,0.366498711871136,0.3974492785624816,0.030950566691345605,0.19723229458944067,0.2746733259270051
671_T1_R1_vs_R2,natural_variability,2,LUArm_to_LFArm_rz,LUArm_to_LFArm,rz,0.05775009550989045,0.054309516849495226,-0.0034405786603952243,0.19723229458944067,0.2746733259270051
671_T1_R1_vs_R2,natural_variability,2,Neck_to_Head_rx,Neck_to_Head,rx,0.053336631200298204,0.05965034580778417,0.006313714607485969,0.19723229458944067,0.2746733259270051
671_T1_R1_vs_R2,natural_variability,2,Neck_to_Head_ry,Neck_to_Head,ry,0.02276543310042775,0.003317568081529444,-0.019447865018898308,0.19723229458944067,0.2746733259270051
671_T1_R1_vs_R2,natural_variability,2,Neck_to_Head_rz,Neck_to_Head,rz,0.02764045503954285,0.0076601088941750835,-0.019980346145367766,0.19723229458944067,0.2746733259270051
671_T1_R1_vs_R2,natural_variability,2,RFArm_to_RHand_rx,RFArm_to_RHand,rx,0.19351376162925055,0.2575748381894603,0.06406107656020976,0.19723229458944067,0.2746733259270051
671_T1_R1_vs_R2,natural_variability,2,RFArm_to_RHand_ry,RFArm_to_RHand,ry,0.15521817551264036,0.1682443528712905,0.013026177358650137,0.19723229458944067,0.2746733259270051
671_T1_R1_vs_R2,natural_variability,2,RFArm_to_RHand_rz,RFArm_to_RHand,rz,0.09321802825490721,0.2798529891188326,0.1866349608639254,0.19723229458944067,0.2746733259270051
671_T1_R1_vs_R2,natural_variability,2,RShin_to_RFoot_rx,RShin_to_RFoot,rx,0.008590186413162655,0.030209456910221557,0.021619270497058904,0.19723229458944067,0.2746733259270051
671_T1_R1_vs_R2,natural_variability,2,RShin_to_RFoot_ry,RShin_to_RFoot,ry,0.0500910686838261,0.044803375399560336,-0.005287693284265767,0.19723229458944067,0.2746733259270051
671_T1_R1_vs_R2,natural_variability,2,RShin_to_RFoot_rz,RShin_to_RFoot,rz,0.006662927028749054,0.005940867583830005,-0.0007220594449190492,0.19723229458944067,0.2746733259270051
671_T1_R1_vs_R2,natural_variability,2,RShoulder_to_RUArm_rx,RShoulder_to_RUArm,rx,0.29340051802223666,0.09774323057801715,-0.1956572874442195,0.19723229458944067,0.2746733259270051
671_T1_R1_vs_R2,natural_variability,2,RShoulder_to_RUArm_ry,RShoulder_to_RUArm,ry,0.15290411301744194,0.03731127188503428,-0.11559284113240767,0.19723229458944067,0.2746733259270051
671_T1_R1_vs_R2,natural_variability,2,RShoulder_to_RUArm_rz,RShoulder_to_RUArm,rz,0.06133350000499862,0.07894366348182924,0.01761016347683062,0.19723229458944067,0.2746733259270051
671_T1_R1_vs_R2,natural_variability,2,RThigh_to_RShin_rx,RThigh_to_RShin,rx,0.01656769356981838,0.015500939587434709,-0.0010667539823836728,0.19723229458944067,0.2746733259270051
671_T1_R1_vs_R2,natural_variability,2,RThigh_to_RShin_ry,RThigh_to_RShin,ry,9.62091889320687e-09,2.625526170799612e-08,1.6634342814789254e-08,0.19723229458944067,0.2746733259270051
671_T1_R1_vs_R2,natural_variability,2,RThigh_to_RShin_rz,RThigh_to_RShin,rz,2.6074000997655148e-08,1.772549480081685e-08,-8.348506196838296e-09,0.19723229458944067,0.2746733259270051
671_T1_R1_vs_R2,natural_variability,2,RUArm_to_RFArm_rx,RUArm_to_RFArm,rx,0.20549309274191646,0.17064098370929173,-0.03485210903262473,0.19723229458944067,0.2746733259270051
671_T1_R1_vs_R2,natural_variability,2,RUArm_to_RFArm_ry,RUArm_to_RFArm,ry,0.3116249021722048,0.3745831677128462,0.06295826554064143,0.19723229458944067,0.2746733259270051
671_T1_R1_vs_R2,natural_variability,2,RUArm_to_RFArm_rz,RUArm_to_RFArm,rz,0.11235948782816432,0.07919883251876798,-0.03316065530939634,0.19723229458944067,0.2746733259270051
671_T1_R1_vs_R2,natural_variability,3,Chest_to_LShoulder_rx,Chest_to_LShoulder,rx,0.04757885259039325,0.061143673675803874,0.01356482108541062,0.11368083252101001,0.20666432888962388
671_T1_R1_vs_R2,natural_variability,3,Chest_to_LShoulder_ry,Chest_to_LShoulder,ry,0.015381507875832364,0.07098290129307834,0.05560139341724597,0.11368083252101001,0.20666432888962388
671_T1_R1_vs_R2,natural_variability,3,Chest_to_LShoulder_rz,Chest_to_LShoulder,rz,0.06125797502429149,0.08186268436075794,0.02060470933646645,0.11368083252101001,0.20666432888962388
671_T1_R1_vs_R2,natural_variability,3,Chest_to_Neck_rx,Chest_to_Neck,rx,0.045598257871698696,0.033761978115989175,-0.011836279755709521,0.11368083252101001,0.20666432888962388
671_T1_R1_vs_R2,natural_variability,3,Chest_to_Neck_ry,Chest_to_Neck,ry,0.04513877382628073,0.0925445245400924,0.04740575071381167,0.11368083252101001,0.20666432888962388
671_T1_R1_vs_R2,natural_variability,3,Chest_to_Neck_rz,Chest_to_Neck,rz,0.018063164002676765,0.07090980809354606,0.052846644090869296,0.11368083252101001,0.20666432888962388
671_T1_R1_vs_R2,natural_variability,3,Chest_to_RShoulder_rx,Chest_to_RShoulder,rx,0.04624779879000614,0.11391979866046162,0.06767199987045548,0.11368083252101001,0.20666432888962388
671_T1_R1_vs_R2,natural_variability,3,Chest_to_RShoulder_ry,Chest_to_RShoulder,ry,0.019524368286631098,0.015570732241922776,-0.003953636044708322,0.11368083252101001,0.20666432888962388
671_T1_R1_vs_R2,natural_variability,3,Chest_to_RShoulder_rz,Chest_to_RShoulder,rz,0.11980857876811589,0.05853641610033486,-0.06127216266778103,0.11368083252101001,0.20666432888962388
671_T1_R1_vs_R2,natural_variability,3,LFArm_to_LHand_rx,LFArm_to_LHand,rx,0.08247726115706965,0.09537011416656627,0.012892853009496621,0.11368083252101001,0.20666432888962388
671_T1_R1_vs_R2,natural_variability,3,LFArm_to_LHand_ry,LFArm_to_LHand,ry,0.06986685419206141,0.05936455731514314,-0.010502296876918275,0.11368083252101001,0.20666432888962388
671_T1_R1_vs_R2,natural_variability,3,LFArm_to_LHand_rz,LFArm_to_LHand,rz,0.1076602213623505,0.21309938804068312,0.10543916667833263,0.11368083252101001,0.20666432888962388
671_T1_R1_vs_R2,natural_variability,3,LShin_to_LFoot_rx,LShin_to_LFoot,rx,0.011669427160610434,0.0030098482988393177,-0.008659578861771117,0.11368083252101001,0.20666432888962388
671_T1_R1_vs_R2,natural_variability,3,LShin_to_LFoot_ry,LShin_to_LFoot,ry,0.05343621697170187,0.07771845668407733,0.024282239712375454,0.11368083252101001,0.20666432888962388
671_T1_R1_vs_R2,natural_variability,3,LShin_to_LFoot_rz,LShin_to_LFoot,rz,0.011035051153304085,0.0033583982947495467,-0.007676652858554539,0.11368083252101001,0.20666432888962388
671_T1_R1_vs_R2,natural_variability,3,LShoulder_to_LUArm_rx,LShoulder_to_LUArm,rx,0.05611512744317832,0.1484133785100252,0.09229825106684689,0.11368083252101001,0.20666432888962388
671_T1_R1_vs_R2,natural_variability,3,LShoulder_to_LUArm_ry,LShoulder_to_LUArm,ry,0.023098373260527997,0.07933544733575784,0.05623707407522985,0.11368083252101001,0.20666432888962388
671_T1_R1_vs_R2,natural_variability,3,LShoulder_to_LUArm_rz,LShoulder_to_LUArm,rz,0.14848996374717344,0.14853497617698946,4.5012429816027044e-05,0.11368083252101001,0.20666432888962388
671_T1_R1_vs_R2,natural_variability,3,LThigh_to_LShin_rx,LThigh_to_LShin,rx,0.03636612414145602,0.07591164293238699,0.03954551879093097,0.11368083252101001,0.20666432888962388
671_T1_R1_vs_R2,natural_variability,3,LThigh_to_LShin_ry,LThigh_to_LShin,ry,1.5660089861675657e-08,2.6082787042572443e-08,1.0422697180896786e-08,0.11368083252101001,0.20666432888962388
671_T1_R1_vs_R2,natural_variability,3,LThigh_to_LShin_rz,LThigh_to_LShin,rz,2.4414686649631154e-08,1.575492902886425e-08,-8.659757620766904e-09,0.11368083252101001,0.20666432888962388
671_T1_R1_vs_R2,natural_variability,3,LUArm_to_LFArm_rx,LUArm_to_LFArm,rx,0.07447954276262513,0.08607283742111385,0.011593294658488726,0.11368083252101001,0.20666432888962388
671_T1_R1_vs_R2,natural_variability,3,LUArm_to_LFArm_ry,LUArm_to_LFArm,ry,0.19517812711888452,0.37775211414097143,0.1825739870220869,0.11368083252101001,0.20666432888962388
671_T1_R1_vs_R2,natural_variability,3,LUArm_to_LFArm_rz,LUArm_to_LFArm,rz,0.12546756450216207,0.15557576472122567,0.030108200219063602,0.11368083252101001,0.20666432888962388
671_T1_R1_vs_R2,natural_variability,3,Neck_to_Head_rx,Neck_to_Head,rx,0.04559820201022361,0.03376194337498396,-0.011836258635239648,0.11368083252101001,0.20666432888962388
671_T1_R1_vs_R2,natural_variability,3,Neck_to_Head_ry,Neck_to_Head,ry,0.045138825100666115,0.09254456868973635,0.04740574358907023,0.11368083252101001,0.20666432888962388
671_T1_R1_vs_R2,natural_variability,3,Neck_to_Head_rz,Neck_to_Head,rz,0.018063105176500612,0.07090980907866834,0.052846703902167724,0.11368083252101001,0.20666432888962388
671_T1_R1_vs_R2,natural_variability,3,RFArm_to_RHand_rx,RFArm_to_RHand,rx,0.16798469954126824,0.10647397446837661,-0.061510725072891625,0.11368083252101001,0.20666432888962388
671_T1_R1_vs_R2,natural_variability,3,RFArm_to_RHand_ry,RFArm_to_RHand,ry,0.0062557683207835665,0.004915756114865591,-0.0013400122059179752,0.11368083252101001,0.20666432888962388
671_T1_R1_vs_R2,natural_variability,3,RFArm_to_RHand_rz,RFArm_to_RHand,rz,0.5038422477000827,0.2022919571806887,-0.30155029051939397,0.11368083252101001,0.20666432888962388
671_T1_R1_vs_R2,natural_variability,3,RShin_to_RFoot_rx,RShin_to_RFoot,rx,0.02909200859494903,0.011661504846181565,-0.017430503748767465,0.11368083252101001,0.20666432888962388
671_T1_R1_vs_R2,natural_variability,3,RShin_to_RFoot_ry,RShin_to_RFoot,ry,0.04484881741872754,0.07370612379350802,0.028857306374780484,0.11368083252101001,0.20666432888962388
671_T1_R1_vs_R2,natural_variability,3,RShin_to_RFoot_rz,RShin_to_RFoot,rz,0.010358245494531081,0.023073345756452018,0.012715100261920936,0.11368083252101001,0.20666432888962388
671_T1_R1_vs_R2,natural_variability,3,RShoulder_to_RUArm_rx,RShoulder_to_RUArm,rx,0.2825765687557759,0.26152130505496024,-0.021055263700815674,0.11368083252101001,0.20666432888962388
671_T1_R1_vs_R2,natural_variability,3,RShoulder_to_RUArm_ry,RShoulder_to_RUArm,ry,0.0009000347414396754,0.21772131083653662,0.21682127609509694,0.11368083252101001,0.20666432888962388
671_T1_R1_vs_R2,natural_variability,3,RShoulder_to_RUArm_rz,RShoulder_to_RUArm,rz,0.1596033314685793,0.045297202218022414,-0.11430612925055689,0.11368083252101001,0.20666432888962388
671_T1_R1_vs_R2,natural_variability,3,RThigh_to_RShin_rx,RThigh_to_RShin,rx,0.03457171891197409,0.004046777338564093,-0.030524941573409993,0.11368083252101001,0.20666432888962388
671_T1_R1_vs_R2,natural_variability,3,RThigh_to_RShin_ry,RThigh_to_RShin,ry,3.299243383537995e-08,4.433053816987478e-08,1.1338104334494832e-08,0.11368083252101001,0.20666432888962388
671_T1_R1_vs_R2,natural_variability,3,RThigh_to_RShin_rz,RThigh_to_RShin,rz,2.5673451677822604e-08,3.7846930612042554e-08,1.217347893421995e-08,0.11368083252101001,0.20666432888962388
671_T1_R1_vs_R2,natural_variability,3,RUArm_to_RFArm_rx,RUArm_to_RFArm,rx,0.14484930900766416,0.12693334574439588,-0.017915963263268275,0.11368083252101001,0.20666432888962388
671_T1_R1_vs_R2,natural_variability,3,RUArm_to_RFArm_ry,RUArm_to_RFArm,ry,0.6472454400655993,0.6516456733075593,0.004400233241960039,0.11368083252101001,0.20666432888962388
671_T1_R1_vs_R2,natural_variability,3,RUArm_to_RFArm_rz,RUArm_to_RFArm,rz,0.15379922595949547,0.16389338153143906,0.010094155571943597,0.11368083252101001,0.20666432888962388
671_T1_R1_vs_R2,natural_variability,4,Chest_to_LShoulder_rx,Chest_to_LShoulder,rx,0.06813559869484659,0.031226871933301592,-0.036908726761545,0.07989809057932593,0.09015567795533085
671_T1_R1_vs_R2,natural_variability,4,Chest_to_LShoulder_ry,Chest_to_LShoulder,ry,0.08510691133860235,0.13696074821467236,0.05185383687607001,0.07989809057932593,0.09015567795533085
671_T1_R1_vs_R2,natural_variability,4,Chest_to_LShoulder_rz,Chest_to_LShoulder,rz,0.04811872180059794,0.04355021805479024,-0.004568503745807695,0.07989809057932593,0.09015567795533085
671_T1_R1_vs_R2,natural_variability,4,Chest_to_Neck_rx,Chest_to_Neck,rx,0.07280302832862696,0.003102423801377325,-0.06970060452724965,0.07989809057932593,0.09015567795533085
671_T1_R1_vs_R2,natural_variability,4,Chest_to_Neck_ry,Chest_to_Neck,ry,0.04045743459771524,0.01615957138065479,-0.02429786321706045,0.07989809057932593,0.09015567795533085
671_T1_R1_vs_R2,natural_variability,4,Chest_to_Neck_rz,Chest_to_Neck,rz,0.03656056168445284,0.010861104756566766,-0.025699456927886076,0.07989809057932593,0.09015567795533085
671_T1_R1_vs_R2,natural_variability,4,Chest_to_RShoulder_rx,Chest_to_RShoulder,rx,0.029882754247184437,0.08929528702312729,0.059412532775942856,0.07989809057932593,0.09015567795533085
671_T1_R1_vs_R2,natural_variability,4,Chest_to_RShoulder_ry,Chest_to_RShoulder,ry,0.030048621288644873,0.09946346011983935,0.06941483883119448,0.07989809057932593,0.09015567795533085
671_T1_R1_vs_R2,natural_variability,4,Chest_to_RShoulder_rz,Chest_to_RShoulder,rz,0.002021691865395403,0.02307635088355212,0.021054659018156716,0.07989809057932593,0.09015567795533085
671_T1_R1_vs_R2,natural_variability,4,LFArm_to_LHand_rx,LFArm_to_LHand,rx,0.06324542106942946,0.05891305420903172,-0.004332366860397736,0.07989809057932593,0.09015567795533085
671_T1_R1_vs_R2,natural_variability,4,LFArm_to_LHand_ry,LFArm_to_LHand,ry,0.017573478380240436,0.007242464436527552,-0.010331013943712886,0.07989809057932593,0.09015567795533085
671_T1_R1_vs_R2,natural_variability,4,LFArm_to_LHand_rz,LFArm_to_LHand,rz,0.3580486187911365,0.2930204015919382,-0.06502821719919827,0.07989809057932593,0.09015567795533085
671_T1_R1_vs_R2,natural_variability,4,LShin_to_LFoot_rx,LShin_to_LFoot,rx,0.001115812424913548,0.00861629331524058,0.007500480890327033,0.07989809057932593,0.09015567795533085
671_T1_R1_vs_R2,natural_variability,4,LShin_to_LFoot_ry,LShin_to_LFoot,ry,0.04538129828726539,0.014596766861842655,-0.030784531425422736,0.07989809057932593,0.09015567795533085
671_T1_R1_vs_R2,natural_variability,4,LShin_to_LFoot_rz,LShin_to_LFoot,rz,0.008566174233498942,0.006554165278511201,-0.002012008954987741,0.07989809057932593,0.09015567795533085
671_T1_R1_vs_R2,natural_variability,4,LShoulder_to_LUArm_rx,LShoulder_to_LUArm,rx,0.29497973024710883,0.18614922003806997,-0.10883051020903886,0.07989809057932593,0.09015567795533085
671_T1_R1_vs_R2,natural_variability,4,LShoulder_to_LUArm_ry,LShoulder_to_LUArm,ry,0.11633121034906843,0.3630332290430376,0.24670201869396916,0.07989809057932593,0.09015567795533085
671_T1_R1_vs_R2,natural_variability,4,LShoulder_to_LUArm_rz,LShoulder_to_LUArm,rz,0.049586861366628064,0.035913213568659036,-0.013673647797969028,0.07989809057932593,0.09015567795533085
671_T1_R1_vs_R2,natural_variability,4,LThigh_to_LShin_rx,LThigh_to_LShin,rx,0.058563835984714,0.05918013951311615,0.000616303528402154,0.07989809057932593,0.09015567795533085
671_T1_R1_vs_R2,natural_variability,4,LThigh_to_LShin_ry,LThigh_to_LShin,ry,1.4673436794750568e-08,6.344164217498538e-09,-8.329272577252029e-09,0.07989809057932593,0.09015567795533085
671_T1_R1_vs_R2,natural_variability,4,LThigh_to_LShin_rz,LThigh_to_LShin,rz,6.961986389251369e-09,5.361102577536845e-09,-1.6008838117145243e-09,0.07989809057932593,0.09015567795533085
671_T1_R1_vs_R2,natural_variability,4,LUArm_to_LFArm_rx,LUArm_to_LFArm,rx,0.2687766301154524,0.2739911370320272,0.005214506916574824,0.07989809057932593,0.09015567795533085
671_T1_R1_vs_R2,natural_variability,4,LUArm_to_LFArm_ry,LUArm_to_LFArm,ry,0.5278459795505461,0.4358814938852207,-0.09196448566532545,0.07989809057932593,0.09015567795533085
671_T1_R1_vs_R2,natural_variability,4,LUArm_to_LFArm_rz,LUArm_to_LFArm,rz,0.26606602360016407,0.2437043069173716,-0.022361716682792465,0.07989809057932593,0.09015567795533085
671_T1_R1_vs_R2,natural_variability,4,Neck_to_Head_rx,Neck_to_Head,rx,0.07280293801616709,0.0031024243989127534,-0.06970051361725434,0.07989809057932593,0.09015567795533085
671_T1_R1_vs_R2,natural_variability,4,Neck_to_Head_ry,Neck_to_Head,ry,0.04045743435015408,0.016159538516211255,-0.024297895833942824,0.07989809057932593,0.09015567795533085
671_T1_R1_vs_R2,natural_variability,4,Neck_to_Head_rz,Neck_to_Head,rz,0.03656060610497503,0.010861159018307228,-0.025699447086667805,0.07989809057932593,0.09015567795533085
671_T1_R1_vs_R2,natural_variability,4,RFArm_to_RHand_rx,RFArm_to_RHand,rx,0.14957085383333035,0.040781708041488236,-0.10878914579184212,0.07989809057932593,0.09015567795533085
671_T1_R1_vs_R2,natural_variability,4,RFArm_to_RHand_ry,RFArm_to_RHand,ry,0.09085343902262427,0.02256300464205041,-0.06829043438057386,0.07989809057932593,0.09015567795533085
671_T1_R1_vs_R2,natural_variability,4,RFArm_to_RHand_rz,RFArm_to_RHand,rz,0.22348054826800706,0.25291654336788305,0.02943599509987599,0.07989809057932593,0.09015567795533085
671_T1_R1_vs_R2,natural_variability,4,RShin_to_RFoot_rx,RShin_to_RFoot,rx,0.02500041430510438,0.04550551099376381,0.020505096688659432,0.07989809057932593,0.09015567795533085
671_T1_R1_vs_R2,natural_variability,4,RShin_to_RFoot_ry,RShin_to_RFoot,ry,0.04174247863056554,0.010862089484118709,-0.030880389146446828,0.07989809057932593,0.09015567795533085
671_T1_R1_vs_R2,natural_variability,4,RShin_to_RFoot_rz,RShin_to_RFoot,rz,0.016184657212095464,0.021374474556195774,0.00518981734410031,0.07989809057932593,0.09015567795533085
671_T1_R1_vs_R2,natural_variability,4,RShoulder_to_RUArm_rx,RShoulder_to_RUArm,rx,0.10642880387451271,0.3130378812646028,0.2066090773900901,0.07989809057932593,0.09015567795533085
671_T1_R1_vs_R2,natural_variability,4,RShoulder_to_RUArm_ry,RShoulder_to_RUArm,ry,0.16610200971920153,0.39402177024949253,0.227919760530291,0.07989809057932593,0.09015567795533085
671_T1_R1_vs_R2,natural_variability,4,RShoulder_to_RUArm_rz,RShoulder_to_RUArm,rz,0.06730735008278695,0.07642335829186822,0.009116008209081275,0.07989809057932593,0.09015567795533085
671_T1_R1_vs_R2,natural_variability,4,RThigh_to_RShin_rx,RThigh_to_RShin,rx,0.007949358678654737,0.0062354763354483134,-0.0017138823432064233,0.07989809057932593,0.09015567795533085
671_T1_R1_vs_R2,natural_variability,4,RThigh_to_RShin_ry,RThigh_to_RShin,ry,2.4182973889897635e-08,1.4377197234956732e-08,-9.805776654940903e-09,0.07989809057932593,0.09015567795533085
671_T1_R1_vs_R2,natural_variability,4,RThigh_to_RShin_rz,RThigh_to_RShin,rz,5.2011098048570854e-08,1.7519469429963205e-08,-3.4491628618607646e-08,0.07989809057932593,0.09015567795533085
671_T1_R1_vs_R2,natural_variability,4,RUArm_to_RFArm_rx,RUArm_to_RFArm,rx,0.0613718198158315,0.027785977929521716,-0.03358584188630978,0.07989809057932593,0.09015567795533085
671_T1_R1_vs_R2,natural_variability,4,RUArm_to_RFArm_ry,RUArm_to_RFArm,ry,0.4174233503116545,0.21224628846396537,-0.20517706184768914,0.07989809057932593,0.09015567795533085
671_T1_R1_vs_R2,natural_variability,4,RUArm_to_RFArm_rz,RUArm_to_RFArm,rz,0.001961277605040679,0.007499624531021504,0.005538346925980825,0.07989809057932593,0.09015567795533085
671_T1_R1_vs_R2,natural_variability,5,Chest_to_LShoulder_rx,Chest_to_LShoulder,rx,0.01448441256947543,0.06133732428645476,0.046852911716979334,0.06613436466166411,0.06071354627002141
671_T1_R1_vs_R2,natural_variability,5,Chest_to_LShoulder_ry,Chest_to_LShoulder,ry,0.11236430999462449,0.09842129998440494,-0.013943010010219553,0.06613436466166411,0.06071354627002141
671_T1_R1_vs_R2,natural_variability,5,Chest_to_LShoulder_rz,Chest_to_LShoulder,rz,0.15062212745169593,0.07285783599657512,-0.0777642914551208,0.06613436466166411,0.06071354627002141
671_T1_R1_vs_R2,natural_variability,5,Chest_to_Neck_rx,Chest_to_Neck,rx,0.019797563470716827,0.04326684284409581,0.02346927937337898,0.06613436466166411,0.06071354627002141
671_T1_R1_vs_R2,natural_variability,5,Chest_to_Neck_ry,Chest_to_Neck,ry,0.03222666115831794,0.005247756887917661,-0.026978904270400277,0.06613436466166411,0.06071354627002141
671_T1_R1_vs_R2,natural_variability,5,Chest_to_Neck_rz,Chest_to_Neck,rz,0.027650083600646788,0.028335270289067887,0.0006851866884210987,0.06613436466166411,0.06071354627002141
671_T1_R1_vs_R2,natural_variability,5,Chest_to_RShoulder_rx,Chest_to_RShoulder,rx,0.1767475922618571,0.024329549553043235,-0.15241804270881387,0.06613436466166411,0.06071354627002141
671_T1_R1_vs_R2,natural_variability,5,Chest_to_RShoulder_ry,Chest_to_RShoulder,ry,0.061409053105263484,0.10807632797348135,0.04666727486821787,0.06613436466166411,0.06071354627002141
671_T1_R1_vs_R2,natural_variability,5,Chest_to_RShoulder_rz,Chest_to_RShoulder,rz,0.08018161130144853,0.062213450162900266,-0.017968161138548266,0.06613436466166411,0.06071354627002141
671_T1_R1_vs_R2,natural_variability,5,LFArm_to_LHand_rx,LFArm_to_LHand,rx,0.26420396922968525,0.0844037383902017,-0.17980023083948354,0.06613436466166411,0.06071354627002141
671_T1_R1_vs_R2,natural_variability,5,LFArm_to_LHand_ry,LFArm_to_LHand,ry,0.23643668585716285,0.1137234723034831,-0.12271321355367974,0.06613436466166411,0.06071354627002141
671_T1_R1_vs_R2,natural_variability,5,LFArm_to_LHand_rz,LFArm_to_LHand,rz,0.12202348687714717,0.1817663814992876,0.05974289462214041,0.06613436466166411,0.06071354627002141
671_T1_R1_vs_R2,natural_variability,5,LShin_to_LFoot_rx,LShin_to_LFoot,rx,0.011064132858276758,0.008773948613200426,-0.0022901842450763314,0.06613436466166411,0.06071354627002141
671_T1_R1_vs_R2,natural_variability,5,LShin_to_LFoot_ry,LShin_to_LFoot,ry,0.04725488964539427,0.06584145719383516,0.018586567548440895,0.06613436466166411,0.06071354627002141
671_T1_R1_vs_R2,natural_variability,5,LShin_to_LFoot_rz,LShin_to_LFoot,rz,0.0008656074039911993,0.008702926674288784,0.007837319270297585,0.06613436466166411,0.06071354627002141
671_T1_R1_vs_R2,natural_variability,5,LShoulder_to_LUArm_rx,LShoulder_to_LUArm,rx,0.09891425780430291,0.3030973179718859,0.20418306016758297,0.06613436466166411,0.06071354627002141
671_T1_R1_vs_R2,natural_variability,5,LShoulder_to_LUArm_ry,LShoulder_to_LUArm,ry,0.22282811171382375,0.49117182327952646,0.2683437115657027,0.06613436466166411,0.06071354627002141
671_T1_R1_vs_R2,natural_variability,5,LShoulder_to_LUArm_rz,LShoulder_to_LUArm,rz,0.3095799524029545,0.19305053516872095,-0.11652941723423355,0.06613436466166411,0.06071354627002141
671_T1_R1_vs_R2,natural_variability,5,LThigh_to_LShin_rx,LThigh_to_LShin,rx,0.10226008700748838,0.04906625841916108,-0.0531938285883273,0.06613436466166411,0.06071354627002141
671_T1_R1_vs_R2,natural_variability,5,LThigh_to_LShin_ry,LThigh_to_LShin,ry,1.941168381044923e-08,5.908873121552227e-09,-1.3502810688897004e-08,0.06613436466166411,0.06071354627002141
671_T1_R1_vs_R2,natural_variability,5,LThigh_to_LShin_rz,LThigh_to_LShin,rz,2.1468939941277574e-08,2.0681678822280665e-08,-7.872611189969087e-10,0.06613436466166411,0.06071354627002141
671_T1_R1_vs_R2,natural_variability,5,LUArm_to_LFArm_rx,LUArm_to_LFArm,rx,0.22885965270249078,0.14573441472434548,-0.0831252379781453,0.06613436466166411,0.06071354627002141
671_T1_R1_vs_R2,natural_variability,5,LUArm_to_LFArm_ry,LUArm_to_LFArm,ry,0.1596343756757407,0.19597713194367158,0.036342756267930876,0.06613436466166411,0.06071354627002141
671_T1_R1_vs_R2,natural_variability,5,LUArm_to_LFArm_rz,LUArm_to_LFArm,rz,0.16854716958964908,0.20643736196140602,0.03789019237175695,0.06613436466166411,0.06071354627002141
671_T1_R1_vs_R2,natural_variability,5,Neck_to_Head_rx,Neck_to_Head,rx,0.019797625301437624,0.04326673624944605,0.023469110948008423,0.06613436466166411,0.06071354627002141
671_T1_R1_vs_R2,natural_variability,5,Neck_to_Head_ry,Neck_to_Head,ry,0.032226647599242715,0.00524774472367418,-0.026978902875568533,0.06613436466166411,0.06071354627002141
671_T1_R1_vs_R2,natural_variability,5,Neck_to_Head_rz,Neck_to_Head,rz,0.027650128931678952,0.02833530980177094,0.0006851808700919886,0.06613436466166411,0.06071354627002141
671_T1_R1_vs_R2,natural_variability,5,RFArm_to_RHand_rx,RFArm_to_RHand,rx,0.07076813879824342,0.23065945867116885,0.15989131987292543,0.06613436466166411,0.06071354627002141
671_T1_R1_vs_R2,natural_variability,5,RFArm_to_RHand_ry,RFArm_to_RHand,ry,0.03512540320498031,0.044743674718653335,0.009618271513673025,0.06613436466166411,0.06071354627002141
671_T1_R1_vs_R2,natural_variability,5,RFArm_to_RHand_rz,RFArm_to_RHand,rz,0.043667122792775986,0.33488898521716387,0.29122186242438786,0.06613436466166411,0.06071354627002141
671_T1_R1_vs_R2,natural_variability,5,RShin_to_RFoot_rx,RShin_to_RFoot,rx,0.03941778001398109,0.016265802084461222,-0.023151977929519865,0.06613436466166411,0.06071354627002141
671_T1_R1_vs_R2,natural_variability,5,RShin_to_RFoot_ry,RShin_to_RFoot,ry,0.04301765173796668,0.06276837579899656,0.019750724061029887,0.06613436466166411,0.06071354627002141
671_T1_R1_vs_R2,natural_variability,5,RShin_to_RFoot_rz,RShin_to_RFoot,rz,0.030713304533343724,0.02032668561237613,-0.010386618920967594,0.06613436466166411,0.06071354627002141
671_T1_R1_vs_R2,natural_variability,5,RShoulder_to_RUArm_rx,RShoulder_to_RUArm,rx,0.3794154259482072,0.0032492609269930417,-0.37616616502121414,0.06613436466166411,0.06071354627002141
671_T1_R1_vs_R2,natural_variability,5,RShoulder_to_RUArm_ry,RShoulder_to_RUArm,ry,0.47525808551211324,0.37032905940412636,-0.10492902610798688,0.06613436466166411,0.06071354627002141
671_T1_R1_vs_R2,natural_variability,5,RShoulder_to_RUArm_rz,RShoulder_to_RUArm,rz,0.1548875842617834,0.11351499172400535,-0.041372592537778044,0.06613436466166411,0.06071354627002141
671_T1_R1_vs_R2,natural_variability,5,RThigh_to_RShin_rx,RThigh_to_RShin,rx,0.020835486576917226,0.03782555316334596,0.016990066586428734,0.06613436466166411,0.06071354627002141
671_T1_R1_vs_R2,natural_variability,5,RThigh_to_RShin_ry,RThigh_to_RShin,ry,5.198100554768684e-08,2.7873903788131137e-08,-2.41071017595557e-08,0.06613436466166411,0.06071354627002141
671_T1_R1_vs_R2,natural_variability,5,RThigh_to_RShin_rz,RThigh_to_RShin,rz,3.828872284693297e-09,4.1032090108234686e-08,3.720321782354139e-08,0.06613436466166411,0.06071354627002141
671_T1_R1_vs_R2,natural_variability,5,RUArm_to_RFArm_rx,RUArm_to_RFArm,rx,0.25405392672326366,0.21367835409788674,-0.040375572625376915,0.06613436466166411,0.06071354627002141
671_T1_R1_vs_R2,natural_variability,5,RUArm_to_RFArm_ry,RUArm_to_RFArm,ry,0.03397935515359087,0.21766489484426335,0.18368553969067247,0.06613436466166411,0.06071354627002141
671_T1_R1_vs_R2,natural_variability,5,RUArm_to_RFArm_rz,RUArm_to_RFArm,rz,0.1767748000966706,0.1028312884322222,-0.0739435116644484,0.06613436466166411,0.06071354627002141
671_T1_R1_vs_R2,natural_variability,6,Chest_to_LShoulder_rx,Chest_to_LShoulder,rx,0.10710805354318366,0.0822933343091449,-0.02481471923403876,0.044069465875825484,0.04133608538921562
671_T1_R1_vs_R2,natural_variability,6,Chest_to_LShoulder_ry,Chest_to_LShoulder,ry,0.1156765151093599,0.032782470711306654,-0.08289404439805326,0.044069465875825484,0.04133608538921562
671_T1_R1_vs_R2,natural_variability,6,Chest_to_LShoulder_rz,Chest_to_LShoulder,rz,0.10412669724971002,0.15956150288093315,0.05543480563122313,0.044069465875825484,0.04133608538921562
671_T1_R1_vs_R2,natural_variability,6,Chest_to_Neck_rx,Chest_to_Neck,rx,0.05473874540241596,0.03395739084546438,-0.020781354556951577,0.044069465875825484,0.04133608538921562
671_T1_R1_vs_R2,natural_variability,6,Chest_to_Neck_ry,Chest_to_Neck,ry,0.009292794444336299,0.009376434169077989,8.363972474169021e-05,0.044069465875825484,0.04133608538921562
671_T1_R1_vs_R2,natural_variability,6,Chest_to_Neck_rz,Chest_to_Neck,rz,0.045797514023340646,0.03811489459760203,-0.00768261942573862,0.044069465875825484,0.04133608538921562
671_T1_R1_vs_R2,natural_variability,6,Chest_to_RShoulder_rx,Chest_to_RShoulder,rx,0.10977340388320472,0.19197493541347913,0.0822015315302744,0.044069465875825484,0.04133608538921562
671_T1_R1_vs_R2,natural_variability,6,Chest_to_RShoulder_ry,Chest_to_RShoulder,ry,0.1526020043203992,0.07619584209386891,-0.07640616222653028,0.044069465875825484,0.04133608538921562
671_T1_R1_vs_R2,natural_variability,6,Chest_to_RShoulder_rz,Chest_to_RShoulder,rz,0.04941925721940238,0.07091407359281325,0.02149481637341087,0.044069465875825484,0.04133608538921562
671_T1_R1_vs_R2,natural_variability,6,LFArm_to_LHand_rx,LFArm_to_LHand,rx,0.17189685299258423,0.3012287101607808,0.12933185716819656,0.044069465875825484,0.04133608538921562
671_T1_R1_vs_R2,natural_variability,6,LFArm_to_LHand_ry,LFArm_to_LHand,ry,0.07437597159515873,0.1746957399949542,0.10031976839979546,0.044069465875825484,0.04133608538921562
671_T1_R1_vs_R2,natural_variability,6,LFArm_to_LHand_rz,LFArm_to_LHand,rz,0.04100273210513996,0.1412032553040851,0.10020052319894512,0.044069465875825484,0.04133608538921562
671_T1_R1_vs_R2,natural_variability,6,LShin_to_LFoot_rx,LShin_to_LFoot,rx,0.011339545803892771,0.0012578697006838937,-0.010081676103208877,0.044069465875825484,0.04133608538921562
671_T1_R1_vs_R2,natural_variability,6,LShin_to_LFoot_ry,LShin_to_LFoot,ry,0.03238743505040496,0.024103251534879563,-0.008284183515525394,0.044069465875825484,0.04133608538921562
671_T1_R1_vs_R2,natural_variability,6,LShin_to_LFoot_rz,LShin_to_LFoot,rz,0.01702203478634613,0.015156229168518803,-0.0018658056178273257,0.044069465875825484,0.04133608538921562
671_T1_R1_vs_R2,natural_variability,6,LShoulder_to_LUArm_rx,LShoulder_to_LUArm,rx,0.2626465900407373,0.12760001736348028,-0.13504657267725703,0.044069465875825484,0.04133608538921562
671_T1_R1_vs_R2,natural_variability,6,LShoulder_to_LUArm_ry,LShoulder_to_LUArm,ry,0.7544870856091408,0.4687231009153698,-0.285763984693771,0.044069465875825484,0.04133608538921562
671_T1_R1_vs_R2,natural_variability,6,LShoulder_to_LUArm_rz,LShoulder_to_LUArm,rz,0.11115458632257753,0.24366565612731475,0.1325110698047372,0.044069465875825484,0.04133608538921562
671_T1_R1_vs_R2,natural_variability,6,LThigh_to_LShin_rx,LThigh_to_LShin,rx,0.012696592002242296,0.03455300407549379,0.021856412073251494,0.044069465875825484,0.04133608538921562
671_T1_R1_vs_R2,natural_variability,6,LThigh_to_LShin_ry,LThigh_to_LShin,ry,2.815660206668736e-08,2.8974668589823806e-08,8.180665231364444e-10,0.044069465875825484,0.04133608538921562
671_T1_R1_vs_R2,natural_variability,6,LThigh_to_LShin_rz,LThigh_to_LShin,rz,6.053247274337396e-09,1.4840284364683852e-08,8.787037090346456e-09,0.044069465875825484,0.04133608538921562
671_T1_R1_vs_R2,natural_variability,6,LUArm_to_LFArm_rx,LUArm_to_LFArm,rx,0.21209036142361018,0.2873052973743526,0.07521493595074244,0.044069465875825484,0.04133608538921562
671_T1_R1_vs_R2,natural_variability,6,LUArm_to_LFArm_ry,LUArm_to_LFArm,ry,0.17157735627160506,0.2629479786304034,0.09137062235879836,0.044069465875825484,0.04133608538921562
671_T1_R1_vs_R2,natural_variability,6,LUArm_to_LFArm_rz,LUArm_to_LFArm,rz,0.029272594900993633,0.09667009961189144,0.06739750471089781,0.044069465875825484,0.04133608538921562
671_T1_R1_vs_R2,natural_variability,6,Neck_to_Head_rx,Neck_to_Head,rx,0.054738673614174345,0.033957391594203946,-0.0207812820199704,0.044069465875825484,0.04133608538921562
671_T1_R1_vs_R2,natural_variability,6,Neck_to_Head_ry,Neck_to_Head,ry,0.009292774430675268,0.009376439504771652,8.366507409638367e-05,0.044069465875825484,0.04133608538921562
671_T1_R1_vs_R2,natural_variability,6,Neck_to_Head_rz,Neck_to_Head,rz,0.04579758077806819,0.03811497993866458,-0.007682600839403614,0.044069465875825484,0.04133608538921562
671_T1_R1_vs_R2,natural_variability,6,RFArm_to_RHand_rx,RFArm_to_RHand,rx,0.029742207235838786,0.05399781514068302,0.024255607904844233,0.044069465875825484,0.04133608538921562
671_T1_R1_vs_R2,natural_variability,6,RFArm_to_RHand_ry,RFArm_to_RHand,ry,0.07040499463624914,0.09845431821076206,0.028049323574512924,0.044069465875825484,0.04133608538921562
671_T1_R1_vs_R2,natural_variability,6,RFArm_to_RHand_rz,RFArm_to_RHand,rz,0.08740226857244805,0.08746070774215647,5.8439169708421335e-05,0.044069465875825484,0.04133608538921562
671_T1_R1_vs_R2,natural_variability,6,RShin_to_RFoot_rx,RShin_to_RFoot,rx,0.02260475024019203,0.006460236493020259,-0.01614451374717177,0.044069465875825484,0.04133608538921562
671_T1_R1_vs_R2,natural_variability,6,RShin_to_RFoot_ry,RShin_to_RFoot,ry,0.03202358464465505,0.019519129019089126,-0.012504455625565927,0.044069465875825484,0.04133608538921562
671_T1_R1_vs_R2,natural_variability,6,RShin_to_RFoot_rz,RShin_to_RFoot,rz,0.012805479038698702,0.0040314942629972525,-0.00877398477570145,0.044069465875825484,0.04133608538921562
671_T1_R1_vs_R2,natural_variability,6,RShoulder_to_RUArm_rx,RShoulder_to_RUArm,rx,0.17959943636062536,0.38629467232370057,0.2066952359630752,0.044069465875825484,0.04133608538921562
671_T1_R1_vs_R2,natural_variability,6,RShoulder_to_RUArm_ry,RShoulder_to_RUArm,ry,0.2632976484468301,0.06652565596894508,-0.19677199247788504,0.044069465875825484,0.04133608538921562
671_T1_R1_vs_R2,natural_variability,6,RShoulder_to_RUArm_rz,RShoulder_to_RUArm,rz,0.1366099999752805,0.18967944341181445,0.05306944343653394,0.044069465875825484,0.04133608538921562
671_T1_R1_vs_R2,natural_variability,6,RThigh_to_RShin_rx,RThigh_to_RShin,rx,0.029342732910728787,0.014287127253612883,-0.015055605657115905,0.044069465875825484,0.04133608538921562
671_T1_R1_vs_R2,natural_variability,6,RThigh_to_RShin_ry,RThigh_to_RShin,ry,3.97698484501831e-09,1.5856417385321598e-08,1.1879432540303287e-08,0.044069465875825484,0.04133608538921562
671_T1_R1_vs_R2,natural_variability,6,RThigh_to_RShin_rz,RThigh_to_RShin,rz,4.667381358621253e-08,2.8066915080233735e-08,-1.8606898505978797e-08,0.044069465875825484,0.04133608538921562
671_T1_R1_vs_R2,natural_variability,6,RUArm_to_RFArm_rx,RUArm_to_RFArm,rx,0.056458515448528264,0.19164973201671998,0.13519121656819172,0.044069465875825484,0.04133608538921562
671_T1_R1_vs_R2,natural_variability,6,RUArm_to_RFArm_ry,RUArm_to_RFArm,ry,0.07500500087446041,0.21681647471937018,0.14181147384490977,0.044069465875825484,0.04133608538921562
671_T1_R1_vs_R2,natural_variability,6,RUArm_to_RFArm_rz,RUArm_to_RFArm,rz,0.08250916245176301,0.14056910978750928,0.058059947335746265,0.044069465875825484,0.04133608538921562
