comparison_id,kind,pc,feature,link_id,axis,loading_A_abs,loading_B_reprojected_abs,jcvpca_axis,explained_variance_A,explained_variance_B_projected
252_T1_vs_T2,longitudinal,1,252_to_LThigh_rx,252_to_LThigh,rx,0.22745135591732643,0.07269806486763827,-0.15475329104968816,0.19301721629546445,0.2425075998153327
252_T1_vs_T2,longitudinal,1,252_to_LThigh_ry,252_to_LThigh,ry,0.04439136052722265,0.07858370952426055,0.0341923489970379,0.19301721629546445,0.2425075998153327
252_T1_vs_T2,longitudinal,1,252_to_LThigh_rz,252_to_LThigh,rz,0.04335600350832593,0.008452102089864383,-0.034903901418461544,0.19301721629546445,0.2425075998153327
252_T1_vs_T2,longitudinal,1,252_to_RThigh_rx,252_to_RThigh,rx,0.25064297112464445,0.041093075095424585,-0.20954989602921986,0.19301721629546445,0.2425075998153327
252_T1_vs_T2,longitudinal,1,252_to_RThigh_ry,252_to_RThigh,ry,0.04409569487212422,0.06298694639181177,0.018891251519687548,0.19301721629546445,0.2425075998153327
252_T1_vs_T2,longitudinal,1,252_to_RThigh_rz,252_to_RThigh,rz,0.06834530371010236,0.04597006450732995,-0.022375239202772415,0.19301721629546445,0.2425075998153327
252_T1_vs_T2,longitudinal,1,Chest_to_LShoulder_rx,Chest_to_LShoulder,rx,0.0314925842669662,0.0635854086494852,0.032092824382518995,0.19301721629546445,0.2425075998153327
252_T1_vs_T2,longitudinal,1,Chest_to_LShoulder_ry,Chest_to_LShoulder,ry,0.015904187994966425,0.008337813725444773,-0.007566374269521652,0.19301721629546445,0.2425075998153327
252_T1_vs_T2,longitudinal,1,Chest_to_LShoulder_rz,Chest_to_LShoulder,rz,0.07320856015468585,0.1044258358620443,0.031217275707358452,0.19301721629546445,0.2425075998153327
252_T1_vs_T2,longitudinal,1,Chest_to_Neck_rx,Chest_to_Neck,rx,0.060377431404679036,0.00251048438898016,-0.057866947015698875,0.19301721629546445,0.2425075998153327
252_T1_vs_T2,longitudinal,1,Chest_to_Neck_ry,Chest_to_Neck,ry,0.015592051065776115,0.0600030661268387,0.044411015061062584,0.19301721629546445,0.2425075998153327
252_T1_vs_T2,longitudinal,1,Chest_to_Neck_rz,Chest_to_Neck,rz,0.031704958984160064,0.05353862872037064,0.02183366973621058,0.19301721629546445,0.2425075998153327
252_T1_vs_T2,longitudinal,1,Chest_to_RShoulder_rx,Chest_to_RShoulder,rx,0.013766060197503672,0.02853276569859478,0.01476670550109111,0.19301721629546445,0.2425075998153327
252_T1_vs_T2,longitudinal,1,Chest_to_RShoulder_ry,Chest_to_RShoulder,ry,0.0020985219941258176,0.025487463195477997,0.023388941201352178,0.19301721629546445,0.2425075998153327
252_T1_vs_T2,longitudinal,1,Chest_to_RShoulder_rz,Chest_to_RShoulder,rz,0.00732737485397761,0.12286446862164463,0.11553709376766702,0.19301721629546445,0.2425075998153327
252_T1_vs_T2,longitudinal,1,LFArm_to_LHand_rx,LFArm_to_LHand,rx,0.004546549335724533,0.006006386378831197,0.0014598370431066644,0.19301721629546445,0.2425075998153327
252_T1_vs_T2,longitudinal,1,LFArm_to_LHand_ry,LFArm_to_LHand,ry,0.004283209496293592,0.004135280451784464,-0.00014792904450912792,0.19301721629546445,0.2425075998153327
252_T1_vs_T2,longitudinal,1,LFArm_to_LHand_rz,LFArm_to_LHand,rz,0.0038140169022510676,0.013961979794404545,0.010147962892153478,0.19301721629546445,0.2425075998153327
252_T1_vs_T2,longitudinal,1,LShin_to_LFoot_rx,LShin_to_LFoot,rx,0.13281852500318528,0.05005912662534202,-0.08275939837784327,0.19301721629546445,0.2425075998153327
252_T1_vs_T2,longitudinal,1,LShin_to_LFoot_ry,LShin_to_LFoot,ry,0.08651065654974219,0.0007948619759075849,-0.0857157945738346,0.19301721629546445,0.2425075998153327
252_T1_vs_T2,longitudinal,1,LShin_to_LFoot_rz,LShin_to_LFoot,rz,0.051956739166441945,0.025923357141831804,-0.02603338202461014,0.19301721629546445,0.2425075998153327
252_T1_vs_T2,longitudinal,1,LShoulder_to_LUArm_rx,LShoulder_to_LUArm,rx,0.16357388466956269,0.20494328494488098,0.0413694002753183,0.19301721629546445,0.2425075998153327
252_T1_vs_T2,longitudinal,1,LShoulder_to_LUArm_ry,LShoulder_to_LUArm,ry,0.15042150239947658,0.13870983734105505,-0.011711665058421528,0.19301721629546445,0.2425075998153327
252_T1_vs_T2,longitudinal,1,LShoulder_to_LUArm_rz,LShoulder_to_LUArm,rz,0.16569862340599076,0.12798742893701107,-0.03771119446897969,0.19301721629546445,0.2425075998153327
252_T1_vs_T2,longitudinal,1,LThigh_to_LShin_rx,LThigh_to_LShin,rx,0.7019081318213257,0.004570285310022805,-0.6973378465113029,0.19301721629546445,0.2425075998153327
252_T1_vs_T2,longitudinal,1,LThigh_to_LShin_ry,LThigh_to_LShin,ry,9.92144262247574e-09,2.2164723180683388e-09,-7.704970304407401e-09,0.19301721629546445,0.2425075998153327
252_T1_vs_T2,longitudinal,1,LThigh_to_LShin_rz,LThigh_to_LShin,rz,7.894672157320366e-09,2.138249805118048e-08,1.3487825893860113e-08,0.19301721629546445,0.2425075998153327
252_T1_vs_T2,longitudinal,1,LUArm_to_LFArm_rx,LUArm_to_LFArm,rx,0.12449417422733539,0.14835502125615932,0.023860847028823934,0.19301721629546445,0.2425075998153327
252_T1_vs_T2,longitudinal,1,LUArm_to_LFArm_ry,LUArm_to_LFArm,ry,0.3969666962923653,0.5568725424063209,0.15990584611395559,0.19301721629546445,0.2425075998153327
252_T1_vs_T2,longitudinal,1,LUArm_to_LFArm_rz,LUArm_to_LFArm,rz,0.08965501736102582,0.0677702778425966,-0.02188473951842923,0.19301721629546445,0.2425075998153327
252_T1_vs_T2,longitudinal,1,Neck_to_Head_rx,Neck_to_Head,rx,0.06016385919978292,0.002337634820126886,-0.05782622437965603,0.19301721629546445,0.2425075998153327
252_T1_vs_T2,longitudinal,1,Neck_to_Head_ry,Neck_to_Head,ry,0.021554940215731636,0.04874487560387144,0.027189935388139803,0.19301721629546445,0.2425075998153327
252_T1_vs_T2,longitudinal,1,Neck_to_Head_rz,Neck_to_Head,rz,0.028287803101976164,0.06400761212963477,0.0357198090276586,0.19301721629546445,0.2425075998153327
252_T1_vs_T2,longitudinal,1,RFArm_to_RHand_rx,RFArm_to_RHand,rx,0.0009511478937939631,0.0013058290309423235,0.0003546811371483604,0.19301721629546445,0.2425075998153327
252_T1_vs_T2,longitudinal,1,RFArm_to_RHand_ry,RFArm_to_RHand,ry,0.003681522336172922,0.05185306067715553,0.04817153834098261,0.19301721629546445,0.2425075998153327
252_T1_vs_T2,longitudinal,1,RFArm_to_RHand_rz,RFArm_to_RHand,rz,0.023383018594422034,0.006638260723919274,-0.01674475787050276,0.19301721629546445,0.2425075998153327
252_T1_vs_T2,longitudinal,1,RShin_to_RFoot_rx,RShin_to_RFoot,rx,0.05248997801349836,0.028328318711284634,-0.024161659302213728,0.19301721629546445,0.2425075998153327
252_T1_vs_T2,longitudinal,1,RShin_to_RFoot_ry,RShin_to_RFoot,ry,0.07570407299132217,0.03133597611017174,-0.04436809688115043,0.19301721629546445,0.2425075998153327
252_T1_vs_T2,longitudinal,1,RShin_to_RFoot_rz,RShin_to_RFoot,rz,0.04393871711322636,0.008587396429703012,-0.03535132068352335,0.19301721629546445,0.2425075998153327
252_T1_vs_T2,longitudinal,1,RShoulder_to_RUArm_rx,RShoulder_to_RUArm,rx,0.06148265798209849,0.07772043664064057,0.016237778658542083,0.19301721629546445,0.2425075998153327
252_T1_vs_T2,longitudinal,1,RShoulder_to_RUArm_ry,RShoulder_to_RUArm,ry,0.00641587721237486,0.1650022913370857,0.15858641412471083,0.19301721629546445,0.2425075998153327
252_T1_vs_T2,longitudinal,1,RShoulder_to_RUArm_rz,RShoulder_to_RUArm,rz,0.03377754949268719,0.2859462883373715,0.2521687388446843,0.19301721629546445,0.2425075998153327
252_T1_vs_T2,longitudinal,1,RThigh_to_RShin_rx,RThigh_to_RShin,rx,0.23953603574625662,0.07555354561007109,-0.16398249013618554,0.19301721629546445,0.2425075998153327
252_T1_vs_T2,longitudinal,1,RThigh_to_RShin_ry,RThigh_to_RShin,ry,1.4495538533984528e-08,4.045619770549138e-09,-1.0449918763435389e-08,0.19301721629546445,0.2425075998153327
252_T1_vs_T2,longitudinal,1,RThigh_to_RShin_rz,RThigh_to_RShin,rz,2.6543443859916313e-09,1.0950621836109116e-08,8.296277450117485e-09,0.19301721629546445,0.2425075998153327
252_T1_vs_T2,longitudinal,1,RUArm_to_RFArm_rx,RUArm_to_RFArm,rx,0.04333634175041475,0.3714896453946358,0.3281533036442211,0.19301721629546445,0.2425075998153327
252_T1_vs_T2,longitudinal,1,RUArm_to_RFArm_ry,RUArm_to_RFArm,ry,0.05761810919519362,0.44055433256176135,0.38293622336656774,0.19301721629546445,0.2425075998153327
252_T1_vs_T2,longitudinal,1,RUArm_to_RFArm_rz,RUArm_to_RFArm,rz,0.036344424288005675,0.24691250808447757,0.2105680837964719,0.19301721629546445,0.2425075998153327
252_T1_vs_T2,longitudinal,2,252_to_LThigh_rx,252_to_LThigh,rx,0.08176845291479373,0.1339623486160741,0.05219389570128036,0.1604269460188701,0.22300779788725
252_T1_vs_T2,longitudinal,2,252_to_LThigh_ry,252_to_LThigh,ry,0.02593365121928459,0.07030208983379206,0.04436843861450747,0.1604269460188701,0.22300779788725
252_T1_vs_T2,longitudinal,2,252_to_LThigh_rz,252_to_LThigh,rz,0.017975556742174777,0.09080768262669274,0.07283212588451796,0.1604269460188701,0.22300779788725
252_T1_vs_T2,longitudinal,2,252_to_RThigh_rx,252_to_RThigh,rx,0.045126364322454385,0.37233533500995813,0.32720897068750376,0.1604269460188701,0.22300779788725
252_T1_vs_T2,longitudinal,2,252_to_RThigh_ry,252_to_RThigh,ry,0.022692237203059403,0.07921887619744925,0.05652663899438984,0.1604269460188701,0.22300779788725
252_T1_vs_T2,longitudinal,2,252_to_RThigh_rz,252_to_RThigh,rz,0.06293825063227595,0.10489037283424855,0.0419521222019726,0.1604269460188701,0.22300779788725
252_T1_vs_T2,longitudinal,2,Chest_to_LShoulder_rx,Chest_to_LShoulder,rx,0.019765484949044832,0.005352828856320406,-0.014412656092724426,0.1604269460188701,0.22300779788725
252_T1_vs_T2,longitudinal,2,Chest_to_LShoulder_ry,Chest_to_LShoulder,ry,0.0015753735744285468,0.04014127044952765,0.03856589687509911,0.1604269460188701,0.22300779788725
252_T1_vs_T2,longitudinal,2,Chest_to_LShoulder_rz,Chest_to_LShoulder,rz,0.025051919969508334,0.040648193190742476,0.015596273221234143,0.1604269460188701,0.22300779788725
252_T1_vs_T2,longitudinal,2,Chest_to_Neck_rx,Chest_to_Neck,rx,0.010848691381442926,0.011880281380294575,0.0010315899988516484,0.1604269460188701,0.22300779788725
252_T1_vs_T2,longitudinal,2,Chest_to_Neck_ry,Chest_to_Neck,ry,0.0052162097793346015,0.002669748239715876,-0.0025464615396187254,0.1604269460188701,0.22300779788725
252_T1_vs_T2,longitudinal,2,Chest_to_Neck_rz,Chest_to_Neck,rz,0.0027307826279529806,0.03193626609254334,0.029205483464590357,0.1604269460188701,0.22300779788725
252_T1_vs_T2,longitudinal,2,Chest_to_RShoulder_rx,Chest_to_RShoulder,rx,0.029826646529623756,0.018884690652299935,-0.010941955877323821,0.1604269460188701,0.22300779788725
252_T1_vs_T2,longitudinal,2,Chest_to_RShoulder_ry,Chest_to_RShoulder,ry,0.007452554389085783,0.01866199964772918,0.011209445258643399,0.1604269460188701,0.22300779788725
252_T1_vs_T2,longitudinal,2,Chest_to_RShoulder_rz,Chest_to_RShoulder,rz,0.018223451331595676,0.002651547578545,-0.015571903753050675,0.1604269460188701,0.22300779788725
252_T1_vs_T2,longitudinal,2,LFArm_to_LHand_rx,LFArm_to_LHand,rx,0.0031421311907784567,0.0028623411951532738,-0.0002797899956251829,0.1604269460188701,0.22300779788725
252_T1_vs_T2,longitudinal,2,LFArm_to_LHand_ry,LFArm_to_LHand,ry,0.028777553333183322,0.021549747599657505,-0.007227805733525817,0.1604269460188701,0.22300779788725
252_T1_vs_T2,longitudinal,2,LFArm_to_LHand_rz,LFArm_to_LHand,rz,0.048906963679089144,0.013934371130969297,-0.034972592548119845,0.1604269460188701,0.22300779788725
252_T1_vs_T2,longitudinal,2,LShin_to_LFoot_rx,LShin_to_LFoot,rx,0.04724539752111702,0.08230562952469313,0.03506023200357611,0.1604269460188701,0.22300779788725
252_T1_vs_T2,longitudinal,2,LShin_to_LFoot_ry,LShin_to_LFoot,ry,0.06065827778776182,0.015447762291004231,-0.045210515496757586,0.1604269460188701,0.22300779788725
252_T1_vs_T2,longitudinal,2,LShin_to_LFoot_rz,LShin_to_LFoot,rz,0.028570663545838183,0.02349497152415587,-0.005075692021682312,0.1604269460188701,0.22300779788725
252_T1_vs_T2,longitudinal,2,LShoulder_to_LUArm_rx,LShoulder_to_LUArm,rx,0.0471390604937587,0.08246620321724803,0.03532714272348933,0.1604269460188701,0.22300779788725
252_T1_vs_T2,longitudinal,2,LShoulder_to_LUArm_ry,LShoulder_to_LUArm,ry,0.26620978818485913,0.001141827355192764,-0.2650679608296664,0.1604269460188701,0.22300779788725
252_T1_vs_T2,longitudinal,2,LShoulder_to_LUArm_rz,LShoulder_to_LUArm,rz,0.10428541778484246,0.10225840980992686,-0.002027007974915604,0.1604269460188701,0.22300779788725
252_T1_vs_T2,longitudinal,2,LThigh_to_LShin_rx,LThigh_to_LShin,rx,0.29199913282189566,0.12257774638109689,-0.16942138644079877,0.1604269460188701,0.22300779788725
252_T1_vs_T2,longitudinal,2,LThigh_to_LShin_ry,LThigh_to_LShin,ry,3.131290173947235e-09,5.201716374762378e-08,4.888587357367655e-08,0.1604269460188701,0.22300779788725
252_T1_vs_T2,longitudinal,2,LThigh_to_LShin_rz,LThigh_to_LShin,rz,1.1804156824629484e-08,3.975410371969583e-08,2.7949946895066344e-08,0.1604269460188701,0.22300779788725
252_T1_vs_T2,longitudinal,2,LUArm_to_LFArm_rx,LUArm_to_LFArm,rx,0.0632285663886246,0.09439408949040441,0.031165523101779807,0.1604269460188701,0.22300779788725
252_T1_vs_T2,longitudinal,2,LUArm_to_LFArm_ry,LUArm_to_LFArm,ry,0.33811333010725375,0.16173372632976857,-0.17637960377748518,0.1604269460188701,0.22300779788725
252_T1_vs_T2,longitudinal,2,LUArm_to_LFArm_rz,LUArm_to_LFArm,rz,0.058706346348822984,0.075803383632335,0.017097037283512022,0.1604269460188701,0.22300779788725
252_T1_vs_T2,longitudinal,2,Neck_to_Head_rx,Neck_to_Head,rx,0.010945300192413085,0.012042926848428384,0.0010976266560152985,0.1604269460188701,0.22300779788725
252_T1_vs_T2,longitudinal,2,Neck_to_Head_ry,Neck_to_Head,ry,0.0046044968261662895,0.00862849451591318,0.004023997689746891,0.1604269460188701,0.22300779788725
252_T1_vs_T2,longitudinal,2,Neck_to_Head_rz,Neck_to_Head,rz,0.0036474495035159825,0.03072839837252966,0.027080948869013678,0.1604269460188701,0.22300779788725
252_T1_vs_T2,longitudinal,2,RFArm_to_RHand_rx,RFArm_to_RHand,rx,0.00868714418308501,0.0026073586353910698,-0.0060797855476939396,0.1604269460188701,0.22300779788725
252_T1_vs_T2,longitudinal,2,RFArm_to_RHand_ry,RFArm_to_RHand,ry,0.06096636513096143,0.01337038615030083,-0.0475959789806606,0.1604269460188701,0.22300779788725
252_T1_vs_T2,longitudinal,2,RFArm_to_RHand_rz,RFArm_to_RHand,rz,0.08246154815790187,0.06730634408208608,-0.01515520407581579,0.1604269460188701,0.22300779788725
252_T1_vs_T2,longitudinal,2,RShin_to_RFoot_rx,RShin_to_RFoot,rx,0.06172687756645466,0.10055821765381352,0.03883134008735886,0.1604269460188701,0.22300779788725
252_T1_vs_T2,longitudinal,2,RShin_to_RFoot_ry,RShin_to_RFoot,ry,0.013001459936531746,0.08097357601180667,0.06797211607527492,0.1604269460188701,0.22300779788725
252_T1_vs_T2,longitudinal,2,RShin_to_RFoot_rz,RShin_to_RFoot,rz,0.0627260707736378,0.09397690340753341,0.03125083263389561,0.1604269460188701,0.22300779788725
252_T1_vs_T2,longitudinal,2,RShoulder_to_RUArm_rx,RShoulder_to_RUArm,rx,0.610773549410677,0.33574667264509733,-0.27502687676557963,0.1604269460188701,0.22300779788725
252_T1_vs_T2,longitudinal,2,RShoulder_to_RUArm_ry,RShoulder_to_RUArm,ry,0.001789272487726718,0.17171322255523314,0.1699239500675064,0.1604269460188701,0.22300779788725
252_T1_vs_T2,longitudinal,2,RShoulder_to_RUArm_rz,RShoulder_to_RUArm,rz,0.021119138356586055,0.03347363343546154,0.012354495078875483,0.1604269460188701,0.22300779788725
252_T1_vs_T2,longitudinal,2,RThigh_to_RShin_rx,RThigh_to_RShin,rx,0.04830065968134823,0.7230356702684696,0.6747350105871214,0.1604269460188701,0.22300779788725
252_T1_vs_T2,longitudinal,2,RThigh_to_RShin_ry,RThigh_to_RShin,ry,1.2865732425828133e-09,8.192079718869075e-09,6.905506476286262e-09,0.1604269460188701,0.22300779788725
252_T1_vs_T2,longitudinal,2,RThigh_to_RShin_rz,RThigh_to_RShin,rz,1.5553689692347812e-08,3.2831686068117276e-08,1.7277996375769464e-08,0.1604269460188701,0.22300779788725
252_T1_vs_T2,longitudinal,2,RUArm_to_RFArm_rx,RUArm_to_RFArm,rx,0.35807755835988375,0.15635693311818513,-0.20172062524169862,0.1604269460188701,0.22300779788725
252_T1_vs_T2,longitudinal,2,RUArm_to_RFArm_ry,RUArm_to_RFArm,ry,0.3523174812029312,0.06694432269854597,-0.28537315850438527,0.1604269460188701,0.22300779788725
252_T1_vs_T2,longitudinal,2,RUArm_to_RFArm_rz,RUArm_to_RFArm,rz,0.18859995911470223,0.005574898567141969,-0.18302506054756026,0.1604269460188701,0.22300779788725
252_T1_vs_T2,longitudinal,3,252_to_LThigh_rx,252_to_LThigh,rx,0.17582477379245448,0.06210547202400906,-0.11371930176844541,0.12824257425135854,0.15937201807835685
252_T1_vs_T2,longitudinal,3,252_to_LThigh_ry,252_to_LThigh,ry,0.017929565396965948,0.028265571565755404,0.010336006168789456,0.12824257425135854,0.15937201807835685
252_T1_vs_T2,longitudinal,3,252_to_LThigh_rz,252_to_LThigh,rz,0.03558725752018966,0.015556286370236368,-0.02003097114995329,0.12824257425135854,0.15937201807835685
252_T1_vs_T2,longitudinal,3,252_to_RThigh_rx,252_to_RThigh,rx,0.050552752775645075,0.17344660822818955,0.12289385545254447,0.12824257425135854,0.15937201807835685
252_T1_vs_T2,longitudinal,3,252_to_RThigh_ry,252_to_RThigh,ry,0.00036323813872893274,0.09217727238008035,0.09181403424135141,0.12824257425135854,0.15937201807835685
252_T1_vs_T2,longitudinal,3,252_to_RThigh_rz,252_to_RThigh,rz,0.04529841396635652,0.04834986052646113,0.003051446560104615,0.12824257425135854,0.15937201807835685
252_T1_vs_T2,longitudinal,3,Chest_to_LShoulder_rx,Chest_to_LShoulder,rx,0.03894830381233264,0.01422423266795105,-0.02472407114438159,0.12824257425135854,0.15937201807835685
252_T1_vs_T2,longitudinal,3,Chest_to_LShoulder_ry,Chest_to_LShoulder,ry,0.017884347365590504,0.007692482543048104,-0.0101918648225424,0.12824257425135854,0.15937201807835685
252_T1_vs_T2,longitudinal,3,Chest_to_LShoulder_rz,Chest_to_LShoulder,rz,0.054968685908352646,0.018952012516421875,-0.03601667339193077,0.12824257425135854,0.15937201807835685
252_T1_vs_T2,longitudinal,3,Chest_to_Neck_rx,Chest_to_Neck,rx,0.050997435426655705,0.005253046529742524,-0.04574438889691318,0.12824257425135854,0.15937201807835685
252_T1_vs_T2,longitudinal,3,Chest_to_Neck_ry,Chest_to_Neck,ry,0.0526553896776375,0.047429568197349455,-0.005225821480288044,0.12824257425135854,0.15937201807835685
252_T1_vs_T2,longitudinal,3,Chest_to_Neck_rz,Chest_to_Neck,rz,0.02584727550702204,0.003972797970246543,-0.021874477536775495,0.12824257425135854,0.15937201807835685
252_T1_vs_T2,longitudinal,3,Chest_to_RShoulder_rx,Chest_to_RShoulder,rx,0.04677495207110488,0.060950478206538324,0.014175526135433443,0.12824257425135854,0.15937201807835685
252_T1_vs_T2,longitudinal,3,Chest_to_RShoulder_ry,Chest_to_RShoulder,ry,0.03413195431122058,0.02110930773791496,-0.013022646573305624,0.12824257425135854,0.15937201807835685
252_T1_vs_T2,longitudinal,3,Chest_to_RShoulder_rz,Chest_to_RShoulder,rz,0.11132538624465194,0.01019830585358865,-0.10112708039106329,0.12824257425135854,0.15937201807835685
252_T1_vs_T2,longitudinal,3,LFArm_to_LHand_rx,LFArm_to_LHand,rx,0.007536371005166634,0.000659116039649959,-0.006877254965516675,0.12824257425135854,0.15937201807835685
252_T1_vs_T2,longitudinal,3,LFArm_to_LHand_ry,LFArm_to_LHand,ry,0.026463772624899986,0.03337905050247311,0.006915277877573126,0.12824257425135854,0.15937201807835685
252_T1_vs_T2,longitudinal,3,LFArm_to_LHand_rz,LFArm_to_LHand,rz,0.05823088298115212,0.009357419224654308,-0.048873463756497815,0.12824257425135854,0.15937201807835685
252_T1_vs_T2,longitudinal,3,LShin_to_LFoot_rx,LShin_to_LFoot,rx,0.01862766497007811,0.015102482125809724,-0.003525182844268386,0.12824257425135854,0.15937201807835685
252_T1_vs_T2,longitudinal,3,LShin_to_LFoot_ry,LShin_to_LFoot,ry,0.0048913865832964825,0.03681874280650625,0.03192735622320977,0.12824257425135854,0.15937201807835685
252_T1_vs_T2,longitudinal,3,LShin_to_LFoot_rz,LShin_to_LFoot,rz,0.011135422227382119,0.00023802640116107283,-0.010897395826221045,0.12824257425135854,0.15937201807835685
252_T1_vs_T2,longitudinal,3,LShoulder_to_LUArm_rx,LShoulder_to_LUArm,rx,0.023346505470558415,0.04440916192975064,0.021062656459192225,0.12824257425135854,0.15937201807835685
252_T1_vs_T2,longitudinal,3,LShoulder_to_LUArm_ry,LShoulder_to_LUArm,ry,0.2508336993053265,0.20296002960757956,-0.04787366969774695,0.12824257425135854,0.15937201807835685
252_T1_vs_T2,longitudinal,3,LShoulder_to_LUArm_rz,LShoulder_to_LUArm,rz,0.1563558984259946,0.027038546637372537,-0.12931735178862205,0.12824257425135854,0.15937201807835685
252_T1_vs_T2,longitudinal,3,LThigh_to_LShin_rx,LThigh_to_LShin,rx,0.17260189155992187,0.02751511725308619,-0.14508677430683567,0.12824257425135854,0.15937201807835685
252_T1_vs_T2,longitudinal,3,LThigh_to_LShin_ry,LThigh_to_LShin,ry,7.364154288978254e-09,4.0440703910347185e-09,-3.320083897943535e-09,0.12824257425135854,0.15937201807835685
252_T1_vs_T2,longitudinal,3,LThigh_to_LShin_rz,LThigh_to_LShin,rz,1.1250268086386891e-08,3.6212982318909125e-08,2.4962714232522235e-08,0.12824257425135854,0.15937201807835685
252_T1_vs_T2,longitudinal,3,LUArm_to_LFArm_rx,LUArm_to_LFArm,rx,0.065290927032484,0.17585643112631863,0.11056550409383463,0.12824257425135854,0.15937201807835685
252_T1_vs_T2,longitudinal,3,LUArm_to_LFArm_ry,LUArm_to_LFArm,ry,0.2609594059019609,0.3411157366733609,0.08015633077140005,0.12824257425135854,0.15937201807835685
252_T1_vs_T2,longitudinal,3,LUArm_to_LFArm_rz,LUArm_to_LFArm,rz,0.09048211250299953,0.06948460826674173,-0.020997504236257805,0.12824257425135854,0.15937201807835685
252_T1_vs_T2,longitudinal,3,Neck_to_Head_rx,Neck_to_Head,rx,0.05080362432045803,0.0054699741377973515,-0.045333650182660674,0.12824257425135854,0.15937201807835685
252_T1_vs_T2,longitudinal,3,Neck_to_Head_ry,Neck_to_Head,ry,0.046948629297027554,0.04738072610706225,0.0004320968100346989,0.12824257425135854,0.15937201807835685
252_T1_vs_T2,longitudinal,3,Neck_to_Head_rz,Neck_to_Head,rz,0.035374827322469105,0.005037063888320187,-0.03033776343414892,0.12824257425135854,0.15937201807835685
252_T1_vs_T2,longitudinal,3,RFArm_to_RHand_rx,RFArm_to_RHand,rx,0.0001724399244899016,0.009074766684708425,0.008902326760218524,0.12824257425135854,0.15937201807835685
252_T1_vs_T2,longitudinal,3,RFArm_to_RHand_ry,RFArm_to_RHand,ry,0.04907224423841164,0.04344684104424164,-0.0056254031941700006,0.12824257425135854,0.15937201807835685
252_T1_vs_T2,longitudinal,3,RFArm_to_RHand_rz,RFArm_to_RHand,rz,0.04145134387621445,0.11482376540497205,0.0733724215287576,0.12824257425135854,0.15937201807835685
252_T1_vs_T2,longitudinal,3,RShin_to_RFoot_rx,RShin_to_RFoot,rx,0.009557908369258463,0.05139062594168592,0.04183271757242746,0.12824257425135854,0.15937201807835685
252_T1_vs_T2,longitudinal,3,RShin_to_RFoot_ry,RShin_to_RFoot,ry,0.0020869122536045196,0.019359435371879508,0.01727252311827499,0.12824257425135854,0.15937201807835685
252_T1_vs_T2,longitudinal,3,RShin_to_RFoot_rz,RShin_to_RFoot,rz,0.027864103366946252,0.0433964421831523,0.015532338816206047,0.12824257425135854,0.15937201807835685
252_T1_vs_T2,longitudinal,3,RShoulder_to_RUArm_rx,RShoulder_to_RUArm,rx,0.1523532305953738,0.6073494572502123,0.45499622665483846,0.12824257425135854,0.15937201807835685
252_T1_vs_T2,longitudinal,3,RShoulder_to_RUArm_ry,RShoulder_to_RUArm,ry,0.29381676808182955,0.14425381223232828,-0.14956295584950127,0.12824257425135854,0.15937201807835685
252_T1_vs_T2,longitudinal,3,RShoulder_to_RUArm_rz,RShoulder_to_RUArm,rz,0.24252401440291751,0.05241682514767994,-0.19010718925523756,0.12824257425135854,0.15937201807835685
252_T1_vs_T2,longitudinal,3,RThigh_to_RShin_rx,RThigh_to_RShin,rx,0.039750096244864024,0.2901584849150296,0.25040838867016557,0.12824257425135854,0.15937201807835685
252_T1_vs_T2,longitudinal,3,RThigh_to_RShin_ry,RThigh_to_RShin,ry,6.599038047333141e-09,1.0492125460798487e-08,3.893087413465346e-09,0.12824257425135854,0.15937201807835685
252_T1_vs_T2,longitudinal,3,RThigh_to_RShin_rz,RThigh_to_RShin,rz,2.698604025618998e-08,3.8899768959675236e-08,1.1913728703485257e-08,0.12824257425135854,0.15937201807835685
252_T1_vs_T2,longitudinal,3,RUArm_to_RFArm_rx,RUArm_to_RFArm,rx,0.22921790367351025,0.4880235130056904,0.25880560933218016,0.12824257425135854,0.15937201807835685
252_T1_vs_T2,longitudinal,3,RUArm_to_RFArm_ry,RUArm_to_RFArm,ry,0.6578467124791424,0.02772422490751914,-0.6301224875716233,0.12824257425135854,0.15937201807835685
252_T1_vs_T2,longitudinal,3,RUArm_to_RFArm_rz,RUArm_to_RFArm,rz,0.2589871498000722,0.09768217126338972,-0.16130497853668246,0.12824257425135854,0.15937201807835685
252_T1_vs_T2,longitudinal,4,252_to_LThigh_rx,252_to_LThigh,rx,0.09584596744185896,0.03529830592276302,-0.060547661519095936,0.09208607691533682,0.11502423286836286
252_T1_vs_T2,longitudinal,4,252_to_LThigh_ry,252_to_LThigh,ry,0.034705307614703675,0.01670396654382401,-0.018001341070879664,0.09208607691533682,0.11502423286836286
252_T1_vs_T2,longitudinal,4,252_to_LThigh_rz,252_to_LThigh,rz,0.05377239978091478,0.04866239138064527,-0.005110008400269511,0.09208607691533682,0.11502423286836286
252_T1_vs_T2,longitudinal,4,252_to_RThigh_rx,252_to_RThigh,rx,0.039944987374037705,0.004947727709087955,-0.03499725966494975,0.09208607691533682,0.11502423286836286
252_T1_vs_T2,longitudinal,4,252_to_RThigh_ry,252_to_RThigh,ry,0.03334711836139406,0.019305815115264423,-0.014041303246129639,0.09208607691533682,0.11502423286836286
252_T1_vs_T2,longitudinal,4,252_to_RThigh_rz,252_to_RThigh,rz,0.07261769053660043,0.07787321077319641,0.0052555202365959786,0.09208607691533682,0.11502423286836286
252_T1_vs_T2,longitudinal,4,Chest_to_LShoulder_rx,Chest_to_LShoulder,rx,0.015989078107954975,0.03382616496818693,0.017837086860231957,0.09208607691533682,0.11502423286836286
252_T1_vs_T2,longitudinal,4,Chest_to_LShoulder_ry,Chest_to_LShoulder,ry,0.013379486254326542,0.02469643991348632,0.011316953659159776,0.09208607691533682,0.11502423286836286
252_T1_vs_T2,longitudinal,4,Chest_to_LShoulder_rz,Chest_to_LShoulder,rz,0.04660899464416117,0.05822822871290701,0.011619234068745841,0.09208607691533682,0.11502423286836286
252_T1_vs_T2,longitudinal,4,Chest_to_Neck_rx,Chest_to_Neck,rx,0.015942296874585867,0.035787441255725895,0.019845144381140028,0.09208607691533682,0.11502423286836286
252_T1_vs_T2,longitudinal,4,Chest_to_Neck_ry,Chest_to_Neck,ry,0.0405921772250411,0.03966677054194078,-0.000925406683100316,0.09208607691533682,0.11502423286836286
252_T1_vs_T2,longitudinal,4,Chest_to_Neck_rz,Chest_to_Neck,rz,0.03246094839067119,0.04817857153873308,0.01571762314806189,0.09208607691533682,0.11502423286836286
252_T1_vs_T2,longitudinal,4,Chest_to_RShoulder_rx,Chest_to_RShoulder,rx,0.048274707333543665,0.05259285262484225,0.004318145291298585,0.09208607691533682,0.11502423286836286
252_T1_vs_T2,longitudinal,4,Chest_to_RShoulder_ry,Chest_to_RShoulder,ry,0.01069527817542396,0.005418721052124111,-0.00527655712329985,0.09208607691533682,0.11502423286836286
252_T1_vs_T2,longitudinal,4,Chest_to_RShoulder_rz,Chest_to_RShoulder,rz,0.06553681569120516,0.0316736904932523,-0.03386312519795286,0.09208607691533682,0.11502423286836286
252_T1_vs_T2,longitudinal,4,LFArm_to_LHand_rx,LFArm_to_LHand,rx,0.0020700073634628757,0.002764872387077749,0.0006948650236148733,0.09208607691533682,0.11502423286836286
252_T1_vs_T2,longitudinal,4,LFArm_to_LHand_ry,LFArm_to_LHand,ry,0.010663669675009868,0.005930268943984823,-0.004733400731025045,0.09208607691533682,0.11502423286836286
252_T1_vs_T2,longitudinal,4,LFArm_to_LHand_rz,LFArm_to_LHand,rz,0.030133941608652348,0.01813100520667129,-0.012002936401981058,0.09208607691533682,0.11502423286836286
252_T1_vs_T2,longitudinal,4,LShin_to_LFoot_rx,LShin_to_LFoot,rx,0.0232535760324259,0.0070115646320564355,-0.016242011400369464,0.09208607691533682,0.11502423286836286
252_T1_vs_T2,longitudinal,4,LShin_to_LFoot_ry,LShin_to_LFoot,ry,0.035999488157122186,0.0280810897076329,-0.007918398449489286,0.09208607691533682,0.11502423286836286
252_T1_vs_T2,longitudinal,4,LShin_to_LFoot_rz,LShin_to_LFoot,rz,0.012534929022157887,0.002393642467928818,-0.010141286554229068,0.09208607691533682,0.11502423286836286
252_T1_vs_T2,longitudinal,4,LShoulder_to_LUArm_rx,LShoulder_to_LUArm,rx,0.009473209463865026,0.15091443685450975,0.14144122739064474,0.09208607691533682,0.11502423286836286
252_T1_vs_T2,longitudinal,4,LShoulder_to_LUArm_ry,LShoulder_to_LUArm,ry,0.08386470436916346,0.17186230936142452,0.08799760499226106,0.09208607691533682,0.11502423286836286
252_T1_vs_T2,longitudinal,4,LShoulder_to_LUArm_rz,LShoulder_to_LUArm,rz,0.13369491844215278,0.02321564387576979,-0.11047927456638298,0.09208607691533682,0.11502423286836286
252_T1_vs_T2,longitudinal,4,LThigh_to_LShin_rx,LThigh_to_LShin,rx,0.32289346581524686,0.20366983419282064,-0.11922363162242622,0.09208607691533682,0.11502423286836286
252_T1_vs_T2,longitudinal,4,LThigh_to_LShin_ry,LThigh_to_LShin,ry,4.968251136223967e-09,3.755330640505553e-09,-1.212920495718414e-09,0.09208607691533682,0.11502423286836286
252_T1_vs_T2,longitudinal,4,LThigh_to_LShin_rz,LThigh_to_LShin,rz,1.36397422316979e-08,7.367476544051324e-10,-1.2902994577292769e-08,0.09208607691533682,0.11502423286836286
252_T1_vs_T2,longitudinal,4,LUArm_to_LFArm_rx,LUArm_to_LFArm,rx,0.15073082162647322,0.15598290633349762,0.0052520847070244014,0.09208607691533682,0.11502423286836286
252_T1_vs_T2,longitudinal,4,LUArm_to_LFArm_ry,LUArm_to_LFArm,ry,0.44277089530013336,0.5158786262756266,0.07310773097549328,0.09208607691533682,0.11502423286836286
252_T1_vs_T2,longitudinal,4,LUArm_to_LFArm_rz,LUArm_to_LFArm,rz,0.017854599190129834,0.0274582983981848,0.009603699208054966,0.09208607691533682,0.11502423286836286
252_T1_vs_T2,longitudinal,4,Neck_to_Head_rx,Neck_to_Head,rx,0.015568063322320459,0.03551015319860404,0.01994208987628358,0.09208607691533682,0.11502423286836286
252_T1_vs_T2,longitudinal,4,Neck_to_Head_ry,Neck_to_Head,ry,0.04625998698698826,0.04833929727811797,0.0020793102911297115,0.09208607691533682,0.11502423286836286
252_T1_vs_T2,longitudinal,4,Neck_to_Head_rz,Neck_to_Head,rz,0.024147985736505784,0.039776041773482554,0.01562805603697677,0.09208607691533682,0.11502423286836286
252_T1_vs_T2,longitudinal,4,RFArm_to_RHand_rx,RFArm_to_RHand,rx,0.0043078210762948765,0.0011503059502683609,-0.0031575151260265157,0.09208607691533682,0.11502423286836286
252_T1_vs_T2,longitudinal,4,RFArm_to_RHand_ry,RFArm_to_RHand,ry,0.007859995804298314,0.04789324070966457,0.04003324490536625,0.09208607691533682,0.11502423286836286
252_T1_vs_T2,longitudinal,4,RFArm_to_RHand_rz,RFArm_to_RHand,rz,0.10259055101989355,0.03952338423545722,-0.06306716678443633,0.09208607691533682,0.11502423286836286
252_T1_vs_T2,longitudinal,4,RShin_to_RFoot_rx,RShin_to_RFoot,rx,0.10838286970389274,0.0366400427637194,-0.07174282694017334,0.09208607691533682,0.11502423286836286
252_T1_vs_T2,longitudinal,4,RShin_to_RFoot_ry,RShin_to_RFoot,ry,0.018815494062625393,0.03780544550616863,0.018989951443543235,0.09208607691533682,0.11502423286836286
252_T1_vs_T2,longitudinal,4,RShin_to_RFoot_rz,RShin_to_RFoot,rz,0.07298980435159938,0.04890139671125132,-0.02408840764034806,0.09208607691533682,0.11502423286836286
252_T1_vs_T2,longitudinal,4,RShoulder_to_RUArm_rx,RShoulder_to_RUArm,rx,0.43181478071727714,0.21305215058213697,-0.21876263013514016,0.09208607691533682,0.11502423286836286
252_T1_vs_T2,longitudinal,4,RShoulder_to_RUArm_ry,RShoulder_to_RUArm,ry,0.07414162632353632,0.15044598122773442,0.0763043549041981,0.09208607691533682,0.11502423286836286
252_T1_vs_T2,longitudinal,4,RShoulder_to_RUArm_rz,RShoulder_to_RUArm,rz,0.10868757507269669,0.16922289042968108,0.06053531535698439,0.09208607691533682,0.11502423286836286
252_T1_vs_T2,longitudinal,4,RThigh_to_RShin_rx,RThigh_to_RShin,rx,0.16486091401178,0.0852723590269105,-0.0795885549848695,0.09208607691533682,0.11502423286836286
252_T1_vs_T2,longitudinal,4,RThigh_to_RShin_ry,RThigh_to_RShin,ry,1.0026689161086072e-08,1.0740208953707091e-08,7.135197926210193e-10,0.09208607691533682,0.11502423286836286
252_T1_vs_T2,longitudinal,4,RThigh_to_RShin_rz,RThigh_to_RShin,rz,2.3614298007324652e-08,4.172843511187363e-09,-1.9441454496137288e-08,0.09208607691533682,0.11502423286836286
252_T1_vs_T2,longitudinal,4,RUArm_to_RFArm_rx,RUArm_to_RFArm,rx,0.4290929823278757,0.0615876265832406,-0.36750535574463505,0.09208607691533682,0.11502423286836286
252_T1_vs_T2,longitudinal,4,RUArm_to_RFArm_ry,RUArm_to_RFArm,ry,0.41106796624353625,0.6581427179162305,0.24707475167269422,0.09208607691533682,0.11502423286836286
252_T1_vs_T2,longitudinal,4,RUArm_to_RFArm_rz,RUArm_to_RFArm,rz,0.00471905036807497,0.1835387320777464,0.17881968170967144,0.09208607691533682,0.11502423286836286
252_T1_vs_T2,longitudinal,5,252_to_LThigh_rx,252_to_LThigh,rx,0.24934757785282474,0.092184326433016,-0.15716325141980875,0.07049185776145955,0.08967040930748024
252_T1_vs_T2,longitudinal,5,252_to_LThigh_ry,252_to_LThigh,ry,0.044602174234681824,0.13877932062921752,0.0941771463945357,0.07049185776145955,0.08967040930748024
252_T1_vs_T2,longitudinal,5,252_to_LThigh_rz,252_to_LThigh,rz,0.02436267422188741,0.04752053970390557,0.023157865482018165,0.07049185776145955,0.08967040930748024
252_T1_vs_T2,longitudinal,5,252_to_RThigh_rx,252_to_RThigh,rx,0.16771738692351404,0.034276202309704566,-0.13344118461380947,0.07049185776145955,0.08967040930748024
252_T1_vs_T2,longitudinal,5,252_to_RThigh_ry,252_to_RThigh,ry,0.015553783293667,0.10354631360408315,0.08799253031041615,0.07049185776145955,0.08967040930748024
252_T1_vs_T2,longitudinal,5,252_to_RThigh_rz,252_to_RThigh,rz,0.10785841644385316,0.06429242825301634,-0.04356598819083682,0.07049185776145955,0.08967040930748024
252_T1_vs_T2,longitudinal,5,Chest_to_LShoulder_rx,Chest_to_LShoulder,rx,0.02931773463205871,0.03433033172853178,0.005012597096473073,0.07049185776145955,0.08967040930748024
252_T1_vs_T2,longitudinal,5,Chest_to_LShoulder_ry,Chest_to_LShoulder,ry,0.03781806955801728,0.012804265410480522,-0.02501380414753676,0.07049185776145955,0.08967040930748024
252_T1_vs_T2,longitudinal,5,Chest_to_LShoulder_rz,Chest_to_LShoulder,rz,0.03615047910369061,0.03070316360854983,-0.00544731549514078,0.07049185776145955,0.08967040930748024
252_T1_vs_T2,longitudinal,5,Chest_to_Neck_rx,Chest_to_Neck,rx,0.0464572695933161,0.005762230352274456,-0.04069503924104165,0.07049185776145955,0.08967040930748024
252_T1_vs_T2,longitudinal,5,Chest_to_Neck_ry,Chest_to_Neck,ry,0.044956681890579005,0.012855678595061136,-0.03210100329551787,0.07049185776145955,0.08967040930748024
252_T1_vs_T2,longitudinal,5,Chest_to_Neck_rz,Chest_to_Neck,rz,0.022176239421754392,0.01355169658508806,-0.008624542836666332,0.07049185776145955,0.08967040930748024
252_T1_vs_T2,longitudinal,5,Chest_to_RShoulder_rx,Chest_to_RShoulder,rx,0.0004338260081951572,0.01204602724111732,0.011612201232922163,0.07049185776145955,0.08967040930748024
252_T1_vs_T2,longitudinal,5,Chest_to_RShoulder_ry,Chest_to_RShoulder,ry,0.02894085524856908,0.007960870899997342,-0.020979984348571738,0.07049185776145955,0.08967040930748024
252_T1_vs_T2,longitudinal,5,Chest_to_RShoulder_rz,Chest_to_RShoulder,rz,0.031061822460742523,0.0253445190337755,-0.005717303426967024,0.07049185776145955,0.08967040930748024
252_T1_vs_T2,longitudinal,5,LFArm_to_LHand_rx,LFArm_to_LHand,rx,0.020155660597089613,0.012311307680679867,-0.007844352916409746,0.07049185776145955,0.08967040930748024
252_T1_vs_T2,longitudinal,5,LFArm_to_LHand_ry,LFArm_to_LHand,ry,0.09731862743252036,0.051592240599061555,-0.0457263868334588,0.07049185776145955,0.08967040930748024
252_T1_vs_T2,longitudinal,5,LFArm_to_LHand_rz,LFArm_to_LHand,rz,0.11868558954919531,0.09895753501167313,-0.019728054537522174,0.07049185776145955,0.08967040930748024
252_T1_vs_T2,longitudinal,5,LShin_to_LFoot_rx,LShin_to_LFoot,rx,0.0804683797622504,0.10844522302261454,0.027976843260364148,0.07049185776145955,0.08967040930748024
252_T1_vs_T2,longitudinal,5,LShin_to_LFoot_ry,LShin_to_LFoot,ry,0.011533008239154484,0.05706632856235956,0.045533320323205076,0.07049185776145955,0.08967040930748024
252_T1_vs_T2,longitudinal,5,LShin_to_LFoot_rz,LShin_to_LFoot,rz,0.008151156727285263,0.04364907405186392,0.03549791732457866,0.07049185776145955,0.08967040930748024
252_T1_vs_T2,longitudinal,5,LShoulder_to_LUArm_rx,LShoulder_to_LUArm,rx,0.24414663236553943,0.40494812398139707,0.16080149161585763,0.07049185776145955,0.08967040930748024
252_T1_vs_T2,longitudinal,5,LShoulder_to_LUArm_ry,LShoulder_to_LUArm,ry,0.41539274677974,0.2158604319340074,-0.19953231484573258,0.07049185776145955,0.08967040930748024
252_T1_vs_T2,longitudinal,5,LShoulder_to_LUArm_rz,LShoulder_to_LUArm,rz,0.1757906144797593,0.16885699755607383,-0.006933616923685465,0.07049185776145955,0.08967040930748024
252_T1_vs_T2,longitudinal,5,LThigh_to_LShin_rx,LThigh_to_LShin,rx,0.07040875981733814,0.5151308615166496,0.4447221016993114,0.07049185776145955,0.08967040930748024
252_T1_vs_T2,longitudinal,5,LThigh_to_LShin_ry,LThigh_to_LShin,ry,2.3183684174279354e-08,2.390004377476605e-08,7.163596004866966e-10,0.07049185776145955,0.08967040930748024
252_T1_vs_T2,longitudinal,5,LThigh_to_LShin_rz,LThigh_to_LShin,rz,2.3468367433610827e-08,3.6426007099787583e-09,-1.982576672363207e-08,0.07049185776145955,0.08967040930748024
252_T1_vs_T2,longitudinal,5,LUArm_to_LFArm_rx,LUArm_to_LFArm,rx,0.4448507420231438,0.3588695475169239,-0.08598119450621988,0.07049185776145955,0.08967040930748024
252_T1_vs_T2,longitudinal,5,LUArm_to_LFArm_ry,LUArm_to_LFArm,ry,0.2527949574248886,0.17859322849340625,-0.07420172893148236,0.07049185776145955,0.08967040930748024
252_T1_vs_T2,longitudinal,5,LUArm_to_LFArm_rz,LUArm_to_LFArm,rz,0.14531827373957398,0.16245986687339184,0.017141593133817856,0.07049185776145955,0.08967040930748024
252_T1_vs_T2,longitudinal,5,Neck_to_Head_rx,Neck_to_Head,rx,0.046249213365531935,0.0056176739274103596,-0.040631539438121575,0.07049185776145955,0.08967040930748024
252_T1_vs_T2,longitudinal,5,Neck_to_Head_ry,Neck_to_Head,ry,0.04851745546729579,0.010120340481286537,-0.038397114986009256,0.07049185776145955,0.08967040930748024
252_T1_vs_T2,longitudinal,5,Neck_to_Head_rz,Neck_to_Head,rz,0.01303556188501142,0.01589693555304469,0.0028613736680332715,0.07049185776145955,0.08967040930748024
252_T1_vs_T2,longitudinal,5,RFArm_to_RHand_rx,RFArm_to_RHand,rx,0.0027363540439554078,0.002513283514352204,-0.00022307052960320387,0.07049185776145955,0.08967040930748024
252_T1_vs_T2,longitudinal,5,RFArm_to_RHand_ry,RFArm_to_RHand,ry,0.0014606471938933892,0.017726893702628727,0.016266246508735337,0.07049185776145955,0.08967040930748024
252_T1_vs_T2,longitudinal,5,RFArm_to_RHand_rz,RFArm_to_RHand,rz,0.03833214520816756,0.02435306234156212,-0.013979082866605437,0.07049185776145955,0.08967040930748024
252_T1_vs_T2,longitudinal,5,RShin_to_RFoot_rx,RShin_to_RFoot,rx,0.06930127998657822,0.04692010443263301,-0.022381175553945205,0.07049185776145955,0.08967040930748024
252_T1_vs_T2,longitudinal,5,RShin_to_RFoot_ry,RShin_to_RFoot,ry,0.10143103225886105,0.08198513012151304,-0.01944590213734801,0.07049185776145955,0.08967040930748024
252_T1_vs_T2,longitudinal,5,RShin_to_RFoot_rz,RShin_to_RFoot,rz,0.09819155287865534,0.020647181261548853,-0.07754437161710649,0.07049185776145955,0.08967040930748024
252_T1_vs_T2,longitudinal,5,RShoulder_to_RUArm_rx,RShoulder_to_RUArm,rx,0.21950614735486368,0.2192551208585782,-0.00025102649628547247,0.07049185776145955,0.08967040930748024
252_T1_vs_T2,longitudinal,5,RShoulder_to_RUArm_ry,RShoulder_to_RUArm,ry,0.1852877542140928,0.039600013995027016,-0.14568774021906578,0.07049185776145955,0.08967040930748024
252_T1_vs_T2,longitudinal,5,RShoulder_to_RUArm_rz,RShoulder_to_RUArm,rz,0.10354259946462083,0.24900566205674304,0.14546306259212222,0.07049185776145955,0.08967040930748024
252_T1_vs_T2,longitudinal,5,RThigh_to_RShin_rx,RThigh_to_RShin,rx,0.4182413212204797,0.0461095987731648,-0.3721317224473149,0.07049185776145955,0.08967040930748024
252_T1_vs_T2,longitudinal,5,RThigh_to_RShin_ry,RThigh_to_RShin,ry,3.639124401654394e-08,2.775282837941589e-08,-8.63841563712805e-09,0.07049185776145955,0.08967040930748024
252_T1_vs_T2,longitudinal,5,RThigh_to_RShin_rz,RThigh_to_RShin,rz,1.2225968141836997e-08,2.095448214004029e-08,8.728513998203293e-09,0.07049185776145955,0.08967040930748024
252_T1_vs_T2,longitudinal,5,RUArm_to_RFArm_rx,RUArm_to_RFArm,rx,0.053750186436991663,0.07118309758366598,0.017432911146674314,0.07049185776145955,0.08967040930748024
252_T1_vs_T2,longitudinal,5,RUArm_to_RFArm_ry,RUArm_to_RFArm,ry,0.04049964839490423,0.3128031557059463,0.2723035073110421,0.07049185776145955,0.08967040930748024
252_T1_vs_T2,longitudinal,5,RUArm_to_RFArm_rz,RUArm_to_RFArm,rz,0.005627915087795981,0.0452434293343143,0.03961551424651832,0.07049185776145955,0.08967040930748024
252_T1_vs_T2,longitudinal,6,252_to_LThigh_rx,252_to_LThigh,rx,0.2560004363976855,0.27328056347738744,0.017280127079701946,0.046987463186823,0.06954270274256867
252_T1_vs_T2,longitudinal,6,252_to_LThigh_ry,252_to_LThigh,ry,0.03649534147939567,0.03477690385946735,-0.0017184376199283202,0.046987463186823,0.06954270274256867
252_T1_vs_T2,longitudinal,6,252_to_LThigh_rz,252_to_LThigh,rz,0.026989343574828493,0.007133728257867963,-0.01985561531696053,0.046987463186823,0.06954270274256867
252_T1_vs_T2,longitudinal,6,252_to_RThigh_rx,252_to_RThigh,rx,0.056686295816686806,0.043989098425037995,-0.012697197391648811,0.046987463186823,0.06954270274256867
252_T1_vs_T2,longitudinal,6,252_to_RThigh_ry,252_to_RThigh,ry,0.02045554359615659,0.0014200203852517358,-0.019035523210904855,0.046987463186823,0.06954270274256867
252_T1_vs_T2,longitudinal,6,252_to_RThigh_rz,252_to_RThigh,rz,0.058883909124971996,0.0384641321243184,-0.020419777000653595,0.046987463186823,0.06954270274256867
252_T1_vs_T2,longitudinal,6,Chest_to_LShoulder_rx,Chest_to_LShoulder,rx,0.0452609023156152,0.028085970611133656,-0.017174931704481543,0.046987463186823,0.06954270274256867
252_T1_vs_T2,longitudinal,6,Chest_to_LShoulder_ry,Chest_to_LShoulder,ry,0.07401699840026878,0.025002632103579996,-0.04901436629668878,0.046987463186823,0.06954270274256867
252_T1_vs_T2,longitudinal,6,Chest_to_LShoulder_rz,Chest_to_LShoulder,rz,0.039418216348866525,0.01633572714543739,-0.023082489203429136,0.046987463186823,0.06954270274256867
252_T1_vs_T2,longitudinal,6,Chest_to_Neck_rx,Chest_to_Neck,rx,0.04118523722419961,0.034084363563725656,-0.007100873660473954,0.046987463186823,0.06954270274256867
252_T1_vs_T2,longitudinal,6,Chest_to_Neck_ry,Chest_to_Neck,ry,0.0007595862160395648,0.07152399705308142,0.07076441083704185,0.046987463186823,0.06954270274256867
252_T1_vs_T2,longitudinal,6,Chest_to_Neck_rz,Chest_to_Neck,rz,0.04791598669823777,0.006633261044442692,-0.04128272565379507,0.046987463186823,0.06954270274256867
252_T1_vs_T2,longitudinal,6,Chest_to_RShoulder_rx,Chest_to_RShoulder,rx,0.05708725542627325,0.00397342019247198,-0.05311383523380127,0.046987463186823,0.06954270274256867
252_T1_vs_T2,longitudinal,6,Chest_to_RShoulder_ry,Chest_to_RShoulder,ry,0.06254021862090031,0.02197219853246055,-0.040568020088439766,0.046987463186823,0.06954270274256867
252_T1_vs_T2,longitudinal,6,Chest_to_RShoulder_rz,Chest_to_RShoulder,rz,0.10597823832662598,0.0097502917138712,-0.09622794661275477,0.046987463186823,0.06954270274256867
252_T1_vs_T2,longitudinal,6,LFArm_to_LHand_rx,LFArm_to_LHand,rx,0.0036706001934918293,0.02165341597361383,0.017982815780122,0.046987463186823,0.06954270274256867
252_T1_vs_T2,longitudinal,6,LFArm_to_LHand_ry,LFArm_to_LHand,ry,0.001807802924218759,0.08077937873379148,0.07897157580957273,0.046987463186823,0.06954270274256867
252_T1_vs_T2,longitudinal,6,LFArm_to_LHand_rz,LFArm_to_LHand,rz,0.05066502502350366,0.11109193510175074,0.060426910078247076,0.046987463186823,0.06954270274256867
252_T1_vs_T2,longitudinal,6,LShin_to_LFoot_rx,LShin_to_LFoot,rx,0.04850491563266844,0.11831415806276827,0.06980924243009982,0.046987463186823,0.06954270274256867
252_T1_vs_T2,longitudinal,6,LShin_to_LFoot_ry,LShin_to_LFoot,ry,0.04543416526411659,0.11122109183769227,0.06578692657357568,0.046987463186823,0.06954270274256867
252_T1_vs_T2,longitudinal,6,LShin_to_LFoot_rz,LShin_to_LFoot,rz,0.006128989257173605,0.022570514532436664,0.01644152527526306,0.046987463186823,0.06954270274256867
252_T1_vs_T2,longitudinal,6,LShoulder_to_LUArm_rx,LShoulder_to_LUArm,rx,0.16928752190407523,0.1892480753244756,0.019960553420400373,0.046987463186823,0.06954270274256867
252_T1_vs_T2,longitudinal,6,LShoulder_to_LUArm_ry,LShoulder_to_LUArm,ry,0.2091474919750303,0.3192021664502225,0.11005467447519218,0.046987463186823,0.06954270274256867
252_T1_vs_T2,longitudinal,6,LShoulder_to_LUArm_rz,LShoulder_to_LUArm,rz,0.309590369989051,0.14330566784010457,-0.16628470214894642,0.046987463186823,0.06954270274256867
252_T1_vs_T2,longitudinal,6,LThigh_to_LShin_rx,LThigh_to_LShin,rx,0.10129231508119355,0.7049724859361912,0.6036801708549977,0.046987463186823,0.06954270274256867
252_T1_vs_T2,longitudinal,6,LThigh_to_LShin_ry,LThigh_to_LShin,ry,3.102111621992372e-08,3.757627625837729e-09,-2.7263488594085994e-08,0.046987463186823,0.06954270274256867
252_T1_vs_T2,longitudinal,6,LThigh_to_LShin_rz,LThigh_to_LShin,rz,5.3162130440633516e-09,1.491733864244247e-08,9.60112559837912e-09,0.046987463186823,0.06954270274256867
252_T1_vs_T2,longitudinal,6,LUArm_to_LFArm_rx,LUArm_to_LFArm,rx,0.02251317465270218,0.2760524484220741,0.2535392737693719,0.046987463186823,0.06954270274256867
252_T1_vs_T2,longitudinal,6,LUArm_to_LFArm_ry,LUArm_to_LFArm,ry,0.034658416752630136,0.15008895516132448,0.11543053840869434,0.046987463186823,0.06954270274256867
252_T1_vs_T2,longitudinal,6,LUArm_to_LFArm_rz,LUArm_to_LFArm,rz,0.03923352517765826,0.10383930478477972,0.06460577960712147,0.046987463186823,0.06954270274256867
252_T1_vs_T2,longitudinal,6,Neck_to_Head_rx,Neck_to_Head,rx,0.04086837096871889,0.0337963935928361,-0.00707197737588279,0.046987463186823,0.06954270274256867
252_T1_vs_T2,longitudinal,6,Neck_to_Head_ry,Neck_to_Head,ry,0.009733455088110075,0.07170827738855497,0.06197482230044489,0.046987463186823,0.06954270274256867
252_T1_vs_T2,longitudinal,6,Neck_to_Head_rz,Neck_to_Head,rz,0.046936255886206,0.00715118081418033,-0.03978507507202567,0.046987463186823,0.06954270274256867
252_T1_vs_T2,longitudinal,6,RFArm_to_RHand_rx,RFArm_to_RHand,rx,0.002649335856166746,0.003962520489058328,0.0013131846328915822,0.046987463186823,0.06954270274256867
252_T1_vs_T2,longitudinal,6,RFArm_to_RHand_ry,RFArm_to_RHand,ry,0.04174425137743201,0.009487043065658405,-0.03225720831177361,0.046987463186823,0.06954270274256867
252_T1_vs_T2,longitudinal,6,RFArm_to_RHand_rz,RFArm_to_RHand,rz,0.051835996181785776,0.02695216658416544,-0.024883829597620335,0.046987463186823,0.06954270274256867
252_T1_vs_T2,longitudinal,6,RShin_to_RFoot_rx,RShin_to_RFoot,rx,0.08662009927617453,0.052802153928985546,-0.03381794534718899,0.046987463186823,0.06954270274256867
252_T1_vs_T2,longitudinal,6,RShin_to_RFoot_ry,RShin_to_RFoot,ry,0.03619686416473841,0.018881112400955833,-0.01731575176378258,0.046987463186823,0.06954270274256867
252_T1_vs_T2,longitudinal,6,RShin_to_RFoot_rz,RShin_to_RFoot,rz,0.038935232502403216,0.07900900758748197,0.040073775085078756,0.046987463186823,0.06954270274256867
252_T1_vs_T2,longitudinal,6,RShoulder_to_RUArm_rx,RShoulder_to_RUArm,rx,0.29616966977955234,0.2549513142946289,-0.04121835548492342,0.046987463186823,0.06954270274256867
252_T1_vs_T2,longitudinal,6,RShoulder_to_RUArm_ry,RShoulder_to_RUArm,ry,0.170480279308479,0.08428131250683772,-0.08619896680164128,0.046987463186823,0.06954270274256867
252_T1_vs_T2,longitudinal,6,RShoulder_to_RUArm_rz,RShoulder_to_RUArm,rz,0.6672534343211871,0.05418187456867871,-0.6130715597525084,0.046987463186823,0.06954270274256867
252_T1_vs_T2,longitudinal,6,RThigh_to_RShin_rx,RThigh_to_RShin,rx,0.270021433485984,0.08527163918237202,-0.184749794303612,0.046987463186823,0.06954270274256867
252_T1_vs_T2,longitudinal,6,RThigh_to_RShin_ry,RThigh_to_RShin,ry,1.6770590423349773e-09,4.3062002771483226e-08,4.138494372914825e-08,0.046987463186823,0.06954270274256867
252_T1_vs_T2,longitudinal,6,RThigh_to_RShin_rz,RThigh_to_RShin,rz,4.972701080760929e-08,1.9648911321022507e-08,-3.0078099486586787e-08,0.046987463186823,0.06954270274256867
252_T1_vs_T2,longitudinal,6,RUArm_to_RFArm_rx,RUArm_to_RFArm,rx,0.15170227713564666,0.02697651519041021,-0.12472576194523645,0.046987463186823,0.06954270274256867
252_T1_vs_T2,longitudinal,6,RUArm_to_RFArm_ry,RUArm_to_RFArm,ry,0.16116639344402137,0.02071568058069841,-0.14045071286332295,0.046987463186823,0.06954270274256867
252_T1_vs_T2,longitudinal,6,RUArm_to_RFArm_rz,RUArm_to_RFArm,rz,0.048945358768744715,0.03267926796956151,-0.016266090799183203,0.046987463186823,0.06954270274256867
252_T1_vs_T2,longitudinal,7,252_to_LThigh_rx,252_to_LThigh,rx,0.0727447361461185,0.08861783524313241,0.015873099097013912,0.04475131680022564,0.04978691871859187
252_T1_vs_T2,longitudinal,7,252_to_LThigh_ry,252_to_LThigh,ry,0.15880059364425356,0.038967735771770116,-0.11983285787248343,0.04475131680022564,0.04978691871859187
252_T1_vs_T2,longitudinal,7,252_to_LThigh_rz,252_to_LThigh,rz,0.13406515693224794,0.0264960521504292,-0.10756910478181873,0.04475131680022564,0.04978691871859187
252_T1_vs_T2,longitudinal,7,252_to_RThigh_rx,252_to_RThigh,rx,0.44341769113412227,0.012327559706412156,-0.43109013142771013,0.04475131680022564,0.04978691871859187
252_T1_vs_T2,longitudinal,7,252_to_RThigh_ry,252_to_RThigh,ry,0.15586285739941635,0.051564882733121556,-0.1042979746662948,0.04475131680022564,0.04978691871859187
252_T1_vs_T2,longitudinal,7,252_to_RThigh_rz,252_to_RThigh,rz,0.028499519473210166,0.0533760978258662,0.024876578352656033,0.04475131680022564,0.04978691871859187
252_T1_vs_T2,longitudinal,7,Chest_to_LShoulder_rx,Chest_to_LShoulder,rx,0.0676306177445255,0.03785783859584944,-0.029772779148676064,0.04475131680022564,0.04978691871859187
252_T1_vs_T2,longitudinal,7,Chest_to_LShoulder_ry,Chest_to_LShoulder,ry,0.06270969250134925,0.0016265250520834367,-0.06108316744926581,0.04475131680022564,0.04978691871859187
252_T1_vs_T2,longitudinal,7,Chest_to_LShoulder_rz,Chest_to_LShoulder,rz,0.045449310046004256,0.056383279123843756,0.0109339690778395,0.04475131680022564,0.04978691871859187
252_T1_vs_T2,longitudinal,7,Chest_to_Neck_rx,Chest_to_Neck,rx,0.046945857559988834,0.020317160333132776,-0.026628697226856058,0.04475131680022564,0.04978691871859187
252_T1_vs_T2,longitudinal,7,Chest_to_Neck_ry,Chest_to_Neck,ry,0.03535368681241648,0.07218788455475271,0.03683419774233623,0.04475131680022564,0.04978691871859187
252_T1_vs_T2,longitudinal,7,Chest_to_Neck_rz,Chest_to_Neck,rz,0.06723443497151639,0.014199887476135972,-0.05303454749538042,0.04475131680022564,0.04978691871859187
252_T1_vs_T2,longitudinal,7,Chest_to_RShoulder_rx,Chest_to_RShoulder,rx,0.006497737519291901,0.027764283583345633,0.021266546064053732,0.04475131680022564,0.04978691871859187
252_T1_vs_T2,longitudinal,7,Chest_to_RShoulder_ry,Chest_to_RShoulder,ry,0.05170855868936379,0.022374156905416543,-0.029334401783947247,0.04475131680022564,0.04978691871859187
252_T1_vs_T2,longitudinal,7,Chest_to_RShoulder_rz,Chest_to_RShoulder,rz,0.03903098571179552,0.09172786498588102,0.0526968792740855,0.04475131680022564,0.04978691871859187
252_T1_vs_T2,longitudinal,7,LFArm_to_LHand_rx,LFArm_to_LHand,rx,0.002657870383088127,0.025190331367072973,0.022532460983984846,0.04475131680022564,0.04978691871859187
252_T1_vs_T2,longitudinal,7,LFArm_to_LHand_ry,LFArm_to_LHand,ry,0.006318814037078664,0.07582086554988454,0.06950205151280588,0.04475131680022564,0.04978691871859187
252_T1_vs_T2,longitudinal,7,LFArm_to_LHand_rz,LFArm_to_LHand,rz,0.040219899640005254,0.12426371657490054,0.0840438169348953,0.04475131680022564,0.04978691871859187
252_T1_vs_T2,longitudinal,7,LShin_to_LFoot_rx,LShin_to_LFoot,rx,0.09749243486296655,0.018201728658932766,-0.07929070620403378,0.04475131680022564,0.04978691871859187
252_T1_vs_T2,longitudinal,7,LShin_to_LFoot_ry,LShin_to_LFoot,ry,0.022853387035398184,0.017622838374623275,-0.0052305486607749085,0.04475131680022564,0.04978691871859187
252_T1_vs_T2,longitudinal,7,LShin_to_LFoot_rz,LShin_to_LFoot,rz,0.03339471638607297,0.034047760920827376,0.0006530445347544059,0.04475131680022564,0.04978691871859187
252_T1_vs_T2,longitudinal,7,LShoulder_to_LUArm_rx,LShoulder_to_LUArm,rx,0.5052737443184123,0.21942615302403104,-0.2858475912943813,0.04475131680022564,0.04978691871859187
252_T1_vs_T2,longitudinal,7,LShoulder_to_LUArm_ry,LShoulder_to_LUArm,ry,0.05832682378489103,0.2671928084976686,0.20886598471277756,0.04475131680022564,0.04978691871859187
252_T1_vs_T2,longitudinal,7,LShoulder_to_LUArm_rz,LShoulder_to_LUArm,rz,0.21787818274647835,0.13845065868731313,-0.07942752405916523,0.04475131680022564,0.04978691871859187
252_T1_vs_T2,longitudinal,7,LThigh_to_LShin_rx,LThigh_to_LShin,rx,0.06416453459697363,0.1607995059428283,0.09663497134585466,0.04475131680022564,0.04978691871859187
252_T1_vs_T2,longitudinal,7,LThigh_to_LShin_ry,LThigh_to_LShin,ry,4.644953740648234e-08,3.636667498327517e-08,-1.0082862423207168e-08,0.04475131680022564,0.04978691871859187
252_T1_vs_T2,longitudinal,7,LThigh_to_LShin_rz,LThigh_to_LShin,rz,4.1001656557912453e-08,1.3234216150903068e-08,-2.7767440407009384e-08,0.04475131680022564,0.04978691871859187
252_T1_vs_T2,longitudinal,7,LUArm_to_LFArm_rx,LUArm_to_LFArm,rx,0.2212498267421911,0.1972285152914596,-0.024021311450731497,0.04475131680022564,0.04978691871859187
252_T1_vs_T2,longitudinal,7,LUArm_to_LFArm_ry,LUArm_to_LFArm,ry,0.0031557651229771706,0.11876374310872626,0.11560797798574908,0.04475131680022564,0.04978691871859187
252_T1_vs_T2,longitudinal,7,LUArm_to_LFArm_rz,LUArm_to_LFArm,rz,0.148624729061235,0.004878067504151469,-0.14374666155708354,0.04475131680022564,0.04978691871859187
252_T1_vs_T2,longitudinal,7,Neck_to_Head_rx,Neck_to_Head,rx,0.04647174005413432,0.0208962469711042,-0.02557549308303012,0.04475131680022564,0.04978691871859187
252_T1_vs_T2,longitudinal,7,Neck_to_Head_ry,Neck_to_Head,ry,0.022160978716928816,0.06823681244563316,0.04607583372870434,0.04475131680022564,0.04978691871859187
252_T1_vs_T2,longitudinal,7,Neck_to_Head_rz,Neck_to_Head,rz,0.07274573863817452,0.027741411383247504,-0.045004327254927014,0.04475131680022564,0.04978691871859187
252_T1_vs_T2,longitudinal,7,RFArm_to_RHand_rx,RFArm_to_RHand,rx,0.004173795103583783,0.0027693245251599803,-0.0014044705784238029,0.04475131680022564,0.04978691871859187
252_T1_vs_T2,longitudinal,7,RFArm_to_RHand_ry,RFArm_to_RHand,ry,0.023174109283344808,0.012682474290516521,-0.010491634992828286,0.04475131680022564,0.04978691871859187
252_T1_vs_T2,longitudinal,7,RFArm_to_RHand_rz,RFArm_to_RHand,rz,0.02147095270238419,0.06793064412063382,0.04645969141824963,0.04475131680022564,0.04978691871859187
252_T1_vs_T2,longitudinal,7,RShin_to_RFoot_rx,RShin_to_RFoot,rx,0.11750103881671249,0.15156363224565675,0.03406259342894426,0.04475131680022564,0.04978691871859187
252_T1_vs_T2,longitudinal,7,RShin_to_RFoot_ry,RShin_to_RFoot,ry,0.023540234375949563,0.04729302928172645,0.023752794905776885,0.04475131680022564,0.04978691871859187
252_T1_vs_T2,longitudinal,7,RShin_to_RFoot_rz,RShin_to_RFoot,rz,0.03386331038079035,0.05264091267689668,0.01877760229610633,0.04475131680022564,0.04978691871859187
252_T1_vs_T2,longitudinal,7,RShoulder_to_RUArm_rx,RShoulder_to_RUArm,rx,0.026033024134515442,0.2636427650688064,0.23760974093429096,0.04475131680022564,0.04978691871859187
252_T1_vs_T2,longitudinal,7,RShoulder_to_RUArm_ry,RShoulder_to_RUArm,ry,0.06424134743994601,0.3630501342998804,0.2988087868599344,0.04475131680022564,0.04978691871859187
252_T1_vs_T2,longitudinal,7,RShoulder_to_RUArm_rz,RShoulder_to_RUArm,rz,0.10124382523049268,0.5275100411763952,0.4262662159459025,0.04475131680022564,0.04978691871859187
252_T1_vs_T2,longitudinal,7,RThigh_to_RShin_rx,RThigh_to_RShin,rx,0.4808020430668502,0.020978626644485274,-0.4598234164223649,0.04475131680022564,0.04978691871859187
252_T1_vs_T2,longitudinal,7,RThigh_to_RShin_ry,RThigh_to_RShin,ry,2.947497479848961e-08,2.3825915193757333e-09,-2.7092383279113878e-08,0.04475131680022564,0.04978691871859187
252_T1_vs_T2,longitudinal,7,RThigh_to_RShin_rz,RThigh_to_RShin,rz,1.39018472981638e-08,1.2923172470519054e-10,-1.377261557345861e-08,0.04475131680022564,0.04978691871859187
252_T1_vs_T2,longitudinal,7,RUArm_to_RFArm_rx,RUArm_to_RFArm,rx,0.1454421346521468,0.28934924896047104,0.14390711430832423,0.04475131680022564,0.04978691871859187
252_T1_vs_T2,longitudinal,7,RUArm_to_RFArm_ry,RUArm_to_RFArm,ry,0.14382810148178404,0.3472074257487206,0.20337932426693656,0.04475131680022564,0.04978691871859187
252_T1_vs_T2,longitudinal,7,RUArm_to_RFArm_rz,RUArm_to_RFArm,rz,0.018067953951354663,0.0011484859005907906,-0.016919468050763872,0.04475131680022564,0.04978691871859187
252_T1_vs_T2,longitudinal,8,252_to_LThigh_rx,252_to_LThigh,rx,0.05725611979079709,0.03422916241134663,-0.023026957379450458,0.03364543319291001,0.04040503303095887
252_T1_vs_T2,longitudinal,8,252_to_LThigh_ry,252_to_LThigh,ry,0.039728117227472055,0.007474485583106361,-0.03225363164436569,0.03364543319291001,0.04040503303095887
252_T1_vs_T2,longitudinal,8,252_to_LThigh_rz,252_to_LThigh,rz,0.11987614202459429,0.10396690094328492,-0.015909241081309367,0.03364543319291001,0.04040503303095887
252_T1_vs_T2,longitudinal,8,252_to_RThigh_rx,252_to_RThigh,rx,0.1387226007414966,0.048199732375641645,-0.09052286836585494,0.03364543319291001,0.04040503303095887
252_T1_vs_T2,longitudinal,8,252_to_RThigh_ry,252_to_RThigh,ry,0.05717511259250399,0.020480888304521216,-0.036694224287982774,0.03364543319291001,0.04040503303095887
252_T1_vs_T2,longitudinal,8,252_to_RThigh_rz,252_to_RThigh,rz,0.10643338825948732,0.13223389439823238,0.025800506138745058,0.03364543319291001,0.04040503303095887
252_T1_vs_T2,longitudinal,8,Chest_to_LShoulder_rx,Chest_to_LShoulder,rx,0.01763279893081487,0.0415290410971537,0.023896242166338826,0.03364543319291001,0.04040503303095887
252_T1_vs_T2,longitudinal,8,Chest_to_LShoulder_ry,Chest_to_LShoulder,ry,0.07850155161480192,0.0864559548062459,0.007954403191443984,0.03364543319291001,0.04040503303095887
252_T1_vs_T2,longitudinal,8,Chest_to_LShoulder_rz,Chest_to_LShoulder,rz,0.06632728228730438,0.003350584444796723,-0.06297669784250766,0.03364543319291001,0.04040503303095887
252_T1_vs_T2,longitudinal,8,Chest_to_Neck_rx,Chest_to_Neck,rx,0.09218217828916267,0.036713785192707196,-0.05546839309645547,0.03364543319291001,0.04040503303095887
252_T1_vs_T2,longitudinal,8,Chest_to_Neck_ry,Chest_to_Neck,ry,0.10672145400921286,0.05159126456742159,-0.05513018944179127,0.03364543319291001,0.04040503303095887
252_T1_vs_T2,longitudinal,8,Chest_to_Neck_rz,Chest_to_Neck,rz,0.013237367777626173,0.07816375609266114,0.06492638831503497,0.03364543319291001,0.04040503303095887
252_T1_vs_T2,longitudinal,8,Chest_to_RShoulder_rx,Chest_to_RShoulder,rx,0.015803483912340474,0.023004576923539653,0.007201093011199179,0.03364543319291001,0.04040503303095887
252_T1_vs_T2,longitudinal,8,Chest_to_RShoulder_ry,Chest_to_RShoulder,ry,0.039438462103505496,0.05862027317660235,0.019181811073096855,0.03364543319291001,0.04040503303095887
252_T1_vs_T2,longitudinal,8,Chest_to_RShoulder_rz,Chest_to_RShoulder,rz,0.019894789160271695,0.09892134836294378,0.07902655920267208,0.03364543319291001,0.04040503303095887
252_T1_vs_T2,longitudinal,8,LFArm_to_LHand_rx,LFArm_to_LHand,rx,0.04122339210789486,0.01971051045243069,-0.021512881655464167,0.03364543319291001,0.04040503303095887
252_T1_vs_T2,longitudinal,8,LFArm_to_LHand_ry,LFArm_to_LHand,ry,0.09716313938198988,0.03841088572666973,-0.05875225365532015,0.03364543319291001,0.04040503303095887
252_T1_vs_T2,longitudinal,8,LFArm_to_LHand_rz,LFArm_to_LHand,rz,0.1982365953025365,0.1347034809495367,-0.0635331143529998,0.03364543319291001,0.04040503303095887
252_T1_vs_T2,longitudinal,8,LShin_to_LFoot_rx,LShin_to_LFoot,rx,0.03604094384550337,0.07108774597374401,0.03504680212824064,0.03364543319291001,0.04040503303095887
252_T1_vs_T2,longitudinal,8,LShin_to_LFoot_ry,LShin_to_LFoot,ry,0.09969346835299035,0.06859968406956381,-0.031093784283426545,0.03364543319291001,0.04040503303095887
252_T1_vs_T2,longitudinal,8,LShin_to_LFoot_rz,LShin_to_LFoot,rz,0.03365704892669325,0.007646607659059899,-0.02601044126763335,0.03364543319291001,0.04040503303095887
252_T1_vs_T2,longitudinal,8,LShoulder_to_LUArm_rx,LShoulder_to_LUArm,rx,0.05876451716361347,0.23550393019172483,0.17673941302811136,0.03364543319291001,0.04040503303095887
252_T1_vs_T2,longitudinal,8,LShoulder_to_LUArm_ry,LShoulder_to_LUArm,ry,0.4431599485364383,0.5144775328701438,0.07131758433370544,0.03364543319291001,0.04040503303095887
252_T1_vs_T2,longitudinal,8,LShoulder_to_LUArm_rz,LShoulder_to_LUArm,rz,0.11036529113812654,0.5629370017956314,0.4525717106575049,0.03364543319291001,0.04040503303095887
252_T1_vs_T2,longitudinal,8,LThigh_to_LShin_rx,LThigh_to_LShin,rx,0.18556912926283464,0.06393366363570474,-0.1216354656271299,0.03364543319291001,0.04040503303095887
252_T1_vs_T2,longitudinal,8,LThigh_to_LShin_ry,LThigh_to_LShin,ry,2.749728116195917e-08,1.6925694872677092e-08,-1.0571586289282078e-08,0.03364543319291001,0.04040503303095887
252_T1_vs_T2,longitudinal,8,LThigh_to_LShin_rz,LThigh_to_LShin,rz,3.130667360416545e-08,5.080053843906827e-09,-2.6226619760258622e-08,0.03364543319291001,0.04040503303095887
252_T1_vs_T2,longitudinal,8,LUArm_to_LFArm_rx,LUArm_to_LFArm,rx,0.21556930411105102,0.09959807894617545,-0.11597122516487557,0.03364543319291001,0.04040503303095887
252_T1_vs_T2,longitudinal,8,LUArm_to_LFArm_ry,LUArm_to_LFArm,ry,0.49548401511536144,0.3025406568391819,-0.19294335827617953,0.03364543319291001,0.04040503303095887
252_T1_vs_T2,longitudinal,8,LUArm_to_LFArm_rz,LUArm_to_LFArm,rz,0.052005358679743305,0.04600307511386716,-0.006002283565876142,0.03364543319291001,0.04040503303095887
252_T1_vs_T2,longitudinal,8,Neck_to_Head_rx,Neck_to_Head,rx,0.09247397385657234,0.03679586124903152,-0.055678112607540825,0.03364543319291001,0.04040503303095887
252_T1_vs_T2,longitudinal,8,Neck_to_Head_ry,Neck_to_Head,ry,0.10716342182746029,0.06532339905676317,-0.04184002277069712,0.03364543319291001,0.04040503303095887
252_T1_vs_T2,longitudinal,8,Neck_to_Head_rz,Neck_to_Head,rz,0.007330608449915198,0.06699229644361666,0.059661687993701466,0.03364543319291001,0.04040503303095887
252_T1_vs_T2,longitudinal,8,RFArm_to_RHand_rx,RFArm_to_RHand,rx,0.00129136692531185,0.0002711382179448784,-0.0010202287073669716,0.03364543319291001,0.04040503303095887
252_T1_vs_T2,longitudinal,8,RFArm_to_RHand_ry,RFArm_to_RHand,ry,0.031223432372219338,0.016381608848305404,-0.014841823523913934,0.03364543319291001,0.04040503303095887
252_T1_vs_T2,longitudinal,8,RFArm_to_RHand_rz,RFArm_to_RHand,rz,0.027566768339949355,0.018637188247459323,-0.008929580092490032,0.03364543319291001,0.04040503303095887
252_T1_vs_T2,longitudinal,8,RShin_to_RFoot_rx,RShin_to_RFoot,rx,0.059180684949010395,0.07435721341057039,0.015176528461559993,0.03364543319291001,0.04040503303095887
252_T1_vs_T2,longitudinal,8,RShin_to_RFoot_ry,RShin_to_RFoot,ry,0.012114916332666818,0.0012844867322085029,-0.010830429600458314,0.03364543319291001,0.04040503303095887
252_T1_vs_T2,longitudinal,8,RShin_to_RFoot_rz,RShin_to_RFoot,rz,0.06542510473798277,0.02495714518764196,-0.04046795955034081,0.03364543319291001,0.04040503303095887
252_T1_vs_T2,longitudinal,8,RShoulder_to_RUArm_rx,RShoulder_to_RUArm,rx,0.034150945923117175,0.06600052409033978,0.03184957816722261,0.03364543319291001,0.04040503303095887
252_T1_vs_T2,longitudinal,8,RShoulder_to_RUArm_ry,RShoulder_to_RUArm,ry,0.303554117227445,0.14923070963253968,-0.15432340759490534,0.03364543319291001,0.04040503303095887
252_T1_vs_T2,longitudinal,8,RShoulder_to_RUArm_rz,RShoulder_to_RUArm,rz,0.08576195863557877,0.3214027742578874,0.2356408156223086,0.03364543319291001,0.04040503303095887
252_T1_vs_T2,longitudinal,8,RThigh_to_RShin_rx,RThigh_to_RShin,rx,0.23577570116997967,0.006292779703141718,-0.22948292146683796,0.03364543319291001,0.04040503303095887
252_T1_vs_T2,longitudinal,8,RThigh_to_RShin_ry,RThigh_to_RShin,ry,4.709924732412464e-09,2.8737009889368303e-08,2.402708515695584e-08,0.03364543319291001,0.04040503303095887
252_T1_vs_T2,longitudinal,8,RThigh_to_RShin_rz,RThigh_to_RShin,rz,5.284075081977788e-08,3.0364321387400894e-08,-2.2476429432376984e-08,0.03364543319291001,0.04040503303095887
252_T1_vs_T2,longitudinal,8,RUArm_to_RFArm_rx,RUArm_to_RFArm,rx,0.22018955743723878,0.10301579274690216,-0.11717376469033662,0.03364543319291001,0.04040503303095887
252_T1_vs_T2,longitudinal,8,RUArm_to_RFArm_ry,RUArm_to_RFArm,ry,0.27262241640552287,0.047421467391356824,-0.22520094901416604,0.03364543319291001,0.04040503303095887
252_T1_vs_T2,longitudinal,8,RUArm_to_RFArm_rz,RUArm_to_RFArm,rz,0.03209393334668215,0.0205222229131547,-0.011571710433527452,0.03364543319291001,0.04040503303095887
252_T1_vs_T2,longitudinal,9,252_to_LThigh_rx,252_to_LThigh,rx,0.38105568329451767,0.5093780317186565,0.1283223484241388,0.03274625617688526,0.010683287551098087
252_T1_vs_T2,longitudinal,9,252_to_LThigh_ry,252_to_LThigh,ry,0.001793040534682002,0.0070902795152989265,0.005297238980616925,0.03274625617688526,0.010683287551098087
252_T1_vs_T2,longitudinal,9,252_to_LThigh_rz,252_to_LThigh,rz,0.06548748902604827,0.1398834171335526,0.07439592810750432,0.03274625617688526,0.010683287551098087
252_T1_vs_T2,longitudinal,9,252_to_RThigh_rx,252_to_RThigh,rx,0.4501762959482273,0.5855410357813111,0.13536473983308384,0.03274625617688526,0.010683287551098087
252_T1_vs_T2,longitudinal,9,252_to_RThigh_ry,252_to_RThigh,ry,0.06688229073802787,0.05790280659633087,-0.008979484141697004,0.03274625617688526,0.010683287551098087
252_T1_vs_T2,longitudinal,9,252_to_RThigh_rz,252_to_RThigh,rz,0.06545914330413657,0.004303557619191284,-0.06115558568494529,0.03274625617688526,0.010683287551098087
252_T1_vs_T2,longitudinal,9,Chest_to_LShoulder_rx,Chest_to_LShoulder,rx,0.0011629565634690957,0.020143480135729887,0.018980523572260793,0.03274625617688526,0.010683287551098087
252_T1_vs_T2,longitudinal,9,Chest_to_LShoulder_ry,Chest_to_LShoulder,ry,0.03952452432146212,0.09329473424236202,0.053770209920899904,0.03274625617688526,0.010683287551098087
252_T1_vs_T2,longitudinal,9,Chest_to_LShoulder_rz,Chest_to_LShoulder,rz,0.015992299156843276,0.007471577946935735,-0.008520721209907541,0.03274625617688526,0.010683287551098087
252_T1_vs_T2,longitudinal,9,Chest_to_Neck_rx,Chest_to_Neck,rx,0.1379526386168355,0.18919172298459877,0.05123908436776328,0.03274625617688526,0.010683287551098087
252_T1_vs_T2,longitudinal,9,Chest_to_Neck_ry,Chest_to_Neck,ry,0.03858488041327899,0.016007777442142306,-0.022577102971136683,0.03274625617688526,0.010683287551098087
252_T1_vs_T2,longitudinal,9,Chest_to_Neck_rz,Chest_to_Neck,rz,0.054130782583241055,0.019644251848149146,-0.034486530735091905,0.03274625617688526,0.010683287551098087
252_T1_vs_T2,longitudinal,9,Chest_to_RShoulder_rx,Chest_to_RShoulder,rx,0.008935066650258254,0.010758520940834055,0.0018234542905758017,0.03274625617688526,0.010683287551098087
252_T1_vs_T2,longitudinal,9,Chest_to_RShoulder_ry,Chest_to_RShoulder,ry,0.0524805408787103,0.08435408392529263,0.03187354304658233,0.03274625617688526,0.010683287551098087
252_T1_vs_T2,longitudinal,9,Chest_to_RShoulder_rz,Chest_to_RShoulder,rz,0.15450913919477346,0.14112382912629415,-0.013385310068479317,0.03274625617688526,0.010683287551098087
252_T1_vs_T2,longitudinal,9,LFArm_to_LHand_rx,LFArm_to_LHand,rx,0.015978821922007946,0.027879393732952586,0.01190057181094464,0.03274625617688526,0.010683287551098087
252_T1_vs_T2,longitudinal,9,LFArm_to_LHand_ry,LFArm_to_LHand,ry,0.055407614952648024,0.0751215045570032,0.019713889604355175,0.03274625617688526,0.010683287551098087
252_T1_vs_T2,longitudinal,9,LFArm_to_LHand_rz,LFArm_to_LHand,rz,0.027384576468367006,0.09218425001366465,0.06479967354529764,0.03274625617688526,0.010683287551098087
252_T1_vs_T2,longitudinal,9,LShin_to_LFoot_rx,LShin_to_LFoot,rx,0.10940691391493271,0.10798765851487935,-0.0014192554000533597,0.03274625617688526,0.010683287551098087
252_T1_vs_T2,longitudinal,9,LShin_to_LFoot_ry,LShin_to_LFoot,ry,0.04545695156647495,0.06466429773852002,0.019207346172045066,0.03274625617688526,0.010683287551098087
252_T1_vs_T2,longitudinal,9,LShin_to_LFoot_rz,LShin_to_LFoot,rz,0.050417617085470344,0.06187602847115399,0.011458411385683646,0.03274625617688526,0.010683287551098087
252_T1_vs_T2,longitudinal,9,LShoulder_to_LUArm_rx,LShoulder_to_LUArm,rx,0.06780460069673844,0.0653752206547029,-0.0024293800420355366,0.03274625617688526,0.010683287551098087
252_T1_vs_T2,longitudinal,9,LShoulder_to_LUArm_ry,LShoulder_to_LUArm,ry,0.08575555535390572,0.11112905354371129,0.02537349818980557,0.03274625617688526,0.010683287551098087
252_T1_vs_T2,longitudinal,9,LShoulder_to_LUArm_rz,LShoulder_to_LUArm,rz,0.4451331828681391,0.22797587979316677,-0.2171573030749723,0.03274625617688526,0.010683287551098087
252_T1_vs_T2,longitudinal,9,LThigh_to_LShin_rx,LThigh_to_LShin,rx,0.31963745113086484,0.13547715287720727,-0.18416029825365757,0.03274625617688526,0.010683287551098087
252_T1_vs_T2,longitudinal,9,LThigh_to_LShin_ry,LThigh_to_LShin,ry,1.8678378336528008e-08,3.740030131817336e-09,-1.493834820471067e-08,0.03274625617688526,0.010683287551098087
252_T1_vs_T2,longitudinal,9,LThigh_to_LShin_rz,LThigh_to_LShin,rz,1.6949494338032122e-08,1.5986264159487023e-08,-9.632301785450995e-10,0.03274625617688526,0.010683287551098087
252_T1_vs_T2,longitudinal,9,LUArm_to_LFArm_rx,LUArm_to_LFArm,rx,0.030931009222045298,0.03563595976505893,0.00470495054301363,0.03274625617688526,0.010683287551098087
252_T1_vs_T2,longitudinal,9,LUArm_to_LFArm_ry,LUArm_to_LFArm,ry,0.18408370901615675,0.04175277911707859,-0.14233092989907817,0.03274625617688526,0.010683287551098087
252_T1_vs_T2,longitudinal,9,LUArm_to_LFArm_rz,LUArm_to_LFArm,rz,0.13614466642615627,0.1753261074128011,0.03918144098664483,0.03274625617688526,0.010683287551098087
252_T1_vs_T2,longitudinal,9,Neck_to_Head_rx,Neck_to_Head,rx,0.1372806114450372,0.1884764424853507,0.0511958310403135,0.03274625617688526,0.010683287551098087
252_T1_vs_T2,longitudinal,9,Neck_to_Head_ry,Neck_to_Head,ry,0.04835359985270766,0.019793867161317515,-0.028559732691390144,0.03274625617688526,0.010683287551098087
252_T1_vs_T2,longitudinal,9,Neck_to_Head_rz,Neck_to_Head,rz,0.0459542684100259,0.016379877193595155,-0.029574391216430747,0.03274625617688526,0.010683287551098087
252_T1_vs_T2,longitudinal,9,RFArm_to_RHand_rx,RFArm_to_RHand,rx,0.00878971761901469,0.009158232285890766,0.00036851466687607727,0.03274625617688526,0.010683287551098087
252_T1_vs_T2,longitudinal,9,RFArm_to_RHand_ry,RFArm_to_RHand,ry,0.06622823000920566,0.07720625536440034,0.010978025355194682,0.03274625617688526,0.010683287551098087
252_T1_vs_T2,longitudinal,9,RFArm_to_RHand_rz,RFArm_to_RHand,rz,0.0848674866600833,0.0810384886225431,-0.0038289980375401933,0.03274625617688526,0.010683287551098087
252_T1_vs_T2,longitudinal,9,RShin_to_RFoot_rx,RShin_to_RFoot,rx,0.030103680151404796,0.023159490719407216,-0.00694418943199758,0.03274625617688526,0.010683287551098087
252_T1_vs_T2,longitudinal,9,RShin_to_RFoot_ry,RShin_to_RFoot,ry,0.03250025792537175,0.03090516421776016,-0.0015950937076115897,0.03274625617688526,0.010683287551098087
252_T1_vs_T2,longitudinal,9,RShin_to_RFoot_rz,RShin_to_RFoot,rz,0.043294954628034454,0.08476786839086566,0.0414729137628312,0.03274625617688526,0.010683287551098087
252_T1_vs_T2,longitudinal,9,RShoulder_to_RUArm_rx,RShoulder_to_RUArm,rx,0.07116397238090726,0.09664503123659984,0.025481058855692587,0.03274625617688526,0.010683287551098087
252_T1_vs_T2,longitudinal,9,RShoulder_to_RUArm_ry,RShoulder_to_RUArm,ry,0.10688421012734782,0.0077430998681558595,-0.09914111025919196,0.03274625617688526,0.010683287551098087
252_T1_vs_T2,longitudinal,9,RShoulder_to_RUArm_rz,RShoulder_to_RUArm,rz,0.1305004952288317,0.04501212721731155,-0.08548836801152015,0.03274625617688526,0.010683287551098087
252_T1_vs_T2,longitudinal,9,RThigh_to_RShin_rx,RThigh_to_RShin,rx,0.27430976792813777,0.26169520348699654,-0.01261456444114123,0.03274625617688526,0.010683287551098087
252_T1_vs_T2,longitudinal,9,RThigh_to_RShin_ry,RThigh_to_RShin,ry,3.9908728440505966e-08,2.0042329480345612e-08,-1.9866398960160353e-08,0.03274625617688526,0.010683287551098087
252_T1_vs_T2,longitudinal,9,RThigh_to_RShin_rz,RThigh_to_RShin,rz,4.941660879233708e-08,7.147644750811055e-08,2.2059838715773468e-08,0.03274625617688526,0.010683287551098087
252_T1_vs_T2,longitudinal,9,RUArm_to_RFArm_rx,RUArm_to_RFArm,rx,0.22683212504029082,0.09596616036398381,-0.130865964676307,0.03274625617688526,0.010683287551098087
252_T1_vs_T2,longitudinal,9,RUArm_to_RFArm_ry,RUArm_to_RFArm,ry,0.041979345026050816,0.0025187868958071995,-0.039460558130243614,0.03274625617688526,0.010683287551098087
252_T1_vs_T2,longitudinal,9,RUArm_to_RFArm_rz,RUArm_to_RFArm,rz,0.006135102486272965,0.006810691747830451,0.0006755892615574856,0.03274625617688526,0.010683287551098087
252_T1_vs_T3,longitudinal,1,252_to_LThigh_rx,252_to_LThigh,rx,0.22745135591732643,0.08628672326038662,-0.1411646326569398,0.19301721629546445,0.2952408722210744
252_T1_vs_T3,longitudinal,1,252_to_LThigh_ry,252_to_LThigh,ry,0.04439136052722265,0.11911492685126564,0.07472356632404298,0.19301721629546445,0.2952408722210744
252_T1_vs_T3,longitudinal,1,252_to_LThigh_rz,252_to_LThigh,rz,0.04335600350832593,0.11678190146907373,0.0734258979607478,0.19301721629546445,0.2952408722210744
252_T1_vs_T3,longitudinal,1,252_to_RThigh_rx,252_to_RThigh,rx,0.25064297112464445,0.4387172829578502,0.18807431183320572,0.19301721629546445,0.2952408722210744
252_T1_vs_T3,longitudinal,1,252_to_RThigh_ry,252_to_RThigh,ry,0.04409569487212422,0.13239493913549577,0.08829924426337155,0.19301721629546445,0.2952408722210744
252_T1_vs_T3,longitudinal,1,252_to_RThigh_rz,252_to_RThigh,rz,0.06834530371010236,0.07197866604790536,0.003633362337802995,0.19301721629546445,0.2952408722210744
252_T1_vs_T3,longitudinal,1,Chest_to_LShoulder_rx,Chest_to_LShoulder,rx,0.0314925842669662,0.018680229379852663,-0.01281235488711354,0.19301721629546445,0.2952408722210744
252_T1_vs_T3,longitudinal,1,Chest_to_LShoulder_ry,Chest_to_LShoulder,ry,0.015904187994966425,0.030400734541468483,0.014496546546502058,0.19301721629546445,0.2952408722210744
252_T1_vs_T3,longitudinal,1,Chest_to_LShoulder_rz,Chest_to_LShoulder,rz,0.07320856015468585,0.0130906286748838,-0.06011793147980205,0.19301721629546445,0.2952408722210744
252_T1_vs_T3,longitudinal,1,Chest_to_Neck_rx,Chest_to_Neck,rx,0.060377431404679036,0.01674329099805856,-0.043634140406620475,0.19301721629546445,0.2952408722210744
252_T1_vs_T3,longitudinal,1,Chest_to_Neck_ry,Chest_to_Neck,ry,0.015592051065776115,0.03596688547212979,0.020374834406353674,0.19301721629546445,0.2952408722210744
252_T1_vs_T3,longitudinal,1,Chest_to_Neck_rz,Chest_to_Neck,rz,0.031704958984160064,0.02975582083221969,-0.001949138151940373,0.19301721629546445,0.2952408722210744
252_T1_vs_T3,longitudinal,1,Chest_to_RShoulder_rx,Chest_to_RShoulder,rx,0.013766060197503672,0.02826770705527009,0.014501646857766419,0.19301721629546445,0.2952408722210744
252_T1_vs_T3,longitudinal,1,Chest_to_RShoulder_ry,Chest_to_RShoulder,ry,0.0020985219941258176,0.027459064830946855,0.025360542836821036,0.19301721629546445,0.2952408722210744
252_T1_vs_T3,longitudinal,1,Chest_to_RShoulder_rz,Chest_to_RShoulder,rz,0.00732737485397761,0.04193253976091024,0.034605164906932634,0.19301721629546445,0.2952408722210744
252_T1_vs_T3,longitudinal,1,LFArm_to_LHand_rx,LFArm_to_LHand,rx,0.004546549335724533,0.0013154264665874342,-0.0032311228691370986,0.19301721629546445,0.2952408722210744
252_T1_vs_T3,longitudinal,1,LFArm_to_LHand_ry,LFArm_to_LHand,ry,0.004283209496293592,0.02232788920848792,0.01804467971219433,0.19301721629546445,0.2952408722210744
252_T1_vs_T3,longitudinal,1,LFArm_to_LHand_rz,LFArm_to_LHand,rz,0.0038140169022510676,0.023333898982439167,0.019519882080188098,0.19301721629546445,0.2952408722210744
252_T1_vs_T3,longitudinal,1,LShin_to_LFoot_rx,LShin_to_LFoot,rx,0.13281852500318528,0.08788473252467044,-0.04493379247851484,0.19301721629546445,0.2952408722210744
252_T1_vs_T3,longitudinal,1,LShin_to_LFoot_ry,LShin_to_LFoot,ry,0.08651065654974219,0.02330789094187113,-0.06320276560787105,0.19301721629546445,0.2952408722210744
252_T1_vs_T3,longitudinal,1,LShin_to_LFoot_rz,LShin_to_LFoot,rz,0.051956739166441945,0.021921680866459795,-0.03003505829998215,0.19301721629546445,0.2952408722210744
252_T1_vs_T3,longitudinal,1,LShoulder_to_LUArm_rx,LShoulder_to_LUArm,rx,0.16357388466956269,0.21429590775372578,0.0507220230841631,0.19301721629546445,0.2952408722210744
252_T1_vs_T3,longitudinal,1,LShoulder_to_LUArm_ry,LShoulder_to_LUArm,ry,0.15042150239947658,0.05682520995522715,-0.09359629244424943,0.19301721629546445,0.2952408722210744
252_T1_vs_T3,longitudinal,1,LShoulder_to_LUArm_rz,LShoulder_to_LUArm,rz,0.16569862340599076,0.007551779065402517,-0.15814684434058823,0.19301721629546445,0.2952408722210744
252_T1_vs_T3,longitudinal,1,LThigh_to_LShin_rx,LThigh_to_LShin,rx,0.7019081318213257,0.06380546615994076,-0.638102665661385,0.19301721629546445,0.2952408722210744
252_T1_vs_T3,longitudinal,1,LThigh_to_LShin_ry,LThigh_to_LShin,ry,9.92144262247574e-09,5.485335635989537e-08,4.493191373741963e-08,0.19301721629546445,0.2952408722210744
252_T1_vs_T3,longitudinal,1,LThigh_to_LShin_rz,LThigh_to_LShin,rz,7.894672157320366e-09,5.1925538328554183e-08,4.403086617123382e-08,0.19301721629546445,0.2952408722210744
252_T1_vs_T3,longitudinal,1,LUArm_to_LFArm_rx,LUArm_to_LFArm,rx,0.12449417422733539,0.0526485931674215,-0.07184558105991388,0.19301721629546445,0.2952408722210744
252_T1_vs_T3,longitudinal,1,LUArm_to_LFArm_ry,LUArm_to_LFArm,ry,0.3969666962923653,0.0656779775504734,-0.3312887187418919,0.19301721629546445,0.2952408722210744
252_T1_vs_T3,longitudinal,1,LUArm_to_LFArm_rz,LUArm_to_LFArm,rz,0.08965501736102582,0.08808301287543015,-0.0015720044855956766,0.19301721629546445,0.2952408722210744
252_T1_vs_T3,longitudinal,1,Neck_to_Head_rx,Neck_to_Head,rx,0.06016385919978292,0.016413138144435346,-0.04375072105534757,0.19301721629546445,0.2952408722210744
252_T1_vs_T3,longitudinal,1,Neck_to_Head_ry,Neck_to_Head,ry,0.021554940215731636,0.02984326596205326,0.008288325746321625,0.19301721629546445,0.2952408722210744
252_T1_vs_T3,longitudinal,1,Neck_to_Head_rz,Neck_to_Head,rz,0.028287803101976164,0.0359557856259919,0.007667982524015737,0.19301721629546445,0.2952408722210744
252_T1_vs_T3,longitudinal,1,RFArm_to_RHand_rx,RFArm_to_RHand,rx,0.0009511478937939631,0.0028332049318106575,0.0018820570380166943,0.19301721629546445,0.2952408722210744
252_T1_vs_T3,longitudinal,1,RFArm_to_RHand_ry,RFArm_to_RHand,ry,0.003681522336172922,0.00036333085610096495,-0.003318191480071957,0.19301721629546445,0.2952408722210744
252_T1_vs_T3,longitudinal,1,RFArm_to_RHand_rz,RFArm_to_RHand,rz,0.023383018594422034,0.007950134534337114,-0.01543288406008492,0.19301721629546445,0.2952408722210744
252_T1_vs_T3,longitudinal,1,RShin_to_RFoot_rx,RShin_to_RFoot,rx,0.05248997801349836,0.09746250336461251,0.04497252535111415,0.19301721629546445,0.2952408722210744
252_T1_vs_T3,longitudinal,1,RShin_to_RFoot_ry,RShin_to_RFoot,ry,0.07570407299132217,0.055594929291958035,-0.02010914369936414,0.19301721629546445,0.2952408722210744
252_T1_vs_T3,longitudinal,1,RShin_to_RFoot_rz,RShin_to_RFoot,rz,0.04393871711322636,0.08127610982988952,0.037337392716663156,0.19301721629546445,0.2952408722210744
252_T1_vs_T3,longitudinal,1,RShoulder_to_RUArm_rx,RShoulder_to_RUArm,rx,0.06148265798209849,0.13435382270733998,0.0728711647252415,0.19301721629546445,0.2952408722210744
252_T1_vs_T3,longitudinal,1,RShoulder_to_RUArm_ry,RShoulder_to_RUArm,ry,0.00641587721237486,0.0711202504769784,0.06470437326460354,0.19301721629546445,0.2952408722210744
252_T1_vs_T3,longitudinal,1,RShoulder_to_RUArm_rz,RShoulder_to_RUArm,rz,0.03377754949268719,0.24874898192325903,0.21497143243057185,0.19301721629546445,0.2952408722210744
252_T1_vs_T3,longitudinal,1,RThigh_to_RShin_rx,RThigh_to_RShin,rx,0.23953603574625662,0.746448584297243,0.5069125485509864,0.19301721629546445,0.2952408722210744
252_T1_vs_T3,longitudinal,1,RThigh_to_RShin_ry,RThigh_to_RShin,ry,1.4495538533984528e-08,1.8539164057775562e-08,4.043625523791034e-09,0.19301721629546445,0.2952408722210744
252_T1_vs_T3,longitudinal,1,RThigh_to_RShin_rz,RThigh_to_RShin,rz,2.6543443859916313e-09,4.431418170502528e-08,4.1659837319033644e-08,0.19301721629546445,0.2952408722210744
252_T1_vs_T3,longitudinal,1,RUArm_to_RFArm_rx,RUArm_to_RFArm,rx,0.04333634175041475,0.022830102076133386,-0.020506239674281366,0.19301721629546445,0.2952408722210744
252_T1_vs_T3,longitudinal,1,RUArm_to_RFArm_ry,RUArm_to_RFArm,ry,0.05761810919519362,0.0015913298490078187,-0.0560267793461858,0.19301721629546445,0.2952408722210744
252_T1_vs_T3,longitudinal,1,RUArm_to_RFArm_rz,RUArm_to_RFArm,rz,0.036344424288005675,0.000541781119400851,-0.03580264316860483,0.19301721629546445,0.2952408722210744
252_T1_vs_T3,longitudinal,2,252_to_LThigh_rx,252_to_LThigh,rx,0.08176845291479373,0.08773183938053175,0.005963386465738019,0.1604269460188701,0.19343708371054502
252_T1_vs_T3,longitudinal,2,252_to_LThigh_ry,252_to_LThigh,ry,0.02593365121928459,0.03763649910915015,0.011702847889865562,0.1604269460188701,0.19343708371054502
252_T1_vs_T3,longitudinal,2,252_to_LThigh_rz,252_to_LThigh,rz,0.017975556742174777,0.0026743501791852606,-0.015301206562989516,0.1604269460188701,0.19343708371054502
252_T1_vs_T3,longitudinal,2,252_to_RThigh_rx,252_to_RThigh,rx,0.045126364322454385,0.15734987635006187,0.11222351202760748,0.1604269460188701,0.19343708371054502
252_T1_vs_T3,longitudinal,2,252_to_RThigh_ry,252_to_RThigh,ry,0.022692237203059403,0.007293378059039982,-0.015398859144019422,0.1604269460188701,0.19343708371054502
252_T1_vs_T3,longitudinal,2,252_to_RThigh_rz,252_to_RThigh,rz,0.06293825063227595,0.06714537827665225,0.004207127644376293,0.1604269460188701,0.19343708371054502
252_T1_vs_T3,longitudinal,2,Chest_to_LShoulder_rx,Chest_to_LShoulder,rx,0.019765484949044832,0.032742170139257176,0.012976685190212344,0.1604269460188701,0.19343708371054502
252_T1_vs_T3,longitudinal,2,Chest_to_LShoulder_ry,Chest_to_LShoulder,ry,0.0015753735744285468,0.0019137521297670724,0.00033837855533852567,0.1604269460188701,0.19343708371054502
252_T1_vs_T3,longitudinal,2,Chest_to_LShoulder_rz,Chest_to_LShoulder,rz,0.025051919969508334,0.059224997599547885,0.03417307763003955,0.1604269460188701,0.19343708371054502
252_T1_vs_T3,longitudinal,2,Chest_to_Neck_rx,Chest_to_Neck,rx,0.010848691381442926,0.024450357563158682,0.013601666181715755,0.1604269460188701,0.19343708371054502
252_T1_vs_T3,longitudinal,2,Chest_to_Neck_ry,Chest_to_Neck,ry,0.0052162097793346015,0.008671519828391806,0.003455310049057204,0.1604269460188701,0.19343708371054502
252_T1_vs_T3,longitudinal,2,Chest_to_Neck_rz,Chest_to_Neck,rz,0.0027307826279529806,0.04812036983818512,0.04538958721023214,0.1604269460188701,0.19343708371054502
252_T1_vs_T3,longitudinal,2,Chest_to_RShoulder_rx,Chest_to_RShoulder,rx,0.029826646529623756,0.029193433865166315,-0.0006332126644574415,0.1604269460188701,0.19343708371054502
252_T1_vs_T3,longitudinal,2,Chest_to_RShoulder_ry,Chest_to_RShoulder,ry,0.007452554389085783,0.004867962812314742,-0.0025845915767710404,0.1604269460188701,0.19343708371054502
252_T1_vs_T3,longitudinal,2,Chest_to_RShoulder_rz,Chest_to_RShoulder,rz,0.018223451331595676,0.08971105477608377,0.0714876034444881,0.1604269460188701,0.19343708371054502
252_T1_vs_T3,longitudinal,2,LFArm_to_LHand_rx,LFArm_to_LHand,rx,0.0031421311907784567,0.0027587817747621655,-0.00038334941601629114,0.1604269460188701,0.19343708371054502
252_T1_vs_T3,longitudinal,2,LFArm_to_LHand_ry,LFArm_to_LHand,ry,0.028777553333183322,0.01141928686208723,-0.01735826647109609,0.1604269460188701,0.19343708371054502
252_T1_vs_T3,longitudinal,2,LFArm_to_LHand_rz,LFArm_to_LHand,rz,0.048906963679089144,0.03883020112308873,-0.010076762556000415,0.1604269460188701,0.19343708371054502
252_T1_vs_T3,longitudinal,2,LShin_to_LFoot_rx,LShin_to_LFoot,rx,0.04724539752111702,0.08591399641388249,0.03866859889276547,0.1604269460188701,0.19343708371054502
252_T1_vs_T3,longitudinal,2,LShin_to_LFoot_ry,LShin_to_LFoot,ry,0.06065827778776182,0.02296715935298485,-0.03769111843477697,0.1604269460188701,0.19343708371054502
252_T1_vs_T3,longitudinal,2,LShin_to_LFoot_rz,LShin_to_LFoot,rz,0.028570663545838183,0.027884405349354786,-0.0006862581964833976,0.1604269460188701,0.19343708371054502
252_T1_vs_T3,longitudinal,2,LShoulder_to_LUArm_rx,LShoulder_to_LUArm,rx,0.0471390604937587,0.050600188025308454,0.003461127531549757,0.1604269460188701,0.19343708371054502
252_T1_vs_T3,longitudinal,2,LShoulder_to_LUArm_ry,LShoulder_to_LUArm,ry,0.26620978818485913,0.23214296744826554,-0.03406682073659359,0.1604269460188701,0.19343708371054502
252_T1_vs_T3,longitudinal,2,LShoulder_to_LUArm_rz,LShoulder_to_LUArm,rz,0.10428541778484246,0.17962722133031409,0.07534180354547163,0.1604269460188701,0.19343708371054502
252_T1_vs_T3,longitudinal,2,LThigh_to_LShin_rx,LThigh_to_LShin,rx,0.29199913282189566,0.0732995292021082,-0.21869960361978746,0.1604269460188701,0.19343708371054502
252_T1_vs_T3,longitudinal,2,LThigh_to_LShin_ry,LThigh_to_LShin,ry,3.131290173947235e-09,7.548300624790607e-09,4.417010450843372e-09,0.1604269460188701,0.19343708371054502
252_T1_vs_T3,longitudinal,2,LThigh_to_LShin_rz,LThigh_to_LShin,rz,1.1804156824629484e-08,5.742882262088585e-09,-6.0612745625409e-09,0.1604269460188701,0.19343708371054502
252_T1_vs_T3,longitudinal,2,LUArm_to_LFArm_rx,LUArm_to_LFArm,rx,0.0632285663886246,0.02270334684296183,-0.04052521954566277,0.1604269460188701,0.19343708371054502
252_T1_vs_T3,longitudinal,2,LUArm_to_LFArm_ry,LUArm_to_LFArm,ry,0.33811333010725375,0.29703700571848585,-0.041076324388767904,0.1604269460188701,0.19343708371054502
252_T1_vs_T3,longitudinal,2,LUArm_to_LFArm_rz,LUArm_to_LFArm,rz,0.058706346348822984,0.11710717500071381,0.05840082865189083,0.1604269460188701,0.19343708371054502
252_T1_vs_T3,longitudinal,2,Neck_to_Head_rx,Neck_to_Head,rx,0.010945300192413085,0.02423347273158569,0.013288172539172605,0.1604269460188701,0.19343708371054502
252_T1_vs_T3,longitudinal,2,Neck_to_Head_ry,Neck_to_Head,ry,0.0046044968261662895,0.0006971561804238279,-0.003907340645742462,0.1604269460188701,0.19343708371054502
252_T1_vs_T3,longitudinal,2,Neck_to_Head_rz,Neck_to_Head,rz,0.0036474495035159825,0.04894995159100931,0.045302502087493327,0.1604269460188701,0.19343708371054502
252_T1_vs_T3,longitudinal,2,RFArm_to_RHand_rx,RFArm_to_RHand,rx,0.00868714418308501,0.006365504752950071,-0.0023216394301349384,0.1604269460188701,0.19343708371054502
252_T1_vs_T3,longitudinal,2,RFArm_to_RHand_ry,RFArm_to_RHand,ry,0.06096636513096143,0.0777642468897456,0.016797881758784175,0.1604269460188701,0.19343708371054502
252_T1_vs_T3,longitudinal,2,RFArm_to_RHand_rz,RFArm_to_RHand,rz,0.08246154815790187,0.039625762062609114,-0.042835786095292754,0.1604269460188701,0.19343708371054502
252_T1_vs_T3,longitudinal,2,RShin_to_RFoot_rx,RShin_to_RFoot,rx,0.06172687756645466,0.0014357846213843622,-0.0602910929450703,0.1604269460188701,0.19343708371054502
252_T1_vs_T3,longitudinal,2,RShin_to_RFoot_ry,RShin_to_RFoot,ry,0.013001459936531746,0.006519076298420783,-0.006482383638110963,0.1604269460188701,0.19343708371054502
252_T1_vs_T3,longitudinal,2,RShin_to_RFoot_rz,RShin_to_RFoot,rz,0.0627260707736378,0.013852544810773517,-0.04887352596286428,0.1604269460188701,0.19343708371054502
252_T1_vs_T3,longitudinal,2,RShoulder_to_RUArm_rx,RShoulder_to_RUArm,rx,0.610773549410677,0.07202461761970079,-0.5387489317909762,0.1604269460188701,0.19343708371054502
252_T1_vs_T3,longitudinal,2,RShoulder_to_RUArm_ry,RShoulder_to_RUArm,ry,0.001789272487726718,0.3112585898300308,0.3094693173423041,0.1604269460188701,0.19343708371054502
252_T1_vs_T3,longitudinal,2,RShoulder_to_RUArm_rz,RShoulder_to_RUArm,rz,0.021119138356586055,0.3189723364353122,0.2978531980787261,0.1604269460188701,0.19343708371054502
252_T1_vs_T3,longitudinal,2,RThigh_to_RShin_rx,RThigh_to_RShin,rx,0.04830065968134823,0.0006821335104647164,-0.04761852617088352,0.1604269460188701,0.19343708371054502
252_T1_vs_T3,longitudinal,2,RThigh_to_RShin_ry,RThigh_to_RShin,ry,1.2865732425828133e-09,7.528806063481324e-09,6.242232820898511e-09,0.1604269460188701,0.19343708371054502
252_T1_vs_T3,longitudinal,2,RThigh_to_RShin_rz,RThigh_to_RShin,rz,1.5553689692347812e-08,1.3190247030479715e-08,-2.363442661868097e-09,0.1604269460188701,0.19343708371054502
252_T1_vs_T3,longitudinal,2,RUArm_to_RFArm_rx,RUArm_to_RFArm,rx,0.35807755835988375,0.5010380789328357,0.14296052057295194,0.1604269460188701,0.19343708371054502
252_T1_vs_T3,longitudinal,2,RUArm_to_RFArm_ry,RUArm_to_RFArm,ry,0.3523174812029312,0.4433593816105264,0.09104190040759519,0.1604269460188701,0.19343708371054502
252_T1_vs_T3,longitudinal,2,RUArm_to_RFArm_rz,RUArm_to_RFArm,rz,0.18859995911470223,0.2754678644660804,0.08686790535137817,0.1604269460188701,0.19343708371054502
252_T1_vs_T3,longitudinal,3,252_to_LThigh_rx,252_to_LThigh,rx,0.17582477379245448,0.06105076949861182,-0.11477400429384266,0.12824257425135854,0.17161302580407198
252_T1_vs_T3,longitudinal,3,252_to_LThigh_ry,252_to_LThigh,ry,0.017929565396965948,0.02761094310679207,0.009681377709826123,0.12824257425135854,0.17161302580407198
252_T1_vs_T3,longitudinal,3,252_to_LThigh_rz,252_to_LThigh,rz,0.03558725752018966,0.018319374623879947,-0.017267882896309712,0.12824257425135854,0.17161302580407198
252_T1_vs_T3,longitudinal,3,252_to_RThigh_rx,252_to_RThigh,rx,0.050552752775645075,0.13150564459236577,0.08095289181672069,0.12824257425135854,0.17161302580407198
252_T1_vs_T3,longitudinal,3,252_to_RThigh_ry,252_to_RThigh,ry,0.00036323813872893274,0.04357463182853437,0.043211393689805436,0.12824257425135854,0.17161302580407198
252_T1_vs_T3,longitudinal,3,252_to_RThigh_rz,252_to_RThigh,rz,0.04529841396635652,0.08188970647294708,0.03659129250659056,0.12824257425135854,0.17161302580407198
252_T1_vs_T3,longitudinal,3,Chest_to_LShoulder_rx,Chest_to_LShoulder,rx,0.03894830381233264,0.03818776877939083,-0.0007605350329418156,0.12824257425135854,0.17161302580407198
252_T1_vs_T3,longitudinal,3,Chest_to_LShoulder_ry,Chest_to_LShoulder,ry,0.017884347365590504,0.019229495690817784,0.00134514832522728,0.12824257425135854,0.17161302580407198
252_T1_vs_T3,longitudinal,3,Chest_to_LShoulder_rz,Chest_to_LShoulder,rz,0.054968685908352646,0.050006486986028796,-0.00496219892232385,0.12824257425135854,0.17161302580407198
252_T1_vs_T3,longitudinal,3,Chest_to_Neck_rx,Chest_to_Neck,rx,0.050997435426655705,0.01954077341321574,-0.03145666201343997,0.12824257425135854,0.17161302580407198
252_T1_vs_T3,longitudinal,3,Chest_to_Neck_ry,Chest_to_Neck,ry,0.0526553896776375,0.02643813701898731,-0.02621725265865019,0.12824257425135854,0.17161302580407198
252_T1_vs_T3,longitudinal,3,Chest_to_Neck_rz,Chest_to_Neck,rz,0.02584727550702204,0.017445411494564696,-0.008401864012457343,0.12824257425135854,0.17161302580407198
252_T1_vs_T3,longitudinal,3,Chest_to_RShoulder_rx,Chest_to_RShoulder,rx,0.04677495207110488,0.051485451664022956,0.004710499592918076,0.12824257425135854,0.17161302580407198
252_T1_vs_T3,longitudinal,3,Chest_to_RShoulder_ry,Chest_to_RShoulder,ry,0.03413195431122058,0.007020095949169074,-0.02711185836205151,0.12824257425135854,0.17161302580407198
252_T1_vs_T3,longitudinal,3,Chest_to_RShoulder_rz,Chest_to_RShoulder,rz,0.11132538624465194,0.048852038908342776,-0.06247334733630916,0.12824257425135854,0.17161302580407198
252_T1_vs_T3,longitudinal,3,LFArm_to_LHand_rx,LFArm_to_LHand,rx,0.007536371005166634,0.005875661693699049,-0.001660709311467585,0.12824257425135854,0.17161302580407198
252_T1_vs_T3,longitudinal,3,LFArm_to_LHand_ry,LFArm_to_LHand,ry,0.026463772624899986,0.00535767102971832,-0.021106101595181666,0.12824257425135854,0.17161302580407198
252_T1_vs_T3,longitudinal,3,LFArm_to_LHand_rz,LFArm_to_LHand,rz,0.05823088298115212,0.006872376154711111,-0.05135850682644101,0.12824257425135854,0.17161302580407198
252_T1_vs_T3,longitudinal,3,LShin_to_LFoot_rx,LShin_to_LFoot,rx,0.01862766497007811,0.034315348857640336,0.015687683887562226,0.12824257425135854,0.17161302580407198
252_T1_vs_T3,longitudinal,3,LShin_to_LFoot_ry,LShin_to_LFoot,ry,0.0048913865832964825,0.006176259713504638,0.0012848731302081556,0.12824257425135854,0.17161302580407198
252_T1_vs_T3,longitudinal,3,LShin_to_LFoot_rz,LShin_to_LFoot,rz,0.011135422227382119,0.012840013844505437,0.0017045916171233178,0.12824257425135854,0.17161302580407198
252_T1_vs_T3,longitudinal,3,LShoulder_to_LUArm_rx,LShoulder_to_LUArm,rx,0.023346505470558415,0.185967425522524,0.16262092005196557,0.12824257425135854,0.17161302580407198
252_T1_vs_T3,longitudinal,3,LShoulder_to_LUArm_ry,LShoulder_to_LUArm,ry,0.2508336993053265,0.23156636511901604,-0.019267334186310464,0.12824257425135854,0.17161302580407198
252_T1_vs_T3,longitudinal,3,LShoulder_to_LUArm_rz,LShoulder_to_LUArm,rz,0.1563558984259946,0.3411180219745579,0.18476212354856328,0.12824257425135854,0.17161302580407198
252_T1_vs_T3,longitudinal,3,LThigh_to_LShin_rx,LThigh_to_LShin,rx,0.17260189155992187,0.10424881229986088,-0.06835307926006098,0.12824257425135854,0.17161302580407198
252_T1_vs_T3,longitudinal,3,LThigh_to_LShin_ry,LThigh_to_LShin,ry,7.364154288978254e-09,1.0418449313261108e-08,3.054295024282855e-09,0.12824257425135854,0.17161302580407198
252_T1_vs_T3,longitudinal,3,LThigh_to_LShin_rz,LThigh_to_LShin,rz,1.1250268086386891e-08,1.4878250448817445e-08,3.627982362430554e-09,0.12824257425135854,0.17161302580407198
252_T1_vs_T3,longitudinal,3,LUArm_to_LFArm_rx,LUArm_to_LFArm,rx,0.065290927032484,0.017992398493788062,-0.04729852853869594,0.12824257425135854,0.17161302580407198
252_T1_vs_T3,longitudinal,3,LUArm_to_LFArm_ry,LUArm_to_LFArm,ry,0.2609594059019609,0.26094263143597773,-1.6774465983138143e-05,0.12824257425135854,0.17161302580407198
252_T1_vs_T3,longitudinal,3,LUArm_to_LFArm_rz,LUArm_to_LFArm,rz,0.09048211250299953,0.09264721443501249,0.0021651019320129555,0.12824257425135854,0.17161302580407198
252_T1_vs_T3,longitudinal,3,Neck_to_Head_rx,Neck_to_Head,rx,0.05080362432045803,0.019509849758686262,-0.031293774561771764,0.12824257425135854,0.17161302580407198
252_T1_vs_T3,longitudinal,3,Neck_to_Head_ry,Neck_to_Head,ry,0.046948629297027554,0.022666040293649367,-0.024282589003378187,0.12824257425135854,0.17161302580407198
252_T1_vs_T3,longitudinal,3,Neck_to_Head_rz,Neck_to_Head,rz,0.035374827322469105,0.022240290733400277,-0.013134536589068827,0.12824257425135854,0.17161302580407198
252_T1_vs_T3,longitudinal,3,RFArm_to_RHand_rx,RFArm_to_RHand,rx,0.0001724399244899016,0.007199990130851147,0.007027550206361245,0.12824257425135854,0.17161302580407198
252_T1_vs_T3,longitudinal,3,RFArm_to_RHand_ry,RFArm_to_RHand,ry,0.04907224423841164,0.0339624761872035,-0.015109768051208138,0.12824257425135854,0.17161302580407198
252_T1_vs_T3,longitudinal,3,RFArm_to_RHand_rz,RFArm_to_RHand,rz,0.04145134387621445,0.11491796884759001,0.07346662497137556,0.12824257425135854,0.17161302580407198
252_T1_vs_T3,longitudinal,3,RShin_to_RFoot_rx,RShin_to_RFoot,rx,0.009557908369258463,0.021199138963703273,0.01164123059444481,0.12824257425135854,0.17161302580407198
252_T1_vs_T3,longitudinal,3,RShin_to_RFoot_ry,RShin_to_RFoot,ry,0.0020869122536045196,0.0461384576559728,0.044051545402368275,0.12824257425135854,0.17161302580407198
252_T1_vs_T3,longitudinal,3,RShin_to_RFoot_rz,RShin_to_RFoot,rz,0.027864103366946252,0.00966317619257622,-0.01820092717437003,0.12824257425135854,0.17161302580407198
252_T1_vs_T3,longitudinal,3,RShoulder_to_RUArm_rx,RShoulder_to_RUArm,rx,0.1523532305953738,0.7126870705277206,0.5603338399323468,0.12824257425135854,0.17161302580407198
252_T1_vs_T3,longitudinal,3,RShoulder_to_RUArm_ry,RShoulder_to_RUArm,ry,0.29381676808182955,0.03904870522653892,-0.25476806285529063,0.12824257425135854,0.17161302580407198
252_T1_vs_T3,longitudinal,3,RShoulder_to_RUArm_rz,RShoulder_to_RUArm,rz,0.24252401440291751,0.0060758779270502624,-0.23644813647586727,0.12824257425135854,0.17161302580407198
252_T1_vs_T3,longitudinal,3,RThigh_to_RShin_rx,RThigh_to_RShin,rx,0.039750096244864024,0.07897353168774086,0.03922343544287684,0.12824257425135854,0.17161302580407198
252_T1_vs_T3,longitudinal,3,RThigh_to_RShin_ry,RThigh_to_RShin,ry,6.599038047333141e-09,9.83965142333888e-09,3.2406133760057386e-09,0.12824257425135854,0.17161302580407198
252_T1_vs_T3,longitudinal,3,RThigh_to_RShin_rz,RThigh_to_RShin,rz,2.698604025618998e-08,2.2313423884508708e-08,-4.6726163716812716e-09,0.12824257425135854,0.17161302580407198
252_T1_vs_T3,longitudinal,3,RUArm_to_RFArm_rx,RUArm_to_RFArm,rx,0.22921790367351025,0.3489977106949009,0.11977980702139063,0.12824257425135854,0.17161302580407198
252_T1_vs_T3,longitudinal,3,RUArm_to_RFArm_ry,RUArm_to_RFArm,ry,0.6578467124791424,0.031373839204063135,-0.6264728732750793,0.12824257425135854,0.17161302580407198
252_T1_vs_T3,longitudinal,3,RUArm_to_RFArm_rz,RUArm_to_RFArm,rz,0.2589871498000722,0.08702531450046437,-0.17196183529960785,0.12824257425135854,0.17161302580407198
252_T1_vs_T3,longitudinal,4,252_to_LThigh_rx,252_to_LThigh,rx,0.09584596744185896,0.4472428123733946,0.3513968449315356,0.09208607691533682,0.10095500494633299
252_T1_vs_T3,longitudinal,4,252_to_LThigh_ry,252_to_LThigh,ry,0.034705307614703675,0.05187292618463603,0.017167618569932354,0.09208607691533682,0.10095500494633299
252_T1_vs_T3,longitudinal,4,252_to_LThigh_rz,252_to_LThigh,rz,0.05377239978091478,0.0920290938293647,0.03825669404844991,0.09208607691533682,0.10095500494633299
252_T1_vs_T3,longitudinal,4,252_to_RThigh_rx,252_to_RThigh,rx,0.039944987374037705,0.24934863128338783,0.20940364390935012,0.09208607691533682,0.10095500494633299
252_T1_vs_T3,longitudinal,4,252_to_RThigh_ry,252_to_RThigh,ry,0.03334711836139406,0.025920271222833316,-0.0074268471385607465,0.09208607691533682,0.10095500494633299
252_T1_vs_T3,longitudinal,4,252_to_RThigh_rz,252_to_RThigh,rz,0.07261769053660043,0.13251672610528106,0.059899035568680634,0.09208607691533682,0.10095500494633299
252_T1_vs_T3,longitudinal,4,Chest_to_LShoulder_rx,Chest_to_LShoulder,rx,0.015989078107954975,0.07364527289023248,0.05765619478227751,0.09208607691533682,0.10095500494633299
252_T1_vs_T3,longitudinal,4,Chest_to_LShoulder_ry,Chest_to_LShoulder,ry,0.013379486254326542,0.07528596125251183,0.06190647499818529,0.09208607691533682,0.10095500494633299
252_T1_vs_T3,longitudinal,4,Chest_to_LShoulder_rz,Chest_to_LShoulder,rz,0.04660899464416117,0.05470342039361287,0.008094425749451697,0.09208607691533682,0.10095500494633299
252_T1_vs_T3,longitudinal,4,Chest_to_Neck_rx,Chest_to_Neck,rx,0.015942296874585867,0.11130137578178509,0.09535907890719922,0.09208607691533682,0.10095500494633299
252_T1_vs_T3,longitudinal,4,Chest_to_Neck_ry,Chest_to_Neck,ry,0.0405921772250411,0.028489443412036932,-0.012102733813004165,0.09208607691533682,0.10095500494633299
252_T1_vs_T3,longitudinal,4,Chest_to_Neck_rz,Chest_to_Neck,rz,0.03246094839067119,0.05189062059647365,0.019429672205802453,0.09208607691533682,0.10095500494633299
252_T1_vs_T3,longitudinal,4,Chest_to_RShoulder_rx,Chest_to_RShoulder,rx,0.048274707333543665,0.039416373002698166,-0.0088583343308455,0.09208607691533682,0.10095500494633299
252_T1_vs_T3,longitudinal,4,Chest_to_RShoulder_ry,Chest_to_RShoulder,ry,0.01069527817542396,0.05608358359014617,0.045388305414722205,0.09208607691533682,0.10095500494633299
252_T1_vs_T3,longitudinal,4,Chest_to_RShoulder_rz,Chest_to_RShoulder,rz,0.06553681569120516,0.018610465307889994,-0.04692635038331516,0.09208607691533682,0.10095500494633299
252_T1_vs_T3,longitudinal,4,LFArm_to_LHand_rx,LFArm_to_LHand,rx,0.0020700073634628757,0.00111197057915344,-0.0009580367843094358,0.09208607691533682,0.10095500494633299
252_T1_vs_T3,longitudinal,4,LFArm_to_LHand_ry,LFArm_to_LHand,ry,0.010663669675009868,0.02627812084965664,0.01561445117464677,0.09208607691533682,0.10095500494633299
252_T1_vs_T3,longitudinal,4,LFArm_to_LHand_rz,LFArm_to_LHand,rz,0.030133941608652348,0.005895566625860899,-0.02423837498279145,0.09208607691533682,0.10095500494633299
252_T1_vs_T3,longitudinal,4,LShin_to_LFoot_rx,LShin_to_LFoot,rx,0.0232535760324259,0.0675055078350798,0.0442519318026539,0.09208607691533682,0.10095500494633299
252_T1_vs_T3,longitudinal,4,LShin_to_LFoot_ry,LShin_to_LFoot,ry,0.035999488157122186,0.011551368506471923,-0.024448119650650264,0.09208607691533682,0.10095500494633299
252_T1_vs_T3,longitudinal,4,LShin_to_LFoot_rz,LShin_to_LFoot,rz,0.012534929022157887,0.019888959710750893,0.0073540306885930065,0.09208607691533682,0.10095500494633299
252_T1_vs_T3,longitudinal,4,LShoulder_to_LUArm_rx,LShoulder_to_LUArm,rx,0.009473209463865026,0.40792700998420256,0.3984538005203375,0.09208607691533682,0.10095500494633299
252_T1_vs_T3,longitudinal,4,LShoulder_to_LUArm_ry,LShoulder_to_LUArm,ry,0.08386470436916346,0.053235625521805496,-0.030629078847357966,0.09208607691533682,0.10095500494633299
252_T1_vs_T3,longitudinal,4,LShoulder_to_LUArm_rz,LShoulder_to_LUArm,rz,0.13369491844215278,0.349041135696895,0.2153462172547422,0.09208607691533682,0.10095500494633299
252_T1_vs_T3,longitudinal,4,LThigh_to_LShin_rx,LThigh_to_LShin,rx,0.32289346581524686,0.3418877621967334,0.01899429638148653,0.09208607691533682,0.10095500494633299
252_T1_vs_T3,longitudinal,4,LThigh_to_LShin_ry,LThigh_to_LShin,ry,4.968251136223967e-09,1.7406937241949106e-09,-3.2275574120290565e-09,0.09208607691533682,0.10095500494633299
252_T1_vs_T3,longitudinal,4,LThigh_to_LShin_rz,LThigh_to_LShin,rz,1.36397422316979e-08,3.4100736387969475e-10,-1.3298734867818206e-08,0.09208607691533682,0.10095500494633299
252_T1_vs_T3,longitudinal,4,LUArm_to_LFArm_rx,LUArm_to_LFArm,rx,0.15073082162647322,0.29090404692423677,0.14017322529776355,0.09208607691533682,0.10095500494633299
252_T1_vs_T3,longitudinal,4,LUArm_to_LFArm_ry,LUArm_to_LFArm,ry,0.44277089530013336,0.12673235576445177,-0.3160385395356816,0.09208607691533682,0.10095500494633299
252_T1_vs_T3,longitudinal,4,LUArm_to_LFArm_rz,LUArm_to_LFArm,rz,0.017854599190129834,0.12999200664132265,0.11213740745119283,0.09208607691533682,0.10095500494633299
252_T1_vs_T3,longitudinal,4,Neck_to_Head_rx,Neck_to_Head,rx,0.015568063322320459,0.11082802907025244,0.09525996574793198,0.09208607691533682,0.10095500494633299
252_T1_vs_T3,longitudinal,4,Neck_to_Head_ry,Neck_to_Head,ry,0.04625998698698826,0.018436113750731224,-0.027823873236257034,0.09208607691533682,0.10095500494633299
252_T1_vs_T3,longitudinal,4,Neck_to_Head_rz,Neck_to_Head,rz,0.024147985736505784,0.056442576075439406,0.03229459033893362,0.09208607691533682,0.10095500494633299
252_T1_vs_T3,longitudinal,4,RFArm_to_RHand_rx,RFArm_to_RHand,rx,0.0043078210762948765,0.004770027969850762,0.00046220689355588526,0.09208607691533682,0.10095500494633299
252_T1_vs_T3,longitudinal,4,RFArm_to_RHand_ry,RFArm_to_RHand,ry,0.007859995804298314,0.031092492084013074,0.02323249627971476,0.09208607691533682,0.10095500494633299
252_T1_vs_T3,longitudinal,4,RFArm_to_RHand_rz,RFArm_to_RHand,rz,0.10259055101989355,0.04251947202355782,-0.06007107899633573,0.09208607691533682,0.10095500494633299
252_T1_vs_T3,longitudinal,4,RShin_to_RFoot_rx,RShin_to_RFoot,rx,0.10838286970389274,0.011537637480841184,-0.09684523222305155,0.09208607691533682,0.10095500494633299
252_T1_vs_T3,longitudinal,4,RShin_to_RFoot_ry,RShin_to_RFoot,ry,0.018815494062625393,0.06727826740301086,0.04846277334038547,0.09208607691533682,0.10095500494633299
252_T1_vs_T3,longitudinal,4,RShin_to_RFoot_rz,RShin_to_RFoot,rz,0.07298980435159938,0.10785467139683541,0.03486486704523603,0.09208607691533682,0.10095500494633299
252_T1_vs_T3,longitudinal,4,RShoulder_to_RUArm_rx,RShoulder_to_RUArm,rx,0.43181478071727714,0.08511311906410017,-0.34670166165317695,0.09208607691533682,0.10095500494633299
252_T1_vs_T3,longitudinal,4,RShoulder_to_RUArm_ry,RShoulder_to_RUArm,ry,0.07414162632353632,0.10488124830748714,0.03073962198395082,0.09208607691533682,0.10095500494633299
252_T1_vs_T3,longitudinal,4,RShoulder_to_RUArm_rz,RShoulder_to_RUArm,rz,0.10868757507269669,0.18796091183815014,0.07927333676545345,0.09208607691533682,0.10095500494633299
252_T1_vs_T3,longitudinal,4,RThigh_to_RShin_rx,RThigh_to_RShin,rx,0.16486091401178,0.17852903608830833,0.013668122076528344,0.09208607691533682,0.10095500494633299
252_T1_vs_T3,longitudinal,4,RThigh_to_RShin_ry,RThigh_to_RShin,ry,1.0026689161086072e-08,3.517680864166685e-08,2.5150119480580777e-08,0.09208607691533682,0.10095500494633299
252_T1_vs_T3,longitudinal,4,RThigh_to_RShin_rz,RThigh_to_RShin,rz,2.3614298007324652e-08,4.657669088019397e-08,2.2962392872869318e-08,0.09208607691533682,0.10095500494633299
252_T1_vs_T3,longitudinal,4,RUArm_to_RFArm_rx,RUArm_to_RFArm,rx,0.4290929823278757,0.1470062758979278,-0.2820867064299479,0.09208607691533682,0.10095500494633299
252_T1_vs_T3,longitudinal,4,RUArm_to_RFArm_ry,RUArm_to_RFArm,ry,0.41106796624353625,0.0032533470791855632,-0.4078146191643507,0.09208607691533682,0.10095500494633299
252_T1_vs_T3,longitudinal,4,RUArm_to_RFArm_rz,RUArm_to_RFArm,rz,0.00471905036807497,0.008178045652631308,0.003458995284556339,0.09208607691533682,0.10095500494633299
252_T1_vs_T3,longitudinal,5,252_to_LThigh_rx,252_to_LThigh,rx,0.24934757785282474,0.046019373834287815,-0.20332820401853693,0.07049185776145955,0.08792905584816729
252_T1_vs_T3,longitudinal,5,252_to_LThigh_ry,252_to_LThigh,ry,0.044602174234681824,0.08437167619231763,0.0397695019576358,0.07049185776145955,0.08792905584816729
252_T1_vs_T3,longitudinal,5,252_to_LThigh_rz,252_to_LThigh,rz,0.02436267422188741,0.05886401924854556,0.03450134502665815,0.07049185776145955,0.08792905584816729
252_T1_vs_T3,longitudinal,5,252_to_RThigh_rx,252_to_RThigh,rx,0.16771738692351404,0.07431059850688536,-0.09340678841662868,0.07049185776145955,0.08792905584816729
252_T1_vs_T3,longitudinal,5,252_to_RThigh_ry,252_to_RThigh,ry,0.015553783293667,0.05209464228910078,0.03654085899543378,0.07049185776145955,0.08792905584816729
252_T1_vs_T3,longitudinal,5,252_to_RThigh_rz,252_to_RThigh,rz,0.10785841644385316,0.02817797034474696,-0.0796804460991062,0.07049185776145955,0.08792905584816729
252_T1_vs_T3,longitudinal,5,Chest_to_LShoulder_rx,Chest_to_LShoulder,rx,0.02931773463205871,0.0009964033177450003,-0.02832133131431371,0.07049185776145955,0.08792905584816729
252_T1_vs_T3,longitudinal,5,Chest_to_LShoulder_ry,Chest_to_LShoulder,ry,0.03781806955801728,0.013076721715547657,-0.024741347842469626,0.07049185776145955,0.08792905584816729
252_T1_vs_T3,longitudinal,5,Chest_to_LShoulder_rz,Chest_to_LShoulder,rz,0.03615047910369061,0.0054054534899951314,-0.03074502561369548,0.07049185776145955,0.08792905584816729
252_T1_vs_T3,longitudinal,5,Chest_to_Neck_rx,Chest_to_Neck,rx,0.0464572695933161,0.06715133660973678,0.02069406701642068,0.07049185776145955,0.08792905584816729
252_T1_vs_T3,longitudinal,5,Chest_to_Neck_ry,Chest_to_Neck,ry,0.044956681890579005,0.00902201540089353,-0.03593466648968548,0.07049185776145955,0.08792905584816729
252_T1_vs_T3,longitudinal,5,Chest_to_Neck_rz,Chest_to_Neck,rz,0.022176239421754392,0.03733540876701816,0.015159169345263766,0.07049185776145955,0.08792905584816729
252_T1_vs_T3,longitudinal,5,Chest_to_RShoulder_rx,Chest_to_RShoulder,rx,0.0004338260081951572,0.02268782476650229,0.022253998758307133,0.07049185776145955,0.08792905584816729
252_T1_vs_T3,longitudinal,5,Chest_to_RShoulder_ry,Chest_to_RShoulder,ry,0.02894085524856908,0.005232083194531882,-0.023708772054037198,0.07049185776145955,0.08792905584816729
252_T1_vs_T3,longitudinal,5,Chest_to_RShoulder_rz,Chest_to_RShoulder,rz,0.031061822460742523,0.09779711087611175,0.06673528841536921,0.07049185776145955,0.08792905584816729
252_T1_vs_T3,longitudinal,5,LFArm_to_LHand_rx,LFArm_to_LHand,rx,0.020155660597089613,0.0010727468166990015,-0.01908291378039061,0.07049185776145955,0.08792905584816729
252_T1_vs_T3,longitudinal,5,LFArm_to_LHand_ry,LFArm_to_LHand,ry,0.09731862743252036,0.02062636681218712,-0.07669226062033324,0.07049185776145955,0.08792905584816729
252_T1_vs_T3,longitudinal,5,LFArm_to_LHand_rz,LFArm_to_LHand,rz,0.11868558954919531,0.054850548170114886,-0.06383504137908041,0.07049185776145955,0.08792905584816729
252_T1_vs_T3,longitudinal,5,LShin_to_LFoot_rx,LShin_to_LFoot,rx,0.0804683797622504,0.032518007895210144,-0.04795037186704025,0.07049185776145955,0.08792905584816729
252_T1_vs_T3,longitudinal,5,LShin_to_LFoot_ry,LShin_to_LFoot,ry,0.011533008239154484,0.08144480527721382,0.06991179703805933,0.07049185776145955,0.08792905584816729
252_T1_vs_T3,longitudinal,5,LShin_to_LFoot_rz,LShin_to_LFoot,rz,0.008151156727285263,0.006426879291762883,-0.00172427743552238,0.07049185776145955,0.08792905584816729
252_T1_vs_T3,longitudinal,5,LShoulder_to_LUArm_rx,LShoulder_to_LUArm,rx,0.24414663236553943,0.15434598837656688,-0.08980064398897256,0.07049185776145955,0.08792905584816729
252_T1_vs_T3,longitudinal,5,LShoulder_to_LUArm_ry,LShoulder_to_LUArm,ry,0.41539274677974,0.2818161375605758,-0.1335766092191642,0.07049185776145955,0.08792905584816729
252_T1_vs_T3,longitudinal,5,LShoulder_to_LUArm_rz,LShoulder_to_LUArm,rz,0.1757906144797593,0.0785359736932005,-0.0972546407865588,0.07049185776145955,0.08792905584816729
252_T1_vs_T3,longitudinal,5,LThigh_to_LShin_rx,LThigh_to_LShin,rx,0.07040875981733814,0.6117658176689146,0.5413570578515764,0.07049185776145955,0.08792905584816729
252_T1_vs_T3,longitudinal,5,LThigh_to_LShin_ry,LThigh_to_LShin,ry,2.3183684174279354e-08,7.647180823328896e-09,-1.553650335095046e-08,0.07049185776145955,0.08792905584816729
252_T1_vs_T3,longitudinal,5,LThigh_to_LShin_rz,LThigh_to_LShin,rz,2.3468367433610827e-08,2.2599359571952272e-08,-8.690078616585543e-10,0.07049185776145955,0.08792905584816729
252_T1_vs_T3,longitudinal,5,LUArm_to_LFArm_rx,LUArm_to_LFArm,rx,0.4448507420231438,0.2270049699105337,-0.21784577211261008,0.07049185776145955,0.08792905584816729
252_T1_vs_T3,longitudinal,5,LUArm_to_LFArm_ry,LUArm_to_LFArm,ry,0.2527949574248886,0.3518171000262913,0.09902214260140269,0.07049185776145955,0.08792905584816729
252_T1_vs_T3,longitudinal,5,LUArm_to_LFArm_rz,LUArm_to_LFArm,rz,0.14531827373957398,0.19100620432793555,0.04568793058836157,0.07049185776145955,0.08792905584816729
252_T1_vs_T3,longitudinal,5,Neck_to_Head_rx,Neck_to_Head,rx,0.046249213365531935,0.0669064121844657,0.02065719881893377,0.07049185776145955,0.08792905584816729
252_T1_vs_T3,longitudinal,5,Neck_to_Head_ry,Neck_to_Head,ry,0.04851745546729579,0.0161041354191622,-0.03241332004813359,0.07049185776145955,0.08792905584816729
252_T1_vs_T3,longitudinal,5,Neck_to_Head_rz,Neck_to_Head,rz,0.01303556188501142,0.0348604457696813,0.021824883884669882,0.07049185776145955,0.08792905584816729
252_T1_vs_T3,longitudinal,5,RFArm_to_RHand_rx,RFArm_to_RHand,rx,0.0027363540439554078,0.0022584665152348385,-0.00047788752872056925,0.07049185776145955,0.08792905584816729
252_T1_vs_T3,longitudinal,5,RFArm_to_RHand_ry,RFArm_to_RHand,ry,0.0014606471938933892,0.012655605997767723,0.011194958803874333,0.07049185776145955,0.08792905584816729
252_T1_vs_T3,longitudinal,5,RFArm_to_RHand_rz,RFArm_to_RHand,rz,0.03833214520816756,0.03094855290902493,-0.007383592299142629,0.07049185776145955,0.08792905584816729
252_T1_vs_T3,longitudinal,5,RShin_to_RFoot_rx,RShin_to_RFoot,rx,0.06930127998657822,0.016015851562862084,-0.05328542842371613,0.07049185776145955,0.08792905584816729
252_T1_vs_T3,longitudinal,5,RShin_to_RFoot_ry,RShin_to_RFoot,ry,0.10143103225886105,0.0696643150952371,-0.03176671716362395,0.07049185776145955,0.08792905584816729
252_T1_vs_T3,longitudinal,5,RShin_to_RFoot_rz,RShin_to_RFoot,rz,0.09819155287865534,0.01091054419678475,-0.0872810086818706,0.07049185776145955,0.08792905584816729
252_T1_vs_T3,longitudinal,5,RShoulder_to_RUArm_rx,RShoulder_to_RUArm,rx,0.21950614735486368,0.1638638864613084,-0.055642260893555284,0.07049185776145955,0.08792905584816729
252_T1_vs_T3,longitudinal,5,RShoulder_to_RUArm_ry,RShoulder_to_RUArm,ry,0.1852877542140928,0.14811702047851671,-0.037170733735576084,0.07049185776145955,0.08792905584816729
252_T1_vs_T3,longitudinal,5,RShoulder_to_RUArm_rz,RShoulder_to_RUArm,rz,0.10354259946462083,0.3642349883546314,0.26069238889001056,0.07049185776145955,0.08792905584816729
252_T1_vs_T3,longitudinal,5,RThigh_to_RShin_rx,RThigh_to_RShin,rx,0.4182413212204797,0.2150262780213913,-0.2032150431990884,0.07049185776145955,0.08792905584816729
252_T1_vs_T3,longitudinal,5,RThigh_to_RShin_ry,RThigh_to_RShin,ry,3.639124401654394e-08,1.0331279598276258e-08,-2.605996441826768e-08,0.07049185776145955,0.08792905584816729
252_T1_vs_T3,longitudinal,5,RThigh_to_RShin_rz,RThigh_to_RShin,rz,1.2225968141836997e-08,1.2132626453948723e-08,-9.334168788827354e-11,0.07049185776145955,0.08792905584816729
252_T1_vs_T3,longitudinal,5,RUArm_to_RFArm_rx,RUArm_to_RFArm,rx,0.053750186436991663,0.0723045839131705,0.01855439747617884,0.07049185776145955,0.08792905584816729
252_T1_vs_T3,longitudinal,5,RUArm_to_RFArm_ry,RUArm_to_RFArm,ry,0.04049964839490423,0.09216650797576939,0.051666859580865164,0.07049185776145955,0.08792905584816729
252_T1_vs_T3,longitudinal,5,RUArm_to_RFArm_rz,RUArm_to_RFArm,rz,0.005627915087795981,0.040401111733972116,0.03477319664617613,0.07049185776145955,0.08792905584816729
252_T1_vs_T3,longitudinal,6,252_to_LThigh_rx,252_to_LThigh,rx,0.2560004363976855,0.05432188753217115,-0.20167854886551434,0.046987463186823,0.06403945592653967
252_T1_vs_T3,longitudinal,6,252_to_LThigh_ry,252_to_LThigh,ry,0.03649534147939567,0.019109944167073838,-0.017385397312321832,0.046987463186823,0.06403945592653967
252_T1_vs_T3,longitudinal,6,252_to_LThigh_rz,252_to_LThigh,rz,0.026989343574828493,0.07372353479493633,0.04673419122010784,0.046987463186823,0.06403945592653967
252_T1_vs_T3,longitudinal,6,252_to_RThigh_rx,252_to_RThigh,rx,0.056686295816686806,0.2877902402470199,0.23110394443033308,0.046987463186823,0.06403945592653967
252_T1_vs_T3,longitudinal,6,252_to_RThigh_ry,252_to_RThigh,ry,0.02045554359615659,0.07841752939641794,0.05796198580026135,0.046987463186823,0.06403945592653967
252_T1_vs_T3,longitudinal,6,252_to_RThigh_rz,252_to_RThigh,rz,0.058883909124971996,0.001817559344880863,-0.05706634978009113,0.046987463186823,0.06403945592653967
252_T1_vs_T3,longitudinal,6,Chest_to_LShoulder_rx,Chest_to_LShoulder,rx,0.0452609023156152,0.033146724712416815,-0.012114177603198384,0.046987463186823,0.06403945592653967
252_T1_vs_T3,longitudinal,6,Chest_to_LShoulder_ry,Chest_to_LShoulder,ry,0.07401699840026878,0.0855191138531412,0.011502115452872427,0.046987463186823,0.06403945592653967
252_T1_vs_T3,longitudinal,6,Chest_to_LShoulder_rz,Chest_to_LShoulder,rz,0.039418216348866525,0.04462801380981679,0.005209797460950266,0.046987463186823,0.06403945592653967
252_T1_vs_T3,longitudinal,6,Chest_to_Neck_rx,Chest_to_Neck,rx,0.04118523722419961,0.04227279953610092,0.0010875623119013106,0.046987463186823,0.06403945592653967
252_T1_vs_T3,longitudinal,6,Chest_to_Neck_ry,Chest_to_Neck,ry,0.0007595862160395648,0.02541675433338081,0.024657168117341245,0.046987463186823,0.06403945592653967
252_T1_vs_T3,longitudinal,6,Chest_to_Neck_rz,Chest_to_Neck,rz,0.04791598669823777,0.043082088911625356,-0.004833897786612411,0.046987463186823,0.06403945592653967
252_T1_vs_T3,longitudinal,6,Chest_to_RShoulder_rx,Chest_to_RShoulder,rx,0.05708725542627325,0.029298297386774936,-0.027788958039498313,0.046987463186823,0.06403945592653967
252_T1_vs_T3,longitudinal,6,Chest_to_RShoulder_ry,Chest_to_RShoulder,ry,0.06254021862090031,0.07946980502078563,0.016929586399885316,0.046987463186823,0.06403945592653967
252_T1_vs_T3,longitudinal,6,Chest_to_RShoulder_rz,Chest_to_RShoulder,rz,0.10597823832662598,0.007601712560394168,-0.0983765257662318,0.046987463186823,0.06403945592653967
252_T1_vs_T3,longitudinal,6,LFArm_to_LHand_rx,LFArm_to_LHand,rx,0.0036706001934918293,0.019218732831768306,0.015548132638276476,0.046987463186823,0.06403945592653967
252_T1_vs_T3,longitudinal,6,LFArm_to_LHand_ry,LFArm_to_LHand,ry,0.001807802924218759,0.07210065122256212,0.07029284829834337,0.046987463186823,0.06403945592653967
252_T1_vs_T3,longitudinal,6,LFArm_to_LHand_rz,LFArm_to_LHand,rz,0.05066502502350366,0.09407631768250346,0.0434112926589998,0.046987463186823,0.06403945592653967
252_T1_vs_T3,longitudinal,6,LShin_to_LFoot_rx,LShin_to_LFoot,rx,0.04850491563266844,0.07159515838839706,0.023090242755728616,0.046987463186823,0.06403945592653967
252_T1_vs_T3,longitudinal,6,LShin_to_LFoot_ry,LShin_to_LFoot,ry,0.04543416526411659,0.11436120671804638,0.06892704145392979,0.046987463186823,0.06403945592653967
252_T1_vs_T3,longitudinal,6,LShin_to_LFoot_rz,LShin_to_LFoot,rz,0.006128989257173605,0.013700488365340699,0.007571499108167094,0.046987463186823,0.06403945592653967
252_T1_vs_T3,longitudinal,6,LShoulder_to_LUArm_rx,LShoulder_to_LUArm,rx,0.16928752190407523,0.13388749339610942,-0.03540002850796581,0.046987463186823,0.06403945592653967
252_T1_vs_T3,longitudinal,6,LShoulder_to_LUArm_ry,LShoulder_to_LUArm,ry,0.2091474919750303,0.35367032712061963,0.14452283514558933,0.046987463186823,0.06403945592653967
252_T1_vs_T3,longitudinal,6,LShoulder_to_LUArm_rz,LShoulder_to_LUArm,rz,0.309590369989051,0.013123001981136381,-0.2964673680079146,0.046987463186823,0.06403945592653967
252_T1_vs_T3,longitudinal,6,LThigh_to_LShin_rx,LThigh_to_LShin,rx,0.10129231508119355,0.5620656988040957,0.4607733837229022,0.046987463186823,0.06403945592653967
252_T1_vs_T3,longitudinal,6,LThigh_to_LShin_ry,LThigh_to_LShin,ry,3.102111621992372e-08,1.8269433458502455e-10,-3.0838421885338695e-08,0.046987463186823,0.06403945592653967
252_T1_vs_T3,longitudinal,6,LThigh_to_LShin_rz,LThigh_to_LShin,rz,5.3162130440633516e-09,2.0972902601549521e-10,-5.106484018047857e-09,0.046987463186823,0.06403945592653967
252_T1_vs_T3,longitudinal,6,LUArm_to_LFArm_rx,LUArm_to_LFArm,rx,0.02251317465270218,0.09313580433178675,0.07062262967908457,0.046987463186823,0.06403945592653967
252_T1_vs_T3,longitudinal,6,LUArm_to_LFArm_ry,LUArm_to_LFArm,ry,0.034658416752630136,0.32716097699011665,0.2925025602374865,0.046987463186823,0.06403945592653967
252_T1_vs_T3,longitudinal,6,LUArm_to_LFArm_rz,LUArm_to_LFArm,rz,0.03923352517765826,0.014466394593094822,-0.024767130584563438,0.046987463186823,0.06403945592653967
252_T1_vs_T3,longitudinal,6,Neck_to_Head_rx,Neck_to_Head,rx,0.04086837096871889,0.04199101341767207,0.0011226424489531803,0.046987463186823,0.06403945592653967
252_T1_vs_T3,longitudinal,6,Neck_to_Head_ry,Neck_to_Head,ry,0.009733455088110075,0.033156536298860485,0.02342308121075041,0.046987463186823,0.06403945592653967
252_T1_vs_T3,longitudinal,6,Neck_to_Head_rz,Neck_to_Head,rz,0.046936255886206,0.03739864326040599,-0.00953761262580001,0.046987463186823,0.06403945592653967
252_T1_vs_T3,longitudinal,6,RFArm_to_RHand_rx,RFArm_to_RHand,rx,0.002649335856166746,0.0030359462760736738,0.0003866104199069277,0.046987463186823,0.06403945592653967
252_T1_vs_T3,longitudinal,6,RFArm_to_RHand_ry,RFArm_to_RHand,ry,0.04174425137743201,0.059040470961344925,0.017296219583912913,0.046987463186823,0.06403945592653967
252_T1_vs_T3,longitudinal,6,RFArm_to_RHand_rz,RFArm_to_RHand,rz,0.051835996181785776,0.038531776230070806,-0.01330421995171497,0.046987463186823,0.06403945592653967
252_T1_vs_T3,longitudinal,6,RShin_to_RFoot_rx,RShin_to_RFoot,rx,0.08662009927617453,0.10939325262246402,0.022773153346289488,0.046987463186823,0.06403945592653967
252_T1_vs_T3,longitudinal,6,RShin_to_RFoot_ry,RShin_to_RFoot,ry,0.03619686416473841,0.027972651389925884,-0.008224212774812528,0.046987463186823,0.06403945592653967
252_T1_vs_T3,longitudinal,6,RShin_to_RFoot_rz,RShin_to_RFoot,rz,0.038935232502403216,0.03700023811223369,-0.001934994390169524,0.046987463186823,0.06403945592653967
252_T1_vs_T3,longitudinal,6,RShoulder_to_RUArm_rx,RShoulder_to_RUArm,rx,0.29616966977955234,0.3431396394067567,0.046969969627204344,0.046987463186823,0.06403945592653967
252_T1_vs_T3,longitudinal,6,RShoulder_to_RUArm_ry,RShoulder_to_RUArm,ry,0.170480279308479,0.21864304279803223,0.04816276348955323,0.046987463186823,0.06403945592653967
252_T1_vs_T3,longitudinal,6,RShoulder_to_RUArm_rz,RShoulder_to_RUArm,rz,0.6672534343211871,0.26337552497789546,-0.40387790934329165,0.046987463186823,0.06403945592653967
252_T1_vs_T3,longitudinal,6,RThigh_to_RShin_rx,RThigh_to_RShin,rx,0.270021433485984,0.08385811174935749,-0.18616332173662653,0.046987463186823,0.06403945592653967
252_T1_vs_T3,longitudinal,6,RThigh_to_RShin_ry,RThigh_to_RShin,ry,1.6770590423349773e-09,3.585778393368772e-08,3.4180724891352747e-08,0.046987463186823,0.06403945592653967
252_T1_vs_T3,longitudinal,6,RThigh_to_RShin_rz,RThigh_to_RShin,rz,4.972701080760929e-08,4.3542069058369165e-08,-6.184941749240125e-09,0.046987463186823,0.06403945592653967
252_T1_vs_T3,longitudinal,6,RUArm_to_RFArm_rx,RUArm_to_RFArm,rx,0.15170227713564666,0.06759140289328851,-0.08411087424235815,0.046987463186823,0.06403945592653967
252_T1_vs_T3,longitudinal,6,RUArm_to_RFArm_ry,RUArm_to_RFArm,ry,0.16116639344402137,0.04743772845486086,-0.11372866498916051,0.046987463186823,0.06403945592653967
252_T1_vs_T3,longitudinal,6,RUArm_to_RFArm_rz,RUArm_to_RFArm,rz,0.048945358768744715,0.019872444020351734,-0.02907291474839298,0.046987463186823,0.06403945592653967
252_T1_vs_T3,longitudinal,7,252_to_LThigh_rx,252_to_LThigh,rx,0.0727447361461185,0.3887447561458293,0.31600001999971083,0.04475131680022564,0.04405277685439752
252_T1_vs_T3,longitudinal,7,252_to_LThigh_ry,252_to_LThigh,ry,0.15880059364425356,0.04622763231594343,-0.11257296132831013,0.04475131680022564,0.04405277685439752
252_T1_vs_T3,longitudinal,7,252_to_LThigh_rz,252_to_LThigh,rz,0.13406515693224794,0.036845141732996016,-0.09722001519925191,0.04475131680022564,0.04405277685439752
252_T1_vs_T3,longitudinal,7,252_to_RThigh_rx,252_to_RThigh,rx,0.44341769113412227,0.35474763758912875,-0.08867005354499352,0.04475131680022564,0.04405277685439752
252_T1_vs_T3,longitudinal,7,252_to_RThigh_ry,252_to_RThigh,ry,0.15586285739941635,0.01440409917906357,-0.14145875822035278,0.04475131680022564,0.04405277685439752
252_T1_vs_T3,longitudinal,7,252_to_RThigh_rz,252_to_RThigh,rz,0.028499519473210166,0.04874482330907738,0.020245303835867215,0.04475131680022564,0.04405277685439752
252_T1_vs_T3,longitudinal,7,Chest_to_LShoulder_rx,Chest_to_LShoulder,rx,0.0676306177445255,0.009739477063746345,-0.057891140680779156,0.04475131680022564,0.04405277685439752
252_T1_vs_T3,longitudinal,7,Chest_to_LShoulder_ry,Chest_to_LShoulder,ry,0.06270969250134925,0.01918817850869514,-0.04352151399265411,0.04475131680022564,0.04405277685439752
252_T1_vs_T3,longitudinal,7,Chest_to_LShoulder_rz,Chest_to_LShoulder,rz,0.045449310046004256,0.0064566784090878794,-0.038992631636916374,0.04475131680022564,0.04405277685439752
252_T1_vs_T3,longitudinal,7,Chest_to_Neck_rx,Chest_to_Neck,rx,0.046945857559988834,0.12591877416209982,0.07897291660211098,0.04475131680022564,0.04405277685439752
252_T1_vs_T3,longitudinal,7,Chest_to_Neck_ry,Chest_to_Neck,ry,0.03535368681241648,0.04537906373892896,0.01002537692651248,0.04475131680022564,0.04405277685439752
252_T1_vs_T3,longitudinal,7,Chest_to_Neck_rz,Chest_to_Neck,rz,0.06723443497151639,0.05671589076754513,-0.010518544203971261,0.04475131680022564,0.04405277685439752
252_T1_vs_T3,longitudinal,7,Chest_to_RShoulder_rx,Chest_to_RShoulder,rx,0.006497737519291901,0.038605829912111624,0.032108092392819726,0.04475131680022564,0.04405277685439752
252_T1_vs_T3,longitudinal,7,Chest_to_RShoulder_ry,Chest_to_RShoulder,ry,0.05170855868936379,0.035180412652014825,-0.016528146037348965,0.04475131680022564,0.04405277685439752
252_T1_vs_T3,longitudinal,7,Chest_to_RShoulder_rz,Chest_to_RShoulder,rz,0.03903098571179552,0.17177334412142448,0.13274235840962895,0.04475131680022564,0.04405277685439752
252_T1_vs_T3,longitudinal,7,LFArm_to_LHand_rx,LFArm_to_LHand,rx,0.002657870383088127,0.01849426080914702,0.015836390426058892,0.04475131680022564,0.04405277685439752
252_T1_vs_T3,longitudinal,7,LFArm_to_LHand_ry,LFArm_to_LHand,ry,0.006318814037078664,0.07006968300531219,0.06375086896823352,0.04475131680022564,0.04405277685439752
252_T1_vs_T3,longitudinal,7,LFArm_to_LHand_rz,LFArm_to_LHand,rz,0.040219899640005254,0.06859170599403598,0.028371806354030728,0.04475131680022564,0.04405277685439752
252_T1_vs_T3,longitudinal,7,LShin_to_LFoot_rx,LShin_to_LFoot,rx,0.09749243486296655,0.15354222476810137,0.05604978990513482,0.04475131680022564,0.04405277685439752
252_T1_vs_T3,longitudinal,7,LShin_to_LFoot_ry,LShin_to_LFoot,ry,0.022853387035398184,0.02685918282171603,0.004005795786317847,0.04475131680022564,0.04405277685439752
252_T1_vs_T3,longitudinal,7,LShin_to_LFoot_rz,LShin_to_LFoot,rz,0.03339471638607297,0.07291708745117859,0.039522371065105616,0.04475131680022564,0.04405277685439752
252_T1_vs_T3,longitudinal,7,LShoulder_to_LUArm_rx,LShoulder_to_LUArm,rx,0.5052737443184123,0.22131087485632187,-0.2839628694620905,0.04475131680022564,0.04405277685439752
252_T1_vs_T3,longitudinal,7,LShoulder_to_LUArm_ry,LShoulder_to_LUArm,ry,0.05832682378489103,0.05663565105491683,-0.0016911727299741969,0.04475131680022564,0.04405277685439752
252_T1_vs_T3,longitudinal,7,LShoulder_to_LUArm_rz,LShoulder_to_LUArm,rz,0.21787818274647835,0.4029553859872975,0.18507720324081917,0.04475131680022564,0.04405277685439752
252_T1_vs_T3,longitudinal,7,LThigh_to_LShin_rx,LThigh_to_LShin,rx,0.06416453459697363,0.14796917358398606,0.08380463898701243,0.04475131680022564,0.04405277685439752
252_T1_vs_T3,longitudinal,7,LThigh_to_LShin_ry,LThigh_to_LShin,ry,4.644953740648234e-08,1.7944018348878307e-08,-2.8505519057604033e-08,0.04475131680022564,0.04405277685439752
252_T1_vs_T3,longitudinal,7,LThigh_to_LShin_rz,LThigh_to_LShin,rz,4.1001656557912453e-08,9.056656869622761e-09,-3.194499968828969e-08,0.04475131680022564,0.04405277685439752
252_T1_vs_T3,longitudinal,7,LUArm_to_LFArm_rx,LUArm_to_LFArm,rx,0.2212498267421911,0.16931618927908962,-0.05193363746310148,0.04475131680022564,0.04405277685439752
252_T1_vs_T3,longitudinal,7,LUArm_to_LFArm_ry,LUArm_to_LFArm,ry,0.0031557651229771706,0.2726602675664769,0.2695045024434997,0.04475131680022564,0.04405277685439752
252_T1_vs_T3,longitudinal,7,LUArm_to_LFArm_rz,LUArm_to_LFArm,rz,0.148624729061235,0.040047644587550155,-0.10857708447368485,0.04475131680022564,0.04405277685439752
252_T1_vs_T3,longitudinal,7,Neck_to_Head_rx,Neck_to_Head,rx,0.04647174005413432,0.125483164743643,0.07901142468950867,0.04475131680022564,0.04405277685439752
252_T1_vs_T3,longitudinal,7,Neck_to_Head_ry,Neck_to_Head,ry,0.022160978716928816,0.05551264750586202,0.0333516687889332,0.04475131680022564,0.04405277685439752
252_T1_vs_T3,longitudinal,7,Neck_to_Head_rz,Neck_to_Head,rz,0.07274573863817452,0.04723489592593598,-0.025510842712238538,0.04475131680022564,0.04405277685439752
252_T1_vs_T3,longitudinal,7,RFArm_to_RHand_rx,RFArm_to_RHand,rx,0.004173795103583783,0.007855589856300407,0.003681794752716624,0.04475131680022564,0.04405277685439752
252_T1_vs_T3,longitudinal,7,RFArm_to_RHand_ry,RFArm_to_RHand,ry,0.023174109283344808,0.034350752618141946,0.011176643334797138,0.04475131680022564,0.04405277685439752
252_T1_vs_T3,longitudinal,7,RFArm_to_RHand_rz,RFArm_to_RHand,rz,0.02147095270238419,0.07686879865464286,0.05539784595225866,0.04475131680022564,0.04405277685439752
252_T1_vs_T3,longitudinal,7,RShin_to_RFoot_rx,RShin_to_RFoot,rx,0.11750103881671249,0.1028719409901999,-0.014629097826512588,0.04475131680022564,0.04405277685439752
252_T1_vs_T3,longitudinal,7,RShin_to_RFoot_ry,RShin_to_RFoot,ry,0.023540234375949563,0.010367412359298812,-0.013172822016650751,0.04475131680022564,0.04405277685439752
252_T1_vs_T3,longitudinal,7,RShin_to_RFoot_rz,RShin_to_RFoot,rz,0.03386331038079035,0.07624395976860299,0.042380649387812636,0.04475131680022564,0.04405277685439752
252_T1_vs_T3,longitudinal,7,RShoulder_to_RUArm_rx,RShoulder_to_RUArm,rx,0.026033024134515442,0.18763733650047715,0.1616043123659617,0.04475131680022564,0.04405277685439752
252_T1_vs_T3,longitudinal,7,RShoulder_to_RUArm_ry,RShoulder_to_RUArm,ry,0.06424134743994601,0.07958756400926605,0.015346216569320031,0.04475131680022564,0.04405277685439752
252_T1_vs_T3,longitudinal,7,RShoulder_to_RUArm_rz,RShoulder_to_RUArm,rz,0.10124382523049268,0.2866380830627417,0.185394257832249,0.04475131680022564,0.04405277685439752
252_T1_vs_T3,longitudinal,7,RThigh_to_RShin_rx,RThigh_to_RShin,rx,0.4808020430668502,0.20598859873449607,-0.2748134443323541,0.04475131680022564,0.04405277685439752
252_T1_vs_T3,longitudinal,7,RThigh_to_RShin_ry,RThigh_to_RShin,ry,2.947497479848961e-08,3.180082826487558e-08,2.325853466385969e-09,0.04475131680022564,0.04405277685439752
252_T1_vs_T3,longitudinal,7,RThigh_to_RShin_rz,RThigh_to_RShin,rz,1.39018472981638e-08,3.830081933933928e-08,2.439897204117548e-08,0.04475131680022564,0.04405277685439752
252_T1_vs_T3,longitudinal,7,RUArm_to_RFArm_rx,RUArm_to_RFArm,rx,0.1454421346521468,0.17440731784719568,0.02896518319504887,0.04475131680022564,0.04405277685439752
252_T1_vs_T3,longitudinal,7,RUArm_to_RFArm_ry,RUArm_to_RFArm,ry,0.14382810148178404,0.19496363000963643,0.051135528527852386,0.04475131680022564,0.04405277685439752
252_T1_vs_T3,longitudinal,7,RUArm_to_RFArm_rz,RUArm_to_RFArm,rz,0.018067953951354663,0.056281741159347164,0.0382137872079925,0.04475131680022564,0.04405277685439752
252_T1_vs_T3,longitudinal,8,252_to_LThigh_rx,252_to_LThigh,rx,0.05725611979079709,0.06912044392597833,0.011864324135181237,0.03364543319291001,0.02408192948317976
252_T1_vs_T3,longitudinal,8,252_to_LThigh_ry,252_to_LThigh,ry,0.039728117227472055,0.03329779510119709,-0.006430322126274965,0.03364543319291001,0.02408192948317976
252_T1_vs_T3,longitudinal,8,252_to_LThigh_rz,252_to_LThigh,rz,0.11987614202459429,0.004290400620714346,-0.11558574140387995,0.03364543319291001,0.02408192948317976
252_T1_vs_T3,longitudinal,8,252_to_RThigh_rx,252_to_RThigh,rx,0.1387226007414966,0.017741485738139207,-0.12098111500335738,0.03364543319291001,0.02408192948317976
252_T1_vs_T3,longitudinal,8,252_to_RThigh_ry,252_to_RThigh,ry,0.05717511259250399,0.025706682713570746,-0.031468429878933245,0.03364543319291001,0.02408192948317976
252_T1_vs_T3,longitudinal,8,252_to_RThigh_rz,252_to_RThigh,rz,0.10643338825948732,0.09883715403234201,-0.00759623422714531,0.03364543319291001,0.02408192948317976
252_T1_vs_T3,longitudinal,8,Chest_to_LShoulder_rx,Chest_to_LShoulder,rx,0.01763279893081487,0.009706830615570976,-0.007925968315243895,0.03364543319291001,0.02408192948317976
252_T1_vs_T3,longitudinal,8,Chest_to_LShoulder_ry,Chest_to_LShoulder,ry,0.07850155161480192,0.023065846798808288,-0.055435704815993636,0.03364543319291001,0.02408192948317976
252_T1_vs_T3,longitudinal,8,Chest_to_LShoulder_rz,Chest_to_LShoulder,rz,0.06632728228730438,0.015366036457104373,-0.0509612458302,0.03364543319291001,0.02408192948317976
252_T1_vs_T3,longitudinal,8,Chest_to_Neck_rx,Chest_to_Neck,rx,0.09218217828916267,0.003237195876734582,-0.08894498241242808,0.03364543319291001,0.02408192948317976
252_T1_vs_T3,longitudinal,8,Chest_to_Neck_ry,Chest_to_Neck,ry,0.10672145400921286,0.09656605019975019,-0.01015540380946267,0.03364543319291001,0.02408192948317976
252_T1_vs_T3,longitudinal,8,Chest_to_Neck_rz,Chest_to_Neck,rz,0.013237367777626173,0.021944389309303956,0.008707021531677782,0.03364543319291001,0.02408192948317976
252_T1_vs_T3,longitudinal,8,Chest_to_RShoulder_rx,Chest_to_RShoulder,rx,0.015803483912340474,0.022432409270588788,0.006628925358248314,0.03364543319291001,0.02408192948317976
252_T1_vs_T3,longitudinal,8,Chest_to_RShoulder_ry,Chest_to_RShoulder,ry,0.039438462103505496,0.010895328809069708,-0.028543133294435787,0.03364543319291001,0.02408192948317976
252_T1_vs_T3,longitudinal,8,Chest_to_RShoulder_rz,Chest_to_RShoulder,rz,0.019894789160271695,0.036764045134082976,0.01686925597381128,0.03364543319291001,0.02408192948317976
252_T1_vs_T3,longitudinal,8,LFArm_to_LHand_rx,LFArm_to_LHand,rx,0.04122339210789486,0.019789249008929293,-0.021434143098965564,0.03364543319291001,0.02408192948317976
252_T1_vs_T3,longitudinal,8,LFArm_to_LHand_ry,LFArm_to_LHand,ry,0.09716313938198988,0.062314017063713194,-0.034849122318276686,0.03364543319291001,0.02408192948317976
252_T1_vs_T3,longitudinal,8,LFArm_to_LHand_rz,LFArm_to_LHand,rz,0.1982365953025365,0.11079365866625489,-0.08744293663628162,0.03364543319291001,0.02408192948317976
252_T1_vs_T3,longitudinal,8,LShin_to_LFoot_rx,LShin_to_LFoot,rx,0.03604094384550337,0.03906684363500484,0.0030258997895014697,0.03364543319291001,0.02408192948317976
252_T1_vs_T3,longitudinal,8,LShin_to_LFoot_ry,LShin_to_LFoot,ry,0.09969346835299035,0.004656200790301535,-0.09503726756268882,0.03364543319291001,0.02408192948317976
252_T1_vs_T3,longitudinal,8,LShin_to_LFoot_rz,LShin_to_LFoot,rz,0.03365704892669325,0.019277653706059817,-0.014379395220633435,0.03364543319291001,0.02408192948317976
252_T1_vs_T3,longitudinal,8,LShoulder_to_LUArm_rx,LShoulder_to_LUArm,rx,0.05876451716361347,0.039925352697508625,-0.018839164466104848,0.03364543319291001,0.02408192948317976
252_T1_vs_T3,longitudinal,8,LShoulder_to_LUArm_ry,LShoulder_to_LUArm,ry,0.4431599485364383,0.30594252555121637,-0.13721742298522194,0.03364543319291001,0.02408192948317976
252_T1_vs_T3,longitudinal,8,LShoulder_to_LUArm_rz,LShoulder_to_LUArm,rz,0.11036529113812654,0.0718494795138096,-0.03851581162431694,0.03364543319291001,0.02408192948317976
252_T1_vs_T3,longitudinal,8,LThigh_to_LShin_rx,LThigh_to_LShin,rx,0.18556912926283464,0.12320170008514662,-0.06236742917768802,0.03364543319291001,0.02408192948317976
252_T1_vs_T3,longitudinal,8,LThigh_to_LShin_ry,LThigh_to_LShin,ry,2.749728116195917e-08,3.402054109442203e-08,6.523259932462862e-09,0.03364543319291001,0.02408192948317976
252_T1_vs_T3,longitudinal,8,LThigh_to_LShin_rz,LThigh_to_LShin,rz,3.130667360416545e-08,1.5120375289836033e-08,-1.6186298314329416e-08,0.03364543319291001,0.02408192948317976
252_T1_vs_T3,longitudinal,8,LUArm_to_LFArm_rx,LUArm_to_LFArm,rx,0.21556930411105102,0.03211947779163397,-0.18344982631941706,0.03364543319291001,0.02408192948317976
252_T1_vs_T3,longitudinal,8,LUArm_to_LFArm_ry,LUArm_to_LFArm,ry,0.49548401511536144,0.12148884469272501,-0.3739951704226364,0.03364543319291001,0.02408192948317976
252_T1_vs_T3,longitudinal,8,LUArm_to_LFArm_rz,LUArm_to_LFArm,rz,0.052005358679743305,0.007473660672257337,-0.044531698007485965,0.03364543319291001,0.02408192948317976
252_T1_vs_T3,longitudinal,8,Neck_to_Head_rx,Neck_to_Head,rx,0.09247397385657234,0.0026042836395483607,-0.08986969021702398,0.03364543319291001,0.02408192948317976
252_T1_vs_T3,longitudinal,8,Neck_to_Head_ry,Neck_to_Head,ry,0.10716342182746029,0.09917347199568104,-0.007989949831779253,0.03364543319291001,0.02408192948317976
252_T1_vs_T3,longitudinal,8,Neck_to_Head_rz,Neck_to_Head,rz,0.007330608449915198,0.0031542236498344626,-0.004176384800080735,0.03364543319291001,0.02408192948317976
252_T1_vs_T3,longitudinal,8,RFArm_to_RHand_rx,RFArm_to_RHand,rx,0.00129136692531185,0.0019224572827171162,0.0006310903574052661,0.03364543319291001,0.02408192948317976
252_T1_vs_T3,longitudinal,8,RFArm_to_RHand_ry,RFArm_to_RHand,ry,0.031223432372219338,0.027973778141505663,-0.003249654230713675,0.03364543319291001,0.02408192948317976
252_T1_vs_T3,longitudinal,8,RFArm_to_RHand_rz,RFArm_to_RHand,rz,0.027566768339949355,0.08467265868844912,0.05710589034849976,0.03364543319291001,0.02408192948317976
252_T1_vs_T3,longitudinal,8,RShin_to_RFoot_rx,RShin_to_RFoot,rx,0.059180684949010395,0.12661682167031724,0.06743613672130684,0.03364543319291001,0.02408192948317976
252_T1_vs_T3,longitudinal,8,RShin_to_RFoot_ry,RShin_to_RFoot,ry,0.012114916332666818,0.0042335529602543255,-0.007881363372412492,0.03364543319291001,0.02408192948317976
252_T1_vs_T3,longitudinal,8,RShin_to_RFoot_rz,RShin_to_RFoot,rz,0.06542510473798277,0.06670132399340926,0.0012762192554264945,0.03364543319291001,0.02408192948317976
252_T1_vs_T3,longitudinal,8,RShoulder_to_RUArm_rx,RShoulder_to_RUArm,rx,0.034150945923117175,0.00770446747604142,-0.026446478447075754,0.03364543319291001,0.02408192948317976
252_T1_vs_T3,longitudinal,8,RShoulder_to_RUArm_ry,RShoulder_to_RUArm,ry,0.303554117227445,0.17167115634093935,-0.13188296088650567,0.03364543319291001,0.02408192948317976
252_T1_vs_T3,longitudinal,8,RShoulder_to_RUArm_rz,RShoulder_to_RUArm,rz,0.08576195863557877,0.2596297831530603,0.1738678245174815,0.03364543319291001,0.02408192948317976
252_T1_vs_T3,longitudinal,8,RThigh_to_RShin_rx,RThigh_to_RShin,rx,0.23577570116997967,0.06769916163691264,-0.16807653953306703,0.03364543319291001,0.02408192948317976
252_T1_vs_T3,longitudinal,8,RThigh_to_RShin_ry,RThigh_to_RShin,ry,4.709924732412464e-09,3.6359172978893717e-09,-1.0740074345230923e-09,0.03364543319291001,0.02408192948317976
252_T1_vs_T3,longitudinal,8,RThigh_to_RShin_rz,RThigh_to_RShin,rz,5.284075081977788e-08,7.281835673363832e-09,-4.5558915146414046e-08,0.03364543319291001,0.02408192948317976
252_T1_vs_T3,longitudinal,8,RUArm_to_RFArm_rx,RUArm_to_RFArm,rx,0.22018955743723878,0.2802970312811655,0.06010747384392673,0.03364543319291001,0.02408192948317976
252_T1_vs_T3,longitudinal,8,RUArm_to_RFArm_ry,RUArm_to_RFArm,ry,0.27262241640552287,0.7638901200794356,0.4912677036739127,0.03364543319291001,0.02408192948317976
252_T1_vs_T3,longitudinal,8,RUArm_to_RFArm_rz,RUArm_to_RFArm,rz,0.03209393334668215,0.1375619213240562,0.10546798797737406,0.03364543319291001,0.02408192948317976
252_T1_vs_T3,longitudinal,9,252_to_LThigh_rx,252_to_LThigh,rx,0.38105568329451767,0.011855634628003917,-0.36920004866651374,0.03274625617688526,0.018650795205691233
252_T1_vs_T3,longitudinal,9,252_to_LThigh_ry,252_to_LThigh,ry,0.001793040534682002,0.06709666314961887,0.06530362261493687,0.03274625617688526,0.018650795205691233
252_T1_vs_T3,longitudinal,9,252_to_LThigh_rz,252_to_LThigh,rz,0.06548748902604827,0.10765173690339655,0.04216424787734828,0.03274625617688526,0.018650795205691233
252_T1_vs_T3,longitudinal,9,252_to_RThigh_rx,252_to_RThigh,rx,0.4501762959482273,0.08756476581588604,-0.36261153013234126,0.03274625617688526,0.018650795205691233
252_T1_vs_T3,longitudinal,9,252_to_RThigh_ry,252_to_RThigh,ry,0.06688229073802787,0.07989774525897121,0.01301545452094334,0.03274625617688526,0.018650795205691233
252_T1_vs_T3,longitudinal,9,252_to_RThigh_rz,252_to_RThigh,rz,0.06545914330413657,0.02419381932916269,-0.041265323974973886,0.03274625617688526,0.018650795205691233
252_T1_vs_T3,longitudinal,9,Chest_to_LShoulder_rx,Chest_to_LShoulder,rx,0.0011629565634690957,0.036845825833160754,0.03568286926969166,0.03274625617688526,0.018650795205691233
252_T1_vs_T3,longitudinal,9,Chest_to_LShoulder_ry,Chest_to_LShoulder,ry,0.03952452432146212,0.06300666304662987,0.023482138725167752,0.03274625617688526,0.018650795205691233
252_T1_vs_T3,longitudinal,9,Chest_to_LShoulder_rz,Chest_to_LShoulder,rz,0.015992299156843276,0.09639316022274595,0.08040086106590268,0.03274625617688526,0.018650795205691233
252_T1_vs_T3,longitudinal,9,Chest_to_Neck_rx,Chest_to_Neck,rx,0.1379526386168355,0.0662919204022174,-0.07166071821461809,0.03274625617688526,0.018650795205691233
252_T1_vs_T3,longitudinal,9,Chest_to_Neck_ry,Chest_to_Neck,ry,0.03858488041327899,0.07648108082970176,0.03789620041642277,0.03274625617688526,0.018650795205691233
252_T1_vs_T3,longitudinal,9,Chest_to_Neck_rz,Chest_to_Neck,rz,0.054130782583241055,0.0013480337486258423,-0.052782748834615215,0.03274625617688526,0.018650795205691233
252_T1_vs_T3,longitudinal,9,Chest_to_RShoulder_rx,Chest_to_RShoulder,rx,0.008935066650258254,0.002439890924898107,-0.006495175725360147,0.03274625617688526,0.018650795205691233
252_T1_vs_T3,longitudinal,9,Chest_to_RShoulder_ry,Chest_to_RShoulder,ry,0.0524805408787103,0.03741668835755036,-0.015063852521159937,0.03274625617688526,0.018650795205691233
252_T1_vs_T3,longitudinal,9,Chest_to_RShoulder_rz,Chest_to_RShoulder,rz,0.15450913919477346,0.04520728663018426,-0.10930185256458921,0.03274625617688526,0.018650795205691233
252_T1_vs_T3,longitudinal,9,LFArm_to_LHand_rx,LFArm_to_LHand,rx,0.015978821922007946,0.03638463027524967,0.020405808353241725,0.03274625617688526,0.018650795205691233
252_T1_vs_T3,longitudinal,9,LFArm_to_LHand_ry,LFArm_to_LHand,ry,0.055407614952648024,0.08899663865533891,0.03358902370269089,0.03274625617688526,0.018650795205691233
252_T1_vs_T3,longitudinal,9,LFArm_to_LHand_rz,LFArm_to_LHand,rz,0.027384576468367006,0.18452807172561117,0.15714349525724416,0.03274625617688526,0.018650795205691233
252_T1_vs_T3,longitudinal,9,LShin_to_LFoot_rx,LShin_to_LFoot,rx,0.10940691391493271,0.015423774124633397,-0.0939831397902993,0.03274625617688526,0.018650795205691233
252_T1_vs_T3,longitudinal,9,LShin_to_LFoot_ry,LShin_to_LFoot,ry,0.04545695156647495,0.0742355433518739,0.028778591785398953,0.03274625617688526,0.018650795205691233
252_T1_vs_T3,longitudinal,9,LShin_to_LFoot_rz,LShin_to_LFoot,rz,0.050417617085470344,0.030899499601481764,-0.01951811748398858,0.03274625617688526,0.018650795205691233
252_T1_vs_T3,longitudinal,9,LShoulder_to_LUArm_rx,LShoulder_to_LUArm,rx,0.06780460069673844,0.198592331000066,0.13078773030332758,0.03274625617688526,0.018650795205691233
252_T1_vs_T3,longitudinal,9,LShoulder_to_LUArm_ry,LShoulder_to_LUArm,ry,0.08575555535390572,0.4147261234580301,0.3289705681041244,0.03274625617688526,0.018650795205691233
252_T1_vs_T3,longitudinal,9,LShoulder_to_LUArm_rz,LShoulder_to_LUArm,rz,0.4451331828681391,0.14424554652946792,-0.30088763633867116,0.03274625617688526,0.018650795205691233
252_T1_vs_T3,longitudinal,9,LThigh_to_LShin_rx,LThigh_to_LShin,rx,0.31963745113086484,0.058999341539120856,-0.260638109591744,0.03274625617688526,0.018650795205691233
252_T1_vs_T3,longitudinal,9,LThigh_to_LShin_ry,LThigh_to_LShin,ry,1.8678378336528008e-08,1.5301946191946212e-08,-3.376432144581796e-09,0.03274625617688526,0.018650795205691233
252_T1_vs_T3,longitudinal,9,LThigh_to_LShin_rz,LThigh_to_LShin,rz,1.6949494338032122e-08,1.64221130600388e-08,-5.273812779933225e-10,0.03274625617688526,0.018650795205691233
252_T1_vs_T3,longitudinal,9,LUArm_to_LFArm_rx,LUArm_to_LFArm,rx,0.030931009222045298,0.40387538431719483,0.37294437509514955,0.03274625617688526,0.018650795205691233
252_T1_vs_T3,longitudinal,9,LUArm_to_LFArm_ry,LUArm_to_LFArm,ry,0.18408370901615675,0.6196347888473718,0.435551079831215,0.03274625617688526,0.018650795205691233
252_T1_vs_T3,longitudinal,9,LUArm_to_LFArm_rz,LUArm_to_LFArm,rz,0.13614466642615627,0.025878805988878262,-0.11026586043727801,0.03274625617688526,0.018650795205691233
252_T1_vs_T3,longitudinal,9,Neck_to_Head_rx,Neck_to_Head,rx,0.1372806114450372,0.06645631587299104,-0.07082429557204616,0.03274625617688526,0.018650795205691233
252_T1_vs_T3,longitudinal,9,Neck_to_Head_ry,Neck_to_Head,ry,0.04835359985270766,0.07464155916253239,0.026287959309824728,0.03274625617688526,0.018650795205691233
252_T1_vs_T3,longitudinal,9,Neck_to_Head_rz,Neck_to_Head,rz,0.0459542684100259,0.01594099988852485,-0.030013268521501053,0.03274625617688526,0.018650795205691233
252_T1_vs_T3,longitudinal,9,RFArm_to_RHand_rx,RFArm_to_RHand,rx,0.00878971761901469,0.00171716561075228,-0.007072552008262409,0.03274625617688526,0.018650795205691233
252_T1_vs_T3,longitudinal,9,RFArm_to_RHand_ry,RFArm_to_RHand,ry,0.06622823000920566,0.008191550915280982,-0.05803667909392468,0.03274625617688526,0.018650795205691233
252_T1_vs_T3,longitudinal,9,RFArm_to_RHand_rz,RFArm_to_RHand,rz,0.0848674866600833,0.0011033857026047822,-0.08376410095747852,0.03274625617688526,0.018650795205691233
252_T1_vs_T3,longitudinal,9,RShin_to_RFoot_rx,RShin_to_RFoot,rx,0.030103680151404796,0.0017392004171711119,-0.028364479734233682,0.03274625617688526,0.018650795205691233
252_T1_vs_T3,longitudinal,9,RShin_to_RFoot_ry,RShin_to_RFoot,ry,0.03250025792537175,0.06375548003016522,0.03125522210479347,0.03274625617688526,0.018650795205691233
252_T1_vs_T3,longitudinal,9,RShin_to_RFoot_rz,RShin_to_RFoot,rz,0.043294954628034454,0.012420686499646498,-0.030874268128387956,0.03274625617688526,0.018650795205691233
252_T1_vs_T3,longitudinal,9,RShoulder_to_RUArm_rx,RShoulder_to_RUArm,rx,0.07116397238090726,0.10506561289477577,0.033901640513868514,0.03274625617688526,0.018650795205691233
252_T1_vs_T3,longitudinal,9,RShoulder_to_RUArm_ry,RShoulder_to_RUArm,ry,0.10688421012734782,0.2072378537605915,0.10035364363324369,0.03274625617688526,0.018650795205691233
252_T1_vs_T3,longitudinal,9,RShoulder_to_RUArm_rz,RShoulder_to_RUArm,rz,0.1305004952288317,0.11051430183010921,-0.019986193398722485,0.03274625617688526,0.018650795205691233
252_T1_vs_T3,longitudinal,9,RThigh_to_RShin_rx,RThigh_to_RShin,rx,0.27430976792813777,0.05230025874791533,-0.22200950918022244,0.03274625617688526,0.018650795205691233
252_T1_vs_T3,longitudinal,9,RThigh_to_RShin_ry,RThigh_to_RShin,ry,3.9908728440505966e-08,3.87534517557143e-09,-3.603338326493454e-08,0.03274625617688526,0.018650795205691233
252_T1_vs_T3,longitudinal,9,RThigh_to_RShin_rz,RThigh_to_RShin,rz,4.941660879233708e-08,3.4876998810804205e-08,-1.4539609981532873e-08,0.03274625617688526,0.018650795205691233
252_T1_vs_T3,longitudinal,9,RUArm_to_RFArm_rx,RUArm_to_RFArm,rx,0.22683212504029082,0.00019259548471069053,-0.22663952955558014,0.03274625617688526,0.018650795205691233
252_T1_vs_T3,longitudinal,9,RUArm_to_RFArm_ry,RUArm_to_RFArm,ry,0.041979345026050816,0.15402697999263035,0.11204763496657953,0.03274625617688526,0.018650795205691233
252_T1_vs_T3,longitudinal,9,RUArm_to_RFArm_rz,RUArm_to_RFArm,rz,0.006135102486272965,0.012950034917970492,0.006814932431697527,0.03274625617688526,0.018650795205691233
252_T1_R1_vs_R2,natural_variability,1,252_to_LThigh_rx,252_to_LThigh,rx,0.22745135591732643,0.3467031908448438,0.11925183492751737,0.19301721629546445,0.2390621820561438
252_T1_R1_vs_R2,natural_variability,1,252_to_LThigh_ry,252_to_LThigh,ry,0.04439136052722265,0.004354335558144547,-0.04003702496907811,0.19301721629546445,0.2390621820561438
252_T1_R1_vs_R2,natural_variability,1,252_to_LThigh_rz,252_to_LThigh,rz,0.04335600350832593,0.028250622404712565,-0.015105381103613362,0.19301721629546445,0.2390621820561438
252_T1_R1_vs_R2,natural_variability,1,252_to_RThigh_rx,252_to_RThigh,rx,0.25064297112464445,0.2583346920169712,0.0076917208923267255,0.19301721629546445,0.2390621820561438
252_T1_R1_vs_R2,natural_variability,1,252_to_RThigh_ry,252_to_RThigh,ry,0.04409569487212422,0.008243420350342747,-0.03585227452178147,0.19301721629546445,0.2390621820561438
252_T1_R1_vs_R2,natural_variability,1,252_to_RThigh_rz,252_to_RThigh,rz,0.06834530371010236,0.01820764884756728,-0.05013765486253508,0.19301721629546445,0.2390621820561438
252_T1_R1_vs_R2,natural_variability,1,Chest_to_LShoulder_rx,Chest_to_LShoulder,rx,0.0314925842669662,0.03839814320217483,0.006905558935208625,0.19301721629546445,0.2390621820561438
252_T1_R1_vs_R2,natural_variability,1,Chest_to_LShoulder_ry,Chest_to_LShoulder,ry,0.015904187994966425,0.035088504279214304,0.01918431628424788,0.19301721629546445,0.2390621820561438
252_T1_R1_vs_R2,natural_variability,1,Chest_to_LShoulder_rz,Chest_to_LShoulder,rz,0.07320856015468585,0.04419341659114413,-0.02901514356354172,0.19301721629546445,0.2390621820561438
252_T1_R1_vs_R2,natural_variability,1,Chest_to_Neck_rx,Chest_to_Neck,rx,0.060377431404679036,0.06112754085028041,0.000750109445601374,0.19301721629546445,0.2390621820561438
252_T1_R1_vs_R2,natural_variability,1,Chest_to_Neck_ry,Chest_to_Neck,ry,0.015592051065776115,0.0503891241541409,0.034797073088364786,0.19301721629546445,0.2390621820561438
252_T1_R1_vs_R2,natural_variability,1,Chest_to_Neck_rz,Chest_to_Neck,rz,0.031704958984160064,0.027925721019213843,-0.0037792379649462214,0.19301721629546445,0.2390621820561438
252_T1_R1_vs_R2,natural_variability,1,Chest_to_RShoulder_rx,Chest_to_RShoulder,rx,0.013766060197503672,0.009518972141986317,-0.004247088055517354,0.19301721629546445,0.2390621820561438
252_T1_R1_vs_R2,natural_variability,1,Chest_to_RShoulder_ry,Chest_to_RShoulder,ry,0.0020985219941258176,0.02713859373275139,0.02504007173862557,0.19301721629546445,0.2390621820561438
252_T1_R1_vs_R2,natural_variability,1,Chest_to_RShoulder_rz,Chest_to_RShoulder,rz,0.00732737485397761,0.09524978837618575,0.08792241352220814,0.19301721629546445,0.2390621820561438
252_T1_R1_vs_R2,natural_variability,1,LFArm_to_LHand_rx,LFArm_to_LHand,rx,0.004546549335724533,1.6676809262499248e-05,-0.004529872526462034,0.19301721629546445,0.2390621820561438
252_T1_R1_vs_R2,natural_variability,1,LFArm_to_LHand_ry,LFArm_to_LHand,ry,0.004283209496293592,0.0046150064213479865,0.0003317969250543947,0.19301721629546445,0.2390621820561438
252_T1_R1_vs_R2,natural_variability,1,LFArm_to_LHand_rz,LFArm_to_LHand,rz,0.0038140169022510676,0.00979477411681287,0.005980757214561802,0.19301721629546445,0.2390621820561438
252_T1_R1_vs_R2,natural_variability,1,LShin_to_LFoot_rx,LShin_to_LFoot,rx,0.13281852500318528,0.10188871173328636,-0.030929813269898923,0.19301721629546445,0.2390621820561438
252_T1_R1_vs_R2,natural_variability,1,LShin_to_LFoot_ry,LShin_to_LFoot,ry,0.08651065654974219,0.08303689740205478,-0.003473759147687411,0.19301721629546445,0.2390621820561438
252_T1_R1_vs_R2,natural_variability,1,LShin_to_LFoot_rz,LShin_to_LFoot,rz,0.051956739166441945,0.03416004873820175,-0.017796690428240197,0.19301721629546445,0.2390621820561438
252_T1_R1_vs_R2,natural_variability,1,LShoulder_to_LUArm_rx,LShoulder_to_LUArm,rx,0.16357388466956269,0.06856621592690611,-0.09500766874265658,0.19301721629546445,0.2390621820561438
252_T1_R1_vs_R2,natural_variability,1,LShoulder_to_LUArm_ry,LShoulder_to_LUArm,ry,0.15042150239947658,0.05464050079538495,-0.09578100160409163,0.19301721629546445,0.2390621820561438
252_T1_R1_vs_R2,natural_variability,1,LShoulder_to_LUArm_rz,LShoulder_to_LUArm,rz,0.16569862340599076,0.021520804944255612,-0.14417781846173514,0.19301721629546445,0.2390621820561438
252_T1_R1_vs_R2,natural_variability,1,LThigh_to_LShin_rx,LThigh_to_LShin,rx,0.7019081318213257,0.7072489125281394,0.005340780706813653,0.19301721629546445,0.2390621820561438
252_T1_R1_vs_R2,natural_variability,1,LThigh_to_LShin_ry,LThigh_to_LShin,ry,9.92144262247574e-09,3.2156595968035044e-09,-6.705783025672236e-09,0.19301721629546445,0.2390621820561438
252_T1_R1_vs_R2,natural_variability,1,LThigh_to_LShin_rz,LThigh_to_LShin,rz,7.894672157320366e-09,1.8606413748688687e-08,1.0711741591368321e-08,0.19301721629546445,0.2390621820561438
252_T1_R1_vs_R2,natural_variability,1,LUArm_to_LFArm_rx,LUArm_to_LFArm,rx,0.12449417422733539,0.06641405242461916,-0.058080121802716225,0.19301721629546445,0.2390621820561438
252_T1_R1_vs_R2,natural_variability,1,LUArm_to_LFArm_ry,LUArm_to_LFArm,ry,0.3969666962923653,0.28036706313008547,-0.11659963316227984,0.19301721629546445,0.2390621820561438
252_T1_R1_vs_R2,natural_variability,1,LUArm_to_LFArm_rz,LUArm_to_LFArm,rz,0.08965501736102582,0.01615139876285639,-0.07350361859816944,0.19301721629546445,0.2390621820561438
252_T1_R1_vs_R2,natural_variability,1,Neck_to_Head_rx,Neck_to_Head,rx,0.06016385919978292,0.06084473385857063,0.0006808746587877099,0.19301721629546445,0.2390621820561438
252_T1_R1_vs_R2,natural_variability,1,Neck_to_Head_ry,Neck_to_Head,ry,0.021554940215731636,0.04431566047982659,0.022760720264094952,0.19301721629546445,0.2390621820561438
252_T1_R1_vs_R2,natural_variability,1,Neck_to_Head_rz,Neck_to_Head,rz,0.028287803101976164,0.03692499859316658,0.008637195491190415,0.19301721629546445,0.2390621820561438
252_T1_R1_vs_R2,natural_variability,1,RFArm_to_RHand_rx,RFArm_to_RHand,rx,0.0009511478937939631,0.0014117503221944127,0.0004606024284004496,0.19301721629546445,0.2390621820561438
252_T1_R1_vs_R2,natural_variability,1,RFArm_to_RHand_ry,RFArm_to_RHand,ry,0.003681522336172922,0.018639847061578486,0.014958324725405564,0.19301721629546445,0.2390621820561438
252_T1_R1_vs_R2,natural_variability,1,RFArm_to_RHand_rz,RFArm_to_RHand,rz,0.023383018594422034,0.011805019316407166,-0.011577999278014868,0.19301721629546445,0.2390621820561438
252_T1_R1_vs_R2,natural_variability,1,RShin_to_RFoot_rx,RShin_to_RFoot,rx,0.05248997801349836,0.047807520713696434,-0.004682457299801927,0.19301721629546445,0.2390621820561438
252_T1_R1_vs_R2,natural_variability,1,RShin_to_RFoot_ry,RShin_to_RFoot,ry,0.07570407299132217,0.017726022930870604,-0.05797805006045157,0.19301721629546445,0.2390621820561438
252_T1_R1_vs_R2,natural_variability,1,RShin_to_RFoot_rz,RShin_to_RFoot,rz,0.04393871711322636,0.07105883457398543,0.02712011746075907,0.19301721629546445,0.2390621820561438
252_T1_R1_vs_R2,natural_variability,1,RShoulder_to_RUArm_rx,RShoulder_to_RUArm,rx,0.06148265798209849,0.1655945701793357,0.10411191219723723,0.19301721629546445,0.2390621820561438
252_T1_R1_vs_R2,natural_variability,1,RShoulder_to_RUArm_ry,RShoulder_to_RUArm,ry,0.00641587721237486,0.0967521724420785,0.09033629522970364,0.19301721629546445,0.2390621820561438
252_T1_R1_vs_R2,natural_variability,1,RShoulder_to_RUArm_rz,RShoulder_to_RUArm,rz,0.03377754949268719,0.09251243831239118,0.058734888819704,0.19301721629546445,0.2390621820561438
252_T1_R1_vs_R2,natural_variability,1,RThigh_to_RShin_rx,RThigh_to_RShin,rx,0.23953603574625662,0.12814608956956008,-0.11138994617669654,0.19301721629546445,0.2390621820561438
252_T1_R1_vs_R2,natural_variability,1,RThigh_to_RShin_ry,RThigh_to_RShin,ry,1.4495538533984528e-08,1.0634139325677596e-08,-3.861399208306932e-09,0.19301721629546445,0.2390621820561438
252_T1_R1_vs_R2,natural_variability,1,RThigh_to_RShin_rz,RThigh_to_RShin,rz,2.6543443859916313e-09,1.9098805950247722e-08,1.644446156425609e-08,0.19301721629546445,0.2390621820561438
252_T1_R1_vs_R2,natural_variability,1,RUArm_to_RFArm_rx,RUArm_to_RFArm,rx,0.04333634175041475,0.23604573967789994,0.19270939792748518,0.19301721629546445,0.2390621820561438
252_T1_R1_vs_R2,natural_variability,1,RUArm_to_RFArm_ry,RUArm_to_RFArm,ry,0.05761810919519362,0.19578649511492138,0.13816838591972777,0.19301721629546445,0.2390621820561438
252_T1_R1_vs_R2,natural_variability,1,RUArm_to_RFArm_rz,RUArm_to_RFArm,rz,0.036344424288005675,0.09518881342338475,0.05884438913537908,0.19301721629546445,0.2390621820561438
252_T1_R1_vs_R2,natural_variability,2,252_to_LThigh_rx,252_to_LThigh,rx,0.08176845291479373,0.01303601712159317,-0.06873243579320057,0.1604269460188701,0.21458949354043383
252_T1_R1_vs_R2,natural_variability,2,252_to_LThigh_ry,252_to_LThigh,ry,0.02593365121928459,0.06885085705396339,0.0429172058346788,0.1604269460188701,0.21458949354043383
252_T1_R1_vs_R2,natural_variability,2,252_to_LThigh_rz,252_to_LThigh,rz,0.017975556742174777,0.009960430481712025,-0.008015126260462751,0.1604269460188701,0.21458949354043383
252_T1_R1_vs_R2,natural_variability,2,252_to_RThigh_rx,252_to_RThigh,rx,0.045126364322454385,0.07460050389937675,0.029474139576922367,0.1604269460188701,0.21458949354043383
252_T1_R1_vs_R2,natural_variability,2,252_to_RThigh_ry,252_to_RThigh,ry,0.022692237203059403,0.07099924194109836,0.04830700473803895,0.1604269460188701,0.21458949354043383
252_T1_R1_vs_R2,natural_variability,2,252_to_RThigh_rz,252_to_RThigh,rz,0.06293825063227595,0.08035355240564017,0.017415301773364214,0.1604269460188701,0.21458949354043383
252_T1_R1_vs_R2,natural_variability,2,Chest_to_LShoulder_rx,Chest_to_LShoulder,rx,0.019765484949044832,0.057710564659546715,0.037945079710501886,0.1604269460188701,0.21458949354043383
252_T1_R1_vs_R2,natural_variability,2,Chest_to_LShoulder_ry,Chest_to_LShoulder,ry,0.0015753735744285468,0.0181387532345999,0.01656337966017135,0.1604269460188701,0.21458949354043383
252_T1_R1_vs_R2,natural_variability,2,Chest_to_LShoulder_rz,Chest_to_LShoulder,rz,0.025051919969508334,0.09892787034628611,0.07387595037677777,0.1604269460188701,0.21458949354043383
252_T1_R1_vs_R2,natural_variability,2,Chest_to_Neck_rx,Chest_to_Neck,rx,0.010848691381442926,0.002381633456552778,-0.008467057924890149,0.1604269460188701,0.21458949354043383
252_T1_R1_vs_R2,natural_variability,2,Chest_to_Neck_ry,Chest_to_Neck,ry,0.0052162097793346015,0.05661406289615226,0.05139785311681766,0.1604269460188701,0.21458949354043383
252_T1_R1_vs_R2,natural_variability,2,Chest_to_Neck_rz,Chest_to_Neck,rz,0.0027307826279529806,0.025877547815574976,0.023146765187621994,0.1604269460188701,0.21458949354043383
252_T1_R1_vs_R2,natural_variability,2,Chest_to_RShoulder_rx,Chest_to_RShoulder,rx,0.029826646529623756,0.06387282345497201,0.034046176925348254,0.1604269460188701,0.21458949354043383
252_T1_R1_vs_R2,natural_variability,2,Chest_to_RShoulder_ry,Chest_to_RShoulder,ry,0.007452554389085783,0.01661391475501242,0.009161360365926638,0.1604269460188701,0.21458949354043383
252_T1_R1_vs_R2,natural_variability,2,Chest_to_RShoulder_rz,Chest_to_RShoulder,rz,0.018223451331595676,0.08142868173008291,0.06320523039848724,0.1604269460188701,0.21458949354043383
252_T1_R1_vs_R2,natural_variability,2,LFArm_to_LHand_rx,LFArm_to_LHand,rx,0.0031421311907784567,0.005727285934148402,0.0025851547433699456,0.1604269460188701,0.21458949354043383
252_T1_R1_vs_R2,natural_variability,2,LFArm_to_LHand_ry,LFArm_to_LHand,ry,0.028777553333183322,0.0016217049318421695,-0.02715584840134115,0.1604269460188701,0.21458949354043383
252_T1_R1_vs_R2,natural_variability,2,LFArm_to_LHand_rz,LFArm_to_LHand,rz,0.048906963679089144,0.006427089027160912,-0.042479874651928234,0.1604269460188701,0.21458949354043383
252_T1_R1_vs_R2,natural_variability,2,LShin_to_LFoot_rx,LShin_to_LFoot,rx,0.04724539752111702,0.05029008201573796,0.0030446844946209403,0.1604269460188701,0.21458949354043383
252_T1_R1_vs_R2,natural_variability,2,LShin_to_LFoot_ry,LShin_to_LFoot,ry,0.06065827778776182,0.01448292361071408,-0.04617535417704774,0.1604269460188701,0.21458949354043383
252_T1_R1_vs_R2,natural_variability,2,LShin_to_LFoot_rz,LShin_to_LFoot,rz,0.028570663545838183,0.02079470069796354,-0.007775962847874643,0.1604269460188701,0.21458949354043383
252_T1_R1_vs_R2,natural_variability,2,LShoulder_to_LUArm_rx,LShoulder_to_LUArm,rx,0.0471390604937587,0.2131117838754503,0.1659727233816916,0.1604269460188701,0.21458949354043383
252_T1_R1_vs_R2,natural_variability,2,LShoulder_to_LUArm_ry,LShoulder_to_LUArm,ry,0.26620978818485913,0.18896543762344842,-0.07724435056141071,0.1604269460188701,0.21458949354043383
252_T1_R1_vs_R2,natural_variability,2,LShoulder_to_LUArm_rz,LShoulder_to_LUArm,rz,0.10428541778484246,0.21942514559214785,0.11513972780730539,0.1604269460188701,0.21458949354043383
252_T1_R1_vs_R2,natural_variability,2,LThigh_to_LShin_rx,LThigh_to_LShin,rx,0.29199913282189566,0.255313364731512,-0.03668576809038365,0.1604269460188701,0.21458949354043383
252_T1_R1_vs_R2,natural_variability,2,LThigh_to_LShin_ry,LThigh_to_LShin,ry,3.131290173947235e-09,1.045921280270608e-08,7.3279226287588444e-09,0.1604269460188701,0.21458949354043383
252_T1_R1_vs_R2,natural_variability,2,LThigh_to_LShin_rz,LThigh_to_LShin,rz,1.1804156824629484e-08,1.3301895344175002e-08,1.4977385195455175e-09,0.1604269460188701,0.21458949354043383
252_T1_R1_vs_R2,natural_variability,2,LUArm_to_LFArm_rx,LUArm_to_LFArm,rx,0.0632285663886246,0.11648319307544451,0.053254626686819906,0.1604269460188701,0.21458949354043383
252_T1_R1_vs_R2,natural_variability,2,LUArm_to_LFArm_ry,LUArm_to_LFArm,ry,0.33811333010725375,0.5237323594244582,0.18561902931720442,0.1604269460188701,0.21458949354043383
252_T1_R1_vs_R2,natural_variability,2,LUArm_to_LFArm_rz,LUArm_to_LFArm,rz,0.058706346348822984,0.08415795174007631,0.02545160539125333,0.1604269460188701,0.21458949354043383
252_T1_R1_vs_R2,natural_variability,2,Neck_to_Head_rx,Neck_to_Head,rx,0.010945300192413085,0.0022723619837330534,-0.008672938208680031,0.1604269460188701,0.21458949354043383
252_T1_R1_vs_R2,natural_variability,2,Neck_to_Head_ry,Neck_to_Head,ry,0.0046044968261662895,0.0506834252567927,0.046078928430626415,0.1604269460188701,0.21458949354043383
252_T1_R1_vs_R2,natural_variability,2,Neck_to_Head_rz,Neck_to_Head,rz,0.0036474495035159825,0.0362517576911636,0.03260430818764762,0.1604269460188701,0.21458949354043383
252_T1_R1_vs_R2,natural_variability,2,RFArm_to_RHand_rx,RFArm_to_RHand,rx,0.00868714418308501,0.004564047727637029,-0.004123096455447981,0.1604269460188701,0.21458949354043383
252_T1_R1_vs_R2,natural_variability,2,RFArm_to_RHand_ry,RFArm_to_RHand,ry,0.06096636513096143,0.00705884439700132,-0.05390752073396011,0.1604269460188701,0.21458949354043383
252_T1_R1_vs_R2,natural_variability,2,RFArm_to_RHand_rz,RFArm_to_RHand,rz,0.08246154815790187,0.09196366650382844,0.009502118345926569,0.1604269460188701,0.21458949354043383
252_T1_R1_vs_R2,natural_variability,2,RShin_to_RFoot_rx,RShin_to_RFoot,rx,0.06172687756645466,0.010823673100678841,-0.05090320446577582,0.1604269460188701,0.21458949354043383
252_T1_R1_vs_R2,natural_variability,2,RShin_to_RFoot_ry,RShin_to_RFoot,ry,0.013001459936531746,0.06545300848240607,0.05245154854587432,0.1604269460188701,0.21458949354043383
252_T1_R1_vs_R2,natural_variability,2,RShin_to_RFoot_rz,RShin_to_RFoot,rz,0.0627260707736378,0.005780083553017916,-0.05694598722061989,0.1604269460188701,0.21458949354043383
252_T1_R1_vs_R2,natural_variability,2,RShoulder_to_RUArm_rx,RShoulder_to_RUArm,rx,0.610773549410677,0.47842359541600066,-0.1323499539946763,0.1604269460188701,0.21458949354043383
252_T1_R1_vs_R2,natural_variability,2,RShoulder_to_RUArm_ry,RShoulder_to_RUArm,ry,0.001789272487726718,0.16797618254496735,0.16618691005724062,0.1604269460188701,0.21458949354043383
252_T1_R1_vs_R2,natural_variability,2,RShoulder_to_RUArm_rz,RShoulder_to_RUArm,rz,0.021119138356586055,0.2894916346036495,0.26837249624706344,0.1604269460188701,0.21458949354043383
252_T1_R1_vs_R2,natural_variability,2,RThigh_to_RShin_rx,RThigh_to_RShin,rx,0.04830065968134823,0.12523173610227875,0.07693107642093053,0.1604269460188701,0.21458949354043383
252_T1_R1_vs_R2,natural_variability,2,RThigh_to_RShin_ry,RThigh_to_RShin,ry,1.2865732425828133e-09,2.0847601434488174e-09,7.981869008660041e-10,0.1604269460188701,0.21458949354043383
252_T1_R1_vs_R2,natural_variability,2,RThigh_to_RShin_rz,RThigh_to_RShin,rz,1.5553689692347812e-08,1.5922645956957205e-09,-1.3961425096652092e-08,0.1604269460188701,0.21458949354043383
252_T1_R1_vs_R2,natural_variability,2,RUArm_to_RFArm_rx,RUArm_to_RFArm,rx,0.35807755835988375,0.010399377666870374,-0.3476781806930134,0.1604269460188701,0.21458949354043383
252_T1_R1_vs_R2,natural_variability,2,RUArm_to_RFArm_ry,RUArm_to_RFArm,ry,0.3523174812029312,0.26329493148656297,-0.08902254971636825,0.1604269460188701,0.21458949354043383
252_T1_R1_vs_R2,natural_variability,2,RUArm_to_RFArm_rz,RUArm_to_RFArm,rz,0.18859995911470223,0.1186862546460599,-0.06991370446864233,0.1604269460188701,0.21458949354043383
252_T1_R1_vs_R2,natural_variability,3,252_to_LThigh_rx,252_to_LThigh,rx,0.17582477379245448,0.09256662098394829,-0.0832581528085062,0.12824257425135854,0.1820783557878408
252_T1_R1_vs_R2,natural_variability,3,252_to_LThigh_ry,252_to_LThigh,ry,0.017929565396965948,0.01336239645301633,-0.004567168943949618,0.12824257425135854,0.1820783557878408
252_T1_R1_vs_R2,natural_variability,3,252_to_LThigh_rz,252_to_LThigh,rz,0.03558725752018966,0.004564629910080489,-0.03102262761010917,0.12824257425135854,0.1820783557878408
252_T1_R1_vs_R2,natural_variability,3,252_to_RThigh_rx,252_to_RThigh,rx,0.050552752775645075,0.13793870672733297,0.08738595395168788,0.12824257425135854,0.1820783557878408
252_T1_R1_vs_R2,natural_variability,3,252_to_RThigh_ry,252_to_RThigh,ry,0.00036323813872893274,0.04727978626534435,0.046916548126615415,0.12824257425135854,0.1820783557878408
252_T1_R1_vs_R2,natural_variability,3,252_to_RThigh_rz,252_to_RThigh,rz,0.04529841396635652,0.003697102307114128,-0.04160131165924239,0.12824257425135854,0.1820783557878408
252_T1_R1_vs_R2,natural_variability,3,Chest_to_LShoulder_rx,Chest_to_LShoulder,rx,0.03894830381233264,0.005436709199762621,-0.03351159461257002,0.12824257425135854,0.1820783557878408
252_T1_R1_vs_R2,natural_variability,3,Chest_to_LShoulder_ry,Chest_to_LShoulder,ry,0.017884347365590504,0.01651182501796191,-0.0013725223476285936,0.12824257425135854,0.1820783557878408
252_T1_R1_vs_R2,natural_variability,3,Chest_to_LShoulder_rz,Chest_to_LShoulder,rz,0.054968685908352646,0.01357824556492373,-0.04139044034342892,0.12824257425135854,0.1820783557878408
252_T1_R1_vs_R2,natural_variability,3,Chest_to_Neck_rx,Chest_to_Neck,rx,0.050997435426655705,0.017856902760722826,-0.03314053266593288,0.12824257425135854,0.1820783557878408
252_T1_R1_vs_R2,natural_variability,3,Chest_to_Neck_ry,Chest_to_Neck,ry,0.0526553896776375,0.03424911037020582,-0.018406279307431682,0.12824257425135854,0.1820783557878408
252_T1_R1_vs_R2,natural_variability,3,Chest_to_Neck_rz,Chest_to_Neck,rz,0.02584727550702204,0.02296475037735734,-0.0028825251296646995,0.12824257425135854,0.1820783557878408
252_T1_R1_vs_R2,natural_variability,3,Chest_to_RShoulder_rx,Chest_to_RShoulder,rx,0.04677495207110488,0.020662178460267907,-0.026112773610836974,0.12824257425135854,0.1820783557878408
252_T1_R1_vs_R2,natural_variability,3,Chest_to_RShoulder_ry,Chest_to_RShoulder,ry,0.03413195431122058,0.007653612187838951,-0.026478342123381633,0.12824257425135854,0.1820783557878408
252_T1_R1_vs_R2,natural_variability,3,Chest_to_RShoulder_rz,Chest_to_RShoulder,rz,0.11132538624465194,0.053888564562495,-0.057436821682156934,0.12824257425135854,0.1820783557878408
252_T1_R1_vs_R2,natural_variability,3,LFArm_to_LHand_rx,LFArm_to_LHand,rx,0.007536371005166634,0.009693236180492176,0.0021568651753255423,0.12824257425135854,0.1820783557878408
252_T1_R1_vs_R2,natural_variability,3,LFArm_to_LHand_ry,LFArm_to_LHand,ry,0.026463772624899986,0.0217855050817989,-0.004678267543101085,0.12824257425135854,0.1820783557878408
252_T1_R1_vs_R2,natural_variability,3,LFArm_to_LHand_rz,LFArm_to_LHand,rz,0.05823088298115212,0.050114625053192884,-0.008116257927959239,0.12824257425135854,0.1820783557878408
252_T1_R1_vs_R2,natural_variability,3,LShin_to_LFoot_rx,LShin_to_LFoot,rx,0.01862766497007811,0.06868233214365312,0.050054667173575006,0.12824257425135854,0.1820783557878408
252_T1_R1_vs_R2,natural_variability,3,LShin_to_LFoot_ry,LShin_to_LFoot,ry,0.0048913865832964825,0.07772095266500201,0.07282956608170553,0.12824257425135854,0.1820783557878408
252_T1_R1_vs_R2,natural_variability,3,LShin_to_LFoot_rz,LShin_to_LFoot,rz,0.011135422227382119,0.022279055768262435,0.011143633540880316,0.12824257425135854,0.1820783557878408
252_T1_R1_vs_R2,natural_variability,3,LShoulder_to_LUArm_rx,LShoulder_to_LUArm,rx,0.023346505470558415,0.11448333687414673,0.09113683140358832,0.12824257425135854,0.1820783557878408
252_T1_R1_vs_R2,natural_variability,3,LShoulder_to_LUArm_ry,LShoulder_to_LUArm,ry,0.2508336993053265,0.09404213866280371,-0.1567915606425228,0.12824257425135854,0.1820783557878408
252_T1_R1_vs_R2,natural_variability,3,LShoulder_to_LUArm_rz,LShoulder_to_LUArm,rz,0.1563558984259946,0.05383234131844034,-0.10252355710755426,0.12824257425135854,0.1820783557878408
252_T1_R1_vs_R2,natural_variability,3,LThigh_to_LShin_rx,LThigh_to_LShin,rx,0.17260189155992187,0.3264893767444795,0.1538874851845576,0.12824257425135854,0.1820783557878408
252_T1_R1_vs_R2,natural_variability,3,LThigh_to_LShin_ry,LThigh_to_LShin,ry,7.364154288978254e-09,2.748221042017626e-09,-4.6159332469606274e-09,0.12824257425135854,0.1820783557878408
252_T1_R1_vs_R2,natural_variability,3,LThigh_to_LShin_rz,LThigh_to_LShin,rz,1.1250268086386891e-08,1.9682013043944193e-08,8.431744957557302e-09,0.12824257425135854,0.1820783557878408
252_T1_R1_vs_R2,natural_variability,3,LUArm_to_LFArm_rx,LUArm_to_LFArm,rx,0.065290927032484,0.040831754964241206,-0.024459172068242795,0.12824257425135854,0.1820783557878408
252_T1_R1_vs_R2,natural_variability,3,LUArm_to_LFArm_ry,LUArm_to_LFArm,ry,0.2609594059019609,0.05893399477009684,-0.20202541113186404,0.12824257425135854,0.1820783557878408
252_T1_R1_vs_R2,natural_variability,3,LUArm_to_LFArm_rz,LUArm_to_LFArm,rz,0.09048211250299953,0.06724354132954923,-0.02323857117345031,0.12824257425135854,0.1820783557878408
252_T1_R1_vs_R2,natural_variability,3,Neck_to_Head_rx,Neck_to_Head,rx,0.05080362432045803,0.017659939885902882,-0.03314368443455515,0.12824257425135854,0.1820783557878408
252_T1_R1_vs_R2,natural_variability,3,Neck_to_Head_ry,Neck_to_Head,ry,0.046948629297027554,0.03812672086962371,-0.008821908427403845,0.12824257425135854,0.1820783557878408
252_T1_R1_vs_R2,natural_variability,3,Neck_to_Head_rz,Neck_to_Head,rz,0.035374827322469105,0.01604870902141008,-0.019326118301059025,0.12824257425135854,0.1820783557878408
252_T1_R1_vs_R2,natural_variability,3,RFArm_to_RHand_rx,RFArm_to_RHand,rx,0.0001724399244899016,0.009645609076106919,0.009473169151617018,0.12824257425135854,0.1820783557878408
252_T1_R1_vs_R2,natural_variability,3,RFArm_to_RHand_ry,RFArm_to_RHand,ry,0.04907224423841164,0.06273927302199286,0.013667028783581225,0.12824257425135854,0.1820783557878408
252_T1_R1_vs_R2,natural_variability,3,RFArm_to_RHand_rz,RFArm_to_RHand,rz,0.04145134387621445,0.08613383811771563,0.04468249424150118,0.12824257425135854,0.1820783557878408
252_T1_R1_vs_R2,natural_variability,3,RShin_to_RFoot_rx,RShin_to_RFoot,rx,0.009557908369258463,0.016722721011219792,0.007164812641961329,0.12824257425135854,0.1820783557878408
252_T1_R1_vs_R2,natural_variability,3,RShin_to_RFoot_ry,RShin_to_RFoot,ry,0.0020869122536045196,0.0040551746787327436,0.001968262425128224,0.12824257425135854,0.1820783557878408
252_T1_R1_vs_R2,natural_variability,3,RShin_to_RFoot_rz,RShin_to_RFoot,rz,0.027864103366946252,0.03324490257273373,0.005380799205787476,0.12824257425135854,0.1820783557878408
252_T1_R1_vs_R2,natural_variability,3,RShoulder_to_RUArm_rx,RShoulder_to_RUArm,rx,0.1523532305953738,0.5731526505974329,0.4207994200020591,0.12824257425135854,0.1820783557878408
252_T1_R1_vs_R2,natural_variability,3,RShoulder_to_RUArm_ry,RShoulder_to_RUArm,ry,0.29381676808182955,0.13325520651746411,-0.16056156156436543,0.12824257425135854,0.1820783557878408
252_T1_R1_vs_R2,natural_variability,3,RShoulder_to_RUArm_rz,RShoulder_to_RUArm,rz,0.24252401440291751,0.0566080281939792,-0.18591598620893832,0.12824257425135854,0.1820783557878408
252_T1_R1_vs_R2,natural_variability,3,RThigh_to_RShin_rx,RThigh_to_RShin,rx,0.039750096244864024,0.1548066145744051,0.11505651832954106,0.12824257425135854,0.1820783557878408
252_T1_R1_vs_R2,natural_variability,3,RThigh_to_RShin_ry,RThigh_to_RShin,ry,6.599038047333141e-09,1.5643005174659085e-08,9.043967127325944e-09,0.12824257425135854,0.1820783557878408
252_T1_R1_vs_R2,natural_variability,3,RThigh_to_RShin_rz,RThigh_to_RShin,rz,2.698604025618998e-08,3.885984889119292e-08,1.1873808635002941e-08,0.12824257425135854,0.1820783557878408
252_T1_R1_vs_R2,natural_variability,3,RUArm_to_RFArm_rx,RUArm_to_RFArm,rx,0.22921790367351025,0.48837431230635375,0.2591564086328435,0.12824257425135854,0.1820783557878408
252_T1_R1_vs_R2,natural_variability,3,RUArm_to_RFArm_ry,RUArm_to_RFArm,ry,0.6578467124791424,0.3528614768963593,-0.30498523558278307,0.12824257425135854,0.1820783557878408
252_T1_R1_vs_R2,natural_variability,3,RUArm_to_RFArm_rz,RUArm_to_RFArm,rz,0.2589871498000722,0.23936751590887334,-0.019619633891198862,0.12824257425135854,0.1820783557878408
252_T1_R1_vs_R2,natural_variability,4,252_to_LThigh_rx,252_to_LThigh,rx,0.09584596744185896,0.11578686443298494,0.019940896991125986,0.09208607691533682,0.09786068270412276
252_T1_R1_vs_R2,natural_variability,4,252_to_LThigh_ry,252_to_LThigh,ry,0.034705307614703675,0.06278800827350756,0.02808270065880388,0.09208607691533682,0.09786068270412276
252_T1_R1_vs_R2,natural_variability,4,252_to_LThigh_rz,252_to_LThigh,rz,0.05377239978091478,0.00957093989923591,-0.044201459881678874,0.09208607691533682,0.09786068270412276
252_T1_R1_vs_R2,natural_variability,4,252_to_RThigh_rx,252_to_RThigh,rx,0.039944987374037705,0.1415856716263024,0.10164068425226469,0.09208607691533682,0.09786068270412276
252_T1_R1_vs_R2,natural_variability,4,252_to_RThigh_ry,252_to_RThigh,ry,0.03334711836139406,0.011585417355959818,-0.021761701005434245,0.09208607691533682,0.09786068270412276
252_T1_R1_vs_R2,natural_variability,4,252_to_RThigh_rz,252_to_RThigh,rz,0.07261769053660043,0.00727273434367987,-0.06534495619292056,0.09208607691533682,0.09786068270412276
252_T1_R1_vs_R2,natural_variability,4,Chest_to_LShoulder_rx,Chest_to_LShoulder,rx,0.015989078107954975,0.0015623383233841451,-0.01442673978457083,0.09208607691533682,0.09786068270412276
252_T1_R1_vs_R2,natural_variability,4,Chest_to_LShoulder_ry,Chest_to_LShoulder,ry,0.013379486254326542,0.05794616753815072,0.044566681283824176,0.09208607691533682,0.09786068270412276
252_T1_R1_vs_R2,natural_variability,4,Chest_to_LShoulder_rz,Chest_to_LShoulder,rz,0.04660899464416117,0.004208030970908741,-0.042400963673252426,0.09208607691533682,0.09786068270412276
252_T1_R1_vs_R2,natural_variability,4,Chest_to_Neck_rx,Chest_to_Neck,rx,0.015942296874585867,0.02533757359694888,0.009395276722363014,0.09208607691533682,0.09786068270412276
252_T1_R1_vs_R2,natural_variability,4,Chest_to_Neck_ry,Chest_to_Neck,ry,0.0405921772250411,0.06814916679595952,0.02755698957091842,0.09208607691533682,0.09786068270412276
252_T1_R1_vs_R2,natural_variability,4,Chest_to_Neck_rz,Chest_to_Neck,rz,0.03246094839067119,0.04096138472431323,0.008500436333642038,0.09208607691533682,0.09786068270412276
252_T1_R1_vs_R2,natural_variability,4,Chest_to_RShoulder_rx,Chest_to_RShoulder,rx,0.048274707333543665,0.020125934922423944,-0.02814877241111972,0.09208607691533682,0.09786068270412276
252_T1_R1_vs_R2,natural_variability,4,Chest_to_RShoulder_ry,Chest_to_RShoulder,ry,0.01069527817542396,0.04157666417865242,0.030881386003228456,0.09208607691533682,0.09786068270412276
252_T1_R1_vs_R2,natural_variability,4,Chest_to_RShoulder_rz,Chest_to_RShoulder,rz,0.06553681569120516,0.036774282059865486,-0.028762533631339675,0.09208607691533682,0.09786068270412276
252_T1_R1_vs_R2,natural_variability,4,LFArm_to_LHand_rx,LFArm_to_LHand,rx,0.0020700073634628757,0.0235797116733597,0.021509704309896824,0.09208607691533682,0.09786068270412276
252_T1_R1_vs_R2,natural_variability,4,LFArm_to_LHand_ry,LFArm_to_LHand,ry,0.010663669675009868,0.10421592343701659,0.09355225376200672,0.09208607691533682,0.09786068270412276
252_T1_R1_vs_R2,natural_variability,4,LFArm_to_LHand_rz,LFArm_to_LHand,rz,0.030133941608652348,0.15494639025852303,0.12481244864987068,0.09208607691533682,0.09786068270412276
252_T1_R1_vs_R2,natural_variability,4,LShin_to_LFoot_rx,LShin_to_LFoot,rx,0.0232535760324259,0.055351997611367554,0.032098421578941654,0.09208607691533682,0.09786068270412276
252_T1_R1_vs_R2,natural_variability,4,LShin_to_LFoot_ry,LShin_to_LFoot,ry,0.035999488157122186,0.02006569554571473,-0.015933792611407458,0.09208607691533682,0.09786068270412276
252_T1_R1_vs_R2,natural_variability,4,LShin_to_LFoot_rz,LShin_to_LFoot,rz,0.012534929022157887,0.005594589898649996,-0.006940339123507891,0.09208607691533682,0.09786068270412276
252_T1_R1_vs_R2,natural_variability,4,LShoulder_to_LUArm_rx,LShoulder_to_LUArm,rx,0.009473209463865026,0.12358658003393547,0.11411337057007044,0.09208607691533682,0.09786068270412276
252_T1_R1_vs_R2,natural_variability,4,LShoulder_to_LUArm_ry,LShoulder_to_LUArm,ry,0.08386470436916346,0.5602785020676491,0.4764137976984856,0.09208607691533682,0.09786068270412276
252_T1_R1_vs_R2,natural_variability,4,LShoulder_to_LUArm_rz,LShoulder_to_LUArm,rz,0.13369491844215278,0.07123180538789807,-0.06246311305425471,0.09208607691533682,0.09786068270412276
252_T1_R1_vs_R2,natural_variability,4,LThigh_to_LShin_rx,LThigh_to_LShin,rx,0.32289346581524686,0.03375936534817446,-0.2891341004670724,0.09208607691533682,0.09786068270412276
252_T1_R1_vs_R2,natural_variability,4,LThigh_to_LShin_ry,LThigh_to_LShin,ry,4.968251136223967e-09,1.3322971678200183e-08,8.354720541976216e-09,0.09208607691533682,0.09786068270412276
252_T1_R1_vs_R2,natural_variability,4,LThigh_to_LShin_rz,LThigh_to_LShin,rz,1.36397422316979e-08,9.359198283178908e-09,-4.2805439485189925e-09,0.09208607691533682,0.09786068270412276
252_T1_R1_vs_R2,natural_variability,4,LUArm_to_LFArm_rx,LUArm_to_LFArm,rx,0.15073082162647322,0.3248065700105893,0.1740757483841161,0.09208607691533682,0.09786068270412276
252_T1_R1_vs_R2,natural_variability,4,LUArm_to_LFArm_ry,LUArm_to_LFArm,ry,0.44277089530013336,0.4676226374685348,0.024851742168401414,0.09208607691533682,0.09786068270412276
252_T1_R1_vs_R2,natural_variability,4,LUArm_to_LFArm_rz,LUArm_to_LFArm,rz,0.017854599190129834,0.14364267699178315,0.12578807780165333,0.09208607691533682,0.09786068270412276
252_T1_R1_vs_R2,natural_variability,4,Neck_to_Head_rx,Neck_to_Head,rx,0.015568063322320459,0.0250263882831881,0.009458324960867643,0.09208607691533682,0.09786068270412276
252_T1_R1_vs_R2,natural_variability,4,Neck_to_Head_ry,Neck_to_Head,ry,0.04625998698698826,0.07490511600910392,0.028645129022115662,0.09208607691533682,0.09786068270412276
252_T1_R1_vs_R2,natural_variability,4,Neck_to_Head_rz,Neck_to_Head,rz,0.024147985736505784,0.027117895728701474,0.00296990999219569,0.09208607691533682,0.09786068270412276
252_T1_R1_vs_R2,natural_variability,4,RFArm_to_RHand_rx,RFArm_to_RHand,rx,0.0043078210762948765,0.0005674035567495046,-0.003740417519545372,0.09208607691533682,0.09786068270412276
252_T1_R1_vs_R2,natural_variability,4,RFArm_to_RHand_ry,RFArm_to_RHand,ry,0.007859995804298314,0.046388997829421845,0.038529002025123535,0.09208607691533682,0.09786068270412276
252_T1_R1_vs_R2,natural_variability,4,RFArm_to_RHand_rz,RFArm_to_RHand,rz,0.10259055101989355,0.01766563670173142,-0.08492491431816213,0.09208607691533682,0.09786068270412276
252_T1_R1_vs_R2,natural_variability,4,RShin_to_RFoot_rx,RShin_to_RFoot,rx,0.10838286970389274,0.018989724027906493,-0.08939314567598625,0.09208607691533682,0.09786068270412276
252_T1_R1_vs_R2,natural_variability,4,RShin_to_RFoot_ry,RShin_to_RFoot,ry,0.018815494062625393,0.045659256144251245,0.026843762081625852,0.09208607691533682,0.09786068270412276
252_T1_R1_vs_R2,natural_variability,4,RShin_to_RFoot_rz,RShin_to_RFoot,rz,0.07298980435159938,0.023484511156340697,-0.04950529319525868,0.09208607691533682,0.09786068270412276
252_T1_R1_vs_R2,natural_variability,4,RShoulder_to_RUArm_rx,RShoulder_to_RUArm,rx,0.43181478071727714,0.14575135947705756,-0.28606342124021955,0.09208607691533682,0.09786068270412276
252_T1_R1_vs_R2,natural_variability,4,RShoulder_to_RUArm_ry,RShoulder_to_RUArm,ry,0.07414162632353632,0.16255057918765528,0.08840895286411896,0.09208607691533682,0.09786068270412276
252_T1_R1_vs_R2,natural_variability,4,RShoulder_to_RUArm_rz,RShoulder_to_RUArm,rz,0.10868757507269669,0.18969426545774928,0.0810066903850526,0.09208607691533682,0.09786068270412276
252_T1_R1_vs_R2,natural_variability,4,RThigh_to_RShin_rx,RThigh_to_RShin,rx,0.16486091401178,0.10845972821474553,-0.05640118579703446,0.09208607691533682,0.09786068270412276
252_T1_R1_vs_R2,natural_variability,4,RThigh_to_RShin_ry,RThigh_to_RShin,ry,1.0026689161086072e-08,3.85873826854777e-08,2.856069352439163e-08,0.09208607691533682,0.09786068270412276
252_T1_R1_vs_R2,natural_variability,4,RThigh_to_RShin_rz,RThigh_to_RShin,rz,2.3614298007324652e-08,1.0490675346955669e-08,-1.3123622660368984e-08,0.09208607691533682,0.09786068270412276
252_T1_R1_vs_R2,natural_variability,4,RUArm_to_RFArm_rx,RUArm_to_RFArm,rx,0.4290929823278757,0.08305271026920819,-0.3460402720586675,0.09208607691533682,0.09786068270412276
252_T1_R1_vs_R2,natural_variability,4,RUArm_to_RFArm_ry,RUArm_to_RFArm,ry,0.41106796624353625,0.3180938134342,-0.09297415280933624,0.09208607691533682,0.09786068270412276
252_T1_R1_vs_R2,natural_variability,4,RUArm_to_RFArm_rz,RUArm_to_RFArm,rz,0.00471905036807497,0.11594474328787206,0.11122569291979709,0.09208607691533682,0.09786068270412276
252_T1_R1_vs_R2,natural_variability,5,252_to_LThigh_rx,252_to_LThigh,rx,0.24934757785282474,0.047447879721851945,-0.2018996981309728,0.07049185776145955,0.09020530572662894
252_T1_R1_vs_R2,natural_variability,5,252_to_LThigh_ry,252_to_LThigh,ry,0.044602174234681824,0.10719509113689818,0.06259291690221636,0.07049185776145955,0.09020530572662894
252_T1_R1_vs_R2,natural_variability,5,252_to_LThigh_rz,252_to_LThigh,rz,0.02436267422188741,0.005833333215746181,-0.018529341006141228,0.07049185776145955,0.09020530572662894
252_T1_R1_vs_R2,natural_variability,5,252_to_RThigh_rx,252_to_RThigh,rx,0.16771738692351404,0.03592223575910821,-0.13179515116440582,0.07049185776145955,0.09020530572662894
252_T1_R1_vs_R2,natural_variability,5,252_to_RThigh_ry,252_to_RThigh,ry,0.015553783293667,0.09052251376743746,0.07496873047377046,0.07049185776145955,0.09020530572662894
252_T1_R1_vs_R2,natural_variability,5,252_to_RThigh_rz,252_to_RThigh,rz,0.10785841644385316,0.06513813102395279,-0.042720285419900375,0.07049185776145955,0.09020530572662894
252_T1_R1_vs_R2,natural_variability,5,Chest_to_LShoulder_rx,Chest_to_LShoulder,rx,0.02931773463205871,0.05066751685487804,0.02134978222281933,0.07049185776145955,0.09020530572662894
252_T1_R1_vs_R2,natural_variability,5,Chest_to_LShoulder_ry,Chest_to_LShoulder,ry,0.03781806955801728,0.0038548273627523433,-0.03396324219526494,0.07049185776145955,0.09020530572662894
252_T1_R1_vs_R2,natural_variability,5,Chest_to_LShoulder_rz,Chest_to_LShoulder,rz,0.03615047910369061,0.0677334351050728,0.031582956001382195,0.07049185776145955,0.09020530572662894
252_T1_R1_vs_R2,natural_variability,5,Chest_to_Neck_rx,Chest_to_Neck,rx,0.0464572695933161,0.03780513713841202,-0.00865213245490408,0.07049185776145955,0.09020530572662894
252_T1_R1_vs_R2,natural_variability,5,Chest_to_Neck_ry,Chest_to_Neck,ry,0.044956681890579005,7.319482217750108e-05,-0.044883487068401506,0.07049185776145955,0.09020530572662894
252_T1_R1_vs_R2,natural_variability,5,Chest_to_Neck_rz,Chest_to_Neck,rz,0.022176239421754392,0.051645988077771855,0.029469748656017463,0.07049185776145955,0.09020530572662894
252_T1_R1_vs_R2,natural_variability,5,Chest_to_RShoulder_rx,Chest_to_RShoulder,rx,0.0004338260081951572,0.041977123404670455,0.0415432973964753,0.07049185776145955,0.09020530572662894
252_T1_R1_vs_R2,natural_variability,5,Chest_to_RShoulder_ry,Chest_to_RShoulder,ry,0.02894085524856908,0.008333389810295319,-0.020607465438273763,0.07049185776145955,0.09020530572662894
252_T1_R1_vs_R2,natural_variability,5,Chest_to_RShoulder_rz,Chest_to_RShoulder,rz,0.031061822460742523,0.003825387186967255,-0.02723643527377527,0.07049185776145955,0.09020530572662894
252_T1_R1_vs_R2,natural_variability,5,LFArm_to_LHand_rx,LFArm_to_LHand,rx,0.020155660597089613,0.018988658330866055,-0.0011670022662235574,0.07049185776145955,0.09020530572662894
252_T1_R1_vs_R2,natural_variability,5,LFArm_to_LHand_ry,LFArm_to_LHand,ry,0.09731862743252036,0.05910433328634208,-0.03821429414617828,0.07049185776145955,0.09020530572662894
252_T1_R1_vs_R2,natural_variability,5,LFArm_to_LHand_rz,LFArm_to_LHand,rz,0.11868558954919531,0.10615466910706167,-0.012530920442133636,0.07049185776145955,0.09020530572662894
252_T1_R1_vs_R2,natural_variability,5,LShin_to_LFoot_rx,LShin_to_LFoot,rx,0.0804683797622504,0.08636028720660237,0.005891907444351974,0.07049185776145955,0.09020530572662894
252_T1_R1_vs_R2,natural_variability,5,LShin_to_LFoot_ry,LShin_to_LFoot,ry,0.011533008239154484,0.006301552010310358,-0.005231456228844126,0.07049185776145955,0.09020530572662894
252_T1_R1_vs_R2,natural_variability,5,LShin_to_LFoot_rz,LShin_to_LFoot,rz,0.008151156727285263,0.04593605895909329,0.037784902231808026,0.07049185776145955,0.09020530572662894
252_T1_R1_vs_R2,natural_variability,5,LShoulder_to_LUArm_rx,LShoulder_to_LUArm,rx,0.24414663236553943,0.4136933320040319,0.16954669963849248,0.07049185776145955,0.09020530572662894
252_T1_R1_vs_R2,natural_variability,5,LShoulder_to_LUArm_ry,LShoulder_to_LUArm,ry,0.41539274677974,0.1791226165615922,-0.23627013021814777,0.07049185776145955,0.09020530572662894
252_T1_R1_vs_R2,natural_variability,5,LShoulder_to_LUArm_rz,LShoulder_to_LUArm,rz,0.1757906144797593,0.10097344432496742,-0.07481717015479188,0.07049185776145955,0.09020530572662894
252_T1_R1_vs_R2,natural_variability,5,LThigh_to_LShin_rx,LThigh_to_LShin,rx,0.07040875981733814,0.1288970336040662,0.058488273786728065,0.07049185776145955,0.09020530572662894
252_T1_R1_vs_R2,natural_variability,5,LThigh_to_LShin_ry,LThigh_to_LShin,ry,2.3183684174279354e-08,2.2533173823983966e-08,-6.505103502953884e-10,0.07049185776145955,0.09020530572662894
252_T1_R1_vs_R2,natural_variability,5,LThigh_to_LShin_rz,LThigh_to_LShin,rz,2.3468367433610827e-08,1.0666164653544846e-08,-1.280220278006598e-08,0.07049185776145955,0.09020530572662894
252_T1_R1_vs_R2,natural_variability,5,LUArm_to_LFArm_rx,LUArm_to_LFArm,rx,0.4448507420231438,0.4335939834289285,-0.011256758594215266,0.07049185776145955,0.09020530572662894
252_T1_R1_vs_R2,natural_variability,5,LUArm_to_LFArm_ry,LUArm_to_LFArm,ry,0.2527949574248886,0.21858466704035276,-0.03421029038453585,0.07049185776145955,0.09020530572662894
252_T1_R1_vs_R2,natural_variability,5,LUArm_to_LFArm_rz,LUArm_to_LFArm,rz,0.14531827373957398,0.11186021061229784,-0.033458063127276144,0.07049185776145955,0.09020530572662894
252_T1_R1_vs_R2,natural_variability,5,Neck_to_Head_rx,Neck_to_Head,rx,0.046249213365531935,0.03780008984054509,-0.008449123524986848,0.07049185776145955,0.09020530572662894
252_T1_R1_vs_R2,natural_variability,5,Neck_to_Head_ry,Neck_to_Head,ry,0.04851745546729579,0.009862765079446355,-0.03865469038784944,0.07049185776145955,0.09020530572662894
252_T1_R1_vs_R2,natural_variability,5,Neck_to_Head_rz,Neck_to_Head,rz,0.01303556188501142,0.050839569661766025,0.037804007776754606,0.07049185776145955,0.09020530572662894
252_T1_R1_vs_R2,natural_variability,5,RFArm_to_RHand_rx,RFArm_to_RHand,rx,0.0027363540439554078,0.0006406385771097967,-0.002095715466845611,0.07049185776145955,0.09020530572662894
252_T1_R1_vs_R2,natural_variability,5,RFArm_to_RHand_ry,RFArm_to_RHand,ry,0.0014606471938933892,0.014025875500136674,0.012565228306243284,0.07049185776145955,0.09020530572662894
252_T1_R1_vs_R2,natural_variability,5,RFArm_to_RHand_rz,RFArm_to_RHand,rz,0.03833214520816756,0.04884868018707908,0.010516534978911522,0.07049185776145955,0.09020530572662894
252_T1_R1_vs_R2,natural_variability,5,RShin_to_RFoot_rx,RShin_to_RFoot,rx,0.06930127998657822,0.035732539467519996,-0.03356874051905822,0.07049185776145955,0.09020530572662894
252_T1_R1_vs_R2,natural_variability,5,RShin_to_RFoot_ry,RShin_to_RFoot,ry,0.10143103225886105,0.0721942716578891,-0.029236760600971953,0.07049185776145955,0.09020530572662894
252_T1_R1_vs_R2,natural_variability,5,RShin_to_RFoot_rz,RShin_to_RFoot,rz,0.09819155287865534,0.005970611119161054,-0.09222094175949429,0.07049185776145955,0.09020530572662894
252_T1_R1_vs_R2,natural_variability,5,RShoulder_to_RUArm_rx,RShoulder_to_RUArm,rx,0.21950614735486368,0.2610439674319584,0.04153782007709472,0.07049185776145955,0.09020530572662894
252_T1_R1_vs_R2,natural_variability,5,RShoulder_to_RUArm_ry,RShoulder_to_RUArm,ry,0.1852877542140928,0.11580225696310044,-0.06948549725099236,0.07049185776145955,0.09020530572662894
252_T1_R1_vs_R2,natural_variability,5,RShoulder_to_RUArm_rz,RShoulder_to_RUArm,rz,0.10354259946462083,0.04379060954451224,-0.059751989920108585,0.07049185776145955,0.09020530572662894
252_T1_R1_vs_R2,natural_variability,5,RThigh_to_RShin_rx,RThigh_to_RShin,rx,0.4182413212204797,0.11492397436640386,-0.30331734685407585,0.07049185776145955,0.09020530572662894
252_T1_R1_vs_R2,natural_variability,5,RThigh_to_RShin_ry,RThigh_to_RShin,ry,3.639124401654394e-08,1.738273432854561e-08,-1.900850968799833e-08,0.07049185776145955,0.09020530572662894
252_T1_R1_vs_R2,natural_variability,5,RThigh_to_RShin_rz,RThigh_to_RShin,rz,1.2225968141836997e-08,1.698405967814587e-08,4.758091536308874e-09,0.07049185776145955,0.09020530572662894
252_T1_R1_vs_R2,natural_variability,5,RUArm_to_RFArm_rx,RUArm_to_RFArm,rx,0.053750186436991663,0.2514577920492796,0.19770760561228792,0.07049185776145955,0.09020530572662894
252_T1_R1_vs_R2,natural_variability,5,RUArm_to_RFArm_ry,RUArm_to_RFArm,ry,0.04049964839490423,0.5253403216863888,0.48484067329148456,0.07049185776145955,0.09020530572662894
252_T1_R1_vs_R2,natural_variability,5,RUArm_to_RFArm_rz,RUArm_to_RFArm,rz,0.005627915087795981,0.08490451695056277,0.07927660186276679,0.07049185776145955,0.09020530572662894
252_T1_R1_vs_R2,natural_variability,6,252_to_LThigh_rx,252_to_LThigh,rx,0.2560004363976855,0.15925794829624862,-0.09674248810143687,0.046987463186823,0.0713136403316292
252_T1_R1_vs_R2,natural_variability,6,252_to_LThigh_ry,252_to_LThigh,ry,0.03649534147939567,0.1050040148240141,0.06850867334461844,0.046987463186823,0.0713136403316292
252_T1_R1_vs_R2,natural_variability,6,252_to_LThigh_rz,252_to_LThigh,rz,0.026989343574828493,0.1435022338035346,0.11651289022870612,0.046987463186823,0.0713136403316292
252_T1_R1_vs_R2,natural_variability,6,252_to_RThigh_rx,252_to_RThigh,rx,0.056686295816686806,0.3685569570233554,0.31187066120666856,0.046987463186823,0.0713136403316292
252_T1_R1_vs_R2,natural_variability,6,252_to_RThigh_ry,252_to_RThigh,ry,0.02045554359615659,0.0955010744279048,0.07504553083174821,0.046987463186823,0.0713136403316292
252_T1_R1_vs_R2,natural_variability,6,252_to_RThigh_rz,252_to_RThigh,rz,0.058883909124971996,0.05298080474189652,-0.005903104383075473,0.046987463186823,0.0713136403316292
252_T1_R1_vs_R2,natural_variability,6,Chest_to_LShoulder_rx,Chest_to_LShoulder,rx,0.0452609023156152,0.0026421422902729672,-0.042618760025342234,0.046987463186823,0.0713136403316292
252_T1_R1_vs_R2,natural_variability,6,Chest_to_LShoulder_ry,Chest_to_LShoulder,ry,0.07401699840026878,0.04138113677358019,-0.032635861626688585,0.046987463186823,0.0713136403316292
252_T1_R1_vs_R2,natural_variability,6,Chest_to_LShoulder_rz,Chest_to_LShoulder,rz,0.039418216348866525,0.04249034963830442,0.003072133289437895,0.046987463186823,0.0713136403316292
252_T1_R1_vs_R2,natural_variability,6,Chest_to_Neck_rx,Chest_to_Neck,rx,0.04118523722419961,0.02635127853746153,-0.01483395868673808,0.046987463186823,0.0713136403316292
252_T1_R1_vs_R2,natural_variability,6,Chest_to_Neck_ry,Chest_to_Neck,ry,0.0007595862160395648,0.0005165811907016514,-0.00024300502533791343,0.046987463186823,0.0713136403316292
252_T1_R1_vs_R2,natural_variability,6,Chest_to_Neck_rz,Chest_to_Neck,rz,0.04791598669823777,0.02854002200332055,-0.019375964694917217,0.046987463186823,0.0713136403316292
252_T1_R1_vs_R2,natural_variability,6,Chest_to_RShoulder_rx,Chest_to_RShoulder,rx,0.05708725542627325,0.03042052332877093,-0.02666673209750232,0.046987463186823,0.0713136403316292
252_T1_R1_vs_R2,natural_variability,6,Chest_to_RShoulder_ry,Chest_to_RShoulder,ry,0.06254021862090031,0.031140092002834404,-0.031400126618065904,0.046987463186823,0.0713136403316292
252_T1_R1_vs_R2,natural_variability,6,Chest_to_RShoulder_rz,Chest_to_RShoulder,rz,0.10597823832662598,0.0402066015017195,-0.06577163682490647,0.046987463186823,0.0713136403316292
252_T1_R1_vs_R2,natural_variability,6,LFArm_to_LHand_rx,LFArm_to_LHand,rx,0.0036706001934918293,0.013145709392017244,0.009475109198525414,0.046987463186823,0.0713136403316292
252_T1_R1_vs_R2,natural_variability,6,LFArm_to_LHand_ry,LFArm_to_LHand,ry,0.001807802924218759,0.045654161133174435,0.043846358208955674,0.046987463186823,0.0713136403316292
252_T1_R1_vs_R2,natural_variability,6,LFArm_to_LHand_rz,LFArm_to_LHand,rz,0.05066502502350366,0.032449065997899665,-0.018215959025603995,0.046987463186823,0.0713136403316292
252_T1_R1_vs_R2,natural_variability,6,LShin_to_LFoot_rx,LShin_to_LFoot,rx,0.04850491563266844,0.12594040777618887,0.07743549214352043,0.046987463186823,0.0713136403316292
252_T1_R1_vs_R2,natural_variability,6,LShin_to_LFoot_ry,LShin_to_LFoot,ry,0.04543416526411659,0.030683227189365614,-0.014750938074750974,0.046987463186823,0.0713136403316292
252_T1_R1_vs_R2,natural_variability,6,LShin_to_LFoot_rz,LShin_to_LFoot,rz,0.006128989257173605,0.024139063432723033,0.01801007417554943,0.046987463186823,0.0713136403316292
252_T1_R1_vs_R2,natural_variability,6,LShoulder_to_LUArm_rx,LShoulder_to_LUArm,rx,0.16928752190407523,0.1395373117541888,-0.029750210149886436,0.046987463186823,0.0713136403316292
252_T1_R1_vs_R2,natural_variability,6,LShoulder_to_LUArm_ry,LShoulder_to_LUArm,ry,0.2091474919750303,0.16045439209907603,-0.04869309987595427,0.046987463186823,0.0713136403316292
252_T1_R1_vs_R2,natural_variability,6,LShoulder_to_LUArm_rz,LShoulder_to_LUArm,rz,0.309590369989051,0.05844716867343332,-0.2511432013156177,0.046987463186823,0.0713136403316292
252_T1_R1_vs_R2,natural_variability,6,LThigh_to_LShin_rx,LThigh_to_LShin,rx,0.10129231508119355,0.1534353816367816,0.052143066555588063,0.046987463186823,0.0713136403316292
252_T1_R1_vs_R2,natural_variability,6,LThigh_to_LShin_ry,LThigh_to_LShin,ry,3.102111621992372e-08,5.901988097954438e-08,2.7998764759620658e-08,0.046987463186823,0.0713136403316292
252_T1_R1_vs_R2,natural_variability,6,LThigh_to_LShin_rz,LThigh_to_LShin,rz,5.3162130440633516e-09,3.733527866198601e-08,3.201906561792266e-08,0.046987463186823,0.0713136403316292
252_T1_R1_vs_R2,natural_variability,6,LUArm_to_LFArm_rx,LUArm_to_LFArm,rx,0.02251317465270218,0.1504588646856879,0.12794569003298573,0.046987463186823,0.0713136403316292
252_T1_R1_vs_R2,natural_variability,6,LUArm_to_LFArm_ry,LUArm_to_LFArm,ry,0.034658416752630136,0.3102954375469685,0.2756370207943383,0.046987463186823,0.0713136403316292
252_T1_R1_vs_R2,natural_variability,6,LUArm_to_LFArm_rz,LUArm_to_LFArm,rz,0.03923352517765826,0.07584115115355254,0.03660762597589428,0.046987463186823,0.0713136403316292
252_T1_R1_vs_R2,natural_variability,6,Neck_to_Head_rx,Neck_to_Head,rx,0.04086837096871889,0.02616910156068795,-0.01469926940803094,0.046987463186823,0.0713136403316292
252_T1_R1_vs_R2,natural_variability,6,Neck_to_Head_ry,Neck_to_Head,ry,0.009733455088110075,0.004715615198082869,-0.005017839890027206,0.046987463186823,0.0713136403316292
252_T1_R1_vs_R2,natural_variability,6,Neck_to_Head_rz,Neck_to_Head,rz,0.046936255886206,0.028034731756882106,-0.018901524129323895,0.046987463186823,0.0713136403316292
252_T1_R1_vs_R2,natural_variability,6,RFArm_to_RHand_rx,RFArm_to_RHand,rx,0.002649335856166746,0.000358481893261936,-0.00229085396290481,0.046987463186823,0.0713136403316292
252_T1_R1_vs_R2,natural_variability,6,RFArm_to_RHand_ry,RFArm_to_RHand,ry,0.04174425137743201,0.0156683685298789,-0.026075882847553113,0.046987463186823,0.0713136403316292
252_T1_R1_vs_R2,natural_variability,6,RFArm_to_RHand_rz,RFArm_to_RHand,rz,0.051835996181785776,0.010875695945542715,-0.04096030023624306,0.046987463186823,0.0713136403316292
252_T1_R1_vs_R2,natural_variability,6,RShin_to_RFoot_rx,RShin_to_RFoot,rx,0.08662009927617453,0.09800259907755972,0.011382499801385185,0.046987463186823,0.0713136403316292
252_T1_R1_vs_R2,natural_variability,6,RShin_to_RFoot_ry,RShin_to_RFoot,ry,0.03619686416473841,0.06399946982837344,0.02780260566363503,0.046987463186823,0.0713136403316292
252_T1_R1_vs_R2,natural_variability,6,RShin_to_RFoot_rz,RShin_to_RFoot,rz,0.038935232502403216,0.08888224656655534,0.049947014064152126,0.046987463186823,0.0713136403316292
252_T1_R1_vs_R2,natural_variability,6,RShoulder_to_RUArm_rx,RShoulder_to_RUArm,rx,0.29616966977955234,0.09723269731974725,-0.19893697245980507,0.046987463186823,0.0713136403316292
252_T1_R1_vs_R2,natural_variability,6,RShoulder_to_RUArm_ry,RShoulder_to_RUArm,ry,0.170480279308479,0.058965621224450086,-0.11151465808402891,0.046987463186823,0.0713136403316292
252_T1_R1_vs_R2,natural_variability,6,RShoulder_to_RUArm_rz,RShoulder_to_RUArm,rz,0.6672534343211871,0.28244276301156107,-0.38481067130962604,0.046987463186823,0.0713136403316292
252_T1_R1_vs_R2,natural_variability,6,RThigh_to_RShin_rx,RThigh_to_RShin,rx,0.270021433485984,0.6458995136492965,0.37587808016331253,0.046987463186823,0.0713136403316292
252_T1_R1_vs_R2,natural_variability,6,RThigh_to_RShin_ry,RThigh_to_RShin,ry,1.6770590423349773e-09,1.9217257651658265e-08,1.754019860932329e-08,0.046987463186823,0.0713136403316292
252_T1_R1_vs_R2,natural_variability,6,RThigh_to_RShin_rz,RThigh_to_RShin,rz,4.972701080760929e-08,2.7780917654273973e-08,-2.1946093153335317e-08,0.046987463186823,0.0713136403316292
252_T1_R1_vs_R2,natural_variability,6,RUArm_to_RFArm_rx,RUArm_to_RFArm,rx,0.15170227713564666,0.14506577759920977,-0.006636499536436885,0.046987463186823,0.0713136403316292
252_T1_R1_vs_R2,natural_variability,6,RUArm_to_RFArm_ry,RUArm_to_RFArm,ry,0.16116639344402137,0.1036948724314177,-0.057471521012603666,0.046987463186823,0.0713136403316292
252_T1_R1_vs_R2,natural_variability,6,RUArm_to_RFArm_rz,RUArm_to_RFArm,rz,0.048945358768744715,0.06342334061391441,0.014477981845169699,0.046987463186823,0.0713136403316292
252_T1_R1_vs_R2,natural_variability,7,252_to_LThigh_rx,252_to_LThigh,rx,0.0727447361461185,0.013149742899631613,-0.059594993246486885,0.04475131680022564,0.05050999356039066
252_T1_R1_vs_R2,natural_variability,7,252_to_LThigh_ry,252_to_LThigh,ry,0.15880059364425356,0.04694519237351222,-0.11185540127074134,0.04475131680022564,0.05050999356039066
252_T1_R1_vs_R2,natural_variability,7,252_to_LThigh_rz,252_to_LThigh,rz,0.13406515693224794,0.026429591109128566,-0.10763556582311937,0.04475131680022564,0.05050999356039066
252_T1_R1_vs_R2,natural_variability,7,252_to_RThigh_rx,252_to_RThigh,rx,0.44341769113412227,0.13666734310367953,-0.30675034803044277,0.04475131680022564,0.05050999356039066
252_T1_R1_vs_R2,natural_variability,7,252_to_RThigh_ry,252_to_RThigh,ry,0.15586285739941635,0.0911407088944739,-0.06472214850494246,0.04475131680022564,0.05050999356039066
252_T1_R1_vs_R2,natural_variability,7,252_to_RThigh_rz,252_to_RThigh,rz,0.028499519473210166,0.15269735641074628,0.12419783693753611,0.04475131680022564,0.05050999356039066
252_T1_R1_vs_R2,natural_variability,7,Chest_to_LShoulder_rx,Chest_to_LShoulder,rx,0.0676306177445255,0.013424403376236302,-0.0542062143682892,0.04475131680022564,0.05050999356039066
252_T1_R1_vs_R2,natural_variability,7,Chest_to_LShoulder_ry,Chest_to_LShoulder,ry,0.06270969250134925,0.01987757660649024,-0.04283211589485901,0.04475131680022564,0.05050999356039066
252_T1_R1_vs_R2,natural_variability,7,Chest_to_LShoulder_rz,Chest_to_LShoulder,rz,0.045449310046004256,0.04125508374632526,-0.004194226299678992,0.04475131680022564,0.05050999356039066
252_T1_R1_vs_R2,natural_variability,7,Chest_to_Neck_rx,Chest_to_Neck,rx,0.046945857559988834,0.02675202238729666,-0.020193835172692173,0.04475131680022564,0.05050999356039066
252_T1_R1_vs_R2,natural_variability,7,Chest_to_Neck_ry,Chest_to_Neck,ry,0.03535368681241648,0.09607301676654649,0.060719329954130014,0.04475131680022564,0.05050999356039066
252_T1_R1_vs_R2,natural_variability,7,Chest_to_Neck_rz,Chest_to_Neck,rz,0.06723443497151639,0.01448211136021867,-0.052752323611297725,0.04475131680022564,0.05050999356039066
252_T1_R1_vs_R2,natural_variability,7,Chest_to_RShoulder_rx,Chest_to_RShoulder,rx,0.006497737519291901,0.008200138405616642,0.0017024008863247408,0.04475131680022564,0.05050999356039066
252_T1_R1_vs_R2,natural_variability,7,Chest_to_RShoulder_ry,Chest_to_RShoulder,ry,0.05170855868936379,0.013945884398454862,-0.03776267429090893,0.04475131680022564,0.05050999356039066
252_T1_R1_vs_R2,natural_variability,7,Chest_to_RShoulder_rz,Chest_to_RShoulder,rz,0.03903098571179552,0.014802555547920074,-0.02422843016387545,0.04475131680022564,0.05050999356039066
252_T1_R1_vs_R2,natural_variability,7,LFArm_to_LHand_rx,LFArm_to_LHand,rx,0.002657870383088127,0.02307018605376542,0.020412315670677292,0.04475131680022564,0.05050999356039066
252_T1_R1_vs_R2,natural_variability,7,LFArm_to_LHand_ry,LFArm_to_LHand,ry,0.006318814037078664,0.0448857289779347,0.03856691494085603,0.04475131680022564,0.05050999356039066
252_T1_R1_vs_R2,natural_variability,7,LFArm_to_LHand_rz,LFArm_to_LHand,rz,0.040219899640005254,0.13179738253661546,0.09157748289661022,0.04475131680022564,0.05050999356039066
252_T1_R1_vs_R2,natural_variability,7,LShin_to_LFoot_rx,LShin_to_LFoot,rx,0.09749243486296655,0.017624525495328953,-0.0798679093676376,0.04475131680022564,0.05050999356039066
252_T1_R1_vs_R2,natural_variability,7,LShin_to_LFoot_ry,LShin_to_LFoot,ry,0.022853387035398184,0.017882515362733418,-0.004970871672664766,0.04475131680022564,0.05050999356039066
252_T1_R1_vs_R2,natural_variability,7,LShin_to_LFoot_rz,LShin_to_LFoot,rz,0.03339471638607297,0.027633424653274268,-0.005761291732798702,0.04475131680022564,0.05050999356039066
252_T1_R1_vs_R2,natural_variability,7,LShoulder_to_LUArm_rx,LShoulder_to_LUArm,rx,0.5052737443184123,0.054738539809824925,-0.4505352045085874,0.04475131680022564,0.05050999356039066
252_T1_R1_vs_R2,natural_variability,7,LShoulder_to_LUArm_ry,LShoulder_to_LUArm,ry,0.05832682378489103,0.3058505244972001,0.2475237007123091,0.04475131680022564,0.05050999356039066
252_T1_R1_vs_R2,natural_variability,7,LShoulder_to_LUArm_rz,LShoulder_to_LUArm,rz,0.21787818274647835,0.16570699859562193,-0.05217118415085642,0.04475131680022564,0.05050999356039066
252_T1_R1_vs_R2,natural_variability,7,LThigh_to_LShin_rx,LThigh_to_LShin,rx,0.06416453459697363,0.16934955383084155,0.10518501923386792,0.04475131680022564,0.05050999356039066
252_T1_R1_vs_R2,natural_variability,7,LThigh_to_LShin_ry,LThigh_to_LShin,ry,4.644953740648234e-08,2.3791098649836523e-08,-2.2658438756645817e-08,0.04475131680022564,0.05050999356039066
252_T1_R1_vs_R2,natural_variability,7,LThigh_to_LShin_rz,LThigh_to_LShin,rz,4.1001656557912453e-08,2.923148170464976e-08,-1.1770174853262694e-08,0.04475131680022564,0.05050999356039066
252_T1_R1_vs_R2,natural_variability,7,LUArm_to_LFArm_rx,LUArm_to_LFArm,rx,0.2212498267421911,0.048561157233902495,-0.1726886695082886,0.04475131680022564,0.05050999356039066
252_T1_R1_vs_R2,natural_variability,7,LUArm_to_LFArm_ry,LUArm_to_LFArm,ry,0.0031557651229771706,0.3052438380909997,0.30208807296802254,0.04475131680022564,0.05050999356039066
252_T1_R1_vs_R2,natural_variability,7,LUArm_to_LFArm_rz,LUArm_to_LFArm,rz,0.148624729061235,0.004976304319029022,-0.143648424742206,0.04475131680022564,0.05050999356039066
252_T1_R1_vs_R2,natural_variability,7,Neck_to_Head_rx,Neck_to_Head,rx,0.04647174005413432,0.02739162028664095,-0.01908011976749337,0.04475131680022564,0.05050999356039066
252_T1_R1_vs_R2,natural_variability,7,Neck_to_Head_ry,Neck_to_Head,ry,0.022160978716928816,0.0971013160593812,0.07494033734245238,0.04475131680022564,0.05050999356039066
252_T1_R1_vs_R2,natural_variability,7,Neck_to_Head_rz,Neck_to_Head,rz,0.07274573863817452,0.004002068545806954,-0.06874367009236756,0.04475131680022564,0.05050999356039066
252_T1_R1_vs_R2,natural_variability,7,RFArm_to_RHand_rx,RFArm_to_RHand,rx,0.004173795103583783,0.003548496232031296,-0.0006252988715524871,0.04475131680022564,0.05050999356039066
252_T1_R1_vs_R2,natural_variability,7,RFArm_to_RHand_ry,RFArm_to_RHand,ry,0.023174109283344808,0.0009093572843102054,-0.0222647519990346,0.04475131680022564,0.05050999356039066
252_T1_R1_vs_R2,natural_variability,7,RFArm_to_RHand_rz,RFArm_to_RHand,rz,0.02147095270238419,0.06527617830020473,0.04380522559782053,0.04475131680022564,0.05050999356039066
252_T1_R1_vs_R2,natural_variability,7,RShin_to_RFoot_rx,RShin_to_RFoot,rx,0.11750103881671249,0.13833356442956643,0.02083252561285394,0.04475131680022564,0.05050999356039066
252_T1_R1_vs_R2,natural_variability,7,RShin_to_RFoot_ry,RShin_to_RFoot,ry,0.023540234375949563,0.0012455744907311557,-0.022294659885218407,0.04475131680022564,0.05050999356039066
252_T1_R1_vs_R2,natural_variability,7,RShin_to_RFoot_rz,RShin_to_RFoot,rz,0.03386331038079035,0.09826656018781646,0.06440324980702611,0.04475131680022564,0.05050999356039066
252_T1_R1_vs_R2,natural_variability,7,RShoulder_to_RUArm_rx,RShoulder_to_RUArm,rx,0.026033024134515442,0.1867334089304115,0.16070038479589605,0.04475131680022564,0.05050999356039066
252_T1_R1_vs_R2,natural_variability,7,RShoulder_to_RUArm_ry,RShoulder_to_RUArm,ry,0.06424134743994601,0.40450553489596325,0.3402641874560172,0.04475131680022564,0.05050999356039066
252_T1_R1_vs_R2,natural_variability,7,RShoulder_to_RUArm_rz,RShoulder_to_RUArm,rz,0.10124382523049268,0.2387524521325073,0.1375086269020146,0.04475131680022564,0.05050999356039066
252_T1_R1_vs_R2,natural_variability,7,RThigh_to_RShin_rx,RThigh_to_RShin,rx,0.4808020430668502,0.25433440969551113,-0.22646763337133907,0.04475131680022564,0.05050999356039066
252_T1_R1_vs_R2,natural_variability,7,RThigh_to_RShin_ry,RThigh_to_RShin,ry,2.947497479848961e-08,2.057439481378559e-08,-8.900579984704021e-09,0.04475131680022564,0.05050999356039066
252_T1_R1_vs_R2,natural_variability,7,RThigh_to_RShin_rz,RThigh_to_RShin,rz,1.39018472981638e-08,2.385924927733969e-08,9.957401979175889e-09,0.04475131680022564,0.05050999356039066
252_T1_R1_vs_R2,natural_variability,7,RUArm_to_RFArm_rx,RUArm_to_RFArm,rx,0.1454421346521468,0.33887708300253183,0.19343494835038502,0.04475131680022564,0.05050999356039066
252_T1_R1_vs_R2,natural_variability,7,RUArm_to_RFArm_ry,RUArm_to_RFArm,ry,0.14382810148178404,0.4287624247712724,0.28493432328948837,0.04475131680022564,0.05050999356039066
252_T1_R1_vs_R2,natural_variability,7,RUArm_to_RFArm_rz,RUArm_to_RFArm,rz,0.018067953951354663,0.045185197068341704,0.02711724311698704,0.04475131680022564,0.05050999356039066
252_T1_R1_vs_R2,natural_variability,8,252_to_LThigh_rx,252_to_LThigh,rx,0.05725611979079709,0.2913284604358161,0.23407234064501903,0.03364543319291001,0.030326185999186205
252_T1_R1_vs_R2,natural_variability,8,252_to_LThigh_ry,252_to_LThigh,ry,0.039728117227472055,0.02618303968053511,-0.013545077546936946,0.03364543319291001,0.030326185999186205
252_T1_R1_vs_R2,natural_variability,8,252_to_LThigh_rz,252_to_LThigh,rz,0.11987614202459429,0.11945529911116846,-0.0004208429134258257,0.03364543319291001,0.030326185999186205
252_T1_R1_vs_R2,natural_variability,8,252_to_RThigh_rx,252_to_RThigh,rx,0.1387226007414966,0.22277006940029517,0.08404746865879859,0.03364543319291001,0.030326185999186205
252_T1_R1_vs_R2,natural_variability,8,252_to_RThigh_ry,252_to_RThigh,ry,0.05717511259250399,0.021253872865318293,-0.035921239727185694,0.03364543319291001,0.030326185999186205
252_T1_R1_vs_R2,natural_variability,8,252_to_RThigh_rz,252_to_RThigh,rz,0.10643338825948732,0.09739312751691655,-0.009040260742570777,0.03364543319291001,0.030326185999186205
252_T1_R1_vs_R2,natural_variability,8,Chest_to_LShoulder_rx,Chest_to_LShoulder,rx,0.01763279893081487,0.05708057574512418,0.039447776814309304,0.03364543319291001,0.030326185999186205
252_T1_R1_vs_R2,natural_variability,8,Chest_to_LShoulder_ry,Chest_to_LShoulder,ry,0.07850155161480192,0.10015424720136891,0.02165269558656699,0.03364543319291001,0.030326185999186205
252_T1_R1_vs_R2,natural_variability,8,Chest_to_LShoulder_rz,Chest_to_LShoulder,rz,0.06632728228730438,0.026110678007649397,-0.04021660427965498,0.03364543319291001,0.030326185999186205
252_T1_R1_vs_R2,natural_variability,8,Chest_to_Neck_rx,Chest_to_Neck,rx,0.09218217828916267,0.10061535111497912,0.008433172825816446,0.03364543319291001,0.030326185999186205
252_T1_R1_vs_R2,natural_variability,8,Chest_to_Neck_ry,Chest_to_Neck,ry,0.10672145400921286,0.0035793350914407112,-0.10314211891777215,0.03364543319291001,0.030326185999186205
252_T1_R1_vs_R2,natural_variability,8,Chest_to_Neck_rz,Chest_to_Neck,rz,0.013237367777626173,0.05356950240198095,0.040332134624354775,0.03364543319291001,0.030326185999186205
252_T1_R1_vs_R2,natural_variability,8,Chest_to_RShoulder_rx,Chest_to_RShoulder,rx,0.015803483912340474,0.03784770426301562,0.022044220350675145,0.03364543319291001,0.030326185999186205
252_T1_R1_vs_R2,natural_variability,8,Chest_to_RShoulder_ry,Chest_to_RShoulder,ry,0.039438462103505496,0.08403984615789206,0.044601384054386566,0.03364543319291001,0.030326185999186205
252_T1_R1_vs_R2,natural_variability,8,Chest_to_RShoulder_rz,Chest_to_RShoulder,rz,0.019894789160271695,0.061143205859287036,0.04124841669901534,0.03364543319291001,0.030326185999186205
252_T1_R1_vs_R2,natural_variability,8,LFArm_to_LHand_rx,LFArm_to_LHand,rx,0.04122339210789486,0.013745268619540549,-0.02747812348835431,0.03364543319291001,0.030326185999186205
252_T1_R1_vs_R2,natural_variability,8,LFArm_to_LHand_ry,LFArm_to_LHand,ry,0.09716313938198988,0.014729909003076457,-0.08243323037891342,0.03364543319291001,0.030326185999186205
252_T1_R1_vs_R2,natural_variability,8,LFArm_to_LHand_rz,LFArm_to_LHand,rz,0.1982365953025365,0.07506618903155614,-0.12317040627098037,0.03364543319291001,0.030326185999186205
252_T1_R1_vs_R2,natural_variability,8,LShin_to_LFoot_rx,LShin_to_LFoot,rx,0.03604094384550337,0.0037600255533491245,-0.032280918292154244,0.03364543319291001,0.030326185999186205
252_T1_R1_vs_R2,natural_variability,8,LShin_to_LFoot_ry,LShin_to_LFoot,ry,0.09969346835299035,0.09517652751377172,-0.004516940839218636,0.03364543319291001,0.030326185999186205
252_T1_R1_vs_R2,natural_variability,8,LShin_to_LFoot_rz,LShin_to_LFoot,rz,0.03365704892669325,0.004583305877316001,-0.02907374304937725,0.03364543319291001,0.030326185999186205
252_T1_R1_vs_R2,natural_variability,8,LShoulder_to_LUArm_rx,LShoulder_to_LUArm,rx,0.05876451716361347,0.3238398057886085,0.265075288624995,0.03364543319291001,0.030326185999186205
252_T1_R1_vs_R2,natural_variability,8,LShoulder_to_LUArm_ry,LShoulder_to_LUArm,ry,0.4431599485364383,0.2673197351579543,-0.175840213378484,0.03364543319291001,0.030326185999186205
252_T1_R1_vs_R2,natural_variability,8,LShoulder_to_LUArm_rz,LShoulder_to_LUArm,rz,0.11036529113812654,0.4216042575130792,0.31123896637495263,0.03364543319291001,0.030326185999186205
252_T1_R1_vs_R2,natural_variability,8,LThigh_to_LShin_rx,LThigh_to_LShin,rx,0.18556912926283464,0.12038300434777799,-0.06518612491505665,0.03364543319291001,0.030326185999186205
252_T1_R1_vs_R2,natural_variability,8,LThigh_to_LShin_ry,LThigh_to_LShin,ry,2.749728116195917e-08,8.903930999082118e-09,-1.859335016287705e-08,0.03364543319291001,0.030326185999186205
252_T1_R1_vs_R2,natural_variability,8,LThigh_to_LShin_rz,LThigh_to_LShin,rz,3.130667360416545e-08,4.248365396665694e-09,-2.7058308207499754e-08,0.03364543319291001,0.030326185999186205
252_T1_R1_vs_R2,natural_variability,8,LUArm_to_LFArm_rx,LUArm_to_LFArm,rx,0.21556930411105102,0.052130299144404,-0.163439004966647,0.03364543319291001,0.030326185999186205
252_T1_R1_vs_R2,natural_variability,8,LUArm_to_LFArm_ry,LUArm_to_LFArm,ry,0.49548401511536144,0.261225160968099,-0.23425885414726244,0.03364543319291001,0.030326185999186205
252_T1_R1_vs_R2,natural_variability,8,LUArm_to_LFArm_rz,LUArm_to_LFArm,rz,0.052005358679743305,0.05774233778828544,0.005736979108542137,0.03364543319291001,0.030326185999186205
252_T1_R1_vs_R2,natural_variability,8,Neck_to_Head_rx,Neck_to_Head,rx,0.09247397385657234,0.10013930160487626,0.007665327748303918,0.03364543319291001,0.030326185999186205
252_T1_R1_vs_R2,natural_variability,8,Neck_to_Head_ry,Neck_to_Head,ry,0.10716342182746029,0.013380323147392768,-0.09378309868006753,0.03364543319291001,0.030326185999186205
252_T1_R1_vs_R2,natural_variability,8,Neck_to_Head_rz,Neck_to_Head,rz,0.007330608449915198,0.05196940646317557,0.04463879801326037,0.03364543319291001,0.030326185999186205
252_T1_R1_vs_R2,natural_variability,8,RFArm_to_RHand_rx,RFArm_to_RHand,rx,0.00129136692531185,0.00464602800112721,0.00335466107581536,0.03364543319291001,0.030326185999186205
252_T1_R1_vs_R2,natural_variability,8,RFArm_to_RHand_ry,RFArm_to_RHand,ry,0.031223432372219338,0.05082052382348871,0.01959709145126937,0.03364543319291001,0.030326185999186205
252_T1_R1_vs_R2,natural_variability,8,RFArm_to_RHand_rz,RFArm_to_RHand,rz,0.027566768339949355,0.07830361489588278,0.050736846555933426,0.03364543319291001,0.030326185999186205
252_T1_R1_vs_R2,natural_variability,8,RShin_to_RFoot_rx,RShin_to_RFoot,rx,0.059180684949010395,0.104016835831302,0.044836150882291606,0.03364543319291001,0.030326185999186205
252_T1_R1_vs_R2,natural_variability,8,RShin_to_RFoot_ry,RShin_to_RFoot,ry,0.012114916332666818,0.05077930207306893,0.03866438574040211,0.03364543319291001,0.030326185999186205
252_T1_R1_vs_R2,natural_variability,8,RShin_to_RFoot_rz,RShin_to_RFoot,rz,0.06542510473798277,0.043452912065959304,-0.021972192672023466,0.03364543319291001,0.030326185999186205
252_T1_R1_vs_R2,natural_variability,8,RShoulder_to_RUArm_rx,RShoulder_to_RUArm,rx,0.034150945923117175,0.09891454592600234,0.06476360000288517,0.03364543319291001,0.030326185999186205
252_T1_R1_vs_R2,natural_variability,8,RShoulder_to_RUArm_ry,RShoulder_to_RUArm,ry,0.303554117227445,0.017412627615213262,-0.28614148961223174,0.03364543319291001,0.030326185999186205
252_T1_R1_vs_R2,natural_variability,8,RShoulder_to_RUArm_rz,RShoulder_to_RUArm,rz,0.08576195863557877,0.4655373067591751,0.3797753481235963,0.03364543319291001,0.030326185999186205
252_T1_R1_vs_R2,natural_variability,8,RThigh_to_RShin_rx,RThigh_to_RShin,rx,0.23577570116997967,0.217997813284947,-0.017777887885032678,0.03364543319291001,0.030326185999186205
252_T1_R1_vs_R2,natural_variability,8,RThigh_to_RShin_ry,RThigh_to_RShin,ry,4.709924732412464e-09,1.6185898154156056e-08,1.1475973421743592e-08,0.03364543319291001,0.030326185999186205
252_T1_R1_vs_R2,natural_variability,8,RThigh_to_RShin_rz,RThigh_to_RShin,rz,5.284075081977788e-08,5.6886531380662216e-08,4.045780560884338e-09,0.03364543319291001,0.030326185999186205
252_T1_R1_vs_R2,natural_variability,8,RUArm_to_RFArm_rx,RUArm_to_RFArm,rx,0.22018955743723878,0.07667820844182896,-0.14351134899540982,0.03364543319291001,0.030326185999186205
252_T1_R1_vs_R2,natural_variability,8,RUArm_to_RFArm_ry,RUArm_to_RFArm,ry,0.27262241640552287,0.16050709546069336,-0.11211532094482951,0.03364543319291001,0.030326185999186205
252_T1_R1_vs_R2,natural_variability,8,RUArm_to_RFArm_rz,RUArm_to_RFArm,rz,0.03209393334668215,0.022187551283504633,-0.00990638206317752,0.03364543319291001,0.030326185999186205
252_T1_R1_vs_R2,natural_variability,9,252_to_LThigh_rx,252_to_LThigh,rx,0.38105568329451767,0.3535493330064119,-0.027506350288105774,0.03274625617688526,0.024054160293623745
252_T1_R1_vs_R2,natural_variability,9,252_to_LThigh_ry,252_to_LThigh,ry,0.001793040534682002,0.0017843356335853226,-8.704901096679481e-06,0.03274625617688526,0.024054160293623745
252_T1_R1_vs_R2,natural_variability,9,252_to_LThigh_rz,252_to_LThigh,rz,0.06548748902604827,0.08780866605187372,0.02232117702582545,0.03274625617688526,0.024054160293623745
252_T1_R1_vs_R2,natural_variability,9,252_to_RThigh_rx,252_to_RThigh,rx,0.4501762959482273,0.4495209596698363,-0.0006553362783909833,0.03274625617688526,0.024054160293623745
252_T1_R1_vs_R2,natural_variability,9,252_to_RThigh_ry,252_to_RThigh,ry,0.06688229073802787,0.05211296561297103,-0.01476932512505684,0.03274625617688526,0.024054160293623745
252_T1_R1_vs_R2,natural_variability,9,252_to_RThigh_rz,252_to_RThigh,rz,0.06545914330413657,0.027872949989608105,-0.03758619331452847,0.03274625617688526,0.024054160293623745
252_T1_R1_vs_R2,natural_variability,9,Chest_to_LShoulder_rx,Chest_to_LShoulder,rx,0.0011629565634690957,0.009990761557033323,0.008827804993564227,0.03274625617688526,0.024054160293623745
252_T1_R1_vs_R2,natural_variability,9,Chest_to_LShoulder_ry,Chest_to_LShoulder,ry,0.03952452432146212,0.04445592730258776,0.0049314029811256405,0.03274625617688526,0.024054160293623745
252_T1_R1_vs_R2,natural_variability,9,Chest_to_LShoulder_rz,Chest_to_LShoulder,rz,0.015992299156843276,0.006598949498672374,-0.009393349658170902,0.03274625617688526,0.024054160293623745
252_T1_R1_vs_R2,natural_variability,9,Chest_to_Neck_rx,Chest_to_Neck,rx,0.1379526386168355,0.1501301947695056,0.012177556152670105,0.03274625617688526,0.024054160293623745
252_T1_R1_vs_R2,natural_variability,9,Chest_to_Neck_ry,Chest_to_Neck,ry,0.03858488041327899,0.005985490421479671,-0.032599389991799316,0.03274625617688526,0.024054160293623745
252_T1_R1_vs_R2,natural_variability,9,Chest_to_Neck_rz,Chest_to_Neck,rz,0.054130782583241055,0.054148410124520284,1.7627541279228998e-05,0.03274625617688526,0.024054160293623745
252_T1_R1_vs_R2,natural_variability,9,Chest_to_RShoulder_rx,Chest_to_RShoulder,rx,0.008935066650258254,0.0062386230047076045,-0.002696443645550649,0.03274625617688526,0.024054160293623745
252_T1_R1_vs_R2,natural_variability,9,Chest_to_RShoulder_ry,Chest_to_RShoulder,ry,0.0524805408787103,0.044446527745704796,-0.008034013133005502,0.03274625617688526,0.024054160293623745
252_T1_R1_vs_R2,natural_variability,9,Chest_to_RShoulder_rz,Chest_to_RShoulder,rz,0.15450913919477346,0.1717976412906845,0.01728850209591104,0.03274625617688526,0.024054160293623745
252_T1_R1_vs_R2,natural_variability,9,LFArm_to_LHand_rx,LFArm_to_LHand,rx,0.015978821922007946,0.023147279155624492,0.007168457233616546,0.03274625617688526,0.024054160293623745
252_T1_R1_vs_R2,natural_variability,9,LFArm_to_LHand_ry,LFArm_to_LHand,ry,0.055407614952648024,0.06720498613232097,0.011797371179672944,0.03274625617688526,0.024054160293623745
252_T1_R1_vs_R2,natural_variability,9,LFArm_to_LHand_rz,LFArm_to_LHand,rz,0.027384576468367006,0.055131678573878184,0.02774710210551118,0.03274625617688526,0.024054160293623745
252_T1_R1_vs_R2,natural_variability,9,LShin_to_LFoot_rx,LShin_to_LFoot,rx,0.10940691391493271,0.08959205115598258,-0.019814862758950127,0.03274625617688526,0.024054160293623745
252_T1_R1_vs_R2,natural_variability,9,LShin_to_LFoot_ry,LShin_to_LFoot,ry,0.04545695156647495,0.05744994725185131,0.01199299568537636,0.03274625617688526,0.024054160293623745
252_T1_R1_vs_R2,natural_variability,9,LShin_to_LFoot_rz,LShin_to_LFoot,rz,0.050417617085470344,0.05555574336616427,0.005138126280693926,0.03274625617688526,0.024054160293623745
252_T1_R1_vs_R2,natural_variability,9,LShoulder_to_LUArm_rx,LShoulder_to_LUArm,rx,0.06780460069673844,0.06520768784848484,-0.002596912848253599,0.03274625617688526,0.024054160293623745
252_T1_R1_vs_R2,natural_variability,9,LShoulder_to_LUArm_ry,LShoulder_to_LUArm,ry,0.08575555535390572,0.051003349412719584,-0.03475220594118614,0.03274625617688526,0.024054160293623745
252_T1_R1_vs_R2,natural_variability,9,LShoulder_to_LUArm_rz,LShoulder_to_LUArm,rz,0.4451331828681391,0.4356528092640662,-0.00948037360407289,0.03274625617688526,0.024054160293623745
252_T1_R1_vs_R2,natural_variability,9,LThigh_to_LShin_rx,LThigh_to_LShin,rx,0.31963745113086484,0.33388559595965417,0.014248144828789333,0.03274625617688526,0.024054160293623745
252_T1_R1_vs_R2,natural_variability,9,LThigh_to_LShin_ry,LThigh_to_LShin,ry,1.8678378336528008e-08,2.8831300590530714e-09,-1.5795248277474937e-08,0.03274625617688526,0.024054160293623745
252_T1_R1_vs_R2,natural_variability,9,LThigh_to_LShin_rz,LThigh_to_LShin,rz,1.6949494338032122e-08,2.5758434626179516e-08,8.808940288147394e-09,0.03274625617688526,0.024054160293623745
252_T1_R1_vs_R2,natural_variability,9,LUArm_to_LFArm_rx,LUArm_to_LFArm,rx,0.030931009222045298,0.019840192623626306,-0.011090816598418991,0.03274625617688526,0.024054160293623745
252_T1_R1_vs_R2,natural_variability,9,LUArm_to_LFArm_ry,LUArm_to_LFArm,ry,0.18408370901615675,0.006034378824224303,-0.17804933019193245,0.03274625617688526,0.024054160293623745
252_T1_R1_vs_R2,natural_variability,9,LUArm_to_LFArm_rz,LUArm_to_LFArm,rz,0.13614466642615627,0.17847771653676184,0.04233305011060556,0.03274625617688526,0.024054160293623745
252_T1_R1_vs_R2,natural_variability,9,Neck_to_Head_rx,Neck_to_Head,rx,0.1372806114450372,0.1496389404691313,0.012358329024094089,0.03274625617688526,0.024054160293623745
252_T1_R1_vs_R2,natural_variability,9,Neck_to_Head_ry,Neck_to_Head,ry,0.04835359985270766,0.016356003086038063,-0.03199759676666959,0.03274625617688526,0.024054160293623745
252_T1_R1_vs_R2,natural_variability,9,Neck_to_Head_rz,Neck_to_Head,rz,0.0459542684100259,0.05215735638824795,0.006203087978222048,0.03274625617688526,0.024054160293623745
252_T1_R1_vs_R2,natural_variability,9,RFArm_to_RHand_rx,RFArm_to_RHand,rx,0.00878971761901469,0.007410299424161207,-0.0013794181948534818,0.03274625617688526,0.024054160293623745
252_T1_R1_vs_R2,natural_variability,9,RFArm_to_RHand_ry,RFArm_to_RHand,ry,0.06622823000920566,0.06581755310178056,-0.000410676907425106,0.03274625617688526,0.024054160293623745
252_T1_R1_vs_R2,natural_variability,9,RFArm_to_RHand_rz,RFArm_to_RHand,rz,0.0848674866600833,0.05426557952838832,-0.03060190713169498,0.03274625617688526,0.024054160293623745
252_T1_R1_vs_R2,natural_variability,9,RShin_to_RFoot_rx,RShin_to_RFoot,rx,0.030103680151404796,0.07102409790305703,0.04092041775165223,0.03274625617688526,0.024054160293623745
252_T1_R1_vs_R2,natural_variability,9,RShin_to_RFoot_ry,RShin_to_RFoot,ry,0.03250025792537175,0.03204085252294507,-0.0004594054024266783,0.03274625617688526,0.024054160293623745
252_T1_R1_vs_R2,natural_variability,9,RShin_to_RFoot_rz,RShin_to_RFoot,rz,0.043294954628034454,0.06487339744964622,0.021578442821611768,0.03274625617688526,0.024054160293623745
252_T1_R1_vs_R2,natural_variability,9,RShoulder_to_RUArm_rx,RShoulder_to_RUArm,rx,0.07116397238090726,0.03159073101161294,-0.03957324136929432,0.03274625617688526,0.024054160293623745
252_T1_R1_vs_R2,natural_variability,9,RShoulder_to_RUArm_ry,RShoulder_to_RUArm,ry,0.10688421012734782,0.01973188823718137,-0.08715232189016645,0.03274625617688526,0.024054160293623745
252_T1_R1_vs_R2,natural_variability,9,RShoulder_to_RUArm_rz,RShoulder_to_RUArm,rz,0.1305004952288317,0.275372942866978,0.1448724476381463,0.03274625617688526,0.024054160293623745
252_T1_R1_vs_R2,natural_variability,9,RThigh_to_RShin_rx,RThigh_to_RShin,rx,0.27430976792813777,0.29644210314488817,0.0221323352167504,0.03274625617688526,0.024054160293623745
252_T1_R1_vs_R2,natural_variability,9,RThigh_to_RShin_ry,RThigh_to_RShin,ry,3.9908728440505966e-08,3.0964248547621833e-08,-8.944479892884132e-09,0.03274625617688526,0.024054160293623745
252_T1_R1_vs_R2,natural_variability,9,RThigh_to_RShin_rz,RThigh_to_RShin,rz,4.941660879233708e-08,5.226357201088606e-08,2.846963218548983e-09,0.03274625617688526,0.024054160293623745
252_T1_R1_vs_R2,natural_variability,9,RUArm_to_RFArm_rx,RUArm_to_RFArm,rx,0.22683212504029082,0.08675400483663145,-0.14007812020365937,0.03274625617688526,0.024054160293623745
252_T1_R1_vs_R2,natural_variability,9,RUArm_to_RFArm_ry,RUArm_to_RFArm,ry,0.041979345026050816,0.15455396688973716,0.11257462186368634,0.03274625617688526,0.024054160293623745
252_T1_R1_vs_R2,natural_variability,9,RUArm_to_RFArm_rz,RUArm_to_RFArm,rz,0.006135102486272965,0.012501700508408249,0.006366598022135283,0.03274625617688526,0.024054160293623745
