comparison_id,kind,pc,feature,link_id,axis,loading_A_abs,loading_B_reprojected_abs,jcvpca_axis,explained_variance_A,explained_variance_B_projected
671_T1_vs_T2,longitudinal,1,Chest_to_LShoulder_rx,Chest_to_LShoulder,rx,0.06484907927132275,0.08183872447248351,0.016989645201160766,0.22043467862970756,0.24545571033203992
671_T1_vs_T2,longitudinal,1,Chest_to_LShoulder_ry,Chest_to_LShoulder,ry,0.025326792384523223,0.030354285493614262,0.005027493109091039,0.22043467862970756,0.24545571033203992
671_T1_vs_T2,longitudinal,1,Chest_to_LShoulder_rz,Chest_to_LShoulder,rz,0.026882768752054177,0.022364866073433288,-0.004517902678620889,0.22043467862970756,0.24545571033203992
671_T1_vs_T2,longitudinal,1,Chest_to_Neck_rx,Chest_to_Neck,rx,0.0014507587923973137,0.020181006608843,0.018730247816445687,0.22043467862970756,0.24545571033203992
671_T1_vs_T2,longitudinal,1,Chest_to_Neck_ry,Chest_to_Neck,ry,0.022536400490238116,0.015287815945232036,-0.007248584545006079,0.22043467862970756,0.24545571033203992
671_T1_vs_T2,longitudinal,1,Chest_to_Neck_rz,Chest_to_Neck,rz,0.015180069863882591,0.010927778053709501,-0.00425229181017309,0.22043467862970756,0.24545571033203992
671_T1_vs_T2,longitudinal,1,Chest_to_RShoulder_rx,Chest_to_RShoulder,rx,0.0047942599232945905,0.047225030748736664,0.042430770825442075,0.22043467862970756,0.24545571033203992
671_T1_vs_T2,longitudinal,1,Chest_to_RShoulder_ry,Chest_to_RShoulder,ry,0.031931361698600405,0.024427825793158647,-0.0075035359054417584,0.22043467862970756,0.24545571033203992
671_T1_vs_T2,longitudinal,1,Chest_to_RShoulder_rz,Chest_to_RShoulder,rz,0.015934833372898263,0.06917083766699642,0.05323600429409815,0.22043467862970756,0.24545571033203992
671_T1_vs_T2,longitudinal,1,LFArm_to_LHand_rx,LFArm_to_LHand,rx,0.15669086692497422,0.022203189507638256,-0.13448767741733597,0.22043467862970756,0.24545571033203992
671_T1_vs_T2,longitudinal,1,LFArm_to_LHand_ry,LFArm_to_LHand,ry,0.0056791510626069555,0.27606320086244074,0.27038404979983377,0.22043467862970756,0.24545571033203992
671_T1_vs_T2,longitudinal,1,LFArm_to_LHand_rz,LFArm_to_LHand,rz,0.22175130402125007,0.45652079911083987,0.2347694950895898,0.22043467862970756,0.24545571033203992
671_T1_vs_T2,longitudinal,1,LShin_to_LFoot_rx,LShin_to_LFoot,rx,0.023858407978764012,0.04579107565378417,0.02193266767502016,0.22043467862970756,0.24545571033203992
671_T1_vs_T2,longitudinal,1,LShin_to_LFoot_ry,LShin_to_LFoot,ry,0.028010854142016928,0.047167825432570025,0.019156971290553097,0.22043467862970756,0.24545571033203992
671_T1_vs_T2,longitudinal,1,LShin_to_LFoot_rz,LShin_to_LFoot,rz,2.1203907508055936e-05,0.01704652392042419,0.017025320012916133,0.22043467862970756,0.24545571033203992
671_T1_vs_T2,longitudinal,1,LShoulder_to_LUArm_rx,LShoulder_to_LUArm,rx,0.19182286090267434,0.20102587058786653,0.009203009685192193,0.22043467862970756,0.24545571033203992
671_T1_vs_T2,longitudinal,1,LShoulder_to_LUArm_ry,LShoulder_to_LUArm,ry,0.05642891489868704,0.03698320987270435,-0.01944570502598269,0.22043467862970756,0.24545571033203992
671_T1_vs_T2,longitudinal,1,LShoulder_to_LUArm_rz,LShoulder_to_LUArm,rz,0.018029604365102626,0.0998905889755713,0.08186098461046867,0.22043467862970756,0.24545571033203992
671_T1_vs_T2,longitudinal,1,LThigh_to_LShin_rx,LThigh_to_LShin,rx,0.22324079018247558,0.12898308397948408,-0.09425770620299151,0.22043467862970756,0.24545571033203992
671_T1_vs_T2,longitudinal,1,LThigh_to_LShin_ry,LThigh_to_LShin,ry,5.255053361919669e-09,7.978137028899665e-10,-4.457239659029702e-09,0.22043467862970756,0.24545571033203992
671_T1_vs_T2,longitudinal,1,LThigh_to_LShin_rz,LThigh_to_LShin,rz,1.0367776833593093e-09,3.362778873822485e-09,2.326001190463176e-09,0.22043467862970756,0.24545571033203992
671_T1_vs_T2,longitudinal,1,LUArm_to_LFArm_rx,LUArm_to_LFArm,rx,0.12287962513096312,0.23076210859897925,0.10788248346801613,0.22043467862970756,0.24545571033203992
671_T1_vs_T2,longitudinal,1,LUArm_to_LFArm_ry,LUArm_to_LFArm,ry,0.7063449555919731,0.26563665072721926,-0.4407083048647538,0.22043467862970756,0.24545571033203992
671_T1_vs_T2,longitudinal,1,LUArm_to_LFArm_rz,LUArm_to_LFArm,rz,0.17491731535403995,0.16744887066048691,-0.007468444693553039,0.22043467862970756,0.24545571033203992
671_T1_vs_T2,longitudinal,1,Neck_to_Head_rx,Neck_to_Head,rx,0.0014507553966341667,0.020181017319668062,0.018730261923033894,0.22043467862970756,0.24545571033203992
671_T1_vs_T2,longitudinal,1,Neck_to_Head_ry,Neck_to_Head,ry,0.022536394530605745,0.015287830825149706,-0.007248563705456039,0.22043467862970756,0.24545571033203992
671_T1_vs_T2,longitudinal,1,Neck_to_Head_rz,Neck_to_Head,rz,0.015180072704582598,0.010927787009037489,-0.004252285695545109,0.22043467862970756,0.24545571033203992
671_T1_vs_T2,longitudinal,1,RFArm_to_RHand_rx,RFArm_to_RHand,rx,0.09645205446983827,0.11154950362228146,0.015097449152443182,0.22043467862970756,0.24545571033203992
671_T1_vs_T2,longitudinal,1,RFArm_to_RHand_ry,RFArm_to_RHand,ry,0.04146358700596594,0.16455959517734792,0.12309600817138197,0.22043467862970756,0.24545571033203992
671_T1_vs_T2,longitudinal,1,RFArm_to_RHand_rz,RFArm_to_RHand,rz,0.14562681017242585,0.5010544251755767,0.3554276150031509,0.22043467862970756,0.24545571033203992
671_T1_vs_T2,longitudinal,1,RShin_to_RFoot_rx,RShin_to_RFoot,rx,0.020317917037805146,0.03495028771059666,0.014632370672791516,0.22043467862970756,0.24545571033203992
671_T1_vs_T2,longitudinal,1,RShin_to_RFoot_ry,RShin_to_RFoot,ry,0.0023452633351552826,0.003036093348511909,0.0006908300133566265,0.22043467862970756,0.24545571033203992
671_T1_vs_T2,longitudinal,1,RShin_to_RFoot_rz,RShin_to_RFoot,rz,0.00399874078405225,0.036900843502333934,0.03290210271828169,0.22043467862970756,0.24545571033203992
671_T1_vs_T2,longitudinal,1,RShoulder_to_RUArm_rx,RShoulder_to_RUArm,rx,0.027090026589785654,0.22868384044017387,0.20159381385038821,0.22043467862970756,0.24545571033203992
671_T1_vs_T2,longitudinal,1,RShoulder_to_RUArm_ry,RShoulder_to_RUArm,ry,0.09643105598371102,0.0939237153836274,-0.0025073406000836185,0.22043467862970756,0.24545571033203992
671_T1_vs_T2,longitudinal,1,RShoulder_to_RUArm_rz,RShoulder_to_RUArm,rz,0.016852321542455067,0.0673824449108007,0.05053012336834563,0.22043467862970756,0.24545571033203992
671_T1_vs_T2,longitudinal,1,RThigh_to_RShin_rx,RThigh_to_RShin,rx,0.08094636132984945,0.13151759811359046,0.05057123678374101,0.22043467862970756,0.24545571033203992
671_T1_vs_T2,longitudinal,1,RThigh_to_RShin_ry,RThigh_to_RShin,ry,2.8198219974487534e-09,3.803282154252529e-08,3.5212999545076536e-08,0.22043467862970756,0.24545571033203992
671_T1_vs_T2,longitudinal,1,RThigh_to_RShin_rz,RThigh_to_RShin,rz,2.6407490926479916e-09,1.8943981883679465e-08,1.6303232791031475e-08,0.22043467862970756,0.24545571033203992
671_T1_vs_T2,longitudinal,1,RUArm_to_RFArm_rx,RUArm_to_RFArm,rx,0.042325858268736576,0.18350213576949748,0.1411762775007609,0.22043467862970756,0.24545571033203992
671_T1_vs_T2,longitudinal,1,RUArm_to_RFArm_ry,RUArm_to_RFArm,ry,0.47015116941854185,0.1578977790448098,-0.312253390373732,0.22043467862970756,0.24545571033203992
671_T1_vs_T2,longitudinal,1,RUArm_to_RFArm_rz,RUArm_to_RFArm,rz,0.09702829336599872,0.1950463524240412,0.09801805905804248,0.22043467862970756,0.24545571033203992
671_T1_vs_T2,longitudinal,2,Chest_to_LShoulder_rx,Chest_to_LShoulder,rx,0.05318666701850949,0.08572597926944273,0.03253931225093323,0.15838657495370698,0.16878763533875016
671_T1_vs_T2,longitudinal,2,Chest_to_LShoulder_ry,Chest_to_LShoulder,ry,0.009139578288023368,0.02942886543020379,0.020289287142180423,0.15838657495370698,0.16878763533875016
671_T1_vs_T2,longitudinal,2,Chest_to_LShoulder_rz,Chest_to_LShoulder,rz,0.004213276687228134,0.03153362152002716,0.027320344832799024,0.15838657495370698,0.16878763533875016
671_T1_vs_T2,longitudinal,2,Chest_to_Neck_rx,Chest_to_Neck,rx,0.000158752104347258,0.01226824066348908,0.012109488559141821,0.15838657495370698,0.16878763533875016
671_T1_vs_T2,longitudinal,2,Chest_to_Neck_ry,Chest_to_Neck,ry,0.01604810477460604,0.003622159717451346,-0.012425945057154693,0.15838657495370698,0.16878763533875016
671_T1_vs_T2,longitudinal,2,Chest_to_Neck_rz,Chest_to_Neck,rz,0.010298546022681314,0.002408292183487459,-0.007890253839193855,0.15838657495370698,0.16878763533875016
671_T1_vs_T2,longitudinal,2,Chest_to_RShoulder_rx,Chest_to_RShoulder,rx,0.06970475047950545,0.07711502893636843,0.007410278456862984,0.15838657495370698,0.16878763533875016
671_T1_vs_T2,longitudinal,2,Chest_to_RShoulder_ry,Chest_to_RShoulder,ry,0.003379872840540827,0.039635873798231615,0.036256000957690784,0.15838657495370698,0.16878763533875016
671_T1_vs_T2,longitudinal,2,Chest_to_RShoulder_rz,Chest_to_RShoulder,rz,0.08008252043821046,0.0017192604636750812,-0.07836325997453537,0.15838657495370698,0.16878763533875016
671_T1_vs_T2,longitudinal,2,LFArm_to_LHand_rx,LFArm_to_LHand,rx,0.10485703772508968,0.27288306972652776,0.16802603200143806,0.15838657495370698,0.16878763533875016
671_T1_vs_T2,longitudinal,2,LFArm_to_LHand_ry,LFArm_to_LHand,ry,0.03713084559926161,0.08996848950411798,0.052837643904856374,0.15838657495370698,0.16878763533875016
671_T1_vs_T2,longitudinal,2,LFArm_to_LHand_rz,LFArm_to_LHand,rz,0.21379626353022405,0.4746017878653782,0.26080552433515414,0.15838657495370698,0.16878763533875016
671_T1_vs_T2,longitudinal,2,LShin_to_LFoot_rx,LShin_to_LFoot,rx,0.003644600923522078,0.020660843015139787,0.017016242091617707,0.15838657495370698,0.16878763533875016
671_T1_vs_T2,longitudinal,2,LShin_to_LFoot_ry,LShin_to_LFoot,ry,0.041070164867912665,0.005553809011986506,-0.035516355855926156,0.15838657495370698,0.16878763533875016
671_T1_vs_T2,longitudinal,2,LShin_to_LFoot_rz,LShin_to_LFoot,rz,0.014113877812738667,0.011309572595982628,-0.0028043052167560385,0.15838657495370698,0.16878763533875016
671_T1_vs_T2,longitudinal,2,LShoulder_to_LUArm_rx,LShoulder_to_LUArm,rx,0.16602293249557526,0.33480944298919174,0.16878651049361648,0.15838657495370698,0.16878763533875016
671_T1_vs_T2,longitudinal,2,LShoulder_to_LUArm_ry,LShoulder_to_LUArm,ry,0.012290783711554528,0.20314680315090386,0.19085601943934932,0.15838657495370698,0.16878763533875016
671_T1_vs_T2,longitudinal,2,LShoulder_to_LUArm_rz,LShoulder_to_LUArm,rz,0.040414718954007195,0.05979101512738416,0.019376296173376967,0.15838657495370698,0.16878763533875016
671_T1_vs_T2,longitudinal,2,LThigh_to_LShin_rx,LThigh_to_LShin,rx,0.05463698934031203,0.19217601643825763,0.1375390270979456,0.15838657495370698,0.16878763533875016
671_T1_vs_T2,longitudinal,2,LThigh_to_LShin_ry,LThigh_to_LShin,ry,8.223014982436247e-10,1.033350314945331e-09,2.1104881670170636e-10,0.15838657495370698,0.16878763533875016
671_T1_vs_T2,longitudinal,2,LThigh_to_LShin_rz,LThigh_to_LShin,rz,1.1359926133374736e-08,1.9527069870193647e-09,-9.407219146355372e-09,0.15838657495370698,0.16878763533875016
671_T1_vs_T2,longitudinal,2,LUArm_to_LFArm_rx,LUArm_to_LFArm,rx,0.14598245978027502,0.06955559524101335,-0.07642686453926167,0.15838657495370698,0.16878763533875016
671_T1_vs_T2,longitudinal,2,LUArm_to_LFArm_ry,LUArm_to_LFArm,ry,0.2666961794765571,0.3096611659776355,0.042964986501078384,0.15838657495370698,0.16878763533875016
671_T1_vs_T2,longitudinal,2,LUArm_to_LFArm_rz,LUArm_to_LFArm,rz,0.13635430041413268,0.02675806117282105,-0.10959623924131164,0.15838657495370698,0.16878763533875016
671_T1_vs_T2,longitudinal,2,Neck_to_Head_rx,Neck_to_Head,rx,0.0001587494840208479,0.012268235740780134,0.012109486256759287,0.15838657495370698,0.16878763533875016
671_T1_vs_T2,longitudinal,2,Neck_to_Head_ry,Neck_to_Head,ry,0.01604810901588943,0.003622163494441413,-0.012425945521448017,0.15838657495370698,0.16878763533875016
671_T1_vs_T2,longitudinal,2,Neck_to_Head_rz,Neck_to_Head,rz,0.010298551046764522,0.0024082706974486823,-0.00789028034931584,0.15838657495370698,0.16878763533875016
671_T1_vs_T2,longitudinal,2,RFArm_to_RHand_rx,RFArm_to_RHand,rx,0.347470107415776,0.08797982860863657,-0.25949027880713943,0.15838657495370698,0.16878763533875016
671_T1_vs_T2,longitudinal,2,RFArm_to_RHand_ry,RFArm_to_RHand,ry,0.07623719601830106,0.07213790340684867,-0.004099292611452393,0.15838657495370698,0.16878763533875016
671_T1_vs_T2,longitudinal,2,RFArm_to_RHand_rz,RFArm_to_RHand,rz,0.7436670563894456,0.04174919944908603,-0.7019178569403596,0.15838657495370698,0.16878763533875016
671_T1_vs_T2,longitudinal,2,RShin_to_RFoot_rx,RShin_to_RFoot,rx,0.03785599385306384,0.002599900604215543,-0.0352560932488483,0.15838657495370698,0.16878763533875016
671_T1_vs_T2,longitudinal,2,RShin_to_RFoot_ry,RShin_to_RFoot,ry,0.005418829821756217,0.012429360872759736,0.0070105310510035195,0.15838657495370698,0.16878763533875016
671_T1_vs_T2,longitudinal,2,RShin_to_RFoot_rz,RShin_to_RFoot,rz,0.014571536539821725,0.014636913897711892,6.53773578901673e-05,0.15838657495370698,0.16878763533875016
671_T1_vs_T2,longitudinal,2,RShoulder_to_RUArm_rx,RShoulder_to_RUArm,rx,0.2792411854237867,0.17224974796654471,-0.10699143745724196,0.15838657495370698,0.16878763533875016
671_T1_vs_T2,longitudinal,2,RShoulder_to_RUArm_ry,RShoulder_to_RUArm,ry,0.0009683271106113749,0.105862782974448,0.10489445586383662,0.15838657495370698,0.16878763533875016
671_T1_vs_T2,longitudinal,2,RShoulder_to_RUArm_rz,RShoulder_to_RUArm,rz,0.04548466045847284,0.11814207592861285,0.07265741547014001,0.15838657495370698,0.16878763533875016
671_T1_vs_T2,longitudinal,2,RThigh_to_RShin_rx,RThigh_to_RShin,rx,0.0035677746965517257,0.1196486009382196,0.11608082624166786,0.15838657495370698,0.16878763533875016
671_T1_vs_T2,longitudinal,2,RThigh_to_RShin_ry,RThigh_to_RShin,ry,4.9885480649273385e-09,2.2230546983188097e-08,1.7241998918260758e-08,0.15838657495370698,0.16878763533875016
671_T1_vs_T2,longitudinal,2,RThigh_to_RShin_rz,RThigh_to_RShin,rz,2.0100379846137216e-08,1.0883271515637713e-08,-9.217108330499503e-09,0.15838657495370698,0.16878763533875016
671_T1_vs_T2,longitudinal,2,RUArm_to_RFArm_rx,RUArm_to_RFArm,rx,0.12465757689494873,0.00957341973136647,-0.11508415716358227,0.15838657495370698,0.16878763533875016
671_T1_vs_T2,longitudinal,2,RUArm_to_RFArm_ry,RUArm_to_RFArm,ry,0.00870672247311074,0.5392332796563566,0.5305265571832458,0.15838657495370698,0.16878763533875016
671_T1_vs_T2,longitudinal,2,RUArm_to_RFArm_rz,RUArm_to_RFArm,rz,0.06911940936443618,0.0643839046580332,-0.004735504706402979,0.15838657495370698,0.16878763533875016
671_T1_vs_T2,longitudinal,3,Chest_to_LShoulder_rx,Chest_to_LShoulder,rx,0.06865199025832429,0.056835572487661024,-0.011816417770663265,0.13005284023620406,0.16425205344251223
671_T1_vs_T2,longitudinal,3,Chest_to_LShoulder_ry,Chest_to_LShoulder,ry,0.02384699381125768,0.016670255962254563,-0.007176737849003117,0.13005284023620406,0.16425205344251223
671_T1_vs_T2,longitudinal,3,Chest_to_LShoulder_rz,Chest_to_LShoulder,rz,0.02281866661588372,0.04703924324648687,0.024220576630603147,0.13005284023620406,0.16425205344251223
671_T1_vs_T2,longitudinal,3,Chest_to_Neck_rx,Chest_to_Neck,rx,0.017675733036729948,0.008694869506468968,-0.00898086353026098,0.13005284023620406,0.16425205344251223
671_T1_vs_T2,longitudinal,3,Chest_to_Neck_ry,Chest_to_Neck,ry,0.031871098962460764,0.01838702894656548,-0.013484070015895286,0.13005284023620406,0.16425205344251223
671_T1_vs_T2,longitudinal,3,Chest_to_Neck_rz,Chest_to_Neck,rz,0.03969161009317217,0.03907390744618776,-0.0006177026469844082,0.13005284023620406,0.16425205344251223
671_T1_vs_T2,longitudinal,3,Chest_to_RShoulder_rx,Chest_to_RShoulder,rx,0.08881000340227119,0.1208920420028065,0.03208203860053531,0.13005284023620406,0.16425205344251223
671_T1_vs_T2,longitudinal,3,Chest_to_RShoulder_ry,Chest_to_RShoulder,ry,0.022119502303325225,0.034392407383880864,0.01227290508055564,0.13005284023620406,0.16425205344251223
671_T1_vs_T2,longitudinal,3,Chest_to_RShoulder_rz,Chest_to_RShoulder,rz,0.04417075011609738,0.04074318220173102,-0.0034275679143663668,0.13005284023620406,0.16425205344251223
671_T1_vs_T2,longitudinal,3,LFArm_to_LHand_rx,LFArm_to_LHand,rx,0.24319782096011394,0.20386600725792722,-0.03933181370218672,0.13005284023620406,0.16425205344251223
671_T1_vs_T2,longitudinal,3,LFArm_to_LHand_ry,LFArm_to_LHand,ry,0.047619179000502984,0.04913511376010899,0.0015159347596060066,0.13005284023620406,0.16425205344251223
671_T1_vs_T2,longitudinal,3,LFArm_to_LHand_rz,LFArm_to_LHand,rz,0.37999208811132884,0.32448681390668127,-0.05550527420464757,0.13005284023620406,0.16425205344251223
671_T1_vs_T2,longitudinal,3,LShin_to_LFoot_rx,LShin_to_LFoot,rx,0.0034770687335101773,0.054154968032718305,0.05067789929920813,0.13005284023620406,0.16425205344251223
671_T1_vs_T2,longitudinal,3,LShin_to_LFoot_ry,LShin_to_LFoot,ry,0.032492550427610165,0.034876205421025944,0.002383654993415779,0.13005284023620406,0.16425205344251223
671_T1_vs_T2,longitudinal,3,LShin_to_LFoot_rz,LShin_to_LFoot,rz,0.03983610237476606,0.001808570938021623,-0.038027531436744436,0.13005284023620406,0.16425205344251223
671_T1_vs_T2,longitudinal,3,LShoulder_to_LUArm_rx,LShoulder_to_LUArm,rx,0.21237224844886096,0.16349241608850687,-0.04887983236035409,0.13005284023620406,0.16425205344251223
671_T1_vs_T2,longitudinal,3,LShoulder_to_LUArm_ry,LShoulder_to_LUArm,ry,0.040458274151760974,0.020442343993731217,-0.020015930158029757,0.13005284023620406,0.16425205344251223
671_T1_vs_T2,longitudinal,3,LShoulder_to_LUArm_rz,LShoulder_to_LUArm,rz,0.09663129346070277,0.16547650911733716,0.06884521565663439,0.13005284023620406,0.16425205344251223
671_T1_vs_T2,longitudinal,3,LThigh_to_LShin_rx,LThigh_to_LShin,rx,0.2353922435650245,0.14435353550701305,-0.09103870805801145,0.13005284023620406,0.16425205344251223
671_T1_vs_T2,longitudinal,3,LThigh_to_LShin_ry,LThigh_to_LShin,ry,7.832149385802075e-09,1.0299926735867196e-08,2.467777350065121e-09,0.13005284023620406,0.16425205344251223
671_T1_vs_T2,longitudinal,3,LThigh_to_LShin_rz,LThigh_to_LShin,rz,7.294021591215756e-09,6.369944674167843e-09,-9.240769170479122e-10,0.13005284023620406,0.16425205344251223
671_T1_vs_T2,longitudinal,3,LUArm_to_LFArm_rx,LUArm_to_LFArm,rx,0.006536456706732955,0.024033797737025176,0.01749734103029222,0.13005284023620406,0.16425205344251223
671_T1_vs_T2,longitudinal,3,LUArm_to_LFArm_ry,LUArm_to_LFArm,ry,0.3095292659005167,0.06492658510626935,-0.24460268079424735,0.13005284023620406,0.16425205344251223
671_T1_vs_T2,longitudinal,3,LUArm_to_LFArm_rz,LUArm_to_LFArm,rz,0.050819708708505634,0.0002592068808093141,-0.05056050182769632,0.13005284023620406,0.16425205344251223
671_T1_vs_T2,longitudinal,3,Neck_to_Head_rx,Neck_to_Head,rx,0.01767574030183245,0.008694860900375268,-0.008980879401457182,0.13005284023620406,0.16425205344251223
671_T1_vs_T2,longitudinal,3,Neck_to_Head_ry,Neck_to_Head,ry,0.03187110857745882,0.018387048486341158,-0.013484060091117661,0.13005284023620406,0.16425205344251223
671_T1_vs_T2,longitudinal,3,Neck_to_Head_rz,Neck_to_Head,rz,0.039691616552425237,0.03907390464132197,-0.0006177119111032692,0.13005284023620406,0.16425205344251223
671_T1_vs_T2,longitudinal,3,RFArm_to_RHand_rx,RFArm_to_RHand,rx,0.016509836552647646,0.05974056642210925,0.04323072986946161,0.13005284023620406,0.16425205344251223
671_T1_vs_T2,longitudinal,3,RFArm_to_RHand_ry,RFArm_to_RHand,ry,0.08127515772019697,0.16958178719299047,0.0883066294727935,0.13005284023620406,0.16425205344251223
671_T1_vs_T2,longitudinal,3,RFArm_to_RHand_rz,RFArm_to_RHand,rz,0.08100303797291337,0.1814658705130927,0.10046283254017933,0.13005284023620406,0.16425205344251223
671_T1_vs_T2,longitudinal,3,RShin_to_RFoot_rx,RShin_to_RFoot,rx,0.013453040089009377,0.06075088415933517,0.04729784407032579,0.13005284023620406,0.16425205344251223
671_T1_vs_T2,longitudinal,3,RShin_to_RFoot_ry,RShin_to_RFoot,ry,0.08735996293482053,0.04779814303535412,-0.03956181989946641,0.13005284023620406,0.16425205344251223
671_T1_vs_T2,longitudinal,3,RShin_to_RFoot_rz,RShin_to_RFoot,rz,0.017528034743495655,0.07853140018760889,0.061003365444113236,0.13005284023620406,0.16425205344251223
671_T1_vs_T2,longitudinal,3,RShoulder_to_RUArm_rx,RShoulder_to_RUArm,rx,0.22895774792952658,0.31406582043356895,0.08510807250404237,0.13005284023620406,0.16425205344251223
671_T1_vs_T2,longitudinal,3,RShoulder_to_RUArm_ry,RShoulder_to_RUArm,ry,0.12500117948694842,0.1058564639297626,-0.019144715557185818,0.13005284023620406,0.16425205344251223
671_T1_vs_T2,longitudinal,3,RShoulder_to_RUArm_rz,RShoulder_to_RUArm,rz,0.017103176043138137,0.022649784050510963,0.005546608007372826,0.13005284023620406,0.16425205344251223
671_T1_vs_T2,longitudinal,3,RThigh_to_RShin_rx,RThigh_to_RShin,rx,0.08001295637676235,0.2080236084969971,0.12801065212023477,0.13005284023620406,0.16425205344251223
671_T1_vs_T2,longitudinal,3,RThigh_to_RShin_ry,RThigh_to_RShin,ry,5.289935446187536e-09,5.509959931911419e-09,2.200244857238834e-10,0.13005284023620406,0.16425205344251223
671_T1_vs_T2,longitudinal,3,RThigh_to_RShin_rz,RThigh_to_RShin,rz,8.579232566463363e-09,7.882103547348186e-09,-6.971290191151771e-10,0.13005284023620406,0.16425205344251223
671_T1_vs_T2,longitudinal,3,RUArm_to_RFArm_rx,RUArm_to_RFArm,rx,0.23401476112055325,0.423312302602189,0.18929754148163574,0.13005284023620406,0.16425205344251223
671_T1_vs_T2,longitudinal,3,RUArm_to_RFArm_ry,RUArm_to_RFArm,ry,0.5996818618253135,0.43455468301499683,-0.16512717881031663,0.13005284023620406,0.16425205344251223
671_T1_vs_T2,longitudinal,3,RUArm_to_RFArm_rz,RUArm_to_RFArm,rz,0.22135728342471214,0.37456567304918287,0.15320838962447073,0.13005284023620406,0.16425205344251223
671_T1_vs_T2,longitudinal,4,Chest_to_LShoulder_rx,Chest_to_LShoulder,rx,0.03909176153644379,0.005406061235980149,-0.03368570030046364,0.08306520749398871,0.11224497957831123
671_T1_vs_T2,longitudinal,4,Chest_to_LShoulder_ry,Chest_to_LShoulder,ry,0.059050647648668214,0.025273933572573147,-0.03377671407609507,0.08306520749398871,0.11224497957831123
671_T1_vs_T2,longitudinal,4,Chest_to_LShoulder_rz,Chest_to_LShoulder,rz,0.036929669511170445,0.025961749427329105,-0.01096792008384134,0.08306520749398871,0.11224497957831123
671_T1_vs_T2,longitudinal,4,Chest_to_Neck_rx,Chest_to_Neck,rx,0.008418631335292113,0.026571156948606407,0.018152525613314294,0.08306520749398871,0.11224497957831123
671_T1_vs_T2,longitudinal,4,Chest_to_Neck_ry,Chest_to_Neck,ry,0.042947258906750135,0.024880511397219297,-0.01806674750953084,0.08306520749398871,0.11224497957831123
671_T1_vs_T2,longitudinal,4,Chest_to_Neck_rz,Chest_to_Neck,rz,0.03797024779121809,0.0009265250351895762,-0.03704372275602851,0.08306520749398871,0.11224497957831123
671_T1_vs_T2,longitudinal,4,Chest_to_RShoulder_rx,Chest_to_RShoulder,rx,0.07436811294682318,0.0638793692697709,-0.01048874367705227,0.08306520749398871,0.11224497957831123
671_T1_vs_T2,longitudinal,4,Chest_to_RShoulder_ry,Chest_to_RShoulder,ry,0.0553536007932062,0.030365497476113713,-0.024988103317092485,0.08306520749398871,0.11224497957831123
671_T1_vs_T2,longitudinal,4,Chest_to_RShoulder_rz,Chest_to_RShoulder,rz,0.0019752736359381256,0.049707551620953014,0.047732277985014886,0.08306520749398871,0.11224497957831123
671_T1_vs_T2,longitudinal,4,LFArm_to_LHand_rx,LFArm_to_LHand,rx,0.15867173864835282,0.11594432275085281,-0.04272741589750001,0.08306520749398871,0.11224497957831123
671_T1_vs_T2,longitudinal,4,LFArm_to_LHand_ry,LFArm_to_LHand,ry,0.09069292819596221,0.21157606090329897,0.12088313270733676,0.08306520749398871,0.11224497957831123
671_T1_vs_T2,longitudinal,4,LFArm_to_LHand_rz,LFArm_to_LHand,rz,0.24519278276691933,0.08360683802402086,-0.16158594474289847,0.08306520749398871,0.11224497957831123
671_T1_vs_T2,longitudinal,4,LShin_to_LFoot_rx,LShin_to_LFoot,rx,0.05450974473285608,0.07638601297898412,0.02187626824612804,0.08306520749398871,0.11224497957831123
671_T1_vs_T2,longitudinal,4,LShin_to_LFoot_ry,LShin_to_LFoot,ry,0.06299247629096108,0.04513828729247018,-0.0178541889984909,0.08306520749398871,0.11224497957831123
671_T1_vs_T2,longitudinal,4,LShin_to_LFoot_rz,LShin_to_LFoot,rz,0.034553533746073624,0.0038264075558430565,-0.030727126190230568,0.08306520749398871,0.11224497957831123
671_T1_vs_T2,longitudinal,4,LShoulder_to_LUArm_rx,LShoulder_to_LUArm,rx,0.14299124243333142,0.042214158039805896,-0.10077708439352552,0.08306520749398871,0.11224497957831123
671_T1_vs_T2,longitudinal,4,LShoulder_to_LUArm_ry,LShoulder_to_LUArm,ry,0.23312012020900055,0.09315291660460417,-0.13996720360439638,0.08306520749398871,0.11224497957831123
671_T1_vs_T2,longitudinal,4,LShoulder_to_LUArm_rz,LShoulder_to_LUArm,rz,0.033525386171238424,0.09950195698913004,0.06597657081789163,0.08306520749398871,0.11224497957831123
671_T1_vs_T2,longitudinal,4,LThigh_to_LShin_rx,LThigh_to_LShin,rx,0.3748388636620387,0.20888323073945678,-0.16595563292258195,0.08306520749398871,0.11224497957831123
671_T1_vs_T2,longitudinal,4,LThigh_to_LShin_ry,LThigh_to_LShin,ry,5.046133441269789e-09,3.6899181240831255e-09,-1.3562153171866635e-09,0.08306520749398871,0.11224497957831123
671_T1_vs_T2,longitudinal,4,LThigh_to_LShin_rz,LThigh_to_LShin,rz,1.2337694400715215e-08,4.225539168558355e-10,-1.191514048385938e-08,0.08306520749398871,0.11224497957831123
671_T1_vs_T2,longitudinal,4,LUArm_to_LFArm_rx,LUArm_to_LFArm,rx,0.12877049647296498,0.3561068335104932,0.22733633703752823,0.08306520749398871,0.11224497957831123
671_T1_vs_T2,longitudinal,4,LUArm_to_LFArm_ry,LUArm_to_LFArm,ry,0.208475900036354,0.07719719294767406,-0.13127870708867995,0.08306520749398871,0.11224497957831123
671_T1_vs_T2,longitudinal,4,LUArm_to_LFArm_rz,LUArm_to_LFArm,rz,0.13766279118085153,0.2416018442058502,0.10393905302499867,0.08306520749398871,0.11224497957831123
671_T1_vs_T2,longitudinal,4,Neck_to_Head_rx,Neck_to_Head,rx,0.008418655010686865,0.0265711649701433,0.018152509959456435,0.08306520749398871,0.11224497957831123
671_T1_vs_T2,longitudinal,4,Neck_to_Head_ry,Neck_to_Head,ry,0.04294726088899708,0.024880515332416392,-0.018066745556580686,0.08306520749398871,0.11224497957831123
671_T1_vs_T2,longitudinal,4,Neck_to_Head_rz,Neck_to_Head,rz,0.037970229367024565,0.0009265107650571964,-0.03704371860196737,0.08306520749398871,0.11224497957831123
671_T1_vs_T2,longitudinal,4,RFArm_to_RHand_rx,RFArm_to_RHand,rx,0.006401051719948362,0.2195395377744662,0.21313848605451782,0.08306520749398871,0.11224497957831123
671_T1_vs_T2,longitudinal,4,RFArm_to_RHand_ry,RFArm_to_RHand,ry,0.019079305780865027,0.12430558059393468,0.10522627481306965,0.08306520749398871,0.11224497957831123
671_T1_vs_T2,longitudinal,4,RFArm_to_RHand_rz,RFArm_to_RHand,rz,0.22393887756072892,0.5208651978403386,0.29692632027960963,0.08306520749398871,0.11224497957831123
671_T1_vs_T2,longitudinal,4,RShin_to_RFoot_rx,RShin_to_RFoot,rx,0.05564080606789622,0.05596573753299748,0.0003249314651012636,0.08306520749398871,0.11224497957831123
671_T1_vs_T2,longitudinal,4,RShin_to_RFoot_ry,RShin_to_RFoot,ry,0.007906035189181286,0.02530603497000645,0.017399999780825168,0.08306520749398871,0.11224497957831123
671_T1_vs_T2,longitudinal,4,RShin_to_RFoot_rz,RShin_to_RFoot,rz,0.035410525724066465,0.05022394268299436,0.014813416958927898,0.08306520749398871,0.11224497957831123
671_T1_vs_T2,longitudinal,4,RShoulder_to_RUArm_rx,RShoulder_to_RUArm,rx,0.24163497568311107,0.21828319584337294,-0.02335177983973813,0.08306520749398871,0.11224497957831123
671_T1_vs_T2,longitudinal,4,RShoulder_to_RUArm_ry,RShoulder_to_RUArm,ry,0.25420333399196055,0.15677443765895446,-0.09742889633300608,0.08306520749398871,0.11224497957831123
671_T1_vs_T2,longitudinal,4,RShoulder_to_RUArm_rz,RShoulder_to_RUArm,rz,0.016960466872247934,0.020872715156338137,0.003912248284090203,0.08306520749398871,0.11224497957831123
671_T1_vs_T2,longitudinal,4,RThigh_to_RShin_rx,RThigh_to_RShin,rx,0.23890996350394275,0.27275563859616947,0.03384567509222672,0.08306520749398871,0.11224497957831123
671_T1_vs_T2,longitudinal,4,RThigh_to_RShin_ry,RThigh_to_RShin,ry,3.863913233497337e-09,3.1206749646572666e-08,2.734283641307533e-08,0.08306520749398871,0.11224497957831123
671_T1_vs_T2,longitudinal,4,RThigh_to_RShin_rz,RThigh_to_RShin,rz,5.008703806322436e-09,1.091040305543837e-08,5.901699249115934e-09,0.08306520749398871,0.11224497957831123
671_T1_vs_T2,longitudinal,4,RUArm_to_RFArm_rx,RUArm_to_RFArm,rx,0.04745318063689256,0.13844383075609693,0.09099065011920437,0.08306520749398871,0.11224497957831123
671_T1_vs_T2,longitudinal,4,RUArm_to_RFArm_ry,RUArm_to_RFArm,ry,0.5834325889982305,0.3746279284331453,-0.20880466056508518,0.08306520749398871,0.11224497957831123
671_T1_vs_T2,longitudinal,4,RUArm_to_RFArm_rz,RUArm_to_RFArm,rz,0.05705419069783968,0.11179412144519968,0.05473993074736,0.08306520749398871,0.11224497957831123
671_T1_vs_T2,longitudinal,5,Chest_to_LShoulder_rx,Chest_to_LShoulder,rx,0.006006243119100716,0.02191434799228496,0.015908104873184243,0.07509215619409386,0.09403389603628046
671_T1_vs_T2,longitudinal,5,Chest_to_LShoulder_ry,Chest_to_LShoulder,ry,0.012908035103109184,0.05842168647783687,0.04551365137472768,0.07509215619409386,0.09403389603628046
671_T1_vs_T2,longitudinal,5,Chest_to_LShoulder_rz,Chest_to_LShoulder,rz,0.005041729927303838,0.003973034369528236,-0.0010686955577756015,0.07509215619409386,0.09403389603628046
671_T1_vs_T2,longitudinal,5,Chest_to_Neck_rx,Chest_to_Neck,rx,0.04415128955064271,0.020877420823953344,-0.023273868726689365,0.07509215619409386,0.09403389603628046
671_T1_vs_T2,longitudinal,5,Chest_to_Neck_ry,Chest_to_Neck,ry,0.03289993682305077,0.015458982139474017,-0.017440954683576752,0.07509215619409386,0.09403389603628046
671_T1_vs_T2,longitudinal,5,Chest_to_Neck_rz,Chest_to_Neck,rz,0.023095623181439224,0.034227631680055985,0.011132008498616761,0.07509215619409386,0.09403389603628046
671_T1_vs_T2,longitudinal,5,Chest_to_RShoulder_rx,Chest_to_RShoulder,rx,0.10037430340279523,0.07791451318445089,-0.022459790218344336,0.07509215619409386,0.09403389603628046
671_T1_vs_T2,longitudinal,5,Chest_to_RShoulder_ry,Chest_to_RShoulder,ry,0.043478289799916026,0.06198239441111325,0.018504104611197225,0.07509215619409386,0.09403389603628046
671_T1_vs_T2,longitudinal,5,Chest_to_RShoulder_rz,Chest_to_RShoulder,rz,0.03533564334601769,0.02326623445139689,-0.012069408894620798,0.07509215619409386,0.09403389603628046
671_T1_vs_T2,longitudinal,5,LFArm_to_LHand_rx,LFArm_to_LHand,rx,0.10797966752231118,0.15576451122045917,0.04778484369814799,0.07509215619409386,0.09403389603628046
671_T1_vs_T2,longitudinal,5,LFArm_to_LHand_ry,LFArm_to_LHand,ry,0.12132544544802162,0.17124641204380867,0.04992096659578704,0.07509215619409386,0.09403389603628046
671_T1_vs_T2,longitudinal,5,LFArm_to_LHand_rz,LFArm_to_LHand,rz,0.07824329330300506,0.04854158143111851,-0.029701711871886548,0.07509215619409386,0.09403389603628046
671_T1_vs_T2,longitudinal,5,LShin_to_LFoot_rx,LShin_to_LFoot,rx,0.04467158878014403,0.025991423191316317,-0.018680165588827714,0.07509215619409386,0.09403389603628046
671_T1_vs_T2,longitudinal,5,LShin_to_LFoot_ry,LShin_to_LFoot,ry,0.07833799450114082,0.04074201626642941,-0.037595978234711405,0.07509215619409386,0.09403389603628046
671_T1_vs_T2,longitudinal,5,LShin_to_LFoot_rz,LShin_to_LFoot,rz,0.1372884758606149,0.0989803666068435,-0.0383081092537714,0.07509215619409386,0.09403389603628046
671_T1_vs_T2,longitudinal,5,LShoulder_to_LUArm_rx,LShoulder_to_LUArm,rx,0.07793550173866591,0.03291654762662733,-0.04501895411203858,0.07509215619409386,0.09403389603628046
671_T1_vs_T2,longitudinal,5,LShoulder_to_LUArm_ry,LShoulder_to_LUArm,ry,0.1530390759883137,0.420258379029832,0.2672193030415183,0.07509215619409386,0.09403389603628046
671_T1_vs_T2,longitudinal,5,LShoulder_to_LUArm_rz,LShoulder_to_LUArm,rz,0.029361565376185162,0.08771640884316606,0.0583548434669809,0.07509215619409386,0.09403389603628046
671_T1_vs_T2,longitudinal,5,LThigh_to_LShin_rx,LThigh_to_LShin,rx,0.680260014648128,0.6054978319209285,-0.07476218272719948,0.07509215619409386,0.09403389603628046
671_T1_vs_T2,longitudinal,5,LThigh_to_LShin_ry,LThigh_to_LShin,ry,2.334559638069405e-09,3.4019734401352676e-09,1.0674138020658626e-09,0.07509215619409386,0.09403389603628046
671_T1_vs_T2,longitudinal,5,LThigh_to_LShin_rz,LThigh_to_LShin,rz,1.0498271910196877e-08,1.923446280868475e-08,8.736190898487872e-09,0.07509215619409386,0.09403389603628046
671_T1_vs_T2,longitudinal,5,LUArm_to_LFArm_rx,LUArm_to_LFArm,rx,0.20506052065308658,0.14685452960207604,-0.05820599105101054,0.07509215619409386,0.09403389603628046
671_T1_vs_T2,longitudinal,5,LUArm_to_LFArm_ry,LUArm_to_LFArm,ry,0.18415739320529753,0.3089042506553552,0.12474685745005767,0.07509215619409386,0.09403389603628046
671_T1_vs_T2,longitudinal,5,LUArm_to_LFArm_rz,LUArm_to_LFArm,rz,0.18806359807637807,0.07000887154544179,-0.11805472653093628,0.07509215619409386,0.09403389603628046
671_T1_vs_T2,longitudinal,5,Neck_to_Head_rx,Neck_to_Head,rx,0.04415126632633014,0.020877467128040988,-0.02327379919828915,0.07509215619409386,0.09403389603628046
671_T1_vs_T2,longitudinal,5,Neck_to_Head_ry,Neck_to_Head,ry,0.03289996013789451,0.015458992638197465,-0.017440967499697042,0.07509215619409386,0.09403389603628046
671_T1_vs_T2,longitudinal,5,Neck_to_Head_rz,Neck_to_Head,rz,0.023095598798533568,0.03422762824701982,0.01113202944848625,0.07509215619409386,0.09403389603628046
671_T1_vs_T2,longitudinal,5,RFArm_to_RHand_rx,RFArm_to_RHand,rx,0.02777303673845895,0.12983847320976413,0.10206543647130518,0.07509215619409386,0.09403389603628046
671_T1_vs_T2,longitudinal,5,RFArm_to_RHand_ry,RFArm_to_RHand,ry,0.14210826755896439,0.04762787632040139,-0.094480391238563,0.07509215619409386,0.09403389603628046
671_T1_vs_T2,longitudinal,5,RFArm_to_RHand_rz,RFArm_to_RHand,rz,0.14412835086656192,0.1609251950587384,0.016796844192176474,0.07509215619409386,0.09403389603628046
671_T1_vs_T2,longitudinal,5,RShin_to_RFoot_rx,RShin_to_RFoot,rx,0.18231727072791085,0.08451464084402195,-0.0978026298838889,0.07509215619409386,0.09403389603628046
671_T1_vs_T2,longitudinal,5,RShin_to_RFoot_ry,RShin_to_RFoot,ry,0.07293889582590635,0.09050156433194034,0.017562668506033996,0.07509215619409386,0.09403389603628046
671_T1_vs_T2,longitudinal,5,RShin_to_RFoot_rz,RShin_to_RFoot,rz,0.11558740659017153,0.03741559307159402,-0.07817181351857751,0.07509215619409386,0.09403389603628046
671_T1_vs_T2,longitudinal,5,RShoulder_to_RUArm_rx,RShoulder_to_RUArm,rx,0.2466813170400284,0.1377861601259703,-0.1088951569140581,0.07509215619409386,0.09403389603628046
671_T1_vs_T2,longitudinal,5,RShoulder_to_RUArm_ry,RShoulder_to_RUArm,ry,0.13217057916461922,0.25011525000321727,0.11794467083859805,0.07509215619409386,0.09403389603628046
671_T1_vs_T2,longitudinal,5,RShoulder_to_RUArm_rz,RShoulder_to_RUArm,rz,0.13449667186123856,0.17428868629148417,0.039792014430245604,0.07509215619409386,0.09403389603628046
671_T1_vs_T2,longitudinal,5,RThigh_to_RShin_rx,RThigh_to_RShin,rx,0.04372034235123446,0.08006187354999918,0.036341531198764716,0.07509215619409386,0.09403389603628046
671_T1_vs_T2,longitudinal,5,RThigh_to_RShin_ry,RThigh_to_RShin,ry,1.365221478763872e-08,4.7566310455273375e-09,-8.895583742111382e-09,0.07509215619409386,0.09403389603628046
671_T1_vs_T2,longitudinal,5,RThigh_to_RShin_rz,RThigh_to_RShin,rz,1.2578438026664499e-08,2.3091509484002814e-09,-1.0269287078264218e-08,0.07509215619409386,0.09403389603628046
671_T1_vs_T2,longitudinal,5,RUArm_to_RFArm_rx,RUArm_to_RFArm,rx,0.280088881926005,0.021112644255924035,-0.258976237670081,0.07509215619409386,0.09403389603628046
671_T1_vs_T2,longitudinal,5,RUArm_to_RFArm_ry,RUArm_to_RFArm,ry,0.045202343017071586,0.23103937483526976,0.18583703181819816,0.07509215619409386,0.09403389603628046
671_T1_vs_T2,longitudinal,5,RUArm_to_RFArm_rz,RUArm_to_RFArm,rz,0.20743542431782996,0.07775097294782052,-0.12968445137000945,0.07509215619409386,0.09403389603628046
671_T1_vs_T2,longitudinal,6,Chest_to_LShoulder_rx,Chest_to_LShoulder,rx,0.07216563334955782,0.0111604721989703,-0.06100516115058752,0.05059603279318272,0.07700774888784916
671_T1_vs_T2,longitudinal,6,Chest_to_LShoulder_ry,Chest_to_LShoulder,ry,0.03261371042617371,0.022781003503096295,-0.009832706923077417,0.05059603279318272,0.07700774888784916
671_T1_vs_T2,longitudinal,6,Chest_to_LShoulder_rz,Chest_to_LShoulder,rz,0.04344128064683399,0.04007079228920026,-0.003370488357633726,0.05059603279318272,0.07700774888784916
671_T1_vs_T2,longitudinal,6,Chest_to_Neck_rx,Chest_to_Neck,rx,0.033246900765312046,0.02042224726130103,-0.012824653504011015,0.05059603279318272,0.07700774888784916
671_T1_vs_T2,longitudinal,6,Chest_to_Neck_ry,Chest_to_Neck,ry,0.007864006977888962,0.016825456336224558,0.008961449358335595,0.05059603279318272,0.07700774888784916
671_T1_vs_T2,longitudinal,6,Chest_to_Neck_rz,Chest_to_Neck,rz,0.01941857355941531,0.011385665837331978,-0.008032907722083333,0.05059603279318272,0.07700774888784916
671_T1_vs_T2,longitudinal,6,Chest_to_RShoulder_rx,Chest_to_RShoulder,rx,0.038615384754328234,0.01282614271153662,-0.025789242042791614,0.05059603279318272,0.07700774888784916
671_T1_vs_T2,longitudinal,6,Chest_to_RShoulder_ry,Chest_to_RShoulder,ry,0.024986593388355658,0.017007140277044256,-0.007979453111311402,0.05059603279318272,0.07700774888784916
671_T1_vs_T2,longitudinal,6,Chest_to_RShoulder_rz,Chest_to_RShoulder,rz,0.11366499520181239,0.036488966457065605,-0.07717602874474679,0.05059603279318272,0.07700774888784916
671_T1_vs_T2,longitudinal,6,LFArm_to_LHand_rx,LFArm_to_LHand,rx,0.19259796292110404,0.05549287002978539,-0.13710509289131864,0.05059603279318272,0.07700774888784916
671_T1_vs_T2,longitudinal,6,LFArm_to_LHand_ry,LFArm_to_LHand,ry,0.04516157528920268,0.024751314696789945,-0.020410260592412733,0.05059603279318272,0.07700774888784916
671_T1_vs_T2,longitudinal,6,LFArm_to_LHand_rz,LFArm_to_LHand,rz,0.46566617146265266,0.14813286684339477,-0.3175333046192579,0.05059603279318272,0.07700774888784916
671_T1_vs_T2,longitudinal,6,LShin_to_LFoot_rx,LShin_to_LFoot,rx,0.08644499170161561,0.0953396532112655,0.00889466150964989,0.05059603279318272,0.07700774888784916
671_T1_vs_T2,longitudinal,6,LShin_to_LFoot_ry,LShin_to_LFoot,ry,0.039889825598605363,0.12969584406414594,0.08980601846554058,0.05059603279318272,0.07700774888784916
671_T1_vs_T2,longitudinal,6,LShin_to_LFoot_rz,LShin_to_LFoot,rz,0.05557572820652236,0.0940623410270077,0.038486612820485336,0.05059603279318272,0.07700774888784916
671_T1_vs_T2,longitudinal,6,LShoulder_to_LUArm_rx,LShoulder_to_LUArm,rx,0.2791326441773742,0.07109400951061193,-0.20803863466676228,0.05059603279318272,0.07700774888784916
671_T1_vs_T2,longitudinal,6,LShoulder_to_LUArm_ry,LShoulder_to_LUArm,ry,0.21132070386958998,0.11878800218803068,-0.0925327016815593,0.05059603279318272,0.07700774888784916
671_T1_vs_T2,longitudinal,6,LShoulder_to_LUArm_rz,LShoulder_to_LUArm,rz,0.005584047505858257,0.10824004304455936,0.10265599553870111,0.05059603279318272,0.07700774888784916
671_T1_vs_T2,longitudinal,6,LThigh_to_LShin_rx,LThigh_to_LShin,rx,0.06328579984019299,0.22041720669053105,0.15713140685033805,0.05059603279318272,0.07700774888784916
671_T1_vs_T2,longitudinal,6,LThigh_to_LShin_ry,LThigh_to_LShin,ry,1.4070587757123968e-08,2.960694781235301e-10,-1.3774518279000438e-08,0.05059603279318272,0.07700774888784916
671_T1_vs_T2,longitudinal,6,LThigh_to_LShin_rz,LThigh_to_LShin,rz,1.4755969883645953e-08,1.2730789022211368e-08,-2.0251808614345846e-09,0.05059603279318272,0.07700774888784916
671_T1_vs_T2,longitudinal,6,LUArm_to_LFArm_rx,LUArm_to_LFArm,rx,0.06846008831067642,0.050506700736121964,-0.017953387574554454,0.05059603279318272,0.07700774888784916
671_T1_vs_T2,longitudinal,6,LUArm_to_LFArm_ry,LUArm_to_LFArm,ry,0.286119862555661,0.47870808737870396,0.19258822482304294,0.05059603279318272,0.07700774888784916
671_T1_vs_T2,longitudinal,6,LUArm_to_LFArm_rz,LUArm_to_LFArm,rz,0.0914304044147364,0.12571751130391084,0.03428710688917444,0.05059603279318272,0.07700774888784916
671_T1_vs_T2,longitudinal,6,Neck_to_Head_rx,Neck_to_Head,rx,0.033246887887989185,0.020422231407934584,-0.0128246564800546,0.05059603279318272,0.07700774888784916
671_T1_vs_T2,longitudinal,6,Neck_to_Head_ry,Neck_to_Head,ry,0.007864029272153968,0.01682544331149566,0.008961414039341694,0.05059603279318272,0.07700774888784916
671_T1_vs_T2,longitudinal,6,Neck_to_Head_rz,Neck_to_Head,rz,0.019418549563145038,0.011385695434233978,-0.00803285412891106,0.05059603279318272,0.07700774888784916
671_T1_vs_T2,longitudinal,6,RFArm_to_RHand_rx,RFArm_to_RHand,rx,0.18201382197047408,0.22118092226196293,0.03916710029148884,0.05059603279318272,0.07700774888784916
671_T1_vs_T2,longitudinal,6,RFArm_to_RHand_ry,RFArm_to_RHand,ry,0.13058849793329494,0.13324827818656892,0.0026597802532739856,0.05059603279318272,0.07700774888784916
671_T1_vs_T2,longitudinal,6,RFArm_to_RHand_rz,RFArm_to_RHand,rz,0.18474047277700975,0.21313518141967958,0.028394708642669825,0.05059603279318272,0.07700774888784916
671_T1_vs_T2,longitudinal,6,RShin_to_RFoot_rx,RShin_to_RFoot,rx,0.11512582402586735,0.14817627929162464,0.033050455265757284,0.05059603279318272,0.07700774888784916
671_T1_vs_T2,longitudinal,6,RShin_to_RFoot_ry,RShin_to_RFoot,ry,0.028168025843160468,0.07707022608413377,0.048902200240973304,0.05059603279318272,0.07700774888784916
671_T1_vs_T2,longitudinal,6,RShin_to_RFoot_rz,RShin_to_RFoot,rz,0.10750116145970921,0.14042951968773235,0.03292835822802313,0.05059603279318272,0.07700774888784916
671_T1_vs_T2,longitudinal,6,RShoulder_to_RUArm_rx,RShoulder_to_RUArm,rx,0.06981675035035297,0.05494412686083606,-0.014872623489516908,0.05059603279318272,0.07700774888784916
671_T1_vs_T2,longitudinal,6,RShoulder_to_RUArm_ry,RShoulder_to_RUArm,ry,0.17423565016943013,0.044797924273809485,-0.12943772589562064,0.05059603279318272,0.07700774888784916
671_T1_vs_T2,longitudinal,6,RShoulder_to_RUArm_rz,RShoulder_to_RUArm,rz,0.11797858438499578,0.02070617549095404,-0.09727240889404173,0.05059603279318272,0.07700774888784916
671_T1_vs_T2,longitudinal,6,RThigh_to_RShin_rx,RThigh_to_RShin,rx,0.33595398421594075,0.27834887767144717,-0.05760510654449358,0.05059603279318272,0.07700774888784916
671_T1_vs_T2,longitudinal,6,RThigh_to_RShin_ry,RThigh_to_RShin,ry,7.51823329148362e-09,4.9782913968580324e-09,-2.539941894625587e-09,0.05059603279318272,0.07700774888784916
671_T1_vs_T2,longitudinal,6,RThigh_to_RShin_rz,RThigh_to_RShin,rz,5.710927112275716e-09,7.728630475992202e-09,2.017703363716486e-09,0.05059603279318272,0.07700774888784916
671_T1_vs_T2,longitudinal,6,RUArm_to_RFArm_rx,RUArm_to_RFArm,rx,0.3565275487967513,0.28032354301126206,-0.07620400578548925,0.05059603279318272,0.07700774888784916
671_T1_vs_T2,longitudinal,6,RUArm_to_RFArm_ry,RUArm_to_RFArm,ry,0.0737724108945083,0.48879591799648275,0.41502350710197444,0.05059603279318272,0.07700774888784916
671_T1_vs_T2,longitudinal,6,RUArm_to_RFArm_rz,RUArm_to_RFArm,rz,0.28210238679581773,0.21627727017683834,-0.06582511661897938,0.05059603279318272,0.07700774888784916
671_T1_vs_T2,longitudinal,7,Chest_to_LShoulder_rx,Chest_to_LShoulder,rx,0.06286782431455018,0.014064315612625009,-0.04880350870192517,0.04192442279548792,0.05904752514914877
671_T1_vs_T2,longitudinal,7,Chest_to_LShoulder_ry,Chest_to_LShoulder,ry,0.08599271391819463,0.0036263086831738343,-0.0823664052350208,0.04192442279548792,0.05904752514914877
671_T1_vs_T2,longitudinal,7,Chest_to_LShoulder_rz,Chest_to_LShoulder,rz,0.08037406544005929,0.11728062926577143,0.03690656382571214,0.04192442279548792,0.05904752514914877
671_T1_vs_T2,longitudinal,7,Chest_to_Neck_rx,Chest_to_Neck,rx,0.06471229424502954,0.03148339726671803,-0.03322889697831151,0.04192442279548792,0.05904752514914877
671_T1_vs_T2,longitudinal,7,Chest_to_Neck_ry,Chest_to_Neck,ry,0.04457471871311739,0.059272148533258365,0.014697429820140974,0.04192442279548792,0.05904752514914877
671_T1_vs_T2,longitudinal,7,Chest_to_Neck_rz,Chest_to_Neck,rz,0.02991145871948417,0.05572206003203574,0.02581060131255157,0.04192442279548792,0.05904752514914877
671_T1_vs_T2,longitudinal,7,Chest_to_RShoulder_rx,Chest_to_RShoulder,rx,0.07524166487635962,0.04348508838544743,-0.031756576490912194,0.04192442279548792,0.05904752514914877
671_T1_vs_T2,longitudinal,7,Chest_to_RShoulder_ry,Chest_to_RShoulder,ry,0.05707413261836754,0.021642180932698384,-0.03543195168566915,0.04192442279548792,0.05904752514914877
671_T1_vs_T2,longitudinal,7,Chest_to_RShoulder_rz,Chest_to_RShoulder,rz,0.007665545876482831,0.016004356419320177,0.008338810542837347,0.04192442279548792,0.05904752514914877
671_T1_vs_T2,longitudinal,7,LFArm_to_LHand_rx,LFArm_to_LHand,rx,0.027927925126270747,0.06383218265510865,0.0359042575288379,0.04192442279548792,0.05904752514914877
671_T1_vs_T2,longitudinal,7,LFArm_to_LHand_ry,LFArm_to_LHand,ry,0.2242435952387471,0.1352875492333332,-0.0889560460054139,0.04192442279548792,0.05904752514914877
671_T1_vs_T2,longitudinal,7,LFArm_to_LHand_rz,LFArm_to_LHand,rz,0.21560555943948284,0.1388865567441179,-0.07671900269536494,0.04192442279548792,0.05904752514914877
671_T1_vs_T2,longitudinal,7,LShin_to_LFoot_rx,LShin_to_LFoot,rx,0.09868854109916272,0.04909895991796055,-0.04958958118120217,0.04192442279548792,0.05904752514914877
671_T1_vs_T2,longitudinal,7,LShin_to_LFoot_ry,LShin_to_LFoot,ry,0.08847513229652447,0.009547132797135685,-0.07892799949938878,0.04192442279548792,0.05904752514914877
671_T1_vs_T2,longitudinal,7,LShin_to_LFoot_rz,LShin_to_LFoot,rz,0.11922813617049734,0.08554205420259925,-0.03368608196789809,0.04192442279548792,0.05904752514914877
671_T1_vs_T2,longitudinal,7,LShoulder_to_LUArm_rx,LShoulder_to_LUArm,rx,0.07675874938746936,0.0714977964879172,-0.005260952899552168,0.04192442279548792,0.05904752514914877
671_T1_vs_T2,longitudinal,7,LShoulder_to_LUArm_ry,LShoulder_to_LUArm,ry,0.41657215725808655,0.13263731464023878,-0.28393484261784774,0.04192442279548792,0.05904752514914877
671_T1_vs_T2,longitudinal,7,LShoulder_to_LUArm_rz,LShoulder_to_LUArm,rz,0.26196576169676655,0.1810791842470833,-0.08088657744968325,0.04192442279548792,0.05904752514914877
671_T1_vs_T2,longitudinal,7,LThigh_to_LShin_rx,LThigh_to_LShin,rx,0.34922720981133965,0.3572068099195568,0.007979600108217133,0.04192442279548792,0.05904752514914877
671_T1_vs_T2,longitudinal,7,LThigh_to_LShin_ry,LThigh_to_LShin,ry,9.46131383866038e-09,1.1658220489261459e-08,2.196906650601078e-09,0.04192442279548792,0.05904752514914877
671_T1_vs_T2,longitudinal,7,LThigh_to_LShin_rz,LThigh_to_LShin,rz,2.095350870378201e-09,8.27184012675166e-11,-2.0126324691106844e-09,0.04192442279548792,0.05904752514914877
671_T1_vs_T2,longitudinal,7,LUArm_to_LFArm_rx,LUArm_to_LFArm,rx,0.22452106258299429,0.32263981886879656,0.09811875628580227,0.04192442279548792,0.05904752514914877
671_T1_vs_T2,longitudinal,7,LUArm_to_LFArm_ry,LUArm_to_LFArm,ry,0.11643233729351105,0.613031767958475,0.496599430664964,0.04192442279548792,0.05904752514914877
671_T1_vs_T2,longitudinal,7,LUArm_to_LFArm_rz,LUArm_to_LFArm,rz,0.18179285364131137,0.32237992115550523,0.14058706751419386,0.04192442279548792,0.05904752514914877
671_T1_vs_T2,longitudinal,7,Neck_to_Head_rx,Neck_to_Head,rx,0.06471228425261509,0.03148337627173711,-0.03322890798087798,0.04192442279548792,0.05904752514914877
671_T1_vs_T2,longitudinal,7,Neck_to_Head_ry,Neck_to_Head,ry,0.04457471555494169,0.05927215896076664,0.014697443405824948,0.04192442279548792,0.05904752514914877
671_T1_vs_T2,longitudinal,7,Neck_to_Head_rz,Neck_to_Head,rz,0.02991141918869128,0.05572202154855184,0.02581060235986056,0.04192442279548792,0.05904752514914877
671_T1_vs_T2,longitudinal,7,RFArm_to_RHand_rx,RFArm_to_RHand,rx,0.09202994618485552,0.09637708103466039,0.004347134849804868,0.04192442279548792,0.05904752514914877
671_T1_vs_T2,longitudinal,7,RFArm_to_RHand_ry,RFArm_to_RHand,ry,0.19205725981700025,0.05418322890840962,-0.13787403090859063,0.04192442279548792,0.05904752514914877
671_T1_vs_T2,longitudinal,7,RFArm_to_RHand_rz,RFArm_to_RHand,rz,0.012259247704158335,0.15771352269978386,0.14545427499562552,0.04192442279548792,0.05904752514914877
671_T1_vs_T2,longitudinal,7,RShin_to_RFoot_rx,RShin_to_RFoot,rx,0.1493929651991588,0.07909084904315414,-0.07030211615600465,0.04192442279548792,0.05904752514914877
671_T1_vs_T2,longitudinal,7,RShin_to_RFoot_ry,RShin_to_RFoot,ry,0.03354790295529662,0.017329746526419082,-0.016218156428877535,0.04192442279548792,0.05904752514914877
671_T1_vs_T2,longitudinal,7,RShin_to_RFoot_rz,RShin_to_RFoot,rz,0.1883936652017673,0.12636871423243104,-0.06202495096933627,0.04192442279548792,0.05904752514914877
671_T1_vs_T2,longitudinal,7,RShoulder_to_RUArm_rx,RShoulder_to_RUArm,rx,0.1808536494297497,0.12701232814161073,-0.05384132128813898,0.04192442279548792,0.05904752514914877
671_T1_vs_T2,longitudinal,7,RShoulder_to_RUArm_ry,RShoulder_to_RUArm,ry,0.1784812792872266,0.015455877558318922,-0.16302540172890767,0.04192442279548792,0.05904752514914877
671_T1_vs_T2,longitudinal,7,RShoulder_to_RUArm_rz,RShoulder_to_RUArm,rz,0.10742754939082126,0.05122104948046914,-0.05620649991035212,0.04192442279548792,0.05904752514914877
671_T1_vs_T2,longitudinal,7,RThigh_to_RShin_rx,RThigh_to_RShin,rx,0.35298971879885854,0.1873679616869236,-0.16562175711193494,0.04192442279548792,0.05904752514914877
671_T1_vs_T2,longitudinal,7,RThigh_to_RShin_ry,RThigh_to_RShin,ry,6.643652458887773e-08,3.340695581826662e-08,-3.3029568770611113e-08,0.04192442279548792,0.05904752514914877
671_T1_vs_T2,longitudinal,7,RThigh_to_RShin_rz,RThigh_to_RShin,rz,1.610596448497383e-08,1.3769608795010703e-09,-1.472900360547276e-08,0.04192442279548792,0.05904752514914877
671_T1_vs_T2,longitudinal,7,RUArm_to_RFArm_rx,RUArm_to_RFArm,rx,0.17855328634358078,0.15141194751992015,-0.027141338823660627,0.04192442279548792,0.05904752514914877
671_T1_vs_T2,longitudinal,7,RUArm_to_RFArm_ry,RUArm_to_RFArm,ry,0.11182462665152003,0.046067239132371395,-0.06575738751914864,0.04192442279548792,0.05904752514914877
671_T1_vs_T2,longitudinal,7,RUArm_to_RFArm_rz,RUArm_to_RFArm,rz,0.11482475726622723,0.10496730297868248,-0.009857454287544754,0.04192442279548792,0.05904752514914877
671_T1_vs_T2,longitudinal,8,Chest_to_LShoulder_rx,Chest_to_LShoulder,rx,0.036373599550569395,0.014867116557522424,-0.02150648299304697,0.03276314485195455,0.04170110822472622
671_T1_vs_T2,longitudinal,8,Chest_to_LShoulder_ry,Chest_to_LShoulder,ry,0.0826871828412659,0.11590636487162052,0.03321918203035462,0.03276314485195455,0.04170110822472622
671_T1_vs_T2,longitudinal,8,Chest_to_LShoulder_rz,Chest_to_LShoulder,rz,0.13166797136081176,0.06590998562185267,-0.0657579857389591,0.03276314485195455,0.04170110822472622
671_T1_vs_T2,longitudinal,8,Chest_to_Neck_rx,Chest_to_Neck,rx,0.09738095815478966,0.12311260449868788,0.025731646343898226,0.03276314485195455,0.04170110822472622
671_T1_vs_T2,longitudinal,8,Chest_to_Neck_ry,Chest_to_Neck,ry,0.02076274493163777,0.045608351192437634,0.024845606260799864,0.03276314485195455,0.04170110822472622
671_T1_vs_T2,longitudinal,8,Chest_to_Neck_rz,Chest_to_Neck,rz,0.026098673460218078,0.000646712658063029,-0.02545196080215505,0.03276314485195455,0.04170110822472622
671_T1_vs_T2,longitudinal,8,Chest_to_RShoulder_rx,Chest_to_RShoulder,rx,0.011208388762545384,0.020246714602617507,0.009038325840072123,0.03276314485195455,0.04170110822472622
671_T1_vs_T2,longitudinal,8,Chest_to_RShoulder_ry,Chest_to_RShoulder,ry,0.08959676031818334,0.09352372481544934,0.003926964497265997,0.03276314485195455,0.04170110822472622
671_T1_vs_T2,longitudinal,8,Chest_to_RShoulder_rz,Chest_to_RShoulder,rz,0.09542011888774578,0.06670520036251401,-0.028714918525231767,0.03276314485195455,0.04170110822472622
671_T1_vs_T2,longitudinal,8,LFArm_to_LHand_rx,LFArm_to_LHand,rx,0.036052663551914756,0.0831182788625594,0.04706561531064465,0.03276314485195455,0.04170110822472622
671_T1_vs_T2,longitudinal,8,LFArm_to_LHand_ry,LFArm_to_LHand,ry,0.13513785824835423,0.03732538358510803,-0.09781247466324619,0.03276314485195455,0.04170110822472622
671_T1_vs_T2,longitudinal,8,LFArm_to_LHand_rz,LFArm_to_LHand,rz,0.09102193294271556,0.12903097096707863,0.038009038024363076,0.03276314485195455,0.04170110822472622
671_T1_vs_T2,longitudinal,8,LShin_to_LFoot_rx,LShin_to_LFoot,rx,0.028449762035284227,0.04826898516618695,0.019819223130902727,0.03276314485195455,0.04170110822472622
671_T1_vs_T2,longitudinal,8,LShin_to_LFoot_ry,LShin_to_LFoot,ry,0.035282055862697476,0.044005868815041996,0.00872381295234452,0.03276314485195455,0.04170110822472622
671_T1_vs_T2,longitudinal,8,LShin_to_LFoot_rz,LShin_to_LFoot,rz,0.03414689490602638,0.11783583099588497,0.08368893608985858,0.03276314485195455,0.04170110822472622
671_T1_vs_T2,longitudinal,8,LShoulder_to_LUArm_rx,LShoulder_to_LUArm,rx,0.008171603135515657,0.08520094414704932,0.07702934101153366,0.03276314485195455,0.04170110822472622
671_T1_vs_T2,longitudinal,8,LShoulder_to_LUArm_ry,LShoulder_to_LUArm,ry,0.35538728450407886,0.486098812423817,0.1307115279197381,0.03276314485195455,0.04170110822472622
671_T1_vs_T2,longitudinal,8,LShoulder_to_LUArm_rz,LShoulder_to_LUArm,rz,0.3057396033561197,0.08885116869321329,-0.21688843466290642,0.03276314485195455,0.04170110822472622
671_T1_vs_T2,longitudinal,8,LThigh_to_LShin_rx,LThigh_to_LShin,rx,0.10722810631376488,0.3760022641468311,0.2687741578330662,0.03276314485195455,0.04170110822472622
671_T1_vs_T2,longitudinal,8,LThigh_to_LShin_ry,LThigh_to_LShin,ry,1.9007900299704723e-08,2.137955256966408e-08,2.3716522699593575e-09,0.03276314485195455,0.04170110822472622
671_T1_vs_T2,longitudinal,8,LThigh_to_LShin_rz,LThigh_to_LShin,rz,4.317870531515108e-09,1.542801945757108e-09,-2.7750685857579996e-09,0.03276314485195455,0.04170110822472622
671_T1_vs_T2,longitudinal,8,LUArm_to_LFArm_rx,LUArm_to_LFArm,rx,0.5091733586715086,0.34330429672658835,-0.16586906194492024,0.03276314485195455,0.04170110822472622
671_T1_vs_T2,longitudinal,8,LUArm_to_LFArm_ry,LUArm_to_LFArm,ry,0.2721470064388845,0.06492342787594338,-0.20722357856294113,0.03276314485195455,0.04170110822472622
671_T1_vs_T2,longitudinal,8,LUArm_to_LFArm_rz,LUArm_to_LFArm,rz,0.2768774123419729,0.18515723948381185,-0.09172017285816103,0.03276314485195455,0.04170110822472622
671_T1_vs_T2,longitudinal,8,Neck_to_Head_rx,Neck_to_Head,rx,0.09738099286624588,0.12311262410281539,0.025731631236569505,0.03276314485195455,0.04170110822472622
671_T1_vs_T2,longitudinal,8,Neck_to_Head_ry,Neck_to_Head,ry,0.020762742639197335,0.0456083544329758,0.024845611793778463,0.03276314485195455,0.04170110822472622
671_T1_vs_T2,longitudinal,8,Neck_to_Head_rz,Neck_to_Head,rz,0.026098673641417724,0.0006467360973531362,-0.025451937544064586,0.03276314485195455,0.04170110822472622
671_T1_vs_T2,longitudinal,8,RFArm_to_RHand_rx,RFArm_to_RHand,rx,0.10235765932180381,0.16926882301220594,0.06691116369040213,0.03276314485195455,0.04170110822472622
671_T1_vs_T2,longitudinal,8,RFArm_to_RHand_ry,RFArm_to_RHand,ry,0.1732572867811392,0.2005368991941621,0.027279612413022902,0.03276314485195455,0.04170110822472622
671_T1_vs_T2,longitudinal,8,RFArm_to_RHand_rz,RFArm_to_RHand,rz,0.11334219880002745,0.08993937813006797,-0.02340282066995948,0.03276314485195455,0.04170110822472622
671_T1_vs_T2,longitudinal,8,RShin_to_RFoot_rx,RShin_to_RFoot,rx,0.06177262040808626,0.1845487737470505,0.12277615333896424,0.03276314485195455,0.04170110822472622
671_T1_vs_T2,longitudinal,8,RShin_to_RFoot_ry,RShin_to_RFoot,ry,0.002626523749356144,0.02525068441123445,0.022624160661878306,0.03276314485195455,0.04170110822472622
671_T1_vs_T2,longitudinal,8,RShin_to_RFoot_rz,RShin_to_RFoot,rz,0.01492227000806324,0.12178489636241416,0.10686262635435091,0.03276314485195455,0.04170110822472622
671_T1_vs_T2,longitudinal,8,RShoulder_to_RUArm_rx,RShoulder_to_RUArm,rx,0.03255037466312661,0.08128988154111595,0.04873950687798934,0.03276314485195455,0.04170110822472622
671_T1_vs_T2,longitudinal,8,RShoulder_to_RUArm_ry,RShoulder_to_RUArm,ry,0.20044961467504682,0.25876805069098585,0.05831843601593903,0.03276314485195455,0.04170110822472622
671_T1_vs_T2,longitudinal,8,RShoulder_to_RUArm_rz,RShoulder_to_RUArm,rz,0.1696485292219424,0.09678000339652265,-0.07286852582541975,0.03276314485195455,0.04170110822472622
671_T1_vs_T2,longitudinal,8,RThigh_to_RShin_rx,RThigh_to_RShin,rx,0.04510995122464071,0.19808545805969993,0.15297550683505923,0.03276314485195455,0.04170110822472622
671_T1_vs_T2,longitudinal,8,RThigh_to_RShin_ry,RThigh_to_RShin,ry,1.25478176108661e-08,2.2321746399132703e-08,9.773928788266603e-09,0.03276314485195455,0.04170110822472622
671_T1_vs_T2,longitudinal,8,RThigh_to_RShin_rz,RThigh_to_RShin,rz,1.4348549353794517e-08,2.2601974813857447e-08,8.25342546006293e-09,0.03276314485195455,0.04170110822472622
671_T1_vs_T2,longitudinal,8,RUArm_to_RFArm_rx,RUArm_to_RFArm,rx,0.2719386132015574,0.22433742423881708,-0.04760118896274029,0.03276314485195455,0.04170110822472622
671_T1_vs_T2,longitudinal,8,RUArm_to_RFArm_ry,RUArm_to_RFArm,ry,0.14565789197130036,0.1523464866261194,0.006688594654819052,0.03276314485195455,0.04170110822472622
671_T1_vs_T2,longitudinal,8,RUArm_to_RFArm_rz,RUArm_to_RFArm,rz,0.19762144411395574,0.13944304174958325,-0.058178402364372495,0.03276314485195455,0.04170110822472622
671_T1_vs_T2,longitudinal,9,Chest_to_LShoulder_rx,Chest_to_LShoulder,rx,0.01987504303922804,0.0765519442307289,0.056676901191500866,0.03200390731122339,0.03746934301038185
671_T1_vs_T2,longitudinal,9,Chest_to_LShoulder_ry,Chest_to_LShoulder,ry,0.0039113132418076265,0.01321023404330496,0.009298920801497332,0.03200390731122339,0.03746934301038185
671_T1_vs_T2,longitudinal,9,Chest_to_LShoulder_rz,Chest_to_LShoulder,rz,0.08529854274065549,0.10727624344255868,0.02197770070190319,0.03200390731122339,0.03746934301038185
671_T1_vs_T2,longitudinal,9,Chest_to_Neck_rx,Chest_to_Neck,rx,0.03542406456280112,0.0050459384727336255,-0.030378126090067497,0.03200390731122339,0.03746934301038185
671_T1_vs_T2,longitudinal,9,Chest_to_Neck_ry,Chest_to_Neck,ry,0.03910259625942179,0.03738419693884744,-0.0017183993205743542,0.03200390731122339,0.03746934301038185
671_T1_vs_T2,longitudinal,9,Chest_to_Neck_rz,Chest_to_Neck,rz,0.014876467962744826,0.0013846165895135946,-0.013491851373231232,0.03200390731122339,0.03746934301038185
671_T1_vs_T2,longitudinal,9,Chest_to_RShoulder_rx,Chest_to_RShoulder,rx,0.1830070572324291,0.1836730339671934,0.0006659767347642898,0.03200390731122339,0.03746934301038185
671_T1_vs_T2,longitudinal,9,Chest_to_RShoulder_ry,Chest_to_RShoulder,ry,0.006562204586085456,0.028431771233082073,0.021869566646996616,0.03200390731122339,0.03746934301038185
671_T1_vs_T2,longitudinal,9,Chest_to_RShoulder_rz,Chest_to_RShoulder,rz,0.19327687031168211,0.23197680752181388,0.03869993721013176,0.03200390731122339,0.03746934301038185
671_T1_vs_T2,longitudinal,9,LFArm_to_LHand_rx,LFArm_to_LHand,rx,0.22595120599264923,0.23123234678387333,0.005281140791224104,0.03200390731122339,0.03746934301038185
671_T1_vs_T2,longitudinal,9,LFArm_to_LHand_ry,LFArm_to_LHand,ry,0.3278226325447551,0.15349433620481723,-0.17432829633993785,0.03200390731122339,0.03746934301038185
671_T1_vs_T2,longitudinal,9,LFArm_to_LHand_rz,LFArm_to_LHand,rz,0.21890936333866268,0.13739372132688144,-0.08151564201178124,0.03200390731122339,0.03746934301038185
671_T1_vs_T2,longitudinal,9,LShin_to_LFoot_rx,LShin_to_LFoot,rx,0.07469629243237261,0.058012642877941306,-0.0166836495544313,0.03200390731122339,0.03746934301038185
671_T1_vs_T2,longitudinal,9,LShin_to_LFoot_ry,LShin_to_LFoot,ry,0.04287791490635986,0.010787058182267465,-0.03209085672409239,0.03200390731122339,0.03746934301038185
671_T1_vs_T2,longitudinal,9,LShin_to_LFoot_rz,LShin_to_LFoot,rz,0.007354793618296341,0.008266618303629259,0.0009118246853329175,0.03200390731122339,0.03746934301038185
671_T1_vs_T2,longitudinal,9,LShoulder_to_LUArm_rx,LShoulder_to_LUArm,rx,0.011599777208192332,0.14304104416759295,0.13144126695940062,0.03200390731122339,0.03746934301038185
671_T1_vs_T2,longitudinal,9,LShoulder_to_LUArm_ry,LShoulder_to_LUArm,ry,0.29280143671870384,0.12890139008525173,-0.16390004663345212,0.03200390731122339,0.03746934301038185
671_T1_vs_T2,longitudinal,9,LShoulder_to_LUArm_rz,LShoulder_to_LUArm,rz,0.3005646578912684,0.39347763642153166,0.09291297853026326,0.03200390731122339,0.03746934301038185
671_T1_vs_T2,longitudinal,9,LThigh_to_LShin_rx,LThigh_to_LShin,rx,0.048417159491414605,0.22152124846237645,0.17310408897096186,0.03200390731122339,0.03746934301038185
671_T1_vs_T2,longitudinal,9,LThigh_to_LShin_ry,LThigh_to_LShin,ry,1.2428552934803186e-08,1.4062229647574409e-08,1.633676712771223e-09,0.03200390731122339,0.03746934301038185
671_T1_vs_T2,longitudinal,9,LThigh_to_LShin_rz,LThigh_to_LShin,rz,7.133562198658844e-10,9.835613874048529e-09,9.122257654182645e-09,0.03200390731122339,0.03746934301038185
671_T1_vs_T2,longitudinal,9,LUArm_to_LFArm_rx,LUArm_to_LFArm,rx,0.1622431253762878,0.06489369527674499,-0.0973494300995428,0.03200390731122339,0.03746934301038185
671_T1_vs_T2,longitudinal,9,LUArm_to_LFArm_ry,LUArm_to_LFArm,ry,0.08308149787871819,0.19592894015341947,0.11284744227470128,0.03200390731122339,0.03746934301038185
671_T1_vs_T2,longitudinal,9,LUArm_to_LFArm_rz,LUArm_to_LFArm,rz,0.14901879987232633,0.017923248406138317,-0.131095551466188,0.03200390731122339,0.03746934301038185
671_T1_vs_T2,longitudinal,9,Neck_to_Head_rx,Neck_to_Head,rx,0.035424097360099854,0.005045953285575788,-0.030378144074524067,0.03200390731122339,0.03746934301038185
671_T1_vs_T2,longitudinal,9,Neck_to_Head_ry,Neck_to_Head,ry,0.03910259112770158,0.03738418279684242,-0.0017184083308591572,0.03200390731122339,0.03746934301038185
671_T1_vs_T2,longitudinal,9,Neck_to_Head_rz,Neck_to_Head,rz,0.014876509405807776,0.0013846511377681857,-0.01349185826803959,0.03200390731122339,0.03746934301038185
671_T1_vs_T2,longitudinal,9,RFArm_to_RHand_rx,RFArm_to_RHand,rx,0.014018123813590478,0.08789603563936742,0.07387791182577694,0.03200390731122339,0.03746934301038185
671_T1_vs_T2,longitudinal,9,RFArm_to_RHand_ry,RFArm_to_RHand,ry,0.1491004005808977,0.03487331126007762,-0.1142270893208201,0.03200390731122339,0.03746934301038185
671_T1_vs_T2,longitudinal,9,RFArm_to_RHand_rz,RFArm_to_RHand,rz,0.16994375221039473,0.25772562441186037,0.08778187220146563,0.03200390731122339,0.03746934301038185
671_T1_vs_T2,longitudinal,9,RShin_to_RFoot_rx,RShin_to_RFoot,rx,0.05232076484010546,0.054993044443387394,0.002672279603281931,0.03200390731122339,0.03746934301038185
671_T1_vs_T2,longitudinal,9,RShin_to_RFoot_ry,RShin_to_RFoot,ry,0.07551663939992852,0.050206982703098715,-0.025309656696829802,0.03200390731122339,0.03746934301038185
671_T1_vs_T2,longitudinal,9,RShin_to_RFoot_rz,RShin_to_RFoot,rz,0.002689610757975108,0.015555069776380083,0.012865459018404975,0.03200390731122339,0.03746934301038185
671_T1_vs_T2,longitudinal,9,RShoulder_to_RUArm_rx,RShoulder_to_RUArm,rx,0.3135409535642693,0.3381197180198302,0.024578764455560898,0.03200390731122339,0.03746934301038185
671_T1_vs_T2,longitudinal,9,RShoulder_to_RUArm_ry,RShoulder_to_RUArm,ry,0.07590935007353036,0.16611079282649074,0.09020144275296038,0.03200390731122339,0.03746934301038185
671_T1_vs_T2,longitudinal,9,RShoulder_to_RUArm_rz,RShoulder_to_RUArm,rz,0.4898320636389945,0.5029475130494654,0.01311544941047088,0.03200390731122339,0.03746934301038185
671_T1_vs_T2,longitudinal,9,RThigh_to_RShin_rx,RThigh_to_RShin,rx,0.1364743131060115,0.15022913193641743,0.01375481883040594,0.03200390731122339,0.03746934301038185
671_T1_vs_T2,longitudinal,9,RThigh_to_RShin_ry,RThigh_to_RShin,ry,4.960951255108802e-09,1.754764985199816e-08,1.2586698596889356e-08,0.03200390731122339,0.03746934301038185
671_T1_vs_T2,longitudinal,9,RThigh_to_RShin_rz,RThigh_to_RShin,rz,8.897820634573197e-09,2.9464286352821823e-09,-5.951391999291014e-09,0.03200390731122339,0.03746934301038185
671_T1_vs_T2,longitudinal,9,RUArm_to_RFArm_rx,RUArm_to_RFArm,rx,0.08549963261072649,0.09297782351046703,0.007478190899740542,0.03200390731122339,0.03746934301038185
671_T1_vs_T2,longitudinal,9,RUArm_to_RFArm_ry,RUArm_to_RFArm,ry,0.01998338026042899,0.014676323351622948,-0.005307056908806042,0.03200390731122339,0.03746934301038185
671_T1_vs_T2,longitudinal,9,RUArm_to_RFArm_rz,RUArm_to_RFArm,rz,0.19344018638773705,0.0211230670673036,-0.17231711932043345,0.03200390731122339,0.03746934301038185
671_T1_vs_T3,longitudinal,1,Chest_to_LShoulder_rx,Chest_to_LShoulder,rx,0.06484907927132275,0.04424508534610661,-0.020603993925216134,0.22043467862970756,0.2743969578735426
671_T1_vs_T3,longitudinal,1,Chest_to_LShoulder_ry,Chest_to_LShoulder,ry,0.025326792384523223,0.008104146192430649,-0.017222646192092572,0.22043467862970756,0.2743969578735426
671_T1_vs_T3,longitudinal,1,Chest_to_LShoulder_rz,Chest_to_LShoulder,rz,0.026882768752054177,0.0689411122329339,0.042058343480879716,0.22043467862970756,0.2743969578735426
671_T1_vs_T3,longitudinal,1,Chest_to_Neck_rx,Chest_to_Neck,rx,0.0014507587923973137,0.043888419092237646,0.042437660299840335,0.22043467862970756,0.2743969578735426
671_T1_vs_T3,longitudinal,1,Chest_to_Neck_ry,Chest_to_Neck,ry,0.022536400490238116,0.015317490811163749,-0.007218909679074367,0.22043467862970756,0.2743969578735426
671_T1_vs_T3,longitudinal,1,Chest_to_Neck_rz,Chest_to_Neck,rz,0.015180069863882591,0.02162410895695681,0.006444039093074217,0.22043467862970756,0.2743969578735426
671_T1_vs_T3,longitudinal,1,Chest_to_RShoulder_rx,Chest_to_RShoulder,rx,0.0047942599232945905,0.030438009636360997,0.025643749713066405,0.22043467862970756,0.2743969578735426
671_T1_vs_T3,longitudinal,1,Chest_to_RShoulder_ry,Chest_to_RShoulder,ry,0.031931361698600405,0.004240559978205957,-0.027690801720394446,0.22043467862970756,0.2743969578735426
671_T1_vs_T3,longitudinal,1,Chest_to_RShoulder_rz,Chest_to_RShoulder,rz,0.015934833372898263,0.003935996474303928,-0.011998836898594335,0.22043467862970756,0.2743969578735426
671_T1_vs_T3,longitudinal,1,LFArm_to_LHand_rx,LFArm_to_LHand,rx,0.15669086692497422,0.36086491522633596,0.20417404830136174,0.22043467862970756,0.2743969578735426
671_T1_vs_T3,longitudinal,1,LFArm_to_LHand_ry,LFArm_to_LHand,ry,0.0056791510626069555,0.3513664919082822,0.3456873408456752,0.22043467862970756,0.2743969578735426
671_T1_vs_T3,longitudinal,1,LFArm_to_LHand_rz,LFArm_to_LHand,rz,0.22175130402125007,0.20235529755455697,-0.019396006466693094,0.22043467862970756,0.2743969578735426
671_T1_vs_T3,longitudinal,1,LShin_to_LFoot_rx,LShin_to_LFoot,rx,0.023858407978764012,0.07352924323409263,0.049670835255328616,0.22043467862970756,0.2743969578735426
671_T1_vs_T3,longitudinal,1,LShin_to_LFoot_ry,LShin_to_LFoot,ry,0.028010854142016928,0.04689928544517253,0.018888431303155602,0.22043467862970756,0.2743969578735426
671_T1_vs_T3,longitudinal,1,LShin_to_LFoot_rz,LShin_to_LFoot,rz,2.1203907508055936e-05,0.02742117259527847,0.027399968687770414,0.22043467862970756,0.2743969578735426
671_T1_vs_T3,longitudinal,1,LShoulder_to_LUArm_rx,LShoulder_to_LUArm,rx,0.19182286090267434,0.24109788712031066,0.049275026217636325,0.22043467862970756,0.2743969578735426
671_T1_vs_T3,longitudinal,1,LShoulder_to_LUArm_ry,LShoulder_to_LUArm,ry,0.05642891489868704,0.06073198153447621,0.0043030666357891725,0.22043467862970756,0.2743969578735426
671_T1_vs_T3,longitudinal,1,LShoulder_to_LUArm_rz,LShoulder_to_LUArm,rz,0.018029604365102626,0.1168467004755258,0.09881709611042316,0.22043467862970756,0.2743969578735426
671_T1_vs_T3,longitudinal,1,LThigh_to_LShin_rx,LThigh_to_LShin,rx,0.22324079018247558,0.05638523016890239,-0.1668555600135732,0.22043467862970756,0.2743969578735426
671_T1_vs_T3,longitudinal,1,LThigh_to_LShin_ry,LThigh_to_LShin,ry,5.255053361919669e-09,9.157779382847e-09,3.902726020927331e-09,0.22043467862970756,0.2743969578735426
671_T1_vs_T3,longitudinal,1,LThigh_to_LShin_rz,LThigh_to_LShin,rz,1.0367776833593093e-09,1.8352644565483767e-09,7.984867731890673e-10,0.22043467862970756,0.2743969578735426
671_T1_vs_T3,longitudinal,1,LUArm_to_LFArm_rx,LUArm_to_LFArm,rx,0.12287962513096312,0.46450240511572366,0.34162277998476054,0.22043467862970756,0.2743969578735426
671_T1_vs_T3,longitudinal,1,LUArm_to_LFArm_ry,LUArm_to_LFArm,ry,0.7063449555919731,0.40111565218835005,-0.30522930340362303,0.22043467862970756,0.2743969578735426
671_T1_vs_T3,longitudinal,1,LUArm_to_LFArm_rz,LUArm_to_LFArm,rz,0.17491731535403995,0.29366156402381083,0.11874424866977087,0.22043467862970756,0.2743969578735426
671_T1_vs_T3,longitudinal,1,Neck_to_Head_rx,Neck_to_Head,rx,0.0014507553966341667,0.04388845605010523,0.042437700653471064,0.22043467862970756,0.2743969578735426
671_T1_vs_T3,longitudinal,1,Neck_to_Head_ry,Neck_to_Head,ry,0.022536394530605745,0.015317490903432958,-0.007218903627172786,0.22043467862970756,0.2743969578735426
671_T1_vs_T3,longitudinal,1,Neck_to_Head_rz,Neck_to_Head,rz,0.015180072704582598,0.021624101584732915,0.006444028880150316,0.22043467862970756,0.2743969578735426
671_T1_vs_T3,longitudinal,1,RFArm_to_RHand_rx,RFArm_to_RHand,rx,0.09645205446983827,0.08487073175055333,-0.011581322719284942,0.22043467862970756,0.2743969578735426
671_T1_vs_T3,longitudinal,1,RFArm_to_RHand_ry,RFArm_to_RHand,ry,0.04146358700596594,0.12407078521037825,0.08260719820441231,0.22043467862970756,0.2743969578735426
671_T1_vs_T3,longitudinal,1,RFArm_to_RHand_rz,RFArm_to_RHand,rz,0.14562681017242585,0.03745454228527485,-0.108172267887151,0.22043467862970756,0.2743969578735426
671_T1_vs_T3,longitudinal,1,RShin_to_RFoot_rx,RShin_to_RFoot,rx,0.020317917037805146,0.01917433342054826,-0.0011435836172568846,0.22043467862970756,0.2743969578735426
671_T1_vs_T3,longitudinal,1,RShin_to_RFoot_ry,RShin_to_RFoot,ry,0.0023452633351552826,0.04673825609598523,0.04439299276082995,0.22043467862970756,0.2743969578735426
671_T1_vs_T3,longitudinal,1,RShin_to_RFoot_rz,RShin_to_RFoot,rz,0.00399874078405225,0.0515802361339275,0.047581495349875255,0.22043467862970756,0.2743969578735426
671_T1_vs_T3,longitudinal,1,RShoulder_to_RUArm_rx,RShoulder_to_RUArm,rx,0.027090026589785654,0.11605872141350779,0.08896869482372213,0.22043467862970756,0.2743969578735426
671_T1_vs_T3,longitudinal,1,RShoulder_to_RUArm_ry,RShoulder_to_RUArm,ry,0.09643105598371102,0.011359667459706955,-0.08507138852400406,0.22043467862970756,0.2743969578735426
671_T1_vs_T3,longitudinal,1,RShoulder_to_RUArm_rz,RShoulder_to_RUArm,rz,0.016852321542455067,0.014407483658758763,-0.0024448378836963037,0.22043467862970756,0.2743969578735426
671_T1_vs_T3,longitudinal,1,RThigh_to_RShin_rx,RThigh_to_RShin,rx,0.08094636132984945,0.204256308002646,0.12330994667279654,0.22043467862970756,0.2743969578735426
671_T1_vs_T3,longitudinal,1,RThigh_to_RShin_ry,RThigh_to_RShin,ry,2.8198219974487534e-09,4.2401764848717605e-08,3.958194285126885e-08,0.22043467862970756,0.2743969578735426
671_T1_vs_T3,longitudinal,1,RThigh_to_RShin_rz,RThigh_to_RShin,rz,2.6407490926479916e-09,1.0213317533076156e-08,7.572568440428164e-09,0.22043467862970756,0.2743969578735426
671_T1_vs_T3,longitudinal,1,RUArm_to_RFArm_rx,RUArm_to_RFArm,rx,0.042325858268736576,0.07111579082380155,0.028789932555064977,0.22043467862970756,0.2743969578735426
671_T1_vs_T3,longitudinal,1,RUArm_to_RFArm_ry,RUArm_to_RFArm,ry,0.47015116941854185,0.21877386001488816,-0.25137730940365366,0.22043467862970756,0.2743969578735426
671_T1_vs_T3,longitudinal,1,RUArm_to_RFArm_rz,RUArm_to_RFArm,rz,0.09702829336599872,0.0694164789538951,-0.027611814412103614,0.22043467862970756,0.2743969578735426
671_T1_vs_T3,longitudinal,2,Chest_to_LShoulder_rx,Chest_to_LShoulder,rx,0.05318666701850949,0.098088039943809,0.04490137292529951,0.15838657495370698,0.15340892295084255
671_T1_vs_T3,longitudinal,2,Chest_to_LShoulder_ry,Chest_to_LShoulder,ry,0.009139578288023368,0.046826568977946875,0.03768699068992351,0.15838657495370698,0.15340892295084255
671_T1_vs_T3,longitudinal,2,Chest_to_LShoulder_rz,Chest_to_LShoulder,rz,0.004213276687228134,0.021380495149633177,0.017167218462405043,0.15838657495370698,0.15340892295084255
671_T1_vs_T3,longitudinal,2,Chest_to_Neck_rx,Chest_to_Neck,rx,0.000158752104347258,0.013832719153711561,0.013673967049364303,0.15838657495370698,0.15340892295084255
671_T1_vs_T3,longitudinal,2,Chest_to_Neck_ry,Chest_to_Neck,ry,0.01604810477460604,0.01216465607941941,-0.00388344869518663,0.15838657495370698,0.15340892295084255
671_T1_vs_T3,longitudinal,2,Chest_to_Neck_rz,Chest_to_Neck,rz,0.010298546022681314,0.013349769101512195,0.0030512230788308815,0.15838657495370698,0.15340892295084255
671_T1_vs_T3,longitudinal,2,Chest_to_RShoulder_rx,Chest_to_RShoulder,rx,0.06970475047950545,0.07689485959668614,0.007190109117180696,0.15838657495370698,0.15340892295084255
671_T1_vs_T3,longitudinal,2,Chest_to_RShoulder_ry,Chest_to_RShoulder,ry,0.003379872840540827,0.024857872486979515,0.02147799964643869,0.15838657495370698,0.15340892295084255
671_T1_vs_T3,longitudinal,2,Chest_to_RShoulder_rz,Chest_to_RShoulder,rz,0.08008252043821046,0.01822766477517587,-0.061854855663034586,0.15838657495370698,0.15340892295084255
671_T1_vs_T3,longitudinal,2,LFArm_to_LHand_rx,LFArm_to_LHand,rx,0.10485703772508968,0.1444170429409262,0.03956000521583651,0.15838657495370698,0.15340892295084255
671_T1_vs_T3,longitudinal,2,LFArm_to_LHand_ry,LFArm_to_LHand,ry,0.03713084559926161,0.16481643682980682,0.1276855912305452,0.15838657495370698,0.15340892295084255
671_T1_vs_T3,longitudinal,2,LFArm_to_LHand_rz,LFArm_to_LHand,rz,0.21379626353022405,0.5498123711467902,0.3360161076165661,0.15838657495370698,0.15340892295084255
671_T1_vs_T3,longitudinal,2,LShin_to_LFoot_rx,LShin_to_LFoot,rx,0.003644600923522078,0.058291350119402036,0.05464674919587996,0.15838657495370698,0.15340892295084255
671_T1_vs_T3,longitudinal,2,LShin_to_LFoot_ry,LShin_to_LFoot,ry,0.041070164867912665,0.023412540744287,-0.017657624123625665,0.15838657495370698,0.15340892295084255
671_T1_vs_T3,longitudinal,2,LShin_to_LFoot_rz,LShin_to_LFoot,rz,0.014113877812738667,0.05387833333838634,0.039764455525647675,0.15838657495370698,0.15340892295084255
671_T1_vs_T3,longitudinal,2,LShoulder_to_LUArm_rx,LShoulder_to_LUArm,rx,0.16602293249557526,0.26212897551500897,0.0961060430194337,0.15838657495370698,0.15340892295084255
671_T1_vs_T3,longitudinal,2,LShoulder_to_LUArm_ry,LShoulder_to_LUArm,ry,0.012290783711554528,0.13679017215242026,0.12449938844086574,0.15838657495370698,0.15340892295084255
671_T1_vs_T3,longitudinal,2,LShoulder_to_LUArm_rz,LShoulder_to_LUArm,rz,0.040414718954007195,0.13171458391946708,0.09129986496545989,0.15838657495370698,0.15340892295084255
671_T1_vs_T3,longitudinal,2,LThigh_to_LShin_rx,LThigh_to_LShin,rx,0.05463698934031203,0.37879654497906684,0.3241595556387548,0.15838657495370698,0.15340892295084255
671_T1_vs_T3,longitudinal,2,LThigh_to_LShin_ry,LThigh_to_LShin,ry,8.223014982436247e-10,5.912228031964023e-09,5.089926533720399e-09,0.15838657495370698,0.15340892295084255
671_T1_vs_T3,longitudinal,2,LThigh_to_LShin_rz,LThigh_to_LShin,rz,1.1359926133374736e-08,2.379227352546354e-09,-8.980698780828381e-09,0.15838657495370698,0.15340892295084255
671_T1_vs_T3,longitudinal,2,LUArm_to_LFArm_rx,LUArm_to_LFArm,rx,0.14598245978027502,0.2616564351505072,0.11567397537023216,0.15838657495370698,0.15340892295084255
671_T1_vs_T3,longitudinal,2,LUArm_to_LFArm_ry,LUArm_to_LFArm,ry,0.2666961794765571,0.19631141854715053,-0.07038476092940657,0.15838657495370698,0.15340892295084255
671_T1_vs_T3,longitudinal,2,LUArm_to_LFArm_rz,LUArm_to_LFArm,rz,0.13635430041413268,0.2289592158457874,0.09260491543165472,0.15838657495370698,0.15340892295084255
671_T1_vs_T3,longitudinal,2,Neck_to_Head_rx,Neck_to_Head,rx,0.0001587494840208479,0.013832712329438186,0.013673962845417338,0.15838657495370698,0.15340892295084255
671_T1_vs_T3,longitudinal,2,Neck_to_Head_ry,Neck_to_Head,ry,0.01604810901588943,0.012164663807277288,-0.0038834452086121424,0.15838657495370698,0.15340892295084255
671_T1_vs_T3,longitudinal,2,Neck_to_Head_rz,Neck_to_Head,rz,0.010298551046764522,0.013349794039934904,0.003051242993170382,0.15838657495370698,0.15340892295084255
671_T1_vs_T3,longitudinal,2,RFArm_to_RHand_rx,RFArm_to_RHand,rx,0.347470107415776,0.04097320191139473,-0.30649690550438125,0.15838657495370698,0.15340892295084255
671_T1_vs_T3,longitudinal,2,RFArm_to_RHand_ry,RFArm_to_RHand,ry,0.07623719601830106,0.08657657222445815,0.010339376206157089,0.15838657495370698,0.15340892295084255
671_T1_vs_T3,longitudinal,2,RFArm_to_RHand_rz,RFArm_to_RHand,rz,0.7436670563894456,0.12891888745330124,-0.6147481689361444,0.15838657495370698,0.15340892295084255
671_T1_vs_T3,longitudinal,2,RShin_to_RFoot_rx,RShin_to_RFoot,rx,0.03785599385306384,0.0007427532689298946,-0.03711324058413394,0.15838657495370698,0.15340892295084255
671_T1_vs_T3,longitudinal,2,RShin_to_RFoot_ry,RShin_to_RFoot,ry,0.005418829821756217,0.038342757371319404,0.032923927549563185,0.15838657495370698,0.15340892295084255
671_T1_vs_T3,longitudinal,2,RShin_to_RFoot_rz,RShin_to_RFoot,rz,0.014571536539821725,0.041659739748205825,0.0270882032083841,0.15838657495370698,0.15340892295084255
671_T1_vs_T3,longitudinal,2,RShoulder_to_RUArm_rx,RShoulder_to_RUArm,rx,0.2792411854237867,0.1945764976696928,-0.08466468775409389,0.15838657495370698,0.15340892295084255
671_T1_vs_T3,longitudinal,2,RShoulder_to_RUArm_ry,RShoulder_to_RUArm,ry,0.0009683271106113749,0.23455949365294557,0.2335911665423342,0.15838657495370698,0.15340892295084255
671_T1_vs_T3,longitudinal,2,RShoulder_to_RUArm_rz,RShoulder_to_RUArm,rz,0.04548466045847284,0.03702152117577607,-0.00846313928269677,0.15838657495370698,0.15340892295084255
671_T1_vs_T3,longitudinal,2,RThigh_to_RShin_rx,RThigh_to_RShin,rx,0.0035677746965517257,0.2535250482378872,0.24995727354133546,0.15838657495370698,0.15340892295084255
671_T1_vs_T3,longitudinal,2,RThigh_to_RShin_ry,RThigh_to_RShin,ry,4.9885480649273385e-09,2.987777386470634e-08,2.4889225799779e-08,0.15838657495370698,0.15340892295084255
671_T1_vs_T3,longitudinal,2,RThigh_to_RShin_rz,RThigh_to_RShin,rz,2.0100379846137216e-08,7.455862439232189e-09,-1.2644517406905028e-08,0.15838657495370698,0.15340892295084255
671_T1_vs_T3,longitudinal,2,RUArm_to_RFArm_rx,RUArm_to_RFArm,rx,0.12465757689494873,0.06263305505143793,-0.0620245218435108,0.15838657495370698,0.15340892295084255
671_T1_vs_T3,longitudinal,2,RUArm_to_RFArm_ry,RUArm_to_RFArm,ry,0.00870672247311074,0.13831927475454994,0.1296125522814392,0.15838657495370698,0.15340892295084255
671_T1_vs_T3,longitudinal,2,RUArm_to_RFArm_rz,RUArm_to_RFArm,rz,0.06911940936443618,0.0663684637075003,-0.0027509456569358853,0.15838657495370698,0.15340892295084255
671_T1_vs_T3,longitudinal,3,Chest_to_LShoulder_rx,Chest_to_LShoulder,rx,0.06865199025832429,0.0544460656382094,-0.014205924620114892,0.13005284023620406,0.14368972632299604
671_T1_vs_T3,longitudinal,3,Chest_to_LShoulder_ry,Chest_to_LShoulder,ry,0.02384699381125768,0.028293816610129634,0.004446822798871954,0.13005284023620406,0.14368972632299604
671_T1_vs_T3,longitudinal,3,Chest_to_LShoulder_rz,Chest_to_LShoulder,rz,0.02281866661588372,0.061359171526463537,0.038540504910579816,0.13005284023620406,0.14368972632299604
671_T1_vs_T3,longitudinal,3,Chest_to_Neck_rx,Chest_to_Neck,rx,0.017675733036729948,0.029179261974829934,0.011503528938099986,0.13005284023620406,0.14368972632299604
671_T1_vs_T3,longitudinal,3,Chest_to_Neck_ry,Chest_to_Neck,ry,0.031871098962460764,0.0374157075106195,0.005544608548158733,0.13005284023620406,0.14368972632299604
671_T1_vs_T3,longitudinal,3,Chest_to_Neck_rz,Chest_to_Neck,rz,0.03969161009317217,0.019267847248404857,-0.02042376284476731,0.13005284023620406,0.14368972632299604
671_T1_vs_T3,longitudinal,3,Chest_to_RShoulder_rx,Chest_to_RShoulder,rx,0.08881000340227119,0.06927233479105963,-0.01953766861121156,0.13005284023620406,0.14368972632299604
671_T1_vs_T3,longitudinal,3,Chest_to_RShoulder_ry,Chest_to_RShoulder,ry,0.022119502303325225,0.008803487436416341,-0.013316014866908884,0.13005284023620406,0.14368972632299604
671_T1_vs_T3,longitudinal,3,Chest_to_RShoulder_rz,Chest_to_RShoulder,rz,0.04417075011609738,0.06190364823999928,0.0177328981239019,0.13005284023620406,0.14368972632299604
671_T1_vs_T3,longitudinal,3,LFArm_to_LHand_rx,LFArm_to_LHand,rx,0.24319782096011394,0.20997103185711632,-0.03322678910299762,0.13005284023620406,0.14368972632299604
671_T1_vs_T3,longitudinal,3,LFArm_to_LHand_ry,LFArm_to_LHand,ry,0.047619179000502984,0.12929791944692479,0.0816787404464218,0.13005284023620406,0.14368972632299604
671_T1_vs_T3,longitudinal,3,LFArm_to_LHand_rz,LFArm_to_LHand,rz,0.37999208811132884,0.1807403848593965,-0.19925170325193234,0.13005284023620406,0.14368972632299604
671_T1_vs_T3,longitudinal,3,LShin_to_LFoot_rx,LShin_to_LFoot,rx,0.0034770687335101773,0.021112225225615105,0.01763515649210493,0.13005284023620406,0.14368972632299604
671_T1_vs_T3,longitudinal,3,LShin_to_LFoot_ry,LShin_to_LFoot,ry,0.032492550427610165,0.012992691091815039,-0.019499859335795126,0.13005284023620406,0.14368972632299604
671_T1_vs_T3,longitudinal,3,LShin_to_LFoot_rz,LShin_to_LFoot,rz,0.03983610237476606,0.010852549076217476,-0.02898355329854858,0.13005284023620406,0.14368972632299604
671_T1_vs_T3,longitudinal,3,LShoulder_to_LUArm_rx,LShoulder_to_LUArm,rx,0.21237224844886096,0.11977551237681688,-0.09259673607204408,0.13005284023620406,0.14368972632299604
671_T1_vs_T3,longitudinal,3,LShoulder_to_LUArm_ry,LShoulder_to_LUArm,ry,0.040458274151760974,0.17123302041976615,0.13077474626800517,0.13005284023620406,0.14368972632299604
671_T1_vs_T3,longitudinal,3,LShoulder_to_LUArm_rz,LShoulder_to_LUArm,rz,0.09663129346070277,0.26143923187798057,0.1648079384172778,0.13005284023620406,0.14368972632299604
671_T1_vs_T3,longitudinal,3,LThigh_to_LShin_rx,LThigh_to_LShin,rx,0.2353922435650245,0.09558709891778458,-0.13980514464723992,0.13005284023620406,0.14368972632299604
671_T1_vs_T3,longitudinal,3,LThigh_to_LShin_ry,LThigh_to_LShin,ry,7.832149385802075e-09,6.1846287637249625e-09,-1.6475206220771125e-09,0.13005284023620406,0.14368972632299604
671_T1_vs_T3,longitudinal,3,LThigh_to_LShin_rz,LThigh_to_LShin,rz,7.294021591215756e-09,8.18467137786553e-09,8.906497866497743e-10,0.13005284023620406,0.14368972632299604
671_T1_vs_T3,longitudinal,3,LUArm_to_LFArm_rx,LUArm_to_LFArm,rx,0.006536456706732955,0.09424071005950822,0.08770425335277526,0.13005284023620406,0.14368972632299604
671_T1_vs_T3,longitudinal,3,LUArm_to_LFArm_ry,LUArm_to_LFArm,ry,0.3095292659005167,0.23455967281560594,-0.07496959308491077,0.13005284023620406,0.14368972632299604
671_T1_vs_T3,longitudinal,3,LUArm_to_LFArm_rz,LUArm_to_LFArm,rz,0.050819708708505634,0.0993544848945372,0.04853477618603157,0.13005284023620406,0.14368972632299604
671_T1_vs_T3,longitudinal,3,Neck_to_Head_rx,Neck_to_Head,rx,0.01767574030183245,0.02917927447966564,0.011503534177833188,0.13005284023620406,0.14368972632299604
671_T1_vs_T3,longitudinal,3,Neck_to_Head_ry,Neck_to_Head,ry,0.03187110857745882,0.03741570964781651,0.005544601070357688,0.13005284023620406,0.14368972632299604
671_T1_vs_T3,longitudinal,3,Neck_to_Head_rz,Neck_to_Head,rz,0.039691616552425237,0.01926782334799721,-0.020423793204428026,0.13005284023620406,0.14368972632299604
671_T1_vs_T3,longitudinal,3,RFArm_to_RHand_rx,RFArm_to_RHand,rx,0.016509836552647646,0.0065662279600053755,-0.009943608592642272,0.13005284023620406,0.14368972632299604
671_T1_vs_T3,longitudinal,3,RFArm_to_RHand_ry,RFArm_to_RHand,ry,0.08127515772019697,0.062262133421421346,-0.019013024298775626,0.13005284023620406,0.14368972632299604
671_T1_vs_T3,longitudinal,3,RFArm_to_RHand_rz,RFArm_to_RHand,rz,0.08100303797291337,0.056257034460357944,-0.02474600351255543,0.13005284023620406,0.14368972632299604
671_T1_vs_T3,longitudinal,3,RShin_to_RFoot_rx,RShin_to_RFoot,rx,0.013453040089009377,0.028452560685961144,0.014999520596951766,0.13005284023620406,0.14368972632299604
671_T1_vs_T3,longitudinal,3,RShin_to_RFoot_ry,RShin_to_RFoot,ry,0.08735996293482053,0.08720951021845345,-0.00015045271636707214,0.13005284023620406,0.14368972632299604
671_T1_vs_T3,longitudinal,3,RShin_to_RFoot_rz,RShin_to_RFoot,rz,0.017528034743495655,0.027166831674782364,0.009638796931286709,0.13005284023620406,0.14368972632299604
671_T1_vs_T3,longitudinal,3,RShoulder_to_RUArm_rx,RShoulder_to_RUArm,rx,0.22895774792952658,0.12028570810560048,-0.1086720398239261,0.13005284023620406,0.14368972632299604
671_T1_vs_T3,longitudinal,3,RShoulder_to_RUArm_ry,RShoulder_to_RUArm,ry,0.12500117948694842,0.04161330235233329,-0.08338787713461512,0.13005284023620406,0.14368972632299604
671_T1_vs_T3,longitudinal,3,RShoulder_to_RUArm_rz,RShoulder_to_RUArm,rz,0.017103176043138137,0.2611451202298515,0.24404194418671335,0.13005284023620406,0.14368972632299604
671_T1_vs_T3,longitudinal,3,RThigh_to_RShin_rx,RThigh_to_RShin,rx,0.08001295637676235,0.0025158983439722534,-0.0774970580327901,0.13005284023620406,0.14368972632299604
671_T1_vs_T3,longitudinal,3,RThigh_to_RShin_ry,RThigh_to_RShin,ry,5.289935446187536e-09,1.4235014642962761e-08,8.945079196775225e-09,0.13005284023620406,0.14368972632299604
671_T1_vs_T3,longitudinal,3,RThigh_to_RShin_rz,RThigh_to_RShin,rz,8.579232566463363e-09,7.4326702782700425e-09,-1.1465622881933208e-09,0.13005284023620406,0.14368972632299604
671_T1_vs_T3,longitudinal,3,RUArm_to_RFArm_rx,RUArm_to_RFArm,rx,0.23401476112055325,0.14727091730590447,-0.08674384381464878,0.13005284023620406,0.14368972632299604
671_T1_vs_T3,longitudinal,3,RUArm_to_RFArm_ry,RUArm_to_RFArm,ry,0.5996818618253135,0.7194029535112846,0.11972109168597111,0.13005284023620406,0.14368972632299604
671_T1_vs_T3,longitudinal,3,RUArm_to_RFArm_rz,RUArm_to_RFArm,rz,0.22135728342471214,0.22252184327690522,0.0011645598521930756,0.13005284023620406,0.14368972632299604
671_T1_vs_T3,longitudinal,4,Chest_to_LShoulder_rx,Chest_to_LShoulder,rx,0.03909176153644379,0.021486121869078594,-0.017605639667365194,0.08306520749398871,0.11599828851920428
671_T1_vs_T3,longitudinal,4,Chest_to_LShoulder_ry,Chest_to_LShoulder,ry,0.059050647648668214,0.01898537972287352,-0.04006526792579469,0.08306520749398871,0.11599828851920428
671_T1_vs_T3,longitudinal,4,Chest_to_LShoulder_rz,Chest_to_LShoulder,rz,0.036929669511170445,0.05992684932058522,0.022997179809414778,0.08306520749398871,0.11599828851920428
671_T1_vs_T3,longitudinal,4,Chest_to_Neck_rx,Chest_to_Neck,rx,0.008418631335292113,0.011133297528039186,0.0027146661927470728,0.08306520749398871,0.11599828851920428
671_T1_vs_T3,longitudinal,4,Chest_to_Neck_ry,Chest_to_Neck,ry,0.042947258906750135,0.029086210198405668,-0.013861048708344467,0.08306520749398871,0.11599828851920428
671_T1_vs_T3,longitudinal,4,Chest_to_Neck_rz,Chest_to_Neck,rz,0.03797024779121809,0.024777697902262603,-0.013192549888955487,0.08306520749398871,0.11599828851920428
671_T1_vs_T3,longitudinal,4,Chest_to_RShoulder_rx,Chest_to_RShoulder,rx,0.07436811294682318,0.12271580133543189,0.048347688388608714,0.08306520749398871,0.11599828851920428
671_T1_vs_T3,longitudinal,4,Chest_to_RShoulder_ry,Chest_to_RShoulder,ry,0.0553536007932062,0.02561696411863208,-0.02973663667457412,0.08306520749398871,0.11599828851920428
671_T1_vs_T3,longitudinal,4,Chest_to_RShoulder_rz,Chest_to_RShoulder,rz,0.0019752736359381256,0.0008906709851767629,-0.0010846026507613628,0.08306520749398871,0.11599828851920428
671_T1_vs_T3,longitudinal,4,LFArm_to_LHand_rx,LFArm_to_LHand,rx,0.15867173864835282,0.021399859848729004,-0.13727187879962383,0.08306520749398871,0.11599828851920428
671_T1_vs_T3,longitudinal,4,LFArm_to_LHand_ry,LFArm_to_LHand,ry,0.09069292819596221,0.04891506923006762,-0.04177785896589459,0.08306520749398871,0.11599828851920428
671_T1_vs_T3,longitudinal,4,LFArm_to_LHand_rz,LFArm_to_LHand,rz,0.24519278276691933,0.0954115512154753,-0.14978123155144402,0.08306520749398871,0.11599828851920428
671_T1_vs_T3,longitudinal,4,LShin_to_LFoot_rx,LShin_to_LFoot,rx,0.05450974473285608,0.021821443297514367,-0.03268830143534171,0.08306520749398871,0.11599828851920428
671_T1_vs_T3,longitudinal,4,LShin_to_LFoot_ry,LShin_to_LFoot,ry,0.06299247629096108,0.04194914128269074,-0.02104333500827034,0.08306520749398871,0.11599828851920428
671_T1_vs_T3,longitudinal,4,LShin_to_LFoot_rz,LShin_to_LFoot,rz,0.034553533746073624,0.037448676814283204,0.0028951430682095797,0.08306520749398871,0.11599828851920428
671_T1_vs_T3,longitudinal,4,LShoulder_to_LUArm_rx,LShoulder_to_LUArm,rx,0.14299124243333142,0.011158120132527014,-0.1318331223008044,0.08306520749398871,0.11599828851920428
671_T1_vs_T3,longitudinal,4,LShoulder_to_LUArm_ry,LShoulder_to_LUArm,ry,0.23312012020900055,0.2105282575946712,-0.022591862614329355,0.08306520749398871,0.11599828851920428
671_T1_vs_T3,longitudinal,4,LShoulder_to_LUArm_rz,LShoulder_to_LUArm,rz,0.033525386171238424,0.18017381550381487,0.14664842933257644,0.08306520749398871,0.11599828851920428
671_T1_vs_T3,longitudinal,4,LThigh_to_LShin_rx,LThigh_to_LShin,rx,0.3748388636620387,0.3099029643870407,-0.06493589927499804,0.08306520749398871,0.11599828851920428
671_T1_vs_T3,longitudinal,4,LThigh_to_LShin_ry,LThigh_to_LShin,ry,5.046133441269789e-09,2.377176301435052e-09,-2.668957139834737e-09,0.08306520749398871,0.11599828851920428
671_T1_vs_T3,longitudinal,4,LThigh_to_LShin_rz,LThigh_to_LShin,rz,1.2337694400715215e-08,2.127323251151465e-08,8.935538110799435e-09,0.08306520749398871,0.11599828851920428
671_T1_vs_T3,longitudinal,4,LUArm_to_LFArm_rx,LUArm_to_LFArm,rx,0.12877049647296498,0.017876864987625876,-0.11089363148533911,0.08306520749398871,0.11599828851920428
671_T1_vs_T3,longitudinal,4,LUArm_to_LFArm_ry,LUArm_to_LFArm,ry,0.208475900036354,0.16648471480771854,-0.04199118522863546,0.08306520749398871,0.11599828851920428
671_T1_vs_T3,longitudinal,4,LUArm_to_LFArm_rz,LUArm_to_LFArm,rz,0.13766279118085153,0.031221412015081048,-0.10644137916577048,0.08306520749398871,0.11599828851920428
671_T1_vs_T3,longitudinal,4,Neck_to_Head_rx,Neck_to_Head,rx,0.008418655010686865,0.011133286201062001,0.002714631190375136,0.08306520749398871,0.11599828851920428
671_T1_vs_T3,longitudinal,4,Neck_to_Head_ry,Neck_to_Head,ry,0.04294726088899708,0.029086216122863037,-0.013861044766134041,0.08306520749398871,0.11599828851920428
671_T1_vs_T3,longitudinal,4,Neck_to_Head_rz,Neck_to_Head,rz,0.037970229367024565,0.024777712184154012,-0.013192517182870553,0.08306520749398871,0.11599828851920428
671_T1_vs_T3,longitudinal,4,RFArm_to_RHand_rx,RFArm_to_RHand,rx,0.006401051719948362,0.330626777309196,0.3242257255892476,0.08306520749398871,0.11599828851920428
671_T1_vs_T3,longitudinal,4,RFArm_to_RHand_ry,RFArm_to_RHand,ry,0.019079305780865027,0.12179134625868816,0.10271204047782313,0.08306520749398871,0.11599828851920428
671_T1_vs_T3,longitudinal,4,RFArm_to_RHand_rz,RFArm_to_RHand,rz,0.22393887756072892,0.5288463015789371,0.30490742401820814,0.08306520749398871,0.11599828851920428
671_T1_vs_T3,longitudinal,4,RShin_to_RFoot_rx,RShin_to_RFoot,rx,0.05564080606789622,0.04503928751723644,-0.010601518550659779,0.08306520749398871,0.11599828851920428
671_T1_vs_T3,longitudinal,4,RShin_to_RFoot_ry,RShin_to_RFoot,ry,0.007906035189181286,0.01748158849436064,0.009575553305179353,0.08306520749398871,0.11599828851920428
671_T1_vs_T3,longitudinal,4,RShin_to_RFoot_rz,RShin_to_RFoot,rz,0.035410525724066465,0.028695729072459587,-0.006714796651606878,0.08306520749398871,0.11599828851920428
671_T1_vs_T3,longitudinal,4,RShoulder_to_RUArm_rx,RShoulder_to_RUArm,rx,0.24163497568311107,0.33532085325115635,0.09368587756804528,0.08306520749398871,0.11599828851920428
671_T1_vs_T3,longitudinal,4,RShoulder_to_RUArm_ry,RShoulder_to_RUArm,ry,0.25420333399196055,0.08587735372422015,-0.1683259802677404,0.08306520749398871,0.11599828851920428
671_T1_vs_T3,longitudinal,4,RShoulder_to_RUArm_rz,RShoulder_to_RUArm,rz,0.016960466872247934,0.14291239554170246,0.12595192866945454,0.08306520749398871,0.11599828851920428
671_T1_vs_T3,longitudinal,4,RThigh_to_RShin_rx,RThigh_to_RShin,rx,0.23890996350394275,0.13430587915531544,-0.10460408434862731,0.08306520749398871,0.11599828851920428
671_T1_vs_T3,longitudinal,4,RThigh_to_RShin_ry,RThigh_to_RShin,ry,3.863913233497337e-09,3.8091684641640745e-09,-5.474476933326235e-11,0.08306520749398871,0.11599828851920428
671_T1_vs_T3,longitudinal,4,RThigh_to_RShin_rz,RThigh_to_RShin,rz,5.008703806322436e-09,2.7045304069307603e-09,-2.304173399391676e-09,0.08306520749398871,0.11599828851920428
671_T1_vs_T3,longitudinal,4,RUArm_to_RFArm_rx,RUArm_to_RFArm,rx,0.04745318063689256,0.16965355950069436,0.1222003788638018,0.08306520749398871,0.11599828851920428
671_T1_vs_T3,longitudinal,4,RUArm_to_RFArm_ry,RUArm_to_RFArm,ry,0.5834325889982305,0.37934837175585195,-0.20408421724237852,0.08306520749398871,0.11599828851920428
671_T1_vs_T3,longitudinal,4,RUArm_to_RFArm_rz,RUArm_to_RFArm,rz,0.05705419069783968,0.145609189651311,0.08855499895347133,0.08306520749398871,0.11599828851920428
671_T1_vs_T3,longitudinal,5,Chest_to_LShoulder_rx,Chest_to_LShoulder,rx,0.006006243119100716,0.04954268868124956,0.04353644556214884,0.07509215619409386,0.0963747737424113
671_T1_vs_T3,longitudinal,5,Chest_to_LShoulder_ry,Chest_to_LShoulder,ry,0.012908035103109184,0.04913910224755633,0.03623106714444714,0.07509215619409386,0.0963747737424113
671_T1_vs_T3,longitudinal,5,Chest_to_LShoulder_rz,Chest_to_LShoulder,rz,0.005041729927303838,0.0038990295055605882,-0.0011427004217432497,0.07509215619409386,0.0963747737424113
671_T1_vs_T3,longitudinal,5,Chest_to_Neck_rx,Chest_to_Neck,rx,0.04415128955064271,0.04048711363413776,-0.003664175916504947,0.07509215619409386,0.0963747737424113
671_T1_vs_T3,longitudinal,5,Chest_to_Neck_ry,Chest_to_Neck,ry,0.03289993682305077,0.02002977507179348,-0.01287016175125729,0.07509215619409386,0.0963747737424113
671_T1_vs_T3,longitudinal,5,Chest_to_Neck_rz,Chest_to_Neck,rz,0.023095623181439224,0.016461199446086608,-0.006634423735352616,0.07509215619409386,0.0963747737424113
671_T1_vs_T3,longitudinal,5,Chest_to_RShoulder_rx,Chest_to_RShoulder,rx,0.10037430340279523,0.10523949874479309,0.004865195341997863,0.07509215619409386,0.0963747737424113
671_T1_vs_T3,longitudinal,5,Chest_to_RShoulder_ry,Chest_to_RShoulder,ry,0.043478289799916026,0.06666884642061481,0.023190556620698785,0.07509215619409386,0.0963747737424113
671_T1_vs_T3,longitudinal,5,Chest_to_RShoulder_rz,Chest_to_RShoulder,rz,0.03533564334601769,0.056560079076625094,0.021224435730607408,0.07509215619409386,0.0963747737424113
671_T1_vs_T3,longitudinal,5,LFArm_to_LHand_rx,LFArm_to_LHand,rx,0.10797966752231118,0.07025943760875611,-0.03772022991355507,0.07509215619409386,0.0963747737424113
671_T1_vs_T3,longitudinal,5,LFArm_to_LHand_ry,LFArm_to_LHand,ry,0.12132544544802162,0.05736463556053727,-0.06396080988748436,0.07509215619409386,0.0963747737424113
671_T1_vs_T3,longitudinal,5,LFArm_to_LHand_rz,LFArm_to_LHand,rz,0.07824329330300506,0.38187362040675343,0.3036303271037484,0.07509215619409386,0.0963747737424113
671_T1_vs_T3,longitudinal,5,LShin_to_LFoot_rx,LShin_to_LFoot,rx,0.04467158878014403,0.05052547958052923,0.005853890800385196,0.07509215619409386,0.0963747737424113
671_T1_vs_T3,longitudinal,5,LShin_to_LFoot_ry,LShin_to_LFoot,ry,0.07833799450114082,0.09149052175753256,0.013152527256391738,0.07509215619409386,0.0963747737424113
671_T1_vs_T3,longitudinal,5,LShin_to_LFoot_rz,LShin_to_LFoot,rz,0.1372884758606149,0.04454321066063084,-0.09274526519998406,0.07509215619409386,0.0963747737424113
671_T1_vs_T3,longitudinal,5,LShoulder_to_LUArm_rx,LShoulder_to_LUArm,rx,0.07793550173866591,0.1971689527899544,0.11923345105128848,0.07509215619409386,0.0963747737424113
671_T1_vs_T3,longitudinal,5,LShoulder_to_LUArm_ry,LShoulder_to_LUArm,ry,0.1530390759883137,0.41554339601218954,0.2625043200238758,0.07509215619409386,0.0963747737424113
671_T1_vs_T3,longitudinal,5,LShoulder_to_LUArm_rz,LShoulder_to_LUArm,rz,0.029361565376185162,0.009249615064290107,-0.020111950311895055,0.07509215619409386,0.0963747737424113
671_T1_vs_T3,longitudinal,5,LThigh_to_LShin_rx,LThigh_to_LShin,rx,0.680260014648128,0.28966132224641794,-0.3905986924017101,0.07509215619409386,0.0963747737424113
671_T1_vs_T3,longitudinal,5,LThigh_to_LShin_ry,LThigh_to_LShin,ry,2.334559638069405e-09,7.638996945427668e-09,5.304437307358262e-09,0.07509215619409386,0.0963747737424113
671_T1_vs_T3,longitudinal,5,LThigh_to_LShin_rz,LThigh_to_LShin,rz,1.0498271910196877e-08,6.831160965320167e-09,-3.66711094487671e-09,0.07509215619409386,0.0963747737424113
671_T1_vs_T3,longitudinal,5,LUArm_to_LFArm_rx,LUArm_to_LFArm,rx,0.20506052065308658,0.05005741766187343,-0.15500310299121314,0.07509215619409386,0.0963747737424113
671_T1_vs_T3,longitudinal,5,LUArm_to_LFArm_ry,LUArm_to_LFArm,ry,0.18415739320529753,0.5017896909440631,0.31763229773876556,0.07509215619409386,0.0963747737424113
671_T1_vs_T3,longitudinal,5,LUArm_to_LFArm_rz,LUArm_to_LFArm,rz,0.18806359807637807,0.051791161794759476,-0.1362724362816186,0.07509215619409386,0.0963747737424113
671_T1_vs_T3,longitudinal,5,Neck_to_Head_rx,Neck_to_Head,rx,0.04415126632633014,0.04048714921593463,-0.0036641171103955067,0.07509215619409386,0.0963747737424113
671_T1_vs_T3,longitudinal,5,Neck_to_Head_ry,Neck_to_Head,ry,0.03289996013789451,0.02002976417253121,-0.012870195965363297,0.07509215619409386,0.0963747737424113
671_T1_vs_T3,longitudinal,5,Neck_to_Head_rz,Neck_to_Head,rz,0.023095598798533568,0.016461208145803374,-0.006634390652730193,0.07509215619409386,0.0963747737424113
671_T1_vs_T3,longitudinal,5,RFArm_to_RHand_rx,RFArm_to_RHand,rx,0.02777303673845895,0.1501602923043402,0.12238725556588124,0.07509215619409386,0.0963747737424113
671_T1_vs_T3,longitudinal,5,RFArm_to_RHand_ry,RFArm_to_RHand,ry,0.14210826755896439,0.12159028094828109,-0.020517986610683298,0.07509215619409386,0.0963747737424113
671_T1_vs_T3,longitudinal,5,RFArm_to_RHand_rz,RFArm_to_RHand,rz,0.14412835086656192,0.13176728722214037,-0.01236106364442155,0.07509215619409386,0.0963747737424113
671_T1_vs_T3,longitudinal,5,RShin_to_RFoot_rx,RShin_to_RFoot,rx,0.18231727072791085,0.06298165556496012,-0.11933561516295073,0.07509215619409386,0.0963747737424113
671_T1_vs_T3,longitudinal,5,RShin_to_RFoot_ry,RShin_to_RFoot,ry,0.07293889582590635,0.0641214693866071,-0.008817426439299253,0.07509215619409386,0.0963747737424113
671_T1_vs_T3,longitudinal,5,RShin_to_RFoot_rz,RShin_to_RFoot,rz,0.11558740659017153,0.05253363501141297,-0.06305377157875855,0.07509215619409386,0.0963747737424113
671_T1_vs_T3,longitudinal,5,RShoulder_to_RUArm_rx,RShoulder_to_RUArm,rx,0.2466813170400284,0.175915374464524,-0.07076594257550442,0.07509215619409386,0.0963747737424113
671_T1_vs_T3,longitudinal,5,RShoulder_to_RUArm_ry,RShoulder_to_RUArm,ry,0.13217057916461922,0.16789987266662218,0.03572929350200296,0.07509215619409386,0.0963747737424113
671_T1_vs_T3,longitudinal,5,RShoulder_to_RUArm_rz,RShoulder_to_RUArm,rz,0.13449667186123856,0.19130928724955173,0.05681261538831317,0.07509215619409386,0.0963747737424113
671_T1_vs_T3,longitudinal,5,RThigh_to_RShin_rx,RThigh_to_RShin,rx,0.04372034235123446,0.022462443605891384,-0.021257898745343076,0.07509215619409386,0.0963747737424113
671_T1_vs_T3,longitudinal,5,RThigh_to_RShin_ry,RThigh_to_RShin,ry,1.365221478763872e-08,9.493246105683321e-09,-4.158968681955398e-09,0.07509215619409386,0.0963747737424113
671_T1_vs_T3,longitudinal,5,RThigh_to_RShin_rz,RThigh_to_RShin,rz,1.2578438026664499e-08,1.3807982159989182e-08,1.2295441333246836e-09,0.07509215619409386,0.0963747737424113
671_T1_vs_T3,longitudinal,5,RUArm_to_RFArm_rx,RUArm_to_RFArm,rx,0.280088881926005,0.24716089275350264,-0.032927989172502364,0.07509215619409386,0.0963747737424113
671_T1_vs_T3,longitudinal,5,RUArm_to_RFArm_ry,RUArm_to_RFArm,ry,0.045202343017071586,0.11953554873177935,0.07433320571470776,0.07509215619409386,0.0963747737424113
671_T1_vs_T3,longitudinal,5,RUArm_to_RFArm_rz,RUArm_to_RFArm,rz,0.20743542431782996,0.12304100871058946,-0.08439441560724051,0.07509215619409386,0.0963747737424113
671_T1_vs_T3,longitudinal,6,Chest_to_LShoulder_rx,Chest_to_LShoulder,rx,0.07216563334955782,0.045192566540342524,-0.026973066809215296,0.05059603279318272,0.07231762138428502
671_T1_vs_T3,longitudinal,6,Chest_to_LShoulder_ry,Chest_to_LShoulder,ry,0.03261371042617371,0.052742085021079216,0.020128374594905504,0.05059603279318272,0.07231762138428502
671_T1_vs_T3,longitudinal,6,Chest_to_LShoulder_rz,Chest_to_LShoulder,rz,0.04344128064683399,0.0979699635903403,0.05452868294350631,0.05059603279318272,0.07231762138428502
671_T1_vs_T3,longitudinal,6,Chest_to_Neck_rx,Chest_to_Neck,rx,0.033246900765312046,0.012863595017860103,-0.020383305747451945,0.05059603279318272,0.07231762138428502
671_T1_vs_T3,longitudinal,6,Chest_to_Neck_ry,Chest_to_Neck,ry,0.007864006977888962,0.050077479802669925,0.04221347282478096,0.05059603279318272,0.07231762138428502
671_T1_vs_T3,longitudinal,6,Chest_to_Neck_rz,Chest_to_Neck,rz,0.01941857355941531,0.05471893903849749,0.03530036547908218,0.05059603279318272,0.07231762138428502
671_T1_vs_T3,longitudinal,6,Chest_to_RShoulder_rx,Chest_to_RShoulder,rx,0.038615384754328234,0.05408175885720417,0.015466374102875935,0.05059603279318272,0.07231762138428502
671_T1_vs_T3,longitudinal,6,Chest_to_RShoulder_ry,Chest_to_RShoulder,ry,0.024986593388355658,0.07244675923911519,0.04746016585075953,0.05059603279318272,0.07231762138428502
671_T1_vs_T3,longitudinal,6,Chest_to_RShoulder_rz,Chest_to_RShoulder,rz,0.11366499520181239,0.0006051479840871023,-0.11305984721772529,0.05059603279318272,0.07231762138428502
671_T1_vs_T3,longitudinal,6,LFArm_to_LHand_rx,LFArm_to_LHand,rx,0.19259796292110404,0.030723399823070197,-0.16187456309803383,0.05059603279318272,0.07231762138428502
671_T1_vs_T3,longitudinal,6,LFArm_to_LHand_ry,LFArm_to_LHand,ry,0.04516157528920268,0.09876745642607106,0.05360588113686838,0.05059603279318272,0.07231762138428502
671_T1_vs_T3,longitudinal,6,LFArm_to_LHand_rz,LFArm_to_LHand,rz,0.46566617146265266,0.0715561395710208,-0.39411003189163185,0.05059603279318272,0.07231762138428502
671_T1_vs_T3,longitudinal,6,LShin_to_LFoot_rx,LShin_to_LFoot,rx,0.08644499170161561,0.020890848237257124,-0.06555414346435849,0.05059603279318272,0.07231762138428502
671_T1_vs_T3,longitudinal,6,LShin_to_LFoot_ry,LShin_to_LFoot,ry,0.039889825598605363,0.037845409912264864,-0.002044415686340499,0.05059603279318272,0.07231762138428502
671_T1_vs_T3,longitudinal,6,LShin_to_LFoot_rz,LShin_to_LFoot,rz,0.05557572820652236,0.024109398442829454,-0.0314663297636929,0.05059603279318272,0.07231762138428502
671_T1_vs_T3,longitudinal,6,LShoulder_to_LUArm_rx,LShoulder_to_LUArm,rx,0.2791326441773742,0.06932237491278306,-0.20981026926459115,0.05059603279318272,0.07231762138428502
671_T1_vs_T3,longitudinal,6,LShoulder_to_LUArm_ry,LShoulder_to_LUArm,ry,0.21132070386958998,0.17418052999315967,-0.037140173876430316,0.05059603279318272,0.07231762138428502
671_T1_vs_T3,longitudinal,6,LShoulder_to_LUArm_rz,LShoulder_to_LUArm,rz,0.005584047505858257,0.13273759755392228,0.12715355004806403,0.05059603279318272,0.07231762138428502
671_T1_vs_T3,longitudinal,6,LThigh_to_LShin_rx,LThigh_to_LShin,rx,0.06328579984019299,0.32635000603470166,0.26306420619450865,0.05059603279318272,0.07231762138428502
671_T1_vs_T3,longitudinal,6,LThigh_to_LShin_ry,LThigh_to_LShin,ry,1.4070587757123968e-08,1.3502040554014428e-08,-5.685472031095403e-10,0.05059603279318272,0.07231762138428502
671_T1_vs_T3,longitudinal,6,LThigh_to_LShin_rz,LThigh_to_LShin,rz,1.4755969883645953e-08,6.727363482615446e-09,-8.028606401030507e-09,0.05059603279318272,0.07231762138428502
671_T1_vs_T3,longitudinal,6,LUArm_to_LFArm_rx,LUArm_to_LFArm,rx,0.06846008831067642,0.2983677679354662,0.2299076796247898,0.05059603279318272,0.07231762138428502
671_T1_vs_T3,longitudinal,6,LUArm_to_LFArm_ry,LUArm_to_LFArm,ry,0.286119862555661,0.5765169583704258,0.2903970958147648,0.05059603279318272,0.07231762138428502
671_T1_vs_T3,longitudinal,6,LUArm_to_LFArm_rz,LUArm_to_LFArm,rz,0.0914304044147364,0.29306321693472076,0.20163281251998436,0.05059603279318272,0.07231762138428502
671_T1_vs_T3,longitudinal,6,Neck_to_Head_rx,Neck_to_Head,rx,0.033246887887989185,0.012863616888790896,-0.02038327099919829,0.05059603279318272,0.07231762138428502
671_T1_vs_T3,longitudinal,6,Neck_to_Head_ry,Neck_to_Head,ry,0.007864029272153968,0.050077482043455364,0.042213452771301396,0.05059603279318272,0.07231762138428502
671_T1_vs_T3,longitudinal,6,Neck_to_Head_rz,Neck_to_Head,rz,0.019418549563145038,0.05471892020941875,0.03530037064627371,0.05059603279318272,0.07231762138428502
671_T1_vs_T3,longitudinal,6,RFArm_to_RHand_rx,RFArm_to_RHand,rx,0.18201382197047408,0.14943551422949336,-0.03257830774098072,0.05059603279318272,0.07231762138428502
671_T1_vs_T3,longitudinal,6,RFArm_to_RHand_ry,RFArm_to_RHand,ry,0.13058849793329494,0.0835768828751336,-0.04701161505816134,0.05059603279318272,0.07231762138428502
671_T1_vs_T3,longitudinal,6,RFArm_to_RHand_rz,RFArm_to_RHand,rz,0.18474047277700975,0.32375942298908,0.13901895021207025,0.05059603279318272,0.07231762138428502
671_T1_vs_T3,longitudinal,6,RShin_to_RFoot_rx,RShin_to_RFoot,rx,0.11512582402586735,0.04188707691137715,-0.0732387471144902,0.05059603279318272,0.07231762138428502
671_T1_vs_T3,longitudinal,6,RShin_to_RFoot_ry,RShin_to_RFoot,ry,0.028168025843160468,0.00890271851843438,-0.01926530732472609,0.05059603279318272,0.07231762138428502
671_T1_vs_T3,longitudinal,6,RShin_to_RFoot_rz,RShin_to_RFoot,rz,0.10750116145970921,0.0260944830411116,-0.08140667841859761,0.05059603279318272,0.07231762138428502
671_T1_vs_T3,longitudinal,6,RShoulder_to_RUArm_rx,RShoulder_to_RUArm,rx,0.06981675035035297,0.194892331873709,0.12507558152335602,0.05059603279318272,0.07231762138428502
671_T1_vs_T3,longitudinal,6,RShoulder_to_RUArm_ry,RShoulder_to_RUArm,ry,0.17423565016943013,0.20210399924219685,0.027868349072766724,0.05059603279318272,0.07231762138428502
671_T1_vs_T3,longitudinal,6,RShoulder_to_RUArm_rz,RShoulder_to_RUArm,rz,0.11797858438499578,0.04347489553876855,-0.07450368884622724,0.05059603279318272,0.07231762138428502
671_T1_vs_T3,longitudinal,6,RThigh_to_RShin_rx,RThigh_to_RShin,rx,0.33595398421594075,0.09267792569728596,-0.2432760585186548,0.05059603279318272,0.07231762138428502
671_T1_vs_T3,longitudinal,6,RThigh_to_RShin_ry,RThigh_to_RShin,ry,7.51823329148362e-09,1.3632720746872481e-08,6.114487455388862e-09,0.05059603279318272,0.07231762138428502
671_T1_vs_T3,longitudinal,6,RThigh_to_RShin_rz,RThigh_to_RShin,rz,5.710927112275716e-09,5.301788820602057e-10,-5.18074823021551e-09,0.05059603279318272,0.07231762138428502
671_T1_vs_T3,longitudinal,6,RUArm_to_RFArm_rx,RUArm_to_RFArm,rx,0.3565275487967513,0.11052008036498048,-0.24600746843177082,0.05059603279318272,0.07231762138428502
671_T1_vs_T3,longitudinal,6,RUArm_to_RFArm_ry,RUArm_to_RFArm,ry,0.0737724108945083,0.20324857769971247,0.12947616680520418,0.05059603279318272,0.07231762138428502
671_T1_vs_T3,longitudinal,6,RUArm_to_RFArm_rz,RUArm_to_RFArm,rz,0.28210238679581773,0.04203508330109449,-0.24006730349472324,0.05059603279318272,0.07231762138428502
671_T1_vs_T3,longitudinal,7,Chest_to_LShoulder_rx,Chest_to_LShoulder,rx,0.06286782431455018,0.06537408928667122,0.0025062649721210445,0.04192442279548792,0.06061087844694755
671_T1_vs_T3,longitudinal,7,Chest_to_LShoulder_ry,Chest_to_LShoulder,ry,0.08599271391819463,0.016771285142461862,-0.06922142877573277,0.04192442279548792,0.06061087844694755
671_T1_vs_T3,longitudinal,7,Chest_to_LShoulder_rz,Chest_to_LShoulder,rz,0.08037406544005929,0.060345778213518476,-0.020028287226540813,0.04192442279548792,0.06061087844694755
671_T1_vs_T3,longitudinal,7,Chest_to_Neck_rx,Chest_to_Neck,rx,0.06471229424502954,0.03015585025561832,-0.034556443989411226,0.04192442279548792,0.06061087844694755
671_T1_vs_T3,longitudinal,7,Chest_to_Neck_ry,Chest_to_Neck,ry,0.04457471871311739,0.031514348655728094,-0.013060370057389296,0.04192442279548792,0.06061087844694755
671_T1_vs_T3,longitudinal,7,Chest_to_Neck_rz,Chest_to_Neck,rz,0.02991145871948417,0.009775212419138118,-0.02013624630034605,0.04192442279548792,0.06061087844694755
671_T1_vs_T3,longitudinal,7,Chest_to_RShoulder_rx,Chest_to_RShoulder,rx,0.07524166487635962,0.15407109612317899,0.07882943124681936,0.04192442279548792,0.06061087844694755
671_T1_vs_T3,longitudinal,7,Chest_to_RShoulder_ry,Chest_to_RShoulder,ry,0.05707413261836754,0.013122474211454257,-0.04395165840691328,0.04192442279548792,0.06061087844694755
671_T1_vs_T3,longitudinal,7,Chest_to_RShoulder_rz,Chest_to_RShoulder,rz,0.007665545876482831,0.17122246119400186,0.16355691531751904,0.04192442279548792,0.06061087844694755
671_T1_vs_T3,longitudinal,7,LFArm_to_LHand_rx,LFArm_to_LHand,rx,0.027927925126270747,0.12297699402170909,0.09504906889543834,0.04192442279548792,0.06061087844694755
671_T1_vs_T3,longitudinal,7,LFArm_to_LHand_ry,LFArm_to_LHand,ry,0.2242435952387471,0.03178091777382777,-0.19246267746491932,0.04192442279548792,0.06061087844694755
671_T1_vs_T3,longitudinal,7,LFArm_to_LHand_rz,LFArm_to_LHand,rz,0.21560555943948284,0.1560004223343559,-0.05960513710512694,0.04192442279548792,0.06061087844694755
671_T1_vs_T3,longitudinal,7,LShin_to_LFoot_rx,LShin_to_LFoot,rx,0.09868854109916272,0.01340610837498762,-0.0852824327241751,0.04192442279548792,0.06061087844694755
671_T1_vs_T3,longitudinal,7,LShin_to_LFoot_ry,LShin_to_LFoot,ry,0.08847513229652447,0.03384638256878177,-0.0546287497277427,0.04192442279548792,0.06061087844694755
671_T1_vs_T3,longitudinal,7,LShin_to_LFoot_rz,LShin_to_LFoot,rz,0.11922813617049734,0.07040460817457904,-0.0488235279959183,0.04192442279548792,0.06061087844694755
671_T1_vs_T3,longitudinal,7,LShoulder_to_LUArm_rx,LShoulder_to_LUArm,rx,0.07675874938746936,0.13372654381507948,0.056967794427610116,0.04192442279548792,0.06061087844694755
671_T1_vs_T3,longitudinal,7,LShoulder_to_LUArm_ry,LShoulder_to_LUArm,ry,0.41657215725808655,0.20857969391010467,-0.20799246334798188,0.04192442279548792,0.06061087844694755
671_T1_vs_T3,longitudinal,7,LShoulder_to_LUArm_rz,LShoulder_to_LUArm,rz,0.26196576169676655,0.2539318744086989,-0.008033887288067643,0.04192442279548792,0.06061087844694755
671_T1_vs_T3,longitudinal,7,LThigh_to_LShin_rx,LThigh_to_LShin,rx,0.34922720981133965,0.4638416968946065,0.11461448708326688,0.04192442279548792,0.06061087844694755
671_T1_vs_T3,longitudinal,7,LThigh_to_LShin_ry,LThigh_to_LShin,ry,9.46131383866038e-09,1.9346148764724953e-08,9.884834926064573e-09,0.04192442279548792,0.06061087844694755
671_T1_vs_T3,longitudinal,7,LThigh_to_LShin_rz,LThigh_to_LShin,rz,2.095350870378201e-09,6.3487621805430376e-09,4.253411310164836e-09,0.04192442279548792,0.06061087844694755
671_T1_vs_T3,longitudinal,7,LUArm_to_LFArm_rx,LUArm_to_LFArm,rx,0.22452106258299429,0.052522528165038246,-0.17199853441795604,0.04192442279548792,0.06061087844694755
671_T1_vs_T3,longitudinal,7,LUArm_to_LFArm_ry,LUArm_to_LFArm,ry,0.11643233729351105,0.1748335451390511,0.058401207845540065,0.04192442279548792,0.06061087844694755
671_T1_vs_T3,longitudinal,7,LUArm_to_LFArm_rz,LUArm_to_LFArm,rz,0.18179285364131137,0.0001576941300584983,-0.18163515951125286,0.04192442279548792,0.06061087844694755
671_T1_vs_T3,longitudinal,7,Neck_to_Head_rx,Neck_to_Head,rx,0.06471228425261509,0.030155859276059006,-0.03455642497655609,0.04192442279548792,0.06061087844694755
671_T1_vs_T3,longitudinal,7,Neck_to_Head_ry,Neck_to_Head,ry,0.04457471555494169,0.031514332106388585,-0.013060383448553106,0.04192442279548792,0.06061087844694755
671_T1_vs_T3,longitudinal,7,Neck_to_Head_rz,Neck_to_Head,rz,0.02991141918869128,0.009775244841282685,-0.020136174347408595,0.04192442279548792,0.06061087844694755
671_T1_vs_T3,longitudinal,7,RFArm_to_RHand_rx,RFArm_to_RHand,rx,0.09202994618485552,0.1383873859927034,0.04635743980784787,0.04192442279548792,0.06061087844694755
671_T1_vs_T3,longitudinal,7,RFArm_to_RHand_ry,RFArm_to_RHand,ry,0.19205725981700025,0.10871987724018066,-0.0833373825768196,0.04192442279548792,0.06061087844694755
671_T1_vs_T3,longitudinal,7,RFArm_to_RHand_rz,RFArm_to_RHand,rz,0.012259247704158335,0.19247550719510473,0.18021625949094638,0.04192442279548792,0.06061087844694755
671_T1_vs_T3,longitudinal,7,RShin_to_RFoot_rx,RShin_to_RFoot,rx,0.1493929651991588,0.03736305005426211,-0.11202991514489669,0.04192442279548792,0.06061087844694755
671_T1_vs_T3,longitudinal,7,RShin_to_RFoot_ry,RShin_to_RFoot,ry,0.03354790295529662,0.020385698143566167,-0.01316220481173045,0.04192442279548792,0.06061087844694755
671_T1_vs_T3,longitudinal,7,RShin_to_RFoot_rz,RShin_to_RFoot,rz,0.1883936652017673,0.06544201988847032,-0.122951645313297,0.04192442279548792,0.06061087844694755
671_T1_vs_T3,longitudinal,7,RShoulder_to_RUArm_rx,RShoulder_to_RUArm,rx,0.1808536494297497,0.30028251048439103,0.11942886105464132,0.04192442279548792,0.06061087844694755
671_T1_vs_T3,longitudinal,7,RShoulder_to_RUArm_ry,RShoulder_to_RUArm,ry,0.1784812792872266,0.0991639323597576,-0.079317346927469,0.04192442279548792,0.06061087844694755
671_T1_vs_T3,longitudinal,7,RShoulder_to_RUArm_rz,RShoulder_to_RUArm,rz,0.10742754939082126,0.32472122270162296,0.21729367331080168,0.04192442279548792,0.06061087844694755
671_T1_vs_T3,longitudinal,7,RThigh_to_RShin_rx,RThigh_to_RShin,rx,0.35298971879885854,0.04623825061074121,-0.3067514681881173,0.04192442279548792,0.06061087844694755
671_T1_vs_T3,longitudinal,7,RThigh_to_RShin_ry,RThigh_to_RShin,ry,6.643652458887773e-08,2.777973396831553e-08,-3.8656790620562204e-08,0.04192442279548792,0.06061087844694755
671_T1_vs_T3,longitudinal,7,RThigh_to_RShin_rz,RThigh_to_RShin,rz,1.610596448497383e-08,4.744946040590221e-09,-1.1361018444383609e-08,0.04192442279548792,0.06061087844694755
671_T1_vs_T3,longitudinal,7,RUArm_to_RFArm_rx,RUArm_to_RFArm,rx,0.17855328634358078,0.2981651419670407,0.11961185562345991,0.04192442279548792,0.06061087844694755
671_T1_vs_T3,longitudinal,7,RUArm_to_RFArm_ry,RUArm_to_RFArm,ry,0.11182462665152003,0.32387507703947205,0.212050450387952,0.04192442279548792,0.06061087844694755
671_T1_vs_T3,longitudinal,7,RUArm_to_RFArm_rz,RUArm_to_RFArm,rz,0.11482475726622723,0.19490909177583968,0.08008433450961244,0.04192442279548792,0.06061087844694755
671_T1_vs_T3,longitudinal,8,Chest_to_LShoulder_rx,Chest_to_LShoulder,rx,0.036373599550569395,0.014435526789063288,-0.021938072761506108,0.03276314485195455,0.04930206147742026
671_T1_vs_T3,longitudinal,8,Chest_to_LShoulder_ry,Chest_to_LShoulder,ry,0.0826871828412659,0.08618405629090939,0.0034968734496434867,0.03276314485195455,0.04930206147742026
671_T1_vs_T3,longitudinal,8,Chest_to_LShoulder_rz,Chest_to_LShoulder,rz,0.13166797136081176,0.029231788090231477,-0.1024361832705803,0.03276314485195455,0.04930206147742026
671_T1_vs_T3,longitudinal,8,Chest_to_Neck_rx,Chest_to_Neck,rx,0.09738095815478966,0.10147767570869896,0.004096717553909307,0.03276314485195455,0.04930206147742026
671_T1_vs_T3,longitudinal,8,Chest_to_Neck_ry,Chest_to_Neck,ry,0.02076274493163777,0.04674005256296783,0.02597730763133006,0.03276314485195455,0.04930206147742026
671_T1_vs_T3,longitudinal,8,Chest_to_Neck_rz,Chest_to_Neck,rz,0.026098673460218078,0.031769813561204986,0.005671140100986908,0.03276314485195455,0.04930206147742026
671_T1_vs_T3,longitudinal,8,Chest_to_RShoulder_rx,Chest_to_RShoulder,rx,0.011208388762545384,0.06750310508397682,0.05629471632143143,0.03276314485195455,0.04930206147742026
671_T1_vs_T3,longitudinal,8,Chest_to_RShoulder_ry,Chest_to_RShoulder,ry,0.08959676031818334,0.048990163853640724,-0.040606596464542614,0.03276314485195455,0.04930206147742026
671_T1_vs_T3,longitudinal,8,Chest_to_RShoulder_rz,Chest_to_RShoulder,rz,0.09542011888774578,0.10660978666862433,0.011189667780878557,0.03276314485195455,0.04930206147742026
671_T1_vs_T3,longitudinal,8,LFArm_to_LHand_rx,LFArm_to_LHand,rx,0.036052663551914756,0.037903596799789066,0.0018509332478743104,0.03276314485195455,0.04930206147742026
671_T1_vs_T3,longitudinal,8,LFArm_to_LHand_ry,LFArm_to_LHand,ry,0.13513785824835423,0.030062206502084535,-0.10507565174626969,0.03276314485195455,0.04930206147742026
671_T1_vs_T3,longitudinal,8,LFArm_to_LHand_rz,LFArm_to_LHand,rz,0.09102193294271556,0.1254554872139872,0.034433554271271635,0.03276314485195455,0.04930206147742026
671_T1_vs_T3,longitudinal,8,LShin_to_LFoot_rx,LShin_to_LFoot,rx,0.028449762035284227,0.1270062848828841,0.09855652284759987,0.03276314485195455,0.04930206147742026
671_T1_vs_T3,longitudinal,8,LShin_to_LFoot_ry,LShin_to_LFoot,ry,0.035282055862697476,0.10155972797663626,0.06627767211393878,0.03276314485195455,0.04930206147742026
671_T1_vs_T3,longitudinal,8,LShin_to_LFoot_rz,LShin_to_LFoot,rz,0.03414689490602638,0.16344222953837215,0.12929533463234577,0.03276314485195455,0.04930206147742026
671_T1_vs_T3,longitudinal,8,LShoulder_to_LUArm_rx,LShoulder_to_LUArm,rx,0.008171603135515657,0.0797292957986951,0.07155769266317945,0.03276314485195455,0.04930206147742026
671_T1_vs_T3,longitudinal,8,LShoulder_to_LUArm_ry,LShoulder_to_LUArm,ry,0.35538728450407886,0.38322423867664945,0.027836954172570594,0.03276314485195455,0.04930206147742026
671_T1_vs_T3,longitudinal,8,LShoulder_to_LUArm_rz,LShoulder_to_LUArm,rz,0.3057396033561197,0.045821142037421596,-0.2599184613186981,0.03276314485195455,0.04930206147742026
671_T1_vs_T3,longitudinal,8,LThigh_to_LShin_rx,LThigh_to_LShin,rx,0.10722810631376488,0.4248381216917352,0.3176100153779703,0.03276314485195455,0.04930206147742026
671_T1_vs_T3,longitudinal,8,LThigh_to_LShin_ry,LThigh_to_LShin,ry,1.9007900299704723e-08,1.1952851615525651e-09,-1.7812615138152157e-08,0.03276314485195455,0.04930206147742026
671_T1_vs_T3,longitudinal,8,LThigh_to_LShin_rz,LThigh_to_LShin,rz,4.317870531515108e-09,4.186863826430635e-09,-1.3100670508447256e-10,0.03276314485195455,0.04930206147742026
671_T1_vs_T3,longitudinal,8,LUArm_to_LFArm_rx,LUArm_to_LFArm,rx,0.5091733586715086,0.07851404464649618,-0.4306593140250124,0.03276314485195455,0.04930206147742026
671_T1_vs_T3,longitudinal,8,LUArm_to_LFArm_ry,LUArm_to_LFArm,ry,0.2721470064388845,0.12395766540738516,-0.14818934103149933,0.03276314485195455,0.04930206147742026
671_T1_vs_T3,longitudinal,8,LUArm_to_LFArm_rz,LUArm_to_LFArm,rz,0.2768774123419729,0.016673455328769585,-0.2602039570132033,0.03276314485195455,0.04930206147742026
671_T1_vs_T3,longitudinal,8,Neck_to_Head_rx,Neck_to_Head,rx,0.09738099286624588,0.10147766310218807,0.004096670235942193,0.03276314485195455,0.04930206147742026
671_T1_vs_T3,longitudinal,8,Neck_to_Head_ry,Neck_to_Head,ry,0.020762742639197335,0.046740077634212986,0.02597733499501565,0.03276314485195455,0.04930206147742026
671_T1_vs_T3,longitudinal,8,Neck_to_Head_rz,Neck_to_Head,rz,0.026098673641417724,0.031769770341544504,0.00567109670012678,0.03276314485195455,0.04930206147742026
671_T1_vs_T3,longitudinal,8,RFArm_to_RHand_rx,RFArm_to_RHand,rx,0.10235765932180381,0.03096647213616899,-0.07139118718563482,0.03276314485195455,0.04930206147742026
671_T1_vs_T3,longitudinal,8,RFArm_to_RHand_ry,RFArm_to_RHand,ry,0.1732572867811392,0.023940833088537596,-0.1493164536926016,0.03276314485195455,0.04930206147742026
671_T1_vs_T3,longitudinal,8,RFArm_to_RHand_rz,RFArm_to_RHand,rz,0.11334219880002745,0.031583001323128516,-0.08175919747689894,0.03276314485195455,0.04930206147742026
671_T1_vs_T3,longitudinal,8,RShin_to_RFoot_rx,RShin_to_RFoot,rx,0.06177262040808626,0.26352385644608894,0.20175123603800268,0.03276314485195455,0.04930206147742026
671_T1_vs_T3,longitudinal,8,RShin_to_RFoot_ry,RShin_to_RFoot,ry,0.002626523749356144,0.06120354573116489,0.058577021981808745,0.03276314485195455,0.04930206147742026
671_T1_vs_T3,longitudinal,8,RShin_to_RFoot_rz,RShin_to_RFoot,rz,0.01492227000806324,0.22063911765853242,0.2057168476504692,0.03276314485195455,0.04930206147742026
671_T1_vs_T3,longitudinal,8,RShoulder_to_RUArm_rx,RShoulder_to_RUArm,rx,0.03255037466312661,0.1727486950998534,0.1401983204367268,0.03276314485195455,0.04930206147742026
671_T1_vs_T3,longitudinal,8,RShoulder_to_RUArm_ry,RShoulder_to_RUArm,ry,0.20044961467504682,0.22938440981107527,0.02893479513602845,0.03276314485195455,0.04930206147742026
671_T1_vs_T3,longitudinal,8,RShoulder_to_RUArm_rz,RShoulder_to_RUArm,rz,0.1696485292219424,0.13183545448289435,-0.03781307473904805,0.03276314485195455,0.04930206147742026
671_T1_vs_T3,longitudinal,8,RThigh_to_RShin_rx,RThigh_to_RShin,rx,0.04510995122464071,0.4412565471854405,0.39614659596079976,0.03276314485195455,0.04930206147742026
671_T1_vs_T3,longitudinal,8,RThigh_to_RShin_ry,RThigh_to_RShin,ry,1.25478176108661e-08,2.7660552457329054e-08,1.5112734846462953e-08,0.03276314485195455,0.04930206147742026
671_T1_vs_T3,longitudinal,8,RThigh_to_RShin_rz,RThigh_to_RShin,rz,1.4348549353794517e-08,1.3593440548674922e-08,-7.551088051195953e-10,0.03276314485195455,0.04930206147742026
671_T1_vs_T3,longitudinal,8,RUArm_to_RFArm_rx,RUArm_to_RFArm,rx,0.2719386132015574,0.23628834621836403,-0.035650266983193346,0.03276314485195455,0.04930206147742026
671_T1_vs_T3,longitudinal,8,RUArm_to_RFArm_ry,RUArm_to_RFArm,ry,0.14565789197130036,0.002624743190296295,-0.14303314878100407,0.03276314485195455,0.04930206147742026
671_T1_vs_T3,longitudinal,8,RUArm_to_RFArm_rz,RUArm_to_RFArm,rz,0.19762144411395574,0.2063132175797991,0.00869177346584335,0.03276314485195455,0.04930206147742026
671_T1_vs_T3,longitudinal,9,Chest_to_LShoulder_rx,Chest_to_LShoulder,rx,0.01987504303922804,0.014350557997229516,-0.005524485041998524,0.03200390731122339,0.033900769282350335
671_T1_vs_T3,longitudinal,9,Chest_to_LShoulder_ry,Chest_to_LShoulder,ry,0.0039113132418076265,0.06271672338651264,0.058805410144705014,0.03200390731122339,0.033900769282350335
671_T1_vs_T3,longitudinal,9,Chest_to_LShoulder_rz,Chest_to_LShoulder,rz,0.08529854274065549,0.09452075465194246,0.00922221191128697,0.03200390731122339,0.033900769282350335
671_T1_vs_T3,longitudinal,9,Chest_to_Neck_rx,Chest_to_Neck,rx,0.03542406456280112,0.04755033596675579,0.01212627140395467,0.03200390731122339,0.033900769282350335
671_T1_vs_T3,longitudinal,9,Chest_to_Neck_ry,Chest_to_Neck,ry,0.03910259625942179,0.0012821415186097787,-0.03782045474081201,0.03200390731122339,0.033900769282350335
671_T1_vs_T3,longitudinal,9,Chest_to_Neck_rz,Chest_to_Neck,rz,0.014876467962744826,0.007764054695953403,-0.007112413266791423,0.03200390731122339,0.033900769282350335
671_T1_vs_T3,longitudinal,9,Chest_to_RShoulder_rx,Chest_to_RShoulder,rx,0.1830070572324291,0.012343468146318315,-0.1706635890861108,0.03200390731122339,0.033900769282350335
671_T1_vs_T3,longitudinal,9,Chest_to_RShoulder_ry,Chest_to_RShoulder,ry,0.006562204586085456,0.06922419470589636,0.0626619901198109,0.03200390731122339,0.033900769282350335
671_T1_vs_T3,longitudinal,9,Chest_to_RShoulder_rz,Chest_to_RShoulder,rz,0.19327687031168211,0.14576471314727943,-0.047512157164402685,0.03200390731122339,0.033900769282350335
671_T1_vs_T3,longitudinal,9,LFArm_to_LHand_rx,LFArm_to_LHand,rx,0.22595120599264923,0.0607480430238181,-0.16520316296883114,0.03200390731122339,0.033900769282350335
671_T1_vs_T3,longitudinal,9,LFArm_to_LHand_ry,LFArm_to_LHand,ry,0.3278226325447551,0.14136939666898846,-0.18645323587576662,0.03200390731122339,0.033900769282350335
671_T1_vs_T3,longitudinal,9,LFArm_to_LHand_rz,LFArm_to_LHand,rz,0.21890936333866268,0.22140530959574495,0.002495946257082271,0.03200390731122339,0.033900769282350335
671_T1_vs_T3,longitudinal,9,LShin_to_LFoot_rx,LShin_to_LFoot,rx,0.07469629243237261,0.011689540085075991,-0.06300675234729662,0.03200390731122339,0.033900769282350335
671_T1_vs_T3,longitudinal,9,LShin_to_LFoot_ry,LShin_to_LFoot,ry,0.04287791490635986,0.013979801598921416,-0.028898113307438442,0.03200390731122339,0.033900769282350335
671_T1_vs_T3,longitudinal,9,LShin_to_LFoot_rz,LShin_to_LFoot,rz,0.007354793618296341,0.030688664101471506,0.023333870483175166,0.03200390731122339,0.033900769282350335
671_T1_vs_T3,longitudinal,9,LShoulder_to_LUArm_rx,LShoulder_to_LUArm,rx,0.011599777208192332,0.1037260704496571,0.09212629324146478,0.03200390731122339,0.033900769282350335
671_T1_vs_T3,longitudinal,9,LShoulder_to_LUArm_ry,LShoulder_to_LUArm,ry,0.29280143671870384,0.15341256880278317,-0.13938886791592067,0.03200390731122339,0.033900769282350335
671_T1_vs_T3,longitudinal,9,LShoulder_to_LUArm_rz,LShoulder_to_LUArm,rz,0.3005646578912684,0.22283262487710373,-0.07773203301416468,0.03200390731122339,0.033900769282350335
671_T1_vs_T3,longitudinal,9,LThigh_to_LShin_rx,LThigh_to_LShin,rx,0.048417159491414605,0.11579477655641371,0.0673776170649991,0.03200390731122339,0.033900769282350335
671_T1_vs_T3,longitudinal,9,LThigh_to_LShin_ry,LThigh_to_LShin,ry,1.2428552934803186e-08,1.2030525612183222e-08,-3.9802732261996366e-10,0.03200390731122339,0.033900769282350335
671_T1_vs_T3,longitudinal,9,LThigh_to_LShin_rz,LThigh_to_LShin,rz,7.133562198658844e-10,2.951787163591411e-09,2.2384309437255265e-09,0.03200390731122339,0.033900769282350335
671_T1_vs_T3,longitudinal,9,LUArm_to_LFArm_rx,LUArm_to_LFArm,rx,0.1622431253762878,0.20465064577584507,0.04240752039955728,0.03200390731122339,0.033900769282350335
671_T1_vs_T3,longitudinal,9,LUArm_to_LFArm_ry,LUArm_to_LFArm,ry,0.08308149787871819,0.08577788858775034,0.0026963907090321593,0.03200390731122339,0.033900769282350335
671_T1_vs_T3,longitudinal,9,LUArm_to_LFArm_rz,LUArm_to_LFArm,rz,0.14901879987232633,0.08952151376509755,-0.05949728610722878,0.03200390731122339,0.033900769282350335
671_T1_vs_T3,longitudinal,9,Neck_to_Head_rx,Neck_to_Head,rx,0.035424097360099854,0.047550341922716725,0.012126244562616871,0.03200390731122339,0.033900769282350335
671_T1_vs_T3,longitudinal,9,Neck_to_Head_ry,Neck_to_Head,ry,0.03910259112770158,0.0012821312033212946,-0.03782045992438028,0.03200390731122339,0.033900769282350335
671_T1_vs_T3,longitudinal,9,Neck_to_Head_rz,Neck_to_Head,rz,0.014876509405807776,0.007764046680686786,-0.00711246272512099,0.03200390731122339,0.033900769282350335
671_T1_vs_T3,longitudinal,9,RFArm_to_RHand_rx,RFArm_to_RHand,rx,0.014018123813590478,0.012938384455142076,-0.0010797393584484026,0.03200390731122339,0.033900769282350335
671_T1_vs_T3,longitudinal,9,RFArm_to_RHand_ry,RFArm_to_RHand,ry,0.1491004005808977,0.2551918863335116,0.10609148575261387,0.03200390731122339,0.033900769282350335
671_T1_vs_T3,longitudinal,9,RFArm_to_RHand_rz,RFArm_to_RHand,rz,0.16994375221039473,0.5163761631302209,0.34643241091982624,0.03200390731122339,0.033900769282350335
671_T1_vs_T3,longitudinal,9,RShin_to_RFoot_rx,RShin_to_RFoot,rx,0.05232076484010546,0.026824771034867346,-0.025495993805238117,0.03200390731122339,0.033900769282350335
671_T1_vs_T3,longitudinal,9,RShin_to_RFoot_ry,RShin_to_RFoot,ry,0.07551663939992852,0.02756388536760356,-0.04795275403232496,0.03200390731122339,0.033900769282350335
671_T1_vs_T3,longitudinal,9,RShin_to_RFoot_rz,RShin_to_RFoot,rz,0.002689610757975108,0.008122013675205677,0.005432402917230569,0.03200390731122339,0.033900769282350335
671_T1_vs_T3,longitudinal,9,RShoulder_to_RUArm_rx,RShoulder_to_RUArm,rx,0.3135409535642693,0.1419185207784184,-0.1716224327858509,0.03200390731122339,0.033900769282350335
671_T1_vs_T3,longitudinal,9,RShoulder_to_RUArm_ry,RShoulder_to_RUArm,ry,0.07590935007353036,0.13938655880850603,0.06347720873497567,0.03200390731122339,0.033900769282350335
671_T1_vs_T3,longitudinal,9,RShoulder_to_RUArm_rz,RShoulder_to_RUArm,rz,0.4898320636389945,0.25235970353559783,-0.23747236010339667,0.03200390731122339,0.033900769282350335
671_T1_vs_T3,longitudinal,9,RThigh_to_RShin_rx,RThigh_to_RShin,rx,0.1364743131060115,0.010220451963519735,-0.12625386114249176,0.03200390731122339,0.033900769282350335
671_T1_vs_T3,longitudinal,9,RThigh_to_RShin_ry,RThigh_to_RShin,ry,4.960951255108802e-09,1.392833789712033e-08,8.967386642011528e-09,0.03200390731122339,0.033900769282350335
671_T1_vs_T3,longitudinal,9,RThigh_to_RShin_rz,RThigh_to_RShin,rz,8.897820634573197e-09,2.498553028169408e-08,1.6087709647120885e-08,0.03200390731122339,0.033900769282350335
671_T1_vs_T3,longitudinal,9,RUArm_to_RFArm_rx,RUArm_to_RFArm,rx,0.08549963261072649,0.3399414829234959,0.25444185031276945,0.03200390731122339,0.033900769282350335
671_T1_vs_T3,longitudinal,9,RUArm_to_RFArm_ry,RUArm_to_RFArm,ry,0.01998338026042899,0.27165247677485127,0.25166909651442226,0.03200390731122339,0.033900769282350335
671_T1_vs_T3,longitudinal,9,RUArm_to_RFArm_rz,RUArm_to_RFArm,rz,0.19344018638773705,0.31829754083099154,0.12485735444325449,0.03200390731122339,0.033900769282350335
671_T1_R1_vs_R2,natural_variability,1,Chest_to_LShoulder_rx,Chest_to_LShoulder,rx,0.08351063963334758,0.06090140187778732,-0.022609237755560257,0.22046206392464943,0.31245474863308476
671_T1_R1_vs_R2,natural_variability,1,Chest_to_LShoulder_ry,Chest_to_LShoulder,ry,0.02356527539702546,0.013539316122908575,-0.010025959274116886,0.22046206392464943,0.31245474863308476
671_T1_R1_vs_R2,natural_variability,1,Chest_to_LShoulder_rz,Chest_to_LShoulder,rz,0.055578823628881356,0.03280123685297905,-0.022777586775902303,0.22046206392464943,0.31245474863308476
671_T1_R1_vs_R2,natural_variability,1,Chest_to_Neck_rx,Chest_to_Neck,rx,0.031076877388851648,0.005607887517459546,-0.025468989871392102,0.22046206392464943,0.31245474863308476
671_T1_R1_vs_R2,natural_variability,1,Chest_to_Neck_ry,Chest_to_Neck,ry,0.04391262421298547,0.028775838240732484,-0.015136785972252983,0.22046206392464943,0.31245474863308476
671_T1_R1_vs_R2,natural_variability,1,Chest_to_Neck_rz,Chest_to_Neck,rz,0.031425733583985795,0.023637319651006794,-0.007788413932979001,0.22046206392464943,0.31245474863308476
671_T1_R1_vs_R2,natural_variability,1,Chest_to_RShoulder_rx,Chest_to_RShoulder,rx,0.02136346395489162,0.020024959060814945,-0.0013385048940766746,0.22046206392464943,0.31245474863308476
671_T1_R1_vs_R2,natural_variability,1,Chest_to_RShoulder_ry,Chest_to_RShoulder,ry,0.04444286498044465,0.02040806447027657,-0.024034800510168076,0.22046206392464943,0.31245474863308476
671_T1_R1_vs_R2,natural_variability,1,Chest_to_RShoulder_rz,Chest_to_RShoulder,rz,0.01543527786335851,0.0512879749398362,0.03585269707647769,0.22046206392464943,0.31245474863308476
671_T1_R1_vs_R2,natural_variability,1,LFArm_to_LHand_rx,LFArm_to_LHand,rx,0.1791476312558152,0.12069864921731191,-0.058448982038503294,0.22046206392464943,0.31245474863308476
671_T1_R1_vs_R2,natural_variability,1,LFArm_to_LHand_ry,LFArm_to_LHand,ry,0.025656974905307755,0.013108712793326722,-0.012548262111981033,0.22046206392464943,0.31245474863308476
671_T1_R1_vs_R2,natural_variability,1,LFArm_to_LHand_rz,LFArm_to_LHand,rz,0.22669379205476026,0.17312392439772553,-0.053569867657034725,0.22046206392464943,0.31245474863308476
671_T1_R1_vs_R2,natural_variability,1,LShin_to_LFoot_rx,LShin_to_LFoot,rx,0.05710596679899087,0.03655790412714372,-0.020548062671847146,0.22046206392464943,0.31245474863308476
671_T1_R1_vs_R2,natural_variability,1,LShin_to_LFoot_ry,LShin_to_LFoot,ry,0.050910691962806856,0.06474813574729663,0.01383744378448977,0.22046206392464943,0.31245474863308476
671_T1_R1_vs_R2,natural_variability,1,LShin_to_LFoot_rz,LShin_to_LFoot,rz,0.02519515511476782,0.0003745398088634268,-0.024820615305904393,0.22046206392464943,0.31245474863308476
671_T1_R1_vs_R2,natural_variability,1,LShoulder_to_LUArm_rx,LShoulder_to_LUArm,rx,0.237153467412867,0.1785414799144549,-0.058611987498412094,0.22046206392464943,0.31245474863308476
671_T1_R1_vs_R2,natural_variability,1,LShoulder_to_LUArm_ry,LShoulder_to_LUArm,ry,0.08043166249934951,0.016582935532917897,-0.06384872696643161,0.22046206392464943,0.31245474863308476
671_T1_R1_vs_R2,natural_variability,1,LShoulder_to_LUArm_rz,LShoulder_to_LUArm,rz,0.061415357057630904,0.010856315035715177,-0.050559042021915725,0.22046206392464943,0.31245474863308476
671_T1_R1_vs_R2,natural_variability,1,LThigh_to_LShin_rx,LThigh_to_LShin,rx,0.3166749398575845,0.15571687230670905,-0.16095806755087544,0.22046206392464943,0.31245474863308476
671_T1_R1_vs_R2,natural_variability,1,LThigh_to_LShin_ry,LThigh_to_LShin,ry,2.282810981082573e-09,1.984018293201116e-08,1.7557371950928588e-08,0.22046206392464943,0.31245474863308476
671_T1_R1_vs_R2,natural_variability,1,LThigh_to_LShin_rz,LThigh_to_LShin,rz,9.344413586707582e-09,9.167651910628725e-09,-1.7676167607885717e-10,0.22046206392464943,0.31245474863308476
671_T1_R1_vs_R2,natural_variability,1,LUArm_to_LFArm_rx,LUArm_to_LFArm,rx,0.10857693532929374,0.13426778037810996,0.02569084504881622,0.22046206392464943,0.31245474863308476
671_T1_R1_vs_R2,natural_variability,1,LUArm_to_LFArm_ry,LUArm_to_LFArm,ry,0.7327455131648711,0.6596663462914583,-0.07307916687341287,0.22046206392464943,0.31245474863308476
671_T1_R1_vs_R2,natural_variability,1,LUArm_to_LFArm_rz,LUArm_to_LFArm,rz,0.16894453647609076,0.18323302311497128,0.014288486638880521,0.22046206392464943,0.31245474863308476
671_T1_R1_vs_R2,natural_variability,1,Neck_to_Head_rx,Neck_to_Head,rx,0.031076870349247943,0.005607887224814433,-0.02546898312443351,0.22046206392464943,0.31245474863308476
671_T1_R1_vs_R2,natural_variability,1,Neck_to_Head_ry,Neck_to_Head,ry,0.04391264279873283,0.028775852333172175,-0.015136790465560657,0.22046206392464943,0.31245474863308476
671_T1_R1_vs_R2,natural_variability,1,Neck_to_Head_rz,Neck_to_Head,rz,0.0314257288273367,0.02363730460106877,-0.00778842422626793,0.22046206392464943,0.31245474863308476
671_T1_R1_vs_R2,natural_variability,1,RFArm_to_RHand_rx,RFArm_to_RHand,rx,0.10876740796706984,0.06450769966131681,-0.04425970830575303,0.22046206392464943,0.31245474863308476
671_T1_R1_vs_R2,natural_variability,1,RFArm_to_RHand_ry,RFArm_to_RHand,ry,0.10022886918910938,0.03212457849100399,-0.06810429069810539,0.22046206392464943,0.31245474863308476
671_T1_R1_vs_R2,natural_variability,1,RFArm_to_RHand_rz,RFArm_to_RHand,rz,0.14353284433678076,0.07611491794437798,-0.06741792639240278,0.22046206392464943,0.31245474863308476
671_T1_R1_vs_R2,natural_variability,1,RShin_to_RFoot_rx,RShin_to_RFoot,rx,0.006373206003330636,0.02939909876984782,0.023025892766517182,0.22046206392464943,0.31245474863308476
671_T1_R1_vs_R2,natural_variability,1,RShin_to_RFoot_ry,RShin_to_RFoot,ry,0.0020842594366761555,0.01406348274979636,0.011979223313120206,0.22046206392464943,0.31245474863308476
671_T1_R1_vs_R2,natural_variability,1,RShin_to_RFoot_rz,RShin_to_RFoot,rz,0.008768673822621828,0.0016389101671313432,-0.007129763655490485,0.22046206392464943,0.31245474863308476
671_T1_R1_vs_R2,natural_variability,1,RShoulder_to_RUArm_rx,RShoulder_to_RUArm,rx,0.039227770668064224,0.028008940708830574,-0.01121882995923365,0.22046206392464943,0.31245474863308476
671_T1_R1_vs_R2,natural_variability,1,RShoulder_to_RUArm_ry,RShoulder_to_RUArm,ry,0.11051610333623296,0.0772780870573229,-0.03323801627891006,0.22046206392464943,0.31245474863308476
671_T1_R1_vs_R2,natural_variability,1,RShoulder_to_RUArm_rz,RShoulder_to_RUArm,rz,0.01805661778167477,0.053211172199683535,0.035154554418008764,0.22046206392464943,0.31245474863308476
671_T1_R1_vs_R2,natural_variability,1,RThigh_to_RShin_rx,RThigh_to_RShin,rx,0.13136411638297332,0.0710395112022795,-0.060324605180693824,0.22046206392464943,0.31245474863308476
671_T1_R1_vs_R2,natural_variability,1,RThigh_to_RShin_ry,RThigh_to_RShin,ry,7.66040163284615e-09,8.905795484052872e-09,1.245393851206722e-09,0.22046206392464943,0.31245474863308476
671_T1_R1_vs_R2,natural_variability,1,RThigh_to_RShin_rz,RThigh_to_RShin,rz,1.3586508955281101e-08,5.903360918098892e-09,-7.68314803718221e-09,0.22046206392464943,0.31245474863308476
671_T1_R1_vs_R2,natural_variability,1,RUArm_to_RFArm_rx,RUArm_to_RFArm,rx,0.03786182333019785,0.11453201390832828,0.07667019057813043,0.22046206392464943,0.31245474863308476
671_T1_R1_vs_R2,natural_variability,1,RUArm_to_RFArm_ry,RUArm_to_RFArm,ry,0.26234983202910456,0.5779859756808104,0.3156361436517059,0.22046206392464943,0.31245474863308476
671_T1_R1_vs_R2,natural_variability,1,RUArm_to_RFArm_rz,RUArm_to_RFArm,rz,0.010466465401095438,0.14613602324421765,0.1356695578431222,0.22046206392464943,0.31245474863308476
671_T1_R1_vs_R2,natural_variability,2,Chest_to_LShoulder_rx,Chest_to_LShoulder,rx,0.011983667256787142,0.0836203585329952,0.07163669127620806,0.17166793961012405,0.20888146835695798
671_T1_R1_vs_R2,natural_variability,2,Chest_to_LShoulder_ry,Chest_to_LShoulder,ry,0.0016653550909888867,0.02032041425002767,0.018655059159038784,0.17166793961012405,0.20888146835695798
671_T1_R1_vs_R2,natural_variability,2,Chest_to_LShoulder_rz,Chest_to_LShoulder,rz,0.00600327357818368,0.014021720856297853,0.008018447278114174,0.17166793961012405,0.20888146835695798
671_T1_R1_vs_R2,natural_variability,2,Chest_to_Neck_rx,Chest_to_Neck,rx,0.0031865442863387456,0.025375367916697776,0.022188823630359032,0.17166793961012405,0.20888146835695798
671_T1_R1_vs_R2,natural_variability,2,Chest_to_Neck_ry,Chest_to_Neck,ry,0.028282967598557914,0.01574035121280609,-0.012542616385751826,0.17166793961012405,0.20888146835695798
671_T1_R1_vs_R2,natural_variability,2,Chest_to_Neck_rz,Chest_to_Neck,rz,0.032484799508396736,0.011864371101101194,-0.02062042840729554,0.17166793961012405,0.20888146835695798
671_T1_R1_vs_R2,natural_variability,2,Chest_to_RShoulder_rx,Chest_to_RShoulder,rx,0.09248363111724946,0.030037793628251028,-0.06244583748899843,0.17166793961012405,0.20888146835695798
671_T1_R1_vs_R2,natural_variability,2,Chest_to_RShoulder_ry,Chest_to_RShoulder,ry,0.01717262516493182,0.011207786767462103,-0.005964838397469715,0.17166793961012405,0.20888146835695798
671_T1_R1_vs_R2,natural_variability,2,Chest_to_RShoulder_rz,Chest_to_RShoulder,rz,0.04665562197569901,0.07814418913006715,0.031488567154368145,0.17166793961012405,0.20888146835695798
671_T1_R1_vs_R2,natural_variability,2,LFArm_to_LHand_rx,LFArm_to_LHand,rx,0.02872138847464256,0.17288130822386588,0.14415991974922332,0.17166793961012405,0.20888146835695798
671_T1_R1_vs_R2,natural_variability,2,LFArm_to_LHand_ry,LFArm_to_LHand,ry,0.011491531221455608,0.02346666520982373,0.01197513398836812,0.17166793961012405,0.20888146835695798
671_T1_R1_vs_R2,natural_variability,2,LFArm_to_LHand_rz,LFArm_to_LHand,rz,0.010017815448927225,0.36101372165535245,0.35099590620642523,0.17166793961012405,0.20888146835695798
671_T1_R1_vs_R2,natural_variability,2,LShin_to_LFoot_rx,LShin_to_LFoot,rx,0.0014930104029055242,0.03391622531043888,0.03242321490753335,0.17166793961012405,0.20888146835695798
671_T1_R1_vs_R2,natural_variability,2,LShin_to_LFoot_ry,LShin_to_LFoot,ry,0.033287476379921375,0.047186108207385585,0.01389863182746421,0.17166793961012405,0.20888146835695798
671_T1_R1_vs_R2,natural_variability,2,LShin_to_LFoot_rz,LShin_to_LFoot,rz,0.017552096236153523,0.05700433033211324,0.039452234095959715,0.17166793961012405,0.20888146835695798
671_T1_R1_vs_R2,natural_variability,2,LShoulder_to_LUArm_rx,LShoulder_to_LUArm,rx,0.031592206783811694,0.22505786986739526,0.19346566308358357,0.17166793961012405,0.20888146835695798
671_T1_R1_vs_R2,natural_variability,2,LShoulder_to_LUArm_ry,LShoulder_to_LUArm,ry,0.0038431912174502363,0.01691842750443661,0.013075236286986374,0.17166793961012405,0.20888146835695798
671_T1_R1_vs_R2,natural_variability,2,LShoulder_to_LUArm_rz,LShoulder_to_LUArm,rz,0.03493171087922049,0.05866635466856034,0.02373464378933985,0.17166793961012405,0.20888146835695798
671_T1_R1_vs_R2,natural_variability,2,LThigh_to_LShin_rx,LThigh_to_LShin,rx,0.0944588040167267,0.109743388569322,0.015284584552595307,0.17166793961012405,0.20888146835695798
671_T1_R1_vs_R2,natural_variability,2,LThigh_to_LShin_ry,LThigh_to_LShin,ry,1.002022208270657e-08,1.1014384031524538e-08,9.941619488179688e-10,0.17166793961012405,0.20888146835695798
671_T1_R1_vs_R2,natural_variability,2,LThigh_to_LShin_rz,LThigh_to_LShin,rz,1.0390476744744992e-08,6.499619480173136e-09,-3.890857264571857e-09,0.17166793961012405,0.20888146835695798
671_T1_R1_vs_R2,natural_variability,2,LUArm_to_LFArm_rx,LUArm_to_LFArm,rx,0.12201054770434461,0.10670503086768175,-0.015305516836662855,0.17166793961012405,0.20888146835695798
671_T1_R1_vs_R2,natural_variability,2,LUArm_to_LFArm_ry,LUArm_to_LFArm,ry,0.31023621237263616,0.12018649458749343,-0.19004971778514274,0.17166793961012405,0.20888146835695798
671_T1_R1_vs_R2,natural_variability,2,LUArm_to_LFArm_rz,LUArm_to_LFArm,rz,0.1353658475655782,0.08670776774767829,-0.04865807981789992,0.17166793961012405,0.20888146835695798
671_T1_R1_vs_R2,natural_variability,2,Neck_to_Head_rx,Neck_to_Head,rx,0.00318655552928264,0.025375388621391857,0.022188833092109218,0.17166793961012405,0.20888146835695798
671_T1_R1_vs_R2,natural_variability,2,Neck_to_Head_ry,Neck_to_Head,ry,0.028282981022120717,0.015740361787591178,-0.01254261923452954,0.17166793961012405,0.20888146835695798
671_T1_R1_vs_R2,natural_variability,2,Neck_to_Head_rz,Neck_to_Head,rz,0.03248480965868508,0.011864357382344573,-0.02062045227634051,0.17166793961012405,0.20888146835695798
671_T1_R1_vs_R2,natural_variability,2,RFArm_to_RHand_rx,RFArm_to_RHand,rx,0.3291362325568897,0.35463014075684907,0.025493908199959392,0.17166793961012405,0.20888146835695798
671_T1_R1_vs_R2,natural_variability,2,RFArm_to_RHand_ry,RFArm_to_RHand,ry,0.05994235451929554,0.08750457939635901,0.027562224877063474,0.17166793961012405,0.20888146835695798
671_T1_R1_vs_R2,natural_variability,2,RFArm_to_RHand_rz,RFArm_to_RHand,rz,0.6844686942602499,0.7125413827961715,0.028072688535921597,0.17166793961012405,0.20888146835695798
671_T1_R1_vs_R2,natural_variability,2,RShin_to_RFoot_rx,RShin_to_RFoot,rx,0.001457019682071416,0.05375963176792642,0.052302612085855,0.17166793961012405,0.20888146835695798
671_T1_R1_vs_R2,natural_variability,2,RShin_to_RFoot_ry,RShin_to_RFoot,ry,0.0480228882256645,0.04210022693377564,-0.005922661291888863,0.17166793961012405,0.20888146835695798
671_T1_R1_vs_R2,natural_variability,2,RShin_to_RFoot_rz,RShin_to_RFoot,rz,0.0009543850640405414,0.007604425018345157,0.006650039954304615,0.17166793961012405,0.20888146835695798
671_T1_R1_vs_R2,natural_variability,2,RShoulder_to_RUArm_rx,RShoulder_to_RUArm,rx,0.3104483905064866,0.16871791876572556,-0.14173047174076103,0.17166793961012405,0.20888146835695798
671_T1_R1_vs_R2,natural_variability,2,RShoulder_to_RUArm_ry,RShoulder_to_RUArm,ry,0.0507805860833717,0.07657132342939484,0.025790737346023135,0.17166793961012405,0.20888146835695798
671_T1_R1_vs_R2,natural_variability,2,RShoulder_to_RUArm_rz,RShoulder_to_RUArm,rz,0.04904605255535421,0.08735742183724769,0.038311369281893486,0.17166793961012405,0.20888146835695798
671_T1_R1_vs_R2,natural_variability,2,RThigh_to_RShin_rx,RThigh_to_RShin,rx,0.04147257253613842,0.04365972388416714,0.002187151348028722,0.17166793961012405,0.20888146835695798
671_T1_R1_vs_R2,natural_variability,2,RThigh_to_RShin_ry,RThigh_to_RShin,ry,8.598952832050586e-09,4.610705169370333e-09,-3.988247662680254e-09,0.17166793961012405,0.20888146835695798
671_T1_R1_vs_R2,natural_variability,2,RThigh_to_RShin_rz,RThigh_to_RShin,rz,1.6651612970350076e-08,2.9683111664268424e-08,1.3031498693918348e-08,0.17166793961012405,0.20888146835695798
671_T1_R1_vs_R2,natural_variability,2,RUArm_to_RFArm_rx,RUArm_to_RFArm,rx,0.008977923240897537,0.1049534758457202,0.09597555260482267,0.17166793961012405,0.20888146835695798
671_T1_R1_vs_R2,natural_variability,2,RUArm_to_RFArm_ry,RUArm_to_RFArm,ry,0.39348140322521297,0.08658614261565073,-0.30689526060956224,0.17166793961012405,0.20888146835695798
671_T1_R1_vs_R2,natural_variability,2,RUArm_to_RFArm_rz,RUArm_to_RFArm,rz,0.03539579845204703,0.08830288434311259,0.05290708589106556,0.17166793961012405,0.20888146835695798
671_T1_R1_vs_R2,natural_variability,3,Chest_to_LShoulder_rx,Chest_to_LShoulder,rx,0.07475032673849644,0.06928590569130325,-0.005464421047193191,0.12682701246067504,0.1517691046759683
671_T1_R1_vs_R2,natural_variability,3,Chest_to_LShoulder_ry,Chest_to_LShoulder,ry,0.04171158504908974,0.04231977035827725,0.0006081853091875061,0.12682701246067504,0.1517691046759683
671_T1_R1_vs_R2,natural_variability,3,Chest_to_LShoulder_rz,Chest_to_LShoulder,rz,0.004787073207716748,0.024034697825052652,0.019247624617335903,0.12682701246067504,0.1517691046759683
671_T1_R1_vs_R2,natural_variability,3,Chest_to_Neck_rx,Chest_to_Neck,rx,0.042906967450736286,0.025877740835427068,-0.017029226615309218,0.12682701246067504,0.1517691046759683
671_T1_R1_vs_R2,natural_variability,3,Chest_to_Neck_ry,Chest_to_Neck,ry,0.007384727606405019,0.018666372207275257,0.011281644600870238,0.12682701246067504,0.1517691046759683
671_T1_R1_vs_R2,natural_variability,3,Chest_to_Neck_rz,Chest_to_Neck,rz,0.00536354607012499,0.033420412190978833,0.028056866120853844,0.12682701246067504,0.1517691046759683
671_T1_R1_vs_R2,natural_variability,3,Chest_to_RShoulder_rx,Chest_to_RShoulder,rx,0.05286912516271393,0.1241718963670065,0.07130277120429257,0.12682701246067504,0.1517691046759683
671_T1_R1_vs_R2,natural_variability,3,Chest_to_RShoulder_ry,Chest_to_RShoulder,ry,0.007973670525484563,0.0005250612220167472,-0.007448609303467815,0.12682701246067504,0.1517691046759683
671_T1_R1_vs_R2,natural_variability,3,Chest_to_RShoulder_rz,Chest_to_RShoulder,rz,0.09364907073666696,0.03885801143041223,-0.05479105930625473,0.12682701246067504,0.1517691046759683
671_T1_R1_vs_R2,natural_variability,3,LFArm_to_LHand_rx,LFArm_to_LHand,rx,0.2274832574812567,0.1928359541590359,-0.034647303322220796,0.12682701246067504,0.1517691046759683
671_T1_R1_vs_R2,natural_variability,3,LFArm_to_LHand_ry,LFArm_to_LHand,ry,0.07326279974477323,0.01763785954589614,-0.05562494019887709,0.12682701246067504,0.1517691046759683
671_T1_R1_vs_R2,natural_variability,3,LFArm_to_LHand_rz,LFArm_to_LHand,rz,0.3713407252867183,0.320776745287028,-0.05056397999969031,0.12682701246067504,0.1517691046759683
671_T1_R1_vs_R2,natural_variability,3,LShin_to_LFoot_rx,LShin_to_LFoot,rx,0.020039993572116135,0.017069354627351305,-0.00297063894476483,0.12682701246067504,0.1517691046759683
671_T1_R1_vs_R2,natural_variability,3,LShin_to_LFoot_ry,LShin_to_LFoot,ry,0.04918151491870047,0.009395762020291114,-0.039785752898409354,0.12682701246067504,0.1517691046759683
671_T1_R1_vs_R2,natural_variability,3,LShin_to_LFoot_rz,LShin_to_LFoot,rz,0.05973191790997514,0.07853632878309104,0.0188044108731159,0.12682701246067504,0.1517691046759683
671_T1_R1_vs_R2,natural_variability,3,LShoulder_to_LUArm_rx,LShoulder_to_LUArm,rx,0.21079439322305105,0.19531558528003473,-0.015478807943016315,0.12682701246067504,0.1517691046759683
671_T1_R1_vs_R2,natural_variability,3,LShoulder_to_LUArm_ry,LShoulder_to_LUArm,ry,0.06519153195238782,0.08409111430838997,0.018899582356002156,0.12682701246067504,0.1517691046759683
671_T1_R1_vs_R2,natural_variability,3,LShoulder_to_LUArm_rz,LShoulder_to_LUArm,rz,0.07023322498703903,0.09254189361453942,0.02230866862750039,0.12682701246067504,0.1517691046759683
671_T1_R1_vs_R2,natural_variability,3,LThigh_to_LShin_rx,LThigh_to_LShin,rx,0.18380163196869248,0.28881098617019424,0.10500935420150176,0.12682701246067504,0.1517691046759683
671_T1_R1_vs_R2,natural_variability,3,LThigh_to_LShin_ry,LThigh_to_LShin,ry,2.979726562757103e-08,2.5675152787677307e-08,-4.1221128398937215e-09,0.12682701246067504,0.1517691046759683
671_T1_R1_vs_R2,natural_variability,3,LThigh_to_LShin_rz,LThigh_to_LShin,rz,2.2183823801217897e-09,6.860725522301755e-09,4.642343142179966e-09,0.12682701246067504,0.1517691046759683
671_T1_R1_vs_R2,natural_variability,3,LUArm_to_LFArm_rx,LUArm_to_LFArm,rx,0.1477137601418283,0.03772793705823936,-0.10998582308358894,0.12682701246067504,0.1517691046759683
671_T1_R1_vs_R2,natural_variability,3,LUArm_to_LFArm_ry,LUArm_to_LFArm,ry,0.015003470986880393,0.39996351054463936,0.384960039557759,0.12682701246067504,0.1517691046759683
671_T1_R1_vs_R2,natural_variability,3,LUArm_to_LFArm_rz,LUArm_to_LFArm,rz,0.1014956950706601,0.07600384397868759,-0.02549185109197251,0.12682701246067504,0.1517691046759683
671_T1_R1_vs_R2,natural_variability,3,Neck_to_Head_rx,Neck_to_Head,rx,0.042906979770338714,0.025877745309595645,-0.01702923446074307,0.12682701246067504,0.1517691046759683
671_T1_R1_vs_R2,natural_variability,3,Neck_to_Head_ry,Neck_to_Head,ry,0.007384723788892152,0.018666381441535172,0.01128165765264302,0.12682701246067504,0.1517691046759683
671_T1_R1_vs_R2,natural_variability,3,Neck_to_Head_rz,Neck_to_Head,rz,0.005363574499713712,0.033420441840000016,0.028056867340286305,0.12682701246067504,0.1517691046759683
671_T1_R1_vs_R2,natural_variability,3,RFArm_to_RHand_rx,RFArm_to_RHand,rx,0.16662364856919457,0.07882271955179732,-0.08780092901739725,0.12682701246067504,0.1517691046759683
671_T1_R1_vs_R2,natural_variability,3,RFArm_to_RHand_ry,RFArm_to_RHand,ry,0.071755939421059,0.028249708966755056,-0.04350623045430394,0.12682701246067504,0.1517691046759683
671_T1_R1_vs_R2,natural_variability,3,RFArm_to_RHand_rz,RFArm_to_RHand,rz,0.31701342785360515,0.2765589226966627,-0.04045450515694243,0.12682701246067504,0.1517691046759683
671_T1_R1_vs_R2,natural_variability,3,RShin_to_RFoot_rx,RShin_to_RFoot,rx,0.010409594928977486,0.009346272665042099,-0.0010633222639353877,0.12682701246067504,0.1517691046759683
671_T1_R1_vs_R2,natural_variability,3,RShin_to_RFoot_ry,RShin_to_RFoot,ry,0.08909320717660504,0.11367349309978204,0.024580285923177,0.12682701246067504,0.1517691046759683
671_T1_R1_vs_R2,natural_variability,3,RShin_to_RFoot_rz,RShin_to_RFoot,rz,0.012188558017419008,0.01252006921405234,0.0003315111966333325,0.12682701246067504,0.1517691046759683
671_T1_R1_vs_R2,natural_variability,3,RShoulder_to_RUArm_rx,RShoulder_to_RUArm,rx,0.0794702269735809,0.33584562019493275,0.25637539322135183,0.12682701246067504,0.1517691046759683
671_T1_R1_vs_R2,natural_variability,3,RShoulder_to_RUArm_ry,RShoulder_to_RUArm,ry,0.17050230249535864,0.23028213046950166,0.059779827974143024,0.12682701246067504,0.1517691046759683
671_T1_R1_vs_R2,natural_variability,3,RShoulder_to_RUArm_rz,RShoulder_to_RUArm,rz,0.106273495453962,0.04697803787382601,-0.05929545758013599,0.12682701246067504,0.1517691046759683
671_T1_R1_vs_R2,natural_variability,3,RThigh_to_RShin_rx,RThigh_to_RShin,rx,0.012603437448987221,0.0798656862880956,0.06726224883910838,0.12682701246067504,0.1517691046759683
671_T1_R1_vs_R2,natural_variability,3,RThigh_to_RShin_ry,RThigh_to_RShin,ry,4.65083942553558e-09,5.238372076192197e-09,5.875326506566167e-10,0.12682701246067504,0.1517691046759683
671_T1_R1_vs_R2,natural_variability,3,RThigh_to_RShin_rz,RThigh_to_RShin,rz,2.173622025624147e-08,2.5049286361660965e-09,-1.9231291620075375e-08,0.12682701246067504,0.1517691046759683
671_T1_R1_vs_R2,natural_variability,3,RUArm_to_RFArm_rx,RUArm_to_RFArm,rx,0.2013781713514344,0.1647454287057331,-0.036632742645701294,0.12682701246067504,0.1517691046759683
671_T1_R1_vs_R2,natural_variability,3,RUArm_to_RFArm_ry,RUArm_to_RFArm,ry,0.6168441732943141,0.4373707272829292,-0.17947344601138487,0.12682701246067504,0.1517691046759683
671_T1_R1_vs_R2,natural_variability,3,RUArm_to_RFArm_rz,RUArm_to_RFArm,rz,0.21571800023365423,0.1755569540929552,-0.04016104614069904,0.12682701246067504,0.1517691046759683
671_T1_R1_vs_R2,natural_variability,4,Chest_to_LShoulder_rx,Chest_to_LShoulder,rx,0.060967633621768616,0.01982973126340878,-0.04113790235835983,0.09134976610250992,0.09660632140925277
671_T1_R1_vs_R2,natural_variability,4,Chest_to_LShoulder_ry,Chest_to_LShoulder,ry,0.05138804732522406,0.05290585303146058,0.0015178057062365177,0.09134976610250992,0.09660632140925277
671_T1_R1_vs_R2,natural_variability,4,Chest_to_LShoulder_rz,Chest_to_LShoulder,rz,0.009081385097965161,0.03345899776797665,0.02437761267001149,0.09134976610250992,0.09660632140925277
671_T1_R1_vs_R2,natural_variability,4,Chest_to_Neck_rx,Chest_to_Neck,rx,0.0049823911043608655,0.03844818924714281,0.033465798142781944,0.09134976610250992,0.09660632140925277
671_T1_R1_vs_R2,natural_variability,4,Chest_to_Neck_ry,Chest_to_Neck,ry,0.022999515155420376,0.00342531892981441,-0.019574196225605967,0.09134976610250992,0.09660632140925277
671_T1_R1_vs_R2,natural_variability,4,Chest_to_Neck_rz,Chest_to_Neck,rz,0.005509895789942572,0.005660172000982871,0.0001502762110402985,0.09134976610250992,0.09660632140925277
671_T1_R1_vs_R2,natural_variability,4,Chest_to_RShoulder_rx,Chest_to_RShoulder,rx,0.11752365519201663,0.11264366425275994,-0.004879990939256687,0.09134976610250992,0.09660632140925277
671_T1_R1_vs_R2,natural_variability,4,Chest_to_RShoulder_ry,Chest_to_RShoulder,ry,0.02777191709504881,0.021918047199908874,-0.0058538698951399355,0.09134976610250992,0.09660632140925277
671_T1_R1_vs_R2,natural_variability,4,Chest_to_RShoulder_rz,Chest_to_RShoulder,rz,0.014561567635616977,0.05616543067822075,0.04160386304260377,0.09134976610250992,0.09660632140925277
671_T1_R1_vs_R2,natural_variability,4,LFArm_to_LHand_rx,LFArm_to_LHand,rx,0.16807358390252364,0.13872977352662916,-0.02934381037589448,0.09134976610250992,0.09660632140925277
671_T1_R1_vs_R2,natural_variability,4,LFArm_to_LHand_ry,LFArm_to_LHand,ry,0.04271711757695516,0.166831648525833,0.12411453094887782,0.09134976610250992,0.09660632140925277
671_T1_R1_vs_R2,natural_variability,4,LFArm_to_LHand_rz,LFArm_to_LHand,rz,0.3734286576064301,0.13084487252114035,-0.24258378508528977,0.09134976610250992,0.09660632140925277
671_T1_R1_vs_R2,natural_variability,4,LShin_to_LFoot_rx,LShin_to_LFoot,rx,0.07653756061022694,0.11018043504649529,0.033642874436268344,0.09134976610250992,0.09660632140925277
671_T1_R1_vs_R2,natural_variability,4,LShin_to_LFoot_ry,LShin_to_LFoot,ry,0.07831755184148641,0.08547098549580505,0.007153433654318642,0.09134976610250992,0.09660632140925277
671_T1_R1_vs_R2,natural_variability,4,LShin_to_LFoot_rz,LShin_to_LFoot,rz,0.01576660960585864,0.09896634191915876,0.08319973231330012,0.09134976610250992,0.09660632140925277
671_T1_R1_vs_R2,natural_variability,4,LShoulder_to_LUArm_rx,LShoulder_to_LUArm,rx,0.2322826146271739,0.14575299075596265,-0.08652962387121124,0.09134976610250992,0.09660632140925277
671_T1_R1_vs_R2,natural_variability,4,LShoulder_to_LUArm_ry,LShoulder_to_LUArm,ry,0.07765338796368018,0.104004131578787,0.026350743615106823,0.09134976610250992,0.09660632140925277
671_T1_R1_vs_R2,natural_variability,4,LShoulder_to_LUArm_rz,LShoulder_to_LUArm,rz,0.029276883856575578,0.05493772119341194,0.025660837336836363,0.09134976610250992,0.09660632140925277
671_T1_R1_vs_R2,natural_variability,4,LThigh_to_LShin_rx,LThigh_to_LShin,rx,0.15414281232899774,0.22476350205160311,0.07062068972260538,0.09134976610250992,0.09660632140925277
671_T1_R1_vs_R2,natural_variability,4,LThigh_to_LShin_ry,LThigh_to_LShin,ry,4.470184188734547e-10,6.810019255105286e-09,6.363000836231831e-09,0.09134976610250992,0.09660632140925277
671_T1_R1_vs_R2,natural_variability,4,LThigh_to_LShin_rz,LThigh_to_LShin,rz,3.6085598933228667e-09,7.07123124334734e-10,-2.901436768988133e-09,0.09134976610250992,0.09660632140925277
671_T1_R1_vs_R2,natural_variability,4,LUArm_to_LFArm_rx,LUArm_to_LFArm,rx,0.07903479844821985,0.2875895504240203,0.20855475197580042,0.09134976610250992,0.09660632140925277
671_T1_R1_vs_R2,natural_variability,4,LUArm_to_LFArm_ry,LUArm_to_LFArm,ry,0.22144685561211513,0.22762677198659648,0.006179916374481342,0.09134976610250992,0.09660632140925277
671_T1_R1_vs_R2,natural_variability,4,LUArm_to_LFArm_rz,LUArm_to_LFArm,rz,0.12338846323283204,0.2972561421325836,0.17386767889975158,0.09134976610250992,0.09660632140925277
671_T1_R1_vs_R2,natural_variability,4,Neck_to_Head_rx,Neck_to_Head,rx,0.004982403180674205,0.03844818328194133,0.03346578010126712,0.09134976610250992,0.09660632140925277
671_T1_R1_vs_R2,natural_variability,4,Neck_to_Head_ry,Neck_to_Head,ry,0.02299952393759207,0.003425312822549078,-0.019574211115042994,0.09134976610250992,0.09660632140925277
671_T1_R1_vs_R2,natural_variability,4,Neck_to_Head_rz,Neck_to_Head,rz,0.005509904147960627,0.005660173664413589,0.0001502695164529626,0.09134976610250992,0.09660632140925277
671_T1_R1_vs_R2,natural_variability,4,RFArm_to_RHand_rx,RFArm_to_RHand,rx,0.021199026473606105,0.04790235034988716,0.026703323876281052,0.09134976610250992,0.09660632140925277
671_T1_R1_vs_R2,natural_variability,4,RFArm_to_RHand_ry,RFArm_to_RHand,ry,0.024139337175184763,0.0752538525148749,0.051114515339690136,0.09134976610250992,0.09660632140925277
671_T1_R1_vs_R2,natural_variability,4,RFArm_to_RHand_rz,RFArm_to_RHand,rz,0.25559936060931726,0.18421728307501697,-0.07138207753430029,0.09134976610250992,0.09660632140925277
671_T1_R1_vs_R2,natural_variability,4,RShin_to_RFoot_rx,RShin_to_RFoot,rx,0.10686520869223148,0.24349240472247655,0.13662719603024506,0.09134976610250992,0.09660632140925277
671_T1_R1_vs_R2,natural_variability,4,RShin_to_RFoot_ry,RShin_to_RFoot,ry,0.032624236469814716,0.029062541143157306,-0.0035616953266574096,0.09134976610250992,0.09660632140925277
671_T1_R1_vs_R2,natural_variability,4,RShin_to_RFoot_rz,RShin_to_RFoot,rz,0.06474733417595258,0.1150405533312147,0.05029321915526212,0.09134976610250992,0.09660632140925277
671_T1_R1_vs_R2,natural_variability,4,RShoulder_to_RUArm_rx,RShoulder_to_RUArm,rx,0.33956336288428113,0.3200950043446243,-0.019468358539656838,0.09134976610250992,0.09660632140925277
671_T1_R1_vs_R2,natural_variability,4,RShoulder_to_RUArm_ry,RShoulder_to_RUArm,ry,0.24833195111728773,0.1569976625893637,-0.09133428852792402,0.09134976610250992,0.09660632140925277
671_T1_R1_vs_R2,natural_variability,4,RShoulder_to_RUArm_rz,RShoulder_to_RUArm,rz,0.02944362528258516,0.09060556801007273,0.06116194272748757,0.09134976610250992,0.09660632140925277
671_T1_R1_vs_R2,natural_variability,4,RThigh_to_RShin_rx,RThigh_to_RShin,rx,0.19993487032348375,0.18066647011535453,-0.019268400208129227,0.09134976610250992,0.09660632140925277
671_T1_R1_vs_R2,natural_variability,4,RThigh_to_RShin_ry,RThigh_to_RShin,ry,5.431242861633326e-09,1.6112806864545844e-08,1.0681564002912519e-08,0.09134976610250992,0.09660632140925277
671_T1_R1_vs_R2,natural_variability,4,RThigh_to_RShin_rz,RThigh_to_RShin,rz,6.701449312646364e-09,6.0728846239822106e-09,-6.285646886641535e-10,0.09134976610250992,0.09660632140925277
671_T1_R1_vs_R2,natural_variability,4,RUArm_to_RFArm_rx,RUArm_to_RFArm,rx,0.12355033944029345,0.23130654222803168,0.10775620278773823,0.09134976610250992,0.09660632140925277
671_T1_R1_vs_R2,natural_variability,4,RUArm_to_RFArm_ry,RUArm_to_RFArm,ry,0.5636969366689801,0.4589484501281643,-0.10474848654081581,0.09134976610250992,0.09660632140925277
671_T1_R1_vs_R2,natural_variability,4,RUArm_to_RFArm_rz,RUArm_to_RFArm,rz,0.08276226630071858,0.16445407594296454,0.08169180964224597,0.09134976610250992,0.09660632140925277
671_T1_R1_vs_R2,natural_variability,5,Chest_to_LShoulder_rx,Chest_to_LShoulder,rx,0.005986041641389476,0.006150662100032184,0.00016462045864270788,0.07387408459473115,0.09118194886013485
671_T1_R1_vs_R2,natural_variability,5,Chest_to_LShoulder_ry,Chest_to_LShoulder,ry,0.042882803511060434,0.045780152417714395,0.0028973489066539612,0.07387408459473115,0.09118194886013485
671_T1_R1_vs_R2,natural_variability,5,Chest_to_LShoulder_rz,Chest_to_LShoulder,rz,0.004745393230029519,0.05068855288539613,0.04594315965536661,0.07387408459473115,0.09118194886013485
671_T1_R1_vs_R2,natural_variability,5,Chest_to_Neck_rx,Chest_to_Neck,rx,0.04681348052193939,0.0720456427129983,0.025232162191058914,0.07387408459473115,0.09118194886013485
671_T1_R1_vs_R2,natural_variability,5,Chest_to_Neck_ry,Chest_to_Neck,ry,0.0372138833073012,0.05416615059454974,0.016952267287248537,0.07387408459473115,0.09118194886013485
671_T1_R1_vs_R2,natural_variability,5,Chest_to_Neck_rz,Chest_to_Neck,rz,0.0019071005137994688,0.014388005075280173,0.012480904561480705,0.07387408459473115,0.09118194886013485
671_T1_R1_vs_R2,natural_variability,5,Chest_to_RShoulder_rx,Chest_to_RShoulder,rx,0.04946265203790421,0.03706235905330652,-0.012400292984597688,0.07387408459473115,0.09118194886013485
671_T1_R1_vs_R2,natural_variability,5,Chest_to_RShoulder_ry,Chest_to_RShoulder,ry,0.049631467047795245,0.06268394572102697,0.01305247867323172,0.07387408459473115,0.09118194886013485
671_T1_R1_vs_R2,natural_variability,5,Chest_to_RShoulder_rz,Chest_to_RShoulder,rz,0.025727339492536874,0.03096399153716112,0.005236652044624247,0.07387408459473115,0.09118194886013485
671_T1_R1_vs_R2,natural_variability,5,LFArm_to_LHand_rx,LFArm_to_LHand,rx,0.11505178132503094,0.03238825789072546,-0.08266352343430547,0.07387408459473115,0.09118194886013485
671_T1_R1_vs_R2,natural_variability,5,LFArm_to_LHand_ry,LFArm_to_LHand,ry,0.12407380104538375,0.05737765139594115,-0.0666961496494426,0.07387408459473115,0.09118194886013485
671_T1_R1_vs_R2,natural_variability,5,LFArm_to_LHand_rz,LFArm_to_LHand,rz,0.10426370057914798,0.06802099654736722,-0.03624270403178076,0.07387408459473115,0.09118194886013485
671_T1_R1_vs_R2,natural_variability,5,LShin_to_LFoot_rx,LShin_to_LFoot,rx,0.0508022795061004,0.012490007874430555,-0.03831227163166985,0.07387408459473115,0.09118194886013485
671_T1_R1_vs_R2,natural_variability,5,LShin_to_LFoot_ry,LShin_to_LFoot,ry,0.04510309187149367,0.010294258464432356,-0.03480883340706131,0.07387408459473115,0.09118194886013485
671_T1_R1_vs_R2,natural_variability,5,LShin_to_LFoot_rz,LShin_to_LFoot,rz,0.16462660192913317,0.15065189954314687,-0.013974702385986304,0.07387408459473115,0.09118194886013485
671_T1_R1_vs_R2,natural_variability,5,LShoulder_to_LUArm_rx,LShoulder_to_LUArm,rx,0.03282948965381382,0.0036424928096560278,-0.029186996844157792,0.07387408459473115,0.09118194886013485
671_T1_R1_vs_R2,natural_variability,5,LShoulder_to_LUArm_ry,LShoulder_to_LUArm,ry,0.2550819470264103,0.21869299409214912,-0.03638895293426117,0.07387408459473115,0.09118194886013485
671_T1_R1_vs_R2,natural_variability,5,LShoulder_to_LUArm_rz,LShoulder_to_LUArm,rz,0.015994175461737568,0.06817087670538521,0.05217670124364765,0.07387408459473115,0.09118194886013485
671_T1_R1_vs_R2,natural_variability,5,LThigh_to_LShin_rx,LThigh_to_LShin,rx,0.7023767614081977,0.699255354549117,-0.0031214068590806887,0.07387408459473115,0.09118194886013485
671_T1_R1_vs_R2,natural_variability,5,LThigh_to_LShin_ry,LThigh_to_LShin,ry,1.4026005620867078e-08,2.759499077756251e-08,1.3568985156695433e-08,0.07387408459473115,0.09118194886013485
671_T1_R1_vs_R2,natural_variability,5,LThigh_to_LShin_rz,LThigh_to_LShin,rz,5.519991449443944e-09,3.4570621452206488e-09,-2.0629293042232953e-09,0.07387408459473115,0.09118194886013485
671_T1_R1_vs_R2,natural_variability,5,LUArm_to_LFArm_rx,LUArm_to_LFArm,rx,0.13005131151885502,0.0017082762983855722,-0.12834303522046944,0.07387408459473115,0.09118194886013485
671_T1_R1_vs_R2,natural_variability,5,LUArm_to_LFArm_ry,LUArm_to_LFArm,ry,0.3418464708927903,0.19814350927699642,-0.14370296161579388,0.07387408459473115,0.09118194886013485
671_T1_R1_vs_R2,natural_variability,5,LUArm_to_LFArm_rz,LUArm_to_LFArm,rz,0.14791376092471425,0.022421096833936293,-0.12549266409077797,0.07387408459473115,0.09118194886013485
671_T1_R1_vs_R2,natural_variability,5,Neck_to_Head_rx,Neck_to_Head,rx,0.046813456699508954,0.0720456094592264,0.02523215275971745,0.07387408459473115,0.09118194886013485
671_T1_R1_vs_R2,natural_variability,5,Neck_to_Head_ry,Neck_to_Head,ry,0.037213883359221954,0.054166163911050086,0.016952280551828132,0.07387408459473115,0.09118194886013485
671_T1_R1_vs_R2,natural_variability,5,Neck_to_Head_rz,Neck_to_Head,rz,0.0019070895678514371,0.014388005791946785,0.012480916224095348,0.07387408459473115,0.09118194886013485
671_T1_R1_vs_R2,natural_variability,5,RFArm_to_RHand_rx,RFArm_to_RHand,rx,0.061809497569451456,0.03321555418966834,-0.02859394337978312,0.07387408459473115,0.09118194886013485
671_T1_R1_vs_R2,natural_variability,5,RFArm_to_RHand_ry,RFArm_to_RHand,ry,0.047927933395162124,0.11433684771544032,0.0664089143202782,0.07387408459473115,0.09118194886013485
671_T1_R1_vs_R2,natural_variability,5,RFArm_to_RHand_rz,RFArm_to_RHand,rz,0.15373308090143384,0.07303861018579079,-0.08069447071564305,0.07387408459473115,0.09118194886013485
671_T1_R1_vs_R2,natural_variability,5,RShin_to_RFoot_rx,RShin_to_RFoot,rx,0.15682303625819544,0.11662184135042293,-0.040201194907772506,0.07387408459473115,0.09118194886013485
671_T1_R1_vs_R2,natural_variability,5,RShin_to_RFoot_ry,RShin_to_RFoot,ry,0.12167627994456842,0.11455554381554113,-0.007120736129027291,0.07387408459473115,0.09118194886013485
671_T1_R1_vs_R2,natural_variability,5,RShin_to_RFoot_rz,RShin_to_RFoot,rz,0.06397107907322969,0.044208861623115596,-0.01976221745011409,0.07387408459473115,0.09118194886013485
671_T1_R1_vs_R2,natural_variability,5,RShoulder_to_RUArm_rx,RShoulder_to_RUArm,rx,0.1174260128369272,0.035599638550904276,-0.08182637428602293,0.07387408459473115,0.09118194886013485
671_T1_R1_vs_R2,natural_variability,5,RShoulder_to_RUArm_ry,RShoulder_to_RUArm,ry,0.24051527206081166,0.24030759799651877,-0.00020767406429289537,0.07387408459473115,0.09118194886013485
671_T1_R1_vs_R2,natural_variability,5,RShoulder_to_RUArm_rz,RShoulder_to_RUArm,rz,0.03848873112161061,0.10564192510112282,0.06715319397951221,0.07387408459473115,0.09118194886013485
671_T1_R1_vs_R2,natural_variability,5,RThigh_to_RShin_rx,RThigh_to_RShin,rx,0.09813088986901627,0.15391887235432775,0.05578798248531147,0.07387408459473115,0.09118194886013485
671_T1_R1_vs_R2,natural_variability,5,RThigh_to_RShin_ry,RThigh_to_RShin,ry,5.2925362052046014e-09,5.454069189042079e-09,1.615329838374774e-10,0.07387408459473115,0.09118194886013485
671_T1_R1_vs_R2,natural_variability,5,RThigh_to_RShin_rz,RThigh_to_RShin,rz,1.4018142289767927e-08,1.1328727624756658e-08,-2.6894146650112692e-09,0.07387408459473115,0.09118194886013485
671_T1_R1_vs_R2,natural_variability,5,RUArm_to_RFArm_rx,RUArm_to_RFArm,rx,0.09275432767709979,0.21548671264597347,0.12273238496887368,0.07387408459473115,0.09118194886013485
671_T1_R1_vs_R2,natural_variability,5,RUArm_to_RFArm_ry,RUArm_to_RFArm,ry,0.15946268919727388,0.3751007679495276,0.21563807875225374,0.07387408459473115,0.09118194886013485
671_T1_R1_vs_R2,natural_variability,5,RUArm_to_RFArm_rz,RUArm_to_RFArm,rz,0.09351966914227129,0.17333272403800373,0.07981305489573244,0.07387408459473115,0.09118194886013485
671_T1_R1_vs_R2,natural_variability,6,Chest_to_LShoulder_rx,Chest_to_LShoulder,rx,0.03138116661162769,0.03757055669403088,0.006189390082403191,0.05165475488572221,0.05808105507784289
671_T1_R1_vs_R2,natural_variability,6,Chest_to_LShoulder_ry,Chest_to_LShoulder,ry,0.07212092263936862,0.05600495460920495,-0.016115968030163665,0.05165475488572221,0.05808105507784289
671_T1_R1_vs_R2,natural_variability,6,Chest_to_LShoulder_rz,Chest_to_LShoulder,rz,0.08177345504800462,0.05300523376152381,-0.028768221286480815,0.05165475488572221,0.05808105507784289
671_T1_R1_vs_R2,natural_variability,6,Chest_to_Neck_rx,Chest_to_Neck,rx,0.06723736002224899,0.037301583963738415,-0.029935776058510576,0.05165475488572221,0.05808105507784289
671_T1_R1_vs_R2,natural_variability,6,Chest_to_Neck_ry,Chest_to_Neck,ry,0.02679957447540168,0.012653288607703114,-0.014146285867698566,0.05165475488572221,0.05808105507784289
671_T1_R1_vs_R2,natural_variability,6,Chest_to_Neck_rz,Chest_to_Neck,rz,0.002034714690662798,0.00892142343341532,0.006886708742752523,0.05165475488572221,0.05808105507784289
671_T1_R1_vs_R2,natural_variability,6,Chest_to_RShoulder_rx,Chest_to_RShoulder,rx,0.040831750429134395,0.015778194700713625,-0.02505355572842077,0.05165475488572221,0.05808105507784289
671_T1_R1_vs_R2,natural_variability,6,Chest_to_RShoulder_ry,Chest_to_RShoulder,ry,0.03697127803585529,0.03946906353065389,0.0024977854947986003,0.05165475488572221,0.05808105507784289
671_T1_R1_vs_R2,natural_variability,6,Chest_to_RShoulder_rz,Chest_to_RShoulder,rz,0.15700225157513548,0.15795479641986654,0.0009525448447310625,0.05165475488572221,0.05808105507784289
671_T1_R1_vs_R2,natural_variability,6,LFArm_to_LHand_rx,LFArm_to_LHand,rx,0.23002199893855177,0.2965595022299753,0.06653750329142352,0.05165475488572221,0.05808105507784289
671_T1_R1_vs_R2,natural_variability,6,LFArm_to_LHand_ry,LFArm_to_LHand,ry,0.17726892390099983,0.1054258040331227,-0.07184311986787713,0.05165475488572221,0.05808105507784289
671_T1_R1_vs_R2,natural_variability,6,LFArm_to_LHand_rz,LFArm_to_LHand,rz,0.26782267379455027,0.5033948083055519,0.23557213451100167,0.05165475488572221,0.05808105507784289
671_T1_R1_vs_R2,natural_variability,6,LShin_to_LFoot_rx,LShin_to_LFoot,rx,0.11119731113869616,0.015457805649519929,-0.09573950548917623,0.05165475488572221,0.05808105507784289
671_T1_R1_vs_R2,natural_variability,6,LShin_to_LFoot_ry,LShin_to_LFoot,ry,0.11576893521321024,0.03739205907946404,-0.0783768761337462,0.05165475488572221,0.05808105507784289
671_T1_R1_vs_R2,natural_variability,6,LShin_to_LFoot_rz,LShin_to_LFoot,rz,0.1430434662237222,0.02509023145140597,-0.11795323477231622,0.05165475488572221,0.05808105507784289
671_T1_R1_vs_R2,natural_variability,6,LShoulder_to_LUArm_rx,LShoulder_to_LUArm,rx,0.18834001642461828,0.18437443463559158,-0.003965581789026701,0.05165475488572221,0.05808105507784289
671_T1_R1_vs_R2,natural_variability,6,LShoulder_to_LUArm_ry,LShoulder_to_LUArm,ry,0.3208066550243859,0.2657032925826883,-0.055103362441697556,0.05165475488572221,0.05808105507784289
671_T1_R1_vs_R2,natural_variability,6,LShoulder_to_LUArm_rz,LShoulder_to_LUArm,rz,0.10501725739201732,0.013477036242167572,-0.09154022114984975,0.05165475488572221,0.05808105507784289
671_T1_R1_vs_R2,natural_variability,6,LThigh_to_LShin_rx,LThigh_to_LShin,rx,0.22627767515915126,0.14153569626210075,-0.08474197889705051,0.05165475488572221,0.05808105507784289
671_T1_R1_vs_R2,natural_variability,6,LThigh_to_LShin_ry,LThigh_to_LShin,ry,1.2819705219778868e-08,1.6333632298276883e-08,3.513927078498015e-09,0.05165475488572221,0.05808105507784289
671_T1_R1_vs_R2,natural_variability,6,LThigh_to_LShin_rz,LThigh_to_LShin,rz,4.316786041273309e-09,1.2117221621165312e-08,7.800435579892002e-09,0.05165475488572221,0.05808105507784289
671_T1_R1_vs_R2,natural_variability,6,LUArm_to_LFArm_rx,LUArm_to_LFArm,rx,0.14254305693962652,0.053754247997347106,-0.08878880894227942,0.05165475488572221,0.05808105507784289
671_T1_R1_vs_R2,natural_variability,6,LUArm_to_LFArm_ry,LUArm_to_LFArm,ry,0.12173600936780363,0.3135653123856526,0.19182930301784898,0.05165475488572221,0.05808105507784289
671_T1_R1_vs_R2,natural_variability,6,LUArm_to_LFArm_rz,LUArm_to_LFArm,rz,0.11440783743037783,0.04860503867331382,-0.06580279875706402,0.05165475488572221,0.05808105507784289
671_T1_R1_vs_R2,natural_variability,6,Neck_to_Head_rx,Neck_to_Head,rx,0.06723731928114297,0.03730156670296203,-0.029935752578180944,0.05165475488572221,0.05808105507784289
671_T1_R1_vs_R2,natural_variability,6,Neck_to_Head_ry,Neck_to_Head,ry,0.02679957658642106,0.012653283508876284,-0.014146293077544775,0.05165475488572221,0.05808105507784289
671_T1_R1_vs_R2,natural_variability,6,Neck_to_Head_rz,Neck_to_Head,rz,0.002034738279546516,0.008921402932348589,0.0068866646528020735,0.05165475488572221,0.05808105507784289
671_T1_R1_vs_R2,natural_variability,6,RFArm_to_RHand_rx,RFArm_to_RHand,rx,0.09112402829642312,0.16263651234654045,0.07151248405011733,0.05165475488572221,0.05808105507784289
671_T1_R1_vs_R2,natural_variability,6,RFArm_to_RHand_ry,RFArm_to_RHand,ry,0.048976774621194014,0.0886695999092268,0.03969282528803279,0.05165475488572221,0.05808105507784289
671_T1_R1_vs_R2,natural_variability,6,RFArm_to_RHand_rz,RFArm_to_RHand,rz,0.06287105335364904,0.22038209128771902,0.15751103793406998,0.05165475488572221,0.05808105507784289
671_T1_R1_vs_R2,natural_variability,6,RShin_to_RFoot_rx,RShin_to_RFoot,rx,0.2686870942924061,0.1073225611747568,-0.1613645331176493,0.05165475488572221,0.05808105507784289
671_T1_R1_vs_R2,natural_variability,6,RShin_to_RFoot_ry,RShin_to_RFoot,ry,0.08331486145952627,0.024782979792022774,-0.05853188166750349,0.05165475488572221,0.05808105507784289
671_T1_R1_vs_R2,natural_variability,6,RShin_to_RFoot_rz,RShin_to_RFoot,rz,0.14419436966569593,0.04238230876866611,-0.10181206089702982,0.05165475488572221,0.05808105507784289
671_T1_R1_vs_R2,natural_variability,6,RShoulder_to_RUArm_rx,RShoulder_to_RUArm,rx,0.05543602055495755,0.01785506544354518,-0.037580955111412365,0.05165475488572221,0.05808105507784289
671_T1_R1_vs_R2,natural_variability,6,RShoulder_to_RUArm_ry,RShoulder_to_RUArm,ry,0.20676609152268766,0.2268155620336646,0.02004947051097694,0.05165475488572221,0.05808105507784289
671_T1_R1_vs_R2,natural_variability,6,RShoulder_to_RUArm_rz,RShoulder_to_RUArm,rz,0.1822677460075792,0.16668183809333872,-0.015585907914240471,0.05165475488572221,0.05808105507784289
671_T1_R1_vs_R2,natural_variability,6,RThigh_to_RShin_rx,RThigh_to_RShin,rx,0.2879987794926452,0.1804318554118921,-0.10756692408075308,0.05165475488572221,0.05808105507784289
671_T1_R1_vs_R2,natural_variability,6,RThigh_to_RShin_ry,RThigh_to_RShin,ry,3.5603880081845624e-08,1.0069110731020174e-08,-2.553476935082545e-08,0.05165475488572221,0.05808105507784289
671_T1_R1_vs_R2,natural_variability,6,RThigh_to_RShin_rz,RThigh_to_RShin,rz,4.7639310633479935e-09,1.6530666361203264e-08,1.1766735297855272e-08,0.05165475488572221,0.05808105507784289
671_T1_R1_vs_R2,natural_variability,6,RUArm_to_RFArm_rx,RUArm_to_RFArm,rx,0.37965489890694976,0.3399796542521888,-0.039675244654760966,0.05165475488572221,0.05808105507784289
671_T1_R1_vs_R2,natural_variability,6,RUArm_to_RFArm_ry,RUArm_to_RFArm,ry,0.00017554173280534901,0.08162260545741178,0.08144706372460643,0.05165475488572221,0.05808105507784289
671_T1_R1_vs_R2,natural_variability,6,RUArm_to_RFArm_rz,RUArm_to_RFArm,rz,0.2776847969303373,0.21987822139136518,-0.057806575538972144,0.05165475488572221,0.05808105507784289
671_T1_R1_vs_R2,natural_variability,7,Chest_to_LShoulder_rx,Chest_to_LShoulder,rx,0.017268255273657333,0.015734569505682142,-0.0015336857679751903,0.038908844130558014,0.04808321456399039
671_T1_R1_vs_R2,natural_variability,7,Chest_to_LShoulder_ry,Chest_to_LShoulder,ry,0.030715013010010395,0.08080556733164386,0.050090554321633465,0.038908844130558014,0.04808321456399039
671_T1_R1_vs_R2,natural_variability,7,Chest_to_LShoulder_rz,Chest_to_LShoulder,rz,0.045654137203035294,0.03541276524126765,-0.010241371961767644,0.038908844130558014,0.04808321456399039
671_T1_R1_vs_R2,natural_variability,7,Chest_to_Neck_rx,Chest_to_Neck,rx,0.014474917081309683,0.013029219522743848,-0.0014456975585658352,0.038908844130558014,0.04808321456399039
671_T1_R1_vs_R2,natural_variability,7,Chest_to_Neck_ry,Chest_to_Neck,ry,0.04808316472258116,0.07115948632386368,0.02307632160128252,0.038908844130558014,0.04808321456399039
671_T1_R1_vs_R2,natural_variability,7,Chest_to_Neck_rz,Chest_to_Neck,rz,0.013620410111687685,0.008507141056627912,-0.005113269055059773,0.038908844130558014,0.04808321456399039
671_T1_R1_vs_R2,natural_variability,7,Chest_to_RShoulder_rx,Chest_to_RShoulder,rx,0.09740507230763043,0.08365636265329648,-0.013748709654333946,0.038908844130558014,0.04808321456399039
671_T1_R1_vs_R2,natural_variability,7,Chest_to_RShoulder_ry,Chest_to_RShoulder,ry,0.02566715524684318,0.05459398273912785,0.02892682749228467,0.038908844130558014,0.04808321456399039
671_T1_R1_vs_R2,natural_variability,7,Chest_to_RShoulder_rz,Chest_to_RShoulder,rz,0.05450286498977678,0.01737320137290089,-0.03712966361687589,0.038908844130558014,0.04808321456399039
671_T1_R1_vs_R2,natural_variability,7,LFArm_to_LHand_rx,LFArm_to_LHand,rx,0.07388081523799632,0.020078318138717344,-0.05380249709927898,0.038908844130558014,0.04808321456399039
671_T1_R1_vs_R2,natural_variability,7,LFArm_to_LHand_ry,LFArm_to_LHand,ry,0.2801947563063853,0.24620804963412013,-0.033986706672265166,0.038908844130558014,0.04808321456399039
671_T1_R1_vs_R2,natural_variability,7,LFArm_to_LHand_rz,LFArm_to_LHand,rz,0.4984049593072011,0.3166288631082866,-0.1817760961989145,0.038908844130558014,0.04808321456399039
671_T1_R1_vs_R2,natural_variability,7,LShin_to_LFoot_rx,LShin_to_LFoot,rx,0.10965325868612703,0.1811041978597067,0.07145093917357966,0.038908844130558014,0.04808321456399039
671_T1_R1_vs_R2,natural_variability,7,LShin_to_LFoot_ry,LShin_to_LFoot,ry,0.07576739542740923,0.11157109297252003,0.0358036975451108,0.038908844130558014,0.04808321456399039
671_T1_R1_vs_R2,natural_variability,7,LShin_to_LFoot_rz,LShin_to_LFoot,rz,0.06334472933126378,0.1466402154110485,0.08329548607978471,0.038908844130558014,0.04808321456399039
671_T1_R1_vs_R2,natural_variability,7,LShoulder_to_LUArm_rx,LShoulder_to_LUArm,rx,0.04576578531508582,0.13776185710007532,0.0919960717849895,0.038908844130558014,0.04808321456399039
671_T1_R1_vs_R2,natural_variability,7,LShoulder_to_LUArm_ry,LShoulder_to_LUArm,ry,0.24209043173831646,0.4826039388709861,0.24051350713266967,0.038908844130558014,0.04808321456399039
671_T1_R1_vs_R2,natural_variability,7,LShoulder_to_LUArm_rz,LShoulder_to_LUArm,rz,0.15604747575408914,0.10559517823835375,-0.05045229751573539,0.038908844130558014,0.04808321456399039
671_T1_R1_vs_R2,natural_variability,7,LThigh_to_LShin_rx,LThigh_to_LShin,rx,0.15019054155424783,0.2749929077449117,0.12480236619066387,0.038908844130558014,0.04808321456399039
671_T1_R1_vs_R2,natural_variability,7,LThigh_to_LShin_ry,LThigh_to_LShin,ry,3.902730644446059e-08,3.871881299082863e-08,-3.08493453631956e-10,0.038908844130558014,0.04808321456399039
671_T1_R1_vs_R2,natural_variability,7,LThigh_to_LShin_rz,LThigh_to_LShin,rz,1.2415321871468554e-08,1.0374248887046655e-08,-2.0410729844218994e-09,0.038908844130558014,0.04808321456399039
671_T1_R1_vs_R2,natural_variability,7,LUArm_to_LFArm_rx,LUArm_to_LFArm,rx,0.3413899314837276,0.22041651151094702,-0.12097341997278058,0.038908844130558014,0.04808321456399039
671_T1_R1_vs_R2,natural_variability,7,LUArm_to_LFArm_ry,LUArm_to_LFArm,ry,0.20396755434271419,0.11356632650424195,-0.09040122783847224,0.038908844130558014,0.04808321456399039
671_T1_R1_vs_R2,natural_variability,7,LUArm_to_LFArm_rz,LUArm_to_LFArm,rz,0.3223993150511031,0.2309176850294024,-0.09148163002170068,0.038908844130558014,0.04808321456399039
671_T1_R1_vs_R2,natural_variability,7,Neck_to_Head_rx,Neck_to_Head,rx,0.014474932854076483,0.013029186628971925,-0.0014457462251045577,0.038908844130558014,0.04808321456399039
671_T1_R1_vs_R2,natural_variability,7,Neck_to_Head_ry,Neck_to_Head,ry,0.04808315444585287,0.07115947710035725,0.023076322654504378,0.038908844130558014,0.04808321456399039
671_T1_R1_vs_R2,natural_variability,7,Neck_to_Head_rz,Neck_to_Head,rz,0.013620410849236875,0.008507143371750743,-0.005113267477486132,0.038908844130558014,0.04808321456399039
671_T1_R1_vs_R2,natural_variability,7,RFArm_to_RHand_rx,RFArm_to_RHand,rx,0.07727203831239182,0.06911010115165538,-0.008161937160736446,0.038908844130558014,0.04808321456399039
671_T1_R1_vs_R2,natural_variability,7,RFArm_to_RHand_ry,RFArm_to_RHand,ry,0.18909417182108035,0.1761428736277046,-0.01295129819337576,0.038908844130558014,0.04808321456399039
671_T1_R1_vs_R2,natural_variability,7,RFArm_to_RHand_rz,RFArm_to_RHand,rz,0.0419415810727234,0.020691100040145034,-0.02125048103257837,0.038908844130558014,0.04808321456399039
671_T1_R1_vs_R2,natural_variability,7,RShin_to_RFoot_rx,RShin_to_RFoot,rx,0.06040888321891578,0.22783185027697336,0.1674229670580576,0.038908844130558014,0.04808321456399039
671_T1_R1_vs_R2,natural_variability,7,RShin_to_RFoot_ry,RShin_to_RFoot,ry,0.006418078351205558,0.020461596466356292,0.014043518115150734,0.038908844130558014,0.04808321456399039
671_T1_R1_vs_R2,natural_variability,7,RShin_to_RFoot_rz,RShin_to_RFoot,rz,0.09554072421382721,0.17871714804960023,0.08317642383577302,0.038908844130558014,0.04808321456399039
671_T1_R1_vs_R2,natural_variability,7,RShoulder_to_RUArm_rx,RShoulder_to_RUArm,rx,0.2265932246280464,0.17772112316351418,-0.04887210146453222,0.038908844130558014,0.04808321456399039
671_T1_R1_vs_R2,natural_variability,7,RShoulder_to_RUArm_ry,RShoulder_to_RUArm,ry,0.011661673908248894,0.09450971646381513,0.08284804255556624,0.038908844130558014,0.04808321456399039
671_T1_R1_vs_R2,natural_variability,7,RShoulder_to_RUArm_rz,RShoulder_to_RUArm,rz,0.105506106215097,0.03861037475272392,-0.06689573146237307,0.038908844130558014,0.04808321456399039
671_T1_R1_vs_R2,natural_variability,7,RThigh_to_RShin_rx,RThigh_to_RShin,rx,0.15808467261358056,0.30620019897700385,0.1481155263634233,0.038908844130558014,0.04808321456399039
671_T1_R1_vs_R2,natural_variability,7,RThigh_to_RShin_ry,RThigh_to_RShin,ry,5.832432709245187e-08,6.167226922750178e-08,3.3479421350499133e-09,0.038908844130558014,0.04808321456399039
671_T1_R1_vs_R2,natural_variability,7,RThigh_to_RShin_rz,RThigh_to_RShin,rz,2.0140747231777457e-08,1.499446671799096e-08,-5.146280513786497e-09,0.038908844130558014,0.04808321456399039
671_T1_R1_vs_R2,natural_variability,7,RUArm_to_RFArm_rx,RUArm_to_RFArm,rx,0.27182982188872423,0.13566609188177592,-0.1361637300069483,0.038908844130558014,0.04808321456399039
671_T1_R1_vs_R2,natural_variability,7,RUArm_to_RFArm_ry,RUArm_to_RFArm,ry,0.0943968334795862,0.1060711851473595,0.011674351667773294,0.038908844130558014,0.04808321456399039
671_T1_R1_vs_R2,natural_variability,7,RUArm_to_RFArm_rz,RUArm_to_RFArm,rz,0.1660700560270845,0.060595258586061865,-0.10547479744102263,0.038908844130558014,0.04808321456399039
671_T1_R1_vs_R2,natural_variability,8,Chest_to_LShoulder_rx,Chest_to_LShoulder,rx,0.0533113350192268,0.05469137199415584,0.0013800369749290345,0.03606182150260494,0.03294213842276811
671_T1_R1_vs_R2,natural_variability,8,Chest_to_LShoulder_ry,Chest_to_LShoulder,ry,0.0803264141481639,0.04926102849376368,-0.031065385654400215,0.03606182150260494,0.03294213842276811
671_T1_R1_vs_R2,natural_variability,8,Chest_to_LShoulder_rz,Chest_to_LShoulder,rz,0.1225698420595777,0.1320790162012069,0.009509174141629204,0.03606182150260494,0.03294213842276811
671_T1_R1_vs_R2,natural_variability,8,Chest_to_Neck_rx,Chest_to_Neck,rx,0.013609845125140341,0.019335260843751874,0.0057254157186115325,0.03606182150260494,0.03294213842276811
671_T1_R1_vs_R2,natural_variability,8,Chest_to_Neck_ry,Chest_to_Neck,ry,0.06773054091873298,0.05215879662917889,-0.015571744289554094,0.03606182150260494,0.03294213842276811
671_T1_R1_vs_R2,natural_variability,8,Chest_to_Neck_rz,Chest_to_Neck,rz,0.012168956998419715,0.01535955974794695,0.0031906027495272344,0.03606182150260494,0.03294213842276811
671_T1_R1_vs_R2,natural_variability,8,Chest_to_RShoulder_rx,Chest_to_RShoulder,rx,0.08833103276740775,0.09481033128615309,0.006479298518745333,0.03606182150260494,0.03294213842276811
671_T1_R1_vs_R2,natural_variability,8,Chest_to_RShoulder_ry,Chest_to_RShoulder,ry,0.05794514444365301,0.03822511748883166,-0.01972002695482135,0.03606182150260494,0.03294213842276811
671_T1_R1_vs_R2,natural_variability,8,Chest_to_RShoulder_rz,Chest_to_RShoulder,rz,0.0056422036927634665,0.00996977353894724,0.004327569846183774,0.03606182150260494,0.03294213842276811
671_T1_R1_vs_R2,natural_variability,8,LFArm_to_LHand_rx,LFArm_to_LHand,rx,0.17194356661570337,0.15426830172297795,-0.017675264892725417,0.03606182150260494,0.03294213842276811
671_T1_R1_vs_R2,natural_variability,8,LFArm_to_LHand_ry,LFArm_to_LHand,ry,0.21892511544236024,0.27811292351271105,0.05918780807035082,0.03606182150260494,0.03294213842276811
671_T1_R1_vs_R2,natural_variability,8,LFArm_to_LHand_rz,LFArm_to_LHand,rz,0.027145267097095405,0.14822170572352455,0.12107643862642915,0.03606182150260494,0.03294213842276811
671_T1_R1_vs_R2,natural_variability,8,LShin_to_LFoot_rx,LShin_to_LFoot,rx,0.11399282874324015,0.03708476022563666,-0.07690806851760348,0.03606182150260494,0.03294213842276811
671_T1_R1_vs_R2,natural_variability,8,LShin_to_LFoot_ry,LShin_to_LFoot,ry,0.03245541026765869,0.08196667539670813,0.04951126512904944,0.03606182150260494,0.03294213842276811
671_T1_R1_vs_R2,natural_variability,8,LShin_to_LFoot_rz,LShin_to_LFoot,rz,0.09527085010023892,0.037027122083719895,-0.058243728016519024,0.03606182150260494,0.03294213842276811
671_T1_R1_vs_R2,natural_variability,8,LShoulder_to_LUArm_rx,LShoulder_to_LUArm,rx,0.0617880111491338,0.05644094553732486,-0.005347065611808942,0.03606182150260494,0.03294213842276811
671_T1_R1_vs_R2,natural_variability,8,LShoulder_to_LUArm_ry,LShoulder_to_LUArm,ry,0.5103536843585301,0.3661086557795555,-0.14424502857897464,0.03606182150260494,0.03294213842276811
671_T1_R1_vs_R2,natural_variability,8,LShoulder_to_LUArm_rz,LShoulder_to_LUArm,rz,0.25450767803352714,0.282967006133568,0.02845932810004087,0.03606182150260494,0.03294213842276811
671_T1_R1_vs_R2,natural_variability,8,LThigh_to_LShin_rx,LThigh_to_LShin,rx,0.15128877718603959,0.04353673252385748,-0.1077520446621821,0.03606182150260494,0.03294213842276811
671_T1_R1_vs_R2,natural_variability,8,LThigh_to_LShin_ry,LThigh_to_LShin,ry,4.105158612896606e-08,2.8551236430992593e-08,-1.250034969797347e-08,0.03606182150260494,0.03294213842276811
671_T1_R1_vs_R2,natural_variability,8,LThigh_to_LShin_rz,LThigh_to_LShin,rz,4.986103562284419e-09,1.032249570185145e-09,-3.953853992099274e-09,0.03606182150260494,0.03294213842276811
671_T1_R1_vs_R2,natural_variability,8,LUArm_to_LFArm_rx,LUArm_to_LFArm,rx,0.41970891046229397,0.46867374296706316,0.048964832504769185,0.03606182150260494,0.03294213842276811
671_T1_R1_vs_R2,natural_variability,8,LUArm_to_LFArm_ry,LUArm_to_LFArm,ry,0.23000190541532123,0.31102734441176083,0.0810254389964396,0.03606182150260494,0.03294213842276811
671_T1_R1_vs_R2,natural_variability,8,LUArm_to_LFArm_rz,LUArm_to_LFArm,rz,0.2667678405920877,0.30174125076851915,0.03497341017643146,0.03606182150260494,0.03294213842276811
671_T1_R1_vs_R2,natural_variability,8,Neck_to_Head_rx,Neck_to_Head,rx,0.013609851227951976,0.01933525674248869,0.005725405514536715,0.03606182150260494,0.03294213842276811
671_T1_R1_vs_R2,natural_variability,8,Neck_to_Head_ry,Neck_to_Head,ry,0.06773053986885048,0.05215879929395166,-0.015571740574898824,0.03606182150260494,0.03294213842276811
671_T1_R1_vs_R2,natural_variability,8,Neck_to_Head_rz,Neck_to_Head,rz,0.012168987632378071,0.015359589685901506,0.0031906020535234347,0.03606182150260494,0.03294213842276811
671_T1_R1_vs_R2,natural_variability,8,RFArm_to_RHand_rx,RFArm_to_RHand,rx,0.09502673004077877,0.06882838693838528,-0.026198343102393495,0.03606182150260494,0.03294213842276811
671_T1_R1_vs_R2,natural_variability,8,RFArm_to_RHand_ry,RFArm_to_RHand,ry,0.11119008199295095,0.07123505436819177,-0.03995502762475918,0.03606182150260494,0.03294213842276811
671_T1_R1_vs_R2,natural_variability,8,RFArm_to_RHand_rz,RFArm_to_RHand,rz,0.017394093789865204,0.07946900809426474,0.06207491430439954,0.03606182150260494,0.03294213842276811
671_T1_R1_vs_R2,natural_variability,8,RShin_to_RFoot_rx,RShin_to_RFoot,rx,0.1817784450721102,0.06995485513810364,-0.11182358993400655,0.03606182150260494,0.03294213842276811
671_T1_R1_vs_R2,natural_variability,8,RShin_to_RFoot_ry,RShin_to_RFoot,ry,0.08024452661847918,0.09821909540394703,0.017974568785467854,0.03606182150260494,0.03294213842276811
671_T1_R1_vs_R2,natural_variability,8,RShin_to_RFoot_rz,RShin_to_RFoot,rz,0.10986133819103393,0.036855673031070894,-0.07300566515996304,0.03606182150260494,0.03294213842276811
671_T1_R1_vs_R2,natural_variability,8,RShoulder_to_RUArm_rx,RShoulder_to_RUArm,rx,0.1043688483066249,0.1447788583664134,0.040410010059788504,0.03606182150260494,0.03294213842276811
671_T1_R1_vs_R2,natural_variability,8,RShoulder_to_RUArm_ry,RShoulder_to_RUArm,ry,0.04318637656976497,0.02224448818285475,-0.02094188838691022,0.03606182150260494,0.03294213842276811
671_T1_R1_vs_R2,natural_variability,8,RShoulder_to_RUArm_rz,RShoulder_to_RUArm,rz,0.09265544773867623,0.08943801319077253,-0.0032174345479036998,0.03606182150260494,0.03294213842276811
671_T1_R1_vs_R2,natural_variability,8,RThigh_to_RShin_rx,RThigh_to_RShin,rx,0.13894255553589274,0.0010723166954711566,-0.1378702388404216,0.03606182150260494,0.03294213842276811
671_T1_R1_vs_R2,natural_variability,8,RThigh_to_RShin_ry,RThigh_to_RShin,ry,9.278161732879312e-09,2.53963293791807e-08,1.6118167646301388e-08,0.03606182150260494,0.03294213842276811
671_T1_R1_vs_R2,natural_variability,8,RThigh_to_RShin_rz,RThigh_to_RShin,rz,9.547498581610113e-10,4.4134246762651096e-09,3.4586748181040983e-09,0.03606182150260494,0.03294213842276811
671_T1_R1_vs_R2,natural_variability,8,RUArm_to_RFArm_rx,RUArm_to_RFArm,rx,0.2467661005863364,0.24424491581194502,-0.002521184774391394,0.03606182150260494,0.03294213842276811
671_T1_R1_vs_R2,natural_variability,8,RUArm_to_RFArm_ry,RUArm_to_RFArm,ry,0.03154883985831141,0.2348079594538446,0.2032591195955332,0.03606182150260494,0.03294213842276811
671_T1_R1_vs_R2,natural_variability,8,RUArm_to_RFArm_rz,RUArm_to_RFArm,rz,0.15920914901978744,0.15635496369440902,-0.0028541853253784277,0.03606182150260494,0.03294213842276811
