comparison_id,kind,pc,feature,link_id,axis,loading_A_abs,loading_B_reprojected_abs,jcvpca_axis,explained_variance_A,explained_variance_B_projected
671_T1_vs_T2,longitudinal,1,Chest_to_LShoulder_rx,Chest_to_LShoulder,rx,0.062132380145362896,0.08435653919628933,0.02222415905092643,0.20811697759988051,0.2529843270624929
671_T1_vs_T2,longitudinal,1,Chest_to_LShoulder_ry,Chest_to_LShoulder,ry,0.022236806448480584,0.02265654522745347,0.00041973877897288556,0.20811697759988051,0.2529843270624929
671_T1_vs_T2,longitudinal,1,Chest_to_LShoulder_rz,Chest_to_LShoulder,rz,0.010315089930739579,0.01718774494940358,0.006872655018664003,0.20811697759988051,0.2529843270624929
671_T1_vs_T2,longitudinal,1,Chest_to_Neck_rx,Chest_to_Neck,rx,0.0037211405463966067,0.03842612917443605,0.034704988628039446,0.20811697759988051,0.2529843270624929
671_T1_vs_T2,longitudinal,1,Chest_to_Neck_ry,Chest_to_Neck,ry,0.008247506474621184,0.007120846760613857,-0.0011266597140073276,0.20811697759988051,0.2529843270624929
671_T1_vs_T2,longitudinal,1,Chest_to_Neck_rz,Chest_to_Neck,rz,0.008417918626243895,0.024997934167936636,0.016580015541692743,0.20811697759988051,0.2529843270624929
671_T1_vs_T2,longitudinal,1,Chest_to_RShoulder_rx,Chest_to_RShoulder,rx,0.006116803021771812,0.0446518578698116,0.03853505484803979,0.20811697759988051,0.2529843270624929
671_T1_vs_T2,longitudinal,1,Chest_to_RShoulder_ry,Chest_to_RShoulder,ry,0.020548570253664928,0.01016937420897032,-0.010379196044694608,0.20811697759988051,0.2529843270624929
671_T1_vs_T2,longitudinal,1,Chest_to_RShoulder_rz,Chest_to_RShoulder,rz,0.01842451755956103,0.07980995855479187,0.061385440995230835,0.20811697759988051,0.2529843270624929
671_T1_vs_T2,longitudinal,1,LFArm_to_LHand_rx,LFArm_to_LHand,rx,0.14350118304789783,0.012997095766713082,-0.13050408728118473,0.20811697759988051,0.2529843270624929
671_T1_vs_T2,longitudinal,1,LFArm_to_LHand_ry,LFArm_to_LHand,ry,0.004964452045066976,0.29052071091262877,0.2855562588675618,0.20811697759988051,0.2529843270624929
671_T1_vs_T2,longitudinal,1,LFArm_to_LHand_rz,LFArm_to_LHand,rz,0.21043977270484007,0.4960739147707839,0.28563414206594384,0.20811697759988051,0.2529843270624929
671_T1_vs_T2,longitudinal,1,LShin_to_LFoot_rx,LShin_to_LFoot,rx,0.05963812638801717,0.0800655685208045,0.020427442132787334,0.20811697759988051,0.2529843270624929
671_T1_vs_T2,longitudinal,1,LShin_to_LFoot_ry,LShin_to_LFoot,ry,0.049397699304879736,0.06605000467917718,0.016652305374297446,0.20811697759988051,0.2529843270624929
671_T1_vs_T2,longitudinal,1,LShin_to_LFoot_rz,LShin_to_LFoot,rz,0.03444223402805305,0.0015655799870657233,-0.03287665404098732,0.20811697759988051,0.2529843270624929
671_T1_vs_T2,longitudinal,1,LShoulder_to_LUArm_rx,LShoulder_to_LUArm,rx,0.19159720297632363,0.23493125502474205,0.04333405204841842,0.20811697759988051,0.2529843270624929
671_T1_vs_T2,longitudinal,1,LShoulder_to_LUArm_ry,LShoulder_to_LUArm,ry,0.06754958091099617,0.008395467161899827,-0.059154113749096335,0.20811697759988051,0.2529843270624929
671_T1_vs_T2,longitudinal,1,LShoulder_to_LUArm_rz,LShoulder_to_LUArm,rz,0.02387047175661262,0.06676400477763918,0.04289353302102655,0.20811697759988051,0.2529843270624929
671_T1_vs_T2,longitudinal,1,LThigh_to_LShin_rx,LThigh_to_LShin,rx,0.08782867507553944,0.08343120037794077,-0.004397474697598672,0.20811697759988051,0.2529843270624929
671_T1_vs_T2,longitudinal,1,LThigh_to_LShin_ry,LThigh_to_LShin,ry,5.517298185268856e-09,4.317457736910173e-10,-5.085552411577839e-09,0.20811697759988051,0.2529843270624929
671_T1_vs_T2,longitudinal,1,LThigh_to_LShin_rz,LThigh_to_LShin,rz,3.8778556543930565e-09,1.1964989558209587e-09,-2.6813566985720978e-09,0.20811697759988051,0.2529843270624929
671_T1_vs_T2,longitudinal,1,LUArm_to_LFArm_rx,LUArm_to_LFArm,rx,0.10053692160927526,0.19418200005904265,0.0936450784497674,0.20811697759988051,0.2529843270624929
671_T1_vs_T2,longitudinal,1,LUArm_to_LFArm_ry,LUArm_to_LFArm,ry,0.7177490614873999,0.23956025818991433,-0.4781888032974856,0.20811697759988051,0.2529843270624929
671_T1_vs_T2,longitudinal,1,LUArm_to_LFArm_rz,LUArm_to_LFArm,rz,0.17396425241876257,0.15628031329204609,-0.01768393912671648,0.20811697759988051,0.2529843270624929
671_T1_vs_T2,longitudinal,1,Neck_to_Head_rx,Neck_to_Head,rx,0.0037211312912186637,0.03842613658230215,0.03470500529108349,0.20811697759988051,0.2529843270624929
671_T1_vs_T2,longitudinal,1,Neck_to_Head_ry,Neck_to_Head,ry,0.008247491126454719,0.00712086812182655,-0.0011266230046281687,0.20811697759988051,0.2529843270624929
671_T1_vs_T2,longitudinal,1,Neck_to_Head_rz,Neck_to_Head,rz,0.008417936611523964,0.0249979373208322,0.016580000709308235,0.20811697759988051,0.2529843270624929
671_T1_vs_T2,longitudinal,1,RFArm_to_RHand_rx,RFArm_to_RHand,rx,0.0856579181882555,0.12775892298737346,0.042101004799117964,0.20811697759988051,0.2529843270624929
671_T1_vs_T2,longitudinal,1,RFArm_to_RHand_ry,RFArm_to_RHand,ry,0.02874067203546056,0.1436095256475519,0.11486885361209133,0.20811697759988051,0.2529843270624929
671_T1_vs_T2,longitudinal,1,RFArm_to_RHand_rz,RFArm_to_RHand,rz,0.13863106454859622,0.49938935471493057,0.3607582901663343,0.20811697759988051,0.2529843270624929
671_T1_vs_T2,longitudinal,1,RShin_to_RFoot_rx,RShin_to_RFoot,rx,0.0776851636261553,0.02828446708438937,-0.049400696541765925,0.20811697759988051,0.2529843270624929
671_T1_vs_T2,longitudinal,1,RShin_to_RFoot_ry,RShin_to_RFoot,ry,0.0016277496877181786,0.010771300374420013,0.009143550686701835,0.20811697759988051,0.2529843270624929
671_T1_vs_T2,longitudinal,1,RShin_to_RFoot_rz,RShin_to_RFoot,rz,0.04639353126119529,0.05674304747904483,0.01034951621784954,0.20811697759988051,0.2529843270624929
671_T1_vs_T2,longitudinal,1,RShoulder_to_RUArm_rx,RShoulder_to_RUArm,rx,0.02296619086070335,0.24181950735675695,0.2188533164960536,0.20811697759988051,0.2529843270624929
671_T1_vs_T2,longitudinal,1,RShoulder_to_RUArm_ry,RShoulder_to_RUArm,ry,0.06964121671744442,0.061920077601558994,-0.007721139115885421,0.20811697759988051,0.2529843270624929
671_T1_vs_T2,longitudinal,1,RShoulder_to_RUArm_rz,RShoulder_to_RUArm,rz,0.024798536610651623,0.08664375979138401,0.06184522318073239,0.20811697759988051,0.2529843270624929
671_T1_vs_T2,longitudinal,1,RThigh_to_RShin_rx,RThigh_to_RShin,rx,0.1375152047768688,0.13774142149910057,0.0002262167222317757,0.20811697759988051,0.2529843270624929
671_T1_vs_T2,longitudinal,1,RThigh_to_RShin_ry,RThigh_to_RShin,ry,4.945589087919156e-09,3.2887659611486826e-08,2.794207052356767e-08,0.20811697759988051,0.2529843270624929
671_T1_vs_T2,longitudinal,1,RThigh_to_RShin_rz,RThigh_to_RShin,rz,2.1122679692329118e-10,2.258650804720189e-08,2.23752812502786e-08,0.20811697759988051,0.2529843270624929
671_T1_vs_T2,longitudinal,1,RUArm_to_RFArm_rx,RUArm_to_RFArm,rx,0.0882926881762309,0.12843195779426753,0.04013926961803663,0.20811697759988051,0.2529843270624929
671_T1_vs_T2,longitudinal,1,RUArm_to_RFArm_ry,RUArm_to_RFArm,ry,0.48248258442323594,0.13994677885728402,-0.3425358055659519,0.20811697759988051,0.2529843270624929
671_T1_vs_T2,longitudinal,1,RUArm_to_RFArm_rz,RUArm_to_RFArm,rz,0.12727196561652482,0.19059182805895264,0.06331986244242782,0.20811697759988051,0.2529843270624929
671_T1_vs_T2,longitudinal,2,Chest_to_LShoulder_rx,Chest_to_LShoulder,rx,0.06754734430672214,0.0541735040352666,-0.013373840271455543,0.17958374645972733,0.17100392253857877
671_T1_vs_T2,longitudinal,2,Chest_to_LShoulder_ry,Chest_to_LShoulder,ry,0.008626836045081144,0.03803216373552147,0.029405327690440325,0.17958374645972733,0.17100392253857877
671_T1_vs_T2,longitudinal,2,Chest_to_LShoulder_rz,Chest_to_LShoulder,rz,0.01705812123627569,0.05032667157383451,0.03326855033755882,0.17958374645972733,0.17100392253857877
671_T1_vs_T2,longitudinal,2,Chest_to_Neck_rx,Chest_to_Neck,rx,0.0010176585643465233,0.0035561315288574324,0.002538472964510909,0.17958374645972733,0.17100392253857877
671_T1_vs_T2,longitudinal,2,Chest_to_Neck_ry,Chest_to_Neck,ry,0.009402775228084904,0.02238275783465525,0.012979982606570347,0.17958374645972733,0.17100392253857877
671_T1_vs_T2,longitudinal,2,Chest_to_Neck_rz,Chest_to_Neck,rz,0.0039164920731966394,0.02150915907671915,0.017592667003522508,0.17958374645972733,0.17100392253857877
671_T1_vs_T2,longitudinal,2,Chest_to_RShoulder_rx,Chest_to_RShoulder,rx,0.05242576974315976,0.028487945783252647,-0.023937823959907113,0.17958374645972733,0.17100392253857877
671_T1_vs_T2,longitudinal,2,Chest_to_RShoulder_ry,Chest_to_RShoulder,ry,0.006100088597841697,0.022349144956055705,0.01624905635821401,0.17958374645972733,0.17100392253857877
671_T1_vs_T2,longitudinal,2,Chest_to_RShoulder_rz,Chest_to_RShoulder,rz,0.08808711316519484,0.023399914049191926,-0.06468719911600292,0.17958374645972733,0.17100392253857877
671_T1_vs_T2,longitudinal,2,LFArm_to_LHand_rx,LFArm_to_LHand,rx,0.14327346154656218,0.14685252253152825,0.003579060984966076,0.17958374645972733,0.17100392253857877
671_T1_vs_T2,longitudinal,2,LFArm_to_LHand_ry,LFArm_to_LHand,ry,0.048004655334978795,0.06033798000956715,0.012333324674588357,0.17958374645972733,0.17100392253857877
671_T1_vs_T2,longitudinal,2,LFArm_to_LHand_rz,LFArm_to_LHand,rz,0.26738546164265137,0.298877687121025,0.03149222547837366,0.17958374645972733,0.17100392253857877
671_T1_vs_T2,longitudinal,2,LShin_to_LFoot_rx,LShin_to_LFoot,rx,0.01604486049668325,0.09182872741258458,0.07578386691590133,0.17958374645972733,0.17100392253857877
671_T1_vs_T2,longitudinal,2,LShin_to_LFoot_ry,LShin_to_LFoot,ry,0.05509633199145587,0.019515182967120057,-0.03558114902433581,0.17958374645972733,0.17100392253857877
671_T1_vs_T2,longitudinal,2,LShin_to_LFoot_rz,LShin_to_LFoot,rz,0.012780298193577774,0.019389599579483347,0.006609301385905573,0.17958374645972733,0.17100392253857877
671_T1_vs_T2,longitudinal,2,LShoulder_to_LUArm_rx,LShoulder_to_LUArm,rx,0.2097169144499122,0.24008349756587327,0.030366583115961077,0.17958374645972733,0.17100392253857877
671_T1_vs_T2,longitudinal,2,LShoulder_to_LUArm_ry,LShoulder_to_LUArm,ry,0.014428975741241346,0.2228155175712036,0.20838654182996225,0.17958374645972733,0.17100392253857877
671_T1_vs_T2,longitudinal,2,LShoulder_to_LUArm_rz,LShoulder_to_LUArm,rz,0.060447696930905216,0.1287584098569746,0.06831071292606938,0.17958374645972733,0.17100392253857877
671_T1_vs_T2,longitudinal,2,LThigh_to_LShin_rx,LThigh_to_LShin,rx,0.028577685976631906,0.23570351731473388,0.20712583133810197,0.17958374645972733,0.17100392253857877
671_T1_vs_T2,longitudinal,2,LThigh_to_LShin_ry,LThigh_to_LShin,ry,1.9595746547238303e-09,5.91879993401027e-09,3.9592252792864395e-09,0.17958374645972733,0.17100392253857877
671_T1_vs_T2,longitudinal,2,LThigh_to_LShin_rz,LThigh_to_LShin,rz,5.718536193269363e-09,9.225858525618991e-10,-4.795950340707464e-09,0.17958374645972733,0.17100392253857877
671_T1_vs_T2,longitudinal,2,LUArm_to_LFArm_rx,LUArm_to_LFArm,rx,0.151637246171349,0.04390820312237949,-0.1077290430489695,0.17958374645972733,0.17100392253857877
671_T1_vs_T2,longitudinal,2,LUArm_to_LFArm_ry,LUArm_to_LFArm,ry,0.22609857712150996,0.29058913244664636,0.0644905553251364,0.17958374645972733,0.17100392253857877
671_T1_vs_T2,longitudinal,2,LUArm_to_LFArm_rz,LUArm_to_LFArm,rz,0.13757377003432752,0.003480064283448573,-0.13409370575087895,0.17958374645972733,0.17100392253857877
671_T1_vs_T2,longitudinal,2,Neck_to_Head_rx,Neck_to_Head,rx,0.0010176650044605247,0.0035561233695509593,0.002538458365090435,0.17958374645972733,0.17100392253857877
671_T1_vs_T2,longitudinal,2,Neck_to_Head_ry,Neck_to_Head,ry,0.009402769574837721,0.022382780472218006,0.012980010897380285,0.17958374645972733,0.17100392253857877
671_T1_vs_T2,longitudinal,2,Neck_to_Head_rz,Neck_to_Head,rz,0.003916485072677803,0.0215091336627354,0.0175926485900576,0.17958374645972733,0.17100392253857877
671_T1_vs_T2,longitudinal,2,RFArm_to_RHand_rx,RFArm_to_RHand,rx,0.35371564435714675,0.014782779347349177,-0.3389328650097976,0.17958374645972733,0.17100392253857877
671_T1_vs_T2,longitudinal,2,RFArm_to_RHand_ry,RFArm_to_RHand,ry,0.10619275801469283,0.0020347355782304004,-0.10415802243646242,0.17958374645972733,0.17100392253857877
671_T1_vs_T2,longitudinal,2,RFArm_to_RHand_rz,RFArm_to_RHand,rz,0.7024718963093284,0.019932914101053113,-0.6825389822082752,0.17958374645972733,0.17100392253857877
671_T1_vs_T2,longitudinal,2,RShin_to_RFoot_rx,RShin_to_RFoot,rx,0.030172400721545787,0.05181920425336226,0.021646803531816475,0.17958374645972733,0.17100392253857877
671_T1_vs_T2,longitudinal,2,RShin_to_RFoot_ry,RShin_to_RFoot,ry,0.013163748174087882,0.05033762560332972,0.037173877429241844,0.17958374645972733,0.17100392253857877
671_T1_vs_T2,longitudinal,2,RShin_to_RFoot_rz,RShin_to_RFoot,rz,0.031213261587315657,0.07476625888507837,0.04355299729776271,0.17958374645972733,0.17100392253857877
671_T1_vs_T2,longitudinal,2,RShoulder_to_RUArm_rx,RShoulder_to_RUArm,rx,0.23867591072284888,0.05595800139697511,-0.18271790932587378,0.17958374645972733,0.17100392253857877
671_T1_vs_T2,longitudinal,2,RShoulder_to_RUArm_ry,RShoulder_to_RUArm,ry,0.004270615303576701,0.14949242975264057,0.14522181444906387,0.17958374645972733,0.17100392253857877
671_T1_vs_T2,longitudinal,2,RShoulder_to_RUArm_rz,RShoulder_to_RUArm,rz,0.06353795826336617,0.09750887837777697,0.0339709201144108,0.17958374645972733,0.17100392253857877
671_T1_vs_T2,longitudinal,2,RThigh_to_RShin_rx,RThigh_to_RShin,rx,0.0002345235453674409,0.23559543527865512,0.2353609117332877,0.17958374645972733,0.17100392253857877
671_T1_vs_T2,longitudinal,2,RThigh_to_RShin_ry,RThigh_to_RShin,ry,4.468521892558844e-09,2.772980972209009e-08,2.326128782953125e-08,0.17958374645972733,0.17100392253857877
671_T1_vs_T2,longitudinal,2,RThigh_to_RShin_rz,RThigh_to_RShin,rz,1.9386640444120432e-08,4.207595512108528e-09,-1.5179044932011905e-08,0.17958374645972733,0.17100392253857877
671_T1_vs_T2,longitudinal,2,RUArm_to_RFArm_rx,RUArm_to_RFArm,rx,0.19160164406042082,0.16459946044163543,-0.027002183618785397,0.17958374645972733,0.17100392253857877
671_T1_vs_T2,longitudinal,2,RUArm_to_RFArm_ry,RUArm_to_RFArm,ry,0.04106740958808555,0.6555002689288544,0.6144328593407689,0.17958374645972733,0.17100392253857877
671_T1_vs_T2,longitudinal,2,RUArm_to_RFArm_rz,RUArm_to_RFArm,rz,0.11617957902085985,0.20261386560107836,0.08643428658021851,0.17958374645972733,0.17100392253857877
671_T1_vs_T2,longitudinal,3,Chest_to_LShoulder_rx,Chest_to_LShoulder,rx,0.0512560994813995,0.06914822944523022,0.017892129963830716,0.13272674044450958,0.16326532123584228
671_T1_vs_T2,longitudinal,3,Chest_to_LShoulder_ry,Chest_to_LShoulder,ry,0.02424071363254536,0.013433176945140108,-0.010807536687405252,0.13272674044450958,0.16326532123584228
671_T1_vs_T2,longitudinal,3,Chest_to_LShoulder_rz,Chest_to_LShoulder,rz,0.026766114098879117,0.01744583807565244,-0.009320276023226676,0.13272674044450958,0.16326532123584228
671_T1_vs_T2,longitudinal,3,Chest_to_Neck_rx,Chest_to_Neck,rx,0.03337936119265471,0.01495407100568143,-0.018425290186973278,0.13272674044450958,0.16326532123584228
671_T1_vs_T2,longitudinal,3,Chest_to_Neck_ry,Chest_to_Neck,ry,0.054590123075378194,0.01947636264961303,-0.03511376042576517,0.13272674044450958,0.16326532123584228
671_T1_vs_T2,longitudinal,3,Chest_to_Neck_rz,Chest_to_Neck,rz,0.05005591111956892,0.025647803516597574,-0.024408107602971345,0.13272674044450958,0.16326532123584228
671_T1_vs_T2,longitudinal,3,Chest_to_RShoulder_rx,Chest_to_RShoulder,rx,0.11013345380930219,0.14362979634657766,0.03349634253727547,0.13272674044450958,0.16326532123584228
671_T1_vs_T2,longitudinal,3,Chest_to_RShoulder_ry,Chest_to_RShoulder,ry,0.03527355996822017,0.03982108318915786,0.0045475232209376965,0.13272674044450958,0.16326532123584228
671_T1_vs_T2,longitudinal,3,Chest_to_RShoulder_rz,Chest_to_RShoulder,rz,0.03772883568111543,0.037932425432174656,0.00020358975105922578,0.13272674044450958,0.16326532123584228
671_T1_vs_T2,longitudinal,3,LFArm_to_LHand_rx,LFArm_to_LHand,rx,0.23481179465606491,0.3102491220255913,0.07543732736952638,0.13272674044450958,0.16326532123584228
671_T1_vs_T2,longitudinal,3,LFArm_to_LHand_ry,LFArm_to_LHand,ry,0.06418390255090053,0.13642917793437118,0.07224527538347064,0.13272674044450958,0.16326532123584228
671_T1_vs_T2,longitudinal,3,LFArm_to_LHand_rz,LFArm_to_LHand,rz,0.33010504111987743,0.43505704827015884,0.10495200715028141,0.13272674044450958,0.16326532123584228
671_T1_vs_T2,longitudinal,3,LShin_to_LFoot_rx,LShin_to_LFoot,rx,0.024296520886437935,0.03268737695280154,0.008390856066363608,0.13272674044450958,0.16326532123584228
671_T1_vs_T2,longitudinal,3,LShin_to_LFoot_ry,LShin_to_LFoot,ry,0.05635149268074686,0.0009984570731822334,-0.055353035607564625,0.13272674044450958,0.16326532123584228
671_T1_vs_T2,longitudinal,3,LShin_to_LFoot_rz,LShin_to_LFoot,rz,0.006743107335984502,0.005605378281801194,-0.0011377290541833085,0.13272674044450958,0.16326532123584228
671_T1_vs_T2,longitudinal,3,LShoulder_to_LUArm_rx,LShoulder_to_LUArm,rx,0.1799517694424174,0.2537764852009078,0.0738247157584904,0.13272674044450958,0.16326532123584228
671_T1_vs_T2,longitudinal,3,LShoulder_to_LUArm_ry,LShoulder_to_LUArm,ry,0.03726768543133068,0.05494808980972185,0.01768040437839117,0.13272674044450958,0.16326532123584228
671_T1_vs_T2,longitudinal,3,LShoulder_to_LUArm_rz,LShoulder_to_LUArm,rz,0.07179907617678058,0.07617203617162688,0.004372959994846298,0.13272674044450958,0.16326532123584228
671_T1_vs_T2,longitudinal,3,LThigh_to_LShin_rx,LThigh_to_LShin,rx,0.11830512908948176,0.11703675062869594,-0.0012683784607858267,0.13272674044450958,0.16326532123584228
671_T1_vs_T2,longitudinal,3,LThigh_to_LShin_ry,LThigh_to_LShin,ry,4.294480303824706e-09,1.1453340757080087e-08,7.158860453255382e-09,0.13272674044450958,0.16326532123584228
671_T1_vs_T2,longitudinal,3,LThigh_to_LShin_rz,LThigh_to_LShin,rz,1.207619879525127e-08,2.709075056575346e-09,-9.367123738675923e-09,0.13272674044450958,0.16326532123584228
671_T1_vs_T2,longitudinal,3,LUArm_to_LFArm_rx,LUArm_to_LFArm,rx,0.008554597359908855,0.06600146174516233,0.057446864385253475,0.13272674044450958,0.16326532123584228
671_T1_vs_T2,longitudinal,3,LUArm_to_LFArm_ry,LUArm_to_LFArm,ry,0.35247587258032814,0.10759190017775375,-0.2448839724025744,0.13272674044450958,0.16326532123584228
671_T1_vs_T2,longitudinal,3,LUArm_to_LFArm_rz,LUArm_to_LFArm,rz,0.046241064168525504,0.046654324374764605,0.0004132602062391008,0.13272674044450958,0.16326532123584228
671_T1_vs_T2,longitudinal,3,Neck_to_Head_rx,Neck_to_Head,rx,0.03337935912669303,0.014954068981090751,-0.018425290145602277,0.13272674044450958,0.16326532123584228
671_T1_vs_T2,longitudinal,3,Neck_to_Head_ry,Neck_to_Head,ry,0.05459013650217377,0.019476378949658,-0.03511375755251577,0.13272674044450958,0.16326532123584228
671_T1_vs_T2,longitudinal,3,Neck_to_Head_rz,Neck_to_Head,rz,0.0500559005761829,0.025647810728863636,-0.024408089847319264,0.13272674044450958,0.16326532123584228
671_T1_vs_T2,longitudinal,3,RFArm_to_RHand_rx,RFArm_to_RHand,rx,0.010031605273681351,0.1488785614170631,0.13884695614338174,0.13272674044450958,0.16326532123584228
671_T1_vs_T2,longitudinal,3,RFArm_to_RHand_ry,RFArm_to_RHand,ry,0.08574702976087566,0.20897547350946874,0.12322844374859308,0.13272674044450958,0.16326532123584228
671_T1_vs_T2,longitudinal,3,RFArm_to_RHand_rz,RFArm_to_RHand,rz,0.17223448892659188,0.06424872307079528,-0.1079857658557966,0.13272674044450958,0.16326532123584228
671_T1_vs_T2,longitudinal,3,RShin_to_RFoot_rx,RShin_to_RFoot,rx,0.02481331768220637,0.04382944714741649,0.01901612946521012,0.13272674044450958,0.16326532123584228
671_T1_vs_T2,longitudinal,3,RShin_to_RFoot_ry,RShin_to_RFoot,ry,0.07481186336472306,0.038243745757418415,-0.03656811760730465,0.13272674044450958,0.16326532123584228
671_T1_vs_T2,longitudinal,3,RShin_to_RFoot_rz,RShin_to_RFoot,rz,0.03858286743130895,0.040982062775049385,0.0023991953437404387,0.13272674044450958,0.16326532123584228
671_T1_vs_T2,longitudinal,3,RShoulder_to_RUArm_rx,RShoulder_to_RUArm,rx,0.29562271978824495,0.37299097994414665,0.0773682601559017,0.13272674044450958,0.16326532123584228
671_T1_vs_T2,longitudinal,3,RShoulder_to_RUArm_ry,RShoulder_to_RUArm,ry,0.11972595609757472,0.1017542511669811,-0.01797170493059362,0.13272674044450958,0.16326532123584228
671_T1_vs_T2,longitudinal,3,RShoulder_to_RUArm_rz,RShoulder_to_RUArm,rz,0.0018600511351941045,0.04290117644116373,0.04104112530596962,0.13272674044450958,0.16326532123584228
671_T1_vs_T2,longitudinal,3,RThigh_to_RShin_rx,RThigh_to_RShin,rx,0.1227851800593181,0.12699550053823522,0.004210320478917118,0.13272674044450958,0.16326532123584228
671_T1_vs_T2,longitudinal,3,RThigh_to_RShin_ry,RThigh_to_RShin,ry,2.6411382334187875e-09,1.5604526416450036e-08,1.2963388183031248e-08,0.13272674044450958,0.16326532123584228
671_T1_vs_T2,longitudinal,3,RThigh_to_RShin_rz,RThigh_to_RShin,rz,1.1928675800046615e-08,1.408018929974258e-08,2.1515134996959652e-09,0.13272674044450958,0.16326532123584228
671_T1_vs_T2,longitudinal,3,RUArm_to_RFArm_rx,RUArm_to_RFArm,rx,0.2554900244363221,0.41113489304740924,0.15564486861108712,0.13272674044450958,0.16326532123584228
671_T1_vs_T2,longitudinal,3,RUArm_to_RFArm_ry,RUArm_to_RFArm,ry,0.5729330552613565,0.1356234572625069,-0.4373095979988496,0.13272674044450958,0.16326532123584228
671_T1_vs_T2,longitudinal,3,RUArm_to_RFArm_rz,RUArm_to_RFArm,rz,0.24800923112217357,0.35831259781820035,0.11030336669602678,0.13272674044450958,0.16326532123584228
671_T1_vs_T2,longitudinal,4,Chest_to_LShoulder_rx,Chest_to_LShoulder,rx,0.023176479063810887,0.016460247853597284,-0.006716231210213603,0.09401402705310148,0.12549292287878122
671_T1_vs_T2,longitudinal,4,Chest_to_LShoulder_ry,Chest_to_LShoulder,ry,0.06300326519889944,0.023315458557793878,-0.039687806641105564,0.09401402705310148,0.12549292287878122
671_T1_vs_T2,longitudinal,4,Chest_to_LShoulder_rz,Chest_to_LShoulder,rz,0.045029723364365754,0.008835204072177999,-0.036194519292187755,0.09401402705310148,0.12549292287878122
671_T1_vs_T2,longitudinal,4,Chest_to_Neck_rx,Chest_to_Neck,rx,0.029151123127883094,0.06687439984055632,0.037723276712673226,0.09401402705310148,0.12549292287878122
671_T1_vs_T2,longitudinal,4,Chest_to_Neck_ry,Chest_to_Neck,ry,0.03464379186374201,0.023134929457526057,-0.011508862406215951,0.09401402705310148,0.12549292287878122
671_T1_vs_T2,longitudinal,4,Chest_to_Neck_rz,Chest_to_Neck,rz,0.03285295808483681,0.004194189163687507,-0.028658768921149304,0.09401402705310148,0.12549292287878122
671_T1_vs_T2,longitudinal,4,Chest_to_RShoulder_rx,Chest_to_RShoulder,rx,0.10179355741976663,0.07176776623552888,-0.030025791184237746,0.09401402705310148,0.12549292287878122
671_T1_vs_T2,longitudinal,4,Chest_to_RShoulder_ry,Chest_to_RShoulder,ry,0.054741119723393884,0.029004619972618988,-0.025736499750774897,0.09401402705310148,0.12549292287878122
671_T1_vs_T2,longitudinal,4,Chest_to_RShoulder_rz,Chest_to_RShoulder,rz,0.019167197593831863,0.051324847117993816,0.03215764952416195,0.09401402705310148,0.12549292287878122
671_T1_vs_T2,longitudinal,4,LFArm_to_LHand_rx,LFArm_to_LHand,rx,0.14650935169492263,0.07894808085988646,-0.06756127083503617,0.09401402705310148,0.12549292287878122
671_T1_vs_T2,longitudinal,4,LFArm_to_LHand_ry,LFArm_to_LHand,ry,0.11488689920941858,0.2065824252564227,0.09169552604700412,0.09401402705310148,0.12549292287878122
671_T1_vs_T2,longitudinal,4,LFArm_to_LHand_rz,LFArm_to_LHand,rz,0.19939948928108625,0.1361187785885727,-0.06328071069251356,0.09401402705310148,0.12549292287878122
671_T1_vs_T2,longitudinal,4,LShin_to_LFoot_rx,LShin_to_LFoot,rx,0.07701683531530268,0.14645176864766768,0.069434933332365,0.09401402705310148,0.12549292287878122
671_T1_vs_T2,longitudinal,4,LShin_to_LFoot_ry,LShin_to_LFoot,ry,0.09764522419663885,0.07163273221116931,-0.026012491985469538,0.09401402705310148,0.12549292287878122
671_T1_vs_T2,longitudinal,4,LShin_to_LFoot_rz,LShin_to_LFoot,rz,0.03372158652922348,0.020940105852325818,-0.012781480676897664,0.09401402705310148,0.12549292287878122
671_T1_vs_T2,longitudinal,4,LShoulder_to_LUArm_rx,LShoulder_to_LUArm,rx,0.1139064758176931,0.0775121229067653,-0.036394352910927796,0.09401402705310148,0.12549292287878122
671_T1_vs_T2,longitudinal,4,LShoulder_to_LUArm_ry,LShoulder_to_LUArm,ry,0.21921320051620208,0.10742620319099962,-0.11178699732520246,0.09401402705310148,0.12549292287878122
671_T1_vs_T2,longitudinal,4,LShoulder_to_LUArm_rz,LShoulder_to_LUArm,rz,0.012568412132084423,0.030310284661258576,0.017741872529174155,0.09401402705310148,0.12549292287878122
671_T1_vs_T2,longitudinal,4,LThigh_to_LShin_rx,LThigh_to_LShin,rx,0.09607179787275859,0.242317406220611,0.14624560834785238,0.09401402705310148,0.12549292287878122
671_T1_vs_T2,longitudinal,4,LThigh_to_LShin_ry,LThigh_to_LShin,ry,4.096952771804584e-09,9.054640237428277e-09,4.957687465623692e-09,0.09401402705310148,0.12549292287878122
671_T1_vs_T2,longitudinal,4,LThigh_to_LShin_rz,LThigh_to_LShin,rz,1.3949942647455017e-08,8.81543383685755e-09,-5.134508810597467e-09,0.09401402705310148,0.12549292287878122
671_T1_vs_T2,longitudinal,4,LUArm_to_LFArm_rx,LUArm_to_LFArm,rx,0.183708200762643,0.3184970828505921,0.1347888820879491,0.09401402705310148,0.12549292287878122
671_T1_vs_T2,longitudinal,4,LUArm_to_LFArm_ry,LUArm_to_LFArm,ry,0.2085125453330459,0.0921933936495433,-0.11631915168350258,0.09401402705310148,0.12549292287878122
671_T1_vs_T2,longitudinal,4,LUArm_to_LFArm_rz,LUArm_to_LFArm,rz,0.18312844340162387,0.23265521852166574,0.04952677512004186,0.09401402705310148,0.12549292287878122
671_T1_vs_T2,longitudinal,4,Neck_to_Head_rx,Neck_to_Head,rx,0.029151135685403257,0.06687441114166055,0.037723275456257296,0.09401402705310148,0.12549292287878122
671_T1_vs_T2,longitudinal,4,Neck_to_Head_ry,Neck_to_Head,ry,0.03464379108276506,0.023134946232181496,-0.011508844850583563,0.09401402705310148,0.12549292287878122
671_T1_vs_T2,longitudinal,4,Neck_to_Head_rz,Neck_to_Head,rz,0.032852938477184,0.004194161497094071,-0.02865877698008993,0.09401402705310148,0.12549292287878122
671_T1_vs_T2,longitudinal,4,RFArm_to_RHand_rx,RFArm_to_RHand,rx,0.021548509315542107,0.18396590556309914,0.16241739624755702,0.09401402705310148,0.12549292287878122
671_T1_vs_T2,longitudinal,4,RFArm_to_RHand_ry,RFArm_to_RHand,ry,0.05595401289714913,0.10528571834246261,0.049331705445313484,0.09401402705310148,0.12549292287878122
671_T1_vs_T2,longitudinal,4,RFArm_to_RHand_rz,RFArm_to_RHand,rz,0.23125579887070496,0.4762069250142043,0.24495112614349934,0.09401402705310148,0.12549292287878122
671_T1_vs_T2,longitudinal,4,RShin_to_RFoot_rx,RShin_to_RFoot,rx,0.1399425760521228,0.08600852633046033,-0.053934049721662464,0.09401402705310148,0.12549292287878122
671_T1_vs_T2,longitudinal,4,RShin_to_RFoot_ry,RShin_to_RFoot,ry,0.03726448535220173,0.01352571585223583,-0.023738769499965902,0.09401402705310148,0.12549292287878122
671_T1_vs_T2,longitudinal,4,RShin_to_RFoot_rz,RShin_to_RFoot,rz,0.08689565838648082,0.08010118983442778,-0.00679446855205304,0.09401402705310148,0.12549292287878122
671_T1_vs_T2,longitudinal,4,RShoulder_to_RUArm_rx,RShoulder_to_RUArm,rx,0.3116022556726878,0.24455447371146907,-0.06704778196121872,0.09401402705310148,0.12549292287878122
671_T1_vs_T2,longitudinal,4,RShoulder_to_RUArm_ry,RShoulder_to_RUArm,ry,0.23260906911452986,0.1532996887261161,-0.07930938038841376,0.09401402705310148,0.12549292287878122
671_T1_vs_T2,longitudinal,4,RShoulder_to_RUArm_rz,RShoulder_to_RUArm,rz,0.06896846386759689,0.025627281158895784,-0.043341182708701104,0.09401402705310148,0.12549292287878122
671_T1_vs_T2,longitudinal,4,RThigh_to_RShin_rx,RThigh_to_RShin,rx,0.28553656139301914,0.36928877742758776,0.08375221603456862,0.09401402705310148,0.12549292287878122
671_T1_vs_T2,longitudinal,4,RThigh_to_RShin_ry,RThigh_to_RShin,ry,1.0030235400382798e-08,2.4874155485976092e-08,1.4843920085593294e-08,0.09401402705310148,0.12549292287878122
671_T1_vs_T2,longitudinal,4,RThigh_to_RShin_rz,RThigh_to_RShin,rz,7.458565355773786e-09,9.145360939595044e-09,1.6867955838212586e-09,0.09401402705310148,0.12549292287878122
671_T1_vs_T2,longitudinal,4,RUArm_to_RFArm_rx,RUArm_to_RFArm,rx,0.1303650556338882,0.10371119921745636,-0.026653856416431837,0.09401402705310148,0.12549292287878122
671_T1_vs_T2,longitudinal,4,RUArm_to_RFArm_ry,RUArm_to_RFArm,ry,0.5880977426680344,0.34882088006406947,-0.2392768626039649,0.09401402705310148,0.12549292287878122
671_T1_vs_T2,longitudinal,4,RUArm_to_RFArm_rz,RUArm_to_RFArm,rz,0.12382300170945604,0.07908045177137817,-0.04474254993807787,0.09401402705310148,0.12549292287878122
671_T1_vs_T2,longitudinal,5,Chest_to_LShoulder_rx,Chest_to_LShoulder,rx,0.011133759486369488,0.03730080558429385,0.026167046097924362,0.058113258008600434,0.09141456130264146
671_T1_vs_T2,longitudinal,5,Chest_to_LShoulder_ry,Chest_to_LShoulder,ry,0.07778536817625863,0.03434624306725931,-0.04343912510899932,0.058113258008600434,0.09141456130264146
671_T1_vs_T2,longitudinal,5,Chest_to_LShoulder_rz,Chest_to_LShoulder,rz,0.06620957435249353,0.06272026638374709,-0.0034893079687464412,0.058113258008600434,0.09141456130264146
671_T1_vs_T2,longitudinal,5,Chest_to_Neck_rx,Chest_to_Neck,rx,0.002343714534719263,0.03165941924314709,0.029315704708427825,0.058113258008600434,0.09141456130264146
671_T1_vs_T2,longitudinal,5,Chest_to_Neck_ry,Chest_to_Neck,ry,0.00976493951192878,0.03053336060857024,0.02076842109664146,0.058113258008600434,0.09141456130264146
671_T1_vs_T2,longitudinal,5,Chest_to_Neck_rz,Chest_to_Neck,rz,0.022482851274734043,0.040111382205379555,0.017628530930645512,0.058113258008600434,0.09141456130264146
671_T1_vs_T2,longitudinal,5,Chest_to_RShoulder_rx,Chest_to_RShoulder,rx,0.05694267903472661,0.08662816184011969,0.029685482805393078,0.058113258008600434,0.09141456130264146
671_T1_vs_T2,longitudinal,5,Chest_to_RShoulder_ry,Chest_to_RShoulder,ry,0.07400953367985963,0.05349740736287514,-0.020512126316984486,0.058113258008600434,0.09141456130264146
671_T1_vs_T2,longitudinal,5,Chest_to_RShoulder_rz,Chest_to_RShoulder,rz,0.0631026245592507,0.022017379123990034,-0.04108524543526067,0.058113258008600434,0.09141456130264146
671_T1_vs_T2,longitudinal,5,LFArm_to_LHand_rx,LFArm_to_LHand,rx,0.18482474324976036,0.14641888777614187,-0.038405855473618494,0.058113258008600434,0.09141456130264146
671_T1_vs_T2,longitudinal,5,LFArm_to_LHand_ry,LFArm_to_LHand,ry,0.21862930641115186,0.22051459988614483,0.0018852934749929717,0.058113258008600434,0.09141456130264146
671_T1_vs_T2,longitudinal,5,LFArm_to_LHand_rz,LFArm_to_LHand,rz,0.23102540184591303,0.09391918589093108,-0.13710621595498196,0.058113258008600434,0.09141456130264146
671_T1_vs_T2,longitudinal,5,LShin_to_LFoot_rx,LShin_to_LFoot,rx,0.1330735333719894,0.14118227383852977,0.008108740466540365,0.058113258008600434,0.09141456130264146
671_T1_vs_T2,longitudinal,5,LShin_to_LFoot_ry,LShin_to_LFoot,ry,0.05313135060069058,0.11206095759367173,0.058929606992981144,0.058113258008600434,0.09141456130264146
671_T1_vs_T2,longitudinal,5,LShin_to_LFoot_rz,LShin_to_LFoot,rz,0.01003571965763819,0.0021771027987970543,-0.007858616858841136,0.058113258008600434,0.09141456130264146
671_T1_vs_T2,longitudinal,5,LShoulder_to_LUArm_rx,LShoulder_to_LUArm,rx,0.16418808908879734,0.08975051928049443,-0.0744375698083029,0.058113258008600434,0.09141456130264146
671_T1_vs_T2,longitudinal,5,LShoulder_to_LUArm_ry,LShoulder_to_LUArm,ry,0.43910179307082675,0.34015310423751965,-0.0989486888333071,0.058113258008600434,0.09141456130264146
671_T1_vs_T2,longitudinal,5,LShoulder_to_LUArm_rz,LShoulder_to_LUArm,rz,0.13226597679191662,0.06771717889738539,-0.06454879789453123,0.058113258008600434,0.09141456130264146
671_T1_vs_T2,longitudinal,5,LThigh_to_LShin_rx,LThigh_to_LShin,rx,0.2894093131958701,0.24788846703482595,-0.04152084616104415,0.058113258008600434,0.09141456130264146
671_T1_vs_T2,longitudinal,5,LThigh_to_LShin_ry,LThigh_to_LShin,ry,4.244710890862059e-09,1.0233433289632072e-08,5.988722398770014e-09,0.058113258008600434,0.09141456130264146
671_T1_vs_T2,longitudinal,5,LThigh_to_LShin_rz,LThigh_to_LShin,rz,1.9662163998170078e-08,2.4370475334850602e-08,4.708311336680523e-09,0.058113258008600434,0.09141456130264146
671_T1_vs_T2,longitudinal,5,LUArm_to_LFArm_rx,LUArm_to_LFArm,rx,0.20344269320687627,0.3055240866804821,0.10208139347360581,0.058113258008600434,0.09141456130264146
671_T1_vs_T2,longitudinal,5,LUArm_to_LFArm_ry,LUArm_to_LFArm,ry,0.23796278428640638,0.07676677328647832,-0.16119601099992806,0.058113258008600434,0.09141456130264146
671_T1_vs_T2,longitudinal,5,LUArm_to_LFArm_rz,LUArm_to_LFArm,rz,0.2169455988226608,0.26221291220021214,0.045267313377551355,0.058113258008600434,0.09141456130264146
671_T1_vs_T2,longitudinal,5,Neck_to_Head_rx,Neck_to_Head,rx,0.0023437164386928325,0.03165939237377966,0.02931567593508683,0.058113258008600434,0.09141456130264146
671_T1_vs_T2,longitudinal,5,Neck_to_Head_ry,Neck_to_Head,ry,0.009764947875295579,0.03053336234242614,0.020768414467130562,0.058113258008600434,0.09141456130264146
671_T1_vs_T2,longitudinal,5,Neck_to_Head_rz,Neck_to_Head,rz,0.022482843315667734,0.04011138748189039,0.017628544166222653,0.058113258008600434,0.09141456130264146
671_T1_vs_T2,longitudinal,5,RFArm_to_RHand_rx,RFArm_to_RHand,rx,0.08788137115960787,0.16910504547932445,0.08122367431971658,0.058113258008600434,0.09141456130264146
671_T1_vs_T2,longitudinal,5,RFArm_to_RHand_ry,RFArm_to_RHand,ry,0.07462928433251025,0.046876226538665695,-0.02775305779384455,0.058113258008600434,0.09141456130264146
671_T1_vs_T2,longitudinal,5,RFArm_to_RHand_rz,RFArm_to_RHand,rz,0.22278704880571384,0.28129177689100526,0.05850472808529142,0.058113258008600434,0.09141456130264146
671_T1_vs_T2,longitudinal,5,RShin_to_RFoot_rx,RShin_to_RFoot,rx,0.059688251193201765,0.07968500968818473,0.019996758494982968,0.058113258008600434,0.09141456130264146
671_T1_vs_T2,longitudinal,5,RShin_to_RFoot_ry,RShin_to_RFoot,ry,0.03155488930207735,0.011957772244268047,-0.019597117057809303,0.058113258008600434,0.09141456130264146
671_T1_vs_T2,longitudinal,5,RShin_to_RFoot_rz,RShin_to_RFoot,rz,0.1210579545176232,0.11959758749493861,-0.0014603670226845944,0.058113258008600434,0.09141456130264146
671_T1_vs_T2,longitudinal,5,RShoulder_to_RUArm_rx,RShoulder_to_RUArm,rx,0.15384886179343754,0.19738446490582873,0.043535603112391186,0.058113258008600434,0.09141456130264146
671_T1_vs_T2,longitudinal,5,RShoulder_to_RUArm_ry,RShoulder_to_RUArm,ry,0.2962989027328253,0.06908073552393487,-0.2272181672088904,0.058113258008600434,0.09141456130264146
671_T1_vs_T2,longitudinal,5,RShoulder_to_RUArm_rz,RShoulder_to_RUArm,rz,0.01644464366541392,0.028198415183163086,0.011753771517749166,0.058113258008600434,0.09141456130264146
671_T1_vs_T2,longitudinal,5,RThigh_to_RShin_rx,RThigh_to_RShin,rx,0.39803391263664095,0.3531772585298599,-0.044856654106781024,0.058113258008600434,0.09141456130264146
671_T1_vs_T2,longitudinal,5,RThigh_to_RShin_ry,RThigh_to_RShin,ry,5.384853056225352e-08,1.0047335877822714e-08,-4.3801194684430804e-08,0.058113258008600434,0.09141456130264146
671_T1_vs_T2,longitudinal,5,RThigh_to_RShin_rz,RThigh_to_RShin,rz,2.3145743512265835e-09,6.4194996568764954e-09,4.104925305649912e-09,0.058113258008600434,0.09141456130264146
671_T1_vs_T2,longitudinal,5,RUArm_to_RFArm_rx,RUArm_to_RFArm,rx,0.02734603899472623,0.02589306907144079,-0.001452969923285443,0.058113258008600434,0.09141456130264146
671_T1_vs_T2,longitudinal,5,RUArm_to_RFArm_ry,RUArm_to_RFArm,ry,0.005128102256005799,0.4491418441610194,0.4440137419050136,0.058113258008600434,0.09141456130264146
671_T1_vs_T2,longitudinal,5,RUArm_to_RFArm_rz,RUArm_to_RFArm,rz,0.019606608084149508,0.06334509674463469,0.043738488660485186,0.058113258008600434,0.09141456130264146
671_T1_vs_T2,longitudinal,6,Chest_to_LShoulder_rx,Chest_to_LShoulder,rx,0.08212045247154744,0.035633929627246555,-0.04648652284430088,0.05031247987248657,0.06897042385008009
671_T1_vs_T2,longitudinal,6,Chest_to_LShoulder_ry,Chest_to_LShoulder,ry,0.034085724551845116,0.047251533808508675,0.013165809256663559,0.05031247987248657,0.06897042385008009
671_T1_vs_T2,longitudinal,6,Chest_to_LShoulder_rz,Chest_to_LShoulder,rz,0.004408580119088104,0.03939364888285088,0.034985068763762776,0.05031247987248657,0.06897042385008009
671_T1_vs_T2,longitudinal,6,Chest_to_Neck_rx,Chest_to_Neck,rx,0.010722328616775776,0.04565067858548164,0.03492834996870586,0.05031247987248657,0.06897042385008009
671_T1_vs_T2,longitudinal,6,Chest_to_Neck_ry,Chest_to_Neck,ry,0.0050150755138402905,0.05499818280823147,0.04998310729439118,0.05031247987248657,0.06897042385008009
671_T1_vs_T2,longitudinal,6,Chest_to_Neck_rz,Chest_to_Neck,rz,0.0005477354701161338,0.032710508463228455,0.03216277299311232,0.05031247987248657,0.06897042385008009
671_T1_vs_T2,longitudinal,6,Chest_to_RShoulder_rx,Chest_to_RShoulder,rx,0.08989757824007873,0.07494516445213192,-0.014952413787946803,0.05031247987248657,0.06897042385008009
671_T1_vs_T2,longitudinal,6,Chest_to_RShoulder_ry,Chest_to_RShoulder,ry,0.027176013900625056,0.02751334709962895,0.0003373331990038954,0.05031247987248657,0.06897042385008009
671_T1_vs_T2,longitudinal,6,Chest_to_RShoulder_rz,Chest_to_RShoulder,rz,0.09645057972462197,0.01613986804457415,-0.08031071168004782,0.05031247987248657,0.06897042385008009
671_T1_vs_T2,longitudinal,6,LFArm_to_LHand_rx,LFArm_to_LHand,rx,0.1201001921385929,0.109768560936936,-0.010331631201656893,0.05031247987248657,0.06897042385008009
671_T1_vs_T2,longitudinal,6,LFArm_to_LHand_ry,LFArm_to_LHand,ry,0.143074380042572,0.004033690788817192,-0.13904068925375482,0.05031247987248657,0.06897042385008009
671_T1_vs_T2,longitudinal,6,LFArm_to_LHand_rz,LFArm_to_LHand,rz,0.5314097324038891,0.023070666317761987,-0.5083390660861271,0.05031247987248657,0.06897042385008009
671_T1_vs_T2,longitudinal,6,LShin_to_LFoot_rx,LShin_to_LFoot,rx,0.04879619461781676,0.00818043684003951,-0.04061575777777725,0.05031247987248657,0.06897042385008009
671_T1_vs_T2,longitudinal,6,LShin_to_LFoot_ry,LShin_to_LFoot,ry,0.0349389376901536,0.06658414372912635,0.03164520603897276,0.05031247987248657,0.06897042385008009
671_T1_vs_T2,longitudinal,6,LShin_to_LFoot_rz,LShin_to_LFoot,rz,0.004758202066748618,0.017850947764967914,0.013092745698219296,0.05031247987248657,0.06897042385008009
671_T1_vs_T2,longitudinal,6,LShoulder_to_LUArm_rx,LShoulder_to_LUArm,rx,0.2408563655757801,0.05601008613092138,-0.18484627944485874,0.05031247987248657,0.06897042385008009
671_T1_vs_T2,longitudinal,6,LShoulder_to_LUArm_ry,LShoulder_to_LUArm,ry,0.16451456100463813,0.3549130114046952,0.1903984504000571,0.05031247987248657,0.06897042385008009
671_T1_vs_T2,longitudinal,6,LShoulder_to_LUArm_rz,LShoulder_to_LUArm,rz,0.1426000476841023,0.08304490609168662,-0.05955514159241569,0.05031247987248657,0.06897042385008009
671_T1_vs_T2,longitudinal,6,LThigh_to_LShin_rx,LThigh_to_LShin,rx,0.09078720004473964,0.10918608662385398,0.018398886579114343,0.05031247987248657,0.06897042385008009
671_T1_vs_T2,longitudinal,6,LThigh_to_LShin_ry,LThigh_to_LShin,ry,7.008368582728152e-09,9.501411891186671e-09,2.493043308458519e-09,0.05031247987248657,0.06897042385008009
671_T1_vs_T2,longitudinal,6,LThigh_to_LShin_rz,LThigh_to_LShin,rz,1.0931597350495158e-08,2.2674231216948266e-10,-1.0704855038325676e-08,0.05031247987248657,0.06897042385008009
671_T1_vs_T2,longitudinal,6,LUArm_to_LFArm_rx,LUArm_to_LFArm,rx,0.14060976996055002,0.03877448199219334,-0.10183528796835668,0.05031247987248657,0.06897042385008009
671_T1_vs_T2,longitudinal,6,LUArm_to_LFArm_ry,LUArm_to_LFArm,ry,0.23869937356507098,0.798229609789238,0.559530236224167,0.05031247987248657,0.06897042385008009
671_T1_vs_T2,longitudinal,6,LUArm_to_LFArm_rz,LUArm_to_LFArm,rz,0.08746465602308856,0.15180745164952492,0.06434279562643636,0.05031247987248657,0.06897042385008009
671_T1_vs_T2,longitudinal,6,Neck_to_Head_rx,Neck_to_Head,rx,0.010722318672119856,0.04565069879426635,0.034928380122146496,0.05031247987248657,0.06897042385008009
671_T1_vs_T2,longitudinal,6,Neck_to_Head_ry,Neck_to_Head,ry,0.00501503118639981,0.0549981740482376,0.04998314286183779,0.05031247987248657,0.06897042385008009
671_T1_vs_T2,longitudinal,6,Neck_to_Head_rz,Neck_to_Head,rz,0.0005477440998837492,0.03271049362855446,0.03216274952867071,0.05031247987248657,0.06897042385008009
671_T1_vs_T2,longitudinal,6,RFArm_to_RHand_rx,RFArm_to_RHand,rx,0.17581244997055065,0.05710618039851462,-0.11870626957203603,0.05031247987248657,0.06897042385008009
671_T1_vs_T2,longitudinal,6,RFArm_to_RHand_ry,RFArm_to_RHand,ry,0.23429550861305862,0.08770691731743098,-0.14658859129562762,0.05031247987248657,0.06897042385008009
671_T1_vs_T2,longitudinal,6,RFArm_to_RHand_rz,RFArm_to_RHand,rz,0.11192987854216815,0.018614999171246076,-0.09331487937092207,0.05031247987248657,0.06897042385008009
671_T1_vs_T2,longitudinal,6,RShin_to_RFoot_rx,RShin_to_RFoot,rx,0.0480011745120575,0.03754588213959263,-0.01045529237246487,0.05031247987248657,0.06897042385008009
671_T1_vs_T2,longitudinal,6,RShin_to_RFoot_ry,RShin_to_RFoot,ry,0.037992862010200176,0.07985351475362008,0.04186065274341991,0.05031247987248657,0.06897042385008009
671_T1_vs_T2,longitudinal,6,RShin_to_RFoot_rz,RShin_to_RFoot,rz,0.02279150285148615,0.03163301082627225,0.008841507974786098,0.05031247987248657,0.06897042385008009
671_T1_vs_T2,longitudinal,6,RShoulder_to_RUArm_rx,RShoulder_to_RUArm,rx,0.20172145867987668,0.14624946518996879,-0.05547199348990789,0.05031247987248657,0.06897042385008009
671_T1_vs_T2,longitudinal,6,RShoulder_to_RUArm_ry,RShoulder_to_RUArm,ry,0.07019767290974835,0.13596232642154998,0.06576465351180164,0.05031247987248657,0.06897042385008009
671_T1_vs_T2,longitudinal,6,RShoulder_to_RUArm_rz,RShoulder_to_RUArm,rz,0.2015824880461258,0.12783742199099277,-0.07374506605513304,0.05031247987248657,0.06897042385008009
671_T1_vs_T2,longitudinal,6,RThigh_to_RShin_rx,RThigh_to_RShin,rx,0.044586707458334596,0.08212766650061833,0.03754095904228373,0.05031247987248657,0.06897042385008009
671_T1_vs_T2,longitudinal,6,RThigh_to_RShin_ry,RThigh_to_RShin,ry,2.7720576023777063e-08,2.8061848759324613e-08,3.412727355475496e-10,0.05031247987248657,0.06897042385008009
671_T1_vs_T2,longitudinal,6,RThigh_to_RShin_rz,RThigh_to_RShin,rz,1.239885621519029e-08,9.471645013051706e-11,-1.2304139765059772e-08,0.05031247987248657,0.06897042385008009
671_T1_vs_T2,longitudinal,6,RUArm_to_RFArm_rx,RUArm_to_RFArm,rx,0.3948856599534765,0.1496772733248477,-0.24520838662862882,0.05031247987248657,0.06897042385008009
671_T1_vs_T2,longitudinal,6,RUArm_to_RFArm_ry,RUArm_to_RFArm,ry,0.08533659541096239,0.1857759540066162,0.10043935859565381,0.05031247987248657,0.06897042385008009
671_T1_vs_T2,longitudinal,6,RUArm_to_RFArm_rz,RUArm_to_RFArm,rz,0.3172447949977282,0.09452093992905557,-0.2227238550686726,0.05031247987248657,0.06897042385008009
671_T1_vs_T2,longitudinal,7,Chest_to_LShoulder_rx,Chest_to_LShoulder,rx,0.005991420393813737,0.05209843992060647,0.046107019526792734,0.03774522992901622,0.052063322427188835
671_T1_vs_T2,longitudinal,7,Chest_to_LShoulder_ry,Chest_to_LShoulder,ry,0.010994065361147762,0.002223833235036482,-0.00877023212611128,0.03774522992901622,0.052063322427188835
671_T1_vs_T2,longitudinal,7,Chest_to_LShoulder_rz,Chest_to_LShoulder,rz,0.059980953843010165,0.17502911343793412,0.11504815959492395,0.03774522992901622,0.052063322427188835
671_T1_vs_T2,longitudinal,7,Chest_to_Neck_rx,Chest_to_Neck,rx,0.04986270732443166,0.014995895941219603,-0.03486681138321206,0.03774522992901622,0.052063322427188835
671_T1_vs_T2,longitudinal,7,Chest_to_Neck_ry,Chest_to_Neck,ry,0.024416973411092165,0.006221828984723341,-0.018195144426368826,0.03774522992901622,0.052063322427188835
671_T1_vs_T2,longitudinal,7,Chest_to_Neck_rz,Chest_to_Neck,rz,0.02880254131232444,0.004825394410414704,-0.02397714690190974,0.03774522992901622,0.052063322427188835
671_T1_vs_T2,longitudinal,7,Chest_to_RShoulder_rx,Chest_to_RShoulder,rx,0.17303847750317947,0.053107875431627025,-0.11993060207155244,0.03774522992901622,0.052063322427188835
671_T1_vs_T2,longitudinal,7,Chest_to_RShoulder_ry,Chest_to_RShoulder,ry,0.014350945450940213,0.0016189425154118336,-0.01273200293552838,0.03774522992901622,0.052063322427188835
671_T1_vs_T2,longitudinal,7,Chest_to_RShoulder_rz,Chest_to_RShoulder,rz,0.20121169633679284,0.09753968432905609,-0.10367201200773675,0.03774522992901622,0.052063322427188835
671_T1_vs_T2,longitudinal,7,LFArm_to_LHand_rx,LFArm_to_LHand,rx,0.2472844328225109,0.10689058695278032,-0.14039384586973058,0.03774522992901622,0.052063322427188835
671_T1_vs_T2,longitudinal,7,LFArm_to_LHand_ry,LFArm_to_LHand,ry,0.36413968438656713,0.10881173268647673,-0.25532795170009037,0.03774522992901622,0.052063322427188835
671_T1_vs_T2,longitudinal,7,LFArm_to_LHand_rz,LFArm_to_LHand,rz,0.21676133350047225,0.2155030839055469,-0.001258249594925348,0.03774522992901622,0.052063322427188835
671_T1_vs_T2,longitudinal,7,LShin_to_LFoot_rx,LShin_to_LFoot,rx,0.05957347531177844,0.07134507331294607,0.01177159800116763,0.03774522992901622,0.052063322427188835
671_T1_vs_T2,longitudinal,7,LShin_to_LFoot_ry,LShin_to_LFoot,ry,0.036475477811406,0.006929241150906996,-0.029546236660499,0.03774522992901622,0.052063322427188835
671_T1_vs_T2,longitudinal,7,LShin_to_LFoot_rz,LShin_to_LFoot,rz,0.03793438149339548,0.03601772406805341,-0.0019166574253420693,0.03774522992901622,0.052063322427188835
671_T1_vs_T2,longitudinal,7,LShoulder_to_LUArm_rx,LShoulder_to_LUArm,rx,0.04064796640774048,0.024002648106778587,-0.016645318300961894,0.03774522992901622,0.052063322427188835
671_T1_vs_T2,longitudinal,7,LShoulder_to_LUArm_ry,LShoulder_to_LUArm,ry,0.3311785248985695,0.01963161736792457,-0.31154690753064496,0.03774522992901622,0.052063322427188835
671_T1_vs_T2,longitudinal,7,LShoulder_to_LUArm_rz,LShoulder_to_LUArm,rz,0.2442590127050279,0.37195524206763886,0.12769622936261096,0.03774522992901622,0.052063322427188835
671_T1_vs_T2,longitudinal,7,LThigh_to_LShin_rx,LThigh_to_LShin,rx,0.10181593229886632,0.05123992151815117,-0.05057601078071515,0.03774522992901622,0.052063322427188835
671_T1_vs_T2,longitudinal,7,LThigh_to_LShin_ry,LThigh_to_LShin,ry,1.2252332820513765e-08,1.2914879898104683e-08,6.625470775909181e-10,0.03774522992901622,0.052063322427188835
671_T1_vs_T2,longitudinal,7,LThigh_to_LShin_rz,LThigh_to_LShin,rz,1.837223494854471e-09,1.3244316840940584e-08,1.1407093346086114e-08,0.03774522992901622,0.052063322427188835
671_T1_vs_T2,longitudinal,7,LUArm_to_LFArm_rx,LUArm_to_LFArm,rx,0.2081040163236463,0.3592960846732042,0.15119206834955787,0.03774522992901622,0.052063322427188835
671_T1_vs_T2,longitudinal,7,LUArm_to_LFArm_ry,LUArm_to_LFArm,ry,0.1137678197601113,0.0320151481417286,-0.0817526716183827,0.03774522992901622,0.052063322427188835
671_T1_vs_T2,longitudinal,7,LUArm_to_LFArm_rz,LUArm_to_LFArm,rz,0.19116591209282816,0.2674896213309376,0.07632370923810947,0.03774522992901622,0.052063322427188835
671_T1_vs_T2,longitudinal,7,Neck_to_Head_rx,Neck_to_Head,rx,0.049862741167129236,0.01499588672909094,-0.034866854438038296,0.03774522992901622,0.052063322427188835
671_T1_vs_T2,longitudinal,7,Neck_to_Head_ry,Neck_to_Head,ry,0.02441697061295044,0.006221812410584074,-0.018195158202366366,0.03774522992901622,0.052063322427188835
671_T1_vs_T2,longitudinal,7,Neck_to_Head_rz,Neck_to_Head,rz,0.02880255072474285,0.004825417541550444,-0.023977133183192403,0.03774522992901622,0.052063322427188835
671_T1_vs_T2,longitudinal,7,RFArm_to_RHand_rx,RFArm_to_RHand,rx,0.016824800704608994,0.2747993100153553,0.2579745093107463,0.03774522992901622,0.052063322427188835
671_T1_vs_T2,longitudinal,7,RFArm_to_RHand_ry,RFArm_to_RHand,ry,0.11960403537502245,0.2100880592806327,0.09048402390561025,0.03774522992901622,0.052063322427188835
671_T1_vs_T2,longitudinal,7,RFArm_to_RHand_rz,RFArm_to_RHand,rz,0.1258846805671403,0.19435726816724525,0.06847258760010494,0.03774522992901622,0.052063322427188835
671_T1_vs_T2,longitudinal,7,RShin_to_RFoot_rx,RShin_to_RFoot,rx,0.09072127369200428,0.10067212292165865,0.009950849229654377,0.03774522992901622,0.052063322427188835
671_T1_vs_T2,longitudinal,7,RShin_to_RFoot_ry,RShin_to_RFoot,ry,0.07656795476361827,0.0005628001602507164,-0.07600515460336756,0.03774522992901622,0.052063322427188835
671_T1_vs_T2,longitudinal,7,RShin_to_RFoot_rz,RShin_to_RFoot,rz,0.04110914445716244,0.0647566920455729,0.023647547588410457,0.03774522992901622,0.052063322427188835
671_T1_vs_T2,longitudinal,7,RShoulder_to_RUArm_rx,RShoulder_to_RUArm,rx,0.2683172443711952,0.09234403428561042,-0.17597321008558478,0.03774522992901622,0.052063322427188835
671_T1_vs_T2,longitudinal,7,RShoulder_to_RUArm_ry,RShoulder_to_RUArm,ry,0.013781510961569229,0.08028856953428529,0.06650705857271606,0.03774522992901622,0.052063322427188835
671_T1_vs_T2,longitudinal,7,RShoulder_to_RUArm_rz,RShoulder_to_RUArm,rz,0.4716660141289534,0.22715538286692075,-0.24451063126203268,0.03774522992901622,0.052063322427188835
671_T1_vs_T2,longitudinal,7,RThigh_to_RShin_rx,RThigh_to_RShin,rx,0.19565015235373595,0.2100625934752278,0.014412441121491842,0.03774522992901622,0.052063322427188835
671_T1_vs_T2,longitudinal,7,RThigh_to_RShin_ry,RThigh_to_RShin,ry,1.1285953439051535e-08,2.2638706573605726e-08,1.1352753134554191e-08,0.03774522992901622,0.052063322427188835
671_T1_vs_T2,longitudinal,7,RThigh_to_RShin_rz,RThigh_to_RShin,rz,1.4871213867005319e-08,6.9545651748574205e-09,-7.916648692147898e-09,0.03774522992901622,0.052063322427188835
671_T1_vs_T2,longitudinal,7,RUArm_to_RFArm_rx,RUArm_to_RFArm,rx,0.011215337572961321,0.2840851452520519,0.2728698076790906,0.03774522992901622,0.052063322427188835
671_T1_vs_T2,longitudinal,7,RUArm_to_RFArm_ry,RUArm_to_RFArm,ry,0.022822073130839362,0.3450365829263545,0.32221450979551514,0.03774522992901622,0.052063322427188835
671_T1_vs_T2,longitudinal,7,RUArm_to_RFArm_rz,RUArm_to_RFArm,rz,0.12955255694538872,0.227543311145931,0.09799075420054226,0.03774522992901622,0.052063322427188835
671_T1_vs_T2,longitudinal,8,Chest_to_LShoulder_rx,Chest_to_LShoulder,rx,0.03668393266384324,0.09300421377119274,0.0563202811073495,0.033418628683326644,0.04717819003116949
671_T1_vs_T2,longitudinal,8,Chest_to_LShoulder_ry,Chest_to_LShoulder,ry,0.051150605586925184,0.06448556633758885,0.01333496075066367,0.033418628683326644,0.04717819003116949
671_T1_vs_T2,longitudinal,8,Chest_to_LShoulder_rz,Chest_to_LShoulder,rz,0.13561971292541689,0.06656733179203345,-0.06905238113338344,0.033418628683326644,0.04717819003116949
671_T1_vs_T2,longitudinal,8,Chest_to_Neck_rx,Chest_to_Neck,rx,0.06928268225367283,0.11352620765213833,0.0442435253984655,0.033418628683326644,0.04717819003116949
671_T1_vs_T2,longitudinal,8,Chest_to_Neck_ry,Chest_to_Neck,ry,0.014745212513121699,0.012790940701157279,-0.00195427181196442,0.033418628683326644,0.04717819003116949
671_T1_vs_T2,longitudinal,8,Chest_to_Neck_rz,Chest_to_Neck,rz,0.006772188995228247,0.025455993087990854,0.01868380409276261,0.033418628683326644,0.04717819003116949
671_T1_vs_T2,longitudinal,8,Chest_to_RShoulder_rx,Chest_to_RShoulder,rx,0.009759055320996876,0.10026551790962095,0.09050646258862408,0.033418628683326644,0.04717819003116949
671_T1_vs_T2,longitudinal,8,Chest_to_RShoulder_ry,Chest_to_RShoulder,ry,0.05434849029119283,0.050540463425504493,-0.0038080268656883395,0.033418628683326644,0.04717819003116949
671_T1_vs_T2,longitudinal,8,Chest_to_RShoulder_rz,Chest_to_RShoulder,rz,0.1491344201172722,0.17272590660891185,0.02359148649163964,0.033418628683326644,0.04717819003116949
671_T1_vs_T2,longitudinal,8,LFArm_to_LHand_rx,LFArm_to_LHand,rx,0.02711530671712087,0.17892983704352514,0.15181453032640427,0.033418628683326644,0.04717819003116949
671_T1_vs_T2,longitudinal,8,LFArm_to_LHand_ry,LFArm_to_LHand,ry,0.1294003715959018,0.13290046152389834,0.0035000899279965525,0.033418628683326644,0.04717819003116949
671_T1_vs_T2,longitudinal,8,LFArm_to_LHand_rz,LFArm_to_LHand,rz,0.05640809386299181,0.20559726883217633,0.14918917496918452,0.033418628683326644,0.04717819003116949
671_T1_vs_T2,longitudinal,8,LShin_to_LFoot_rx,LShin_to_LFoot,rx,0.00450891688309143,0.10382953276794878,0.09932061588485734,0.033418628683326644,0.04717819003116949
671_T1_vs_T2,longitudinal,8,LShin_to_LFoot_ry,LShin_to_LFoot,ry,0.009827935951475004,0.008142397522708357,-0.0016855384287666475,0.033418628683326644,0.04717819003116949
671_T1_vs_T2,longitudinal,8,LShin_to_LFoot_rz,LShin_to_LFoot,rz,0.03394325349393534,0.0046612566707015315,-0.029281996823233805,0.033418628683326644,0.04717819003116949
671_T1_vs_T2,longitudinal,8,LShoulder_to_LUArm_rx,LShoulder_to_LUArm,rx,0.01107064879553036,0.23409895678792048,0.22302830799239012,0.033418628683326644,0.04717819003116949
671_T1_vs_T2,longitudinal,8,LShoulder_to_LUArm_ry,LShoulder_to_LUArm,ry,0.23022811333494084,0.3150301052744427,0.08480199193950186,0.033418628683326644,0.04717819003116949
671_T1_vs_T2,longitudinal,8,LShoulder_to_LUArm_rz,LShoulder_to_LUArm,rz,0.32468938117106505,0.3137211717529579,-0.010968209418107167,0.033418628683326644,0.04717819003116949
671_T1_vs_T2,longitudinal,8,LThigh_to_LShin_rx,LThigh_to_LShin,rx,0.14898345707840116,0.07224512129867143,-0.07673833577972973,0.033418628683326644,0.04717819003116949
671_T1_vs_T2,longitudinal,8,LThigh_to_LShin_ry,LThigh_to_LShin,ry,2.0534799196068937e-08,9.71667611630784e-09,-1.0818123079761097e-08,0.033418628683326644,0.04717819003116949
671_T1_vs_T2,longitudinal,8,LThigh_to_LShin_rz,LThigh_to_LShin,rz,4.110972559103823e-09,1.1559370215754987e-08,7.448397656651163e-09,0.033418628683326644,0.04717819003116949
671_T1_vs_T2,longitudinal,8,LUArm_to_LFArm_rx,LUArm_to_LFArm,rx,0.4814668642781744,0.12281122911657048,-0.3586556351616039,0.033418628683326644,0.04717819003116949
671_T1_vs_T2,longitudinal,8,LUArm_to_LFArm_ry,LUArm_to_LFArm,ry,0.2509147608595055,0.34758035246712043,0.09666559160761495,0.033418628683326644,0.04717819003116949
671_T1_vs_T2,longitudinal,8,LUArm_to_LFArm_rz,LUArm_to_LFArm,rz,0.3102778306296397,0.16005447167996736,-0.15022335894967234,0.033418628683326644,0.04717819003116949
671_T1_vs_T2,longitudinal,8,Neck_to_Head_rx,Neck_to_Head,rx,0.06928270668462841,0.11352623353908256,0.04424352685445415,0.033418628683326644,0.04717819003116949
671_T1_vs_T2,longitudinal,8,Neck_to_Head_ry,Neck_to_Head,ry,0.014745207797092893,0.012790921423272567,-0.0019542863738203266,0.033418628683326644,0.04717819003116949
671_T1_vs_T2,longitudinal,8,Neck_to_Head_rz,Neck_to_Head,rz,0.006772224088304712,0.02545598963435952,0.01868376554605481,0.033418628683326644,0.04717819003116949
671_T1_vs_T2,longitudinal,8,RFArm_to_RHand_rx,RFArm_to_RHand,rx,0.1524220292813184,0.12304543724841534,-0.029376592032903062,0.033418628683326644,0.04717819003116949
671_T1_vs_T2,longitudinal,8,RFArm_to_RHand_ry,RFArm_to_RHand,ry,0.2049242165288782,0.05115647672431498,-0.15376773980456324,0.033418628683326644,0.04717819003116949
671_T1_vs_T2,longitudinal,8,RFArm_to_RHand_rz,RFArm_to_RHand,rz,0.10881965190220214,0.280651826274591,0.17183217437238887,0.033418628683326644,0.04717819003116949
671_T1_vs_T2,longitudinal,8,RShin_to_RFoot_rx,RShin_to_RFoot,rx,0.09558252091915172,0.058990578586295736,-0.03659194233285598,0.033418628683326644,0.04717819003116949
671_T1_vs_T2,longitudinal,8,RShin_to_RFoot_ry,RShin_to_RFoot,ry,0.008203148134540641,0.029172818945139234,0.02096967081059859,0.033418628683326644,0.04717819003116949
671_T1_vs_T2,longitudinal,8,RShin_to_RFoot_rz,RShin_to_RFoot,rz,0.060731051113760336,0.05192459328154509,-0.008806457832215245,0.033418628683326644,0.04717819003116949
671_T1_vs_T2,longitudinal,8,RShoulder_to_RUArm_rx,RShoulder_to_RUArm,rx,0.08234707120143082,0.12368570819770139,0.041338636996270564,0.033418628683326644,0.04717819003116949
671_T1_vs_T2,longitudinal,8,RShoulder_to_RUArm_ry,RShoulder_to_RUArm,ry,0.05311682533927787,0.16162933310804095,0.10851250776876309,0.033418628683326644,0.04717819003116949
671_T1_vs_T2,longitudinal,8,RShoulder_to_RUArm_rz,RShoulder_to_RUArm,rz,0.2500075099892039,0.38017551199276395,0.13016800200356005,0.033418628683326644,0.04717819003116949
671_T1_vs_T2,longitudinal,8,RThigh_to_RShin_rx,RThigh_to_RShin,rx,0.13160023129044437,0.2636785654747611,0.13207833418431672,0.033418628683326644,0.04717819003116949
671_T1_vs_T2,longitudinal,8,RThigh_to_RShin_ry,RThigh_to_RShin,ry,9.8432986610037e-09,8.574787943337411e-09,-1.268510717666289e-09,0.033418628683326644,0.04717819003116949
671_T1_vs_T2,longitudinal,8,RThigh_to_RShin_rz,RThigh_to_RShin,rz,1.1690981702518649e-08,1.1586868884025861e-08,-1.0411281849278729e-10,0.033418628683326644,0.04717819003116949
671_T1_vs_T2,longitudinal,8,RUArm_to_RFArm_rx,RUArm_to_RFArm,rx,0.27376612858717875,0.1687961809163501,-0.10496994767082865,0.033418628683326644,0.04717819003116949
671_T1_vs_T2,longitudinal,8,RUArm_to_RFArm_ry,RUArm_to_RFArm,ry,0.19541696002266398,0.005424659771540959,-0.18999230025112301,0.033418628683326644,0.04717819003116949
671_T1_vs_T2,longitudinal,8,RUArm_to_RFArm_rz,RUArm_to_RFArm,rz,0.2366217473172751,0.05787855107519354,-0.17874319624208154,0.033418628683326644,0.04717819003116949
671_T1_vs_T2,longitudinal,9,Chest_to_LShoulder_rx,Chest_to_LShoulder,rx,0.11710731538891296,0.06650191026271704,-0.05060540512619592,0.03258356229652441,0.027627008673224915
671_T1_vs_T2,longitudinal,9,Chest_to_LShoulder_ry,Chest_to_LShoulder,ry,0.11697942089260417,0.13601554878549765,0.01903612789289348,0.03258356229652441,0.027627008673224915
671_T1_vs_T2,longitudinal,9,Chest_to_LShoulder_rz,Chest_to_LShoulder,rz,0.1260895193881881,0.0408767764998227,-0.0852127428883654,0.03258356229652441,0.027627008673224915
671_T1_vs_T2,longitudinal,9,Chest_to_Neck_rx,Chest_to_Neck,rx,0.23301358982000506,0.20321570606427172,-0.029797883755733334,0.03258356229652441,0.027627008673224915
671_T1_vs_T2,longitudinal,9,Chest_to_Neck_ry,Chest_to_Neck,ry,0.01892063276609044,0.0017773963976316046,-0.017143236368458836,0.03258356229652441,0.027627008673224915
671_T1_vs_T2,longitudinal,9,Chest_to_Neck_rz,Chest_to_Neck,rz,0.014084402044872121,0.011729247077106559,-0.002355154967765562,0.03258356229652441,0.027627008673224915
671_T1_vs_T2,longitudinal,9,Chest_to_RShoulder_rx,Chest_to_RShoulder,rx,0.05576353549547442,0.12315856795874404,0.06739503246326961,0.03258356229652441,0.027627008673224915
671_T1_vs_T2,longitudinal,9,Chest_to_RShoulder_ry,Chest_to_RShoulder,ry,0.08660089545858882,0.11121976261356857,0.024618867154979754,0.03258356229652441,0.027627008673224915
671_T1_vs_T2,longitudinal,9,Chest_to_RShoulder_rz,Chest_to_RShoulder,rz,0.06536540922257199,0.19771287184588215,0.13234746262331015,0.03258356229652441,0.027627008673224915
671_T1_vs_T2,longitudinal,9,LFArm_to_LHand_rx,LFArm_to_LHand,rx,0.2168756180604503,0.2721663693838396,0.05529075132338929,0.03258356229652441,0.027627008673224915
671_T1_vs_T2,longitudinal,9,LFArm_to_LHand_ry,LFArm_to_LHand,ry,0.17994350226296804,0.2053311663060444,0.025387664043076352,0.03258356229652441,0.027627008673224915
671_T1_vs_T2,longitudinal,9,LFArm_to_LHand_rz,LFArm_to_LHand,rz,0.08662133247812927,0.12908903269717575,0.042467700219046486,0.03258356229652441,0.027627008673224915
671_T1_vs_T2,longitudinal,9,LShin_to_LFoot_rx,LShin_to_LFoot,rx,0.23251101936771876,0.12176515873875147,-0.11074586062896728,0.03258356229652441,0.027627008673224915
671_T1_vs_T2,longitudinal,9,LShin_to_LFoot_ry,LShin_to_LFoot,ry,0.05766216389771007,0.0005938085892641671,-0.0570683553084459,0.03258356229652441,0.027627008673224915
671_T1_vs_T2,longitudinal,9,LShin_to_LFoot_rz,LShin_to_LFoot,rz,0.03230840317083036,0.06164295129990194,0.029334548129071575,0.03258356229652441,0.027627008673224915
671_T1_vs_T2,longitudinal,9,LShoulder_to_LUArm_rx,LShoulder_to_LUArm,rx,0.24666222082518605,0.15433869844085502,-0.09232352238433103,0.03258356229652441,0.027627008673224915
671_T1_vs_T2,longitudinal,9,LShoulder_to_LUArm_ry,LShoulder_to_LUArm,ry,0.23477217498164604,0.2937998978019818,0.05902772282033575,0.03258356229652441,0.027627008673224915
671_T1_vs_T2,longitudinal,9,LShoulder_to_LUArm_rz,LShoulder_to_LUArm,rz,0.2536159407507112,0.027600029250162358,-0.22601591150054884,0.03258356229652441,0.027627008673224915
671_T1_vs_T2,longitudinal,9,LThigh_to_LShin_rx,LThigh_to_LShin,rx,0.40919757924280314,0.328046206422574,-0.08115137282022916,0.03258356229652441,0.027627008673224915
671_T1_vs_T2,longitudinal,9,LThigh_to_LShin_ry,LThigh_to_LShin,ry,6.39509980267382e-10,2.063366849999025e-09,1.4238568697316432e-09,0.03258356229652441,0.027627008673224915
671_T1_vs_T2,longitudinal,9,LThigh_to_LShin_rz,LThigh_to_LShin,rz,8.893035834134355e-09,1.816810174837582e-09,-7.076225659296772e-09,0.03258356229652441,0.027627008673224915
671_T1_vs_T2,longitudinal,9,LUArm_to_LFArm_rx,LUArm_to_LFArm,rx,0.016254687319937795,0.13787465050689743,0.12161996318695964,0.03258356229652441,0.027627008673224915
671_T1_vs_T2,longitudinal,9,LUArm_to_LFArm_ry,LUArm_to_LFArm,ry,0.05747397369358772,0.0013247299838311595,-0.05614924370975656,0.03258356229652441,0.027627008673224915
671_T1_vs_T2,longitudinal,9,LUArm_to_LFArm_rz,LUArm_to_LFArm,rz,0.016381548879970693,0.05435944543070774,0.03797789655073705,0.03258356229652441,0.027627008673224915
671_T1_vs_T2,longitudinal,9,Neck_to_Head_rx,Neck_to_Head,rx,0.2330135925406716,0.20321570767555172,-0.02979788486511989,0.03258356229652441,0.027627008673224915
671_T1_vs_T2,longitudinal,9,Neck_to_Head_ry,Neck_to_Head,ry,0.018920653094844912,0.0017774225641556847,-0.017143230530689228,0.03258356229652441,0.027627008673224915
671_T1_vs_T2,longitudinal,9,Neck_to_Head_rz,Neck_to_Head,rz,0.014084400092090279,0.011729239222388508,-0.002355160869701771,0.03258356229652441,0.027627008673224915
671_T1_vs_T2,longitudinal,9,RFArm_to_RHand_rx,RFArm_to_RHand,rx,0.0064815275605507585,0.012086909168066023,0.005605381607515264,0.03258356229652441,0.027627008673224915
671_T1_vs_T2,longitudinal,9,RFArm_to_RHand_ry,RFArm_to_RHand,ry,0.046654856409188525,0.09746001679007836,0.050805160380889836,0.03258356229652441,0.027627008673224915
671_T1_vs_T2,longitudinal,9,RFArm_to_RHand_rz,RFArm_to_RHand,rz,0.014660222416469087,0.0958931671296563,0.08123294471318722,0.03258356229652441,0.027627008673224915
671_T1_vs_T2,longitudinal,9,RShin_to_RFoot_rx,RShin_to_RFoot,rx,0.007385593381031634,0.12749436004382567,0.12010876666279403,0.03258356229652441,0.027627008673224915
671_T1_vs_T2,longitudinal,9,RShin_to_RFoot_ry,RShin_to_RFoot,ry,0.061081102226962954,0.08714949687042314,0.02606839464346019,0.03258356229652441,0.027627008673224915
671_T1_vs_T2,longitudinal,9,RShin_to_RFoot_rz,RShin_to_RFoot,rz,0.08135219280506202,0.015416979454012745,-0.06593521335104928,0.03258356229652441,0.027627008673224915
671_T1_vs_T2,longitudinal,9,RShoulder_to_RUArm_rx,RShoulder_to_RUArm,rx,0.1244223831232549,0.23640491725695692,0.11198253413370202,0.03258356229652441,0.027627008673224915
671_T1_vs_T2,longitudinal,9,RShoulder_to_RUArm_ry,RShoulder_to_RUArm,ry,0.3938862493028714,0.45642400870995714,0.06253775940708572,0.03258356229652441,0.027627008673224915
671_T1_vs_T2,longitudinal,9,RShoulder_to_RUArm_rz,RShoulder_to_RUArm,rz,0.0673134687915095,0.32716788541595027,0.25985441662444075,0.03258356229652441,0.027627008673224915
671_T1_vs_T2,longitudinal,9,RThigh_to_RShin_rx,RThigh_to_RShin,rx,0.3766252550004058,0.035625769319572606,-0.34099948568083316,0.03258356229652441,0.027627008673224915
671_T1_vs_T2,longitudinal,9,RThigh_to_RShin_ry,RThigh_to_RShin,ry,3.4134945795935585e-08,3.1974059081401535e-08,-2.1608867145340503e-09,0.03258356229652441,0.027627008673224915
671_T1_vs_T2,longitudinal,9,RThigh_to_RShin_rz,RThigh_to_RShin,rz,3.228794676974735e-08,3.3161097417819425e-08,8.731506480720734e-10,0.03258356229652441,0.027627008673224915
671_T1_vs_T2,longitudinal,9,RUArm_to_RFArm_rx,RUArm_to_RFArm,rx,0.07065978769121568,0.08876959526826571,0.018109807577050024,0.03258356229652441,0.027627008673224915
671_T1_vs_T2,longitudinal,9,RUArm_to_RFArm_ry,RUArm_to_RFArm,ry,0.019362969057328337,0.10160317509427863,0.08224020603695029,0.03258356229652441,0.027627008673224915
671_T1_vs_T2,longitudinal,9,RUArm_to_RFArm_rz,RUArm_to_RFArm,rz,0.00010599363846632134,0.01571672095925493,0.015610727320788607,0.03258356229652441,0.027627008673224915
671_T1_vs_T3,longitudinal,1,Chest_to_LShoulder_rx,Chest_to_LShoulder,rx,0.062132380145362896,0.006193504260898927,-0.055938875884463966,0.20811697759988051,0.2949647228402753
671_T1_vs_T3,longitudinal,1,Chest_to_LShoulder_ry,Chest_to_LShoulder,ry,0.022236806448480584,0.025946034434242794,0.0037092279857622104,0.20811697759988051,0.2949647228402753
671_T1_vs_T3,longitudinal,1,Chest_to_LShoulder_rz,Chest_to_LShoulder,rz,0.010315089930739579,0.10065883252115741,0.09034374259041783,0.20811697759988051,0.2949647228402753
671_T1_vs_T3,longitudinal,1,Chest_to_Neck_rx,Chest_to_Neck,rx,0.0037211405463966067,0.005613989058311405,0.0018928485119147982,0.20811697759988051,0.2949647228402753
671_T1_vs_T3,longitudinal,1,Chest_to_Neck_ry,Chest_to_Neck,ry,0.008247506474621184,0.012022048852079222,0.0037745423774580376,0.20811697759988051,0.2949647228402753
671_T1_vs_T3,longitudinal,1,Chest_to_Neck_rz,Chest_to_Neck,rz,0.008417918626243895,0.01785447317787008,0.009436554551626184,0.20811697759988051,0.2949647228402753
671_T1_vs_T3,longitudinal,1,Chest_to_RShoulder_rx,Chest_to_RShoulder,rx,0.006116803021771812,0.002271176756633847,-0.0038456262651379654,0.20811697759988051,0.2949647228402753
671_T1_vs_T3,longitudinal,1,Chest_to_RShoulder_ry,Chest_to_RShoulder,ry,0.020548570253664928,0.03415328400441248,0.013604713750747555,0.20811697759988051,0.2949647228402753
671_T1_vs_T3,longitudinal,1,Chest_to_RShoulder_rz,Chest_to_RShoulder,rz,0.01842451755956103,0.01582389507563323,-0.002600622483927801,0.20811697759988051,0.2949647228402753
671_T1_vs_T3,longitudinal,1,LFArm_to_LHand_rx,LFArm_to_LHand,rx,0.14350118304789783,0.432820931742927,0.2893197486950292,0.20811697759988051,0.2949647228402753
671_T1_vs_T3,longitudinal,1,LFArm_to_LHand_ry,LFArm_to_LHand,ry,0.004964452045066976,0.4171317611188313,0.41216730907376437,0.20811697759988051,0.2949647228402753
671_T1_vs_T3,longitudinal,1,LFArm_to_LHand_rz,LFArm_to_LHand,rz,0.21043977270484007,0.24886408549297984,0.038424312788139764,0.20811697759988051,0.2949647228402753
671_T1_vs_T3,longitudinal,1,LShin_to_LFoot_rx,LShin_to_LFoot,rx,0.05963812638801717,0.002272249209571505,-0.057365877178445664,0.20811697759988051,0.2949647228402753
671_T1_vs_T3,longitudinal,1,LShin_to_LFoot_ry,LShin_to_LFoot,ry,0.049397699304879736,0.021833290523559905,-0.02756440878131983,0.20811697759988051,0.2949647228402753
671_T1_vs_T3,longitudinal,1,LShin_to_LFoot_rz,LShin_to_LFoot,rz,0.03444223402805305,0.017099237652532098,-0.01734299637552095,0.20811697759988051,0.2949647228402753
671_T1_vs_T3,longitudinal,1,LShoulder_to_LUArm_rx,LShoulder_to_LUArm,rx,0.19159720297632363,0.15954475374557556,-0.03205244923074807,0.20811697759988051,0.2949647228402753
671_T1_vs_T3,longitudinal,1,LShoulder_to_LUArm_ry,LShoulder_to_LUArm,ry,0.06754958091099617,0.0016894051770538303,-0.06586017573394233,0.20811697759988051,0.2949647228402753
671_T1_vs_T3,longitudinal,1,LShoulder_to_LUArm_rz,LShoulder_to_LUArm,rz,0.02387047175661262,0.18049874964320675,0.15662827788659414,0.20811697759988051,0.2949647228402753
671_T1_vs_T3,longitudinal,1,LThigh_to_LShin_rx,LThigh_to_LShin,rx,0.08782867507553944,0.007367826038146256,-0.08046084903739319,0.20811697759988051,0.2949647228402753
671_T1_vs_T3,longitudinal,1,LThigh_to_LShin_ry,LThigh_to_LShin,ry,5.517298185268856e-09,5.937252523668795e-09,4.199543383999385e-10,0.20811697759988051,0.2949647228402753
671_T1_vs_T3,longitudinal,1,LThigh_to_LShin_rz,LThigh_to_LShin,rz,3.8778556543930565e-09,1.1253453032082715e-09,-2.752510351184785e-09,0.20811697759988051,0.2949647228402753
671_T1_vs_T3,longitudinal,1,LUArm_to_LFArm_rx,LUArm_to_LFArm,rx,0.10053692160927526,0.42405535289525176,0.3235184312859765,0.20811697759988051,0.2949647228402753
671_T1_vs_T3,longitudinal,1,LUArm_to_LFArm_ry,LUArm_to_LFArm,ry,0.7177490614873999,0.4080808749961651,-0.30966818649123484,0.20811697759988051,0.2949647228402753
671_T1_vs_T3,longitudinal,1,LUArm_to_LFArm_rz,LUArm_to_LFArm,rz,0.17396425241876257,0.3019724216289919,0.12800816921022934,0.20811697759988051,0.2949647228402753
671_T1_vs_T3,longitudinal,1,Neck_to_Head_rx,Neck_to_Head,rx,0.0037211312912186637,0.005613960479221066,0.0018928291880024022,0.20811697759988051,0.2949647228402753
671_T1_vs_T3,longitudinal,1,Neck_to_Head_ry,Neck_to_Head,ry,0.008247491126454719,0.012022040799638605,0.0037745496731838857,0.20811697759988051,0.2949647228402753
671_T1_vs_T3,longitudinal,1,Neck_to_Head_rz,Neck_to_Head,rz,0.008417936611523964,0.017854479646841233,0.009436543035317269,0.20811697759988051,0.2949647228402753
671_T1_vs_T3,longitudinal,1,RFArm_to_RHand_rx,RFArm_to_RHand,rx,0.0856579181882555,0.03514920454032828,-0.050508713647927216,0.20811697759988051,0.2949647228402753
671_T1_vs_T3,longitudinal,1,RFArm_to_RHand_ry,RFArm_to_RHand,ry,0.02874067203546056,0.10663124688155007,0.07789057484608951,0.20811697759988051,0.2949647228402753
671_T1_vs_T3,longitudinal,1,RFArm_to_RHand_rz,RFArm_to_RHand,rz,0.13863106454859622,0.008934577285433872,-0.12969648726316235,0.20811697759988051,0.2949647228402753
671_T1_vs_T3,longitudinal,1,RShin_to_RFoot_rx,RShin_to_RFoot,rx,0.0776851636261553,0.0011390574245194844,-0.07654610620163581,0.20811697759988051,0.2949647228402753
671_T1_vs_T3,longitudinal,1,RShin_to_RFoot_ry,RShin_to_RFoot,ry,0.0016277496877181786,0.03979556091678289,0.038167811229064715,0.20811697759988051,0.2949647228402753
671_T1_vs_T3,longitudinal,1,RShin_to_RFoot_rz,RShin_to_RFoot,rz,0.04639353126119529,0.01063531060110733,-0.03575822066008796,0.20811697759988051,0.2949647228402753
671_T1_vs_T3,longitudinal,1,RShoulder_to_RUArm_rx,RShoulder_to_RUArm,rx,0.02296619086070335,0.04755227881280476,0.024586087952101408,0.20811697759988051,0.2949647228402753
671_T1_vs_T3,longitudinal,1,RShoulder_to_RUArm_ry,RShoulder_to_RUArm,ry,0.06964121671744442,0.15111173050205495,0.08147051378461054,0.20811697759988051,0.2949647228402753
671_T1_vs_T3,longitudinal,1,RShoulder_to_RUArm_rz,RShoulder_to_RUArm,rz,0.024798536610651623,0.00808147796899082,-0.0167170586416608,0.20811697759988051,0.2949647228402753
671_T1_vs_T3,longitudinal,1,RThigh_to_RShin_rx,RThigh_to_RShin,rx,0.1375152047768688,0.006733397810898684,-0.1307818069659701,0.20811697759988051,0.2949647228402753
671_T1_vs_T3,longitudinal,1,RThigh_to_RShin_ry,RThigh_to_RShin,ry,4.945589087919156e-09,4.9232913888842054e-08,4.42873248009229e-08,0.20811697759988051,0.2949647228402753
671_T1_vs_T3,longitudinal,1,RThigh_to_RShin_rz,RThigh_to_RShin,rz,2.1122679692329118e-10,1.3602749401734172e-09,1.149048143250126e-09,0.20811697759988051,0.2949647228402753
671_T1_vs_T3,longitudinal,1,RUArm_to_RFArm_rx,RUArm_to_RFArm,rx,0.0882926881762309,0.014390286362422742,-0.07390240181380815,0.20811697759988051,0.2949647228402753
671_T1_vs_T3,longitudinal,1,RUArm_to_RFArm_ry,RUArm_to_RFArm,ry,0.48248258442323594,0.15339427676691636,-0.3290883076563196,0.20811697759988051,0.2949647228402753
671_T1_vs_T3,longitudinal,1,RUArm_to_RFArm_rz,RUArm_to_RFArm,rz,0.12727196561652482,0.061198672510464826,-0.06607329310606,0.20811697759988051,0.2949647228402753
671_T1_vs_T3,longitudinal,2,Chest_to_LShoulder_rx,Chest_to_LShoulder,rx,0.06754734430672214,0.0828038420257447,0.015256497719022558,0.17958374645972733,0.15886164220919552
671_T1_vs_T3,longitudinal,2,Chest_to_LShoulder_ry,Chest_to_LShoulder,ry,0.008626836045081144,0.04196732037605299,0.033340484330971844,0.17958374645972733,0.15886164220919552
671_T1_vs_T3,longitudinal,2,Chest_to_LShoulder_rz,Chest_to_LShoulder,rz,0.01705812123627569,0.037734960863191405,0.020676839626915716,0.17958374645972733,0.15886164220919552
671_T1_vs_T3,longitudinal,2,Chest_to_Neck_rx,Chest_to_Neck,rx,0.0010176585643465233,0.025531338544393916,0.024513679980047394,0.17958374645972733,0.15886164220919552
671_T1_vs_T3,longitudinal,2,Chest_to_Neck_ry,Chest_to_Neck,ry,0.009402775228084904,0.026356556602879964,0.01695378137479506,0.17958374645972733,0.15886164220919552
671_T1_vs_T3,longitudinal,2,Chest_to_Neck_rz,Chest_to_Neck,rz,0.0039164920731966394,0.03449189623310324,0.0305754041599066,0.17958374645972733,0.15886164220919552
671_T1_vs_T3,longitudinal,2,Chest_to_RShoulder_rx,Chest_to_RShoulder,rx,0.05242576974315976,0.036396674858958575,-0.016029094884201185,0.17958374645972733,0.15886164220919552
671_T1_vs_T3,longitudinal,2,Chest_to_RShoulder_ry,Chest_to_RShoulder,ry,0.006100088597841697,0.0022405044751633847,-0.0038595841226783125,0.17958374645972733,0.15886164220919552
671_T1_vs_T3,longitudinal,2,Chest_to_RShoulder_rz,Chest_to_RShoulder,rz,0.08808711316519484,0.03865026638243348,-0.049436846782761355,0.17958374645972733,0.15886164220919552
671_T1_vs_T3,longitudinal,2,LFArm_to_LHand_rx,LFArm_to_LHand,rx,0.14327346154656218,0.21767266779542527,0.07439920624886309,0.17958374645972733,0.15886164220919552
671_T1_vs_T3,longitudinal,2,LFArm_to_LHand_ry,LFArm_to_LHand,ry,0.048004655334978795,0.11378350238514987,0.06577884705017106,0.17958374645972733,0.15886164220919552
671_T1_vs_T3,longitudinal,2,LFArm_to_LHand_rz,LFArm_to_LHand,rz,0.26738546164265137,0.5859637574481462,0.31857829580549485,0.17958374645972733,0.15886164220919552
671_T1_vs_T3,longitudinal,2,LShin_to_LFoot_rx,LShin_to_LFoot,rx,0.01604486049668325,0.12478939403136137,0.10874453353467811,0.17958374645972733,0.15886164220919552
671_T1_vs_T3,longitudinal,2,LShin_to_LFoot_ry,LShin_to_LFoot,ry,0.05509633199145587,0.030149383309807824,-0.024946948681648044,0.17958374645972733,0.15886164220919552
671_T1_vs_T3,longitudinal,2,LShin_to_LFoot_rz,LShin_to_LFoot,rz,0.012780298193577774,0.0025675977201123517,-0.010212700473465423,0.17958374645972733,0.15886164220919552
671_T1_vs_T3,longitudinal,2,LShoulder_to_LUArm_rx,LShoulder_to_LUArm,rx,0.2097169144499122,0.23143188371335782,0.021714969263445627,0.17958374645972733,0.15886164220919552
671_T1_vs_T3,longitudinal,2,LShoulder_to_LUArm_ry,LShoulder_to_LUArm,ry,0.014428975741241346,0.16204682184219837,0.14761784610095702,0.17958374645972733,0.15886164220919552
671_T1_vs_T3,longitudinal,2,LShoulder_to_LUArm_rz,LShoulder_to_LUArm,rz,0.060447696930905216,0.1882770277175466,0.12782933078664138,0.17958374645972733,0.15886164220919552
671_T1_vs_T3,longitudinal,2,LThigh_to_LShin_rx,LThigh_to_LShin,rx,0.028577685976631906,0.29459371098675496,0.26601602501012306,0.17958374645972733,0.15886164220919552
671_T1_vs_T3,longitudinal,2,LThigh_to_LShin_ry,LThigh_to_LShin,ry,1.9595746547238303e-09,4.2989092125012966e-09,2.3393345577774663e-09,0.17958374645972733,0.15886164220919552
671_T1_vs_T3,longitudinal,2,LThigh_to_LShin_rz,LThigh_to_LShin,rz,5.718536193269363e-09,5.5050517791283764e-09,-2.1348441414098647e-10,0.17958374645972733,0.15886164220919552
671_T1_vs_T3,longitudinal,2,LUArm_to_LFArm_rx,LUArm_to_LFArm,rx,0.151637246171349,0.2195093821543205,0.06787213598297151,0.17958374645972733,0.15886164220919552
671_T1_vs_T3,longitudinal,2,LUArm_to_LFArm_ry,LUArm_to_LFArm,ry,0.22609857712150996,0.029972905282466582,-0.1961256718390434,0.17958374645972733,0.15886164220919552
671_T1_vs_T3,longitudinal,2,LUArm_to_LFArm_rz,LUArm_to_LFArm,rz,0.13757377003432752,0.1812434045301456,0.043669634495818066,0.17958374645972733,0.15886164220919552
671_T1_vs_T3,longitudinal,2,Neck_to_Head_rx,Neck_to_Head,rx,0.0010176650044605247,0.02553133965352445,0.024513674649063927,0.17958374645972733,0.15886164220919552
671_T1_vs_T3,longitudinal,2,Neck_to_Head_ry,Neck_to_Head,ry,0.009402769574837721,0.026356539142964937,0.016953769568127216,0.17958374645972733,0.15886164220919552
671_T1_vs_T3,longitudinal,2,Neck_to_Head_rz,Neck_to_Head,rz,0.003916485072677803,0.034491905953080805,0.030575420880403003,0.17958374645972733,0.15886164220919552
671_T1_vs_T3,longitudinal,2,RFArm_to_RHand_rx,RFArm_to_RHand,rx,0.35371564435714675,0.05258615910382274,-0.301129485253324,0.17958374645972733,0.15886164220919552
671_T1_vs_T3,longitudinal,2,RFArm_to_RHand_ry,RFArm_to_RHand,ry,0.10619275801469283,0.0503370073535878,-0.05585575066110503,0.17958374645972733,0.15886164220919552
671_T1_vs_T3,longitudinal,2,RFArm_to_RHand_rz,RFArm_to_RHand,rz,0.7024718963093284,0.18539587188925943,-0.517076024420069,0.17958374645972733,0.15886164220919552
671_T1_vs_T3,longitudinal,2,RShin_to_RFoot_rx,RShin_to_RFoot,rx,0.030172400721545787,0.014498159188786724,-0.015674241532759065,0.17958374645972733,0.15886164220919552
671_T1_vs_T3,longitudinal,2,RShin_to_RFoot_ry,RShin_to_RFoot,ry,0.013163748174087882,0.07494495786830431,0.061781209694216424,0.17958374645972733,0.15886164220919552
671_T1_vs_T3,longitudinal,2,RShin_to_RFoot_rz,RShin_to_RFoot,rz,0.031213261587315657,0.08539065000119041,0.05417738841387475,0.17958374645972733,0.15886164220919552
671_T1_vs_T3,longitudinal,2,RShoulder_to_RUArm_rx,RShoulder_to_RUArm,rx,0.23867591072284888,0.1264293119170807,-0.11224659880576818,0.17958374645972733,0.15886164220919552
671_T1_vs_T3,longitudinal,2,RShoulder_to_RUArm_ry,RShoulder_to_RUArm,ry,0.004270615303576701,0.1827371612033515,0.17846654589977481,0.17958374645972733,0.15886164220919552
671_T1_vs_T3,longitudinal,2,RShoulder_to_RUArm_rz,RShoulder_to_RUArm,rz,0.06353795826336617,0.13483608642308825,0.07129812815972209,0.17958374645972733,0.15886164220919552
671_T1_vs_T3,longitudinal,2,RThigh_to_RShin_rx,RThigh_to_RShin,rx,0.0002345235453674409,0.2914109313494635,0.29117640780409604,0.17958374645972733,0.15886164220919552
671_T1_vs_T3,longitudinal,2,RThigh_to_RShin_ry,RThigh_to_RShin,ry,4.468521892558844e-09,2.8459269988356917e-08,2.3990748095798075e-08,0.17958374645972733,0.15886164220919552
671_T1_vs_T3,longitudinal,2,RThigh_to_RShin_rz,RThigh_to_RShin,rz,1.9386640444120432e-08,1.1895275524551687e-08,-7.491364919568745e-09,0.17958374645972733,0.15886164220919552
671_T1_vs_T3,longitudinal,2,RUArm_to_RFArm_rx,RUArm_to_RFArm,rx,0.19160164406042082,0.0173881333521166,-0.1742135107083042,0.17958374645972733,0.15886164220919552
671_T1_vs_T3,longitudinal,2,RUArm_to_RFArm_ry,RUArm_to_RFArm,ry,0.04106740958808555,0.2654914366100078,0.22442402702192224,0.17958374645972733,0.15886164220919552
671_T1_vs_T3,longitudinal,2,RUArm_to_RFArm_rz,RUArm_to_RFArm,rz,0.11617957902085985,0.04303053413797811,-0.07314904488288174,0.17958374645972733,0.15886164220919552
671_T1_vs_T3,longitudinal,3,Chest_to_LShoulder_rx,Chest_to_LShoulder,rx,0.0512560994813995,0.009004633260585199,-0.042251466220814306,0.13272674044450958,0.144328621372815
671_T1_vs_T3,longitudinal,3,Chest_to_LShoulder_ry,Chest_to_LShoulder,ry,0.02424071363254536,0.008820109362896988,-0.015420604269648372,0.13272674044450958,0.144328621372815
671_T1_vs_T3,longitudinal,3,Chest_to_LShoulder_rz,Chest_to_LShoulder,rz,0.026766114098879117,0.04525797282222789,0.018491858723348773,0.13272674044450958,0.144328621372815
671_T1_vs_T3,longitudinal,3,Chest_to_Neck_rx,Chest_to_Neck,rx,0.03337936119265471,0.038685176908520316,0.005305815715865608,0.13272674044450958,0.144328621372815
671_T1_vs_T3,longitudinal,3,Chest_to_Neck_ry,Chest_to_Neck,ry,0.054590123075378194,0.03191885794562005,-0.022671265129758145,0.13272674044450958,0.144328621372815
671_T1_vs_T3,longitudinal,3,Chest_to_Neck_rz,Chest_to_Neck,rz,0.05005591111956892,0.0006060883487223929,-0.04944982277084652,0.13272674044450958,0.144328621372815
671_T1_vs_T3,longitudinal,3,Chest_to_RShoulder_rx,Chest_to_RShoulder,rx,0.11013345380930219,0.12713030586392507,0.016996852054622882,0.13272674044450958,0.144328621372815
671_T1_vs_T3,longitudinal,3,Chest_to_RShoulder_ry,Chest_to_RShoulder,ry,0.03527355996822017,0.0047347131283492555,-0.03053884683987091,0.13272674044450958,0.144328621372815
671_T1_vs_T3,longitudinal,3,Chest_to_RShoulder_rz,Chest_to_RShoulder,rz,0.03772883568111543,0.07030497056934584,0.03257613488823041,0.13272674044450958,0.144328621372815
671_T1_vs_T3,longitudinal,3,LFArm_to_LHand_rx,LFArm_to_LHand,rx,0.23481179465606491,0.10541478762718745,-0.12939700702887746,0.13272674044450958,0.144328621372815
671_T1_vs_T3,longitudinal,3,LFArm_to_LHand_ry,LFArm_to_LHand,ry,0.06418390255090053,0.20854805961160963,0.1443641570607091,0.13272674044450958,0.144328621372815
671_T1_vs_T3,longitudinal,3,LFArm_to_LHand_rz,LFArm_to_LHand,rz,0.33010504111987743,0.15895272615610706,-0.17115231496377037,0.13272674044450958,0.144328621372815
671_T1_vs_T3,longitudinal,3,LShin_to_LFoot_rx,LShin_to_LFoot,rx,0.024296520886437935,0.026458758109810267,0.002162237223372332,0.13272674044450958,0.144328621372815
671_T1_vs_T3,longitudinal,3,LShin_to_LFoot_ry,LShin_to_LFoot,ry,0.05635149268074686,0.025619799867958124,-0.030731692812788734,0.13272674044450958,0.144328621372815
671_T1_vs_T3,longitudinal,3,LShin_to_LFoot_rz,LShin_to_LFoot,rz,0.006743107335984502,0.013138255326341662,0.0063951479903571595,0.13272674044450958,0.144328621372815
671_T1_vs_T3,longitudinal,3,LShoulder_to_LUArm_rx,LShoulder_to_LUArm,rx,0.1799517694424174,0.05990359657274304,-0.12004817286967435,0.13272674044450958,0.144328621372815
671_T1_vs_T3,longitudinal,3,LShoulder_to_LUArm_ry,LShoulder_to_LUArm,ry,0.03726768543133068,0.16626097260032838,0.1289932871689977,0.13272674044450958,0.144328621372815
671_T1_vs_T3,longitudinal,3,LShoulder_to_LUArm_rz,LShoulder_to_LUArm,rz,0.07179907617678058,0.17313612144482535,0.10133704526804477,0.13272674044450958,0.144328621372815
671_T1_vs_T3,longitudinal,3,LThigh_to_LShin_rx,LThigh_to_LShin,rx,0.11830512908948176,0.07931168387473157,-0.03899344521475019,0.13272674044450958,0.144328621372815
671_T1_vs_T3,longitudinal,3,LThigh_to_LShin_ry,LThigh_to_LShin,ry,4.294480303824706e-09,1.3415674985965714e-08,9.121194682141009e-09,0.13272674044450958,0.144328621372815
671_T1_vs_T3,longitudinal,3,LThigh_to_LShin_rz,LThigh_to_LShin,rz,1.207619879525127e-08,8.93735554488656e-09,-3.1388432503647086e-09,0.13272674044450958,0.144328621372815
671_T1_vs_T3,longitudinal,3,LUArm_to_LFArm_rx,LUArm_to_LFArm,rx,0.008554597359908855,0.20901474840890724,0.2004601510489984,0.13272674044450958,0.144328621372815
671_T1_vs_T3,longitudinal,3,LUArm_to_LFArm_ry,LUArm_to_LFArm,ry,0.35247587258032814,0.2888719177550515,-0.06360395482527664,0.13272674044450958,0.144328621372815
671_T1_vs_T3,longitudinal,3,LUArm_to_LFArm_rz,LUArm_to_LFArm,rz,0.046241064168525504,0.21572294355877658,0.16948187939025108,0.13272674044450958,0.144328621372815
671_T1_vs_T3,longitudinal,3,Neck_to_Head_rx,Neck_to_Head,rx,0.03337935912669303,0.03868519019704478,0.005305831070351749,0.13272674044450958,0.144328621372815
671_T1_vs_T3,longitudinal,3,Neck_to_Head_ry,Neck_to_Head,ry,0.05459013650217377,0.03191886850329781,-0.022671267998875963,0.13272674044450958,0.144328621372815
671_T1_vs_T3,longitudinal,3,Neck_to_Head_rz,Neck_to_Head,rz,0.0500559005761829,0.0006060579655863892,-0.04944984261059651,0.13272674044450958,0.144328621372815
671_T1_vs_T3,longitudinal,3,RFArm_to_RHand_rx,RFArm_to_RHand,rx,0.010031605273681351,0.03534893113341835,0.025317325859737002,0.13272674044450958,0.144328621372815
671_T1_vs_T3,longitudinal,3,RFArm_to_RHand_ry,RFArm_to_RHand,ry,0.08574702976087566,0.062068402571576524,-0.023678627189299133,0.13272674044450958,0.144328621372815
671_T1_vs_T3,longitudinal,3,RFArm_to_RHand_rz,RFArm_to_RHand,rz,0.17223448892659188,0.10240678128194852,-0.06982770764464336,0.13272674044450958,0.144328621372815
671_T1_vs_T3,longitudinal,3,RShin_to_RFoot_rx,RShin_to_RFoot,rx,0.02481331768220637,0.05718592717366207,0.0323726094914557,0.13272674044450958,0.144328621372815
671_T1_vs_T3,longitudinal,3,RShin_to_RFoot_ry,RShin_to_RFoot,ry,0.07481186336472306,0.0748111373763004,-7.259884226701319e-07,0.13272674044450958,0.144328621372815
671_T1_vs_T3,longitudinal,3,RShin_to_RFoot_rz,RShin_to_RFoot,rz,0.03858286743130895,0.011799172478668785,-0.02678369495264016,0.13272674044450958,0.144328621372815
671_T1_vs_T3,longitudinal,3,RShoulder_to_RUArm_rx,RShoulder_to_RUArm,rx,0.29562271978824495,0.2707522917906904,-0.024870427997554567,0.13272674044450958,0.144328621372815
671_T1_vs_T3,longitudinal,3,RShoulder_to_RUArm_ry,RShoulder_to_RUArm,ry,0.11972595609757472,0.02536392526891421,-0.09436203082866051,0.13272674044450958,0.144328621372815
671_T1_vs_T3,longitudinal,3,RShoulder_to_RUArm_rz,RShoulder_to_RUArm,rz,0.0018600511351941045,0.27931625596990356,0.27745620483470945,0.13272674044450958,0.144328621372815
671_T1_vs_T3,longitudinal,3,RThigh_to_RShin_rx,RThigh_to_RShin,rx,0.1227851800593181,0.12463502582359547,0.0018498457642773664,0.13272674044450958,0.144328621372815
671_T1_vs_T3,longitudinal,3,RThigh_to_RShin_ry,RThigh_to_RShin,ry,2.6411382334187875e-09,2.4382415508868573e-09,-2.0289668253193026e-10,0.13272674044450958,0.144328621372815
671_T1_vs_T3,longitudinal,3,RThigh_to_RShin_rz,RThigh_to_RShin,rz,1.1928675800046615e-08,9.694170390481763e-10,-1.0959258760998438e-08,0.13272674044450958,0.144328621372815
671_T1_vs_T3,longitudinal,3,RUArm_to_RFArm_rx,RUArm_to_RFArm,rx,0.2554900244363221,0.07996789036791416,-0.17552213406840797,0.13272674044450958,0.144328621372815
671_T1_vs_T3,longitudinal,3,RUArm_to_RFArm_ry,RUArm_to_RFArm,ry,0.5729330552613565,0.6499947374891937,0.07706168222783716,0.13272674044450958,0.144328621372815
671_T1_vs_T3,longitudinal,3,RUArm_to_RFArm_rz,RUArm_to_RFArm,rz,0.24800923112217357,0.16757496847007194,-0.08043426265210163,0.13272674044450958,0.144328621372815
671_T1_vs_T3,longitudinal,4,Chest_to_LShoulder_rx,Chest_to_LShoulder,rx,0.023176479063810887,0.05330736022210327,0.030130881158292384,0.09401402705310148,0.11614851699240908
671_T1_vs_T3,longitudinal,4,Chest_to_LShoulder_ry,Chest_to_LShoulder,ry,0.06300326519889944,0.016052433841506706,-0.04695083135739274,0.09401402705310148,0.11614851699240908
671_T1_vs_T3,longitudinal,4,Chest_to_LShoulder_rz,Chest_to_LShoulder,rz,0.045029723364365754,0.044713919218827676,-0.0003158041455380775,0.09401402705310148,0.11614851699240908
671_T1_vs_T3,longitudinal,4,Chest_to_Neck_rx,Chest_to_Neck,rx,0.029151123127883094,0.02392863684897922,-0.005222486278903874,0.09401402705310148,0.11614851699240908
671_T1_vs_T3,longitudinal,4,Chest_to_Neck_ry,Chest_to_Neck,ry,0.03464379186374201,0.038300929055396,0.003657137191653989,0.09401402705310148,0.11614851699240908
671_T1_vs_T3,longitudinal,4,Chest_to_Neck_rz,Chest_to_Neck,rz,0.03285295808483681,0.015416622810134952,-0.017436335274701863,0.09401402705310148,0.11614851699240908
671_T1_vs_T3,longitudinal,4,Chest_to_RShoulder_rx,Chest_to_RShoulder,rx,0.10179355741976663,0.03330911137051935,-0.06848444604924728,0.09401402705310148,0.11614851699240908
671_T1_vs_T3,longitudinal,4,Chest_to_RShoulder_ry,Chest_to_RShoulder,ry,0.054741119723393884,0.01574495755374799,-0.038996162169645895,0.09401402705310148,0.11614851699240908
671_T1_vs_T3,longitudinal,4,Chest_to_RShoulder_rz,Chest_to_RShoulder,rz,0.019167197593831863,0.036319857321868224,0.01715265972803636,0.09401402705310148,0.11614851699240908
671_T1_vs_T3,longitudinal,4,LFArm_to_LHand_rx,LFArm_to_LHand,rx,0.14650935169492263,0.06334596679587161,-0.08316338489905102,0.09401402705310148,0.11614851699240908
671_T1_vs_T3,longitudinal,4,LFArm_to_LHand_ry,LFArm_to_LHand,ry,0.11488689920941858,0.008022228976214624,-0.10686467023320395,0.09401402705310148,0.11614851699240908
671_T1_vs_T3,longitudinal,4,LFArm_to_LHand_rz,LFArm_to_LHand,rz,0.19939948928108625,0.15169406742409827,-0.04770542185698798,0.09401402705310148,0.11614851699240908
671_T1_vs_T3,longitudinal,4,LShin_to_LFoot_rx,LShin_to_LFoot,rx,0.07701683531530268,0.05842623739896792,-0.01859059791633476,0.09401402705310148,0.11614851699240908
671_T1_vs_T3,longitudinal,4,LShin_to_LFoot_ry,LShin_to_LFoot,ry,0.09764522419663885,0.10589469725604228,0.008249473059403434,0.09401402705310148,0.11614851699240908
671_T1_vs_T3,longitudinal,4,LShin_to_LFoot_rz,LShin_to_LFoot,rz,0.03372158652922348,0.009755769352415756,-0.02396581717680773,0.09401402705310148,0.11614851699240908
671_T1_vs_T3,longitudinal,4,LShoulder_to_LUArm_rx,LShoulder_to_LUArm,rx,0.1139064758176931,0.11375202444586659,-0.00015445137182651392,0.09401402705310148,0.11614851699240908
671_T1_vs_T3,longitudinal,4,LShoulder_to_LUArm_ry,LShoulder_to_LUArm,ry,0.21921320051620208,0.043764482463491766,-0.1754487180527103,0.09401402705310148,0.11614851699240908
671_T1_vs_T3,longitudinal,4,LShoulder_to_LUArm_rz,LShoulder_to_LUArm,rz,0.012568412132084423,0.14129897388795215,0.12873056175586772,0.09401402705310148,0.11614851699240908
671_T1_vs_T3,longitudinal,4,LThigh_to_LShin_rx,LThigh_to_LShin,rx,0.09607179787275859,0.13021227779531183,0.034140479922553243,0.09401402705310148,0.11614851699240908
671_T1_vs_T3,longitudinal,4,LThigh_to_LShin_ry,LThigh_to_LShin,ry,4.096952771804584e-09,5.668642166569917e-09,1.5716893947653324e-09,0.09401402705310148,0.11614851699240908
671_T1_vs_T3,longitudinal,4,LThigh_to_LShin_rz,LThigh_to_LShin,rz,1.3949942647455017e-08,1.8864720927337687e-08,4.91477827988267e-09,0.09401402705310148,0.11614851699240908
671_T1_vs_T3,longitudinal,4,LUArm_to_LFArm_rx,LUArm_to_LFArm,rx,0.183708200762643,0.00531243434706825,-0.17839576641557475,0.09401402705310148,0.11614851699240908
671_T1_vs_T3,longitudinal,4,LUArm_to_LFArm_ry,LUArm_to_LFArm,ry,0.2085125453330459,0.35700003557826865,0.14848749024522276,0.09401402705310148,0.11614851699240908
671_T1_vs_T3,longitudinal,4,LUArm_to_LFArm_rz,LUArm_to_LFArm,rz,0.18312844340162387,0.04757259788527753,-0.13555584551634633,0.09401402705310148,0.11614851699240908
671_T1_vs_T3,longitudinal,4,Neck_to_Head_rx,Neck_to_Head,rx,0.029151135685403257,0.02392863511803506,-0.0052225005673681955,0.09401402705310148,0.11614851699240908
671_T1_vs_T3,longitudinal,4,Neck_to_Head_ry,Neck_to_Head,ry,0.03464379108276506,0.038300922193827816,0.003657131111062757,0.09401402705310148,0.11614851699240908
671_T1_vs_T3,longitudinal,4,Neck_to_Head_rz,Neck_to_Head,rz,0.032852938477184,0.01541660821993558,-0.017436330257248417,0.09401402705310148,0.11614851699240908
671_T1_vs_T3,longitudinal,4,RFArm_to_RHand_rx,RFArm_to_RHand,rx,0.021548509315542107,0.3755603940177321,0.35401188470219,0.09401402705310148,0.11614851699240908
671_T1_vs_T3,longitudinal,4,RFArm_to_RHand_ry,RFArm_to_RHand,ry,0.05595401289714913,0.1559003765334504,0.09994636363630127,0.09401402705310148,0.11614851699240908
671_T1_vs_T3,longitudinal,4,RFArm_to_RHand_rz,RFArm_to_RHand,rz,0.23125579887070496,0.5380062027008445,0.3067504038301396,0.09401402705310148,0.11614851699240908
671_T1_vs_T3,longitudinal,4,RShin_to_RFoot_rx,RShin_to_RFoot,rx,0.1399425760521228,0.0025194314022646287,-0.13742314464985816,0.09401402705310148,0.11614851699240908
671_T1_vs_T3,longitudinal,4,RShin_to_RFoot_ry,RShin_to_RFoot,ry,0.03726448535220173,0.01595481980256782,-0.021309665549633913,0.09401402705310148,0.11614851699240908
671_T1_vs_T3,longitudinal,4,RShin_to_RFoot_rz,RShin_to_RFoot,rz,0.08689565838648082,0.048595521311008964,-0.038300137075471856,0.09401402705310148,0.11614851699240908
671_T1_vs_T3,longitudinal,4,RShoulder_to_RUArm_rx,RShoulder_to_RUArm,rx,0.3116022556726878,0.139050205179828,-0.1725520504928598,0.09401402705310148,0.11614851699240908
671_T1_vs_T3,longitudinal,4,RShoulder_to_RUArm_ry,RShoulder_to_RUArm,ry,0.23260906911452986,0.07498005249166925,-0.1576290166228606,0.09401402705310148,0.11614851699240908
671_T1_vs_T3,longitudinal,4,RShoulder_to_RUArm_rz,RShoulder_to_RUArm,rz,0.06896846386759689,0.006241506678994941,-0.06272695718860195,0.09401402705310148,0.11614851699240908
671_T1_vs_T3,longitudinal,4,RThigh_to_RShin_rx,RThigh_to_RShin,rx,0.28553656139301914,0.10604110675327018,-0.17949545463974897,0.09401402705310148,0.11614851699240908
671_T1_vs_T3,longitudinal,4,RThigh_to_RShin_ry,RThigh_to_RShin,ry,1.0030235400382798e-08,2.582929345095835e-09,-7.4473060552869625e-09,0.09401402705310148,0.11614851699240908
671_T1_vs_T3,longitudinal,4,RThigh_to_RShin_rz,RThigh_to_RShin,rz,7.458565355773786e-09,9.563594253890662e-09,2.105028898116876e-09,0.09401402705310148,0.11614851699240908
671_T1_vs_T3,longitudinal,4,RUArm_to_RFArm_rx,RUArm_to_RFArm,rx,0.1303650556338882,0.25762984495746843,0.12726478932358024,0.09401402705310148,0.11614851699240908
671_T1_vs_T3,longitudinal,4,RUArm_to_RFArm_ry,RUArm_to_RFArm,ry,0.5880977426680344,0.4160213369369273,-0.1720764057311071,0.09401402705310148,0.11614851699240908
671_T1_vs_T3,longitudinal,4,RUArm_to_RFArm_rz,RUArm_to_RFArm,rz,0.12382300170945604,0.17672760901821663,0.05290460730876059,0.09401402705310148,0.11614851699240908
671_T1_vs_T3,longitudinal,5,Chest_to_LShoulder_rx,Chest_to_LShoulder,rx,0.011133759486369488,0.018037597412077524,0.006903837925708036,0.058113258008600434,0.0828025875716435
671_T1_vs_T3,longitudinal,5,Chest_to_LShoulder_ry,Chest_to_LShoulder,ry,0.07778536817625863,0.06387688221586987,-0.013908485960388753,0.058113258008600434,0.0828025875716435
671_T1_vs_T3,longitudinal,5,Chest_to_LShoulder_rz,Chest_to_LShoulder,rz,0.06620957435249353,0.027952629024456267,-0.038256945328037265,0.058113258008600434,0.0828025875716435
671_T1_vs_T3,longitudinal,5,Chest_to_Neck_rx,Chest_to_Neck,rx,0.002343714534719263,0.020353759800178447,0.018010045265459185,0.058113258008600434,0.0828025875716435
671_T1_vs_T3,longitudinal,5,Chest_to_Neck_ry,Chest_to_Neck,ry,0.00976493951192878,0.007923820154593093,-0.0018411193573356858,0.058113258008600434,0.0828025875716435
671_T1_vs_T3,longitudinal,5,Chest_to_Neck_rz,Chest_to_Neck,rz,0.022482851274734043,0.015883184427887487,-0.006599666846846555,0.058113258008600434,0.0828025875716435
671_T1_vs_T3,longitudinal,5,Chest_to_RShoulder_rx,Chest_to_RShoulder,rx,0.05694267903472661,0.1584796990291607,0.1015370199944341,0.058113258008600434,0.0828025875716435
671_T1_vs_T3,longitudinal,5,Chest_to_RShoulder_ry,Chest_to_RShoulder,ry,0.07400953367985963,0.08272483598897079,0.008715302309111161,0.058113258008600434,0.0828025875716435
671_T1_vs_T3,longitudinal,5,Chest_to_RShoulder_rz,Chest_to_RShoulder,rz,0.0631026245592507,0.0684866355569384,0.005384010997687705,0.058113258008600434,0.0828025875716435
671_T1_vs_T3,longitudinal,5,LFArm_to_LHand_rx,LFArm_to_LHand,rx,0.18482474324976036,0.01825328484793261,-0.16657145840182774,0.058113258008600434,0.0828025875716435
671_T1_vs_T3,longitudinal,5,LFArm_to_LHand_ry,LFArm_to_LHand,ry,0.21862930641115186,0.027948095969518413,-0.19068121044163344,0.058113258008600434,0.0828025875716435
671_T1_vs_T3,longitudinal,5,LFArm_to_LHand_rz,LFArm_to_LHand,rz,0.23102540184591303,0.27587247267770054,0.04484707083178752,0.058113258008600434,0.0828025875716435
671_T1_vs_T3,longitudinal,5,LShin_to_LFoot_rx,LShin_to_LFoot,rx,0.1330735333719894,0.07064563682580488,-0.062427896546184525,0.058113258008600434,0.0828025875716435
671_T1_vs_T3,longitudinal,5,LShin_to_LFoot_ry,LShin_to_LFoot,ry,0.05313135060069058,0.02880804803097751,-0.02432330256971307,0.058113258008600434,0.0828025875716435
671_T1_vs_T3,longitudinal,5,LShin_to_LFoot_rz,LShin_to_LFoot,rz,0.01003571965763819,0.01058569917747411,0.0005499795198359199,0.058113258008600434,0.0828025875716435
671_T1_vs_T3,longitudinal,5,LShoulder_to_LUArm_rx,LShoulder_to_LUArm,rx,0.16418808908879734,0.14763147092480444,-0.016556618163992898,0.058113258008600434,0.0828025875716435
671_T1_vs_T3,longitudinal,5,LShoulder_to_LUArm_ry,LShoulder_to_LUArm,ry,0.43910179307082675,0.5400932163526829,0.10099142328185617,0.058113258008600434,0.0828025875716435
671_T1_vs_T3,longitudinal,5,LShoulder_to_LUArm_rz,LShoulder_to_LUArm,rz,0.13226597679191662,0.11305436183290839,-0.019211614959008236,0.058113258008600434,0.0828025875716435
671_T1_vs_T3,longitudinal,5,LThigh_to_LShin_rx,LThigh_to_LShin,rx,0.2894093131958701,0.21157648960310407,-0.07783282359276603,0.058113258008600434,0.0828025875716435
671_T1_vs_T3,longitudinal,5,LThigh_to_LShin_ry,LThigh_to_LShin,ry,4.244710890862059e-09,1.4075921109534338e-08,9.83121021867228e-09,0.058113258008600434,0.0828025875716435
671_T1_vs_T3,longitudinal,5,LThigh_to_LShin_rz,LThigh_to_LShin,rz,1.9662163998170078e-08,1.7140322265584835e-08,-2.5218417325852435e-09,0.058113258008600434,0.0828025875716435
671_T1_vs_T3,longitudinal,5,LUArm_to_LFArm_rx,LUArm_to_LFArm,rx,0.20344269320687627,0.009492110336177783,-0.1939505828706985,0.058113258008600434,0.0828025875716435
671_T1_vs_T3,longitudinal,5,LUArm_to_LFArm_ry,LUArm_to_LFArm,ry,0.23796278428640638,0.3359653354135562,0.09800255112714984,0.058113258008600434,0.0828025875716435
671_T1_vs_T3,longitudinal,5,LUArm_to_LFArm_rz,LUArm_to_LFArm,rz,0.2169455988226608,0.036364523450082974,-0.1805810753725778,0.058113258008600434,0.0828025875716435
671_T1_vs_T3,longitudinal,5,Neck_to_Head_rx,Neck_to_Head,rx,0.0023437164386928325,0.020353787453788158,0.018010071015095327,0.058113258008600434,0.0828025875716435
671_T1_vs_T3,longitudinal,5,Neck_to_Head_ry,Neck_to_Head,ry,0.009764947875295579,0.007923807822117736,-0.0018411400531778421,0.058113258008600434,0.0828025875716435
671_T1_vs_T3,longitudinal,5,Neck_to_Head_rz,Neck_to_Head,rz,0.022482843315667734,0.015883191553008647,-0.006599651762659087,0.058113258008600434,0.0828025875716435
671_T1_vs_T3,longitudinal,5,RFArm_to_RHand_rx,RFArm_to_RHand,rx,0.08788137115960787,0.0326847207619513,-0.05519665039765657,0.058113258008600434,0.0828025875716435
671_T1_vs_T3,longitudinal,5,RFArm_to_RHand_ry,RFArm_to_RHand,ry,0.07462928433251025,0.10500626710558275,0.030376982773072506,0.058113258008600434,0.0828025875716435
671_T1_vs_T3,longitudinal,5,RFArm_to_RHand_rz,RFArm_to_RHand,rz,0.22278704880571384,0.03008085971073228,-0.19270618909498155,0.058113258008600434,0.0828025875716435
671_T1_vs_T3,longitudinal,5,RShin_to_RFoot_rx,RShin_to_RFoot,rx,0.059688251193201765,0.005521487780028154,-0.05416676341317361,0.058113258008600434,0.0828025875716435
671_T1_vs_T3,longitudinal,5,RShin_to_RFoot_ry,RShin_to_RFoot,ry,0.03155488930207735,0.04232742422436399,0.010772534922286636,0.058113258008600434,0.0828025875716435
671_T1_vs_T3,longitudinal,5,RShin_to_RFoot_rz,RShin_to_RFoot,rz,0.1210579545176232,0.06889066849322383,-0.05216728602439938,0.058113258008600434,0.0828025875716435
671_T1_vs_T3,longitudinal,5,RShoulder_to_RUArm_rx,RShoulder_to_RUArm,rx,0.15384886179343754,0.3136131449390711,0.15976428314563357,0.058113258008600434,0.0828025875716435
671_T1_vs_T3,longitudinal,5,RShoulder_to_RUArm_ry,RShoulder_to_RUArm,ry,0.2962989027328253,0.17919903423189767,-0.1170998685009276,0.058113258008600434,0.0828025875716435
671_T1_vs_T3,longitudinal,5,RShoulder_to_RUArm_rz,RShoulder_to_RUArm,rz,0.01644464366541392,0.22514518174153839,0.20870053807612446,0.058113258008600434,0.0828025875716435
671_T1_vs_T3,longitudinal,5,RThigh_to_RShin_rx,RThigh_to_RShin,rx,0.39803391263664095,0.2056769427329246,-0.19235696990371634,0.058113258008600434,0.0828025875716435
671_T1_vs_T3,longitudinal,5,RThigh_to_RShin_ry,RThigh_to_RShin,ry,5.384853056225352e-08,3.106009553893648e-08,-2.278843502331704e-08,0.058113258008600434,0.0828025875716435
671_T1_vs_T3,longitudinal,5,RThigh_to_RShin_rz,RThigh_to_RShin,rz,2.3145743512265835e-09,1.2426384171632135e-08,1.0111809820405552e-08,0.058113258008600434,0.0828025875716435
671_T1_vs_T3,longitudinal,5,RUArm_to_RFArm_rx,RUArm_to_RFArm,rx,0.02734603899472623,0.22493736258261204,0.1975913235878858,0.058113258008600434,0.0828025875716435
671_T1_vs_T3,longitudinal,5,RUArm_to_RFArm_ry,RUArm_to_RFArm,ry,0.005128102256005799,0.27908779899798514,0.27395969674197934,0.058113258008600434,0.0828025875716435
671_T1_vs_T3,longitudinal,5,RUArm_to_RFArm_rz,RUArm_to_RFArm,rz,0.019606608084149508,0.12927522890611984,0.10966862082197033,0.058113258008600434,0.0828025875716435
671_T1_vs_T3,longitudinal,6,Chest_to_LShoulder_rx,Chest_to_LShoulder,rx,0.08212045247154744,0.027535933026479765,-0.054584519445067675,0.05031247987248657,0.07253843753689844
671_T1_vs_T3,longitudinal,6,Chest_to_LShoulder_ry,Chest_to_LShoulder,ry,0.034085724551845116,0.05609910261986082,0.022013378068015704,0.05031247987248657,0.07253843753689844
671_T1_vs_T3,longitudinal,6,Chest_to_LShoulder_rz,Chest_to_LShoulder,rz,0.004408580119088104,0.08361154119962391,0.0792029610805358,0.05031247987248657,0.07253843753689844
671_T1_vs_T3,longitudinal,6,Chest_to_Neck_rx,Chest_to_Neck,rx,0.010722328616775776,0.037575458186529645,0.02685312956975387,0.05031247987248657,0.07253843753689844
671_T1_vs_T3,longitudinal,6,Chest_to_Neck_ry,Chest_to_Neck,ry,0.0050150755138402905,0.03612954712380197,0.031114471609961676,0.05031247987248657,0.07253843753689844
671_T1_vs_T3,longitudinal,6,Chest_to_Neck_rz,Chest_to_Neck,rz,0.0005477354701161338,0.0459177142830041,0.045369978812887964,0.05031247987248657,0.07253843753689844
671_T1_vs_T3,longitudinal,6,Chest_to_RShoulder_rx,Chest_to_RShoulder,rx,0.08989757824007873,0.04354403751574986,-0.046353540724328866,0.05031247987248657,0.07253843753689844
671_T1_vs_T3,longitudinal,6,Chest_to_RShoulder_ry,Chest_to_RShoulder,ry,0.027176013900625056,0.06688529286030521,0.039709278959680155,0.05031247987248657,0.07253843753689844
671_T1_vs_T3,longitudinal,6,Chest_to_RShoulder_rz,Chest_to_RShoulder,rz,0.09645057972462197,0.004160182811199701,-0.09229039691342227,0.05031247987248657,0.07253843753689844
671_T1_vs_T3,longitudinal,6,LFArm_to_LHand_rx,LFArm_to_LHand,rx,0.1201001921385929,0.009414435297990967,-0.11068575684060193,0.05031247987248657,0.07253843753689844
671_T1_vs_T3,longitudinal,6,LFArm_to_LHand_ry,LFArm_to_LHand,ry,0.143074380042572,0.081817445911833,-0.061256934130739,0.05031247987248657,0.07253843753689844
671_T1_vs_T3,longitudinal,6,LFArm_to_LHand_rz,LFArm_to_LHand,rz,0.5314097324038891,0.025304912343983334,-0.5061048200599058,0.05031247987248657,0.07253843753689844
671_T1_vs_T3,longitudinal,6,LShin_to_LFoot_rx,LShin_to_LFoot,rx,0.04879619461781676,0.047881370036419145,-0.0009148245813976122,0.05031247987248657,0.07253843753689844
671_T1_vs_T3,longitudinal,6,LShin_to_LFoot_ry,LShin_to_LFoot,ry,0.0349389376901536,0.0869295241454084,0.051990586455254804,0.05031247987248657,0.07253843753689844
671_T1_vs_T3,longitudinal,6,LShin_to_LFoot_rz,LShin_to_LFoot,rz,0.004758202066748618,0.04818392528041614,0.04342572321366752,0.05031247987248657,0.07253843753689844
671_T1_vs_T3,longitudinal,6,LShoulder_to_LUArm_rx,LShoulder_to_LUArm,rx,0.2408563655757801,0.016638439121407892,-0.22421792645437222,0.05031247987248657,0.07253843753689844
671_T1_vs_T3,longitudinal,6,LShoulder_to_LUArm_ry,LShoulder_to_LUArm,ry,0.16451456100463813,0.1951063573343882,0.030591796329750065,0.05031247987248657,0.07253843753689844
671_T1_vs_T3,longitudinal,6,LShoulder_to_LUArm_rz,LShoulder_to_LUArm,rz,0.1426000476841023,0.08266400017054827,-0.05993604751355404,0.05031247987248657,0.07253843753689844
671_T1_vs_T3,longitudinal,6,LThigh_to_LShin_rx,LThigh_to_LShin,rx,0.09078720004473964,0.016200835802772064,-0.07458636424196757,0.05031247987248657,0.07253843753689844
671_T1_vs_T3,longitudinal,6,LThigh_to_LShin_ry,LThigh_to_LShin,ry,7.008368582728152e-09,6.6256041031806795e-09,-3.8276447954747237e-10,0.05031247987248657,0.07253843753689844
671_T1_vs_T3,longitudinal,6,LThigh_to_LShin_rz,LThigh_to_LShin,rz,1.0931597350495158e-08,1.4134228694656232e-09,-9.518174481029535e-09,0.05031247987248657,0.07253843753689844
671_T1_vs_T3,longitudinal,6,LUArm_to_LFArm_rx,LUArm_to_LFArm,rx,0.14060976996055002,0.2651954401636553,0.12458567020310529,0.05031247987248657,0.07253843753689844
671_T1_vs_T3,longitudinal,6,LUArm_to_LFArm_ry,LUArm_to_LFArm,ry,0.23869937356507098,0.6135195273441366,0.37482015377906563,0.05031247987248657,0.07253843753689844
671_T1_vs_T3,longitudinal,6,LUArm_to_LFArm_rz,LUArm_to_LFArm,rz,0.08746465602308856,0.2946476061308813,0.20718295010779275,0.05031247987248657,0.07253843753689844
671_T1_vs_T3,longitudinal,6,Neck_to_Head_rx,Neck_to_Head,rx,0.010722318672119856,0.03757546880706593,0.026853150134946074,0.05031247987248657,0.07253843753689844
671_T1_vs_T3,longitudinal,6,Neck_to_Head_ry,Neck_to_Head,ry,0.00501503118639981,0.03612955507503167,0.03111452388863186,0.05031247987248657,0.07253843753689844
671_T1_vs_T3,longitudinal,6,Neck_to_Head_rz,Neck_to_Head,rz,0.0005477440998837492,0.045917711364117396,0.045369967264233646,0.05031247987248657,0.07253843753689844
671_T1_vs_T3,longitudinal,6,RFArm_to_RHand_rx,RFArm_to_RHand,rx,0.17581244997055065,0.19790100179910175,0.0220885518285511,0.05031247987248657,0.07253843753689844
671_T1_vs_T3,longitudinal,6,RFArm_to_RHand_ry,RFArm_to_RHand,ry,0.23429550861305862,0.11165902948574068,-0.12263647912731794,0.05031247987248657,0.07253843753689844
671_T1_vs_T3,longitudinal,6,RFArm_to_RHand_rz,RFArm_to_RHand,rz,0.11192987854216815,0.3794720175064729,0.2675421389643048,0.05031247987248657,0.07253843753689844
671_T1_vs_T3,longitudinal,6,RShin_to_RFoot_rx,RShin_to_RFoot,rx,0.0480011745120575,0.13455120213127159,0.08655002761921408,0.05031247987248657,0.07253843753689844
671_T1_vs_T3,longitudinal,6,RShin_to_RFoot_ry,RShin_to_RFoot,ry,0.037992862010200176,0.050095819561565405,0.012102957551365229,0.05031247987248657,0.07253843753689844
671_T1_vs_T3,longitudinal,6,RShin_to_RFoot_rz,RShin_to_RFoot,rz,0.02279150285148615,0.05746490967775884,0.034673406826272686,0.05031247987248657,0.07253843753689844
671_T1_vs_T3,longitudinal,6,RShoulder_to_RUArm_rx,RShoulder_to_RUArm,rx,0.20172145867987668,0.16352362571229614,-0.03819783296758053,0.05031247987248657,0.07253843753689844
671_T1_vs_T3,longitudinal,6,RShoulder_to_RUArm_ry,RShoulder_to_RUArm,ry,0.07019767290974835,0.15162899097120439,0.08143131806145604,0.05031247987248657,0.07253843753689844
671_T1_vs_T3,longitudinal,6,RShoulder_to_RUArm_rz,RShoulder_to_RUArm,rz,0.2015824880461258,0.03392546525431653,-0.16765702279180927,0.05031247987248657,0.07253843753689844
671_T1_vs_T3,longitudinal,6,RThigh_to_RShin_rx,RThigh_to_RShin,rx,0.044586707458334596,0.17523643138723358,0.13064972392889898,0.05031247987248657,0.07253843753689844
671_T1_vs_T3,longitudinal,6,RThigh_to_RShin_ry,RThigh_to_RShin,ry,2.7720576023777063e-08,8.810355491341326e-09,-1.8910220532435738e-08,0.05031247987248657,0.07253843753689844
671_T1_vs_T3,longitudinal,6,RThigh_to_RShin_rz,RThigh_to_RShin,rz,1.239885621519029e-08,5.0916132338176284e-09,-7.307242981372661e-09,0.05031247987248657,0.07253843753689844
671_T1_vs_T3,longitudinal,6,RUArm_to_RFArm_rx,RUArm_to_RFArm,rx,0.3948856599534765,0.1303899605708935,-0.264495699382583,0.05031247987248657,0.07253843753689844
671_T1_vs_T3,longitudinal,6,RUArm_to_RFArm_ry,RUArm_to_RFArm,ry,0.08533659541096239,0.22680656106680422,0.14146996565584183,0.05031247987248657,0.07253843753689844
671_T1_vs_T3,longitudinal,6,RUArm_to_RFArm_rz,RUArm_to_RFArm,rz,0.3172447949977282,0.06999878106721794,-0.24724601393051024,0.05031247987248657,0.07253843753689844
671_T1_vs_T3,longitudinal,7,Chest_to_LShoulder_rx,Chest_to_LShoulder,rx,0.005991420393813737,0.046848335928251626,0.04085691553443789,0.03774522992901622,0.05978601260034453
671_T1_vs_T3,longitudinal,7,Chest_to_LShoulder_ry,Chest_to_LShoulder,ry,0.010994065361147762,0.06158862760772589,0.05059456224657813,0.03774522992901622,0.05978601260034453
671_T1_vs_T3,longitudinal,7,Chest_to_LShoulder_rz,Chest_to_LShoulder,rz,0.059980953843010165,0.016925428330850287,-0.04305552551215988,0.03774522992901622,0.05978601260034453
671_T1_vs_T3,longitudinal,7,Chest_to_Neck_rx,Chest_to_Neck,rx,0.04986270732443166,0.051328803672927935,0.0014660963484962736,0.03774522992901622,0.05978601260034453
671_T1_vs_T3,longitudinal,7,Chest_to_Neck_ry,Chest_to_Neck,ry,0.024416973411092165,0.0140996149157933,-0.010317358495298865,0.03774522992901622,0.05978601260034453
671_T1_vs_T3,longitudinal,7,Chest_to_Neck_rz,Chest_to_Neck,rz,0.02880254131232444,0.02815830634184753,-0.0006442349704769111,0.03774522992901622,0.05978601260034453
671_T1_vs_T3,longitudinal,7,Chest_to_RShoulder_rx,Chest_to_RShoulder,rx,0.17303847750317947,0.14582252441072557,-0.027215953092453893,0.03774522992901622,0.05978601260034453
671_T1_vs_T3,longitudinal,7,Chest_to_RShoulder_ry,Chest_to_RShoulder,ry,0.014350945450940213,0.034442606025404554,0.02009166057446434,0.03774522992901622,0.05978601260034453
671_T1_vs_T3,longitudinal,7,Chest_to_RShoulder_rz,Chest_to_RShoulder,rz,0.20121169633679284,0.2067906966114769,0.005579000274684054,0.03774522992901622,0.05978601260034453
671_T1_vs_T3,longitudinal,7,LFArm_to_LHand_rx,LFArm_to_LHand,rx,0.2472844328225109,0.12830980437184378,-0.11897462845066711,0.03774522992901622,0.05978601260034453
671_T1_vs_T3,longitudinal,7,LFArm_to_LHand_ry,LFArm_to_LHand,ry,0.36413968438656713,0.02640351030778903,-0.3377361740787781,0.03774522992901622,0.05978601260034453
671_T1_vs_T3,longitudinal,7,LFArm_to_LHand_rz,LFArm_to_LHand,rz,0.21676133350047225,0.2624697083229161,0.04570837482244386,0.03774522992901622,0.05978601260034453
671_T1_vs_T3,longitudinal,7,LShin_to_LFoot_rx,LShin_to_LFoot,rx,0.05957347531177844,0.06985651816882087,0.01028304285704243,0.03774522992901622,0.05978601260034453
671_T1_vs_T3,longitudinal,7,LShin_to_LFoot_ry,LShin_to_LFoot,ry,0.036475477811406,0.013467343056183087,-0.02300813475522291,0.03774522992901622,0.05978601260034453
671_T1_vs_T3,longitudinal,7,LShin_to_LFoot_rz,LShin_to_LFoot,rz,0.03793438149339548,0.04679706347198415,0.008862681978588673,0.03774522992901622,0.05978601260034453
671_T1_vs_T3,longitudinal,7,LShoulder_to_LUArm_rx,LShoulder_to_LUArm,rx,0.04064796640774048,0.13527423190739016,0.09462626549964967,0.03774522992901622,0.05978601260034453
671_T1_vs_T3,longitudinal,7,LShoulder_to_LUArm_ry,LShoulder_to_LUArm,ry,0.3311785248985695,0.16547091648433537,-0.16570760841423415,0.03774522992901622,0.05978601260034453
671_T1_vs_T3,longitudinal,7,LShoulder_to_LUArm_rz,LShoulder_to_LUArm,rz,0.2442590127050279,0.12624580955437095,-0.11801320315065694,0.03774522992901622,0.05978601260034453
671_T1_vs_T3,longitudinal,7,LThigh_to_LShin_rx,LThigh_to_LShin,rx,0.10181593229886632,0.06984264839245583,-0.03197328390641049,0.03774522992901622,0.05978601260034453
671_T1_vs_T3,longitudinal,7,LThigh_to_LShin_ry,LThigh_to_LShin,ry,1.2252332820513765e-08,1.3926313692563188e-09,-1.0859701451257446e-08,0.03774522992901622,0.05978601260034453
671_T1_vs_T3,longitudinal,7,LThigh_to_LShin_rz,LThigh_to_LShin,rz,1.837223494854471e-09,1.0080691828821762e-08,8.243468333967292e-09,0.03774522992901622,0.05978601260034453
671_T1_vs_T3,longitudinal,7,LUArm_to_LFArm_rx,LUArm_to_LFArm,rx,0.2081040163236463,0.14252296460874683,-0.06558105171489947,0.03774522992901622,0.05978601260034453
671_T1_vs_T3,longitudinal,7,LUArm_to_LFArm_ry,LUArm_to_LFArm,ry,0.1137678197601113,0.2149771593394739,0.1012093395793626,0.03774522992901622,0.05978601260034453
671_T1_vs_T3,longitudinal,7,LUArm_to_LFArm_rz,LUArm_to_LFArm,rz,0.19116591209282816,0.054713817730051316,-0.13645209436277683,0.03774522992901622,0.05978601260034453
671_T1_vs_T3,longitudinal,7,Neck_to_Head_rx,Neck_to_Head,rx,0.049862741167129236,0.051328796131542946,0.00146605496441371,0.03774522992901622,0.05978601260034453
671_T1_vs_T3,longitudinal,7,Neck_to_Head_ry,Neck_to_Head,ry,0.02441697061295044,0.014099656420533986,-0.010317314192416454,0.03774522992901622,0.05978601260034453
671_T1_vs_T3,longitudinal,7,Neck_to_Head_rz,Neck_to_Head,rz,0.02880255072474285,0.02815828575145521,-0.00064426497328764,0.03774522992901622,0.05978601260034453
671_T1_vs_T3,longitudinal,7,RFArm_to_RHand_rx,RFArm_to_RHand,rx,0.016824800704608994,0.0818464995486322,0.0650216988440232,0.03774522992901622,0.05978601260034453
671_T1_vs_T3,longitudinal,7,RFArm_to_RHand_ry,RFArm_to_RHand,ry,0.11960403537502245,0.06534289460040944,-0.05426114077461301,0.03774522992901622,0.05978601260034453
671_T1_vs_T3,longitudinal,7,RFArm_to_RHand_rz,RFArm_to_RHand,rz,0.1258846805671403,0.07077856410841454,-0.05510611645872576,0.03774522992901622,0.05978601260034453
671_T1_vs_T3,longitudinal,7,RShin_to_RFoot_rx,RShin_to_RFoot,rx,0.09072127369200428,0.16445262439306432,0.07373135070106004,0.03774522992901622,0.05978601260034453
671_T1_vs_T3,longitudinal,7,RShin_to_RFoot_ry,RShin_to_RFoot,ry,0.07656795476361827,0.011799866106110854,-0.06476808865750742,0.03774522992901622,0.05978601260034453
671_T1_vs_T3,longitudinal,7,RShin_to_RFoot_rz,RShin_to_RFoot,rz,0.04110914445716244,0.10651298240631613,0.06540383794915369,0.03774522992901622,0.05978601260034453
671_T1_vs_T3,longitudinal,7,RShoulder_to_RUArm_rx,RShoulder_to_RUArm,rx,0.2683172443711952,0.31040619534684616,0.04208895097565096,0.03774522992901622,0.05978601260034453
671_T1_vs_T3,longitudinal,7,RShoulder_to_RUArm_ry,RShoulder_to_RUArm,ry,0.013781510961569229,0.2503734922665626,0.23659198130499334,0.03774522992901622,0.05978601260034453
671_T1_vs_T3,longitudinal,7,RShoulder_to_RUArm_rz,RShoulder_to_RUArm,rz,0.4716660141289534,0.31659540696449007,-0.15507060716446336,0.03774522992901622,0.05978601260034453
671_T1_vs_T3,longitudinal,7,RThigh_to_RShin_rx,RThigh_to_RShin,rx,0.19565015235373595,0.3528732412497507,0.15722308889601477,0.03774522992901622,0.05978601260034453
671_T1_vs_T3,longitudinal,7,RThigh_to_RShin_ry,RThigh_to_RShin,ry,1.1285953439051535e-08,9.306487627493712e-09,-1.9794658115578228e-09,0.03774522992901622,0.05978601260034453
671_T1_vs_T3,longitudinal,7,RThigh_to_RShin_rz,RThigh_to_RShin,rz,1.4871213867005319e-08,7.1266927101457395e-09,-7.74452115685958e-09,0.03774522992901622,0.05978601260034453
671_T1_vs_T3,longitudinal,7,RUArm_to_RFArm_rx,RUArm_to_RFArm,rx,0.011215337572961321,0.3490508708670033,0.337835533294042,0.03774522992901622,0.05978601260034453
671_T1_vs_T3,longitudinal,7,RUArm_to_RFArm_ry,RUArm_to_RFArm,ry,0.022822073130839362,0.24011582110924032,0.21729374797840095,0.03774522992901622,0.05978601260034453
671_T1_vs_T3,longitudinal,7,RUArm_to_RFArm_rz,RUArm_to_RFArm,rz,0.12955255694538872,0.2723055323447624,0.14275297539937368,0.03774522992901622,0.05978601260034453
671_T1_vs_T3,longitudinal,8,Chest_to_LShoulder_rx,Chest_to_LShoulder,rx,0.03668393266384324,0.03174078544659617,-0.0049431472172470695,0.033418628683326644,0.03658288924229806
671_T1_vs_T3,longitudinal,8,Chest_to_LShoulder_ry,Chest_to_LShoulder,ry,0.051150605586925184,0.005408298514850726,-0.04574230707207446,0.033418628683326644,0.03658288924229806
671_T1_vs_T3,longitudinal,8,Chest_to_LShoulder_rz,Chest_to_LShoulder,rz,0.13561971292541689,0.12563318661784761,-0.009986526307569271,0.033418628683326644,0.03658288924229806
671_T1_vs_T3,longitudinal,8,Chest_to_Neck_rx,Chest_to_Neck,rx,0.06928268225367283,0.06451422790853407,-0.004768454345138756,0.033418628683326644,0.03658288924229806
671_T1_vs_T3,longitudinal,8,Chest_to_Neck_ry,Chest_to_Neck,ry,0.014745212513121699,0.0073441040896244335,-0.007401108423497265,0.033418628683326644,0.03658288924229806
671_T1_vs_T3,longitudinal,8,Chest_to_Neck_rz,Chest_to_Neck,rz,0.006772188995228247,0.009382975320028193,0.002610786324799946,0.033418628683326644,0.03658288924229806
671_T1_vs_T3,longitudinal,8,Chest_to_RShoulder_rx,Chest_to_RShoulder,rx,0.009759055320996876,0.042078764046744835,0.03231970872574796,0.033418628683326644,0.03658288924229806
671_T1_vs_T3,longitudinal,8,Chest_to_RShoulder_ry,Chest_to_RShoulder,ry,0.05434849029119283,0.008011251220929997,-0.04633723907026284,0.033418628683326644,0.03658288924229806
671_T1_vs_T3,longitudinal,8,Chest_to_RShoulder_rz,Chest_to_RShoulder,rz,0.1491344201172722,0.1585375133361004,0.009403093218828179,0.033418628683326644,0.03658288924229806
671_T1_vs_T3,longitudinal,8,LFArm_to_LHand_rx,LFArm_to_LHand,rx,0.02711530671712087,0.054071239524167966,0.026955932807047098,0.033418628683326644,0.03658288924229806
671_T1_vs_T3,longitudinal,8,LFArm_to_LHand_ry,LFArm_to_LHand,ry,0.1294003715959018,0.12794545229710502,-0.001454919298796764,0.033418628683326644,0.03658288924229806
671_T1_vs_T3,longitudinal,8,LFArm_to_LHand_rz,LFArm_to_LHand,rz,0.05640809386299181,0.19734339028625839,0.14093529642326658,0.033418628683326644,0.03658288924229806
671_T1_vs_T3,longitudinal,8,LShin_to_LFoot_rx,LShin_to_LFoot,rx,0.00450891688309143,0.11296145710546482,0.10845254022237338,0.033418628683326644,0.03658288924229806
671_T1_vs_T3,longitudinal,8,LShin_to_LFoot_ry,LShin_to_LFoot,ry,0.009827935951475004,0.04772698278688675,0.037899046835411745,0.033418628683326644,0.03658288924229806
671_T1_vs_T3,longitudinal,8,LShin_to_LFoot_rz,LShin_to_LFoot,rz,0.03394325349393534,0.01588859174186214,-0.018054661752073195,0.033418628683326644,0.03658288924229806
671_T1_vs_T3,longitudinal,8,LShoulder_to_LUArm_rx,LShoulder_to_LUArm,rx,0.01107064879553036,0.005737896688382696,-0.005332752107147664,0.033418628683326644,0.03658288924229806
671_T1_vs_T3,longitudinal,8,LShoulder_to_LUArm_ry,LShoulder_to_LUArm,ry,0.23022811333494084,0.042391790753109254,-0.18783632258183158,0.033418628683326644,0.03658288924229806
671_T1_vs_T3,longitudinal,8,LShoulder_to_LUArm_rz,LShoulder_to_LUArm,rz,0.32468938117106505,0.3104906805264471,-0.014198700644617923,0.033418628683326644,0.03658288924229806
671_T1_vs_T3,longitudinal,8,LThigh_to_LShin_rx,LThigh_to_LShin,rx,0.14898345707840116,0.01496425975907094,-0.1340191973193302,0.033418628683326644,0.03658288924229806
671_T1_vs_T3,longitudinal,8,LThigh_to_LShin_ry,LThigh_to_LShin,ry,2.0534799196068937e-08,1.251461939696924e-08,-8.020179799099698e-09,0.033418628683326644,0.03658288924229806
671_T1_vs_T3,longitudinal,8,LThigh_to_LShin_rz,LThigh_to_LShin,rz,4.110972559103823e-09,2.4592563441023765e-09,-1.6517162150014467e-09,0.033418628683326644,0.03658288924229806
671_T1_vs_T3,longitudinal,8,LUArm_to_LFArm_rx,LUArm_to_LFArm,rx,0.4814668642781744,0.1350080399015208,-0.34645882437665365,0.033418628683326644,0.03658288924229806
671_T1_vs_T3,longitudinal,8,LUArm_to_LFArm_ry,LUArm_to_LFArm,ry,0.2509147608595055,0.054040435319589825,-0.19687432553991566,0.033418628683326644,0.03658288924229806
671_T1_vs_T3,longitudinal,8,LUArm_to_LFArm_rz,LUArm_to_LFArm,rz,0.3102778306296397,0.07189242493811872,-0.238385405691521,0.033418628683326644,0.03658288924229806
671_T1_vs_T3,longitudinal,8,Neck_to_Head_rx,Neck_to_Head,rx,0.06928270668462841,0.06451422729523873,-0.004768479389389679,0.033418628683326644,0.03658288924229806
671_T1_vs_T3,longitudinal,8,Neck_to_Head_ry,Neck_to_Head,ry,0.014745207797092893,0.007344124245426845,-0.007401083551666048,0.033418628683326644,0.03658288924229806
671_T1_vs_T3,longitudinal,8,Neck_to_Head_rz,Neck_to_Head,rz,0.006772224088304712,0.009382952905659282,0.00261072881735457,0.033418628683326644,0.03658288924229806
671_T1_vs_T3,longitudinal,8,RFArm_to_RHand_rx,RFArm_to_RHand,rx,0.1524220292813184,0.04382364021873198,-0.10859838906258643,0.033418628683326644,0.03658288924229806
671_T1_vs_T3,longitudinal,8,RFArm_to_RHand_ry,RFArm_to_RHand,ry,0.2049242165288782,0.24543498067008448,0.040510764141206274,0.033418628683326644,0.03658288924229806
671_T1_vs_T3,longitudinal,8,RFArm_to_RHand_rz,RFArm_to_RHand,rz,0.10881965190220214,0.42140541198262965,0.3125857600804275,0.033418628683326644,0.03658288924229806
671_T1_vs_T3,longitudinal,8,RShin_to_RFoot_rx,RShin_to_RFoot,rx,0.09558252091915172,0.04159227803389581,-0.053990242885255904,0.033418628683326644,0.03658288924229806
671_T1_vs_T3,longitudinal,8,RShin_to_RFoot_ry,RShin_to_RFoot,ry,0.008203148134540641,0.0028883823251974945,-0.005314765809343147,0.033418628683326644,0.03658288924229806
671_T1_vs_T3,longitudinal,8,RShin_to_RFoot_rz,RShin_to_RFoot,rz,0.060731051113760336,0.08402067924140275,0.02328962812764241,0.033418628683326644,0.03658288924229806
671_T1_vs_T3,longitudinal,8,RShoulder_to_RUArm_rx,RShoulder_to_RUArm,rx,0.08234707120143082,0.25844487336586636,0.17609780216443555,0.033418628683326644,0.03658288924229806
671_T1_vs_T3,longitudinal,8,RShoulder_to_RUArm_ry,RShoulder_to_RUArm,ry,0.05311682533927787,0.10209121866827851,0.048974393329000644,0.033418628683326644,0.03658288924229806
671_T1_vs_T3,longitudinal,8,RShoulder_to_RUArm_rz,RShoulder_to_RUArm,rz,0.2500075099892039,0.27980441015457025,0.029796900165366347,0.033418628683326644,0.03658288924229806
671_T1_vs_T3,longitudinal,8,RThigh_to_RShin_rx,RThigh_to_RShin,rx,0.13160023129044437,0.24978038883475645,0.11818015754431208,0.033418628683326644,0.03658288924229806
671_T1_vs_T3,longitudinal,8,RThigh_to_RShin_ry,RThigh_to_RShin,ry,9.8432986610037e-09,5.074592738264071e-09,-4.7687059227396294e-09,0.033418628683326644,0.03658288924229806
671_T1_vs_T3,longitudinal,8,RThigh_to_RShin_rz,RThigh_to_RShin,rz,1.1690981702518649e-08,1.0484497317136515e-08,-1.2064843853821336e-09,0.033418628683326644,0.03658288924229806
671_T1_vs_T3,longitudinal,8,RUArm_to_RFArm_rx,RUArm_to_RFArm,rx,0.27376612858717875,0.31384633884323304,0.040080210256054294,0.033418628683326644,0.03658288924229806
671_T1_vs_T3,longitudinal,8,RUArm_to_RFArm_ry,RUArm_to_RFArm,ry,0.19541696002266398,0.2763532163758328,0.08093625635316884,0.033418628683326644,0.03658288924229806
671_T1_vs_T3,longitudinal,8,RUArm_to_RFArm_rz,RUArm_to_RFArm,rz,0.2366217473172751,0.32862207867990717,0.09200033136263208,0.033418628683326644,0.03658288924229806
671_T1_vs_T3,longitudinal,9,Chest_to_LShoulder_rx,Chest_to_LShoulder,rx,0.11710731538891296,0.13945412713863714,0.02234681174972418,0.03258356229652441,0.03398656963412051
671_T1_vs_T3,longitudinal,9,Chest_to_LShoulder_ry,Chest_to_LShoulder,ry,0.11697942089260417,0.12222953267797568,0.005250111785371506,0.03258356229652441,0.03398656963412051
671_T1_vs_T3,longitudinal,9,Chest_to_LShoulder_rz,Chest_to_LShoulder,rz,0.1260895193881881,0.07737867597605802,-0.048710843412130084,0.03258356229652441,0.03398656963412051
671_T1_vs_T3,longitudinal,9,Chest_to_Neck_rx,Chest_to_Neck,rx,0.23301358982000506,0.2287042091452958,-0.004309380674709262,0.03258356229652441,0.03398656963412051
671_T1_vs_T3,longitudinal,9,Chest_to_Neck_ry,Chest_to_Neck,ry,0.01892063276609044,0.02613377411702182,0.0072131413509313805,0.03258356229652441,0.03398656963412051
671_T1_vs_T3,longitudinal,9,Chest_to_Neck_rz,Chest_to_Neck,rz,0.014084402044872121,0.01620352087853853,0.002119118833666408,0.03258356229652441,0.03398656963412051
671_T1_vs_T3,longitudinal,9,Chest_to_RShoulder_rx,Chest_to_RShoulder,rx,0.05576353549547442,0.03316827760314821,-0.022595257892326213,0.03258356229652441,0.03398656963412051
671_T1_vs_T3,longitudinal,9,Chest_to_RShoulder_ry,Chest_to_RShoulder,ry,0.08660089545858882,0.0869846938465896,0.0003837983880007889,0.03258356229652441,0.03398656963412051
671_T1_vs_T3,longitudinal,9,Chest_to_RShoulder_rz,Chest_to_RShoulder,rz,0.06536540922257199,0.09779438513060816,0.03242897590803617,0.03258356229652441,0.03398656963412051
671_T1_vs_T3,longitudinal,9,LFArm_to_LHand_rx,LFArm_to_LHand,rx,0.2168756180604503,0.07467457703335359,-0.14220104102709671,0.03258356229652441,0.03398656963412051
671_T1_vs_T3,longitudinal,9,LFArm_to_LHand_ry,LFArm_to_LHand,ry,0.17994350226296804,0.12080534724642072,-0.05913815501654732,0.03258356229652441,0.03398656963412051
671_T1_vs_T3,longitudinal,9,LFArm_to_LHand_rz,LFArm_to_LHand,rz,0.08662133247812927,0.14072804601907912,0.054106713540949855,0.03258356229652441,0.03398656963412051
671_T1_vs_T3,longitudinal,9,LShin_to_LFoot_rx,LShin_to_LFoot,rx,0.23251101936771876,0.2084262273127751,-0.024084792054943654,0.03258356229652441,0.03398656963412051
671_T1_vs_T3,longitudinal,9,LShin_to_LFoot_ry,LShin_to_LFoot,ry,0.05766216389771007,0.05366417623662204,-0.003997987661088026,0.03258356229652441,0.03398656963412051
671_T1_vs_T3,longitudinal,9,LShin_to_LFoot_rz,LShin_to_LFoot,rz,0.03230840317083036,0.02911432250840035,-0.003194080662430012,0.03258356229652441,0.03398656963412051
671_T1_vs_T3,longitudinal,9,LShoulder_to_LUArm_rx,LShoulder_to_LUArm,rx,0.24666222082518605,0.37106258592799507,0.12440036510280902,0.03258356229652441,0.03398656963412051
671_T1_vs_T3,longitudinal,9,LShoulder_to_LUArm_ry,LShoulder_to_LUArm,ry,0.23477217498164604,0.2777176972536647,0.042945522272018644,0.03258356229652441,0.03398656963412051
671_T1_vs_T3,longitudinal,9,LShoulder_to_LUArm_rz,LShoulder_to_LUArm,rz,0.2536159407507112,0.16384723319103603,-0.08976870755967517,0.03258356229652441,0.03398656963412051
671_T1_vs_T3,longitudinal,9,LThigh_to_LShin_rx,LThigh_to_LShin,rx,0.40919757924280314,0.40440995455724155,-0.004787624685561598,0.03258356229652441,0.03398656963412051
671_T1_vs_T3,longitudinal,9,LThigh_to_LShin_ry,LThigh_to_LShin,ry,6.39509980267382e-10,6.512969647043918e-09,5.873459666776536e-09,0.03258356229652441,0.03398656963412051
671_T1_vs_T3,longitudinal,9,LThigh_to_LShin_rz,LThigh_to_LShin,rz,8.893035834134355e-09,1.1083964339030076e-08,2.1909285048957213e-09,0.03258356229652441,0.03398656963412051
671_T1_vs_T3,longitudinal,9,LUArm_to_LFArm_rx,LUArm_to_LFArm,rx,0.016254687319937795,0.1509433661568419,0.1346886788369041,0.03258356229652441,0.03398656963412051
671_T1_vs_T3,longitudinal,9,LUArm_to_LFArm_ry,LUArm_to_LFArm,ry,0.05747397369358772,0.10035149677275923,0.04287752307917151,0.03258356229652441,0.03398656963412051
671_T1_vs_T3,longitudinal,9,LUArm_to_LFArm_rz,LUArm_to_LFArm,rz,0.016381548879970693,0.05938981188164922,0.04300826300167852,0.03258356229652441,0.03398656963412051
671_T1_vs_T3,longitudinal,9,Neck_to_Head_rx,Neck_to_Head,rx,0.2330135925406716,0.2287042235977636,-0.0043093689429080095,0.03258356229652441,0.03398656963412051
671_T1_vs_T3,longitudinal,9,Neck_to_Head_ry,Neck_to_Head,ry,0.018920653094844912,0.026133781476564383,0.007213128381719471,0.03258356229652441,0.03398656963412051
671_T1_vs_T3,longitudinal,9,Neck_to_Head_rz,Neck_to_Head,rz,0.014084400092090279,0.016203512401430777,0.0021191123093404988,0.03258356229652441,0.03398656963412051
671_T1_vs_T3,longitudinal,9,RFArm_to_RHand_rx,RFArm_to_RHand,rx,0.0064815275605507585,0.007702846783491435,0.0012213192229406766,0.03258356229652441,0.03398656963412051
671_T1_vs_T3,longitudinal,9,RFArm_to_RHand_ry,RFArm_to_RHand,ry,0.046654856409188525,0.1070628501692575,0.06040799376006897,0.03258356229652441,0.03398656963412051
671_T1_vs_T3,longitudinal,9,RFArm_to_RHand_rz,RFArm_to_RHand,rz,0.014660222416469087,0.15495155268514488,0.1402913302686758,0.03258356229652441,0.03398656963412051
671_T1_vs_T3,longitudinal,9,RShin_to_RFoot_rx,RShin_to_RFoot,rx,0.007385593381031634,0.005960760231987684,-0.0014248331490439503,0.03258356229652441,0.03398656963412051
671_T1_vs_T3,longitudinal,9,RShin_to_RFoot_ry,RShin_to_RFoot,ry,0.061081102226962954,0.041963389888482056,-0.019117712338480898,0.03258356229652441,0.03398656963412051
671_T1_vs_T3,longitudinal,9,RShin_to_RFoot_rz,RShin_to_RFoot,rz,0.08135219280506202,0.05457980386891114,-0.02677238893615088,0.03258356229652441,0.03398656963412051
671_T1_vs_T3,longitudinal,9,RShoulder_to_RUArm_rx,RShoulder_to_RUArm,rx,0.1244223831232549,0.03838273183128755,-0.08603965129196736,0.03258356229652441,0.03398656963412051
671_T1_vs_T3,longitudinal,9,RShoulder_to_RUArm_ry,RShoulder_to_RUArm,ry,0.3938862493028714,0.36535156896004944,-0.028534680342821972,0.03258356229652441,0.03398656963412051
671_T1_vs_T3,longitudinal,9,RShoulder_to_RUArm_rz,RShoulder_to_RUArm,rz,0.0673134687915095,0.11469395675074728,0.047380487959237785,0.03258356229652441,0.03398656963412051
671_T1_vs_T3,longitudinal,9,RThigh_to_RShin_rx,RThigh_to_RShin,rx,0.3766252550004058,0.3189296418236207,-0.057695613176785066,0.03258356229652441,0.03398656963412051
671_T1_vs_T3,longitudinal,9,RThigh_to_RShin_ry,RThigh_to_RShin,ry,3.4134945795935585e-08,2.8432721347583865e-08,-5.70222444835172e-09,0.03258356229652441,0.03398656963412051
671_T1_vs_T3,longitudinal,9,RThigh_to_RShin_rz,RThigh_to_RShin,rz,3.228794676974735e-08,3.9451722211524964e-08,7.163775441777612e-09,0.03258356229652441,0.03398656963412051
671_T1_vs_T3,longitudinal,9,RUArm_to_RFArm_rx,RUArm_to_RFArm,rx,0.07065978769121568,0.048105510725966034,-0.02255427696524965,0.03258356229652441,0.03398656963412051
671_T1_vs_T3,longitudinal,9,RUArm_to_RFArm_ry,RUArm_to_RFArm,ry,0.019362969057328337,0.04515602840584381,0.025793059348515474,0.03258356229652441,0.03398656963412051
671_T1_vs_T3,longitudinal,9,RUArm_to_RFArm_rz,RUArm_to_RFArm,rz,0.00010599363846632134,0.1080433197243955,0.10793732608592918,0.03258356229652441,0.03398656963412051
671_T1_R1_vs_R2,natural_variability,1,Chest_to_LShoulder_rx,Chest_to_LShoulder,rx,0.09860917704822413,0.025077813791703242,-0.07353136325652088,0.21760445692313712,0.3060851821278828
671_T1_R1_vs_R2,natural_variability,1,Chest_to_LShoulder_ry,Chest_to_LShoulder,ry,0.013494931433592816,0.029901574091839887,0.01640664265824707,0.21760445692313712,0.3060851821278828
671_T1_R1_vs_R2,natural_variability,1,Chest_to_LShoulder_rz,Chest_to_LShoulder,rz,0.04336139447234837,0.01541779522822889,-0.02794359924411948,0.21760445692313712,0.3060851821278828
671_T1_R1_vs_R2,natural_variability,1,Chest_to_Neck_rx,Chest_to_Neck,rx,0.037189860001234504,0.03347518078494746,-0.0037146792162870423,0.21760445692313712,0.3060851821278828
671_T1_R1_vs_R2,natural_variability,1,Chest_to_Neck_ry,Chest_to_Neck,ry,0.012004956134589864,0.006780689681584177,-0.005224266453005688,0.21760445692313712,0.3060851821278828
671_T1_R1_vs_R2,natural_variability,1,Chest_to_Neck_rz,Chest_to_Neck,rz,0.01720650756509007,0.014834277576977651,-0.00237222998811242,0.21760445692313712,0.3060851821278828
671_T1_R1_vs_R2,natural_variability,1,Chest_to_RShoulder_rx,Chest_to_RShoulder,rx,0.011150322555876042,0.010366896777313488,-0.0007834257785625538,0.21760445692313712,0.3060851821278828
671_T1_R1_vs_R2,natural_variability,1,Chest_to_RShoulder_ry,Chest_to_RShoulder,ry,0.025501672508607926,0.013274951718241897,-0.01222672079036603,0.21760445692313712,0.3060851821278828
671_T1_R1_vs_R2,natural_variability,1,Chest_to_RShoulder_rz,Chest_to_RShoulder,rz,0.015583074035494212,0.07028224895357103,0.05469917491807682,0.21760445692313712,0.3060851821278828
671_T1_R1_vs_R2,natural_variability,1,LFArm_to_LHand_rx,LFArm_to_LHand,rx,0.1843970287119357,0.039175786685006805,-0.14522124202692888,0.21760445692313712,0.3060851821278828
671_T1_R1_vs_R2,natural_variability,1,LFArm_to_LHand_ry,LFArm_to_LHand,ry,0.03621419030760816,0.033711051318297575,-0.002503138989310587,0.21760445692313712,0.3060851821278828
671_T1_R1_vs_R2,natural_variability,1,LFArm_to_LHand_rz,LFArm_to_LHand,rz,0.2631930598030048,0.08664796472539148,-0.1765450950776133,0.21760445692313712,0.3060851821278828
671_T1_R1_vs_R2,natural_variability,1,LShin_to_LFoot_rx,LShin_to_LFoot,rx,0.09553073298266133,0.03569126251211203,-0.05983947047054931,0.21760445692313712,0.3060851821278828
671_T1_R1_vs_R2,natural_variability,1,LShin_to_LFoot_ry,LShin_to_LFoot,ry,0.04340724573642802,0.06457360388434998,0.021166358147921956,0.21760445692313712,0.3060851821278828
671_T1_R1_vs_R2,natural_variability,1,LShin_to_LFoot_rz,LShin_to_LFoot,rz,0.03280213979436627,0.01800279592163103,-0.014799343872735238,0.21760445692313712,0.3060851821278828
671_T1_R1_vs_R2,natural_variability,1,LShoulder_to_LUArm_rx,LShoulder_to_LUArm,rx,0.27880710917930757,0.0997278558369256,-0.17907925334238195,0.21760445692313712,0.3060851821278828
671_T1_R1_vs_R2,natural_variability,1,LShoulder_to_LUArm_ry,LShoulder_to_LUArm,ry,0.07294843993535204,0.07358613383006438,0.0006376938947123406,0.21760445692313712,0.3060851821278828
671_T1_R1_vs_R2,natural_variability,1,LShoulder_to_LUArm_rz,LShoulder_to_LUArm,rz,0.03499813539046999,0.10749251377757732,0.07249437838710733,0.21760445692313712,0.3060851821278828
671_T1_R1_vs_R2,natural_variability,1,LThigh_to_LShin_rx,LThigh_to_LShin,rx,0.11353766999446659,0.04004361260182069,-0.07349405739264589,0.21760445692313712,0.3060851821278828
671_T1_R1_vs_R2,natural_variability,1,LThigh_to_LShin_ry,LThigh_to_LShin,ry,2.1407609127593e-09,2.3875406413160805e-08,2.1734645500401504e-08,0.21760445692313712,0.3060851821278828
671_T1_R1_vs_R2,natural_variability,1,LThigh_to_LShin_rz,LThigh_to_LShin,rz,4.497580379005994e-09,6.919659184794293e-09,2.4220788057882985e-09,0.21760445692313712,0.3060851821278828
671_T1_R1_vs_R2,natural_variability,1,LUArm_to_LFArm_rx,LUArm_to_LFArm,rx,0.02578742288207315,0.13793319568879225,0.1121457728067191,0.21760445692313712,0.3060851821278828
671_T1_R1_vs_R2,natural_variability,1,LUArm_to_LFArm_ry,LUArm_to_LFArm,ry,0.5919550340607206,0.6628174816833547,0.07086244762263416,0.21760445692313712,0.3060851821278828
671_T1_R1_vs_R2,natural_variability,1,LUArm_to_LFArm_rz,LUArm_to_LFArm,rz,0.09985019031050929,0.2008964286994132,0.10104623838890392,0.21760445692313712,0.3060851821278828
671_T1_R1_vs_R2,natural_variability,1,Neck_to_Head_rx,Neck_to_Head,rx,0.03718986995542518,0.03347518755275835,-0.0037146824026668274,0.21760445692313712,0.3060851821278828
671_T1_R1_vs_R2,natural_variability,1,Neck_to_Head_ry,Neck_to_Head,ry,0.01200496569826728,0.006780681403572121,-0.005224284294695159,0.21760445692313712,0.3060851821278828
671_T1_R1_vs_R2,natural_variability,1,Neck_to_Head_rz,Neck_to_Head,rz,0.01720651107197378,0.014834293387397618,-0.0023722176845761608,0.21760445692313712,0.3060851821278828
671_T1_R1_vs_R2,natural_variability,1,RFArm_to_RHand_rx,RFArm_to_RHand,rx,0.2555814512865733,0.027119779166329475,-0.22846167212024382,0.21760445692313712,0.3060851821278828
671_T1_R1_vs_R2,natural_variability,1,RFArm_to_RHand_ry,RFArm_to_RHand,ry,0.1261659354129264,0.003736216674770028,-0.12242971873815636,0.21760445692313712,0.3060851821278828
671_T1_R1_vs_R2,natural_variability,1,RFArm_to_RHand_rz,RFArm_to_RHand,rz,0.4456962804598942,0.08583165793966205,-0.3598646225202321,0.21760445692313712,0.3060851821278828
671_T1_R1_vs_R2,natural_variability,1,RShin_to_RFoot_rx,RShin_to_RFoot,rx,0.0853235335527174,0.07583313860703027,-0.009490394945687139,0.21760445692313712,0.3060851821278828
671_T1_R1_vs_R2,natural_variability,1,RShin_to_RFoot_ry,RShin_to_RFoot,ry,0.018802384740251255,0.010485503754064788,-0.008316880986186466,0.21760445692313712,0.3060851821278828
671_T1_R1_vs_R2,natural_variability,1,RShin_to_RFoot_rz,RShin_to_RFoot,rz,0.02863210687898123,0.037120640049349805,0.008488533170368576,0.21760445692313712,0.3060851821278828
671_T1_R1_vs_R2,natural_variability,1,RShoulder_to_RUArm_rx,RShoulder_to_RUArm,rx,0.07449577607776649,0.028153902816441038,-0.04634187326132545,0.21760445692313712,0.3060851821278828
671_T1_R1_vs_R2,natural_variability,1,RShoulder_to_RUArm_ry,RShoulder_to_RUArm,ry,0.04422538096685452,0.08283498585005368,0.03860960488319916,0.21760445692313712,0.3060851821278828
671_T1_R1_vs_R2,natural_variability,1,RShoulder_to_RUArm_rz,RShoulder_to_RUArm,rz,0.04082341770611481,0.048877721388736375,0.008054303682621562,0.21760445692313712,0.3060851821278828
671_T1_R1_vs_R2,natural_variability,1,RThigh_to_RShin_rx,RThigh_to_RShin,rx,0.15161952049093053,0.07623027277187647,-0.07538924771905406,0.21760445692313712,0.3060851821278828
671_T1_R1_vs_R2,natural_variability,1,RThigh_to_RShin_ry,RThigh_to_RShin,ry,1.2987017681708775e-09,7.59561175593278e-09,6.296909987761902e-09,0.21760445692313712,0.3060851821278828
671_T1_R1_vs_R2,natural_variability,1,RThigh_to_RShin_rz,RThigh_to_RShin,rz,1.3467825612418535e-08,9.76730103401576e-09,-3.7005245784027743e-09,0.21760445692313712,0.3060851821278828
671_T1_R1_vs_R2,natural_variability,1,RUArm_to_RFArm_rx,RUArm_to_RFArm,rx,0.051232710578247485,0.1670867993584554,0.11585408878020792,0.21760445692313712,0.3060851821278828
671_T1_R1_vs_R2,natural_variability,1,RUArm_to_RFArm_ry,RUArm_to_RFArm,ry,0.2923596031268087,0.5843839234329461,0.2920243203061374,0.21760445692313712,0.3060851821278828
671_T1_R1_vs_R2,natural_variability,1,RUArm_to_RFArm_rz,RUArm_to_RFArm,rz,0.008068776815692943,0.21548396876811218,0.20741519195241925,0.21760445692313712,0.3060851821278828
671_T1_R1_vs_R2,natural_variability,2,Chest_to_LShoulder_rx,Chest_to_LShoulder,rx,0.0044893248158916575,0.08287426908823263,0.07838494427234097,0.18541686306011937,0.22509019463205351
671_T1_R1_vs_R2,natural_variability,2,Chest_to_LShoulder_ry,Chest_to_LShoulder,ry,0.0155756565729078,0.0098144223685955,-0.0057612342043123,0.18541686306011937,0.22509019463205351
671_T1_R1_vs_R2,natural_variability,2,Chest_to_LShoulder_rz,Chest_to_LShoulder,rz,0.011134448454173145,0.00791700704900958,-0.0032174414051635656,0.18541686306011937,0.22509019463205351
671_T1_R1_vs_R2,natural_variability,2,Chest_to_Neck_rx,Chest_to_Neck,rx,0.0034533459362768473,0.025531167619037443,0.022077821682760596,0.18541686306011937,0.22509019463205351
671_T1_R1_vs_R2,natural_variability,2,Chest_to_Neck_ry,Chest_to_Neck,ry,0.041782177799496965,0.0012118560747784997,-0.040570321724718465,0.18541686306011937,0.22509019463205351
671_T1_R1_vs_R2,natural_variability,2,Chest_to_Neck_rz,Chest_to_Neck,rz,0.03629524297238621,0.0032693735063295693,-0.033025869466056644,0.18541686306011937,0.22509019463205351
671_T1_R1_vs_R2,natural_variability,2,Chest_to_RShoulder_rx,Chest_to_RShoulder,rx,0.07444021517105795,0.03879510120517323,-0.03564511396588472,0.18541686306011937,0.22509019463205351
671_T1_R1_vs_R2,natural_variability,2,Chest_to_RShoulder_ry,Chest_to_RShoulder,ry,0.03445179855821706,0.0025872919705594377,-0.031864506587657625,0.18541686306011937,0.22509019463205351
671_T1_R1_vs_R2,natural_variability,2,Chest_to_RShoulder_rz,Chest_to_RShoulder,rz,0.07861412327405408,0.07104012509110379,-0.007573998182950292,0.18541686306011937,0.22509019463205351
671_T1_R1_vs_R2,natural_variability,2,LFArm_to_LHand_rx,LFArm_to_LHand,rx,0.04189993648219543,0.23230810504568722,0.1904081685634918,0.18541686306011937,0.22509019463205351
671_T1_R1_vs_R2,natural_variability,2,LFArm_to_LHand_ry,LFArm_to_LHand,ry,0.0010690018213799191,0.06128531239733637,0.060216310575956444,0.18541686306011937,0.22509019463205351
671_T1_R1_vs_R2,natural_variability,2,LFArm_to_LHand_rz,LFArm_to_LHand,rz,0.012487128566301929,0.4140977651745016,0.4016106366081997,0.18541686306011937,0.22509019463205351
671_T1_R1_vs_R2,natural_variability,2,LShin_to_LFoot_rx,LShin_to_LFoot,rx,0.03925487413874596,0.012690818086963786,-0.026564056051782175,0.18541686306011937,0.22509019463205351
671_T1_R1_vs_R2,natural_variability,2,LShin_to_LFoot_ry,LShin_to_LFoot,ry,0.09223083534594124,0.03612009245982555,-0.05611074288611569,0.18541686306011937,0.22509019463205351
671_T1_R1_vs_R2,natural_variability,2,LShin_to_LFoot_rz,LShin_to_LFoot,rz,0.0011689636460050236,0.018744034764404036,0.017575071118399014,0.18541686306011937,0.22509019463205351
671_T1_R1_vs_R2,natural_variability,2,LShoulder_to_LUArm_rx,LShoulder_to_LUArm,rx,0.0036882406702342012,0.2511901483584481,0.2475019076882139,0.18541686306011937,0.22509019463205351
671_T1_R1_vs_R2,natural_variability,2,LShoulder_to_LUArm_ry,LShoulder_to_LUArm,ry,0.04191687152009509,0.003981025443986167,-0.03793584607610893,0.18541686306011937,0.22509019463205351
671_T1_R1_vs_R2,natural_variability,2,LShoulder_to_LUArm_rz,LShoulder_to_LUArm,rz,0.0015380504631913716,0.011169732934280743,0.009631682471089371,0.18541686306011937,0.22509019463205351
671_T1_R1_vs_R2,natural_variability,2,LThigh_to_LShin_rx,LThigh_to_LShin,rx,0.004633267838597879,0.04711612264604125,0.042482854807443376,0.18541686306011937,0.22509019463205351
671_T1_R1_vs_R2,natural_variability,2,LThigh_to_LShin_ry,LThigh_to_LShin,ry,4.088045059417694e-09,3.674516002548473e-09,-4.135290568692209e-10,0.18541686306011937,0.22509019463205351
671_T1_R1_vs_R2,natural_variability,2,LThigh_to_LShin_rz,LThigh_to_LShin,rz,1.0366959927756073e-08,2.853674307100479e-10,-1.0081592497046025e-08,0.18541686306011937,0.22509019463205351
671_T1_R1_vs_R2,natural_variability,2,LUArm_to_LFArm_rx,LUArm_to_LFArm,rx,0.15490593937615568,0.1194976358900896,-0.03540830348606608,0.18541686306011937,0.22509019463205351
671_T1_R1_vs_R2,natural_variability,2,LUArm_to_LFArm_ry,LUArm_to_LFArm,ry,0.6035782440020238,0.04276789974876151,-0.5608103442532623,0.18541686306011937,0.22509019463205351
671_T1_R1_vs_R2,natural_variability,2,LUArm_to_LFArm_rz,LUArm_to_LFArm,rz,0.20805622042714755,0.0839548241778683,-0.12410139624927925,0.18541686306011937,0.22509019463205351
671_T1_R1_vs_R2,natural_variability,2,Neck_to_Head_rx,Neck_to_Head,rx,0.003453324774935996,0.025531193140258625,0.02207786836532263,0.18541686306011937,0.22509019463205351
671_T1_R1_vs_R2,natural_variability,2,Neck_to_Head_ry,Neck_to_Head,ry,0.04178220032383698,0.001211865914146801,-0.04057033440969018,0.18541686306011937,0.22509019463205351
671_T1_R1_vs_R2,natural_variability,2,Neck_to_Head_rz,Neck_to_Head,rz,0.036295236771379705,0.003269361068972716,-0.03302587570240699,0.18541686306011937,0.22509019463205351
671_T1_R1_vs_R2,natural_variability,2,RFArm_to_RHand_rx,RFArm_to_RHand,rx,0.27958377734306955,0.3466619226487978,0.06707814530572825,0.18541686306011937,0.22509019463205351
671_T1_R1_vs_R2,natural_variability,2,RFArm_to_RHand_ry,RFArm_to_RHand,ry,0.04552785309013764,0.10477493552523116,0.05924708243509352,0.18541686306011937,0.22509019463205351
671_T1_R1_vs_R2,natural_variability,2,RFArm_to_RHand_rz,RFArm_to_RHand,rz,0.5728096862568927,0.6852640372720629,0.1124543510151702,0.18541686306011937,0.22509019463205351
671_T1_R1_vs_R2,natural_variability,2,RShin_to_RFoot_rx,RShin_to_RFoot,rx,0.03610918289678756,0.020679170911556716,-0.015430011985230842,0.18541686306011937,0.22509019463205351
671_T1_R1_vs_R2,natural_variability,2,RShin_to_RFoot_ry,RShin_to_RFoot,ry,0.0360325700900331,0.018131763910409944,-0.017900806179623155,0.18541686306011937,0.22509019463205351
671_T1_R1_vs_R2,natural_variability,2,RShin_to_RFoot_rz,RShin_to_RFoot,rz,0.026327496684892225,0.013961149200455394,-0.01236634748443683,0.18541686306011937,0.22509019463205351
671_T1_R1_vs_R2,natural_variability,2,RShoulder_to_RUArm_rx,RShoulder_to_RUArm,rx,0.2700459139457819,0.1822609359786725,-0.08778497796710943,0.18541686306011937,0.22509019463205351
671_T1_R1_vs_R2,natural_variability,2,RShoulder_to_RUArm_ry,RShoulder_to_RUArm,ry,0.019589400580574564,0.0038806085835934633,-0.0157087919969811,0.18541686306011937,0.22509019463205351
671_T1_R1_vs_R2,natural_variability,2,RShoulder_to_RUArm_rz,RShoulder_to_RUArm,rz,0.0876148522614834,0.08495495763209349,-0.002659894629389911,0.18541686306011937,0.22509019463205351
671_T1_R1_vs_R2,natural_variability,2,RThigh_to_RShin_rx,RThigh_to_RShin,rx,0.03848607787900918,0.05566549800793525,0.017179420128926072,0.18541686306011937,0.22509019463205351
671_T1_R1_vs_R2,natural_variability,2,RThigh_to_RShin_ry,RThigh_to_RShin,ry,7.101800925836628e-09,9.573759904081905e-09,2.4719589782452763e-09,0.18541686306011937,0.22509019463205351
671_T1_R1_vs_R2,natural_variability,2,RThigh_to_RShin_rz,RThigh_to_RShin,rz,1.038989676172281e-08,2.734754304699382e-08,1.6957646285271007e-08,0.18541686306011937,0.22509019463205351
671_T1_R1_vs_R2,natural_variability,2,RUArm_to_RFArm_rx,RUArm_to_RFArm,rx,0.09083545536677508,0.09922216946403199,0.008386714097256914,0.18541686306011937,0.22509019463205351
671_T1_R1_vs_R2,natural_variability,2,RUArm_to_RFArm_ry,RUArm_to_RFArm,ry,0.17517199729489222,0.0764329967341674,-0.09873900056072482,0.18541686306011937,0.22509019463205351
671_T1_R1_vs_R2,natural_variability,2,RUArm_to_RFArm_rz,RUArm_to_RFArm,rz,0.04647908857833326,0.06728817715252557,0.020809088574192308,0.18541686306011937,0.22509019463205351
671_T1_R1_vs_R2,natural_variability,3,Chest_to_LShoulder_rx,Chest_to_LShoulder,rx,0.058118577591310665,0.051428063251390606,-0.006690514339920059,0.12705830044409452,0.1620974930657549
671_T1_R1_vs_R2,natural_variability,3,Chest_to_LShoulder_ry,Chest_to_LShoulder,ry,0.053047341655317555,0.04964563185768706,-0.003401709797630492,0.12705830044409452,0.1620974930657549
671_T1_R1_vs_R2,natural_variability,3,Chest_to_LShoulder_rz,Chest_to_LShoulder,rz,0.016341891611028735,0.02520570649591283,0.008863814884884094,0.12705830044409452,0.1620974930657549
671_T1_R1_vs_R2,natural_variability,3,Chest_to_Neck_rx,Chest_to_Neck,rx,0.06443598363475811,0.05572646636339654,-0.008709517271361572,0.12705830044409452,0.1620974930657549
671_T1_R1_vs_R2,natural_variability,3,Chest_to_Neck_ry,Chest_to_Neck,ry,0.03920524180123643,0.050228786714636174,0.011023544913399741,0.12705830044409452,0.1620974930657549
671_T1_R1_vs_R2,natural_variability,3,Chest_to_Neck_rz,Chest_to_Neck,rz,0.01963327239104969,0.0373845424972613,0.017751270106211612,0.12705830044409452,0.1620974930657549
671_T1_R1_vs_R2,natural_variability,3,Chest_to_RShoulder_rx,Chest_to_RShoulder,rx,0.11025282648299488,0.14345241565969347,0.03319958917669859,0.12705830044409452,0.1620974930657549
671_T1_R1_vs_R2,natural_variability,3,Chest_to_RShoulder_ry,Chest_to_RShoulder,ry,0.008563009450561468,0.014044301883271238,0.0054812924327097695,0.12705830044409452,0.1620974930657549
671_T1_R1_vs_R2,natural_variability,3,Chest_to_RShoulder_rz,Chest_to_RShoulder,rz,0.08399517671942461,0.057971807990826726,-0.02602336872859788,0.12705830044409452,0.1620974930657549
671_T1_R1_vs_R2,natural_variability,3,LFArm_to_LHand_rx,LFArm_to_LHand,rx,0.27161334026574024,0.21534812612941323,-0.05626521413632701,0.12705830044409452,0.1620974930657549
671_T1_R1_vs_R2,natural_variability,3,LFArm_to_LHand_ry,LFArm_to_LHand,ry,0.11467870761208941,0.04780383733852523,-0.06687487027356417,0.12705830044409452,0.1620974930657549
671_T1_R1_vs_R2,natural_variability,3,LFArm_to_LHand_rz,LFArm_to_LHand,rz,0.40710448750738837,0.3285590280489023,-0.07854545945848607,0.12705830044409452,0.1620974930657549
671_T1_R1_vs_R2,natural_variability,3,LShin_to_LFoot_rx,LShin_to_LFoot,rx,0.03502923943831406,0.027272630435256812,-0.00775660900305725,0.12705830044409452,0.1620974930657549
671_T1_R1_vs_R2,natural_variability,3,LShin_to_LFoot_ry,LShin_to_LFoot,ry,0.03923350769249858,0.00359865406587395,-0.03563485362662463,0.12705830044409452,0.1620974930657549
671_T1_R1_vs_R2,natural_variability,3,LShin_to_LFoot_rz,LShin_to_LFoot,rz,0.010606891727118085,0.008516564716508896,-0.0020903270106091883,0.12705830044409452,0.1620974930657549
671_T1_R1_vs_R2,natural_variability,3,LShoulder_to_LUArm_rx,LShoulder_to_LUArm,rx,0.20270695439731423,0.17570451407972684,-0.02700244031758739,0.12705830044409452,0.1620974930657549
671_T1_R1_vs_R2,natural_variability,3,LShoulder_to_LUArm_ry,LShoulder_to_LUArm,ry,0.0867559949617713,0.10432688510265078,0.01757089014087948,0.12705830044409452,0.1620974930657549
671_T1_R1_vs_R2,natural_variability,3,LShoulder_to_LUArm_rz,LShoulder_to_LUArm,rz,0.0843622954135778,0.05188205561944786,-0.03248023979412994,0.12705830044409452,0.1620974930657549
671_T1_R1_vs_R2,natural_variability,3,LThigh_to_LShin_rx,LThigh_to_LShin,rx,0.07171454781220021,0.10022976694755331,0.028515219135353098,0.12705830044409452,0.1620974930657549
671_T1_R1_vs_R2,natural_variability,3,LThigh_to_LShin_ry,LThigh_to_LShin,ry,2.697342097574638e-08,1.624048657538843e-08,-1.073293440035795e-08,0.12705830044409452,0.1620974930657549
671_T1_R1_vs_R2,natural_variability,3,LThigh_to_LShin_rz,LThigh_to_LShin,rz,1.1573811164832847e-09,5.401675144056773e-09,4.244294027573488e-09,0.12705830044409452,0.1620974930657549
671_T1_R1_vs_R2,natural_variability,3,LUArm_to_LFArm_rx,LUArm_to_LFArm,rx,0.14979201864162583,0.0009042745884040256,-0.1488877440532218,0.12705830044409452,0.1620974930657549
671_T1_R1_vs_R2,natural_variability,3,LUArm_to_LFArm_ry,LUArm_to_LFArm,ry,0.050964966214042014,0.44226639708320353,0.3913014308691615,0.12705830044409452,0.1620974930657549
671_T1_R1_vs_R2,natural_variability,3,LUArm_to_LFArm_rz,LUArm_to_LFArm,rz,0.13215573120956697,0.05681429051533921,-0.07534144069422777,0.12705830044409452,0.1620974930657549
671_T1_R1_vs_R2,natural_variability,3,Neck_to_Head_rx,Neck_to_Head,rx,0.06443599082434594,0.05572645840771234,-0.008709532416633595,0.12705830044409452,0.1620974930657549
671_T1_R1_vs_R2,natural_variability,3,Neck_to_Head_ry,Neck_to_Head,ry,0.03920524409393519,0.050228806654918065,0.011023562560982872,0.12705830044409452,0.1620974930657549
671_T1_R1_vs_R2,natural_variability,3,Neck_to_Head_rz,Neck_to_Head,rz,0.019633277605254996,0.037384557773808766,0.01775128016855377,0.12705830044409452,0.1620974930657549
671_T1_R1_vs_R2,natural_variability,3,RFArm_to_RHand_rx,RFArm_to_RHand,rx,0.06472322259247926,0.05705572993426441,-0.007667492658214849,0.12705830044409452,0.1620974930657549
671_T1_R1_vs_R2,natural_variability,3,RFArm_to_RHand_ry,RFArm_to_RHand,ry,0.054439883615807705,0.027710320199043043,-0.026729563416764662,0.12705830044409452,0.1620974930657549
671_T1_R1_vs_R2,natural_variability,3,RFArm_to_RHand_rz,RFArm_to_RHand,rz,0.028457602419742985,0.23673802423930645,0.20828042181956347,0.12705830044409452,0.1620974930657549
671_T1_R1_vs_R2,natural_variability,3,RShin_to_RFoot_rx,RShin_to_RFoot,rx,0.09362359167438893,0.08830055237891964,-0.0053230392954692896,0.12705830044409452,0.1620974930657549
671_T1_R1_vs_R2,natural_variability,3,RShin_to_RFoot_ry,RShin_to_RFoot,ry,0.05879999703639957,0.07441886357135753,0.015618866534957962,0.12705830044409452,0.1620974930657549
671_T1_R1_vs_R2,natural_variability,3,RShin_to_RFoot_rz,RShin_to_RFoot,rz,0.05869620499219014,0.049937681068544404,-0.008758523923645734,0.12705830044409452,0.1620974930657549
671_T1_R1_vs_R2,natural_variability,3,RShoulder_to_RUArm_rx,RShoulder_to_RUArm,rx,0.2506865685345126,0.3802757622148159,0.1295891936803033,0.12705830044409452,0.1620974930657549
671_T1_R1_vs_R2,natural_variability,3,RShoulder_to_RUArm_ry,RShoulder_to_RUArm,ry,0.19041956613263888,0.21669174120516124,0.026272175072522358,0.12705830044409452,0.1620974930657549
671_T1_R1_vs_R2,natural_variability,3,RShoulder_to_RUArm_rz,RShoulder_to_RUArm,rz,0.07428765664457121,0.05978644737361023,-0.014501209270960977,0.12705830044409452,0.1620974930657549
671_T1_R1_vs_R2,natural_variability,3,RThigh_to_RShin_rx,RThigh_to_RShin,rx,0.09584240473751178,0.10702566784901656,0.011183263111504776,0.12705830044409452,0.1620974930657549
671_T1_R1_vs_R2,natural_variability,3,RThigh_to_RShin_ry,RThigh_to_RShin,ry,2.043546966173726e-09,6.262275794026393e-09,4.218728827852668e-09,0.12705830044409452,0.1620974930657549
671_T1_R1_vs_R2,natural_variability,3,RThigh_to_RShin_rz,RThigh_to_RShin,rz,2.5864939242328007e-08,1.4160658425424914e-08,-1.1704280816903094e-08,0.12705830044409452,0.1620974930657549
671_T1_R1_vs_R2,natural_variability,3,RUArm_to_RFArm_rx,RUArm_to_RFArm,rx,0.24722857262125808,0.19263154732189797,-0.054597025299360114,0.12705830044409452,0.1620974930657549
671_T1_R1_vs_R2,natural_variability,3,RUArm_to_RFArm_ry,RUArm_to_RFArm,ry,0.5659005925771885,0.42129537025014707,-0.14460522232704143,0.12705830044409452,0.1620974930657549
671_T1_R1_vs_R2,natural_variability,3,RUArm_to_RFArm_rz,RUArm_to_RFArm,rz,0.2904981915144558,0.2195825330266444,-0.07091565848781137,0.12705830044409452,0.1620974930657549
671_T1_R1_vs_R2,natural_variability,4,Chest_to_LShoulder_rx,Chest_to_LShoulder,rx,0.03302478394944254,0.034803783894207296,0.0017789999447647559,0.10250060451721094,0.11010438531172487
671_T1_R1_vs_R2,natural_variability,4,Chest_to_LShoulder_ry,Chest_to_LShoulder,ry,0.050685933465814924,0.0809092156848956,0.03022328221908068,0.10250060451721094,0.11010438531172487
671_T1_R1_vs_R2,natural_variability,4,Chest_to_LShoulder_rz,Chest_to_LShoulder,rz,0.026656399707151508,0.012640265072457706,-0.014016134634693802,0.10250060451721094,0.11010438531172487
671_T1_R1_vs_R2,natural_variability,4,Chest_to_Neck_rx,Chest_to_Neck,rx,0.007607641242906627,0.01307299256436057,0.0054653513214539436,0.10250060451721094,0.11010438531172487
671_T1_R1_vs_R2,natural_variability,4,Chest_to_Neck_ry,Chest_to_Neck,ry,0.03948792703427519,0.022030815664376105,-0.017457111369899088,0.10250060451721094,0.11010438531172487
671_T1_R1_vs_R2,natural_variability,4,Chest_to_Neck_rz,Chest_to_Neck,rz,0.00041661498440535085,0.006072759018348126,0.005656144033942775,0.10250060451721094,0.11010438531172487
671_T1_R1_vs_R2,natural_variability,4,Chest_to_RShoulder_rx,Chest_to_RShoulder,rx,0.11063234604476546,0.05104439669365807,-0.059587949351107394,0.10250060451721094,0.11010438531172487
671_T1_R1_vs_R2,natural_variability,4,Chest_to_RShoulder_ry,Chest_to_RShoulder,ry,0.038522138555067545,0.05571516323344532,0.017193024678377772,0.10250060451721094,0.11010438531172487
671_T1_R1_vs_R2,natural_variability,4,Chest_to_RShoulder_rz,Chest_to_RShoulder,rz,0.0058851070823811085,0.0010693738362146466,-0.004815733246166462,0.10250060451721094,0.11010438531172487
671_T1_R1_vs_R2,natural_variability,4,LFArm_to_LHand_rx,LFArm_to_LHand,rx,0.06242980519064646,0.09342166447024844,0.030991859279601977,0.10250060451721094,0.11010438531172487
671_T1_R1_vs_R2,natural_variability,4,LFArm_to_LHand_ry,LFArm_to_LHand,ry,0.0022620780455794155,0.12787448684291092,0.12561240879733152,0.10250060451721094,0.11010438531172487
671_T1_R1_vs_R2,natural_variability,4,LFArm_to_LHand_rz,LFArm_to_LHand,rz,0.23728782930629524,0.06253111455385926,-0.17475671475243598,0.10250060451721094,0.11010438531172487
671_T1_R1_vs_R2,natural_variability,4,LShin_to_LFoot_rx,LShin_to_LFoot,rx,0.08615406369536184,0.05331361658437274,-0.0328404471109891,0.10250060451721094,0.11010438531172487
671_T1_R1_vs_R2,natural_variability,4,LShin_to_LFoot_ry,LShin_to_LFoot,ry,0.0730749557901938,0.04518220258381994,-0.027892753206373855,0.10250060451721094,0.11010438531172487
671_T1_R1_vs_R2,natural_variability,4,LShin_to_LFoot_rz,LShin_to_LFoot,rz,0.022182094729897565,0.015108867416300473,-0.007073227313597092,0.10250060451721094,0.11010438531172487
671_T1_R1_vs_R2,natural_variability,4,LShoulder_to_LUArm_rx,LShoulder_to_LUArm,rx,0.1580218226470123,0.1546403516577787,-0.0033814709892336092,0.10250060451721094,0.11010438531172487
671_T1_R1_vs_R2,natural_variability,4,LShoulder_to_LUArm_ry,LShoulder_to_LUArm,ry,0.08135376576219054,0.2794879401063844,0.19813417434419384,0.10250060451721094,0.11010438531172487
671_T1_R1_vs_R2,natural_variability,4,LShoulder_to_LUArm_rz,LShoulder_to_LUArm,rz,0.04979131629694034,0.018839102588054372,-0.03095221370888597,0.10250060451721094,0.11010438531172487
671_T1_R1_vs_R2,natural_variability,4,LThigh_to_LShin_rx,LThigh_to_LShin,rx,0.12679692614973334,0.16683780495029227,0.04004087880055893,0.10250060451721094,0.11010438531172487
671_T1_R1_vs_R2,natural_variability,4,LThigh_to_LShin_ry,LThigh_to_LShin,ry,5.615338272010008e-10,4.7187032987936486e-09,4.157169471592647e-09,0.10250060451721094,0.11010438531172487
671_T1_R1_vs_R2,natural_variability,4,LThigh_to_LShin_rz,LThigh_to_LShin,rz,5.118992599311853e-09,1.0705926532434273e-08,5.58693393312242e-09,0.10250060451721094,0.11010438531172487
671_T1_R1_vs_R2,natural_variability,4,LUArm_to_LFArm_rx,LUArm_to_LFArm,rx,0.042493838266122984,0.2237318022745049,0.1812379640083819,0.10250060451721094,0.11010438531172487
671_T1_R1_vs_R2,natural_variability,4,LUArm_to_LFArm_ry,LUArm_to_LFArm,ry,0.12042020337349098,0.28167187852047043,0.16125167514697947,0.10250060451721094,0.11010438531172487
671_T1_R1_vs_R2,natural_variability,4,LUArm_to_LFArm_rz,LUArm_to_LFArm,rz,0.07987127916979447,0.2833658725085622,0.20349459333876774,0.10250060451721094,0.11010438531172487
671_T1_R1_vs_R2,natural_variability,4,Neck_to_Head_rx,Neck_to_Head,rx,0.007607649216618315,0.013072994669017006,0.005465345452398691,0.10250060451721094,0.11010438531172487
671_T1_R1_vs_R2,natural_variability,4,Neck_to_Head_ry,Neck_to_Head,ry,0.03948794445090954,0.022030839178048604,-0.01745710527286094,0.10250060451721094,0.11010438531172487
671_T1_R1_vs_R2,natural_variability,4,Neck_to_Head_rz,Neck_to_Head,rz,0.0004165824591062366,0.0060727614414964465,0.0056561789823902095,0.10250060451721094,0.11010438531172487
671_T1_R1_vs_R2,natural_variability,4,RFArm_to_RHand_rx,RFArm_to_RHand,rx,0.0034305393731951603,0.04143159236164493,0.038001052988449774,0.10250060451721094,0.11010438531172487
671_T1_R1_vs_R2,natural_variability,4,RFArm_to_RHand_ry,RFArm_to_RHand,ry,0.014144144554926017,0.03470456857683055,0.020560424021904528,0.10250060451721094,0.11010438531172487
671_T1_R1_vs_R2,natural_variability,4,RFArm_to_RHand_rz,RFArm_to_RHand,rz,0.29329595045246365,0.21142132136461753,-0.08187462908784612,0.10250060451721094,0.11010438531172487
671_T1_R1_vs_R2,natural_variability,4,RShin_to_RFoot_rx,RShin_to_RFoot,rx,0.12046404071600292,0.1134111463408651,-0.007052894375137814,0.10250060451721094,0.11010438531172487
671_T1_R1_vs_R2,natural_variability,4,RShin_to_RFoot_ry,RShin_to_RFoot,ry,0.00791266918375675,0.039210623268616185,0.031297954084859435,0.10250060451721094,0.11010438531172487
671_T1_R1_vs_R2,natural_variability,4,RShin_to_RFoot_rz,RShin_to_RFoot,rz,0.05834463747318871,0.07467601893269367,0.01633138145950496,0.10250060451721094,0.11010438531172487
671_T1_R1_vs_R2,natural_variability,4,RShoulder_to_RUArm_rx,RShoulder_to_RUArm,rx,0.34753480195917363,0.2091336462298879,-0.13840115572928574,0.10250060451721094,0.11010438531172487
671_T1_R1_vs_R2,natural_variability,4,RShoulder_to_RUArm_ry,RShoulder_to_RUArm,ry,0.2551277170385774,0.27296423090402766,0.017836513865450265,0.10250060451721094,0.11010438531172487
671_T1_R1_vs_R2,natural_variability,4,RShoulder_to_RUArm_rz,RShoulder_to_RUArm,rz,0.022818609616502183,0.05962294697179266,0.036804337355290484,0.10250060451721094,0.11010438531172487
671_T1_R1_vs_R2,natural_variability,4,RThigh_to_RShin_rx,RThigh_to_RShin,rx,0.2188073571707203,0.24351040067465285,0.024703043503932542,0.10250060451721094,0.11010438531172487
671_T1_R1_vs_R2,natural_variability,4,RThigh_to_RShin_ry,RThigh_to_RShin,ry,1.4764277077907544e-08,1.1835503624237075e-08,-2.928773453670469e-09,0.10250060451721094,0.11010438531172487
671_T1_R1_vs_R2,natural_variability,4,RThigh_to_RShin_rz,RThigh_to_RShin,rz,5.32997913038793e-09,1.3347730644552573e-08,8.017751514164642e-09,0.10250060451721094,0.11010438531172487
671_T1_R1_vs_R2,natural_variability,4,RUArm_to_RFArm_rx,RUArm_to_RFArm,rx,0.09197276237870075,0.09471617291214206,0.0027434105334413067,0.10250060451721094,0.11010438531172487
671_T1_R1_vs_R2,natural_variability,4,RUArm_to_RFArm_ry,RUArm_to_RFArm,ry,0.6963753964156826,0.5918840434149977,-0.1044913530006849,0.10250060451721094,0.11010438531172487
671_T1_R1_vs_R2,natural_variability,4,RUArm_to_RFArm_rz,RUArm_to_RFArm,rz,0.02153868325601496,0.05461906275769541,0.033080379501680454,0.10250060451721094,0.11010438531172487
671_T1_R1_vs_R2,natural_variability,5,Chest_to_LShoulder_rx,Chest_to_LShoulder,rx,0.022080235520642682,0.03730166858934664,0.015221433068703955,0.06764135934146785,0.06607676990490045
671_T1_R1_vs_R2,natural_variability,5,Chest_to_LShoulder_ry,Chest_to_LShoulder,ry,0.09333411972186215,0.08219737087480115,-0.011136748847060993,0.06764135934146785,0.06607676990490045
671_T1_R1_vs_R2,natural_variability,5,Chest_to_LShoulder_rz,Chest_to_LShoulder,rz,0.06139147307852053,0.1371136227846772,0.07572214970615668,0.06764135934146785,0.06607676990490045
671_T1_R1_vs_R2,natural_variability,5,Chest_to_Neck_rx,Chest_to_Neck,rx,0.011779360967507466,0.013411361826577135,0.0016320008590696693,0.06764135934146785,0.06607676990490045
671_T1_R1_vs_R2,natural_variability,5,Chest_to_Neck_ry,Chest_to_Neck,ry,0.020599967454325865,0.06677563730017444,0.046175669845848574,0.06764135934146785,0.06607676990490045
671_T1_R1_vs_R2,natural_variability,5,Chest_to_Neck_rz,Chest_to_Neck,rz,0.007301030501577507,0.036213168040375276,0.028912137538797768,0.06764135934146785,0.06607676990490045
671_T1_R1_vs_R2,natural_variability,5,Chest_to_RShoulder_rx,Chest_to_RShoulder,rx,0.02726361476520649,0.1399733528380119,0.11270973807280542,0.06764135934146785,0.06607676990490045
671_T1_R1_vs_R2,natural_variability,5,Chest_to_RShoulder_ry,Chest_to_RShoulder,ry,0.06861823688001506,0.05118717705930032,-0.017431059820714738,0.06764135934146785,0.06607676990490045
671_T1_R1_vs_R2,natural_variability,5,Chest_to_RShoulder_rz,Chest_to_RShoulder,rz,0.13376657837636616,0.06189950842467538,-0.07186706995169079,0.06764135934146785,0.06607676990490045
671_T1_R1_vs_R2,natural_variability,5,LFArm_to_LHand_rx,LFArm_to_LHand,rx,0.2154148209768537,0.0023530618082882866,-0.2130617591685654,0.06764135934146785,0.06607676990490045
671_T1_R1_vs_R2,natural_variability,5,LFArm_to_LHand_ry,LFArm_to_LHand,ry,0.22518818365862195,0.2094416935295318,-0.015746490129090157,0.06764135934146785,0.06607676990490045
671_T1_R1_vs_R2,natural_variability,5,LFArm_to_LHand_rz,LFArm_to_LHand,rz,0.21895381323430585,0.07423046921631041,-0.14472334401799544,0.06764135934146785,0.06607676990490045
671_T1_R1_vs_R2,natural_variability,5,LShin_to_LFoot_rx,LShin_to_LFoot,rx,0.09982601370174127,0.0020654788990505896,-0.09776053480269067,0.06764135934146785,0.06607676990490045
671_T1_R1_vs_R2,natural_variability,5,LShin_to_LFoot_ry,LShin_to_LFoot,ry,0.06220970309849281,0.006875191259148955,-0.055334511839343854,0.06764135934146785,0.06607676990490045
671_T1_R1_vs_R2,natural_variability,5,LShin_to_LFoot_rz,LShin_to_LFoot,rz,0.012385267020323321,0.005035153852763066,-0.007350113167560256,0.06764135934146785,0.06607676990490045
671_T1_R1_vs_R2,natural_variability,5,LShoulder_to_LUArm_rx,LShoulder_to_LUArm,rx,0.18075959995363614,0.05307499267007812,-0.12768460728355802,0.06764135934146785,0.06607676990490045
671_T1_R1_vs_R2,natural_variability,5,LShoulder_to_LUArm_ry,LShoulder_to_LUArm,ry,0.4870843455295537,0.55067499314774,0.06359064761818634,0.06764135934146785,0.06607676990490045
671_T1_R1_vs_R2,natural_variability,5,LShoulder_to_LUArm_rz,LShoulder_to_LUArm,rz,0.07220086986148494,0.34383652288875344,0.2716356530272685,0.06764135934146785,0.06607676990490045
671_T1_R1_vs_R2,natural_variability,5,LThigh_to_LShin_rx,LThigh_to_LShin,rx,0.26553615123586954,0.1391047340003581,-0.12643141723551143,0.06764135934146785,0.06607676990490045
671_T1_R1_vs_R2,natural_variability,5,LThigh_to_LShin_ry,LThigh_to_LShin,ry,1.241341632832723e-08,2.1170661644000013e-08,8.757245315672782e-09,0.06764135934146785,0.06607676990490045
671_T1_R1_vs_R2,natural_variability,5,LThigh_to_LShin_rz,LThigh_to_LShin,rz,7.802961382347499e-09,1.3958118735787608e-11,-7.789003263611712e-09,0.06764135934146785,0.06607676990490045
671_T1_R1_vs_R2,natural_variability,5,LUArm_to_LFArm_rx,LUArm_to_LFArm,rx,0.15521378791251217,0.27232565169217837,0.1171118637796662,0.06764135934146785,0.06607676990490045
671_T1_R1_vs_R2,natural_variability,5,LUArm_to_LFArm_ry,LUArm_to_LFArm,ry,0.3045771557164716,0.02263619792939753,-0.28194095778707406,0.06764135934146785,0.06607676990490045
671_T1_R1_vs_R2,natural_variability,5,LUArm_to_LFArm_rz,LUArm_to_LFArm,rz,0.1742151226612083,0.2341399520960375,0.059924829434829185,0.06764135934146785,0.06607676990490045
671_T1_R1_vs_R2,natural_variability,5,Neck_to_Head_rx,Neck_to_Head,rx,0.01177935393303723,0.013411362036736965,0.0016320081036997353,0.06764135934146785,0.06607676990490045
671_T1_R1_vs_R2,natural_variability,5,Neck_to_Head_ry,Neck_to_Head,ry,0.02059998699753871,0.06677561434314927,0.046175627345610565,0.06764135934146785,0.06607676990490045
671_T1_R1_vs_R2,natural_variability,5,Neck_to_Head_rz,Neck_to_Head,rz,0.007301058772882694,0.03621313947460979,0.028912080701727093,0.06764135934146785,0.06607676990490045
671_T1_R1_vs_R2,natural_variability,5,RFArm_to_RHand_rx,RFArm_to_RHand,rx,0.07997442181291572,0.008154395700943761,-0.07182002611197197,0.06764135934146785,0.06607676990490045
671_T1_R1_vs_R2,natural_variability,5,RFArm_to_RHand_ry,RFArm_to_RHand,ry,0.052787187695869625,0.10540184822082264,0.05261466052495302,0.06764135934146785,0.06607676990490045
671_T1_R1_vs_R2,natural_variability,5,RFArm_to_RHand_rz,RFArm_to_RHand,rz,0.19095148058733405,0.07954610399148129,-0.11140537659585276,0.06764135934146785,0.06607676990490045
671_T1_R1_vs_R2,natural_variability,5,RShin_to_RFoot_rx,RShin_to_RFoot,rx,0.144491827552109,0.02436121197224017,-0.12013061557986882,0.06764135934146785,0.06607676990490045
671_T1_R1_vs_R2,natural_variability,5,RShin_to_RFoot_ry,RShin_to_RFoot,ry,0.05305480891868768,0.07326529974197091,0.020210490823283224,0.06764135934146785,0.06607676990490045
671_T1_R1_vs_R2,natural_variability,5,RShin_to_RFoot_rz,RShin_to_RFoot,rz,0.10063047722420651,0.07670109189999572,-0.023929385324210795,0.06764135934146785,0.06607676990490045
671_T1_R1_vs_R2,natural_variability,5,RShoulder_to_RUArm_rx,RShoulder_to_RUArm,rx,0.08905906462443654,0.3161855364424488,0.22712647181801227,0.06764135934146785,0.06607676990490045
671_T1_R1_vs_R2,natural_variability,5,RShoulder_to_RUArm_ry,RShoulder_to_RUArm,ry,0.32248194018899834,0.1839313158864301,-0.13855062430256823,0.06764135934146785,0.06607676990490045
671_T1_R1_vs_R2,natural_variability,5,RShoulder_to_RUArm_rz,RShoulder_to_RUArm,rz,0.10147281847004591,0.2399294958278345,0.13845667735778858,0.06764135934146785,0.06607676990490045
671_T1_R1_vs_R2,natural_variability,5,RThigh_to_RShin_rx,RThigh_to_RShin,rx,0.2951018952532566,0.22020673997756446,-0.07489515527569213,0.06764135934146785,0.06607676990490045
671_T1_R1_vs_R2,natural_variability,5,RThigh_to_RShin_ry,RThigh_to_RShin,ry,4.3858009087252726e-08,6.586704863094752e-08,2.200903954369479e-08,0.06764135934146785,0.06607676990490045
671_T1_R1_vs_R2,natural_variability,5,RThigh_to_RShin_rz,RThigh_to_RShin,rz,1.0439252777779056e-08,7.525730317450463e-09,-2.9135224603285937e-09,0.06764135934146785,0.06607676990490045
671_T1_R1_vs_R2,natural_variability,5,RUArm_to_RFArm_rx,RUArm_to_RFArm,rx,0.1130709435561743,0.18748000241708973,0.07440905886091544,0.06764135934146785,0.06607676990490045
671_T1_R1_vs_R2,natural_variability,5,RUArm_to_RFArm_ry,RUArm_to_RFArm,ry,0.0446221309770939,0.058576134443073906,0.013954003465980004,0.06764135934146785,0.06607676990490045
671_T1_R1_vs_R2,natural_variability,5,RUArm_to_RFArm_rz,RUArm_to_RFArm,rz,0.0837030062186698,0.06878298622118069,-0.014920019997489112,0.06764135934146785,0.06607676990490045
671_T1_R1_vs_R2,natural_variability,6,Chest_to_LShoulder_rx,Chest_to_LShoulder,rx,0.002924132812632035,0.04110623779317268,0.03818210498054064,0.04517563767408086,0.058612608026821215
671_T1_R1_vs_R2,natural_variability,6,Chest_to_LShoulder_ry,Chest_to_LShoulder,ry,0.01297327182177419,0.04105083569066031,0.028077563868886116,0.04517563767408086,0.058612608026821215
671_T1_R1_vs_R2,natural_variability,6,Chest_to_LShoulder_rz,Chest_to_LShoulder,rz,0.010976949344733868,0.011991904516278237,0.0010149551715443687,0.04517563767408086,0.058612608026821215
671_T1_R1_vs_R2,natural_variability,6,Chest_to_Neck_rx,Chest_to_Neck,rx,0.07699523699929678,0.02587731345785532,-0.05111792354144146,0.04517563767408086,0.058612608026821215
671_T1_R1_vs_R2,natural_variability,6,Chest_to_Neck_ry,Chest_to_Neck,ry,0.029320118673034395,0.026459637955948002,-0.0028604807170863923,0.04517563767408086,0.058612608026821215
671_T1_R1_vs_R2,natural_variability,6,Chest_to_Neck_rz,Chest_to_Neck,rz,0.021142960254012647,0.021318694570136045,0.0001757343161233986,0.04517563767408086,0.058612608026821215
671_T1_R1_vs_R2,natural_variability,6,Chest_to_RShoulder_rx,Chest_to_RShoulder,rx,0.11981312277189601,0.039911145103001165,-0.07990197766889484,0.04517563767408086,0.058612608026821215
671_T1_R1_vs_R2,natural_variability,6,Chest_to_RShoulder_ry,Chest_to_RShoulder,ry,0.018159477065385655,0.040606042395592075,0.02244656533020642,0.04517563767408086,0.058612608026821215
671_T1_R1_vs_R2,natural_variability,6,Chest_to_RShoulder_rz,Chest_to_RShoulder,rz,0.1059603212647364,0.19750185711728097,0.09154153585254457,0.04517563767408086,0.058612608026821215
671_T1_R1_vs_R2,natural_variability,6,LFArm_to_LHand_rx,LFArm_to_LHand,rx,0.18029243118844815,0.32178424153467594,0.1414918103462278,0.04517563767408086,0.058612608026821215
671_T1_R1_vs_R2,natural_variability,6,LFArm_to_LHand_ry,LFArm_to_LHand,ry,0.17428778568313635,0.11013759965083637,-0.06415018603229998,0.04517563767408086,0.058612608026821215
671_T1_R1_vs_R2,natural_variability,6,LFArm_to_LHand_rz,LFArm_to_LHand,rz,0.5864434203850346,0.49684709762328244,-0.08959632276175217,0.04517563767408086,0.058612608026821215
671_T1_R1_vs_R2,natural_variability,6,LShin_to_LFoot_rx,LShin_to_LFoot,rx,0.10429434307802421,0.05206687136911407,-0.052227471708910136,0.04517563767408086,0.058612608026821215
671_T1_R1_vs_R2,natural_variability,6,LShin_to_LFoot_ry,LShin_to_LFoot,ry,0.041723725473595326,0.04753591219426219,0.005812186720666863,0.04517563767408086,0.058612608026821215
671_T1_R1_vs_R2,natural_variability,6,LShin_to_LFoot_rz,LShin_to_LFoot,rz,0.015282433142777338,1.4795618246717828e-05,-0.015267637524530621,0.04517563767408086,0.058612608026821215
671_T1_R1_vs_R2,natural_variability,6,LShoulder_to_LUArm_rx,LShoulder_to_LUArm,rx,0.008936588947557857,0.17958705668931588,0.17065046774175802,0.04517563767408086,0.058612608026821215
671_T1_R1_vs_R2,natural_variability,6,LShoulder_to_LUArm_ry,LShoulder_to_LUArm,ry,0.1871478494188525,0.1550415753517688,-0.03210627406708372,0.04517563767408086,0.058612608026821215
671_T1_R1_vs_R2,natural_variability,6,LShoulder_to_LUArm_rz,LShoulder_to_LUArm,rz,0.03495144606340411,0.08618744520089665,0.051235999137492536,0.04517563767408086,0.058612608026821215
671_T1_R1_vs_R2,natural_variability,6,LThigh_to_LShin_rx,LThigh_to_LShin,rx,0.08553404278537627,0.14204177924428948,0.056507736458913216,0.04517563767408086,0.058612608026821215
671_T1_R1_vs_R2,natural_variability,6,LThigh_to_LShin_ry,LThigh_to_LShin,ry,3.427342711397182e-08,4.6419885185479684e-09,-2.9631438595423855e-08,0.04517563767408086,0.058612608026821215
671_T1_R1_vs_R2,natural_variability,6,LThigh_to_LShin_rz,LThigh_to_LShin,rz,1.0453613721464582e-08,1.1904121374564626e-08,1.4505076531000433e-09,0.04517563767408086,0.058612608026821215
671_T1_R1_vs_R2,natural_variability,6,LUArm_to_LFArm_rx,LUArm_to_LFArm,rx,0.2310209277918944,0.009540779638014108,-0.22148014815388029,0.04517563767408086,0.058612608026821215
671_T1_R1_vs_R2,natural_variability,6,LUArm_to_LFArm_ry,LUArm_to_LFArm,ry,0.15176755718190346,0.32628184693168544,0.17451428974978198,0.04517563767408086,0.058612608026821215
671_T1_R1_vs_R2,natural_variability,6,LUArm_to_LFArm_rz,LUArm_to_LFArm,rz,0.2216478177879853,0.027302198092683305,-0.194345619695302,0.04517563767408086,0.058612608026821215
671_T1_R1_vs_R2,natural_variability,6,Neck_to_Head_rx,Neck_to_Head,rx,0.07699522702740547,0.02587730531030078,-0.051117921717104685,0.04517563767408086,0.058612608026821215
671_T1_R1_vs_R2,natural_variability,6,Neck_to_Head_ry,Neck_to_Head,ry,0.029320078490259114,0.0264595960261098,-0.0028604824641493137,0.04517563767408086,0.058612608026821215
671_T1_R1_vs_R2,natural_variability,6,Neck_to_Head_rz,Neck_to_Head,rz,0.02114297766468486,0.021318659909104427,0.00017568224441956784,0.04517563767408086,0.058612608026821215
671_T1_R1_vs_R2,natural_variability,6,RFArm_to_RHand_rx,RFArm_to_RHand,rx,0.08998159183957023,0.15926056320094267,0.06927897136137244,0.04517563767408086,0.058612608026821215
671_T1_R1_vs_R2,natural_variability,6,RFArm_to_RHand_ry,RFArm_to_RHand,ry,0.1809011793712779,0.05961299077104122,-0.12128818860023667,0.04517563767408086,0.058612608026821215
671_T1_R1_vs_R2,natural_variability,6,RFArm_to_RHand_rz,RFArm_to_RHand,rz,0.020757797676474087,0.2903382415176214,0.2695804438411473,0.04517563767408086,0.058612608026821215
671_T1_R1_vs_R2,natural_variability,6,RShin_to_RFoot_rx,RShin_to_RFoot,rx,0.04442055639599387,0.14484779401681436,0.10042723762082048,0.04517563767408086,0.058612608026821215
671_T1_R1_vs_R2,natural_variability,6,RShin_to_RFoot_ry,RShin_to_RFoot,ry,0.04698970334723025,0.011452523543604324,-0.03553717980362593,0.04517563767408086,0.058612608026821215
671_T1_R1_vs_R2,natural_variability,6,RShin_to_RFoot_rz,RShin_to_RFoot,rz,0.044779445324920945,0.03977246602491457,-0.005006979300006376,0.04517563767408086,0.058612608026821215
671_T1_R1_vs_R2,natural_variability,6,RShoulder_to_RUArm_rx,RShoulder_to_RUArm,rx,0.25103423932159363,0.02596920878696619,-0.22506503053462745,0.04517563767408086,0.058612608026821215
671_T1_R1_vs_R2,natural_variability,6,RShoulder_to_RUArm_ry,RShoulder_to_RUArm,ry,0.04293041589119591,0.21064706114807344,0.16771664525687752,0.04517563767408086,0.058612608026821215
671_T1_R1_vs_R2,natural_variability,6,RShoulder_to_RUArm_rz,RShoulder_to_RUArm,rz,0.2030525064773021,0.283478965110064,0.08042645863276188,0.04517563767408086,0.058612608026821215
671_T1_R1_vs_R2,natural_variability,6,RThigh_to_RShin_rx,RThigh_to_RShin,rx,0.14285344260806587,0.11241080077950663,-0.03044264182855924,0.04517563767408086,0.058612608026821215
671_T1_R1_vs_R2,natural_variability,6,RThigh_to_RShin_ry,RThigh_to_RShin,ry,1.1080178281566483e-08,1.4318193108289415e-08,3.238014826722932e-09,0.04517563767408086,0.058612608026821215
671_T1_R1_vs_R2,natural_variability,6,RThigh_to_RShin_rz,RThigh_to_RShin,rz,1.472172721202993e-08,1.217445974430588e-08,-2.54726746772405e-09,0.04517563767408086,0.058612608026821215
671_T1_R1_vs_R2,natural_variability,6,RUArm_to_RFArm_rx,RUArm_to_RFArm,rx,0.37450500754519506,0.29708165248529816,-0.07742335505989689,0.04517563767408086,0.058612608026821215
671_T1_R1_vs_R2,natural_variability,6,RUArm_to_RFArm_ry,RUArm_to_RFArm,ry,0.05926616836642087,0.07707954657814002,0.017813378211719154,0.04517563767408086,0.058612608026821215
671_T1_R1_vs_R2,natural_variability,6,RUArm_to_RFArm_rz,RUArm_to_RFArm,rz,0.22976720174219634,0.154082914213004,-0.07568428752919235,0.04517563767408086,0.058612608026821215
671_T1_R1_vs_R2,natural_variability,7,Chest_to_LShoulder_rx,Chest_to_LShoulder,rx,0.03859208832130859,0.07676699688286791,0.03817490856155932,0.041533416602366875,0.03972964804062137
671_T1_R1_vs_R2,natural_variability,7,Chest_to_LShoulder_ry,Chest_to_LShoulder,ry,0.03936201723532309,0.01372993547361263,-0.025632081761710456,0.041533416602366875,0.03972964804062137
671_T1_R1_vs_R2,natural_variability,7,Chest_to_LShoulder_rz,Chest_to_LShoulder,rz,0.1202924237150763,0.11606873606701822,-0.004223687648058083,0.041533416602366875,0.03972964804062137
671_T1_R1_vs_R2,natural_variability,7,Chest_to_Neck_rx,Chest_to_Neck,rx,0.04665531157993642,0.10585348795477709,0.059198176374840664,0.041533416602366875,0.03972964804062137
671_T1_R1_vs_R2,natural_variability,7,Chest_to_Neck_ry,Chest_to_Neck,ry,0.021908400964496446,0.06236640000790232,0.04045799904340587,0.041533416602366875,0.03972964804062137
671_T1_R1_vs_R2,natural_variability,7,Chest_to_Neck_rz,Chest_to_Neck,rz,0.013688839110267591,0.020929472414168773,0.007240633303901182,0.041533416602366875,0.03972964804062137
671_T1_R1_vs_R2,natural_variability,7,Chest_to_RShoulder_rx,Chest_to_RShoulder,rx,0.1109905663951094,0.05911519570136167,-0.05187537069374773,0.041533416602366875,0.03972964804062137
671_T1_R1_vs_R2,natural_variability,7,Chest_to_RShoulder_ry,Chest_to_RShoulder,ry,0.02958414575480745,0.025124643023008694,-0.004459502731798754,0.041533416602366875,0.03972964804062137
671_T1_R1_vs_R2,natural_variability,7,Chest_to_RShoulder_rz,Chest_to_RShoulder,rz,0.03227194758763741,0.0983417113332445,0.06606976374560708,0.041533416602366875,0.03972964804062137
671_T1_R1_vs_R2,natural_variability,7,LFArm_to_LHand_rx,LFArm_to_LHand,rx,0.20302107095376495,0.11943636704395437,-0.08358470390981058,0.041533416602366875,0.03972964804062137
671_T1_R1_vs_R2,natural_variability,7,LFArm_to_LHand_ry,LFArm_to_LHand,ry,0.3469039085181882,0.32055385669461295,-0.02635005182357525,0.041533416602366875,0.03972964804062137
671_T1_R1_vs_R2,natural_variability,7,LFArm_to_LHand_rz,LFArm_to_LHand,rz,0.11320723045391294,0.4392799664484157,0.32607273599450276,0.041533416602366875,0.03972964804062137
671_T1_R1_vs_R2,natural_variability,7,LShin_to_LFoot_rx,LShin_to_LFoot,rx,0.040869704090789535,0.2617816859047223,0.22091198181393273,0.041533416602366875,0.03972964804062137
671_T1_R1_vs_R2,natural_variability,7,LShin_to_LFoot_ry,LShin_to_LFoot,ry,0.09281866576399975,0.17488660209133056,0.08206793632733081,0.041533416602366875,0.03972964804062137
671_T1_R1_vs_R2,natural_variability,7,LShin_to_LFoot_rz,LShin_to_LFoot,rz,0.016543771216957607,0.04172725795412363,0.025183486737166024,0.041533416602366875,0.03972964804062137
671_T1_R1_vs_R2,natural_variability,7,LShoulder_to_LUArm_rx,LShoulder_to_LUArm,rx,0.014685381039563015,0.178995562457179,0.164310181417616,0.041533416602366875,0.03972964804062137
671_T1_R1_vs_R2,natural_variability,7,LShoulder_to_LUArm_ry,LShoulder_to_LUArm,ry,0.3549585556729585,0.16355902808311001,-0.19139952758984846,0.041533416602366875,0.03972964804062137
671_T1_R1_vs_R2,natural_variability,7,LShoulder_to_LUArm_rz,LShoulder_to_LUArm,rz,0.24317961012614303,0.2985362101560639,0.05535660002992088,0.041533416602366875,0.03972964804062137
671_T1_R1_vs_R2,natural_variability,7,LThigh_to_LShin_rx,LThigh_to_LShin,rx,0.19236492203501174,0.14455515796105162,-0.04780976407396012,0.041533416602366875,0.03972964804062137
671_T1_R1_vs_R2,natural_variability,7,LThigh_to_LShin_ry,LThigh_to_LShin,ry,1.696942906770432e-08,2.261229434840499e-08,5.64286528070067e-09,0.041533416602366875,0.03972964804062137
671_T1_R1_vs_R2,natural_variability,7,LThigh_to_LShin_rz,LThigh_to_LShin,rz,3.1393709595433978e-09,4.064400968098486e-09,9.250300085550878e-10,0.041533416602366875,0.03972964804062137
671_T1_R1_vs_R2,natural_variability,7,LUArm_to_LFArm_rx,LUArm_to_LFArm,rx,0.44808992325748376,0.2389983278306308,-0.20909159542685296,0.041533416602366875,0.03972964804062137
671_T1_R1_vs_R2,natural_variability,7,LUArm_to_LFArm_ry,LUArm_to_LFArm,ry,0.22403225742083135,0.2212909653318774,-0.0027412920889539616,0.041533416602366875,0.03972964804062137
671_T1_R1_vs_R2,natural_variability,7,LUArm_to_LFArm_rz,LUArm_to_LFArm,rz,0.39802951041770046,0.2516324513700975,-0.14639705904760297,0.041533416602366875,0.03972964804062137
671_T1_R1_vs_R2,natural_variability,7,Neck_to_Head_rx,Neck_to_Head,rx,0.04665528798360603,0.10585349312265951,0.05919820513905349,0.041533416602366875,0.03972964804062137
671_T1_R1_vs_R2,natural_variability,7,Neck_to_Head_ry,Neck_to_Head,ry,0.02190839840350902,0.062366406870650766,0.040458008467141746,0.041533416602366875,0.03972964804062137
671_T1_R1_vs_R2,natural_variability,7,Neck_to_Head_rz,Neck_to_Head,rz,0.013688863827951975,0.020929364511309775,0.0072405006833578,0.041533416602366875,0.03972964804062137
671_T1_R1_vs_R2,natural_variability,7,RFArm_to_RHand_rx,RFArm_to_RHand,rx,0.06932738793572231,0.04405102273383775,-0.02527636520188456,0.041533416602366875,0.03972964804062137
671_T1_R1_vs_R2,natural_variability,7,RFArm_to_RHand_ry,RFArm_to_RHand,ry,0.03272173165101658,0.15249643559077014,0.11977470393975356,0.041533416602366875,0.03972964804062137
671_T1_R1_vs_R2,natural_variability,7,RFArm_to_RHand_rz,RFArm_to_RHand,rz,0.021361249540430508,0.04988727003357067,0.028526020493140163,0.041533416602366875,0.03972964804062137
671_T1_R1_vs_R2,natural_variability,7,RShin_to_RFoot_rx,RShin_to_RFoot,rx,0.0040178945811946785,0.15444268625466087,0.1504247916734662,0.041533416602366875,0.03972964804062137
671_T1_R1_vs_R2,natural_variability,7,RShin_to_RFoot_ry,RShin_to_RFoot,ry,0.11226663746371238,0.046733297405504144,-0.06553334005820824,0.041533416602366875,0.03972964804062137
671_T1_R1_vs_R2,natural_variability,7,RShin_to_RFoot_rz,RShin_to_RFoot,rz,0.03177342127301916,0.05206506988456854,0.020291648611549383,0.041533416602366875,0.03972964804062137
671_T1_R1_vs_R2,natural_variability,7,RShoulder_to_RUArm_rx,RShoulder_to_RUArm,rx,0.17349223865206684,0.11244363564653664,-0.061048603005530194,0.041533416602366875,0.03972964804062137
671_T1_R1_vs_R2,natural_variability,7,RShoulder_to_RUArm_ry,RShoulder_to_RUArm,ry,0.06456824095357207,0.06836713740746081,0.003798896453888742,0.041533416602366875,0.03972964804062137
671_T1_R1_vs_R2,natural_variability,7,RShoulder_to_RUArm_rz,RShoulder_to_RUArm,rz,0.1514465711121477,0.24036672345151716,0.08892015233936945,0.041533416602366875,0.03972964804062137
671_T1_R1_vs_R2,natural_variability,7,RThigh_to_RShin_rx,RThigh_to_RShin,rx,0.07834248456822897,0.2044070234945871,0.1260645389263581,0.041533416602366875,0.03972964804062137
671_T1_R1_vs_R2,natural_variability,7,RThigh_to_RShin_ry,RThigh_to_RShin,ry,4.241210677038404e-08,2.112085454675015e-08,-2.129125222363389e-08,0.041533416602366875,0.03972964804062137
671_T1_R1_vs_R2,natural_variability,7,RThigh_to_RShin_rz,RThigh_to_RShin,rz,1.829024205732007e-08,2.23551257132776e-08,4.064883655957531e-09,0.041533416602366875,0.03972964804062137
671_T1_R1_vs_R2,natural_variability,7,RUArm_to_RFArm_rx,RUArm_to_RFArm,rx,0.19973076281163188,0.03880782809435344,-0.16092293471727845,0.041533416602366875,0.03972964804062137
671_T1_R1_vs_R2,natural_variability,7,RUArm_to_RFArm_ry,RUArm_to_RFArm,ry,0.01629379400217649,0.07671922845039884,0.060425434448222355,0.041533416602366875,0.03972964804062137
671_T1_R1_vs_R2,natural_variability,7,RUArm_to_RFArm_rz,RUArm_to_RFArm,rz,0.14971618009016194,0.07630196476190343,-0.07341421532825851,0.041533416602366875,0.03972964804062137
671_T1_R1_vs_R2,natural_variability,8,Chest_to_LShoulder_rx,Chest_to_LShoulder,rx,0.12084774995145273,0.10234473701251194,-0.018503012938940785,0.029685276188039317,0.032203718890240825
671_T1_R1_vs_R2,natural_variability,8,Chest_to_LShoulder_ry,Chest_to_LShoulder,ry,0.051601346275374854,0.016368341446811152,-0.0352330048285637,0.029685276188039317,0.032203718890240825
671_T1_R1_vs_R2,natural_variability,8,Chest_to_LShoulder_rz,Chest_to_LShoulder,rz,0.22065219277200457,0.19109546601401348,-0.029556726757991092,0.029685276188039317,0.032203718890240825
671_T1_R1_vs_R2,natural_variability,8,Chest_to_Neck_rx,Chest_to_Neck,rx,0.12046557932365874,0.10610064050969009,-0.01436493881396865,0.029685276188039317,0.032203718890240825
671_T1_R1_vs_R2,natural_variability,8,Chest_to_Neck_ry,Chest_to_Neck,ry,0.0732332843696958,0.002989394791229,-0.07024388957846679,0.029685276188039317,0.032203718890240825
671_T1_R1_vs_R2,natural_variability,8,Chest_to_Neck_rz,Chest_to_Neck,rz,0.04295674914336571,0.025746724806646186,-0.017210024336719525,0.029685276188039317,0.032203718890240825
671_T1_R1_vs_R2,natural_variability,8,Chest_to_RShoulder_rx,Chest_to_RShoulder,rx,0.06340402169186261,0.10964323121292159,0.04623920952105898,0.029685276188039317,0.032203718890240825
671_T1_R1_vs_R2,natural_variability,8,Chest_to_RShoulder_ry,Chest_to_RShoulder,ry,0.0004943699636785727,0.030391963116988642,0.02989759315331007,0.029685276188039317,0.032203718890240825
671_T1_R1_vs_R2,natural_variability,8,Chest_to_RShoulder_rz,Chest_to_RShoulder,rz,0.15084669451029023,0.02392352235496012,-0.1269231721553301,0.029685276188039317,0.032203718890240825
671_T1_R1_vs_R2,natural_variability,8,LFArm_to_LHand_rx,LFArm_to_LHand,rx,0.09459909753526659,0.11867899933333684,0.02407990179807025,0.029685276188039317,0.032203718890240825
671_T1_R1_vs_R2,natural_variability,8,LFArm_to_LHand_ry,LFArm_to_LHand,ry,0.08669683461192504,0.20281331776416853,0.11611648315224349,0.029685276188039317,0.032203718890240825
671_T1_R1_vs_R2,natural_variability,8,LFArm_to_LHand_rz,LFArm_to_LHand,rz,0.20026064469654592,0.007928383497219492,-0.19233226119932642,0.029685276188039317,0.032203718890240825
671_T1_R1_vs_R2,natural_variability,8,LShin_to_LFoot_rx,LShin_to_LFoot,rx,0.2470944390817013,0.16315402661893832,-0.08394041246276299,0.029685276188039317,0.032203718890240825
671_T1_R1_vs_R2,natural_variability,8,LShin_to_LFoot_ry,LShin_to_LFoot,ry,0.10018273485601167,0.03334196802371151,-0.06684076683230017,0.029685276188039317,0.032203718890240825
671_T1_R1_vs_R2,natural_variability,8,LShin_to_LFoot_rz,LShin_to_LFoot,rz,0.02006760096368949,0.001576263695153407,-0.018491337268536082,0.029685276188039317,0.032203718890240825
671_T1_R1_vs_R2,natural_variability,8,LShoulder_to_LUArm_rx,LShoulder_to_LUArm,rx,0.20227832073268115,0.15085874335411553,-0.05141957737856562,0.029685276188039317,0.032203718890240825
671_T1_R1_vs_R2,natural_variability,8,LShoulder_to_LUArm_ry,LShoulder_to_LUArm,ry,0.30525363826417856,0.2534040348622123,-0.05184960340196626,0.029685276188039317,0.032203718890240825
671_T1_R1_vs_R2,natural_variability,8,LShoulder_to_LUArm_rz,LShoulder_to_LUArm,rz,0.5825391753913258,0.43156045705434337,-0.15097871833698245,0.029685276188039317,0.032203718890240825
671_T1_R1_vs_R2,natural_variability,8,LThigh_to_LShin_rx,LThigh_to_LShin,rx,0.1295025055117916,0.2522041271422223,0.12270162163043069,0.029685276188039317,0.032203718890240825
671_T1_R1_vs_R2,natural_variability,8,LThigh_to_LShin_ry,LThigh_to_LShin,ry,1.91631082467763e-08,2.9706988889519113e-08,1.0543880642742814e-08,0.029685276188039317,0.032203718890240825
671_T1_R1_vs_R2,natural_variability,8,LThigh_to_LShin_rz,LThigh_to_LShin,rz,3.931391397360566e-09,8.577338514024235e-10,-3.0736575459581428e-09,0.029685276188039317,0.032203718890240825
671_T1_R1_vs_R2,natural_variability,8,LUArm_to_LFArm_rx,LUArm_to_LFArm,rx,0.05282934328947815,0.3394219320789701,0.28659258878949195,0.029685276188039317,0.032203718890240825
671_T1_R1_vs_R2,natural_variability,8,LUArm_to_LFArm_ry,LUArm_to_LFArm,ry,0.14495000925625784,0.2162888162765476,0.07133880702028977,0.029685276188039317,0.032203718890240825
671_T1_R1_vs_R2,natural_variability,8,LUArm_to_LFArm_rz,LUArm_to_LFArm,rz,0.040275740619007364,0.25848136061244803,0.21820561999344068,0.029685276188039317,0.032203718890240825
671_T1_R1_vs_R2,natural_variability,8,Neck_to_Head_rx,Neck_to_Head,rx,0.12046557513253017,0.10610061754360729,-0.01436495758892288,0.029685276188039317,0.032203718890240825
671_T1_R1_vs_R2,natural_variability,8,Neck_to_Head_ry,Neck_to_Head,ry,0.07323326077627526,0.002989399164585258,-0.07024386161169001,0.029685276188039317,0.032203718890240825
671_T1_R1_vs_R2,natural_variability,8,Neck_to_Head_rz,Neck_to_Head,rz,0.042956639391515845,0.02574670050961791,-0.017209938881897934,0.029685276188039317,0.032203718890240825
671_T1_R1_vs_R2,natural_variability,8,RFArm_to_RHand_rx,RFArm_to_RHand,rx,0.04652347858642656,0.12609650576289194,0.07957302717646539,0.029685276188039317,0.032203718890240825
671_T1_R1_vs_R2,natural_variability,8,RFArm_to_RHand_ry,RFArm_to_RHand,ry,0.0944213775928629,0.12557779290354038,0.031156415310677477,0.029685276188039317,0.032203718890240825
671_T1_R1_vs_R2,natural_variability,8,RFArm_to_RHand_rz,RFArm_to_RHand,rz,0.1501729306123238,0.05176551512111021,-0.0984074154912136,0.029685276188039317,0.032203718890240825
671_T1_R1_vs_R2,natural_variability,8,RShin_to_RFoot_rx,RShin_to_RFoot,rx,0.14453876906939284,0.057925380349812136,-0.0866133887195807,0.029685276188039317,0.032203718890240825
671_T1_R1_vs_R2,natural_variability,8,RShin_to_RFoot_ry,RShin_to_RFoot,ry,0.03436758245799514,0.09371439021701343,0.05934680775901829,0.029685276188039317,0.032203718890240825
671_T1_R1_vs_R2,natural_variability,8,RShin_to_RFoot_rz,RShin_to_RFoot,rz,0.008060794699167564,0.041829185453334014,0.03376839075416645,0.029685276188039317,0.032203718890240825
671_T1_R1_vs_R2,natural_variability,8,RShoulder_to_RUArm_rx,RShoulder_to_RUArm,rx,0.11456759835018793,0.20155424946530123,0.0869866511151133,0.029685276188039317,0.032203718890240825
671_T1_R1_vs_R2,natural_variability,8,RShoulder_to_RUArm_ry,RShoulder_to_RUArm,ry,0.10280524556440551,0.11422143337238524,0.011416187807979733,0.029685276188039317,0.032203718890240825
671_T1_R1_vs_R2,natural_variability,8,RShoulder_to_RUArm_rz,RShoulder_to_RUArm,rz,0.350877176056154,0.02284356709984497,-0.328033608956309,0.029685276188039317,0.032203718890240825
671_T1_R1_vs_R2,natural_variability,8,RThigh_to_RShin_rx,RThigh_to_RShin,rx,0.050896247259824536,0.12321262968889181,0.07231638242906727,0.029685276188039317,0.032203718890240825
671_T1_R1_vs_R2,natural_variability,8,RThigh_to_RShin_ry,RThigh_to_RShin,ry,6.416770997231353e-08,5.402448142574618e-08,-1.0143228546567346e-08,0.029685276188039317,0.032203718890240825
671_T1_R1_vs_R2,natural_variability,8,RThigh_to_RShin_rz,RThigh_to_RShin,rz,1.8089974907986977e-08,6.902410101240175e-09,-1.1187564806746802e-08,0.029685276188039317,0.032203718890240825
671_T1_R1_vs_R2,natural_variability,8,RUArm_to_RFArm_rx,RUArm_to_RFArm,rx,0.00039180942973321745,0.25423411625309394,0.25384230682336073,0.029685276188039317,0.032203718890240825
671_T1_R1_vs_R2,natural_variability,8,RUArm_to_RFArm_ry,RUArm_to_RFArm,ry,0.08434171881361308,0.2092912403544388,0.12494952154082573,0.029685276188039317,0.032203718890240825
671_T1_R1_vs_R2,natural_variability,8,RUArm_to_RFArm_rz,RUArm_to_RFArm,rz,0.0885430264123557,0.20168560547937578,0.11314257906702008,0.029685276188039317,0.032203718890240825
