comparison_id,kind,pc,feature,link_id,axis,loading_A_abs,loading_B_reprojected_abs,jcvpca_axis,explained_variance_A,explained_variance_B_projected
252_T1_vs_T2,longitudinal,1,252_to_LThigh_rx,252_to_LThigh,rx,0.3762806098876994,0.002619330144766644,-0.3736612797429328,0.20730463832517634,0.30999908993878605
252_T1_vs_T2,longitudinal,1,252_to_LThigh_ry,252_to_LThigh,ry,0.04229646962284264,0.1208736635310413,0.07857719390819866,0.20730463832517634,0.30999908993878605
252_T1_vs_T2,longitudinal,1,252_to_LThigh_rz,252_to_LThigh,rz,0.06507694784625688,0.10376705089105859,0.03869010304480171,0.20730463832517634,0.30999908993878605
252_T1_vs_T2,longitudinal,1,252_to_RThigh_rx,252_to_RThigh,rx,0.1773188546310367,0.1868563171729738,0.009537462541937103,0.20730463832517634,0.30999908993878605
252_T1_vs_T2,longitudinal,1,252_to_RThigh_ry,252_to_RThigh,ry,0.03903573030676859,0.04586782317113933,0.00683209286437074,0.20730463832517634,0.30999908993878605
252_T1_vs_T2,longitudinal,1,252_to_RThigh_rz,252_to_RThigh,rz,0.0015410452486837485,0.01237803464162518,0.010836989392941431,0.20730463832517634,0.30999908993878605
252_T1_vs_T2,longitudinal,1,Chest_to_LShoulder_rx,Chest_to_LShoulder,rx,0.021366424660358988,0.03430702619545561,0.01294060153509662,0.20730463832517634,0.30999908993878605
252_T1_vs_T2,longitudinal,1,Chest_to_LShoulder_ry,Chest_to_LShoulder,ry,0.017076156341635357,0.026802252628818468,0.00972609628718311,0.20730463832517634,0.30999908993878605
252_T1_vs_T2,longitudinal,1,Chest_to_LShoulder_rz,Chest_to_LShoulder,rz,0.032123719207302365,0.06412136377177033,0.031997644564467964,0.20730463832517634,0.30999908993878605
252_T1_vs_T2,longitudinal,1,Chest_to_Neck_rx,Chest_to_Neck,rx,0.05490227488966964,0.07705490217293613,0.022152627283266495,0.20730463832517634,0.30999908993878605
252_T1_vs_T2,longitudinal,1,Chest_to_Neck_ry,Chest_to_Neck,ry,0.0025462884617980016,0.03954670897130641,0.03700042050950841,0.20730463832517634,0.30999908993878605
252_T1_vs_T2,longitudinal,1,Chest_to_Neck_rz,Chest_to_Neck,rz,0.007468110677865247,0.040916888063611705,0.03344877738574646,0.20730463832517634,0.30999908993878605
252_T1_vs_T2,longitudinal,1,Chest_to_RShoulder_rx,Chest_to_RShoulder,rx,0.02205848346296614,0.024773772949943883,0.002715289486977742,0.20730463832517634,0.30999908993878605
252_T1_vs_T2,longitudinal,1,Chest_to_RShoulder_ry,Chest_to_RShoulder,ry,0.021700338258147257,0.0385871998814068,0.01688686162325954,0.20730463832517634,0.30999908993878605
252_T1_vs_T2,longitudinal,1,Chest_to_RShoulder_rz,Chest_to_RShoulder,rz,0.005840652116747417,0.125350810537279,0.11951015842053159,0.20730463832517634,0.30999908993878605
252_T1_vs_T2,longitudinal,1,LFArm_to_LHand_rx,LFArm_to_LHand,rx,9.950900827892187e-05,0.0069921542077049,0.006892645199425978,0.20730463832517634,0.30999908993878605
252_T1_vs_T2,longitudinal,1,LFArm_to_LHand_ry,LFArm_to_LHand,ry,0.002133289679634449,0.024395411504283895,0.022262121824649445,0.20730463832517634,0.30999908993878605
252_T1_vs_T2,longitudinal,1,LFArm_to_LHand_rz,LFArm_to_LHand,rz,0.0014599843541167963,0.028933333969517017,0.02747334961540022,0.20730463832517634,0.30999908993878605
252_T1_vs_T2,longitudinal,1,LShin_to_LFoot_rx,LShin_to_LFoot,rx,0.007658063675860293,0.050406087322998644,0.04274802364713835,0.20730463832517634,0.30999908993878605
252_T1_vs_T2,longitudinal,1,LShin_to_LFoot_ry,LShin_to_LFoot,ry,0.05880642522815757,0.008953303355594239,-0.049853121872563334,0.20730463832517634,0.30999908993878605
252_T1_vs_T2,longitudinal,1,LShin_to_LFoot_rz,LShin_to_LFoot,rz,0.005819093146045075,0.03967105314211137,0.03385195999606629,0.20730463832517634,0.30999908993878605
252_T1_vs_T2,longitudinal,1,LShoulder_to_LUArm_rx,LShoulder_to_LUArm,rx,0.07517489625811374,0.045526394654675104,-0.02964850160343864,0.20730463832517634,0.30999908993878605
252_T1_vs_T2,longitudinal,1,LShoulder_to_LUArm_ry,LShoulder_to_LUArm,ry,0.027520888338723997,0.19374628289614743,0.16622539455742344,0.20730463832517634,0.30999908993878605
252_T1_vs_T2,longitudinal,1,LShoulder_to_LUArm_rz,LShoulder_to_LUArm,rz,0.0596702479779581,0.0431249338525504,-0.016545314125407697,0.20730463832517634,0.30999908993878605
252_T1_vs_T2,longitudinal,1,LThigh_to_LShin_rx,LThigh_to_LShin,rx,0.7733806789392614,0.02416981471775376,-0.7492108642215076,0.20730463832517634,0.30999908993878605
252_T1_vs_T2,longitudinal,1,LThigh_to_LShin_ry,LThigh_to_LShin,ry,1.9503965537372733e-08,1.4567057577679157e-09,-1.8047259779604816e-08,0.20730463832517634,0.30999908993878605
252_T1_vs_T2,longitudinal,1,LThigh_to_LShin_rz,LThigh_to_LShin,rz,2.6478874778399692e-08,1.6442320505590696e-08,-1.0036554272808996e-08,0.20730463832517634,0.30999908993878605
252_T1_vs_T2,longitudinal,1,LUArm_to_LFArm_rx,LUArm_to_LFArm,rx,0.0770528366142617,0.13009160135520875,0.053038764740947056,0.20730463832517634,0.30999908993878605
252_T1_vs_T2,longitudinal,1,LUArm_to_LFArm_ry,LUArm_to_LFArm,ry,0.17887985974022647,0.621786775689762,0.4429069159495356,0.20730463832517634,0.30999908993878605
252_T1_vs_T2,longitudinal,1,LUArm_to_LFArm_rz,LUArm_to_LFArm,rz,0.019793121793233944,0.03134972183573057,0.011556600042496628,0.20730463832517634,0.30999908993878605
252_T1_vs_T2,longitudinal,1,Neck_to_Head_rx,Neck_to_Head,rx,0.05478263680509887,0.07720350656888961,0.022420869763790735,0.20730463832517634,0.30999908993878605
252_T1_vs_T2,longitudinal,1,Neck_to_Head_ry,Neck_to_Head,ry,0.0010955447568973475,0.030915379907948008,0.02981983515105066,0.20730463832517634,0.30999908993878605
252_T1_vs_T2,longitudinal,1,Neck_to_Head_rz,Neck_to_Head,rz,0.00783818587548394,0.04770236594596293,0.03986418007047899,0.20730463832517634,0.30999908993878605
252_T1_vs_T2,longitudinal,1,RFArm_to_RHand_rx,RFArm_to_RHand,rx,0.0003267115748246251,0.0013484309545911716,0.0010217193797665465,0.20730463832517634,0.30999908993878605
252_T1_vs_T2,longitudinal,1,RFArm_to_RHand_ry,RFArm_to_RHand,ry,0.01788071623403738,0.010673333356578985,-0.007207382877458396,0.20730463832517634,0.30999908993878605
252_T1_vs_T2,longitudinal,1,RFArm_to_RHand_rz,RFArm_to_RHand,rz,0.05651604925484434,0.03753673983946908,-0.01897930941537526,0.20730463832517634,0.30999908993878605
252_T1_vs_T2,longitudinal,1,RShin_to_RFoot_rx,RShin_to_RFoot,rx,0.05567693220269658,0.04071796594676214,-0.014958966255934437,0.20730463832517634,0.30999908993878605
252_T1_vs_T2,longitudinal,1,RShin_to_RFoot_ry,RShin_to_RFoot,ry,0.00603539893366854,0.07489474632864265,0.06885934739497411,0.20730463832517634,0.30999908993878605
252_T1_vs_T2,longitudinal,1,RShin_to_RFoot_rz,RShin_to_RFoot,rz,0.02082542940009832,0.05768753434982329,0.03686210494972497,0.20730463832517634,0.30999908993878605
252_T1_vs_T2,longitudinal,1,RShoulder_to_RUArm_rx,RShoulder_to_RUArm,rx,0.009775408528548104,0.34095434429611104,0.33117893576756297,0.20730463832517634,0.30999908993878605
252_T1_vs_T2,longitudinal,1,RShoulder_to_RUArm_ry,RShoulder_to_RUArm,ry,0.021203922984715257,0.17650552282558818,0.1553015998408729,0.20730463832517634,0.30999908993878605
252_T1_vs_T2,longitudinal,1,RShoulder_to_RUArm_rz,RShoulder_to_RUArm,rz,0.06251412464816525,0.190513085874732,0.12799896122656676,0.20730463832517634,0.30999908993878605
252_T1_vs_T2,longitudinal,1,RThigh_to_RShin_rx,RThigh_to_RShin,rx,0.18160971816884897,0.05953930232020384,-0.12207041584864513,0.20730463832517634,0.30999908993878605
252_T1_vs_T2,longitudinal,1,RThigh_to_RShin_ry,RThigh_to_RShin,ry,1.7253525111710296e-08,1.7543718742478947e-08,2.901936307686506e-10,0.20730463832517634,0.30999908993878605
252_T1_vs_T2,longitudinal,1,RThigh_to_RShin_rz,RThigh_to_RShin,rz,6.0332024321968615e-09,2.482738173980681e-08,1.8794179307609948e-08,0.20730463832517634,0.30999908993878605
252_T1_vs_T2,longitudinal,1,RUArm_to_RFArm_rx,RUArm_to_RFArm,rx,0.021897612179489462,0.30123909568494805,0.2793414835054586,0.20730463832517634,0.30999908993878605
252_T1_vs_T2,longitudinal,1,RUArm_to_RFArm_ry,RUArm_to_RFArm,ry,0.3149868673609819,0.3560131788397774,0.041026311478795485,0.20730463832517634,0.30999908993878605
252_T1_vs_T2,longitudinal,1,RUArm_to_RFArm_rz,RUArm_to_RFArm,rz,0.1277583730553763,0.16168847130369784,0.03393009824832155,0.20730463832517634,0.30999908993878605
252_T1_vs_T2,longitudinal,2,252_to_LThigh_rx,252_to_LThigh,rx,0.19242677712649273,0.042851051676781826,-0.1495757254497109,0.16822873825407114,0.29919730419585827
252_T1_vs_T2,longitudinal,2,252_to_LThigh_ry,252_to_LThigh,ry,0.05577885875124984,0.061690194120882655,0.005911335369632814,0.16822873825407114,0.29919730419585827
252_T1_vs_T2,longitudinal,2,252_to_LThigh_rz,252_to_LThigh,rz,0.0677732467658642,0.030862756148437403,-0.036910490617426794,0.16822873825407114,0.29919730419585827
252_T1_vs_T2,longitudinal,2,252_to_RThigh_rx,252_to_RThigh,rx,0.057833331892176106,0.4390155062517563,0.3811821743595802,0.16822873825407114,0.29919730419585827
252_T1_vs_T2,longitudinal,2,252_to_RThigh_ry,252_to_RThigh,ry,0.025039154826211017,0.06160226951726393,0.03656311469105291,0.16822873825407114,0.29919730419585827
252_T1_vs_T2,longitudinal,2,252_to_RThigh_rz,252_to_RThigh,rz,0.0032981340096543605,0.06845343598132353,0.06515530197166917,0.16822873825407114,0.29919730419585827
252_T1_vs_T2,longitudinal,2,Chest_to_LShoulder_rx,Chest_to_LShoulder,rx,0.035842902954248065,0.005048792361848037,-0.030794110592400028,0.16822873825407114,0.29919730419585827
252_T1_vs_T2,longitudinal,2,Chest_to_LShoulder_ry,Chest_to_LShoulder,ry,0.005115954961718529,0.05832160137512784,0.05320564641340931,0.16822873825407114,0.29919730419585827
252_T1_vs_T2,longitudinal,2,Chest_to_LShoulder_rz,Chest_to_LShoulder,rz,0.06214035688453158,0.019396611453156538,-0.042743745431375046,0.16822873825407114,0.29919730419585827
252_T1_vs_T2,longitudinal,2,Chest_to_Neck_rx,Chest_to_Neck,rx,0.03475439746437297,0.13274295337479222,0.09798855591041924,0.16822873825407114,0.29919730419585827
252_T1_vs_T2,longitudinal,2,Chest_to_Neck_ry,Chest_to_Neck,ry,0.042048567280744305,0.0905928327077242,0.04854426542697989,0.16822873825407114,0.29919730419585827
252_T1_vs_T2,longitudinal,2,Chest_to_Neck_rz,Chest_to_Neck,rz,0.02166617834872491,0.025511913737502043,0.0038457353887771314,0.16822873825407114,0.29919730419585827
252_T1_vs_T2,longitudinal,2,Chest_to_RShoulder_rx,Chest_to_RShoulder,rx,0.009284044699712739,0.07053052111098074,0.061246476411268,0.16822873825407114,0.29919730419585827
252_T1_vs_T2,longitudinal,2,Chest_to_RShoulder_ry,Chest_to_RShoulder,ry,0.030104756121432083,0.0459949156229544,0.015890159501522318,0.16822873825407114,0.29919730419585827
252_T1_vs_T2,longitudinal,2,Chest_to_RShoulder_rz,Chest_to_RShoulder,rz,0.12318560249436893,0.022018839778377514,-0.10116676271599141,0.16822873825407114,0.29919730419585827
252_T1_vs_T2,longitudinal,2,LFArm_to_LHand_rx,LFArm_to_LHand,rx,0.0017580612115470746,0.009221821243909063,0.007463760032361988,0.16822873825407114,0.29919730419585827
252_T1_vs_T2,longitudinal,2,LFArm_to_LHand_ry,LFArm_to_LHand,ry,0.01610338265990045,0.04568402144029813,0.02958063878039768,0.16822873825407114,0.29919730419585827
252_T1_vs_T2,longitudinal,2,LFArm_to_LHand_rz,LFArm_to_LHand,rz,0.0007876535065304355,0.010296099230577803,0.009508445724047368,0.16822873825407114,0.29919730419585827
252_T1_vs_T2,longitudinal,2,LShin_to_LFoot_rx,LShin_to_LFoot,rx,0.03614238333131942,0.010124379539280323,-0.0260180037920391,0.16822873825407114,0.29919730419585827
252_T1_vs_T2,longitudinal,2,LShin_to_LFoot_ry,LShin_to_LFoot,ry,0.0019234089035731824,0.011058875034516446,0.009135466130943263,0.16822873825407114,0.29919730419585827
252_T1_vs_T2,longitudinal,2,LShin_to_LFoot_rz,LShin_to_LFoot,rz,0.015676411867626572,0.016174991502138313,0.0004985796345117408,0.16822873825407114,0.29919730419585827
252_T1_vs_T2,longitudinal,2,LShoulder_to_LUArm_rx,LShoulder_to_LUArm,rx,0.09413035947378069,0.016028781673574015,-0.07810157780020668,0.16822873825407114,0.29919730419585827
252_T1_vs_T2,longitudinal,2,LShoulder_to_LUArm_ry,LShoulder_to_LUArm,ry,0.018349234718714563,0.17720368970902403,0.15885445499030948,0.16822873825407114,0.29919730419585827
252_T1_vs_T2,longitudinal,2,LShoulder_to_LUArm_rz,LShoulder_to_LUArm,rz,0.08632030725532805,0.06464448019143391,-0.021675827063894135,0.16822873825407114,0.29919730419585827
252_T1_vs_T2,longitudinal,2,LThigh_to_LShin_rx,LThigh_to_LShin,rx,0.10721870035359551,0.09208786695413008,-0.01513083339946543,0.16822873825407114,0.29919730419585827
252_T1_vs_T2,longitudinal,2,LThigh_to_LShin_ry,LThigh_to_LShin,ry,1.9395512259703148e-08,4.70313997690524e-08,2.763588750934925e-08,0.16822873825407114,0.29919730419585827
252_T1_vs_T2,longitudinal,2,LThigh_to_LShin_rz,LThigh_to_LShin,rz,2.9447080164591933e-08,4.239450265431934e-09,-2.5207629899159997e-08,0.16822873825407114,0.29919730419585827
252_T1_vs_T2,longitudinal,2,LUArm_to_LFArm_rx,LUArm_to_LFArm,rx,0.19438810062776188,0.1558439638109874,-0.03854413681677449,0.16822873825407114,0.29919730419585827
252_T1_vs_T2,longitudinal,2,LUArm_to_LFArm_ry,LUArm_to_LFArm,ry,0.393383037170673,0.0449481709146857,-0.3484348662559873,0.16822873825407114,0.29919730419585827
252_T1_vs_T2,longitudinal,2,LUArm_to_LFArm_rz,LUArm_to_LFArm,rz,0.04244777667554577,0.04106004182184858,-0.001387734853697191,0.16822873825407114,0.29919730419585827
252_T1_vs_T2,longitudinal,2,Neck_to_Head_rx,Neck_to_Head,rx,0.03445144799638994,0.1328645051251009,0.09841305712871096,0.16822873825407114,0.29919730419585827
252_T1_vs_T2,longitudinal,2,Neck_to_Head_ry,Neck_to_Head,ry,0.04571206046144812,0.08418128069251621,0.03846922023106809,0.16822873825407114,0.29919730419585827
252_T1_vs_T2,longitudinal,2,Neck_to_Head_rz,Neck_to_Head,rz,0.0132688297082574,0.04239195538200264,0.02912312567374524,0.16822873825407114,0.29919730419585827
252_T1_vs_T2,longitudinal,2,RFArm_to_RHand_rx,RFArm_to_RHand,rx,0.003019701187023923,0.007989501729081963,0.00496980054205804,0.16822873825407114,0.29919730419585827
252_T1_vs_T2,longitudinal,2,RFArm_to_RHand_ry,RFArm_to_RHand,ry,0.020342364887791675,0.013038689160207988,-0.007303675727583687,0.16822873825407114,0.29919730419585827
252_T1_vs_T2,longitudinal,2,RFArm_to_RHand_rz,RFArm_to_RHand,rz,0.04820274182145126,0.1507515141007816,0.10254877227933035,0.16822873825407114,0.29919730419585827
252_T1_vs_T2,longitudinal,2,RShin_to_RFoot_rx,RShin_to_RFoot,rx,0.013001408032198142,0.09731160258502626,0.08431019455282812,0.16822873825407114,0.29919730419585827
252_T1_vs_T2,longitudinal,2,RShin_to_RFoot_ry,RShin_to_RFoot,ry,0.020421023281066104,0.06676832792879143,0.04634730464772533,0.16822873825407114,0.29919730419585827
252_T1_vs_T2,longitudinal,2,RShin_to_RFoot_rz,RShin_to_RFoot,rz,0.011168658538197828,0.050570543232645856,0.039401884694448025,0.16822873825407114,0.29919730419585827
252_T1_vs_T2,longitudinal,2,RShoulder_to_RUArm_rx,RShoulder_to_RUArm,rx,0.18200234378402708,0.3180457822557297,0.13604343847170264,0.16822873825407114,0.29919730419585827
252_T1_vs_T2,longitudinal,2,RShoulder_to_RUArm_ry,RShoulder_to_RUArm,ry,0.17855318892777952,0.07396331224394272,-0.1045898766838368,0.16822873825407114,0.29919730419585827
252_T1_vs_T2,longitudinal,2,RShoulder_to_RUArm_rz,RShoulder_to_RUArm,rz,0.15375672584771038,0.051906166084401344,-0.10185055976330903,0.16822873825407114,0.29919730419585827
252_T1_vs_T2,longitudinal,2,RThigh_to_RShin_rx,RThigh_to_RShin,rx,0.007605276764694473,0.27112450339696836,0.2635192266322739,0.16822873825407114,0.29919730419585827
252_T1_vs_T2,longitudinal,2,RThigh_to_RShin_ry,RThigh_to_RShin,ry,1.4503454340501344e-08,5.5483086300631874e-08,4.097963196013053e-08,0.16822873825407114,0.29919730419585827
252_T1_vs_T2,longitudinal,2,RThigh_to_RShin_rz,RThigh_to_RShin,rz,2.3750928473629046e-08,2.0856801748361406e-08,-2.8941267252676397e-09,0.16822873825407114,0.29919730419585827
252_T1_vs_T2,longitudinal,2,RUArm_to_RFArm_rx,RUArm_to_RFArm,rx,0.2062543011340789,0.0746557645774409,-0.131598536556638,0.16822873825407114,0.29919730419585827
252_T1_vs_T2,longitudinal,2,RUArm_to_RFArm_ry,RUArm_to_RFArm,ry,0.7009238918893765,0.6104753933819127,-0.09044849850746384,0.16822873825407114,0.29919730419585827
252_T1_vs_T2,longitudinal,2,RUArm_to_RFArm_rz,RUArm_to_RFArm,rz,0.2697188857331521,0.22846635853501793,-0.04125252719813419,0.16822873825407114,0.29919730419585827
252_T1_vs_T2,longitudinal,3,252_to_LThigh_rx,252_to_LThigh,rx,0.4836060466788091,0.09726107296175547,-0.3863449737170536,0.1298690288604929,0.14400766708993637
252_T1_vs_T2,longitudinal,3,252_to_LThigh_ry,252_to_LThigh,ry,0.06034362040919259,0.046545450327645246,-0.013798170081547344,0.1298690288604929,0.14400766708993637
252_T1_vs_T2,longitudinal,3,252_to_LThigh_rz,252_to_LThigh,rz,0.09178775178268919,0.0791337578075773,-0.012653993975111896,0.1298690288604929,0.14400766708993637
252_T1_vs_T2,longitudinal,3,252_to_RThigh_rx,252_to_RThigh,rx,0.1146059820859386,0.17453404782228657,0.05992806573634797,0.1298690288604929,0.14400766708993637
252_T1_vs_T2,longitudinal,3,252_to_RThigh_ry,252_to_RThigh,ry,0.005916632217393578,0.049737440050698994,0.043820807833305414,0.1298690288604929,0.14400766708993637
252_T1_vs_T2,longitudinal,3,252_to_RThigh_rz,252_to_RThigh,rz,0.17137261984057836,0.06766372571931593,-0.10370889412126243,0.1298690288604929,0.14400766708993637
252_T1_vs_T2,longitudinal,3,Chest_to_LShoulder_rx,Chest_to_LShoulder,rx,0.023917173196443584,0.017073118942924695,-0.006844054253518889,0.1298690288604929,0.14400766708993637
252_T1_vs_T2,longitudinal,3,Chest_to_LShoulder_ry,Chest_to_LShoulder,ry,0.010596797371485531,0.005963432495723519,-0.0046333648757620124,0.1298690288604929,0.14400766708993637
252_T1_vs_T2,longitudinal,3,Chest_to_LShoulder_rz,Chest_to_LShoulder,rz,0.03215912017294734,0.031107401165901476,-0.001051719007045867,0.1298690288604929,0.14400766708993637
252_T1_vs_T2,longitudinal,3,Chest_to_Neck_rx,Chest_to_Neck,rx,0.046979216979403236,0.03622786880958346,-0.010751348169819777,0.1298690288604929,0.14400766708993637
252_T1_vs_T2,longitudinal,3,Chest_to_Neck_ry,Chest_to_Neck,ry,0.06932278991458743,0.05285943535094443,-0.016463354563643,0.1298690288604929,0.14400766708993637
252_T1_vs_T2,longitudinal,3,Chest_to_Neck_rz,Chest_to_Neck,rz,0.026828000310604123,0.02232266079413495,-0.0045053395164691735,0.1298690288604929,0.14400766708993637
252_T1_vs_T2,longitudinal,3,Chest_to_RShoulder_rx,Chest_to_RShoulder,rx,0.04278391871300726,0.058098895497587406,0.015314976784580145,0.1298690288604929,0.14400766708993637
252_T1_vs_T2,longitudinal,3,Chest_to_RShoulder_ry,Chest_to_RShoulder,ry,0.013228658490291336,0.03520829104191107,0.02197963255161973,0.1298690288604929,0.14400766708993637
252_T1_vs_T2,longitudinal,3,Chest_to_RShoulder_rz,Chest_to_RShoulder,rz,0.011773548284539408,0.054572742822242,0.04279919453770259,0.1298690288604929,0.14400766708993637
252_T1_vs_T2,longitudinal,3,LFArm_to_LHand_rx,LFArm_to_LHand,rx,0.008430256978767786,0.009726724168602392,0.0012964671898346054,0.1298690288604929,0.14400766708993637
252_T1_vs_T2,longitudinal,3,LFArm_to_LHand_ry,LFArm_to_LHand,ry,0.037227508364867636,0.04052490405210395,0.003297395687236311,0.1298690288604929,0.14400766708993637
252_T1_vs_T2,longitudinal,3,LFArm_to_LHand_rz,LFArm_to_LHand,rz,0.04551142227287804,0.04899579363408308,0.003484371361205038,0.1298690288604929,0.14400766708993637
252_T1_vs_T2,longitudinal,3,LShin_to_LFoot_rx,LShin_to_LFoot,rx,0.02664069282227746,0.03980919516460824,0.013168502342330784,0.1298690288604929,0.14400766708993637
252_T1_vs_T2,longitudinal,3,LShin_to_LFoot_ry,LShin_to_LFoot,ry,0.027758531893003358,0.010027891000064907,-0.01773064089293845,0.1298690288604929,0.14400766708993637
252_T1_vs_T2,longitudinal,3,LShin_to_LFoot_rz,LShin_to_LFoot,rz,0.007980594106530275,0.003095963139755898,-0.004884630966774377,0.1298690288604929,0.14400766708993637
252_T1_vs_T2,longitudinal,3,LShoulder_to_LUArm_rx,LShoulder_to_LUArm,rx,0.09689000285958814,0.07036578667626892,-0.026524216183319224,0.1298690288604929,0.14400766708993637
252_T1_vs_T2,longitudinal,3,LShoulder_to_LUArm_ry,LShoulder_to_LUArm,ry,0.27303405142200177,0.13104731251959012,-0.14198673890241165,0.1298690288604929,0.14400766708993637
252_T1_vs_T2,longitudinal,3,LShoulder_to_LUArm_rz,LShoulder_to_LUArm,rz,0.008893173110154076,0.07521412345573793,0.06632095034558386,0.1298690288604929,0.14400766708993637
252_T1_vs_T2,longitudinal,3,LThigh_to_LShin_rx,LThigh_to_LShin,rx,0.011657909342977692,0.011443402553554166,-0.00021450678942352627,0.1298690288604929,0.14400766708993637
252_T1_vs_T2,longitudinal,3,LThigh_to_LShin_ry,LThigh_to_LShin,ry,9.3398463039013e-09,1.802200918263429e-08,8.68216287873299e-09,0.1298690288604929,0.14400766708993637
252_T1_vs_T2,longitudinal,3,LThigh_to_LShin_rz,LThigh_to_LShin,rz,1.799550631297358e-08,1.006373761832619e-08,-7.93176869464739e-09,0.1298690288604929,0.14400766708993637
252_T1_vs_T2,longitudinal,3,LUArm_to_LFArm_rx,LUArm_to_LFArm,rx,0.01690519376885228,0.17451536771601844,0.15761017394716617,0.1298690288604929,0.14400766708993637
252_T1_vs_T2,longitudinal,3,LUArm_to_LFArm_ry,LUArm_to_LFArm,ry,0.6168339017548484,0.5001069165703343,-0.11672698518451408,0.1298690288604929,0.14400766708993637
252_T1_vs_T2,longitudinal,3,LUArm_to_LFArm_rz,LUArm_to_LFArm,rz,0.08583262725676387,0.029717648256598072,-0.05611497900016579,0.1298690288604929,0.14400766708993637
252_T1_vs_T2,longitudinal,3,Neck_to_Head_rx,Neck_to_Head,rx,0.046295647999134944,0.035321185116410254,-0.01097446288272469,0.1298690288604929,0.14400766708993637
252_T1_vs_T2,longitudinal,3,Neck_to_Head_ry,Neck_to_Head,ry,0.0734545030891302,0.05655082992966347,-0.016903673159466726,0.1298690288604929,0.14400766708993637
252_T1_vs_T2,longitudinal,3,Neck_to_Head_rz,Neck_to_Head,rz,0.013266034783567837,0.012244524792175042,-0.0010215099913927946,0.1298690288604929,0.14400766708993637
252_T1_vs_T2,longitudinal,3,RFArm_to_RHand_rx,RFArm_to_RHand,rx,0.006980248550048034,0.007339630205864233,0.0003593816558161997,0.1298690288604929,0.14400766708993637
252_T1_vs_T2,longitudinal,3,RFArm_to_RHand_ry,RFArm_to_RHand,ry,0.006356182576470678,0.04411000207915048,0.0377538195026798,0.1298690288604929,0.14400766708993637
252_T1_vs_T2,longitudinal,3,RFArm_to_RHand_rz,RFArm_to_RHand,rz,0.1032074859398949,0.0017108024744432028,-0.1014966834654517,0.1298690288604929,0.14400766708993637
252_T1_vs_T2,longitudinal,3,RShin_to_RFoot_rx,RShin_to_RFoot,rx,0.004688099841907609,0.05956387295792007,0.05487577311601246,0.1298690288604929,0.14400766708993637
252_T1_vs_T2,longitudinal,3,RShin_to_RFoot_ry,RShin_to_RFoot,ry,0.0567070201945618,0.01995713659483339,-0.03674988359972841,0.1298690288604929,0.14400766708993637
252_T1_vs_T2,longitudinal,3,RShin_to_RFoot_rz,RShin_to_RFoot,rz,0.03247411447855388,0.004953950799121485,-0.0275201636794324,0.1298690288604929,0.14400766708993637
252_T1_vs_T2,longitudinal,3,RShoulder_to_RUArm_rx,RShoulder_to_RUArm,rx,0.3067660906872718,0.5732922427746147,0.26652615208734287,0.1298690288604929,0.14400766708993637
252_T1_vs_T2,longitudinal,3,RShoulder_to_RUArm_ry,RShoulder_to_RUArm,ry,0.012557217938301805,0.03517912963804088,0.022621911699739074,0.1298690288604929,0.14400766708993637
252_T1_vs_T2,longitudinal,3,RShoulder_to_RUArm_rz,RShoulder_to_RUArm,rz,0.03639544402598199,0.23245977657752706,0.19606433255154507,0.1298690288604929,0.14400766708993637
252_T1_vs_T2,longitudinal,3,RThigh_to_RShin_rx,RThigh_to_RShin,rx,0.10886605764581875,0.01796308892903535,-0.0909029687167834,0.1298690288604929,0.14400766708993637
252_T1_vs_T2,longitudinal,3,RThigh_to_RShin_ry,RThigh_to_RShin,ry,4.489887356872058e-09,2.4299809016725613e-08,1.9809921659853556e-08,0.1298690288604929,0.14400766708993637
252_T1_vs_T2,longitudinal,3,RThigh_to_RShin_rz,RThigh_to_RShin,rz,1.5364923781434597e-09,4.277331319148447e-08,4.123682081334101e-08,0.1298690288604929,0.14400766708993637
252_T1_vs_T2,longitudinal,3,RUArm_to_RFArm_rx,RUArm_to_RFArm,rx,0.12531057494285205,0.10363594354426771,-0.021674631398584346,0.1298690288604929,0.14400766708993637
252_T1_vs_T2,longitudinal,3,RUArm_to_RFArm_ry,RUArm_to_RFArm,ry,0.2715133047567854,0.4341971300211793,0.1626838252643939,0.1298690288604929,0.14400766708993637
252_T1_vs_T2,longitudinal,3,RUArm_to_RFArm_rz,RUArm_to_RFArm,rz,0.05437259256572783,0.1477006663525041,0.09332807378677627,0.1298690288604929,0.14400766708993637
252_T1_vs_T2,longitudinal,4,252_to_LThigh_rx,252_to_LThigh,rx,0.028681910358553508,0.11486976582627842,0.08618785546772491,0.10966437530362615,0.09404226613764602
252_T1_vs_T2,longitudinal,4,252_to_LThigh_ry,252_to_LThigh,ry,0.044284593413968606,0.05969569180179991,0.015411098387831307,0.10966437530362615,0.09404226613764602
252_T1_vs_T2,longitudinal,4,252_to_LThigh_rz,252_to_LThigh,rz,0.02462044907867546,0.02774068248496938,0.0031202334062939187,0.10966437530362615,0.09404226613764602
252_T1_vs_T2,longitudinal,4,252_to_RThigh_rx,252_to_RThigh,rx,0.15802677386706343,0.16155170442239747,0.003524930555334038,0.10966437530362615,0.09404226613764602
252_T1_vs_T2,longitudinal,4,252_to_RThigh_ry,252_to_RThigh,ry,0.07638059451811224,0.18011690460346544,0.1037363100853532,0.10966437530362615,0.09404226613764602
252_T1_vs_T2,longitudinal,4,252_to_RThigh_rz,252_to_RThigh,rz,0.0620810634984002,0.13175770196008985,0.06967663846168964,0.10966437530362615,0.09404226613764602
252_T1_vs_T2,longitudinal,4,Chest_to_LShoulder_rx,Chest_to_LShoulder,rx,0.0021828158046207392,0.01401207006193456,0.01182925425731382,0.10966437530362615,0.09404226613764602
252_T1_vs_T2,longitudinal,4,Chest_to_LShoulder_ry,Chest_to_LShoulder,ry,0.035223175800377725,0.004523857598994925,-0.0306993182013828,0.10966437530362615,0.09404226613764602
252_T1_vs_T2,longitudinal,4,Chest_to_LShoulder_rz,Chest_to_LShoulder,rz,0.034071683360422315,0.002723074195471226,-0.03134860916495109,0.10966437530362615,0.09404226613764602
252_T1_vs_T2,longitudinal,4,Chest_to_Neck_rx,Chest_to_Neck,rx,0.021730939878286643,0.0650615741878222,0.04333063430953556,0.10966437530362615,0.09404226613764602
252_T1_vs_T2,longitudinal,4,Chest_to_Neck_ry,Chest_to_Neck,ry,0.015322823448563016,0.09240152634411164,0.07707870289554862,0.10966437530362615,0.09404226613764602
252_T1_vs_T2,longitudinal,4,Chest_to_Neck_rz,Chest_to_Neck,rz,0.035503679569952803,0.06204937580477256,0.026545696234819754,0.10966437530362615,0.09404226613764602
252_T1_vs_T2,longitudinal,4,Chest_to_RShoulder_rx,Chest_to_RShoulder,rx,0.08435032030760246,0.03403238368972136,-0.0503179366178811,0.10966437530362615,0.09404226613764602
252_T1_vs_T2,longitudinal,4,Chest_to_RShoulder_ry,Chest_to_RShoulder,ry,0.03261562358785633,0.03391755812328339,0.0013019345354270614,0.10966437530362615,0.09404226613764602
252_T1_vs_T2,longitudinal,4,Chest_to_RShoulder_rz,Chest_to_RShoulder,rz,0.05379915948036998,0.08367430101461493,0.029875141534244948,0.10966437530362615,0.09404226613764602
252_T1_vs_T2,longitudinal,4,LFArm_to_LHand_rx,LFArm_to_LHand,rx,0.006025071599152752,0.0015478559365328108,-0.004477215662619941,0.10966437530362615,0.09404226613764602
252_T1_vs_T2,longitudinal,4,LFArm_to_LHand_ry,LFArm_to_LHand,ry,0.03235557678241641,0.0227870543835151,-0.009568522398901314,0.10966437530362615,0.09404226613764602
252_T1_vs_T2,longitudinal,4,LFArm_to_LHand_rz,LFArm_to_LHand,rz,0.04047793397922473,0.01007546990816253,-0.030402464071062202,0.10966437530362615,0.09404226613764602
252_T1_vs_T2,longitudinal,4,LShin_to_LFoot_rx,LShin_to_LFoot,rx,0.007459378230823531,0.02058584477350052,0.013126466542676988,0.10966437530362615,0.09404226613764602
252_T1_vs_T2,longitudinal,4,LShin_to_LFoot_ry,LShin_to_LFoot,ry,0.0044129312911688175,0.016304683683307418,0.011891752392138601,0.10966437530362615,0.09404226613764602
252_T1_vs_T2,longitudinal,4,LShin_to_LFoot_rz,LShin_to_LFoot,rz,0.017909407825984127,0.019121033778274607,0.00121162595229048,0.10966437530362615,0.09404226613764602
252_T1_vs_T2,longitudinal,4,LShoulder_to_LUArm_rx,LShoulder_to_LUArm,rx,0.0036884729744442804,0.01926658242393028,0.015578109449486,0.10966437530362615,0.09404226613764602
252_T1_vs_T2,longitudinal,4,LShoulder_to_LUArm_ry,LShoulder_to_LUArm,ry,0.007491218239436102,0.014809893349881977,0.007318675110445875,0.10966437530362615,0.09404226613764602
252_T1_vs_T2,longitudinal,4,LShoulder_to_LUArm_rz,LShoulder_to_LUArm,rz,0.01871059464135148,0.08516595690313773,0.06645536226178625,0.10966437530362615,0.09404226613764602
252_T1_vs_T2,longitudinal,4,LThigh_to_LShin_rx,LThigh_to_LShin,rx,0.08368374356699204,0.07896699586263077,-0.004716747704361271,0.10966437530362615,0.09404226613764602
252_T1_vs_T2,longitudinal,4,LThigh_to_LShin_ry,LThigh_to_LShin,ry,4.715106051152915e-08,4.030422368165098e-08,-6.84683682987817e-09,0.10966437530362615,0.09404226613764602
252_T1_vs_T2,longitudinal,4,LThigh_to_LShin_rz,LThigh_to_LShin,rz,3.91900661312894e-09,1.7220853279174567e-08,1.3301846666045627e-08,0.10966437530362615,0.09404226613764602
252_T1_vs_T2,longitudinal,4,LUArm_to_LFArm_rx,LUArm_to_LFArm,rx,0.10774102480323135,0.02293205733776537,-0.08480896746546598,0.10966437530362615,0.09404226613764602
252_T1_vs_T2,longitudinal,4,LUArm_to_LFArm_ry,LUArm_to_LFArm,ry,0.43995763022342627,0.38379162841116726,-0.056166001812259,0.10966437530362615,0.09404226613764602
252_T1_vs_T2,longitudinal,4,LUArm_to_LFArm_rz,LUArm_to_LFArm,rz,0.01040367028654757,0.054214900887213875,0.0438112306006663,0.10966437530362615,0.09404226613764602
252_T1_vs_T2,longitudinal,4,Neck_to_Head_rx,Neck_to_Head,rx,0.02130226281404587,0.06449936652301647,0.04319710370897059,0.10966437530362615,0.09404226613764602
252_T1_vs_T2,longitudinal,4,Neck_to_Head_ry,Neck_to_Head,ry,0.021840451774369798,0.10311276385520542,0.08127231208083562,0.10966437530362615,0.09404226613764602
252_T1_vs_T2,longitudinal,4,Neck_to_Head_rz,Neck_to_Head,rz,0.0317856725976645,0.04363106915553455,0.01184539655787005,0.10966437530362615,0.09404226613764602
252_T1_vs_T2,longitudinal,4,RFArm_to_RHand_rx,RFArm_to_RHand,rx,0.013656186313786768,0.004753580211822033,-0.008902606101964736,0.10966437530362615,0.09404226613764602
252_T1_vs_T2,longitudinal,4,RFArm_to_RHand_ry,RFArm_to_RHand,ry,0.04976914505674282,0.05342582923469231,0.003656684177949489,0.10966437530362615,0.09404226613764602
252_T1_vs_T2,longitudinal,4,RFArm_to_RHand_rz,RFArm_to_RHand,rz,0.11022927530350986,0.02340457433240206,-0.0868247009711078,0.10966437530362615,0.09404226613764602
252_T1_vs_T2,longitudinal,4,RShin_to_RFoot_rx,RShin_to_RFoot,rx,0.003623166115152288,0.08991270878715406,0.08628954267200177,0.10966437530362615,0.09404226613764602
252_T1_vs_T2,longitudinal,4,RShin_to_RFoot_ry,RShin_to_RFoot,ry,0.0057085158424426,0.1299417065477209,0.12423319070527829,0.10966437530362615,0.09404226613764602
252_T1_vs_T2,longitudinal,4,RShin_to_RFoot_rz,RShin_to_RFoot,rz,0.04601575943118424,0.07034832682066593,0.02433256738948169,0.10966437530362615,0.09404226613764602
252_T1_vs_T2,longitudinal,4,RShoulder_to_RUArm_rx,RShoulder_to_RUArm,rx,0.7354040621808476,0.05042823808787427,-0.6849758240929734,0.10966437530362615,0.09404226613764602
252_T1_vs_T2,longitudinal,4,RShoulder_to_RUArm_ry,RShoulder_to_RUArm,ry,0.009936275442451662,0.2805086691994533,0.2705723937570016,0.10966437530362615,0.09404226613764602
252_T1_vs_T2,longitudinal,4,RShoulder_to_RUArm_rz,RShoulder_to_RUArm,rz,0.18330129365100567,0.40863117844362246,0.22532988479261679,0.10966437530362615,0.09404226613764602
252_T1_vs_T2,longitudinal,4,RThigh_to_RShin_rx,RThigh_to_RShin,rx,0.09536203298314046,0.15518610828929724,0.059824075306156785,0.10966437530362615,0.09404226613764602
252_T1_vs_T2,longitudinal,4,RThigh_to_RShin_ry,RThigh_to_RShin,ry,2.5992290449584657e-09,2.9322058567739174e-08,2.6722829522780707e-08,0.10966437530362615,0.09404226613764602
252_T1_vs_T2,longitudinal,4,RThigh_to_RShin_rz,RThigh_to_RShin,rz,3.235885889149331e-08,2.6507252852754997e-08,-5.8516060387383125e-09,0.10966437530362615,0.09404226613764602
252_T1_vs_T2,longitudinal,4,RUArm_to_RFArm_rx,RUArm_to_RFArm,rx,0.3537171994691363,0.6026430839525837,0.24892588448344738,0.10966437530362615,0.09404226613764602
252_T1_vs_T2,longitudinal,4,RUArm_to_RFArm_ry,RUArm_to_RFArm,ry,0.013902312431407899,0.1301865185739462,0.1162842061425383,0.10966437530362615,0.09404226613764602
252_T1_vs_T2,longitudinal,4,RUArm_to_RFArm_rz,RUArm_to_RFArm,rz,0.05333573135807273,0.106957354609749,0.05362162325167628,0.10966437530362615,0.09404226613764602
252_T1_vs_T2,longitudinal,5,252_to_LThigh_rx,252_to_LThigh,rx,0.07978423217184065,0.5423487854566265,0.4625645532847858,0.07905878946573609,0.0806209162205037
252_T1_vs_T2,longitudinal,5,252_to_LThigh_ry,252_to_LThigh,ry,0.047502677070607735,0.023823689264806637,-0.023678987805801098,0.07905878946573609,0.0806209162205037
252_T1_vs_T2,longitudinal,5,252_to_LThigh_rz,252_to_LThigh,rz,0.012848370265932394,0.05288221311818151,0.04003384285224912,0.07905878946573609,0.0806209162205037
252_T1_vs_T2,longitudinal,5,252_to_RThigh_rx,252_to_RThigh,rx,0.5515818849047966,0.25693942716800844,-0.2946424577367882,0.07905878946573609,0.0806209162205037
252_T1_vs_T2,longitudinal,5,252_to_RThigh_ry,252_to_RThigh,ry,0.08767469237789129,0.027848685875048136,-0.05982600650284315,0.07905878946573609,0.0806209162205037
252_T1_vs_T2,longitudinal,5,252_to_RThigh_rz,252_to_RThigh,rz,0.08353851632026546,0.006593156396079323,-0.07694535992418614,0.07905878946573609,0.0806209162205037
252_T1_vs_T2,longitudinal,5,Chest_to_LShoulder_rx,Chest_to_LShoulder,rx,0.010850151326308104,0.029116277244436165,0.01826612591812806,0.07905878946573609,0.0806209162205037
252_T1_vs_T2,longitudinal,5,Chest_to_LShoulder_ry,Chest_to_LShoulder,ry,0.04839989235984843,0.00813233622912824,-0.04026755613072019,0.07905878946573609,0.0806209162205037
252_T1_vs_T2,longitudinal,5,Chest_to_LShoulder_rz,Chest_to_LShoulder,rz,0.030475929144403252,0.036692874035357696,0.006216944890954444,0.07905878946573609,0.0806209162205037
252_T1_vs_T2,longitudinal,5,Chest_to_Neck_rx,Chest_to_Neck,rx,0.17064793930458444,0.0566817300760534,-0.11396620922853104,0.07905878946573609,0.0806209162205037
252_T1_vs_T2,longitudinal,5,Chest_to_Neck_ry,Chest_to_Neck,ry,0.09091568532620926,0.033947056438294626,-0.05696862888791464,0.07905878946573609,0.0806209162205037
252_T1_vs_T2,longitudinal,5,Chest_to_Neck_rz,Chest_to_Neck,rz,0.0738541584947033,0.06777783411303152,-0.006076324381671772,0.07905878946573609,0.0806209162205037
252_T1_vs_T2,longitudinal,5,Chest_to_RShoulder_rx,Chest_to_RShoulder,rx,0.023142102771471308,0.05765560358178247,0.03451350081031116,0.07905878946573609,0.0806209162205037
252_T1_vs_T2,longitudinal,5,Chest_to_RShoulder_ry,Chest_to_RShoulder,ry,0.0479818289665584,0.0017438602835236421,-0.04623796868303476,0.07905878946573609,0.0806209162205037
252_T1_vs_T2,longitudinal,5,Chest_to_RShoulder_rz,Chest_to_RShoulder,rz,0.15158029952709104,0.09859958353464275,-0.05298071599244829,0.07905878946573609,0.0806209162205037
252_T1_vs_T2,longitudinal,5,LFArm_to_LHand_rx,LFArm_to_LHand,rx,0.014851317474526492,0.009076003067248865,-0.005775314407277627,0.07905878946573609,0.0806209162205037
252_T1_vs_T2,longitudinal,5,LFArm_to_LHand_ry,LFArm_to_LHand,ry,0.07895856737950427,0.06339452390169031,-0.015564043477813955,0.07905878946573609,0.0806209162205037
252_T1_vs_T2,longitudinal,5,LFArm_to_LHand_rz,LFArm_to_LHand,rz,0.05421821822858985,0.06350605200358317,0.009287833774993322,0.07905878946573609,0.0806209162205037
252_T1_vs_T2,longitudinal,5,LShin_to_LFoot_rx,LShin_to_LFoot,rx,0.008892103879836313,0.001395684278084508,-0.007496419601751805,0.07905878946573609,0.0806209162205037
252_T1_vs_T2,longitudinal,5,LShin_to_LFoot_ry,LShin_to_LFoot,ry,0.00808966859405106,0.038323581912583456,0.030233913318532396,0.07905878946573609,0.0806209162205037
252_T1_vs_T2,longitudinal,5,LShin_to_LFoot_rz,LShin_to_LFoot,rz,0.0009576223407038911,0.018158336953079057,0.017200714612375167,0.07905878946573609,0.0806209162205037
252_T1_vs_T2,longitudinal,5,LShoulder_to_LUArm_rx,LShoulder_to_LUArm,rx,0.060550382887590085,0.28209374892781297,0.2215433660402229,0.07905878946573609,0.0806209162205037
252_T1_vs_T2,longitudinal,5,LShoulder_to_LUArm_ry,LShoulder_to_LUArm,ry,0.2781483817330412,0.2113538759519797,-0.0667945057810615,0.07905878946573609,0.0806209162205037
252_T1_vs_T2,longitudinal,5,LShoulder_to_LUArm_rz,LShoulder_to_LUArm,rz,0.0755350168480692,0.1361665531976999,0.06063153634963071,0.07905878946573609,0.0806209162205037
252_T1_vs_T2,longitudinal,5,LThigh_to_LShin_rx,LThigh_to_LShin,rx,0.17532323267611052,0.09774259354135681,-0.07758063913475371,0.07905878946573609,0.0806209162205037
252_T1_vs_T2,longitudinal,5,LThigh_to_LShin_ry,LThigh_to_LShin,ry,3.4921217546076985e-08,1.6957673854551e-08,-1.7963543691525984e-08,0.07905878946573609,0.0806209162205037
252_T1_vs_T2,longitudinal,5,LThigh_to_LShin_rz,LThigh_to_LShin,rz,3.050241186320898e-08,4.804130188121652e-10,-3.002199884439682e-08,0.07905878946573609,0.0806209162205037
252_T1_vs_T2,longitudinal,5,LUArm_to_LFArm_rx,LUArm_to_LFArm,rx,0.26108087164237365,0.3989147882141191,0.13783391657174543,0.07905878946573609,0.0806209162205037
252_T1_vs_T2,longitudinal,5,LUArm_to_LFArm_ry,LUArm_to_LFArm,ry,0.005688751498510441,0.05812809855913022,0.05243934706061978,0.07905878946573609,0.0806209162205037
252_T1_vs_T2,longitudinal,5,LUArm_to_LFArm_rz,LUArm_to_LFArm,rz,0.02022347104728414,0.08538821521026402,0.06516474416297988,0.07905878946573609,0.0806209162205037
252_T1_vs_T2,longitudinal,5,Neck_to_Head_rx,Neck_to_Head,rx,0.17073411620094697,0.056629245940943984,-0.11410487026000299,0.07905878946573609,0.0806209162205037
252_T1_vs_T2,longitudinal,5,Neck_to_Head_ry,Neck_to_Head,ry,0.07494950676292893,0.020000194249857405,-0.05494931251307152,0.07905878946573609,0.0806209162205037
252_T1_vs_T2,longitudinal,5,Neck_to_Head_rz,Neck_to_Head,rz,0.08985356619622217,0.07314550707996617,-0.016708059116256002,0.07905878946573609,0.0806209162205037
252_T1_vs_T2,longitudinal,5,RFArm_to_RHand_rx,RFArm_to_RHand,rx,0.0002836393852531423,0.0024099023864930947,0.0021262630012399523,0.07905878946573609,0.0806209162205037
252_T1_vs_T2,longitudinal,5,RFArm_to_RHand_ry,RFArm_to_RHand,ry,0.00043460316076402334,0.005385480041561688,0.004950876880797665,0.07905878946573609,0.0806209162205037
252_T1_vs_T2,longitudinal,5,RFArm_to_RHand_rz,RFArm_to_RHand,rz,0.017684874267575364,0.07938819627136065,0.06170332200378528,0.07905878946573609,0.0806209162205037
252_T1_vs_T2,longitudinal,5,RShin_to_RFoot_rx,RShin_to_RFoot,rx,0.13189912506558107,0.04571153538769542,-0.08618758967788565,0.07905878946573609,0.0806209162205037
252_T1_vs_T2,longitudinal,5,RShin_to_RFoot_ry,RShin_to_RFoot,ry,0.03274151496864717,0.10990775583091614,0.07716624086226898,0.07905878946573609,0.0806209162205037
252_T1_vs_T2,longitudinal,5,RShin_to_RFoot_rz,RShin_to_RFoot,rz,0.03181445417917662,0.0349050717876407,0.0030906176084640816,0.07905878946573609,0.0806209162205037
252_T1_vs_T2,longitudinal,5,RShoulder_to_RUArm_rx,RShoulder_to_RUArm,rx,0.07763760396110415,0.2617008986974578,0.18406329473635363,0.07905878946573609,0.0806209162205037
252_T1_vs_T2,longitudinal,5,RShoulder_to_RUArm_ry,RShoulder_to_RUArm,ry,0.08521890366303655,0.004277548015335274,-0.08094135564770127,0.07905878946573609,0.0806209162205037
252_T1_vs_T2,longitudinal,5,RShoulder_to_RUArm_rz,RShoulder_to_RUArm,rz,0.46125567816800084,0.3781378665437247,-0.08311781162427612,0.07905878946573609,0.0806209162205037
252_T1_vs_T2,longitudinal,5,RThigh_to_RShin_rx,RThigh_to_RShin,rx,0.3134112709056707,0.05193304337228071,-0.26147822753339,0.07905878946573609,0.0806209162205037
252_T1_vs_T2,longitudinal,5,RThigh_to_RShin_ry,RThigh_to_RShin,ry,5.527646154114187e-08,5.3619848746511465e-09,-4.9914476666490726e-08,0.07905878946573609,0.0806209162205037
252_T1_vs_T2,longitudinal,5,RThigh_to_RShin_rz,RThigh_to_RShin,rz,3.4881118595170577e-08,2.877096698472103e-08,-6.110151610449546e-09,0.07905878946573609,0.0806209162205037
252_T1_vs_T2,longitudinal,5,RUArm_to_RFArm_rx,RUArm_to_RFArm,rx,0.09705568339789075,0.1242569817191785,0.027201298321287745,0.07905878946573609,0.0806209162205037
252_T1_vs_T2,longitudinal,5,RUArm_to_RFArm_ry,RUArm_to_RFArm,ry,0.09092087961816918,0.11996400765407078,0.029043128035901603,0.07905878946573609,0.0806209162205037
252_T1_vs_T2,longitudinal,5,RUArm_to_RFArm_rz,RUArm_to_RFArm,rz,0.006612778637927202,0.06785490785685415,0.061242129218926945,0.07905878946573609,0.0806209162205037
252_T1_vs_T2,longitudinal,6,252_to_LThigh_rx,252_to_LThigh,rx,0.055340592406803335,0.535068568415782,0.47972797600897865,0.05797717994331844,0.04255194187081651
252_T1_vs_T2,longitudinal,6,252_to_LThigh_ry,252_to_LThigh,ry,0.1038400201733102,0.05068237376945752,-0.05315764640385268,0.05797717994331844,0.04255194187081651
252_T1_vs_T2,longitudinal,6,252_to_LThigh_rz,252_to_LThigh,rz,0.012328246417682369,0.026723675466690123,0.014395429049007754,0.05797717994331844,0.04255194187081651
252_T1_vs_T2,longitudinal,6,252_to_RThigh_rx,252_to_RThigh,rx,0.3417624085216166,0.39279299338993523,0.05103058486831863,0.05797717994331844,0.04255194187081651
252_T1_vs_T2,longitudinal,6,252_to_RThigh_ry,252_to_RThigh,ry,0.15249860282894945,0.1569933152260032,0.004494712397053763,0.05797717994331844,0.04255194187081651
252_T1_vs_T2,longitudinal,6,252_to_RThigh_rz,252_to_RThigh,rz,0.29275947867701035,0.02238681731450571,-0.27037266136250465,0.05797717994331844,0.04255194187081651
252_T1_vs_T2,longitudinal,6,Chest_to_LShoulder_rx,Chest_to_LShoulder,rx,0.007988458250995343,0.024729197068506,0.016740738817510658,0.05797717994331844,0.04255194187081651
252_T1_vs_T2,longitudinal,6,Chest_to_LShoulder_ry,Chest_to_LShoulder,ry,0.008431821989890129,0.0526580318028926,0.04422620981300247,0.05797717994331844,0.04255194187081651
252_T1_vs_T2,longitudinal,6,Chest_to_LShoulder_rz,Chest_to_LShoulder,rz,0.016474455954123907,0.015785807980977618,-0.0006886479731462898,0.05797717994331844,0.04255194187081651
252_T1_vs_T2,longitudinal,6,Chest_to_Neck_rx,Chest_to_Neck,rx,0.13292246310262437,0.126080981292362,-0.006841481810262368,0.05797717994331844,0.04255194187081651
252_T1_vs_T2,longitudinal,6,Chest_to_Neck_ry,Chest_to_Neck,ry,0.061273857706464326,0.06735262964682631,0.006078771940361986,0.05797717994331844,0.04255194187081651
252_T1_vs_T2,longitudinal,6,Chest_to_Neck_rz,Chest_to_Neck,rz,0.11598200489641443,0.0009190191720655625,-0.11506298572434887,0.05797717994331844,0.04255194187081651
252_T1_vs_T2,longitudinal,6,Chest_to_RShoulder_rx,Chest_to_RShoulder,rx,0.06310002487602774,0.05405968627367841,-0.009040338602349332,0.05797717994331844,0.04255194187081651
252_T1_vs_T2,longitudinal,6,Chest_to_RShoulder_ry,Chest_to_RShoulder,ry,0.053729244121796325,0.05812870818172936,0.0043994640599330365,0.05797717994331844,0.04255194187081651
252_T1_vs_T2,longitudinal,6,Chest_to_RShoulder_rz,Chest_to_RShoulder,rz,0.08457158826356193,0.11692898353721394,0.032357395273652015,0.05797717994331844,0.04255194187081651
252_T1_vs_T2,longitudinal,6,LFArm_to_LHand_rx,LFArm_to_LHand,rx,0.0013572498397251525,0.0022462535332143005,0.000889003693489148,0.05797717994331844,0.04255194187081651
252_T1_vs_T2,longitudinal,6,LFArm_to_LHand_ry,LFArm_to_LHand,ry,0.020338745310572462,0.016682629465881983,-0.0036561158446904787,0.05797717994331844,0.04255194187081651
252_T1_vs_T2,longitudinal,6,LFArm_to_LHand_rz,LFArm_to_LHand,rz,0.02078449815493674,0.014930430097933186,-0.005854068057003553,0.05797717994331844,0.04255194187081651
252_T1_vs_T2,longitudinal,6,LShin_to_LFoot_rx,LShin_to_LFoot,rx,0.0979836832798739,0.0762779823870571,-0.0217057008928168,0.05797717994331844,0.04255194187081651
252_T1_vs_T2,longitudinal,6,LShin_to_LFoot_ry,LShin_to_LFoot,ry,0.02874877180339103,0.07977902203716945,0.051030250233778426,0.05797717994331844,0.04255194187081651
252_T1_vs_T2,longitudinal,6,LShin_to_LFoot_rz,LShin_to_LFoot,rz,0.060388836232152146,0.05992083885717329,-0.00046799737497885824,0.05797717994331844,0.04255194187081651
252_T1_vs_T2,longitudinal,6,LShoulder_to_LUArm_rx,LShoulder_to_LUArm,rx,0.010652080684129726,0.24276070799765387,0.23210862731352414,0.05797717994331844,0.04255194187081651
252_T1_vs_T2,longitudinal,6,LShoulder_to_LUArm_ry,LShoulder_to_LUArm,ry,0.06877238865070989,0.013604622718612838,-0.05516776593209705,0.05797717994331844,0.04255194187081651
252_T1_vs_T2,longitudinal,6,LShoulder_to_LUArm_rz,LShoulder_to_LUArm,rz,0.13591244161380692,0.05950661716477834,-0.07640582444902858,0.05797717994331844,0.04255194187081651
252_T1_vs_T2,longitudinal,6,LThigh_to_LShin_rx,LThigh_to_LShin,rx,0.08685565872985479,0.09853839015063401,0.011682731420779219,0.05797717994331844,0.04255194187081651
252_T1_vs_T2,longitudinal,6,LThigh_to_LShin_ry,LThigh_to_LShin,ry,2.90257234399593e-08,2.5590071586538384e-09,-2.6466716281305462e-08,0.05797717994331844,0.04255194187081651
252_T1_vs_T2,longitudinal,6,LThigh_to_LShin_rz,LThigh_to_LShin,rz,3.33479509195772e-08,7.717227521418147e-08,4.3824324294604266e-08,0.05797717994331844,0.04255194187081651
252_T1_vs_T2,longitudinal,6,LUArm_to_LFArm_rx,LUArm_to_LFArm,rx,0.09523846940693413,0.01642854652549357,-0.07880992288144056,0.05797717994331844,0.04255194187081651
252_T1_vs_T2,longitudinal,6,LUArm_to_LFArm_ry,LUArm_to_LFArm,ry,0.19673673514355,0.20460726872829693,0.00787053358474693,0.05797717994331844,0.04255194187081651
252_T1_vs_T2,longitudinal,6,LUArm_to_LFArm_rz,LUArm_to_LFArm,rz,0.10298932054523839,0.10058176578896984,-0.002407554756268554,0.05797717994331844,0.04255194187081651
252_T1_vs_T2,longitudinal,6,Neck_to_Head_rx,Neck_to_Head,rx,0.13222976909151676,0.12539479615483443,-0.0068349729366823375,0.05797717994331844,0.04255194187081651
252_T1_vs_T2,longitudinal,6,Neck_to_Head_ry,Neck_to_Head,ry,0.08288140386743317,0.06677232833586781,-0.01610907553156536,0.05797717994331844,0.04255194187081651
252_T1_vs_T2,longitudinal,6,Neck_to_Head_rz,Neck_to_Head,rz,0.10272763570139558,0.01204638652447603,-0.09068124917691955,0.05797717994331844,0.04255194187081651
252_T1_vs_T2,longitudinal,6,RFArm_to_RHand_rx,RFArm_to_RHand,rx,0.00276347833949911,0.007355437527919639,0.004591959188420529,0.05797717994331844,0.04255194187081651
252_T1_vs_T2,longitudinal,6,RFArm_to_RHand_ry,RFArm_to_RHand,ry,0.04174417948101145,0.0114795864237525,-0.030264593057258954,0.05797717994331844,0.04255194187081651
252_T1_vs_T2,longitudinal,6,RFArm_to_RHand_rz,RFArm_to_RHand,rz,0.006485216436335899,0.05924443695996293,0.05275922052362703,0.05797717994331844,0.04255194187081651
252_T1_vs_T2,longitudinal,6,RShin_to_RFoot_rx,RShin_to_RFoot,rx,0.05944076868351797,0.032304337144633884,-0.027136431538884086,0.05797717994331844,0.04255194187081651
252_T1_vs_T2,longitudinal,6,RShin_to_RFoot_ry,RShin_to_RFoot,ry,0.01056522159455905,0.10997859134361122,0.09941336974905217,0.05797717994331844,0.04255194187081651
252_T1_vs_T2,longitudinal,6,RShin_to_RFoot_rz,RShin_to_RFoot,rz,0.17405406001509557,0.06778852132980001,-0.10626553868529556,0.05797717994331844,0.04255194187081651
252_T1_vs_T2,longitudinal,6,RShoulder_to_RUArm_rx,RShoulder_to_RUArm,rx,0.22311523547226791,0.25859446009358716,0.03547922462131925,0.05797717994331844,0.04255194187081651
252_T1_vs_T2,longitudinal,6,RShoulder_to_RUArm_ry,RShoulder_to_RUArm,ry,0.2302160467142432,0.015725340012977942,-0.21449070670126524,0.05797717994331844,0.04255194187081651
252_T1_vs_T2,longitudinal,6,RShoulder_to_RUArm_rz,RShoulder_to_RUArm,rz,0.41508525725536466,0.22671237343338413,-0.18837288382198053,0.05797717994331844,0.04255194187081651
252_T1_vs_T2,longitudinal,6,RThigh_to_RShin_rx,RThigh_to_RShin,rx,0.06788662161006274,0.24800621427278458,0.18011959266272182,0.05797717994331844,0.04255194187081651
252_T1_vs_T2,longitudinal,6,RThigh_to_RShin_ry,RThigh_to_RShin,ry,7.870225184817706e-09,6.7484622626302815e-09,-1.1217629221874248e-09,0.05797717994331844,0.04255194187081651
252_T1_vs_T2,longitudinal,6,RThigh_to_RShin_rz,RThigh_to_RShin,rz,3.4445116655890333e-08,3.470723593477572e-08,2.6211927888538697e-10,0.05797717994331844,0.04255194187081651
252_T1_vs_T2,longitudinal,6,RUArm_to_RFArm_rx,RUArm_to_RFArm,rx,0.4700780825460457,0.1959244479059038,-0.2741536346401419,0.05797717994331844,0.04255194187081651
252_T1_vs_T2,longitudinal,6,RUArm_to_RFArm_ry,RUArm_to_RFArm,ry,0.16116566121595993,0.2883290604223769,0.12716339920641695,0.05797717994331844,0.04255194187081651
252_T1_vs_T2,longitudinal,6,RUArm_to_RFArm_rz,RUArm_to_RFArm,rz,0.09747396930858013,0.05237060451776639,-0.045103364790813734,0.05797717994331844,0.04255194187081651
252_T1_vs_T2,longitudinal,7,252_to_LThigh_rx,252_to_LThigh,rx,0.44870674879969075,0.14589543046644957,-0.30281131833324115,0.042801893680217196,0.01699361391181667
252_T1_vs_T2,longitudinal,7,252_to_LThigh_ry,252_to_LThigh,ry,0.02616875856176251,0.1633980774650538,0.1372293189032913,0.042801893680217196,0.01699361391181667
252_T1_vs_T2,longitudinal,7,252_to_LThigh_rz,252_to_LThigh,rz,0.09780618026139377,0.09589492540973028,-0.0019112548516634909,0.042801893680217196,0.01699361391181667
252_T1_vs_T2,longitudinal,7,252_to_RThigh_rx,252_to_RThigh,rx,0.011453474776389748,0.0716010572302293,0.060147582453839554,0.042801893680217196,0.01699361391181667
252_T1_vs_T2,longitudinal,7,252_to_RThigh_ry,252_to_RThigh,ry,0.10734417093323392,0.07365044648892613,-0.03369372444430779,0.042801893680217196,0.01699361391181667
252_T1_vs_T2,longitudinal,7,252_to_RThigh_rz,252_to_RThigh,rz,0.04587562343825758,0.47633863448408925,0.4304630110458317,0.042801893680217196,0.01699361391181667
252_T1_vs_T2,longitudinal,7,Chest_to_LShoulder_rx,Chest_to_LShoulder,rx,0.03953535529226104,0.06039765668284627,0.020862301390585224,0.042801893680217196,0.01699361391181667
252_T1_vs_T2,longitudinal,7,Chest_to_LShoulder_ry,Chest_to_LShoulder,ry,0.06798342709148215,0.059322562354538054,-0.0086608647369441,0.042801893680217196,0.01699361391181667
252_T1_vs_T2,longitudinal,7,Chest_to_LShoulder_rz,Chest_to_LShoulder,rz,0.041504711214301375,0.021937087836694638,-0.019567623377606737,0.042801893680217196,0.01699361391181667
252_T1_vs_T2,longitudinal,7,Chest_to_Neck_rx,Chest_to_Neck,rx,0.03047200700582967,0.08012117047260017,0.04964916346677051,0.042801893680217196,0.01699361391181667
252_T1_vs_T2,longitudinal,7,Chest_to_Neck_ry,Chest_to_Neck,ry,0.02893754606728743,0.04857097341993453,0.019633427352647097,0.042801893680217196,0.01699361391181667
252_T1_vs_T2,longitudinal,7,Chest_to_Neck_rz,Chest_to_Neck,rz,0.06488187400549264,0.1623051410575908,0.09742326705209817,0.042801893680217196,0.01699361391181667
252_T1_vs_T2,longitudinal,7,Chest_to_RShoulder_rx,Chest_to_RShoulder,rx,0.02964565070046333,0.011033903393267097,-0.01861174730719623,0.042801893680217196,0.01699361391181667
252_T1_vs_T2,longitudinal,7,Chest_to_RShoulder_ry,Chest_to_RShoulder,ry,0.027191525335802692,0.008849304130356579,-0.018342221205446114,0.042801893680217196,0.01699361391181667
252_T1_vs_T2,longitudinal,7,Chest_to_RShoulder_rz,Chest_to_RShoulder,rz,0.0077867804341594325,0.019737020885878698,0.011950240451719265,0.042801893680217196,0.01699361391181667
252_T1_vs_T2,longitudinal,7,LFArm_to_LHand_rx,LFArm_to_LHand,rx,0.0060685842486415485,0.001146310180043077,-0.0049222740685984714,0.042801893680217196,0.01699361391181667
252_T1_vs_T2,longitudinal,7,LFArm_to_LHand_ry,LFArm_to_LHand,ry,0.011905132372370146,0.009473082920557221,-0.0024320494518129242,0.042801893680217196,0.01699361391181667
252_T1_vs_T2,longitudinal,7,LFArm_to_LHand_rz,LFArm_to_LHand,rz,0.02619814783657686,0.002492718188819535,-0.023705429647757327,0.042801893680217196,0.01699361391181667
252_T1_vs_T2,longitudinal,7,LShin_to_LFoot_rx,LShin_to_LFoot,rx,0.0840330944265262,0.2449101425710722,0.16087704814454598,0.042801893680217196,0.01699361391181667
252_T1_vs_T2,longitudinal,7,LShin_to_LFoot_ry,LShin_to_LFoot,ry,0.14105567362941698,0.08219221732884349,-0.05886345630057349,0.042801893680217196,0.01699361391181667
252_T1_vs_T2,longitudinal,7,LShin_to_LFoot_rz,LShin_to_LFoot,rz,0.01766862504815785,0.14726090396577696,0.1295922789176191,0.042801893680217196,0.01699361391181667
252_T1_vs_T2,longitudinal,7,LShoulder_to_LUArm_rx,LShoulder_to_LUArm,rx,0.38706836018467516,0.13176249278026148,-0.2553058674044137,0.042801893680217196,0.01699361391181667
252_T1_vs_T2,longitudinal,7,LShoulder_to_LUArm_ry,LShoulder_to_LUArm,ry,0.0498485454141948,0.2520816186091184,0.20223307319492356,0.042801893680217196,0.01699361391181667
252_T1_vs_T2,longitudinal,7,LShoulder_to_LUArm_rz,LShoulder_to_LUArm,rz,0.11236562438893674,0.10145561452662924,-0.010910009862307501,0.042801893680217196,0.01699361391181667
252_T1_vs_T2,longitudinal,7,LThigh_to_LShin_rx,LThigh_to_LShin,rx,0.519866532564922,0.317216804460454,-0.20264972810446796,0.042801893680217196,0.01699361391181667
252_T1_vs_T2,longitudinal,7,LThigh_to_LShin_ry,LThigh_to_LShin,ry,1.1414798695910767e-08,2.4843544281048875e-08,1.3428745585138108e-08,0.042801893680217196,0.01699361391181667
252_T1_vs_T2,longitudinal,7,LThigh_to_LShin_rz,LThigh_to_LShin,rz,3.1296004650670215e-08,7.341829885574124e-08,4.2122294205071024e-08,0.042801893680217196,0.01699361391181667
252_T1_vs_T2,longitudinal,7,LUArm_to_LFArm_rx,LUArm_to_LFArm,rx,0.3185402968308267,0.00922706725240288,-0.30931322957842383,0.042801893680217196,0.01699361391181667
252_T1_vs_T2,longitudinal,7,LUArm_to_LFArm_ry,LUArm_to_LFArm,ry,0.15517000782774218,0.0215808762926591,-0.1335891315350831,0.042801893680217196,0.01699361391181667
252_T1_vs_T2,longitudinal,7,LUArm_to_LFArm_rz,LUArm_to_LFArm,rz,0.11689451501655525,0.08688572726673281,-0.030008787749822435,0.042801893680217196,0.01699361391181667
252_T1_vs_T2,longitudinal,7,Neck_to_Head_rx,Neck_to_Head,rx,0.030891995165709094,0.0802589493718374,0.04936695420612831,0.042801893680217196,0.01699361391181667
252_T1_vs_T2,longitudinal,7,Neck_to_Head_ry,Neck_to_Head,ry,0.0412171812953594,0.016730945264197838,-0.024486236031161564,0.042801893680217196,0.01699361391181667
252_T1_vs_T2,longitudinal,7,Neck_to_Head_rz,Neck_to_Head,rz,0.05856938857272318,0.16908318508678188,0.11051379651405871,0.042801893680217196,0.01699361391181667
252_T1_vs_T2,longitudinal,7,RFArm_to_RHand_rx,RFArm_to_RHand,rx,0.0012461050266494025,0.007123351200449439,0.005877246173800037,0.042801893680217196,0.01699361391181667
252_T1_vs_T2,longitudinal,7,RFArm_to_RHand_ry,RFArm_to_RHand,ry,0.024607832926759787,0.014783688167244976,-0.00982414475951481,0.042801893680217196,0.01699361391181667
252_T1_vs_T2,longitudinal,7,RFArm_to_RHand_rz,RFArm_to_RHand,rz,0.11366556952339298,0.06603191088739907,-0.047633658635993906,0.042801893680217196,0.01699361391181667
252_T1_vs_T2,longitudinal,7,RShin_to_RFoot_rx,RShin_to_RFoot,rx,0.016066120420265926,0.0430622157877284,0.02699609536746247,0.042801893680217196,0.01699361391181667
252_T1_vs_T2,longitudinal,7,RShin_to_RFoot_ry,RShin_to_RFoot,ry,0.054538461380539416,0.3954180769412396,0.3408796155607002,0.042801893680217196,0.01699361391181667
252_T1_vs_T2,longitudinal,7,RShin_to_RFoot_rz,RShin_to_RFoot,rz,0.019793700492834892,0.32954432217017854,0.30975062167734363,0.042801893680217196,0.01699361391181667
252_T1_vs_T2,longitudinal,7,RShoulder_to_RUArm_rx,RShoulder_to_RUArm,rx,0.14266378088709758,0.2241892906243422,0.08152550973724462,0.042801893680217196,0.01699361391181667
252_T1_vs_T2,longitudinal,7,RShoulder_to_RUArm_ry,RShoulder_to_RUArm,ry,0.02079877082353293,0.1137274483392161,0.09292867751568316,0.042801893680217196,0.01699361391181667
252_T1_vs_T2,longitudinal,7,RShoulder_to_RUArm_rz,RShoulder_to_RUArm,rz,0.075772234420641,0.029627676048857427,-0.04614455837178358,0.042801893680217196,0.01699361391181667
252_T1_vs_T2,longitudinal,7,RThigh_to_RShin_rx,RThigh_to_RShin,rx,0.09423699848314881,0.002129147506651922,-0.09210785097649689,0.042801893680217196,0.01699361391181667
252_T1_vs_T2,longitudinal,7,RThigh_to_RShin_ry,RThigh_to_RShin,ry,3.085367253745928e-08,3.511896667238176e-08,4.265294134922482e-09,0.042801893680217196,0.01699361391181667
252_T1_vs_T2,longitudinal,7,RThigh_to_RShin_rz,RThigh_to_RShin,rz,1.5785594669427168e-08,2.987526207603021e-08,1.4089667406603044e-08,0.042801893680217196,0.01699361391181667
252_T1_vs_T2,longitudinal,7,RUArm_to_RFArm_rx,RUArm_to_RFArm,rx,0.06959256133092472,0.018360609364506092,-0.051231951966418623,0.042801893680217196,0.01699361391181667
252_T1_vs_T2,longitudinal,7,RUArm_to_RFArm_ry,RUArm_to_RFArm,ry,0.27698795739875315,0.03367113229527319,-0.24331682510347996,0.042801893680217196,0.01699361391181667
252_T1_vs_T2,longitudinal,7,RUArm_to_RFArm_rz,RUArm_to_RFArm,rz,0.12784255618745735,0.03560424370456171,-0.09223831248289564,0.042801893680217196,0.01699361391181667
252_T1_vs_T2,longitudinal,8,252_to_LThigh_rx,252_to_LThigh,rx,0.057425369166746794,0.033944646908318055,-0.02348072225842874,0.038074566120540165,0.012587200634636383
252_T1_vs_T2,longitudinal,8,252_to_LThigh_ry,252_to_LThigh,ry,0.1784462786532222,0.04570013698050805,-0.13274614167271415,0.038074566120540165,0.012587200634636383
252_T1_vs_T2,longitudinal,8,252_to_LThigh_rz,252_to_LThigh,rz,0.07125825675769197,0.03690401968313555,-0.03435423707455642,0.038074566120540165,0.012587200634636383
252_T1_vs_T2,longitudinal,8,252_to_RThigh_rx,252_to_RThigh,rx,0.1250600270477742,0.008189848796688966,-0.11687017825108523,0.038074566120540165,0.012587200634636383
252_T1_vs_T2,longitudinal,8,252_to_RThigh_ry,252_to_RThigh,ry,0.18545166789270673,0.1149611643081952,-0.07049050358451153,0.038074566120540165,0.012587200634636383
252_T1_vs_T2,longitudinal,8,252_to_RThigh_rz,252_to_RThigh,rz,0.3686915741716765,0.09869162625886523,-0.26999994791281123,0.038074566120540165,0.012587200634636383
252_T1_vs_T2,longitudinal,8,Chest_to_LShoulder_rx,Chest_to_LShoulder,rx,0.05631959363433256,0.020905890992683872,-0.035413702641648684,0.038074566120540165,0.012587200634636383
252_T1_vs_T2,longitudinal,8,Chest_to_LShoulder_ry,Chest_to_LShoulder,ry,0.0734643426387725,0.059742498957471156,-0.01372184368130134,0.038074566120540165,0.012587200634636383
252_T1_vs_T2,longitudinal,8,Chest_to_LShoulder_rz,Chest_to_LShoulder,rz,0.009558940569394872,0.05062600449590875,0.04106706392651387,0.038074566120540165,0.012587200634636383
252_T1_vs_T2,longitudinal,8,Chest_to_Neck_rx,Chest_to_Neck,rx,0.008560744436372943,0.007751618528928904,-0.0008091259074440391,0.038074566120540165,0.012587200634636383
252_T1_vs_T2,longitudinal,8,Chest_to_Neck_ry,Chest_to_Neck,ry,0.09816197858200221,0.012538838799010688,-0.08562313978299152,0.038074566120540165,0.012587200634636383
252_T1_vs_T2,longitudinal,8,Chest_to_Neck_rz,Chest_to_Neck,rz,0.12242219059710183,0.05474894917483974,-0.06767324142226208,0.038074566120540165,0.012587200634636383
252_T1_vs_T2,longitudinal,8,Chest_to_RShoulder_rx,Chest_to_RShoulder,rx,0.039701374067381154,0.00031594770964353514,-0.03938542635773762,0.038074566120540165,0.012587200634636383
252_T1_vs_T2,longitudinal,8,Chest_to_RShoulder_ry,Chest_to_RShoulder,ry,0.035396202779753895,0.018506983092062876,-0.01688921968769102,0.038074566120540165,0.012587200634636383
252_T1_vs_T2,longitudinal,8,Chest_to_RShoulder_rz,Chest_to_RShoulder,rz,0.03926723709575699,0.00349564145676018,-0.03577159563899681,0.038074566120540165,0.012587200634636383
252_T1_vs_T2,longitudinal,8,LFArm_to_LHand_rx,LFArm_to_LHand,rx,0.0033281962905943483,0.007817226026227003,0.004489029735632655,0.038074566120540165,0.012587200634636383
252_T1_vs_T2,longitudinal,8,LFArm_to_LHand_ry,LFArm_to_LHand,ry,0.02967848322431768,0.03371507604457154,0.0040365928202538565,0.038074566120540165,0.012587200634636383
252_T1_vs_T2,longitudinal,8,LFArm_to_LHand_rz,LFArm_to_LHand,rz,0.005128188698304397,0.009452834500509452,0.004324645802205055,0.038074566120540165,0.012587200634636383
252_T1_vs_T2,longitudinal,8,LShin_to_LFoot_rx,LShin_to_LFoot,rx,0.25925969712308355,0.12503690523495475,-0.1342227918881288,0.038074566120540165,0.012587200634636383
252_T1_vs_T2,longitudinal,8,LShin_to_LFoot_ry,LShin_to_LFoot,ry,0.12966386534450358,0.16338742093403072,0.03372355558952714,0.038074566120540165,0.012587200634636383
252_T1_vs_T2,longitudinal,8,LShin_to_LFoot_rz,LShin_to_LFoot,rz,0.16146700490934,0.05365559968432895,-0.10781140522501104,0.038074566120540165,0.012587200634636383
252_T1_vs_T2,longitudinal,8,LShoulder_to_LUArm_rx,LShoulder_to_LUArm,rx,0.20013613972737154,0.23247828724519368,0.032342147517822134,0.038074566120540165,0.012587200634636383
252_T1_vs_T2,longitudinal,8,LShoulder_to_LUArm_ry,LShoulder_to_LUArm,ry,0.2184678161535544,0.11521650598132495,-0.10325131017222945,0.038074566120540165,0.012587200634636383
252_T1_vs_T2,longitudinal,8,LShoulder_to_LUArm_rz,LShoulder_to_LUArm,rz,0.05790460687494078,0.01652070455410032,-0.04138390232084046,0.038074566120540165,0.012587200634636383
252_T1_vs_T2,longitudinal,8,LThigh_to_LShin_rx,LThigh_to_LShin,rx,0.05896473522262065,0.890758985394509,0.8317942501718883,0.038074566120540165,0.012587200634636383
252_T1_vs_T2,longitudinal,8,LThigh_to_LShin_ry,LThigh_to_LShin,ry,4.2956957331600584e-09,1.4253763045411786e-08,9.958067312251728e-09,0.038074566120540165,0.012587200634636383
252_T1_vs_T2,longitudinal,8,LThigh_to_LShin_rz,LThigh_to_LShin,rz,8.705509988506778e-08,2.1812257407187544e-08,-6.524284247788023e-08,0.038074566120540165,0.012587200634636383
252_T1_vs_T2,longitudinal,8,LUArm_to_LFArm_rx,LUArm_to_LFArm,rx,0.05893943399410327,0.0781821570814001,0.019242723087296826,0.038074566120540165,0.012587200634636383
252_T1_vs_T2,longitudinal,8,LUArm_to_LFArm_ry,LUArm_to_LFArm,ry,0.09935236798193255,0.04159936406150306,-0.05775300392042949,0.038074566120540165,0.012587200634636383
252_T1_vs_T2,longitudinal,8,LUArm_to_LFArm_rz,LUArm_to_LFArm,rz,0.024267699576189128,0.05907622859578143,0.034808529019592305,0.038074566120540165,0.012587200634636383
252_T1_vs_T2,longitudinal,8,Neck_to_Head_rx,Neck_to_Head,rx,0.00911885540717319,0.008005888195759857,-0.0011129672114133324,0.038074566120540165,0.012587200634636383
252_T1_vs_T2,longitudinal,8,Neck_to_Head_ry,Neck_to_Head,ry,0.07340295820376228,0.022934792901379668,-0.05046816530238261,0.038074566120540165,0.012587200634636383
252_T1_vs_T2,longitudinal,8,Neck_to_Head_rz,Neck_to_Head,rz,0.13928130996636776,0.051666298932193704,-0.08761501103417405,0.038074566120540165,0.012587200634636383
252_T1_vs_T2,longitudinal,8,RFArm_to_RHand_rx,RFArm_to_RHand,rx,0.0008807525419141816,0.0013103714773900746,0.00042961893547589303,0.038074566120540165,0.012587200634636383
252_T1_vs_T2,longitudinal,8,RFArm_to_RHand_ry,RFArm_to_RHand,ry,0.006116207720105325,0.013165819731891288,0.007049612011785963,0.038074566120540165,0.012587200634636383
252_T1_vs_T2,longitudinal,8,RFArm_to_RHand_rz,RFArm_to_RHand,rz,0.0006457514621052623,0.052312607189472574,0.05166685572736731,0.038074566120540165,0.012587200634636383
252_T1_vs_T2,longitudinal,8,RShin_to_RFoot_rx,RShin_to_RFoot,rx,0.06345238431242904,0.027782233029237477,-0.035670151283191565,0.038074566120540165,0.012587200634636383
252_T1_vs_T2,longitudinal,8,RShin_to_RFoot_ry,RShin_to_RFoot,ry,0.45531075201468424,0.08536301859156492,-0.3699477334231193,0.038074566120540165,0.012587200634636383
252_T1_vs_T2,longitudinal,8,RShin_to_RFoot_rz,RShin_to_RFoot,rz,0.3017675439495508,0.03494429883485892,-0.2668232451146919,0.038074566120540165,0.012587200634636383
252_T1_vs_T2,longitudinal,8,RShoulder_to_RUArm_rx,RShoulder_to_RUArm,rx,0.02081149021132405,0.10251721145673921,0.08170572124541517,0.038074566120540165,0.012587200634636383
252_T1_vs_T2,longitudinal,8,RShoulder_to_RUArm_ry,RShoulder_to_RUArm,ry,0.20997903920971284,0.08732562255285624,-0.1226534166568566,0.038074566120540165,0.012587200634636383
252_T1_vs_T2,longitudinal,8,RShoulder_to_RUArm_rz,RShoulder_to_RUArm,rz,0.04529647330473588,0.00692049853311365,-0.03837597477162223,0.038074566120540165,0.012587200634636383
252_T1_vs_T2,longitudinal,8,RThigh_to_RShin_rx,RThigh_to_RShin,rx,0.020956203275860875,0.021752610405065393,0.0007964071292045176,0.038074566120540165,0.012587200634636383
252_T1_vs_T2,longitudinal,8,RThigh_to_RShin_ry,RThigh_to_RShin,ry,4.001791161629509e-08,7.855328531678288e-09,-3.2162583084616796e-08,0.038074566120540165,0.012587200634636383
252_T1_vs_T2,longitudinal,8,RThigh_to_RShin_rz,RThigh_to_RShin,rz,4.699052068435961e-08,1.3882837235483618e-09,-4.5602236960811246e-08,0.038074566120540165,0.012587200634636383
252_T1_vs_T2,longitudinal,8,RUArm_to_RFArm_rx,RUArm_to_RFArm,rx,0.33299132924579433,0.0745495050982706,-0.2584418241475237,0.038074566120540165,0.012587200634636383
252_T1_vs_T2,longitudinal,8,RUArm_to_RFArm_ry,RUArm_to_RFArm,ry,0.17352749003963477,0.044032382348395,-0.12949510769123979,0.038074566120540165,0.012587200634636383
252_T1_vs_T2,longitudinal,8,RUArm_to_RFArm_rz,RUArm_to_RFArm,rz,0.03474088539496271,0.04191751310493873,0.00717662770997602,0.038074566120540165,0.012587200634636383
252_T1_vs_T3,longitudinal,1,252_to_LThigh_rx,252_to_LThigh,rx,0.3762806098876994,0.2100097474645877,-0.1662708624231117,0.20730463832517634,0.3130654162051024
252_T1_vs_T3,longitudinal,1,252_to_LThigh_ry,252_to_LThigh,ry,0.04229646962284264,0.010891295818771492,-0.03140517380407115,0.20730463832517634,0.3130654162051024
252_T1_vs_T3,longitudinal,1,252_to_LThigh_rz,252_to_LThigh,rz,0.06507694784625688,0.0445042008099851,-0.02057274703627178,0.20730463832517634,0.3130654162051024
252_T1_vs_T3,longitudinal,1,252_to_RThigh_rx,252_to_RThigh,rx,0.1773188546310367,0.34841482262843126,0.17109596799739457,0.20730463832517634,0.3130654162051024
252_T1_vs_T3,longitudinal,1,252_to_RThigh_ry,252_to_RThigh,ry,0.03903573030676859,0.0007820790165685937,-0.038253651290199996,0.20730463832517634,0.3130654162051024
252_T1_vs_T3,longitudinal,1,252_to_RThigh_rz,252_to_RThigh,rz,0.0015410452486837485,0.040779284764986004,0.03923823951630226,0.20730463832517634,0.3130654162051024
252_T1_vs_T3,longitudinal,1,Chest_to_LShoulder_rx,Chest_to_LShoulder,rx,0.021366424660358988,0.022382750444985746,0.0010163257846267579,0.20730463832517634,0.3130654162051024
252_T1_vs_T3,longitudinal,1,Chest_to_LShoulder_ry,Chest_to_LShoulder,ry,0.017076156341635357,0.06212847080721712,0.045052314465581764,0.20730463832517634,0.3130654162051024
252_T1_vs_T3,longitudinal,1,Chest_to_LShoulder_rz,Chest_to_LShoulder,rz,0.032123719207302365,0.006325325569220123,-0.025798393638082243,0.20730463832517634,0.3130654162051024
252_T1_vs_T3,longitudinal,1,Chest_to_Neck_rx,Chest_to_Neck,rx,0.05490227488966964,0.09765375876891622,0.04275148387924658,0.20730463832517634,0.3130654162051024
252_T1_vs_T3,longitudinal,1,Chest_to_Neck_ry,Chest_to_Neck,ry,0.0025462884617980016,0.028016032655278893,0.025469744193480894,0.20730463832517634,0.3130654162051024
252_T1_vs_T3,longitudinal,1,Chest_to_Neck_rz,Chest_to_Neck,rz,0.007468110677865247,0.015273556533672124,0.007805445855806878,0.20730463832517634,0.3130654162051024
252_T1_vs_T3,longitudinal,1,Chest_to_RShoulder_rx,Chest_to_RShoulder,rx,0.02205848346296614,0.06398683696973063,0.04192835350676449,0.20730463832517634,0.3130654162051024
252_T1_vs_T3,longitudinal,1,Chest_to_RShoulder_ry,Chest_to_RShoulder,ry,0.021700338258147257,0.06194840658166451,0.04024806832351725,0.20730463832517634,0.3130654162051024
252_T1_vs_T3,longitudinal,1,Chest_to_RShoulder_rz,Chest_to_RShoulder,rz,0.005840652116747417,0.05819790910891941,0.05235725699217199,0.20730463832517634,0.3130654162051024
252_T1_vs_T3,longitudinal,1,LFArm_to_LHand_rx,LFArm_to_LHand,rx,9.950900827892187e-05,3.650097739386316e-05,-6.300803088505872e-05,0.20730463832517634,0.3130654162051024
252_T1_vs_T3,longitudinal,1,LFArm_to_LHand_ry,LFArm_to_LHand,ry,0.002133289679634449,0.007999599826488736,0.005866310146854287,0.20730463832517634,0.3130654162051024
252_T1_vs_T3,longitudinal,1,LFArm_to_LHand_rz,LFArm_to_LHand,rz,0.0014599843541167963,0.022000929573857016,0.02054094521974022,0.20730463832517634,0.3130654162051024
252_T1_vs_T3,longitudinal,1,LShin_to_LFoot_rx,LShin_to_LFoot,rx,0.007658063675860293,0.007214565872661479,-0.00044349780319881404,0.20730463832517634,0.3130654162051024
252_T1_vs_T3,longitudinal,1,LShin_to_LFoot_ry,LShin_to_LFoot,ry,0.05880642522815757,0.02554094886621753,-0.03326547636194004,0.20730463832517634,0.3130654162051024
252_T1_vs_T3,longitudinal,1,LShin_to_LFoot_rz,LShin_to_LFoot,rz,0.005819093146045075,0.012691671546614052,0.006872578400568977,0.20730463832517634,0.3130654162051024
252_T1_vs_T3,longitudinal,1,LShoulder_to_LUArm_rx,LShoulder_to_LUArm,rx,0.07517489625811374,0.11426215922378728,0.03908726296567354,0.20730463832517634,0.3130654162051024
252_T1_vs_T3,longitudinal,1,LShoulder_to_LUArm_ry,LShoulder_to_LUArm,ry,0.027520888338723997,0.10037494086969516,0.07285405253097116,0.20730463832517634,0.3130654162051024
252_T1_vs_T3,longitudinal,1,LShoulder_to_LUArm_rz,LShoulder_to_LUArm,rz,0.0596702479779581,0.03803845000768707,-0.02163179797027103,0.20730463832517634,0.3130654162051024
252_T1_vs_T3,longitudinal,1,LThigh_to_LShin_rx,LThigh_to_LShin,rx,0.7733806789392614,0.11121965947559863,-0.6621610194636628,0.20730463832517634,0.3130654162051024
252_T1_vs_T3,longitudinal,1,LThigh_to_LShin_ry,LThigh_to_LShin,ry,1.9503965537372733e-08,4.274167465315629e-08,2.323770911578356e-08,0.20730463832517634,0.3130654162051024
252_T1_vs_T3,longitudinal,1,LThigh_to_LShin_rz,LThigh_to_LShin,rz,2.6478874778399692e-08,3.83343617261896e-08,1.1855486947789907e-08,0.20730463832517634,0.3130654162051024
252_T1_vs_T3,longitudinal,1,LUArm_to_LFArm_rx,LUArm_to_LFArm,rx,0.0770528366142617,0.0017089611363095445,-0.07534387547795215,0.20730463832517634,0.3130654162051024
252_T1_vs_T3,longitudinal,1,LUArm_to_LFArm_ry,LUArm_to_LFArm,ry,0.17887985974022647,0.13669421972060486,-0.042185640019621606,0.20730463832517634,0.3130654162051024
252_T1_vs_T3,longitudinal,1,LUArm_to_LFArm_rz,LUArm_to_LFArm,rz,0.019793121793233944,0.05796780422799822,0.03817468243476428,0.20730463832517634,0.3130654162051024
252_T1_vs_T3,longitudinal,1,Neck_to_Head_rx,Neck_to_Head,rx,0.05478263680509887,0.09727700095159626,0.04249436414649739,0.20730463832517634,0.3130654162051024
252_T1_vs_T3,longitudinal,1,Neck_to_Head_ry,Neck_to_Head,ry,0.0010955447568973475,0.030341705305685952,0.029246160548788605,0.20730463832517634,0.3130654162051024
252_T1_vs_T3,longitudinal,1,Neck_to_Head_rz,Neck_to_Head,rz,0.00783818587548394,0.00962339172678864,0.0017852058513047001,0.20730463832517634,0.3130654162051024
252_T1_vs_T3,longitudinal,1,RFArm_to_RHand_rx,RFArm_to_RHand,rx,0.0003267115748246251,0.009887064688774497,0.009560353113949871,0.20730463832517634,0.3130654162051024
252_T1_vs_T3,longitudinal,1,RFArm_to_RHand_ry,RFArm_to_RHand,ry,0.01788071623403738,0.04149128644089556,0.023610570206858177,0.20730463832517634,0.3130654162051024
252_T1_vs_T3,longitudinal,1,RFArm_to_RHand_rz,RFArm_to_RHand,rz,0.05651604925484434,0.10593651852190018,0.049420469267055844,0.20730463832517634,0.3130654162051024
252_T1_vs_T3,longitudinal,1,RShin_to_RFoot_rx,RShin_to_RFoot,rx,0.05567693220269658,0.04789325903797306,-0.0077836731647235174,0.20730463832517634,0.3130654162051024
252_T1_vs_T3,longitudinal,1,RShin_to_RFoot_ry,RShin_to_RFoot,ry,0.00603539893366854,0.03437106642069565,0.02833566748702711,0.20730463832517634,0.3130654162051024
252_T1_vs_T3,longitudinal,1,RShin_to_RFoot_rz,RShin_to_RFoot,rz,0.02082542940009832,0.029201275876568143,0.008375846476469825,0.20730463832517634,0.3130654162051024
252_T1_vs_T3,longitudinal,1,RShoulder_to_RUArm_rx,RShoulder_to_RUArm,rx,0.009775408528548104,0.657666323740306,0.6478909152117579,0.20730463832517634,0.3130654162051024
252_T1_vs_T3,longitudinal,1,RShoulder_to_RUArm_ry,RShoulder_to_RUArm,ry,0.021203922984715257,0.1086625123928986,0.08745858940818335,0.20730463832517634,0.3130654162051024
252_T1_vs_T3,longitudinal,1,RShoulder_to_RUArm_rz,RShoulder_to_RUArm,rz,0.06251412464816525,0.04631222840712545,-0.0162018962410398,0.20730463832517634,0.3130654162051024
252_T1_vs_T3,longitudinal,1,RThigh_to_RShin_rx,RThigh_to_RShin,rx,0.18160971816884897,0.22865728255020468,0.04704756438135571,0.20730463832517634,0.3130654162051024
252_T1_vs_T3,longitudinal,1,RThigh_to_RShin_ry,RThigh_to_RShin,ry,1.7253525111710296e-08,2.2502600043322828e-08,5.249074931612532e-09,0.20730463832517634,0.3130654162051024
252_T1_vs_T3,longitudinal,1,RThigh_to_RShin_rz,RThigh_to_RShin,rz,6.0332024321968615e-09,4.376757198981867e-08,3.773436955762181e-08,0.20730463832517634,0.3130654162051024
252_T1_vs_T3,longitudinal,1,RUArm_to_RFArm_rx,RUArm_to_RFArm,rx,0.021897612179489462,0.423444722565937,0.4015471103864475,0.20730463832517634,0.3130654162051024
252_T1_vs_T3,longitudinal,1,RUArm_to_RFArm_ry,RUArm_to_RFArm,ry,0.3149868673609819,0.1623659632327406,-0.1526209041282413,0.20730463832517634,0.3130654162051024
252_T1_vs_T3,longitudinal,1,RUArm_to_RFArm_rz,RUArm_to_RFArm,rz,0.1277583730553763,0.10853956895075935,-0.019218804104616946,0.20730463832517634,0.3130654162051024
252_T1_vs_T3,longitudinal,2,252_to_LThigh_rx,252_to_LThigh,rx,0.19242677712649273,0.40427344760635886,0.21184667047986613,0.16822873825407114,0.2945193071402381
252_T1_vs_T3,longitudinal,2,252_to_LThigh_ry,252_to_LThigh,ry,0.05577885875124984,0.012243987214758749,-0.04353487153649109,0.16822873825407114,0.2945193071402381
252_T1_vs_T3,longitudinal,2,252_to_LThigh_rz,252_to_LThigh,rz,0.0677732467658642,0.02570458273206729,-0.042068664033796915,0.16822873825407114,0.2945193071402381
252_T1_vs_T3,longitudinal,2,252_to_RThigh_rx,252_to_RThigh,rx,0.057833331892176106,0.3631561899036191,0.305322858011443,0.16822873825407114,0.2945193071402381
252_T1_vs_T3,longitudinal,2,252_to_RThigh_ry,252_to_RThigh,ry,0.025039154826211017,0.15914668565016332,0.1341075308239523,0.16822873825407114,0.2945193071402381
252_T1_vs_T3,longitudinal,2,252_to_RThigh_rz,252_to_RThigh,rz,0.0032981340096543605,0.06134338026919416,0.0580452462595398,0.16822873825407114,0.2945193071402381
252_T1_vs_T3,longitudinal,2,Chest_to_LShoulder_rx,Chest_to_LShoulder,rx,0.035842902954248065,0.009621809243015353,-0.026221093711232712,0.16822873825407114,0.2945193071402381
252_T1_vs_T3,longitudinal,2,Chest_to_LShoulder_ry,Chest_to_LShoulder,ry,0.005115954961718529,0.0560268894464553,0.05091093448473677,0.16822873825407114,0.2945193071402381
252_T1_vs_T3,longitudinal,2,Chest_to_LShoulder_rz,Chest_to_LShoulder,rz,0.06214035688453158,0.02980403260360107,-0.032336324280930515,0.16822873825407114,0.2945193071402381
252_T1_vs_T3,longitudinal,2,Chest_to_Neck_rx,Chest_to_Neck,rx,0.03475439746437297,0.11609324472462157,0.08133884726024859,0.16822873825407114,0.2945193071402381
252_T1_vs_T3,longitudinal,2,Chest_to_Neck_ry,Chest_to_Neck,ry,0.042048567280744305,0.017152209476877373,-0.024896357803866932,0.16822873825407114,0.2945193071402381
252_T1_vs_T3,longitudinal,2,Chest_to_Neck_rz,Chest_to_Neck,rz,0.02166617834872491,0.004231181899844655,-0.017434996448880257,0.16822873825407114,0.2945193071402381
252_T1_vs_T3,longitudinal,2,Chest_to_RShoulder_rx,Chest_to_RShoulder,rx,0.009284044699712739,0.011224067144459112,0.001940022444746373,0.16822873825407114,0.2945193071402381
252_T1_vs_T3,longitudinal,2,Chest_to_RShoulder_ry,Chest_to_RShoulder,ry,0.030104756121432083,0.045197571158039865,0.015092815036607782,0.16822873825407114,0.2945193071402381
252_T1_vs_T3,longitudinal,2,Chest_to_RShoulder_rz,Chest_to_RShoulder,rz,0.12318560249436893,0.031532288170014106,-0.09165331432435482,0.16822873825407114,0.2945193071402381
252_T1_vs_T3,longitudinal,2,LFArm_to_LHand_rx,LFArm_to_LHand,rx,0.0017580612115470746,0.0048782552237815096,0.003120194012234435,0.16822873825407114,0.2945193071402381
252_T1_vs_T3,longitudinal,2,LFArm_to_LHand_ry,LFArm_to_LHand,ry,0.01610338265990045,0.03047645651945605,0.0143730738595556,0.16822873825407114,0.2945193071402381
252_T1_vs_T3,longitudinal,2,LFArm_to_LHand_rz,LFArm_to_LHand,rz,0.0007876535065304355,0.017804474368156718,0.017016820861626283,0.16822873825407114,0.2945193071402381
252_T1_vs_T3,longitudinal,2,LShin_to_LFoot_rx,LShin_to_LFoot,rx,0.03614238333131942,0.06317027421044384,0.027027890879124418,0.16822873825407114,0.2945193071402381
252_T1_vs_T3,longitudinal,2,LShin_to_LFoot_ry,LShin_to_LFoot,ry,0.0019234089035731824,0.04727935931452146,0.045355950410948274,0.16822873825407114,0.2945193071402381
252_T1_vs_T3,longitudinal,2,LShin_to_LFoot_rz,LShin_to_LFoot,rz,0.015676411867626572,0.03234672370642062,0.016670311838794045,0.16822873825407114,0.2945193071402381
252_T1_vs_T3,longitudinal,2,LShoulder_to_LUArm_rx,LShoulder_to_LUArm,rx,0.09413035947378069,0.19773507659383607,0.10360471712005538,0.16822873825407114,0.2945193071402381
252_T1_vs_T3,longitudinal,2,LShoulder_to_LUArm_ry,LShoulder_to_LUArm,ry,0.018349234718714563,0.025280411514521737,0.006931176795807174,0.16822873825407114,0.2945193071402381
252_T1_vs_T3,longitudinal,2,LShoulder_to_LUArm_rz,LShoulder_to_LUArm,rz,0.08632030725532805,0.005964400691634833,-0.08035590656369322,0.16822873825407114,0.2945193071402381
252_T1_vs_T3,longitudinal,2,LThigh_to_LShin_rx,LThigh_to_LShin,rx,0.10721870035359551,0.15924585237443947,0.05202715202084396,0.16822873825407114,0.2945193071402381
252_T1_vs_T3,longitudinal,2,LThigh_to_LShin_ry,LThigh_to_LShin,ry,1.9395512259703148e-08,1.0834000009746732e-08,-8.561512249956416e-09,0.16822873825407114,0.2945193071402381
252_T1_vs_T3,longitudinal,2,LThigh_to_LShin_rz,LThigh_to_LShin,rz,2.9447080164591933e-08,3.60858967868053e-08,6.638816622213368e-09,0.16822873825407114,0.2945193071402381
252_T1_vs_T3,longitudinal,2,LUArm_to_LFArm_rx,LUArm_to_LFArm,rx,0.19438810062776188,0.03670526582533364,-0.15768283480242823,0.16822873825407114,0.2945193071402381
252_T1_vs_T3,longitudinal,2,LUArm_to_LFArm_ry,LUArm_to_LFArm,ry,0.393383037170673,0.17904853455634354,-0.2143345026143295,0.16822873825407114,0.2945193071402381
252_T1_vs_T3,longitudinal,2,LUArm_to_LFArm_rz,LUArm_to_LFArm,rz,0.04244777667554577,0.08971882895584979,0.04727105228030402,0.16822873825407114,0.2945193071402381
252_T1_vs_T3,longitudinal,2,Neck_to_Head_rx,Neck_to_Head,rx,0.03445144799638994,0.11578822787633535,0.0813367798799454,0.16822873825407114,0.2945193071402381
252_T1_vs_T3,longitudinal,2,Neck_to_Head_ry,Neck_to_Head,ry,0.04571206046144812,0.01616757684533521,-0.02954448361611291,0.16822873825407114,0.2945193071402381
252_T1_vs_T3,longitudinal,2,Neck_to_Head_rz,Neck_to_Head,rz,0.0132688297082574,0.007465365203336183,-0.005803464504921217,0.16822873825407114,0.2945193071402381
252_T1_vs_T3,longitudinal,2,RFArm_to_RHand_rx,RFArm_to_RHand,rx,0.003019701187023923,0.0018738287811306319,-0.001145872405893291,0.16822873825407114,0.2945193071402381
252_T1_vs_T3,longitudinal,2,RFArm_to_RHand_ry,RFArm_to_RHand,ry,0.020342364887791675,0.043260267774624446,0.02291790288683277,0.16822873825407114,0.2945193071402381
252_T1_vs_T3,longitudinal,2,RFArm_to_RHand_rz,RFArm_to_RHand,rz,0.04820274182145126,0.054852174793503704,0.006649432972052442,0.16822873825407114,0.2945193071402381
252_T1_vs_T3,longitudinal,2,RShin_to_RFoot_rx,RShin_to_RFoot,rx,0.013001408032198142,0.04003244509495303,0.02703103706275489,0.16822873825407114,0.2945193071402381
252_T1_vs_T3,longitudinal,2,RShin_to_RFoot_ry,RShin_to_RFoot,ry,0.020421023281066104,0.06584749543448963,0.045426472153423526,0.16822873825407114,0.2945193071402381
252_T1_vs_T3,longitudinal,2,RShin_to_RFoot_rz,RShin_to_RFoot,rz,0.011168658538197828,0.01023275426153309,-0.0009359042766647375,0.16822873825407114,0.2945193071402381
252_T1_vs_T3,longitudinal,2,RShoulder_to_RUArm_rx,RShoulder_to_RUArm,rx,0.18200234378402708,0.14213415518604677,-0.0398681885979803,0.16822873825407114,0.2945193071402381
252_T1_vs_T3,longitudinal,2,RShoulder_to_RUArm_ry,RShoulder_to_RUArm,ry,0.17855318892777952,0.19851676340611615,0.019963574478336632,0.16822873825407114,0.2945193071402381
252_T1_vs_T3,longitudinal,2,RShoulder_to_RUArm_rz,RShoulder_to_RUArm,rz,0.15375672584771038,0.11808303209036214,-0.035673693757348246,0.16822873825407114,0.2945193071402381
252_T1_vs_T3,longitudinal,2,RThigh_to_RShin_rx,RThigh_to_RShin,rx,0.007605276764694473,0.22936461568817323,0.22175933892347877,0.16822873825407114,0.2945193071402381
252_T1_vs_T3,longitudinal,2,RThigh_to_RShin_ry,RThigh_to_RShin,ry,1.4503454340501344e-08,2.6543150481257816e-08,1.2039696140756472e-08,0.16822873825407114,0.2945193071402381
252_T1_vs_T3,longitudinal,2,RThigh_to_RShin_rz,RThigh_to_RShin,rz,2.3750928473629046e-08,1.435451891856632e-08,-9.396409555062727e-09,0.16822873825407114,0.2945193071402381
252_T1_vs_T3,longitudinal,2,RUArm_to_RFArm_rx,RUArm_to_RFArm,rx,0.2062543011340789,0.3465424987584222,0.1402881976243433,0.16822873825407114,0.2945193071402381
252_T1_vs_T3,longitudinal,2,RUArm_to_RFArm_ry,RUArm_to_RFArm,ry,0.7009238918893765,0.45131740632696565,-0.24960648556241088,0.16822873825407114,0.2945193071402381
252_T1_vs_T3,longitudinal,2,RUArm_to_RFArm_rz,RUArm_to_RFArm,rz,0.2697188857331521,0.2529501666885173,-0.01676871904463484,0.16822873825407114,0.2945193071402381
252_T1_vs_T3,longitudinal,3,252_to_LThigh_rx,252_to_LThigh,rx,0.4836060466788091,0.542884400976665,0.05927835429785594,0.1298690288604929,0.12246431502772492
252_T1_vs_T3,longitudinal,3,252_to_LThigh_ry,252_to_LThigh,ry,0.06034362040919259,0.049259562520861784,-0.011084057888330806,0.1298690288604929,0.12246431502772492
252_T1_vs_T3,longitudinal,3,252_to_LThigh_rz,252_to_LThigh,rz,0.09178775178268919,0.09180399486029699,1.624307760779431e-05,0.1298690288604929,0.12246431502772492
252_T1_vs_T3,longitudinal,3,252_to_RThigh_rx,252_to_RThigh,rx,0.1146059820859386,0.2620092270740928,0.14740324498815421,0.1298690288604929,0.12246431502772492
252_T1_vs_T3,longitudinal,3,252_to_RThigh_ry,252_to_RThigh,ry,0.005916632217393578,0.0525464153529789,0.04662978313558532,0.1298690288604929,0.12246431502772492
252_T1_vs_T3,longitudinal,3,252_to_RThigh_rz,252_to_RThigh,rz,0.17137261984057836,0.17289875485559003,0.0015261350150116704,0.1298690288604929,0.12246431502772492
252_T1_vs_T3,longitudinal,3,Chest_to_LShoulder_rx,Chest_to_LShoulder,rx,0.023917173196443584,0.056341020922388775,0.03242384772594519,0.1298690288604929,0.12246431502772492
252_T1_vs_T3,longitudinal,3,Chest_to_LShoulder_ry,Chest_to_LShoulder,ry,0.010596797371485531,0.019130830791344398,0.008534033419858866,0.1298690288604929,0.12246431502772492
252_T1_vs_T3,longitudinal,3,Chest_to_LShoulder_rz,Chest_to_LShoulder,rz,0.03215912017294734,0.013683934113936893,-0.01847518605901045,0.1298690288604929,0.12246431502772492
252_T1_vs_T3,longitudinal,3,Chest_to_Neck_rx,Chest_to_Neck,rx,0.046979216979403236,0.06872668012998673,0.02174746315058349,0.1298690288604929,0.12246431502772492
252_T1_vs_T3,longitudinal,3,Chest_to_Neck_ry,Chest_to_Neck,ry,0.06932278991458743,0.07619137429588729,0.006868584381299864,0.1298690288604929,0.12246431502772492
252_T1_vs_T3,longitudinal,3,Chest_to_Neck_rz,Chest_to_Neck,rz,0.026828000310604123,0.10042501341247402,0.07359701310186989,0.1298690288604929,0.12246431502772492
252_T1_vs_T3,longitudinal,3,Chest_to_RShoulder_rx,Chest_to_RShoulder,rx,0.04278391871300726,0.03991681158989987,-0.002867107123107393,0.1298690288604929,0.12246431502772492
252_T1_vs_T3,longitudinal,3,Chest_to_RShoulder_ry,Chest_to_RShoulder,ry,0.013228658490291336,0.0021285191539542276,-0.01110013933633711,0.1298690288604929,0.12246431502772492
252_T1_vs_T3,longitudinal,3,Chest_to_RShoulder_rz,Chest_to_RShoulder,rz,0.011773548284539408,0.04701051367313196,0.03523696538859255,0.1298690288604929,0.12246431502772492
252_T1_vs_T3,longitudinal,3,LFArm_to_LHand_rx,LFArm_to_LHand,rx,0.008430256978767786,0.004572226233947966,-0.0038580307448198205,0.1298690288604929,0.12246431502772492
252_T1_vs_T3,longitudinal,3,LFArm_to_LHand_ry,LFArm_to_LHand,ry,0.037227508364867636,0.036547615311148106,-0.0006798930537195297,0.1298690288604929,0.12246431502772492
252_T1_vs_T3,longitudinal,3,LFArm_to_LHand_rz,LFArm_to_LHand,rz,0.04551142227287804,0.03173776453708831,-0.01377365773578973,0.1298690288604929,0.12246431502772492
252_T1_vs_T3,longitudinal,3,LShin_to_LFoot_rx,LShin_to_LFoot,rx,0.02664069282227746,0.10707505615205416,0.0804343633297767,0.1298690288604929,0.12246431502772492
252_T1_vs_T3,longitudinal,3,LShin_to_LFoot_ry,LShin_to_LFoot,ry,0.027758531893003358,0.09910726586334168,0.07134873397033832,0.1298690288604929,0.12246431502772492
252_T1_vs_T3,longitudinal,3,LShin_to_LFoot_rz,LShin_to_LFoot,rz,0.007980594106530275,0.05392384820539734,0.04594325409886707,0.1298690288604929,0.12246431502772492
252_T1_vs_T3,longitudinal,3,LShoulder_to_LUArm_rx,LShoulder_to_LUArm,rx,0.09689000285958814,0.34745450520529875,0.2505645023457106,0.1298690288604929,0.12246431502772492
252_T1_vs_T3,longitudinal,3,LShoulder_to_LUArm_ry,LShoulder_to_LUArm,ry,0.27303405142200177,0.07680689284302906,-0.19622715857897272,0.1298690288604929,0.12246431502772492
252_T1_vs_T3,longitudinal,3,LShoulder_to_LUArm_rz,LShoulder_to_LUArm,rz,0.008893173110154076,0.20269401150002592,0.19380083838987183,0.1298690288604929,0.12246431502772492
252_T1_vs_T3,longitudinal,3,LThigh_to_LShin_rx,LThigh_to_LShin,rx,0.011657909342977692,0.039216379683258425,0.027558470340280732,0.1298690288604929,0.12246431502772492
252_T1_vs_T3,longitudinal,3,LThigh_to_LShin_ry,LThigh_to_LShin,ry,9.3398463039013e-09,3.3377844714197296e-08,2.4037998410295996e-08,0.1298690288604929,0.12246431502772492
252_T1_vs_T3,longitudinal,3,LThigh_to_LShin_rz,LThigh_to_LShin,rz,1.799550631297358e-08,5.5712673706206674e-08,3.771716739323309e-08,0.1298690288604929,0.12246431502772492
252_T1_vs_T3,longitudinal,3,LUArm_to_LFArm_rx,LUArm_to_LFArm,rx,0.01690519376885228,0.41779874556417185,0.40089355179531955,0.1298690288604929,0.12246431502772492
252_T1_vs_T3,longitudinal,3,LUArm_to_LFArm_ry,LUArm_to_LFArm,ry,0.6168339017548484,0.19304284805326502,-0.42379105370158343,0.1298690288604929,0.12246431502772492
252_T1_vs_T3,longitudinal,3,LUArm_to_LFArm_rz,LUArm_to_LFArm,rz,0.08583262725676387,0.05349985746791625,-0.032332769788847616,0.1298690288604929,0.12246431502772492
252_T1_vs_T3,longitudinal,3,Neck_to_Head_rx,Neck_to_Head,rx,0.046295647999134944,0.06872623843349732,0.022430590434362373,0.1298690288604929,0.12246431502772492
252_T1_vs_T3,longitudinal,3,Neck_to_Head_ry,Neck_to_Head,ry,0.0734545030891302,0.055496923061538556,-0.017957580027591638,0.1298690288604929,0.12246431502772492
252_T1_vs_T3,longitudinal,3,Neck_to_Head_rz,Neck_to_Head,rz,0.013266034783567837,0.11356251171960788,0.10029647693604005,0.1298690288604929,0.12246431502772492
252_T1_vs_T3,longitudinal,3,RFArm_to_RHand_rx,RFArm_to_RHand,rx,0.006980248550048034,0.005401282607271895,-0.0015789659427761383,0.1298690288604929,0.12246431502772492
252_T1_vs_T3,longitudinal,3,RFArm_to_RHand_ry,RFArm_to_RHand,ry,0.006356182576470678,0.005888825248967106,-0.00046735732750357185,0.1298690288604929,0.12246431502772492
252_T1_vs_T3,longitudinal,3,RFArm_to_RHand_rz,RFArm_to_RHand,rz,0.1032074859398949,0.024427638055564166,-0.07877984788433073,0.1298690288604929,0.12246431502772492
252_T1_vs_T3,longitudinal,3,RShin_to_RFoot_rx,RShin_to_RFoot,rx,0.004688099841907609,0.04535598286177609,0.040667883019868484,0.1298690288604929,0.12246431502772492
252_T1_vs_T3,longitudinal,3,RShin_to_RFoot_ry,RShin_to_RFoot,ry,0.0567070201945618,0.07951099625561604,0.02280397606105424,0.1298690288604929,0.12246431502772492
252_T1_vs_T3,longitudinal,3,RShin_to_RFoot_rz,RShin_to_RFoot,rz,0.03247411447855388,0.10674117241179978,0.0742670579332459,0.1298690288604929,0.12246431502772492
252_T1_vs_T3,longitudinal,3,RShoulder_to_RUArm_rx,RShoulder_to_RUArm,rx,0.3067660906872718,0.15461080308929756,-0.15215528759797423,0.1298690288604929,0.12246431502772492
252_T1_vs_T3,longitudinal,3,RShoulder_to_RUArm_ry,RShoulder_to_RUArm,ry,0.012557217938301805,0.05745565392237342,0.044898435984071616,0.1298690288604929,0.12246431502772492
252_T1_vs_T3,longitudinal,3,RShoulder_to_RUArm_rz,RShoulder_to_RUArm,rz,0.03639544402598199,0.024708499658992973,-0.01168694436698902,0.1298690288604929,0.12246431502772492
252_T1_vs_T3,longitudinal,3,RThigh_to_RShin_rx,RThigh_to_RShin,rx,0.10886605764581875,0.03983041791673951,-0.06903563972907924,0.1298690288604929,0.12246431502772492
252_T1_vs_T3,longitudinal,3,RThigh_to_RShin_ry,RThigh_to_RShin,ry,4.489887356872058e-09,2.3557722432317413e-08,1.9067835075445356e-08,0.1298690288604929,0.12246431502772492
252_T1_vs_T3,longitudinal,3,RThigh_to_RShin_rz,RThigh_to_RShin,rz,1.5364923781434597e-09,1.6910915302821764e-08,1.5374422924678305e-08,0.1298690288604929,0.12246431502772492
252_T1_vs_T3,longitudinal,3,RUArm_to_RFArm_rx,RUArm_to_RFArm,rx,0.12531057494285205,0.016596448590611875,-0.10871412635224018,0.1298690288604929,0.12246431502772492
252_T1_vs_T3,longitudinal,3,RUArm_to_RFArm_ry,RUArm_to_RFArm,ry,0.2715133047567854,0.2733831195761388,0.0018698148193533881,0.1298690288604929,0.12246431502772492
252_T1_vs_T3,longitudinal,3,RUArm_to_RFArm_rz,RUArm_to_RFArm,rz,0.05437259256572783,0.09450010596032093,0.040127513394593105,0.1298690288604929,0.12246431502772492
252_T1_vs_T3,longitudinal,4,252_to_LThigh_rx,252_to_LThigh,rx,0.028681910358553508,0.26273743641919955,0.23405552606064606,0.10966437530362615,0.09743655144624651
252_T1_vs_T3,longitudinal,4,252_to_LThigh_ry,252_to_LThigh,ry,0.044284593413968606,0.020645656535447983,-0.023638936878520624,0.10966437530362615,0.09743655144624651
252_T1_vs_T3,longitudinal,4,252_to_LThigh_rz,252_to_LThigh,rz,0.02462044907867546,0.14579822980458984,0.12117778072591438,0.10966437530362615,0.09743655144624651
252_T1_vs_T3,longitudinal,4,252_to_RThigh_rx,252_to_RThigh,rx,0.15802677386706343,0.09592042050244305,-0.06210635336462038,0.10966437530362615,0.09743655144624651
252_T1_vs_T3,longitudinal,4,252_to_RThigh_ry,252_to_RThigh,ry,0.07638059451811224,0.13724688703773202,0.06086629251961978,0.10966437530362615,0.09743655144624651
252_T1_vs_T3,longitudinal,4,252_to_RThigh_rz,252_to_RThigh,rz,0.0620810634984002,0.25613540045816996,0.19405433695976976,0.10966437530362615,0.09743655144624651
252_T1_vs_T3,longitudinal,4,Chest_to_LShoulder_rx,Chest_to_LShoulder,rx,0.0021828158046207392,0.05199657383872316,0.049813758034102415,0.10966437530362615,0.09743655144624651
252_T1_vs_T3,longitudinal,4,Chest_to_LShoulder_ry,Chest_to_LShoulder,ry,0.035223175800377725,0.05645803623039622,0.021234860430018494,0.10966437530362615,0.09743655144624651
252_T1_vs_T3,longitudinal,4,Chest_to_LShoulder_rz,Chest_to_LShoulder,rz,0.034071683360422315,0.049983422764385735,0.01591173940396342,0.10966437530362615,0.09743655144624651
252_T1_vs_T3,longitudinal,4,Chest_to_Neck_rx,Chest_to_Neck,rx,0.021730939878286643,0.014468693261622208,-0.007262246616664435,0.10966437530362615,0.09743655144624651
252_T1_vs_T3,longitudinal,4,Chest_to_Neck_ry,Chest_to_Neck,ry,0.015322823448563016,0.04554973837496655,0.030226914926403534,0.10966437530362615,0.09743655144624651
252_T1_vs_T3,longitudinal,4,Chest_to_Neck_rz,Chest_to_Neck,rz,0.035503679569952803,0.053651646432014664,0.01814796686206186,0.10966437530362615,0.09743655144624651
252_T1_vs_T3,longitudinal,4,Chest_to_RShoulder_rx,Chest_to_RShoulder,rx,0.08435032030760246,0.001553681495070785,-0.08279663881253167,0.10966437530362615,0.09743655144624651
252_T1_vs_T3,longitudinal,4,Chest_to_RShoulder_ry,Chest_to_RShoulder,ry,0.03261562358785633,0.017599297878924617,-0.015016325708931712,0.10966437530362615,0.09743655144624651
252_T1_vs_T3,longitudinal,4,Chest_to_RShoulder_rz,Chest_to_RShoulder,rz,0.05379915948036998,0.07151271622408728,0.0177135567437173,0.10966437530362615,0.09743655144624651
252_T1_vs_T3,longitudinal,4,LFArm_to_LHand_rx,LFArm_to_LHand,rx,0.006025071599152752,0.014410682441462503,0.008385610842309751,0.10966437530362615,0.09743655144624651
252_T1_vs_T3,longitudinal,4,LFArm_to_LHand_ry,LFArm_to_LHand,ry,0.03235557678241641,0.06986742055969604,0.037511843777279626,0.10966437530362615,0.09743655144624651
252_T1_vs_T3,longitudinal,4,LFArm_to_LHand_rz,LFArm_to_LHand,rz,0.04047793397922473,0.05488820390751809,0.014410269928293362,0.10966437530362615,0.09743655144624651
252_T1_vs_T3,longitudinal,4,LShin_to_LFoot_rx,LShin_to_LFoot,rx,0.007459378230823531,0.12648553920225866,0.11902616097143513,0.10966437530362615,0.09743655144624651
252_T1_vs_T3,longitudinal,4,LShin_to_LFoot_ry,LShin_to_LFoot,ry,0.0044129312911688175,0.04186141501857145,0.03744848372740263,0.10966437530362615,0.09743655144624651
252_T1_vs_T3,longitudinal,4,LShin_to_LFoot_rz,LShin_to_LFoot,rz,0.017909407825984127,0.051101916389383266,0.03319250856339914,0.10966437530362615,0.09743655144624651
252_T1_vs_T3,longitudinal,4,LShoulder_to_LUArm_rx,LShoulder_to_LUArm,rx,0.0036884729744442804,0.07041836506933027,0.066729892094886,0.10966437530362615,0.09743655144624651
252_T1_vs_T3,longitudinal,4,LShoulder_to_LUArm_ry,LShoulder_to_LUArm,ry,0.007491218239436102,0.3987413881419875,0.3912501699025514,0.10966437530362615,0.09743655144624651
252_T1_vs_T3,longitudinal,4,LShoulder_to_LUArm_rz,LShoulder_to_LUArm,rz,0.01871059464135148,0.04064480704862328,0.021934212407271798,0.10966437530362615,0.09743655144624651
252_T1_vs_T3,longitudinal,4,LThigh_to_LShin_rx,LThigh_to_LShin,rx,0.08368374356699204,0.02392643369712225,-0.059757309869869796,0.10966437530362615,0.09743655144624651
252_T1_vs_T3,longitudinal,4,LThigh_to_LShin_ry,LThigh_to_LShin,ry,4.715106051152915e-08,9.072264504204395e-09,-3.807879600732475e-08,0.10966437530362615,0.09743655144624651
252_T1_vs_T3,longitudinal,4,LThigh_to_LShin_rz,LThigh_to_LShin,rz,3.91900661312894e-09,3.879913733872953e-08,3.488013072560059e-08,0.10966437530362615,0.09743655144624651
252_T1_vs_T3,longitudinal,4,LUArm_to_LFArm_rx,LUArm_to_LFArm,rx,0.10774102480323135,0.03624638037101197,-0.07149464443221937,0.10966437530362615,0.09743655144624651
252_T1_vs_T3,longitudinal,4,LUArm_to_LFArm_ry,LUArm_to_LFArm,ry,0.43995763022342627,0.654787363150286,0.2148297329268597,0.10966437530362615,0.09743655144624651
252_T1_vs_T3,longitudinal,4,LUArm_to_LFArm_rz,LUArm_to_LFArm,rz,0.01040367028654757,0.05087592807300283,0.04047225778645526,0.10966437530362615,0.09743655144624651
252_T1_vs_T3,longitudinal,4,Neck_to_Head_rx,Neck_to_Head,rx,0.02130226281404587,0.014994658054221743,-0.006307604759824129,0.10966437530362615,0.09743655144624651
252_T1_vs_T3,longitudinal,4,Neck_to_Head_ry,Neck_to_Head,ry,0.021840451774369798,0.05504401209911792,0.033203560324748124,0.10966437530362615,0.09743655144624651
252_T1_vs_T3,longitudinal,4,Neck_to_Head_rz,Neck_to_Head,rz,0.0317856725976645,0.04436557559669987,0.012579902999035365,0.10966437530362615,0.09743655144624651
252_T1_vs_T3,longitudinal,4,RFArm_to_RHand_rx,RFArm_to_RHand,rx,0.013656186313786768,0.0030004583775003033,-0.010655727936286465,0.10966437530362615,0.09743655144624651
252_T1_vs_T3,longitudinal,4,RFArm_to_RHand_ry,RFArm_to_RHand,ry,0.04976914505674282,0.02326221913402344,-0.02650692592271938,0.10966437530362615,0.09743655144624651
252_T1_vs_T3,longitudinal,4,RFArm_to_RHand_rz,RFArm_to_RHand,rz,0.11022927530350986,0.09162786033761167,-0.01860141496589819,0.10966437530362615,0.09743655144624651
252_T1_vs_T3,longitudinal,4,RShin_to_RFoot_rx,RShin_to_RFoot,rx,0.003623166115152288,0.03174647201318916,0.028123305898036875,0.10966437530362615,0.09743655144624651
252_T1_vs_T3,longitudinal,4,RShin_to_RFoot_ry,RShin_to_RFoot,ry,0.0057085158424426,0.19261702215651608,0.18690850631407346,0.10966437530362615,0.09743655144624651
252_T1_vs_T3,longitudinal,4,RShin_to_RFoot_rz,RShin_to_RFoot,rz,0.04601575943118424,0.12302691387608852,0.07701115444490428,0.10966437530362615,0.09743655144624651
252_T1_vs_T3,longitudinal,4,RShoulder_to_RUArm_rx,RShoulder_to_RUArm,rx,0.7354040621808476,0.10337329414103089,-0.6320307680398167,0.10966437530362615,0.09743655144624651
252_T1_vs_T3,longitudinal,4,RShoulder_to_RUArm_ry,RShoulder_to_RUArm,ry,0.009936275442451662,0.05031270276859058,0.04037642732613892,0.10966437530362615,0.09743655144624651
252_T1_vs_T3,longitudinal,4,RShoulder_to_RUArm_rz,RShoulder_to_RUArm,rz,0.18330129365100567,0.15696676282247865,-0.02633453082852702,0.10966437530362615,0.09743655144624651
252_T1_vs_T3,longitudinal,4,RThigh_to_RShin_rx,RThigh_to_RShin,rx,0.09536203298314046,0.03555490860926378,-0.059807124373876676,0.10966437530362615,0.09743655144624651
252_T1_vs_T3,longitudinal,4,RThigh_to_RShin_ry,RThigh_to_RShin,ry,2.5992290449584657e-09,1.1424131120654916e-08,8.824902075696449e-09,0.10966437530362615,0.09743655144624651
252_T1_vs_T3,longitudinal,4,RThigh_to_RShin_rz,RThigh_to_RShin,rz,3.235885889149331e-08,1.731927990327124e-08,-1.503957898822207e-08,0.10966437530362615,0.09743655144624651
252_T1_vs_T3,longitudinal,4,RUArm_to_RFArm_rx,RUArm_to_RFArm,rx,0.3537171994691363,0.029767857445176935,-0.32394934202395936,0.10966437530362615,0.09743655144624651
252_T1_vs_T3,longitudinal,4,RUArm_to_RFArm_ry,RUArm_to_RFArm,ry,0.013902312431407899,0.2400783488797225,0.22617603644831458,0.10966437530362615,0.09743655144624651
252_T1_vs_T3,longitudinal,4,RUArm_to_RFArm_rz,RUArm_to_RFArm,rz,0.05333573135807273,0.06569896597996909,0.012363234621896362,0.10966437530362615,0.09743655144624651
252_T1_vs_T3,longitudinal,5,252_to_LThigh_rx,252_to_LThigh,rx,0.07978423217184065,0.013652612358611772,-0.06613161981322888,0.07905878946573609,0.0771508536893449
252_T1_vs_T3,longitudinal,5,252_to_LThigh_ry,252_to_LThigh,ry,0.047502677070607735,0.06422579467873438,0.016723117608126642,0.07905878946573609,0.0771508536893449
252_T1_vs_T3,longitudinal,5,252_to_LThigh_rz,252_to_LThigh,rz,0.012848370265932394,0.01674125182222279,0.0038928815562903948,0.07905878946573609,0.0771508536893449
252_T1_vs_T3,longitudinal,5,252_to_RThigh_rx,252_to_RThigh,rx,0.5515818849047966,0.25174907289750537,-0.2998328120072913,0.07905878946573609,0.0771508536893449
252_T1_vs_T3,longitudinal,5,252_to_RThigh_ry,252_to_RThigh,ry,0.08767469237789129,0.035005638675666285,-0.052669053702225,0.07905878946573609,0.0771508536893449
252_T1_vs_T3,longitudinal,5,252_to_RThigh_rz,252_to_RThigh,rz,0.08353851632026546,0.05702913729306608,-0.02650937902719938,0.07905878946573609,0.0771508536893449
252_T1_vs_T3,longitudinal,5,Chest_to_LShoulder_rx,Chest_to_LShoulder,rx,0.010850151326308104,0.0050381791626737706,-0.005811972163634334,0.07905878946573609,0.0771508536893449
252_T1_vs_T3,longitudinal,5,Chest_to_LShoulder_ry,Chest_to_LShoulder,ry,0.04839989235984843,0.0145818611029594,-0.03381803125688903,0.07905878946573609,0.0771508536893449
252_T1_vs_T3,longitudinal,5,Chest_to_LShoulder_rz,Chest_to_LShoulder,rz,0.030475929144403252,0.045505485069698426,0.015029555925295174,0.07905878946573609,0.0771508536893449
252_T1_vs_T3,longitudinal,5,Chest_to_Neck_rx,Chest_to_Neck,rx,0.17064793930458444,0.06329149222161921,-0.10735644708296523,0.07905878946573609,0.0771508536893449
252_T1_vs_T3,longitudinal,5,Chest_to_Neck_ry,Chest_to_Neck,ry,0.09091568532620926,0.017489343722109044,-0.07342634160410022,0.07905878946573609,0.0771508536893449
252_T1_vs_T3,longitudinal,5,Chest_to_Neck_rz,Chest_to_Neck,rz,0.0738541584947033,0.015309070708967882,-0.05854508778573542,0.07905878946573609,0.0771508536893449
252_T1_vs_T3,longitudinal,5,Chest_to_RShoulder_rx,Chest_to_RShoulder,rx,0.023142102771471308,0.10179845759707275,0.07865635482560143,0.07905878946573609,0.0771508536893449
252_T1_vs_T3,longitudinal,5,Chest_to_RShoulder_ry,Chest_to_RShoulder,ry,0.0479818289665584,0.01098859398753866,-0.03699323497901974,0.07905878946573609,0.0771508536893449
252_T1_vs_T3,longitudinal,5,Chest_to_RShoulder_rz,Chest_to_RShoulder,rz,0.15158029952709104,0.18805009969719658,0.03646980017010554,0.07905878946573609,0.0771508536893449
252_T1_vs_T3,longitudinal,5,LFArm_to_LHand_rx,LFArm_to_LHand,rx,0.014851317474526492,0.007027246573550853,-0.00782407090097564,0.07905878946573609,0.0771508536893449
252_T1_vs_T3,longitudinal,5,LFArm_to_LHand_ry,LFArm_to_LHand,ry,0.07895856737950427,0.04227272717892049,-0.036685840200583776,0.07905878946573609,0.0771508536893449
252_T1_vs_T3,longitudinal,5,LFArm_to_LHand_rz,LFArm_to_LHand,rz,0.05421821822858985,0.04531007577905674,-0.008908142449533106,0.07905878946573609,0.0771508536893449
252_T1_vs_T3,longitudinal,5,LShin_to_LFoot_rx,LShin_to_LFoot,rx,0.008892103879836313,0.05689403001918874,0.048001926139352426,0.07905878946573609,0.0771508536893449
252_T1_vs_T3,longitudinal,5,LShin_to_LFoot_ry,LShin_to_LFoot,ry,0.00808966859405106,0.027285308290866762,0.019195639696815703,0.07905878946573609,0.0771508536893449
252_T1_vs_T3,longitudinal,5,LShin_to_LFoot_rz,LShin_to_LFoot,rz,0.0009576223407038911,0.05393686197319393,0.05297923963249004,0.07905878946573609,0.0771508536893449
252_T1_vs_T3,longitudinal,5,LShoulder_to_LUArm_rx,LShoulder_to_LUArm,rx,0.060550382887590085,0.04476602906507692,-0.015784353822513163,0.07905878946573609,0.0771508536893449
252_T1_vs_T3,longitudinal,5,LShoulder_to_LUArm_ry,LShoulder_to_LUArm,ry,0.2781483817330412,0.1577163664018491,-0.12043201533119208,0.07905878946573609,0.0771508536893449
252_T1_vs_T3,longitudinal,5,LShoulder_to_LUArm_rz,LShoulder_to_LUArm,rz,0.0755350168480692,0.0047651157654913295,-0.07076990108257787,0.07905878946573609,0.0771508536893449
252_T1_vs_T3,longitudinal,5,LThigh_to_LShin_rx,LThigh_to_LShin,rx,0.17532323267611052,0.02766498795203722,-0.1476582447240733,0.07905878946573609,0.0771508536893449
252_T1_vs_T3,longitudinal,5,LThigh_to_LShin_ry,LThigh_to_LShin,ry,3.4921217546076985e-08,1.6910347981044778e-08,-1.8010869565032207e-08,0.07905878946573609,0.0771508536893449
252_T1_vs_T3,longitudinal,5,LThigh_to_LShin_rz,LThigh_to_LShin,rz,3.050241186320898e-08,5.4607171030621716e-08,2.4104759167412736e-08,0.07905878946573609,0.0771508536893449
252_T1_vs_T3,longitudinal,5,LUArm_to_LFArm_rx,LUArm_to_LFArm,rx,0.26108087164237365,0.18674760814084052,-0.07433326350153313,0.07905878946573609,0.0771508536893449
252_T1_vs_T3,longitudinal,5,LUArm_to_LFArm_ry,LUArm_to_LFArm,ry,0.005688751498510441,0.1923421604501327,0.18665340895162225,0.07905878946573609,0.0771508536893449
252_T1_vs_T3,longitudinal,5,LUArm_to_LFArm_rz,LUArm_to_LFArm,rz,0.02022347104728414,0.030241771847491477,0.010018300800207335,0.07905878946573609,0.0771508536893449
252_T1_vs_T3,longitudinal,5,Neck_to_Head_rx,Neck_to_Head,rx,0.17073411620094697,0.06321027579261594,-0.10752384040833103,0.07905878946573609,0.0771508536893449
252_T1_vs_T3,longitudinal,5,Neck_to_Head_ry,Neck_to_Head,ry,0.07494950676292893,0.013975509526473763,-0.06097399723645516,0.07905878946573609,0.0771508536893449
252_T1_vs_T3,longitudinal,5,Neck_to_Head_rz,Neck_to_Head,rz,0.08985356619622217,0.018182011535384904,-0.07167155466083727,0.07905878946573609,0.0771508536893449
252_T1_vs_T3,longitudinal,5,RFArm_to_RHand_rx,RFArm_to_RHand,rx,0.0002836393852531423,0.006181670516652617,0.005898031131399474,0.07905878946573609,0.0771508536893449
252_T1_vs_T3,longitudinal,5,RFArm_to_RHand_ry,RFArm_to_RHand,ry,0.00043460316076402334,0.015093646961666358,0.014659043800902334,0.07905878946573609,0.0771508536893449
252_T1_vs_T3,longitudinal,5,RFArm_to_RHand_rz,RFArm_to_RHand,rz,0.017684874267575364,0.09876024716696119,0.08107537289938582,0.07905878946573609,0.0771508536893449
252_T1_vs_T3,longitudinal,5,RShin_to_RFoot_rx,RShin_to_RFoot,rx,0.13189912506558107,0.08395380004738584,-0.047945325018195234,0.07905878946573609,0.0771508536893449
252_T1_vs_T3,longitudinal,5,RShin_to_RFoot_ry,RShin_to_RFoot,ry,0.03274151496864717,0.08543037682986317,0.052688861861216,0.07905878946573609,0.0771508536893449
252_T1_vs_T3,longitudinal,5,RShin_to_RFoot_rz,RShin_to_RFoot,rz,0.03181445417917662,0.09751376136807736,0.06569930718890074,0.07905878946573609,0.0771508536893449
252_T1_vs_T3,longitudinal,5,RShoulder_to_RUArm_rx,RShoulder_to_RUArm,rx,0.07763760396110415,0.46103079051628737,0.38339318655518323,0.07905878946573609,0.0771508536893449
252_T1_vs_T3,longitudinal,5,RShoulder_to_RUArm_ry,RShoulder_to_RUArm,ry,0.08521890366303655,0.13877936540381108,0.05356046174077453,0.07905878946573609,0.0771508536893449
252_T1_vs_T3,longitudinal,5,RShoulder_to_RUArm_rz,RShoulder_to_RUArm,rz,0.46125567816800084,0.6066840055168982,0.14542832734889732,0.07905878946573609,0.0771508536893449
252_T1_vs_T3,longitudinal,5,RThigh_to_RShin_rx,RThigh_to_RShin,rx,0.3134112709056707,0.2106540300332151,-0.10275724087245564,0.07905878946573609,0.0771508536893449
252_T1_vs_T3,longitudinal,5,RThigh_to_RShin_ry,RThigh_to_RShin,ry,5.527646154114187e-08,1.5792811507329802e-08,-3.948365003381207e-08,0.07905878946573609,0.0771508536893449
252_T1_vs_T3,longitudinal,5,RThigh_to_RShin_rz,RThigh_to_RShin,rz,3.4881118595170577e-08,2.0342332608976215e-08,-1.4538785986194362e-08,0.07905878946573609,0.0771508536893449
252_T1_vs_T3,longitudinal,5,RUArm_to_RFArm_rx,RUArm_to_RFArm,rx,0.09705568339789075,0.04585178619227069,-0.05120389720562006,0.07905878946573609,0.0771508536893449
252_T1_vs_T3,longitudinal,5,RUArm_to_RFArm_ry,RUArm_to_RFArm,ry,0.09092087961816918,0.2420546452313092,0.15113376561314001,0.07905878946573609,0.0771508536893449
252_T1_vs_T3,longitudinal,5,RUArm_to_RFArm_rz,RUArm_to_RFArm,rz,0.006612778637927202,0.14241275025493655,0.13579997161700935,0.07905878946573609,0.0771508536893449
252_T1_vs_T3,longitudinal,6,252_to_LThigh_rx,252_to_LThigh,rx,0.055340592406803335,0.03824519394639895,-0.017095398460404386,0.05797717994331844,0.04410954306932874
252_T1_vs_T3,longitudinal,6,252_to_LThigh_ry,252_to_LThigh,ry,0.1038400201733102,0.11889212791628877,0.015052107742978563,0.05797717994331844,0.04410954306932874
252_T1_vs_T3,longitudinal,6,252_to_LThigh_rz,252_to_LThigh,rz,0.012328246417682369,0.004530791909997804,-0.007797454507684565,0.05797717994331844,0.04410954306932874
252_T1_vs_T3,longitudinal,6,252_to_RThigh_rx,252_to_RThigh,rx,0.3417624085216166,0.2620717363730895,-0.0796906721485271,0.05797717994331844,0.04410954306932874
252_T1_vs_T3,longitudinal,6,252_to_RThigh_ry,252_to_RThigh,ry,0.15249860282894945,0.07703826583302861,-0.07546033699592083,0.05797717994331844,0.04410954306932874
252_T1_vs_T3,longitudinal,6,252_to_RThigh_rz,252_to_RThigh,rz,0.29275947867701035,0.2529288397723228,-0.039830638904687576,0.05797717994331844,0.04410954306932874
252_T1_vs_T3,longitudinal,6,Chest_to_LShoulder_rx,Chest_to_LShoulder,rx,0.007988458250995343,0.0011845189941999685,-0.006803939256795374,0.05797717994331844,0.04410954306932874
252_T1_vs_T3,longitudinal,6,Chest_to_LShoulder_ry,Chest_to_LShoulder,ry,0.008431821989890129,0.029184897120944193,0.020753075131054066,0.05797717994331844,0.04410954306932874
252_T1_vs_T3,longitudinal,6,Chest_to_LShoulder_rz,Chest_to_LShoulder,rz,0.016474455954123907,0.057410307383480116,0.04093585142935621,0.05797717994331844,0.04410954306932874
252_T1_vs_T3,longitudinal,6,Chest_to_Neck_rx,Chest_to_Neck,rx,0.13292246310262437,0.1057496992749079,-0.027172763827716467,0.05797717994331844,0.04410954306932874
252_T1_vs_T3,longitudinal,6,Chest_to_Neck_ry,Chest_to_Neck,ry,0.061273857706464326,0.06868443845034547,0.007410580743881144,0.05797717994331844,0.04410954306932874
252_T1_vs_T3,longitudinal,6,Chest_to_Neck_rz,Chest_to_Neck,rz,0.11598200489641443,0.1277699466856951,0.011787941789280679,0.05797717994331844,0.04410954306932874
252_T1_vs_T3,longitudinal,6,Chest_to_RShoulder_rx,Chest_to_RShoulder,rx,0.06310002487602774,0.009364180858266385,-0.05373584401776135,0.05797717994331844,0.04410954306932874
252_T1_vs_T3,longitudinal,6,Chest_to_RShoulder_ry,Chest_to_RShoulder,ry,0.053729244121796325,0.034996526420273136,-0.01873271770152319,0.05797717994331844,0.04410954306932874
252_T1_vs_T3,longitudinal,6,Chest_to_RShoulder_rz,Chest_to_RShoulder,rz,0.08457158826356193,0.031199778092819225,-0.0533718101707427,0.05797717994331844,0.04410954306932874
252_T1_vs_T3,longitudinal,6,LFArm_to_LHand_rx,LFArm_to_LHand,rx,0.0013572498397251525,0.0016431206201711736,0.0002858707804460211,0.05797717994331844,0.04410954306932874
252_T1_vs_T3,longitudinal,6,LFArm_to_LHand_ry,LFArm_to_LHand,ry,0.020338745310572462,0.0032016004851725135,-0.01713714482539995,0.05797717994331844,0.04410954306932874
252_T1_vs_T3,longitudinal,6,LFArm_to_LHand_rz,LFArm_to_LHand,rz,0.02078449815493674,0.006655977063515056,-0.014128521091421684,0.05797717994331844,0.04410954306932874
252_T1_vs_T3,longitudinal,6,LShin_to_LFoot_rx,LShin_to_LFoot,rx,0.0979836832798739,0.14131287071192722,0.043329187432053315,0.05797717994331844,0.04410954306932874
252_T1_vs_T3,longitudinal,6,LShin_to_LFoot_ry,LShin_to_LFoot,ry,0.02874877180339103,0.10715137526438158,0.07840260346099055,0.05797717994331844,0.04410954306932874
252_T1_vs_T3,longitudinal,6,LShin_to_LFoot_rz,LShin_to_LFoot,rz,0.060388836232152146,0.07161660859061435,0.011227772358462201,0.05797717994331844,0.04410954306932874
252_T1_vs_T3,longitudinal,6,LShoulder_to_LUArm_rx,LShoulder_to_LUArm,rx,0.010652080684129726,0.10876502412149673,0.09811294343736701,0.05797717994331844,0.04410954306932874
252_T1_vs_T3,longitudinal,6,LShoulder_to_LUArm_ry,LShoulder_to_LUArm,ry,0.06877238865070989,0.0671187815907747,-0.001653607059935197,0.05797717994331844,0.04410954306932874
252_T1_vs_T3,longitudinal,6,LShoulder_to_LUArm_rz,LShoulder_to_LUArm,rz,0.13591244161380692,0.06607017800913359,-0.06984226360467333,0.05797717994331844,0.04410954306932874
252_T1_vs_T3,longitudinal,6,LThigh_to_LShin_rx,LThigh_to_LShin,rx,0.08685565872985479,0.4627294566844861,0.37587379795463133,0.05797717994331844,0.04410954306932874
252_T1_vs_T3,longitudinal,6,LThigh_to_LShin_ry,LThigh_to_LShin,ry,2.90257234399593e-08,2.7191711814750424e-08,-1.8340116252088772e-09,0.05797717994331844,0.04410954306932874
252_T1_vs_T3,longitudinal,6,LThigh_to_LShin_rz,LThigh_to_LShin,rz,3.33479509195772e-08,1.5794026180254624e-08,-1.755392473932258e-08,0.05797717994331844,0.04410954306932874
252_T1_vs_T3,longitudinal,6,LUArm_to_LFArm_rx,LUArm_to_LFArm,rx,0.09523846940693413,0.041205592825672176,-0.054032876581261956,0.05797717994331844,0.04410954306932874
252_T1_vs_T3,longitudinal,6,LUArm_to_LFArm_ry,LUArm_to_LFArm,ry,0.19673673514355,0.40278000083388954,0.20604326569033954,0.05797717994331844,0.04410954306932874
252_T1_vs_T3,longitudinal,6,LUArm_to_LFArm_rz,LUArm_to_LFArm,rz,0.10298932054523839,0.0454403484045568,-0.05754897214068159,0.05797717994331844,0.04410954306932874
252_T1_vs_T3,longitudinal,6,Neck_to_Head_rx,Neck_to_Head,rx,0.13222976909151676,0.10507231316899909,-0.02715745592251767,0.05797717994331844,0.04410954306932874
252_T1_vs_T3,longitudinal,6,Neck_to_Head_ry,Neck_to_Head,ry,0.08288140386743317,0.09250302414040631,0.009621620272973141,0.05797717994331844,0.04410954306932874
252_T1_vs_T3,longitudinal,6,Neck_to_Head_rz,Neck_to_Head,rz,0.10272763570139558,0.1128415058536214,0.010113870152225826,0.05797717994331844,0.04410954306932874
252_T1_vs_T3,longitudinal,6,RFArm_to_RHand_rx,RFArm_to_RHand,rx,0.00276347833949911,0.00727509102240981,0.0045116126829107,0.05797717994331844,0.04410954306932874
252_T1_vs_T3,longitudinal,6,RFArm_to_RHand_ry,RFArm_to_RHand,ry,0.04174417948101145,0.021349390278591084,-0.02039478920242037,0.05797717994331844,0.04410954306932874
252_T1_vs_T3,longitudinal,6,RFArm_to_RHand_rz,RFArm_to_RHand,rz,0.006485216436335899,0.08808764374536593,0.08160242730903003,0.05797717994331844,0.04410954306932874
252_T1_vs_T3,longitudinal,6,RShin_to_RFoot_rx,RShin_to_RFoot,rx,0.05944076868351797,0.02150841145045499,-0.03793235723306298,0.05797717994331844,0.04410954306932874
252_T1_vs_T3,longitudinal,6,RShin_to_RFoot_ry,RShin_to_RFoot,ry,0.01056522159455905,0.0361666838219552,0.025601462227396156,0.05797717994331844,0.04410954306932874
252_T1_vs_T3,longitudinal,6,RShin_to_RFoot_rz,RShin_to_RFoot,rz,0.17405406001509557,0.1337899488797014,-0.04026411113539419,0.05797717994331844,0.04410954306932874
252_T1_vs_T3,longitudinal,6,RShoulder_to_RUArm_rx,RShoulder_to_RUArm,rx,0.22311523547226791,0.025594011145283202,-0.1975212243269847,0.05797717994331844,0.04410954306932874
252_T1_vs_T3,longitudinal,6,RShoulder_to_RUArm_ry,RShoulder_to_RUArm,ry,0.2302160467142432,0.02734147070157603,-0.20287457601266717,0.05797717994331844,0.04410954306932874
252_T1_vs_T3,longitudinal,6,RShoulder_to_RUArm_rz,RShoulder_to_RUArm,rz,0.41508525725536466,0.10989227624384873,-0.30519298101151593,0.05797717994331844,0.04410954306932874
252_T1_vs_T3,longitudinal,6,RThigh_to_RShin_rx,RThigh_to_RShin,rx,0.06788662161006274,0.03486293007046679,-0.03302369153959595,0.05797717994331844,0.04410954306932874
252_T1_vs_T3,longitudinal,6,RThigh_to_RShin_ry,RThigh_to_RShin,ry,7.870225184817706e-09,1.571901108574377e-08,7.848785900926063e-09,0.05797717994331844,0.04410954306932874
252_T1_vs_T3,longitudinal,6,RThigh_to_RShin_rz,RThigh_to_RShin,rz,3.4445116655890333e-08,3.115012095281799e-08,-3.294995703072345e-09,0.05797717994331844,0.04410954306932874
252_T1_vs_T3,longitudinal,6,RUArm_to_RFArm_rx,RUArm_to_RFArm,rx,0.4700780825460457,0.27340806935990153,-0.1966700131861442,0.05797717994331844,0.04410954306932874
252_T1_vs_T3,longitudinal,6,RUArm_to_RFArm_ry,RUArm_to_RFArm,ry,0.16116566121595993,0.4624772142273778,0.3013115530114179,0.05797717994331844,0.04410954306932874
252_T1_vs_T3,longitudinal,6,RUArm_to_RFArm_rz,RUArm_to_RFArm,rz,0.09747396930858013,0.07798108758018313,-0.019492881728397,0.05797717994331844,0.04410954306932874
252_T1_vs_T3,longitudinal,7,252_to_LThigh_rx,252_to_LThigh,rx,0.44870674879969075,0.16854951202929072,-0.28015723677040005,0.042801893680217196,0.02805537754800874
252_T1_vs_T3,longitudinal,7,252_to_LThigh_ry,252_to_LThigh,ry,0.02616875856176251,0.10228407343286562,0.07611531487110311,0.042801893680217196,0.02805537754800874
252_T1_vs_T3,longitudinal,7,252_to_LThigh_rz,252_to_LThigh,rz,0.09780618026139377,0.0009143642429994693,-0.0968918160183943,0.042801893680217196,0.02805537754800874
252_T1_vs_T3,longitudinal,7,252_to_RThigh_rx,252_to_RThigh,rx,0.011453474776389748,0.15587930954333049,0.14442583476694074,0.042801893680217196,0.02805537754800874
252_T1_vs_T3,longitudinal,7,252_to_RThigh_ry,252_to_RThigh,ry,0.10734417093323392,0.16702763062829393,0.059683459695060004,0.042801893680217196,0.02805537754800874
252_T1_vs_T3,longitudinal,7,252_to_RThigh_rz,252_to_RThigh,rz,0.04587562343825758,0.09790714452603613,0.05203152108777855,0.042801893680217196,0.02805537754800874
252_T1_vs_T3,longitudinal,7,Chest_to_LShoulder_rx,Chest_to_LShoulder,rx,0.03953535529226104,0.023442263890699543,-0.0160930914015615,0.042801893680217196,0.02805537754800874
252_T1_vs_T3,longitudinal,7,Chest_to_LShoulder_ry,Chest_to_LShoulder,ry,0.06798342709148215,0.04929649300743485,-0.018686934084047306,0.042801893680217196,0.02805537754800874
252_T1_vs_T3,longitudinal,7,Chest_to_LShoulder_rz,Chest_to_LShoulder,rz,0.041504711214301375,0.029441808035854385,-0.01206290317844699,0.042801893680217196,0.02805537754800874
252_T1_vs_T3,longitudinal,7,Chest_to_Neck_rx,Chest_to_Neck,rx,0.03047200700582967,0.03091790881564891,0.00044590180981924146,0.042801893680217196,0.02805537754800874
252_T1_vs_T3,longitudinal,7,Chest_to_Neck_ry,Chest_to_Neck,ry,0.02893754606728743,0.10192369670860928,0.07298615064132184,0.042801893680217196,0.02805537754800874
252_T1_vs_T3,longitudinal,7,Chest_to_Neck_rz,Chest_to_Neck,rz,0.06488187400549264,0.03057293347677531,-0.03430894052871733,0.042801893680217196,0.02805537754800874
252_T1_vs_T3,longitudinal,7,Chest_to_RShoulder_rx,Chest_to_RShoulder,rx,0.02964565070046333,0.00037102411195139896,-0.029274626588511928,0.042801893680217196,0.02805537754800874
252_T1_vs_T3,longitudinal,7,Chest_to_RShoulder_ry,Chest_to_RShoulder,ry,0.027191525335802692,0.043412469648639825,0.016220944312837132,0.042801893680217196,0.02805537754800874
252_T1_vs_T3,longitudinal,7,Chest_to_RShoulder_rz,Chest_to_RShoulder,rz,0.0077867804341594325,0.024392268467729048,0.016605488033569614,0.042801893680217196,0.02805537754800874
252_T1_vs_T3,longitudinal,7,LFArm_to_LHand_rx,LFArm_to_LHand,rx,0.0060685842486415485,0.0008310626255151776,-0.005237521623126371,0.042801893680217196,0.02805537754800874
252_T1_vs_T3,longitudinal,7,LFArm_to_LHand_ry,LFArm_to_LHand,ry,0.011905132372370146,0.018252303989449912,0.006347171617079766,0.042801893680217196,0.02805537754800874
252_T1_vs_T3,longitudinal,7,LFArm_to_LHand_rz,LFArm_to_LHand,rz,0.02619814783657686,0.027532798749250374,0.0013346509126735129,0.042801893680217196,0.02805537754800874
252_T1_vs_T3,longitudinal,7,LShin_to_LFoot_rx,LShin_to_LFoot,rx,0.0840330944265262,0.13163644647632555,0.04760335204979935,0.042801893680217196,0.02805537754800874
252_T1_vs_T3,longitudinal,7,LShin_to_LFoot_ry,LShin_to_LFoot,ry,0.14105567362941698,0.11935418959830557,-0.021701484031111412,0.042801893680217196,0.02805537754800874
252_T1_vs_T3,longitudinal,7,LShin_to_LFoot_rz,LShin_to_LFoot,rz,0.01766862504815785,0.08480693422913299,0.06713830918097514,0.042801893680217196,0.02805537754800874
252_T1_vs_T3,longitudinal,7,LShoulder_to_LUArm_rx,LShoulder_to_LUArm,rx,0.38706836018467516,0.13426650522649916,-0.252801854958176,0.042801893680217196,0.02805537754800874
252_T1_vs_T3,longitudinal,7,LShoulder_to_LUArm_ry,LShoulder_to_LUArm,ry,0.0498485454141948,0.05370373605185676,0.0038551906376619594,0.042801893680217196,0.02805537754800874
252_T1_vs_T3,longitudinal,7,LShoulder_to_LUArm_rz,LShoulder_to_LUArm,rz,0.11236562438893674,0.04371003899982684,-0.0686555853891099,0.042801893680217196,0.02805537754800874
252_T1_vs_T3,longitudinal,7,LThigh_to_LShin_rx,LThigh_to_LShin,rx,0.519866532564922,0.4522233397824245,-0.06764319278249747,0.042801893680217196,0.02805537754800874
252_T1_vs_T3,longitudinal,7,LThigh_to_LShin_ry,LThigh_to_LShin,ry,1.1414798695910767e-08,2.0271537739471002e-08,8.856739043560235e-09,0.042801893680217196,0.02805537754800874
252_T1_vs_T3,longitudinal,7,LThigh_to_LShin_rz,LThigh_to_LShin,rz,3.1296004650670215e-08,3.191372169888294e-08,6.177170482127234e-10,0.042801893680217196,0.02805537754800874
252_T1_vs_T3,longitudinal,7,LUArm_to_LFArm_rx,LUArm_to_LFArm,rx,0.3185402968308267,0.09516700883009224,-0.22337328800073444,0.042801893680217196,0.02805537754800874
252_T1_vs_T3,longitudinal,7,LUArm_to_LFArm_ry,LUArm_to_LFArm,ry,0.15517000782774218,0.17253334710197168,0.017363339274229506,0.042801893680217196,0.02805537754800874
252_T1_vs_T3,longitudinal,7,LUArm_to_LFArm_rz,LUArm_to_LFArm,rz,0.11689451501655525,0.04362411482707678,-0.07327040018947847,0.042801893680217196,0.02805537754800874
252_T1_vs_T3,longitudinal,7,Neck_to_Head_rx,Neck_to_Head,rx,0.030891995165709094,0.030173141163735328,-0.0007188540019737663,0.042801893680217196,0.02805537754800874
252_T1_vs_T3,longitudinal,7,Neck_to_Head_ry,Neck_to_Head,ry,0.0412171812953594,0.09475447342685392,0.05353729213149452,0.042801893680217196,0.02805537754800874
252_T1_vs_T3,longitudinal,7,Neck_to_Head_rz,Neck_to_Head,rz,0.05856938857272318,0.04942376217488818,-0.009145626397834998,0.042801893680217196,0.02805537754800874
252_T1_vs_T3,longitudinal,7,RFArm_to_RHand_rx,RFArm_to_RHand,rx,0.0012461050266494025,6.901906254970193e-05,-0.0011770859640997005,0.042801893680217196,0.02805537754800874
252_T1_vs_T3,longitudinal,7,RFArm_to_RHand_ry,RFArm_to_RHand,ry,0.024607832926759787,0.00771606066362514,-0.016891772263134645,0.042801893680217196,0.02805537754800874
252_T1_vs_T3,longitudinal,7,RFArm_to_RHand_rz,RFArm_to_RHand,rz,0.11366556952339298,0.026618933388541592,-0.08704663613485139,0.042801893680217196,0.02805537754800874
252_T1_vs_T3,longitudinal,7,RShin_to_RFoot_rx,RShin_to_RFoot,rx,0.016066120420265926,0.1067292793580674,0.09066315893780148,0.042801893680217196,0.02805537754800874
252_T1_vs_T3,longitudinal,7,RShin_to_RFoot_ry,RShin_to_RFoot,ry,0.054538461380539416,0.2855343866574893,0.2309959252769499,0.042801893680217196,0.02805537754800874
252_T1_vs_T3,longitudinal,7,RShin_to_RFoot_rz,RShin_to_RFoot,rz,0.019793700492834892,0.10586590775864038,0.08607220726580549,0.042801893680217196,0.02805537754800874
252_T1_vs_T3,longitudinal,7,RShoulder_to_RUArm_rx,RShoulder_to_RUArm,rx,0.14266378088709758,0.20133267142606812,0.058668890538970536,0.042801893680217196,0.02805537754800874
252_T1_vs_T3,longitudinal,7,RShoulder_to_RUArm_ry,RShoulder_to_RUArm,ry,0.02079877082353293,0.2286092866565577,0.20781051583302476,0.042801893680217196,0.02805537754800874
252_T1_vs_T3,longitudinal,7,RShoulder_to_RUArm_rz,RShoulder_to_RUArm,rz,0.075772234420641,0.16877592347584577,0.09300368905520477,0.042801893680217196,0.02805537754800874
252_T1_vs_T3,longitudinal,7,RThigh_to_RShin_rx,RThigh_to_RShin,rx,0.09423699848314881,0.10075785211446178,0.006520853631312967,0.042801893680217196,0.02805537754800874
252_T1_vs_T3,longitudinal,7,RThigh_to_RShin_ry,RThigh_to_RShin,ry,3.085367253745928e-08,4.0411428928368314e-08,9.557756390909034e-09,0.042801893680217196,0.02805537754800874
252_T1_vs_T3,longitudinal,7,RThigh_to_RShin_rz,RThigh_to_RShin,rz,1.5785594669427168e-08,4.604537790790533e-08,3.0259783238478164e-08,0.042801893680217196,0.02805537754800874
252_T1_vs_T3,longitudinal,7,RUArm_to_RFArm_rx,RUArm_to_RFArm,rx,0.06959256133092472,0.38722791551971303,0.3176353541887883,0.042801893680217196,0.02805537754800874
252_T1_vs_T3,longitudinal,7,RUArm_to_RFArm_ry,RUArm_to_RFArm,ry,0.27698795739875315,0.41254230389925706,0.1355543465005039,0.042801893680217196,0.02805537754800874
252_T1_vs_T3,longitudinal,7,RUArm_to_RFArm_rz,RUArm_to_RFArm,rz,0.12784255618745735,0.0634643315095941,-0.06437822467786325,0.042801893680217196,0.02805537754800874
252_T1_vs_T3,longitudinal,8,252_to_LThigh_rx,252_to_LThigh,rx,0.057425369166746794,0.1613151329952075,0.10388976382846071,0.038074566120540165,0.023198635874005585
252_T1_vs_T3,longitudinal,8,252_to_LThigh_ry,252_to_LThigh,ry,0.1784462786532222,0.15564792620122112,-0.022798352452001097,0.038074566120540165,0.023198635874005585
252_T1_vs_T3,longitudinal,8,252_to_LThigh_rz,252_to_LThigh,rz,0.07125825675769197,0.013861960197609617,-0.057396296560082355,0.038074566120540165,0.023198635874005585
252_T1_vs_T3,longitudinal,8,252_to_RThigh_rx,252_to_RThigh,rx,0.1250600270477742,0.14908573395696562,0.024025706909191424,0.038074566120540165,0.023198635874005585
252_T1_vs_T3,longitudinal,8,252_to_RThigh_ry,252_to_RThigh,ry,0.18545166789270673,0.05378555077927799,-0.13166611711342874,0.038074566120540165,0.023198635874005585
252_T1_vs_T3,longitudinal,8,252_to_RThigh_rz,252_to_RThigh,rz,0.3686915741716765,0.2936397775068993,-0.07505179666477718,0.038074566120540165,0.023198635874005585
252_T1_vs_T3,longitudinal,8,Chest_to_LShoulder_rx,Chest_to_LShoulder,rx,0.05631959363433256,0.01366267604735713,-0.04265691758697543,0.038074566120540165,0.023198635874005585
252_T1_vs_T3,longitudinal,8,Chest_to_LShoulder_ry,Chest_to_LShoulder,ry,0.0734643426387725,0.007492840307145232,-0.06597150233162727,0.038074566120540165,0.023198635874005585
252_T1_vs_T3,longitudinal,8,Chest_to_LShoulder_rz,Chest_to_LShoulder,rz,0.009558940569394872,0.01597669953285079,0.00641775896345592,0.038074566120540165,0.023198635874005585
252_T1_vs_T3,longitudinal,8,Chest_to_Neck_rx,Chest_to_Neck,rx,0.008560744436372943,0.10296121483801265,0.09440047040163971,0.038074566120540165,0.023198635874005585
252_T1_vs_T3,longitudinal,8,Chest_to_Neck_ry,Chest_to_Neck,ry,0.09816197858200221,0.07026689878417726,-0.027895079797824948,0.038074566120540165,0.023198635874005585
252_T1_vs_T3,longitudinal,8,Chest_to_Neck_rz,Chest_to_Neck,rz,0.12242219059710183,0.0994960463545482,-0.022926144242553625,0.038074566120540165,0.023198635874005585
252_T1_vs_T3,longitudinal,8,Chest_to_RShoulder_rx,Chest_to_RShoulder,rx,0.039701374067381154,0.014954327464461072,-0.024747046602920084,0.038074566120540165,0.023198635874005585
252_T1_vs_T3,longitudinal,8,Chest_to_RShoulder_ry,Chest_to_RShoulder,ry,0.035396202779753895,0.019300133647206168,-0.016096069132547727,0.038074566120540165,0.023198635874005585
252_T1_vs_T3,longitudinal,8,Chest_to_RShoulder_rz,Chest_to_RShoulder,rz,0.03926723709575699,0.03656056310078601,-0.0027066739949709803,0.038074566120540165,0.023198635874005585
252_T1_vs_T3,longitudinal,8,LFArm_to_LHand_rx,LFArm_to_LHand,rx,0.0033281962905943483,0.008696857626708,0.005368661336113652,0.038074566120540165,0.023198635874005585
252_T1_vs_T3,longitudinal,8,LFArm_to_LHand_ry,LFArm_to_LHand,ry,0.02967848322431768,0.03204578135983918,0.0023672981355215006,0.038074566120540165,0.023198635874005585
252_T1_vs_T3,longitudinal,8,LFArm_to_LHand_rz,LFArm_to_LHand,rz,0.005128188698304397,0.010970671325387918,0.005842482627083521,0.038074566120540165,0.023198635874005585
252_T1_vs_T3,longitudinal,8,LShin_to_LFoot_rx,LShin_to_LFoot,rx,0.25925969712308355,0.11851879580106199,-0.14074090132202155,0.038074566120540165,0.023198635874005585
252_T1_vs_T3,longitudinal,8,LShin_to_LFoot_ry,LShin_to_LFoot,ry,0.12966386534450358,0.03032535107735913,-0.09933851426714445,0.038074566120540165,0.023198635874005585
252_T1_vs_T3,longitudinal,8,LShin_to_LFoot_rz,LShin_to_LFoot,rz,0.16146700490934,0.09348066617514394,-0.06798633873419604,0.038074566120540165,0.023198635874005585
252_T1_vs_T3,longitudinal,8,LShoulder_to_LUArm_rx,LShoulder_to_LUArm,rx,0.20013613972737154,0.08871059424987801,-0.11142554547749353,0.038074566120540165,0.023198635874005585
252_T1_vs_T3,longitudinal,8,LShoulder_to_LUArm_ry,LShoulder_to_LUArm,ry,0.2184678161535544,0.011633463237072707,-0.2068343529164817,0.038074566120540165,0.023198635874005585
252_T1_vs_T3,longitudinal,8,LShoulder_to_LUArm_rz,LShoulder_to_LUArm,rz,0.05790460687494078,0.032858998206782605,-0.02504560866815817,0.038074566120540165,0.023198635874005585
252_T1_vs_T3,longitudinal,8,LThigh_to_LShin_rx,LThigh_to_LShin,rx,0.05896473522262065,0.6852322887874736,0.6262675535648529,0.038074566120540165,0.023198635874005585
252_T1_vs_T3,longitudinal,8,LThigh_to_LShin_ry,LThigh_to_LShin,ry,4.2956957331600584e-09,2.6474202143013927e-08,2.217850640985387e-08,0.038074566120540165,0.023198635874005585
252_T1_vs_T3,longitudinal,8,LThigh_to_LShin_rz,LThigh_to_LShin,rz,8.705509988506778e-08,2.961589360352475e-08,-5.7439206281543027e-08,0.038074566120540165,0.023198635874005585
252_T1_vs_T3,longitudinal,8,LUArm_to_LFArm_rx,LUArm_to_LFArm,rx,0.05893943399410327,0.12224579300140823,0.06330635900730495,0.038074566120540165,0.023198635874005585
252_T1_vs_T3,longitudinal,8,LUArm_to_LFArm_ry,LUArm_to_LFArm,ry,0.09935236798193255,0.29619354301446493,0.1968411750325324,0.038074566120540165,0.023198635874005585
252_T1_vs_T3,longitudinal,8,LUArm_to_LFArm_rz,LUArm_to_LFArm,rz,0.024267699576189128,0.11487085208547944,0.09060315250929031,0.038074566120540165,0.023198635874005585
252_T1_vs_T3,longitudinal,8,Neck_to_Head_rx,Neck_to_Head,rx,0.00911885540717319,0.10340899134401112,0.09429013593683792,0.038074566120540165,0.023198635874005585
252_T1_vs_T3,longitudinal,8,Neck_to_Head_ry,Neck_to_Head,ry,0.07340295820376228,0.050146506264615635,-0.02325645193914664,0.038074566120540165,0.023198635874005585
252_T1_vs_T3,longitudinal,8,Neck_to_Head_rz,Neck_to_Head,rz,0.13928130996636776,0.11117784749388267,-0.02810346247248509,0.038074566120540165,0.023198635874005585
252_T1_vs_T3,longitudinal,8,RFArm_to_RHand_rx,RFArm_to_RHand,rx,0.0008807525419141816,0.004888736713005673,0.004007984171091492,0.038074566120540165,0.023198635874005585
252_T1_vs_T3,longitudinal,8,RFArm_to_RHand_ry,RFArm_to_RHand,ry,0.006116207720105325,0.026919891553109834,0.02080368383300451,0.038074566120540165,0.023198635874005585
252_T1_vs_T3,longitudinal,8,RFArm_to_RHand_rz,RFArm_to_RHand,rz,0.0006457514621052623,0.012233952247427281,0.011588200785322019,0.038074566120540165,0.023198635874005585
252_T1_vs_T3,longitudinal,8,RShin_to_RFoot_rx,RShin_to_RFoot,rx,0.06345238431242904,0.05153267421919186,-0.011919710093237182,0.038074566120540165,0.023198635874005585
252_T1_vs_T3,longitudinal,8,RShin_to_RFoot_ry,RShin_to_RFoot,ry,0.45531075201468424,0.2758456634145052,-0.179465088600179,0.038074566120540165,0.023198635874005585
252_T1_vs_T3,longitudinal,8,RShin_to_RFoot_rz,RShin_to_RFoot,rz,0.3017675439495508,0.24574351350987234,-0.05602403043967846,0.038074566120540165,0.023198635874005585
252_T1_vs_T3,longitudinal,8,RShoulder_to_RUArm_rx,RShoulder_to_RUArm,rx,0.02081149021132405,0.060680487413556194,0.039868997202232144,0.038074566120540165,0.023198635874005585
252_T1_vs_T3,longitudinal,8,RShoulder_to_RUArm_ry,RShoulder_to_RUArm,ry,0.20997903920971284,0.08974572408629353,-0.12023331512341931,0.038074566120540165,0.023198635874005585
252_T1_vs_T3,longitudinal,8,RShoulder_to_RUArm_rz,RShoulder_to_RUArm,rz,0.04529647330473588,0.07317312165387084,0.02787664834913496,0.038074566120540165,0.023198635874005585
252_T1_vs_T3,longitudinal,8,RThigh_to_RShin_rx,RThigh_to_RShin,rx,0.020956203275860875,0.051527427041614796,0.03057122376575392,0.038074566120540165,0.023198635874005585
252_T1_vs_T3,longitudinal,8,RThigh_to_RShin_ry,RThigh_to_RShin,ry,4.001791161629509e-08,4.6688250167976964e-08,6.670338551681877e-09,0.038074566120540165,0.023198635874005585
252_T1_vs_T3,longitudinal,8,RThigh_to_RShin_rz,RThigh_to_RShin,rz,4.699052068435961e-08,1.7277406623453965e-08,-2.9713114060905642e-08,0.038074566120540165,0.023198635874005585
252_T1_vs_T3,longitudinal,8,RUArm_to_RFArm_rx,RUArm_to_RFArm,rx,0.33299132924579433,0.05098997607865221,-0.28200135316714214,0.038074566120540165,0.023198635874005585
252_T1_vs_T3,longitudinal,8,RUArm_to_RFArm_ry,RUArm_to_RFArm,ry,0.17352749003963477,0.020150544086120444,-0.15337694595351434,0.038074566120540165,0.023198635874005585
252_T1_vs_T3,longitudinal,8,RUArm_to_RFArm_rz,RUArm_to_RFArm,rz,0.03474088539496271,0.05065272204852687,0.01591183665356416,0.038074566120540165,0.023198635874005585
252_T1_R1_vs_R2,natural_variability,1,252_to_LThigh_rx,252_to_LThigh,rx,0.04281436504155979,0.24712175979101064,0.20430739474945087,0.24274888519864563,0.33218024468954227
252_T1_R1_vs_R2,natural_variability,1,252_to_LThigh_ry,252_to_LThigh,ry,0.06022460153834934,0.06348062184056147,0.0032560203022121287,0.24274888519864563,0.33218024468954227
252_T1_R1_vs_R2,natural_variability,1,252_to_LThigh_rz,252_to_LThigh,rz,0.055522672906826824,0.07048825004936682,0.014965577142539994,0.24274888519864563,0.33218024468954227
252_T1_R1_vs_R2,natural_variability,1,252_to_RThigh_rx,252_to_RThigh,rx,0.004440955439608682,0.2238958111179481,0.21945485567833942,0.24274888519864563,0.33218024468954227
252_T1_R1_vs_R2,natural_variability,1,252_to_RThigh_ry,252_to_RThigh,ry,0.0021200278627502246,0.06908995816366623,0.066969930300916,0.24274888519864563,0.33218024468954227
252_T1_R1_vs_R2,natural_variability,1,252_to_RThigh_rz,252_to_RThigh,rz,0.0185671387572994,0.06710589785136416,0.04853875909406476,0.24274888519864563,0.33218024468954227
252_T1_R1_vs_R2,natural_variability,1,Chest_to_LShoulder_rx,Chest_to_LShoulder,rx,0.007726389343516936,0.029475397073637964,0.021749007730121027,0.24274888519864563,0.33218024468954227
252_T1_R1_vs_R2,natural_variability,1,Chest_to_LShoulder_ry,Chest_to_LShoulder,ry,0.015163187634904388,0.00358527225033101,-0.011577915384573378,0.24274888519864563,0.33218024468954227
252_T1_R1_vs_R2,natural_variability,1,Chest_to_LShoulder_rz,Chest_to_LShoulder,rz,0.011092628771876133,0.06520150027866979,0.05410887150679366,0.24274888519864563,0.33218024468954227
252_T1_R1_vs_R2,natural_variability,1,Chest_to_Neck_rx,Chest_to_Neck,rx,0.01681339080199891,0.057436113016820986,0.04062272221482208,0.24274888519864563,0.33218024468954227
252_T1_R1_vs_R2,natural_variability,1,Chest_to_Neck_ry,Chest_to_Neck,ry,0.048935358299416205,0.03771358642537074,-0.011221771874045466,0.24274888519864563,0.33218024468954227
252_T1_R1_vs_R2,natural_variability,1,Chest_to_Neck_rz,Chest_to_Neck,rz,0.0031343438200375677,0.0028833483662944726,-0.00025099545374309513,0.24274888519864563,0.33218024468954227
252_T1_R1_vs_R2,natural_variability,1,Chest_to_RShoulder_rx,Chest_to_RShoulder,rx,0.02384315444648798,0.006360708594129696,-0.017482445852358284,0.24274888519864563,0.33218024468954227
252_T1_R1_vs_R2,natural_variability,1,Chest_to_RShoulder_ry,Chest_to_RShoulder,ry,0.017731384038220842,0.010117078505302798,-0.007614305532918045,0.24274888519864563,0.33218024468954227
252_T1_R1_vs_R2,natural_variability,1,Chest_to_RShoulder_rz,Chest_to_RShoulder,rz,0.04865619558578692,0.051399463652112516,0.002743268066325598,0.24274888519864563,0.33218024468954227
252_T1_R1_vs_R2,natural_variability,1,LFArm_to_LHand_rx,LFArm_to_LHand,rx,0.003756592412599991,0.0018038628396432384,-0.0019527295729567526,0.24274888519864563,0.33218024468954227
252_T1_R1_vs_R2,natural_variability,1,LFArm_to_LHand_ry,LFArm_to_LHand,ry,0.022023133168077868,0.011847191353135729,-0.010175941814942139,0.24274888519864563,0.33218024468954227
252_T1_R1_vs_R2,natural_variability,1,LFArm_to_LHand_rz,LFArm_to_LHand,rz,0.023732116983221332,0.016352855342930375,-0.007379261640290957,0.24274888519864563,0.33218024468954227
252_T1_R1_vs_R2,natural_variability,1,LShin_to_LFoot_rx,LShin_to_LFoot,rx,0.0487878526925373,0.05773480189691092,0.008946949204373625,0.24274888519864563,0.33218024468954227
252_T1_R1_vs_R2,natural_variability,1,LShin_to_LFoot_ry,LShin_to_LFoot,ry,0.08604023997392324,0.08522622270561757,-0.0008140172683056696,0.24274888519864563,0.33218024468954227
252_T1_R1_vs_R2,natural_variability,1,LShin_to_LFoot_rz,LShin_to_LFoot,rz,0.02815465023474211,0.02115634123135617,-0.006998309003385942,0.24274888519864563,0.33218024468954227
252_T1_R1_vs_R2,natural_variability,1,LShoulder_to_LUArm_rx,LShoulder_to_LUArm,rx,0.08561213058979625,0.02652688932578502,-0.059085241264011226,0.24274888519864563,0.33218024468954227
252_T1_R1_vs_R2,natural_variability,1,LShoulder_to_LUArm_ry,LShoulder_to_LUArm,ry,0.09352436454410036,0.0004416711878066809,-0.09308269335629368,0.24274888519864563,0.33218024468954227
252_T1_R1_vs_R2,natural_variability,1,LShoulder_to_LUArm_rz,LShoulder_to_LUArm,rz,0.0427035222250541,0.13502825928393358,0.09232473705887947,0.24274888519864563,0.33218024468954227
252_T1_R1_vs_R2,natural_variability,1,LThigh_to_LShin_rx,LThigh_to_LShin,rx,0.5333699273815752,0.8181341200566637,0.28476419267508857,0.24274888519864563,0.33218024468954227
252_T1_R1_vs_R2,natural_variability,1,LThigh_to_LShin_ry,LThigh_to_LShin,ry,1.3280755336291277e-08,2.745375803443203e-10,-1.3006217755946957e-08,0.24274888519864563,0.33218024468954227
252_T1_R1_vs_R2,natural_variability,1,LThigh_to_LShin_rz,LThigh_to_LShin,rz,3.194325188850986e-08,5.158063849754327e-08,1.9637386609033408e-08,0.24274888519864563,0.33218024468954227
252_T1_R1_vs_R2,natural_variability,1,LUArm_to_LFArm_rx,LUArm_to_LFArm,rx,0.05496121656034489,0.041059275498439435,-0.013901941061905454,0.24274888519864563,0.33218024468954227
252_T1_R1_vs_R2,natural_variability,1,LUArm_to_LFArm_ry,LUArm_to_LFArm,ry,0.2232767435976214,0.16757952374209717,-0.05569721985552423,0.24274888519864563,0.33218024468954227
252_T1_R1_vs_R2,natural_variability,1,LUArm_to_LFArm_rz,LUArm_to_LFArm,rz,0.0527766107782145,0.07167380301210079,0.018897192233886285,0.24274888519864563,0.33218024468954227
252_T1_R1_vs_R2,natural_variability,1,Neck_to_Head_rx,Neck_to_Head,rx,0.01631584822820275,0.05708959091240342,0.04077374268420067,0.24274888519864563,0.33218024468954227
252_T1_R1_vs_R2,natural_variability,1,Neck_to_Head_ry,Neck_to_Head,ry,0.04766452482633128,0.03783559164731983,-0.00982893317901145,0.24274888519864563,0.33218024468954227
252_T1_R1_vs_R2,natural_variability,1,Neck_to_Head_rz,Neck_to_Head,rz,0.012381549049981393,0.0044753128482684255,-0.007906236201712966,0.24274888519864563,0.33218024468954227
252_T1_R1_vs_R2,natural_variability,1,RFArm_to_RHand_rx,RFArm_to_RHand,rx,0.00027206508865798665,0.0008001958861225685,0.0005281307974645819,0.24274888519864563,0.33218024468954227
252_T1_R1_vs_R2,natural_variability,1,RFArm_to_RHand_ry,RFArm_to_RHand,ry,0.042809381743940327,0.01810264071952092,-0.024706741024419405,0.24274888519864563,0.33218024468954227
252_T1_R1_vs_R2,natural_variability,1,RFArm_to_RHand_rz,RFArm_to_RHand,rz,0.06919474105413936,0.013418498607697504,-0.05577624244644186,0.24274888519864563,0.33218024468954227
252_T1_R1_vs_R2,natural_variability,1,RShin_to_RFoot_rx,RShin_to_RFoot,rx,0.058385438052432286,0.1121514273869586,0.053765989334526317,0.24274888519864563,0.33218024468954227
252_T1_R1_vs_R2,natural_variability,1,RShin_to_RFoot_ry,RShin_to_RFoot,ry,0.03403291594926712,0.03113733480090712,-0.002895581148359999,0.24274888519864563,0.33218024468954227
252_T1_R1_vs_R2,natural_variability,1,RShin_to_RFoot_rz,RShin_to_RFoot,rz,0.004256443652437137,0.05986684897017999,0.055610405317742855,0.24274888519864563,0.33218024468954227
252_T1_R1_vs_R2,natural_variability,1,RShoulder_to_RUArm_rx,RShoulder_to_RUArm,rx,0.11171222229050519,0.12183173747866202,0.010119515188156833,0.24274888519864563,0.33218024468954227
252_T1_R1_vs_R2,natural_variability,1,RShoulder_to_RUArm_ry,RShoulder_to_RUArm,ry,0.09422633843596862,0.06686479916678965,-0.02736153926917896,0.24274888519864563,0.33218024468954227
252_T1_R1_vs_R2,natural_variability,1,RShoulder_to_RUArm_rz,RShoulder_to_RUArm,rz,0.10844320481060676,0.030130635170233393,-0.07831256964037336,0.24274888519864563,0.33218024468954227
252_T1_R1_vs_R2,natural_variability,1,RThigh_to_RShin_rx,RThigh_to_RShin,rx,0.06981924362508593,0.270276184016103,0.20045694039101705,0.24274888519864563,0.33218024468954227
252_T1_R1_vs_R2,natural_variability,1,RThigh_to_RShin_ry,RThigh_to_RShin,ry,2.4259154569139763e-08,1.5282158428633378e-08,-8.976996140506385e-09,0.24274888519864563,0.33218024468954227
252_T1_R1_vs_R2,natural_variability,1,RThigh_to_RShin_rz,RThigh_to_RShin,rz,2.1555775421894524e-08,2.2471349479236842e-09,-1.930864047397084e-08,0.24274888519864563,0.33218024468954227
252_T1_R1_vs_R2,natural_variability,1,RUArm_to_RFArm_rx,RUArm_to_RFArm,rx,0.13444439728825014,0.08634567797690842,-0.048098719311341714,0.24274888519864563,0.33218024468954227
252_T1_R1_vs_R2,natural_variability,1,RUArm_to_RFArm_ry,RUArm_to_RFArm,ry,0.6876240403019116,0.011157129396862985,-0.6764669109050486,0.24274888519864563,0.33218024468954227
252_T1_R1_vs_R2,natural_variability,1,RUArm_to_RFArm_rz,RUArm_to_RFArm,rz,0.26882270190421687,0.006031771145837207,-0.26279093075837967,0.24274888519864563,0.33218024468954227
252_T1_R1_vs_R2,natural_variability,2,252_to_LThigh_rx,252_to_LThigh,rx,0.3892101343427446,0.11822134992117204,-0.27098878442157254,0.18774699395593974,0.24894248340124847
252_T1_R1_vs_R2,natural_variability,2,252_to_LThigh_ry,252_to_LThigh,ry,0.030531200301679162,0.15292072455158778,0.12238952424990862,0.18774699395593974,0.24894248340124847
252_T1_R1_vs_R2,natural_variability,2,252_to_LThigh_rz,252_to_LThigh,rz,0.02289292808909556,0.055701133939218016,0.03280820585012245,0.18774699395593974,0.24894248340124847
252_T1_R1_vs_R2,natural_variability,2,252_to_RThigh_rx,252_to_RThigh,rx,0.22881723152792033,0.05585540584494153,-0.1729618256829788,0.18774699395593974,0.24894248340124847
252_T1_R1_vs_R2,natural_variability,2,252_to_RThigh_ry,252_to_RThigh,ry,0.01747742773827827,0.0886990043573913,0.07122157661911302,0.18774699395593974,0.24894248340124847
252_T1_R1_vs_R2,natural_variability,2,252_to_RThigh_rz,252_to_RThigh,rz,0.09859936223139885,0.0002471966782682907,-0.09835216555313056,0.18774699395593974,0.24894248340124847
252_T1_R1_vs_R2,natural_variability,2,Chest_to_LShoulder_rx,Chest_to_LShoulder,rx,0.003216097447478636,0.005404204948484641,0.002188107501006005,0.18774699395593974,0.24894248340124847
252_T1_R1_vs_R2,natural_variability,2,Chest_to_LShoulder_ry,Chest_to_LShoulder,ry,0.0007595509657177317,0.001929607708420185,0.0011700567427024534,0.18774699395593974,0.24894248340124847
252_T1_R1_vs_R2,natural_variability,2,Chest_to_LShoulder_rz,Chest_to_LShoulder,rz,0.006344963148012682,0.00812543925423472,0.0017804761062220377,0.18774699395593974,0.24894248340124847
252_T1_R1_vs_R2,natural_variability,2,Chest_to_Neck_rx,Chest_to_Neck,rx,0.0693707259463406,0.0025345260794997215,-0.06683619986684088,0.18774699395593974,0.24894248340124847
252_T1_R1_vs_R2,natural_variability,2,Chest_to_Neck_ry,Chest_to_Neck,ry,0.07090729982598111,0.014767022654703076,-0.056140277171278036,0.18774699395593974,0.24894248340124847
252_T1_R1_vs_R2,natural_variability,2,Chest_to_Neck_rz,Chest_to_Neck,rz,0.020047235767336323,0.019868220599081398,-0.000179015168254925,0.18774699395593974,0.24894248340124847
252_T1_R1_vs_R2,natural_variability,2,Chest_to_RShoulder_rx,Chest_to_RShoulder,rx,0.05139904031390285,0.031292916846230256,-0.02010612346767259,0.18774699395593974,0.24894248340124847
252_T1_R1_vs_R2,natural_variability,2,Chest_to_RShoulder_ry,Chest_to_RShoulder,ry,0.03439545860959419,0.021470646084917763,-0.012924812524676428,0.18774699395593974,0.24894248340124847
252_T1_R1_vs_R2,natural_variability,2,Chest_to_RShoulder_rz,Chest_to_RShoulder,rz,0.029324638517790543,0.06953359687270338,0.04020895835491284,0.18774699395593974,0.24894248340124847
252_T1_R1_vs_R2,natural_variability,2,LFArm_to_LHand_rx,LFArm_to_LHand,rx,0.012015234506126616,0.00854688038639467,-0.0034683541197319465,0.18774699395593974,0.24894248340124847
252_T1_R1_vs_R2,natural_variability,2,LFArm_to_LHand_ry,LFArm_to_LHand,ry,0.06138458115272237,0.03239769005609847,-0.028986891096623897,0.18774699395593974,0.24894248340124847
252_T1_R1_vs_R2,natural_variability,2,LFArm_to_LHand_rz,LFArm_to_LHand,rz,0.050650902706612315,0.06707410696563126,0.01642320425901895,0.18774699395593974,0.24894248340124847
252_T1_R1_vs_R2,natural_variability,2,LShin_to_LFoot_rx,LShin_to_LFoot,rx,0.08003736316863527,0.08025814816442384,0.00022078499578856436,0.18774699395593974,0.24894248340124847
252_T1_R1_vs_R2,natural_variability,2,LShin_to_LFoot_ry,LShin_to_LFoot,ry,0.04767283276594217,0.0013976230502759216,-0.046275209715666246,0.18774699395593974,0.24894248340124847
252_T1_R1_vs_R2,natural_variability,2,LShin_to_LFoot_rz,LShin_to_LFoot,rz,0.012917332090184478,0.0663141845725539,0.05339685248236943,0.18774699395593974,0.24894248340124847
252_T1_R1_vs_R2,natural_variability,2,LShoulder_to_LUArm_rx,LShoulder_to_LUArm,rx,0.050068824505428905,0.07417921441817779,0.024110389912748886,0.18774699395593974,0.24894248340124847
252_T1_R1_vs_R2,natural_variability,2,LShoulder_to_LUArm_ry,LShoulder_to_LUArm,ry,0.25951300489004075,0.21038777252217591,-0.04912523236786484,0.18774699395593974,0.24894248340124847
252_T1_R1_vs_R2,natural_variability,2,LShoulder_to_LUArm_rz,LShoulder_to_LUArm,rz,0.03175280382739526,0.07049680160643867,0.038743997779043415,0.18774699395593974,0.24894248340124847
252_T1_R1_vs_R2,natural_variability,2,LThigh_to_LShin_rx,LThigh_to_LShin,rx,0.5456229046406216,0.11172513940438195,-0.43389776523623963,0.18774699395593974,0.24894248340124847
252_T1_R1_vs_R2,natural_variability,2,LThigh_to_LShin_ry,LThigh_to_LShin,ry,7.3061234021889174e-09,6.507608776993535e-08,5.776996436774643e-08,0.18774699395593974,0.24894248340124847
252_T1_R1_vs_R2,natural_variability,2,LThigh_to_LShin_rz,LThigh_to_LShin,rz,1.1481091594445598e-08,6.093327246482388e-08,4.9452180870378277e-08,0.18774699395593974,0.24894248340124847
252_T1_R1_vs_R2,natural_variability,2,LUArm_to_LFArm_rx,LUArm_to_LFArm,rx,0.011848033774881167,0.033179275266677084,0.021331241491795917,0.18774699395593974,0.24894248340124847
252_T1_R1_vs_R2,natural_variability,2,LUArm_to_LFArm_ry,LUArm_to_LFArm,ry,0.3292580818590158,0.34830117258401055,0.01904309072499477,0.18774699395593974,0.24894248340124847
252_T1_R1_vs_R2,natural_variability,2,LUArm_to_LFArm_rz,LUArm_to_LFArm,rz,0.08431157567643166,0.11744277573769772,0.03313120006126606,0.18774699395593974,0.24894248340124847
252_T1_R1_vs_R2,natural_variability,2,Neck_to_Head_rx,Neck_to_Head,rx,0.06846837090274041,0.0025234611154733924,-0.06594490978726703,0.18774699395593974,0.24894248340124847
252_T1_R1_vs_R2,natural_variability,2,Neck_to_Head_ry,Neck_to_Head,ry,0.07388714470384816,0.010682483355263063,-0.0632046613485851,0.18774699395593974,0.24894248340124847
252_T1_R1_vs_R2,natural_variability,2,Neck_to_Head_rz,Neck_to_Head,rz,0.006457644037661513,0.022264021979592583,0.01580637794193107,0.18774699395593974,0.24894248340124847
252_T1_R1_vs_R2,natural_variability,2,RFArm_to_RHand_rx,RFArm_to_RHand,rx,0.00523563777780409,0.005114476201825242,-0.00012116157597884779,0.18774699395593974,0.24894248340124847
252_T1_R1_vs_R2,natural_variability,2,RFArm_to_RHand_ry,RFArm_to_RHand,ry,0.039965727479457785,0.03193635421502586,-0.008029373264431927,0.18774699395593974,0.24894248340124847
252_T1_R1_vs_R2,natural_variability,2,RFArm_to_RHand_rz,RFArm_to_RHand,rz,0.0102178700076312,0.09020483148272883,0.07998696147509762,0.18774699395593974,0.24894248340124847
252_T1_R1_vs_R2,natural_variability,2,RShin_to_RFoot_rx,RShin_to_RFoot,rx,0.007909641546920098,0.02333590638512435,0.015426264838204251,0.18774699395593974,0.24894248340124847
252_T1_R1_vs_R2,natural_variability,2,RShin_to_RFoot_ry,RShin_to_RFoot,ry,0.046757412366222474,0.004719456165534883,-0.04203795620068759,0.18774699395593974,0.24894248340124847
252_T1_R1_vs_R2,natural_variability,2,RShin_to_RFoot_rz,RShin_to_RFoot,rz,0.0076327669509148694,0.06317354248158569,0.05554077553067082,0.18774699395593974,0.24894248340124847
252_T1_R1_vs_R2,natural_variability,2,RShoulder_to_RUArm_rx,RShoulder_to_RUArm,rx,0.3272152063458546,0.06222547455767176,-0.26498973178818286,0.18774699395593974,0.24894248340124847
252_T1_R1_vs_R2,natural_variability,2,RShoulder_to_RUArm_ry,RShoulder_to_RUArm,ry,0.005267758139134708,0.12251203439227215,0.11724427625313744,0.18774699395593974,0.24894248340124847
252_T1_R1_vs_R2,natural_variability,2,RShoulder_to_RUArm_rz,RShoulder_to_RUArm,rz,0.23796251455424355,0.18492089634976888,-0.05304161820447467,0.18774699395593974,0.24894248340124847
252_T1_R1_vs_R2,natural_variability,2,RThigh_to_RShin_rx,RThigh_to_RShin,rx,0.14989885042597068,0.01619263929783178,-0.1337062111281389,0.18774699395593974,0.24894248340124847
252_T1_R1_vs_R2,natural_variability,2,RThigh_to_RShin_ry,RThigh_to_RShin,ry,3.332380419166692e-08,5.521270859570464e-08,2.188890440403772e-08,0.18774699395593974,0.24894248340124847
252_T1_R1_vs_R2,natural_variability,2,RThigh_to_RShin_rz,RThigh_to_RShin,rz,3.752747081813746e-08,1.8274255588709942e-08,-1.9253215229427516e-08,0.18774699395593974,0.24894248340124847
252_T1_R1_vs_R2,natural_variability,2,RUArm_to_RFArm_rx,RUArm_to_RFArm,rx,0.09486409730623621,0.2676138202093844,0.1727497229031482,0.18774699395593974,0.24894248340124847
252_T1_R1_vs_R2,natural_variability,2,RUArm_to_RFArm_ry,RUArm_to_RFArm,ry,0.24120144386080608,0.701939408098551,0.46073796423774493,0.18774699395593974,0.24894248340124847
252_T1_R1_vs_R2,natural_variability,2,RUArm_to_RFArm_rz,RUArm_to_RFArm,rz,0.05050849302652287,0.2993922501656108,0.2488837571390879,0.18774699395593974,0.24894248340124847
252_T1_R1_vs_R2,natural_variability,3,252_to_LThigh_rx,252_to_LThigh,rx,0.013504880284286666,0.2678173027615257,0.25431242247723906,0.12743203864169717,0.18579905233821375
252_T1_R1_vs_R2,natural_variability,3,252_to_LThigh_ry,252_to_LThigh,ry,0.027523554449377634,0.03310592243458804,0.005582367985210408,0.12743203864169717,0.18579905233821375
252_T1_R1_vs_R2,natural_variability,3,252_to_LThigh_rz,252_to_LThigh,rz,0.08780233230407954,0.0009522278542322062,-0.08685010444984732,0.12743203864169717,0.18579905233821375
252_T1_R1_vs_R2,natural_variability,3,252_to_RThigh_rx,252_to_RThigh,rx,0.38113795167437947,0.10961977636193677,-0.2715181753124427,0.12743203864169717,0.18579905233821375
252_T1_R1_vs_R2,natural_variability,3,252_to_RThigh_ry,252_to_RThigh,ry,0.03794736143923077,0.06653421623722339,0.028586854797992618,0.12743203864169717,0.18579905233821375
252_T1_R1_vs_R2,natural_variability,3,252_to_RThigh_rz,252_to_RThigh,rz,0.30857256655130005,0.1299419100931039,-0.17863065645819615,0.12743203864169717,0.18579905233821375
252_T1_R1_vs_R2,natural_variability,3,Chest_to_LShoulder_rx,Chest_to_LShoulder,rx,0.022168843490353255,0.017662884964470337,-0.004505958525882918,0.12743203864169717,0.18579905233821375
252_T1_R1_vs_R2,natural_variability,3,Chest_to_LShoulder_ry,Chest_to_LShoulder,ry,0.007631969428035961,0.03569139701332971,0.028059427585293752,0.12743203864169717,0.18579905233821375
252_T1_R1_vs_R2,natural_variability,3,Chest_to_LShoulder_rz,Chest_to_LShoulder,rz,0.022739929433703693,0.04111711197684573,0.018377182543142034,0.12743203864169717,0.18579905233821375
252_T1_R1_vs_R2,natural_variability,3,Chest_to_Neck_rx,Chest_to_Neck,rx,0.13782427831730687,0.031996522200671035,-0.10582775611663583,0.12743203864169717,0.18579905233821375
252_T1_R1_vs_R2,natural_variability,3,Chest_to_Neck_ry,Chest_to_Neck,ry,0.0295026017318417,0.0447706785023364,0.015268076770494701,0.12743203864169717,0.18579905233821375
252_T1_R1_vs_R2,natural_variability,3,Chest_to_Neck_rz,Chest_to_Neck,rz,0.11058329516618046,0.024197267780958015,-0.08638602738522244,0.12743203864169717,0.18579905233821375
252_T1_R1_vs_R2,natural_variability,3,Chest_to_RShoulder_rx,Chest_to_RShoulder,rx,0.01179230923917118,0.0666756628196297,0.05488335358045851,0.12743203864169717,0.18579905233821375
252_T1_R1_vs_R2,natural_variability,3,Chest_to_RShoulder_ry,Chest_to_RShoulder,ry,0.02804090483446041,0.042061394465476305,0.014020489631015896,0.12743203864169717,0.18579905233821375
252_T1_R1_vs_R2,natural_variability,3,Chest_to_RShoulder_rz,Chest_to_RShoulder,rz,0.03757884303883743,0.03366110759448016,-0.003917735444357265,0.12743203864169717,0.18579905233821375
252_T1_R1_vs_R2,natural_variability,3,LFArm_to_LHand_rx,LFArm_to_LHand,rx,0.004182520953536437,0.004958817638594666,0.000776296685058229,0.12743203864169717,0.18579905233821375
252_T1_R1_vs_R2,natural_variability,3,LFArm_to_LHand_ry,LFArm_to_LHand,ry,0.04937770711436243,0.020810903812579776,-0.028566803301782653,0.12743203864169717,0.18579905233821375
252_T1_R1_vs_R2,natural_variability,3,LFArm_to_LHand_rz,LFArm_to_LHand,rz,0.025275463930804803,0.005887848397272904,-0.0193876155335319,0.12743203864169717,0.18579905233821375
252_T1_R1_vs_R2,natural_variability,3,LShin_to_LFoot_rx,LShin_to_LFoot,rx,0.045878209993404064,0.0016740977219230973,-0.044204112271480966,0.12743203864169717,0.18579905233821375
252_T1_R1_vs_R2,natural_variability,3,LShin_to_LFoot_ry,LShin_to_LFoot,ry,0.007368605510565396,0.0012081100122719093,-0.0061604954982934865,0.12743203864169717,0.18579905233821375
252_T1_R1_vs_R2,natural_variability,3,LShin_to_LFoot_rz,LShin_to_LFoot,rz,0.01858743302746456,0.0012900159240611647,-0.017297417103403392,0.12743203864169717,0.18579905233821375
252_T1_R1_vs_R2,natural_variability,3,LShoulder_to_LUArm_rx,LShoulder_to_LUArm,rx,0.04577838513752508,0.11165211110817798,0.0658737259706529,0.12743203864169717,0.18579905233821375
252_T1_R1_vs_R2,natural_variability,3,LShoulder_to_LUArm_ry,LShoulder_to_LUArm,ry,0.1627290108545137,0.3047380715376767,0.142009060683163,0.12743203864169717,0.18579905233821375
252_T1_R1_vs_R2,natural_variability,3,LShoulder_to_LUArm_rz,LShoulder_to_LUArm,rz,0.14848645411988698,0.08497316177362017,-0.0635132923462668,0.12743203864169717,0.18579905233821375
252_T1_R1_vs_R2,natural_variability,3,LThigh_to_LShin_rx,LThigh_to_LShin,rx,0.3277887858765934,0.08093580927325572,-0.24685297660333766,0.12743203864169717,0.18579905233821375
252_T1_R1_vs_R2,natural_variability,3,LThigh_to_LShin_ry,LThigh_to_LShin,ry,2.547915020673897e-08,1.9624159394053358e-09,-2.3516734267333633e-08,0.12743203864169717,0.18579905233821375
252_T1_R1_vs_R2,natural_variability,3,LThigh_to_LShin_rz,LThigh_to_LShin,rz,2.3348527616659816e-08,3.483601321868289e-09,-1.9864926294791526e-08,0.12743203864169717,0.18579905233821375
252_T1_R1_vs_R2,natural_variability,3,LUArm_to_LFArm_rx,LUArm_to_LFArm,rx,0.25264417351704577,0.0006273884303155569,-0.2520167850867302,0.12743203864169717,0.18579905233821375
252_T1_R1_vs_R2,natural_variability,3,LUArm_to_LFArm_ry,LUArm_to_LFArm,ry,0.3321544884300067,0.18080897062989296,-0.15134551780011377,0.12743203864169717,0.18579905233821375
252_T1_R1_vs_R2,natural_variability,3,LUArm_to_LFArm_rz,LUArm_to_LFArm,rz,0.14379437575730625,0.038491338944242524,-0.10530303681306372,0.12743203864169717,0.18579905233821375
252_T1_R1_vs_R2,natural_variability,3,Neck_to_Head_rx,Neck_to_Head,rx,0.13718477154066225,0.031991610484630735,-0.10519316105603152,0.12743203864169717,0.18579905233821375
252_T1_R1_vs_R2,natural_variability,3,Neck_to_Head_ry,Neck_to_Head,ry,0.050506360348728296,0.04870487596254862,-0.0018014843861796775,0.12743203864169717,0.18579905233821375
252_T1_R1_vs_R2,natural_variability,3,Neck_to_Head_rz,Neck_to_Head,rz,0.10337720657200519,0.015160722432128721,-0.08821648413987647,0.12743203864169717,0.18579905233821375
252_T1_R1_vs_R2,natural_variability,3,RFArm_to_RHand_rx,RFArm_to_RHand,rx,0.007104746717354996,0.008886021521154778,0.0017812748037997822,0.12743203864169717,0.18579905233821375
252_T1_R1_vs_R2,natural_variability,3,RFArm_to_RHand_ry,RFArm_to_RHand,ry,0.04984420222320285,0.002697746467803266,-0.04714645575539958,0.12743203864169717,0.18579905233821375
252_T1_R1_vs_R2,natural_variability,3,RFArm_to_RHand_rz,RFArm_to_RHand,rz,0.029516546922092237,0.12865739746511604,0.0991408505430238,0.12743203864169717,0.18579905233821375
252_T1_R1_vs_R2,natural_variability,3,RShin_to_RFoot_rx,RShin_to_RFoot,rx,0.019928956975489135,0.04329845724734855,0.023369500271859415,0.12743203864169717,0.18579905233821375
252_T1_R1_vs_R2,natural_variability,3,RShin_to_RFoot_ry,RShin_to_RFoot,ry,0.06797294370798732,0.11850280549385189,0.05052986178586458,0.12743203864169717,0.18579905233821375
252_T1_R1_vs_R2,natural_variability,3,RShin_to_RFoot_rz,RShin_to_RFoot,rz,0.14124631341655564,0.09027311270083971,-0.05097320071571593,0.12743203864169717,0.18579905233821375
252_T1_R1_vs_R2,natural_variability,3,RShoulder_to_RUArm_rx,RShoulder_to_RUArm,rx,0.25004818617003166,0.7099613814988459,0.45991319532881425,0.12743203864169717,0.18579905233821375
252_T1_R1_vs_R2,natural_variability,3,RShoulder_to_RUArm_ry,RShoulder_to_RUArm,ry,0.09391462802068735,0.17346037190332575,0.0795457438826384,0.12743203864169717,0.18579905233821375
252_T1_R1_vs_R2,natural_variability,3,RShoulder_to_RUArm_rz,RShoulder_to_RUArm,rz,0.10718442827474767,0.022839432842793446,-0.08434499543195423,0.12743203864169717,0.18579905233821375
252_T1_R1_vs_R2,natural_variability,3,RThigh_to_RShin_rx,RThigh_to_RShin,rx,0.04982562757586258,0.09064995518036265,0.04082432760450007,0.12743203864169717,0.18579905233821375
252_T1_R1_vs_R2,natural_variability,3,RThigh_to_RShin_ry,RThigh_to_RShin,ry,3.241982813883244e-10,5.384725472495468e-08,5.352305644356636e-08,0.12743203864169717,0.18579905233821375
252_T1_R1_vs_R2,natural_variability,3,RThigh_to_RShin_rz,RThigh_to_RShin,rz,1.1513651862977303e-08,2.989568495808726e-08,1.838203309510996e-08,0.12743203864169717,0.18579905233821375
252_T1_R1_vs_R2,natural_variability,3,RUArm_to_RFArm_rx,RUArm_to_RFArm,rx,0.39117491704442564,0.22271291790855052,-0.16846199913587512,0.12743203864169717,0.18579905233821375
252_T1_R1_vs_R2,natural_variability,3,RUArm_to_RFArm_ry,RUArm_to_RFArm,ry,0.1824916904548831,0.29523923594963114,0.11274754549474805,0.12743203864169717,0.18579905233821375
252_T1_R1_vs_R2,natural_variability,3,RUArm_to_RFArm_rz,RUArm_to_RFArm,rz,0.15283742015041363,0.04318286815114809,-0.10965455199926553,0.12743203864169717,0.18579905233821375
252_T1_R1_vs_R2,natural_variability,4,252_to_LThigh_rx,252_to_LThigh,rx,0.26731532576760453,0.228456264537303,-0.03885906123030153,0.09424027566309955,0.09750945868489722
252_T1_R1_vs_R2,natural_variability,4,252_to_LThigh_ry,252_to_LThigh,ry,0.0007882965451276999,0.12801072443288353,0.12722242788775584,0.09424027566309955,0.09750945868489722
252_T1_R1_vs_R2,natural_variability,4,252_to_LThigh_rz,252_to_LThigh,rz,0.05689298775401267,0.03693818251490725,-0.019954805239105422,0.09424027566309955,0.09750945868489722
252_T1_R1_vs_R2,natural_variability,4,252_to_RThigh_rx,252_to_RThigh,rx,0.2594842950465353,0.13255415337743445,-0.12693014166910085,0.09424027566309955,0.09750945868489722
252_T1_R1_vs_R2,natural_variability,4,252_to_RThigh_ry,252_to_RThigh,ry,0.01778341125340531,0.16941169422848118,0.15162828297507586,0.09424027566309955,0.09750945868489722
252_T1_R1_vs_R2,natural_variability,4,252_to_RThigh_rz,252_to_RThigh,rz,0.04185422373320912,0.1286152330710767,0.08676100933786757,0.09424027566309955,0.09750945868489722
252_T1_R1_vs_R2,natural_variability,4,Chest_to_LShoulder_rx,Chest_to_LShoulder,rx,0.03592728426503468,0.011922328006150366,-0.02400495625888431,0.09424027566309955,0.09750945868489722
252_T1_R1_vs_R2,natural_variability,4,Chest_to_LShoulder_ry,Chest_to_LShoulder,ry,0.03223120483154978,0.009781992715824887,-0.02244921211572489,0.09424027566309955,0.09750945868489722
252_T1_R1_vs_R2,natural_variability,4,Chest_to_LShoulder_rz,Chest_to_LShoulder,rz,0.039356392895056984,0.02330185839430948,-0.016054534500747505,0.09424027566309955,0.09750945868489722
252_T1_R1_vs_R2,natural_variability,4,Chest_to_Neck_rx,Chest_to_Neck,rx,0.03548287226702972,0.05776407504481792,0.022281202777788195,0.09424027566309955,0.09750945868489722
252_T1_R1_vs_R2,natural_variability,4,Chest_to_Neck_ry,Chest_to_Neck,ry,0.055547058884459696,0.0033012298513043405,-0.052245829033155354,0.09424027566309955,0.09750945868489722
252_T1_R1_vs_R2,natural_variability,4,Chest_to_Neck_rz,Chest_to_Neck,rz,0.03599525729714308,0.028277270139013887,-0.007717987158129189,0.09424027566309955,0.09750945868489722
252_T1_R1_vs_R2,natural_variability,4,Chest_to_RShoulder_rx,Chest_to_RShoulder,rx,0.06499029685071255,0.022651394079673606,-0.04233890277103894,0.09424027566309955,0.09750945868489722
252_T1_R1_vs_R2,natural_variability,4,Chest_to_RShoulder_ry,Chest_to_RShoulder,ry,0.05196473700640502,0.009872857125207789,-0.04209187988119723,0.09424027566309955,0.09750945868489722
252_T1_R1_vs_R2,natural_variability,4,Chest_to_RShoulder_rz,Chest_to_RShoulder,rz,0.0035729143328608816,0.06107156072105285,0.05749864638819197,0.09424027566309955,0.09750945868489722
252_T1_R1_vs_R2,natural_variability,4,LFArm_to_LHand_rx,LFArm_to_LHand,rx,0.0038105286113808813,0.015959767685591486,0.012149239074210606,0.09424027566309955,0.09750945868489722
252_T1_R1_vs_R2,natural_variability,4,LFArm_to_LHand_ry,LFArm_to_LHand,ry,0.020969262304255373,0.08958651032913748,0.0686172480248821,0.09424027566309955,0.09750945868489722
252_T1_R1_vs_R2,natural_variability,4,LFArm_to_LHand_rz,LFArm_to_LHand,rz,0.013507871627332024,0.07315738656889803,0.059649514941566006,0.09424027566309955,0.09750945868489722
252_T1_R1_vs_R2,natural_variability,4,LShin_to_LFoot_rx,LShin_to_LFoot,rx,0.024452205500950435,0.009370149156178056,-0.015082056344772379,0.09424027566309955,0.09750945868489722
252_T1_R1_vs_R2,natural_variability,4,LShin_to_LFoot_ry,LShin_to_LFoot,ry,0.010538345323074053,0.0014618109020139954,-0.009076534421060057,0.09424027566309955,0.09750945868489722
252_T1_R1_vs_R2,natural_variability,4,LShin_to_LFoot_rz,LShin_to_LFoot,rz,0.015639280598234204,0.010759445449749879,-0.0048798351484843246,0.09424027566309955,0.09750945868489722
252_T1_R1_vs_R2,natural_variability,4,LShoulder_to_LUArm_rx,LShoulder_to_LUArm,rx,0.13199335393706405,0.013212117764952309,-0.11878123617211174,0.09424027566309955,0.09750945868489722
252_T1_R1_vs_R2,natural_variability,4,LShoulder_to_LUArm_ry,LShoulder_to_LUArm,ry,0.20720601337106762,0.27854311265943765,0.07133709928837004,0.09424027566309955,0.09750945868489722
252_T1_R1_vs_R2,natural_variability,4,LShoulder_to_LUArm_rz,LShoulder_to_LUArm,rz,0.1370502499711668,0.021115431177799467,-0.11593481879336734,0.09424027566309955,0.09750945868489722
252_T1_R1_vs_R2,natural_variability,4,LThigh_to_LShin_rx,LThigh_to_LShin,rx,0.20747895051572834,0.03128375568298691,-0.17619519483274143,0.09424027566309955,0.09750945868489722
252_T1_R1_vs_R2,natural_variability,4,LThigh_to_LShin_ry,LThigh_to_LShin,ry,4.213120110763703e-08,8.752244017769702e-08,4.539123907005999e-08,0.09424027566309955,0.09750945868489722
252_T1_R1_vs_R2,natural_variability,4,LThigh_to_LShin_rz,LThigh_to_LShin,rz,1.869032395594254e-08,3.517199802511765e-08,1.648167406917511e-08,0.09424027566309955,0.09750945868489722
252_T1_R1_vs_R2,natural_variability,4,LUArm_to_LFArm_rx,LUArm_to_LFArm,rx,0.06654385547965701,0.08476853508074643,0.018224679601089422,0.09424027566309955,0.09750945868489722
252_T1_R1_vs_R2,natural_variability,4,LUArm_to_LFArm_ry,LUArm_to_LFArm,ry,0.06216991977541611,0.5372554941289305,0.4750855743535144,0.09424027566309955,0.09750945868489722
252_T1_R1_vs_R2,natural_variability,4,LUArm_to_LFArm_rz,LUArm_to_LFArm,rz,0.04863894361472912,0.14709274338940798,0.09845379977467886,0.09424027566309955,0.09750945868489722
252_T1_R1_vs_R2,natural_variability,4,Neck_to_Head_rx,Neck_to_Head,rx,0.03530322668552156,0.05738341763490993,0.022080190949388366,0.09424027566309955,0.09750945868489722
252_T1_R1_vs_R2,natural_variability,4,Neck_to_Head_ry,Neck_to_Head,ry,0.04771026671236783,0.008701946736215627,-0.03900831997615221,0.09424027566309955,0.09750945868489722
252_T1_R1_vs_R2,natural_variability,4,Neck_to_Head_rz,Neck_to_Head,rz,0.04624109027989246,0.027442436400380785,-0.018798653879511677,0.09424027566309955,0.09750945868489722
252_T1_R1_vs_R2,natural_variability,4,RFArm_to_RHand_rx,RFArm_to_RHand,rx,0.009811256491451972,0.012893168478220755,0.0030819119867687827,0.09424027566309955,0.09750945868489722
252_T1_R1_vs_R2,natural_variability,4,RFArm_to_RHand_ry,RFArm_to_RHand,ry,0.0052518346413214555,0.07451656142090242,0.06926472677958097,0.09424027566309955,0.09750945868489722
252_T1_R1_vs_R2,natural_variability,4,RFArm_to_RHand_rz,RFArm_to_RHand,rz,0.1475002102105007,0.09696472060573795,-0.05053548960476274,0.09424027566309955,0.09750945868489722
252_T1_R1_vs_R2,natural_variability,4,RShin_to_RFoot_rx,RShin_to_RFoot,rx,0.05677132729910217,0.036883767797850436,-0.019887559501251734,0.09424027566309955,0.09750945868489722
252_T1_R1_vs_R2,natural_variability,4,RShin_to_RFoot_ry,RShin_to_RFoot,ry,0.04136409446580058,0.11165520464529254,0.07029111017949195,0.09424027566309955,0.09750945868489722
252_T1_R1_vs_R2,natural_variability,4,RShin_to_RFoot_rz,RShin_to_RFoot,rz,0.013039575195979952,0.00815115780921209,-0.004888417386767862,0.09424027566309955,0.09750945868489722
252_T1_R1_vs_R2,natural_variability,4,RShoulder_to_RUArm_rx,RShoulder_to_RUArm,rx,0.6962369865344844,0.36387237727652594,-0.33236460925795847,0.09424027566309955,0.09750945868489722
252_T1_R1_vs_R2,natural_variability,4,RShoulder_to_RUArm_ry,RShoulder_to_RUArm,ry,0.1214439342407085,0.1536698428708809,0.0322259086301724,0.09424027566309955,0.09750945868489722
252_T1_R1_vs_R2,natural_variability,4,RShoulder_to_RUArm_rz,RShoulder_to_RUArm,rz,0.09073774297100232,0.14958016232778007,0.05884241935677775,0.09424027566309955,0.09750945868489722
252_T1_R1_vs_R2,natural_variability,4,RThigh_to_RShin_rx,RThigh_to_RShin,rx,0.14995508510261538,0.16609226133162905,0.016137176229013672,0.09424027566309955,0.09750945868489722
252_T1_R1_vs_R2,natural_variability,4,RThigh_to_RShin_ry,RThigh_to_RShin,ry,5.1572829612926305e-08,4.4671090156716374e-08,-6.901739456209931e-09,0.09424027566309955,0.09750945868489722
252_T1_R1_vs_R2,natural_variability,4,RThigh_to_RShin_rz,RThigh_to_RShin,rz,3.4522719401017774e-08,3.543777057652316e-08,9.150511755053838e-10,0.09424027566309955,0.09750945868489722
252_T1_R1_vs_R2,natural_variability,4,RUArm_to_RFArm_rx,RUArm_to_RFArm,rx,0.2703446296460849,0.40891725247098,0.13857262282489508,0.09424027566309955,0.09750945868489722
252_T1_R1_vs_R2,natural_variability,4,RUArm_to_RFArm_ry,RUArm_to_RFArm,ry,0.26076147398413396,0.17481632557698323,-0.08594514840715073,0.09424027566309955,0.09750945868489722
252_T1_R1_vs_R2,natural_variability,4,RUArm_to_RFArm_rz,RUArm_to_RFArm,rz,0.032728894198537424,0.10294427164329414,0.07021537744475673,0.09424027566309955,0.09750945868489722
252_T1_R1_vs_R2,natural_variability,5,252_to_LThigh_rx,252_to_LThigh,rx,0.11552600955113966,0.22351527381183323,0.10798926426069357,0.0687261560789046,0.08011724553022864
252_T1_R1_vs_R2,natural_variability,5,252_to_LThigh_ry,252_to_LThigh,ry,0.22514221206921314,0.017058216446695803,-0.20808399562251734,0.0687261560789046,0.08011724553022864
252_T1_R1_vs_R2,natural_variability,5,252_to_LThigh_rz,252_to_LThigh,rz,0.06299715175951986,0.014923043088944692,-0.04807410867057517,0.0687261560789046,0.08011724553022864
252_T1_R1_vs_R2,natural_variability,5,252_to_RThigh_rx,252_to_RThigh,rx,0.39208354750406527,0.47432671588855646,0.0822431683844912,0.0687261560789046,0.08011724553022864
252_T1_R1_vs_R2,natural_variability,5,252_to_RThigh_ry,252_to_RThigh,ry,0.22970163113985298,0.06212112996560346,-0.16758050117424952,0.0687261560789046,0.08011724553022864
252_T1_R1_vs_R2,natural_variability,5,252_to_RThigh_rz,252_to_RThigh,rz,0.12275151692637674,0.12946253181945075,0.006711014893074005,0.0687261560789046,0.08011724553022864
252_T1_R1_vs_R2,natural_variability,5,Chest_to_LShoulder_rx,Chest_to_LShoulder,rx,0.0067084854209527416,0.004436381901816301,-0.0022721035191364406,0.0687261560789046,0.08011724553022864
252_T1_R1_vs_R2,natural_variability,5,Chest_to_LShoulder_ry,Chest_to_LShoulder,ry,0.022766232685663197,0.02311972772363628,0.0003534950379730818,0.0687261560789046,0.08011724553022864
252_T1_R1_vs_R2,natural_variability,5,Chest_to_LShoulder_rz,Chest_to_LShoulder,rz,0.0188463782462288,0.05130032704562151,0.032453948799392715,0.0687261560789046,0.08011724553022864
252_T1_R1_vs_R2,natural_variability,5,Chest_to_Neck_rx,Chest_to_Neck,rx,0.12432794792667329,0.14685536468310925,0.022527416756435964,0.0687261560789046,0.08011724553022864
252_T1_R1_vs_R2,natural_variability,5,Chest_to_Neck_ry,Chest_to_Neck,ry,0.0075977983242112666,0.033797403287886496,0.02619960496367523,0.0687261560789046,0.08011724553022864
252_T1_R1_vs_R2,natural_variability,5,Chest_to_Neck_rz,Chest_to_Neck,rz,0.09745705302659682,0.10023523632800183,0.0027781833014050017,0.0687261560789046,0.08011724553022864
252_T1_R1_vs_R2,natural_variability,5,Chest_to_RShoulder_rx,Chest_to_RShoulder,rx,0.01618154491697857,0.04109390236397153,0.02491235744699296,0.0687261560789046,0.08011724553022864
252_T1_R1_vs_R2,natural_variability,5,Chest_to_RShoulder_ry,Chest_to_RShoulder,ry,0.05717287633722718,0.022141181115796594,-0.035031695221430584,0.0687261560789046,0.08011724553022864
252_T1_R1_vs_R2,natural_variability,5,Chest_to_RShoulder_rz,Chest_to_RShoulder,rz,0.054616124810346056,0.13176332164878687,0.07714719683844082,0.0687261560789046,0.08011724553022864
252_T1_R1_vs_R2,natural_variability,5,LFArm_to_LHand_rx,LFArm_to_LHand,rx,0.017740893067419154,0.009968267892235025,-0.007772625175184129,0.0687261560789046,0.08011724553022864
252_T1_R1_vs_R2,natural_variability,5,LFArm_to_LHand_ry,LFArm_to_LHand,ry,0.10074158416454772,0.06563509595979078,-0.03510648820475694,0.0687261560789046,0.08011724553022864
252_T1_R1_vs_R2,natural_variability,5,LFArm_to_LHand_rz,LFArm_to_LHand,rz,0.08555494679155298,0.02024382485298854,-0.06531112193856445,0.0687261560789046,0.08011724553022864
252_T1_R1_vs_R2,natural_variability,5,LShin_to_LFoot_rx,LShin_to_LFoot,rx,0.15227395585897305,0.0033164688407888855,-0.14895748701818418,0.0687261560789046,0.08011724553022864
252_T1_R1_vs_R2,natural_variability,5,LShin_to_LFoot_ry,LShin_to_LFoot,ry,0.05302037392137069,0.005552222710467825,-0.047468151210902865,0.0687261560789046,0.08011724553022864
252_T1_R1_vs_R2,natural_variability,5,LShin_to_LFoot_rz,LShin_to_LFoot,rz,0.10129142585946806,0.019347111759640007,-0.08194431409982805,0.0687261560789046,0.08011724553022864
252_T1_R1_vs_R2,natural_variability,5,LShoulder_to_LUArm_rx,LShoulder_to_LUArm,rx,0.06524277989806605,0.03761692680834467,-0.027625853089721382,0.0687261560789046,0.08011724553022864
252_T1_R1_vs_R2,natural_variability,5,LShoulder_to_LUArm_ry,LShoulder_to_LUArm,ry,0.27827277556669167,0.14060638950630053,-0.13766638606039114,0.0687261560789046,0.08011724553022864
252_T1_R1_vs_R2,natural_variability,5,LShoulder_to_LUArm_rz,LShoulder_to_LUArm,rz,0.008196929833905296,0.021709946203038382,0.013513016369133086,0.0687261560789046,0.08011724553022864
252_T1_R1_vs_R2,natural_variability,5,LThigh_to_LShin_rx,LThigh_to_LShin,rx,0.1995631068800373,0.271553127957494,0.07199002107745667,0.0687261560789046,0.08011724553022864
252_T1_R1_vs_R2,natural_variability,5,LThigh_to_LShin_ry,LThigh_to_LShin,ry,6.268054367430808e-08,7.285438845144555e-08,1.0173844777137468e-08,0.0687261560789046,0.08011724553022864
252_T1_R1_vs_R2,natural_variability,5,LThigh_to_LShin_rz,LThigh_to_LShin,rz,8.441172309912016e-08,1.6703000243412114e-08,-6.770872285570805e-08,0.0687261560789046,0.08011724553022864
252_T1_R1_vs_R2,natural_variability,5,LUArm_to_LFArm_rx,LUArm_to_LFArm,rx,0.16774803290851611,0.13592345746807116,-0.03182457544044495,0.0687261560789046,0.08011724553022864
252_T1_R1_vs_R2,natural_variability,5,LUArm_to_LFArm_ry,LUArm_to_LFArm,ry,0.43505929513639086,0.01828364897851987,-0.416775646157871,0.0687261560789046,0.08011724553022864
252_T1_R1_vs_R2,natural_variability,5,LUArm_to_LFArm_rz,LUArm_to_LFArm,rz,0.11179360151726563,0.02372621594900234,-0.08806738556826328,0.0687261560789046,0.08011724553022864
252_T1_R1_vs_R2,natural_variability,5,Neck_to_Head_rx,Neck_to_Head,rx,0.12378873551046327,0.14669578616733445,0.02290705065687118,0.0687261560789046,0.08011724553022864
252_T1_R1_vs_R2,natural_variability,5,Neck_to_Head_ry,Neck_to_Head,ry,0.026493338539211257,0.013892056332037371,-0.012601282207173886,0.0687261560789046,0.08011724553022864
252_T1_R1_vs_R2,natural_variability,5,Neck_to_Head_rz,Neck_to_Head,rz,0.09435834249568105,0.10496056199065418,0.010602219494973128,0.0687261560789046,0.08011724553022864
252_T1_R1_vs_R2,natural_variability,5,RFArm_to_RHand_rx,RFArm_to_RHand,rx,0.012247834177855186,0.0032724103014387684,-0.008975423876416418,0.0687261560789046,0.08011724553022864
252_T1_R1_vs_R2,natural_variability,5,RFArm_to_RHand_ry,RFArm_to_RHand,ry,0.02056638249054139,0.01463413550513839,-0.005932246985402999,0.0687261560789046,0.08011724553022864
252_T1_R1_vs_R2,natural_variability,5,RFArm_to_RHand_rz,RFArm_to_RHand,rz,0.10181443229654394,0.03464131201851037,-0.06717312027803357,0.0687261560789046,0.08011724553022864
252_T1_R1_vs_R2,natural_variability,5,RShin_to_RFoot_rx,RShin_to_RFoot,rx,0.0977189641955896,0.14727774365816554,0.04955877946257593,0.0687261560789046,0.08011724553022864
252_T1_R1_vs_R2,natural_variability,5,RShin_to_RFoot_ry,RShin_to_RFoot,ry,0.03546399241110338,0.01470237278396123,-0.020761619627142153,0.0687261560789046,0.08011724553022864
252_T1_R1_vs_R2,natural_variability,5,RShin_to_RFoot_rz,RShin_to_RFoot,rz,0.10636656502834559,0.03328696217393617,-0.07307960285440943,0.0687261560789046,0.08011724553022864
252_T1_R1_vs_R2,natural_variability,5,RShoulder_to_RUArm_rx,RShoulder_to_RUArm,rx,0.13794237838223852,0.2971122145765166,0.15916983619427807,0.0687261560789046,0.08011724553022864
252_T1_R1_vs_R2,natural_variability,5,RShoulder_to_RUArm_ry,RShoulder_to_RUArm,ry,0.002146905239244719,0.0761843034248988,0.07403739818565408,0.0687261560789046,0.08011724553022864
252_T1_R1_vs_R2,natural_variability,5,RShoulder_to_RUArm_rz,RShoulder_to_RUArm,rz,0.11082425703700692,0.46251216685173985,0.3516879098147329,0.0687261560789046,0.08011724553022864
252_T1_R1_vs_R2,natural_variability,5,RThigh_to_RShin_rx,RThigh_to_RShin,rx,0.19749104687912827,0.3194942220528957,0.12200317517376741,0.0687261560789046,0.08011724553022864
252_T1_R1_vs_R2,natural_variability,5,RThigh_to_RShin_ry,RThigh_to_RShin,ry,9.996348833298532e-08,5.8446131102366775e-08,-4.151735723061854e-08,0.0687261560789046,0.08011724553022864
252_T1_R1_vs_R2,natural_variability,5,RThigh_to_RShin_rz,RThigh_to_RShin,rz,2.6003647185363596e-09,2.3552793033921823e-08,2.0952428315385464e-08,0.0687261560789046,0.08011724553022864
252_T1_R1_vs_R2,natural_variability,5,RUArm_to_RFArm_rx,RUArm_to_RFArm,rx,0.024337163091351543,0.05630736508011734,0.031970201988765795,0.0687261560789046,0.08011724553022864
252_T1_R1_vs_R2,natural_variability,5,RUArm_to_RFArm_ry,RUArm_to_RFArm,ry,0.35877088332955814,0.23656532536674033,-0.12220555796281782,0.0687261560789046,0.08011724553022864
252_T1_R1_vs_R2,natural_variability,5,RUArm_to_RFArm_rz,RUArm_to_RFArm,rz,0.12179995689152219,0.045382809149133084,-0.07641714774238911,0.0687261560789046,0.08011724553022864
252_T1_R1_vs_R2,natural_variability,6,252_to_LThigh_rx,252_to_LThigh,rx,0.026091296676048335,0.014226476048779075,-0.01186482062726926,0.06128108461615245,0.03555148515140382
252_T1_R1_vs_R2,natural_variability,6,252_to_LThigh_ry,252_to_LThigh,ry,0.14278497515532615,0.053011410662509716,-0.08977356449281643,0.06128108461615245,0.03555148515140382
252_T1_R1_vs_R2,natural_variability,6,252_to_LThigh_rz,252_to_LThigh,rz,0.10571194482121603,0.09661766176485016,-0.009094283056365865,0.06128108461615245,0.03555148515140382
252_T1_R1_vs_R2,natural_variability,6,252_to_RThigh_rx,252_to_RThigh,rx,0.28097724441398214,0.4851189484128632,0.20414170399888104,0.06128108461615245,0.03555148515140382
252_T1_R1_vs_R2,natural_variability,6,252_to_RThigh_ry,252_to_RThigh,ry,0.059184889267901025,0.21804078543862307,0.15885589617072204,0.06128108461615245,0.03555148515140382
252_T1_R1_vs_R2,natural_variability,6,252_to_RThigh_rz,252_to_RThigh,rz,0.11300579677566056,0.16849957347690808,0.05549377670124753,0.06128108461615245,0.03555148515140382
252_T1_R1_vs_R2,natural_variability,6,Chest_to_LShoulder_rx,Chest_to_LShoulder,rx,0.042543109686240685,0.004421981884737491,-0.038121127801503195,0.06128108461615245,0.03555148515140382
252_T1_R1_vs_R2,natural_variability,6,Chest_to_LShoulder_ry,Chest_to_LShoulder,ry,0.016832863991080638,0.04601813011683267,0.029185266125752035,0.06128108461615245,0.03555148515140382
252_T1_R1_vs_R2,natural_variability,6,Chest_to_LShoulder_rz,Chest_to_LShoulder,rz,0.10046624288278129,0.05542430706200953,-0.04504193582077176,0.06128108461615245,0.03555148515140382
252_T1_R1_vs_R2,natural_variability,6,Chest_to_Neck_rx,Chest_to_Neck,rx,0.07598972584710859,0.1281198772730711,0.0521301514259625,0.06128108461615245,0.03555148515140382
252_T1_R1_vs_R2,natural_variability,6,Chest_to_Neck_ry,Chest_to_Neck,ry,0.013395693286679495,0.1045860618867832,0.0911903686001037,0.06128108461615245,0.03555148515140382
252_T1_R1_vs_R2,natural_variability,6,Chest_to_Neck_rz,Chest_to_Neck,rz,0.006168529690040106,0.07069138099864264,0.06452285130860254,0.06128108461615245,0.03555148515140382
252_T1_R1_vs_R2,natural_variability,6,Chest_to_RShoulder_rx,Chest_to_RShoulder,rx,0.06186265720824704,0.04934957741499268,-0.012513079793254361,0.06128108461615245,0.03555148515140382
252_T1_R1_vs_R2,natural_variability,6,Chest_to_RShoulder_ry,Chest_to_RShoulder,ry,0.01828296485916305,0.08289428901036666,0.06461132415120362,0.06128108461615245,0.03555148515140382
252_T1_R1_vs_R2,natural_variability,6,Chest_to_RShoulder_rz,Chest_to_RShoulder,rz,0.17861172503321998,0.08372042036846473,-0.09489130466475525,0.06128108461615245,0.03555148515140382
252_T1_R1_vs_R2,natural_variability,6,LFArm_to_LHand_rx,LFArm_to_LHand,rx,0.0075924146419795255,0.006892928283144,-0.0006994863588355256,0.06128108461615245,0.03555148515140382
252_T1_R1_vs_R2,natural_variability,6,LFArm_to_LHand_ry,LFArm_to_LHand,ry,0.04037257600957945,0.06026251981731389,0.019889943807734442,0.06128108461615245,0.03555148515140382
252_T1_R1_vs_R2,natural_variability,6,LFArm_to_LHand_rz,LFArm_to_LHand,rz,0.038012140639421176,0.010019544818397846,-0.027992595821023328,0.06128108461615245,0.03555148515140382
252_T1_R1_vs_R2,natural_variability,6,LShin_to_LFoot_rx,LShin_to_LFoot,rx,0.1290985833018166,0.07785645429489038,-0.05124212900692621,0.06128108461615245,0.03555148515140382
252_T1_R1_vs_R2,natural_variability,6,LShin_to_LFoot_ry,LShin_to_LFoot,ry,0.012397595260468604,0.019928361489396102,0.007530766228927498,0.06128108461615245,0.03555148515140382
252_T1_R1_vs_R2,natural_variability,6,LShin_to_LFoot_rz,LShin_to_LFoot,rz,0.0740865393348584,0.02250022662947306,-0.05158631270538534,0.06128108461615245,0.03555148515140382
252_T1_R1_vs_R2,natural_variability,6,LShoulder_to_LUArm_rx,LShoulder_to_LUArm,rx,0.09203031269448517,0.10329459154579716,0.011264278851311996,0.06128108461615245,0.03555148515140382
252_T1_R1_vs_R2,natural_variability,6,LShoulder_to_LUArm_ry,LShoulder_to_LUArm,ry,0.08006121891049585,0.02374421479409075,-0.0563170041164051,0.06128108461615245,0.03555148515140382
252_T1_R1_vs_R2,natural_variability,6,LShoulder_to_LUArm_rz,LShoulder_to_LUArm,rz,0.15632605305510833,0.10338700150899813,-0.0529390515461102,0.06128108461615245,0.03555148515140382
252_T1_R1_vs_R2,natural_variability,6,LThigh_to_LShin_rx,LThigh_to_LShin,rx,0.042554439135410266,0.017359651546727528,-0.025194787588682738,0.06128108461615245,0.03555148515140382
252_T1_R1_vs_R2,natural_variability,6,LThigh_to_LShin_ry,LThigh_to_LShin,ry,1.155413554407598e-07,6.491840856250432e-08,-5.0622946878255474e-08,0.06128108461615245,0.03555148515140382
252_T1_R1_vs_R2,natural_variability,6,LThigh_to_LShin_rz,LThigh_to_LShin,rz,1.9391619684102706e-08,5.8886158403299597e-08,3.949453871919689e-08,0.06128108461615245,0.03555148515140382
252_T1_R1_vs_R2,natural_variability,6,LUArm_to_LFArm_rx,LUArm_to_LFArm,rx,0.11813429236819306,0.22599281660183923,0.10785852423364617,0.06128108461615245,0.03555148515140382
252_T1_R1_vs_R2,natural_variability,6,LUArm_to_LFArm_ry,LUArm_to_LFArm,ry,0.19823012162293763,0.12572369004643358,-0.07250643157650405,0.06128108461615245,0.03555148515140382
252_T1_R1_vs_R2,natural_variability,6,LUArm_to_LFArm_rz,LUArm_to_LFArm,rz,0.038233218919801554,0.0676169014897298,0.02938368256992825,0.06128108461615245,0.03555148515140382
252_T1_R1_vs_R2,natural_variability,6,Neck_to_Head_rx,Neck_to_Head,rx,0.07590430102272037,0.12669359808237055,0.05078929705965017,0.06128108461615245,0.03555148515140382
252_T1_R1_vs_R2,natural_variability,6,Neck_to_Head_ry,Neck_to_Head,ry,0.012017490805863819,0.11701422922989671,0.1049967384240329,0.06128108461615245,0.03555148515140382
252_T1_R1_vs_R2,natural_variability,6,Neck_to_Head_rz,Neck_to_Head,rz,0.008862539125922223,0.04984227956934669,0.040979740443424464,0.06128108461615245,0.03555148515140382
252_T1_R1_vs_R2,natural_variability,6,RFArm_to_RHand_rx,RFArm_to_RHand,rx,0.006000315432019049,0.008905645212184562,0.002905329780165513,0.06128108461615245,0.03555148515140382
252_T1_R1_vs_R2,natural_variability,6,RFArm_to_RHand_ry,RFArm_to_RHand,ry,0.043564803572562726,0.03719575856549951,-0.006369045007063215,0.06128108461615245,0.03555148515140382
252_T1_R1_vs_R2,natural_variability,6,RFArm_to_RHand_rz,RFArm_to_RHand,rz,0.0688096846597084,0.09771550356077933,0.02890581890107094,0.06128108461615245,0.03555148515140382
252_T1_R1_vs_R2,natural_variability,6,RShin_to_RFoot_rx,RShin_to_RFoot,rx,0.14795886379243747,0.05107583801249144,-0.09688302577994604,0.06128108461615245,0.03555148515140382
252_T1_R1_vs_R2,natural_variability,6,RShin_to_RFoot_ry,RShin_to_RFoot,ry,0.06743388708549573,0.09245387377955439,0.025019986694058652,0.06128108461615245,0.03555148515140382
252_T1_R1_vs_R2,natural_variability,6,RShin_to_RFoot_rz,RShin_to_RFoot,rz,0.15116049015673028,0.07040671195924204,-0.08075377819748823,0.06128108461615245,0.03555148515140382
252_T1_R1_vs_R2,natural_variability,6,RShoulder_to_RUArm_rx,RShoulder_to_RUArm,rx,0.29697507560844244,0.1962240779330235,-0.10075099767541895,0.06128108461615245,0.03555148515140382
252_T1_R1_vs_R2,natural_variability,6,RShoulder_to_RUArm_ry,RShoulder_to_RUArm,ry,0.20603423078909927,0.21400627501107433,0.007972044221975061,0.06128108461615245,0.03555148515140382
252_T1_R1_vs_R2,natural_variability,6,RShoulder_to_RUArm_rz,RShoulder_to_RUArm,rz,0.5251121180170492,0.35847052493384407,-0.1666415930832051,0.06128108461615245,0.03555148515140382
252_T1_R1_vs_R2,natural_variability,6,RThigh_to_RShin_rx,RThigh_to_RShin,rx,0.35817753992919493,0.05030175162861411,-0.3078757883005808,0.06128108461615245,0.03555148515140382
252_T1_R1_vs_R2,natural_variability,6,RThigh_to_RShin_ry,RThigh_to_RShin,ry,2.108238103261581e-08,2.3545482881395507e-08,2.4631018487796973e-09,0.06128108461615245,0.03555148515140382
252_T1_R1_vs_R2,natural_variability,6,RThigh_to_RShin_rz,RThigh_to_RShin,rz,2.4165894994471805e-08,2.4990798716065316e-08,8.2490372159351e-10,0.06128108461615245,0.03555148515140382
252_T1_R1_vs_R2,natural_variability,6,RUArm_to_RFArm_rx,RUArm_to_RFArm,rx,0.25994555016746346,0.36807486730440336,0.1081293171369399,0.06128108461615245,0.03555148515140382
252_T1_R1_vs_R2,natural_variability,6,RUArm_to_RFArm_ry,RUArm_to_RFArm,ry,0.1806222161440334,0.3273859846727391,0.1467637685287057,0.06128108461615245,0.03555148515140382
252_T1_R1_vs_R2,natural_variability,6,RUArm_to_RFArm_rz,RUArm_to_RFArm,rz,0.013964282144742986,0.027131848416518778,0.013167566271775791,0.06128108461615245,0.03555148515140382
252_T1_R1_vs_R2,natural_variability,7,252_to_LThigh_rx,252_to_LThigh,rx,0.14727864358414056,0.10747177657246637,-0.039806867011674185,0.05264035511553582,0.01990003020446592
252_T1_R1_vs_R2,natural_variability,7,252_to_LThigh_ry,252_to_LThigh,ry,0.12235688301764962,0.20824653290057535,0.08588964988292573,0.05264035511553582,0.01990003020446592
252_T1_R1_vs_R2,natural_variability,7,252_to_LThigh_rz,252_to_LThigh,rz,0.11413088344649394,0.15403965196769628,0.03990876852120234,0.05264035511553582,0.01990003020446592
252_T1_R1_vs_R2,natural_variability,7,252_to_RThigh_rx,252_to_RThigh,rx,0.24779445049412663,0.12606588693555718,-0.12172856355856945,0.05264035511553582,0.01990003020446592
252_T1_R1_vs_R2,natural_variability,7,252_to_RThigh_ry,252_to_RThigh,ry,0.2245621878775272,0.10766241209069585,-0.11689977578683133,0.05264035511553582,0.01990003020446592
252_T1_R1_vs_R2,natural_variability,7,252_to_RThigh_rz,252_to_RThigh,rz,0.3673224798708794,0.4321073162552899,0.06478483638441052,0.05264035511553582,0.01990003020446592
252_T1_R1_vs_R2,natural_variability,7,Chest_to_LShoulder_rx,Chest_to_LShoulder,rx,0.0712310538107688,0.0859633145856711,0.014732260774902292,0.05264035511553582,0.01990003020446592
252_T1_R1_vs_R2,natural_variability,7,Chest_to_LShoulder_ry,Chest_to_LShoulder,ry,0.08058071839305032,0.06770645952940467,-0.012874258863645655,0.05264035511553582,0.01990003020446592
252_T1_R1_vs_R2,natural_variability,7,Chest_to_LShoulder_rz,Chest_to_LShoulder,rz,0.018188423732208334,0.02746591416145279,0.009277490429244455,0.05264035511553582,0.01990003020446592
252_T1_R1_vs_R2,natural_variability,7,Chest_to_Neck_rx,Chest_to_Neck,rx,0.01336127538857187,0.03336100430513901,0.019999728916567143,0.05264035511553582,0.01990003020446592
252_T1_R1_vs_R2,natural_variability,7,Chest_to_Neck_ry,Chest_to_Neck,ry,0.1445218297761895,0.12948329621538057,-0.01503853356080892,0.05264035511553582,0.01990003020446592
252_T1_R1_vs_R2,natural_variability,7,Chest_to_Neck_rz,Chest_to_Neck,rz,0.11047446817303636,0.1372735587820669,0.026799090609030546,0.05264035511553582,0.01990003020446592
252_T1_R1_vs_R2,natural_variability,7,Chest_to_RShoulder_rx,Chest_to_RShoulder,rx,0.0032352086966876592,0.03962230939596456,0.0363871006992769,0.05264035511553582,0.01990003020446592
252_T1_R1_vs_R2,natural_variability,7,Chest_to_RShoulder_ry,Chest_to_RShoulder,ry,0.03480134837855871,0.002557546855139113,-0.032243801523419595,0.05264035511553582,0.01990003020446592
252_T1_R1_vs_R2,natural_variability,7,Chest_to_RShoulder_rz,Chest_to_RShoulder,rz,0.03260442564648087,0.062370662692172424,0.029766237045691556,0.05264035511553582,0.01990003020446592
252_T1_R1_vs_R2,natural_variability,7,LFArm_to_LHand_rx,LFArm_to_LHand,rx,1.2414243469159174e-06,0.007771070554345909,0.007769829129998993,0.05264035511553582,0.01990003020446592
252_T1_R1_vs_R2,natural_variability,7,LFArm_to_LHand_ry,LFArm_to_LHand,ry,0.012828405828059919,0.0385485779017951,0.025720172073735177,0.05264035511553582,0.01990003020446592
252_T1_R1_vs_R2,natural_variability,7,LFArm_to_LHand_rz,LFArm_to_LHand,rz,0.0408047898539509,0.06096241654781273,0.020157626693861834,0.05264035511553582,0.01990003020446592
252_T1_R1_vs_R2,natural_variability,7,LShin_to_LFoot_rx,LShin_to_LFoot,rx,0.2077677012411366,0.2803074520338428,0.07253975079270616,0.05264035511553582,0.01990003020446592
252_T1_R1_vs_R2,natural_variability,7,LShin_to_LFoot_ry,LShin_to_LFoot,ry,0.10566524891979853,0.1275694109881125,0.02190416206831397,0.05264035511553582,0.01990003020446592
252_T1_R1_vs_R2,natural_variability,7,LShin_to_LFoot_rz,LShin_to_LFoot,rz,0.14377734722058239,0.17924048875822854,0.03546314153764615,0.05264035511553582,0.01990003020446592
252_T1_R1_vs_R2,natural_variability,7,LShoulder_to_LUArm_rx,LShoulder_to_LUArm,rx,0.29072432734649367,0.3093044970745044,0.018580169728010743,0.05264035511553582,0.01990003020446592
252_T1_R1_vs_R2,natural_variability,7,LShoulder_to_LUArm_ry,LShoulder_to_LUArm,ry,0.07727722204449769,0.016657208716290076,-0.060620013328207614,0.05264035511553582,0.01990003020446592
252_T1_R1_vs_R2,natural_variability,7,LShoulder_to_LUArm_rz,LShoulder_to_LUArm,rz,0.0789913421297962,0.1799404422212055,0.10094910009140931,0.05264035511553582,0.01990003020446592
252_T1_R1_vs_R2,natural_variability,7,LThigh_to_LShin_rx,LThigh_to_LShin,rx,0.036522815868364734,0.1106950043148237,0.07417218844645895,0.05264035511553582,0.01990003020446592
252_T1_R1_vs_R2,natural_variability,7,LThigh_to_LShin_ry,LThigh_to_LShin,ry,4.04693825353356e-08,1.221664972334172e-08,-2.8252732811993883e-08,0.05264035511553582,0.01990003020446592
252_T1_R1_vs_R2,natural_variability,7,LThigh_to_LShin_rz,LThigh_to_LShin,rz,9.451860573929689e-08,8.43362836822188e-08,-1.0182322057078091e-08,0.05264035511553582,0.01990003020446592
252_T1_R1_vs_R2,natural_variability,7,LUArm_to_LFArm_rx,LUArm_to_LFArm,rx,0.04728512115182908,0.19033786956704637,0.14305274841521728,0.05264035511553582,0.01990003020446592
252_T1_R1_vs_R2,natural_variability,7,LUArm_to_LFArm_ry,LUArm_to_LFArm,ry,0.013848098521169354,0.11977454468349277,0.10592644616232341,0.05264035511553582,0.01990003020446592
252_T1_R1_vs_R2,natural_variability,7,LUArm_to_LFArm_rz,LUArm_to_LFArm,rz,0.017008321744017226,0.0015736957522774365,-0.01543462599173979,0.05264035511553582,0.01990003020446592
252_T1_R1_vs_R2,natural_variability,7,Neck_to_Head_rx,Neck_to_Head,rx,0.01434933664983714,0.03403367462017949,0.01968433797034235,0.05264035511553582,0.01990003020446592
252_T1_R1_vs_R2,natural_variability,7,Neck_to_Head_ry,Neck_to_Head,ry,0.1213581977643935,0.10126032275687966,-0.020097875007513838,0.05264035511553582,0.01990003020446592
252_T1_R1_vs_R2,natural_variability,7,Neck_to_Head_rz,Neck_to_Head,rz,0.13645553504866964,0.16007067598374908,0.023615140935079437,0.05264035511553582,0.01990003020446592
252_T1_R1_vs_R2,natural_variability,7,RFArm_to_RHand_rx,RFArm_to_RHand,rx,0.0027926357799217772,0.002454303599646956,-0.00033833218027482133,0.05264035511553582,0.01990003020446592
252_T1_R1_vs_R2,natural_variability,7,RFArm_to_RHand_ry,RFArm_to_RHand,ry,0.0258631204820972,0.02064905663582991,-0.00521406384626729,0.05264035511553582,0.01990003020446592
252_T1_R1_vs_R2,natural_variability,7,RFArm_to_RHand_rz,RFArm_to_RHand,rz,0.05734220808238246,0.029811825491389502,-0.02753038259099296,0.05264035511553582,0.01990003020446592
252_T1_R1_vs_R2,natural_variability,7,RShin_to_RFoot_rx,RShin_to_RFoot,rx,0.04896475477668973,0.016516245321647624,-0.03244850945504211,0.05264035511553582,0.01990003020446592
252_T1_R1_vs_R2,natural_variability,7,RShin_to_RFoot_ry,RShin_to_RFoot,ry,0.37778873171102745,0.3491986096734898,-0.028590122037537635,0.05264035511553582,0.01990003020446592
252_T1_R1_vs_R2,natural_variability,7,RShin_to_RFoot_rz,RShin_to_RFoot,rz,0.2789551302587778,0.33214528958227874,0.05319015932350096,0.05264035511553582,0.01990003020446592
252_T1_R1_vs_R2,natural_variability,7,RShoulder_to_RUArm_rx,RShoulder_to_RUArm,rx,0.09281851919493565,0.02672475582059808,-0.06609376337433757,0.05264035511553582,0.01990003020446592
252_T1_R1_vs_R2,natural_variability,7,RShoulder_to_RUArm_ry,RShoulder_to_RUArm,ry,0.22666713743963643,0.03901138686622813,-0.1876557505734083,0.05264035511553582,0.01990003020446592
252_T1_R1_vs_R2,natural_variability,7,RShoulder_to_RUArm_rz,RShoulder_to_RUArm,rz,0.1893937569155623,0.10763175549989992,-0.08176200141566237,0.05264035511553582,0.01990003020446592
252_T1_R1_vs_R2,natural_variability,7,RThigh_to_RShin_rx,RThigh_to_RShin,rx,0.04185629048195158,0.08739010588526346,0.045533815403311875,0.05264035511553582,0.01990003020446592
252_T1_R1_vs_R2,natural_variability,7,RThigh_to_RShin_ry,RThigh_to_RShin,ry,2.683392589737087e-08,5.80405809319963e-08,3.120665503462543e-08,0.05264035511553582,0.01990003020446592
252_T1_R1_vs_R2,natural_variability,7,RThigh_to_RShin_rz,RThigh_to_RShin,rz,6.916125197005127e-09,1.2964194687431734e-08,6.048069490426607e-09,0.05264035511553582,0.01990003020446592
252_T1_R1_vs_R2,natural_variability,7,RUArm_to_RFArm_rx,RUArm_to_RFArm,rx,0.3454907100344246,0.07854693727245377,-0.26694377276197084,0.05264035511553582,0.01990003020446592
252_T1_R1_vs_R2,natural_variability,7,RUArm_to_RFArm_ry,RUArm_to_RFArm,ry,0.032394511196780156,0.14484457991295263,0.11245006871617247,0.05264035511553582,0.01990003020446592
252_T1_R1_vs_R2,natural_variability,7,RUArm_to_RFArm_rz,RUArm_to_RFArm,rz,0.001293956569374116,0.09669019591308137,0.09539623934370725,0.05264035511553582,0.01990003020446592
