comparison_id,kind,pc,feature,link_id,axis,loading_A_abs,loading_B_reprojected_abs,jcvpca_axis,explained_variance_A,explained_variance_B_projected
252_T1_vs_T2,longitudinal,1,252_to_LThigh_rx,252_to_LThigh,rx,0.019878450715453137,0.0691033986104822,0.04922494789502907,0.20444215150566977,0.25143177988642057
252_T1_vs_T2,longitudinal,1,252_to_LThigh_ry,252_to_LThigh,ry,0.013193894573867378,0.060480033747664086,0.047286139173796704,0.20444215150566977,0.25143177988642057
252_T1_vs_T2,longitudinal,1,252_to_LThigh_rz,252_to_LThigh,rz,0.030388231402572675,0.006206750408773309,-0.024181480993799367,0.20444215150566977,0.25143177988642057
252_T1_vs_T2,longitudinal,1,252_to_RThigh_rx,252_to_RThigh,rx,0.07470051672866217,0.048999850585826794,-0.025700666142835372,0.20444215150566977,0.25143177988642057
252_T1_vs_T2,longitudinal,1,252_to_RThigh_ry,252_to_RThigh,ry,0.025427566604558218,0.034549236332600194,0.009121669728041976,0.20444215150566977,0.25143177988642057
252_T1_vs_T2,longitudinal,1,252_to_RThigh_rz,252_to_RThigh,rz,0.08891062647930387,0.05084781754994409,-0.03806280892935978,0.20444215150566977,0.25143177988642057
252_T1_vs_T2,longitudinal,1,Chest_to_LShoulder_rx,Chest_to_LShoulder,rx,0.03120451244629795,0.05081219014257203,0.01960767769627408,0.20444215150566977,0.25143177988642057
252_T1_vs_T2,longitudinal,1,Chest_to_LShoulder_ry,Chest_to_LShoulder,ry,0.0021572104858320227,0.008414231942038573,0.006257021456206551,0.20444215150566977,0.25143177988642057
252_T1_vs_T2,longitudinal,1,Chest_to_LShoulder_rz,Chest_to_LShoulder,rz,0.0680751440639116,0.058959838531939104,-0.009115305531972498,0.20444215150566977,0.25143177988642057
252_T1_vs_T2,longitudinal,1,Chest_to_Neck_rx,Chest_to_Neck,rx,0.005878497310651784,0.007387728125270244,0.0015092308146184607,0.20444215150566977,0.25143177988642057
252_T1_vs_T2,longitudinal,1,Chest_to_Neck_ry,Chest_to_Neck,ry,0.030217475978734393,0.06279412453897577,0.03257664856024138,0.20444215150566977,0.25143177988642057
252_T1_vs_T2,longitudinal,1,Chest_to_Neck_rz,Chest_to_Neck,rz,0.012695361444999493,0.0286746510524735,0.01597928960747401,0.20444215150566977,0.25143177988642057
252_T1_vs_T2,longitudinal,1,Chest_to_RShoulder_rx,Chest_to_RShoulder,rx,0.03191312297547507,0.036100089699125024,0.004186966723649953,0.20444215150566977,0.25143177988642057
252_T1_vs_T2,longitudinal,1,Chest_to_RShoulder_ry,Chest_to_RShoulder,ry,0.020289441784638946,0.023718960343828796,0.00342951855918985,0.20444215150566977,0.25143177988642057
252_T1_vs_T2,longitudinal,1,Chest_to_RShoulder_rz,Chest_to_RShoulder,rz,0.0036430345849218218,0.08379587274313523,0.0801528381582134,0.20444215150566977,0.25143177988642057
252_T1_vs_T2,longitudinal,1,LFArm_to_LHand_rx,LFArm_to_LHand,rx,0.003955263104490013,0.001245489871639604,-0.0027097732328504086,0.20444215150566977,0.25143177988642057
252_T1_vs_T2,longitudinal,1,LFArm_to_LHand_ry,LFArm_to_LHand,ry,0.04374963653493405,0.010510023665345711,-0.03323961286958834,0.20444215150566977,0.25143177988642057
252_T1_vs_T2,longitudinal,1,LFArm_to_LHand_rz,LFArm_to_LHand,rz,0.10535257250087245,0.018799609839151233,-0.08655296266172122,0.20444215150566977,0.25143177988642057
252_T1_vs_T2,longitudinal,1,LShin_to_LFoot_rx,LShin_to_LFoot,rx,0.010560047310621778,0.03504787082543964,0.024487823514817864,0.20444215150566977,0.25143177988642057
252_T1_vs_T2,longitudinal,1,LShin_to_LFoot_ry,LShin_to_LFoot,ry,0.0029596281546361487,0.008168952445704666,0.005209324291068518,0.20444215150566977,0.25143177988642057
252_T1_vs_T2,longitudinal,1,LShin_to_LFoot_rz,LShin_to_LFoot,rz,0.005368285133240515,0.01899742422897289,0.013629139095732375,0.20444215150566977,0.25143177988642057
252_T1_vs_T2,longitudinal,1,LShoulder_to_LUArm_rx,LShoulder_to_LUArm,rx,0.12939888047783488,0.24860516073182393,0.11920628025398905,0.20444215150566977,0.25143177988642057
252_T1_vs_T2,longitudinal,1,LShoulder_to_LUArm_ry,LShoulder_to_LUArm,ry,0.3361713913263857,0.1174702156492012,-0.2187011756771845,0.20444215150566977,0.25143177988642057
252_T1_vs_T2,longitudinal,1,LShoulder_to_LUArm_rz,LShoulder_to_LUArm,rz,0.16684829726785602,0.054459458763641944,-0.11238883850421408,0.20444215150566977,0.25143177988642057
252_T1_vs_T2,longitudinal,1,LThigh_to_LShin_rx,LThigh_to_LShin,rx,0.047137051699462945,0.03827951639476403,-0.008857535304698919,0.20444215150566977,0.25143177988642057
252_T1_vs_T2,longitudinal,1,LThigh_to_LShin_ry,LThigh_to_LShin,ry,8.975565950267969e-09,3.833883358715363e-09,-5.141682591552605e-09,0.20444215150566977,0.25143177988642057
252_T1_vs_T2,longitudinal,1,LThigh_to_LShin_rz,LThigh_to_LShin,rz,1.679463810302608e-08,1.0102702215220703e-08,-6.6919358878053766e-09,0.20444215150566977,0.25143177988642057
252_T1_vs_T2,longitudinal,1,LUArm_to_LFArm_rx,LUArm_to_LFArm,rx,0.03335069159698184,0.3010073668447049,0.2676566752477231,0.20444215150566977,0.25143177988642057
252_T1_vs_T2,longitudinal,1,LUArm_to_LFArm_ry,LUArm_to_LFArm,ry,0.6071846053057919,0.5847076753904707,-0.02247692991532113,0.20444215150566977,0.25143177988642057
252_T1_vs_T2,longitudinal,1,LUArm_to_LFArm_rz,LUArm_to_LFArm,rz,0.10088668845152551,0.0421055842803702,-0.05878110417115531,0.20444215150566977,0.25143177988642057
252_T1_vs_T2,longitudinal,1,Neck_to_Head_rx,Neck_to_Head,rx,0.005976910032437007,0.007328831590659492,0.0013519215582224846,0.20444215150566977,0.25143177988642057
252_T1_vs_T2,longitudinal,1,Neck_to_Head_ry,Neck_to_Head,ry,0.02726174744342258,0.056248398121245484,0.028986650677822905,0.20444215150566977,0.25143177988642057
252_T1_vs_T2,longitudinal,1,Neck_to_Head_rz,Neck_to_Head,rz,0.018167450046246824,0.0400507359757814,0.021883285929534573,0.20444215150566977,0.25143177988642057
252_T1_vs_T2,longitudinal,1,RFArm_to_RHand_rx,RFArm_to_RHand,rx,0.007008113880418012,0.0024419305872706645,-0.004566183293147347,0.20444215150566977,0.25143177988642057
252_T1_vs_T2,longitudinal,1,RFArm_to_RHand_ry,RFArm_to_RHand,ry,0.052368300641263174,0.05054687086716382,-0.0018214297740993535,0.20444215150566977,0.25143177988642057
252_T1_vs_T2,longitudinal,1,RFArm_to_RHand_rz,RFArm_to_RHand,rz,0.123575367523551,0.003561050606115181,-0.12001431691743582,0.20444215150566977,0.25143177988642057
252_T1_vs_T2,longitudinal,1,RShin_to_RFoot_rx,RShin_to_RFoot,rx,0.056551464000306695,0.006433724493712031,-0.050117739506594663,0.20444215150566977,0.25143177988642057
252_T1_vs_T2,longitudinal,1,RShin_to_RFoot_ry,RShin_to_RFoot,ry,0.0362520271960017,0.009685820857456003,-0.026566206338545697,0.20444215150566977,0.25143177988642057
252_T1_vs_T2,longitudinal,1,RShin_to_RFoot_rz,RShin_to_RFoot,rz,0.0485081754806979,0.004092568686994653,-0.044415606793703245,0.20444215150566977,0.25143177988642057
252_T1_vs_T2,longitudinal,1,RShoulder_to_RUArm_rx,RShoulder_to_RUArm,rx,0.5210005783164894,0.07428078195505387,-0.4467197963614355,0.20444215150566977,0.25143177988642057
252_T1_vs_T2,longitudinal,1,RShoulder_to_RUArm_ry,RShoulder_to_RUArm,ry,0.0056262298953383616,0.13801908009312686,0.1323928501977885,0.20444215150566977,0.25143177988642057
252_T1_vs_T2,longitudinal,1,RShoulder_to_RUArm_rz,RShoulder_to_RUArm,rz,0.03869085914737641,0.2622102582206037,0.22351939907322727,0.20444215150566977,0.25143177988642057
252_T1_vs_T2,longitudinal,1,RThigh_to_RShin_rx,RThigh_to_RShin,rx,0.19435319294138959,0.06627024424944307,-0.12808294869194653,0.20444215150566977,0.25143177988642057
252_T1_vs_T2,longitudinal,1,RThigh_to_RShin_ry,RThigh_to_RShin,ry,5.7324533245887546e-09,1.7321474280874374e-08,1.158902095628562e-08,0.20444215150566977,0.25143177988642057
252_T1_vs_T2,longitudinal,1,RThigh_to_RShin_rz,RThigh_to_RShin,rz,9.239251807708902e-10,1.0126606792947483e-09,8.87354985238581e-11,0.20444215150566977,0.25143177988642057
252_T1_vs_T2,longitudinal,1,RUArm_to_RFArm_rx,RUArm_to_RFArm,rx,0.23890824351884013,0.25249809023138625,0.013589846712546122,0.20444215150566977,0.25143177988642057
252_T1_vs_T2,longitudinal,1,RUArm_to_RFArm_ry,RUArm_to_RFArm,ry,0.15260467797930144,0.47158968292104386,0.3189850049417424,0.20444215150566977,0.25143177988642057
252_T1_vs_T2,longitudinal,1,RUArm_to_RFArm_rz,RUArm_to_RFArm,rz,0.07815512295935718,0.24017047264002364,0.16201534968066644,0.20444215150566977,0.25143177988642057
252_T1_vs_T2,longitudinal,2,252_to_LThigh_rx,252_to_LThigh,rx,0.06442859465752579,0.0385572502399606,-0.02587134441756519,0.15458477624473288,0.2102445106541381
252_T1_vs_T2,longitudinal,2,252_to_LThigh_ry,252_to_LThigh,ry,0.01970398720818888,0.009369847457478587,-0.010334139750710292,0.15458477624473288,0.2102445106541381
252_T1_vs_T2,longitudinal,2,252_to_LThigh_rz,252_to_LThigh,rz,0.001638785903399414,0.02977652384961195,0.028137737946212535,0.15458477624473288,0.2102445106541381
252_T1_vs_T2,longitudinal,2,252_to_RThigh_rx,252_to_RThigh,rx,0.0331915354206178,0.0814546618930283,0.0482631264724105,0.15458477624473288,0.2102445106541381
252_T1_vs_T2,longitudinal,2,252_to_RThigh_ry,252_to_RThigh,ry,0.011186597778780625,0.03140454511149308,0.020217947332712455,0.15458477624473288,0.2102445106541381
252_T1_vs_T2,longitudinal,2,252_to_RThigh_rz,252_to_RThigh,rz,0.017562954610931956,0.04533620915157737,0.027773254540645415,0.15458477624473288,0.2102445106541381
252_T1_vs_T2,longitudinal,2,Chest_to_LShoulder_rx,Chest_to_LShoulder,rx,0.026373787981248918,0.002121651331383915,-0.024252136649865003,0.15458477624473288,0.2102445106541381
252_T1_vs_T2,longitudinal,2,Chest_to_LShoulder_ry,Chest_to_LShoulder,ry,0.009393499789340294,0.02128758366040083,0.011894083871060536,0.15458477624473288,0.2102445106541381
252_T1_vs_T2,longitudinal,2,Chest_to_LShoulder_rz,Chest_to_LShoulder,rz,0.05554069570056406,0.025557423511897298,-0.02998327218866676,0.15458477624473288,0.2102445106541381
252_T1_vs_T2,longitudinal,2,Chest_to_Neck_rx,Chest_to_Neck,rx,0.019803799194738788,0.01511390305929139,-0.004689896135447399,0.15458477624473288,0.2102445106541381
252_T1_vs_T2,longitudinal,2,Chest_to_Neck_ry,Chest_to_Neck,ry,0.026133711289497673,0.025263177896531767,-0.0008705333929659061,0.15458477624473288,0.2102445106541381
252_T1_vs_T2,longitudinal,2,Chest_to_Neck_rz,Chest_to_Neck,rz,0.020760123867811436,0.01010610626938295,-0.010654017598428486,0.15458477624473288,0.2102445106541381
252_T1_vs_T2,longitudinal,2,Chest_to_RShoulder_rx,Chest_to_RShoulder,rx,0.01443892568610742,0.042648128899378114,0.028209203213270695,0.15458477624473288,0.2102445106541381
252_T1_vs_T2,longitudinal,2,Chest_to_RShoulder_ry,Chest_to_RShoulder,ry,0.022766467261018074,0.006894173856298203,-0.01587229340471987,0.15458477624473288,0.2102445106541381
252_T1_vs_T2,longitudinal,2,Chest_to_RShoulder_rz,Chest_to_RShoulder,rz,0.10352189878450421,0.04495662974493473,-0.05856526903956948,0.15458477624473288,0.2102445106541381
252_T1_vs_T2,longitudinal,2,LFArm_to_LHand_rx,LFArm_to_LHand,rx,0.006622930342516794,0.0008613021998936819,-0.0057616281426231125,0.15458477624473288,0.2102445106541381
252_T1_vs_T2,longitudinal,2,LFArm_to_LHand_ry,LFArm_to_LHand,ry,0.03689966397005696,0.017898153678174707,-0.01900151029188225,0.15458477624473288,0.2102445106541381
252_T1_vs_T2,longitudinal,2,LFArm_to_LHand_rz,LFArm_to_LHand,rz,0.06042216840186973,0.05067443626603163,-0.0097477321358381,0.15458477624473288,0.2102445106541381
252_T1_vs_T2,longitudinal,2,LShin_to_LFoot_rx,LShin_to_LFoot,rx,0.03440373579918931,0.009398658161206476,-0.025005077637982834,0.15458477624473288,0.2102445106541381
252_T1_vs_T2,longitudinal,2,LShin_to_LFoot_ry,LShin_to_LFoot,ry,0.02541502747042898,0.027429446015005344,0.0020144185445763636,0.15458477624473288,0.2102445106541381
252_T1_vs_T2,longitudinal,2,LShin_to_LFoot_rz,LShin_to_LFoot,rz,0.013644259893430885,0.003462350363117846,-0.01018190953031304,0.15458477624473288,0.2102445106541381
252_T1_vs_T2,longitudinal,2,LShoulder_to_LUArm_rx,LShoulder_to_LUArm,rx,0.032618533069628516,0.02644748335857231,-0.006171049711056205,0.15458477624473288,0.2102445106541381
252_T1_vs_T2,longitudinal,2,LShoulder_to_LUArm_ry,LShoulder_to_LUArm,ry,0.17499021681488644,0.20205902661692313,0.027068809802036686,0.15458477624473288,0.2102445106541381
252_T1_vs_T2,longitudinal,2,LShoulder_to_LUArm_rz,LShoulder_to_LUArm,rz,0.024240618057671165,0.061797221607934986,0.03755660355026382,0.15458477624473288,0.2102445106541381
252_T1_vs_T2,longitudinal,2,LThigh_to_LShin_rx,LThigh_to_LShin,rx,0.0018857114648572375,0.042015687910961705,0.04012997644610447,0.15458477624473288,0.2102445106541381
252_T1_vs_T2,longitudinal,2,LThigh_to_LShin_ry,LThigh_to_LShin,ry,2.9763623821199366e-09,1.3461778299631723e-08,1.0485415917511787e-08,0.15458477624473288,0.2102445106541381
252_T1_vs_T2,longitudinal,2,LThigh_to_LShin_rz,LThigh_to_LShin,rz,4.314571478386457e-09,1.0300057650920047e-08,5.98548617253359e-09,0.15458477624473288,0.2102445106541381
252_T1_vs_T2,longitudinal,2,LUArm_to_LFArm_rx,LUArm_to_LFArm,rx,0.032018150977639444,0.06850469546121073,0.03648654448357128,0.15458477624473288,0.2102445106541381
252_T1_vs_T2,longitudinal,2,LUArm_to_LFArm_ry,LUArm_to_LFArm,ry,0.4066374074735122,0.3403004739142512,-0.06633693355926096,0.15458477624473288,0.2102445106541381
252_T1_vs_T2,longitudinal,2,LUArm_to_LFArm_rz,LUArm_to_LFArm,rz,0.09316409883518634,0.11000140643790503,0.01683730760271869,0.15458477624473288,0.2102445106541381
252_T1_vs_T2,longitudinal,2,Neck_to_Head_rx,Neck_to_Head,rx,0.01986170792030778,0.015100556712628894,-0.004761151207678886,0.15458477624473288,0.2102445106541381
252_T1_vs_T2,longitudinal,2,Neck_to_Head_ry,Neck_to_Head,ry,0.02171794442670983,0.02668962243003532,0.004971678003325489,0.15458477624473288,0.2102445106541381
252_T1_vs_T2,longitudinal,2,Neck_to_Head_rz,Neck_to_Head,rz,0.02532571149898669,0.005146379314222654,-0.020179332184764035,0.15458477624473288,0.2102445106541381
252_T1_vs_T2,longitudinal,2,RFArm_to_RHand_rx,RFArm_to_RHand,rx,0.00832101812044907,0.008377924562060421,5.690644161135058e-05,0.15458477624473288,0.2102445106541381
252_T1_vs_T2,longitudinal,2,RFArm_to_RHand_ry,RFArm_to_RHand,ry,0.08210886471605906,0.06305032872665343,-0.01905853598940563,0.15458477624473288,0.2102445106541381
252_T1_vs_T2,longitudinal,2,RFArm_to_RHand_rz,RFArm_to_RHand,rz,0.0753245084831615,0.13183539772779512,0.05651088924463363,0.15458477624473288,0.2102445106541381
252_T1_vs_T2,longitudinal,2,RShin_to_RFoot_rx,RShin_to_RFoot,rx,0.013381374767263586,0.032563354314772024,0.019181979547508436,0.15458477624473288,0.2102445106541381
252_T1_vs_T2,longitudinal,2,RShin_to_RFoot_ry,RShin_to_RFoot,ry,0.011034793737716174,0.03777093441132798,0.026736140673611804,0.15458477624473288,0.2102445106541381
252_T1_vs_T2,longitudinal,2,RShin_to_RFoot_rz,RShin_to_RFoot,rz,0.007828936355276865,0.03185403891560493,0.024025102560328068,0.15458477624473288,0.2102445106541381
252_T1_vs_T2,longitudinal,2,RShoulder_to_RUArm_rx,RShoulder_to_RUArm,rx,0.2648044998465067,0.630903604156346,0.36609910430983933,0.15458477624473288,0.2102445106541381
252_T1_vs_T2,longitudinal,2,RShoulder_to_RUArm_ry,RShoulder_to_RUArm,ry,0.18552632167222163,0.15090797704742942,-0.03461834462479221,0.15458477624473288,0.2102445106541381
252_T1_vs_T2,longitudinal,2,RShoulder_to_RUArm_rz,RShoulder_to_RUArm,rz,0.26500861973069906,0.07071932180111223,-0.19428929792958682,0.15458477624473288,0.2102445106541381
252_T1_vs_T2,longitudinal,2,RThigh_to_RShin_rx,RThigh_to_RShin,rx,0.09786607788983206,0.09120675502942795,-0.006659322860404118,0.15458477624473288,0.2102445106541381
252_T1_vs_T2,longitudinal,2,RThigh_to_RShin_ry,RThigh_to_RShin,ry,6.475591718004053e-10,1.937491773491667e-10,-4.5380999445123865e-10,0.15458477624473288,0.2102445106541381
252_T1_vs_T2,longitudinal,2,RThigh_to_RShin_rz,RThigh_to_RShin,rz,3.001522282451334e-08,2.0350926178964044e-08,-9.664296645549294e-09,0.15458477624473288,0.2102445106541381
252_T1_vs_T2,longitudinal,2,RUArm_to_RFArm_rx,RUArm_to_RFArm,rx,0.47193144853749985,0.5467816131968903,0.07485016465939048,0.15458477624473288,0.2102445106541381
252_T1_vs_T2,longitudinal,2,RUArm_to_RFArm_ry,RUArm_to_RFArm,ry,0.4934556419119994,0.10341160243462383,-0.3900440394773756,0.15458477624473288,0.2102445106541381
252_T1_vs_T2,longitudinal,2,RUArm_to_RFArm_rz,RUArm_to_RFArm,rz,0.3126914678528012,0.16956784699711455,-0.14312362085568667,0.15458477624473288,0.2102445106541381
252_T1_vs_T2,longitudinal,3,252_to_LThigh_rx,252_to_LThigh,rx,0.0631669680858902,0.10454711236552489,0.041380144279634684,0.11966827174420104,0.14785662746485861
252_T1_vs_T2,longitudinal,3,252_to_LThigh_ry,252_to_LThigh,ry,0.03443420676857981,0.06722845224350689,0.032794245474927076,0.11966827174420104,0.14785662746485861
252_T1_vs_T2,longitudinal,3,252_to_LThigh_rz,252_to_LThigh,rz,0.08769703584134014,0.0899182752388942,0.002221239397554059,0.11966827174420104,0.14785662746485861
252_T1_vs_T2,longitudinal,3,252_to_RThigh_rx,252_to_RThigh,rx,0.15221224944548914,0.1916042703294909,0.03939202088400176,0.11966827174420104,0.14785662746485861
252_T1_vs_T2,longitudinal,3,252_to_RThigh_ry,252_to_RThigh,ry,0.015305495332963263,0.048424575381946736,0.03311908004898347,0.11966827174420104,0.14785662746485861
252_T1_vs_T2,longitudinal,3,252_to_RThigh_rz,252_to_RThigh,rz,0.03433502122373897,0.056286452339860245,0.021951431116121273,0.11966827174420104,0.14785662746485861
252_T1_vs_T2,longitudinal,3,Chest_to_LShoulder_rx,Chest_to_LShoulder,rx,0.00039926703387043545,0.018408424248310275,0.01800915721443984,0.11966827174420104,0.14785662746485861
252_T1_vs_T2,longitudinal,3,Chest_to_LShoulder_ry,Chest_to_LShoulder,ry,0.007046785305641123,0.028718551470866854,0.02167176616522573,0.11966827174420104,0.14785662746485861
252_T1_vs_T2,longitudinal,3,Chest_to_LShoulder_rz,Chest_to_LShoulder,rz,0.014202519030568302,0.04971282547115465,0.03551030644058635,0.11966827174420104,0.14785662746485861
252_T1_vs_T2,longitudinal,3,Chest_to_Neck_rx,Chest_to_Neck,rx,0.021696965163930104,0.01085025246926529,-0.010846712694664815,0.11966827174420104,0.14785662746485861
252_T1_vs_T2,longitudinal,3,Chest_to_Neck_ry,Chest_to_Neck,ry,0.017900794580705835,0.03587844938867267,0.017977654807966835,0.11966827174420104,0.14785662746485861
252_T1_vs_T2,longitudinal,3,Chest_to_Neck_rz,Chest_to_Neck,rz,0.015919155804971538,0.011358683587654541,-0.004560472217316997,0.11966827174420104,0.14785662746485861
252_T1_vs_T2,longitudinal,3,Chest_to_RShoulder_rx,Chest_to_RShoulder,rx,0.05295425416105398,0.032220206377545954,-0.020734047783508028,0.11966827174420104,0.14785662746485861
252_T1_vs_T2,longitudinal,3,Chest_to_RShoulder_ry,Chest_to_RShoulder,ry,0.028933394724525344,0.0066868789070386155,-0.02224651581748673,0.11966827174420104,0.14785662746485861
252_T1_vs_T2,longitudinal,3,Chest_to_RShoulder_rz,Chest_to_RShoulder,rz,0.021914941834997977,0.0325735322568623,0.01065859042186432,0.11966827174420104,0.14785662746485861
252_T1_vs_T2,longitudinal,3,LFArm_to_LHand_rx,LFArm_to_LHand,rx,0.004721599989647379,0.016054317307502765,0.011332717317855387,0.11966827174420104,0.14785662746485861
252_T1_vs_T2,longitudinal,3,LFArm_to_LHand_ry,LFArm_to_LHand,ry,0.0009710561694555654,0.08158599056786842,0.08061493439841286,0.11966827174420104,0.14785662746485861
252_T1_vs_T2,longitudinal,3,LFArm_to_LHand_rz,LFArm_to_LHand,rz,0.00685161693664176,0.1830792385829157,0.17622762164627392,0.11966827174420104,0.14785662746485861
252_T1_vs_T2,longitudinal,3,LShin_to_LFoot_rx,LShin_to_LFoot,rx,0.00416734653738527,0.03245293569630137,0.028285589158916102,0.11966827174420104,0.14785662746485861
252_T1_vs_T2,longitudinal,3,LShin_to_LFoot_ry,LShin_to_LFoot,ry,0.03344289194711423,0.06464277456007705,0.031199882612962825,0.11966827174420104,0.14785662746485861
252_T1_vs_T2,longitudinal,3,LShin_to_LFoot_rz,LShin_to_LFoot,rz,0.020528709994021194,0.021424558240393077,0.0008958482463718824,0.11966827174420104,0.14785662746485861
252_T1_vs_T2,longitudinal,3,LShoulder_to_LUArm_rx,LShoulder_to_LUArm,rx,0.08628776381869172,0.20450114425865226,0.11821338043996055,0.11966827174420104,0.14785662746485861
252_T1_vs_T2,longitudinal,3,LShoulder_to_LUArm_ry,LShoulder_to_LUArm,ry,0.1998700208958919,0.2814866353562999,0.08161661446040802,0.11966827174420104,0.14785662746485861
252_T1_vs_T2,longitudinal,3,LShoulder_to_LUArm_rz,LShoulder_to_LUArm,rz,0.11216908630886548,0.017352830402567333,-0.09481625590629814,0.11966827174420104,0.14785662746485861
252_T1_vs_T2,longitudinal,3,LThigh_to_LShin_rx,LThigh_to_LShin,rx,0.17871706320092645,0.18044529656100752,0.0017282333600810718,0.11966827174420104,0.14785662746485861
252_T1_vs_T2,longitudinal,3,LThigh_to_LShin_ry,LThigh_to_LShin,ry,1.3634188818111709e-08,1.4403622569613064e-08,7.694337515013546e-10,0.11966827174420104,0.14785662746485861
252_T1_vs_T2,longitudinal,3,LThigh_to_LShin_rz,LThigh_to_LShin,rz,6.740901398456365e-09,5.117567791521915e-10,-6.229144619304173e-09,0.11966827174420104,0.14785662746485861
252_T1_vs_T2,longitudinal,3,LUArm_to_LFArm_rx,LUArm_to_LFArm,rx,0.3315849947306681,0.18168710202052732,-0.14989789271014078,0.11966827174420104,0.14785662746485861
252_T1_vs_T2,longitudinal,3,LUArm_to_LFArm_ry,LUArm_to_LFArm,ry,0.2578553640615441,0.36761171144535587,0.10975634738381179,0.11966827174420104,0.14785662746485861
252_T1_vs_T2,longitudinal,3,LUArm_to_LFArm_rz,LUArm_to_LFArm,rz,0.11952779136321114,0.1332641801307966,0.01373638876758547,0.11966827174420104,0.14785662746485861
252_T1_vs_T2,longitudinal,3,Neck_to_Head_rx,Neck_to_Head,rx,0.021400288610044612,0.010332873303203854,-0.011067415306840758,0.11966827174420104,0.14785662746485861
252_T1_vs_T2,longitudinal,3,Neck_to_Head_ry,Neck_to_Head,ry,0.014669916604860455,0.03318820265146591,0.018518286046605454,0.11966827174420104,0.14785662746485861
252_T1_vs_T2,longitudinal,3,Neck_to_Head_rz,Neck_to_Head,rz,0.018998256326477534,0.017949041909685628,-0.0010492144167919062,0.11966827174420104,0.14785662746485861
252_T1_vs_T2,longitudinal,3,RFArm_to_RHand_rx,RFArm_to_RHand,rx,0.0008373196920047261,0.0031109340077474963,0.0022736143157427702,0.11966827174420104,0.14785662746485861
252_T1_vs_T2,longitudinal,3,RFArm_to_RHand_ry,RFArm_to_RHand,ry,0.020106784761738206,0.015800067830134722,-0.004306716931603484,0.11966827174420104,0.14785662746485861
252_T1_vs_T2,longitudinal,3,RFArm_to_RHand_rz,RFArm_to_RHand,rz,0.02709623510295176,0.016480147519319442,-0.01061608758363232,0.11966827174420104,0.14785662746485861
252_T1_vs_T2,longitudinal,3,RShin_to_RFoot_rx,RShin_to_RFoot,rx,0.10115601846648864,0.12510960283125513,0.023953584364766495,0.11966827174420104,0.14785662746485861
252_T1_vs_T2,longitudinal,3,RShin_to_RFoot_ry,RShin_to_RFoot,ry,0.029051762973959856,0.0019844272652940354,-0.02706733570866582,0.11966827174420104,0.14785662746485861
252_T1_vs_T2,longitudinal,3,RShin_to_RFoot_rz,RShin_to_RFoot,rz,0.034904634202969076,0.04557121237198712,0.010666578169018046,0.11966827174420104,0.14785662746485861
252_T1_vs_T2,longitudinal,3,RShoulder_to_RUArm_rx,RShoulder_to_RUArm,rx,0.36031576767013346,0.31695444376835863,-0.04336132390177483,0.11966827174420104,0.14785662746485861
252_T1_vs_T2,longitudinal,3,RShoulder_to_RUArm_ry,RShoulder_to_RUArm,ry,0.04094181333454385,0.14165373300755268,0.10071191967300883,0.11966827174420104,0.14785662746485861
252_T1_vs_T2,longitudinal,3,RShoulder_to_RUArm_rz,RShoulder_to_RUArm,rz,0.0581947906238156,0.08586502045841606,0.027670229834600456,0.11966827174420104,0.14785662746485861
252_T1_vs_T2,longitudinal,3,RThigh_to_RShin_rx,RThigh_to_RShin,rx,0.2623615327645557,0.345212553546583,0.08285102078202727,0.11966827174420104,0.14785662746485861
252_T1_vs_T2,longitudinal,3,RThigh_to_RShin_ry,RThigh_to_RShin,ry,9.045377236721838e-09,2.1049276242788343e-08,1.2003899006066505e-08,0.11966827174420104,0.14785662746485861
252_T1_vs_T2,longitudinal,3,RThigh_to_RShin_rz,RThigh_to_RShin,rz,6.136412926633954e-09,3.4882309559749306e-08,2.874589663311535e-08,0.11966827174420104,0.14785662746485861
252_T1_vs_T2,longitudinal,3,RUArm_to_RFArm_rx,RUArm_to_RFArm,rx,0.2925673111538683,0.24478876637375765,-0.04777854478011065,0.11966827174420104,0.14785662746485861
252_T1_vs_T2,longitudinal,3,RUArm_to_RFArm_ry,RUArm_to_RFArm,ry,0.6058467513452551,0.46175182408000737,-0.14409492726524775,0.11966827174420104,0.14785662746485861
252_T1_vs_T2,longitudinal,3,RUArm_to_RFArm_rz,RUArm_to_RFArm,rz,0.04503826532938896,0.031269106233917425,-0.013769159095471536,0.11966827174420104,0.14785662746485861
252_T1_vs_T2,longitudinal,4,252_to_LThigh_rx,252_to_LThigh,rx,0.29343137869702185,0.10198576754224431,-0.19144561115477754,0.08463877047967566,0.11079597719350663
252_T1_vs_T2,longitudinal,4,252_to_LThigh_ry,252_to_LThigh,ry,0.06454772181892336,0.023093004801280098,-0.041454717017643264,0.08463877047967566,0.11079597719350663
252_T1_vs_T2,longitudinal,4,252_to_LThigh_rz,252_to_LThigh,rz,0.08924238724955731,0.01523479816268585,-0.07400758908687147,0.08463877047967566,0.11079597719350663
252_T1_vs_T2,longitudinal,4,252_to_RThigh_rx,252_to_RThigh,rx,0.14899923415758973,0.04661631276057152,-0.10238292139701821,0.08463877047967566,0.11079597719350663
252_T1_vs_T2,longitudinal,4,252_to_RThigh_ry,252_to_RThigh,ry,0.04791379512667564,0.04228713480856293,-0.005626660318112708,0.08463877047967566,0.11079597719350663
252_T1_vs_T2,longitudinal,4,252_to_RThigh_rz,252_to_RThigh,rz,0.05930741122917572,0.061400940474377025,0.0020935292452013074,0.08463877047967566,0.11079597719350663
252_T1_vs_T2,longitudinal,4,Chest_to_LShoulder_rx,Chest_to_LShoulder,rx,0.05027891264132115,0.019693574023495322,-0.03058533861782583,0.08463877047967566,0.11079597719350663
252_T1_vs_T2,longitudinal,4,Chest_to_LShoulder_ry,Chest_to_LShoulder,ry,0.0006968389956013056,0.013202096875322025,0.012505257879720719,0.08463877047967566,0.11079597719350663
252_T1_vs_T2,longitudinal,4,Chest_to_LShoulder_rz,Chest_to_LShoulder,rz,0.004166656747874082,0.012959688257284078,0.008793031509409997,0.08463877047967566,0.11079597719350663
252_T1_vs_T2,longitudinal,4,Chest_to_Neck_rx,Chest_to_Neck,rx,0.06644578665247361,0.023615247182083063,-0.04283053947039055,0.08463877047967566,0.11079597719350663
252_T1_vs_T2,longitudinal,4,Chest_to_Neck_ry,Chest_to_Neck,ry,0.030457312046481104,0.013029769621838178,-0.017427542424642926,0.08463877047967566,0.11079597719350663
252_T1_vs_T2,longitudinal,4,Chest_to_Neck_rz,Chest_to_Neck,rz,0.01508671067205787,0.017657373553581778,0.0025706628815239073,0.08463877047967566,0.11079597719350663
252_T1_vs_T2,longitudinal,4,Chest_to_RShoulder_rx,Chest_to_RShoulder,rx,0.010195817095821067,0.017147360143353524,0.006951543047532456,0.08463877047967566,0.11079597719350663
252_T1_vs_T2,longitudinal,4,Chest_to_RShoulder_ry,Chest_to_RShoulder,ry,0.012978565558782835,0.00302700476766428,-0.009951560791118554,0.08463877047967566,0.11079597719350663
252_T1_vs_T2,longitudinal,4,Chest_to_RShoulder_rz,Chest_to_RShoulder,rz,0.07148174158701547,0.02823528092101472,-0.04324646066600074,0.08463877047967566,0.11079597719350663
252_T1_vs_T2,longitudinal,4,LFArm_to_LHand_rx,LFArm_to_LHand,rx,0.01063878574889797,0.0007163253422597226,-0.009922460406638247,0.08463877047967566,0.11079597719350663
252_T1_vs_T2,longitudinal,4,LFArm_to_LHand_ry,LFArm_to_LHand,ry,0.06904826235746322,0.01980010898065333,-0.04924815337680989,0.08463877047967566,0.11079597719350663
252_T1_vs_T2,longitudinal,4,LFArm_to_LHand_rz,LFArm_to_LHand,rz,0.1228682314154637,0.0038564132224824387,-0.11901181819298126,0.08463877047967566,0.11079597719350663
252_T1_vs_T2,longitudinal,4,LShin_to_LFoot_rx,LShin_to_LFoot,rx,0.0878175329879622,0.04692256065276258,-0.04089497233519962,0.08463877047967566,0.11079597719350663
252_T1_vs_T2,longitudinal,4,LShin_to_LFoot_ry,LShin_to_LFoot,ry,0.05925422053841052,0.0430916880056136,-0.016162532532796918,0.08463877047967566,0.11079597719350663
252_T1_vs_T2,longitudinal,4,LShin_to_LFoot_rz,LShin_to_LFoot,rz,0.045120754081807136,0.028614273516417665,-0.016506480565389472,0.08463877047967566,0.11079597719350663
252_T1_vs_T2,longitudinal,4,LShoulder_to_LUArm_rx,LShoulder_to_LUArm,rx,0.3865550964929335,0.4273946794130365,0.04083958292010298,0.08463877047967566,0.11079597719350663
252_T1_vs_T2,longitudinal,4,LShoulder_to_LUArm_ry,LShoulder_to_LUArm,ry,0.19526852811949408,0.05494547710098921,-0.14032305101850487,0.08463877047967566,0.11079597719350663
252_T1_vs_T2,longitudinal,4,LShoulder_to_LUArm_rz,LShoulder_to_LUArm,rz,0.05566222295692531,0.14822303018296923,0.09256080722604393,0.08463877047967566,0.11079597719350663
252_T1_vs_T2,longitudinal,4,LThigh_to_LShin_rx,LThigh_to_LShin,rx,0.27519423534612053,0.1660111742933606,-0.10918306105275993,0.08463877047967566,0.11079597719350663
252_T1_vs_T2,longitudinal,4,LThigh_to_LShin_ry,LThigh_to_LShin,ry,5.634101869116086e-09,5.767001056954147e-09,1.3289918783806145e-10,0.08463877047967566,0.11079597719350663
252_T1_vs_T2,longitudinal,4,LThigh_to_LShin_rz,LThigh_to_LShin,rz,5.220823338537879e-09,2.3679628650724262e-08,1.845880531218638e-08,0.08463877047967566,0.11079597719350663
252_T1_vs_T2,longitudinal,4,LUArm_to_LFArm_rx,LUArm_to_LFArm,rx,0.5113514669117948,0.5402624173943986,0.028910950482603837,0.08463877047967566,0.11079597719350663
252_T1_vs_T2,longitudinal,4,LUArm_to_LFArm_ry,LUArm_to_LFArm,ry,0.14143240307679594,0.09620282748946335,-0.04522957558733259,0.08463877047967566,0.11079597719350663
252_T1_vs_T2,longitudinal,4,LUArm_to_LFArm_rz,LUArm_to_LFArm,rz,0.2615146552014092,0.3444921436022498,0.08297748840084057,0.08463877047967566,0.11079597719350663
252_T1_vs_T2,longitudinal,4,Neck_to_Head_rx,Neck_to_Head,rx,0.06604799334257522,0.02351473257484643,-0.04253326076772879,0.08463877047967566,0.11079597719350663
252_T1_vs_T2,longitudinal,4,Neck_to_Head_ry,Neck_to_Head,ry,0.02724546109490948,0.009577465035817993,-0.017667996059091487,0.08463877047967566,0.11079597719350663
252_T1_vs_T2,longitudinal,4,Neck_to_Head_rz,Neck_to_Head,rz,0.020649781876953814,0.01983561538098954,-0.0008141664959642747,0.08463877047967566,0.11079597719350663
252_T1_vs_T2,longitudinal,4,RFArm_to_RHand_rx,RFArm_to_RHand,rx,0.006204605079668356,0.00574624899740183,-0.0004583560822665261,0.08463877047967566,0.11079597719350663
252_T1_vs_T2,longitudinal,4,RFArm_to_RHand_ry,RFArm_to_RHand,ry,0.011328737873714797,0.05102889317362324,0.039700155299908446,0.08463877047967566,0.11079597719350663
252_T1_vs_T2,longitudinal,4,RFArm_to_RHand_rz,RFArm_to_RHand,rz,0.04083282710742666,0.07012474394127854,0.029291916833851885,0.08463877047967566,0.11079597719350663
252_T1_vs_T2,longitudinal,4,RShin_to_RFoot_rx,RShin_to_RFoot,rx,0.011165108959651773,0.018435674403327367,0.007270565443675594,0.08463877047967566,0.11079597719350663
252_T1_vs_T2,longitudinal,4,RShin_to_RFoot_ry,RShin_to_RFoot,ry,0.07193200059274994,0.01960667130199638,-0.052325329290753564,0.08463877047967566,0.11079597719350663
252_T1_vs_T2,longitudinal,4,RShin_to_RFoot_rz,RShin_to_RFoot,rz,0.05286811226559904,0.0082259505271019,-0.04464216173849714,0.08463877047967566,0.11079597719350663
252_T1_vs_T2,longitudinal,4,RShoulder_to_RUArm_rx,RShoulder_to_RUArm,rx,0.2509797218284862,0.06770740808472159,-0.18327231374376463,0.08463877047967566,0.11079597719350663
252_T1_vs_T2,longitudinal,4,RShoulder_to_RUArm_ry,RShoulder_to_RUArm,ry,0.2790151859385668,0.1145334190481464,-0.16448176689042038,0.08463877047967566,0.11079597719350663
252_T1_vs_T2,longitudinal,4,RShoulder_to_RUArm_rz,RShoulder_to_RUArm,rz,0.16345327247269828,0.08140691298047563,-0.08204635949222265,0.08463877047967566,0.11079597719350663
252_T1_vs_T2,longitudinal,4,RThigh_to_RShin_rx,RThigh_to_RShin,rx,0.08719002530849311,0.06858918444367108,-0.018600840864822027,0.08463877047967566,0.11079597719350663
252_T1_vs_T2,longitudinal,4,RThigh_to_RShin_ry,RThigh_to_RShin,ry,3.0167517936071467e-08,2.8403393853191974e-08,-1.7641240828794921e-09,0.08463877047967566,0.11079597719350663
252_T1_vs_T2,longitudinal,4,RThigh_to_RShin_rz,RThigh_to_RShin,rz,6.486144384604033e-09,2.7980397224606807e-08,2.1494252840002774e-08,0.08463877047967566,0.11079597719350663
252_T1_vs_T2,longitudinal,4,RUArm_to_RFArm_rx,RUArm_to_RFArm,rx,0.06735699402097202,0.08187277855583258,0.014515784534860562,0.08463877047967566,0.11079597719350663
252_T1_vs_T2,longitudinal,4,RUArm_to_RFArm_ry,RUArm_to_RFArm,ry,0.12396052814961281,0.5162374002563154,0.3922768721067026,0.08463877047967566,0.11079597719350663
252_T1_vs_T2,longitudinal,4,RUArm_to_RFArm_rz,RUArm_to_RFArm,rz,0.015467565407084658,0.07935234024715676,0.0638847748400721,0.08463877047967566,0.11079597719350663
252_T1_vs_T2,longitudinal,5,252_to_LThigh_rx,252_to_LThigh,rx,0.187989102040456,0.002970761987561421,-0.18501834005289458,0.07130647317670749,0.08181505247206017
252_T1_vs_T2,longitudinal,5,252_to_LThigh_ry,252_to_LThigh,ry,0.01909286823052838,0.033611957704084865,0.014519089473556485,0.07130647317670749,0.08181505247206017
252_T1_vs_T2,longitudinal,5,252_to_LThigh_rz,252_to_LThigh,rz,0.10613904078443673,0.04929428588069389,-0.056844754903742835,0.07130647317670749,0.08181505247206017
252_T1_vs_T2,longitudinal,5,252_to_RThigh_rx,252_to_RThigh,rx,0.36349129745897285,0.350534723732804,-0.012956573726168874,0.07130647317670749,0.08181505247206017
252_T1_vs_T2,longitudinal,5,252_to_RThigh_ry,252_to_RThigh,ry,0.014071096562848636,0.020733357798595208,0.0066622612357465725,0.07130647317670749,0.08181505247206017
252_T1_vs_T2,longitudinal,5,252_to_RThigh_rz,252_to_RThigh,rz,0.01831672529867195,0.09418690986399315,0.0758701845653212,0.07130647317670749,0.08181505247206017
252_T1_vs_T2,longitudinal,5,Chest_to_LShoulder_rx,Chest_to_LShoulder,rx,0.0005333519041343599,0.02008266831242073,0.01954931640828637,0.07130647317670749,0.08181505247206017
252_T1_vs_T2,longitudinal,5,Chest_to_LShoulder_ry,Chest_to_LShoulder,ry,0.08020370271415626,0.03371882639476033,-0.046484876319395935,0.07130647317670749,0.08181505247206017
252_T1_vs_T2,longitudinal,5,Chest_to_LShoulder_rz,Chest_to_LShoulder,rz,0.019678920603994964,0.025476163779852606,0.0057972431758576415,0.07130647317670749,0.08181505247206017
252_T1_vs_T2,longitudinal,5,Chest_to_Neck_rx,Chest_to_Neck,rx,0.025542271642491298,0.04059809631088224,0.015055824668390939,0.07130647317670749,0.08181505247206017
252_T1_vs_T2,longitudinal,5,Chest_to_Neck_ry,Chest_to_Neck,ry,0.04913852991502622,0.016797536645759215,-0.03234099326926701,0.07130647317670749,0.08181505247206017
252_T1_vs_T2,longitudinal,5,Chest_to_Neck_rz,Chest_to_Neck,rz,0.04961639480860634,0.06948053672692463,0.019864141918318284,0.07130647317670749,0.08181505247206017
252_T1_vs_T2,longitudinal,5,Chest_to_RShoulder_rx,Chest_to_RShoulder,rx,0.018146144972010444,0.021179866045268697,0.0030337210732582533,0.07130647317670749,0.08181505247206017
252_T1_vs_T2,longitudinal,5,Chest_to_RShoulder_ry,Chest_to_RShoulder,ry,0.0319130013808383,0.005518064406295706,-0.026394936974542597,0.07130647317670749,0.08181505247206017
252_T1_vs_T2,longitudinal,5,Chest_to_RShoulder_rz,Chest_to_RShoulder,rz,0.09731455524024804,0.008354783740349023,-0.08895977149989902,0.07130647317670749,0.08181505247206017
252_T1_vs_T2,longitudinal,5,LFArm_to_LHand_rx,LFArm_to_LHand,rx,0.019016885516622475,0.0028842699715932022,-0.01613261554502927,0.07130647317670749,0.08181505247206017
252_T1_vs_T2,longitudinal,5,LFArm_to_LHand_ry,LFArm_to_LHand,ry,0.07943272816552202,0.05760768670288771,-0.02182504146263431,0.07130647317670749,0.08181505247206017
252_T1_vs_T2,longitudinal,5,LFArm_to_LHand_rz,LFArm_to_LHand,rz,0.13554318805047136,0.04981959125105615,-0.08572359679941521,0.07130647317670749,0.08181505247206017
252_T1_vs_T2,longitudinal,5,LShin_to_LFoot_rx,LShin_to_LFoot,rx,0.019279061930956735,0.07244688494078193,0.05316782300982519,0.07130647317670749,0.08181505247206017
252_T1_vs_T2,longitudinal,5,LShin_to_LFoot_ry,LShin_to_LFoot,ry,0.07523113091436116,0.05144766038200277,-0.023783470532358394,0.07130647317670749,0.08181505247206017
252_T1_vs_T2,longitudinal,5,LShin_to_LFoot_rz,LShin_to_LFoot,rz,0.04700581258946182,0.011940156552398985,-0.03506565603706284,0.07130647317670749,0.08181505247206017
252_T1_vs_T2,longitudinal,5,LShoulder_to_LUArm_rx,LShoulder_to_LUArm,rx,0.0790343676556871,0.056829839644975275,-0.02220452801071182,0.07130647317670749,0.08181505247206017
252_T1_vs_T2,longitudinal,5,LShoulder_to_LUArm_ry,LShoulder_to_LUArm,ry,0.27595742985943944,0.07399653448556276,-0.20196089537387668,0.07130647317670749,0.08181505247206017
252_T1_vs_T2,longitudinal,5,LShoulder_to_LUArm_rz,LShoulder_to_LUArm,rz,0.19037517099604054,0.20582355452681475,0.015448383530774212,0.07130647317670749,0.08181505247206017
252_T1_vs_T2,longitudinal,5,LThigh_to_LShin_rx,LThigh_to_LShin,rx,0.5403725337948401,0.2629323890053799,-0.27744014478946016,0.07130647317670749,0.08181505247206017
252_T1_vs_T2,longitudinal,5,LThigh_to_LShin_ry,LThigh_to_LShin,ry,4.488613107905588e-08,5.025393669316921e-08,5.3678056141133256e-09,0.07130647317670749,0.08181505247206017
252_T1_vs_T2,longitudinal,5,LThigh_to_LShin_rz,LThigh_to_LShin,rz,2.7485433274732165e-08,5.496719518568944e-08,2.7481761910957274e-08,0.07130647317670749,0.08181505247206017
252_T1_vs_T2,longitudinal,5,LUArm_to_LFArm_rx,LUArm_to_LFArm,rx,0.20165994871538537,0.09247773990679986,-0.1091822088085855,0.07130647317670749,0.08181505247206017
252_T1_vs_T2,longitudinal,5,LUArm_to_LFArm_ry,LUArm_to_LFArm,ry,0.099445336460567,0.44470119763934063,0.3452558611787736,0.07130647317670749,0.08181505247206017
252_T1_vs_T2,longitudinal,5,LUArm_to_LFArm_rz,LUArm_to_LFArm,rz,0.022244464572389436,0.020115055519811534,-0.0021294090525779026,0.07130647317670749,0.08181505247206017
252_T1_vs_T2,longitudinal,5,Neck_to_Head_rx,Neck_to_Head,rx,0.02563495803104018,0.04057669136660383,0.014941733335563648,0.07130647317670749,0.08181505247206017
252_T1_vs_T2,longitudinal,5,Neck_to_Head_ry,Neck_to_Head,ry,0.057678504131523665,0.029845682949060114,-0.027832821182463552,0.07130647317670749,0.08181505247206017
252_T1_vs_T2,longitudinal,5,Neck_to_Head_rz,Neck_to_Head,rz,0.03928230452490643,0.06481503233567229,0.025532727810765862,0.07130647317670749,0.08181505247206017
252_T1_vs_T2,longitudinal,5,RFArm_to_RHand_rx,RFArm_to_RHand,rx,0.005859828250924205,0.0029269897945100485,-0.0029328384564141566,0.07130647317670749,0.08181505247206017
252_T1_vs_T2,longitudinal,5,RFArm_to_RHand_ry,RFArm_to_RHand,ry,0.05172459962783147,0.02833910472034222,-0.02338549490748925,0.07130647317670749,0.08181505247206017
252_T1_vs_T2,longitudinal,5,RFArm_to_RHand_rz,RFArm_to_RHand,rz,0.01082084862649444,0.002374487238811305,-0.008446361387683135,0.07130647317670749,0.08181505247206017
252_T1_vs_T2,longitudinal,5,RShin_to_RFoot_rx,RShin_to_RFoot,rx,0.0029738396828632814,0.09752834610753848,0.0945545064246752,0.07130647317670749,0.08181505247206017
252_T1_vs_T2,longitudinal,5,RShin_to_RFoot_ry,RShin_to_RFoot,ry,0.04919021500535185,0.10997854549202622,0.06078833048667437,0.07130647317670749,0.08181505247206017
252_T1_vs_T2,longitudinal,5,RShin_to_RFoot_rz,RShin_to_RFoot,rz,0.03222687142957928,0.06194344765553498,0.0297165762259557,0.07130647317670749,0.08181505247206017
252_T1_vs_T2,longitudinal,5,RShoulder_to_RUArm_rx,RShoulder_to_RUArm,rx,0.10185766305527634,0.11540589966714973,0.01354823661187339,0.07130647317670749,0.08181505247206017
252_T1_vs_T2,longitudinal,5,RShoulder_to_RUArm_ry,RShoulder_to_RUArm,ry,0.029141715860568202,0.040608795810588724,0.011467079950020522,0.07130647317670749,0.08181505247206017
252_T1_vs_T2,longitudinal,5,RShoulder_to_RUArm_rz,RShoulder_to_RUArm,rz,0.15670302792903568,0.15541842447820542,-0.0012846034508302573,0.07130647317670749,0.08181505247206017
252_T1_vs_T2,longitudinal,5,RThigh_to_RShin_rx,RThigh_to_RShin,rx,0.27295388513719565,0.5979718189179731,0.3250179337807775,0.07130647317670749,0.08181505247206017
252_T1_vs_T2,longitudinal,5,RThigh_to_RShin_ry,RThigh_to_RShin,ry,1.3348956493702441e-08,9.545392721444118e-09,-3.803563772258323e-09,0.07130647317670749,0.08181505247206017
252_T1_vs_T2,longitudinal,5,RThigh_to_RShin_rz,RThigh_to_RShin,rz,3.575536668397956e-09,2.8526021417745982e-08,2.4950484749348026e-08,0.07130647317670749,0.08181505247206017
252_T1_vs_T2,longitudinal,5,RUArm_to_RFArm_rx,RUArm_to_RFArm,rx,0.1398181271724052,0.06859533917105158,-0.0712227880013536,0.07130647317670749,0.08181505247206017
252_T1_vs_T2,longitudinal,5,RUArm_to_RFArm_ry,RUArm_to_RFArm,ry,0.39430398767219255,0.2529388424483589,-0.14136514522383364,0.07130647317670749,0.08181505247206017
252_T1_vs_T2,longitudinal,5,RUArm_to_RFArm_rz,RUArm_to_RFArm,rz,0.07137952490467338,0.12497727649691176,0.05359775159223838,0.07130647317670749,0.08181505247206017
252_T1_vs_T2,longitudinal,6,252_to_LThigh_rx,252_to_LThigh,rx,0.09758306088205015,0.3726285745177663,0.27504551363571617,0.0552453584404885,0.07148463532044784
252_T1_vs_T2,longitudinal,6,252_to_LThigh_ry,252_to_LThigh,ry,0.055995085964827274,0.005787771644635544,-0.05020731432019173,0.0552453584404885,0.07148463532044784
252_T1_vs_T2,longitudinal,6,252_to_LThigh_rz,252_to_LThigh,rz,0.017194331662942895,0.030003078753680985,0.01280874709073809,0.0552453584404885,0.07148463532044784
252_T1_vs_T2,longitudinal,6,252_to_RThigh_rx,252_to_RThigh,rx,0.10501918937026893,0.1860954465492435,0.08107625717897458,0.0552453584404885,0.07148463532044784
252_T1_vs_T2,longitudinal,6,252_to_RThigh_ry,252_to_RThigh,ry,0.03955712933624816,0.008982605642176232,-0.030574523694071924,0.0552453584404885,0.07148463532044784
252_T1_vs_T2,longitudinal,6,252_to_RThigh_rz,252_to_RThigh,rz,0.07611663174833876,0.05313329390728173,-0.02298333784105703,0.0552453584404885,0.07148463532044784
252_T1_vs_T2,longitudinal,6,Chest_to_LShoulder_rx,Chest_to_LShoulder,rx,0.009037066618166039,0.036666295451853015,0.027629228833686976,0.0552453584404885,0.07148463532044784
252_T1_vs_T2,longitudinal,6,Chest_to_LShoulder_ry,Chest_to_LShoulder,ry,0.0025910254004572956,0.002911424162430499,0.00032039876197320323,0.0552453584404885,0.07148463532044784
252_T1_vs_T2,longitudinal,6,Chest_to_LShoulder_rz,Chest_to_LShoulder,rz,0.04422487274525851,0.04127606510097154,-0.0029488076442869757,0.0552453584404885,0.07148463532044784
252_T1_vs_T2,longitudinal,6,Chest_to_Neck_rx,Chest_to_Neck,rx,0.08076108511973659,0.10245698447797932,0.021695899358242732,0.0552453584404885,0.07148463532044784
252_T1_vs_T2,longitudinal,6,Chest_to_Neck_ry,Chest_to_Neck,ry,0.027106723979328225,0.022561227705769536,-0.004545496273558689,0.0552453584404885,0.07148463532044784
252_T1_vs_T2,longitudinal,6,Chest_to_Neck_rz,Chest_to_Neck,rz,0.03862184482531165,0.0015331960263565098,-0.03708864879895514,0.0552453584404885,0.07148463532044784
252_T1_vs_T2,longitudinal,6,Chest_to_RShoulder_rx,Chest_to_RShoulder,rx,0.010753413042956197,0.025200591273826057,0.01444717823086986,0.0552453584404885,0.07148463532044784
252_T1_vs_T2,longitudinal,6,Chest_to_RShoulder_ry,Chest_to_RShoulder,ry,0.0033365931980197396,0.0069861082202822625,0.003649515022262523,0.0552453584404885,0.07148463532044784
252_T1_vs_T2,longitudinal,6,Chest_to_RShoulder_rz,Chest_to_RShoulder,rz,0.03526620132113582,0.08578130146065191,0.050515100139516086,0.0552453584404885,0.07148463532044784
252_T1_vs_T2,longitudinal,6,LFArm_to_LHand_rx,LFArm_to_LHand,rx,0.0044760776368810125,0.007454375319163778,0.0029782976822827654,0.0552453584404885,0.07148463532044784
252_T1_vs_T2,longitudinal,6,LFArm_to_LHand_ry,LFArm_to_LHand,ry,0.008750077811401205,0.02598036698599704,0.017230289174595834,0.0552453584404885,0.07148463532044784
252_T1_vs_T2,longitudinal,6,LFArm_to_LHand_rz,LFArm_to_LHand,rz,0.013357286828969302,0.0604211512291486,0.0470638644001793,0.0552453584404885,0.07148463532044784
252_T1_vs_T2,longitudinal,6,LShin_to_LFoot_rx,LShin_to_LFoot,rx,0.06704728174021164,0.1317783518159785,0.06473107007576685,0.0552453584404885,0.07148463532044784
252_T1_vs_T2,longitudinal,6,LShin_to_LFoot_ry,LShin_to_LFoot,ry,0.025555727674787705,0.078538013580674,0.052982285905886294,0.0552453584404885,0.07148463532044784
252_T1_vs_T2,longitudinal,6,LShin_to_LFoot_rz,LShin_to_LFoot,rz,0.03138565736406892,0.0699659956975929,0.038580338333523985,0.0552453584404885,0.07148463532044784
252_T1_vs_T2,longitudinal,6,LShoulder_to_LUArm_rx,LShoulder_to_LUArm,rx,0.20687952684666233,0.012465315160437357,-0.19441421168622497,0.0552453584404885,0.07148463532044784
252_T1_vs_T2,longitudinal,6,LShoulder_to_LUArm_ry,LShoulder_to_LUArm,ry,0.13588002686539796,0.07582860560707678,-0.06005142125832118,0.0552453584404885,0.07148463532044784
252_T1_vs_T2,longitudinal,6,LShoulder_to_LUArm_rz,LShoulder_to_LUArm,rz,0.3306783792828887,0.06378113587227717,-0.2668972434106115,0.0552453584404885,0.07148463532044784
252_T1_vs_T2,longitudinal,6,LThigh_to_LShin_rx,LThigh_to_LShin,rx,0.001065764207660874,0.39304654965518737,0.3919807854475265,0.0552453584404885,0.07148463532044784
252_T1_vs_T2,longitudinal,6,LThigh_to_LShin_ry,LThigh_to_LShin,ry,9.434496654971383e-09,1.7558959036587868e-08,8.124462381616486e-09,0.0552453584404885,0.07148463532044784
252_T1_vs_T2,longitudinal,6,LThigh_to_LShin_rz,LThigh_to_LShin,rz,3.8704139518703814e-08,1.409829939253502e-08,-2.4605840126168794e-08,0.0552453584404885,0.07148463532044784
252_T1_vs_T2,longitudinal,6,LUArm_to_LFArm_rx,LUArm_to_LFArm,rx,0.27911305529870983,0.021062826950649403,-0.2580502283480604,0.0552453584404885,0.07148463532044784
252_T1_vs_T2,longitudinal,6,LUArm_to_LFArm_ry,LUArm_to_LFArm,ry,0.42953991901709676,0.008441297045944313,-0.42109862197115244,0.0552453584404885,0.07148463532044784
252_T1_vs_T2,longitudinal,6,LUArm_to_LFArm_rz,LUArm_to_LFArm,rz,0.15224051910493192,0.06374661831336394,-0.08849390079156798,0.0552453584404885,0.07148463532044784
252_T1_vs_T2,longitudinal,6,Neck_to_Head_rx,Neck_to_Head,rx,0.0807968765491369,0.10222330837056647,0.02142643182142956,0.0552453584404885,0.07148463532044784
252_T1_vs_T2,longitudinal,6,Neck_to_Head_ry,Neck_to_Head,ry,0.019088663630740618,0.021773551603949427,0.002684887973208809,0.0552453584404885,0.07148463532044784
252_T1_vs_T2,longitudinal,6,Neck_to_Head_rz,Neck_to_Head,rz,0.042947176891380674,0.005763959073357901,-0.03718321781802277,0.0552453584404885,0.07148463532044784
252_T1_vs_T2,longitudinal,6,RFArm_to_RHand_rx,RFArm_to_RHand,rx,0.000977735064331577,0.005707495475315731,0.004729760410984154,0.0552453584404885,0.07148463532044784
252_T1_vs_T2,longitudinal,6,RFArm_to_RHand_ry,RFArm_to_RHand,ry,0.002821587769642573,0.033194302833533376,0.030372715063890804,0.0552453584404885,0.07148463532044784
252_T1_vs_T2,longitudinal,6,RFArm_to_RHand_rz,RFArm_to_RHand,rz,0.003192258261889437,0.017358776955475927,0.01416651869358649,0.0552453584404885,0.07148463532044784
252_T1_vs_T2,longitudinal,6,RShin_to_RFoot_rx,RShin_to_RFoot,rx,0.11793195432602357,0.10034698332269894,-0.017584971003324637,0.0552453584404885,0.07148463532044784
252_T1_vs_T2,longitudinal,6,RShin_to_RFoot_ry,RShin_to_RFoot,ry,0.07542713932998024,0.10529217877605201,0.029865039446071773,0.0552453584404885,0.07148463532044784
252_T1_vs_T2,longitudinal,6,RShin_to_RFoot_rz,RShin_to_RFoot,rz,0.07466921165729799,0.11063024529237692,0.03596103363507892,0.0552453584404885,0.07148463532044784
252_T1_vs_T2,longitudinal,6,RShoulder_to_RUArm_rx,RShoulder_to_RUArm,rx,0.13397303725458784,0.19881856775419823,0.0648455304996104,0.0552453584404885,0.07148463532044784
252_T1_vs_T2,longitudinal,6,RShoulder_to_RUArm_ry,RShoulder_to_RUArm,ry,0.3250393173027376,0.5174583562051953,0.1924190389024577,0.0552453584404885,0.07148463532044784
252_T1_vs_T2,longitudinal,6,RShoulder_to_RUArm_rz,RShoulder_to_RUArm,rz,0.17636705363563532,0.07382148927065131,-0.10254556436498401,0.0552453584404885,0.07148463532044784
252_T1_vs_T2,longitudinal,6,RThigh_to_RShin_rx,RThigh_to_RShin,rx,0.45798867818775985,0.3259074204104483,-0.13208125777731156,0.0552453584404885,0.07148463532044784
252_T1_vs_T2,longitudinal,6,RThigh_to_RShin_ry,RThigh_to_RShin,ry,1.1368284787493444e-08,6.564297934509595e-10,-1.0711854994042483e-08,0.0552453584404885,0.07148463532044784
252_T1_vs_T2,longitudinal,6,RThigh_to_RShin_rz,RThigh_to_RShin,rz,5.994165220419803e-08,4.1035800260188735e-08,-1.89058519440093e-08,0.0552453584404885,0.07148463532044784
252_T1_vs_T2,longitudinal,6,RUArm_to_RFArm_rx,RUArm_to_RFArm,rx,0.19596272603194048,0.15178699216347077,-0.04417573386846971,0.0552453584404885,0.07148463532044784
252_T1_vs_T2,longitudinal,6,RUArm_to_RFArm_ry,RUArm_to_RFArm,ry,0.23814780186757636,0.3137411512726953,0.07559334940511894,0.0552453584404885,0.07148463532044784
252_T1_vs_T2,longitudinal,6,RUArm_to_RFArm_rz,RUArm_to_RFArm,rz,0.01965801298641352,0.11182893046136304,0.09217091747494952,0.0552453584404885,0.07148463532044784
252_T1_vs_T2,longitudinal,7,252_to_LThigh_rx,252_to_LThigh,rx,0.3012573421466103,0.20600709823694902,-0.0952502439096613,0.04499480341351051,0.058090312134414464
252_T1_vs_T2,longitudinal,7,252_to_LThigh_ry,252_to_LThigh,ry,0.05614272515280303,0.0012435597901958638,-0.054899165362607166,0.04499480341351051,0.058090312134414464
252_T1_vs_T2,longitudinal,7,252_to_LThigh_rz,252_to_LThigh,rz,0.042087880765244126,0.002662163972370705,-0.03942571679287342,0.04499480341351051,0.058090312134414464
252_T1_vs_T2,longitudinal,7,252_to_RThigh_rx,252_to_RThigh,rx,0.13000078779834673,0.0064985027173464355,-0.1235022850810003,0.04499480341351051,0.058090312134414464
252_T1_vs_T2,longitudinal,7,252_to_RThigh_ry,252_to_RThigh,ry,0.09138876365360538,0.008284415022208143,-0.08310434863139723,0.04499480341351051,0.058090312134414464
252_T1_vs_T2,longitudinal,7,252_to_RThigh_rz,252_to_RThigh,rz,0.08160600771838607,0.016464937508957476,-0.0651410702094286,0.04499480341351051,0.058090312134414464
252_T1_vs_T2,longitudinal,7,Chest_to_LShoulder_rx,Chest_to_LShoulder,rx,0.0344751574549082,0.01626926268845849,-0.01820589476644971,0.04499480341351051,0.058090312134414464
252_T1_vs_T2,longitudinal,7,Chest_to_LShoulder_ry,Chest_to_LShoulder,ry,0.09835738229332591,0.02698180911703843,-0.07137557317628748,0.04499480341351051,0.058090312134414464
252_T1_vs_T2,longitudinal,7,Chest_to_LShoulder_rz,Chest_to_LShoulder,rz,0.03804342127426414,0.02875909929711013,-0.009284321977154009,0.04499480341351051,0.058090312134414464
252_T1_vs_T2,longitudinal,7,Chest_to_Neck_rx,Chest_to_Neck,rx,0.07904898891975758,0.0047823545763578815,-0.0742666343433997,0.04499480341351051,0.058090312134414464
252_T1_vs_T2,longitudinal,7,Chest_to_Neck_ry,Chest_to_Neck,ry,0.057479972388118104,0.023997622259701885,-0.033482350128416216,0.04499480341351051,0.058090312134414464
252_T1_vs_T2,longitudinal,7,Chest_to_Neck_rz,Chest_to_Neck,rz,0.03669146516785012,0.021431646654775992,-0.01525981851307413,0.04499480341351051,0.058090312134414464
252_T1_vs_T2,longitudinal,7,Chest_to_RShoulder_rx,Chest_to_RShoulder,rx,0.050925863859574656,0.014662565738483194,-0.03626329812109146,0.04499480341351051,0.058090312134414464
252_T1_vs_T2,longitudinal,7,Chest_to_RShoulder_ry,Chest_to_RShoulder,ry,0.04722531900486913,0.008163042790429275,-0.039062276214439855,0.04499480341351051,0.058090312134414464
252_T1_vs_T2,longitudinal,7,Chest_to_RShoulder_rz,Chest_to_RShoulder,rz,0.03615807424186637,0.06316309781725338,0.027005023575387005,0.04499480341351051,0.058090312134414464
252_T1_vs_T2,longitudinal,7,LFArm_to_LHand_rx,LFArm_to_LHand,rx,0.016789574157618167,0.0006234264774503113,-0.016166147680167855,0.04499480341351051,0.058090312134414464
252_T1_vs_T2,longitudinal,7,LFArm_to_LHand_ry,LFArm_to_LHand,ry,0.03309500384008596,0.007799874447583836,-0.02529512939250212,0.04499480341351051,0.058090312134414464
252_T1_vs_T2,longitudinal,7,LFArm_to_LHand_rz,LFArm_to_LHand,rz,0.11718665918152672,0.006164472398924422,-0.1110221867826023,0.04499480341351051,0.058090312134414464
252_T1_vs_T2,longitudinal,7,LShin_to_LFoot_rx,LShin_to_LFoot,rx,0.08338732399760448,0.12371920952448147,0.040331885526876984,0.04499480341351051,0.058090312134414464
252_T1_vs_T2,longitudinal,7,LShin_to_LFoot_ry,LShin_to_LFoot,ry,0.04036322092371543,0.06760134696279949,0.027238126039084057,0.04499480341351051,0.058090312134414464
252_T1_vs_T2,longitudinal,7,LShin_to_LFoot_rz,LShin_to_LFoot,rz,0.03346129017604118,0.052751986415798625,0.019290696239757446,0.04499480341351051,0.058090312134414464
252_T1_vs_T2,longitudinal,7,LShoulder_to_LUArm_rx,LShoulder_to_LUArm,rx,0.10145815788611322,0.009014365365369264,-0.09244379252074396,0.04499480341351051,0.058090312134414464
252_T1_vs_T2,longitudinal,7,LShoulder_to_LUArm_ry,LShoulder_to_LUArm,ry,0.21746881204708687,0.22274479116266563,0.005275979115578755,0.04499480341351051,0.058090312134414464
252_T1_vs_T2,longitudinal,7,LShoulder_to_LUArm_rz,LShoulder_to_LUArm,rz,0.12155814193292502,0.4967222432026825,0.37516410126975747,0.04499480341351051,0.058090312134414464
252_T1_vs_T2,longitudinal,7,LThigh_to_LShin_rx,LThigh_to_LShin,rx,0.12704538428439774,0.25346594904448816,0.12642056476009042,0.04499480341351051,0.058090312134414464
252_T1_vs_T2,longitudinal,7,LThigh_to_LShin_ry,LThigh_to_LShin,ry,1.0240950423509323e-08,2.0826168752251864e-08,1.0585218328742541e-08,0.04499480341351051,0.058090312134414464
252_T1_vs_T2,longitudinal,7,LThigh_to_LShin_rz,LThigh_to_LShin,rz,2.1127855103809614e-08,1.495738732275102e-08,-6.170467781058595e-09,0.04499480341351051,0.058090312134414464
252_T1_vs_T2,longitudinal,7,LUArm_to_LFArm_rx,LUArm_to_LFArm,rx,0.05433946671863366,0.2915537998483431,0.23721433312970946,0.04499480341351051,0.058090312134414464
252_T1_vs_T2,longitudinal,7,LUArm_to_LFArm_ry,LUArm_to_LFArm,ry,0.007578183498939918,0.1707733275522177,0.16319514405327779,0.04499480341351051,0.058090312134414464
252_T1_vs_T2,longitudinal,7,LUArm_to_LFArm_rz,LUArm_to_LFArm,rz,0.02346174250829557,0.15884149641478146,0.13537975390648588,0.04499480341351051,0.058090312134414464
252_T1_vs_T2,longitudinal,7,Neck_to_Head_rx,Neck_to_Head,rx,0.07900782730442561,0.004780446685671467,-0.07422738061875414,0.04499480341351051,0.058090312134414464
252_T1_vs_T2,longitudinal,7,Neck_to_Head_ry,Neck_to_Head,ry,0.06339586186050745,0.01968536274398731,-0.04371049911652014,0.04499480341351051,0.058090312134414464
252_T1_vs_T2,longitudinal,7,Neck_to_Head_rz,Neck_to_Head,rz,0.02516501596132765,0.025529840474618187,0.00036482451329053825,0.04499480341351051,0.058090312134414464
252_T1_vs_T2,longitudinal,7,RFArm_to_RHand_rx,RFArm_to_RHand,rx,0.0021560299866019506,0.0038203767577950363,0.0016643467711930857,0.04499480341351051,0.058090312134414464
252_T1_vs_T2,longitudinal,7,RFArm_to_RHand_ry,RFArm_to_RHand,ry,0.055581157666600524,0.04093475572052127,-0.014646401946079253,0.04499480341351051,0.058090312134414464
252_T1_vs_T2,longitudinal,7,RFArm_to_RHand_rz,RFArm_to_RHand,rz,0.017259522032283325,0.005807631220250863,-0.011451890812032461,0.04499480341351051,0.058090312134414464
252_T1_vs_T2,longitudinal,7,RShin_to_RFoot_rx,RShin_to_RFoot,rx,0.01322566463428491,0.06420970644060808,0.050984041806323176,0.04499480341351051,0.058090312134414464
252_T1_vs_T2,longitudinal,7,RShin_to_RFoot_ry,RShin_to_RFoot,ry,0.03862709485538245,0.08328770651031409,0.04466061165493163,0.04499480341351051,0.058090312134414464
252_T1_vs_T2,longitudinal,7,RShin_to_RFoot_rz,RShin_to_RFoot,rz,0.09738003963876089,0.09289048857211106,-0.004489551066649833,0.04499480341351051,0.058090312134414464
252_T1_vs_T2,longitudinal,7,RShoulder_to_RUArm_rx,RShoulder_to_RUArm,rx,0.36187652152689065,0.2845166666343513,-0.07735985489253933,0.04499480341351051,0.058090312134414464
252_T1_vs_T2,longitudinal,7,RShoulder_to_RUArm_ry,RShoulder_to_RUArm,ry,0.14544530743706005,0.3804177830173828,0.23497247558032278,0.04499480341351051,0.058090312134414464
252_T1_vs_T2,longitudinal,7,RShoulder_to_RUArm_rz,RShoulder_to_RUArm,rz,0.601841269866201,0.09350608669931999,-0.508335183166881,0.04499480341351051,0.058090312134414464
252_T1_vs_T2,longitudinal,7,RThigh_to_RShin_rx,RThigh_to_RShin,rx,0.3819630983927972,0.2941069531866389,-0.08785614520615831,0.04499480341351051,0.058090312134414464
252_T1_vs_T2,longitudinal,7,RThigh_to_RShin_ry,RThigh_to_RShin,ry,9.3677315906811e-09,1.0055658148122434e-08,6.879265574413348e-10,0.04499480341351051,0.058090312134414464
252_T1_vs_T2,longitudinal,7,RThigh_to_RShin_rz,RThigh_to_RShin,rz,5.286610009700886e-08,1.8215708472308088e-08,-3.465039162470077e-08,0.04499480341351051,0.058090312134414464
252_T1_vs_T2,longitudinal,7,RUArm_to_RFArm_rx,RUArm_to_RFArm,rx,0.10803088026065405,0.27695795404131945,0.1689270737806654,0.04499480341351051,0.058090312134414464
252_T1_vs_T2,longitudinal,7,RUArm_to_RFArm_ry,RUArm_to_RFArm,ry,0.15104508465962466,0.06122159858124976,-0.0898234860783749,0.04499480341351051,0.058090312134414464
252_T1_vs_T2,longitudinal,7,RUArm_to_RFArm_rz,RUArm_to_RFArm,rz,0.07780467679896205,0.05790334617529302,-0.019901330623669035,0.04499480341351051,0.058090312134414464
252_T1_vs_T2,longitudinal,8,252_to_LThigh_rx,252_to_LThigh,rx,0.1583316468066882,0.023543237327022272,-0.13478840947966594,0.03804693664245229,0.04325782541193329
252_T1_vs_T2,longitudinal,8,252_to_LThigh_ry,252_to_LThigh,ry,0.00646657865095825,0.04816740049082218,0.04170082183986393,0.03804693664245229,0.04325782541193329
252_T1_vs_T2,longitudinal,8,252_to_LThigh_rz,252_to_LThigh,rz,0.048007504872195614,0.11436420796059713,0.06635670308840151,0.03804693664245229,0.04325782541193329
252_T1_vs_T2,longitudinal,8,252_to_RThigh_rx,252_to_RThigh,rx,0.1078540198744827,0.059515009349548356,-0.04833901052493435,0.03804693664245229,0.04325782541193329
252_T1_vs_T2,longitudinal,8,252_to_RThigh_ry,252_to_RThigh,ry,0.0038720131997680473,0.06057554006194104,0.05670352686217299,0.03804693664245229,0.04325782541193329
252_T1_vs_T2,longitudinal,8,252_to_RThigh_rz,252_to_RThigh,rz,0.0143848286837504,0.04043215714517591,0.02604732846142551,0.03804693664245229,0.04325782541193329
252_T1_vs_T2,longitudinal,8,Chest_to_LShoulder_rx,Chest_to_LShoulder,rx,0.042910457693866914,0.03723309425991299,-0.005677363433953926,0.03804693664245229,0.04325782541193329
252_T1_vs_T2,longitudinal,8,Chest_to_LShoulder_ry,Chest_to_LShoulder,ry,0.04196938110850854,0.05934940510978746,0.017380024001278915,0.03804693664245229,0.04325782541193329
252_T1_vs_T2,longitudinal,8,Chest_to_LShoulder_rz,Chest_to_LShoulder,rz,0.017380049462268298,0.03418542128927421,0.01680537182700591,0.03804693664245229,0.04325782541193329
252_T1_vs_T2,longitudinal,8,Chest_to_Neck_rx,Chest_to_Neck,rx,0.009572143588970437,0.004532586739756995,-0.0050395568492134415,0.03804693664245229,0.04325782541193329
252_T1_vs_T2,longitudinal,8,Chest_to_Neck_ry,Chest_to_Neck,ry,0.005297297861932273,0.003226358286482862,-0.002070939575449411,0.03804693664245229,0.04325782541193329
252_T1_vs_T2,longitudinal,8,Chest_to_Neck_rz,Chest_to_Neck,rz,0.07079096637708902,0.0030231675420844947,-0.06776779883500453,0.03804693664245229,0.04325782541193329
252_T1_vs_T2,longitudinal,8,Chest_to_RShoulder_rx,Chest_to_RShoulder,rx,0.019634896257798132,0.04847083440591995,0.028835938148121815,0.03804693664245229,0.04325782541193329
252_T1_vs_T2,longitudinal,8,Chest_to_RShoulder_ry,Chest_to_RShoulder,ry,0.020461115791873742,0.06146719093684405,0.04100607514497031,0.03804693664245229,0.04325782541193329
252_T1_vs_T2,longitudinal,8,Chest_to_RShoulder_rz,Chest_to_RShoulder,rz,0.09745996532885093,0.1388661268241448,0.04140616149529386,0.03804693664245229,0.04325782541193329
252_T1_vs_T2,longitudinal,8,LFArm_to_LHand_rx,LFArm_to_LHand,rx,0.009579441388778503,0.025916085769159772,0.01633664438038127,0.03804693664245229,0.04325782541193329
252_T1_vs_T2,longitudinal,8,LFArm_to_LHand_ry,LFArm_to_LHand,ry,0.028757330121219195,0.06099483408943529,0.03223750396821609,0.03804693664245229,0.04325782541193329
252_T1_vs_T2,longitudinal,8,LFArm_to_LHand_rz,LFArm_to_LHand,rz,0.06371528234465451,0.15451141263968726,0.09079613029503275,0.03804693664245229,0.04325782541193329
252_T1_vs_T2,longitudinal,8,LShin_to_LFoot_rx,LShin_to_LFoot,rx,0.1474476280999748,0.007978360555703964,-0.13946926754427083,0.03804693664245229,0.04325782541193329
252_T1_vs_T2,longitudinal,8,LShin_to_LFoot_ry,LShin_to_LFoot,ry,0.10695560486137083,0.04075874938623947,-0.06619685547513136,0.03804693664245229,0.04325782541193329
252_T1_vs_T2,longitudinal,8,LShin_to_LFoot_rz,LShin_to_LFoot,rz,0.06524971908371356,0.039221593290311864,-0.026028125793401698,0.03804693664245229,0.04325782541193329
252_T1_vs_T2,longitudinal,8,LShoulder_to_LUArm_rx,LShoulder_to_LUArm,rx,0.32660348716149284,0.08030971901503557,-0.24629376814645726,0.03804693664245229,0.04325782541193329
252_T1_vs_T2,longitudinal,8,LShoulder_to_LUArm_ry,LShoulder_to_LUArm,ry,0.2886107345452482,0.3773352460985996,0.08872451155335137,0.03804693664245229,0.04325782541193329
252_T1_vs_T2,longitudinal,8,LShoulder_to_LUArm_rz,LShoulder_to_LUArm,rz,0.5035833329870099,0.12347213371173911,-0.38011119927527076,0.03804693664245229,0.04325782541193329
252_T1_vs_T2,longitudinal,8,LThigh_to_LShin_rx,LThigh_to_LShin,rx,0.24917638812545193,0.33688517468265194,0.08770878655720002,0.03804693664245229,0.04325782541193329
252_T1_vs_T2,longitudinal,8,LThigh_to_LShin_ry,LThigh_to_LShin,ry,2.2756553651310238e-08,7.1236070927115084e-09,-1.5632946558598728e-08,0.03804693664245229,0.04325782541193329
252_T1_vs_T2,longitudinal,8,LThigh_to_LShin_rz,LThigh_to_LShin,rz,3.3113308960949554e-08,2.3343312962855493e-09,-3.0778977664664004e-08,0.03804693664245229,0.04325782541193329
252_T1_vs_T2,longitudinal,8,LUArm_to_LFArm_rx,LUArm_to_LFArm,rx,0.06593938459695355,0.09827690233149265,0.032337517734539106,0.03804693664245229,0.04325782541193329
252_T1_vs_T2,longitudinal,8,LUArm_to_LFArm_ry,LUArm_to_LFArm,ry,0.11770744067547712,0.2625289779208163,0.1448215372453392,0.03804693664245229,0.04325782541193329
252_T1_vs_T2,longitudinal,8,LUArm_to_LFArm_rz,LUArm_to_LFArm,rz,0.09506234331239756,0.16116495463172809,0.06610261131933053,0.03804693664245229,0.04325782541193329
252_T1_vs_T2,longitudinal,8,Neck_to_Head_rx,Neck_to_Head,rx,0.009517881621626747,0.004706935027013845,-0.004810946594612902,0.03804693664245229,0.04325782541193329
252_T1_vs_T2,longitudinal,8,Neck_to_Head_ry,Neck_to_Head,ry,0.008033751107570082,0.0035772649881327125,-0.004456486119437369,0.03804693664245229,0.04325782541193329
252_T1_vs_T2,longitudinal,8,Neck_to_Head_rz,Neck_to_Head,rz,0.07042581856643082,0.002396803425512061,-0.06802901514091876,0.03804693664245229,0.04325782541193329
252_T1_vs_T2,longitudinal,8,RFArm_to_RHand_rx,RFArm_to_RHand,rx,0.0009693116725461806,0.004290133783973345,0.0033208221114271646,0.03804693664245229,0.04325782541193329
252_T1_vs_T2,longitudinal,8,RFArm_to_RHand_ry,RFArm_to_RHand,ry,0.0031664762986108133,0.016090613859303538,0.012924137560692725,0.03804693664245229,0.04325782541193329
252_T1_vs_T2,longitudinal,8,RFArm_to_RHand_rz,RFArm_to_RHand,rz,0.029795769644767163,0.039263637722816776,0.009467868078049613,0.03804693664245229,0.04325782541193329
252_T1_vs_T2,longitudinal,8,RShin_to_RFoot_rx,RShin_to_RFoot,rx,0.13922385735022225,0.02278086795739167,-0.11644298939283057,0.03804693664245229,0.04325782541193329
252_T1_vs_T2,longitudinal,8,RShin_to_RFoot_ry,RShin_to_RFoot,ry,0.1267177686382305,0.024859345014036242,-0.10185842362419426,0.03804693664245229,0.04325782541193329
252_T1_vs_T2,longitudinal,8,RShin_to_RFoot_rz,RShin_to_RFoot,rz,0.0907065762431497,0.02504892424174033,-0.06565765200140938,0.03804693664245229,0.04325782541193329
252_T1_vs_T2,longitudinal,8,RShoulder_to_RUArm_rx,RShoulder_to_RUArm,rx,0.023284205468386037,0.13508306419613647,0.11179885872775043,0.03804693664245229,0.04325782541193329
252_T1_vs_T2,longitudinal,8,RShoulder_to_RUArm_ry,RShoulder_to_RUArm,ry,0.12888902071592115,0.2754010945768163,0.14651207386089513,0.03804693664245229,0.04325782541193329
252_T1_vs_T2,longitudinal,8,RShoulder_to_RUArm_rz,RShoulder_to_RUArm,rz,0.18791631101718712,0.6283711491896038,0.4404548381724167,0.03804693664245229,0.04325782541193329
252_T1_vs_T2,longitudinal,8,RThigh_to_RShin_rx,RThigh_to_RShin,rx,0.38918389676642096,0.11884395702003642,-0.27033993974638454,0.03804693664245229,0.04325782541193329
252_T1_vs_T2,longitudinal,8,RThigh_to_RShin_ry,RThigh_to_RShin,ry,2.6038743256218672e-08,2.727384782309472e-08,1.2351045668760497e-09,0.03804693664245229,0.04325782541193329
252_T1_vs_T2,longitudinal,8,RThigh_to_RShin_rz,RThigh_to_RShin,rz,9.599013079093819e-09,2.7456083468220376e-08,1.7857070389126557e-08,0.03804693664245229,0.04325782541193329
252_T1_vs_T2,longitudinal,8,RUArm_to_RFArm_rx,RUArm_to_RFArm,rx,0.29934687920162395,0.012948084047819972,-0.28639879515380395,0.03804693664245229,0.04325782541193329
252_T1_vs_T2,longitudinal,8,RUArm_to_RFArm_ry,RUArm_to_RFArm,ry,0.15071013077220924,0.030111924807812888,-0.12059820596439635,0.03804693664245229,0.04325782541193329
252_T1_vs_T2,longitudinal,8,RUArm_to_RFArm_rz,RUArm_to_RFArm,rz,0.01221469476150074,0.14917799616908814,0.1369633014075874,0.03804693664245229,0.04325782541193329
252_T1_vs_T2,longitudinal,9,252_to_LThigh_rx,252_to_LThigh,rx,0.08144616212995384,0.22915440511066404,0.1477082429807102,0.03578743836522842,0.02502327946222031
252_T1_vs_T2,longitudinal,9,252_to_LThigh_ry,252_to_LThigh,ry,0.019281344005796588,0.026392074175571864,0.007110730169775276,0.03578743836522842,0.02502327946222031
252_T1_vs_T2,longitudinal,9,252_to_LThigh_rz,252_to_LThigh,rz,0.0706320901058508,0.10746309344874806,0.03683100334289727,0.03578743836522842,0.02502327946222031
252_T1_vs_T2,longitudinal,9,252_to_RThigh_rx,252_to_RThigh,rx,0.15226745689202267,0.19471187236087711,0.04244441546885444,0.03578743836522842,0.02502327946222031
252_T1_vs_T2,longitudinal,9,252_to_RThigh_ry,252_to_RThigh,ry,0.03171994607171243,0.062256594182665374,0.03053664811095294,0.03578743836522842,0.02502327946222031
252_T1_vs_T2,longitudinal,9,252_to_RThigh_rz,252_to_RThigh,rz,0.0969064500792373,0.10058379824980371,0.003677348170566405,0.03578743836522842,0.02502327946222031
252_T1_vs_T2,longitudinal,9,Chest_to_LShoulder_rx,Chest_to_LShoulder,rx,0.03580303588682939,0.04335055961842693,0.00754752373159754,0.03578743836522842,0.02502327946222031
252_T1_vs_T2,longitudinal,9,Chest_to_LShoulder_ry,Chest_to_LShoulder,ry,0.07145619308998323,0.12729947370652242,0.05584328061653919,0.03578743836522842,0.02502327946222031
252_T1_vs_T2,longitudinal,9,Chest_to_LShoulder_rz,Chest_to_LShoulder,rz,0.022359764029548885,0.03759325422720155,0.015233490197652664,0.03578743836522842,0.02502327946222031
252_T1_vs_T2,longitudinal,9,Chest_to_Neck_rx,Chest_to_Neck,rx,0.012533624522560486,0.07640221246566076,0.06386858794310027,0.03578743836522842,0.02502327946222031
252_T1_vs_T2,longitudinal,9,Chest_to_Neck_ry,Chest_to_Neck,ry,0.0002210643516706926,0.04370069032727242,0.043479625975601725,0.03578743836522842,0.02502327946222031
252_T1_vs_T2,longitudinal,9,Chest_to_Neck_rz,Chest_to_Neck,rz,0.00503258762538861,0.06889155309146733,0.06385896546607872,0.03578743836522842,0.02502327946222031
252_T1_vs_T2,longitudinal,9,Chest_to_RShoulder_rx,Chest_to_RShoulder,rx,0.03633195713528581,0.027867864477390317,-0.008464092657895491,0.03578743836522842,0.02502327946222031
252_T1_vs_T2,longitudinal,9,Chest_to_RShoulder_ry,Chest_to_RShoulder,ry,0.0720740147367341,0.0788706580890854,0.006796643352351306,0.03578743836522842,0.02502327946222031
252_T1_vs_T2,longitudinal,9,Chest_to_RShoulder_rz,Chest_to_RShoulder,rz,0.07155260256377252,0.03683324415136121,-0.03471935841241131,0.03578743836522842,0.02502327946222031
252_T1_vs_T2,longitudinal,9,LFArm_to_LHand_rx,LFArm_to_LHand,rx,0.029318922903322237,0.028521050565670957,-0.00079787233765128,0.03578743836522842,0.02502327946222031
252_T1_vs_T2,longitudinal,9,LFArm_to_LHand_ry,LFArm_to_LHand,ry,0.05320460350512468,0.06268477613541787,0.009480172630293188,0.03578743836522842,0.02502327946222031
252_T1_vs_T2,longitudinal,9,LFArm_to_LHand_rz,LFArm_to_LHand,rz,0.18841242862657756,0.18771475306496377,-0.000697675561613792,0.03578743836522842,0.02502327946222031
252_T1_vs_T2,longitudinal,9,LShin_to_LFoot_rx,LShin_to_LFoot,rx,0.01382429543934269,0.01486632993190284,0.0010420344925601514,0.03578743836522842,0.02502327946222031
252_T1_vs_T2,longitudinal,9,LShin_to_LFoot_ry,LShin_to_LFoot,ry,0.04485392305782396,0.0691127276846388,0.024258804626814845,0.03578743836522842,0.02502327946222031
252_T1_vs_T2,longitudinal,9,LShin_to_LFoot_rz,LShin_to_LFoot,rz,0.006392754162424625,0.016593974888662686,0.010201220726238061,0.03578743836522842,0.02502327946222031
252_T1_vs_T2,longitudinal,9,LShoulder_to_LUArm_rx,LShoulder_to_LUArm,rx,0.07621930708374088,0.22268847805301265,0.14646917096927176,0.03578743836522842,0.02502327946222031
252_T1_vs_T2,longitudinal,9,LShoulder_to_LUArm_ry,LShoulder_to_LUArm,ry,0.3838040709121714,0.5041006506479317,0.12029657973576036,0.03578743836522842,0.02502327946222031
252_T1_vs_T2,longitudinal,9,LShoulder_to_LUArm_rz,LShoulder_to_LUArm,rz,0.0035696133534451435,0.3472991536817368,0.34372954032829167,0.03578743836522842,0.02502327946222031
252_T1_vs_T2,longitudinal,9,LThigh_to_LShin_rx,LThigh_to_LShin,rx,0.005656488058925621,0.12432066754131482,0.1186641794823892,0.03578743836522842,0.02502327946222031
252_T1_vs_T2,longitudinal,9,LThigh_to_LShin_ry,LThigh_to_LShin,ry,2.7001608148800872e-08,2.786000535733442e-09,-2.421560761306743e-08,0.03578743836522842,0.02502327946222031
252_T1_vs_T2,longitudinal,9,LThigh_to_LShin_rz,LThigh_to_LShin,rz,8.797115579009145e-09,5.350581109399342e-09,-3.4465344696098035e-09,0.03578743836522842,0.02502327946222031
252_T1_vs_T2,longitudinal,9,LUArm_to_LFArm_rx,LUArm_to_LFArm,rx,0.15680973250569344,0.01332340919201904,-0.1434863233136744,0.03578743836522842,0.02502327946222031
252_T1_vs_T2,longitudinal,9,LUArm_to_LFArm_ry,LUArm_to_LFArm,ry,0.29382224268966284,0.13100114608488808,-0.16282109660477476,0.03578743836522842,0.02502327946222031
252_T1_vs_T2,longitudinal,9,LUArm_to_LFArm_rz,LUArm_to_LFArm,rz,0.28196918517538944,0.09121413264432764,-0.1907550525310618,0.03578743836522842,0.02502327946222031
252_T1_vs_T2,longitudinal,9,Neck_to_Head_rx,Neck_to_Head,rx,0.012228324781078548,0.0763913326878263,0.06416300790674775,0.03578743836522842,0.02502327946222031
252_T1_vs_T2,longitudinal,9,Neck_to_Head_ry,Neck_to_Head,ry,0.0013452540601786055,0.05580681976231121,0.054461565702132606,0.03578743836522842,0.02502327946222031
252_T1_vs_T2,longitudinal,9,Neck_to_Head_rz,Neck_to_Head,rz,0.004777207150094706,0.05936627637500388,0.05458906922490917,0.03578743836522842,0.02502327946222031
252_T1_vs_T2,longitudinal,9,RFArm_to_RHand_rx,RFArm_to_RHand,rx,0.0026111256520531595,0.003501079625873748,0.0008899539738205886,0.03578743836522842,0.02502327946222031
252_T1_vs_T2,longitudinal,9,RFArm_to_RHand_ry,RFArm_to_RHand,ry,0.02505355265304691,0.05660253113195489,0.031548978478907974,0.03578743836522842,0.02502327946222031
252_T1_vs_T2,longitudinal,9,RFArm_to_RHand_rz,RFArm_to_RHand,rz,0.05531625636988424,0.05704710285399101,0.0017308464841067697,0.03578743836522842,0.02502327946222031
252_T1_vs_T2,longitudinal,9,RShin_to_RFoot_rx,RShin_to_RFoot,rx,0.016803311324950075,0.07857779036086225,0.061774479035912176,0.03578743836522842,0.02502327946222031
252_T1_vs_T2,longitudinal,9,RShin_to_RFoot_ry,RShin_to_RFoot,ry,0.01565516053068535,0.026688634156382306,0.011033473625696955,0.03578743836522842,0.02502327946222031
252_T1_vs_T2,longitudinal,9,RShin_to_RFoot_rz,RShin_to_RFoot,rz,0.030918443030170835,0.056571280828729184,0.02565283779855835,0.03578743836522842,0.02502327946222031
252_T1_vs_T2,longitudinal,9,RShoulder_to_RUArm_rx,RShoulder_to_RUArm,rx,0.046196887647733324,0.18891813951734193,0.1427212518696086,0.03578743836522842,0.02502327946222031
252_T1_vs_T2,longitudinal,9,RShoulder_to_RUArm_ry,RShoulder_to_RUArm,ry,0.5733310555837802,0.1482246436155294,-0.4251064119682508,0.03578743836522842,0.02502327946222031
252_T1_vs_T2,longitudinal,9,RShoulder_to_RUArm_rz,RShoulder_to_RUArm,rz,0.40419362224624417,0.4443374330456525,0.04014381079940832,0.03578743836522842,0.02502327946222031
252_T1_vs_T2,longitudinal,9,RThigh_to_RShin_rx,RThigh_to_RShin,rx,0.11510789382833395,0.1328851816307691,0.01777728780243515,0.03578743836522842,0.02502327946222031
252_T1_vs_T2,longitudinal,9,RThigh_to_RShin_ry,RThigh_to_RShin,ry,2.4156952232525966e-08,1.398282825681246e-08,-1.0174123975713506e-08,0.03578743836522842,0.02502327946222031
252_T1_vs_T2,longitudinal,9,RThigh_to_RShin_rz,RThigh_to_RShin,rz,2.267300871709077e-08,4.461083653403145e-08,2.193782781694068e-08,0.03578743836522842,0.02502327946222031
252_T1_vs_T2,longitudinal,9,RUArm_to_RFArm_rx,RUArm_to_RFArm,rx,0.07434661531360831,0.026797338677362538,-0.04754927663624577,0.03578743836522842,0.02502327946222031
252_T1_vs_T2,longitudinal,9,RUArm_to_RFArm_ry,RUArm_to_RFArm,ry,0.051334778378622936,0.17228934545651628,0.12095456707789334,0.03578743836522842,0.02502327946222031
252_T1_vs_T2,longitudinal,9,RUArm_to_RFArm_rz,RUArm_to_RFArm,rz,0.1723909324264072,0.010638582161313562,-0.16175235026509366,0.03578743836522842,0.02502327946222031
252_T1_vs_T3,longitudinal,1,252_to_LThigh_rx,252_to_LThigh,rx,0.019878450715453137,0.002050249813976288,-0.017828200901476847,0.20444215150566977,0.2772558522662879
252_T1_vs_T3,longitudinal,1,252_to_LThigh_ry,252_to_LThigh,ry,0.013193894573867378,0.010750804287141154,-0.0024430902867262246,0.20444215150566977,0.2772558522662879
252_T1_vs_T3,longitudinal,1,252_to_LThigh_rz,252_to_LThigh,rz,0.030388231402572675,0.05705473411835685,0.026666502715784173,0.20444215150566977,0.2772558522662879
252_T1_vs_T3,longitudinal,1,252_to_RThigh_rx,252_to_RThigh,rx,0.07470051672866217,0.17913535276136977,0.1044348360327076,0.20444215150566977,0.2772558522662879
252_T1_vs_T3,longitudinal,1,252_to_RThigh_ry,252_to_RThigh,ry,0.025427566604558218,0.022203925920339724,-0.003223640684218494,0.20444215150566977,0.2772558522662879
252_T1_vs_T3,longitudinal,1,252_to_RThigh_rz,252_to_RThigh,rz,0.08891062647930387,0.04793280601517769,-0.04097782046412618,0.20444215150566977,0.2772558522662879
252_T1_vs_T3,longitudinal,1,Chest_to_LShoulder_rx,Chest_to_LShoulder,rx,0.03120451244629795,0.02359660802321278,-0.00760790442308517,0.20444215150566977,0.2772558522662879
252_T1_vs_T3,longitudinal,1,Chest_to_LShoulder_ry,Chest_to_LShoulder,ry,0.0021572104858320227,0.027798009568222985,0.02564079908239096,0.20444215150566977,0.2772558522662879
252_T1_vs_T3,longitudinal,1,Chest_to_LShoulder_rz,Chest_to_LShoulder,rz,0.0680751440639116,0.08118700675612217,0.013111862692210569,0.20444215150566977,0.2772558522662879
252_T1_vs_T3,longitudinal,1,Chest_to_Neck_rx,Chest_to_Neck,rx,0.005878497310651784,0.03316348071722892,0.027284983406577132,0.20444215150566977,0.2772558522662879
252_T1_vs_T3,longitudinal,1,Chest_to_Neck_ry,Chest_to_Neck,ry,0.030217475978734393,0.03061091719011971,0.0003934412113853168,0.20444215150566977,0.2772558522662879
252_T1_vs_T3,longitudinal,1,Chest_to_Neck_rz,Chest_to_Neck,rz,0.012695361444999493,0.008830156547657696,-0.003865204897341797,0.20444215150566977,0.2772558522662879
252_T1_vs_T3,longitudinal,1,Chest_to_RShoulder_rx,Chest_to_RShoulder,rx,0.03191312297547507,0.01327870252029043,-0.01863442045518464,0.20444215150566977,0.2772558522662879
252_T1_vs_T3,longitudinal,1,Chest_to_RShoulder_ry,Chest_to_RShoulder,ry,0.020289441784638946,0.002756894187925291,-0.017532547596713653,0.20444215150566977,0.2772558522662879
252_T1_vs_T3,longitudinal,1,Chest_to_RShoulder_rz,Chest_to_RShoulder,rz,0.0036430345849218218,0.0667097147088205,0.06306668012389868,0.20444215150566977,0.2772558522662879
252_T1_vs_T3,longitudinal,1,LFArm_to_LHand_rx,LFArm_to_LHand,rx,0.003955263104490013,0.00018996514476006028,-0.0037652979597299525,0.20444215150566977,0.2772558522662879
252_T1_vs_T3,longitudinal,1,LFArm_to_LHand_ry,LFArm_to_LHand,ry,0.04374963653493405,0.012193880464145676,-0.03155575607078837,0.20444215150566977,0.2772558522662879
252_T1_vs_T3,longitudinal,1,LFArm_to_LHand_rz,LFArm_to_LHand,rz,0.10535257250087245,0.02132414445130971,-0.08402842804956273,0.20444215150566977,0.2772558522662879
252_T1_vs_T3,longitudinal,1,LShin_to_LFoot_rx,LShin_to_LFoot,rx,0.010560047310621778,0.030216250922406332,0.019656203611784554,0.20444215150566977,0.2772558522662879
252_T1_vs_T3,longitudinal,1,LShin_to_LFoot_ry,LShin_to_LFoot,ry,0.0029596281546361487,0.053973895267362244,0.051014267112726094,0.20444215150566977,0.2772558522662879
252_T1_vs_T3,longitudinal,1,LShin_to_LFoot_rz,LShin_to_LFoot,rz,0.005368285133240515,0.022872172933013152,0.017503887799772636,0.20444215150566977,0.2772558522662879
252_T1_vs_T3,longitudinal,1,LShoulder_to_LUArm_rx,LShoulder_to_LUArm,rx,0.12939888047783488,0.08403029615740273,-0.04536858432043214,0.20444215150566977,0.2772558522662879
252_T1_vs_T3,longitudinal,1,LShoulder_to_LUArm_ry,LShoulder_to_LUArm,ry,0.3361713913263857,0.15087385582631432,-0.18529753550007136,0.20444215150566977,0.2772558522662879
252_T1_vs_T3,longitudinal,1,LShoulder_to_LUArm_rz,LShoulder_to_LUArm,rz,0.16684829726785602,0.2502032114217972,0.08335491415394117,0.20444215150566977,0.2772558522662879
252_T1_vs_T3,longitudinal,1,LThigh_to_LShin_rx,LThigh_to_LShin,rx,0.047137051699462945,0.19530859057036265,0.1481715388708997,0.20444215150566977,0.2772558522662879
252_T1_vs_T3,longitudinal,1,LThigh_to_LShin_ry,LThigh_to_LShin,ry,8.975565950267969e-09,9.141723714864e-09,1.661577645960315e-10,0.20444215150566977,0.2772558522662879
252_T1_vs_T3,longitudinal,1,LThigh_to_LShin_rz,LThigh_to_LShin,rz,1.679463810302608e-08,1.744280245223765e-08,6.4816434921157e-10,0.20444215150566977,0.2772558522662879
252_T1_vs_T3,longitudinal,1,LUArm_to_LFArm_rx,LUArm_to_LFArm,rx,0.03335069159698184,0.11422534784947368,0.08087465625249184,0.20444215150566977,0.2772558522662879
252_T1_vs_T3,longitudinal,1,LUArm_to_LFArm_ry,LUArm_to_LFArm,ry,0.6071846053057919,0.2733568819304988,-0.3338277233752931,0.20444215150566977,0.2772558522662879
252_T1_vs_T3,longitudinal,1,LUArm_to_LFArm_rz,LUArm_to_LFArm,rz,0.10088668845152551,0.19332610038412806,0.09243941193260255,0.20444215150566977,0.2772558522662879
252_T1_vs_T3,longitudinal,1,Neck_to_Head_rx,Neck_to_Head,rx,0.005976910032437007,0.03324040583007168,0.027263495797634672,0.20444215150566977,0.2772558522662879
252_T1_vs_T3,longitudinal,1,Neck_to_Head_ry,Neck_to_Head,ry,0.02726174744342258,0.03179836631147145,0.004536618868048868,0.20444215150566977,0.2772558522662879
252_T1_vs_T3,longitudinal,1,Neck_to_Head_rz,Neck_to_Head,rz,0.018167450046246824,0.002829085238238272,-0.015338364808008553,0.20444215150566977,0.2772558522662879
252_T1_vs_T3,longitudinal,1,RFArm_to_RHand_rx,RFArm_to_RHand,rx,0.007008113880418012,0.00854467186797542,0.0015365579875574074,0.20444215150566977,0.2772558522662879
252_T1_vs_T3,longitudinal,1,RFArm_to_RHand_ry,RFArm_to_RHand,ry,0.052368300641263174,0.08101545213555288,0.028647151494289702,0.20444215150566977,0.2772558522662879
252_T1_vs_T3,longitudinal,1,RFArm_to_RHand_rz,RFArm_to_RHand,rz,0.123575367523551,0.055707276989803885,-0.06786809053374712,0.20444215150566977,0.2772558522662879
252_T1_vs_T3,longitudinal,1,RShin_to_RFoot_rx,RShin_to_RFoot,rx,0.056551464000306695,0.06840968267453769,0.011858218674230994,0.20444215150566977,0.2772558522662879
252_T1_vs_T3,longitudinal,1,RShin_to_RFoot_ry,RShin_to_RFoot,ry,0.0362520271960017,0.0264382677642339,-0.0098137594317678,0.20444215150566977,0.2772558522662879
252_T1_vs_T3,longitudinal,1,RShin_to_RFoot_rz,RShin_to_RFoot,rz,0.0485081754806979,0.0046722795105751695,-0.04383589597012273,0.20444215150566977,0.2772558522662879
252_T1_vs_T3,longitudinal,1,RShoulder_to_RUArm_rx,RShoulder_to_RUArm,rx,0.5210005783164894,0.048423549028518205,-0.4725770292879712,0.20444215150566977,0.2772558522662879
252_T1_vs_T3,longitudinal,1,RShoulder_to_RUArm_ry,RShoulder_to_RUArm,ry,0.0056262298953383616,0.35413996296616407,0.3485137330708257,0.20444215150566977,0.2772558522662879
252_T1_vs_T3,longitudinal,1,RShoulder_to_RUArm_rz,RShoulder_to_RUArm,rz,0.03869085914737641,0.27557425755264864,0.23688339840527223,0.20444215150566977,0.2772558522662879
252_T1_vs_T3,longitudinal,1,RThigh_to_RShin_rx,RThigh_to_RShin,rx,0.19435319294138959,0.3035929564534663,0.1092397635120767,0.20444215150566977,0.2772558522662879
252_T1_vs_T3,longitudinal,1,RThigh_to_RShin_ry,RThigh_to_RShin,ry,5.7324533245887546e-09,8.008003722927919e-09,2.2755503983391642e-09,0.20444215150566977,0.2772558522662879
252_T1_vs_T3,longitudinal,1,RThigh_to_RShin_rz,RThigh_to_RShin,rz,9.239251807708902e-10,4.9723667759752104e-08,4.8799742578981216e-08,0.20444215150566977,0.2772558522662879
252_T1_vs_T3,longitudinal,1,RUArm_to_RFArm_rx,RUArm_to_RFArm,rx,0.23890824351884013,0.46656589326131676,0.22765764974247663,0.20444215150566977,0.2772558522662879
252_T1_vs_T3,longitudinal,1,RUArm_to_RFArm_ry,RUArm_to_RFArm,ry,0.15260467797930144,0.29474669404536236,0.14214201606606092,0.20444215150566977,0.2772558522662879
252_T1_vs_T3,longitudinal,1,RUArm_to_RFArm_rz,RUArm_to_RFArm,rz,0.07815512295935718,0.26212807657788467,0.1839729536185275,0.20444215150566977,0.2772558522662879
252_T1_vs_T3,longitudinal,2,252_to_LThigh_rx,252_to_LThigh,rx,0.06442859465752579,0.03595747127876022,-0.02847112337876557,0.15458477624473288,0.2215566037178443
252_T1_vs_T3,longitudinal,2,252_to_LThigh_ry,252_to_LThigh,ry,0.01970398720818888,0.039319140212314384,0.019615153004125505,0.15458477624473288,0.2215566037178443
252_T1_vs_T3,longitudinal,2,252_to_LThigh_rz,252_to_LThigh,rz,0.001638785903399414,0.08754223005311551,0.0859034441497161,0.15458477624473288,0.2215566037178443
252_T1_vs_T3,longitudinal,2,252_to_RThigh_rx,252_to_RThigh,rx,0.0331915354206178,0.14857229398436667,0.11538075856374887,0.15458477624473288,0.2215566037178443
252_T1_vs_T3,longitudinal,2,252_to_RThigh_ry,252_to_RThigh,ry,0.011186597778780625,0.018788016907134202,0.007601419128353578,0.15458477624473288,0.2215566037178443
252_T1_vs_T3,longitudinal,2,252_to_RThigh_rz,252_to_RThigh,rz,0.017562954610931956,0.048798341853238635,0.031235387242306678,0.15458477624473288,0.2215566037178443
252_T1_vs_T3,longitudinal,2,Chest_to_LShoulder_rx,Chest_to_LShoulder,rx,0.026373787981248918,0.0098129958811975,-0.016560792100051416,0.15458477624473288,0.2215566037178443
252_T1_vs_T3,longitudinal,2,Chest_to_LShoulder_ry,Chest_to_LShoulder,ry,0.009393499789340294,0.03790545402901784,0.028511954239677548,0.15458477624473288,0.2215566037178443
252_T1_vs_T3,longitudinal,2,Chest_to_LShoulder_rz,Chest_to_LShoulder,rz,0.05554069570056406,0.05412241697957037,-0.0014182787209936903,0.15458477624473288,0.2215566037178443
252_T1_vs_T3,longitudinal,2,Chest_to_Neck_rx,Chest_to_Neck,rx,0.019803799194738788,0.006615947136705907,-0.01318785205803288,0.15458477624473288,0.2215566037178443
252_T1_vs_T3,longitudinal,2,Chest_to_Neck_ry,Chest_to_Neck,ry,0.026133711289497673,0.009023114635932307,-0.017110596653565367,0.15458477624473288,0.2215566037178443
252_T1_vs_T3,longitudinal,2,Chest_to_Neck_rz,Chest_to_Neck,rz,0.020760123867811436,0.02241735133507389,0.0016572274672624551,0.15458477624473288,0.2215566037178443
252_T1_vs_T3,longitudinal,2,Chest_to_RShoulder_rx,Chest_to_RShoulder,rx,0.01443892568610742,0.011174920142230338,-0.003264005543877081,0.15458477624473288,0.2215566037178443
252_T1_vs_T3,longitudinal,2,Chest_to_RShoulder_ry,Chest_to_RShoulder,ry,0.022766467261018074,0.015715826437947066,-0.0070506408230710076,0.15458477624473288,0.2215566037178443
252_T1_vs_T3,longitudinal,2,Chest_to_RShoulder_rz,Chest_to_RShoulder,rz,0.10352189878450421,0.08921150810439389,-0.014310390680110321,0.15458477624473288,0.2215566037178443
252_T1_vs_T3,longitudinal,2,LFArm_to_LHand_rx,LFArm_to_LHand,rx,0.006622930342516794,0.0070130428109805845,0.0003901124684637901,0.15458477624473288,0.2215566037178443
252_T1_vs_T3,longitudinal,2,LFArm_to_LHand_ry,LFArm_to_LHand,ry,0.03689966397005696,0.0009530356902296179,-0.035946628279827336,0.15458477624473288,0.2215566037178443
252_T1_vs_T3,longitudinal,2,LFArm_to_LHand_rz,LFArm_to_LHand,rz,0.06042216840186973,0.013543137387948682,-0.046879031013921046,0.15458477624473288,0.2215566037178443
252_T1_vs_T3,longitudinal,2,LShin_to_LFoot_rx,LShin_to_LFoot,rx,0.03440373579918931,0.017687300663902648,-0.016716435135286662,0.15458477624473288,0.2215566037178443
252_T1_vs_T3,longitudinal,2,LShin_to_LFoot_ry,LShin_to_LFoot,ry,0.02541502747042898,0.011725970538593014,-0.013689056931835966,0.15458477624473288,0.2215566037178443
252_T1_vs_T3,longitudinal,2,LShin_to_LFoot_rz,LShin_to_LFoot,rz,0.013644259893430885,0.007404679110818499,-0.006239580782612386,0.15458477624473288,0.2215566037178443
252_T1_vs_T3,longitudinal,2,LShoulder_to_LUArm_rx,LShoulder_to_LUArm,rx,0.032618533069628516,0.05054102222965641,0.017922489160027893,0.15458477624473288,0.2215566037178443
252_T1_vs_T3,longitudinal,2,LShoulder_to_LUArm_ry,LShoulder_to_LUArm,ry,0.17499021681488644,0.11686879238388062,-0.05812142443100582,0.15458477624473288,0.2215566037178443
252_T1_vs_T3,longitudinal,2,LShoulder_to_LUArm_rz,LShoulder_to_LUArm,rz,0.024240618057671165,0.21385225846466085,0.1896116404069897,0.15458477624473288,0.2215566037178443
252_T1_vs_T3,longitudinal,2,LThigh_to_LShin_rx,LThigh_to_LShin,rx,0.0018857114648572375,0.2043499915990008,0.20246428013414355,0.15458477624473288,0.2215566037178443
252_T1_vs_T3,longitudinal,2,LThigh_to_LShin_ry,LThigh_to_LShin,ry,2.9763623821199366e-09,1.9259973396793024e-08,1.6283611014673086e-08,0.15458477624473288,0.2215566037178443
252_T1_vs_T3,longitudinal,2,LThigh_to_LShin_rz,LThigh_to_LShin,rz,4.314571478386457e-09,4.371963684655375e-09,5.7392206268917544e-11,0.15458477624473288,0.2215566037178443
252_T1_vs_T3,longitudinal,2,LUArm_to_LFArm_rx,LUArm_to_LFArm,rx,0.032018150977639444,0.1642373828564906,0.13221923187885115,0.15458477624473288,0.2215566037178443
252_T1_vs_T3,longitudinal,2,LUArm_to_LFArm_ry,LUArm_to_LFArm,ry,0.4066374074735122,0.2990731458325529,-0.10756426164095928,0.15458477624473288,0.2215566037178443
252_T1_vs_T3,longitudinal,2,LUArm_to_LFArm_rz,LUArm_to_LFArm,rz,0.09316409883518634,0.2384865070607866,0.14532240822560027,0.15458477624473288,0.2215566037178443
252_T1_vs_T3,longitudinal,2,Neck_to_Head_rx,Neck_to_Head,rx,0.01986170792030778,0.0066319885767715196,-0.013229719343536261,0.15458477624473288,0.2215566037178443
252_T1_vs_T3,longitudinal,2,Neck_to_Head_ry,Neck_to_Head,ry,0.02171794442670983,0.013060711003928152,-0.008657233422781678,0.15458477624473288,0.2215566037178443
252_T1_vs_T3,longitudinal,2,Neck_to_Head_rz,Neck_to_Head,rz,0.02532571149898669,0.020295715967038122,-0.0050299955319485674,0.15458477624473288,0.2215566037178443
252_T1_vs_T3,longitudinal,2,RFArm_to_RHand_rx,RFArm_to_RHand,rx,0.00832101812044907,0.004587789950650827,-0.003733228169798243,0.15458477624473288,0.2215566037178443
252_T1_vs_T3,longitudinal,2,RFArm_to_RHand_ry,RFArm_to_RHand,ry,0.08210886471605906,0.04862456946743183,-0.033484295248627234,0.15458477624473288,0.2215566037178443
252_T1_vs_T3,longitudinal,2,RFArm_to_RHand_rz,RFArm_to_RHand,rz,0.0753245084831615,0.0950642714923537,0.01973976300919221,0.15458477624473288,0.2215566037178443
252_T1_vs_T3,longitudinal,2,RShin_to_RFoot_rx,RShin_to_RFoot,rx,0.013381374767263586,0.06253116424601184,0.04914978947874825,0.15458477624473288,0.2215566037178443
252_T1_vs_T3,longitudinal,2,RShin_to_RFoot_ry,RShin_to_RFoot,ry,0.011034793737716174,0.06056804919868102,0.04953325546096485,0.15458477624473288,0.2215566037178443
252_T1_vs_T3,longitudinal,2,RShin_to_RFoot_rz,RShin_to_RFoot,rz,0.007828936355276865,0.041441644648006384,0.03361270829272952,0.15458477624473288,0.2215566037178443
252_T1_vs_T3,longitudinal,2,RShoulder_to_RUArm_rx,RShoulder_to_RUArm,rx,0.2648044998465067,0.4915294835828733,0.22672498373636657,0.15458477624473288,0.2215566037178443
252_T1_vs_T3,longitudinal,2,RShoulder_to_RUArm_ry,RShoulder_to_RUArm,ry,0.18552632167222163,0.0425641052363198,-0.14296221643590185,0.15458477624473288,0.2215566037178443
252_T1_vs_T3,longitudinal,2,RShoulder_to_RUArm_rz,RShoulder_to_RUArm,rz,0.26500861973069906,0.282997109113098,0.017988489382398942,0.15458477624473288,0.2215566037178443
252_T1_vs_T3,longitudinal,2,RThigh_to_RShin_rx,RThigh_to_RShin,rx,0.09786607788983206,0.29295258958536374,0.19508651169553168,0.15458477624473288,0.2215566037178443
252_T1_vs_T3,longitudinal,2,RThigh_to_RShin_ry,RThigh_to_RShin,ry,6.475591718004053e-10,1.8391071241465957e-08,1.774351206966555e-08,0.15458477624473288,0.2215566037178443
252_T1_vs_T3,longitudinal,2,RThigh_to_RShin_rz,RThigh_to_RShin,rz,3.001522282451334e-08,1.6418912040991033e-08,-1.3596310783522305e-08,0.15458477624473288,0.2215566037178443
252_T1_vs_T3,longitudinal,2,RUArm_to_RFArm_rx,RUArm_to_RFArm,rx,0.47193144853749985,0.41548194570053554,-0.056449502836964316,0.15458477624473288,0.2215566037178443
252_T1_vs_T3,longitudinal,2,RUArm_to_RFArm_ry,RUArm_to_RFArm,ry,0.4934556419119994,0.17480416838182208,-0.3186514735301773,0.15458477624473288,0.2215566037178443
252_T1_vs_T3,longitudinal,2,RUArm_to_RFArm_rz,RUArm_to_RFArm,rz,0.3126914678528012,0.19920546173167214,-0.11348600612112908,0.15458477624473288,0.2215566037178443
252_T1_vs_T3,longitudinal,3,252_to_LThigh_rx,252_to_LThigh,rx,0.0631669680858902,0.10628515461713943,0.04311818653124923,0.11966827174420104,0.16140306747520713
252_T1_vs_T3,longitudinal,3,252_to_LThigh_ry,252_to_LThigh,ry,0.03443420676857981,0.08817677868217567,0.05374257191359586,0.11966827174420104,0.16140306747520713
252_T1_vs_T3,longitudinal,3,252_to_LThigh_rz,252_to_LThigh,rz,0.08769703584134014,0.09003244134427753,0.002335405502937385,0.11966827174420104,0.16140306747520713
252_T1_vs_T3,longitudinal,3,252_to_RThigh_rx,252_to_RThigh,rx,0.15221224944548914,0.13313562620094013,-0.019076623244549007,0.11966827174420104,0.16140306747520713
252_T1_vs_T3,longitudinal,3,252_to_RThigh_ry,252_to_RThigh,ry,0.015305495332963263,0.0877587807565078,0.07245328542354454,0.11966827174420104,0.16140306747520713
252_T1_vs_T3,longitudinal,3,252_to_RThigh_rz,252_to_RThigh,rz,0.03433502122373897,0.010633844985939249,-0.023701176237799722,0.11966827174420104,0.16140306747520713
252_T1_vs_T3,longitudinal,3,Chest_to_LShoulder_rx,Chest_to_LShoulder,rx,0.00039926703387043545,0.01631826922948588,0.015919002195615446,0.11966827174420104,0.16140306747520713
252_T1_vs_T3,longitudinal,3,Chest_to_LShoulder_ry,Chest_to_LShoulder,ry,0.007046785305641123,0.007569731848972564,0.0005229465433314404,0.11966827174420104,0.16140306747520713
252_T1_vs_T3,longitudinal,3,Chest_to_LShoulder_rz,Chest_to_LShoulder,rz,0.014202519030568302,0.0074948731231765054,-0.006707645907391796,0.11966827174420104,0.16140306747520713
252_T1_vs_T3,longitudinal,3,Chest_to_Neck_rx,Chest_to_Neck,rx,0.021696965163930104,0.03351375152092516,0.011816786356995054,0.11966827174420104,0.16140306747520713
252_T1_vs_T3,longitudinal,3,Chest_to_Neck_ry,Chest_to_Neck,ry,0.017900794580705835,0.05287479644208385,0.034974001861378015,0.11966827174420104,0.16140306747520713
252_T1_vs_T3,longitudinal,3,Chest_to_Neck_rz,Chest_to_Neck,rz,0.015919155804971538,0.047360919913694996,0.03144176410872346,0.11966827174420104,0.16140306747520713
252_T1_vs_T3,longitudinal,3,Chest_to_RShoulder_rx,Chest_to_RShoulder,rx,0.05295425416105398,0.06620772869732855,0.013253474536274568,0.11966827174420104,0.16140306747520713
252_T1_vs_T3,longitudinal,3,Chest_to_RShoulder_ry,Chest_to_RShoulder,ry,0.028933394724525344,0.03411095289156986,0.005177558167044516,0.11966827174420104,0.16140306747520713
252_T1_vs_T3,longitudinal,3,Chest_to_RShoulder_rz,Chest_to_RShoulder,rz,0.021914941834997977,0.025665688046320915,0.0037507462113229376,0.11966827174420104,0.16140306747520713
252_T1_vs_T3,longitudinal,3,LFArm_to_LHand_rx,LFArm_to_LHand,rx,0.004721599989647379,0.008249067588455193,0.0035274675988078144,0.11966827174420104,0.16140306747520713
252_T1_vs_T3,longitudinal,3,LFArm_to_LHand_ry,LFArm_to_LHand,ry,0.0009710561694555654,0.0394829566344933,0.03851190046503773,0.11966827174420104,0.16140306747520713
252_T1_vs_T3,longitudinal,3,LFArm_to_LHand_rz,LFArm_to_LHand,rz,0.00685161693664176,0.06279241221442847,0.055940795277786705,0.11966827174420104,0.16140306747520713
252_T1_vs_T3,longitudinal,3,LShin_to_LFoot_rx,LShin_to_LFoot,rx,0.00416734653738527,0.10187625085191766,0.0977089043145324,0.11966827174420104,0.16140306747520713
252_T1_vs_T3,longitudinal,3,LShin_to_LFoot_ry,LShin_to_LFoot,ry,0.03344289194711423,0.02232326867090555,-0.01111962327620868,0.11966827174420104,0.16140306747520713
252_T1_vs_T3,longitudinal,3,LShin_to_LFoot_rz,LShin_to_LFoot,rz,0.020528709994021194,0.02084898406131495,0.00032027406729375624,0.11966827174420104,0.16140306747520713
252_T1_vs_T3,longitudinal,3,LShoulder_to_LUArm_rx,LShoulder_to_LUArm,rx,0.08628776381869172,0.18070590932529973,0.09441814550660801,0.11966827174420104,0.16140306747520713
252_T1_vs_T3,longitudinal,3,LShoulder_to_LUArm_ry,LShoulder_to_LUArm,ry,0.1998700208958919,0.33839212736188445,0.13852210646599256,0.11966827174420104,0.16140306747520713
252_T1_vs_T3,longitudinal,3,LShoulder_to_LUArm_rz,LShoulder_to_LUArm,rz,0.11216908630886548,0.12026189326366382,0.008092806954798346,0.11966827174420104,0.16140306747520713
252_T1_vs_T3,longitudinal,3,LThigh_to_LShin_rx,LThigh_to_LShin,rx,0.17871706320092645,0.10168977987382963,-0.07702728332709682,0.11966827174420104,0.16140306747520713
252_T1_vs_T3,longitudinal,3,LThigh_to_LShin_ry,LThigh_to_LShin,ry,1.3634188818111709e-08,2.6308624032465807e-08,1.2674435214354098e-08,0.11966827174420104,0.16140306747520713
252_T1_vs_T3,longitudinal,3,LThigh_to_LShin_rz,LThigh_to_LShin,rz,6.740901398456365e-09,3.9618121028014715e-08,3.287721962955835e-08,0.11966827174420104,0.16140306747520713
252_T1_vs_T3,longitudinal,3,LUArm_to_LFArm_rx,LUArm_to_LFArm,rx,0.3315849947306681,0.03075542306492884,-0.30082957166573926,0.11966827174420104,0.16140306747520713
252_T1_vs_T3,longitudinal,3,LUArm_to_LFArm_ry,LUArm_to_LFArm,ry,0.2578553640615441,0.15991611985110904,-0.09793924421043504,0.11966827174420104,0.16140306747520713
252_T1_vs_T3,longitudinal,3,LUArm_to_LFArm_rz,LUArm_to_LFArm,rz,0.11952779136321114,0.05679142817096857,-0.06273636319224257,0.11966827174420104,0.16140306747520713
252_T1_vs_T3,longitudinal,3,Neck_to_Head_rx,Neck_to_Head,rx,0.021400288610044612,0.033562829070137114,0.012162540460092502,0.11966827174420104,0.16140306747520713
252_T1_vs_T3,longitudinal,3,Neck_to_Head_ry,Neck_to_Head,ry,0.014669916604860455,0.04306863837652766,0.028398721771667208,0.11966827174420104,0.16140306747520713
252_T1_vs_T3,longitudinal,3,Neck_to_Head_rz,Neck_to_Head,rz,0.018998256326477534,0.05642731109244015,0.037429054765962616,0.11966827174420104,0.16140306747520713
252_T1_vs_T3,longitudinal,3,RFArm_to_RHand_rx,RFArm_to_RHand,rx,0.0008373196920047261,0.004150683878773877,0.003313364186769151,0.11966827174420104,0.16140306747520713
252_T1_vs_T3,longitudinal,3,RFArm_to_RHand_ry,RFArm_to_RHand,ry,0.020106784761738206,0.003402912467093315,-0.01670387229464489,0.11966827174420104,0.16140306747520713
252_T1_vs_T3,longitudinal,3,RFArm_to_RHand_rz,RFArm_to_RHand,rz,0.02709623510295176,0.07813697918074802,0.05104074407779626,0.11966827174420104,0.16140306747520713
252_T1_vs_T3,longitudinal,3,RShin_to_RFoot_rx,RShin_to_RFoot,rx,0.10115601846648864,0.10188973105285573,0.0007337125863670912,0.11966827174420104,0.16140306747520713
252_T1_vs_T3,longitudinal,3,RShin_to_RFoot_ry,RShin_to_RFoot,ry,0.029051762973959856,0.09135617143813468,0.06230440846417483,0.11966827174420104,0.16140306747520713
252_T1_vs_T3,longitudinal,3,RShin_to_RFoot_rz,RShin_to_RFoot,rz,0.034904634202969076,0.0766291223229663,0.041724488119997225,0.11966827174420104,0.16140306747520713
252_T1_vs_T3,longitudinal,3,RShoulder_to_RUArm_rx,RShoulder_to_RUArm,rx,0.36031576767013346,0.4955490235736731,0.13523325590353963,0.11966827174420104,0.16140306747520713
252_T1_vs_T3,longitudinal,3,RShoulder_to_RUArm_ry,RShoulder_to_RUArm,ry,0.04094181333454385,0.001030076235945442,-0.03991173709859841,0.11966827174420104,0.16140306747520713
252_T1_vs_T3,longitudinal,3,RShoulder_to_RUArm_rz,RShoulder_to_RUArm,rz,0.0581947906238156,0.34359956170722034,0.28540477108340473,0.11966827174420104,0.16140306747520713
252_T1_vs_T3,longitudinal,3,RThigh_to_RShin_rx,RThigh_to_RShin,rx,0.2623615327645557,0.527777820943101,0.2654162881785453,0.11966827174420104,0.16140306747520713
252_T1_vs_T3,longitudinal,3,RThigh_to_RShin_ry,RThigh_to_RShin,ry,9.045377236721838e-09,3.705369985487203e-08,2.800832261815019e-08,0.11966827174420104,0.16140306747520713
252_T1_vs_T3,longitudinal,3,RThigh_to_RShin_rz,RThigh_to_RShin,rz,6.136412926633954e-09,4.422275050016752e-08,3.8086337573533565e-08,0.11966827174420104,0.16140306747520713
252_T1_vs_T3,longitudinal,3,RUArm_to_RFArm_rx,RUArm_to_RFArm,rx,0.2925673111538683,0.05191822792654954,-0.24064908322731876,0.11966827174420104,0.16140306747520713
252_T1_vs_T3,longitudinal,3,RUArm_to_RFArm_ry,RUArm_to_RFArm,ry,0.6058467513452551,0.1649836432910044,-0.4408631080542507,0.11966827174420104,0.16140306747520713
252_T1_vs_T3,longitudinal,3,RUArm_to_RFArm_rz,RUArm_to_RFArm,rz,0.04503826532938896,0.0833516734863837,0.03831340815699474,0.11966827174420104,0.16140306747520713
252_T1_vs_T3,longitudinal,4,252_to_LThigh_rx,252_to_LThigh,rx,0.29343137869702185,0.15401725909256578,-0.13941411960445607,0.08463877047967566,0.09634362256357606
252_T1_vs_T3,longitudinal,4,252_to_LThigh_ry,252_to_LThigh,ry,0.06454772181892336,0.022148904873228115,-0.04239881694569525,0.08463877047967566,0.09634362256357606
252_T1_vs_T3,longitudinal,4,252_to_LThigh_rz,252_to_LThigh,rz,0.08924238724955731,0.056480631061459334,-0.03276175618809798,0.08463877047967566,0.09634362256357606
252_T1_vs_T3,longitudinal,4,252_to_RThigh_rx,252_to_RThigh,rx,0.14899923415758973,0.10454581584851481,-0.04445341830907491,0.08463877047967566,0.09634362256357606
252_T1_vs_T3,longitudinal,4,252_to_RThigh_ry,252_to_RThigh,ry,0.04791379512667564,0.024661247435771378,-0.02325254769090426,0.08463877047967566,0.09634362256357606
252_T1_vs_T3,longitudinal,4,252_to_RThigh_rz,252_to_RThigh,rz,0.05930741122917572,0.14313567424199108,0.08382826301281537,0.08463877047967566,0.09634362256357606
252_T1_vs_T3,longitudinal,4,Chest_to_LShoulder_rx,Chest_to_LShoulder,rx,0.05027891264132115,0.025223665035516117,-0.025055247605805034,0.08463877047967566,0.09634362256357606
252_T1_vs_T3,longitudinal,4,Chest_to_LShoulder_ry,Chest_to_LShoulder,ry,0.0006968389956013056,0.025614862598233618,0.024918023602632313,0.08463877047967566,0.09634362256357606
252_T1_vs_T3,longitudinal,4,Chest_to_LShoulder_rz,Chest_to_LShoulder,rz,0.004166656747874082,0.020163707361932227,0.015997050614058143,0.08463877047967566,0.09634362256357606
252_T1_vs_T3,longitudinal,4,Chest_to_Neck_rx,Chest_to_Neck,rx,0.06644578665247361,0.060622967305982864,-0.005822819346490746,0.08463877047967566,0.09634362256357606
252_T1_vs_T3,longitudinal,4,Chest_to_Neck_ry,Chest_to_Neck,ry,0.030457312046481104,0.020362317151355926,-0.010094994895125178,0.08463877047967566,0.09634362256357606
252_T1_vs_T3,longitudinal,4,Chest_to_Neck_rz,Chest_to_Neck,rz,0.01508671067205787,0.008887667791100017,-0.006199042880957854,0.08463877047967566,0.09634362256357606
252_T1_vs_T3,longitudinal,4,Chest_to_RShoulder_rx,Chest_to_RShoulder,rx,0.010195817095821067,0.014866382264314876,0.004670565168493809,0.08463877047967566,0.09634362256357606
252_T1_vs_T3,longitudinal,4,Chest_to_RShoulder_ry,Chest_to_RShoulder,ry,0.012978565558782835,0.04047288890363613,0.027494323344853293,0.08463877047967566,0.09634362256357606
252_T1_vs_T3,longitudinal,4,Chest_to_RShoulder_rz,Chest_to_RShoulder,rz,0.07148174158701547,0.039724219502412866,-0.0317575220846026,0.08463877047967566,0.09634362256357606
252_T1_vs_T3,longitudinal,4,LFArm_to_LHand_rx,LFArm_to_LHand,rx,0.01063878574889797,0.0043922021458275345,-0.006246583603070435,0.08463877047967566,0.09634362256357606
252_T1_vs_T3,longitudinal,4,LFArm_to_LHand_ry,LFArm_to_LHand,ry,0.06904826235746322,0.04194410328653019,-0.027104159070933033,0.08463877047967566,0.09634362256357606
252_T1_vs_T3,longitudinal,4,LFArm_to_LHand_rz,LFArm_to_LHand,rz,0.1228682314154637,0.0038089789119885044,-0.1190592525034752,0.08463877047967566,0.09634362256357606
252_T1_vs_T3,longitudinal,4,LShin_to_LFoot_rx,LShin_to_LFoot,rx,0.0878175329879622,0.0704552446361214,-0.017362288351840796,0.08463877047967566,0.09634362256357606
252_T1_vs_T3,longitudinal,4,LShin_to_LFoot_ry,LShin_to_LFoot,ry,0.05925422053841052,0.024526901992050307,-0.034727318546360214,0.08463877047967566,0.09634362256357606
252_T1_vs_T3,longitudinal,4,LShin_to_LFoot_rz,LShin_to_LFoot,rz,0.045120754081807136,0.027186620629792577,-0.01793413345201456,0.08463877047967566,0.09634362256357606
252_T1_vs_T3,longitudinal,4,LShoulder_to_LUArm_rx,LShoulder_to_LUArm,rx,0.3865550964929335,0.36033590906250085,-0.026219187430432667,0.08463877047967566,0.09634362256357606
252_T1_vs_T3,longitudinal,4,LShoulder_to_LUArm_ry,LShoulder_to_LUArm,ry,0.19526852811949408,0.053969903875921675,-0.1412986242435724,0.08463877047967566,0.09634362256357606
252_T1_vs_T3,longitudinal,4,LShoulder_to_LUArm_rz,LShoulder_to_LUArm,rz,0.05566222295692531,0.24981952410287114,0.19415730114594584,0.08463877047967566,0.09634362256357606
252_T1_vs_T3,longitudinal,4,LThigh_to_LShin_rx,LThigh_to_LShin,rx,0.27519423534612053,0.004302036016273853,-0.27089219932984665,0.08463877047967566,0.09634362256357606
252_T1_vs_T3,longitudinal,4,LThigh_to_LShin_ry,LThigh_to_LShin,ry,5.634101869116086e-09,2.8635477104582636e-08,2.300137523546655e-08,0.08463877047967566,0.09634362256357606
252_T1_vs_T3,longitudinal,4,LThigh_to_LShin_rz,LThigh_to_LShin,rz,5.220823338537879e-09,2.3151507744762612e-08,1.7930684406224735e-08,0.08463877047967566,0.09634362256357606
252_T1_vs_T3,longitudinal,4,LUArm_to_LFArm_rx,LUArm_to_LFArm,rx,0.5113514669117948,0.4953238014830629,-0.016027665428731908,0.08463877047967566,0.09634362256357606
252_T1_vs_T3,longitudinal,4,LUArm_to_LFArm_ry,LUArm_to_LFArm,ry,0.14143240307679594,0.336401689455958,0.19496928637916205,0.08463877047967566,0.09634362256357606
252_T1_vs_T3,longitudinal,4,LUArm_to_LFArm_rz,LUArm_to_LFArm,rz,0.2615146552014092,0.3035161674300751,0.04200151222866588,0.08463877047967566,0.09634362256357606
252_T1_vs_T3,longitudinal,4,Neck_to_Head_rx,Neck_to_Head,rx,0.06604799334257522,0.06050939467851447,-0.00553859866406075,0.08463877047967566,0.09634362256357606
252_T1_vs_T3,longitudinal,4,Neck_to_Head_ry,Neck_to_Head,ry,0.02724546109490948,0.021969763379222594,-0.0052756977156868876,0.08463877047967566,0.09634362256357606
252_T1_vs_T3,longitudinal,4,Neck_to_Head_rz,Neck_to_Head,rz,0.020649781876953814,0.004695980256303904,-0.01595380162064991,0.08463877047967566,0.09634362256357606
252_T1_vs_T3,longitudinal,4,RFArm_to_RHand_rx,RFArm_to_RHand,rx,0.006204605079668356,0.00599943482483533,-0.0002051702548330264,0.08463877047967566,0.09634362256357606
252_T1_vs_T3,longitudinal,4,RFArm_to_RHand_ry,RFArm_to_RHand,ry,0.011328737873714797,0.03406593856569522,0.02273720069198042,0.08463877047967566,0.09634362256357606
252_T1_vs_T3,longitudinal,4,RFArm_to_RHand_rz,RFArm_to_RHand,rz,0.04083282710742666,0.08269812097670114,0.04186529386927448,0.08463877047967566,0.09634362256357606
252_T1_vs_T3,longitudinal,4,RShin_to_RFoot_rx,RShin_to_RFoot,rx,0.011165108959651773,0.036692821635175704,0.02552771267552393,0.08463877047967566,0.09634362256357606
252_T1_vs_T3,longitudinal,4,RShin_to_RFoot_ry,RShin_to_RFoot,ry,0.07193200059274994,0.08408172739426754,0.012149726801517602,0.08463877047967566,0.09634362256357606
252_T1_vs_T3,longitudinal,4,RShin_to_RFoot_rz,RShin_to_RFoot,rz,0.05286811226559904,0.08161451651006503,0.028746404244465992,0.08463877047967566,0.09634362256357606
252_T1_vs_T3,longitudinal,4,RShoulder_to_RUArm_rx,RShoulder_to_RUArm,rx,0.2509797218284862,0.2372677437803547,-0.013711978048131512,0.08463877047967566,0.09634362256357606
252_T1_vs_T3,longitudinal,4,RShoulder_to_RUArm_ry,RShoulder_to_RUArm,ry,0.2790151859385668,0.0508034662718182,-0.22821171966674858,0.08463877047967566,0.09634362256357606
252_T1_vs_T3,longitudinal,4,RShoulder_to_RUArm_rz,RShoulder_to_RUArm,rz,0.16345327247269828,0.18101399692371806,0.017560724451019777,0.08463877047967566,0.09634362256357606
252_T1_vs_T3,longitudinal,4,RThigh_to_RShin_rx,RThigh_to_RShin,rx,0.08719002530849311,0.3924271603783364,0.3052371350698433,0.08463877047967566,0.09634362256357606
252_T1_vs_T3,longitudinal,4,RThigh_to_RShin_ry,RThigh_to_RShin,ry,3.0167517936071467e-08,2.6709474235176253e-08,-3.458043700895214e-09,0.08463877047967566,0.09634362256357606
252_T1_vs_T3,longitudinal,4,RThigh_to_RShin_rz,RThigh_to_RShin,rz,6.486144384604033e-09,6.077699275070664e-09,-4.084451095333689e-10,0.08463877047967566,0.09634362256357606
252_T1_vs_T3,longitudinal,4,RUArm_to_RFArm_rx,RUArm_to_RFArm,rx,0.06735699402097202,0.04008738220261646,-0.027269611818355556,0.08463877047967566,0.09634362256357606
252_T1_vs_T3,longitudinal,4,RUArm_to_RFArm_ry,RUArm_to_RFArm,ry,0.12396052814961281,0.017492227679974867,-0.10646830046963794,0.08463877047967566,0.09634362256357606
252_T1_vs_T3,longitudinal,4,RUArm_to_RFArm_rz,RUArm_to_RFArm,rz,0.015467565407084658,0.05019146904445326,0.0347239036373686,0.08463877047967566,0.09634362256357606
252_T1_vs_T3,longitudinal,5,252_to_LThigh_rx,252_to_LThigh,rx,0.187989102040456,0.2657633641703103,0.07777426212985433,0.07130647317670749,0.07183444064258812
252_T1_vs_T3,longitudinal,5,252_to_LThigh_ry,252_to_LThigh,ry,0.01909286823052838,0.01583733024137119,-0.0032555379891571895,0.07130647317670749,0.07183444064258812
252_T1_vs_T3,longitudinal,5,252_to_LThigh_rz,252_to_LThigh,rz,0.10613904078443673,0.03649507795663523,-0.0696439628278015,0.07130647317670749,0.07183444064258812
252_T1_vs_T3,longitudinal,5,252_to_RThigh_rx,252_to_RThigh,rx,0.36349129745897285,0.05591079035407955,-0.3075805071048933,0.07130647317670749,0.07183444064258812
252_T1_vs_T3,longitudinal,5,252_to_RThigh_ry,252_to_RThigh,ry,0.014071096562848636,0.01737525282550771,0.003304156262659076,0.07130647317670749,0.07183444064258812
252_T1_vs_T3,longitudinal,5,252_to_RThigh_rz,252_to_RThigh,rz,0.01831672529867195,0.04618260935741551,0.027865884058743563,0.07130647317670749,0.07183444064258812
252_T1_vs_T3,longitudinal,5,Chest_to_LShoulder_rx,Chest_to_LShoulder,rx,0.0005333519041343599,0.0201382519409386,0.01960490003680424,0.07130647317670749,0.07183444064258812
252_T1_vs_T3,longitudinal,5,Chest_to_LShoulder_ry,Chest_to_LShoulder,ry,0.08020370271415626,0.035497445137214784,-0.04470625757694148,0.07130647317670749,0.07183444064258812
252_T1_vs_T3,longitudinal,5,Chest_to_LShoulder_rz,Chest_to_LShoulder,rz,0.019678920603994964,0.005811208253851905,-0.01386771235014306,0.07130647317670749,0.07183444064258812
252_T1_vs_T3,longitudinal,5,Chest_to_Neck_rx,Chest_to_Neck,rx,0.025542271642491298,0.03743461710309677,0.011892345460605473,0.07130647317670749,0.07183444064258812
252_T1_vs_T3,longitudinal,5,Chest_to_Neck_ry,Chest_to_Neck,ry,0.04913852991502622,0.018002990913036303,-0.03113553900198992,0.07130647317670749,0.07183444064258812
252_T1_vs_T3,longitudinal,5,Chest_to_Neck_rz,Chest_to_Neck,rz,0.04961639480860634,0.019203940716572606,-0.030412454092033737,0.07130647317670749,0.07183444064258812
252_T1_vs_T3,longitudinal,5,Chest_to_RShoulder_rx,Chest_to_RShoulder,rx,0.018146144972010444,0.022801303696244748,0.004655158724234304,0.07130647317670749,0.07183444064258812
252_T1_vs_T3,longitudinal,5,Chest_to_RShoulder_ry,Chest_to_RShoulder,ry,0.0319130013808383,0.03364878282120194,0.0017357814403636401,0.07130647317670749,0.07183444064258812
252_T1_vs_T3,longitudinal,5,Chest_to_RShoulder_rz,Chest_to_RShoulder,rz,0.09731455524024804,0.16312758209066802,0.06581302685041998,0.07130647317670749,0.07183444064258812
252_T1_vs_T3,longitudinal,5,LFArm_to_LHand_rx,LFArm_to_LHand,rx,0.019016885516622475,0.01242967168457009,-0.006587213832052385,0.07130647317670749,0.07183444064258812
252_T1_vs_T3,longitudinal,5,LFArm_to_LHand_ry,LFArm_to_LHand,ry,0.07943272816552202,0.04612465223838503,-0.03330807592713699,0.07130647317670749,0.07183444064258812
252_T1_vs_T3,longitudinal,5,LFArm_to_LHand_rz,LFArm_to_LHand,rz,0.13554318805047136,0.10548955933716969,-0.030053628713301667,0.07130647317670749,0.07183444064258812
252_T1_vs_T3,longitudinal,5,LShin_to_LFoot_rx,LShin_to_LFoot,rx,0.019279061930956735,0.12521376393593553,0.10593470200497879,0.07130647317670749,0.07183444064258812
252_T1_vs_T3,longitudinal,5,LShin_to_LFoot_ry,LShin_to_LFoot,ry,0.07523113091436116,0.10374067164259092,0.028509540728229754,0.07130647317670749,0.07183444064258812
252_T1_vs_T3,longitudinal,5,LShin_to_LFoot_rz,LShin_to_LFoot,rz,0.04700581258946182,0.07791339524533011,0.030907582655868293,0.07130647317670749,0.07183444064258812
252_T1_vs_T3,longitudinal,5,LShoulder_to_LUArm_rx,LShoulder_to_LUArm,rx,0.0790343676556871,0.20071618442353628,0.12168181676784919,0.07130647317670749,0.07183444064258812
252_T1_vs_T3,longitudinal,5,LShoulder_to_LUArm_ry,LShoulder_to_LUArm,ry,0.27595742985943944,0.1457786767520461,-0.13017875310739335,0.07130647317670749,0.07183444064258812
252_T1_vs_T3,longitudinal,5,LShoulder_to_LUArm_rz,LShoulder_to_LUArm,rz,0.19037517099604054,0.39830437732630314,0.2079292063302626,0.07130647317670749,0.07183444064258812
252_T1_vs_T3,longitudinal,5,LThigh_to_LShin_rx,LThigh_to_LShin,rx,0.5403725337948401,0.4757606930953122,-0.06461184069952786,0.07130647317670749,0.07183444064258812
252_T1_vs_T3,longitudinal,5,LThigh_to_LShin_ry,LThigh_to_LShin,ry,4.488613107905588e-08,4.326694234776791e-09,-4.055943684427909e-08,0.07130647317670749,0.07183444064258812
252_T1_vs_T3,longitudinal,5,LThigh_to_LShin_rz,LThigh_to_LShin,rz,2.7485433274732165e-08,1.3404828240632451e-08,-1.4080605034099714e-08,0.07130647317670749,0.07183444064258812
252_T1_vs_T3,longitudinal,5,LUArm_to_LFArm_rx,LUArm_to_LFArm,rx,0.20165994871538537,0.06804121456758014,-0.13361873414780523,0.07130647317670749,0.07183444064258812
252_T1_vs_T3,longitudinal,5,LUArm_to_LFArm_ry,LUArm_to_LFArm,ry,0.099445336460567,0.2833222433724761,0.18387690691190908,0.07130647317670749,0.07183444064258812
252_T1_vs_T3,longitudinal,5,LUArm_to_LFArm_rz,LUArm_to_LFArm,rz,0.022244464572389436,0.017034541204569847,-0.005209923367819589,0.07130647317670749,0.07183444064258812
252_T1_vs_T3,longitudinal,5,Neck_to_Head_rx,Neck_to_Head,rx,0.02563495803104018,0.037512091028368104,0.011877132997327924,0.07130647317670749,0.07183444064258812
252_T1_vs_T3,longitudinal,5,Neck_to_Head_ry,Neck_to_Head,ry,0.057678504131523665,0.014122927605620601,-0.04355557652590306,0.07130647317670749,0.07183444064258812
252_T1_vs_T3,longitudinal,5,Neck_to_Head_rz,Neck_to_Head,rz,0.03928230452490643,0.02223004534549781,-0.017052259179408617,0.07130647317670749,0.07183444064258812
252_T1_vs_T3,longitudinal,5,RFArm_to_RHand_rx,RFArm_to_RHand,rx,0.005859828250924205,0.005328538739661353,-0.0005312895112628523,0.07130647317670749,0.07183444064258812
252_T1_vs_T3,longitudinal,5,RFArm_to_RHand_ry,RFArm_to_RHand,ry,0.05172459962783147,0.033910462076093884,-0.017814137551737587,0.07130647317670749,0.07183444064258812
252_T1_vs_T3,longitudinal,5,RFArm_to_RHand_rz,RFArm_to_RHand,rz,0.01082084862649444,0.021530998134707054,0.010710149508212613,0.07130647317670749,0.07183444064258812
252_T1_vs_T3,longitudinal,5,RShin_to_RFoot_rx,RShin_to_RFoot,rx,0.0029738396828632814,0.12599350342267626,0.12301966373981298,0.07130647317670749,0.07183444064258812
252_T1_vs_T3,longitudinal,5,RShin_to_RFoot_ry,RShin_to_RFoot,ry,0.04919021500535185,0.08722555018695287,0.038035335181601015,0.07130647317670749,0.07183444064258812
252_T1_vs_T3,longitudinal,5,RShin_to_RFoot_rz,RShin_to_RFoot,rz,0.03222687142957928,0.11905605196084677,0.0868291805312675,0.07130647317670749,0.07183444064258812
252_T1_vs_T3,longitudinal,5,RShoulder_to_RUArm_rx,RShoulder_to_RUArm,rx,0.10185766305527634,0.045221308498409815,-0.056636354556866525,0.07130647317670749,0.07183444064258812
252_T1_vs_T3,longitudinal,5,RShoulder_to_RUArm_ry,RShoulder_to_RUArm,ry,0.029141715860568202,0.17097085648964647,0.14182914062907825,0.07130647317670749,0.07183444064258812
252_T1_vs_T3,longitudinal,5,RShoulder_to_RUArm_rz,RShoulder_to_RUArm,rz,0.15670302792903568,0.342093627519383,0.18539059959034732,0.07130647317670749,0.07183444064258812
252_T1_vs_T3,longitudinal,5,RThigh_to_RShin_rx,RThigh_to_RShin,rx,0.27295388513719565,0.31304904797583316,0.04009516283863751,0.07130647317670749,0.07183444064258812
252_T1_vs_T3,longitudinal,5,RThigh_to_RShin_ry,RThigh_to_RShin,ry,1.3348956493702441e-08,3.935342054063332e-09,-9.413614439639109e-09,0.07130647317670749,0.07183444064258812
252_T1_vs_T3,longitudinal,5,RThigh_to_RShin_rz,RThigh_to_RShin,rz,3.575536668397956e-09,2.8355492104723034e-09,-7.399874579256526e-10,0.07130647317670749,0.07183444064258812
252_T1_vs_T3,longitudinal,5,RUArm_to_RFArm_rx,RUArm_to_RFArm,rx,0.1398181271724052,0.1542936496417406,0.014475522469335422,0.07130647317670749,0.07183444064258812
252_T1_vs_T3,longitudinal,5,RUArm_to_RFArm_ry,RUArm_to_RFArm,ry,0.39430398767219255,0.008089982527462111,-0.3862140051447304,0.07130647317670749,0.07183444064258812
252_T1_vs_T3,longitudinal,5,RUArm_to_RFArm_rz,RUArm_to_RFArm,rz,0.07137952490467338,0.0308078930371209,-0.04057163186755248,0.07130647317670749,0.07183444064258812
252_T1_vs_T3,longitudinal,6,252_to_LThigh_rx,252_to_LThigh,rx,0.09758306088205015,0.3824755428765038,0.28489248199445366,0.0552453584404885,0.0654252206496176
252_T1_vs_T3,longitudinal,6,252_to_LThigh_ry,252_to_LThigh,ry,0.055995085964827274,0.0025310883774571184,-0.05346399758737015,0.0552453584404885,0.0654252206496176
252_T1_vs_T3,longitudinal,6,252_to_LThigh_rz,252_to_LThigh,rz,0.017194331662942895,0.08795745348376616,0.07076312182082325,0.0552453584404885,0.0654252206496176
252_T1_vs_T3,longitudinal,6,252_to_RThigh_rx,252_to_RThigh,rx,0.10501918937026893,0.3833345536728095,0.27831536430254056,0.0552453584404885,0.0654252206496176
252_T1_vs_T3,longitudinal,6,252_to_RThigh_ry,252_to_RThigh,ry,0.03955712933624816,0.03261585398581458,-0.006941275350433575,0.0552453584404885,0.0654252206496176
252_T1_vs_T3,longitudinal,6,252_to_RThigh_rz,252_to_RThigh,rz,0.07611663174833876,0.001163197170423175,-0.07495343457791558,0.0552453584404885,0.0654252206496176
252_T1_vs_T3,longitudinal,6,Chest_to_LShoulder_rx,Chest_to_LShoulder,rx,0.009037066618166039,0.05938312015788108,0.05034605353971504,0.0552453584404885,0.0654252206496176
252_T1_vs_T3,longitudinal,6,Chest_to_LShoulder_ry,Chest_to_LShoulder,ry,0.0025910254004572956,0.03430228434885858,0.03171125894840129,0.0552453584404885,0.0654252206496176
252_T1_vs_T3,longitudinal,6,Chest_to_LShoulder_rz,Chest_to_LShoulder,rz,0.04422487274525851,0.027402436637163345,-0.016822436108095168,0.0552453584404885,0.0654252206496176
252_T1_vs_T3,longitudinal,6,Chest_to_Neck_rx,Chest_to_Neck,rx,0.08076108511973659,0.10081278033530769,0.020051695215571097,0.0552453584404885,0.0654252206496176
252_T1_vs_T3,longitudinal,6,Chest_to_Neck_ry,Chest_to_Neck,ry,0.027106723979328225,0.027179706487790608,7.298250846238252e-05,0.0552453584404885,0.0654252206496176
252_T1_vs_T3,longitudinal,6,Chest_to_Neck_rz,Chest_to_Neck,rz,0.03862184482531165,0.04839266538074316,0.009770820555431513,0.0552453584404885,0.0654252206496176
252_T1_vs_T3,longitudinal,6,Chest_to_RShoulder_rx,Chest_to_RShoulder,rx,0.010753413042956197,0.031780047360127794,0.021026634317171597,0.0552453584404885,0.0654252206496176
252_T1_vs_T3,longitudinal,6,Chest_to_RShoulder_ry,Chest_to_RShoulder,ry,0.0033365931980197396,0.006640271759881118,0.003303678561861378,0.0552453584404885,0.0654252206496176
252_T1_vs_T3,longitudinal,6,Chest_to_RShoulder_rz,Chest_to_RShoulder,rz,0.03526620132113582,0.0010461627920495715,-0.034220038529086255,0.0552453584404885,0.0654252206496176
252_T1_vs_T3,longitudinal,6,LFArm_to_LHand_rx,LFArm_to_LHand,rx,0.0044760776368810125,0.004364587964785527,-0.00011148967209548537,0.0552453584404885,0.0654252206496176
252_T1_vs_T3,longitudinal,6,LFArm_to_LHand_ry,LFArm_to_LHand,ry,0.008750077811401205,0.018803124050374393,0.010053046238973188,0.0552453584404885,0.0654252206496176
252_T1_vs_T3,longitudinal,6,LFArm_to_LHand_rz,LFArm_to_LHand,rz,0.013357286828969302,0.06335858689796224,0.050001300068992935,0.0552453584404885,0.0654252206496176
252_T1_vs_T3,longitudinal,6,LShin_to_LFoot_rx,LShin_to_LFoot,rx,0.06704728174021164,0.08123641671322636,0.014189134973014716,0.0552453584404885,0.0654252206496176
252_T1_vs_T3,longitudinal,6,LShin_to_LFoot_ry,LShin_to_LFoot,ry,0.025555727674787705,0.05364267427839576,0.028086946603608054,0.0552453584404885,0.0654252206496176
252_T1_vs_T3,longitudinal,6,LShin_to_LFoot_rz,LShin_to_LFoot,rz,0.03138565736406892,0.051033800509969286,0.019648143145900368,0.0552453584404885,0.0654252206496176
252_T1_vs_T3,longitudinal,6,LShoulder_to_LUArm_rx,LShoulder_to_LUArm,rx,0.20687952684666233,0.10301435395270497,-0.10386517289395736,0.0552453584404885,0.0654252206496176
252_T1_vs_T3,longitudinal,6,LShoulder_to_LUArm_ry,LShoulder_to_LUArm,ry,0.13588002686539796,0.0006696048175428576,-0.1352104220478551,0.0552453584404885,0.0654252206496176
252_T1_vs_T3,longitudinal,6,LShoulder_to_LUArm_rz,LShoulder_to_LUArm,rz,0.3306783792828887,0.18133892409109192,-0.14933945519179675,0.0552453584404885,0.0654252206496176
252_T1_vs_T3,longitudinal,6,LThigh_to_LShin_rx,LThigh_to_LShin,rx,0.001065764207660874,0.3987152900831808,0.39764952587551994,0.0552453584404885,0.0654252206496176
252_T1_vs_T3,longitudinal,6,LThigh_to_LShin_ry,LThigh_to_LShin,ry,9.434496654971383e-09,3.6939373255417465e-08,2.7504876600446083e-08,0.0552453584404885,0.0654252206496176
252_T1_vs_T3,longitudinal,6,LThigh_to_LShin_rz,LThigh_to_LShin,rz,3.8704139518703814e-08,2.3876366424215028e-09,-3.631650287628231e-08,0.0552453584404885,0.0654252206496176
252_T1_vs_T3,longitudinal,6,LUArm_to_LFArm_rx,LUArm_to_LFArm,rx,0.27911305529870983,0.08143064290416552,-0.19768241239454432,0.0552453584404885,0.0654252206496176
252_T1_vs_T3,longitudinal,6,LUArm_to_LFArm_ry,LUArm_to_LFArm,ry,0.42953991901709676,0.07983934851861295,-0.3497005704984838,0.0552453584404885,0.0654252206496176
252_T1_vs_T3,longitudinal,6,LUArm_to_LFArm_rz,LUArm_to_LFArm,rz,0.15224051910493192,0.08527431915645521,-0.0669661999484767,0.0552453584404885,0.0654252206496176
252_T1_vs_T3,longitudinal,6,Neck_to_Head_rx,Neck_to_Head,rx,0.0807968765491369,0.10039131615581434,0.019594439606677436,0.0552453584404885,0.0654252206496176
252_T1_vs_T3,longitudinal,6,Neck_to_Head_ry,Neck_to_Head,ry,0.019088663630740618,0.035770895653337825,0.016682232022597207,0.0552453584404885,0.0654252206496176
252_T1_vs_T3,longitudinal,6,Neck_to_Head_rz,Neck_to_Head,rz,0.042947176891380674,0.04229587015023077,-0.0006513067411499027,0.0552453584404885,0.0654252206496176
252_T1_vs_T3,longitudinal,6,RFArm_to_RHand_rx,RFArm_to_RHand,rx,0.000977735064331577,0.0036447416835053417,0.0026670066191737648,0.0552453584404885,0.0654252206496176
252_T1_vs_T3,longitudinal,6,RFArm_to_RHand_ry,RFArm_to_RHand,ry,0.002821587769642573,0.0198276190171058,0.01700603124746323,0.0552453584404885,0.0654252206496176
252_T1_vs_T3,longitudinal,6,RFArm_to_RHand_rz,RFArm_to_RHand,rz,0.003192258261889437,0.001651339877282739,-0.0015409183846066981,0.0552453584404885,0.0654252206496176
252_T1_vs_T3,longitudinal,6,RShin_to_RFoot_rx,RShin_to_RFoot,rx,0.11793195432602357,0.05029192354133459,-0.06764003078468898,0.0552453584404885,0.0654252206496176
252_T1_vs_T3,longitudinal,6,RShin_to_RFoot_ry,RShin_to_RFoot,ry,0.07542713932998024,0.024832028368784884,-0.05059511096119536,0.0552453584404885,0.0654252206496176
252_T1_vs_T3,longitudinal,6,RShin_to_RFoot_rz,RShin_to_RFoot,rz,0.07466921165729799,0.044426203505836,-0.03024300815146199,0.0552453584404885,0.0654252206496176
252_T1_vs_T3,longitudinal,6,RShoulder_to_RUArm_rx,RShoulder_to_RUArm,rx,0.13397303725458784,0.07756154509296301,-0.05641149216162483,0.0552453584404885,0.0654252206496176
252_T1_vs_T3,longitudinal,6,RShoulder_to_RUArm_ry,RShoulder_to_RUArm,ry,0.3250393173027376,0.5213901756180699,0.19635085831533228,0.0552453584404885,0.0654252206496176
252_T1_vs_T3,longitudinal,6,RShoulder_to_RUArm_rz,RShoulder_to_RUArm,rz,0.17636705363563532,0.33512296274395126,0.15875590910831594,0.0552453584404885,0.0654252206496176
252_T1_vs_T3,longitudinal,6,RThigh_to_RShin_rx,RThigh_to_RShin,rx,0.45798867818775985,0.029563056460211533,-0.42842562172754833,0.0552453584404885,0.0654252206496176
252_T1_vs_T3,longitudinal,6,RThigh_to_RShin_ry,RThigh_to_RShin,ry,1.1368284787493444e-08,4.817871137126633e-09,-6.550413650366811e-09,0.0552453584404885,0.0654252206496176
252_T1_vs_T3,longitudinal,6,RThigh_to_RShin_rz,RThigh_to_RShin,rz,5.994165220419803e-08,4.261204130398128e-08,-1.7329610900216755e-08,0.0552453584404885,0.0654252206496176
252_T1_vs_T3,longitudinal,6,RUArm_to_RFArm_rx,RUArm_to_RFArm,rx,0.19596272603194048,0.09664892545122274,-0.09931380058071775,0.0552453584404885,0.0654252206496176
252_T1_vs_T3,longitudinal,6,RUArm_to_RFArm_ry,RUArm_to_RFArm,ry,0.23814780186757636,0.07804529841200161,-0.16010250345557475,0.0552453584404885,0.0654252206496176
252_T1_vs_T3,longitudinal,6,RUArm_to_RFArm_rz,RUArm_to_RFArm,rz,0.01965801298641352,0.11763588532949128,0.09797787234307775,0.0552453584404885,0.0654252206496176
252_T1_vs_T3,longitudinal,7,252_to_LThigh_rx,252_to_LThigh,rx,0.3012573421466103,0.06452839369581342,-0.2367289484507969,0.04499480341351051,0.04929995602051852
252_T1_vs_T3,longitudinal,7,252_to_LThigh_ry,252_to_LThigh,ry,0.05614272515280303,0.03038140806706227,-0.02576131708574076,0.04499480341351051,0.04929995602051852
252_T1_vs_T3,longitudinal,7,252_to_LThigh_rz,252_to_LThigh,rz,0.042087880765244126,0.06245234965085233,0.0203644688856082,0.04499480341351051,0.04929995602051852
252_T1_vs_T3,longitudinal,7,252_to_RThigh_rx,252_to_RThigh,rx,0.13000078779834673,0.1013745840982255,-0.028626203700121228,0.04499480341351051,0.04929995602051852
252_T1_vs_T3,longitudinal,7,252_to_RThigh_ry,252_to_RThigh,ry,0.09138876365360538,0.056377083983961074,-0.0350116796696443,0.04499480341351051,0.04929995602051852
252_T1_vs_T3,longitudinal,7,252_to_RThigh_rz,252_to_RThigh,rz,0.08160600771838607,0.08355169371055743,0.0019456859921713615,0.04499480341351051,0.04929995602051852
252_T1_vs_T3,longitudinal,7,Chest_to_LShoulder_rx,Chest_to_LShoulder,rx,0.0344751574549082,0.026008456322887535,-0.008466701132020665,0.04499480341351051,0.04929995602051852
252_T1_vs_T3,longitudinal,7,Chest_to_LShoulder_ry,Chest_to_LShoulder,ry,0.09835738229332591,0.1285152536940356,0.03015787140070969,0.04499480341351051,0.04929995602051852
252_T1_vs_T3,longitudinal,7,Chest_to_LShoulder_rz,Chest_to_LShoulder,rz,0.03804342127426414,0.03571992420948906,-0.002323497064775082,0.04499480341351051,0.04929995602051852
252_T1_vs_T3,longitudinal,7,Chest_to_Neck_rx,Chest_to_Neck,rx,0.07904898891975758,0.02205545881799046,-0.056993530101767116,0.04499480341351051,0.04929995602051852
252_T1_vs_T3,longitudinal,7,Chest_to_Neck_ry,Chest_to_Neck,ry,0.057479972388118104,0.04257192833754132,-0.014908044050576781,0.04499480341351051,0.04929995602051852
252_T1_vs_T3,longitudinal,7,Chest_to_Neck_rz,Chest_to_Neck,rz,0.03669146516785012,0.07010601644362251,0.033414551275772385,0.04499480341351051,0.04929995602051852
252_T1_vs_T3,longitudinal,7,Chest_to_RShoulder_rx,Chest_to_RShoulder,rx,0.050925863859574656,0.029504239902192895,-0.02142162395738176,0.04499480341351051,0.04929995602051852
252_T1_vs_T3,longitudinal,7,Chest_to_RShoulder_ry,Chest_to_RShoulder,ry,0.04722531900486913,0.07540167790294997,0.028176358898080837,0.04499480341351051,0.04929995602051852
252_T1_vs_T3,longitudinal,7,Chest_to_RShoulder_rz,Chest_to_RShoulder,rz,0.03615807424186637,0.024634615877753945,-0.011523458364112428,0.04499480341351051,0.04929995602051852
252_T1_vs_T3,longitudinal,7,LFArm_to_LHand_rx,LFArm_to_LHand,rx,0.016789574157618167,0.033934104377225806,0.01714453021960764,0.04499480341351051,0.04929995602051852
252_T1_vs_T3,longitudinal,7,LFArm_to_LHand_ry,LFArm_to_LHand,ry,0.03309500384008596,0.10611547607224656,0.0730204722321606,0.04499480341351051,0.04929995602051852
252_T1_vs_T3,longitudinal,7,LFArm_to_LHand_rz,LFArm_to_LHand,rz,0.11718665918152672,0.26596026638441084,0.14877360720288413,0.04499480341351051,0.04929995602051852
252_T1_vs_T3,longitudinal,7,LShin_to_LFoot_rx,LShin_to_LFoot,rx,0.08338732399760448,0.04852746855842731,-0.034859855439177176,0.04499480341351051,0.04929995602051852
252_T1_vs_T3,longitudinal,7,LShin_to_LFoot_ry,LShin_to_LFoot,ry,0.04036322092371543,0.09079699966332405,0.05043377873960862,0.04499480341351051,0.04929995602051852
252_T1_vs_T3,longitudinal,7,LShin_to_LFoot_rz,LShin_to_LFoot,rz,0.03346129017604118,0.01443233956142166,-0.019028950614619518,0.04499480341351051,0.04929995602051852
252_T1_vs_T3,longitudinal,7,LShoulder_to_LUArm_rx,LShoulder_to_LUArm,rx,0.10145815788611322,0.15780443222195764,0.05634627433584442,0.04499480341351051,0.04929995602051852
252_T1_vs_T3,longitudinal,7,LShoulder_to_LUArm_ry,LShoulder_to_LUArm,ry,0.21746881204708687,0.576501110448644,0.35903229840155715,0.04499480341351051,0.04929995602051852
252_T1_vs_T3,longitudinal,7,LShoulder_to_LUArm_rz,LShoulder_to_LUArm,rz,0.12155814193292502,0.20229008432070578,0.08073194238778075,0.04499480341351051,0.04929995602051852
252_T1_vs_T3,longitudinal,7,LThigh_to_LShin_rx,LThigh_to_LShin,rx,0.12704538428439774,0.0019191061951118367,-0.1251262780892859,0.04499480341351051,0.04929995602051852
252_T1_vs_T3,longitudinal,7,LThigh_to_LShin_ry,LThigh_to_LShin,ry,1.0240950423509323e-08,1.0884776863065197e-10,-1.0132102654878671e-08,0.04499480341351051,0.04929995602051852
252_T1_vs_T3,longitudinal,7,LThigh_to_LShin_rz,LThigh_to_LShin,rz,2.1127855103809614e-08,1.1890150573068805e-08,-9.237704530740809e-09,0.04499480341351051,0.04929995602051852
252_T1_vs_T3,longitudinal,7,LUArm_to_LFArm_rx,LUArm_to_LFArm,rx,0.05433946671863366,0.004547844522775117,-0.049791622195858545,0.04499480341351051,0.04929995602051852
252_T1_vs_T3,longitudinal,7,LUArm_to_LFArm_ry,LUArm_to_LFArm,ry,0.007578183498939918,0.18538506752616057,0.17780688402722067,0.04499480341351051,0.04929995602051852
252_T1_vs_T3,longitudinal,7,LUArm_to_LFArm_rz,LUArm_to_LFArm,rz,0.02346174250829557,0.08109778149236087,0.0576360389840653,0.04499480341351051,0.04929995602051852
252_T1_vs_T3,longitudinal,7,Neck_to_Head_rx,Neck_to_Head,rx,0.07900782730442561,0.022329948324272476,-0.05667787898015314,0.04499480341351051,0.04929995602051852
252_T1_vs_T3,longitudinal,7,Neck_to_Head_ry,Neck_to_Head,ry,0.06339586186050745,0.05506102822256232,-0.008334833637945134,0.04499480341351051,0.04929995602051852
252_T1_vs_T3,longitudinal,7,Neck_to_Head_rz,Neck_to_Head,rz,0.02516501596132765,0.060730199178827576,0.03556518321749993,0.04499480341351051,0.04929995602051852
252_T1_vs_T3,longitudinal,7,RFArm_to_RHand_rx,RFArm_to_RHand,rx,0.0021560299866019506,0.001203090563417469,-0.0009529394231844817,0.04499480341351051,0.04929995602051852
252_T1_vs_T3,longitudinal,7,RFArm_to_RHand_ry,RFArm_to_RHand,ry,0.055581157666600524,0.05121456771529562,-0.004366589951304907,0.04499480341351051,0.04929995602051852
252_T1_vs_T3,longitudinal,7,RFArm_to_RHand_rz,RFArm_to_RHand,rz,0.017259522032283325,0.04064211399880173,0.023382591966518405,0.04499480341351051,0.04929995602051852
252_T1_vs_T3,longitudinal,7,RShin_to_RFoot_rx,RShin_to_RFoot,rx,0.01322566463428491,0.05972295549973931,0.0464972908654544,0.04499480341351051,0.04929995602051852
252_T1_vs_T3,longitudinal,7,RShin_to_RFoot_ry,RShin_to_RFoot,ry,0.03862709485538245,0.06837945888109666,0.029752364025714205,0.04499480341351051,0.04929995602051852
252_T1_vs_T3,longitudinal,7,RShin_to_RFoot_rz,RShin_to_RFoot,rz,0.09738003963876089,0.029011641320484106,-0.06836839831827679,0.04499480341351051,0.04929995602051852
252_T1_vs_T3,longitudinal,7,RShoulder_to_RUArm_rx,RShoulder_to_RUArm,rx,0.36187652152689065,0.3719497461271191,0.01007322460022847,0.04499480341351051,0.04929995602051852
252_T1_vs_T3,longitudinal,7,RShoulder_to_RUArm_ry,RShoulder_to_RUArm,ry,0.14544530743706005,0.35368258309790274,0.20823727566084269,0.04499480341351051,0.04929995602051852
252_T1_vs_T3,longitudinal,7,RShoulder_to_RUArm_rz,RShoulder_to_RUArm,rz,0.601841269866201,0.3358172935908306,-0.2660239762753704,0.04499480341351051,0.04929995602051852
252_T1_vs_T3,longitudinal,7,RThigh_to_RShin_rx,RThigh_to_RShin,rx,0.3819630983927972,0.05438385425889749,-0.3275792441338997,0.04499480341351051,0.04929995602051852
252_T1_vs_T3,longitudinal,7,RThigh_to_RShin_ry,RThigh_to_RShin,ry,9.3677315906811e-09,9.232164920879495e-09,-1.3556666980160407e-10,0.04499480341351051,0.04929995602051852
252_T1_vs_T3,longitudinal,7,RThigh_to_RShin_rz,RThigh_to_RShin,rz,5.286610009700886e-08,2.9409974380996215e-08,-2.3456125716012645e-08,0.04499480341351051,0.04929995602051852
252_T1_vs_T3,longitudinal,7,RUArm_to_RFArm_rx,RUArm_to_RFArm,rx,0.10803088026065405,0.05686807262805763,-0.05116280763259642,0.04499480341351051,0.04929995602051852
252_T1_vs_T3,longitudinal,7,RUArm_to_RFArm_ry,RUArm_to_RFArm,ry,0.15104508465962466,0.023142951877462088,-0.12790213278216256,0.04499480341351051,0.04929995602051852
252_T1_vs_T3,longitudinal,7,RUArm_to_RFArm_rz,RUArm_to_RFArm,rz,0.07780467679896205,0.033381463715196354,-0.0444232130837657,0.04499480341351051,0.04929995602051852
252_T1_vs_T3,longitudinal,8,252_to_LThigh_rx,252_to_LThigh,rx,0.1583316468066882,0.046227651237444184,-0.11210399556924402,0.03804693664245229,0.03404191414108548
252_T1_vs_T3,longitudinal,8,252_to_LThigh_ry,252_to_LThigh,ry,0.00646657865095825,0.011095451918845832,0.004628873267887582,0.03804693664245229,0.03404191414108548
252_T1_vs_T3,longitudinal,8,252_to_LThigh_rz,252_to_LThigh,rz,0.048007504872195614,0.018733388297165726,-0.029274116575029888,0.03804693664245229,0.03404191414108548
252_T1_vs_T3,longitudinal,8,252_to_RThigh_rx,252_to_RThigh,rx,0.1078540198744827,0.054858678490633674,-0.05299534138384903,0.03804693664245229,0.03404191414108548
252_T1_vs_T3,longitudinal,8,252_to_RThigh_ry,252_to_RThigh,ry,0.0038720131997680473,0.015308278231227547,0.0114362650314595,0.03804693664245229,0.03404191414108548
252_T1_vs_T3,longitudinal,8,252_to_RThigh_rz,252_to_RThigh,rz,0.0143848286837504,0.023176239076697122,0.008791410392946722,0.03804693664245229,0.03404191414108548
252_T1_vs_T3,longitudinal,8,Chest_to_LShoulder_rx,Chest_to_LShoulder,rx,0.042910457693866914,0.008702005820892495,-0.034208451872974416,0.03804693664245229,0.03404191414108548
252_T1_vs_T3,longitudinal,8,Chest_to_LShoulder_ry,Chest_to_LShoulder,ry,0.04196938110850854,0.012482146578825282,-0.02948723452968326,0.03804693664245229,0.03404191414108548
252_T1_vs_T3,longitudinal,8,Chest_to_LShoulder_rz,Chest_to_LShoulder,rz,0.017380049462268298,0.012913898073840071,-0.004466151388428227,0.03804693664245229,0.03404191414108548
252_T1_vs_T3,longitudinal,8,Chest_to_Neck_rx,Chest_to_Neck,rx,0.009572143588970437,0.006274877977434214,-0.0032972656115362224,0.03804693664245229,0.03404191414108548
252_T1_vs_T3,longitudinal,8,Chest_to_Neck_ry,Chest_to_Neck,ry,0.005297297861932273,0.023291688466893293,0.017994390604961018,0.03804693664245229,0.03404191414108548
252_T1_vs_T3,longitudinal,8,Chest_to_Neck_rz,Chest_to_Neck,rz,0.07079096637708902,0.016088084698763314,-0.05470288167832571,0.03804693664245229,0.03404191414108548
252_T1_vs_T3,longitudinal,8,Chest_to_RShoulder_rx,Chest_to_RShoulder,rx,0.019634896257798132,0.03892155162104345,0.01928665536324532,0.03804693664245229,0.03404191414108548
252_T1_vs_T3,longitudinal,8,Chest_to_RShoulder_ry,Chest_to_RShoulder,ry,0.020461115791873742,0.015133850141762458,-0.005327265650111284,0.03804693664245229,0.03404191414108548
252_T1_vs_T3,longitudinal,8,Chest_to_RShoulder_rz,Chest_to_RShoulder,rz,0.09745996532885093,0.03230918577872853,-0.0651507795501224,0.03804693664245229,0.03404191414108548
252_T1_vs_T3,longitudinal,8,LFArm_to_LHand_rx,LFArm_to_LHand,rx,0.009579441388778503,0.002568414929794326,-0.007011026458984177,0.03804693664245229,0.03404191414108548
252_T1_vs_T3,longitudinal,8,LFArm_to_LHand_ry,LFArm_to_LHand,ry,0.028757330121219195,0.033244075076883435,0.0044867449556642396,0.03804693664245229,0.03404191414108548
252_T1_vs_T3,longitudinal,8,LFArm_to_LHand_rz,LFArm_to_LHand,rz,0.06371528234465451,0.05535323548032571,-0.008362046864328801,0.03804693664245229,0.03404191414108548
252_T1_vs_T3,longitudinal,8,LShin_to_LFoot_rx,LShin_to_LFoot,rx,0.1474476280999748,0.03722664712530881,-0.110220980974666,0.03804693664245229,0.03404191414108548
252_T1_vs_T3,longitudinal,8,LShin_to_LFoot_ry,LShin_to_LFoot,ry,0.10695560486137083,0.003202564633724604,-0.10375304022764623,0.03804693664245229,0.03404191414108548
252_T1_vs_T3,longitudinal,8,LShin_to_LFoot_rz,LShin_to_LFoot,rz,0.06524971908371356,0.01033856922499731,-0.05491114985871625,0.03804693664245229,0.03404191414108548
252_T1_vs_T3,longitudinal,8,LShoulder_to_LUArm_rx,LShoulder_to_LUArm,rx,0.32660348716149284,0.07537931728223295,-0.2512241698792599,0.03804693664245229,0.03404191414108548
252_T1_vs_T3,longitudinal,8,LShoulder_to_LUArm_ry,LShoulder_to_LUArm,ry,0.2886107345452482,0.06218475013733652,-0.2264259844079117,0.03804693664245229,0.03404191414108548
252_T1_vs_T3,longitudinal,8,LShoulder_to_LUArm_rz,LShoulder_to_LUArm,rz,0.5035833329870099,0.05584121281660431,-0.44774212017040554,0.03804693664245229,0.03404191414108548
252_T1_vs_T3,longitudinal,8,LThigh_to_LShin_rx,LThigh_to_LShin,rx,0.24917638812545193,0.03367292054269451,-0.2155034675827574,0.03804693664245229,0.03404191414108548
252_T1_vs_T3,longitudinal,8,LThigh_to_LShin_ry,LThigh_to_LShin,ry,2.2756553651310238e-08,2.0312632620399548e-08,-2.4439210309106905e-09,0.03804693664245229,0.03404191414108548
252_T1_vs_T3,longitudinal,8,LThigh_to_LShin_rz,LThigh_to_LShin,rz,3.3113308960949554e-08,2.925676469472401e-08,-3.856544266225545e-09,0.03804693664245229,0.03404191414108548
252_T1_vs_T3,longitudinal,8,LUArm_to_LFArm_rx,LUArm_to_LFArm,rx,0.06593938459695355,0.0775251147294186,0.011585730132465055,0.03804693664245229,0.03404191414108548
252_T1_vs_T3,longitudinal,8,LUArm_to_LFArm_ry,LUArm_to_LFArm,ry,0.11770744067547712,0.17201089436797118,0.054303453692494064,0.03804693664245229,0.03404191414108548
252_T1_vs_T3,longitudinal,8,LUArm_to_LFArm_rz,LUArm_to_LFArm,rz,0.09506234331239756,0.054364496541202546,-0.04069784677119501,0.03804693664245229,0.03404191414108548
252_T1_vs_T3,longitudinal,8,Neck_to_Head_rx,Neck_to_Head,rx,0.009517881621626747,0.00601511912018172,-0.0035027625014450274,0.03804693664245229,0.03404191414108548
252_T1_vs_T3,longitudinal,8,Neck_to_Head_ry,Neck_to_Head,ry,0.008033751107570082,0.025914420024466048,0.017880668916895964,0.03804693664245229,0.03404191414108548
252_T1_vs_T3,longitudinal,8,Neck_to_Head_rz,Neck_to_Head,rz,0.07042581856643082,0.011318638610182515,-0.059107179956248306,0.03804693664245229,0.03404191414108548
252_T1_vs_T3,longitudinal,8,RFArm_to_RHand_rx,RFArm_to_RHand,rx,0.0009693116725461806,0.0038154970931636068,0.002846185420617426,0.03804693664245229,0.03404191414108548
252_T1_vs_T3,longitudinal,8,RFArm_to_RHand_ry,RFArm_to_RHand,ry,0.0031664762986108133,0.045954954631075094,0.04278847833246428,0.03804693664245229,0.03404191414108548
252_T1_vs_T3,longitudinal,8,RFArm_to_RHand_rz,RFArm_to_RHand,rz,0.029795769644767163,0.022684341667278233,-0.00711142797748893,0.03804693664245229,0.03404191414108548
252_T1_vs_T3,longitudinal,8,RShin_to_RFoot_rx,RShin_to_RFoot,rx,0.13922385735022225,0.06531540588488946,-0.07390845146533279,0.03804693664245229,0.03404191414108548
252_T1_vs_T3,longitudinal,8,RShin_to_RFoot_ry,RShin_to_RFoot,ry,0.1267177686382305,0.022548680668603625,-0.10416908796962687,0.03804693664245229,0.03404191414108548
252_T1_vs_T3,longitudinal,8,RShin_to_RFoot_rz,RShin_to_RFoot,rz,0.0907065762431497,0.0140942019115433,-0.0766123743316064,0.03804693664245229,0.03404191414108548
252_T1_vs_T3,longitudinal,8,RShoulder_to_RUArm_rx,RShoulder_to_RUArm,rx,0.023284205468386037,0.022437273099310016,-0.0008469323690760214,0.03804693664245229,0.03404191414108548
252_T1_vs_T3,longitudinal,8,RShoulder_to_RUArm_ry,RShoulder_to_RUArm,ry,0.12888902071592115,0.167077652021472,0.03818863130555086,0.03804693664245229,0.03404191414108548
252_T1_vs_T3,longitudinal,8,RShoulder_to_RUArm_rz,RShoulder_to_RUArm,rz,0.18791631101718712,0.1976353352452858,0.009719024228098672,0.03804693664245229,0.03404191414108548
252_T1_vs_T3,longitudinal,8,RThigh_to_RShin_rx,RThigh_to_RShin,rx,0.38918389676642096,0.047808563460086356,-0.3413753333063346,0.03804693664245229,0.03404191414108548
252_T1_vs_T3,longitudinal,8,RThigh_to_RShin_ry,RThigh_to_RShin,ry,2.6038743256218672e-08,7.565524011606019e-09,-1.8473219244612653e-08,0.03804693664245229,0.03404191414108548
252_T1_vs_T3,longitudinal,8,RThigh_to_RShin_rz,RThigh_to_RShin,rz,9.599013079093819e-09,2.870094780917369e-09,-6.7289182981764496e-09,0.03804693664245229,0.03404191414108548
252_T1_vs_T3,longitudinal,8,RUArm_to_RFArm_rx,RUArm_to_RFArm,rx,0.29934687920162395,0.3219186455043902,0.02257176630276625,0.03804693664245229,0.03404191414108548
252_T1_vs_T3,longitudinal,8,RUArm_to_RFArm_ry,RUArm_to_RFArm,ry,0.15071013077220924,0.8581487756080236,0.7074386448358143,0.03804693664245229,0.03404191414108548
252_T1_vs_T3,longitudinal,8,RUArm_to_RFArm_rz,RUArm_to_RFArm,rz,0.01221469476150074,0.11525307534662159,0.10303838058512085,0.03804693664245229,0.03404191414108548
252_T1_vs_T3,longitudinal,9,252_to_LThigh_rx,252_to_LThigh,rx,0.08144616212995384,0.049247915823964615,-0.03219824630598923,0.03578743836522842,0.022839322523274752
252_T1_vs_T3,longitudinal,9,252_to_LThigh_ry,252_to_LThigh,ry,0.019281344005796588,0.04182546310832345,0.02254411910252686,0.03578743836522842,0.022839322523274752
252_T1_vs_T3,longitudinal,9,252_to_LThigh_rz,252_to_LThigh,rz,0.0706320901058508,0.04090012650977641,-0.029731963596074384,0.03578743836522842,0.022839322523274752
252_T1_vs_T3,longitudinal,9,252_to_RThigh_rx,252_to_RThigh,rx,0.15226745689202267,0.02735710254220939,-0.12491035434981329,0.03578743836522842,0.022839322523274752
252_T1_vs_T3,longitudinal,9,252_to_RThigh_ry,252_to_RThigh,ry,0.03171994607171243,0.022434570145741482,-0.009285375925970951,0.03578743836522842,0.022839322523274752
252_T1_vs_T3,longitudinal,9,252_to_RThigh_rz,252_to_RThigh,rz,0.0969064500792373,0.019090456351634574,-0.07781599372760273,0.03578743836522842,0.022839322523274752
252_T1_vs_T3,longitudinal,9,Chest_to_LShoulder_rx,Chest_to_LShoulder,rx,0.03580303588682939,0.048491217697139,0.01268818181030961,0.03578743836522842,0.022839322523274752
252_T1_vs_T3,longitudinal,9,Chest_to_LShoulder_ry,Chest_to_LShoulder,ry,0.07145619308998323,0.03305008460743303,-0.0384061084825502,0.03578743836522842,0.022839322523274752
252_T1_vs_T3,longitudinal,9,Chest_to_LShoulder_rz,Chest_to_LShoulder,rz,0.022359764029548885,0.017883884380334895,-0.00447587964921399,0.03578743836522842,0.022839322523274752
252_T1_vs_T3,longitudinal,9,Chest_to_Neck_rx,Chest_to_Neck,rx,0.012533624522560486,0.030862297076849458,0.018328672554288973,0.03578743836522842,0.022839322523274752
252_T1_vs_T3,longitudinal,9,Chest_to_Neck_ry,Chest_to_Neck,ry,0.0002210643516706926,0.04097622753281186,0.04075516318114117,0.03578743836522842,0.022839322523274752
252_T1_vs_T3,longitudinal,9,Chest_to_Neck_rz,Chest_to_Neck,rz,0.00503258762538861,0.02495376164467669,0.019921174019288078,0.03578743836522842,0.022839322523274752
252_T1_vs_T3,longitudinal,9,Chest_to_RShoulder_rx,Chest_to_RShoulder,rx,0.03633195713528581,0.0076161931216672685,-0.02871576401361854,0.03578743836522842,0.022839322523274752
252_T1_vs_T3,longitudinal,9,Chest_to_RShoulder_ry,Chest_to_RShoulder,ry,0.0720740147367341,0.025723575669150834,-0.046350439067583266,0.03578743836522842,0.022839322523274752
252_T1_vs_T3,longitudinal,9,Chest_to_RShoulder_rz,Chest_to_RShoulder,rz,0.07155260256377252,0.007165358142987944,-0.06438724442078458,0.03578743836522842,0.022839322523274752
252_T1_vs_T3,longitudinal,9,LFArm_to_LHand_rx,LFArm_to_LHand,rx,0.029318922903322237,0.018484927684263346,-0.010833995219058892,0.03578743836522842,0.022839322523274752
252_T1_vs_T3,longitudinal,9,LFArm_to_LHand_ry,LFArm_to_LHand,ry,0.05320460350512468,0.029475790513781595,-0.023728812991343086,0.03578743836522842,0.022839322523274752
252_T1_vs_T3,longitudinal,9,LFArm_to_LHand_rz,LFArm_to_LHand,rz,0.18841242862657756,0.0905471353009159,-0.09786529332566166,0.03578743836522842,0.022839322523274752
252_T1_vs_T3,longitudinal,9,LShin_to_LFoot_rx,LShin_to_LFoot,rx,0.01382429543934269,0.01377108427177634,-5.3211167566348874e-05,0.03578743836522842,0.022839322523274752
252_T1_vs_T3,longitudinal,9,LShin_to_LFoot_ry,LShin_to_LFoot,ry,0.04485392305782396,0.02515878319554685,-0.019695139862277108,0.03578743836522842,0.022839322523274752
252_T1_vs_T3,longitudinal,9,LShin_to_LFoot_rz,LShin_to_LFoot,rz,0.006392754162424625,0.023303846272437655,0.01691109211001303,0.03578743836522842,0.022839322523274752
252_T1_vs_T3,longitudinal,9,LShoulder_to_LUArm_rx,LShoulder_to_LUArm,rx,0.07621930708374088,0.3047978105877805,0.22857850350403963,0.03578743836522842,0.022839322523274752
252_T1_vs_T3,longitudinal,9,LShoulder_to_LUArm_ry,LShoulder_to_LUArm,ry,0.3838040709121714,0.28793285979888367,-0.09587121111328772,0.03578743836522842,0.022839322523274752
252_T1_vs_T3,longitudinal,9,LShoulder_to_LUArm_rz,LShoulder_to_LUArm,rz,0.0035696133534451435,0.19314628570103942,0.1895766723475943,0.03578743836522842,0.022839322523274752
252_T1_vs_T3,longitudinal,9,LThigh_to_LShin_rx,LThigh_to_LShin,rx,0.005656488058925621,0.05864103346846002,0.0529845454095344,0.03578743836522842,0.022839322523274752
252_T1_vs_T3,longitudinal,9,LThigh_to_LShin_ry,LThigh_to_LShin,ry,2.7001608148800872e-08,3.8529455437970284e-10,-2.661631359442117e-08,0.03578743836522842,0.022839322523274752
252_T1_vs_T3,longitudinal,9,LThigh_to_LShin_rz,LThigh_to_LShin,rz,8.797115579009145e-09,2.5207556365706525e-08,1.641044078669738e-08,0.03578743836522842,0.022839322523274752
252_T1_vs_T3,longitudinal,9,LUArm_to_LFArm_rx,LUArm_to_LFArm,rx,0.15680973250569344,0.46949224886320234,0.3126825163575089,0.03578743836522842,0.022839322523274752
252_T1_vs_T3,longitudinal,9,LUArm_to_LFArm_ry,LUArm_to_LFArm,ry,0.29382224268966284,0.6794470969117067,0.38562485422204384,0.03578743836522842,0.022839322523274752
252_T1_vs_T3,longitudinal,9,LUArm_to_LFArm_rz,LUArm_to_LFArm,rz,0.28196918517538944,0.08722406574750154,-0.1947451194278879,0.03578743836522842,0.022839322523274752
252_T1_vs_T3,longitudinal,9,Neck_to_Head_rx,Neck_to_Head,rx,0.012228324781078548,0.031000419411006352,0.018772094629927804,0.03578743836522842,0.022839322523274752
252_T1_vs_T3,longitudinal,9,Neck_to_Head_ry,Neck_to_Head,ry,0.0013452540601786055,0.035318298812625055,0.03397304475244645,0.03578743836522842,0.022839322523274752
252_T1_vs_T3,longitudinal,9,Neck_to_Head_rz,Neck_to_Head,rz,0.004777207150094706,0.03220019488118304,0.02742298773108833,0.03578743836522842,0.022839322523274752
252_T1_vs_T3,longitudinal,9,RFArm_to_RHand_rx,RFArm_to_RHand,rx,0.0026111256520531595,0.0005359579357915315,-0.002075167716261628,0.03578743836522842,0.022839322523274752
252_T1_vs_T3,longitudinal,9,RFArm_to_RHand_ry,RFArm_to_RHand,ry,0.02505355265304691,0.00703785883471666,-0.01801569381833025,0.03578743836522842,0.022839322523274752
252_T1_vs_T3,longitudinal,9,RFArm_to_RHand_rz,RFArm_to_RHand,rz,0.05531625636988424,0.0012134683543051237,-0.05410278801557912,0.03578743836522842,0.022839322523274752
252_T1_vs_T3,longitudinal,9,RShin_to_RFoot_rx,RShin_to_RFoot,rx,0.016803311324950075,0.030613473014329307,0.013810161689379232,0.03578743836522842,0.022839322523274752
252_T1_vs_T3,longitudinal,9,RShin_to_RFoot_ry,RShin_to_RFoot,ry,0.01565516053068535,0.012859884285073815,-0.0027952762456115356,0.03578743836522842,0.022839322523274752
252_T1_vs_T3,longitudinal,9,RShin_to_RFoot_rz,RShin_to_RFoot,rz,0.030918443030170835,0.01573940961313791,-0.015179033417032924,0.03578743836522842,0.022839322523274752
252_T1_vs_T3,longitudinal,9,RShoulder_to_RUArm_rx,RShoulder_to_RUArm,rx,0.046196887647733324,0.060118927488354484,0.01392203984062116,0.03578743836522842,0.022839322523274752
252_T1_vs_T3,longitudinal,9,RShoulder_to_RUArm_ry,RShoulder_to_RUArm,ry,0.5733310555837802,0.05530334809608582,-0.5180277074876943,0.03578743836522842,0.022839322523274752
252_T1_vs_T3,longitudinal,9,RShoulder_to_RUArm_rz,RShoulder_to_RUArm,rz,0.40419362224624417,0.1742572245462717,-0.22993639769997246,0.03578743836522842,0.022839322523274752
252_T1_vs_T3,longitudinal,9,RThigh_to_RShin_rx,RThigh_to_RShin,rx,0.11510789382833395,0.06323330363263549,-0.051874590195698456,0.03578743836522842,0.022839322523274752
252_T1_vs_T3,longitudinal,9,RThigh_to_RShin_ry,RThigh_to_RShin,ry,2.4156952232525966e-08,3.469673324393939e-09,-2.068727890813203e-08,0.03578743836522842,0.022839322523274752
252_T1_vs_T3,longitudinal,9,RThigh_to_RShin_rz,RThigh_to_RShin,rz,2.267300871709077e-08,2.3594185298079082e-08,9.211765809883112e-10,0.03578743836522842,0.022839322523274752
252_T1_vs_T3,longitudinal,9,RUArm_to_RFArm_rx,RUArm_to_RFArm,rx,0.07434661531360831,0.007846179084557696,-0.06650043622905061,0.03578743836522842,0.022839322523274752
252_T1_vs_T3,longitudinal,9,RUArm_to_RFArm_ry,RUArm_to_RFArm,ry,0.051334778378622936,0.14658602426508624,0.0952512458864633,0.03578743836522842,0.022839322523274752
252_T1_vs_T3,longitudinal,9,RUArm_to_RFArm_rz,RUArm_to_RFArm,rz,0.1723909324264072,0.02256527265390662,-0.1498256597725006,0.03578743836522842,0.022839322523274752
252_T1_R1_vs_R2,natural_variability,1,252_to_LThigh_rx,252_to_LThigh,rx,0.019878450715453137,0.04121135707876948,0.021332906363316344,0.20444215150566977,0.24410354111530452
252_T1_R1_vs_R2,natural_variability,1,252_to_LThigh_ry,252_to_LThigh,ry,0.013193894573867378,0.05586379701855431,0.042669902444686936,0.20444215150566977,0.24410354111530452
252_T1_R1_vs_R2,natural_variability,1,252_to_LThigh_rz,252_to_LThigh,rz,0.030388231402572675,0.000737809652160906,-0.029650421750411767,0.20444215150566977,0.24410354111530452
252_T1_R1_vs_R2,natural_variability,1,252_to_RThigh_rx,252_to_RThigh,rx,0.07470051672866217,0.0754108774532118,0.0007103607245496357,0.20444215150566977,0.24410354111530452
252_T1_R1_vs_R2,natural_variability,1,252_to_RThigh_ry,252_to_RThigh,ry,0.025427566604558218,0.05617997907539999,0.03075241247084177,0.20444215150566977,0.24410354111530452
252_T1_R1_vs_R2,natural_variability,1,252_to_RThigh_rz,252_to_RThigh,rz,0.08891062647930387,0.08910473939592793,0.0001941129166240646,0.20444215150566977,0.24410354111530452
252_T1_R1_vs_R2,natural_variability,1,Chest_to_LShoulder_rx,Chest_to_LShoulder,rx,0.03120451244629795,0.04087431377479588,0.009669801328497932,0.20444215150566977,0.24410354111530452
252_T1_R1_vs_R2,natural_variability,1,Chest_to_LShoulder_ry,Chest_to_LShoulder,ry,0.0021572104858320227,0.00735032659644835,0.005193116110616327,0.20444215150566977,0.24410354111530452
252_T1_R1_vs_R2,natural_variability,1,Chest_to_LShoulder_rz,Chest_to_LShoulder,rz,0.0680751440639116,0.05926814225815828,-0.00880700180575332,0.20444215150566977,0.24410354111530452
252_T1_R1_vs_R2,natural_variability,1,Chest_to_Neck_rx,Chest_to_Neck,rx,0.005878497310651784,0.0007588347099837857,-0.005119662600667998,0.20444215150566977,0.24410354111530452
252_T1_R1_vs_R2,natural_variability,1,Chest_to_Neck_ry,Chest_to_Neck,ry,0.030217475978734393,0.05930886358468985,0.029091387605955456,0.20444215150566977,0.24410354111530452
252_T1_R1_vs_R2,natural_variability,1,Chest_to_Neck_rz,Chest_to_Neck,rz,0.012695361444999493,0.018798397360651326,0.006103035915651834,0.20444215150566977,0.24410354111530452
252_T1_R1_vs_R2,natural_variability,1,Chest_to_RShoulder_rx,Chest_to_RShoulder,rx,0.03191312297547507,0.05136198609660785,0.01944886312113278,0.20444215150566977,0.24410354111530452
252_T1_R1_vs_R2,natural_variability,1,Chest_to_RShoulder_ry,Chest_to_RShoulder,ry,0.020289441784638946,0.029394391465146615,0.009104949680507669,0.20444215150566977,0.24410354111530452
252_T1_R1_vs_R2,natural_variability,1,Chest_to_RShoulder_rz,Chest_to_RShoulder,rz,0.0036430345849218218,0.05116098306769967,0.04751794848277785,0.20444215150566977,0.24410354111530452
252_T1_R1_vs_R2,natural_variability,1,LFArm_to_LHand_rx,LFArm_to_LHand,rx,0.003955263104490013,0.0016961274272621193,-0.0022591356772278933,0.20444215150566977,0.24410354111530452
252_T1_R1_vs_R2,natural_variability,1,LFArm_to_LHand_ry,LFArm_to_LHand,ry,0.04374963653493405,0.025375533211711074,-0.018374103323222975,0.20444215150566977,0.24410354111530452
252_T1_R1_vs_R2,natural_variability,1,LFArm_to_LHand_rz,LFArm_to_LHand,rz,0.10535257250087245,0.0687738974947365,-0.036578675006135944,0.20444215150566977,0.24410354111530452
252_T1_R1_vs_R2,natural_variability,1,LShin_to_LFoot_rx,LShin_to_LFoot,rx,0.010560047310621778,0.017113680381230668,0.00655363307060889,0.20444215150566977,0.24410354111530452
252_T1_R1_vs_R2,natural_variability,1,LShin_to_LFoot_ry,LShin_to_LFoot,ry,0.0029596281546361487,0.012694757848403798,0.00973512969376765,0.20444215150566977,0.24410354111530452
252_T1_R1_vs_R2,natural_variability,1,LShin_to_LFoot_rz,LShin_to_LFoot,rz,0.005368285133240515,0.006966490447880566,0.0015982053146400502,0.20444215150566977,0.24410354111530452
252_T1_R1_vs_R2,natural_variability,1,LShoulder_to_LUArm_rx,LShoulder_to_LUArm,rx,0.12939888047783488,0.26095736181088297,0.1315584813330481,0.20444215150566977,0.24410354111530452
252_T1_R1_vs_R2,natural_variability,1,LShoulder_to_LUArm_ry,LShoulder_to_LUArm,ry,0.3361713913263857,0.259165714244462,-0.07700567708192368,0.20444215150566977,0.24410354111530452
252_T1_R1_vs_R2,natural_variability,1,LShoulder_to_LUArm_rz,LShoulder_to_LUArm,rz,0.16684829726785602,0.09784111481226483,-0.06900718245559119,0.20444215150566977,0.24410354111530452
252_T1_R1_vs_R2,natural_variability,1,LThigh_to_LShin_rx,LThigh_to_LShin,rx,0.047137051699462945,0.015113983399603197,-0.03202306829985975,0.20444215150566977,0.24410354111530452
252_T1_R1_vs_R2,natural_variability,1,LThigh_to_LShin_ry,LThigh_to_LShin,ry,8.975565950267969e-09,1.0154172233113509e-08,1.17860628284554e-09,0.20444215150566977,0.24410354111530452
252_T1_R1_vs_R2,natural_variability,1,LThigh_to_LShin_rz,LThigh_to_LShin,rz,1.679463810302608e-08,1.7969034999944114e-08,1.1743968969180345e-09,0.20444215150566977,0.24410354111530452
252_T1_R1_vs_R2,natural_variability,1,LUArm_to_LFArm_rx,LUArm_to_LFArm,rx,0.03335069159698184,0.25531916224706497,0.22196847065008313,0.20444215150566977,0.24410354111530452
252_T1_R1_vs_R2,natural_variability,1,LUArm_to_LFArm_ry,LUArm_to_LFArm,ry,0.6071846053057919,0.6228126675377332,0.015628062231941353,0.20444215150566977,0.24410354111530452
252_T1_R1_vs_R2,natural_variability,1,LUArm_to_LFArm_rz,LUArm_to_LFArm,rz,0.10088668845152551,0.02917792612401059,-0.07170876232751493,0.20444215150566977,0.24410354111530452
252_T1_R1_vs_R2,natural_variability,1,Neck_to_Head_rx,Neck_to_Head,rx,0.005976910032437007,0.0007667233877737467,-0.005210186644663261,0.20444215150566977,0.24410354111530452
252_T1_R1_vs_R2,natural_variability,1,Neck_to_Head_ry,Neck_to_Head,ry,0.02726174744342258,0.05471296814139416,0.02745122069797158,0.20444215150566977,0.24410354111530452
252_T1_R1_vs_R2,natural_variability,1,Neck_to_Head_rz,Neck_to_Head,rz,0.018167450046246824,0.029695370530536155,0.011527920484289331,0.20444215150566977,0.24410354111530452
252_T1_R1_vs_R2,natural_variability,1,RFArm_to_RHand_rx,RFArm_to_RHand,rx,0.007008113880418012,0.005612670141406061,-0.0013954437390119511,0.20444215150566977,0.24410354111530452
252_T1_R1_vs_R2,natural_variability,1,RFArm_to_RHand_ry,RFArm_to_RHand,ry,0.052368300641263174,0.020017296004672953,-0.03235100463659022,0.20444215150566977,0.24410354111530452
252_T1_R1_vs_R2,natural_variability,1,RFArm_to_RHand_rz,RFArm_to_RHand,rz,0.123575367523551,0.10601415331832667,-0.01756121420522433,0.20444215150566977,0.24410354111530452
252_T1_R1_vs_R2,natural_variability,1,RShin_to_RFoot_rx,RShin_to_RFoot,rx,0.056551464000306695,0.02883536223421147,-0.027716101766095225,0.20444215150566977,0.24410354111530452
252_T1_R1_vs_R2,natural_variability,1,RShin_to_RFoot_ry,RShin_to_RFoot,ry,0.0362520271960017,0.03320925607112167,-0.0030427711248800296,0.20444215150566977,0.24410354111530452
252_T1_R1_vs_R2,natural_variability,1,RShin_to_RFoot_rz,RShin_to_RFoot,rz,0.0485081754806979,0.03117503375189765,-0.01733314172880025,0.20444215150566977,0.24410354111530452
252_T1_R1_vs_R2,natural_variability,1,RShoulder_to_RUArm_rx,RShoulder_to_RUArm,rx,0.5210005783164894,0.4856979965111292,-0.03530258180536017,0.20444215150566977,0.24410354111530452
252_T1_R1_vs_R2,natural_variability,1,RShoulder_to_RUArm_ry,RShoulder_to_RUArm,ry,0.0056262298953383616,0.010557019037976881,0.00493078914263852,0.20444215150566977,0.24410354111530452
252_T1_R1_vs_R2,natural_variability,1,RShoulder_to_RUArm_rz,RShoulder_to_RUArm,rz,0.03869085914737641,0.23259683882297383,0.19390597967559742,0.20444215150566977,0.24410354111530452
252_T1_R1_vs_R2,natural_variability,1,RThigh_to_RShin_rx,RThigh_to_RShin,rx,0.19435319294138959,0.1217021729170864,-0.07265102002430318,0.20444215150566977,0.24410354111530452
252_T1_R1_vs_R2,natural_variability,1,RThigh_to_RShin_ry,RThigh_to_RShin,ry,5.7324533245887546e-09,1.9780118631033226e-08,1.4047665306444472e-08,0.20444215150566977,0.24410354111530452
252_T1_R1_vs_R2,natural_variability,1,RThigh_to_RShin_rz,RThigh_to_RShin,rz,9.239251807708902e-10,1.5121433759939447e-08,1.4197508579168558e-08,0.20444215150566977,0.24410354111530452
252_T1_R1_vs_R2,natural_variability,1,RUArm_to_RFArm_rx,RUArm_to_RFArm,rx,0.23890824351884013,0.12730488104227372,-0.11160336247656641,0.20444215150566977,0.24410354111530452
252_T1_R1_vs_R2,natural_variability,1,RUArm_to_RFArm_ry,RUArm_to_RFArm,ry,0.15260467797930144,0.12473954785215423,-0.02786513012714721,0.20444215150566977,0.24410354111530452
252_T1_R1_vs_R2,natural_variability,1,RUArm_to_RFArm_rz,RUArm_to_RFArm,rz,0.07815512295935718,0.05605085354694235,-0.022104269412414834,0.20444215150566977,0.24410354111530452
252_T1_R1_vs_R2,natural_variability,2,252_to_LThigh_rx,252_to_LThigh,rx,0.06442859465752579,0.10724336352717373,0.04281476886964794,0.15458477624473288,0.21005675627331702
252_T1_R1_vs_R2,natural_variability,2,252_to_LThigh_ry,252_to_LThigh,ry,0.01970398720818888,0.017066053342957552,-0.002637933865231326,0.15458477624473288,0.21005675627331702
252_T1_R1_vs_R2,natural_variability,2,252_to_LThigh_rz,252_to_LThigh,rz,0.001638785903399414,0.017185066313296946,0.015546280409897532,0.15458477624473288,0.21005675627331702
252_T1_R1_vs_R2,natural_variability,2,252_to_RThigh_rx,252_to_RThigh,rx,0.0331915354206178,0.04545491070661371,0.012263375285995914,0.15458477624473288,0.21005675627331702
252_T1_R1_vs_R2,natural_variability,2,252_to_RThigh_ry,252_to_RThigh,ry,0.011186597778780625,0.01808377438235642,0.006897176603575797,0.15458477624473288,0.21005675627331702
252_T1_R1_vs_R2,natural_variability,2,252_to_RThigh_rz,252_to_RThigh,rz,0.017562954610931956,0.0021788830522872066,-0.01538407155864475,0.15458477624473288,0.21005675627331702
252_T1_R1_vs_R2,natural_variability,2,Chest_to_LShoulder_rx,Chest_to_LShoulder,rx,0.026373787981248918,0.029633692114079506,0.0032599041328305878,0.15458477624473288,0.21005675627331702
252_T1_R1_vs_R2,natural_variability,2,Chest_to_LShoulder_ry,Chest_to_LShoulder,ry,0.009393499789340294,0.02251157800343221,0.013118078214091916,0.15458477624473288,0.21005675627331702
252_T1_R1_vs_R2,natural_variability,2,Chest_to_LShoulder_rz,Chest_to_LShoulder,rz,0.05554069570056406,0.03358378792348764,-0.021956907777076422,0.15458477624473288,0.21005675627331702
252_T1_R1_vs_R2,natural_variability,2,Chest_to_Neck_rx,Chest_to_Neck,rx,0.019803799194738788,0.024559178476917222,0.004755379282178434,0.15458477624473288,0.21005675627331702
252_T1_R1_vs_R2,natural_variability,2,Chest_to_Neck_ry,Chest_to_Neck,ry,0.026133711289497673,0.00863633386881411,-0.017497377420683562,0.15458477624473288,0.21005675627331702
252_T1_R1_vs_R2,natural_variability,2,Chest_to_Neck_rz,Chest_to_Neck,rz,0.020760123867811436,0.028626467477563203,0.007866343609751768,0.15458477624473288,0.21005675627331702
252_T1_R1_vs_R2,natural_variability,2,Chest_to_RShoulder_rx,Chest_to_RShoulder,rx,0.01443892568610742,0.013904585184561303,-0.0005343405015461166,0.15458477624473288,0.21005675627331702
252_T1_R1_vs_R2,natural_variability,2,Chest_to_RShoulder_ry,Chest_to_RShoulder,ry,0.022766467261018074,0.014966792100695138,-0.007799675160322936,0.15458477624473288,0.21005675627331702
252_T1_R1_vs_R2,natural_variability,2,Chest_to_RShoulder_rz,Chest_to_RShoulder,rz,0.10352189878450421,0.10231758146376363,-0.0012043173207405833,0.15458477624473288,0.21005675627331702
252_T1_R1_vs_R2,natural_variability,2,LFArm_to_LHand_rx,LFArm_to_LHand,rx,0.006622930342516794,0.004400631352113182,-0.0022222989904036126,0.15458477624473288,0.21005675627331702
252_T1_R1_vs_R2,natural_variability,2,LFArm_to_LHand_ry,LFArm_to_LHand,ry,0.03689966397005696,0.01953311118659567,-0.01736655278346129,0.15458477624473288,0.21005675627331702
252_T1_R1_vs_R2,natural_variability,2,LFArm_to_LHand_rz,LFArm_to_LHand,rz,0.06042216840186973,0.022687963997344598,-0.03773420440452513,0.15458477624473288,0.21005675627331702
252_T1_R1_vs_R2,natural_variability,2,LShin_to_LFoot_rx,LShin_to_LFoot,rx,0.03440373579918931,0.022174222257819412,-0.012229513541369898,0.15458477624473288,0.21005675627331702
252_T1_R1_vs_R2,natural_variability,2,LShin_to_LFoot_ry,LShin_to_LFoot,ry,0.02541502747042898,0.022657447277451323,-0.0027575801929776572,0.15458477624473288,0.21005675627331702
252_T1_R1_vs_R2,natural_variability,2,LShin_to_LFoot_rz,LShin_to_LFoot,rz,0.013644259893430885,0.008481850629890349,-0.005162409263540536,0.15458477624473288,0.21005675627331702
252_T1_R1_vs_R2,natural_variability,2,LShoulder_to_LUArm_rx,LShoulder_to_LUArm,rx,0.032618533069628516,0.04176258881173606,0.00914405574210754,0.15458477624473288,0.21005675627331702
252_T1_R1_vs_R2,natural_variability,2,LShoulder_to_LUArm_ry,LShoulder_to_LUArm,ry,0.17499021681488644,0.02300230297331935,-0.1519879138415671,0.15458477624473288,0.21005675627331702
252_T1_R1_vs_R2,natural_variability,2,LShoulder_to_LUArm_rz,LShoulder_to_LUArm,rz,0.024240618057671165,0.034449143993109735,0.01020852593543857,0.15458477624473288,0.21005675627331702
252_T1_R1_vs_R2,natural_variability,2,LThigh_to_LShin_rx,LThigh_to_LShin,rx,0.0018857114648572375,0.05662574277500483,0.0547400313101476,0.15458477624473288,0.21005675627331702
252_T1_R1_vs_R2,natural_variability,2,LThigh_to_LShin_ry,LThigh_to_LShin,ry,2.9763623821199366e-09,1.0083143472003982e-08,7.106781089884046e-09,0.15458477624473288,0.21005675627331702
252_T1_R1_vs_R2,natural_variability,2,LThigh_to_LShin_rz,LThigh_to_LShin,rz,4.314571478386457e-09,2.235755287092848e-09,-2.078816191293609e-09,0.15458477624473288,0.21005675627331702
252_T1_R1_vs_R2,natural_variability,2,LUArm_to_LFArm_rx,LUArm_to_LFArm,rx,0.032018150977639444,0.10983319926916889,0.07781504829152944,0.15458477624473288,0.21005675627331702
252_T1_R1_vs_R2,natural_variability,2,LUArm_to_LFArm_ry,LUArm_to_LFArm,ry,0.4066374074735122,0.25298170154304084,-0.15365570593047134,0.15458477624473288,0.21005675627331702
252_T1_R1_vs_R2,natural_variability,2,LUArm_to_LFArm_rz,LUArm_to_LFArm,rz,0.09316409883518634,0.020639277590542987,-0.07252482124464335,0.15458477624473288,0.21005675627331702
252_T1_R1_vs_R2,natural_variability,2,Neck_to_Head_rx,Neck_to_Head,rx,0.01986170792030778,0.02458037976798078,0.0047186718476729984,0.15458477624473288,0.21005675627331702
252_T1_R1_vs_R2,natural_variability,2,Neck_to_Head_ry,Neck_to_Head,ry,0.02171794442670983,0.003047209512391319,-0.01867073491431851,0.15458477624473288,0.21005675627331702
252_T1_R1_vs_R2,natural_variability,2,Neck_to_Head_rz,Neck_to_Head,rz,0.02532571149898669,0.02973042614003717,0.004404714641050481,0.15458477624473288,0.21005675627331702
252_T1_R1_vs_R2,natural_variability,2,RFArm_to_RHand_rx,RFArm_to_RHand,rx,0.00832101812044907,0.008301306972288217,-1.971114816085376e-05,0.15458477624473288,0.21005675627331702
252_T1_R1_vs_R2,natural_variability,2,RFArm_to_RHand_ry,RFArm_to_RHand,ry,0.08210886471605906,0.0759401169673981,-0.006168747748660969,0.15458477624473288,0.21005675627331702
252_T1_R1_vs_R2,natural_variability,2,RFArm_to_RHand_rz,RFArm_to_RHand,rz,0.0753245084831615,0.10263574243629311,0.02731123395313162,0.15458477624473288,0.21005675627331702
252_T1_R1_vs_R2,natural_variability,2,RShin_to_RFoot_rx,RShin_to_RFoot,rx,0.013381374767263586,0.00420748298964453,-0.009173891777619056,0.15458477624473288,0.21005675627331702
252_T1_R1_vs_R2,natural_variability,2,RShin_to_RFoot_ry,RShin_to_RFoot,ry,0.011034793737716174,0.018897861223492768,0.007863067485776594,0.15458477624473288,0.21005675627331702
252_T1_R1_vs_R2,natural_variability,2,RShin_to_RFoot_rz,RShin_to_RFoot,rz,0.007828936355276865,0.008830293840828566,0.0010013574855517009,0.15458477624473288,0.21005675627331702
252_T1_R1_vs_R2,natural_variability,2,RShoulder_to_RUArm_rx,RShoulder_to_RUArm,rx,0.2648044998465067,0.47832997276487293,0.2135254729183662,0.15458477624473288,0.21005675627331702
252_T1_R1_vs_R2,natural_variability,2,RShoulder_to_RUArm_ry,RShoulder_to_RUArm,ry,0.18552632167222163,0.2087373678063065,0.023211046134084867,0.15458477624473288,0.21005675627331702
252_T1_R1_vs_R2,natural_variability,2,RShoulder_to_RUArm_rz,RShoulder_to_RUArm,rz,0.26500861973069906,0.1978075679263772,-0.06720105180432187,0.15458477624473288,0.21005675627331702
252_T1_R1_vs_R2,natural_variability,2,RThigh_to_RShin_rx,RThigh_to_RShin,rx,0.09786607788983206,0.04009694838262589,-0.057769129507206175,0.15458477624473288,0.21005675627331702
252_T1_R1_vs_R2,natural_variability,2,RThigh_to_RShin_ry,RThigh_to_RShin,ry,6.475591718004053e-10,3.764014042350542e-09,3.116454870550137e-09,0.15458477624473288,0.21005675627331702
252_T1_R1_vs_R2,natural_variability,2,RThigh_to_RShin_rz,RThigh_to_RShin,rz,3.001522282451334e-08,2.863983019071216e-08,-1.3753926338011775e-09,0.15458477624473288,0.21005675627331702
252_T1_R1_vs_R2,natural_variability,2,RUArm_to_RFArm_rx,RUArm_to_RFArm,rx,0.47193144853749985,0.5910464998945719,0.11911505135707207,0.15458477624473288,0.21005675627331702
252_T1_R1_vs_R2,natural_variability,2,RUArm_to_RFArm_ry,RUArm_to_RFArm,ry,0.4934556419119994,0.355470521635935,-0.1379851202760644,0.15458477624473288,0.21005675627331702
252_T1_R1_vs_R2,natural_variability,2,RUArm_to_RFArm_rz,RUArm_to_RFArm,rz,0.3126914678528012,0.2799074521942284,-0.03278401565857281,0.15458477624473288,0.21005675627331702
252_T1_R1_vs_R2,natural_variability,3,252_to_LThigh_rx,252_to_LThigh,rx,0.0631669680858902,0.08731198815700857,0.024145020071118364,0.11966827174420104,0.13297451531414237
252_T1_R1_vs_R2,natural_variability,3,252_to_LThigh_ry,252_to_LThigh,ry,0.03443420676857981,0.05891706426762177,0.024482857499041957,0.11966827174420104,0.13297451531414237
252_T1_R1_vs_R2,natural_variability,3,252_to_LThigh_rz,252_to_LThigh,rz,0.08769703584134014,0.04262528446414531,-0.04507175137719483,0.11966827174420104,0.13297451531414237
252_T1_R1_vs_R2,natural_variability,3,252_to_RThigh_rx,252_to_RThigh,rx,0.15221224944548914,0.13124064013806702,-0.020971609307422118,0.11966827174420104,0.13297451531414237
252_T1_R1_vs_R2,natural_variability,3,252_to_RThigh_ry,252_to_RThigh,ry,0.015305495332963263,0.04585801884242011,0.03055252350945685,0.11966827174420104,0.13297451531414237
252_T1_R1_vs_R2,natural_variability,3,252_to_RThigh_rz,252_to_RThigh,rz,0.03433502122373897,0.03654043965867876,0.0022054184349397862,0.11966827174420104,0.13297451531414237
252_T1_R1_vs_R2,natural_variability,3,Chest_to_LShoulder_rx,Chest_to_LShoulder,rx,0.00039926703387043545,0.03131315176378827,0.030913884729917837,0.11966827174420104,0.13297451531414237
252_T1_R1_vs_R2,natural_variability,3,Chest_to_LShoulder_ry,Chest_to_LShoulder,ry,0.007046785305641123,0.029316854885830055,0.02227006958018893,0.11966827174420104,0.13297451531414237
252_T1_R1_vs_R2,natural_variability,3,Chest_to_LShoulder_rz,Chest_to_LShoulder,rz,0.014202519030568302,0.045453624653580035,0.031251105623011734,0.11966827174420104,0.13297451531414237
252_T1_R1_vs_R2,natural_variability,3,Chest_to_Neck_rx,Chest_to_Neck,rx,0.021696965163930104,0.00923262272500645,-0.012464342438923654,0.11966827174420104,0.13297451531414237
252_T1_R1_vs_R2,natural_variability,3,Chest_to_Neck_ry,Chest_to_Neck,ry,0.017900794580705835,0.030289210423770523,0.012388415843064687,0.11966827174420104,0.13297451531414237
252_T1_R1_vs_R2,natural_variability,3,Chest_to_Neck_rz,Chest_to_Neck,rz,0.015919155804971538,0.013427403483766424,-0.0024917523212051144,0.11966827174420104,0.13297451531414237
252_T1_R1_vs_R2,natural_variability,3,Chest_to_RShoulder_rx,Chest_to_RShoulder,rx,0.05295425416105398,0.006950539914901661,-0.04600371424615232,0.11966827174420104,0.13297451531414237
252_T1_R1_vs_R2,natural_variability,3,Chest_to_RShoulder_ry,Chest_to_RShoulder,ry,0.028933394724525344,0.025736404820017825,-0.0031969899045075183,0.11966827174420104,0.13297451531414237
252_T1_R1_vs_R2,natural_variability,3,Chest_to_RShoulder_rz,Chest_to_RShoulder,rz,0.021914941834997977,0.02402719455450467,0.0021122527195066923,0.11966827174420104,0.13297451531414237
252_T1_R1_vs_R2,natural_variability,3,LFArm_to_LHand_rx,LFArm_to_LHand,rx,0.004721599989647379,0.02170058605636502,0.016978986066717643,0.11966827174420104,0.13297451531414237
252_T1_R1_vs_R2,natural_variability,3,LFArm_to_LHand_ry,LFArm_to_LHand,ry,0.0009710561694555654,0.09039016116325516,0.0894191049937996,0.11966827174420104,0.13297451531414237
252_T1_R1_vs_R2,natural_variability,3,LFArm_to_LHand_rz,LFArm_to_LHand,rz,0.00685161693664176,0.19686179329369352,0.19001017635705175,0.11966827174420104,0.13297451531414237
252_T1_R1_vs_R2,natural_variability,3,LShin_to_LFoot_rx,LShin_to_LFoot,rx,0.00416734653738527,0.027236736142374696,0.023069389604989426,0.11966827174420104,0.13297451531414237
252_T1_R1_vs_R2,natural_variability,3,LShin_to_LFoot_ry,LShin_to_LFoot,ry,0.03344289194711423,0.047477615432989395,0.014034723485875165,0.11966827174420104,0.13297451531414237
252_T1_R1_vs_R2,natural_variability,3,LShin_to_LFoot_rz,LShin_to_LFoot,rz,0.020528709994021194,0.004744075488631231,-0.015784634505389965,0.11966827174420104,0.13297451531414237
252_T1_R1_vs_R2,natural_variability,3,LShoulder_to_LUArm_rx,LShoulder_to_LUArm,rx,0.08628776381869172,0.3809626501229966,0.29467488630430494,0.11966827174420104,0.13297451531414237
252_T1_R1_vs_R2,natural_variability,3,LShoulder_to_LUArm_ry,LShoulder_to_LUArm,ry,0.1998700208958919,0.4778510612230674,0.2779810403271755,0.11966827174420104,0.13297451531414237
252_T1_R1_vs_R2,natural_variability,3,LShoulder_to_LUArm_rz,LShoulder_to_LUArm,rz,0.11216908630886548,0.13495654616235012,0.02278745985348464,0.11966827174420104,0.13297451531414237
252_T1_R1_vs_R2,natural_variability,3,LThigh_to_LShin_rx,LThigh_to_LShin,rx,0.17871706320092645,0.07652433103706845,-0.102192732163858,0.11966827174420104,0.13297451531414237
252_T1_R1_vs_R2,natural_variability,3,LThigh_to_LShin_ry,LThigh_to_LShin,ry,1.3634188818111709e-08,7.11787757849979e-09,-6.516311239611919e-09,0.11966827174420104,0.13297451531414237
252_T1_R1_vs_R2,natural_variability,3,LThigh_to_LShin_rz,LThigh_to_LShin,rz,6.740901398456365e-09,1.2383901727042874e-08,5.643000328586509e-09,0.11966827174420104,0.13297451531414237
252_T1_R1_vs_R2,natural_variability,3,LUArm_to_LFArm_rx,LUArm_to_LFArm,rx,0.3315849947306681,0.5592175490230848,0.22763255429241674,0.11966827174420104,0.13297451531414237
252_T1_R1_vs_R2,natural_variability,3,LUArm_to_LFArm_ry,LUArm_to_LFArm,ry,0.2578553640615441,0.11463819028548505,-0.14321717377605903,0.11966827174420104,0.13297451531414237
252_T1_R1_vs_R2,natural_variability,3,LUArm_to_LFArm_rz,LUArm_to_LFArm,rz,0.11952779136321114,0.28834339763779276,0.16881560627458164,0.11966827174420104,0.13297451531414237
252_T1_R1_vs_R2,natural_variability,3,Neck_to_Head_rx,Neck_to_Head,rx,0.021400288610044612,0.009606358623875402,-0.01179392998616921,0.11966827174420104,0.13297451531414237
252_T1_R1_vs_R2,natural_variability,3,Neck_to_Head_ry,Neck_to_Head,ry,0.014669916604860455,0.027213965647366483,0.012544049042506028,0.11966827174420104,0.13297451531414237
252_T1_R1_vs_R2,natural_variability,3,Neck_to_Head_rz,Neck_to_Head,rz,0.018998256326477534,0.018923303399950343,-7.495292652719143e-05,0.11966827174420104,0.13297451531414237
252_T1_R1_vs_R2,natural_variability,3,RFArm_to_RHand_rx,RFArm_to_RHand,rx,0.0008373196920047261,0.003493763530192563,0.002656443838187837,0.11966827174420104,0.13297451531414237
252_T1_R1_vs_R2,natural_variability,3,RFArm_to_RHand_ry,RFArm_to_RHand,ry,0.020106784761738206,0.0029762271982209532,-0.01713055756351725,0.11966827174420104,0.13297451531414237
252_T1_R1_vs_R2,natural_variability,3,RFArm_to_RHand_rz,RFArm_to_RHand,rz,0.02709623510295176,0.0034059096938387485,-0.023690325409113012,0.11966827174420104,0.13297451531414237
252_T1_R1_vs_R2,natural_variability,3,RShin_to_RFoot_rx,RShin_to_RFoot,rx,0.10115601846648864,0.08441406681464036,-0.016741951651848275,0.11966827174420104,0.13297451531414237
252_T1_R1_vs_R2,natural_variability,3,RShin_to_RFoot_ry,RShin_to_RFoot,ry,0.029051762973959856,0.012094622950972706,-0.01695714002298715,0.11966827174420104,0.13297451531414237
252_T1_R1_vs_R2,natural_variability,3,RShin_to_RFoot_rz,RShin_to_RFoot,rz,0.034904634202969076,0.02785453374751572,-0.007050100455453356,0.11966827174420104,0.13297451531414237
252_T1_R1_vs_R2,natural_variability,3,RShoulder_to_RUArm_rx,RShoulder_to_RUArm,rx,0.36031576767013346,0.04050767371678856,-0.3198080939533449,0.11966827174420104,0.13297451531414237
252_T1_R1_vs_R2,natural_variability,3,RShoulder_to_RUArm_ry,RShoulder_to_RUArm,ry,0.04094181333454385,0.08699662054061902,0.04605480720607517,0.11966827174420104,0.13297451531414237
252_T1_R1_vs_R2,natural_variability,3,RShoulder_to_RUArm_rz,RShoulder_to_RUArm,rz,0.0581947906238156,0.11366327757966121,0.055468486955845615,0.11966827174420104,0.13297451531414237
252_T1_R1_vs_R2,natural_variability,3,RThigh_to_RShin_rx,RThigh_to_RShin,rx,0.2623615327645557,0.22982768440046297,-0.03253384836409273,0.11966827174420104,0.13297451531414237
252_T1_R1_vs_R2,natural_variability,3,RThigh_to_RShin_ry,RThigh_to_RShin,ry,9.045377236721838e-09,2.0557870884996944e-08,1.1512493648275105e-08,0.11966827174420104,0.13297451531414237
252_T1_R1_vs_R2,natural_variability,3,RThigh_to_RShin_rz,RThigh_to_RShin,rz,6.136412926633954e-09,4.039025883569812e-08,3.4253845909064165e-08,0.11966827174420104,0.13297451531414237
252_T1_R1_vs_R2,natural_variability,3,RUArm_to_RFArm_rx,RUArm_to_RFArm,rx,0.2925673111538683,0.06363640631848357,-0.22893090483538475,0.11966827174420104,0.13297451531414237
252_T1_R1_vs_R2,natural_variability,3,RUArm_to_RFArm_ry,RUArm_to_RFArm,ry,0.6058467513452551,0.09651548569566883,-0.5093312656495863,0.11966827174420104,0.13297451531414237
252_T1_R1_vs_R2,natural_variability,3,RUArm_to_RFArm_rz,RUArm_to_RFArm,rz,0.04503826532938896,0.07414608888236827,0.029107823552979313,0.11966827174420104,0.13297451531414237
252_T1_R1_vs_R2,natural_variability,4,252_to_LThigh_rx,252_to_LThigh,rx,0.29343137869702185,0.11827378335981968,-0.17515759533720215,0.08463877047967566,0.1229647833603019
252_T1_R1_vs_R2,natural_variability,4,252_to_LThigh_ry,252_to_LThigh,ry,0.06454772181892336,0.03229271217876608,-0.03225500964015728,0.08463877047967566,0.1229647833603019
252_T1_R1_vs_R2,natural_variability,4,252_to_LThigh_rz,252_to_LThigh,rz,0.08924238724955731,0.06320334644983162,-0.026039040799725688,0.08463877047967566,0.1229647833603019
252_T1_R1_vs_R2,natural_variability,4,252_to_RThigh_rx,252_to_RThigh,rx,0.14899923415758973,0.09650071280850953,-0.0524985213490802,0.08463877047967566,0.1229647833603019
252_T1_R1_vs_R2,natural_variability,4,252_to_RThigh_ry,252_to_RThigh,ry,0.04791379512667564,0.005027509164814586,-0.04288628596186105,0.08463877047967566,0.1229647833603019
252_T1_R1_vs_R2,natural_variability,4,252_to_RThigh_rz,252_to_RThigh,rz,0.05930741122917572,0.036375910871293146,-0.02293150035788257,0.08463877047967566,0.1229647833603019
252_T1_R1_vs_R2,natural_variability,4,Chest_to_LShoulder_rx,Chest_to_LShoulder,rx,0.05027891264132115,0.0039742678030465295,-0.04630464483827462,0.08463877047967566,0.1229647833603019
252_T1_R1_vs_R2,natural_variability,4,Chest_to_LShoulder_ry,Chest_to_LShoulder,ry,0.0006968389956013056,0.014579252294455154,0.013882413298853848,0.08463877047967566,0.1229647833603019
252_T1_R1_vs_R2,natural_variability,4,Chest_to_LShoulder_rz,Chest_to_LShoulder,rz,0.004166656747874082,0.00644335360809669,0.0022766968602226084,0.08463877047967566,0.1229647833603019
252_T1_R1_vs_R2,natural_variability,4,Chest_to_Neck_rx,Chest_to_Neck,rx,0.06644578665247361,0.03272555698803886,-0.03372022966443475,0.08463877047967566,0.1229647833603019
252_T1_R1_vs_R2,natural_variability,4,Chest_to_Neck_ry,Chest_to_Neck,ry,0.030457312046481104,0.026404139230588517,-0.004053172815892587,0.08463877047967566,0.1229647833603019
252_T1_R1_vs_R2,natural_variability,4,Chest_to_Neck_rz,Chest_to_Neck,rz,0.01508671067205787,0.00018367932907854383,-0.014903031342979328,0.08463877047967566,0.1229647833603019
252_T1_R1_vs_R2,natural_variability,4,Chest_to_RShoulder_rx,Chest_to_RShoulder,rx,0.010195817095821067,0.04989466407463782,0.03969884697881675,0.08463877047967566,0.1229647833603019
252_T1_R1_vs_R2,natural_variability,4,Chest_to_RShoulder_ry,Chest_to_RShoulder,ry,0.012978565558782835,0.01669753237343932,0.0037189668146564835,0.08463877047967566,0.1229647833603019
252_T1_R1_vs_R2,natural_variability,4,Chest_to_RShoulder_rz,Chest_to_RShoulder,rz,0.07148174158701547,0.002932372639431054,-0.06854936894758441,0.08463877047967566,0.1229647833603019
252_T1_R1_vs_R2,natural_variability,4,LFArm_to_LHand_rx,LFArm_to_LHand,rx,0.01063878574889797,0.003046901466584677,-0.007591884282313293,0.08463877047967566,0.1229647833603019
252_T1_R1_vs_R2,natural_variability,4,LFArm_to_LHand_ry,LFArm_to_LHand,ry,0.06904826235746322,0.028405413031128188,-0.04064284932633504,0.08463877047967566,0.1229647833603019
252_T1_R1_vs_R2,natural_variability,4,LFArm_to_LHand_rz,LFArm_to_LHand,rz,0.1228682314154637,0.06927508098153475,-0.053593150433928954,0.08463877047967566,0.1229647833603019
252_T1_R1_vs_R2,natural_variability,4,LShin_to_LFoot_rx,LShin_to_LFoot,rx,0.0878175329879622,0.03679465081148494,-0.05102288217647726,0.08463877047967566,0.1229647833603019
252_T1_R1_vs_R2,natural_variability,4,LShin_to_LFoot_ry,LShin_to_LFoot,ry,0.05925422053841052,0.039594960825762034,-0.019659259712648487,0.08463877047967566,0.1229647833603019
252_T1_R1_vs_R2,natural_variability,4,LShin_to_LFoot_rz,LShin_to_LFoot,rz,0.045120754081807136,0.026269355594036405,-0.018851398487770732,0.08463877047967566,0.1229647833603019
252_T1_R1_vs_R2,natural_variability,4,LShoulder_to_LUArm_rx,LShoulder_to_LUArm,rx,0.3865550964929335,0.09976247673764602,-0.28679261975528747,0.08463877047967566,0.1229647833603019
252_T1_R1_vs_R2,natural_variability,4,LShoulder_to_LUArm_ry,LShoulder_to_LUArm,ry,0.19526852811949408,0.02863272238874846,-0.16663580573074563,0.08463877047967566,0.1229647833603019
252_T1_R1_vs_R2,natural_variability,4,LShoulder_to_LUArm_rz,LShoulder_to_LUArm,rz,0.05566222295692531,0.0465557564723398,-0.009106466484585504,0.08463877047967566,0.1229647833603019
252_T1_R1_vs_R2,natural_variability,4,LThigh_to_LShin_rx,LThigh_to_LShin,rx,0.27519423534612053,0.15418259979014176,-0.12101163555597877,0.08463877047967566,0.1229647833603019
252_T1_R1_vs_R2,natural_variability,4,LThigh_to_LShin_ry,LThigh_to_LShin,ry,5.634101869116086e-09,4.519443546506493e-09,-1.114658322609593e-09,0.08463877047967566,0.1229647833603019
252_T1_R1_vs_R2,natural_variability,4,LThigh_to_LShin_rz,LThigh_to_LShin,rz,5.220823338537879e-09,2.0811218465392155e-08,1.5590395126854274e-08,0.08463877047967566,0.1229647833603019
252_T1_R1_vs_R2,natural_variability,4,LUArm_to_LFArm_rx,LUArm_to_LFArm,rx,0.5113514669117948,0.24171909250253157,-0.26963237440926324,0.08463877047967566,0.1229647833603019
252_T1_R1_vs_R2,natural_variability,4,LUArm_to_LFArm_ry,LUArm_to_LFArm,ry,0.14143240307679594,0.22476634809858528,0.08333394502178934,0.08463877047967566,0.1229647833603019
252_T1_R1_vs_R2,natural_variability,4,LUArm_to_LFArm_rz,LUArm_to_LFArm,rz,0.2615146552014092,0.1289106017014087,-0.1326040535000005,0.08463877047967566,0.1229647833603019
252_T1_R1_vs_R2,natural_variability,4,Neck_to_Head_rx,Neck_to_Head,rx,0.06604799334257522,0.03234615234834213,-0.03370184099423309,0.08463877047967566,0.1229647833603019
252_T1_R1_vs_R2,natural_variability,4,Neck_to_Head_ry,Neck_to_Head,ry,0.02724546109490948,0.0260414177102152,-0.0012040433846942818,0.08463877047967566,0.1229647833603019
252_T1_R1_vs_R2,natural_variability,4,Neck_to_Head_rz,Neck_to_Head,rz,0.020649781876953814,0.004837178044550848,-0.015812603832402967,0.08463877047967566,0.1229647833603019
252_T1_R1_vs_R2,natural_variability,4,RFArm_to_RHand_rx,RFArm_to_RHand,rx,0.006204605079668356,0.0019234688088092637,-0.004281136270859093,0.08463877047967566,0.1229647833603019
252_T1_R1_vs_R2,natural_variability,4,RFArm_to_RHand_ry,RFArm_to_RHand,ry,0.011328737873714797,0.048230766659414295,0.036902028785699495,0.08463877047967566,0.1229647833603019
252_T1_R1_vs_R2,natural_variability,4,RFArm_to_RHand_rz,RFArm_to_RHand,rz,0.04083282710742666,0.010404428170167762,-0.030428398937258898,0.08463877047967566,0.1229647833603019
252_T1_R1_vs_R2,natural_variability,4,RShin_to_RFoot_rx,RShin_to_RFoot,rx,0.011165108959651773,0.0775727928792064,0.06640768391955464,0.08463877047967566,0.1229647833603019
252_T1_R1_vs_R2,natural_variability,4,RShin_to_RFoot_ry,RShin_to_RFoot,ry,0.07193200059274994,0.009378003364821112,-0.06255399722792883,0.08463877047967566,0.1229647833603019
252_T1_R1_vs_R2,natural_variability,4,RShin_to_RFoot_rz,RShin_to_RFoot,rz,0.05286811226559904,0.02154366425472819,-0.03132444801087085,0.08463877047967566,0.1229647833603019
252_T1_R1_vs_R2,natural_variability,4,RShoulder_to_RUArm_rx,RShoulder_to_RUArm,rx,0.2509797218284862,0.25701515180353834,0.006035429975052131,0.08463877047967566,0.1229647833603019
252_T1_R1_vs_R2,natural_variability,4,RShoulder_to_RUArm_ry,RShoulder_to_RUArm,ry,0.2790151859385668,0.11837780963052233,-0.16063737630804445,0.08463877047967566,0.1229647833603019
252_T1_R1_vs_R2,natural_variability,4,RShoulder_to_RUArm_rz,RShoulder_to_RUArm,rz,0.16345327247269828,0.057087133090615014,-0.10636613938208327,0.08463877047967566,0.1229647833603019
252_T1_R1_vs_R2,natural_variability,4,RThigh_to_RShin_rx,RThigh_to_RShin,rx,0.08719002530849311,0.11207552709330854,0.024885501784815425,0.08463877047967566,0.1229647833603019
252_T1_R1_vs_R2,natural_variability,4,RThigh_to_RShin_ry,RThigh_to_RShin,ry,3.0167517936071467e-08,1.6676222421537415e-09,-2.8499895693917726e-08,0.08463877047967566,0.1229647833603019
252_T1_R1_vs_R2,natural_variability,4,RThigh_to_RShin_rz,RThigh_to_RShin,rz,6.486144384604033e-09,2.5238106158611634e-09,-3.9623337687428695e-09,0.08463877047967566,0.1229647833603019
252_T1_R1_vs_R2,natural_variability,4,RUArm_to_RFArm_rx,RUArm_to_RFArm,rx,0.06735699402097202,0.22627734310759648,0.15892034908662445,0.08463877047967566,0.1229647833603019
252_T1_R1_vs_R2,natural_variability,4,RUArm_to_RFArm_ry,RUArm_to_RFArm,ry,0.12396052814961281,0.7910145840797759,0.6670540559301631,0.08463877047967566,0.1229647833603019
252_T1_R1_vs_R2,natural_variability,4,RUArm_to_RFArm_rz,RUArm_to_RFArm,rz,0.015467565407084658,0.1021862131579128,0.08671864775082815,0.08463877047967566,0.1229647833603019
252_T1_R1_vs_R2,natural_variability,5,252_to_LThigh_rx,252_to_LThigh,rx,0.187989102040456,0.1069448863262038,-0.08104421571425219,0.07130647317670749,0.09738332261151292
252_T1_R1_vs_R2,natural_variability,5,252_to_LThigh_ry,252_to_LThigh,ry,0.01909286823052838,0.04231419944676074,0.023221331216232363,0.07130647317670749,0.09738332261151292
252_T1_R1_vs_R2,natural_variability,5,252_to_LThigh_rz,252_to_LThigh,rz,0.10613904078443673,0.122239737334911,0.016100696550474275,0.07130647317670749,0.09738332261151292
252_T1_R1_vs_R2,natural_variability,5,252_to_RThigh_rx,252_to_RThigh,rx,0.36349129745897285,0.38690684340605863,0.02341554594708578,0.07130647317670749,0.09738332261151292
252_T1_R1_vs_R2,natural_variability,5,252_to_RThigh_ry,252_to_RThigh,ry,0.014071096562848636,0.02808771370846473,0.014016617145616096,0.07130647317670749,0.09738332261151292
252_T1_R1_vs_R2,natural_variability,5,252_to_RThigh_rz,252_to_RThigh,rz,0.01831672529867195,0.048011720904663456,0.029694995605991505,0.07130647317670749,0.09738332261151292
252_T1_R1_vs_R2,natural_variability,5,Chest_to_LShoulder_rx,Chest_to_LShoulder,rx,0.0005333519041343599,0.0026386797090133885,0.0021053278048790286,0.07130647317670749,0.09738332261151292
252_T1_R1_vs_R2,natural_variability,5,Chest_to_LShoulder_ry,Chest_to_LShoulder,ry,0.08020370271415626,0.08425981808282598,0.004056115368669719,0.07130647317670749,0.09738332261151292
252_T1_R1_vs_R2,natural_variability,5,Chest_to_LShoulder_rz,Chest_to_LShoulder,rz,0.019678920603994964,0.04025584469624387,0.020576924092248903,0.07130647317670749,0.09738332261151292
252_T1_R1_vs_R2,natural_variability,5,Chest_to_Neck_rx,Chest_to_Neck,rx,0.025542271642491298,0.011934756839755738,-0.01360751480273556,0.07130647317670749,0.09738332261151292
252_T1_R1_vs_R2,natural_variability,5,Chest_to_Neck_ry,Chest_to_Neck,ry,0.04913852991502622,0.032099022329104825,-0.017039507585921397,0.07130647317670749,0.09738332261151292
252_T1_R1_vs_R2,natural_variability,5,Chest_to_Neck_rz,Chest_to_Neck,rz,0.04961639480860634,0.06810045530105654,0.018484060492450202,0.07130647317670749,0.09738332261151292
252_T1_R1_vs_R2,natural_variability,5,Chest_to_RShoulder_rx,Chest_to_RShoulder,rx,0.018146144972010444,0.0023652028489647304,-0.01578094212304571,0.07130647317670749,0.09738332261151292
252_T1_R1_vs_R2,natural_variability,5,Chest_to_RShoulder_ry,Chest_to_RShoulder,ry,0.0319130013808383,0.039223355785767355,0.007310354404929054,0.07130647317670749,0.09738332261151292
252_T1_R1_vs_R2,natural_variability,5,Chest_to_RShoulder_rz,Chest_to_RShoulder,rz,0.09731455524024804,0.04874373247994434,-0.0485708227603037,0.07130647317670749,0.09738332261151292
252_T1_R1_vs_R2,natural_variability,5,LFArm_to_LHand_rx,LFArm_to_LHand,rx,0.019016885516622475,0.019383714571871196,0.00036682905524872134,0.07130647317670749,0.09738332261151292
252_T1_R1_vs_R2,natural_variability,5,LFArm_to_LHand_ry,LFArm_to_LHand,ry,0.07943272816552202,0.08289706714678378,0.0034643389812617637,0.07130647317670749,0.09738332261151292
252_T1_R1_vs_R2,natural_variability,5,LFArm_to_LHand_rz,LFArm_to_LHand,rz,0.13554318805047136,0.13913300079915208,0.0035898127486807263,0.07130647317670749,0.09738332261151292
252_T1_R1_vs_R2,natural_variability,5,LShin_to_LFoot_rx,LShin_to_LFoot,rx,0.019279061930956735,0.024147516142179165,0.00486845421122243,0.07130647317670749,0.09738332261151292
252_T1_R1_vs_R2,natural_variability,5,LShin_to_LFoot_ry,LShin_to_LFoot,ry,0.07523113091436116,0.06723474438633166,-0.007996386528029503,0.07130647317670749,0.09738332261151292
252_T1_R1_vs_R2,natural_variability,5,LShin_to_LFoot_rz,LShin_to_LFoot,rz,0.04700581258946182,0.025826011952779535,-0.021179800636682285,0.07130647317670749,0.09738332261151292
252_T1_R1_vs_R2,natural_variability,5,LShoulder_to_LUArm_rx,LShoulder_to_LUArm,rx,0.0790343676556871,0.020161364451506937,-0.05887300320418016,0.07130647317670749,0.09738332261151292
252_T1_R1_vs_R2,natural_variability,5,LShoulder_to_LUArm_ry,LShoulder_to_LUArm,ry,0.27595742985943944,0.2870371374107674,0.011079707551327977,0.07130647317670749,0.09738332261151292
252_T1_R1_vs_R2,natural_variability,5,LShoulder_to_LUArm_rz,LShoulder_to_LUArm,rz,0.19037517099604054,0.24286760873318886,0.05249243773714832,0.07130647317670749,0.09738332261151292
252_T1_R1_vs_R2,natural_variability,5,LThigh_to_LShin_rx,LThigh_to_LShin,rx,0.5403725337948401,0.4716579968457767,-0.06871453694906338,0.07130647317670749,0.09738332261151292
252_T1_R1_vs_R2,natural_variability,5,LThigh_to_LShin_ry,LThigh_to_LShin,ry,4.488613107905588e-08,4.44070474791396e-08,-4.790835999162834e-10,0.07130647317670749,0.09738332261151292
252_T1_R1_vs_R2,natural_variability,5,LThigh_to_LShin_rz,LThigh_to_LShin,rz,2.7485433274732165e-08,4.102712799253781e-08,1.3541694717805642e-08,0.07130647317670749,0.09738332261151292
252_T1_R1_vs_R2,natural_variability,5,LUArm_to_LFArm_rx,LUArm_to_LFArm,rx,0.20165994871538537,0.13164283237298333,-0.07001711634240204,0.07130647317670749,0.09738332261151292
252_T1_R1_vs_R2,natural_variability,5,LUArm_to_LFArm_ry,LUArm_to_LFArm,ry,0.099445336460567,0.18421254483866448,0.08476720837809748,0.07130647317670749,0.09738332261151292
252_T1_R1_vs_R2,natural_variability,5,LUArm_to_LFArm_rz,LUArm_to_LFArm,rz,0.022244464572389436,0.07699091783218526,0.054746453259795824,0.07130647317670749,0.09738332261151292
252_T1_R1_vs_R2,natural_variability,5,Neck_to_Head_rx,Neck_to_Head,rx,0.02563495803104018,0.011886165938447631,-0.01374879209259255,0.07130647317670749,0.09738332261151292
252_T1_R1_vs_R2,natural_variability,5,Neck_to_Head_ry,Neck_to_Head,ry,0.057678504131523665,0.04450078544363969,-0.013177718687883977,0.07130647317670749,0.09738332261151292
252_T1_R1_vs_R2,natural_variability,5,Neck_to_Head_rz,Neck_to_Head,rz,0.03928230452490643,0.06062283371636832,0.021340529191461892,0.07130647317670749,0.09738332261151292
252_T1_R1_vs_R2,natural_variability,5,RFArm_to_RHand_rx,RFArm_to_RHand,rx,0.005859828250924205,0.006055294036610461,0.0001954657856862562,0.07130647317670749,0.09738332261151292
252_T1_R1_vs_R2,natural_variability,5,RFArm_to_RHand_ry,RFArm_to_RHand,ry,0.05172459962783147,0.05112067579569027,-0.0006039238321412024,0.07130647317670749,0.09738332261151292
252_T1_R1_vs_R2,natural_variability,5,RFArm_to_RHand_rz,RFArm_to_RHand,rz,0.01082084862649444,0.027001273911282157,0.016180425284787716,0.07130647317670749,0.09738332261151292
252_T1_R1_vs_R2,natural_variability,5,RShin_to_RFoot_rx,RShin_to_RFoot,rx,0.0029738396828632814,0.085377373579555,0.08240353389669171,0.07130647317670749,0.09738332261151292
252_T1_R1_vs_R2,natural_variability,5,RShin_to_RFoot_ry,RShin_to_RFoot,ry,0.04919021500535185,0.09419652038032546,0.045006305374973604,0.07130647317670749,0.09738332261151292
252_T1_R1_vs_R2,natural_variability,5,RShin_to_RFoot_rz,RShin_to_RFoot,rz,0.03222687142957928,0.014773177771791898,-0.01745369365778738,0.07130647317670749,0.09738332261151292
252_T1_R1_vs_R2,natural_variability,5,RShoulder_to_RUArm_rx,RShoulder_to_RUArm,rx,0.10185766305527634,0.087248802792328,-0.014608860262948345,0.07130647317670749,0.09738332261151292
252_T1_R1_vs_R2,natural_variability,5,RShoulder_to_RUArm_ry,RShoulder_to_RUArm,ry,0.029141715860568202,0.17491105932564383,0.1457693434650756,0.07130647317670749,0.09738332261151292
252_T1_R1_vs_R2,natural_variability,5,RShoulder_to_RUArm_rz,RShoulder_to_RUArm,rz,0.15670302792903568,0.0037363144457679136,-0.15296671348326776,0.07130647317670749,0.09738332261151292
252_T1_R1_vs_R2,natural_variability,5,RThigh_to_RShin_rx,RThigh_to_RShin,rx,0.27295388513719565,0.5036962292755196,0.23074234413832395,0.07130647317670749,0.09738332261151292
252_T1_R1_vs_R2,natural_variability,5,RThigh_to_RShin_ry,RThigh_to_RShin,ry,1.3348956493702441e-08,1.9813233642518743e-08,6.464277148816302e-09,0.07130647317670749,0.09738332261151292
252_T1_R1_vs_R2,natural_variability,5,RThigh_to_RShin_rz,RThigh_to_RShin,rz,3.575536668397956e-09,3.025624198168286e-08,2.6680705313284904e-08,0.07130647317670749,0.09738332261151292
252_T1_R1_vs_R2,natural_variability,5,RUArm_to_RFArm_rx,RUArm_to_RFArm,rx,0.1398181271724052,0.04907603725086244,-0.09074208992154276,0.07130647317670749,0.09738332261151292
252_T1_R1_vs_R2,natural_variability,5,RUArm_to_RFArm_ry,RUArm_to_RFArm,ry,0.39430398767219255,0.14739713830725093,-0.24690684936494162,0.07130647317670749,0.09738332261151292
252_T1_R1_vs_R2,natural_variability,5,RUArm_to_RFArm_rz,RUArm_to_RFArm,rz,0.07137952490467338,0.07176111115652173,0.00038158625184835093,0.07130647317670749,0.09738332261151292
252_T1_R1_vs_R2,natural_variability,6,252_to_LThigh_rx,252_to_LThigh,rx,0.09758306088205015,0.008168869155336161,-0.089414191726714,0.0552453584404885,0.07416932914590818
252_T1_R1_vs_R2,natural_variability,6,252_to_LThigh_ry,252_to_LThigh,ry,0.055995085964827274,0.03907326714569013,-0.016921818819137145,0.0552453584404885,0.07416932914590818
252_T1_R1_vs_R2,natural_variability,6,252_to_LThigh_rz,252_to_LThigh,rz,0.017194331662942895,0.07766734897284386,0.06047301730990096,0.0552453584404885,0.07416932914590818
252_T1_R1_vs_R2,natural_variability,6,252_to_RThigh_rx,252_to_RThigh,rx,0.10501918937026893,0.0493388641487008,-0.05568032522156813,0.0552453584404885,0.07416932914590818
252_T1_R1_vs_R2,natural_variability,6,252_to_RThigh_ry,252_to_RThigh,ry,0.03955712933624816,0.0568733475568736,0.017316218220625443,0.0552453584404885,0.07416932914590818
252_T1_R1_vs_R2,natural_variability,6,252_to_RThigh_rz,252_to_RThigh,rz,0.07611663174833876,0.03583665621624373,-0.04027997553209502,0.0552453584404885,0.07416932914590818
252_T1_R1_vs_R2,natural_variability,6,Chest_to_LShoulder_rx,Chest_to_LShoulder,rx,0.009037066618166039,0.0030049682131069624,-0.006032098405059076,0.0552453584404885,0.07416932914590818
252_T1_R1_vs_R2,natural_variability,6,Chest_to_LShoulder_ry,Chest_to_LShoulder,ry,0.0025910254004572956,0.0009891572968830716,-0.001601868103574224,0.0552453584404885,0.07416932914590818
252_T1_R1_vs_R2,natural_variability,6,Chest_to_LShoulder_rz,Chest_to_LShoulder,rz,0.04422487274525851,0.009216695445052,-0.035008177300206514,0.0552453584404885,0.07416932914590818
252_T1_R1_vs_R2,natural_variability,6,Chest_to_Neck_rx,Chest_to_Neck,rx,0.08076108511973659,0.03350296278453045,-0.04725812233520614,0.0552453584404885,0.07416932914590818
252_T1_R1_vs_R2,natural_variability,6,Chest_to_Neck_ry,Chest_to_Neck,ry,0.027106723979328225,0.014456357936179762,-0.012650366043148464,0.0552453584404885,0.07416932914590818
252_T1_R1_vs_R2,natural_variability,6,Chest_to_Neck_rz,Chest_to_Neck,rz,0.03862184482531165,0.003044914776353108,-0.03557693004895854,0.0552453584404885,0.07416932914590818
252_T1_R1_vs_R2,natural_variability,6,Chest_to_RShoulder_rx,Chest_to_RShoulder,rx,0.010753413042956197,0.02651596819169562,0.01576255514873942,0.0552453584404885,0.07416932914590818
252_T1_R1_vs_R2,natural_variability,6,Chest_to_RShoulder_ry,Chest_to_RShoulder,ry,0.0033365931980197396,0.015517216728596493,0.012180623530576752,0.0552453584404885,0.07416932914590818
252_T1_R1_vs_R2,natural_variability,6,Chest_to_RShoulder_rz,Chest_to_RShoulder,rz,0.03526620132113582,0.07997045005705011,0.04470424873591429,0.0552453584404885,0.07416932914590818
252_T1_R1_vs_R2,natural_variability,6,LFArm_to_LHand_rx,LFArm_to_LHand,rx,0.0044760776368810125,0.004362654001781542,-0.00011342363509947093,0.0552453584404885,0.07416932914590818
252_T1_R1_vs_R2,natural_variability,6,LFArm_to_LHand_ry,LFArm_to_LHand,ry,0.008750077811401205,0.013162461139000728,0.004412383327599523,0.0552453584404885,0.07416932914590818
252_T1_R1_vs_R2,natural_variability,6,LFArm_to_LHand_rz,LFArm_to_LHand,rz,0.013357286828969302,0.01550649608430518,0.0021492092553358783,0.0552453584404885,0.07416932914590818
252_T1_R1_vs_R2,natural_variability,6,LShin_to_LFoot_rx,LShin_to_LFoot,rx,0.06704728174021164,0.0059606945012932126,-0.06108658723891843,0.0552453584404885,0.07416932914590818
252_T1_R1_vs_R2,natural_variability,6,LShin_to_LFoot_ry,LShin_to_LFoot,ry,0.025555727674787705,0.01589187472571242,-0.009663852949075284,0.0552453584404885,0.07416932914590818
252_T1_R1_vs_R2,natural_variability,6,LShin_to_LFoot_rz,LShin_to_LFoot,rz,0.03138565736406892,0.01844416961948081,-0.012941487744588108,0.0552453584404885,0.07416932914590818
252_T1_R1_vs_R2,natural_variability,6,LShoulder_to_LUArm_rx,LShoulder_to_LUArm,rx,0.20687952684666233,0.06073754790653384,-0.14614197894012848,0.0552453584404885,0.07416932914590818
252_T1_R1_vs_R2,natural_variability,6,LShoulder_to_LUArm_ry,LShoulder_to_LUArm,ry,0.13588002686539796,0.11811891086315103,-0.017761116002246932,0.0552453584404885,0.07416932914590818
252_T1_R1_vs_R2,natural_variability,6,LShoulder_to_LUArm_rz,LShoulder_to_LUArm,rz,0.3306783792828887,0.22683592149648849,-0.1038424577864002,0.0552453584404885,0.07416932914590818
252_T1_R1_vs_R2,natural_variability,6,LThigh_to_LShin_rx,LThigh_to_LShin,rx,0.001065764207660874,0.14833075040735422,0.14726498619969333,0.0552453584404885,0.07416932914590818
252_T1_R1_vs_R2,natural_variability,6,LThigh_to_LShin_ry,LThigh_to_LShin,ry,9.434496654971383e-09,1.6282762478333635e-08,6.848265823362252e-09,0.0552453584404885,0.07416932914590818
252_T1_R1_vs_R2,natural_variability,6,LThigh_to_LShin_rz,LThigh_to_LShin,rz,3.8704139518703814e-08,2.940680637279127e-10,-3.84100714549759e-08,0.0552453584404885,0.07416932914590818
252_T1_R1_vs_R2,natural_variability,6,LUArm_to_LFArm_rx,LUArm_to_LFArm,rx,0.27911305529870983,0.0059818457274363485,-0.27313120957127346,0.0552453584404885,0.07416932914590818
252_T1_R1_vs_R2,natural_variability,6,LUArm_to_LFArm_ry,LUArm_to_LFArm,ry,0.42953991901709676,0.47732542631705116,0.0477855072999544,0.0552453584404885,0.07416932914590818
252_T1_R1_vs_R2,natural_variability,6,LUArm_to_LFArm_rz,LUArm_to_LFArm,rz,0.15224051910493192,0.1142616635938616,-0.03797885551107032,0.0552453584404885,0.07416932914590818
252_T1_R1_vs_R2,natural_variability,6,Neck_to_Head_rx,Neck_to_Head,rx,0.0807968765491369,0.03345299157158407,-0.04734388497755283,0.0552453584404885,0.07416932914590818
252_T1_R1_vs_R2,natural_variability,6,Neck_to_Head_ry,Neck_to_Head,ry,0.019088663630740618,0.01507165424593488,-0.004017009384805738,0.0552453584404885,0.07416932914590818
252_T1_R1_vs_R2,natural_variability,6,Neck_to_Head_rz,Neck_to_Head,rz,0.042947176891380674,0.0002037464138707171,-0.042743430477509954,0.0552453584404885,0.07416932914590818
252_T1_R1_vs_R2,natural_variability,6,RFArm_to_RHand_rx,RFArm_to_RHand,rx,0.000977735064331577,0.002708921585503037,0.0017311865211714602,0.0552453584404885,0.07416932914590818
252_T1_R1_vs_R2,natural_variability,6,RFArm_to_RHand_ry,RFArm_to_RHand,ry,0.002821587769642573,0.00843374709789745,0.0056121593282548775,0.0552453584404885,0.07416932914590818
252_T1_R1_vs_R2,natural_variability,6,RFArm_to_RHand_rz,RFArm_to_RHand,rz,0.003192258261889437,0.026620085940966737,0.0234278276790773,0.0552453584404885,0.07416932914590818
252_T1_R1_vs_R2,natural_variability,6,RShin_to_RFoot_rx,RShin_to_RFoot,rx,0.11793195432602357,0.017105797124741633,-0.10082615720128194,0.0552453584404885,0.07416932914590818
252_T1_R1_vs_R2,natural_variability,6,RShin_to_RFoot_ry,RShin_to_RFoot,ry,0.07542713932998024,0.006171775483012275,-0.06925536384696797,0.0552453584404885,0.07416932914590818
252_T1_R1_vs_R2,natural_variability,6,RShin_to_RFoot_rz,RShin_to_RFoot,rz,0.07466921165729799,0.0034898223341700003,-0.07117938932312799,0.0552453584404885,0.07416932914590818
252_T1_R1_vs_R2,natural_variability,6,RShoulder_to_RUArm_rx,RShoulder_to_RUArm,rx,0.13397303725458784,0.3300665213225213,0.19609348406793345,0.0552453584404885,0.07416932914590818
252_T1_R1_vs_R2,natural_variability,6,RShoulder_to_RUArm_ry,RShoulder_to_RUArm,ry,0.3250393173027376,0.27151176841091085,-0.05352754889182676,0.0552453584404885,0.07416932914590818
252_T1_R1_vs_R2,natural_variability,6,RShoulder_to_RUArm_rz,RShoulder_to_RUArm,rz,0.17636705363563532,0.5583674710555505,0.3820004174199152,0.0552453584404885,0.07416932914590818
252_T1_R1_vs_R2,natural_variability,6,RThigh_to_RShin_rx,RThigh_to_RShin,rx,0.45798867818775985,0.11003803094552005,-0.3479506472422398,0.0552453584404885,0.07416932914590818
252_T1_R1_vs_R2,natural_variability,6,RThigh_to_RShin_ry,RThigh_to_RShin,ry,1.1368284787493444e-08,2.8581815978853358e-08,1.7213531191359914e-08,0.0552453584404885,0.07416932914590818
252_T1_R1_vs_R2,natural_variability,6,RThigh_to_RShin_rz,RThigh_to_RShin,rz,5.994165220419803e-08,3.0330012953090353e-09,-5.6908650908889e-08,0.0552453584404885,0.07416932914590818
252_T1_R1_vs_R2,natural_variability,6,RUArm_to_RFArm_rx,RUArm_to_RFArm,rx,0.19596272603194048,0.2670402058054654,0.07107747977352491,0.0552453584404885,0.07416932914590818
252_T1_R1_vs_R2,natural_variability,6,RUArm_to_RFArm_ry,RUArm_to_RFArm,ry,0.23814780186757636,0.2363125309034913,-0.0018352709640850617,0.0552453584404885,0.07416932914590818
252_T1_R1_vs_R2,natural_variability,6,RUArm_to_RFArm_rz,RUArm_to_RFArm,rz,0.01965801298641352,0.0859132923757519,0.06625527938933838,0.0552453584404885,0.07416932914590818
252_T1_R1_vs_R2,natural_variability,7,252_to_LThigh_rx,252_to_LThigh,rx,0.3012573421466103,0.2406979094872186,-0.06055943265939173,0.04499480341351051,0.04833334322011365
252_T1_R1_vs_R2,natural_variability,7,252_to_LThigh_ry,252_to_LThigh,ry,0.05614272515280303,0.005240850749534578,-0.05090187440326845,0.04499480341351051,0.04833334322011365
252_T1_R1_vs_R2,natural_variability,7,252_to_LThigh_rz,252_to_LThigh,rz,0.042087880765244126,0.048518701305305154,0.0064308205400610274,0.04499480341351051,0.04833334322011365
252_T1_R1_vs_R2,natural_variability,7,252_to_RThigh_rx,252_to_RThigh,rx,0.13000078779834673,0.069388269343715,-0.060612518454631725,0.04499480341351051,0.04833334322011365
252_T1_R1_vs_R2,natural_variability,7,252_to_RThigh_ry,252_to_RThigh,ry,0.09138876365360538,0.0025842399337454125,-0.08880452371985996,0.04499480341351051,0.04833334322011365
252_T1_R1_vs_R2,natural_variability,7,252_to_RThigh_rz,252_to_RThigh,rz,0.08160600771838607,0.09068320029308778,0.009077192574701715,0.04499480341351051,0.04833334322011365
252_T1_R1_vs_R2,natural_variability,7,Chest_to_LShoulder_rx,Chest_to_LShoulder,rx,0.0344751574549082,0.031803022458243096,-0.0026721349966651042,0.04499480341351051,0.04833334322011365
252_T1_R1_vs_R2,natural_variability,7,Chest_to_LShoulder_ry,Chest_to_LShoulder,ry,0.09835738229332591,0.053279660145572935,-0.04507772214775298,0.04499480341351051,0.04833334322011365
252_T1_R1_vs_R2,natural_variability,7,Chest_to_LShoulder_rz,Chest_to_LShoulder,rz,0.03804342127426414,0.016074122366046835,-0.021969298908217305,0.04499480341351051,0.04833334322011365
252_T1_R1_vs_R2,natural_variability,7,Chest_to_Neck_rx,Chest_to_Neck,rx,0.07904898891975758,0.04862812318477223,-0.03042086573498535,0.04499480341351051,0.04833334322011365
252_T1_R1_vs_R2,natural_variability,7,Chest_to_Neck_ry,Chest_to_Neck,ry,0.057479972388118104,0.028041160163416495,-0.02943881222470161,0.04499480341351051,0.04833334322011365
252_T1_R1_vs_R2,natural_variability,7,Chest_to_Neck_rz,Chest_to_Neck,rz,0.03669146516785012,0.03791994612907884,0.0012284809612287187,0.04499480341351051,0.04833334322011365
252_T1_R1_vs_R2,natural_variability,7,Chest_to_RShoulder_rx,Chest_to_RShoulder,rx,0.050925863859574656,0.009009292294281997,-0.04191657156529266,0.04499480341351051,0.04833334322011365
252_T1_R1_vs_R2,natural_variability,7,Chest_to_RShoulder_ry,Chest_to_RShoulder,ry,0.04722531900486913,0.045676882633696896,-0.001548436371172232,0.04499480341351051,0.04833334322011365
252_T1_R1_vs_R2,natural_variability,7,Chest_to_RShoulder_rz,Chest_to_RShoulder,rz,0.03615807424186637,0.12399950888655,0.08784143464468362,0.04499480341351051,0.04833334322011365
252_T1_R1_vs_R2,natural_variability,7,LFArm_to_LHand_rx,LFArm_to_LHand,rx,0.016789574157618167,0.015305572413346163,-0.0014840017442720038,0.04499480341351051,0.04833334322011365
252_T1_R1_vs_R2,natural_variability,7,LFArm_to_LHand_ry,LFArm_to_LHand,ry,0.03309500384008596,0.0072983555903373175,-0.02579664824974864,0.04499480341351051,0.04833334322011365
252_T1_R1_vs_R2,natural_variability,7,LFArm_to_LHand_rz,LFArm_to_LHand,rz,0.11718665918152672,0.08104114737492618,-0.03614551180660054,0.04499480341351051,0.04833334322011365
252_T1_R1_vs_R2,natural_variability,7,LShin_to_LFoot_rx,LShin_to_LFoot,rx,0.08338732399760448,0.14849248154558517,0.06510515754798069,0.04499480341351051,0.04833334322011365
252_T1_R1_vs_R2,natural_variability,7,LShin_to_LFoot_ry,LShin_to_LFoot,ry,0.04036322092371543,0.04647750108811651,0.006114280164401083,0.04499480341351051,0.04833334322011365
252_T1_R1_vs_R2,natural_variability,7,LShin_to_LFoot_rz,LShin_to_LFoot,rz,0.03346129017604118,0.07571028272626777,0.04224899255022659,0.04499480341351051,0.04833334322011365
252_T1_R1_vs_R2,natural_variability,7,LShoulder_to_LUArm_rx,LShoulder_to_LUArm,rx,0.10145815788611322,0.07735040414889999,-0.02410775373721323,0.04499480341351051,0.04833334322011365
252_T1_R1_vs_R2,natural_variability,7,LShoulder_to_LUArm_ry,LShoulder_to_LUArm,ry,0.21746881204708687,0.044970826046495174,-0.17249798600059169,0.04499480341351051,0.04833334322011365
252_T1_R1_vs_R2,natural_variability,7,LShoulder_to_LUArm_rz,LShoulder_to_LUArm,rz,0.12155814193292502,0.28756445776588896,0.16600631583296394,0.04499480341351051,0.04833334322011365
252_T1_R1_vs_R2,natural_variability,7,LThigh_to_LShin_rx,LThigh_to_LShin,rx,0.12704538428439774,0.30612605175503055,0.1790806674706328,0.04499480341351051,0.04833334322011365
252_T1_R1_vs_R2,natural_variability,7,LThigh_to_LShin_ry,LThigh_to_LShin,ry,1.0240950423509323e-08,3.054202090928273e-08,2.030107048577341e-08,0.04499480341351051,0.04833334322011365
252_T1_R1_vs_R2,natural_variability,7,LThigh_to_LShin_rz,LThigh_to_LShin,rz,2.1127855103809614e-08,3.7869755934818925e-08,1.674190083100931e-08,0.04499480341351051,0.04833334322011365
252_T1_R1_vs_R2,natural_variability,7,LUArm_to_LFArm_rx,LUArm_to_LFArm,rx,0.05433946671863366,0.17146428453624185,0.1171248178176082,0.04499480341351051,0.04833334322011365
252_T1_R1_vs_R2,natural_variability,7,LUArm_to_LFArm_ry,LUArm_to_LFArm,ry,0.007578183498939918,0.22655684900587447,0.21897866550693457,0.04499480341351051,0.04833334322011365
252_T1_R1_vs_R2,natural_variability,7,LUArm_to_LFArm_rz,LUArm_to_LFArm,rz,0.02346174250829557,0.18849282245567078,0.1650310799473752,0.04499480341351051,0.04833334322011365
252_T1_R1_vs_R2,natural_variability,7,Neck_to_Head_rx,Neck_to_Head,rx,0.07900782730442561,0.04869699725638521,-0.030310830048040402,0.04499480341351051,0.04833334322011365
252_T1_R1_vs_R2,natural_variability,7,Neck_to_Head_ry,Neck_to_Head,ry,0.06339586186050745,0.020300782251086374,-0.04309507960942108,0.04499480341351051,0.04833334322011365
252_T1_R1_vs_R2,natural_variability,7,Neck_to_Head_rz,Neck_to_Head,rz,0.02516501596132765,0.042383643323515595,0.017218627362187947,0.04499480341351051,0.04833334322011365
252_T1_R1_vs_R2,natural_variability,7,RFArm_to_RHand_rx,RFArm_to_RHand,rx,0.0021560299866019506,0.00444466293758643,0.002288632950984479,0.04499480341351051,0.04833334322011365
252_T1_R1_vs_R2,natural_variability,7,RFArm_to_RHand_ry,RFArm_to_RHand,ry,0.055581157666600524,0.038489861116197295,-0.01709129655040323,0.04499480341351051,0.04833334322011365
252_T1_R1_vs_R2,natural_variability,7,RFArm_to_RHand_rz,RFArm_to_RHand,rz,0.017259522032283325,0.018294149017860122,0.0010346269855767976,0.04499480341351051,0.04833334322011365
252_T1_R1_vs_R2,natural_variability,7,RShin_to_RFoot_rx,RShin_to_RFoot,rx,0.01322566463428491,0.11266476110637348,0.09943909647208857,0.04499480341351051,0.04833334322011365
252_T1_R1_vs_R2,natural_variability,7,RShin_to_RFoot_ry,RShin_to_RFoot,ry,0.03862709485538245,0.10786413340477785,0.06923703854939539,0.04499480341351051,0.04833334322011365
252_T1_R1_vs_R2,natural_variability,7,RShin_to_RFoot_rz,RShin_to_RFoot,rz,0.09738003963876089,0.1331792091291924,0.03579916949043151,0.04499480341351051,0.04833334322011365
252_T1_R1_vs_R2,natural_variability,7,RShoulder_to_RUArm_rx,RShoulder_to_RUArm,rx,0.36187652152689065,0.1350906327319658,-0.22678588879492484,0.04499480341351051,0.04833334322011365
252_T1_R1_vs_R2,natural_variability,7,RShoulder_to_RUArm_ry,RShoulder_to_RUArm,ry,0.14544530743706005,0.3775009680789643,0.23205566064190428,0.04499480341351051,0.04833334322011365
252_T1_R1_vs_R2,natural_variability,7,RShoulder_to_RUArm_rz,RShoulder_to_RUArm,rz,0.601841269866201,0.24306535492361492,-0.3587759149425861,0.04499480341351051,0.04833334322011365
252_T1_R1_vs_R2,natural_variability,7,RThigh_to_RShin_rx,RThigh_to_RShin,rx,0.3819630983927972,0.4995294351417744,0.11756633674897721,0.04499480341351051,0.04833334322011365
252_T1_R1_vs_R2,natural_variability,7,RThigh_to_RShin_ry,RThigh_to_RShin,ry,9.3677315906811e-09,2.5808931615903155e-10,-9.109642274522068e-09,0.04499480341351051,0.04833334322011365
252_T1_R1_vs_R2,natural_variability,7,RThigh_to_RShin_rz,RThigh_to_RShin,rz,5.286610009700886e-08,1.3296720991362963e-09,-5.153642799787257e-08,0.04499480341351051,0.04833334322011365
252_T1_R1_vs_R2,natural_variability,7,RUArm_to_RFArm_rx,RUArm_to_RFArm,rx,0.10803088026065405,0.1898981506672858,0.08186727040663175,0.04499480341351051,0.04833334322011365
252_T1_R1_vs_R2,natural_variability,7,RUArm_to_RFArm_ry,RUArm_to_RFArm,ry,0.15104508465962466,0.07371089640854979,-0.07733418825107487,0.04499480341351051,0.04833334322011365
252_T1_R1_vs_R2,natural_variability,7,RUArm_to_RFArm_rz,RUArm_to_RFArm,rz,0.07780467679896205,0.059902825519377166,-0.017901851279584886,0.04499480341351051,0.04833334322011365
252_T1_R1_vs_R2,natural_variability,8,252_to_LThigh_rx,252_to_LThigh,rx,0.1583316468066882,0.20082321030977401,0.042491563503085805,0.03804693664245229,0.03851096840531875
252_T1_R1_vs_R2,natural_variability,8,252_to_LThigh_ry,252_to_LThigh,ry,0.00646657865095825,0.0073459305926002975,0.0008793519416420478,0.03804693664245229,0.03851096840531875
252_T1_R1_vs_R2,natural_variability,8,252_to_LThigh_rz,252_to_LThigh,rz,0.048007504872195614,0.0598382602096094,0.011830755337413783,0.03804693664245229,0.03851096840531875
252_T1_R1_vs_R2,natural_variability,8,252_to_RThigh_rx,252_to_RThigh,rx,0.1078540198744827,0.08609774190453695,-0.021756277969945753,0.03804693664245229,0.03851096840531875
252_T1_R1_vs_R2,natural_variability,8,252_to_RThigh_ry,252_to_RThigh,ry,0.0038720131997680473,2.9736991715961817e-06,-0.003869039500596451,0.03804693664245229,0.03851096840531875
252_T1_R1_vs_R2,natural_variability,8,252_to_RThigh_rz,252_to_RThigh,rz,0.0143848286837504,0.05457485058779857,0.04019002190404817,0.03804693664245229,0.03851096840531875
252_T1_R1_vs_R2,natural_variability,8,Chest_to_LShoulder_rx,Chest_to_LShoulder,rx,0.042910457693866914,0.0019767860729294853,-0.04093367162093743,0.03804693664245229,0.03851096840531875
252_T1_R1_vs_R2,natural_variability,8,Chest_to_LShoulder_ry,Chest_to_LShoulder,ry,0.04196938110850854,0.07067699450511448,0.028707613396605942,0.03804693664245229,0.03851096840531875
252_T1_R1_vs_R2,natural_variability,8,Chest_to_LShoulder_rz,Chest_to_LShoulder,rz,0.017380049462268298,0.013250587529709925,-0.0041294619325583735,0.03804693664245229,0.03851096840531875
252_T1_R1_vs_R2,natural_variability,8,Chest_to_Neck_rx,Chest_to_Neck,rx,0.009572143588970437,0.032217906470924186,0.02264576288195375,0.03804693664245229,0.03851096840531875
252_T1_R1_vs_R2,natural_variability,8,Chest_to_Neck_ry,Chest_to_Neck,ry,0.005297297861932273,0.006212416199317871,0.0009151183373855981,0.03804693664245229,0.03851096840531875
252_T1_R1_vs_R2,natural_variability,8,Chest_to_Neck_rz,Chest_to_Neck,rz,0.07079096637708902,0.03774543823876276,-0.033045528138326265,0.03804693664245229,0.03851096840531875
252_T1_R1_vs_R2,natural_variability,8,Chest_to_RShoulder_rx,Chest_to_RShoulder,rx,0.019634896257798132,0.01204297476209758,-0.007591921495700553,0.03804693664245229,0.03851096840531875
252_T1_R1_vs_R2,natural_variability,8,Chest_to_RShoulder_ry,Chest_to_RShoulder,ry,0.020461115791873742,0.05904342907526267,0.03858231328338893,0.03804693664245229,0.03851096840531875
252_T1_R1_vs_R2,natural_variability,8,Chest_to_RShoulder_rz,Chest_to_RShoulder,rz,0.09745996532885093,0.062391592453789085,-0.03506837287506184,0.03804693664245229,0.03851096840531875
252_T1_R1_vs_R2,natural_variability,8,LFArm_to_LHand_rx,LFArm_to_LHand,rx,0.009579441388778503,0.023880551898408188,0.014301110509629684,0.03804693664245229,0.03851096840531875
252_T1_R1_vs_R2,natural_variability,8,LFArm_to_LHand_ry,LFArm_to_LHand,ry,0.028757330121219195,0.0436379607319728,0.014880630610753603,0.03804693664245229,0.03851096840531875
252_T1_R1_vs_R2,natural_variability,8,LFArm_to_LHand_rz,LFArm_to_LHand,rz,0.06371528234465451,0.1502596147288982,0.0865443323842437,0.03804693664245229,0.03851096840531875
252_T1_R1_vs_R2,natural_variability,8,LShin_to_LFoot_rx,LShin_to_LFoot,rx,0.1474476280999748,0.1100516706499297,-0.037395957450045106,0.03804693664245229,0.03851096840531875
252_T1_R1_vs_R2,natural_variability,8,LShin_to_LFoot_ry,LShin_to_LFoot,ry,0.10695560486137083,0.11897627486259148,0.012020670001220646,0.03804693664245229,0.03851096840531875
252_T1_R1_vs_R2,natural_variability,8,LShin_to_LFoot_rz,LShin_to_LFoot,rz,0.06524971908371356,0.05030862251955293,-0.014941096564160629,0.03804693664245229,0.03851096840531875
252_T1_R1_vs_R2,natural_variability,8,LShoulder_to_LUArm_rx,LShoulder_to_LUArm,rx,0.32660348716149284,0.2505244039563158,-0.07607908320517703,0.03804693664245229,0.03851096840531875
252_T1_R1_vs_R2,natural_variability,8,LShoulder_to_LUArm_ry,LShoulder_to_LUArm,ry,0.2886107345452482,0.3719473214285678,0.08333658688331957,0.03804693664245229,0.03851096840531875
252_T1_R1_vs_R2,natural_variability,8,LShoulder_to_LUArm_rz,LShoulder_to_LUArm,rz,0.5035833329870099,0.27455421229677984,-0.22902912069023001,0.03804693664245229,0.03851096840531875
252_T1_R1_vs_R2,natural_variability,8,LThigh_to_LShin_rx,LThigh_to_LShin,rx,0.24917638812545193,0.28317537595261044,0.03399898782715852,0.03804693664245229,0.03851096840531875
252_T1_R1_vs_R2,natural_variability,8,LThigh_to_LShin_ry,LThigh_to_LShin,ry,2.2756553651310238e-08,1.5254076651403958e-08,-7.50247699990628e-09,0.03804693664245229,0.03851096840531875
252_T1_R1_vs_R2,natural_variability,8,LThigh_to_LShin_rz,LThigh_to_LShin,rz,3.3113308960949554e-08,8.732884025049452e-09,-2.4380424935900104e-08,0.03804693664245229,0.03851096840531875
252_T1_R1_vs_R2,natural_variability,8,LUArm_to_LFArm_rx,LUArm_to_LFArm,rx,0.06593938459695355,0.16116638058989693,0.09522699599294339,0.03804693664245229,0.03851096840531875
252_T1_R1_vs_R2,natural_variability,8,LUArm_to_LFArm_ry,LUArm_to_LFArm,ry,0.11770744067547712,0.2793917296185782,0.1616842889431011,0.03804693664245229,0.03851096840531875
252_T1_R1_vs_R2,natural_variability,8,LUArm_to_LFArm_rz,LUArm_to_LFArm,rz,0.09506234331239756,0.2423825351730565,0.14732019186065892,0.03804693664245229,0.03851096840531875
252_T1_R1_vs_R2,natural_variability,8,Neck_to_Head_rx,Neck_to_Head,rx,0.009517881621626747,0.032010176772956395,0.022492295151329646,0.03804693664245229,0.03851096840531875
252_T1_R1_vs_R2,natural_variability,8,Neck_to_Head_ry,Neck_to_Head,ry,0.008033751107570082,0.0008846977754016452,-0.007149053332168437,0.03804693664245229,0.03851096840531875
252_T1_R1_vs_R2,natural_variability,8,Neck_to_Head_rz,Neck_to_Head,rz,0.07042581856643082,0.038276804841724105,-0.032149013724706715,0.03804693664245229,0.03851096840531875
252_T1_R1_vs_R2,natural_variability,8,RFArm_to_RHand_rx,RFArm_to_RHand,rx,0.0009693116725461806,0.0012445754966353268,0.0002752638240891462,0.03804693664245229,0.03851096840531875
252_T1_R1_vs_R2,natural_variability,8,RFArm_to_RHand_ry,RFArm_to_RHand,ry,0.0031664762986108133,0.006601301382965047,0.003434825084354234,0.03804693664245229,0.03851096840531875
252_T1_R1_vs_R2,natural_variability,8,RFArm_to_RHand_rz,RFArm_to_RHand,rz,0.029795769644767163,0.039746284839071735,0.009950515194304572,0.03804693664245229,0.03851096840531875
252_T1_R1_vs_R2,natural_variability,8,RShin_to_RFoot_rx,RShin_to_RFoot,rx,0.13922385735022225,0.11397108726549213,-0.02525277008473012,0.03804693664245229,0.03851096840531875
252_T1_R1_vs_R2,natural_variability,8,RShin_to_RFoot_ry,RShin_to_RFoot,ry,0.1267177686382305,0.09797826717285406,-0.028739501465376446,0.03804693664245229,0.03851096840531875
252_T1_R1_vs_R2,natural_variability,8,RShin_to_RFoot_rz,RShin_to_RFoot,rz,0.0907065762431497,0.055988121352926065,-0.03471845489022364,0.03804693664245229,0.03851096840531875
252_T1_R1_vs_R2,natural_variability,8,RShoulder_to_RUArm_rx,RShoulder_to_RUArm,rx,0.023284205468386037,0.16524764149510685,0.14196343602672082,0.03804693664245229,0.03851096840531875
252_T1_R1_vs_R2,natural_variability,8,RShoulder_to_RUArm_ry,RShoulder_to_RUArm,ry,0.12888902071592115,0.457082815731403,0.32819379501548185,0.03804693664245229,0.03851096840531875
252_T1_R1_vs_R2,natural_variability,8,RShoulder_to_RUArm_rz,RShoulder_to_RUArm,rz,0.18791631101718712,0.06243874414006262,-0.1254775668771245,0.03804693664245229,0.03851096840531875
252_T1_R1_vs_R2,natural_variability,8,RThigh_to_RShin_rx,RThigh_to_RShin,rx,0.38918389676642096,0.1716700702255142,-0.21751382654090676,0.03804693664245229,0.03851096840531875
252_T1_R1_vs_R2,natural_variability,8,RThigh_to_RShin_ry,RThigh_to_RShin,ry,2.6038743256218672e-08,2.4970024014248102e-08,-1.0687192419705696e-09,0.03804693664245229,0.03851096840531875
252_T1_R1_vs_R2,natural_variability,8,RThigh_to_RShin_rz,RThigh_to_RShin,rz,9.599013079093819e-09,1.2858756935499627e-08,3.2597438564058084e-09,0.03804693664245229,0.03851096840531875
252_T1_R1_vs_R2,natural_variability,8,RUArm_to_RFArm_rx,RUArm_to_RFArm,rx,0.29934687920162395,0.002665099698861528,-0.2966817795027624,0.03804693664245229,0.03851096840531875
252_T1_R1_vs_R2,natural_variability,8,RUArm_to_RFArm_ry,RUArm_to_RFArm,ry,0.15071013077220924,0.19936728885861427,0.04865715808640503,0.03804693664245229,0.03851096840531875
252_T1_R1_vs_R2,natural_variability,8,RUArm_to_RFArm_rz,RUArm_to_RFArm,rz,0.01221469476150074,0.13394228117550452,0.12172758641400379,0.03804693664245229,0.03851096840531875
252_T1_R1_vs_R2,natural_variability,9,252_to_LThigh_rx,252_to_LThigh,rx,0.08144616212995384,0.3426047226612904,0.26115856053133657,0.03578743836522842,0.0315034405540806
252_T1_R1_vs_R2,natural_variability,9,252_to_LThigh_ry,252_to_LThigh,ry,0.019281344005796588,0.040685796882702095,0.021404452876905507,0.03578743836522842,0.0315034405540806
252_T1_R1_vs_R2,natural_variability,9,252_to_LThigh_rz,252_to_LThigh,rz,0.0706320901058508,0.06473288516360741,-0.005899204942243386,0.03578743836522842,0.0315034405540806
252_T1_R1_vs_R2,natural_variability,9,252_to_RThigh_rx,252_to_RThigh,rx,0.15226745689202267,0.21971797284800634,0.06745051595598367,0.03578743836522842,0.0315034405540806
252_T1_R1_vs_R2,natural_variability,9,252_to_RThigh_ry,252_to_RThigh,ry,0.03171994607171243,0.06925232542755183,0.0375323793558394,0.03578743836522842,0.0315034405540806
252_T1_R1_vs_R2,natural_variability,9,252_to_RThigh_rz,252_to_RThigh,rz,0.0969064500792373,0.09951043340614717,0.0026039833269098644,0.03578743836522842,0.0315034405540806
252_T1_R1_vs_R2,natural_variability,9,Chest_to_LShoulder_rx,Chest_to_LShoulder,rx,0.03580303588682939,0.06336067502058483,0.02755763913375544,0.03578743836522842,0.0315034405540806
252_T1_R1_vs_R2,natural_variability,9,Chest_to_LShoulder_ry,Chest_to_LShoulder,ry,0.07145619308998323,0.08097213410658291,0.00951594101659968,0.03578743836522842,0.0315034405540806
252_T1_R1_vs_R2,natural_variability,9,Chest_to_LShoulder_rz,Chest_to_LShoulder,rz,0.022359764029548885,0.06035664638826721,0.03799688235871833,0.03578743836522842,0.0315034405540806
252_T1_R1_vs_R2,natural_variability,9,Chest_to_Neck_rx,Chest_to_Neck,rx,0.012533624522560486,0.11205918798739384,0.09952556346483335,0.03578743836522842,0.0315034405540806
252_T1_R1_vs_R2,natural_variability,9,Chest_to_Neck_ry,Chest_to_Neck,ry,0.0002210643516706926,0.04532773316987553,0.04510666881820484,0.03578743836522842,0.0315034405540806
252_T1_R1_vs_R2,natural_variability,9,Chest_to_Neck_rz,Chest_to_Neck,rz,0.00503258762538861,0.050465840780656836,0.04543325315526823,0.03578743836522842,0.0315034405540806
252_T1_R1_vs_R2,natural_variability,9,Chest_to_RShoulder_rx,Chest_to_RShoulder,rx,0.03633195713528581,0.05074317783723673,0.014411220701950923,0.03578743836522842,0.0315034405540806
252_T1_R1_vs_R2,natural_variability,9,Chest_to_RShoulder_ry,Chest_to_RShoulder,ry,0.0720740147367341,0.03778514371880555,-0.034288871017928546,0.03578743836522842,0.0315034405540806
252_T1_R1_vs_R2,natural_variability,9,Chest_to_RShoulder_rz,Chest_to_RShoulder,rz,0.07155260256377252,0.03531799975378101,-0.03623460280999151,0.03578743836522842,0.0315034405540806
252_T1_R1_vs_R2,natural_variability,9,LFArm_to_LHand_rx,LFArm_to_LHand,rx,0.029318922903322237,0.010400607203973997,-0.01891831569934824,0.03578743836522842,0.0315034405540806
252_T1_R1_vs_R2,natural_variability,9,LFArm_to_LHand_ry,LFArm_to_LHand,ry,0.05320460350512468,0.013338520094489416,-0.039866083410635265,0.03578743836522842,0.0315034405540806
252_T1_R1_vs_R2,natural_variability,9,LFArm_to_LHand_rz,LFArm_to_LHand,rz,0.18841242862657756,0.06475537427221771,-0.12365705435435985,0.03578743836522842,0.0315034405540806
252_T1_R1_vs_R2,natural_variability,9,LShin_to_LFoot_rx,LShin_to_LFoot,rx,0.01382429543934269,0.07152983779606246,0.05770554235671978,0.03578743836522842,0.0315034405540806
252_T1_R1_vs_R2,natural_variability,9,LShin_to_LFoot_ry,LShin_to_LFoot,ry,0.04485392305782396,0.03305419929343479,-0.011799723764389168,0.03578743836522842,0.0315034405540806
252_T1_R1_vs_R2,natural_variability,9,LShin_to_LFoot_rz,LShin_to_LFoot,rz,0.006392754162424625,0.03437612422396684,0.027983370061542216,0.03578743836522842,0.0315034405540806
252_T1_R1_vs_R2,natural_variability,9,LShoulder_to_LUArm_rx,LShoulder_to_LUArm,rx,0.07621930708374088,0.22074411583107276,0.14452480874733187,0.03578743836522842,0.0315034405540806
252_T1_R1_vs_R2,natural_variability,9,LShoulder_to_LUArm_ry,LShoulder_to_LUArm,ry,0.3838040709121714,0.24628006466497263,-0.13752400624719877,0.03578743836522842,0.0315034405540806
252_T1_R1_vs_R2,natural_variability,9,LShoulder_to_LUArm_rz,LShoulder_to_LUArm,rz,0.0035696133534451435,0.3980319883959155,0.3944623750424704,0.03578743836522842,0.0315034405540806
252_T1_R1_vs_R2,natural_variability,9,LThigh_to_LShin_rx,LThigh_to_LShin,rx,0.005656488058925621,0.16951176148980865,0.16385527343088302,0.03578743836522842,0.0315034405540806
252_T1_R1_vs_R2,natural_variability,9,LThigh_to_LShin_ry,LThigh_to_LShin,ry,2.7001608148800872e-08,9.174431631393346e-09,-1.7827176517407526e-08,0.03578743836522842,0.0315034405540806
252_T1_R1_vs_R2,natural_variability,9,LThigh_to_LShin_rz,LThigh_to_LShin,rz,8.797115579009145e-09,1.1792043696569561e-08,2.9949281175604157e-09,0.03578743836522842,0.0315034405540806
252_T1_R1_vs_R2,natural_variability,9,LUArm_to_LFArm_rx,LUArm_to_LFArm,rx,0.15680973250569344,0.05369779257042922,-0.10311193993526421,0.03578743836522842,0.0315034405540806
252_T1_R1_vs_R2,natural_variability,9,LUArm_to_LFArm_ry,LUArm_to_LFArm,ry,0.29382224268966284,0.09186284588546885,-0.201959396804194,0.03578743836522842,0.0315034405540806
252_T1_R1_vs_R2,natural_variability,9,LUArm_to_LFArm_rz,LUArm_to_LFArm,rz,0.28196918517538944,0.0010201590443477129,-0.2809490261310417,0.03578743836522842,0.0315034405540806
252_T1_R1_vs_R2,natural_variability,9,Neck_to_Head_rx,Neck_to_Head,rx,0.012228324781078548,0.11188563179326785,0.0996573070121893,0.03578743836522842,0.0315034405540806
252_T1_R1_vs_R2,natural_variability,9,Neck_to_Head_ry,Neck_to_Head,ry,0.0013452540601786055,0.05391695302463082,0.05257169896445222,0.03578743836522842,0.0315034405540806
252_T1_R1_vs_R2,natural_variability,9,Neck_to_Head_rz,Neck_to_Head,rz,0.004777207150094706,0.040968167947900945,0.03619096079780624,0.03578743836522842,0.0315034405540806
252_T1_R1_vs_R2,natural_variability,9,RFArm_to_RHand_rx,RFArm_to_RHand,rx,0.0026111256520531595,0.004860254469910685,0.002249128817857525,0.03578743836522842,0.0315034405540806
252_T1_R1_vs_R2,natural_variability,9,RFArm_to_RHand_ry,RFArm_to_RHand,ry,0.02505355265304691,0.06095193958247827,0.035898386929431356,0.03578743836522842,0.0315034405540806
252_T1_R1_vs_R2,natural_variability,9,RFArm_to_RHand_rz,RFArm_to_RHand,rz,0.05531625636988424,0.04973869478051656,-0.005577561589367681,0.03578743836522842,0.0315034405540806
252_T1_R1_vs_R2,natural_variability,9,RShin_to_RFoot_rx,RShin_to_RFoot,rx,0.016803311324950075,0.01531519719433756,-0.0014881141306125143,0.03578743836522842,0.0315034405540806
252_T1_R1_vs_R2,natural_variability,9,RShin_to_RFoot_ry,RShin_to_RFoot,ry,0.01565516053068535,0.038960951087881494,0.023305790557196143,0.03578743836522842,0.0315034405540806
252_T1_R1_vs_R2,natural_variability,9,RShin_to_RFoot_rz,RShin_to_RFoot,rz,0.030918443030170835,0.09119547842024117,0.06027703539007034,0.03578743836522842,0.0315034405540806
252_T1_R1_vs_R2,natural_variability,9,RShoulder_to_RUArm_rx,RShoulder_to_RUArm,rx,0.046196887647733324,0.0427046831185745,-0.0034922045291588266,0.03578743836522842,0.0315034405540806
252_T1_R1_vs_R2,natural_variability,9,RShoulder_to_RUArm_ry,RShoulder_to_RUArm,ry,0.5733310555837802,0.25679511833989227,-0.3165359372438879,0.03578743836522842,0.0315034405540806
252_T1_R1_vs_R2,natural_variability,9,RShoulder_to_RUArm_rz,RShoulder_to_RUArm,rz,0.40419362224624417,0.48395693076924023,0.07976330852299607,0.03578743836522842,0.0315034405540806
252_T1_R1_vs_R2,natural_variability,9,RThigh_to_RShin_rx,RThigh_to_RShin,rx,0.11510789382833395,0.3033717184178414,0.18826382458950744,0.03578743836522842,0.0315034405540806
252_T1_R1_vs_R2,natural_variability,9,RThigh_to_RShin_ry,RThigh_to_RShin,ry,2.4156952232525966e-08,4.249554272595862e-09,-1.9907397959930103e-08,0.03578743836522842,0.0315034405540806
252_T1_R1_vs_R2,natural_variability,9,RThigh_to_RShin_rz,RThigh_to_RShin,rz,2.267300871709077e-08,6.488385565094317e-08,4.22108469338524e-08,0.03578743836522842,0.0315034405540806
252_T1_R1_vs_R2,natural_variability,9,RUArm_to_RFArm_rx,RUArm_to_RFArm,rx,0.07434661531360831,0.06407273121615813,-0.010273884097450184,0.03578743836522842,0.0315034405540806
252_T1_R1_vs_R2,natural_variability,9,RUArm_to_RFArm_ry,RUArm_to_RFArm,ry,0.051334778378622936,0.09933724997100417,0.04800247159238123,0.03578743836522842,0.0315034405540806
252_T1_R1_vs_R2,natural_variability,9,RUArm_to_RFArm_rz,RUArm_to_RFArm,rz,0.1723909324264072,0.12675000458739455,-0.04564092783901266,0.03578743836522842,0.0315034405540806
