comparison_id,kind,pc,feature,link_id,axis,loading_A_abs,loading_B_reprojected_abs,jcvpca_axis,explained_variance_A,explained_variance_B_projected
671_T1_vs_T2,longitudinal,1,Chest_to_LShoulder_rx,Chest_to_LShoulder,rx,0.037103633625574575,0.010229675076241989,-0.026873958549332586,0.2963834859577655,0.47593821847153944
671_T1_vs_T2,longitudinal,1,Chest_to_LShoulder_ry,Chest_to_LShoulder,ry,0.021769434512908883,0.004719021508301596,-0.017050413004607287,0.2963834859577655,0.47593821847153944
671_T1_vs_T2,longitudinal,1,Chest_to_LShoulder_rz,Chest_to_LShoulder,rz,0.038433202641247534,0.02033369582897187,-0.018099506812275665,0.2963834859577655,0.47593821847153944
671_T1_vs_T2,longitudinal,1,Chest_to_Neck_rx,Chest_to_Neck,rx,0.0028387664812199514,0.00491289052939897,0.002074124048179018,0.2963834859577655,0.47593821847153944
671_T1_vs_T2,longitudinal,1,Chest_to_Neck_ry,Chest_to_Neck,ry,0.016050427574452075,0.018532236741768463,0.002481809167316388,0.2963834859577655,0.47593821847153944
671_T1_vs_T2,longitudinal,1,Chest_to_Neck_rz,Chest_to_Neck,rz,0.017518967547560292,0.01724522007140417,-0.00027374747615612274,0.2963834859577655,0.47593821847153944
671_T1_vs_T2,longitudinal,1,Chest_to_RShoulder_rx,Chest_to_RShoulder,rx,0.017875831803801197,0.007509337680100518,-0.010366494123700679,0.2963834859577655,0.47593821847153944
671_T1_vs_T2,longitudinal,1,Chest_to_RShoulder_ry,Chest_to_RShoulder,ry,0.0013123704513648062,0.01243393668498264,0.011121566233617833,0.2963834859577655,0.47593821847153944
671_T1_vs_T2,longitudinal,1,Chest_to_RShoulder_rz,Chest_to_RShoulder,rz,0.11851443049204308,0.11925802260272901,0.0007435921106859339,0.2963834859577655,0.47593821847153944
671_T1_vs_T2,longitudinal,1,LFArm_to_LHand_rx,LFArm_to_LHand,rx,0.04447400058751934,0.16432625378717167,0.11985225319965233,0.2963834859577655,0.47593821847153944
671_T1_vs_T2,longitudinal,1,LFArm_to_LHand_ry,LFArm_to_LHand,ry,0.0455670124468276,0.31972956697097704,0.27416255452414945,0.2963834859577655,0.47593821847153944
671_T1_vs_T2,longitudinal,1,LFArm_to_LHand_rz,LFArm_to_LHand,rz,0.19262958253715515,0.28650606496204695,0.0938764824248918,0.2963834859577655,0.47593821847153944
671_T1_vs_T2,longitudinal,1,LShin_to_LFoot_rx,LShin_to_LFoot,rx,0.006099657004752964,0.026031181782367404,0.01993152477761444,0.2963834859577655,0.47593821847153944
671_T1_vs_T2,longitudinal,1,LShin_to_LFoot_ry,LShin_to_LFoot,ry,0.03571989663456838,0.10246376430046739,0.06674386766589901,0.2963834859577655,0.47593821847153944
671_T1_vs_T2,longitudinal,1,LShin_to_LFoot_rz,LShin_to_LFoot,rz,0.00044624805308446434,0.0319145057871677,0.03146825773408324,0.2963834859577655,0.47593821847153944
671_T1_vs_T2,longitudinal,1,LShoulder_to_LUArm_rx,LShoulder_to_LUArm,rx,0.21391483103780018,0.07939406922407596,-0.13452076181372422,0.2963834859577655,0.47593821847153944
671_T1_vs_T2,longitudinal,1,LShoulder_to_LUArm_ry,LShoulder_to_LUArm,ry,0.0556754432390629,0.025558578753180745,-0.030116864485882154,0.2963834859577655,0.47593821847153944
671_T1_vs_T2,longitudinal,1,LShoulder_to_LUArm_rz,LShoulder_to_LUArm,rz,0.05752201296401178,0.002477936340397769,-0.055044076623614005,0.2963834859577655,0.47593821847153944
671_T1_vs_T2,longitudinal,1,LThigh_to_LShin_rx,LThigh_to_LShin,rx,0.009664749471175769,0.0020621836180594794,-0.00760256585311629,0.2963834859577655,0.47593821847153944
671_T1_vs_T2,longitudinal,1,LThigh_to_LShin_ry,LThigh_to_LShin,ry,9.105506064069179e-09,1.629138752968191e-08,7.185881465612731e-09,0.2963834859577655,0.47593821847153944
671_T1_vs_T2,longitudinal,1,LThigh_to_LShin_rz,LThigh_to_LShin,rz,2.123090160810443e-08,7.345344017367091e-09,-1.3885557590737338e-08,0.2963834859577655,0.47593821847153944
671_T1_vs_T2,longitudinal,1,LUArm_to_LFArm_rx,LUArm_to_LFArm,rx,0.15902435366418038,0.2333923301421,0.07436797647791962,0.2963834859577655,0.47593821847153944
671_T1_vs_T2,longitudinal,1,LUArm_to_LFArm_ry,LUArm_to_LFArm,ry,0.4249147597943156,0.012944115322294274,-0.4119706444720213,0.2963834859577655,0.47593821847153944
671_T1_vs_T2,longitudinal,1,LUArm_to_LFArm_rz,LUArm_to_LFArm,rz,0.23156576618488148,0.20190185101410277,-0.02966391517077871,0.2963834859577655,0.47593821847153944
671_T1_vs_T2,longitudinal,1,Neck_to_Head_rx,Neck_to_Head,rx,0.0028388192612781604,0.004912854657141231,0.0020740353958630703,0.2963834859577655,0.47593821847153944
671_T1_vs_T2,longitudinal,1,Neck_to_Head_ry,Neck_to_Head,ry,0.016050419539458773,0.018532231884649426,0.0024818123451906537,0.2963834859577655,0.47593821847153944
671_T1_vs_T2,longitudinal,1,Neck_to_Head_rz,Neck_to_Head,rz,0.017518918587341205,0.017245197081263514,-0.00027372150607769125,0.2963834859577655,0.47593821847153944
671_T1_vs_T2,longitudinal,1,RFArm_to_RHand_rx,RFArm_to_RHand,rx,0.24974118213110705,0.08057182877429259,-0.16916935335681446,0.2963834859577655,0.47593821847153944
671_T1_vs_T2,longitudinal,1,RFArm_to_RHand_ry,RFArm_to_RHand,ry,0.05416875782311461,0.2659116620477057,0.2117429042245911,0.2963834859577655,0.47593821847153944
671_T1_vs_T2,longitudinal,1,RFArm_to_RHand_rz,RFArm_to_RHand,rz,0.545316752434008,0.4609284979067825,-0.08438825452722554,0.2963834859577655,0.47593821847153944
671_T1_vs_T2,longitudinal,1,RShin_to_RFoot_rx,RShin_to_RFoot,rx,0.00915632558647723,0.022945406093734154,0.013789080507256924,0.2963834859577655,0.47593821847153944
671_T1_vs_T2,longitudinal,1,RShin_to_RFoot_ry,RShin_to_RFoot,ry,0.03282020288924405,0.045882086889244784,0.013061884000000731,0.2963834859577655,0.47593821847153944
671_T1_vs_T2,longitudinal,1,RShin_to_RFoot_rz,RShin_to_RFoot,rz,0.00014680990281836894,0.011749152610513536,0.011602342707695168,0.2963834859577655,0.47593821847153944
671_T1_vs_T2,longitudinal,1,RShoulder_to_RUArm_rx,RShoulder_to_RUArm,rx,0.11365932797986407,0.2651472689627752,0.15148794098291113,0.2963834859577655,0.47593821847153944
671_T1_vs_T2,longitudinal,1,RShoulder_to_RUArm_ry,RShoulder_to_RUArm,ry,0.03602708091888902,0.01801444719541545,-0.018012633723473573,0.2963834859577655,0.47593821847153944
671_T1_vs_T2,longitudinal,1,RShoulder_to_RUArm_rz,RShoulder_to_RUArm,rz,0.23203188551704598,0.31213198284753574,0.08010009733048976,0.2963834859577655,0.47593821847153944
671_T1_vs_T2,longitudinal,1,RThigh_to_RShin_rx,RThigh_to_RShin,rx,0.017728997917432203,0.04157299183061223,0.023843993913180025,0.2963834859577655,0.47593821847153944
671_T1_vs_T2,longitudinal,1,RThigh_to_RShin_ry,RThigh_to_RShin,ry,2.8244018154547356e-08,9.817194313191494e-09,-1.842682384135586e-08,0.2963834859577655,0.47593821847153944
671_T1_vs_T2,longitudinal,1,RThigh_to_RShin_rz,RThigh_to_RShin,rz,4.4430044936886875e-09,1.7579995754247272e-08,1.3136991260558585e-08,0.2963834859577655,0.47593821847153944
671_T1_vs_T2,longitudinal,1,RUArm_to_RFArm_rx,RUArm_to_RFArm,rx,0.08685440073316669,0.30575878718295946,0.21890438644979276,0.2963834859577655,0.47593821847153944
671_T1_vs_T2,longitudinal,1,RUArm_to_RFArm_ry,RUArm_to_RFArm,ry,0.4321674957347953,0.0694637063738067,-0.36270378936098857,0.2963834859577655,0.47593821847153944
671_T1_vs_T2,longitudinal,1,RUArm_to_RFArm_rz,RUArm_to_RFArm,rz,0.021040138529782294,0.3119181069032613,0.290877968373479,0.2963834859577655,0.47593821847153944
671_T1_vs_T2,longitudinal,2,Chest_to_LShoulder_rx,Chest_to_LShoulder,rx,0.02143064060279829,0.05063389687282291,0.029203256270024618,0.2723083440350071,0.23158115084872666
671_T1_vs_T2,longitudinal,2,Chest_to_LShoulder_ry,Chest_to_LShoulder,ry,0.030754672859368427,0.03958722309468486,0.008832550235316435,0.2723083440350071,0.23158115084872666
671_T1_vs_T2,longitudinal,2,Chest_to_LShoulder_rz,Chest_to_LShoulder,rz,0.07240869656920254,0.08867800968561165,0.016269313116409112,0.2723083440350071,0.23158115084872666
671_T1_vs_T2,longitudinal,2,Chest_to_Neck_rx,Chest_to_Neck,rx,0.018369705255507456,0.013400266731941042,-0.004969438523566414,0.2723083440350071,0.23158115084872666
671_T1_vs_T2,longitudinal,2,Chest_to_Neck_ry,Chest_to_Neck,ry,0.01473551106453453,0.004301797062780488,-0.010433714001754042,0.2723083440350071,0.23158115084872666
671_T1_vs_T2,longitudinal,2,Chest_to_Neck_rz,Chest_to_Neck,rz,0.01758543315763865,0.00567560048619315,-0.011909832671445499,0.2723083440350071,0.23158115084872666
671_T1_vs_T2,longitudinal,2,Chest_to_RShoulder_rx,Chest_to_RShoulder,rx,0.05935933820065825,0.0558138835217097,-0.0035454546789485536,0.2723083440350071,0.23158115084872666
671_T1_vs_T2,longitudinal,2,Chest_to_RShoulder_ry,Chest_to_RShoulder,ry,0.0005252598969250123,0.003414742473310042,0.0028894825763850296,0.2723083440350071,0.23158115084872666
671_T1_vs_T2,longitudinal,2,Chest_to_RShoulder_rz,Chest_to_RShoulder,rz,0.005301679794642266,0.0678315362653279,0.06252985647068562,0.2723083440350071,0.23158115084872666
671_T1_vs_T2,longitudinal,2,LFArm_to_LHand_rx,LFArm_to_LHand,rx,0.36138342266919127,0.2872062710652785,-0.07417715160391275,0.2723083440350071,0.23158115084872666
671_T1_vs_T2,longitudinal,2,LFArm_to_LHand_ry,LFArm_to_LHand,ry,0.19597245258688883,0.12142590768071754,-0.0745465449061713,0.2723083440350071,0.23158115084872666
671_T1_vs_T2,longitudinal,2,LFArm_to_LHand_rz,LFArm_to_LHand,rz,0.45858501936482904,0.5756627152045324,0.11707769583970334,0.2723083440350071,0.23158115084872666
671_T1_vs_T2,longitudinal,2,LShin_to_LFoot_rx,LShin_to_LFoot,rx,0.0010041394586768981,0.004348472678154536,0.003344333219477638,0.2723083440350071,0.23158115084872666
671_T1_vs_T2,longitudinal,2,LShin_to_LFoot_ry,LShin_to_LFoot,ry,0.027864212312510107,0.00425529222741807,-0.023608920085092036,0.2723083440350071,0.23158115084872666
671_T1_vs_T2,longitudinal,2,LShin_to_LFoot_rz,LShin_to_LFoot,rz,0.0063208436022036685,0.003159622265056108,-0.0031612213371475604,0.2723083440350071,0.23158115084872666
671_T1_vs_T2,longitudinal,2,LShoulder_to_LUArm_rx,LShoulder_to_LUArm,rx,0.2947121949665738,0.4254419569584375,0.1307297619918637,0.2723083440350071,0.23158115084872666
671_T1_vs_T2,longitudinal,2,LShoulder_to_LUArm_ry,LShoulder_to_LUArm,ry,0.09341123778252954,0.023069412963203424,-0.0703418248193261,0.2723083440350071,0.23158115084872666
671_T1_vs_T2,longitudinal,2,LShoulder_to_LUArm_rz,LShoulder_to_LUArm,rz,0.19475703246790912,0.2097142174659006,0.01495718499799148,0.2723083440350071,0.23158115084872666
671_T1_vs_T2,longitudinal,2,LThigh_to_LShin_rx,LThigh_to_LShin,rx,0.0011724603048009858,0.0072699323254112784,0.006097472020610293,0.2723083440350071,0.23158115084872666
671_T1_vs_T2,longitudinal,2,LThigh_to_LShin_ry,LThigh_to_LShin,ry,2.6596158127764997e-09,1.2276129596222253e-08,9.616513783445753e-09,0.2723083440350071,0.23158115084872666
671_T1_vs_T2,longitudinal,2,LThigh_to_LShin_rz,LThigh_to_LShin,rz,4.6372954664078424e-09,1.8941163887164746e-08,1.4303868420756904e-08,0.2723083440350071,0.23158115084872666
671_T1_vs_T2,longitudinal,2,LUArm_to_LFArm_rx,LUArm_to_LFArm,rx,0.21988956936255755,0.28871411847135325,0.06882454910879571,0.2723083440350071,0.23158115084872666
671_T1_vs_T2,longitudinal,2,LUArm_to_LFArm_ry,LUArm_to_LFArm,ry,0.4673672523697764,0.03932345286766149,-0.4280437995021149,0.2723083440350071,0.23158115084872666
671_T1_vs_T2,longitudinal,2,LUArm_to_LFArm_rz,LUArm_to_LFArm,rz,0.09878480342923,0.24373136236963,0.14494655894039998,0.2723083440350071,0.23158115084872666
671_T1_vs_T2,longitudinal,2,Neck_to_Head_rx,Neck_to_Head,rx,0.018369705422443212,0.013400255897742026,-0.004969449524701186,0.2723083440350071,0.23158115084872666
671_T1_vs_T2,longitudinal,2,Neck_to_Head_ry,Neck_to_Head,ry,0.01473548734477061,0.004301791982431096,-0.010433695362339514,0.2723083440350071,0.23158115084872666
671_T1_vs_T2,longitudinal,2,Neck_to_Head_rz,Neck_to_Head,rz,0.017585417877319,0.005675613386623111,-0.01190980449069589,0.2723083440350071,0.23158115084872666
671_T1_vs_T2,longitudinal,2,RFArm_to_RHand_rx,RFArm_to_RHand,rx,0.04453812399224029,0.12343047503706542,0.07889235104482513,0.2723083440350071,0.23158115084872666
671_T1_vs_T2,longitudinal,2,RFArm_to_RHand_ry,RFArm_to_RHand,ry,0.10605231482712744,0.0705659951754952,-0.03548631965163225,0.2723083440350071,0.23158115084872666
671_T1_vs_T2,longitudinal,2,RFArm_to_RHand_rz,RFArm_to_RHand,rz,0.13406817255620748,0.17620660646275887,0.04213843390655139,0.2723083440350071,0.23158115084872666
671_T1_vs_T2,longitudinal,2,RShin_to_RFoot_rx,RShin_to_RFoot,rx,0.003399811705308792,0.004322152984932135,0.0009223412796233433,0.2723083440350071,0.23158115084872666
671_T1_vs_T2,longitudinal,2,RShin_to_RFoot_ry,RShin_to_RFoot,ry,0.034469665116664154,0.001978558262570125,-0.03249110685409403,0.2723083440350071,0.23158115084872666
671_T1_vs_T2,longitudinal,2,RShin_to_RFoot_rz,RShin_to_RFoot,rz,0.006360772974259835,0.0024881940076454485,-0.0038725789666143864,0.2723083440350071,0.23158115084872666
671_T1_vs_T2,longitudinal,2,RShoulder_to_RUArm_rx,RShoulder_to_RUArm,rx,0.2640096509996284,0.12909879291625465,-0.13491085808337377,0.2723083440350071,0.23158115084872666
671_T1_vs_T2,longitudinal,2,RShoulder_to_RUArm_ry,RShoulder_to_RUArm,ry,0.07395331579830149,0.053993617531924595,-0.01995969826637689,0.2723083440350071,0.23158115084872666
671_T1_vs_T2,longitudinal,2,RShoulder_to_RUArm_rz,RShoulder_to_RUArm,rz,0.1243463077474168,0.04593193425405099,-0.0784143734933658,0.2723083440350071,0.23158115084872666
671_T1_vs_T2,longitudinal,2,RThigh_to_RShin_rx,RThigh_to_RShin,rx,0.004939107591544155,0.006533642490605698,0.001594534899061543,0.2723083440350071,0.23158115084872666
671_T1_vs_T2,longitudinal,2,RThigh_to_RShin_ry,RThigh_to_RShin,ry,1.8028292335376013e-08,3.5205608961623024e-08,1.717731662624701e-08,0.2723083440350071,0.23158115084872666
671_T1_vs_T2,longitudinal,2,RThigh_to_RShin_rz,RThigh_to_RShin,rz,9.701900845001366e-09,7.344967277721403e-09,-2.356933567279963e-09,0.2723083440350071,0.23158115084872666
671_T1_vs_T2,longitudinal,2,RUArm_to_RFArm_rx,RUArm_to_RFArm,rx,0.07902385398597649,0.06401686400039479,-0.015006989985581698,0.2723083440350071,0.23158115084872666
671_T1_vs_T2,longitudinal,2,RUArm_to_RFArm_ry,RUArm_to_RFArm,ry,0.26135828554619933,0.32248290855840656,0.061124623012207224,0.2723083440350071,0.23158115084872666
671_T1_vs_T2,longitudinal,2,RUArm_to_RFArm_rz,RUArm_to_RFArm,rz,0.015562437330259278,0.012551573411516592,-0.003010863918742687,0.2723083440350071,0.23158115084872666
671_T1_vs_T2,longitudinal,3,Chest_to_LShoulder_rx,Chest_to_LShoulder,rx,0.05502147779670221,0.00806069453713824,-0.046960783259563973,0.12143848986695326,0.17056522803739552
671_T1_vs_T2,longitudinal,3,Chest_to_LShoulder_ry,Chest_to_LShoulder,ry,0.012450550348008642,0.010704427055194136,-0.0017461232928145057,0.12143848986695326,0.17056522803739552
671_T1_vs_T2,longitudinal,3,Chest_to_LShoulder_rz,Chest_to_LShoulder,rz,0.03818443625403322,0.011490079623645713,-0.02669435663038751,0.12143848986695326,0.17056522803739552
671_T1_vs_T2,longitudinal,3,Chest_to_Neck_rx,Chest_to_Neck,rx,0.00265455095133444,0.0007942477221041257,-0.0018603032292303142,0.12143848986695326,0.17056522803739552
671_T1_vs_T2,longitudinal,3,Chest_to_Neck_ry,Chest_to_Neck,ry,0.010610540442689295,0.007157762047540388,-0.0034527783951489067,0.12143848986695326,0.17056522803739552
671_T1_vs_T2,longitudinal,3,Chest_to_Neck_rz,Chest_to_Neck,rz,0.00876510549802265,0.011066329056372634,0.002301223558349984,0.12143848986695326,0.17056522803739552
671_T1_vs_T2,longitudinal,3,Chest_to_RShoulder_rx,Chest_to_RShoulder,rx,0.00731600845292446,0.027464558754180912,0.02014855030125645,0.12143848986695326,0.17056522803739552
671_T1_vs_T2,longitudinal,3,Chest_to_RShoulder_ry,Chest_to_RShoulder,ry,0.02347256168327677,0.01985967075401259,-0.00361289092926418,0.12143848986695326,0.17056522803739552
671_T1_vs_T2,longitudinal,3,Chest_to_RShoulder_rz,Chest_to_RShoulder,rz,0.01459417794678627,0.11666318905019181,0.10206901110340554,0.12143848986695326,0.17056522803739552
671_T1_vs_T2,longitudinal,3,LFArm_to_LHand_rx,LFArm_to_LHand,rx,0.1440658082358547,0.10280701365064539,-0.0412587945852093,0.12143848986695326,0.17056522803739552
671_T1_vs_T2,longitudinal,3,LFArm_to_LHand_ry,LFArm_to_LHand,ry,0.01901155375138414,0.15096203296902955,0.1319504792176454,0.12143848986695326,0.17056522803739552
671_T1_vs_T2,longitudinal,3,LFArm_to_LHand_rz,LFArm_to_LHand,rz,0.39878250900295403,0.209914145709182,-0.18886836329377205,0.12143848986695326,0.17056522803739552
671_T1_vs_T2,longitudinal,3,LShin_to_LFoot_rx,LShin_to_LFoot,rx,0.005467194555708084,0.018987749629216743,0.01352055507350866,0.12143848986695326,0.17056522803739552
671_T1_vs_T2,longitudinal,3,LShin_to_LFoot_ry,LShin_to_LFoot,ry,0.010489030678587337,0.03370336794959777,0.023214337271010438,0.12143848986695326,0.17056522803739552
671_T1_vs_T2,longitudinal,3,LShin_to_LFoot_rz,LShin_to_LFoot,rz,0.014058899790133948,0.03353231488504362,0.019473415094909675,0.12143848986695326,0.17056522803739552
671_T1_vs_T2,longitudinal,3,LShoulder_to_LUArm_rx,LShoulder_to_LUArm,rx,0.299018308082059,0.02272060575032856,-0.2762977023317304,0.12143848986695326,0.17056522803739552
671_T1_vs_T2,longitudinal,3,LShoulder_to_LUArm_ry,LShoulder_to_LUArm,ry,0.08722390396990187,0.05735154543982865,-0.029872358530073223,0.12143848986695326,0.17056522803739552
671_T1_vs_T2,longitudinal,3,LShoulder_to_LUArm_rz,LShoulder_to_LUArm,rz,0.09992105483096347,0.0059694642135617254,-0.09395159061740174,0.12143848986695326,0.17056522803739552
671_T1_vs_T2,longitudinal,3,LThigh_to_LShin_rx,LThigh_to_LShin,rx,0.004374004773312395,0.0033608020540172702,-0.0010132027192951247,0.12143848986695326,0.17056522803739552
671_T1_vs_T2,longitudinal,3,LThigh_to_LShin_ry,LThigh_to_LShin,ry,1.6065047239871367e-08,4.933910592795684e-08,3.327405868808548e-08,0.12143848986695326,0.17056522803739552
671_T1_vs_T2,longitudinal,3,LThigh_to_LShin_rz,LThigh_to_LShin,rz,1.842861270077886e-08,3.977410125398986e-08,2.1345488553211002e-08,0.12143848986695326,0.17056522803739552
671_T1_vs_T2,longitudinal,3,LUArm_to_LFArm_rx,LUArm_to_LFArm,rx,0.15003580140561446,0.14280958665001345,-0.007226214755601007,0.12143848986695326,0.17056522803739552
671_T1_vs_T2,longitudinal,3,LUArm_to_LFArm_ry,LUArm_to_LFArm,ry,0.41197189851903865,0.15732336154494905,-0.2546485369740896,0.12143848986695326,0.17056522803739552
671_T1_vs_T2,longitudinal,3,LUArm_to_LFArm_rz,LUArm_to_LFArm,rz,0.1931868992536994,0.1836804263701914,-0.009506472883507977,0.12143848986695326,0.17056522803739552
671_T1_vs_T2,longitudinal,3,Neck_to_Head_rx,Neck_to_Head,rx,0.002654623319130761,0.0007941659080416156,-0.0018604574110891452,0.12143848986695326,0.17056522803739552
671_T1_vs_T2,longitudinal,3,Neck_to_Head_ry,Neck_to_Head,ry,0.0106105830484615,0.007157796032025576,-0.0034527870164359244,0.12143848986695326,0.17056522803739552
671_T1_vs_T2,longitudinal,3,Neck_to_Head_rz,Neck_to_Head,rz,0.008765085457962715,0.011066392310010666,0.0023013068520479508,0.12143848986695326,0.17056522803739552
671_T1_vs_T2,longitudinal,3,RFArm_to_RHand_rx,RFArm_to_RHand,rx,0.20489932698546312,0.25456023400383065,0.049660907018367534,0.12143848986695326,0.17056522803739552
671_T1_vs_T2,longitudinal,3,RFArm_to_RHand_ry,RFArm_to_RHand,ry,0.15142665643924863,0.10086358054978481,-0.05056307588946382,0.12143848986695326,0.17056522803739552
671_T1_vs_T2,longitudinal,3,RFArm_to_RHand_rz,RFArm_to_RHand,rz,0.13653111369784757,0.5431592902635884,0.4066281765657409,0.12143848986695326,0.17056522803739552
671_T1_vs_T2,longitudinal,3,RShin_to_RFoot_rx,RShin_to_RFoot,rx,0.020349806151882064,0.018916969138375275,-0.0014328370135067887,0.12143848986695326,0.17056522803739552
671_T1_vs_T2,longitudinal,3,RShin_to_RFoot_ry,RShin_to_RFoot,ry,0.024675529509682003,0.012326201935748958,-0.012349327573933045,0.12143848986695326,0.17056522803739552
671_T1_vs_T2,longitudinal,3,RShin_to_RFoot_rz,RShin_to_RFoot,rz,0.013586444807183035,0.013338311282017245,-0.0002481335251657904,0.12143848986695326,0.17056522803739552
671_T1_vs_T2,longitudinal,3,RShoulder_to_RUArm_rx,RShoulder_to_RUArm,rx,0.0538142407303977,0.24762571703426134,0.19381147630386364,0.12143848986695326,0.17056522803739552
671_T1_vs_T2,longitudinal,3,RShoulder_to_RUArm_ry,RShoulder_to_RUArm,ry,0.11823649079999528,0.06284266857638336,-0.055393822223611916,0.12143848986695326,0.17056522803739552
671_T1_vs_T2,longitudinal,3,RShoulder_to_RUArm_rz,RShoulder_to_RUArm,rz,0.03481108837514144,0.24521105543324018,0.21039996705809874,0.12143848986695326,0.17056522803739552
671_T1_vs_T2,longitudinal,3,RThigh_to_RShin_rx,RThigh_to_RShin,rx,0.00533026165106127,0.018888336598917227,0.013558074947855957,0.12143848986695326,0.17056522803739552
671_T1_vs_T2,longitudinal,3,RThigh_to_RShin_ry,RThigh_to_RShin,ry,2.1367455764191062e-08,1.2929196371770813e-08,-8.438259392420249e-09,0.12143848986695326,0.17056522803739552
671_T1_vs_T2,longitudinal,3,RThigh_to_RShin_rz,RThigh_to_RShin,rz,5.6750918998566794e-08,1.3040612983720996e-08,-4.37103060148458e-08,0.12143848986695326,0.17056522803739552
671_T1_vs_T2,longitudinal,3,RUArm_to_RFArm_rx,RUArm_to_RFArm,rx,0.14859752944984347,0.2720637253421003,0.12346619589225685,0.12143848986695326,0.17056522803739552
671_T1_vs_T2,longitudinal,3,RUArm_to_RFArm_ry,RUArm_to_RFArm,ry,0.5933126807559811,0.3815343452575681,-0.21177833549841302,0.12143848986695326,0.17056522803739552
671_T1_vs_T2,longitudinal,3,RUArm_to_RFArm_rz,RUArm_to_RFArm,rz,0.010598699873075407,0.3252336155276718,0.31463491565459645,0.12143848986695326,0.17056522803739552
671_T1_vs_T2,longitudinal,4,Chest_to_LShoulder_rx,Chest_to_LShoulder,rx,0.010397497951530226,0.001837871396190862,-0.008559626555339364,0.10547172780645109,0.0808064302641695
671_T1_vs_T2,longitudinal,4,Chest_to_LShoulder_ry,Chest_to_LShoulder,ry,0.016262200724537396,0.006475894822948042,-0.009786305901589354,0.10547172780645109,0.0808064302641695
671_T1_vs_T2,longitudinal,4,Chest_to_LShoulder_rz,Chest_to_LShoulder,rz,0.0006403398366335794,0.022079237155785327,0.02143889731915175,0.10547172780645109,0.0808064302641695
671_T1_vs_T2,longitudinal,4,Chest_to_Neck_rx,Chest_to_Neck,rx,0.008919922232624873,0.013517574140697389,0.004597651908072516,0.10547172780645109,0.0808064302641695
671_T1_vs_T2,longitudinal,4,Chest_to_Neck_ry,Chest_to_Neck,ry,0.013992408115738143,0.024003843405306115,0.010011435289567973,0.10547172780645109,0.0808064302641695
671_T1_vs_T2,longitudinal,4,Chest_to_Neck_rz,Chest_to_Neck,rz,0.004371871644760053,0.017510616981256746,0.013138745336496692,0.10547172780645109,0.0808064302641695
671_T1_vs_T2,longitudinal,4,Chest_to_RShoulder_rx,Chest_to_RShoulder,rx,0.0160901381137524,0.0005366866622724095,-0.01555345145147999,0.10547172780645109,0.0808064302641695
671_T1_vs_T2,longitudinal,4,Chest_to_RShoulder_ry,Chest_to_RShoulder,ry,0.012304884477489002,0.012964155494405327,0.0006592710169163254,0.10547172780645109,0.0808064302641695
671_T1_vs_T2,longitudinal,4,Chest_to_RShoulder_rz,Chest_to_RShoulder,rz,0.12167254655878079,0.00031920251219530476,-0.12135334404658549,0.10547172780645109,0.0808064302641695
671_T1_vs_T2,longitudinal,4,LFArm_to_LHand_rx,LFArm_to_LHand,rx,0.21565593644765682,0.29777834702020417,0.08212241057254735,0.10547172780645109,0.0808064302641695
671_T1_vs_T2,longitudinal,4,LFArm_to_LHand_ry,LFArm_to_LHand,ry,0.13760283874089574,0.1109006267474935,-0.02670221199340224,0.10547172780645109,0.0808064302641695
671_T1_vs_T2,longitudinal,4,LFArm_to_LHand_rz,LFArm_to_LHand,rz,0.08275665746760442,0.2359272186478585,0.15317056118025407,0.10547172780645109,0.0808064302641695
671_T1_vs_T2,longitudinal,4,LShin_to_LFoot_rx,LShin_to_LFoot,rx,0.004490318042821979,0.005564710055879418,0.0010743920130574392,0.10547172780645109,0.0808064302641695
671_T1_vs_T2,longitudinal,4,LShin_to_LFoot_ry,LShin_to_LFoot,ry,0.02587184652063816,0.021618171893885575,-0.004253674626752586,0.10547172780645109,0.0808064302641695
671_T1_vs_T2,longitudinal,4,LShin_to_LFoot_rz,LShin_to_LFoot,rz,0.016636417423051105,0.0031361235666599965,-0.013500293856391109,0.10547172780645109,0.0808064302641695
671_T1_vs_T2,longitudinal,4,LShoulder_to_LUArm_rx,LShoulder_to_LUArm,rx,0.04048042733164519,0.08632301449993247,0.045842587168287284,0.10547172780645109,0.0808064302641695
671_T1_vs_T2,longitudinal,4,LShoulder_to_LUArm_ry,LShoulder_to_LUArm,ry,0.021215947363613714,0.046792934266602276,0.025576986902988562,0.10547172780645109,0.0808064302641695
671_T1_vs_T2,longitudinal,4,LShoulder_to_LUArm_rz,LShoulder_to_LUArm,rz,0.031175051249548568,0.09176665659712539,0.06059160534757682,0.10547172780645109,0.0808064302641695
671_T1_vs_T2,longitudinal,4,LThigh_to_LShin_rx,LThigh_to_LShin,rx,0.0035755872521280613,0.006783258777674641,0.00320767152554658,0.10547172780645109,0.0808064302641695
671_T1_vs_T2,longitudinal,4,LThigh_to_LShin_ry,LThigh_to_LShin,ry,5.880054186351027e-08,2.17833714083397e-08,-3.7017170455170566e-08,0.10547172780645109,0.0808064302641695
671_T1_vs_T2,longitudinal,4,LThigh_to_LShin_rz,LThigh_to_LShin,rz,2.8485107998796904e-08,5.206492816033226e-09,-2.3278615182763676e-08,0.10547172780645109,0.0808064302641695
671_T1_vs_T2,longitudinal,4,LUArm_to_LFArm_rx,LUArm_to_LFArm,rx,0.025478887392274496,0.0049235034028380096,-0.020555383989436488,0.10547172780645109,0.0808064302641695
671_T1_vs_T2,longitudinal,4,LUArm_to_LFArm_ry,LUArm_to_LFArm,ry,0.4083648115131053,0.5108598062896822,0.10249499477657692,0.10547172780645109,0.0808064302641695
671_T1_vs_T2,longitudinal,4,LUArm_to_LFArm_rz,LUArm_to_LFArm,rz,0.026748314421771915,0.10555942167930307,0.07881110725753115,0.10547172780645109,0.0808064302641695
671_T1_vs_T2,longitudinal,4,Neck_to_Head_rx,Neck_to_Head,rx,0.008919859171024282,0.013517621088907987,0.004597761917883705,0.10547172780645109,0.0808064302641695
671_T1_vs_T2,longitudinal,4,Neck_to_Head_ry,Neck_to_Head,ry,0.01399242417463719,0.024003853452160894,0.010011429277523704,0.10547172780645109,0.0808064302641695
671_T1_vs_T2,longitudinal,4,Neck_to_Head_rz,Neck_to_Head,rz,0.004371969361191599,0.01751052861079163,0.013138559249600031,0.10547172780645109,0.0808064302641695
671_T1_vs_T2,longitudinal,4,RFArm_to_RHand_rx,RFArm_to_RHand,rx,0.17684820808979107,0.1828899124446888,0.006041704354897731,0.10547172780645109,0.0808064302641695
671_T1_vs_T2,longitudinal,4,RFArm_to_RHand_ry,RFArm_to_RHand,ry,0.03726368891581067,0.09947903817994833,0.06221534926413766,0.10547172780645109,0.0808064302641695
671_T1_vs_T2,longitudinal,4,RFArm_to_RHand_rz,RFArm_to_RHand,rz,0.5135072570974326,0.16882261292403225,-0.3446846441734004,0.10547172780645109,0.0808064302641695
671_T1_vs_T2,longitudinal,4,RShin_to_RFoot_rx,RShin_to_RFoot,rx,0.009869951048976838,0.012740908158126691,0.0028709571091498527,0.10547172780645109,0.0808064302641695
671_T1_vs_T2,longitudinal,4,RShin_to_RFoot_ry,RShin_to_RFoot,ry,0.005258763691518897,0.019852360629853363,0.014593596938334466,0.10547172780645109,0.0808064302641695
671_T1_vs_T2,longitudinal,4,RShin_to_RFoot_rz,RShin_to_RFoot,rz,0.0032788376165409244,0.0016391267946684884,-0.001639710821872436,0.10547172780645109,0.0808064302641695
671_T1_vs_T2,longitudinal,4,RShoulder_to_RUArm_rx,RShoulder_to_RUArm,rx,0.21692762017553113,0.011087510940429939,-0.20584010923510118,0.10547172780645109,0.0808064302641695
671_T1_vs_T2,longitudinal,4,RShoulder_to_RUArm_ry,RShoulder_to_RUArm,ry,0.022893523040208988,0.0498022851819212,0.026908762141712214,0.10547172780645109,0.0808064302641695
671_T1_vs_T2,longitudinal,4,RShoulder_to_RUArm_rz,RShoulder_to_RUArm,rz,0.23994365207392385,0.02624269712459948,-0.21370095494932437,0.10547172780645109,0.0808064302641695
671_T1_vs_T2,longitudinal,4,RThigh_to_RShin_rx,RThigh_to_RShin,rx,0.013271433948457418,0.013623523198102257,0.0003520892496448394,0.10547172780645109,0.0808064302641695
671_T1_vs_T2,longitudinal,4,RThigh_to_RShin_ry,RThigh_to_RShin,ry,7.0226725000656865e-09,9.82770975535194e-10,-6.0399015245304926e-09,0.10547172780645109,0.0808064302641695
671_T1_vs_T2,longitudinal,4,RThigh_to_RShin_rz,RThigh_to_RShin,rz,4.6033330599682444e-08,8.856964141695003e-09,-3.717636645798744e-08,0.10547172780645109,0.0808064302641695
671_T1_vs_T2,longitudinal,4,RUArm_to_RFArm_rx,RUArm_to_RFArm,rx,0.18661104834220293,0.07465113154612883,-0.1119599167960741,0.10547172780645109,0.0808064302641695
671_T1_vs_T2,longitudinal,4,RUArm_to_RFArm_ry,RUArm_to_RFArm,ry,0.49260117388084845,0.6811134760775261,0.1885123021966777,0.10547172780645109,0.0808064302641695
671_T1_vs_T2,longitudinal,4,RUArm_to_RFArm_rz,RUArm_to_RFArm,rz,0.24508549884734895,0.06635500417966891,-0.17873049466768004,0.10547172780645109,0.0808064302641695
671_T1_vs_T2,longitudinal,5,Chest_to_LShoulder_rx,Chest_to_LShoulder,rx,0.0014460052683877762,0.047294011949773423,0.045848006681385646,0.07951249480495831,0.04110897237816896
671_T1_vs_T2,longitudinal,5,Chest_to_LShoulder_ry,Chest_to_LShoulder,ry,0.001918448580015274,0.009847569971530325,0.007929121391515052,0.07951249480495831,0.04110897237816896
671_T1_vs_T2,longitudinal,5,Chest_to_LShoulder_rz,Chest_to_LShoulder,rz,0.02801092221107068,0.008151082343326257,-0.019859839867744422,0.07951249480495831,0.04110897237816896
671_T1_vs_T2,longitudinal,5,Chest_to_Neck_rx,Chest_to_Neck,rx,0.00018164762272271335,0.006714911289281518,0.006533263666558804,0.07951249480495831,0.04110897237816896
671_T1_vs_T2,longitudinal,5,Chest_to_Neck_ry,Chest_to_Neck,ry,0.014399089578369478,0.0010435675958037557,-0.013355521982565722,0.07951249480495831,0.04110897237816896
671_T1_vs_T2,longitudinal,5,Chest_to_Neck_rz,Chest_to_Neck,rz,0.008171400410509367,0.004492037619456497,-0.0036793627910528693,0.07951249480495831,0.04110897237816896
671_T1_vs_T2,longitudinal,5,Chest_to_RShoulder_rx,Chest_to_RShoulder,rx,0.009288825582948947,0.017765287301565926,0.00847646171861698,0.07951249480495831,0.04110897237816896
671_T1_vs_T2,longitudinal,5,Chest_to_RShoulder_ry,Chest_to_RShoulder,ry,0.019710747445159504,0.019082557878892698,-0.0006281895662668055,0.07951249480495831,0.04110897237816896
671_T1_vs_T2,longitudinal,5,Chest_to_RShoulder_rz,Chest_to_RShoulder,rz,0.07009484895235647,0.03962662832441001,-0.030468220627946463,0.07951249480495831,0.04110897237816896
671_T1_vs_T2,longitudinal,5,LFArm_to_LHand_rx,LFArm_to_LHand,rx,0.10615341503548589,0.04873516827735898,-0.057418246758126915,0.07951249480495831,0.04110897237816896
671_T1_vs_T2,longitudinal,5,LFArm_to_LHand_ry,LFArm_to_LHand,ry,0.30597768379987883,0.03660801446021243,-0.2693696693396664,0.07951249480495831,0.04110897237816896
671_T1_vs_T2,longitudinal,5,LFArm_to_LHand_rz,LFArm_to_LHand,rz,0.3629081113805256,0.17828611610986206,-0.18462199527066353,0.07951249480495831,0.04110897237816896
671_T1_vs_T2,longitudinal,5,LShin_to_LFoot_rx,LShin_to_LFoot,rx,0.033038138396684645,0.009578809903902944,-0.0234593284927817,0.07951249480495831,0.04110897237816896
671_T1_vs_T2,longitudinal,5,LShin_to_LFoot_ry,LShin_to_LFoot,ry,0.09691408842302518,0.010190447069123766,-0.08672364135390141,0.07951249480495831,0.04110897237816896
671_T1_vs_T2,longitudinal,5,LShin_to_LFoot_rz,LShin_to_LFoot,rz,0.043625009990346054,0.015967042329033322,-0.027657967661312732,0.07951249480495831,0.04110897237816896
671_T1_vs_T2,longitudinal,5,LShoulder_to_LUArm_rx,LShoulder_to_LUArm,rx,0.07331025914404303,0.18375982894616294,0.11044956980211991,0.07951249480495831,0.04110897237816896
671_T1_vs_T2,longitudinal,5,LShoulder_to_LUArm_ry,LShoulder_to_LUArm,ry,0.03339024463087911,0.11972565047959427,0.08633540584871516,0.07951249480495831,0.04110897237816896
671_T1_vs_T2,longitudinal,5,LShoulder_to_LUArm_rz,LShoulder_to_LUArm,rz,0.02213268675165906,0.015559356383723924,-0.006573330367935136,0.07951249480495831,0.04110897237816896
671_T1_vs_T2,longitudinal,5,LThigh_to_LShin_rx,LThigh_to_LShin,rx,0.005485239017940298,0.0065095719646964334,0.0010243329467561355,0.07951249480495831,0.04110897237816896
671_T1_vs_T2,longitudinal,5,LThigh_to_LShin_ry,LThigh_to_LShin,ry,2.3102424971218757e-08,3.18483907533418e-08,8.745965782123042e-09,0.07951249480495831,0.04110897237816896
671_T1_vs_T2,longitudinal,5,LThigh_to_LShin_rz,LThigh_to_LShin,rz,2.1870610493474284e-08,8.932299442558336e-09,-1.2938311050915948e-08,0.07951249480495831,0.04110897237816896
671_T1_vs_T2,longitudinal,5,LUArm_to_LFArm_rx,LUArm_to_LFArm,rx,0.2749623483792035,0.11898628200925462,-0.1559760663699489,0.07951249480495831,0.04110897237816896
671_T1_vs_T2,longitudinal,5,LUArm_to_LFArm_ry,LUArm_to_LFArm,ry,0.29641436994535325,0.7320427439728532,0.43562837402749993,0.07951249480495831,0.04110897237816896
671_T1_vs_T2,longitudinal,5,LUArm_to_LFArm_rz,LUArm_to_LFArm,rz,0.3047554772492342,0.2219077911118381,-0.0828476861373961,0.07951249480495831,0.04110897237816896
671_T1_vs_T2,longitudinal,5,Neck_to_Head_rx,Neck_to_Head,rx,0.00018158990109154802,0.006714840370042351,0.006533250468950803,0.07951249480495831,0.04110897237816896
671_T1_vs_T2,longitudinal,5,Neck_to_Head_ry,Neck_to_Head,ry,0.014399104598358742,0.0010436078530065805,-0.013355496745352162,0.07951249480495831,0.04110897237816896
671_T1_vs_T2,longitudinal,5,Neck_to_Head_rz,Neck_to_Head,rz,0.008171377618955023,0.004492062008422818,-0.0036793156105322054,0.07951249480495831,0.04110897237816896
671_T1_vs_T2,longitudinal,5,RFArm_to_RHand_rx,RFArm_to_RHand,rx,0.1591476158669391,0.20727941169051736,0.048131795823578266,0.07951249480495831,0.04110897237816896
671_T1_vs_T2,longitudinal,5,RFArm_to_RHand_ry,RFArm_to_RHand,ry,0.2663684750732777,0.1170214275358468,-0.14934704753743092,0.07951249480495831,0.04110897237816896
671_T1_vs_T2,longitudinal,5,RFArm_to_RHand_rz,RFArm_to_RHand,rz,0.22608521324335504,0.2859417240391191,0.05985651079576407,0.07951249480495831,0.04110897237816896
671_T1_vs_T2,longitudinal,5,RShin_to_RFoot_rx,RShin_to_RFoot,rx,0.028985746167515158,0.019538319108498955,-0.009447427059016203,0.07951249480495831,0.04110897237816896
671_T1_vs_T2,longitudinal,5,RShin_to_RFoot_ry,RShin_to_RFoot,ry,0.02564483612935174,0.030073001784734404,0.004428165655382666,0.07951249480495831,0.04110897237816896
671_T1_vs_T2,longitudinal,5,RShin_to_RFoot_rz,RShin_to_RFoot,rz,0.018357645817279458,0.015747870445072372,-0.0026097753722070863,0.07951249480495831,0.04110897237816896
671_T1_vs_T2,longitudinal,5,RShoulder_to_RUArm_rx,RShoulder_to_RUArm,rx,0.12737338092794312,0.019648931797046867,-0.10772444913089625,0.07951249480495831,0.04110897237816896
671_T1_vs_T2,longitudinal,5,RShoulder_to_RUArm_ry,RShoulder_to_RUArm,ry,0.056271462283595,0.12152449322437328,0.06525303094077828,0.07951249480495831,0.04110897237816896
671_T1_vs_T2,longitudinal,5,RShoulder_to_RUArm_rz,RShoulder_to_RUArm,rz,0.18638704213465787,0.04972363127771124,-0.13666341085694664,0.07951249480495831,0.04110897237816896
671_T1_vs_T2,longitudinal,5,RThigh_to_RShin_rx,RThigh_to_RShin,rx,0.04238643647600046,0.005147136938318516,-0.037239299537681944,0.07951249480495831,0.04110897237816896
671_T1_vs_T2,longitudinal,5,RThigh_to_RShin_ry,RThigh_to_RShin,ry,2.7545150889945735e-09,1.1501094302094976e-08,8.746579213100402e-09,0.07951249480495831,0.04110897237816896
671_T1_vs_T2,longitudinal,5,RThigh_to_RShin_rz,RThigh_to_RShin,rz,2.6771834978322792e-08,7.455752446598974e-08,4.778568948766695e-08,0.07951249480495831,0.04110897237816896
671_T1_vs_T2,longitudinal,5,RUArm_to_RFArm_rx,RUArm_to_RFArm,rx,0.35704813674466446,0.1449092150145928,-0.21213892173007165,0.07951249480495831,0.04110897237816896
671_T1_vs_T2,longitudinal,5,RUArm_to_RFArm_ry,RUArm_to_RFArm,ry,0.03559965811240775,0.36430156516913825,0.3287019070567305,0.07951249480495831,0.04110897237816896
671_T1_vs_T2,longitudinal,5,RUArm_to_RFArm_rz,RUArm_to_RFArm,rz,0.3834511180601721,0.016386956787508816,-0.3670641612726633,0.07951249480495831,0.04110897237816896
671_T1_vs_T3,longitudinal,1,Chest_to_LShoulder_rx,Chest_to_LShoulder,rx,0.037103633625574575,0.034643369255215314,-0.002460264370359261,0.2963834859577655,0.3799079796487596
671_T1_vs_T3,longitudinal,1,Chest_to_LShoulder_ry,Chest_to_LShoulder,ry,0.021769434512908883,0.03653231670617205,0.014762882193263164,0.2963834859577655,0.3799079796487596
671_T1_vs_T3,longitudinal,1,Chest_to_LShoulder_rz,Chest_to_LShoulder,rz,0.038433202641247534,0.0803456734066803,0.04191247076543277,0.2963834859577655,0.3799079796487596
671_T1_vs_T3,longitudinal,1,Chest_to_Neck_rx,Chest_to_Neck,rx,0.0028387664812199514,0.016448171551962057,0.013609405070742105,0.2963834859577655,0.3799079796487596
671_T1_vs_T3,longitudinal,1,Chest_to_Neck_ry,Chest_to_Neck,ry,0.016050427574452075,0.009806929289765003,-0.006243498284687073,0.2963834859577655,0.3799079796487596
671_T1_vs_T3,longitudinal,1,Chest_to_Neck_rz,Chest_to_Neck,rz,0.017518967547560292,0.011110558792098992,-0.0064084087554613,0.2963834859577655,0.3799079796487596
671_T1_vs_T3,longitudinal,1,Chest_to_RShoulder_rx,Chest_to_RShoulder,rx,0.017875831803801197,0.06047424958442357,0.04259841778062237,0.2963834859577655,0.3799079796487596
671_T1_vs_T3,longitudinal,1,Chest_to_RShoulder_ry,Chest_to_RShoulder,ry,0.0013123704513648062,0.0014352588809048395,0.00012288842954003335,0.2963834859577655,0.3799079796487596
671_T1_vs_T3,longitudinal,1,Chest_to_RShoulder_rz,Chest_to_RShoulder,rz,0.11851443049204308,0.034229958037501874,-0.08428447245454121,0.2963834859577655,0.3799079796487596
671_T1_vs_T3,longitudinal,1,LFArm_to_LHand_rx,LFArm_to_LHand,rx,0.04447400058751934,0.3384677439062235,0.29399374331870415,0.2963834859577655,0.3799079796487596
671_T1_vs_T3,longitudinal,1,LFArm_to_LHand_ry,LFArm_to_LHand,ry,0.0455670124468276,0.19175507651411094,0.14618806406728335,0.2963834859577655,0.3799079796487596
671_T1_vs_T3,longitudinal,1,LFArm_to_LHand_rz,LFArm_to_LHand,rz,0.19262958253715515,0.4818520128479435,0.2892224303107883,0.2963834859577655,0.3799079796487596
671_T1_vs_T3,longitudinal,1,LShin_to_LFoot_rx,LShin_to_LFoot,rx,0.006099657004752964,0.005617729540298189,-0.00048192746445477504,0.2963834859577655,0.3799079796487596
671_T1_vs_T3,longitudinal,1,LShin_to_LFoot_ry,LShin_to_LFoot,ry,0.03571989663456838,0.020486505908397342,-0.015233390726171036,0.2963834859577655,0.3799079796487596
671_T1_vs_T3,longitudinal,1,LShin_to_LFoot_rz,LShin_to_LFoot,rz,0.00044624805308446434,0.0019375798045181206,0.0014913317514336562,0.2963834859577655,0.3799079796487596
671_T1_vs_T3,longitudinal,1,LShoulder_to_LUArm_rx,LShoulder_to_LUArm,rx,0.21391483103780018,0.3537481264728006,0.1398332954350004,0.2963834859577655,0.3799079796487596
671_T1_vs_T3,longitudinal,1,LShoulder_to_LUArm_ry,LShoulder_to_LUArm,ry,0.0556754432390629,0.06311918645083575,0.007443743211772852,0.2963834859577655,0.3799079796487596
671_T1_vs_T3,longitudinal,1,LShoulder_to_LUArm_rz,LShoulder_to_LUArm,rz,0.05752201296401178,0.20433054237438678,0.146808529410375,0.2963834859577655,0.3799079796487596
671_T1_vs_T3,longitudinal,1,LThigh_to_LShin_rx,LThigh_to_LShin,rx,0.009664749471175769,0.004911671504086221,-0.004753077967089548,0.2963834859577655,0.3799079796487596
671_T1_vs_T3,longitudinal,1,LThigh_to_LShin_ry,LThigh_to_LShin,ry,9.105506064069179e-09,3.4427929374576626e-09,-5.662713126611516e-09,0.2963834859577655,0.3799079796487596
671_T1_vs_T3,longitudinal,1,LThigh_to_LShin_rz,LThigh_to_LShin,rz,2.123090160810443e-08,1.4392179464944208e-08,-6.838722143160221e-09,0.2963834859577655,0.3799079796487596
671_T1_vs_T3,longitudinal,1,LUArm_to_LFArm_rx,LUArm_to_LFArm,rx,0.15902435366418038,0.28525179155216945,0.12622743788798907,0.2963834859577655,0.3799079796487596
671_T1_vs_T3,longitudinal,1,LUArm_to_LFArm_ry,LUArm_to_LFArm,ry,0.4249147597943156,0.26261046459438414,-0.16230429519993145,0.2963834859577655,0.3799079796487596
671_T1_vs_T3,longitudinal,1,LUArm_to_LFArm_rz,LUArm_to_LFArm,rz,0.23156576618488148,0.19981452511461517,-0.031751241070266306,0.2963834859577655,0.3799079796487596
671_T1_vs_T3,longitudinal,1,Neck_to_Head_rx,Neck_to_Head,rx,0.0028388192612781604,0.016448150531074117,0.013609331269795957,0.2963834859577655,0.3799079796487596
671_T1_vs_T3,longitudinal,1,Neck_to_Head_ry,Neck_to_Head,ry,0.016050419539458773,0.009806912686378807,-0.006243506853079965,0.2963834859577655,0.3799079796487596
671_T1_vs_T3,longitudinal,1,Neck_to_Head_rz,Neck_to_Head,rz,0.017518918587341205,0.011110557403877308,-0.006408361183463896,0.2963834859577655,0.3799079796487596
671_T1_vs_T3,longitudinal,1,RFArm_to_RHand_rx,RFArm_to_RHand,rx,0.24974118213110705,0.136112717585344,-0.11362846454576306,0.2963834859577655,0.3799079796487596
671_T1_vs_T3,longitudinal,1,RFArm_to_RHand_ry,RFArm_to_RHand,ry,0.05416875782311461,0.13208992772676262,0.077921169903648,0.2963834859577655,0.3799079796487596
671_T1_vs_T3,longitudinal,1,RFArm_to_RHand_rz,RFArm_to_RHand,rz,0.545316752434008,0.05408238587974714,-0.4912343665542609,0.2963834859577655,0.3799079796487596
671_T1_vs_T3,longitudinal,1,RShin_to_RFoot_rx,RShin_to_RFoot,rx,0.00915632558647723,0.003484936027051556,-0.005671389559425673,0.2963834859577655,0.3799079796487596
671_T1_vs_T3,longitudinal,1,RShin_to_RFoot_ry,RShin_to_RFoot,ry,0.03282020288924405,0.02185525802676489,-0.010964944862479162,0.2963834859577655,0.3799079796487596
671_T1_vs_T3,longitudinal,1,RShin_to_RFoot_rz,RShin_to_RFoot,rz,0.00014680990281836894,0.004105198472083693,0.003958388569265324,0.2963834859577655,0.3799079796487596
671_T1_vs_T3,longitudinal,1,RShoulder_to_RUArm_rx,RShoulder_to_RUArm,rx,0.11365932797986407,0.20998726883552518,0.09632794085566111,0.2963834859577655,0.3799079796487596
671_T1_vs_T3,longitudinal,1,RShoulder_to_RUArm_ry,RShoulder_to_RUArm,ry,0.03602708091888902,0.07335660960272146,0.037329528683832436,0.2963834859577655,0.3799079796487596
671_T1_vs_T3,longitudinal,1,RShoulder_to_RUArm_rz,RShoulder_to_RUArm,rz,0.23203188551704598,0.04262558670116602,-0.18940629881587995,0.2963834859577655,0.3799079796487596
671_T1_vs_T3,longitudinal,1,RThigh_to_RShin_rx,RThigh_to_RShin,rx,0.017728997917432203,0.0018227882755968742,-0.01590620964183533,0.2963834859577655,0.3799079796487596
671_T1_vs_T3,longitudinal,1,RThigh_to_RShin_ry,RThigh_to_RShin,ry,2.8244018154547356e-08,2.731562052925058e-08,-9.283976252967757e-10,0.2963834859577655,0.3799079796487596
671_T1_vs_T3,longitudinal,1,RThigh_to_RShin_rz,RThigh_to_RShin,rz,4.4430044936886875e-09,4.674246501127391e-09,2.3124200743870366e-10,0.2963834859577655,0.3799079796487596
671_T1_vs_T3,longitudinal,1,RUArm_to_RFArm_rx,RUArm_to_RFArm,rx,0.08685440073316669,0.12747436591509237,0.04061996518192568,0.2963834859577655,0.3799079796487596
671_T1_vs_T3,longitudinal,1,RUArm_to_RFArm_ry,RUArm_to_RFArm,ry,0.4321674957347953,0.3627819055795304,-0.06938559015526491,0.2963834859577655,0.3799079796487596
671_T1_vs_T3,longitudinal,1,RUArm_to_RFArm_rz,RUArm_to_RFArm,rz,0.021040138529782294,0.03890678025878363,0.017866641729001334,0.2963834859577655,0.3799079796487596
671_T1_vs_T3,longitudinal,2,Chest_to_LShoulder_rx,Chest_to_LShoulder,rx,0.02143064060279829,0.021949670432746135,0.0005190298299478438,0.2723083440350071,0.2860282953857676
671_T1_vs_T3,longitudinal,2,Chest_to_LShoulder_ry,Chest_to_LShoulder,ry,0.030754672859368427,0.009876128879008525,-0.020878543980359904,0.2723083440350071,0.2860282953857676
671_T1_vs_T3,longitudinal,2,Chest_to_LShoulder_rz,Chest_to_LShoulder,rz,0.07240869656920254,0.007530034024605365,-0.06487866254459718,0.2723083440350071,0.2860282953857676
671_T1_vs_T3,longitudinal,2,Chest_to_Neck_rx,Chest_to_Neck,rx,0.018369705255507456,0.009711303539074932,-0.008658401716432524,0.2723083440350071,0.2860282953857676
671_T1_vs_T3,longitudinal,2,Chest_to_Neck_ry,Chest_to_Neck,ry,0.01473551106453453,0.014126512216561334,-0.0006089988479731964,0.2723083440350071,0.2860282953857676
671_T1_vs_T3,longitudinal,2,Chest_to_Neck_rz,Chest_to_Neck,rz,0.01758543315763865,0.016463676128818563,-0.0011217570288200862,0.2723083440350071,0.2860282953857676
671_T1_vs_T3,longitudinal,2,Chest_to_RShoulder_rx,Chest_to_RShoulder,rx,0.05935933820065825,0.006651259879039912,-0.05270807832161834,0.2723083440350071,0.2860282953857676
671_T1_vs_T3,longitudinal,2,Chest_to_RShoulder_ry,Chest_to_RShoulder,ry,0.0005252598969250123,0.004821474417978866,0.004296214521053854,0.2723083440350071,0.2860282953857676
671_T1_vs_T3,longitudinal,2,Chest_to_RShoulder_rz,Chest_to_RShoulder,rz,0.005301679794642266,0.050098080587627915,0.04479640079298565,0.2723083440350071,0.2860282953857676
671_T1_vs_T3,longitudinal,2,LFArm_to_LHand_rx,LFArm_to_LHand,rx,0.36138342266919127,0.14693638265764936,-0.2144470400115419,0.2723083440350071,0.2860282953857676
671_T1_vs_T3,longitudinal,2,LFArm_to_LHand_ry,LFArm_to_LHand,ry,0.19597245258688883,0.014374702002525452,-0.1815977505843634,0.2723083440350071,0.2860282953857676
671_T1_vs_T3,longitudinal,2,LFArm_to_LHand_rz,LFArm_to_LHand,rz,0.45858501936482904,0.16970206152744086,-0.28888295783738815,0.2723083440350071,0.2860282953857676
671_T1_vs_T3,longitudinal,2,LShin_to_LFoot_rx,LShin_to_LFoot,rx,0.0010041394586768981,0.018457828518373322,0.017453689059696423,0.2723083440350071,0.2860282953857676
671_T1_vs_T3,longitudinal,2,LShin_to_LFoot_ry,LShin_to_LFoot,ry,0.027864212312510107,0.0019044808173180857,-0.025959731495192023,0.2723083440350071,0.2860282953857676
671_T1_vs_T3,longitudinal,2,LShin_to_LFoot_rz,LShin_to_LFoot,rz,0.0063208436022036685,0.018837290005419782,0.012516446403216114,0.2723083440350071,0.2860282953857676
671_T1_vs_T3,longitudinal,2,LShoulder_to_LUArm_rx,LShoulder_to_LUArm,rx,0.2947121949665738,0.031684427562604735,-0.26302776740396905,0.2723083440350071,0.2860282953857676
671_T1_vs_T3,longitudinal,2,LShoulder_to_LUArm_ry,LShoulder_to_LUArm,ry,0.09341123778252954,0.08909069490372318,-0.004320542878806358,0.2723083440350071,0.2860282953857676
671_T1_vs_T3,longitudinal,2,LShoulder_to_LUArm_rz,LShoulder_to_LUArm,rz,0.19475703246790912,0.03781466470136618,-0.15694236776654294,0.2723083440350071,0.2860282953857676
671_T1_vs_T3,longitudinal,2,LThigh_to_LShin_rx,LThigh_to_LShin,rx,0.0011724603048009858,0.010179170681597302,0.009006710376796317,0.2723083440350071,0.2860282953857676
671_T1_vs_T3,longitudinal,2,LThigh_to_LShin_ry,LThigh_to_LShin,ry,2.6596158127764997e-09,3.223012566273451e-09,5.633967534969513e-10,0.2723083440350071,0.2860282953857676
671_T1_vs_T3,longitudinal,2,LThigh_to_LShin_rz,LThigh_to_LShin,rz,4.6372954664078424e-09,2.0621593233506887e-08,1.5984297767099045e-08,0.2723083440350071,0.2860282953857676
671_T1_vs_T3,longitudinal,2,LUArm_to_LFArm_rx,LUArm_to_LFArm,rx,0.21988956936255755,0.16711976657626484,-0.0527698027862927,0.2723083440350071,0.2860282953857676
671_T1_vs_T3,longitudinal,2,LUArm_to_LFArm_ry,LUArm_to_LFArm,ry,0.4673672523697764,0.6653836477257642,0.1980163953559878,0.2723083440350071,0.2860282953857676
671_T1_vs_T3,longitudinal,2,LUArm_to_LFArm_rz,LUArm_to_LFArm,rz,0.09878480342923,0.28444230378703433,0.18565750035780432,0.2723083440350071,0.2860282953857676
671_T1_vs_T3,longitudinal,2,Neck_to_Head_rx,Neck_to_Head,rx,0.018369705422443212,0.009711368348215368,-0.008658337074227845,0.2723083440350071,0.2860282953857676
671_T1_vs_T3,longitudinal,2,Neck_to_Head_ry,Neck_to_Head,ry,0.01473548734477061,0.014126495791377843,-0.0006089915533927671,0.2723083440350071,0.2860282953857676
671_T1_vs_T3,longitudinal,2,Neck_to_Head_rz,Neck_to_Head,rz,0.017585417877319,0.01646362678890903,-0.0011217910884099708,0.2723083440350071,0.2860282953857676
671_T1_vs_T3,longitudinal,2,RFArm_to_RHand_rx,RFArm_to_RHand,rx,0.04453812399224029,0.2488658428706189,0.20432771887837858,0.2723083440350071,0.2860282953857676
671_T1_vs_T3,longitudinal,2,RFArm_to_RHand_ry,RFArm_to_RHand,ry,0.10605231482712744,0.13195306259823614,0.025900747771108693,0.2723083440350071,0.2860282953857676
671_T1_vs_T3,longitudinal,2,RFArm_to_RHand_rz,RFArm_to_RHand,rz,0.13406817255620748,0.32851864235780526,0.19445046980159778,0.2723083440350071,0.2860282953857676
671_T1_vs_T3,longitudinal,2,RShin_to_RFoot_rx,RShin_to_RFoot,rx,0.003399811705308792,0.004017851702799899,0.0006180399974911074,0.2723083440350071,0.2860282953857676
671_T1_vs_T3,longitudinal,2,RShin_to_RFoot_ry,RShin_to_RFoot,ry,0.034469665116664154,0.0260800793867884,-0.008389585729875755,0.2723083440350071,0.2860282953857676
671_T1_vs_T3,longitudinal,2,RShin_to_RFoot_rz,RShin_to_RFoot,rz,0.006360772974259835,0.009164385803753785,0.0028036128294939497,0.2723083440350071,0.2860282953857676
671_T1_vs_T3,longitudinal,2,RShoulder_to_RUArm_rx,RShoulder_to_RUArm,rx,0.2640096509996284,0.09137312904443429,-0.17263652195519413,0.2723083440350071,0.2860282953857676
671_T1_vs_T3,longitudinal,2,RShoulder_to_RUArm_ry,RShoulder_to_RUArm,ry,0.07395331579830149,0.01002683558382091,-0.06392648021448058,0.2723083440350071,0.2860282953857676
671_T1_vs_T3,longitudinal,2,RShoulder_to_RUArm_rz,RShoulder_to_RUArm,rz,0.1243463077474168,0.11343802811109055,-0.010908279636326249,0.2723083440350071,0.2860282953857676
671_T1_vs_T3,longitudinal,2,RThigh_to_RShin_rx,RThigh_to_RShin,rx,0.004939107591544155,0.0006591850115764982,-0.004279922579967657,0.2723083440350071,0.2860282953857676
671_T1_vs_T3,longitudinal,2,RThigh_to_RShin_ry,RThigh_to_RShin,ry,1.8028292335376013e-08,1.3637464806500415e-08,-4.390827528875599e-09,0.2723083440350071,0.2860282953857676
671_T1_vs_T3,longitudinal,2,RThigh_to_RShin_rz,RThigh_to_RShin,rz,9.701900845001366e-09,2.159873228348869e-08,1.1896831438487324e-08,0.2723083440350071,0.2860282953857676
671_T1_vs_T3,longitudinal,2,RUArm_to_RFArm_rx,RUArm_to_RFArm,rx,0.07902385398597649,0.1877943719563217,0.10877051797034522,0.2723083440350071,0.2860282953857676
671_T1_vs_T3,longitudinal,2,RUArm_to_RFArm_ry,RUArm_to_RFArm,ry,0.26135828554619933,0.35278953007020464,0.0914312445240053,0.2723083440350071,0.2860282953857676
671_T1_vs_T3,longitudinal,2,RUArm_to_RFArm_rz,RUArm_to_RFArm,rz,0.015562437330259278,0.11497601631430769,0.09941357898404841,0.2723083440350071,0.2860282953857676
671_T1_vs_T3,longitudinal,3,Chest_to_LShoulder_rx,Chest_to_LShoulder,rx,0.05502147779670221,0.02622189428316804,-0.02879958351353417,0.12143848986695326,0.16888424932346588
671_T1_vs_T3,longitudinal,3,Chest_to_LShoulder_ry,Chest_to_LShoulder,ry,0.012450550348008642,0.004232682412815731,-0.008217867935192911,0.12143848986695326,0.16888424932346588
671_T1_vs_T3,longitudinal,3,Chest_to_LShoulder_rz,Chest_to_LShoulder,rz,0.03818443625403322,0.008308505333649314,-0.029875930920383906,0.12143848986695326,0.16888424932346588
671_T1_vs_T3,longitudinal,3,Chest_to_Neck_rx,Chest_to_Neck,rx,0.00265455095133444,0.007028334762183775,0.004373783810849335,0.12143848986695326,0.16888424932346588
671_T1_vs_T3,longitudinal,3,Chest_to_Neck_ry,Chest_to_Neck,ry,0.010610540442689295,0.022428804947323088,0.011818264504633793,0.12143848986695326,0.16888424932346588
671_T1_vs_T3,longitudinal,3,Chest_to_Neck_rz,Chest_to_Neck,rz,0.00876510549802265,0.007123382514445311,-0.0016417229835773385,0.12143848986695326,0.16888424932346588
671_T1_vs_T3,longitudinal,3,Chest_to_RShoulder_rx,Chest_to_RShoulder,rx,0.00731600845292446,0.022303941620588404,0.014987933167663944,0.12143848986695326,0.16888424932346588
671_T1_vs_T3,longitudinal,3,Chest_to_RShoulder_ry,Chest_to_RShoulder,ry,0.02347256168327677,0.03125796951140954,0.007785407828132772,0.12143848986695326,0.16888424932346588
671_T1_vs_T3,longitudinal,3,Chest_to_RShoulder_rz,Chest_to_RShoulder,rz,0.01459417794678627,0.04832392909098921,0.033729751144202944,0.12143848986695326,0.16888424932346588
671_T1_vs_T3,longitudinal,3,LFArm_to_LHand_rx,LFArm_to_LHand,rx,0.1440658082358547,0.26441078225722625,0.12034497402137156,0.12143848986695326,0.16888424932346588
671_T1_vs_T3,longitudinal,3,LFArm_to_LHand_ry,LFArm_to_LHand,ry,0.01901155375138414,0.22013236936868893,0.2011208156173048,0.12143848986695326,0.16888424932346588
671_T1_vs_T3,longitudinal,3,LFArm_to_LHand_rz,LFArm_to_LHand,rz,0.39878250900295403,0.029678905043326036,-0.369103603959628,0.12143848986695326,0.16888424932346588
671_T1_vs_T3,longitudinal,3,LShin_to_LFoot_rx,LShin_to_LFoot,rx,0.005467194555708084,0.019259725236454493,0.01379253068074641,0.12143848986695326,0.16888424932346588
671_T1_vs_T3,longitudinal,3,LShin_to_LFoot_ry,LShin_to_LFoot,ry,0.010489030678587337,0.05070706666345964,0.04021803598487231,0.12143848986695326,0.16888424932346588
671_T1_vs_T3,longitudinal,3,LShin_to_LFoot_rz,LShin_to_LFoot,rz,0.014058899790133948,0.03757477864935995,0.023515878859226003,0.12143848986695326,0.16888424932346588
671_T1_vs_T3,longitudinal,3,LShoulder_to_LUArm_rx,LShoulder_to_LUArm,rx,0.299018308082059,0.11239595478786855,-0.1866223532941904,0.12143848986695326,0.16888424932346588
671_T1_vs_T3,longitudinal,3,LShoulder_to_LUArm_ry,LShoulder_to_LUArm,ry,0.08722390396990187,0.05595874949356181,-0.03126515447634006,0.12143848986695326,0.16888424932346588
671_T1_vs_T3,longitudinal,3,LShoulder_to_LUArm_rz,LShoulder_to_LUArm,rz,0.09992105483096347,0.06448456248197122,-0.03543649234899225,0.12143848986695326,0.16888424932346588
671_T1_vs_T3,longitudinal,3,LThigh_to_LShin_rx,LThigh_to_LShin,rx,0.004374004773312395,0.0019859240841354413,-0.0023880806891769537,0.12143848986695326,0.16888424932346588
671_T1_vs_T3,longitudinal,3,LThigh_to_LShin_ry,LThigh_to_LShin,ry,1.6065047239871367e-08,3.681085290474303e-08,2.0745805664871666e-08,0.12143848986695326,0.16888424932346588
671_T1_vs_T3,longitudinal,3,LThigh_to_LShin_rz,LThigh_to_LShin,rz,1.842861270077886e-08,3.698912136434901e-08,1.856050866357015e-08,0.12143848986695326,0.16888424932346588
671_T1_vs_T3,longitudinal,3,LUArm_to_LFArm_rx,LUArm_to_LFArm,rx,0.15003580140561446,0.20476547186282038,0.05472967045720592,0.12143848986695326,0.16888424932346588
671_T1_vs_T3,longitudinal,3,LUArm_to_LFArm_ry,LUArm_to_LFArm,ry,0.41197189851903865,0.11342295366281731,-0.29854894485622135,0.12143848986695326,0.16888424932346588
671_T1_vs_T3,longitudinal,3,LUArm_to_LFArm_rz,LUArm_to_LFArm,rz,0.1931868992536994,0.21039941904970114,0.017212519796001746,0.12143848986695326,0.16888424932346588
671_T1_vs_T3,longitudinal,3,Neck_to_Head_rx,Neck_to_Head,rx,0.002654623319130761,0.007028323343904158,0.004373700024773397,0.12143848986695326,0.16888424932346588
671_T1_vs_T3,longitudinal,3,Neck_to_Head_ry,Neck_to_Head,ry,0.0106105830484615,0.02242884925440398,0.011818266205942481,0.12143848986695326,0.16888424932346588
671_T1_vs_T3,longitudinal,3,Neck_to_Head_rz,Neck_to_Head,rz,0.008765085457962715,0.007123294935744589,-0.0016417905222181261,0.12143848986695326,0.16888424932346588
671_T1_vs_T3,longitudinal,3,RFArm_to_RHand_rx,RFArm_to_RHand,rx,0.20489932698546312,0.01959332106845945,-0.18530600591700366,0.12143848986695326,0.16888424932346588
671_T1_vs_T3,longitudinal,3,RFArm_to_RHand_ry,RFArm_to_RHand,ry,0.15142665643924863,0.023995803174441156,-0.12743085326480746,0.12143848986695326,0.16888424932346588
671_T1_vs_T3,longitudinal,3,RFArm_to_RHand_rz,RFArm_to_RHand,rz,0.13653111369784757,0.10263440006947229,-0.03389671362837528,0.12143848986695326,0.16888424932346588
671_T1_vs_T3,longitudinal,3,RShin_to_RFoot_rx,RShin_to_RFoot,rx,0.020349806151882064,0.03218631530821316,0.0118365091563311,0.12143848986695326,0.16888424932346588
671_T1_vs_T3,longitudinal,3,RShin_to_RFoot_ry,RShin_to_RFoot,ry,0.024675529509682003,0.0009501984255964309,-0.02372533108408557,0.12143848986695326,0.16888424932346588
671_T1_vs_T3,longitudinal,3,RShin_to_RFoot_rz,RShin_to_RFoot,rz,0.013586444807183035,0.018621026664019165,0.00503458185683613,0.12143848986695326,0.16888424932346588
671_T1_vs_T3,longitudinal,3,RShoulder_to_RUArm_rx,RShoulder_to_RUArm,rx,0.0538142407303977,0.12052538606449985,0.06671114533410215,0.12143848986695326,0.16888424932346588
671_T1_vs_T3,longitudinal,3,RShoulder_to_RUArm_ry,RShoulder_to_RUArm,ry,0.11823649079999528,0.12031815726098351,0.0020816664609882296,0.12143848986695326,0.16888424932346588
671_T1_vs_T3,longitudinal,3,RShoulder_to_RUArm_rz,RShoulder_to_RUArm,rz,0.03481108837514144,0.0839150877632701,0.04910399938812866,0.12143848986695326,0.16888424932346588
671_T1_vs_T3,longitudinal,3,RThigh_to_RShin_rx,RThigh_to_RShin,rx,0.00533026165106127,0.03034087307305481,0.02501061142199354,0.12143848986695326,0.16888424932346588
671_T1_vs_T3,longitudinal,3,RThigh_to_RShin_ry,RThigh_to_RShin,ry,2.1367455764191062e-08,1.4329557649866265e-08,-7.037898114324797e-09,0.12143848986695326,0.16888424932346588
671_T1_vs_T3,longitudinal,3,RThigh_to_RShin_rz,RThigh_to_RShin,rz,5.6750918998566794e-08,1.89335553996789e-08,-3.781736359888789e-08,0.12143848986695326,0.16888424932346588
671_T1_vs_T3,longitudinal,3,RUArm_to_RFArm_rx,RUArm_to_RFArm,rx,0.14859752944984347,0.15512289312353766,0.00652536367369419,0.12143848986695326,0.16888424932346588
671_T1_vs_T3,longitudinal,3,RUArm_to_RFArm_ry,RUArm_to_RFArm,ry,0.5933126807559811,0.7592358403470753,0.16592315959109416,0.12143848986695326,0.16888424932346588
671_T1_vs_T3,longitudinal,3,RUArm_to_RFArm_rz,RUArm_to_RFArm,rz,0.010598699873075407,0.3182306373548009,0.30763193748172546,0.12143848986695326,0.16888424932346588
671_T1_vs_T3,longitudinal,4,Chest_to_LShoulder_rx,Chest_to_LShoulder,rx,0.010397497951530226,0.04835595632790454,0.037958458376374314,0.10547172780645109,0.12176756868360904
671_T1_vs_T3,longitudinal,4,Chest_to_LShoulder_ry,Chest_to_LShoulder,ry,0.016262200724537396,0.019817100581992982,0.003554899857455586,0.10547172780645109,0.12176756868360904
671_T1_vs_T3,longitudinal,4,Chest_to_LShoulder_rz,Chest_to_LShoulder,rz,0.0006403398366335794,0.03341201261627524,0.03277167277964166,0.10547172780645109,0.12176756868360904
671_T1_vs_T3,longitudinal,4,Chest_to_Neck_rx,Chest_to_Neck,rx,0.008919922232624873,0.004219664009246398,-0.004700258223378475,0.10547172780645109,0.12176756868360904
671_T1_vs_T3,longitudinal,4,Chest_to_Neck_ry,Chest_to_Neck,ry,0.013992408115738143,0.004673220237574477,-0.009319187878163666,0.10547172780645109,0.12176756868360904
671_T1_vs_T3,longitudinal,4,Chest_to_Neck_rz,Chest_to_Neck,rz,0.004371871644760053,0.006864977897405814,0.0024931062526457612,0.10547172780645109,0.12176756868360904
671_T1_vs_T3,longitudinal,4,Chest_to_RShoulder_rx,Chest_to_RShoulder,rx,0.0160901381137524,0.006541495911260573,-0.009548642202491828,0.10547172780645109,0.12176756868360904
671_T1_vs_T3,longitudinal,4,Chest_to_RShoulder_ry,Chest_to_RShoulder,ry,0.012304884477489002,0.00578968237107156,-0.006515202106417442,0.10547172780645109,0.12176756868360904
671_T1_vs_T3,longitudinal,4,Chest_to_RShoulder_rz,Chest_to_RShoulder,rz,0.12167254655878079,0.05031380139753351,-0.07135874516124728,0.10547172780645109,0.12176756868360904
671_T1_vs_T3,longitudinal,4,LFArm_to_LHand_rx,LFArm_to_LHand,rx,0.21565593644765682,0.05917257690548471,-0.1564833595421721,0.10547172780645109,0.12176756868360904
671_T1_vs_T3,longitudinal,4,LFArm_to_LHand_ry,LFArm_to_LHand,ry,0.13760283874089574,0.13501841608455972,-0.002584422656336016,0.10547172780645109,0.12176756868360904
671_T1_vs_T3,longitudinal,4,LFArm_to_LHand_rz,LFArm_to_LHand,rz,0.08275665746760442,0.4153672561052116,0.33261059863760717,0.10547172780645109,0.12176756868360904
671_T1_vs_T3,longitudinal,4,LShin_to_LFoot_rx,LShin_to_LFoot,rx,0.004490318042821979,0.004608707446065962,0.00011838940324398334,0.10547172780645109,0.12176756868360904
671_T1_vs_T3,longitudinal,4,LShin_to_LFoot_ry,LShin_to_LFoot,ry,0.02587184652063816,0.04389131629390864,0.01801946977327048,0.10547172780645109,0.12176756868360904
671_T1_vs_T3,longitudinal,4,LShin_to_LFoot_rz,LShin_to_LFoot,rz,0.016636417423051105,0.008148999238661372,-0.008487418184389733,0.10547172780645109,0.12176756868360904
671_T1_vs_T3,longitudinal,4,LShoulder_to_LUArm_rx,LShoulder_to_LUArm,rx,0.04048042733164519,0.2650403178603056,0.22455989052866038,0.10547172780645109,0.12176756868360904
671_T1_vs_T3,longitudinal,4,LShoulder_to_LUArm_ry,LShoulder_to_LUArm,ry,0.021215947363613714,0.07580678956967474,0.05459084220606102,0.10547172780645109,0.12176756868360904
671_T1_vs_T3,longitudinal,4,LShoulder_to_LUArm_rz,LShoulder_to_LUArm,rz,0.031175051249548568,0.05726633102599264,0.026091279776444074,0.10547172780645109,0.12176756868360904
671_T1_vs_T3,longitudinal,4,LThigh_to_LShin_rx,LThigh_to_LShin,rx,0.0035755872521280613,0.004929999321026288,0.0013544120688982267,0.10547172780645109,0.12176756868360904
671_T1_vs_T3,longitudinal,4,LThigh_to_LShin_ry,LThigh_to_LShin,ry,5.880054186351027e-08,5.44244023918632e-08,-4.37613947164707e-09,0.10547172780645109,0.12176756868360904
671_T1_vs_T3,longitudinal,4,LThigh_to_LShin_rz,LThigh_to_LShin,rz,2.8485107998796904e-08,7.955899017470104e-09,-2.05292089813268e-08,0.10547172780645109,0.12176756868360904
671_T1_vs_T3,longitudinal,4,LUArm_to_LFArm_rx,LUArm_to_LFArm,rx,0.025478887392274496,0.04798464201788856,0.022505754625614063,0.10547172780645109,0.12176756868360904
671_T1_vs_T3,longitudinal,4,LUArm_to_LFArm_ry,LUArm_to_LFArm,ry,0.4083648115131053,0.5391813210278679,0.1308165095147626,0.10547172780645109,0.12176756868360904
671_T1_vs_T3,longitudinal,4,LUArm_to_LFArm_rz,LUArm_to_LFArm,rz,0.026748314421771915,0.11298531646935071,0.0862370020475788,0.10547172780645109,0.12176756868360904
671_T1_vs_T3,longitudinal,4,Neck_to_Head_rx,Neck_to_Head,rx,0.008919859171024282,0.004219561392201953,-0.004700297778822329,0.10547172780645109,0.12176756868360904
671_T1_vs_T3,longitudinal,4,Neck_to_Head_ry,Neck_to_Head,ry,0.01399242417463719,0.0046732011584152125,-0.009319223016221977,0.10547172780645109,0.12176756868360904
671_T1_vs_T3,longitudinal,4,Neck_to_Head_rz,Neck_to_Head,rz,0.004371969361191599,0.0068650326056709544,0.0024930632444793554,0.10547172780645109,0.12176756868360904
671_T1_vs_T3,longitudinal,4,RFArm_to_RHand_rx,RFArm_to_RHand,rx,0.17684820808979107,0.28524984464196934,0.10840163655217827,0.10547172780645109,0.12176756868360904
671_T1_vs_T3,longitudinal,4,RFArm_to_RHand_ry,RFArm_to_RHand,ry,0.03726368891581067,0.18367038729699722,0.14640669838118656,0.10547172780645109,0.12176756868360904
671_T1_vs_T3,longitudinal,4,RFArm_to_RHand_rz,RFArm_to_RHand,rz,0.5135072570974326,0.3680666960295577,-0.1454405610678749,0.10547172780645109,0.12176756868360904
671_T1_vs_T3,longitudinal,4,RShin_to_RFoot_rx,RShin_to_RFoot,rx,0.009869951048976838,0.003098513450402109,-0.00677143759857473,0.10547172780645109,0.12176756868360904
671_T1_vs_T3,longitudinal,4,RShin_to_RFoot_ry,RShin_to_RFoot,ry,0.005258763691518897,0.028128041041436895,0.022869277349917998,0.10547172780645109,0.12176756868360904
671_T1_vs_T3,longitudinal,4,RShin_to_RFoot_rz,RShin_to_RFoot,rz,0.0032788376165409244,0.004703397462409573,0.0014245598458686487,0.10547172780645109,0.12176756868360904
671_T1_vs_T3,longitudinal,4,RShoulder_to_RUArm_rx,RShoulder_to_RUArm,rx,0.21692762017553113,0.06898372264981426,-0.14794389752571688,0.10547172780645109,0.12176756868360904
671_T1_vs_T3,longitudinal,4,RShoulder_to_RUArm_ry,RShoulder_to_RUArm,ry,0.022893523040208988,0.06207121468057712,0.039177691640368134,0.10547172780645109,0.12176756868360904
671_T1_vs_T3,longitudinal,4,RShoulder_to_RUArm_rz,RShoulder_to_RUArm,rz,0.23994365207392385,0.08445859636219721,-0.15548505571172663,0.10547172780645109,0.12176756868360904
671_T1_vs_T3,longitudinal,4,RThigh_to_RShin_rx,RThigh_to_RShin,rx,0.013271433948457418,0.013106005104439171,-0.00016542884401824637,0.10547172780645109,0.12176756868360904
671_T1_vs_T3,longitudinal,4,RThigh_to_RShin_ry,RThigh_to_RShin,ry,7.0226725000656865e-09,1.2647237404373685e-08,5.624564904307998e-09,0.10547172780645109,0.12176756868360904
671_T1_vs_T3,longitudinal,4,RThigh_to_RShin_rz,RThigh_to_RShin,rz,4.6033330599682444e-08,6.722154476817395e-08,2.1188214168491502e-08,0.10547172780645109,0.12176756868360904
671_T1_vs_T3,longitudinal,4,RUArm_to_RFArm_rx,RUArm_to_RFArm,rx,0.18661104834220293,0.2928632003283088,0.10625215198610588,0.10547172780645109,0.12176756868360904
671_T1_vs_T3,longitudinal,4,RUArm_to_RFArm_ry,RUArm_to_RFArm,ry,0.49260117388084845,0.10007572615096708,-0.3925254477298814,0.10547172780645109,0.12176756868360904
671_T1_vs_T3,longitudinal,4,RUArm_to_RFArm_rz,RUArm_to_RFArm,rz,0.24508549884734895,0.22116844983452305,-0.023917049012825903,0.10547172780645109,0.12176756868360904
671_T1_vs_T3,longitudinal,5,Chest_to_LShoulder_rx,Chest_to_LShoulder,rx,0.0014460052683877762,0.01629958837042295,0.014853583102035174,0.07951249480495831,0.043411906958397896
671_T1_vs_T3,longitudinal,5,Chest_to_LShoulder_ry,Chest_to_LShoulder,ry,0.001918448580015274,0.0003644743979710919,-0.001553974182044182,0.07951249480495831,0.043411906958397896
671_T1_vs_T3,longitudinal,5,Chest_to_LShoulder_rz,Chest_to_LShoulder,rz,0.02801092221107068,0.035576409021138296,0.007565486810067617,0.07951249480495831,0.043411906958397896
671_T1_vs_T3,longitudinal,5,Chest_to_Neck_rx,Chest_to_Neck,rx,0.00018164762272271335,0.00030740501978574624,0.0001257573970630329,0.07951249480495831,0.043411906958397896
671_T1_vs_T3,longitudinal,5,Chest_to_Neck_ry,Chest_to_Neck,ry,0.014399089578369478,0.013031955242860981,-0.0013671343355084967,0.07951249480495831,0.043411906958397896
671_T1_vs_T3,longitudinal,5,Chest_to_Neck_rz,Chest_to_Neck,rz,0.008171400410509367,0.016926492716642462,0.008755092306133095,0.07951249480495831,0.043411906958397896
671_T1_vs_T3,longitudinal,5,Chest_to_RShoulder_rx,Chest_to_RShoulder,rx,0.009288825582948947,0.0003796022417183829,-0.008909223341230564,0.07951249480495831,0.043411906958397896
671_T1_vs_T3,longitudinal,5,Chest_to_RShoulder_ry,Chest_to_RShoulder,ry,0.019710747445159504,0.00754953306071514,-0.012161214384444364,0.07951249480495831,0.043411906958397896
671_T1_vs_T3,longitudinal,5,Chest_to_RShoulder_rz,Chest_to_RShoulder,rz,0.07009484895235647,0.1595496037899125,0.08945475483755604,0.07951249480495831,0.043411906958397896
671_T1_vs_T3,longitudinal,5,LFArm_to_LHand_rx,LFArm_to_LHand,rx,0.10615341503548589,0.03926490309197341,-0.06688851194351247,0.07951249480495831,0.043411906958397896
671_T1_vs_T3,longitudinal,5,LFArm_to_LHand_ry,LFArm_to_LHand,ry,0.30597768379987883,0.2230134615509409,-0.08296422224893793,0.07951249480495831,0.043411906958397896
671_T1_vs_T3,longitudinal,5,LFArm_to_LHand_rz,LFArm_to_LHand,rz,0.3629081113805256,0.33255658222434764,-0.030351529156177948,0.07951249480495831,0.043411906958397896
671_T1_vs_T3,longitudinal,5,LShin_to_LFoot_rx,LShin_to_LFoot,rx,0.033038138396684645,0.02038034232964425,-0.012657796067040396,0.07951249480495831,0.043411906958397896
671_T1_vs_T3,longitudinal,5,LShin_to_LFoot_ry,LShin_to_LFoot,ry,0.09691408842302518,0.08545794204208196,-0.011456146380943222,0.07951249480495831,0.043411906958397896
671_T1_vs_T3,longitudinal,5,LShin_to_LFoot_rz,LShin_to_LFoot,rz,0.043625009990346054,0.024100806136350638,-0.019524203853995416,0.07951249480495831,0.043411906958397896
671_T1_vs_T3,longitudinal,5,LShoulder_to_LUArm_rx,LShoulder_to_LUArm,rx,0.07331025914404303,0.14148844399373361,0.06817818484969058,0.07951249480495831,0.043411906958397896
671_T1_vs_T3,longitudinal,5,LShoulder_to_LUArm_ry,LShoulder_to_LUArm,ry,0.03339024463087911,0.014114318982467147,-0.019275925648411966,0.07951249480495831,0.043411906958397896
671_T1_vs_T3,longitudinal,5,LShoulder_to_LUArm_rz,LShoulder_to_LUArm,rz,0.02213268675165906,0.04545799854560159,0.02332531179394253,0.07951249480495831,0.043411906958397896
671_T1_vs_T3,longitudinal,5,LThigh_to_LShin_rx,LThigh_to_LShin,rx,0.005485239017940298,0.0008932043679863071,-0.004592034649953991,0.07951249480495831,0.043411906958397896
671_T1_vs_T3,longitudinal,5,LThigh_to_LShin_ry,LThigh_to_LShin,ry,2.3102424971218757e-08,1.4222104152199168e-11,-2.308820286706656e-08,0.07951249480495831,0.043411906958397896
671_T1_vs_T3,longitudinal,5,LThigh_to_LShin_rz,LThigh_to_LShin,rz,2.1870610493474284e-08,6.141504192734504e-09,-1.5729106300739778e-08,0.07951249480495831,0.043411906958397896
671_T1_vs_T3,longitudinal,5,LUArm_to_LFArm_rx,LUArm_to_LFArm,rx,0.2749623483792035,0.13738759370527243,-0.1375747546739311,0.07951249480495831,0.043411906958397896
671_T1_vs_T3,longitudinal,5,LUArm_to_LFArm_ry,LUArm_to_LFArm,ry,0.29641436994535325,0.08971023744297418,-0.20670413250237907,0.07951249480495831,0.043411906958397896
671_T1_vs_T3,longitudinal,5,LUArm_to_LFArm_rz,LUArm_to_LFArm,rz,0.3047554772492342,0.12816718313917386,-0.17658829411006033,0.07951249480495831,0.043411906958397896
671_T1_vs_T3,longitudinal,5,Neck_to_Head_rx,Neck_to_Head,rx,0.00018158990109154802,0.00030741037470836637,0.00012582047361681836,0.07951249480495831,0.043411906958397896
671_T1_vs_T3,longitudinal,5,Neck_to_Head_ry,Neck_to_Head,ry,0.014399104598358742,0.013031947939598883,-0.0013671566587598587,0.07951249480495831,0.043411906958397896
671_T1_vs_T3,longitudinal,5,Neck_to_Head_rz,Neck_to_Head,rz,0.008171377618955023,0.01692649359655156,0.008755115977596536,0.07951249480495831,0.043411906958397896
671_T1_vs_T3,longitudinal,5,RFArm_to_RHand_rx,RFArm_to_RHand,rx,0.1591476158669391,0.027000691581087352,-0.13214692428585173,0.07951249480495831,0.043411906958397896
671_T1_vs_T3,longitudinal,5,RFArm_to_RHand_ry,RFArm_to_RHand,ry,0.2663684750732777,0.2007041544996229,-0.06566432057365482,0.07951249480495831,0.043411906958397896
671_T1_vs_T3,longitudinal,5,RFArm_to_RHand_rz,RFArm_to_RHand,rz,0.22608521324335504,0.6260457582968951,0.39996054505354006,0.07951249480495831,0.043411906958397896
671_T1_vs_T3,longitudinal,5,RShin_to_RFoot_rx,RShin_to_RFoot,rx,0.028985746167515158,0.019319768444594623,-0.009665977722920535,0.07951249480495831,0.043411906958397896
671_T1_vs_T3,longitudinal,5,RShin_to_RFoot_ry,RShin_to_RFoot,ry,0.02564483612935174,0.040119883961440214,0.014475047832088476,0.07951249480495831,0.043411906958397896
671_T1_vs_T3,longitudinal,5,RShin_to_RFoot_rz,RShin_to_RFoot,rz,0.018357645817279458,0.01015495943752789,-0.008202686379751568,0.07951249480495831,0.043411906958397896
671_T1_vs_T3,longitudinal,5,RShoulder_to_RUArm_rx,RShoulder_to_RUArm,rx,0.12737338092794312,0.27761170232215787,0.15023832139421475,0.07951249480495831,0.043411906958397896
671_T1_vs_T3,longitudinal,5,RShoulder_to_RUArm_ry,RShoulder_to_RUArm,ry,0.056271462283595,0.025029539262466798,-0.031241923021128205,0.07951249480495831,0.043411906958397896
671_T1_vs_T3,longitudinal,5,RShoulder_to_RUArm_rz,RShoulder_to_RUArm,rz,0.18638704213465787,0.36601307947942346,0.1796260373447656,0.07951249480495831,0.043411906958397896
671_T1_vs_T3,longitudinal,5,RThigh_to_RShin_rx,RThigh_to_RShin,rx,0.04238643647600046,0.03526714853512092,-0.007119287940879543,0.07951249480495831,0.043411906958397896
671_T1_vs_T3,longitudinal,5,RThigh_to_RShin_ry,RThigh_to_RShin,ry,2.7545150889945735e-09,1.8406654412128625e-08,1.565213932313405e-08,0.07951249480495831,0.043411906958397896
671_T1_vs_T3,longitudinal,5,RThigh_to_RShin_rz,RThigh_to_RShin,rz,2.6771834978322792e-08,2.8368349134657624e-08,1.5965141563348312e-09,0.07951249480495831,0.043411906958397896
671_T1_vs_T3,longitudinal,5,RUArm_to_RFArm_rx,RUArm_to_RFArm,rx,0.35704813674466446,0.19190709032978537,-0.1651410464148791,0.07951249480495831,0.043411906958397896
671_T1_vs_T3,longitudinal,5,RUArm_to_RFArm_ry,RUArm_to_RFArm,ry,0.03559965811240775,0.09216675827242579,0.05656710016001804,0.07951249480495831,0.043411906958397896
671_T1_vs_T3,longitudinal,5,RUArm_to_RFArm_rz,RUArm_to_RFArm,rz,0.3834511180601721,0.20731480260656318,-0.17613631545360894,0.07951249480495831,0.043411906958397896
671_T1_R1_vs_R2,natural_variability,1,Chest_to_LShoulder_rx,Chest_to_LShoulder,rx,0.009595646853012969,0.020003693649210657,0.010408046796197688,0.36492029091836226,0.44821310278323306
671_T1_R1_vs_R2,natural_variability,1,Chest_to_LShoulder_ry,Chest_to_LShoulder,ry,0.009301319063114937,0.03556204513144027,0.02626072606832533,0.36492029091836226,0.44821310278323306
671_T1_R1_vs_R2,natural_variability,1,Chest_to_LShoulder_rz,Chest_to_LShoulder,rz,0.009190685636458015,0.06551434187410213,0.05632365623764411,0.36492029091836226,0.44821310278323306
671_T1_R1_vs_R2,natural_variability,1,Chest_to_Neck_rx,Chest_to_Neck,rx,0.004572836733562688,0.01600017061624038,0.011427333882677691,0.36492029091836226,0.44821310278323306
671_T1_R1_vs_R2,natural_variability,1,Chest_to_Neck_ry,Chest_to_Neck,ry,0.026825033251563483,0.005955531284898546,-0.020869501966664938,0.36492029091836226,0.44821310278323306
671_T1_R1_vs_R2,natural_variability,1,Chest_to_Neck_rz,Chest_to_Neck,rz,0.027573247118393984,0.003900350489703195,-0.02367289662869079,0.36492029091836226,0.44821310278323306
671_T1_R1_vs_R2,natural_variability,1,Chest_to_RShoulder_rx,Chest_to_RShoulder,rx,0.005030429349661967,0.04138661135009756,0.03635618200043559,0.36492029091836226,0.44821310278323306
671_T1_R1_vs_R2,natural_variability,1,Chest_to_RShoulder_ry,Chest_to_RShoulder,ry,0.006161450522089393,0.010409017167299634,0.004247566645210241,0.36492029091836226,0.44821310278323306
671_T1_R1_vs_R2,natural_variability,1,Chest_to_RShoulder_rz,Chest_to_RShoulder,rz,0.05925816330415856,0.015065476484249366,-0.0441926868199092,0.36492029091836226,0.44821310278323306
671_T1_R1_vs_R2,natural_variability,1,LFArm_to_LHand_rx,LFArm_to_LHand,rx,0.2459263023671855,0.3388574485610122,0.0929311461938267,0.36492029091836226,0.44821310278323306
671_T1_R1_vs_R2,natural_variability,1,LFArm_to_LHand_ry,LFArm_to_LHand,ry,0.1206991189473493,0.23647570183475003,0.11577658288740073,0.36492029091836226,0.44821310278323306
671_T1_R1_vs_R2,natural_variability,1,LFArm_to_LHand_rz,LFArm_to_LHand,rz,0.0709566177247194,0.2749751744510162,0.20401855672629682,0.36492029091836226,0.44821310278323306
671_T1_R1_vs_R2,natural_variability,1,LShin_to_LFoot_rx,LShin_to_LFoot,rx,0.0009276842498437829,0.0031036232612833914,0.0021759390114396084,0.36492029091836226,0.44821310278323306
671_T1_R1_vs_R2,natural_variability,1,LShin_to_LFoot_ry,LShin_to_LFoot,ry,0.044533135093688656,0.015116220345099806,-0.02941691474858885,0.36492029091836226,0.44821310278323306
671_T1_R1_vs_R2,natural_variability,1,LShin_to_LFoot_rz,LShin_to_LFoot,rz,0.0025878155675386674,0.002455917494144504,-0.00013189807339416323,0.36492029091836226,0.44821310278323306
671_T1_R1_vs_R2,natural_variability,1,LShoulder_to_LUArm_rx,LShoulder_to_LUArm,rx,0.0007218580284477298,0.25574345338329313,0.2550215953548454,0.36492029091836226,0.44821310278323306
671_T1_R1_vs_R2,natural_variability,1,LShoulder_to_LUArm_ry,LShoulder_to_LUArm,ry,0.07144965554033555,0.09929397354149713,0.027844318001161578,0.36492029091836226,0.44821310278323306
671_T1_R1_vs_R2,natural_variability,1,LShoulder_to_LUArm_rz,LShoulder_to_LUArm,rz,0.06337745379939676,0.1639555709336477,0.10057811713425095,0.36492029091836226,0.44821310278323306
671_T1_R1_vs_R2,natural_variability,1,LThigh_to_LShin_rx,LThigh_to_LShin,rx,0.005062311792214418,0.007658355739604325,0.002596043947389907,0.36492029091836226,0.44821310278323306
671_T1_R1_vs_R2,natural_variability,1,LThigh_to_LShin_ry,LThigh_to_LShin,ry,7.658334771860201e-10,2.9006065187573358e-08,2.8240231710387337e-08,0.36492029091836226,0.44821310278323306
671_T1_R1_vs_R2,natural_variability,1,LThigh_to_LShin_rz,LThigh_to_LShin,rz,4.052334519663668e-09,3.056973591857995e-08,2.6517401398916278e-08,0.36492029091836226,0.44821310278323306
671_T1_R1_vs_R2,natural_variability,1,LUArm_to_LFArm_rx,LUArm_to_LFArm,rx,0.022409033817459244,0.2612157450831938,0.23880671126573455,0.36492029091836226,0.44821310278323306
671_T1_R1_vs_R2,natural_variability,1,LUArm_to_LFArm_ry,LUArm_to_LFArm,ry,0.5867121274883446,0.42030333536772224,-0.16640879212062232,0.36492029091836226,0.44821310278323306
671_T1_R1_vs_R2,natural_variability,1,LUArm_to_LFArm_rz,LUArm_to_LFArm,rz,0.12679402856352004,0.16086712352620225,0.03407309496268221,0.36492029091836226,0.44821310278323306
671_T1_R1_vs_R2,natural_variability,1,Neck_to_Head_rx,Neck_to_Head,rx,0.004572862318661502,0.01600013486795535,0.011427272549293847,0.36492029091836226,0.44821310278323306
671_T1_R1_vs_R2,natural_variability,1,Neck_to_Head_ry,Neck_to_Head,ry,0.02682502650947041,0.005955528439226419,-0.02086949807024399,0.36492029091836226,0.44821310278323306
671_T1_R1_vs_R2,natural_variability,1,Neck_to_Head_rz,Neck_to_Head,rz,0.027573172041880614,0.003900382278381804,-0.02367278976349881,0.36492029091836226,0.44821310278323306
671_T1_R1_vs_R2,natural_variability,1,RFArm_to_RHand_rx,RFArm_to_RHand,rx,0.24005127881785027,0.19501874725890608,-0.04503253155894418,0.36492029091836226,0.44821310278323306
671_T1_R1_vs_R2,natural_variability,1,RFArm_to_RHand_ry,RFArm_to_RHand,ry,0.07943061128387946,0.16597507966361308,0.08654446837973362,0.36492029091836226,0.44821310278323306
671_T1_R1_vs_R2,natural_variability,1,RFArm_to_RHand_rz,RFArm_to_RHand,rz,0.39689978697122386,0.07436388610018362,-0.3225359008710402,0.36492029091836226,0.44821310278323306
671_T1_R1_vs_R2,natural_variability,1,RShin_to_RFoot_rx,RShin_to_RFoot,rx,0.00641513641207009,0.00018570760528866263,-0.006229428806781428,0.36492029091836226,0.44821310278323306
671_T1_R1_vs_R2,natural_variability,1,RShin_to_RFoot_ry,RShin_to_RFoot,ry,0.04518784096955828,0.0142038027063124,-0.030984038263245882,0.36492029091836226,0.44821310278323306
671_T1_R1_vs_R2,natural_variability,1,RShin_to_RFoot_rz,RShin_to_RFoot,rz,0.0015692452055257875,0.003060278402365958,0.0014910331968401704,0.36492029091836226,0.44821310278323306
671_T1_R1_vs_R2,natural_variability,1,RShoulder_to_RUArm_rx,RShoulder_to_RUArm,rx,0.09050228377950399,0.1554007670840132,0.06489848330450922,0.36492029091836226,0.44821310278323306
671_T1_R1_vs_R2,natural_variability,1,RShoulder_to_RUArm_ry,RShoulder_to_RUArm,ry,0.04384472757772506,0.10089030570167541,0.05704557812395035,0.36492029091836226,0.44821310278323306
671_T1_R1_vs_R2,natural_variability,1,RShoulder_to_RUArm_rz,RShoulder_to_RUArm,rz,0.146095437361228,0.06528788216399693,-0.08080755519723105,0.36492029091836226,0.44821310278323306
671_T1_R1_vs_R2,natural_variability,1,RThigh_to_RShin_rx,RThigh_to_RShin,rx,0.014226941916572375,0.00676211417518388,-0.007464827741388495,0.36492029091836226,0.44821310278323306
671_T1_R1_vs_R2,natural_variability,1,RThigh_to_RShin_ry,RThigh_to_RShin,ry,8.845864802377977e-09,2.8591684576829057e-08,1.974581977445108e-08,0.36492029091836226,0.44821310278323306
671_T1_R1_vs_R2,natural_variability,1,RThigh_to_RShin_rz,RThigh_to_RShin,rz,2.901401457309675e-08,1.1679776234043309e-08,-1.7334238339053443e-08,0.36492029091836226,0.44821310278323306
671_T1_R1_vs_R2,natural_variability,1,RUArm_to_RFArm_rx,RUArm_to_RFArm,rx,0.09595468361495921,0.1190735427230503,0.023118859108091097,0.36492029091836226,0.44821310278323306
671_T1_R1_vs_R2,natural_variability,1,RUArm_to_RFArm_ry,RUArm_to_RFArm,ry,0.5256785810107648,0.4963577082111134,-0.0293208727996514,0.36492029091836226,0.44821310278323306
671_T1_R1_vs_R2,natural_variability,1,RUArm_to_RFArm_rz,RUArm_to_RFArm,rz,0.019381435651594565,0.03609521957803966,0.016713783926445097,0.36492029091836226,0.44821310278323306
671_T1_R1_vs_R2,natural_variability,2,Chest_to_LShoulder_rx,Chest_to_LShoulder,rx,0.04723636929830029,0.0353778293481175,-0.011858539950182788,0.2831115829243871,0.38085964062256056
671_T1_R1_vs_R2,natural_variability,2,Chest_to_LShoulder_ry,Chest_to_LShoulder,ry,0.04059626666233857,0.016161664530553323,-0.02443460213178525,0.2831115829243871,0.38085964062256056
671_T1_R1_vs_R2,natural_variability,2,Chest_to_LShoulder_rz,Chest_to_LShoulder,rz,0.07783808643853757,0.026231085351973077,-0.05160700108656449,0.2831115829243871,0.38085964062256056
671_T1_R1_vs_R2,natural_variability,2,Chest_to_Neck_rx,Chest_to_Neck,rx,0.00939700733652611,0.009139342286903442,-0.00025766504962266776,0.2831115829243871,0.38085964062256056
671_T1_R1_vs_R2,natural_variability,2,Chest_to_Neck_ry,Chest_to_Neck,ry,0.011352311397686247,0.024128118057489455,0.012775806659803208,0.2831115829243871,0.38085964062256056
671_T1_R1_vs_R2,natural_variability,2,Chest_to_Neck_rz,Chest_to_Neck,rz,0.016269986470981032,0.02554079642861481,0.00927080995763378,0.2831115829243871,0.38085964062256056
671_T1_R1_vs_R2,natural_variability,2,Chest_to_RShoulder_rx,Chest_to_RShoulder,rx,0.04934075156682637,0.012687061520268873,-0.0366536900465575,0.2831115829243871,0.38085964062256056
671_T1_R1_vs_R2,natural_variability,2,Chest_to_RShoulder_ry,Chest_to_RShoulder,ry,0.004117871936578671,0.0007113188597006802,-0.0034065530768779906,0.2831115829243871,0.38085964062256056
671_T1_R1_vs_R2,natural_variability,2,Chest_to_RShoulder_rz,Chest_to_RShoulder,rz,0.02924641314564287,0.11394900593627028,0.0847025927906274,0.2831115829243871,0.38085964062256056
671_T1_R1_vs_R2,natural_variability,2,LFArm_to_LHand_rx,LFArm_to_LHand,rx,0.2703403102057471,0.14399362550892272,-0.1263466846968244,0.2831115829243871,0.38085964062256056
671_T1_R1_vs_R2,natural_variability,2,LFArm_to_LHand_ry,LFArm_to_LHand,ry,0.18256063373224793,0.009201143572882702,-0.17335949015936522,0.2831115829243871,0.38085964062256056
671_T1_R1_vs_R2,natural_variability,2,LFArm_to_LHand_rz,LFArm_to_LHand,rz,0.44682146481239754,0.13895124841725912,-0.30787021639513845,0.2831115829243871,0.38085964062256056
671_T1_R1_vs_R2,natural_variability,2,LShin_to_LFoot_rx,LShin_to_LFoot,rx,0.0032612077983822188,0.0014278286225094256,-0.001833379175872793,0.2831115829243871,0.38085964062256056
671_T1_R1_vs_R2,natural_variability,2,LShin_to_LFoot_ry,LShin_to_LFoot,ry,0.01743896181257278,0.03308414814778993,0.015645186335217148,0.2831115829243871,0.38085964062256056
671_T1_R1_vs_R2,natural_variability,2,LShin_to_LFoot_rz,LShin_to_LFoot,rz,0.0016972125969230982,0.002099511766311373,0.00040229916938827473,0.2831115829243871,0.38085964062256056
671_T1_R1_vs_R2,natural_variability,2,LShoulder_to_LUArm_rx,LShoulder_to_LUArm,rx,0.38755501423820204,0.13796868373853274,-0.2495863304996693,0.2831115829243871,0.38085964062256056
671_T1_R1_vs_R2,natural_variability,2,LShoulder_to_LUArm_ry,LShoulder_to_LUArm,ry,0.016679201673967796,0.07080333294439481,0.05412413127042701,0.2831115829243871,0.38085964062256056
671_T1_R1_vs_R2,natural_variability,2,LShoulder_to_LUArm_rz,LShoulder_to_LUArm,rz,0.20709896607814868,0.040285970000256306,-0.16681299607789238,0.2831115829243871,0.38085964062256056
671_T1_R1_vs_R2,natural_variability,2,LThigh_to_LShin_rx,LThigh_to_LShin,rx,0.0034160175662678945,0.002674506824177704,-0.0007415107420901904,0.2831115829243871,0.38085964062256056
671_T1_R1_vs_R2,natural_variability,2,LThigh_to_LShin_ry,LThigh_to_LShin,ry,2.6239621083080155e-08,5.788998790239733e-08,3.165036681931717e-08,0.2831115829243871,0.38085964062256056
671_T1_R1_vs_R2,natural_variability,2,LThigh_to_LShin_rz,LThigh_to_LShin,rz,8.68229691029674e-09,6.486021921155913e-08,5.617792230126239e-08,0.2831115829243871,0.38085964062256056
671_T1_R1_vs_R2,natural_variability,2,LUArm_to_LFArm_rx,LUArm_to_LFArm,rx,0.342180813451705,0.2518485945120294,-0.09033221893967558,0.2831115829243871,0.38085964062256056
671_T1_R1_vs_R2,natural_variability,2,LUArm_to_LFArm_ry,LUArm_to_LFArm,ry,0.004840024071565417,0.534077162775353,0.5292371387037876,0.2831115829243871,0.38085964062256056
671_T1_R1_vs_R2,natural_variability,2,LUArm_to_LFArm_rz,LUArm_to_LFArm,rz,0.2862176477087223,0.3261163700584101,0.039898722349687776,0.2831115829243871,0.38085964062256056
671_T1_R1_vs_R2,natural_variability,2,Neck_to_Head_rx,Neck_to_Head,rx,0.009397044080912053,0.009139356218709328,-0.0002576878622027254,0.2831115829243871,0.38085964062256056
671_T1_R1_vs_R2,natural_variability,2,Neck_to_Head_ry,Neck_to_Head,ry,0.011352325632168018,0.024128058045623204,0.012775732413455186,0.2831115829243871,0.38085964062256056
671_T1_R1_vs_R2,natural_variability,2,Neck_to_Head_rz,Neck_to_Head,rz,0.016270054898204014,0.025540755960709708,0.009270701062505694,0.2831115829243871,0.38085964062256056
671_T1_R1_vs_R2,natural_variability,2,RFArm_to_RHand_rx,RFArm_to_RHand,rx,0.029685878407214587,0.21545379135419312,0.18576791294697853,0.2831115829243871,0.38085964062256056
671_T1_R1_vs_R2,natural_variability,2,RFArm_to_RHand_ry,RFArm_to_RHand,ry,0.10497372512407084,0.057941037822457235,-0.047032687301613606,0.2831115829243871,0.38085964062256056
671_T1_R1_vs_R2,natural_variability,2,RFArm_to_RHand_rz,RFArm_to_RHand,rz,0.20123846547388144,0.4516413833055545,0.250402917831673,0.2831115829243871,0.38085964062256056
671_T1_R1_vs_R2,natural_variability,2,RShin_to_RFoot_rx,RShin_to_RFoot,rx,0.0028498402014050413,0.0031108977546337752,0.00026105755322873396,0.2831115829243871,0.38085964062256056
671_T1_R1_vs_R2,natural_variability,2,RShin_to_RFoot_ry,RShin_to_RFoot,ry,0.018024992411004647,0.03587007266594138,0.017845080254936734,0.2831115829243871,0.38085964062256056
671_T1_R1_vs_R2,natural_variability,2,RShin_to_RFoot_rz,RShin_to_RFoot,rz,0.0002196349582820958,0.000592421390670115,0.0003727864323880191,0.2831115829243871,0.38085964062256056
671_T1_R1_vs_R2,natural_variability,2,RShoulder_to_RUArm_rx,RShoulder_to_RUArm,rx,0.24680089575418987,0.20439080759522424,-0.04241008815896563,0.2831115829243871,0.38085964062256056
671_T1_R1_vs_R2,natural_variability,2,RShoulder_to_RUArm_ry,RShoulder_to_RUArm,ry,0.03970146794793626,0.01065455135108093,-0.02904691659685533,0.2831115829243871,0.38085964062256056
671_T1_R1_vs_R2,natural_variability,2,RShoulder_to_RUArm_rz,RShoulder_to_RUArm,rz,0.14133742091077417,0.2550300456319468,0.11369262472117264,0.2831115829243871,0.38085964062256056
671_T1_R1_vs_R2,natural_variability,2,RThigh_to_RShin_rx,RThigh_to_RShin,rx,0.0036666340250573097,0.009600451369690847,0.005933817344633537,0.2831115829243871,0.38085964062256056
671_T1_R1_vs_R2,natural_variability,2,RThigh_to_RShin_ry,RThigh_to_RShin,ry,2.7793933812678623e-08,3.6997303410622896e-08,9.203369597944273e-09,0.2831115829243871,0.38085964062256056
671_T1_R1_vs_R2,natural_variability,2,RThigh_to_RShin_rz,RThigh_to_RShin,rz,3.214640676144834e-08,4.3326079029955184e-08,1.1179672268506843e-08,0.2831115829243871,0.38085964062256056
671_T1_R1_vs_R2,natural_variability,2,RUArm_to_RFArm_rx,RUArm_to_RFArm,rx,0.007887482499439342,0.21543502928591826,0.2075475467864789,0.2831115829243871,0.38085964062256056
671_T1_R1_vs_R2,natural_variability,2,RUArm_to_RFArm_ry,RUArm_to_RFArm,ry,0.38424636180340266,0.19087079811580698,-0.19337556368759568,0.2831115829243871,0.38085964062256056
671_T1_R1_vs_R2,natural_variability,2,RUArm_to_RFArm_rz,RUArm_to_RFArm,rz,0.06392775106568274,0.12318161413133531,0.05925386306565257,0.2831115829243871,0.38085964062256056
671_T1_R1_vs_R2,natural_variability,3,Chest_to_LShoulder_rx,Chest_to_LShoulder,rx,0.012240033568364842,0.05887451434035498,0.046634480771990144,0.1425947852868384,0.11804147012523772
671_T1_R1_vs_R2,natural_variability,3,Chest_to_LShoulder_ry,Chest_to_LShoulder,ry,0.009620301349543765,0.017818539145808575,0.00819823779626481,0.1425947852868384,0.11804147012523772
671_T1_R1_vs_R2,natural_variability,3,Chest_to_LShoulder_rz,Chest_to_LShoulder,rz,0.023354403362939473,0.06460502273251365,0.04125061936957417,0.1425947852868384,0.11804147012523772
671_T1_R1_vs_R2,natural_variability,3,Chest_to_Neck_rx,Chest_to_Neck,rx,0.009916307459281092,0.007653811212916277,-0.002262496246364815,0.1425947852868384,0.11804147012523772
671_T1_R1_vs_R2,natural_variability,3,Chest_to_Neck_ry,Chest_to_Neck,ry,0.007267784368852505,0.016961872371098863,0.009694088002246358,0.1425947852868384,0.11804147012523772
671_T1_R1_vs_R2,natural_variability,3,Chest_to_Neck_rz,Chest_to_Neck,rz,0.017229799271721014,0.024415694062015564,0.00718589479029455,0.1425947852868384,0.11804147012523772
671_T1_R1_vs_R2,natural_variability,3,Chest_to_RShoulder_rx,Chest_to_RShoulder,rx,0.007180116164011627,0.00034357416443080705,-0.00683654199958082,0.1425947852868384,0.11804147012523772
671_T1_R1_vs_R2,natural_variability,3,Chest_to_RShoulder_ry,Chest_to_RShoulder,ry,0.019287842045135343,0.02183514914480603,0.002547307099670687,0.1425947852868384,0.11804147012523772
671_T1_R1_vs_R2,natural_variability,3,Chest_to_RShoulder_rz,Chest_to_RShoulder,rz,0.10084411227452472,0.012712100005001727,-0.088132012269523,0.1425947852868384,0.11804147012523772
671_T1_R1_vs_R2,natural_variability,3,LFArm_to_LHand_rx,LFArm_to_LHand,rx,0.2136413163642609,0.1484395467645513,-0.06520176959970961,0.1425947852868384,0.11804147012523772
671_T1_R1_vs_R2,natural_variability,3,LFArm_to_LHand_ry,LFArm_to_LHand,ry,0.19807324481804933,0.13927356951430747,-0.05879967530374186,0.1425947852868384,0.11804147012523772
671_T1_R1_vs_R2,natural_variability,3,LFArm_to_LHand_rz,LFArm_to_LHand,rz,0.18463598622944175,0.21764313940120272,0.03300715317176098,0.1425947852868384,0.11804147012523772
671_T1_R1_vs_R2,natural_variability,3,LShin_to_LFoot_rx,LShin_to_LFoot,rx,0.001156456299492066,0.0010959586489414027,-6.049765055066332e-05,0.1425947852868384,0.11804147012523772
671_T1_R1_vs_R2,natural_variability,3,LShin_to_LFoot_ry,LShin_to_LFoot,ry,0.0019782033785331254,0.027946927146596502,0.025968723768063376,0.1425947852868384,0.11804147012523772
671_T1_R1_vs_R2,natural_variability,3,LShin_to_LFoot_rz,LShin_to_LFoot,rz,0.0016225455100311761,0.0007257685366439229,-0.0008967769733872532,0.1425947852868384,0.11804147012523772
671_T1_R1_vs_R2,natural_variability,3,LShoulder_to_LUArm_rx,LShoulder_to_LUArm,rx,0.009900575719158523,0.3439164419948123,0.33401586627565377,0.1425947852868384,0.11804147012523772
671_T1_R1_vs_R2,natural_variability,3,LShoulder_to_LUArm_ry,LShoulder_to_LUArm,ry,0.12513514465999598,0.059105136211791844,-0.06603000844820414,0.1425947852868384,0.11804147012523772
671_T1_R1_vs_R2,natural_variability,3,LShoulder_to_LUArm_rz,LShoulder_to_LUArm,rz,0.04585166210367732,0.20066506951537785,0.15481340741170052,0.1425947852868384,0.11804147012523772
671_T1_R1_vs_R2,natural_variability,3,LThigh_to_LShin_rx,LThigh_to_LShin,rx,0.007023264962105614,0.006953723246111939,-6.954171599367516e-05,0.1425947852868384,0.11804147012523772
671_T1_R1_vs_R2,natural_variability,3,LThigh_to_LShin_ry,LThigh_to_LShin,ry,2.163873532910055e-08,5.283683332799271e-08,3.119809799889216e-08,0.1425947852868384,0.11804147012523772
671_T1_R1_vs_R2,natural_variability,3,LThigh_to_LShin_rz,LThigh_to_LShin,rz,1.1800054834741227e-09,7.62023482624795e-08,7.502234277900538e-08,0.1425947852868384,0.11804147012523772
671_T1_R1_vs_R2,natural_variability,3,LUArm_to_LFArm_rx,LUArm_to_LFArm,rx,0.11216468616480364,0.36448181652623207,0.25231713036142844,0.1425947852868384,0.11804147012523772
671_T1_R1_vs_R2,natural_variability,3,LUArm_to_LFArm_ry,LUArm_to_LFArm,ry,0.6020779667600372,0.21077483709433428,-0.3913031296657029,0.1425947852868384,0.11804147012523772
671_T1_R1_vs_R2,natural_variability,3,LUArm_to_LFArm_rz,LUArm_to_LFArm,rz,0.022792519509137927,0.34154011381357563,0.3187475943044377,0.1425947852868384,0.11804147012523772
671_T1_R1_vs_R2,natural_variability,3,Neck_to_Head_rx,Neck_to_Head,rx,0.00991620780721152,0.007653714787935117,-0.0022624930192764025,0.1425947852868384,0.11804147012523772
671_T1_R1_vs_R2,natural_variability,3,Neck_to_Head_ry,Neck_to_Head,ry,0.007267775077176621,0.016961940955640055,0.009694165878463435,0.1425947852868384,0.11804147012523772
671_T1_R1_vs_R2,natural_variability,3,Neck_to_Head_rz,Neck_to_Head,rz,0.017229845691337457,0.02441569320771422,0.007185847516376763,0.1425947852868384,0.11804147012523772
671_T1_R1_vs_R2,natural_variability,3,RFArm_to_RHand_rx,RFArm_to_RHand,rx,0.2882261807457622,0.23897043009326885,-0.049255750652493324,0.1425947852868384,0.11804147012523772
671_T1_R1_vs_R2,natural_variability,3,RFArm_to_RHand_ry,RFArm_to_RHand,ry,0.12621403939474812,0.07751149090464725,-0.048702548490100875,0.1425947852868384,0.11804147012523772
671_T1_R1_vs_R2,natural_variability,3,RFArm_to_RHand_rz,RFArm_to_RHand,rz,0.4598998337224846,0.3605735575338015,-0.09932627618868312,0.1425947852868384,0.11804147012523772
671_T1_R1_vs_R2,natural_variability,3,RShin_to_RFoot_rx,RShin_to_RFoot,rx,0.002313457345076953,0.007951863954388362,0.005638406609311409,0.1425947852868384,0.11804147012523772
671_T1_R1_vs_R2,natural_variability,3,RShin_to_RFoot_ry,RShin_to_RFoot,ry,0.0015268944352581847,0.02768765958734966,0.026160765152091474,0.1425947852868384,0.11804147012523772
671_T1_R1_vs_R2,natural_variability,3,RShin_to_RFoot_rz,RShin_to_RFoot,rz,0.004874326711988164,0.0014249791752520503,-0.003449347536736113,0.1425947852868384,0.11804147012523772
671_T1_R1_vs_R2,natural_variability,3,RShoulder_to_RUArm_rx,RShoulder_to_RUArm,rx,0.14793172302590327,0.05724421647725144,-0.09068750654865182,0.1425947852868384,0.11804147012523772
671_T1_R1_vs_R2,natural_variability,3,RShoulder_to_RUArm_ry,RShoulder_to_RUArm,ry,0.09503159244921949,0.09389879291912843,-0.0011327995300910582,0.1425947852868384,0.11804147012523772
671_T1_R1_vs_R2,natural_variability,3,RShoulder_to_RUArm_rz,RShoulder_to_RUArm,rz,0.16057413072357515,0.03812062638849042,-0.12245350433508473,0.1425947852868384,0.11804147012523772
671_T1_R1_vs_R2,natural_variability,3,RThigh_to_RShin_rx,RThigh_to_RShin,rx,0.006648146647267188,0.005671541860347127,-0.000976604786920061,0.1425947852868384,0.11804147012523772
671_T1_R1_vs_R2,natural_variability,3,RThigh_to_RShin_ry,RThigh_to_RShin,ry,2.7201042649301606e-08,2.9630262684756065e-08,2.4292200354544587e-09,0.1425947852868384,0.11804147012523772
671_T1_R1_vs_R2,natural_variability,3,RThigh_to_RShin_rz,RThigh_to_RShin,rz,4.677542184899516e-08,5.6229149611136116e-08,9.453727762140958e-09,0.1425947852868384,0.11804147012523772
671_T1_R1_vs_R2,natural_variability,3,RUArm_to_RFArm_rx,RUArm_to_RFArm,rx,0.2598304585654295,0.0181657211552755,-0.241664737410154,0.1425947852868384,0.11804147012523772
671_T1_R1_vs_R2,natural_variability,3,RUArm_to_RFArm_ry,RUArm_to_RFArm,ry,0.17190351947112958,0.4756988143751205,0.30379529490399093,0.1425947852868384,0.11804147012523772
671_T1_R1_vs_R2,natural_variability,3,RUArm_to_RFArm_rz,RUArm_to_RFArm,rz,0.1043692046075798,0.09883504335113232,-0.005534161256447484,0.1425947852868384,0.11804147012523772
671_T1_R1_vs_R2,natural_variability,4,Chest_to_LShoulder_rx,Chest_to_LShoulder,rx,0.05208080927134041,0.008223936485462238,-0.04385687278587817,0.07551841604620203,0.05288578646896847
671_T1_R1_vs_R2,natural_variability,4,Chest_to_LShoulder_ry,Chest_to_LShoulder,ry,0.009942774201383394,0.009089640723914338,-0.0008531334774690563,0.07551841604620203,0.05288578646896847
671_T1_R1_vs_R2,natural_variability,4,Chest_to_LShoulder_rz,Chest_to_LShoulder,rz,0.05085929342019744,0.011014739865935114,-0.03984455355426232,0.07551841604620203,0.05288578646896847
671_T1_R1_vs_R2,natural_variability,4,Chest_to_Neck_rx,Chest_to_Neck,rx,0.013863384726014215,0.001275660258092677,-0.012587724467921538,0.07551841604620203,0.05288578646896847
671_T1_R1_vs_R2,natural_variability,4,Chest_to_Neck_ry,Chest_to_Neck,ry,0.002041002207344152,0.0003228226216407498,-0.0017181795857034022,0.07551841604620203,0.05288578646896847
671_T1_R1_vs_R2,natural_variability,4,Chest_to_Neck_rz,Chest_to_Neck,rz,0.0007659139724140551,0.007666674043837514,0.00690076007142346,0.07551841604620203,0.05288578646896847
671_T1_R1_vs_R2,natural_variability,4,Chest_to_RShoulder_rx,Chest_to_RShoulder,rx,0.033122594788608246,0.04164785908075805,0.008525264292149802,0.07551841604620203,0.05288578646896847
671_T1_R1_vs_R2,natural_variability,4,Chest_to_RShoulder_ry,Chest_to_RShoulder,ry,0.014053342079967057,0.00622978852864632,-0.007823553551320736,0.07551841604620203,0.05288578646896847
671_T1_R1_vs_R2,natural_variability,4,Chest_to_RShoulder_rz,Chest_to_RShoulder,rz,0.0925528859343825,0.09863828999525957,0.00608540406087707,0.07551841604620203,0.05288578646896847
671_T1_R1_vs_R2,natural_variability,4,LFArm_to_LHand_rx,LFArm_to_LHand,rx,0.026869020574749766,0.14945016616413648,0.12258114558938671,0.07551841604620203,0.05288578646896847
671_T1_R1_vs_R2,natural_variability,4,LFArm_to_LHand_ry,LFArm_to_LHand,ry,0.13090255677742108,0.16988998269603797,0.0389874259186169,0.07551841604620203,0.05288578646896847
671_T1_R1_vs_R2,natural_variability,4,LFArm_to_LHand_rz,LFArm_to_LHand,rz,0.1254206813898877,0.3349891425371244,0.2095684611472367,0.07551841604620203,0.05288578646896847
671_T1_R1_vs_R2,natural_variability,4,LShin_to_LFoot_rx,LShin_to_LFoot,rx,0.0006400703346308026,0.0006089813577774778,-3.108897685332487e-05,0.07551841604620203,0.05288578646896847
671_T1_R1_vs_R2,natural_variability,4,LShin_to_LFoot_ry,LShin_to_LFoot,ry,0.00545251423262769,0.014726472670441101,0.009273958437813411,0.07551841604620203,0.05288578646896847
671_T1_R1_vs_R2,natural_variability,4,LShin_to_LFoot_rz,LShin_to_LFoot,rz,0.0005392670952751095,0.0012387746280948426,0.0006995075328197331,0.07551841604620203,0.05288578646896847
671_T1_R1_vs_R2,natural_variability,4,LShoulder_to_LUArm_rx,LShoulder_to_LUArm,rx,0.23618315270684773,0.05797691305145578,-0.17820623965539195,0.07551841604620203,0.05288578646896847
671_T1_R1_vs_R2,natural_variability,4,LShoulder_to_LUArm_ry,LShoulder_to_LUArm,ry,0.06208882254843163,0.0808161685279215,0.018727345979489878,0.07551841604620203,0.05288578646896847
671_T1_R1_vs_R2,natural_variability,4,LShoulder_to_LUArm_rz,LShoulder_to_LUArm,rz,0.1457317662710831,0.03841805924615152,-0.10731370702493159,0.07551841604620203,0.05288578646896847
671_T1_R1_vs_R2,natural_variability,4,LThigh_to_LShin_rx,LThigh_to_LShin,rx,0.005332811972218234,0.0009506022213298303,-0.004382209750888403,0.07551841604620203,0.05288578646896847
671_T1_R1_vs_R2,natural_variability,4,LThigh_to_LShin_ry,LThigh_to_LShin,ry,1.0544980580918535e-07,7.27507192693008e-08,-3.269908653988455e-08,0.07551841604620203,0.05288578646896847
671_T1_R1_vs_R2,natural_variability,4,LThigh_to_LShin_rz,LThigh_to_LShin,rz,1.1692893114919444e-07,5.307934039070613e-08,-6.38495907584883e-08,0.07551841604620203,0.05288578646896847
671_T1_R1_vs_R2,natural_variability,4,LUArm_to_LFArm_rx,LUArm_to_LFArm,rx,0.3796721703142625,0.09906247023660894,-0.2806097000776535,0.07551841604620203,0.05288578646896847
671_T1_R1_vs_R2,natural_variability,4,LUArm_to_LFArm_ry,LUArm_to_LFArm,ry,0.27759959052591465,0.5267775769918671,0.24917798646595246,0.07551841604620203,0.05288578646896847
671_T1_R1_vs_R2,natural_variability,4,LUArm_to_LFArm_rz,LUArm_to_LFArm,rz,0.38837541151255944,0.021736125619501164,-0.3666392858930583,0.07551841604620203,0.05288578646896847
671_T1_R1_vs_R2,natural_variability,4,Neck_to_Head_rx,Neck_to_Head,rx,0.013863342358045842,0.0012757146687056519,-0.01258762768934019,0.07551841604620203,0.05288578646896847
671_T1_R1_vs_R2,natural_variability,4,Neck_to_Head_ry,Neck_to_Head,ry,0.002040903576771812,0.0003228644431675098,-0.001718039133604302,0.07551841604620203,0.05288578646896847
671_T1_R1_vs_R2,natural_variability,4,Neck_to_Head_rz,Neck_to_Head,rz,0.0007659456136380108,0.007666778091010888,0.006900832477372877,0.07551841604620203,0.05288578646896847
671_T1_R1_vs_R2,natural_variability,4,RFArm_to_RHand_rx,RFArm_to_RHand,rx,0.062135177986651934,0.06230140447312323,0.00016622648647129923,0.07551841604620203,0.05288578646896847
671_T1_R1_vs_R2,natural_variability,4,RFArm_to_RHand_ry,RFArm_to_RHand,ry,0.06230992921965187,0.015109395735913243,-0.04720053348373863,0.07551841604620203,0.05288578646896847
671_T1_R1_vs_R2,natural_variability,4,RFArm_to_RHand_rz,RFArm_to_RHand,rz,0.10053065640548292,0.2830501965318417,0.1825195401263588,0.07551841604620203,0.05288578646896847
671_T1_R1_vs_R2,natural_variability,4,RShin_to_RFoot_rx,RShin_to_RFoot,rx,0.004695692736881336,0.0019320628929085086,-0.0027636298439728275,0.07551841604620203,0.05288578646896847
671_T1_R1_vs_R2,natural_variability,4,RShin_to_RFoot_ry,RShin_to_RFoot,ry,0.0022820914292724817,0.010925385714478333,0.008643294285205851,0.07551841604620203,0.05288578646896847
671_T1_R1_vs_R2,natural_variability,4,RShin_to_RFoot_rz,RShin_to_RFoot,rz,0.0002050187683187067,0.0038164159844697792,0.0036113972161510724,0.07551841604620203,0.05288578646896847
671_T1_R1_vs_R2,natural_variability,4,RShoulder_to_RUArm_rx,RShoulder_to_RUArm,rx,0.2151747094395182,0.2609279494694806,0.04575324002996242,0.07551841604620203,0.05288578646896847
671_T1_R1_vs_R2,natural_variability,4,RShoulder_to_RUArm_ry,RShoulder_to_RUArm,ry,0.08123044398030485,0.004312623971344067,-0.07691782000896079,0.07551841604620203,0.05288578646896847
671_T1_R1_vs_R2,natural_variability,4,RShoulder_to_RUArm_rz,RShoulder_to_RUArm,rz,0.21199376325672262,0.20319826917597816,-0.008795494080744454,0.07551841604620203,0.05288578646896847
671_T1_R1_vs_R2,natural_variability,4,RThigh_to_RShin_rx,RThigh_to_RShin,rx,0.0018200354223049148,0.009659152264021675,0.00783911684171676,0.07551841604620203,0.05288578646896847
671_T1_R1_vs_R2,natural_variability,4,RThigh_to_RShin_ry,RThigh_to_RShin,ry,4.5350379254536733e-08,2.4146808220937344e-08,-2.120357103359939e-08,0.07551841604620203,0.05288578646896847
671_T1_R1_vs_R2,natural_variability,4,RThigh_to_RShin_rz,RThigh_to_RShin,rz,4.859507646831952e-08,3.5346039275353914e-08,-1.3249037192965603e-08,0.07551841604620203,0.05288578646896847
671_T1_R1_vs_R2,natural_variability,4,RUArm_to_RFArm_rx,RUArm_to_RFArm,rx,0.17387284096051,0.21469138749538208,0.040818546534872074,0.07551841604620203,0.05288578646896847
671_T1_R1_vs_R2,natural_variability,4,RUArm_to_RFArm_ry,RUArm_to_RFArm,ry,0.5448407432750865,0.4912163419104686,-0.05362440136461788,0.07551841604620203,0.05288578646896847
671_T1_R1_vs_R2,natural_variability,4,RUArm_to_RFArm_rz,RUArm_to_RFArm,rz,0.2344659100676914,0.20996345045725,-0.024502459610441396,0.07551841604620203,0.05288578646896847
