comparison_id,kind,pc,feature,link_id,axis,loading_A_abs,loading_B_reprojected_abs,jcvpca_axis,explained_variance_A,explained_variance_B_projected
252_T1_vs_T2,longitudinal,1,252_to_LThigh_rx,252_to_LThigh,rx,0.01697165846379614,0.12485254568985045,0.10788088722605431,0.22064000484601531,0.3411071049847965
252_T1_vs_T2,longitudinal,1,252_to_LThigh_ry,252_to_LThigh,ry,0.049658876245366114,0.07171043832312146,0.022051562077755348,0.22064000484601531,0.3411071049847965
252_T1_vs_T2,longitudinal,1,252_to_LThigh_rz,252_to_LThigh,rz,0.027887086920575024,0.04748993100659376,0.019602844086018735,0.22064000484601531,0.3411071049847965
252_T1_vs_T2,longitudinal,1,252_to_RThigh_rx,252_to_RThigh,rx,0.03258332211092372,0.04358804845598874,0.011004726345065018,0.22064000484601531,0.3411071049847965
252_T1_vs_T2,longitudinal,1,252_to_RThigh_ry,252_to_RThigh,ry,0.03851387957604626,0.05242197202496176,0.013908092448915499,0.22064000484601531,0.3411071049847965
252_T1_vs_T2,longitudinal,1,252_to_RThigh_rz,252_to_RThigh,rz,0.034945773990071025,0.05040252367867292,0.015456749688601897,0.22064000484601531,0.3411071049847965
252_T1_vs_T2,longitudinal,1,Chest_to_LShoulder_rx,Chest_to_LShoulder,rx,0.03585584388181655,0.061178760253348605,0.025322916371532056,0.22064000484601531,0.3411071049847965
252_T1_vs_T2,longitudinal,1,Chest_to_LShoulder_ry,Chest_to_LShoulder,ry,0.010391330152982417,0.015511780858039628,0.005120450705057211,0.22064000484601531,0.3411071049847965
252_T1_vs_T2,longitudinal,1,Chest_to_LShoulder_rz,Chest_to_LShoulder,rz,0.07787711417498439,0.042320712537368875,-0.03555640163761551,0.22064000484601531,0.3411071049847965
252_T1_vs_T2,longitudinal,1,Chest_to_Neck_rx,Chest_to_Neck,rx,0.003548616494172356,0.0207704985980638,0.017221882103891445,0.22064000484601531,0.3411071049847965
252_T1_vs_T2,longitudinal,1,Chest_to_Neck_ry,Chest_to_Neck,ry,0.05473394070698616,0.06079117607542355,0.006057235368437393,0.22064000484601531,0.3411071049847965
252_T1_vs_T2,longitudinal,1,Chest_to_Neck_rz,Chest_to_Neck,rz,0.026584253666722655,0.031826357774863,0.005242104108140345,0.22064000484601531,0.3411071049847965
252_T1_vs_T2,longitudinal,1,Chest_to_RShoulder_rx,Chest_to_RShoulder,rx,0.0551782943104381,0.03793815866604147,-0.01724013564439663,0.22064000484601531,0.3411071049847965
252_T1_vs_T2,longitudinal,1,Chest_to_RShoulder_ry,Chest_to_RShoulder,ry,0.03038899789419632,0.028006221556858824,-0.0023827763373374944,0.22064000484601531,0.3411071049847965
252_T1_vs_T2,longitudinal,1,Chest_to_RShoulder_rz,Chest_to_RShoulder,rz,0.016730077941153512,0.06352620569130953,0.046796127750156014,0.22064000484601531,0.3411071049847965
252_T1_vs_T2,longitudinal,1,LFArm_to_LHand_rx,LFArm_to_LHand,rx,0.0045136635769527506,0.007354998762590798,0.002841335185638048,0.22064000484601531,0.3411071049847965
252_T1_vs_T2,longitudinal,1,LFArm_to_LHand_ry,LFArm_to_LHand,ry,0.05219556738418867,0.008605644986910422,-0.04358992239727825,0.22064000484601531,0.3411071049847965
252_T1_vs_T2,longitudinal,1,LFArm_to_LHand_rz,LFArm_to_LHand,rz,0.10417524375763589,0.03975853107271961,-0.06441671268491628,0.22064000484601531,0.3411071049847965
252_T1_vs_T2,longitudinal,1,LShin_to_LFoot_rx,LShin_to_LFoot,rx,0.015984545214575988,0.005109628717622948,-0.01087491649695304,0.22064000484601531,0.3411071049847965
252_T1_vs_T2,longitudinal,1,LShin_to_LFoot_ry,LShin_to_LFoot,ry,0.010711152118713381,0.02355750349529929,0.01284635137658591,0.22064000484601531,0.3411071049847965
252_T1_vs_T2,longitudinal,1,LShin_to_LFoot_rz,LShin_to_LFoot,rz,0.0032086227632324217,0.013376847615534232,0.01016822485230181,0.22064000484601531,0.3411071049847965
252_T1_vs_T2,longitudinal,1,LShoulder_to_LUArm_rx,LShoulder_to_LUArm,rx,0.1304026706391334,0.32713738428505706,0.19673471364592365,0.22064000484601531,0.3411071049847965
252_T1_vs_T2,longitudinal,1,LShoulder_to_LUArm_ry,LShoulder_to_LUArm,ry,0.3575736516415701,0.057374253038834276,-0.30019939860273587,0.22064000484601531,0.3411071049847965
252_T1_vs_T2,longitudinal,1,LShoulder_to_LUArm_rz,LShoulder_to_LUArm,rz,0.19919042824279629,0.05542965844807818,-0.1437607697947181,0.22064000484601531,0.3411071049847965
252_T1_vs_T2,longitudinal,1,LThigh_to_LShin_rx,LThigh_to_LShin,rx,0.04314747796880018,0.07025501291934658,0.027107534950546394,0.22064000484601531,0.3411071049847965
252_T1_vs_T2,longitudinal,1,LThigh_to_LShin_ry,LThigh_to_LShin,ry,4.128220329308277e-10,5.623179950163965e-09,5.2103579172331375e-09,0.22064000484601531,0.3411071049847965
252_T1_vs_T2,longitudinal,1,LThigh_to_LShin_rz,LThigh_to_LShin,rz,2.0493102120200784e-08,1.4811536920903536e-08,-5.6815651992972484e-09,0.22064000484601531,0.3411071049847965
252_T1_vs_T2,longitudinal,1,LUArm_to_LFArm_rx,LUArm_to_LFArm,rx,0.08591700034401659,0.28846715503027065,0.20255015468625406,0.22064000484601531,0.3411071049847965
252_T1_vs_T2,longitudinal,1,LUArm_to_LFArm_ry,LUArm_to_LFArm,ry,0.6009457333532779,0.5785107978963144,-0.022434935456963512,0.22064000484601531,0.3411071049847965
252_T1_vs_T2,longitudinal,1,LUArm_to_LFArm_rz,LUArm_to_LFArm,rz,0.14609175859179613,0.051951423784399646,-0.09414033480739648,0.22064000484601531,0.3411071049847965
252_T1_vs_T2,longitudinal,1,Neck_to_Head_rx,Neck_to_Head,rx,0.003578408578000879,0.020501659750822993,0.016923251172822115,0.22064000484601531,0.3411071049847965
252_T1_vs_T2,longitudinal,1,Neck_to_Head_ry,Neck_to_Head,ry,0.04873980097701733,0.05370954177877969,0.004969740801762365,0.22064000484601531,0.3411071049847965
252_T1_vs_T2,longitudinal,1,Neck_to_Head_rz,Neck_to_Head,rz,0.03642226707605782,0.042717897497443036,0.006295630421385215,0.22064000484601531,0.3411071049847965
252_T1_vs_T2,longitudinal,1,RFArm_to_RHand_rx,RFArm_to_RHand,rx,0.006106861355517753,0.0027764255983354414,-0.0033304357571823117,0.22064000484601531,0.3411071049847965
252_T1_vs_T2,longitudinal,1,RFArm_to_RHand_ry,RFArm_to_RHand,ry,0.015394928679005519,0.045883251363635615,0.030488322684630094,0.22064000484601531,0.3411071049847965
252_T1_vs_T2,longitudinal,1,RFArm_to_RHand_rz,RFArm_to_RHand,rz,0.11013111131018762,0.020843562677629567,-0.08928754863255806,0.22064000484601531,0.3411071049847965
252_T1_vs_T2,longitudinal,1,RShin_to_RFoot_rx,RShin_to_RFoot,rx,0.009937981076547647,0.031422237075772054,0.021484255999224405,0.22064000484601531,0.3411071049847965
252_T1_vs_T2,longitudinal,1,RShin_to_RFoot_ry,RShin_to_RFoot,ry,0.02035357332426607,0.038781023808493,0.01842745048422693,0.22064000484601531,0.3411071049847965
252_T1_vs_T2,longitudinal,1,RShin_to_RFoot_rz,RShin_to_RFoot,rz,0.00029182210216870894,0.017923401735356895,0.017631579633188187,0.22064000484601531,0.3411071049847965
252_T1_vs_T2,longitudinal,1,RShoulder_to_RUArm_rx,RShoulder_to_RUArm,rx,0.5298780079213163,0.09227939989314539,-0.43759860802817097,0.22064000484601531,0.3411071049847965
252_T1_vs_T2,longitudinal,1,RShoulder_to_RUArm_ry,RShoulder_to_RUArm,ry,0.015494938106748086,0.14001997981624148,0.1245250417094934,0.22064000484601531,0.3411071049847965
252_T1_vs_T2,longitudinal,1,RShoulder_to_RUArm_rz,RShoulder_to_RUArm,rz,0.11050914129045622,0.19310518316432254,0.08259604187386632,0.22064000484601531,0.3411071049847965
252_T1_vs_T2,longitudinal,1,RThigh_to_RShin_rx,RThigh_to_RShin,rx,0.03143383043828745,0.05175777981447896,0.02032394937619151,0.22064000484601531,0.3411071049847965
252_T1_vs_T2,longitudinal,1,RThigh_to_RShin_ry,RThigh_to_RShin,ry,1.0751519030637124e-08,1.8504404670125684e-08,7.75288563948856e-09,0.22064000484601531,0.3411071049847965
252_T1_vs_T2,longitudinal,1,RThigh_to_RShin_rz,RThigh_to_RShin,rz,2.4768336207344115e-11,1.2994921436344498e-08,1.2970153100137154e-08,0.22064000484601531,0.3411071049847965
252_T1_vs_T2,longitudinal,1,RUArm_to_RFArm_rx,RUArm_to_RFArm,rx,0.16337366304299977,0.12558159257227614,-0.03779207047072364,0.22064000484601531,0.3411071049847965
252_T1_vs_T2,longitudinal,1,RUArm_to_RFArm_ry,RUArm_to_RFArm,ry,0.21692496800294309,0.5246287720330857,0.3077038040301426,0.22064000484601531,0.3411071049847965
252_T1_vs_T2,longitudinal,1,RUArm_to_RFArm_rz,RUArm_to_RFArm,rz,0.049500524872919616,0.20418582882168135,0.15468530394876173,0.22064000484601531,0.3411071049847965
252_T1_vs_T2,longitudinal,2,252_to_LThigh_rx,252_to_LThigh,rx,0.030717959987384517,0.03023785825651572,-0.0004801017308687962,0.1984810473719886,0.2696320589270989
252_T1_vs_T2,longitudinal,2,252_to_LThigh_ry,252_to_LThigh,ry,0.004256058097803752,0.01613304708297645,0.011876988985172698,0.1984810473719886,0.2696320589270989
252_T1_vs_T2,longitudinal,2,252_to_LThigh_rz,252_to_LThigh,rz,0.00878951109157834,0.008372769502036937,-0.00041674158954140353,0.1984810473719886,0.2696320589270989
252_T1_vs_T2,longitudinal,2,252_to_RThigh_rx,252_to_RThigh,rx,0.006500368427189307,0.017452930005151465,0.010952561577962157,0.1984810473719886,0.2696320589270989
252_T1_vs_T2,longitudinal,2,252_to_RThigh_ry,252_to_RThigh,ry,0.00317192706195704,0.01991785678588035,0.01674592972392331,0.1984810473719886,0.2696320589270989
252_T1_vs_T2,longitudinal,2,252_to_RThigh_rz,252_to_RThigh,rz,0.00677699950676402,0.012665757859440515,0.005888758352676495,0.1984810473719886,0.2696320589270989
252_T1_vs_T2,longitudinal,2,Chest_to_LShoulder_rx,Chest_to_LShoulder,rx,0.003601796270123741,0.006804899143726003,0.003203102873602262,0.1984810473719886,0.2696320589270989
252_T1_vs_T2,longitudinal,2,Chest_to_LShoulder_ry,Chest_to_LShoulder,ry,0.01599902543683621,0.022292428874864746,0.0062934034380285366,0.1984810473719886,0.2696320589270989
252_T1_vs_T2,longitudinal,2,Chest_to_LShoulder_rz,Chest_to_LShoulder,rz,0.017500403348509774,0.015579066188285109,-0.0019213371602246655,0.1984810473719886,0.2696320589270989
252_T1_vs_T2,longitudinal,2,Chest_to_Neck_rx,Chest_to_Neck,rx,0.008445970068026895,0.018942282728491067,0.010496312660464172,0.1984810473719886,0.2696320589270989
252_T1_vs_T2,longitudinal,2,Chest_to_Neck_ry,Chest_to_Neck,ry,9.032630334833365e-05,0.029275785190106204,0.02918545888675787,0.1984810473719886,0.2696320589270989
252_T1_vs_T2,longitudinal,2,Chest_to_Neck_rz,Chest_to_Neck,rz,0.017991849848179833,0.0068338817889482305,-0.011157968059231603,0.1984810473719886,0.2696320589270989
252_T1_vs_T2,longitudinal,2,Chest_to_RShoulder_rx,Chest_to_RShoulder,rx,0.0063999049781397485,0.039573676936940326,0.03317377195880058,0.1984810473719886,0.2696320589270989
252_T1_vs_T2,longitudinal,2,Chest_to_RShoulder_ry,Chest_to_RShoulder,ry,0.025724478269214028,0.005109380725950303,-0.020615097543263725,0.1984810473719886,0.2696320589270989
252_T1_vs_T2,longitudinal,2,Chest_to_RShoulder_rz,Chest_to_RShoulder,rz,0.0975706978764526,0.057992458140938216,-0.03957823973551439,0.1984810473719886,0.2696320589270989
252_T1_vs_T2,longitudinal,2,LFArm_to_LHand_rx,LFArm_to_LHand,rx,0.006985634851847546,0.0011352405143121333,-0.005850394337535413,0.1984810473719886,0.2696320589270989
252_T1_vs_T2,longitudinal,2,LFArm_to_LHand_ry,LFArm_to_LHand,ry,0.03328938351823222,0.010600522345196218,-0.022688861173036,0.1984810473719886,0.2696320589270989
252_T1_vs_T2,longitudinal,2,LFArm_to_LHand_rz,LFArm_to_LHand,rz,0.04495652468374733,0.0329086673617369,-0.012047857322010427,0.1984810473719886,0.2696320589270989
252_T1_vs_T2,longitudinal,2,LShin_to_LFoot_rx,LShin_to_LFoot,rx,0.021779416982425928,0.0056422295741783285,-0.0161371874082476,0.1984810473719886,0.2696320589270989
252_T1_vs_T2,longitudinal,2,LShin_to_LFoot_ry,LShin_to_LFoot,ry,0.01546104382284593,0.02083155093357842,0.005370507110732491,0.1984810473719886,0.2696320589270989
252_T1_vs_T2,longitudinal,2,LShin_to_LFoot_rz,LShin_to_LFoot,rz,0.0102179007230053,0.009183394492185613,-0.0010345062308196873,0.1984810473719886,0.2696320589270989
252_T1_vs_T2,longitudinal,2,LShoulder_to_LUArm_rx,LShoulder_to_LUArm,rx,0.15486551671626247,0.06635551658802728,-0.08851000012823519,0.1984810473719886,0.2696320589270989
252_T1_vs_T2,longitudinal,2,LShoulder_to_LUArm_ry,LShoulder_to_LUArm,ry,0.1253802103778452,0.0786032193339767,-0.046776991043868496,0.1984810473719886,0.2696320589270989
252_T1_vs_T2,longitudinal,2,LShoulder_to_LUArm_rz,LShoulder_to_LUArm,rz,0.0781832933792032,0.008262327975779176,-0.06992096540342402,0.1984810473719886,0.2696320589270989
252_T1_vs_T2,longitudinal,2,LThigh_to_LShin_rx,LThigh_to_LShin,rx,0.042698592819997876,0.015784703290077064,-0.026913889529920812,0.1984810473719886,0.2696320589270989
252_T1_vs_T2,longitudinal,2,LThigh_to_LShin_ry,LThigh_to_LShin,ry,1.2329508365837079e-08,1.2785752796946369e-08,4.562444311092895e-10,0.1984810473719886,0.2696320589270989
252_T1_vs_T2,longitudinal,2,LThigh_to_LShin_rz,LThigh_to_LShin,rz,1.002712758227286e-09,6.8887678159320116e-09,5.886055057704726e-09,0.1984810473719886,0.2696320589270989
252_T1_vs_T2,longitudinal,2,LUArm_to_LFArm_rx,LUArm_to_LFArm,rx,0.1286515866926796,0.013633739829085317,-0.11501784686359427,0.1984810473719886,0.2696320589270989
252_T1_vs_T2,longitudinal,2,LUArm_to_LFArm_ry,LUArm_to_LFArm,ry,0.2202500314755899,0.15559864760171813,-0.06465138387387179,0.1984810473719886,0.2696320589270989
252_T1_vs_T2,longitudinal,2,LUArm_to_LFArm_rz,LUArm_to_LFArm,rz,0.09180497769591485,0.048112345564804745,-0.043692632131110104,0.1984810473719886,0.2696320589270989
252_T1_vs_T2,longitudinal,2,Neck_to_Head_rx,Neck_to_Head,rx,0.008466578971035822,0.019076844891437413,0.01061026592040159,0.1984810473719886,0.2696320589270989
252_T1_vs_T2,longitudinal,2,Neck_to_Head_ry,Neck_to_Head,ry,0.0033784862448361964,0.027434603025796075,0.02405611678095988,0.1984810473719886,0.2696320589270989
252_T1_vs_T2,longitudinal,2,Neck_to_Head_rz,Neck_to_Head,rz,0.01763559162319646,0.012183565490719493,-0.005452026132476966,0.1984810473719886,0.2696320589270989
252_T1_vs_T2,longitudinal,2,RFArm_to_RHand_rx,RFArm_to_RHand,rx,0.012053251017126785,0.013551346142734642,0.001498095125607857,0.1984810473719886,0.2696320589270989
252_T1_vs_T2,longitudinal,2,RFArm_to_RHand_ry,RFArm_to_RHand,ry,0.08783379863427317,0.06961793961620125,-0.01821585901807192,0.1984810473719886,0.2696320589270989
252_T1_vs_T2,longitudinal,2,RFArm_to_RHand_rz,RFArm_to_RHand,rz,0.12597162678377774,0.15632301869103563,0.030351391907257885,0.1984810473719886,0.2696320589270989
252_T1_vs_T2,longitudinal,2,RShin_to_RFoot_rx,RShin_to_RFoot,rx,0.006119449362319837,0.005143463432510477,-0.0009759859298093601,0.1984810473719886,0.2696320589270989
252_T1_vs_T2,longitudinal,2,RShin_to_RFoot_ry,RShin_to_RFoot,ry,0.017611914532781256,0.017803997365395903,0.00019208283261464704,0.1984810473719886,0.2696320589270989
252_T1_vs_T2,longitudinal,2,RShin_to_RFoot_rz,RShin_to_RFoot,rz,0.008154679525391619,0.005084056466480914,-0.003070623058910705,0.1984810473719886,0.2696320589270989
252_T1_vs_T2,longitudinal,2,RShoulder_to_RUArm_rx,RShoulder_to_RUArm,rx,0.45361226602794635,0.7093190669398834,0.2557068009119371,0.1984810473719886,0.2696320589270989
252_T1_vs_T2,longitudinal,2,RShoulder_to_RUArm_ry,RShoulder_to_RUArm,ry,0.10161726057932645,0.032526085635758775,-0.06909117494356767,0.1984810473719886,0.2696320589270989
252_T1_vs_T2,longitudinal,2,RShoulder_to_RUArm_rz,RShoulder_to_RUArm,rz,0.2608129996582325,0.19605069366652414,-0.06476230599170837,0.1984810473719886,0.2696320589270989
252_T1_vs_T2,longitudinal,2,RThigh_to_RShin_rx,RThigh_to_RShin,rx,0.01882621818573682,0.008902082384303723,-0.009924135801433098,0.1984810473719886,0.2696320589270989
252_T1_vs_T2,longitudinal,2,RThigh_to_RShin_ry,RThigh_to_RShin,ry,7.000043464978071e-09,3.021274736044737e-09,-3.978768728933334e-09,0.1984810473719886,0.2696320589270989
252_T1_vs_T2,longitudinal,2,RThigh_to_RShin_rz,RThigh_to_RShin,rz,1.5789215533358183e-08,1.0849394130487679e-08,-4.9398214028705045e-09,0.1984810473719886,0.2696320589270989
252_T1_vs_T2,longitudinal,2,RUArm_to_RFArm_rx,RUArm_to_RFArm,rx,0.4678042700487801,0.5732514008445982,0.10544713079581813,0.1984810473719886,0.2696320589270989
252_T1_vs_T2,longitudinal,2,RUArm_to_RFArm_ry,RUArm_to_RFArm,ry,0.4849956514517322,0.040477343248324194,-0.444518308203408,0.1984810473719886,0.2696320589270989
252_T1_vs_T2,longitudinal,2,RUArm_to_RFArm_rz,RUArm_to_RFArm,rz,0.3154019306829125,0.21787309565618093,-0.09752883502673157,0.1984810473719886,0.2696320589270989
252_T1_vs_T2,longitudinal,3,252_to_LThigh_rx,252_to_LThigh,rx,0.03748154658895569,0.07121604184640178,0.03373449525744609,0.1282093069926703,0.15656550487528859
252_T1_vs_T2,longitudinal,3,252_to_LThigh_ry,252_to_LThigh,ry,0.02587191547281794,0.04643735623620305,0.02056544076338511,0.1282093069926703,0.15656550487528859
252_T1_vs_T2,longitudinal,3,252_to_LThigh_rz,252_to_LThigh,rz,0.022287897794476284,0.07652787506937647,0.05423997727490019,0.1282093069926703,0.15656550487528859
252_T1_vs_T2,longitudinal,3,252_to_RThigh_rx,252_to_RThigh,rx,0.0096281752096773,0.042585043806419774,0.032956868596742475,0.1282093069926703,0.15656550487528859
252_T1_vs_T2,longitudinal,3,252_to_RThigh_ry,252_to_RThigh,ry,0.025674216371578105,0.02902243388633951,0.003348217514761404,0.1282093069926703,0.15656550487528859
252_T1_vs_T2,longitudinal,3,252_to_RThigh_rz,252_to_RThigh,rz,0.021106204969699508,0.07507241812718818,0.053966213157488674,0.1282093069926703,0.15656550487528859
252_T1_vs_T2,longitudinal,3,Chest_to_LShoulder_rx,Chest_to_LShoulder,rx,0.02970867517879739,0.028032996698698572,-0.0016756784800988182,0.1282093069926703,0.15656550487528859
252_T1_vs_T2,longitudinal,3,Chest_to_LShoulder_ry,Chest_to_LShoulder,ry,0.02428505328901239,0.019713348741732924,-0.004571704547279468,0.1282093069926703,0.15656550487528859
252_T1_vs_T2,longitudinal,3,Chest_to_LShoulder_rz,Chest_to_LShoulder,rz,0.0017716110134793418,0.023575465762289548,0.021803854748810206,0.1282093069926703,0.15656550487528859
252_T1_vs_T2,longitudinal,3,Chest_to_Neck_rx,Chest_to_Neck,rx,0.02692091944113719,0.037737515534902184,0.010816596093764994,0.1282093069926703,0.15656550487528859
252_T1_vs_T2,longitudinal,3,Chest_to_Neck_ry,Chest_to_Neck,ry,0.002077068317879149,0.0029983814716435164,0.0009213131537643676,0.1282093069926703,0.15656550487528859
252_T1_vs_T2,longitudinal,3,Chest_to_Neck_rz,Chest_to_Neck,rz,0.02936501280112674,0.006511979321702488,-0.022853033479424252,0.1282093069926703,0.15656550487528859
252_T1_vs_T2,longitudinal,3,Chest_to_RShoulder_rx,Chest_to_RShoulder,rx,0.028496390359968173,0.01755443458728039,-0.010941955772687782,0.1282093069926703,0.15656550487528859
252_T1_vs_T2,longitudinal,3,Chest_to_RShoulder_ry,Chest_to_RShoulder,ry,0.00627604353445238,0.009088266292309756,0.0028122227578573755,0.1282093069926703,0.15656550487528859
252_T1_vs_T2,longitudinal,3,Chest_to_RShoulder_rz,Chest_to_RShoulder,rz,0.06432694745480304,0.008187332046388097,-0.056139615408414945,0.1282093069926703,0.15656550487528859
252_T1_vs_T2,longitudinal,3,LFArm_to_LHand_rx,LFArm_to_LHand,rx,0.0013291668916920632,0.000256937141557213,-0.0010722297501348501,0.1282093069926703,0.15656550487528859
252_T1_vs_T2,longitudinal,3,LFArm_to_LHand_ry,LFArm_to_LHand,ry,0.03216815542280865,0.036454156581644734,0.004286001158836081,0.1282093069926703,0.15656550487528859
252_T1_vs_T2,longitudinal,3,LFArm_to_LHand_rz,LFArm_to_LHand,rz,0.07231157455273607,0.02928422015605077,-0.0430273543966853,0.1282093069926703,0.15656550487528859
252_T1_vs_T2,longitudinal,3,LShin_to_LFoot_rx,LShin_to_LFoot,rx,0.022543920728694326,0.03282171626717574,0.010277795538481415,0.1282093069926703,0.15656550487528859
252_T1_vs_T2,longitudinal,3,LShin_to_LFoot_ry,LShin_to_LFoot,ry,2.5540164468649643e-05,0.007386212274786759,0.007360672110318109,0.1282093069926703,0.15656550487528859
252_T1_vs_T2,longitudinal,3,LShin_to_LFoot_rz,LShin_to_LFoot,rz,0.0022511128134956176,0.027389728024415222,0.025138615210919604,0.1282093069926703,0.15656550487528859
252_T1_vs_T2,longitudinal,3,LShoulder_to_LUArm_rx,LShoulder_to_LUArm,rx,0.22833936719955797,0.4021152566001144,0.1737758894005564,0.1282093069926703,0.15656550487528859
252_T1_vs_T2,longitudinal,3,LShoulder_to_LUArm_ry,LShoulder_to_LUArm,ry,0.0989014703897207,0.09096515503977069,-0.007936315349950013,0.1282093069926703,0.15656550487528859
252_T1_vs_T2,longitudinal,3,LShoulder_to_LUArm_rz,LShoulder_to_LUArm,rz,0.16512293144053358,0.13556799951293746,-0.029554931927596118,0.1282093069926703,0.15656550487528859
252_T1_vs_T2,longitudinal,3,LThigh_to_LShin_rx,LThigh_to_LShin,rx,0.059921440462184374,0.00018615015880058368,-0.05973529030338379,0.1282093069926703,0.15656550487528859
252_T1_vs_T2,longitudinal,3,LThigh_to_LShin_ry,LThigh_to_LShin,ry,8.985154159240614e-09,2.118860266256792e-10,-8.773268132614935e-09,0.1282093069926703,0.15656550487528859
252_T1_vs_T2,longitudinal,3,LThigh_to_LShin_rz,LThigh_to_LShin,rz,4.0475771746086023e-08,1.9818285061769316e-08,-2.0657486684316707e-08,0.1282093069926703,0.15656550487528859
252_T1_vs_T2,longitudinal,3,LUArm_to_LFArm_rx,LUArm_to_LFArm,rx,0.4101626426855577,0.5577766726993589,0.14761403001380125,0.1282093069926703,0.15656550487528859
252_T1_vs_T2,longitudinal,3,LUArm_to_LFArm_ry,LUArm_to_LFArm,ry,0.5184245539982872,0.24344965686655287,-0.2749748971317344,0.1282093069926703,0.15656550487528859
252_T1_vs_T2,longitudinal,3,LUArm_to_LFArm_rz,LUArm_to_LFArm,rz,0.21742160078318645,0.3931962853996623,0.17577468461647583,0.1282093069926703,0.15656550487528859
252_T1_vs_T2,longitudinal,3,Neck_to_Head_rx,Neck_to_Head,rx,0.026724196461289155,0.03767046342358662,0.010946266962297464,0.1282093069926703,0.15656550487528859
252_T1_vs_T2,longitudinal,3,Neck_to_Head_ry,Neck_to_Head,ry,0.007680526123868267,0.0019571970686592904,-0.005723329055208977,0.1282093069926703,0.15656550487528859
252_T1_vs_T2,longitudinal,3,Neck_to_Head_rz,Neck_to_Head,rz,0.028385812420025944,0.007035669411168317,-0.02135014300885763,0.1282093069926703,0.15656550487528859
252_T1_vs_T2,longitudinal,3,RFArm_to_RHand_rx,RFArm_to_RHand,rx,0.004206760199527809,0.006273378511953731,0.002066618312425922,0.1282093069926703,0.15656550487528859
252_T1_vs_T2,longitudinal,3,RFArm_to_RHand_ry,RFArm_to_RHand,ry,0.0501268101987395,0.05412221690536908,0.003995406706629581,0.1282093069926703,0.15656550487528859
252_T1_vs_T2,longitudinal,3,RFArm_to_RHand_rz,RFArm_to_RHand,rz,0.05130067936385384,0.07638867982159026,0.025088000457736417,0.1282093069926703,0.15656550487528859
252_T1_vs_T2,longitudinal,3,RShin_to_RFoot_rx,RShin_to_RFoot,rx,0.015614912920461934,0.021673839396501568,0.006058926476039634,0.1282093069926703,0.15656550487528859
252_T1_vs_T2,longitudinal,3,RShin_to_RFoot_ry,RShin_to_RFoot,ry,0.00529801724485036,0.025971532013338388,0.020673514768488027,0.1282093069926703,0.15656550487528859
252_T1_vs_T2,longitudinal,3,RShin_to_RFoot_rz,RShin_to_RFoot,rz,0.00936101250007892,0.04376922585341487,0.03440821335333595,0.1282093069926703,0.15656550487528859
252_T1_vs_T2,longitudinal,3,RShoulder_to_RUArm_rx,RShoulder_to_RUArm,rx,0.1601790420163889,0.10028537265874946,-0.059893669357639456,0.1282093069926703,0.15656550487528859
252_T1_vs_T2,longitudinal,3,RShoulder_to_RUArm_ry,RShoulder_to_RUArm,ry,0.008699785037719811,0.025762200178573356,0.017062415140853545,0.1282093069926703,0.15656550487528859
252_T1_vs_T2,longitudinal,3,RShoulder_to_RUArm_rz,RShoulder_to_RUArm,rz,0.14200225151842003,0.12217832623004847,-0.019823925288371555,0.1282093069926703,0.15656550487528859
252_T1_vs_T2,longitudinal,3,RThigh_to_RShin_rx,RThigh_to_RShin,rx,0.012129046016180988,0.03128668307477663,0.019157637058595644,0.1282093069926703,0.15656550487528859
252_T1_vs_T2,longitudinal,3,RThigh_to_RShin_ry,RThigh_to_RShin,ry,1.7995135684280453e-08,2.3247297228557767e-08,5.252161544277314e-09,0.1282093069926703,0.15656550487528859
252_T1_vs_T2,longitudinal,3,RThigh_to_RShin_rz,RThigh_to_RShin,rz,1.7869595946285866e-08,2.7387426198596032e-08,9.517830252310166e-09,0.1282093069926703,0.15656550487528859
252_T1_vs_T2,longitudinal,3,RUArm_to_RFArm_rx,RUArm_to_RFArm,rx,0.2886465594007689,0.09290088910309642,-0.19574567029767248,0.1282093069926703,0.15656550487528859
252_T1_vs_T2,longitudinal,3,RUArm_to_RFArm_ry,RUArm_to_RFArm,ry,0.5171919163895132,0.4526073963681173,-0.06458452002139592,0.1282093069926703,0.15656550487528859
252_T1_vs_T2,longitudinal,3,RUArm_to_RFArm_rz,RUArm_to_RFArm,rz,0.02002106550628256,0.06409468903460365,0.04407362352832109,0.1282093069926703,0.15656550487528859
252_T1_vs_T2,longitudinal,4,252_to_LThigh_rx,252_to_LThigh,rx,0.19447246095045526,0.14739101435484916,-0.04708144659560609,0.09757290815161501,0.09609143946669224
252_T1_vs_T2,longitudinal,4,252_to_LThigh_ry,252_to_LThigh,ry,0.06471788113500151,0.00993904112205687,-0.05477884001294464,0.09757290815161501,0.09609143946669224
252_T1_vs_T2,longitudinal,4,252_to_LThigh_rz,252_to_LThigh,rz,0.08078370730843627,0.05067293017491409,-0.030110777133522185,0.09757290815161501,0.09609143946669224
252_T1_vs_T2,longitudinal,4,252_to_RThigh_rx,252_to_RThigh,rx,0.12590374688724654,0.12803761181585707,0.002133864928610535,0.09757290815161501,0.09609143946669224
252_T1_vs_T2,longitudinal,4,252_to_RThigh_ry,252_to_RThigh,ry,0.045300861385590356,0.01061363694792591,-0.03468722443766445,0.09757290815161501,0.09609143946669224
252_T1_vs_T2,longitudinal,4,252_to_RThigh_rz,252_to_RThigh,rz,0.07919374649689102,0.04642985171352999,-0.03276389478336103,0.09757290815161501,0.09609143946669224
252_T1_vs_T2,longitudinal,4,Chest_to_LShoulder_rx,Chest_to_LShoulder,rx,0.04285760187238016,0.012194391212171527,-0.030663210660208634,0.09757290815161501,0.09609143946669224
252_T1_vs_T2,longitudinal,4,Chest_to_LShoulder_ry,Chest_to_LShoulder,ry,0.01529712274397439,0.014448607950693068,-0.0008485147932813224,0.09757290815161501,0.09609143946669224
252_T1_vs_T2,longitudinal,4,Chest_to_LShoulder_rz,Chest_to_LShoulder,rz,0.028093735461359244,0.05937919557461376,0.03128546011325452,0.09757290815161501,0.09609143946669224
252_T1_vs_T2,longitudinal,4,Chest_to_Neck_rx,Chest_to_Neck,rx,0.046943456855401744,0.03792627163230439,-0.009017185223097357,0.09757290815161501,0.09609143946669224
252_T1_vs_T2,longitudinal,4,Chest_to_Neck_ry,Chest_to_Neck,ry,0.03984102320143135,0.003949011722517981,-0.03589201147891337,0.09757290815161501,0.09609143946669224
252_T1_vs_T2,longitudinal,4,Chest_to_Neck_rz,Chest_to_Neck,rz,0.013077433457555807,0.006457026827214386,-0.006620406630341421,0.09757290815161501,0.09609143946669224
252_T1_vs_T2,longitudinal,4,Chest_to_RShoulder_rx,Chest_to_RShoulder,rx,0.026473768568954403,0.027544593967965603,0.0010708253990112,0.09757290815161501,0.09609143946669224
252_T1_vs_T2,longitudinal,4,Chest_to_RShoulder_ry,Chest_to_RShoulder,ry,0.018393558895944358,0.00950667560726108,-0.008886883288683277,0.09757290815161501,0.09609143946669224
252_T1_vs_T2,longitudinal,4,Chest_to_RShoulder_rz,Chest_to_RShoulder,rz,0.021353776524334737,0.0011396307849634584,-0.02021414573937128,0.09757290815161501,0.09609143946669224
252_T1_vs_T2,longitudinal,4,LFArm_to_LHand_rx,LFArm_to_LHand,rx,0.007920137114235684,0.002309889117251349,-0.005610247996984335,0.09757290815161501,0.09609143946669224
252_T1_vs_T2,longitudinal,4,LFArm_to_LHand_ry,LFArm_to_LHand,ry,0.0774295587312674,0.06423347321200394,-0.013196085519263462,0.09757290815161501,0.09609143946669224
252_T1_vs_T2,longitudinal,4,LFArm_to_LHand_rz,LFArm_to_LHand,rz,0.15010900572595204,0.1223987906884396,-0.027710215037512434,0.09757290815161501,0.09609143946669224
252_T1_vs_T2,longitudinal,4,LShin_to_LFoot_rx,LShin_to_LFoot,rx,0.05118536033692167,0.047012904940643245,-0.004172455396278425,0.09757290815161501,0.09609143946669224
252_T1_vs_T2,longitudinal,4,LShin_to_LFoot_ry,LShin_to_LFoot,ry,0.030451832895100985,0.015826841366808328,-0.014624991528292657,0.09757290815161501,0.09609143946669224
252_T1_vs_T2,longitudinal,4,LShin_to_LFoot_rz,LShin_to_LFoot,rz,0.03329252133969865,0.02251068800814666,-0.010781833331551988,0.09757290815161501,0.09609143946669224
252_T1_vs_T2,longitudinal,4,LShoulder_to_LUArm_rx,LShoulder_to_LUArm,rx,0.3804097217952182,0.054237833232291595,-0.3261718885629266,0.09757290815161501,0.09609143946669224
252_T1_vs_T2,longitudinal,4,LShoulder_to_LUArm_ry,LShoulder_to_LUArm,ry,0.17572899891979565,0.13488439162668162,-0.04084460729311404,0.09757290815161501,0.09609143946669224
252_T1_vs_T2,longitudinal,4,LShoulder_to_LUArm_rz,LShoulder_to_LUArm,rz,0.008190046916207066,0.09790757995782888,0.08971753304162182,0.09757290815161501,0.09609143946669224
252_T1_vs_T2,longitudinal,4,LThigh_to_LShin_rx,LThigh_to_LShin,rx,0.038516291458298046,0.006314665608345586,-0.03220162584995246,0.09757290815161501,0.09609143946669224
252_T1_vs_T2,longitudinal,4,LThigh_to_LShin_ry,LThigh_to_LShin,ry,4.5032925143591015e-09,8.192753899958592e-09,3.68946138559949e-09,0.09757290815161501,0.09609143946669224
252_T1_vs_T2,longitudinal,4,LThigh_to_LShin_rz,LThigh_to_LShin,rz,1.7946120665382595e-08,5.3771193949499003e-08,3.582507328411641e-08,0.09757290815161501,0.09609143946669224
252_T1_vs_T2,longitudinal,4,LUArm_to_LFArm_rx,LUArm_to_LFArm,rx,0.5203602877652911,0.10137639772716094,-0.41898389003813014,0.09757290815161501,0.09609143946669224
252_T1_vs_T2,longitudinal,4,LUArm_to_LFArm_ry,LUArm_to_LFArm,ry,0.17427855339503448,0.658847370752375,0.4845688173573405,0.09757290815161501,0.09609143946669224
252_T1_vs_T2,longitudinal,4,LUArm_to_LFArm_rz,LUArm_to_LFArm,rz,0.2924293591172999,0.12669500897728583,-0.16573435014001406,0.09757290815161501,0.09609143946669224
252_T1_vs_T2,longitudinal,4,Neck_to_Head_rx,Neck_to_Head,rx,0.046363027738378505,0.037357276226761015,-0.00900575151161749,0.09757290815161501,0.09609143946669224
252_T1_vs_T2,longitudinal,4,Neck_to_Head_ry,Neck_to_Head,ry,0.03683620212918323,0.005233727349121058,-0.03160247478006217,0.09757290815161501,0.09609143946669224
252_T1_vs_T2,longitudinal,4,Neck_to_Head_rz,Neck_to_Head,rz,0.020375832246413282,0.00563652271401314,-0.014739309532400142,0.09757290815161501,0.09609143946669224
252_T1_vs_T2,longitudinal,4,RFArm_to_RHand_rx,RFArm_to_RHand,rx,0.0002982299421577354,0.0024458886431966234,0.0021476587010388877,0.09757290815161501,0.09609143946669224
252_T1_vs_T2,longitudinal,4,RFArm_to_RHand_ry,RFArm_to_RHand,ry,0.03088408098943285,0.048695949761993554,0.017811868772560704,0.09757290815161501,0.09609143946669224
252_T1_vs_T2,longitudinal,4,RFArm_to_RHand_rz,RFArm_to_RHand,rz,0.023034660140677163,0.057520806503802056,0.034486146363124894,0.09757290815161501,0.09609143946669224
252_T1_vs_T2,longitudinal,4,RShin_to_RFoot_rx,RShin_to_RFoot,rx,0.055999605978921785,0.04479894150669149,-0.011200664472230296,0.09757290815161501,0.09609143946669224
252_T1_vs_T2,longitudinal,4,RShin_to_RFoot_ry,RShin_to_RFoot,ry,0.04974009046756419,0.017849711207983215,-0.03189037925958098,0.09757290815161501,0.09609143946669224
252_T1_vs_T2,longitudinal,4,RShin_to_RFoot_rz,RShin_to_RFoot,rz,0.047561619459451504,0.03220152612608412,-0.01536009333336738,0.09757290815161501,0.09609143946669224
252_T1_vs_T2,longitudinal,4,RShoulder_to_RUArm_rx,RShoulder_to_RUArm,rx,0.13847378351068865,0.10351792200185116,-0.03495586150883749,0.09757290815161501,0.09609143946669224
252_T1_vs_T2,longitudinal,4,RShoulder_to_RUArm_ry,RShoulder_to_RUArm,ry,0.1665452739964654,0.17301856833625073,0.006473294339785329,0.09757290815161501,0.09609143946669224
252_T1_vs_T2,longitudinal,4,RShoulder_to_RUArm_rz,RShoulder_to_RUArm,rz,0.06340603412256468,0.018517440948589814,-0.04488859317397487,0.09757290815161501,0.09609143946669224
252_T1_vs_T2,longitudinal,4,RThigh_to_RShin_rx,RThigh_to_RShin,rx,0.05507769308409868,0.021375261000442337,-0.03370243208365635,0.09757290815161501,0.09609143946669224
252_T1_vs_T2,longitudinal,4,RThigh_to_RShin_ry,RThigh_to_RShin,ry,1.792891614618629e-08,1.0071671449743743e-09,-1.6921749001211916e-08,0.09757290815161501,0.09609143946669224
252_T1_vs_T2,longitudinal,4,RThigh_to_RShin_rz,RThigh_to_RShin,rz,2.6823087684210586e-08,7.390856567760742e-09,-1.9432231116449844e-08,0.09757290815161501,0.09609143946669224
252_T1_vs_T2,longitudinal,4,RUArm_to_RFArm_rx,RUArm_to_RFArm,rx,0.06952269427822079,0.17593459285565433,0.10641189857743354,0.09757290815161501,0.09609143946669224
252_T1_vs_T2,longitudinal,4,RUArm_to_RFArm_ry,RUArm_to_RFArm,ry,0.4909619035974599,0.5916064251243733,0.10064452152691344,0.09757290815161501,0.09609143946669224
252_T1_vs_T2,longitudinal,4,RUArm_to_RFArm_rz,RUArm_to_RFArm,rz,0.09380721370860687,0.06754489329257865,-0.026262320416028218,0.09757290815161501,0.09609143946669224
252_T1_vs_T2,longitudinal,5,252_to_LThigh_rx,252_to_LThigh,rx,0.035797772464637515,0.08464972155755235,0.048851949092914834,0.06687530622884723,0.068960311313454
252_T1_vs_T2,longitudinal,5,252_to_LThigh_ry,252_to_LThigh,ry,0.03546326422294273,0.03207850046648611,-0.0033847637564566185,0.06687530622884723,0.068960311313454
252_T1_vs_T2,longitudinal,5,252_to_LThigh_rz,252_to_LThigh,rz,0.06185310738124685,0.02275695128031655,-0.0390961561009303,0.06687530622884723,0.068960311313454
252_T1_vs_T2,longitudinal,5,252_to_RThigh_rx,252_to_RThigh,rx,0.026803395539956934,0.07085350004737066,0.04405010450741373,0.06687530622884723,0.068960311313454
252_T1_vs_T2,longitudinal,5,252_to_RThigh_ry,252_to_RThigh,ry,0.04290724357376579,0.02842807570475204,-0.014479167869013751,0.06687530622884723,0.068960311313454
252_T1_vs_T2,longitudinal,5,252_to_RThigh_rz,252_to_RThigh,rz,0.06197436257533658,0.016285594789244726,-0.045688767786091856,0.06687530622884723,0.068960311313454
252_T1_vs_T2,longitudinal,5,Chest_to_LShoulder_rx,Chest_to_LShoulder,rx,0.00392372102490344,0.01731370212735852,0.01338998110245508,0.06687530622884723,0.068960311313454
252_T1_vs_T2,longitudinal,5,Chest_to_LShoulder_ry,Chest_to_LShoulder,ry,0.01628663789249957,0.07560038315772291,0.059313745265223344,0.06687530622884723,0.068960311313454
252_T1_vs_T2,longitudinal,5,Chest_to_LShoulder_rz,Chest_to_LShoulder,rz,0.00887772825565346,0.037642653558173984,0.028764925302520526,0.06687530622884723,0.068960311313454
252_T1_vs_T2,longitudinal,5,Chest_to_Neck_rx,Chest_to_Neck,rx,0.05546378650115262,0.06637321415196777,0.010909427650815151,0.06687530622884723,0.068960311313454
252_T1_vs_T2,longitudinal,5,Chest_to_Neck_ry,Chest_to_Neck,ry,0.012957783804864873,0.049715187426438996,0.03675740362157412,0.06687530622884723,0.068960311313454
252_T1_vs_T2,longitudinal,5,Chest_to_Neck_rz,Chest_to_Neck,rz,0.0030156126513057515,0.03812726032596639,0.035111647674660636,0.06687530622884723,0.068960311313454
252_T1_vs_T2,longitudinal,5,Chest_to_RShoulder_rx,Chest_to_RShoulder,rx,0.02050447233102224,0.0221733742603552,0.0016689019293329582,0.06687530622884723,0.068960311313454
252_T1_vs_T2,longitudinal,5,Chest_to_RShoulder_ry,Chest_to_RShoulder,ry,0.011673385172130457,0.009417765584433413,-0.002255619587697044,0.06687530622884723,0.068960311313454
252_T1_vs_T2,longitudinal,5,Chest_to_RShoulder_rz,Chest_to_RShoulder,rz,0.06492425859571568,0.020955219416381655,-0.04396903917933403,0.06687530622884723,0.068960311313454
252_T1_vs_T2,longitudinal,5,LFArm_to_LHand_rx,LFArm_to_LHand,rx,0.008662794780875904,0.02218026533980501,0.013517470558929108,0.06687530622884723,0.068960311313454
252_T1_vs_T2,longitudinal,5,LFArm_to_LHand_ry,LFArm_to_LHand,ry,0.000769350741787664,0.06088121592772944,0.060111865185941776,0.06687530622884723,0.068960311313454
252_T1_vs_T2,longitudinal,5,LFArm_to_LHand_rz,LFArm_to_LHand,rz,0.006266954545062065,0.17714817760607116,0.17088122306100909,0.06687530622884723,0.068960311313454
252_T1_vs_T2,longitudinal,5,LShin_to_LFoot_rx,LShin_to_LFoot,rx,0.014483219761447891,0.022713799303774346,0.008230579542326455,0.06687530622884723,0.068960311313454
252_T1_vs_T2,longitudinal,5,LShin_to_LFoot_ry,LShin_to_LFoot,ry,0.020087921756884085,0.043510280420539754,0.02342235866365567,0.06687530622884723,0.068960311313454
252_T1_vs_T2,longitudinal,5,LShin_to_LFoot_rz,LShin_to_LFoot,rz,0.022215709666363388,0.010351788521444779,-0.01186392114491861,0.06687530622884723,0.068960311313454
252_T1_vs_T2,longitudinal,5,LShoulder_to_LUArm_rx,LShoulder_to_LUArm,rx,0.09878554503801908,0.023572823718618525,-0.07521272131940054,0.06687530622884723,0.068960311313454
252_T1_vs_T2,longitudinal,5,LShoulder_to_LUArm_ry,LShoulder_to_LUArm,ry,0.1662172311866668,0.08129740639173687,-0.08491982479492992,0.06687530622884723,0.068960311313454
252_T1_vs_T2,longitudinal,5,LShoulder_to_LUArm_rz,LShoulder_to_LUArm,rz,0.20836378862843172,0.5181917816779693,0.30982799304953756,0.06687530622884723,0.068960311313454
252_T1_vs_T2,longitudinal,5,LThigh_to_LShin_rx,LThigh_to_LShin,rx,0.00867934464863913,0.0853056899767398,0.07662634532810067,0.06687530622884723,0.068960311313454
252_T1_vs_T2,longitudinal,5,LThigh_to_LShin_ry,LThigh_to_LShin,ry,1.737067094779787e-08,1.8963191479283734e-08,1.5925205314858632e-09,0.06687530622884723,0.068960311313454
252_T1_vs_T2,longitudinal,5,LThigh_to_LShin_rz,LThigh_to_LShin,rz,4.343587093873524e-09,1.6549486216253217e-08,1.2205899122379692e-08,0.06687530622884723,0.068960311313454
252_T1_vs_T2,longitudinal,5,LUArm_to_LFArm_rx,LUArm_to_LFArm,rx,0.0528507841992089,0.29193106911404226,0.23908028491483335,0.06687530622884723,0.068960311313454
252_T1_vs_T2,longitudinal,5,LUArm_to_LFArm_ry,LUArm_to_LFArm,ry,0.37613798687887934,0.1653994656615246,-0.21073852121735473,0.06687530622884723,0.068960311313454
252_T1_vs_T2,longitudinal,5,LUArm_to_LFArm_rz,LUArm_to_LFArm,rz,0.0415030816145166,0.24173241918548635,0.20022933757096975,0.06687530622884723,0.068960311313454
252_T1_vs_T2,longitudinal,5,Neck_to_Head_rx,Neck_to_Head,rx,0.05539537272512113,0.06630147110505119,0.010906098379930063,0.06687530622884723,0.068960311313454
252_T1_vs_T2,longitudinal,5,Neck_to_Head_ry,Neck_to_Head,ry,0.013577553011550995,0.056323119752173516,0.04274556674062252,0.06687530622884723,0.068960311313454
252_T1_vs_T2,longitudinal,5,Neck_to_Head_rz,Neck_to_Head,rz,0.0005106194972143857,0.027875263535623692,0.027364644038409307,0.06687530622884723,0.068960311313454
252_T1_vs_T2,longitudinal,5,RFArm_to_RHand_rx,RFArm_to_RHand,rx,0.0001653334621763351,0.007923258831527478,0.007757925369351142,0.06687530622884723,0.068960311313454
252_T1_vs_T2,longitudinal,5,RFArm_to_RHand_ry,RFArm_to_RHand,ry,0.016762362558486718,0.07114468941157152,0.054382326853084806,0.06687530622884723,0.068960311313454
252_T1_vs_T2,longitudinal,5,RFArm_to_RHand_rz,RFArm_to_RHand,rz,0.02343855216701782,0.06860998872789364,0.04517143656087583,0.06687530622884723,0.068960311313454
252_T1_vs_T2,longitudinal,5,RShin_to_RFoot_rx,RShin_to_RFoot,rx,0.0022530730698968153,0.01669562103323203,0.014442547963335214,0.06687530622884723,0.068960311313454
252_T1_vs_T2,longitudinal,5,RShin_to_RFoot_ry,RShin_to_RFoot,ry,0.014721239739531917,0.051453111259895955,0.036731871520364036,0.06687530622884723,0.068960311313454
252_T1_vs_T2,longitudinal,5,RShin_to_RFoot_rz,RShin_to_RFoot,rz,0.03169917935958526,0.0015481791507019947,-0.030151000208883262,0.06687530622884723,0.068960311313454
252_T1_vs_T2,longitudinal,5,RShoulder_to_RUArm_rx,RShoulder_to_RUArm,rx,0.33261654959649445,0.33592354138677194,0.0033069917902774915,0.06687530622884723,0.068960311313454
252_T1_vs_T2,longitudinal,5,RShoulder_to_RUArm_ry,RShoulder_to_RUArm,ry,0.3934941553924049,0.36440445354522844,-0.029089701847176463,0.06687530622884723,0.068960311313454
252_T1_vs_T2,longitudinal,5,RShoulder_to_RUArm_rz,RShoulder_to_RUArm,rz,0.5229075190350806,0.38459271144110974,-0.13831480759397086,0.06687530622884723,0.068960311313454
252_T1_vs_T2,longitudinal,5,RThigh_to_RShin_rx,RThigh_to_RShin,rx,0.0019591926047424026,0.005581274489191187,0.0036220818844487847,0.06687530622884723,0.068960311313454
252_T1_vs_T2,longitudinal,5,RThigh_to_RShin_ry,RThigh_to_RShin,ry,1.495442371132459e-08,7.061189570211178e-09,-7.893234141113411e-09,0.06687530622884723,0.068960311313454
252_T1_vs_T2,longitudinal,5,RThigh_to_RShin_rz,RThigh_to_RShin,rz,3.822622675780631e-09,5.149981507821859e-09,1.3273588320412284e-09,0.06687530622884723,0.068960311313454
252_T1_vs_T2,longitudinal,5,RUArm_to_RFArm_rx,RUArm_to_RFArm,rx,0.3151702849657322,0.20459382362250245,-0.11057646134322974,0.06687530622884723,0.068960311313454
252_T1_vs_T2,longitudinal,5,RUArm_to_RFArm_ry,RUArm_to_RFArm,ry,0.31180225737133344,0.10745346081741329,-0.20434879655392013,0.06687530622884723,0.068960311313454
252_T1_vs_T2,longitudinal,5,RUArm_to_RFArm_rz,RUArm_to_RFArm,rz,0.09992352507209722,0.09081372602939244,-0.009109799042704772,0.06687530622884723,0.068960311313454
252_T1_vs_T2,longitudinal,6,252_to_LThigh_rx,252_to_LThigh,rx,0.01869926099716539,0.06151537073692169,0.0428161097397563,0.05013109660483027,0.04209829194630818
252_T1_vs_T2,longitudinal,6,252_to_LThigh_ry,252_to_LThigh,ry,0.003223800237211771,0.009324890291272132,0.006101090054060361,0.05013109660483027,0.04209829194630818
252_T1_vs_T2,longitudinal,6,252_to_LThigh_rz,252_to_LThigh,rz,0.11699555855608587,0.07727919360538488,-0.039716364950700994,0.05013109660483027,0.04209829194630818
252_T1_vs_T2,longitudinal,6,252_to_RThigh_rx,252_to_RThigh,rx,0.009458365915533166,0.07977531283295322,0.07031694691742005,0.05013109660483027,0.04209829194630818
252_T1_vs_T2,longitudinal,6,252_to_RThigh_ry,252_to_RThigh,ry,0.02310806514576486,0.02810490198665922,0.004996836840894362,0.05013109660483027,0.04209829194630818
252_T1_vs_T2,longitudinal,6,252_to_RThigh_rz,252_to_RThigh,rz,0.1136244073616675,0.07874138876159041,-0.03488301860007709,0.05013109660483027,0.04209829194630818
252_T1_vs_T2,longitudinal,6,Chest_to_LShoulder_rx,Chest_to_LShoulder,rx,0.018192773241204375,0.0037937204138187206,-0.014399052827385654,0.05013109660483027,0.04209829194630818
252_T1_vs_T2,longitudinal,6,Chest_to_LShoulder_ry,Chest_to_LShoulder,ry,0.12968175963571676,0.09323621822435878,-0.03644554141135799,0.05013109660483027,0.04209829194630818
252_T1_vs_T2,longitudinal,6,Chest_to_LShoulder_rz,Chest_to_LShoulder,rz,0.0215669606767239,0.061745317352307996,0.0401783566755841,0.05013109660483027,0.04209829194630818
252_T1_vs_T2,longitudinal,6,Chest_to_Neck_rx,Chest_to_Neck,rx,0.01695120101099556,0.04044926932634046,0.023498068315344896,0.05013109660483027,0.04209829194630818
252_T1_vs_T2,longitudinal,6,Chest_to_Neck_ry,Chest_to_Neck,ry,0.049818344744858155,0.020943870841729002,-0.028874473903129153,0.05013109660483027,0.04209829194630818
252_T1_vs_T2,longitudinal,6,Chest_to_Neck_rz,Chest_to_Neck,rz,0.041441756160695516,0.018586349391949315,-0.0228554067687462,0.05013109660483027,0.04209829194630818
252_T1_vs_T2,longitudinal,6,Chest_to_RShoulder_rx,Chest_to_RShoulder,rx,0.0011900688166814346,0.01180579982794319,0.010615731011261755,0.05013109660483027,0.04209829194630818
252_T1_vs_T2,longitudinal,6,Chest_to_RShoulder_ry,Chest_to_RShoulder,ry,0.08137425713335766,0.07941432935707404,-0.001959927776283621,0.05013109660483027,0.04209829194630818
252_T1_vs_T2,longitudinal,6,Chest_to_RShoulder_rz,Chest_to_RShoulder,rz,0.04489777742011607,0.004145620612915796,-0.04075215680720027,0.05013109660483027,0.04209829194630818
252_T1_vs_T2,longitudinal,6,LFArm_to_LHand_rx,LFArm_to_LHand,rx,0.04809731054488353,0.031287021557217104,-0.016810288987666427,0.05013109660483027,0.04209829194630818
252_T1_vs_T2,longitudinal,6,LFArm_to_LHand_ry,LFArm_to_LHand,ry,0.11438732252663407,0.07909249742480963,-0.03529482510182444,0.05013109660483027,0.04209829194630818
252_T1_vs_T2,longitudinal,6,LFArm_to_LHand_rz,LFArm_to_LHand,rz,0.3602286168572109,0.2569187349507034,-0.10330988190650753,0.05013109660483027,0.04209829194630818
252_T1_vs_T2,longitudinal,6,LShin_to_LFoot_rx,LShin_to_LFoot,rx,0.01267552390908039,0.004006216834393434,-0.008669307074686956,0.05013109660483027,0.04209829194630818
252_T1_vs_T2,longitudinal,6,LShin_to_LFoot_ry,LShin_to_LFoot,ry,0.08221967384092581,0.06899552437324384,-0.013224149467681967,0.05013109660483027,0.04209829194630818
252_T1_vs_T2,longitudinal,6,LShin_to_LFoot_rz,LShin_to_LFoot,rz,0.001019735736718867,0.0037930177048984158,0.0027732819681795485,0.05013109660483027,0.04209829194630818
252_T1_vs_T2,longitudinal,6,LShoulder_to_LUArm_rx,LShoulder_to_LUArm,rx,0.04389949710808384,0.11724228030555811,0.07334278319747427,0.05013109660483027,0.04209829194630818
252_T1_vs_T2,longitudinal,6,LShoulder_to_LUArm_ry,LShoulder_to_LUArm,ry,0.5548827559981127,0.6034930709688973,0.04861031497078461,0.05013109660483027,0.04209829194630818
252_T1_vs_T2,longitudinal,6,LShoulder_to_LUArm_rz,LShoulder_to_LUArm,rz,0.09205480050258062,0.39455090963791645,0.3024961091353358,0.05013109660483027,0.04209829194630818
252_T1_vs_T2,longitudinal,6,LThigh_to_LShin_rx,LThigh_to_LShin,rx,0.04138538687553262,0.014121536102293683,-0.027263850773238937,0.05013109660483027,0.04209829194630818
252_T1_vs_T2,longitudinal,6,LThigh_to_LShin_ry,LThigh_to_LShin,ry,1.572446680579265e-08,1.3384153548908149e-08,-2.3403132568844997e-09,0.05013109660483027,0.04209829194630818
252_T1_vs_T2,longitudinal,6,LThigh_to_LShin_rz,LThigh_to_LShin,rz,3.086044764044123e-09,1.1046803775212947e-08,7.960759011168824e-09,0.05013109660483027,0.04209829194630818
252_T1_vs_T2,longitudinal,6,LUArm_to_LFArm_rx,LUArm_to_LFArm,rx,0.15920393209009526,0.04401779674354724,-0.11518613534654801,0.05013109660483027,0.04209829194630818
252_T1_vs_T2,longitudinal,6,LUArm_to_LFArm_ry,LUArm_to_LFArm,ry,0.2675087661158408,0.20378945997304793,-0.06371930614279286,0.05013109660483027,0.04209829194630818
252_T1_vs_T2,longitudinal,6,LUArm_to_LFArm_rz,LUArm_to_LFArm,rz,0.2963288757249488,0.09770749995601091,-0.1986213757689379,0.05013109660483027,0.04209829194630818
252_T1_vs_T2,longitudinal,6,Neck_to_Head_rx,Neck_to_Head,rx,0.017341278654634612,0.04084039190745479,0.023499113252820177,0.05013109660483027,0.04209829194630818
252_T1_vs_T2,longitudinal,6,Neck_to_Head_ry,Neck_to_Head,ry,0.056632466797330944,0.02387643388987517,-0.032756032907455775,0.05013109660483027,0.04209829194630818
252_T1_vs_T2,longitudinal,6,Neck_to_Head_rz,Neck_to_Head,rz,0.0312769698691336,0.01442004645486828,-0.01685692341426532,0.05013109660483027,0.04209829194630818
252_T1_vs_T2,longitudinal,6,RFArm_to_RHand_rx,RFArm_to_RHand,rx,0.00935059295493597,0.003798660297536316,-0.0055519326573996546,0.05013109660483027,0.04209829194630818
252_T1_vs_T2,longitudinal,6,RFArm_to_RHand_ry,RFArm_to_RHand,ry,0.08330216367372698,0.03990832953476287,-0.0433938341389641,0.05013109660483027,0.04209829194630818
252_T1_vs_T2,longitudinal,6,RFArm_to_RHand_rz,RFArm_to_RHand,rz,0.1649638415264551,0.11125130608827179,-0.053712535438183315,0.05013109660483027,0.04209829194630818
252_T1_vs_T2,longitudinal,6,RShin_to_RFoot_rx,RShin_to_RFoot,rx,0.04583848942651614,0.042531251599890095,-0.003307237826626043,0.05013109660483027,0.04209829194630818
252_T1_vs_T2,longitudinal,6,RShin_to_RFoot_ry,RShin_to_RFoot,ry,0.053733061516078956,0.026926925312257963,-0.026806136203820993,0.05013109660483027,0.04209829194630818
252_T1_vs_T2,longitudinal,6,RShin_to_RFoot_rz,RShin_to_RFoot,rz,0.022210894090961948,0.007009686191303678,-0.01520120789965827,0.05013109660483027,0.04209829194630818
252_T1_vs_T2,longitudinal,6,RShoulder_to_RUArm_rx,RShoulder_to_RUArm,rx,0.12655496970153934,0.05975080878215684,-0.0668041609193825,0.05013109660483027,0.04209829194630818
252_T1_vs_T2,longitudinal,6,RShoulder_to_RUArm_ry,RShoulder_to_RUArm,ry,0.45893614292672485,0.45366208041671396,-0.005274062510010891,0.05013109660483027,0.04209829194630818
252_T1_vs_T2,longitudinal,6,RShoulder_to_RUArm_rz,RShoulder_to_RUArm,rz,0.04100670258458047,0.05320730982392193,0.012200607239341459,0.05013109660483027,0.04209829194630818
252_T1_vs_T2,longitudinal,6,RThigh_to_RShin_rx,RThigh_to_RShin,rx,0.07497928361845316,0.09304776864795526,0.018068485029502104,0.05013109660483027,0.04209829194630818
252_T1_vs_T2,longitudinal,6,RThigh_to_RShin_ry,RThigh_to_RShin,ry,3.2608227829137754e-08,2.1706475216421833e-08,-1.0901752612715921e-08,0.05013109660483027,0.04209829194630818
252_T1_vs_T2,longitudinal,6,RThigh_to_RShin_rz,RThigh_to_RShin,rz,8.850230660760112e-09,1.740139871638139e-08,8.551168055621278e-09,0.05013109660483027,0.04209829194630818
252_T1_vs_T2,longitudinal,6,RUArm_to_RFArm_rx,RUArm_to_RFArm,rx,0.02673580696453423,0.010758585811620983,-0.015977221152913248,0.05013109660483027,0.04209829194630818
252_T1_vs_T2,longitudinal,6,RUArm_to_RFArm_ry,RUArm_to_RFArm,ry,0.00684517460503461,0.1926214451777676,0.185776270572733,0.05013109660483027,0.04209829194630818
252_T1_vs_T2,longitudinal,6,RUArm_to_RFArm_rz,RUArm_to_RFArm,rz,0.0771805756451405,0.11589950640614463,0.03871893076100413,0.05013109660483027,0.04209829194630818
252_T1_vs_T2,longitudinal,7,252_to_LThigh_rx,252_to_LThigh,rx,0.19031002601305705,0.15510333772461504,-0.035206688288442006,0.04562949018046788,0.025545288486361433
252_T1_vs_T2,longitudinal,7,252_to_LThigh_ry,252_to_LThigh,ry,0.01691826301649637,0.01105817587579503,-0.005860087140701339,0.04562949018046788,0.025545288486361433
252_T1_vs_T2,longitudinal,7,252_to_LThigh_rz,252_to_LThigh,rz,0.05979334254095015,0.1082917511925928,0.04849840865164264,0.04562949018046788,0.025545288486361433
252_T1_vs_T2,longitudinal,7,252_to_RThigh_rx,252_to_RThigh,rx,0.16561915524390486,0.11614651287718546,-0.0494726423667194,0.04562949018046788,0.025545288486361433
252_T1_vs_T2,longitudinal,7,252_to_RThigh_ry,252_to_RThigh,ry,0.02219990395423561,0.037078124271319846,0.014878220317084235,0.04562949018046788,0.025545288486361433
252_T1_vs_T2,longitudinal,7,252_to_RThigh_rz,252_to_RThigh,rz,0.052423595811210075,0.1025960787092901,0.05017248289808003,0.04562949018046788,0.025545288486361433
252_T1_vs_T2,longitudinal,7,Chest_to_LShoulder_rx,Chest_to_LShoulder,rx,0.041401944294918176,0.032258819521105035,-0.009143124773813141,0.04562949018046788,0.025545288486361433
252_T1_vs_T2,longitudinal,7,Chest_to_LShoulder_ry,Chest_to_LShoulder,ry,0.03574205079963019,0.06168034892056179,0.025938298120931597,0.04562949018046788,0.025545288486361433
252_T1_vs_T2,longitudinal,7,Chest_to_LShoulder_rz,Chest_to_LShoulder,rz,0.06709841181117795,0.029406721662408583,-0.03769169014876937,0.04562949018046788,0.025545288486361433
252_T1_vs_T2,longitudinal,7,Chest_to_Neck_rx,Chest_to_Neck,rx,0.060810771301599106,0.019482891931371624,-0.041327879370227485,0.04562949018046788,0.025545288486361433
252_T1_vs_T2,longitudinal,7,Chest_to_Neck_ry,Chest_to_Neck,ry,0.03262989566554535,0.02853850439741292,-0.004091391268132426,0.04562949018046788,0.025545288486361433
252_T1_vs_T2,longitudinal,7,Chest_to_Neck_rz,Chest_to_Neck,rz,0.04859069740618446,0.056643295905620755,0.008052598499436292,0.04562949018046788,0.025545288486361433
252_T1_vs_T2,longitudinal,7,Chest_to_RShoulder_rx,Chest_to_RShoulder,rx,0.027800889902214493,0.03301467409744388,0.005213784195229387,0.04562949018046788,0.025545288486361433
252_T1_vs_T2,longitudinal,7,Chest_to_RShoulder_ry,Chest_to_RShoulder,ry,0.002140951679781264,0.03669898265056071,0.034558030970779446,0.04562949018046788,0.025545288486361433
252_T1_vs_T2,longitudinal,7,Chest_to_RShoulder_rz,Chest_to_RShoulder,rz,0.1033277582095149,0.15289908225562074,0.04957132404610584,0.04562949018046788,0.025545288486361433
252_T1_vs_T2,longitudinal,7,LFArm_to_LHand_rx,LFArm_to_LHand,rx,0.03576696580181161,0.04764147748255021,0.011874511680738602,0.04562949018046788,0.025545288486361433
252_T1_vs_T2,longitudinal,7,LFArm_to_LHand_ry,LFArm_to_LHand,ry,0.09012076319293257,0.1283201936475255,0.03819943045459294,0.04562949018046788,0.025545288486361433
252_T1_vs_T2,longitudinal,7,LFArm_to_LHand_rz,LFArm_to_LHand,rz,0.21253553382830526,0.31578326160389913,0.10324772777559388,0.04562949018046788,0.025545288486361433
252_T1_vs_T2,longitudinal,7,LShin_to_LFoot_rx,LShin_to_LFoot,rx,0.027164081966085243,0.03299924654480284,0.005835164578717595,0.04562949018046788,0.025545288486361433
252_T1_vs_T2,longitudinal,7,LShin_to_LFoot_ry,LShin_to_LFoot,ry,0.007800552017593468,0.02362316666137098,0.015822614643777513,0.04562949018046788,0.025545288486361433
252_T1_vs_T2,longitudinal,7,LShin_to_LFoot_rz,LShin_to_LFoot,rz,0.005955127282863622,0.010791284812339395,0.004836157529475774,0.04562949018046788,0.025545288486361433
252_T1_vs_T2,longitudinal,7,LShoulder_to_LUArm_rx,LShoulder_to_LUArm,rx,0.432021115073217,0.3818439815144024,-0.05017713355881459,0.04562949018046788,0.025545288486361433
252_T1_vs_T2,longitudinal,7,LShoulder_to_LUArm_ry,LShoulder_to_LUArm,ry,0.015815421941627248,0.33654506280298263,0.32072964086135536,0.04562949018046788,0.025545288486361433
252_T1_vs_T2,longitudinal,7,LShoulder_to_LUArm_rz,LShoulder_to_LUArm,rz,0.699105600842603,0.3980727026068841,-0.3010328982357189,0.04562949018046788,0.025545288486361433
252_T1_vs_T2,longitudinal,7,LThigh_to_LShin_rx,LThigh_to_LShin,rx,0.13539192480650594,0.12718766101961887,-0.008204263786887073,0.04562949018046788,0.025545288486361433
252_T1_vs_T2,longitudinal,7,LThigh_to_LShin_ry,LThigh_to_LShin,ry,5.257305151621611e-09,5.3701232275329175e-09,1.1281807591130678e-10,0.04562949018046788,0.025545288486361433
252_T1_vs_T2,longitudinal,7,LThigh_to_LShin_rz,LThigh_to_LShin,rz,4.2659258177402264e-08,1.681270070336463e-08,-2.5846557474037635e-08,0.04562949018046788,0.025545288486361433
252_T1_vs_T2,longitudinal,7,LUArm_to_LFArm_rx,LUArm_to_LFArm,rx,0.029556186280281036,0.0011684239708609316,-0.028387762309420105,0.04562949018046788,0.025545288486361433
252_T1_vs_T2,longitudinal,7,LUArm_to_LFArm_ry,LUArm_to_LFArm,ry,0.00431576465983759,0.026866914186640084,0.022551149526802493,0.04562949018046788,0.025545288486361433
252_T1_vs_T2,longitudinal,7,LUArm_to_LFArm_rz,LUArm_to_LFArm,rz,0.12025475156275608,0.15133585712137204,0.031081105558615957,0.04562949018046788,0.025545288486361433
252_T1_vs_T2,longitudinal,7,Neck_to_Head_rx,Neck_to_Head,rx,0.061020476541219296,0.019451739254272134,-0.04156873728694716,0.04562949018046788,0.025545288486361433
252_T1_vs_T2,longitudinal,7,Neck_to_Head_ry,Neck_to_Head,ry,0.041492464459791364,0.03879583390251239,-0.0026966305572789714,0.04562949018046788,0.025545288486361433
252_T1_vs_T2,longitudinal,7,Neck_to_Head_rz,Neck_to_Head,rz,0.041173800892701694,0.0499281368546596,0.008754335961957904,0.04562949018046788,0.025545288486361433
252_T1_vs_T2,longitudinal,7,RFArm_to_RHand_rx,RFArm_to_RHand,rx,0.011141073047138156,0.009902110856604116,-0.0012389621905340396,0.04562949018046788,0.025545288486361433
252_T1_vs_T2,longitudinal,7,RFArm_to_RHand_ry,RFArm_to_RHand,ry,0.05148583899858397,0.04881230074143651,-0.002673538257147459,0.04562949018046788,0.025545288486361433
252_T1_vs_T2,longitudinal,7,RFArm_to_RHand_rz,RFArm_to_RHand,rz,0.10493794216500377,0.1372409436922502,0.03230300152724644,0.04562949018046788,0.025545288486361433
252_T1_vs_T2,longitudinal,7,RShin_to_RFoot_rx,RShin_to_RFoot,rx,0.004228142975177195,0.007870790957344975,0.00364264798216778,0.04562949018046788,0.025545288486361433
252_T1_vs_T2,longitudinal,7,RShin_to_RFoot_ry,RShin_to_RFoot,ry,0.0525284893367714,0.053881604450331085,0.0013531151135596844,0.04562949018046788,0.025545288486361433
252_T1_vs_T2,longitudinal,7,RShin_to_RFoot_rz,RShin_to_RFoot,rz,0.01791571324419929,0.029734538715309237,0.011818825471109948,0.04562949018046788,0.025545288486361433
252_T1_vs_T2,longitudinal,7,RShoulder_to_RUArm_rx,RShoulder_to_RUArm,rx,0.2291111481457793,0.24833853042790616,0.019227382282126865,0.04562949018046788,0.025545288486361433
252_T1_vs_T2,longitudinal,7,RShoulder_to_RUArm_ry,RShoulder_to_RUArm,ry,0.15543660066177897,0.19528747996033902,0.039850879298560044,0.04562949018046788,0.025545288486361433
252_T1_vs_T2,longitudinal,7,RShoulder_to_RUArm_rz,RShoulder_to_RUArm,rz,0.038131934412553456,0.3731621985909373,0.33503026417838383,0.04562949018046788,0.025545288486361433
252_T1_vs_T2,longitudinal,7,RThigh_to_RShin_rx,RThigh_to_RShin,rx,0.05701435668586864,0.02272961631406227,-0.03428474037180637,0.04562949018046788,0.025545288486361433
252_T1_vs_T2,longitudinal,7,RThigh_to_RShin_ry,RThigh_to_RShin,ry,1.013442661895943e-08,2.8026431350697866e-08,1.7892004731738436e-08,0.04562949018046788,0.025545288486361433
252_T1_vs_T2,longitudinal,7,RThigh_to_RShin_rz,RThigh_to_RShin,rz,6.3091374909917935e-09,4.903855997095242e-10,-5.818751891282269e-09,0.04562949018046788,0.025545288486361433
252_T1_vs_T2,longitudinal,7,RUArm_to_RFArm_rx,RUArm_to_RFArm,rx,0.15851661714279708,0.1814133925032273,0.02289677536043022,0.04562949018046788,0.025545288486361433
252_T1_vs_T2,longitudinal,7,RUArm_to_RFArm_ry,RUArm_to_RFArm,ry,0.07729866262664158,0.11694542125710963,0.03964675863046806,0.04562949018046788,0.025545288486361433
252_T1_vs_T2,longitudinal,7,RUArm_to_RFArm_rz,RUArm_to_RFArm,rz,0.0442847047238213,0.09757660962508088,0.05329190490125958,0.04562949018046788,0.025545288486361433
252_T1_vs_T3,longitudinal,1,252_to_LThigh_rx,252_to_LThigh,rx,0.01697165846379614,0.02550378506638691,0.00853212660259077,0.22064000484601531,0.3794196133835407
252_T1_vs_T3,longitudinal,1,252_to_LThigh_ry,252_to_LThigh,ry,0.049658876245366114,0.040411147853170654,-0.00924772839219546,0.22064000484601531,0.3794196133835407
252_T1_vs_T3,longitudinal,1,252_to_LThigh_rz,252_to_LThigh,rz,0.027887086920575024,0.0005565870318247048,-0.02733049988875032,0.22064000484601531,0.3794196133835407
252_T1_vs_T3,longitudinal,1,252_to_RThigh_rx,252_to_RThigh,rx,0.03258332211092372,0.05278950039858814,0.02020617828766442,0.22064000484601531,0.3794196133835407
252_T1_vs_T3,longitudinal,1,252_to_RThigh_ry,252_to_RThigh,ry,0.03851387957604626,0.028438767384606992,-0.010075112191439268,0.22064000484601531,0.3794196133835407
252_T1_vs_T3,longitudinal,1,252_to_RThigh_rz,252_to_RThigh,rz,0.034945773990071025,0.004777124344826622,-0.030168649645244402,0.22064000484601531,0.3794196133835407
252_T1_vs_T3,longitudinal,1,Chest_to_LShoulder_rx,Chest_to_LShoulder,rx,0.03585584388181655,0.03222902930009016,-0.0036268145817263883,0.22064000484601531,0.3794196133835407
252_T1_vs_T3,longitudinal,1,Chest_to_LShoulder_ry,Chest_to_LShoulder,ry,0.010391330152982417,0.03113625044853266,0.020744920295550244,0.22064000484601531,0.3794196133835407
252_T1_vs_T3,longitudinal,1,Chest_to_LShoulder_rz,Chest_to_LShoulder,rz,0.07787711417498439,0.058538968360157394,-0.01933814581482699,0.22064000484601531,0.3794196133835407
252_T1_vs_T3,longitudinal,1,Chest_to_Neck_rx,Chest_to_Neck,rx,0.003548616494172356,0.047418148247050346,0.04386953175287799,0.22064000484601531,0.3794196133835407
252_T1_vs_T3,longitudinal,1,Chest_to_Neck_ry,Chest_to_Neck,ry,0.05473394070698616,0.0447349871511118,-0.009998953555874358,0.22064000484601531,0.3794196133835407
252_T1_vs_T3,longitudinal,1,Chest_to_Neck_rz,Chest_to_Neck,rz,0.026584253666722655,0.0014006561899640299,-0.025183597476758624,0.22064000484601531,0.3794196133835407
252_T1_vs_T3,longitudinal,1,Chest_to_RShoulder_rx,Chest_to_RShoulder,rx,0.0551782943104381,0.02303448044782766,-0.03214381386261044,0.22064000484601531,0.3794196133835407
252_T1_vs_T3,longitudinal,1,Chest_to_RShoulder_ry,Chest_to_RShoulder,ry,0.03038899789419632,0.021517913627757814,-0.008871084266438505,0.22064000484601531,0.3794196133835407
252_T1_vs_T3,longitudinal,1,Chest_to_RShoulder_rz,Chest_to_RShoulder,rz,0.016730077941153512,0.060632676247343295,0.04390259830618978,0.22064000484601531,0.3794196133835407
252_T1_vs_T3,longitudinal,1,LFArm_to_LHand_rx,LFArm_to_LHand,rx,0.0045136635769527506,0.01021358599172095,0.005699922414768199,0.22064000484601531,0.3794196133835407
252_T1_vs_T3,longitudinal,1,LFArm_to_LHand_ry,LFArm_to_LHand,ry,0.05219556738418867,0.006186501386001627,-0.04600906599818705,0.22064000484601531,0.3794196133835407
252_T1_vs_T3,longitudinal,1,LFArm_to_LHand_rz,LFArm_to_LHand,rz,0.10417524375763589,0.059554527116959535,-0.04462071664067635,0.22064000484601531,0.3794196133835407
252_T1_vs_T3,longitudinal,1,LShin_to_LFoot_rx,LShin_to_LFoot,rx,0.015984545214575988,0.004919310843833029,-0.011065234370742959,0.22064000484601531,0.3794196133835407
252_T1_vs_T3,longitudinal,1,LShin_to_LFoot_ry,LShin_to_LFoot,ry,0.010711152118713381,0.015666550222256926,0.004955398103543545,0.22064000484601531,0.3794196133835407
252_T1_vs_T3,longitudinal,1,LShin_to_LFoot_rz,LShin_to_LFoot,rz,0.0032086227632324217,0.00041038398303782476,-0.002798238780194597,0.22064000484601531,0.3794196133835407
252_T1_vs_T3,longitudinal,1,LShoulder_to_LUArm_rx,LShoulder_to_LUArm,rx,0.1304026706391334,0.041496911686128825,-0.0889057589530046,0.22064000484601531,0.3794196133835407
252_T1_vs_T3,longitudinal,1,LShoulder_to_LUArm_ry,LShoulder_to_LUArm,ry,0.3575736516415701,0.19213254793394632,-0.1654411037076238,0.22064000484601531,0.3794196133835407
252_T1_vs_T3,longitudinal,1,LShoulder_to_LUArm_rz,LShoulder_to_LUArm,rz,0.19919042824279629,0.32238213036319496,0.12319170212039868,0.22064000484601531,0.3794196133835407
252_T1_vs_T3,longitudinal,1,LThigh_to_LShin_rx,LThigh_to_LShin,rx,0.04314747796880018,0.009051526872235083,-0.0340959510965651,0.22064000484601531,0.3794196133835407
252_T1_vs_T3,longitudinal,1,LThigh_to_LShin_ry,LThigh_to_LShin,ry,4.128220329308277e-10,2.018734072947113e-08,1.97745186965403e-08,0.22064000484601531,0.3794196133835407
252_T1_vs_T3,longitudinal,1,LThigh_to_LShin_rz,LThigh_to_LShin,rz,2.0493102120200784e-08,2.2485660407993617e-08,1.9925582877928323e-09,0.22064000484601531,0.3794196133835407
252_T1_vs_T3,longitudinal,1,LUArm_to_LFArm_rx,LUArm_to_LFArm,rx,0.08591700034401659,0.18153197052954667,0.09561497018553008,0.22064000484601531,0.3794196133835407
252_T1_vs_T3,longitudinal,1,LUArm_to_LFArm_ry,LUArm_to_LFArm,ry,0.6009457333532779,0.28699034311081467,-0.3139553902424633,0.22064000484601531,0.3794196133835407
252_T1_vs_T3,longitudinal,1,LUArm_to_LFArm_rz,LUArm_to_LFArm,rz,0.14609175859179613,0.19609983964010994,0.05000808104831381,0.22064000484601531,0.3794196133835407
252_T1_vs_T3,longitudinal,1,Neck_to_Head_rx,Neck_to_Head,rx,0.003578408578000879,0.04742443630538694,0.04384602772738606,0.22064000484601531,0.3794196133835407
252_T1_vs_T3,longitudinal,1,Neck_to_Head_ry,Neck_to_Head,ry,0.04873980097701733,0.044329792352141385,-0.004410008624875943,0.22064000484601531,0.3794196133835407
252_T1_vs_T3,longitudinal,1,Neck_to_Head_rz,Neck_to_Head,rz,0.03642226707605782,0.007165148606244073,-0.02925711846981375,0.22064000484601531,0.3794196133835407
252_T1_vs_T3,longitudinal,1,RFArm_to_RHand_rx,RFArm_to_RHand,rx,0.006106861355517753,0.012460847401890018,0.006353986046372265,0.22064000484601531,0.3794196133835407
252_T1_vs_T3,longitudinal,1,RFArm_to_RHand_ry,RFArm_to_RHand,ry,0.015394928679005519,0.0995093996093942,0.08411447093038868,0.22064000484601531,0.3794196133835407
252_T1_vs_T3,longitudinal,1,RFArm_to_RHand_rz,RFArm_to_RHand,rz,0.11013111131018762,0.1109623133017241,0.0008312019915364816,0.22064000484601531,0.3794196133835407
252_T1_vs_T3,longitudinal,1,RShin_to_RFoot_rx,RShin_to_RFoot,rx,0.009937981076547647,0.0006611344329585536,-0.009276846643589094,0.22064000484601531,0.3794196133835407
252_T1_vs_T3,longitudinal,1,RShin_to_RFoot_ry,RShin_to_RFoot,ry,0.02035357332426607,0.027043333006519062,0.006689759682252994,0.22064000484601531,0.3794196133835407
252_T1_vs_T3,longitudinal,1,RShin_to_RFoot_rz,RShin_to_RFoot,rz,0.00029182210216870894,0.004130817732232462,0.0038389956300637533,0.22064000484601531,0.3794196133835407
252_T1_vs_T3,longitudinal,1,RShoulder_to_RUArm_rx,RShoulder_to_RUArm,rx,0.5298780079213163,0.08837008904060971,-0.4415079188807066,0.22064000484601531,0.3794196133835407
252_T1_vs_T3,longitudinal,1,RShoulder_to_RUArm_ry,RShoulder_to_RUArm,ry,0.015494938106748086,0.24740424953023452,0.23190931142348642,0.22064000484601531,0.3794196133835407
252_T1_vs_T3,longitudinal,1,RShoulder_to_RUArm_rz,RShoulder_to_RUArm,rz,0.11050914129045622,0.4239890741854046,0.31347993289494835,0.22064000484601531,0.3794196133835407
252_T1_vs_T3,longitudinal,1,RThigh_to_RShin_rx,RThigh_to_RShin,rx,0.03143383043828745,0.03392761393619219,0.0024937834979047377,0.22064000484601531,0.3794196133835407
252_T1_vs_T3,longitudinal,1,RThigh_to_RShin_ry,RThigh_to_RShin,ry,1.0751519030637124e-08,6.074104692542881e-09,-4.677414338094242e-09,0.22064000484601531,0.3794196133835407
252_T1_vs_T3,longitudinal,1,RThigh_to_RShin_rz,RThigh_to_RShin,rz,2.4768336207344115e-11,1.1280483224463786e-08,1.1255714888256443e-08,0.22064000484601531,0.3794196133835407
252_T1_vs_T3,longitudinal,1,RUArm_to_RFArm_rx,RUArm_to_RFArm,rx,0.16337366304299977,0.4618356933259833,0.2984620302829835,0.22064000484601531,0.3794196133835407
252_T1_vs_T3,longitudinal,1,RUArm_to_RFArm_ry,RUArm_to_RFArm,ry,0.21692496800294309,0.31454827520346834,0.09762330720052526,0.22064000484601531,0.3794196133835407
252_T1_vs_T3,longitudinal,1,RUArm_to_RFArm_rz,RUArm_to_RFArm,rz,0.049500524872919616,0.2996788565058171,0.2501783316328975,0.22064000484601531,0.3794196133835407
252_T1_vs_T3,longitudinal,2,252_to_LThigh_rx,252_to_LThigh,rx,0.030717959987384517,0.0904502292843681,0.05973226929698359,0.1984810473719886,0.29437274506817923
252_T1_vs_T3,longitudinal,2,252_to_LThigh_ry,252_to_LThigh,ry,0.004256058097803752,0.015190220565085835,0.010934162467282082,0.1984810473719886,0.29437274506817923
252_T1_vs_T3,longitudinal,2,252_to_LThigh_rz,252_to_LThigh,rz,0.00878951109157834,0.04052375252808624,0.031734241436507896,0.1984810473719886,0.29437274506817923
252_T1_vs_T3,longitudinal,2,252_to_RThigh_rx,252_to_RThigh,rx,0.006500368427189307,0.08548446190229407,0.07898409347510477,0.1984810473719886,0.29437274506817923
252_T1_vs_T3,longitudinal,2,252_to_RThigh_ry,252_to_RThigh,ry,0.00317192706195704,0.01178020892730789,0.00860828186535085,0.1984810473719886,0.29437274506817923
252_T1_vs_T3,longitudinal,2,252_to_RThigh_rz,252_to_RThigh,rz,0.00677699950676402,0.031753862141484644,0.024976862634720626,0.1984810473719886,0.29437274506817923
252_T1_vs_T3,longitudinal,2,Chest_to_LShoulder_rx,Chest_to_LShoulder,rx,0.003601796270123741,0.018390786117402042,0.014788989847278302,0.1984810473719886,0.29437274506817923
252_T1_vs_T3,longitudinal,2,Chest_to_LShoulder_ry,Chest_to_LShoulder,ry,0.01599902543683621,0.04523308678816753,0.02923406135133132,0.1984810473719886,0.29437274506817923
252_T1_vs_T3,longitudinal,2,Chest_to_LShoulder_rz,Chest_to_LShoulder,rz,0.017500403348509774,0.06557277784857216,0.04807237450006238,0.1984810473719886,0.29437274506817923
252_T1_vs_T3,longitudinal,2,Chest_to_Neck_rx,Chest_to_Neck,rx,0.008445970068026895,0.00549268347544679,-0.002953286592580105,0.1984810473719886,0.29437274506817923
252_T1_vs_T3,longitudinal,2,Chest_to_Neck_ry,Chest_to_Neck,ry,9.032630334833365e-05,0.04622350091240357,0.046133174609055236,0.1984810473719886,0.29437274506817923
252_T1_vs_T3,longitudinal,2,Chest_to_Neck_rz,Chest_to_Neck,rz,0.017991849848179833,0.010876209714875988,-0.007115640133303845,0.1984810473719886,0.29437274506817923
252_T1_vs_T3,longitudinal,2,Chest_to_RShoulder_rx,Chest_to_RShoulder,rx,0.0063999049781397485,0.0343569147517339,0.027957009773594152,0.1984810473719886,0.29437274506817923
252_T1_vs_T3,longitudinal,2,Chest_to_RShoulder_ry,Chest_to_RShoulder,ry,0.025724478269214028,0.007913586266663797,-0.017810892002550233,0.1984810473719886,0.29437274506817923
252_T1_vs_T3,longitudinal,2,Chest_to_RShoulder_rz,Chest_to_RShoulder,rz,0.0975706978764526,0.07456894200552545,-0.02300175587092715,0.1984810473719886,0.29437274506817923
252_T1_vs_T3,longitudinal,2,LFArm_to_LHand_rx,LFArm_to_LHand,rx,0.006985634851847546,0.012038522631470988,0.005052887779623442,0.1984810473719886,0.29437274506817923
252_T1_vs_T3,longitudinal,2,LFArm_to_LHand_ry,LFArm_to_LHand,ry,0.03328938351823222,0.0064491188451655905,-0.02684026467306663,0.1984810473719886,0.29437274506817923
252_T1_vs_T3,longitudinal,2,LFArm_to_LHand_rz,LFArm_to_LHand,rz,0.04495652468374733,0.009733058254667918,-0.035223466429079406,0.1984810473719886,0.29437274506817923
252_T1_vs_T3,longitudinal,2,LShin_to_LFoot_rx,LShin_to_LFoot,rx,0.021779416982425928,0.006371163608166918,-0.01540825337425901,0.1984810473719886,0.29437274506817923
252_T1_vs_T3,longitudinal,2,LShin_to_LFoot_ry,LShin_to_LFoot,ry,0.01546104382284593,0.023507876485735196,0.008046832662889266,0.1984810473719886,0.29437274506817923
252_T1_vs_T3,longitudinal,2,LShin_to_LFoot_rz,LShin_to_LFoot,rz,0.0102179007230053,0.0038619288926520392,-0.00635597183035326,0.1984810473719886,0.29437274506817923
252_T1_vs_T3,longitudinal,2,LShoulder_to_LUArm_rx,LShoulder_to_LUArm,rx,0.15486551671626247,0.07967500272679381,-0.07519051398946866,0.1984810473719886,0.29437274506817923
252_T1_vs_T3,longitudinal,2,LShoulder_to_LUArm_ry,LShoulder_to_LUArm,ry,0.1253802103778452,0.17660601456562375,0.051225804187778556,0.1984810473719886,0.29437274506817923
252_T1_vs_T3,longitudinal,2,LShoulder_to_LUArm_rz,LShoulder_to_LUArm,rz,0.0781832933792032,0.2913361695816294,0.21315287620242618,0.1984810473719886,0.29437274506817923
252_T1_vs_T3,longitudinal,2,LThigh_to_LShin_rx,LThigh_to_LShin,rx,0.042698592819997876,0.03334643000547238,-0.009352162814525493,0.1984810473719886,0.29437274506817923
252_T1_vs_T3,longitudinal,2,LThigh_to_LShin_ry,LThigh_to_LShin,ry,1.2329508365837079e-08,2.7623701437717807e-09,-9.567138222065298e-09,0.1984810473719886,0.29437274506817923
252_T1_vs_T3,longitudinal,2,LThigh_to_LShin_rz,LThigh_to_LShin,rz,1.002712758227286e-09,1.850249326501599e-08,1.7499780506788703e-08,0.1984810473719886,0.29437274506817923
252_T1_vs_T3,longitudinal,2,LUArm_to_LFArm_rx,LUArm_to_LFArm,rx,0.1286515866926796,0.2607774637054202,0.13212587701274062,0.1984810473719886,0.29437274506817923
252_T1_vs_T3,longitudinal,2,LUArm_to_LFArm_ry,LUArm_to_LFArm,ry,0.2202500314755899,0.38093691467677815,0.16068688320118824,0.1984810473719886,0.29437274506817923
252_T1_vs_T3,longitudinal,2,LUArm_to_LFArm_rz,LUArm_to_LFArm,rz,0.09180497769591485,0.26778378257521307,0.17597880487929823,0.1984810473719886,0.29437274506817923
252_T1_vs_T3,longitudinal,2,Neck_to_Head_rx,Neck_to_Head,rx,0.008466578971035822,0.005405400053005945,-0.0030611789180298764,0.1984810473719886,0.29437274506817923
252_T1_vs_T3,longitudinal,2,Neck_to_Head_ry,Neck_to_Head,ry,0.0033784862448361964,0.04746105861855565,0.04408257237371946,0.1984810473719886,0.29437274506817923
252_T1_vs_T3,longitudinal,2,Neck_to_Head_rz,Neck_to_Head,rz,0.01763559162319646,0.0018829494934585556,-0.0157526421297379,0.1984810473719886,0.29437274506817923
252_T1_vs_T3,longitudinal,2,RFArm_to_RHand_rx,RFArm_to_RHand,rx,0.012053251017126785,0.006377719870056319,-0.005675531147070466,0.1984810473719886,0.29437274506817923
252_T1_vs_T3,longitudinal,2,RFArm_to_RHand_ry,RFArm_to_RHand,ry,0.08783379863427317,0.029024425873139654,-0.058809372761133516,0.1984810473719886,0.29437274506817923
252_T1_vs_T3,longitudinal,2,RFArm_to_RHand_rz,RFArm_to_RHand,rz,0.12597162678377774,0.0949088593879805,-0.031062767395797247,0.1984810473719886,0.29437274506817923
252_T1_vs_T3,longitudinal,2,RShin_to_RFoot_rx,RShin_to_RFoot,rx,0.006119449362319837,0.016297051389435508,0.010177602027115672,0.1984810473719886,0.29437274506817923
252_T1_vs_T3,longitudinal,2,RShin_to_RFoot_ry,RShin_to_RFoot,ry,0.017611914532781256,0.028599959450700655,0.010988044917919399,0.1984810473719886,0.29437274506817923
252_T1_vs_T3,longitudinal,2,RShin_to_RFoot_rz,RShin_to_RFoot,rz,0.008154679525391619,0.0187524797265943,0.010597800201202682,0.1984810473719886,0.29437274506817923
252_T1_vs_T3,longitudinal,2,RShoulder_to_RUArm_rx,RShoulder_to_RUArm,rx,0.45361226602794635,0.6039282348195472,0.1503159687916008,0.1984810473719886,0.29437274506817923
252_T1_vs_T3,longitudinal,2,RShoulder_to_RUArm_ry,RShoulder_to_RUArm,ry,0.10161726057932645,0.026826907241476954,-0.0747903533378495,0.1984810473719886,0.29437274506817923
252_T1_vs_T3,longitudinal,2,RShoulder_to_RUArm_rz,RShoulder_to_RUArm,rz,0.2608129996582325,0.09234069525088583,-0.16847230440734667,0.1984810473719886,0.29437274506817923
252_T1_vs_T3,longitudinal,2,RThigh_to_RShin_rx,RThigh_to_RShin,rx,0.01882621818573682,0.0031174922412047514,-0.01570872594453207,0.1984810473719886,0.29437274506817923
252_T1_vs_T3,longitudinal,2,RThigh_to_RShin_ry,RThigh_to_RShin,ry,7.000043464978071e-09,1.1163515903033208e-08,4.163472438055137e-09,0.1984810473719886,0.29437274506817923
252_T1_vs_T3,longitudinal,2,RThigh_to_RShin_rz,RThigh_to_RShin,rz,1.5789215533358183e-08,2.6879217016083858e-09,-1.3101293831749798e-08,0.1984810473719886,0.29437274506817923
252_T1_vs_T3,longitudinal,2,RUArm_to_RFArm_rx,RUArm_to_RFArm,rx,0.4678042700487801,0.3766054940520799,-0.09119877599670023,0.1984810473719886,0.29437274506817923
252_T1_vs_T3,longitudinal,2,RUArm_to_RFArm_ry,RUArm_to_RFArm,ry,0.4849956514517322,0.08600072044871221,-0.39899493100301997,0.1984810473719886,0.29437274506817923
252_T1_vs_T3,longitudinal,2,RUArm_to_RFArm_rz,RUArm_to_RFArm,rz,0.3154019306829125,0.14018546219881223,-0.17521646848410027,0.1984810473719886,0.29437274506817923
252_T1_vs_T3,longitudinal,3,252_to_LThigh_rx,252_to_LThigh,rx,0.03748154658895569,0.14521972280178547,0.10773817621282977,0.1282093069926703,0.13502906294358713
252_T1_vs_T3,longitudinal,3,252_to_LThigh_ry,252_to_LThigh,ry,0.02587191547281794,0.0744145443012477,0.04854262882842977,0.1282093069926703,0.13502906294358713
252_T1_vs_T3,longitudinal,3,252_to_LThigh_rz,252_to_LThigh,rz,0.022287897794476284,0.13037359978909488,0.10808570199461859,0.1282093069926703,0.13502906294358713
252_T1_vs_T3,longitudinal,3,252_to_RThigh_rx,252_to_RThigh,rx,0.0096281752096773,0.07975871765396521,0.0701305424442879,0.1282093069926703,0.13502906294358713
252_T1_vs_T3,longitudinal,3,252_to_RThigh_ry,252_to_RThigh,ry,0.025674216371578105,0.049488013832965666,0.02381379746138756,0.1282093069926703,0.13502906294358713
252_T1_vs_T3,longitudinal,3,252_to_RThigh_rz,252_to_RThigh,rz,0.021106204969699508,0.13039914744791137,0.10929294247821186,0.1282093069926703,0.13502906294358713
252_T1_vs_T3,longitudinal,3,Chest_to_LShoulder_rx,Chest_to_LShoulder,rx,0.02970867517879739,0.03150287275614517,0.001794197577347778,0.1282093069926703,0.13502906294358713
252_T1_vs_T3,longitudinal,3,Chest_to_LShoulder_ry,Chest_to_LShoulder,ry,0.02428505328901239,0.021929439820144142,-0.0023556134688682492,0.1282093069926703,0.13502906294358713
252_T1_vs_T3,longitudinal,3,Chest_to_LShoulder_rz,Chest_to_LShoulder,rz,0.0017716110134793418,0.001710187339264442,-6.142367421489974e-05,0.1282093069926703,0.13502906294358713
252_T1_vs_T3,longitudinal,3,Chest_to_Neck_rx,Chest_to_Neck,rx,0.02692091944113719,0.06822044055044452,0.041299521109307326,0.1282093069926703,0.13502906294358713
252_T1_vs_T3,longitudinal,3,Chest_to_Neck_ry,Chest_to_Neck,ry,0.002077068317879149,0.0283634502098253,0.026286381891946153,0.1282093069926703,0.13502906294358713
252_T1_vs_T3,longitudinal,3,Chest_to_Neck_rz,Chest_to_Neck,rz,0.02936501280112674,0.020804644773756195,-0.008560368027370546,0.1282093069926703,0.13502906294358713
252_T1_vs_T3,longitudinal,3,Chest_to_RShoulder_rx,Chest_to_RShoulder,rx,0.028496390359968173,0.03478550870933818,0.006289118349370005,0.1282093069926703,0.13502906294358713
252_T1_vs_T3,longitudinal,3,Chest_to_RShoulder_ry,Chest_to_RShoulder,ry,0.00627604353445238,0.04750756683407044,0.04123152329961806,0.1282093069926703,0.13502906294358713
252_T1_vs_T3,longitudinal,3,Chest_to_RShoulder_rz,Chest_to_RShoulder,rz,0.06432694745480304,0.03307529541723429,-0.031251652037568745,0.1282093069926703,0.13502906294358713
252_T1_vs_T3,longitudinal,3,LFArm_to_LHand_rx,LFArm_to_LHand,rx,0.0013291668916920632,0.012904451702614804,0.01157528481092274,0.1282093069926703,0.13502906294358713
252_T1_vs_T3,longitudinal,3,LFArm_to_LHand_ry,LFArm_to_LHand,ry,0.03216815542280865,0.017188025425498184,-0.014980129997310469,0.1282093069926703,0.13502906294358713
252_T1_vs_T3,longitudinal,3,LFArm_to_LHand_rz,LFArm_to_LHand,rz,0.07231157455273607,0.02479184180918071,-0.04751973274355536,0.1282093069926703,0.13502906294358713
252_T1_vs_T3,longitudinal,3,LShin_to_LFoot_rx,LShin_to_LFoot,rx,0.022543920728694326,0.04321678029396671,0.020672859565272383,0.1282093069926703,0.13502906294358713
252_T1_vs_T3,longitudinal,3,LShin_to_LFoot_ry,LShin_to_LFoot,ry,2.5540164468649643e-05,0.007224242957256145,0.007198702792787495,0.1282093069926703,0.13502906294358713
252_T1_vs_T3,longitudinal,3,LShin_to_LFoot_rz,LShin_to_LFoot,rz,0.0022511128134956176,0.037869927549796185,0.03561881473630057,0.1282093069926703,0.13502906294358713
252_T1_vs_T3,longitudinal,3,LShoulder_to_LUArm_rx,LShoulder_to_LUArm,rx,0.22833936719955797,0.34796440939524675,0.11962504219568879,0.1282093069926703,0.13502906294358713
252_T1_vs_T3,longitudinal,3,LShoulder_to_LUArm_ry,LShoulder_to_LUArm,ry,0.0989014703897207,0.18955059805864094,0.09064912766892023,0.1282093069926703,0.13502906294358713
252_T1_vs_T3,longitudinal,3,LShoulder_to_LUArm_rz,LShoulder_to_LUArm,rz,0.16512293144053358,0.24418143521293253,0.07905850377239895,0.1282093069926703,0.13502906294358713
252_T1_vs_T3,longitudinal,3,LThigh_to_LShin_rx,LThigh_to_LShin,rx,0.059921440462184374,0.027075129187459832,-0.03284631127472454,0.1282093069926703,0.13502906294358713
252_T1_vs_T3,longitudinal,3,LThigh_to_LShin_ry,LThigh_to_LShin,ry,8.985154159240614e-09,3.6794745351621807e-09,-5.305679624078434e-09,0.1282093069926703,0.13502906294358713
252_T1_vs_T3,longitudinal,3,LThigh_to_LShin_rz,LThigh_to_LShin,rz,4.0475771746086023e-08,1.2913964341875666e-09,-3.9184375311898455e-08,0.1282093069926703,0.13502906294358713
252_T1_vs_T3,longitudinal,3,LUArm_to_LFArm_rx,LUArm_to_LFArm,rx,0.4101626426855577,0.4377086502842257,0.027546007598667988,0.1282093069926703,0.13502906294358713
252_T1_vs_T3,longitudinal,3,LUArm_to_LFArm_ry,LUArm_to_LFArm,ry,0.5184245539982872,0.33936514985107646,-0.17905940414721078,0.1282093069926703,0.13502906294358713
252_T1_vs_T3,longitudinal,3,LUArm_to_LFArm_rz,LUArm_to_LFArm,rz,0.21742160078318645,0.33714902907546973,0.11972742829228328,0.1282093069926703,0.13502906294358713
252_T1_vs_T3,longitudinal,3,Neck_to_Head_rx,Neck_to_Head,rx,0.026724196461289155,0.0679398359387613,0.041215639477472144,0.1282093069926703,0.13502906294358713
252_T1_vs_T3,longitudinal,3,Neck_to_Head_ry,Neck_to_Head,ry,0.007680526123868267,0.024270914782855302,0.016590388658987036,0.1282093069926703,0.13502906294358713
252_T1_vs_T3,longitudinal,3,Neck_to_Head_rz,Neck_to_Head,rz,0.028385812420025944,0.02582731929366725,-0.002558493126358693,0.1282093069926703,0.13502906294358713
252_T1_vs_T3,longitudinal,3,RFArm_to_RHand_rx,RFArm_to_RHand,rx,0.004206760199527809,0.007075959163585088,0.002869198964057279,0.1282093069926703,0.13502906294358713
252_T1_vs_T3,longitudinal,3,RFArm_to_RHand_ry,RFArm_to_RHand,ry,0.0501268101987395,0.026624308047686757,-0.02350250215105274,0.1282093069926703,0.13502906294358713
252_T1_vs_T3,longitudinal,3,RFArm_to_RHand_rz,RFArm_to_RHand,rz,0.05130067936385384,0.10663785115179782,0.05533717178794398,0.1282093069926703,0.13502906294358713
252_T1_vs_T3,longitudinal,3,RShin_to_RFoot_rx,RShin_to_RFoot,rx,0.015614912920461934,0.05573175716293535,0.040116844242473415,0.1282093069926703,0.13502906294358713
252_T1_vs_T3,longitudinal,3,RShin_to_RFoot_ry,RShin_to_RFoot,ry,0.00529801724485036,0.03473158216577857,0.029433564920928208,0.1282093069926703,0.13502906294358713
252_T1_vs_T3,longitudinal,3,RShin_to_RFoot_rz,RShin_to_RFoot,rz,0.00936101250007892,0.058690415883953254,0.049329403383874336,0.1282093069926703,0.13502906294358713
252_T1_vs_T3,longitudinal,3,RShoulder_to_RUArm_rx,RShoulder_to_RUArm,rx,0.1601790420163889,0.41407841607732027,0.2538993740609313,0.1282093069926703,0.13502906294358713
252_T1_vs_T3,longitudinal,3,RShoulder_to_RUArm_ry,RShoulder_to_RUArm,ry,0.008699785037719811,0.09596710582323678,0.08726732078551697,0.1282093069926703,0.13502906294358713
252_T1_vs_T3,longitudinal,3,RShoulder_to_RUArm_rz,RShoulder_to_RUArm,rz,0.14200225151842003,0.2263142270378119,0.08431197551939187,0.1282093069926703,0.13502906294358713
252_T1_vs_T3,longitudinal,3,RThigh_to_RShin_rx,RThigh_to_RShin,rx,0.012129046016180988,0.0711651322016618,0.05903608618548081,0.1282093069926703,0.13502906294358713
252_T1_vs_T3,longitudinal,3,RThigh_to_RShin_ry,RThigh_to_RShin,ry,1.7995135684280453e-08,3.2054712557280624e-08,1.405957687300017e-08,0.1282093069926703,0.13502906294358713
252_T1_vs_T3,longitudinal,3,RThigh_to_RShin_rz,RThigh_to_RShin,rz,1.7869595946285866e-08,2.2183167116472153e-08,4.313571170186287e-09,0.1282093069926703,0.13502906294358713
252_T1_vs_T3,longitudinal,3,RUArm_to_RFArm_rx,RUArm_to_RFArm,rx,0.2886465594007689,0.03255888582253261,-0.25608767357823625,0.1282093069926703,0.13502906294358713
252_T1_vs_T3,longitudinal,3,RUArm_to_RFArm_ry,RUArm_to_RFArm,ry,0.5171919163895132,0.09034548298248608,-0.42684643340702716,0.1282093069926703,0.13502906294358713
252_T1_vs_T3,longitudinal,3,RUArm_to_RFArm_rz,RUArm_to_RFArm,rz,0.02002106550628256,0.06689152590198316,0.0468704603957006,0.1282093069926703,0.13502906294358713
252_T1_vs_T3,longitudinal,4,252_to_LThigh_rx,252_to_LThigh,rx,0.19447246095045526,0.022553710194617306,-0.17191875075583796,0.09757290815161501,0.06163269518001633
252_T1_vs_T3,longitudinal,4,252_to_LThigh_ry,252_to_LThigh,ry,0.06471788113500151,0.006402960120544006,-0.05831492101445751,0.09757290815161501,0.06163269518001633
252_T1_vs_T3,longitudinal,4,252_to_LThigh_rz,252_to_LThigh,rz,0.08078370730843627,0.07176011250621417,-0.009023594802222104,0.09757290815161501,0.06163269518001633
252_T1_vs_T3,longitudinal,4,252_to_RThigh_rx,252_to_RThigh,rx,0.12590374688724654,0.04995339665444221,-0.07595035023280433,0.09757290815161501,0.06163269518001633
252_T1_vs_T3,longitudinal,4,252_to_RThigh_ry,252_to_RThigh,ry,0.045300861385590356,0.0307028274809512,-0.014598033904639155,0.09757290815161501,0.06163269518001633
252_T1_vs_T3,longitudinal,4,252_to_RThigh_rz,252_to_RThigh,rz,0.07919374649689102,0.07058195514406411,-0.008611791352826914,0.09757290815161501,0.06163269518001633
252_T1_vs_T3,longitudinal,4,Chest_to_LShoulder_rx,Chest_to_LShoulder,rx,0.04285760187238016,0.009764712168428641,-0.03309288970395152,0.09757290815161501,0.06163269518001633
252_T1_vs_T3,longitudinal,4,Chest_to_LShoulder_ry,Chest_to_LShoulder,ry,0.01529712274397439,0.12069395743622492,0.10539683469225053,0.09757290815161501,0.06163269518001633
252_T1_vs_T3,longitudinal,4,Chest_to_LShoulder_rz,Chest_to_LShoulder,rz,0.028093735461359244,0.052018776451690285,0.02392504099033104,0.09757290815161501,0.06163269518001633
252_T1_vs_T3,longitudinal,4,Chest_to_Neck_rx,Chest_to_Neck,rx,0.046943456855401744,0.013598049096147605,-0.03334540775925414,0.09757290815161501,0.06163269518001633
252_T1_vs_T3,longitudinal,4,Chest_to_Neck_ry,Chest_to_Neck,ry,0.03984102320143135,0.03997865775038208,0.00013763454895072968,0.09757290815161501,0.06163269518001633
252_T1_vs_T3,longitudinal,4,Chest_to_Neck_rz,Chest_to_Neck,rz,0.013077433457555807,0.046522911214404064,0.03344547775684826,0.09757290815161501,0.06163269518001633
252_T1_vs_T3,longitudinal,4,Chest_to_RShoulder_rx,Chest_to_RShoulder,rx,0.026473768568954403,0.0023227793827264548,-0.024150989186227947,0.09757290815161501,0.06163269518001633
252_T1_vs_T3,longitudinal,4,Chest_to_RShoulder_ry,Chest_to_RShoulder,ry,0.018393558895944358,0.07412620722343545,0.05573264832749109,0.09757290815161501,0.06163269518001633
252_T1_vs_T3,longitudinal,4,Chest_to_RShoulder_rz,Chest_to_RShoulder,rz,0.021353776524334737,0.0412113814689378,0.01985760494460306,0.09757290815161501,0.06163269518001633
252_T1_vs_T3,longitudinal,4,LFArm_to_LHand_rx,LFArm_to_LHand,rx,0.007920137114235684,0.041862287720309484,0.0339421506060738,0.09757290815161501,0.06163269518001633
252_T1_vs_T3,longitudinal,4,LFArm_to_LHand_ry,LFArm_to_LHand,ry,0.0774295587312674,0.13526569838162736,0.057836139650359955,0.09757290815161501,0.06163269518001633
252_T1_vs_T3,longitudinal,4,LFArm_to_LHand_rz,LFArm_to_LHand,rz,0.15010900572595204,0.37463894017859944,0.2245299344526474,0.09757290815161501,0.06163269518001633
252_T1_vs_T3,longitudinal,4,LShin_to_LFoot_rx,LShin_to_LFoot,rx,0.05118536033692167,0.036740876761313726,-0.014444483575607944,0.09757290815161501,0.06163269518001633
252_T1_vs_T3,longitudinal,4,LShin_to_LFoot_ry,LShin_to_LFoot,ry,0.030451832895100985,0.08301713655347734,0.052565303658376354,0.09757290815161501,0.06163269518001633
252_T1_vs_T3,longitudinal,4,LShin_to_LFoot_rz,LShin_to_LFoot,rz,0.03329252133969865,0.014814430228420526,-0.018478091111278124,0.09757290815161501,0.06163269518001633
252_T1_vs_T3,longitudinal,4,LShoulder_to_LUArm_rx,LShoulder_to_LUArm,rx,0.3804097217952182,0.01569261826581109,-0.3647171035294071,0.09757290815161501,0.06163269518001633
252_T1_vs_T3,longitudinal,4,LShoulder_to_LUArm_ry,LShoulder_to_LUArm,ry,0.17572899891979565,0.5609611146136267,0.3852321156938311,0.09757290815161501,0.06163269518001633
252_T1_vs_T3,longitudinal,4,LShoulder_to_LUArm_rz,LShoulder_to_LUArm,rz,0.008190046916207066,0.02954872964299448,0.021358682726787412,0.09757290815161501,0.06163269518001633
252_T1_vs_T3,longitudinal,4,LThigh_to_LShin_rx,LThigh_to_LShin,rx,0.038516291458298046,0.05516054390514626,0.016644252446848216,0.09757290815161501,0.06163269518001633
252_T1_vs_T3,longitudinal,4,LThigh_to_LShin_ry,LThigh_to_LShin,ry,4.5032925143591015e-09,1.49175736870092e-08,1.04142811726501e-08,0.09757290815161501,0.06163269518001633
252_T1_vs_T3,longitudinal,4,LThigh_to_LShin_rz,LThigh_to_LShin,rz,1.7946120665382595e-08,1.3315378725832146e-08,-4.630741939550449e-09,0.09757290815161501,0.06163269518001633
252_T1_vs_T3,longitudinal,4,LUArm_to_LFArm_rx,LUArm_to_LFArm,rx,0.5203602877652911,0.028953773011641322,-0.49140651475364977,0.09757290815161501,0.06163269518001633
252_T1_vs_T3,longitudinal,4,LUArm_to_LFArm_ry,LUArm_to_LFArm,ry,0.17427855339503448,0.1897994466359108,0.015520893240876327,0.09757290815161501,0.06163269518001633
252_T1_vs_T3,longitudinal,4,LUArm_to_LFArm_rz,LUArm_to_LFArm,rz,0.2924293591172999,0.13420068968691376,-0.15822866943038613,0.09757290815161501,0.06163269518001633
252_T1_vs_T3,longitudinal,4,Neck_to_Head_rx,Neck_to_Head,rx,0.046363027738378505,0.01309911045046955,-0.03326391728790896,0.09757290815161501,0.06163269518001633
252_T1_vs_T3,longitudinal,4,Neck_to_Head_ry,Neck_to_Head,ry,0.03683620212918323,0.04810146287929302,0.011265260750109786,0.09757290815161501,0.06163269518001633
252_T1_vs_T3,longitudinal,4,Neck_to_Head_rz,Neck_to_Head,rz,0.020375832246413282,0.03810416702994185,0.017728334783528567,0.09757290815161501,0.06163269518001633
252_T1_vs_T3,longitudinal,4,RFArm_to_RHand_rx,RFArm_to_RHand,rx,0.0002982299421577354,0.007314810338121699,0.007016580395963964,0.09757290815161501,0.06163269518001633
252_T1_vs_T3,longitudinal,4,RFArm_to_RHand_ry,RFArm_to_RHand,ry,0.03088408098943285,0.07117862516222782,0.040294544172794974,0.09757290815161501,0.06163269518001633
252_T1_vs_T3,longitudinal,4,RFArm_to_RHand_rz,RFArm_to_RHand,rz,0.023034660140677163,0.14145819994445372,0.11842353980377655,0.09757290815161501,0.06163269518001633
252_T1_vs_T3,longitudinal,4,RShin_to_RFoot_rx,RShin_to_RFoot,rx,0.055999605978921785,0.030934691351742667,-0.02506491462717912,0.09757290815161501,0.06163269518001633
252_T1_vs_T3,longitudinal,4,RShin_to_RFoot_ry,RShin_to_RFoot,ry,0.04974009046756419,0.05911129605700868,0.009371205589444494,0.09757290815161501,0.06163269518001633
252_T1_vs_T3,longitudinal,4,RShin_to_RFoot_rz,RShin_to_RFoot,rz,0.047561619459451504,0.003093558401048071,-0.04446806105840343,0.09757290815161501,0.06163269518001633
252_T1_vs_T3,longitudinal,4,RShoulder_to_RUArm_rx,RShoulder_to_RUArm,rx,0.13847378351068865,0.22093830826937308,0.08246452475868443,0.09757290815161501,0.06163269518001633
252_T1_vs_T3,longitudinal,4,RShoulder_to_RUArm_ry,RShoulder_to_RUArm,ry,0.1665452739964654,0.5320888789178302,0.3655436049213648,0.09757290815161501,0.06163269518001633
252_T1_vs_T3,longitudinal,4,RShoulder_to_RUArm_rz,RShoulder_to_RUArm,rz,0.06340603412256468,0.13275922371687088,0.0693531895943062,0.09757290815161501,0.06163269518001633
252_T1_vs_T3,longitudinal,4,RThigh_to_RShin_rx,RThigh_to_RShin,rx,0.05507769308409868,0.06464638928311238,0.009568696199013696,0.09757290815161501,0.06163269518001633
252_T1_vs_T3,longitudinal,4,RThigh_to_RShin_ry,RThigh_to_RShin,ry,1.792891614618629e-08,2.4456445975423925e-08,6.527529829237635e-09,0.09757290815161501,0.06163269518001633
252_T1_vs_T3,longitudinal,4,RThigh_to_RShin_rz,RThigh_to_RShin,rz,2.6823087684210586e-08,1.6275471025506415e-08,-1.054761665870417e-08,0.09757290815161501,0.06163269518001633
252_T1_vs_T3,longitudinal,4,RUArm_to_RFArm_rx,RUArm_to_RFArm,rx,0.06952269427822079,0.007629962051570935,-0.06189273222664986,0.09757290815161501,0.06163269518001633
252_T1_vs_T3,longitudinal,4,RUArm_to_RFArm_ry,RUArm_to_RFArm,ry,0.4909619035974599,0.13807567487189323,-0.35288622872556663,0.09757290815161501,0.06163269518001633
252_T1_vs_T3,longitudinal,4,RUArm_to_RFArm_rz,RUArm_to_RFArm,rz,0.09380721370860687,0.09166542610460354,-0.0021417876040033257,0.09757290815161501,0.06163269518001633
252_T1_vs_T3,longitudinal,5,252_to_LThigh_rx,252_to_LThigh,rx,0.035797772464637515,0.16129691248262262,0.12549914001798512,0.06687530622884723,0.05046230381711015
252_T1_vs_T3,longitudinal,5,252_to_LThigh_ry,252_to_LThigh,ry,0.03546326422294273,0.018629050117664695,-0.016834214105278033,0.06687530622884723,0.05046230381711015
252_T1_vs_T3,longitudinal,5,252_to_LThigh_rz,252_to_LThigh,rz,0.06185310738124685,0.06141610935272808,-0.0004369980285187716,0.06687530622884723,0.05046230381711015
252_T1_vs_T3,longitudinal,5,252_to_RThigh_rx,252_to_RThigh,rx,0.026803395539956934,0.11694517405270755,0.09014177851275061,0.06687530622884723,0.05046230381711015
252_T1_vs_T3,longitudinal,5,252_to_RThigh_ry,252_to_RThigh,ry,0.04290724357376579,0.04956489690860765,0.006657653334841862,0.06687530622884723,0.05046230381711015
252_T1_vs_T3,longitudinal,5,252_to_RThigh_rz,252_to_RThigh,rz,0.06197436257533658,0.05753880685597456,-0.004435555719362022,0.06687530622884723,0.05046230381711015
252_T1_vs_T3,longitudinal,5,Chest_to_LShoulder_rx,Chest_to_LShoulder,rx,0.00392372102490344,0.005813210185030955,0.0018894891601275148,0.06687530622884723,0.05046230381711015
252_T1_vs_T3,longitudinal,5,Chest_to_LShoulder_ry,Chest_to_LShoulder,ry,0.01628663789249957,0.024242140887129022,0.007955502994629451,0.06687530622884723,0.05046230381711015
252_T1_vs_T3,longitudinal,5,Chest_to_LShoulder_rz,Chest_to_LShoulder,rz,0.00887772825565346,0.027086715675854373,0.01820898742020091,0.06687530622884723,0.05046230381711015
252_T1_vs_T3,longitudinal,5,Chest_to_Neck_rx,Chest_to_Neck,rx,0.05546378650115262,0.0516746680820869,-0.0037891184190657207,0.06687530622884723,0.05046230381711015
252_T1_vs_T3,longitudinal,5,Chest_to_Neck_ry,Chest_to_Neck,ry,0.012957783804864873,0.005480227514022452,-0.007477556290842421,0.06687530622884723,0.05046230381711015
252_T1_vs_T3,longitudinal,5,Chest_to_Neck_rz,Chest_to_Neck,rz,0.0030156126513057515,0.056041877942323154,0.0530262652910174,0.06687530622884723,0.05046230381711015
252_T1_vs_T3,longitudinal,5,Chest_to_RShoulder_rx,Chest_to_RShoulder,rx,0.02050447233102224,0.022950130734011052,0.0024456584029888123,0.06687530622884723,0.05046230381711015
252_T1_vs_T3,longitudinal,5,Chest_to_RShoulder_ry,Chest_to_RShoulder,ry,0.011673385172130457,0.002547674197988203,-0.009125710974142255,0.06687530622884723,0.05046230381711015
252_T1_vs_T3,longitudinal,5,Chest_to_RShoulder_rz,Chest_to_RShoulder,rz,0.06492425859571568,0.13379493232686093,0.06887067373114525,0.06687530622884723,0.05046230381711015
252_T1_vs_T3,longitudinal,5,LFArm_to_LHand_rx,LFArm_to_LHand,rx,0.008662794780875904,0.026969887463378157,0.018307092682502253,0.06687530622884723,0.05046230381711015
252_T1_vs_T3,longitudinal,5,LFArm_to_LHand_ry,LFArm_to_LHand,ry,0.000769350741787664,0.09723347248230976,0.0964641217405221,0.06687530622884723,0.05046230381711015
252_T1_vs_T3,longitudinal,5,LFArm_to_LHand_rz,LFArm_to_LHand,rz,0.006266954545062065,0.2091017854470731,0.20283483090201104,0.06687530622884723,0.05046230381711015
252_T1_vs_T3,longitudinal,5,LShin_to_LFoot_rx,LShin_to_LFoot,rx,0.014483219761447891,0.03860394738075862,0.02412072761931073,0.06687530622884723,0.05046230381711015
252_T1_vs_T3,longitudinal,5,LShin_to_LFoot_ry,LShin_to_LFoot,ry,0.020087921756884085,0.005414793403519515,-0.01467312835336457,0.06687530622884723,0.05046230381711015
252_T1_vs_T3,longitudinal,5,LShin_to_LFoot_rz,LShin_to_LFoot,rz,0.022215709666363388,0.007722527466096087,-0.014493182200267301,0.06687530622884723,0.05046230381711015
252_T1_vs_T3,longitudinal,5,LShoulder_to_LUArm_rx,LShoulder_to_LUArm,rx,0.09878554503801908,0.22138783481821692,0.12260228978019784,0.06687530622884723,0.05046230381711015
252_T1_vs_T3,longitudinal,5,LShoulder_to_LUArm_ry,LShoulder_to_LUArm,ry,0.1662172311866668,0.06308282206244935,-0.10313440912421744,0.06687530622884723,0.05046230381711015
252_T1_vs_T3,longitudinal,5,LShoulder_to_LUArm_rz,LShoulder_to_LUArm,rz,0.20836378862843172,0.5272213602755274,0.3188575716470956,0.06687530622884723,0.05046230381711015
252_T1_vs_T3,longitudinal,5,LThigh_to_LShin_rx,LThigh_to_LShin,rx,0.00867934464863913,0.14129629017396164,0.13261694552532252,0.06687530622884723,0.05046230381711015
252_T1_vs_T3,longitudinal,5,LThigh_to_LShin_ry,LThigh_to_LShin,ry,1.737067094779787e-08,7.735393152011554e-09,-9.635277795786316e-09,0.06687530622884723,0.05046230381711015
252_T1_vs_T3,longitudinal,5,LThigh_to_LShin_rz,LThigh_to_LShin,rz,4.343587093873524e-09,1.5102890820738969e-09,-2.8332980117996267e-09,0.06687530622884723,0.05046230381711015
252_T1_vs_T3,longitudinal,5,LUArm_to_LFArm_rx,LUArm_to_LFArm,rx,0.0528507841992089,0.1522458150782534,0.09939503087904451,0.06687530622884723,0.05046230381711015
252_T1_vs_T3,longitudinal,5,LUArm_to_LFArm_ry,LUArm_to_LFArm,ry,0.37613798687887934,0.440756454274265,0.06461846739538568,0.06687530622884723,0.05046230381711015
252_T1_vs_T3,longitudinal,5,LUArm_to_LFArm_rz,LUArm_to_LFArm,rz,0.0415030816145166,0.12110282018264305,0.07959973856812645,0.06687530622884723,0.05046230381711015
252_T1_vs_T3,longitudinal,5,Neck_to_Head_rx,Neck_to_Head,rx,0.05539537272512113,0.051719649472917774,-0.0036757232522033542,0.06687530622884723,0.05046230381711015
252_T1_vs_T3,longitudinal,5,Neck_to_Head_ry,Neck_to_Head,ry,0.013577553011550995,0.016189180589328334,0.002611627577777338,0.06687530622884723,0.05046230381711015
252_T1_vs_T3,longitudinal,5,Neck_to_Head_rz,Neck_to_Head,rz,0.0005106194972143857,0.05367532267110194,0.05316470317388756,0.06687530622884723,0.05046230381711015
252_T1_vs_T3,longitudinal,5,RFArm_to_RHand_rx,RFArm_to_RHand,rx,0.0001653334621763351,0.010268655525675949,0.010103322063499613,0.06687530622884723,0.05046230381711015
252_T1_vs_T3,longitudinal,5,RFArm_to_RHand_ry,RFArm_to_RHand,ry,0.016762362558486718,0.052984552170299556,0.03622218961181284,0.06687530622884723,0.05046230381711015
252_T1_vs_T3,longitudinal,5,RFArm_to_RHand_rz,RFArm_to_RHand,rz,0.02343855216701782,0.11613579919266685,0.09269724702564903,0.06687530622884723,0.05046230381711015
252_T1_vs_T3,longitudinal,5,RShin_to_RFoot_rx,RShin_to_RFoot,rx,0.0022530730698968153,0.010854457173989368,0.008601384104092552,0.06687530622884723,0.05046230381711015
252_T1_vs_T3,longitudinal,5,RShin_to_RFoot_ry,RShin_to_RFoot,ry,0.014721239739531917,0.03323763940678719,0.018516399667255268,0.06687530622884723,0.05046230381711015
252_T1_vs_T3,longitudinal,5,RShin_to_RFoot_rz,RShin_to_RFoot,rz,0.03169917935958526,0.018722650312835713,-0.012976529046749546,0.06687530622884723,0.05046230381711015
252_T1_vs_T3,longitudinal,5,RShoulder_to_RUArm_rx,RShoulder_to_RUArm,rx,0.33261654959649445,0.2556753620384093,-0.07694118755808516,0.06687530622884723,0.05046230381711015
252_T1_vs_T3,longitudinal,5,RShoulder_to_RUArm_ry,RShoulder_to_RUArm,ry,0.3934941553924049,0.24543733953049726,-0.14805681586190764,0.06687530622884723,0.05046230381711015
252_T1_vs_T3,longitudinal,5,RShoulder_to_RUArm_rz,RShoulder_to_RUArm,rz,0.5229075190350806,0.2693955726197747,-0.2535119464153059,0.06687530622884723,0.05046230381711015
252_T1_vs_T3,longitudinal,5,RThigh_to_RShin_rx,RThigh_to_RShin,rx,0.0019591926047424026,0.04958573569863345,0.04762654309389105,0.06687530622884723,0.05046230381711015
252_T1_vs_T3,longitudinal,5,RThigh_to_RShin_ry,RThigh_to_RShin,ry,1.495442371132459e-08,1.9967153983659162e-08,5.012730272334572e-09,0.06687530622884723,0.05046230381711015
252_T1_vs_T3,longitudinal,5,RThigh_to_RShin_rz,RThigh_to_RShin,rz,3.822622675780631e-09,1.2857173718641655e-08,9.034551042861024e-09,0.06687530622884723,0.05046230381711015
252_T1_vs_T3,longitudinal,5,RUArm_to_RFArm_rx,RUArm_to_RFArm,rx,0.3151702849657322,0.10909596943546021,-0.20607431553027197,0.06687530622884723,0.05046230381711015
252_T1_vs_T3,longitudinal,5,RUArm_to_RFArm_ry,RUArm_to_RFArm,ry,0.31180225737133344,0.22337960333530438,-0.08842265403602906,0.06687530622884723,0.05046230381711015
252_T1_vs_T3,longitudinal,5,RUArm_to_RFArm_rz,RUArm_to_RFArm,rz,0.09992352507209722,0.006473181841478407,-0.09345034323061881,0.06687530622884723,0.05046230381711015
252_T1_vs_T3,longitudinal,6,252_to_LThigh_rx,252_to_LThigh,rx,0.01869926099716539,0.13731726986105475,0.11861800886388936,0.05013109660483027,0.047807503891978985
252_T1_vs_T3,longitudinal,6,252_to_LThigh_ry,252_to_LThigh,ry,0.003223800237211771,0.005190483458957702,0.001966683221745931,0.05013109660483027,0.047807503891978985
252_T1_vs_T3,longitudinal,6,252_to_LThigh_rz,252_to_LThigh,rz,0.11699555855608587,0.026565971450170475,-0.0904295871059154,0.05013109660483027,0.047807503891978985
252_T1_vs_T3,longitudinal,6,252_to_RThigh_rx,252_to_RThigh,rx,0.009458365915533166,0.11146987968206412,0.10201151376653095,0.05013109660483027,0.047807503891978985
252_T1_vs_T3,longitudinal,6,252_to_RThigh_ry,252_to_RThigh,ry,0.02310806514576486,0.006830208329485454,-0.016277856816279405,0.05013109660483027,0.047807503891978985
252_T1_vs_T3,longitudinal,6,252_to_RThigh_rz,252_to_RThigh,rz,0.1136244073616675,0.023801480840453613,-0.08982292652121389,0.05013109660483027,0.047807503891978985
252_T1_vs_T3,longitudinal,6,Chest_to_LShoulder_rx,Chest_to_LShoulder,rx,0.018192773241204375,0.01941531576543877,0.0012225425242343956,0.05013109660483027,0.047807503891978985
252_T1_vs_T3,longitudinal,6,Chest_to_LShoulder_ry,Chest_to_LShoulder,ry,0.12968175963571676,0.00546275329519337,-0.1242190063405234,0.05013109660483027,0.047807503891978985
252_T1_vs_T3,longitudinal,6,Chest_to_LShoulder_rz,Chest_to_LShoulder,rz,0.0215669606767239,0.02817048562609143,0.006603524949367532,0.05013109660483027,0.047807503891978985
252_T1_vs_T3,longitudinal,6,Chest_to_Neck_rx,Chest_to_Neck,rx,0.01695120101099556,0.00877017954545765,-0.00818102146553791,0.05013109660483027,0.047807503891978985
252_T1_vs_T3,longitudinal,6,Chest_to_Neck_ry,Chest_to_Neck,ry,0.049818344744858155,0.006226166175680086,-0.04359217856917807,0.05013109660483027,0.047807503891978985
252_T1_vs_T3,longitudinal,6,Chest_to_Neck_rz,Chest_to_Neck,rz,0.041441756160695516,0.01579849285259963,-0.025643263308095885,0.05013109660483027,0.047807503891978985
252_T1_vs_T3,longitudinal,6,Chest_to_RShoulder_rx,Chest_to_RShoulder,rx,0.0011900688166814346,0.04798725844709704,0.046797189630415605,0.05013109660483027,0.047807503891978985
252_T1_vs_T3,longitudinal,6,Chest_to_RShoulder_ry,Chest_to_RShoulder,ry,0.08137425713335766,0.01467007916799675,-0.06670417796536092,0.05013109660483027,0.047807503891978985
252_T1_vs_T3,longitudinal,6,Chest_to_RShoulder_rz,Chest_to_RShoulder,rz,0.04489777742011607,0.025446754995788,-0.019451022424328068,0.05013109660483027,0.047807503891978985
252_T1_vs_T3,longitudinal,6,LFArm_to_LHand_rx,LFArm_to_LHand,rx,0.04809731054488353,0.012324445729139153,-0.035772864815744376,0.05013109660483027,0.047807503891978985
252_T1_vs_T3,longitudinal,6,LFArm_to_LHand_ry,LFArm_to_LHand,ry,0.11438732252663407,0.007841276667096596,-0.10654604585953747,0.05013109660483027,0.047807503891978985
252_T1_vs_T3,longitudinal,6,LFArm_to_LHand_rz,LFArm_to_LHand,rz,0.3602286168572109,0.013250203123833362,-0.34697841373337757,0.05013109660483027,0.047807503891978985
252_T1_vs_T3,longitudinal,6,LShin_to_LFoot_rx,LShin_to_LFoot,rx,0.01267552390908039,0.0077835520874806425,-0.004891971821599748,0.05013109660483027,0.047807503891978985
252_T1_vs_T3,longitudinal,6,LShin_to_LFoot_ry,LShin_to_LFoot,ry,0.08221967384092581,0.004311825868676865,-0.07790784797224895,0.05013109660483027,0.047807503891978985
252_T1_vs_T3,longitudinal,6,LShin_to_LFoot_rz,LShin_to_LFoot,rz,0.001019735736718867,0.005107142254437001,0.004087406517718134,0.05013109660483027,0.047807503891978985
252_T1_vs_T3,longitudinal,6,LShoulder_to_LUArm_rx,LShoulder_to_LUArm,rx,0.04389949710808384,0.2560974071949827,0.21219791008689887,0.05013109660483027,0.047807503891978985
252_T1_vs_T3,longitudinal,6,LShoulder_to_LUArm_ry,LShoulder_to_LUArm,ry,0.5548827559981127,0.03067652549974438,-0.5242062304983682,0.05013109660483027,0.047807503891978985
252_T1_vs_T3,longitudinal,6,LShoulder_to_LUArm_rz,LShoulder_to_LUArm,rz,0.09205480050258062,0.28904921848446996,0.19699441798188932,0.05013109660483027,0.047807503891978985
252_T1_vs_T3,longitudinal,6,LThigh_to_LShin_rx,LThigh_to_LShin,rx,0.04138538687553262,0.05810900323572712,0.016723616360194496,0.05013109660483027,0.047807503891978985
252_T1_vs_T3,longitudinal,6,LThigh_to_LShin_ry,LThigh_to_LShin,ry,1.572446680579265e-08,1.021928343493779e-08,-5.5051833708548594e-09,0.05013109660483027,0.047807503891978985
252_T1_vs_T3,longitudinal,6,LThigh_to_LShin_rz,LThigh_to_LShin,rz,3.086044764044123e-09,5.4287956646272615e-08,5.120191188222849e-08,0.05013109660483027,0.047807503891978985
252_T1_vs_T3,longitudinal,6,LUArm_to_LFArm_rx,LUArm_to_LFArm,rx,0.15920393209009526,0.1414128797538308,-0.017791052336264462,0.05013109660483027,0.047807503891978985
252_T1_vs_T3,longitudinal,6,LUArm_to_LFArm_ry,LUArm_to_LFArm,ry,0.2675087661158408,0.160562873666848,-0.1069458924489928,0.05013109660483027,0.047807503891978985
252_T1_vs_T3,longitudinal,6,LUArm_to_LFArm_rz,LUArm_to_LFArm,rz,0.2963288757249488,0.06669043776167974,-0.22963843796326908,0.05013109660483027,0.047807503891978985
252_T1_vs_T3,longitudinal,6,Neck_to_Head_rx,Neck_to_Head,rx,0.017341278654634612,0.00920487324408819,-0.008136405410546423,0.05013109660483027,0.047807503891978985
252_T1_vs_T3,longitudinal,6,Neck_to_Head_ry,Neck_to_Head,ry,0.056632466797330944,0.0030251447722696653,-0.05360732202506128,0.05013109660483027,0.047807503891978985
252_T1_vs_T3,longitudinal,6,Neck_to_Head_rz,Neck_to_Head,rz,0.0312769698691336,0.016520913813808675,-0.014756056055324925,0.05013109660483027,0.047807503891978985
252_T1_vs_T3,longitudinal,6,RFArm_to_RHand_rx,RFArm_to_RHand,rx,0.00935059295493597,5.203229234347909e-05,-0.00929856066259249,0.05013109660483027,0.047807503891978985
252_T1_vs_T3,longitudinal,6,RFArm_to_RHand_ry,RFArm_to_RHand,ry,0.08330216367372698,0.03969063800196431,-0.043611525671762665,0.05013109660483027,0.047807503891978985
252_T1_vs_T3,longitudinal,6,RFArm_to_RHand_rz,RFArm_to_RHand,rz,0.1649638415264551,0.020172512953236795,-0.1447913285732183,0.05013109660483027,0.047807503891978985
252_T1_vs_T3,longitudinal,6,RShin_to_RFoot_rx,RShin_to_RFoot,rx,0.04583848942651614,0.031977442857113264,-0.013861046569402874,0.05013109660483027,0.047807503891978985
252_T1_vs_T3,longitudinal,6,RShin_to_RFoot_ry,RShin_to_RFoot,ry,0.053733061516078956,0.008516073302160369,-0.04521698821391859,0.05013109660483027,0.047807503891978985
252_T1_vs_T3,longitudinal,6,RShin_to_RFoot_rz,RShin_to_RFoot,rz,0.022210894090961948,0.007475457395395457,-0.014735436695566491,0.05013109660483027,0.047807503891978985
252_T1_vs_T3,longitudinal,6,RShoulder_to_RUArm_rx,RShoulder_to_RUArm,rx,0.12655496970153934,0.17094416491530687,0.044389195213767524,0.05013109660483027,0.047807503891978985
252_T1_vs_T3,longitudinal,6,RShoulder_to_RUArm_ry,RShoulder_to_RUArm,ry,0.45893614292672485,0.09576325482943089,-0.363172888097294,0.05013109660483027,0.047807503891978985
252_T1_vs_T3,longitudinal,6,RShoulder_to_RUArm_rz,RShoulder_to_RUArm,rz,0.04100670258458047,0.09314579459812775,0.05213909201354727,0.05013109660483027,0.047807503891978985
252_T1_vs_T3,longitudinal,6,RThigh_to_RShin_rx,RThigh_to_RShin,rx,0.07497928361845316,0.0021168207334376138,-0.07286246288501555,0.05013109660483027,0.047807503891978985
252_T1_vs_T3,longitudinal,6,RThigh_to_RShin_ry,RThigh_to_RShin,ry,3.2608227829137754e-08,3.480499153311587e-09,-2.912772867582617e-08,0.05013109660483027,0.047807503891978985
252_T1_vs_T3,longitudinal,6,RThigh_to_RShin_rz,RThigh_to_RShin,rz,8.850230660760112e-09,4.623652534820685e-09,-4.226578125939428e-09,0.05013109660483027,0.047807503891978985
252_T1_vs_T3,longitudinal,6,RUArm_to_RFArm_rx,RUArm_to_RFArm,rx,0.02673580696453423,0.2850961718602471,0.2583603648957129,0.05013109660483027,0.047807503891978985
252_T1_vs_T3,longitudinal,6,RUArm_to_RFArm_ry,RUArm_to_RFArm,ry,0.00684517460503461,0.7873944583929392,0.7805492837879046,0.05013109660483027,0.047807503891978985
252_T1_vs_T3,longitudinal,6,RUArm_to_RFArm_rz,RUArm_to_RFArm,rz,0.0771805756451405,0.08139692241007729,0.00421634676493679,0.05013109660483027,0.047807503891978985
252_T1_vs_T3,longitudinal,7,252_to_LThigh_rx,252_to_LThigh,rx,0.19031002601305705,0.054801753557593355,-0.1355082724554637,0.04562949018046788,0.0312760757155876
252_T1_vs_T3,longitudinal,7,252_to_LThigh_ry,252_to_LThigh,ry,0.01691826301649637,0.032860815416141824,0.015942552399645454,0.04562949018046788,0.0312760757155876
252_T1_vs_T3,longitudinal,7,252_to_LThigh_rz,252_to_LThigh,rz,0.05979334254095015,0.026452814584691703,-0.03334052795625845,0.04562949018046788,0.0312760757155876
252_T1_vs_T3,longitudinal,7,252_to_RThigh_rx,252_to_RThigh,rx,0.16561915524390486,0.015269018332146791,-0.15035013691175808,0.04562949018046788,0.0312760757155876
252_T1_vs_T3,longitudinal,7,252_to_RThigh_ry,252_to_RThigh,ry,0.02219990395423561,0.015164720199976292,-0.007035183754259319,0.04562949018046788,0.0312760757155876
252_T1_vs_T3,longitudinal,7,252_to_RThigh_rz,252_to_RThigh,rz,0.052423595811210075,0.02428402082828115,-0.028139574982928926,0.04562949018046788,0.0312760757155876
252_T1_vs_T3,longitudinal,7,Chest_to_LShoulder_rx,Chest_to_LShoulder,rx,0.041401944294918176,0.05659529692540538,0.015193352630487204,0.04562949018046788,0.0312760757155876
252_T1_vs_T3,longitudinal,7,Chest_to_LShoulder_ry,Chest_to_LShoulder,ry,0.03574205079963019,0.029442637331155697,-0.0062994134684744955,0.04562949018046788,0.0312760757155876
252_T1_vs_T3,longitudinal,7,Chest_to_LShoulder_rz,Chest_to_LShoulder,rz,0.06709841181117795,0.01571324423868603,-0.051385167572491924,0.04562949018046788,0.0312760757155876
252_T1_vs_T3,longitudinal,7,Chest_to_Neck_rx,Chest_to_Neck,rx,0.060810771301599106,0.014460383668762164,-0.04635038763283694,0.04562949018046788,0.0312760757155876
252_T1_vs_T3,longitudinal,7,Chest_to_Neck_ry,Chest_to_Neck,ry,0.03262989566554535,0.041140101578599,0.008510205913053653,0.04562949018046788,0.0312760757155876
252_T1_vs_T3,longitudinal,7,Chest_to_Neck_rz,Chest_to_Neck,rz,0.04859069740618446,0.006600655052495959,-0.0419900423536885,0.04562949018046788,0.0312760757155876
252_T1_vs_T3,longitudinal,7,Chest_to_RShoulder_rx,Chest_to_RShoulder,rx,0.027800889902214493,0.006111422607030511,-0.021689467295183982,0.04562949018046788,0.0312760757155876
252_T1_vs_T3,longitudinal,7,Chest_to_RShoulder_ry,Chest_to_RShoulder,ry,0.002140951679781264,0.015051983294177701,0.012911031614396436,0.04562949018046788,0.0312760757155876
252_T1_vs_T3,longitudinal,7,Chest_to_RShoulder_rz,Chest_to_RShoulder,rz,0.1033277582095149,0.02690072479272114,-0.07642703341679376,0.04562949018046788,0.0312760757155876
252_T1_vs_T3,longitudinal,7,LFArm_to_LHand_rx,LFArm_to_LHand,rx,0.03576696580181161,0.02745637416408854,-0.008310591637723068,0.04562949018046788,0.0312760757155876
252_T1_vs_T3,longitudinal,7,LFArm_to_LHand_ry,LFArm_to_LHand,ry,0.09012076319293257,0.0623021300706944,-0.027818633122238166,0.04562949018046788,0.0312760757155876
252_T1_vs_T3,longitudinal,7,LFArm_to_LHand_rz,LFArm_to_LHand,rz,0.21253553382830526,0.16462369998945792,-0.04791183383884734,0.04562949018046788,0.0312760757155876
252_T1_vs_T3,longitudinal,7,LShin_to_LFoot_rx,LShin_to_LFoot,rx,0.027164081966085243,0.011537598060229446,-0.015626483905855797,0.04562949018046788,0.0312760757155876
252_T1_vs_T3,longitudinal,7,LShin_to_LFoot_ry,LShin_to_LFoot,ry,0.007800552017593468,0.02674935294670865,0.018948800929115182,0.04562949018046788,0.0312760757155876
252_T1_vs_T3,longitudinal,7,LShin_to_LFoot_rz,LShin_to_LFoot,rz,0.005955127282863622,0.0019492053013081458,-0.004005921981555476,0.04562949018046788,0.0312760757155876
252_T1_vs_T3,longitudinal,7,LShoulder_to_LUArm_rx,LShoulder_to_LUArm,rx,0.432021115073217,0.4383749056009236,0.0063537905277066264,0.04562949018046788,0.0312760757155876
252_T1_vs_T3,longitudinal,7,LShoulder_to_LUArm_ry,LShoulder_to_LUArm,ry,0.015815421941627248,0.3104554243083909,0.29464000236676363,0.04562949018046788,0.0312760757155876
252_T1_vs_T3,longitudinal,7,LShoulder_to_LUArm_rz,LShoulder_to_LUArm,rz,0.699105600842603,0.05425673610162805,-0.6448488647409749,0.04562949018046788,0.0312760757155876
252_T1_vs_T3,longitudinal,7,LThigh_to_LShin_rx,LThigh_to_LShin,rx,0.13539192480650594,0.023812861243153044,-0.1115790635633529,0.04562949018046788,0.0312760757155876
252_T1_vs_T3,longitudinal,7,LThigh_to_LShin_ry,LThigh_to_LShin,ry,5.257305151621611e-09,3.7863104770645875e-09,-1.4709946745570232e-09,0.04562949018046788,0.0312760757155876
252_T1_vs_T3,longitudinal,7,LThigh_to_LShin_rz,LThigh_to_LShin,rz,4.2659258177402264e-08,1.5910667359638694e-08,-2.674859081776357e-08,0.04562949018046788,0.0312760757155876
252_T1_vs_T3,longitudinal,7,LUArm_to_LFArm_rx,LUArm_to_LFArm,rx,0.029556186280281036,0.394197328250909,0.3646411419706279,0.04562949018046788,0.0312760757155876
252_T1_vs_T3,longitudinal,7,LUArm_to_LFArm_ry,LUArm_to_LFArm,ry,0.00431576465983759,0.5684422757372686,0.564126511077431,0.04562949018046788,0.0312760757155876
252_T1_vs_T3,longitudinal,7,LUArm_to_LFArm_rz,LUArm_to_LFArm,rz,0.12025475156275608,0.07480942643295384,-0.04544532512980225,0.04562949018046788,0.0312760757155876
252_T1_vs_T3,longitudinal,7,Neck_to_Head_rx,Neck_to_Head,rx,0.061020476541219296,0.01468711896213979,-0.046333357579079505,0.04562949018046788,0.0312760757155876
252_T1_vs_T3,longitudinal,7,Neck_to_Head_ry,Neck_to_Head,ry,0.041492464459791364,0.03904276893301675,-0.0024496955267746118,0.04562949018046788,0.0312760757155876
252_T1_vs_T3,longitudinal,7,Neck_to_Head_rz,Neck_to_Head,rz,0.041173800892701694,0.014299380978866086,-0.026874419913835608,0.04562949018046788,0.0312760757155876
252_T1_vs_T3,longitudinal,7,RFArm_to_RHand_rx,RFArm_to_RHand,rx,0.011141073047138156,0.0026406722307848835,-0.008500400816353271,0.04562949018046788,0.0312760757155876
252_T1_vs_T3,longitudinal,7,RFArm_to_RHand_ry,RFArm_to_RHand,ry,0.05148583899858397,0.01966785648956136,-0.03181798250902261,0.04562949018046788,0.0312760757155876
252_T1_vs_T3,longitudinal,7,RFArm_to_RHand_rz,RFArm_to_RHand,rz,0.10493794216500377,0.05777231016907196,-0.04716563199593181,0.04562949018046788,0.0312760757155876
252_T1_vs_T3,longitudinal,7,RShin_to_RFoot_rx,RShin_to_RFoot,rx,0.004228142975177195,0.013066070083209536,0.00883792710803234,0.04562949018046788,0.0312760757155876
252_T1_vs_T3,longitudinal,7,RShin_to_RFoot_ry,RShin_to_RFoot,ry,0.0525284893367714,0.04077744742628117,-0.011751041910490229,0.04562949018046788,0.0312760757155876
252_T1_vs_T3,longitudinal,7,RShin_to_RFoot_rz,RShin_to_RFoot,rz,0.01791571324419929,0.002486052919887776,-0.015429660324311513,0.04562949018046788,0.0312760757155876
252_T1_vs_T3,longitudinal,7,RShoulder_to_RUArm_rx,RShoulder_to_RUArm,rx,0.2291111481457793,0.1519996663602869,-0.0771114817854924,0.04562949018046788,0.0312760757155876
252_T1_vs_T3,longitudinal,7,RShoulder_to_RUArm_ry,RShoulder_to_RUArm,ry,0.15543660066177897,0.06582439536639209,-0.08961220529538688,0.04562949018046788,0.0312760757155876
252_T1_vs_T3,longitudinal,7,RShoulder_to_RUArm_rz,RShoulder_to_RUArm,rz,0.038131934412553456,0.20640186475214667,0.1682699303395932,0.04562949018046788,0.0312760757155876
252_T1_vs_T3,longitudinal,7,RThigh_to_RShin_rx,RThigh_to_RShin,rx,0.05701435668586864,0.023062674327534418,-0.03395168235833422,0.04562949018046788,0.0312760757155876
252_T1_vs_T3,longitudinal,7,RThigh_to_RShin_ry,RThigh_to_RShin,ry,1.013442661895943e-08,1.2499325841471105e-09,-8.88449403481232e-09,0.04562949018046788,0.0312760757155876
252_T1_vs_T3,longitudinal,7,RThigh_to_RShin_rz,RThigh_to_RShin,rz,6.3091374909917935e-09,1.851219899182892e-08,1.2203061500837125e-08,0.04562949018046788,0.0312760757155876
252_T1_vs_T3,longitudinal,7,RUArm_to_RFArm_rx,RUArm_to_RFArm,rx,0.15851661714279708,0.09712208313220749,-0.061394534010589585,0.04562949018046788,0.0312760757155876
252_T1_vs_T3,longitudinal,7,RUArm_to_RFArm_ry,RUArm_to_RFArm,ry,0.07729866262664158,0.3009957811365075,0.2236971185098659,0.04562949018046788,0.0312760757155876
252_T1_vs_T3,longitudinal,7,RUArm_to_RFArm_rz,RUArm_to_RFArm,rz,0.0442847047238213,0.005313657051379414,-0.03897104767244189,0.04562949018046788,0.0312760757155876
252_T1_R1_vs_R2,natural_variability,1,252_to_LThigh_rx,252_to_LThigh,rx,0.01697165846379614,0.09974189398588097,0.08277023552208483,0.22064000484601531,0.31010822932663534
252_T1_R1_vs_R2,natural_variability,1,252_to_LThigh_ry,252_to_LThigh,ry,0.049658876245366114,0.07906528265061413,0.02940640640524802,0.22064000484601531,0.31010822932663534
252_T1_R1_vs_R2,natural_variability,1,252_to_LThigh_rz,252_to_LThigh,rz,0.027887086920575024,0.05478340208544082,0.0268963151648658,0.22064000484601531,0.31010822932663534
252_T1_R1_vs_R2,natural_variability,1,252_to_RThigh_rx,252_to_RThigh,rx,0.03258332211092372,0.02066208766232121,-0.011921234448602509,0.22064000484601531,0.31010822932663534
252_T1_R1_vs_R2,natural_variability,1,252_to_RThigh_ry,252_to_RThigh,ry,0.03851387957604626,0.058649647506234526,0.020135767930188266,0.22064000484601531,0.31010822932663534
252_T1_R1_vs_R2,natural_variability,1,252_to_RThigh_rz,252_to_RThigh,rz,0.034945773990071025,0.059506841680114005,0.02456106769004298,0.22064000484601531,0.31010822932663534
252_T1_R1_vs_R2,natural_variability,1,Chest_to_LShoulder_rx,Chest_to_LShoulder,rx,0.03585584388181655,0.06554035075334433,0.02968450687152778,0.22064000484601531,0.31010822932663534
252_T1_R1_vs_R2,natural_variability,1,Chest_to_LShoulder_ry,Chest_to_LShoulder,ry,0.010391330152982417,0.011111809463329377,0.0007204793103469595,0.22064000484601531,0.31010822932663534
252_T1_R1_vs_R2,natural_variability,1,Chest_to_LShoulder_rz,Chest_to_LShoulder,rz,0.07787711417498439,0.05385531678140057,-0.024021797393583816,0.22064000484601531,0.31010822932663534
252_T1_R1_vs_R2,natural_variability,1,Chest_to_Neck_rx,Chest_to_Neck,rx,0.003548616494172356,0.015576024522692352,0.012027408028519995,0.22064000484601531,0.31010822932663534
252_T1_R1_vs_R2,natural_variability,1,Chest_to_Neck_ry,Chest_to_Neck,ry,0.05473394070698616,0.06319334589503647,0.008459405188050315,0.22064000484601531,0.31010822932663534
252_T1_R1_vs_R2,natural_variability,1,Chest_to_Neck_rz,Chest_to_Neck,rz,0.026584253666722655,0.03420416074417862,0.007619907077455964,0.22064000484601531,0.31010822932663534
252_T1_R1_vs_R2,natural_variability,1,Chest_to_RShoulder_rx,Chest_to_RShoulder,rx,0.0551782943104381,0.03700111807966434,-0.018177176230773764,0.22064000484601531,0.31010822932663534
252_T1_R1_vs_R2,natural_variability,1,Chest_to_RShoulder_ry,Chest_to_RShoulder,ry,0.03038899789419632,0.025997730158464398,-0.004391267735731921,0.22064000484601531,0.31010822932663534
252_T1_R1_vs_R2,natural_variability,1,Chest_to_RShoulder_rz,Chest_to_RShoulder,rz,0.016730077941153512,0.04530385531610752,0.028573777374954007,0.22064000484601531,0.31010822932663534
252_T1_R1_vs_R2,natural_variability,1,LFArm_to_LHand_rx,LFArm_to_LHand,rx,0.0045136635769527506,0.005216902351331992,0.0007032387743792414,0.22064000484601531,0.31010822932663534
252_T1_R1_vs_R2,natural_variability,1,LFArm_to_LHand_ry,LFArm_to_LHand,ry,0.05219556738418867,0.006938218123900602,-0.04525734926028807,0.22064000484601531,0.31010822932663534
252_T1_R1_vs_R2,natural_variability,1,LFArm_to_LHand_rz,LFArm_to_LHand,rz,0.10417524375763589,0.008121228679589646,-0.09605401507804624,0.22064000484601531,0.31010822932663534
252_T1_R1_vs_R2,natural_variability,1,LShin_to_LFoot_rx,LShin_to_LFoot,rx,0.015984545214575988,0.0018753013342615837,-0.014109243880314405,0.22064000484601531,0.31010822932663534
252_T1_R1_vs_R2,natural_variability,1,LShin_to_LFoot_ry,LShin_to_LFoot,ry,0.010711152118713381,0.02433993709147677,0.013628784972763389,0.22064000484601531,0.31010822932663534
252_T1_R1_vs_R2,natural_variability,1,LShin_to_LFoot_rz,LShin_to_LFoot,rz,0.0032086227632324217,0.01619028209603898,0.012981659332806558,0.22064000484601531,0.31010822932663534
252_T1_R1_vs_R2,natural_variability,1,LShoulder_to_LUArm_rx,LShoulder_to_LUArm,rx,0.1304026706391334,0.40839352952897423,0.2779908588898408,0.22064000484601531,0.31010822932663534
252_T1_R1_vs_R2,natural_variability,1,LShoulder_to_LUArm_ry,LShoulder_to_LUArm,ry,0.3575736516415701,0.11835420833405723,-0.23921944330751288,0.22064000484601531,0.31010822932663534
252_T1_R1_vs_R2,natural_variability,1,LShoulder_to_LUArm_rz,LShoulder_to_LUArm,rz,0.19919042824279629,0.12793107825199784,-0.07125934999079844,0.22064000484601531,0.31010822932663534
252_T1_R1_vs_R2,natural_variability,1,LThigh_to_LShin_rx,LThigh_to_LShin,rx,0.04314747796880018,0.06584498948933924,0.02269751152053906,0.22064000484601531,0.31010822932663534
252_T1_R1_vs_R2,natural_variability,1,LThigh_to_LShin_ry,LThigh_to_LShin,ry,4.128220329308277e-10,4.049884041294762e-09,3.6370620083639343e-09,0.22064000484601531,0.31010822932663534
252_T1_R1_vs_R2,natural_variability,1,LThigh_to_LShin_rz,LThigh_to_LShin,rz,2.0493102120200784e-08,2.9713396250968656e-08,9.220294130767872e-09,0.22064000484601531,0.31010822932663534
252_T1_R1_vs_R2,natural_variability,1,LUArm_to_LFArm_rx,LUArm_to_LFArm,rx,0.08591700034401659,0.342833196057454,0.2569161957134374,0.22064000484601531,0.31010822932663534
252_T1_R1_vs_R2,natural_variability,1,LUArm_to_LFArm_ry,LUArm_to_LFArm,ry,0.6009457333532779,0.6544844983715037,0.05353876501822574,0.22064000484601531,0.31010822932663534
252_T1_R1_vs_R2,natural_variability,1,LUArm_to_LFArm_rz,LUArm_to_LFArm,rz,0.14609175859179613,0.08897512128656554,-0.05711663730523059,0.22064000484601531,0.31010822932663534
252_T1_R1_vs_R2,natural_variability,1,Neck_to_Head_rx,Neck_to_Head,rx,0.003578408578000879,0.015432039224991343,0.011853630646990465,0.22064000484601531,0.31010822932663534
252_T1_R1_vs_R2,natural_variability,1,Neck_to_Head_ry,Neck_to_Head,ry,0.04873980097701733,0.055649183358053425,0.006909382381036097,0.22064000484601531,0.31010822932663534
252_T1_R1_vs_R2,natural_variability,1,Neck_to_Head_rz,Neck_to_Head,rz,0.03642226707605782,0.045519804473299764,0.009097537397241943,0.22064000484601531,0.31010822932663534
252_T1_R1_vs_R2,natural_variability,1,RFArm_to_RHand_rx,RFArm_to_RHand,rx,0.006106861355517753,0.0037505948364532425,-0.0023562665190645106,0.22064000484601531,0.31010822932663534
252_T1_R1_vs_R2,natural_variability,1,RFArm_to_RHand_ry,RFArm_to_RHand,ry,0.015394928679005519,0.004415756297758583,-0.010979172381246936,0.22064000484601531,0.31010822932663534
252_T1_R1_vs_R2,natural_variability,1,RFArm_to_RHand_rz,RFArm_to_RHand,rz,0.11013111131018762,0.06513300334430616,-0.044998107965881454,0.22064000484601531,0.31010822932663534
252_T1_R1_vs_R2,natural_variability,1,RShin_to_RFoot_rx,RShin_to_RFoot,rx,0.009937981076547647,0.023838938352434044,0.013900957275886397,0.22064000484601531,0.31010822932663534
252_T1_R1_vs_R2,natural_variability,1,RShin_to_RFoot_ry,RShin_to_RFoot,ry,0.02035357332426607,0.04113258359355662,0.020779010269290552,0.22064000484601531,0.31010822932663534
252_T1_R1_vs_R2,natural_variability,1,RShin_to_RFoot_rz,RShin_to_RFoot,rz,0.00029182210216870894,0.020974274901125255,0.020682452798956547,0.22064000484601531,0.31010822932663534
252_T1_R1_vs_R2,natural_variability,1,RShoulder_to_RUArm_rx,RShoulder_to_RUArm,rx,0.5298780079213163,0.31455671457757506,-0.21532129334374128,0.22064000484601531,0.31010822932663534
252_T1_R1_vs_R2,natural_variability,1,RShoulder_to_RUArm_ry,RShoulder_to_RUArm,ry,0.015494938106748086,0.09025950059736658,0.0747645624906185,0.22064000484601531,0.31010822932663534
252_T1_R1_vs_R2,natural_variability,1,RShoulder_to_RUArm_rz,RShoulder_to_RUArm,rz,0.11050914129045622,0.17704746215703912,0.0665383208665829,0.22064000484601531,0.31010822932663534
252_T1_R1_vs_R2,natural_variability,1,RThigh_to_RShin_rx,RThigh_to_RShin,rx,0.03143383043828745,0.04705112857771515,0.0156172981394277,0.22064000484601531,0.31010822932663534
252_T1_R1_vs_R2,natural_variability,1,RThigh_to_RShin_ry,RThigh_to_RShin,ry,1.0751519030637124e-08,2.1988452554310424e-08,1.12369335236733e-08,0.22064000484601531,0.31010822932663534
252_T1_R1_vs_R2,natural_variability,1,RThigh_to_RShin_rz,RThigh_to_RShin,rz,2.4768336207344115e-11,1.8690847571115352e-08,1.8666079234908006e-08,0.22064000484601531,0.31010822932663534
252_T1_R1_vs_R2,natural_variability,1,RUArm_to_RFArm_rx,RUArm_to_RFArm,rx,0.16337366304299977,0.02277459864740358,-0.1405990643955962,0.22064000484601531,0.31010822932663534
252_T1_R1_vs_R2,natural_variability,1,RUArm_to_RFArm_ry,RUArm_to_RFArm,ry,0.21692496800294309,0.1940921716256212,-0.022832796377321884,0.22064000484601531,0.31010822932663534
252_T1_R1_vs_R2,natural_variability,1,RUArm_to_RFArm_rz,RUArm_to_RFArm,rz,0.049500524872919616,0.09511724016058985,0.04561671528767024,0.22064000484601531,0.31010822932663534
252_T1_R1_vs_R2,natural_variability,2,252_to_LThigh_rx,252_to_LThigh,rx,0.030717959987384517,0.003303106579407,-0.027414853407977516,0.1984810473719886,0.24057461036755667
252_T1_R1_vs_R2,natural_variability,2,252_to_LThigh_ry,252_to_LThigh,ry,0.004256058097803752,0.005273407144595197,0.0010173490467914447,0.1984810473719886,0.24057461036755667
252_T1_R1_vs_R2,natural_variability,2,252_to_LThigh_rz,252_to_LThigh,rz,0.00878951109157834,0.003977289590233049,-0.004812221501345291,0.1984810473719886,0.24057461036755667
252_T1_R1_vs_R2,natural_variability,2,252_to_RThigh_rx,252_to_RThigh,rx,0.006500368427189307,0.013043107166687712,0.006542738739498405,0.1984810473719886,0.24057461036755667
252_T1_R1_vs_R2,natural_variability,2,252_to_RThigh_ry,252_to_RThigh,ry,0.00317192706195704,0.00530939131899898,0.00213746425704194,0.1984810473719886,0.24057461036755667
252_T1_R1_vs_R2,natural_variability,2,252_to_RThigh_rz,252_to_RThigh,rz,0.00677699950676402,0.006899775233816241,0.00012277572705222083,0.1984810473719886,0.24057461036755667
252_T1_R1_vs_R2,natural_variability,2,Chest_to_LShoulder_rx,Chest_to_LShoulder,rx,0.003601796270123741,0.0019514250482669064,-0.0016503712218568346,0.1984810473719886,0.24057461036755667
252_T1_R1_vs_R2,natural_variability,2,Chest_to_LShoulder_ry,Chest_to_LShoulder,ry,0.01599902543683621,0.02380800254439953,0.007808977107563321,0.1984810473719886,0.24057461036755667
252_T1_R1_vs_R2,natural_variability,2,Chest_to_LShoulder_rz,Chest_to_LShoulder,rz,0.017500403348509774,0.009212868453171187,-0.008287534895338587,0.1984810473719886,0.24057461036755667
252_T1_R1_vs_R2,natural_variability,2,Chest_to_Neck_rx,Chest_to_Neck,rx,0.008445970068026895,0.0005791536389539027,-0.007866816429072993,0.1984810473719886,0.24057461036755667
252_T1_R1_vs_R2,natural_variability,2,Chest_to_Neck_ry,Chest_to_Neck,ry,9.032630334833365e-05,0.014517630748542211,0.014427304445193877,0.1984810473719886,0.24057461036755667
252_T1_R1_vs_R2,natural_variability,2,Chest_to_Neck_rz,Chest_to_Neck,rz,0.017991849848179833,0.013697488948413532,-0.0042943608997663,0.1984810473719886,0.24057461036755667
252_T1_R1_vs_R2,natural_variability,2,Chest_to_RShoulder_rx,Chest_to_RShoulder,rx,0.0063999049781397485,0.01875697659641754,0.01235707161827779,0.1984810473719886,0.24057461036755667
252_T1_R1_vs_R2,natural_variability,2,Chest_to_RShoulder_ry,Chest_to_RShoulder,ry,0.025724478269214028,0.014565130170616048,-0.01115934809859798,0.1984810473719886,0.24057461036755667
252_T1_R1_vs_R2,natural_variability,2,Chest_to_RShoulder_rz,Chest_to_RShoulder,rz,0.0975706978764526,0.09430964716438413,-0.003261050712068475,0.1984810473719886,0.24057461036755667
252_T1_R1_vs_R2,natural_variability,2,LFArm_to_LHand_rx,LFArm_to_LHand,rx,0.006985634851847546,0.004459223068522711,-0.002526411783324835,0.1984810473719886,0.24057461036755667
252_T1_R1_vs_R2,natural_variability,2,LFArm_to_LHand_ry,LFArm_to_LHand,ry,0.03328938351823222,0.031089950805346496,-0.002199432712885724,0.1984810473719886,0.24057461036755667
252_T1_R1_vs_R2,natural_variability,2,LFArm_to_LHand_rz,LFArm_to_LHand,rz,0.04495652468374733,0.0427944864062489,-0.002162038277498425,0.1984810473719886,0.24057461036755667
252_T1_R1_vs_R2,natural_variability,2,LShin_to_LFoot_rx,LShin_to_LFoot,rx,0.021779416982425928,0.02641711881340945,0.004637701830983523,0.1984810473719886,0.24057461036755667
252_T1_R1_vs_R2,natural_variability,2,LShin_to_LFoot_ry,LShin_to_LFoot,ry,0.01546104382284593,0.020315454722821757,0.004854410899975828,0.1984810473719886,0.24057461036755667
252_T1_R1_vs_R2,natural_variability,2,LShin_to_LFoot_rz,LShin_to_LFoot,rz,0.0102179007230053,0.013625556446874989,0.003407655723869689,0.1984810473719886,0.24057461036755667
252_T1_R1_vs_R2,natural_variability,2,LShoulder_to_LUArm_rx,LShoulder_to_LUArm,rx,0.15486551671626247,0.11774886576686475,-0.03711665094939773,0.1984810473719886,0.24057461036755667
252_T1_R1_vs_R2,natural_variability,2,LShoulder_to_LUArm_ry,LShoulder_to_LUArm,ry,0.1253802103778452,0.04155261316007054,-0.08382759721777465,0.1984810473719886,0.24057461036755667
252_T1_R1_vs_R2,natural_variability,2,LShoulder_to_LUArm_rz,LShoulder_to_LUArm,rz,0.0781832933792032,0.09640989555374331,0.018226602174540113,0.1984810473719886,0.24057461036755667
252_T1_R1_vs_R2,natural_variability,2,LThigh_to_LShin_rx,LThigh_to_LShin,rx,0.042698592819997876,0.030778972337252755,-0.01191962048274512,0.1984810473719886,0.24057461036755667
252_T1_R1_vs_R2,natural_variability,2,LThigh_to_LShin_ry,LThigh_to_LShin,ry,1.2329508365837079e-08,1.4765909206022176e-08,2.4364008401850974e-09,0.1984810473719886,0.24057461036755667
252_T1_R1_vs_R2,natural_variability,2,LThigh_to_LShin_rz,LThigh_to_LShin,rz,1.002712758227286e-09,1.1435527483681276e-08,1.0432814725453989e-08,0.1984810473719886,0.24057461036755667
252_T1_R1_vs_R2,natural_variability,2,LUArm_to_LFArm_rx,LUArm_to_LFArm,rx,0.1286515866926796,0.05193517999903634,-0.07671640669364325,0.1984810473719886,0.24057461036755667
252_T1_R1_vs_R2,natural_variability,2,LUArm_to_LFArm_ry,LUArm_to_LFArm,ry,0.2202500314755899,0.2262791429560524,0.006029111480462479,0.1984810473719886,0.24057461036755667
252_T1_R1_vs_R2,natural_variability,2,LUArm_to_LFArm_rz,LUArm_to_LFArm,rz,0.09180497769591485,0.03505358133604923,-0.05675139635986562,0.1984810473719886,0.24057461036755667
252_T1_R1_vs_R2,natural_variability,2,Neck_to_Head_rx,Neck_to_Head,rx,0.008466578971035822,0.0007345743427048032,-0.007732004628331019,0.1984810473719886,0.24057461036755667
252_T1_R1_vs_R2,natural_variability,2,Neck_to_Head_ry,Neck_to_Head,ry,0.0033784862448361964,0.01692782729585535,0.013549341051019154,0.1984810473719886,0.24057461036755667
252_T1_R1_vs_R2,natural_variability,2,Neck_to_Head_rz,Neck_to_Head,rz,0.01763559162319646,0.010683495832830904,-0.006952095790365554,0.1984810473719886,0.24057461036755667
252_T1_R1_vs_R2,natural_variability,2,RFArm_to_RHand_rx,RFArm_to_RHand,rx,0.012053251017126785,0.012159417291186659,0.0001061662740598733,0.1984810473719886,0.24057461036755667
252_T1_R1_vs_R2,natural_variability,2,RFArm_to_RHand_ry,RFArm_to_RHand,ry,0.08783379863427317,0.07123243968032031,-0.016601358953952858,0.1984810473719886,0.24057461036755667
252_T1_R1_vs_R2,natural_variability,2,RFArm_to_RHand_rz,RFArm_to_RHand,rz,0.12597162678377774,0.1305076877999488,0.004536061016171072,0.1984810473719886,0.24057461036755667
252_T1_R1_vs_R2,natural_variability,2,RShin_to_RFoot_rx,RShin_to_RFoot,rx,0.006119449362319837,0.006948284153409556,0.0008288347910897186,0.1984810473719886,0.24057461036755667
252_T1_R1_vs_R2,natural_variability,2,RShin_to_RFoot_ry,RShin_to_RFoot,ry,0.017611914532781256,0.02388987757015197,0.006277963037370715,0.1984810473719886,0.24057461036755667
252_T1_R1_vs_R2,natural_variability,2,RShin_to_RFoot_rz,RShin_to_RFoot,rz,0.008154679525391619,0.011324890776689661,0.0031702112512980423,0.1984810473719886,0.24057461036755667
252_T1_R1_vs_R2,natural_variability,2,RShoulder_to_RUArm_rx,RShoulder_to_RUArm,rx,0.45361226602794635,0.6105794567271836,0.15696719069923726,0.1984810473719886,0.24057461036755667
252_T1_R1_vs_R2,natural_variability,2,RShoulder_to_RUArm_ry,RShoulder_to_RUArm,ry,0.10161726057932645,0.05970129059350321,-0.04191596998582324,0.1984810473719886,0.24057461036755667
252_T1_R1_vs_R2,natural_variability,2,RShoulder_to_RUArm_rz,RShoulder_to_RUArm,rz,0.2608129996582325,0.2522306859540028,-0.008582313704229738,0.1984810473719886,0.24057461036755667
252_T1_R1_vs_R2,natural_variability,2,RThigh_to_RShin_rx,RThigh_to_RShin,rx,0.01882621818573682,0.006940531131163372,-0.011885687054573449,0.1984810473719886,0.24057461036755667
252_T1_R1_vs_R2,natural_variability,2,RThigh_to_RShin_ry,RThigh_to_RShin,ry,7.000043464978071e-09,6.711335188113337e-09,-2.8870827686473414e-10,0.1984810473719886,0.24057461036755667
252_T1_R1_vs_R2,natural_variability,2,RThigh_to_RShin_rz,RThigh_to_RShin,rz,1.5789215533358183e-08,1.3548231744632377e-08,-2.240983788725806e-09,0.1984810473719886,0.24057461036755667
252_T1_R1_vs_R2,natural_variability,2,RUArm_to_RFArm_rx,RUArm_to_RFArm,rx,0.4678042700487801,0.5729637400020088,0.10515946995322867,0.1984810473719886,0.24057461036755667
252_T1_R1_vs_R2,natural_variability,2,RUArm_to_RFArm_ry,RUArm_to_RFArm,ry,0.4849956514517322,0.19623465272599983,-0.28876099872573235,0.1984810473719886,0.24057461036755667
252_T1_R1_vs_R2,natural_variability,2,RUArm_to_RFArm_rz,RUArm_to_RFArm,rz,0.3154019306829125,0.27179573816224817,-0.04360619252066433,0.1984810473719886,0.24057461036755667
252_T1_R1_vs_R2,natural_variability,3,252_to_LThigh_rx,252_to_LThigh,rx,0.03748154658895569,0.012766886383155426,-0.02471466020580026,0.1282093069926703,0.14327638217412636
252_T1_R1_vs_R2,natural_variability,3,252_to_LThigh_ry,252_to_LThigh,ry,0.02587191547281794,0.0014019397400946974,-0.02446997573272324,0.1282093069926703,0.14327638217412636
252_T1_R1_vs_R2,natural_variability,3,252_to_LThigh_rz,252_to_LThigh,rz,0.022287897794476284,0.008009732922731756,-0.014278164871744528,0.1282093069926703,0.14327638217412636
252_T1_R1_vs_R2,natural_variability,3,252_to_RThigh_rx,252_to_RThigh,rx,0.0096281752096773,0.0018134193358371187,-0.007814755873840182,0.1282093069926703,0.14327638217412636
252_T1_R1_vs_R2,natural_variability,3,252_to_RThigh_ry,252_to_RThigh,ry,0.025674216371578105,0.0018470192579134175,-0.023827197113664687,0.1282093069926703,0.14327638217412636
252_T1_R1_vs_R2,natural_variability,3,252_to_RThigh_rz,252_to_RThigh,rz,0.021106204969699508,0.005282520230219287,-0.01582368473948022,0.1282093069926703,0.14327638217412636
252_T1_R1_vs_R2,natural_variability,3,Chest_to_LShoulder_rx,Chest_to_LShoulder,rx,0.02970867517879739,0.0050873991127867455,-0.024621276066010646,0.1282093069926703,0.14327638217412636
252_T1_R1_vs_R2,natural_variability,3,Chest_to_LShoulder_ry,Chest_to_LShoulder,ry,0.02428505328901239,0.025652243729254204,0.0013671904402418125,0.1282093069926703,0.14327638217412636
252_T1_R1_vs_R2,natural_variability,3,Chest_to_LShoulder_rz,Chest_to_LShoulder,rz,0.0017716110134793418,0.028542218155562817,0.026770607142083475,0.1282093069926703,0.14327638217412636
252_T1_R1_vs_R2,natural_variability,3,Chest_to_Neck_rx,Chest_to_Neck,rx,0.02692091944113719,0.020010815335979388,-0.006910104105157803,0.1282093069926703,0.14327638217412636
252_T1_R1_vs_R2,natural_variability,3,Chest_to_Neck_ry,Chest_to_Neck,ry,0.002077068317879149,0.028060117779723105,0.025983049461843957,0.1282093069926703,0.14327638217412636
252_T1_R1_vs_R2,natural_variability,3,Chest_to_Neck_rz,Chest_to_Neck,rz,0.02936501280112674,0.005575485293121266,-0.023789527508005476,0.1282093069926703,0.14327638217412636
252_T1_R1_vs_R2,natural_variability,3,Chest_to_RShoulder_rx,Chest_to_RShoulder,rx,0.028496390359968173,0.04987776003563966,0.021381369675671485,0.1282093069926703,0.14327638217412636
252_T1_R1_vs_R2,natural_variability,3,Chest_to_RShoulder_ry,Chest_to_RShoulder,ry,0.00627604353445238,0.021127249036366823,0.014851205501914443,0.1282093069926703,0.14327638217412636
252_T1_R1_vs_R2,natural_variability,3,Chest_to_RShoulder_rz,Chest_to_RShoulder,rz,0.06432694745480304,0.01423934175603792,-0.050087605698765116,0.1282093069926703,0.14327638217412636
252_T1_R1_vs_R2,natural_variability,3,LFArm_to_LHand_rx,LFArm_to_LHand,rx,0.0013291668916920632,3.129050621207509e-05,-0.001297876385479988,0.1282093069926703,0.14327638217412636
252_T1_R1_vs_R2,natural_variability,3,LFArm_to_LHand_ry,LFArm_to_LHand,ry,0.03216815542280865,0.0048105671564160745,-0.027357588266392577,0.1282093069926703,0.14327638217412636
252_T1_R1_vs_R2,natural_variability,3,LFArm_to_LHand_rz,LFArm_to_LHand,rz,0.07231157455273607,0.031777437041852014,-0.040534137510884055,0.1282093069926703,0.14327638217412636
252_T1_R1_vs_R2,natural_variability,3,LShin_to_LFoot_rx,LShin_to_LFoot,rx,0.022543920728694326,0.007314127016129033,-0.015229793712565293,0.1282093069926703,0.14327638217412636
252_T1_R1_vs_R2,natural_variability,3,LShin_to_LFoot_ry,LShin_to_LFoot,ry,2.5540164468649643e-05,0.005221907065685234,0.005196366901216584,0.1282093069926703,0.14327638217412636
252_T1_R1_vs_R2,natural_variability,3,LShin_to_LFoot_rz,LShin_to_LFoot,rz,0.0022511128134956176,0.0030663795042324433,0.0008152666907368256,0.1282093069926703,0.14327638217412636
252_T1_R1_vs_R2,natural_variability,3,LShoulder_to_LUArm_rx,LShoulder_to_LUArm,rx,0.22833936719955797,0.16932841642696028,-0.05901095077259769,0.1282093069926703,0.14327638217412636
252_T1_R1_vs_R2,natural_variability,3,LShoulder_to_LUArm_ry,LShoulder_to_LUArm,ry,0.0989014703897207,0.19207719499181372,0.09317572460209302,0.1282093069926703,0.14327638217412636
252_T1_R1_vs_R2,natural_variability,3,LShoulder_to_LUArm_rz,LShoulder_to_LUArm,rz,0.16512293144053358,0.11588119544219985,-0.04924173599833373,0.1282093069926703,0.14327638217412636
252_T1_R1_vs_R2,natural_variability,3,LThigh_to_LShin_rx,LThigh_to_LShin,rx,0.059921440462184374,0.006816811582233036,-0.053104628879951335,0.1282093069926703,0.14327638217412636
252_T1_R1_vs_R2,natural_variability,3,LThigh_to_LShin_ry,LThigh_to_LShin,ry,8.985154159240614e-09,4.527095586729399e-09,-4.4580585725112155e-09,0.1282093069926703,0.14327638217412636
252_T1_R1_vs_R2,natural_variability,3,LThigh_to_LShin_rz,LThigh_to_LShin,rz,4.0475771746086023e-08,3.064658194848937e-08,-9.829189797596656e-09,0.1282093069926703,0.14327638217412636
252_T1_R1_vs_R2,natural_variability,3,LUArm_to_LFArm_rx,LUArm_to_LFArm,rx,0.4101626426855577,0.3685056081322523,-0.04165703455330538,0.1282093069926703,0.14327638217412636
252_T1_R1_vs_R2,natural_variability,3,LUArm_to_LFArm_ry,LUArm_to_LFArm,ry,0.5184245539982872,0.06158167493884224,-0.456842879059445,0.1282093069926703,0.14327638217412636
252_T1_R1_vs_R2,natural_variability,3,LUArm_to_LFArm_rz,LUArm_to_LFArm,rz,0.21742160078318645,0.2599237103926693,0.04250210960948286,0.1282093069926703,0.14327638217412636
252_T1_R1_vs_R2,natural_variability,3,Neck_to_Head_rx,Neck_to_Head,rx,0.026724196461289155,0.01977459273548791,-0.006949603725801244,0.1282093069926703,0.14327638217412636
252_T1_R1_vs_R2,natural_variability,3,Neck_to_Head_ry,Neck_to_Head,ry,0.007680526123868267,0.0286270103786343,0.020946484254766033,0.1282093069926703,0.14327638217412636
252_T1_R1_vs_R2,natural_variability,3,Neck_to_Head_rz,Neck_to_Head,rz,0.028385812420025944,0.00017505467551356802,-0.028210757744512375,0.1282093069926703,0.14327638217412636
252_T1_R1_vs_R2,natural_variability,3,RFArm_to_RHand_rx,RFArm_to_RHand,rx,0.004206760199527809,0.0053036583223164775,0.0010968981227886688,0.1282093069926703,0.14327638217412636
252_T1_R1_vs_R2,natural_variability,3,RFArm_to_RHand_ry,RFArm_to_RHand,ry,0.0501268101987395,0.07046900195319537,0.020342191754455875,0.1282093069926703,0.14327638217412636
252_T1_R1_vs_R2,natural_variability,3,RFArm_to_RHand_rz,RFArm_to_RHand,rz,0.05130067936385384,0.05351711193062156,0.0022164325667677204,0.1282093069926703,0.14327638217412636
252_T1_R1_vs_R2,natural_variability,3,RShin_to_RFoot_rx,RShin_to_RFoot,rx,0.015614912920461934,0.021919123043015902,0.006304210122553968,0.1282093069926703,0.14327638217412636
252_T1_R1_vs_R2,natural_variability,3,RShin_to_RFoot_ry,RShin_to_RFoot,ry,0.00529801724485036,0.010517802862010652,0.005219785617160292,0.1282093069926703,0.14327638217412636
252_T1_R1_vs_R2,natural_variability,3,RShin_to_RFoot_rz,RShin_to_RFoot,rz,0.00936101250007892,0.01009184168008811,0.0007308291800091904,0.1282093069926703,0.14327638217412636
252_T1_R1_vs_R2,natural_variability,3,RShoulder_to_RUArm_rx,RShoulder_to_RUArm,rx,0.1601790420163889,0.18338576152562572,0.023206719509236806,0.1282093069926703,0.14327638217412636
252_T1_R1_vs_R2,natural_variability,3,RShoulder_to_RUArm_ry,RShoulder_to_RUArm,ry,0.008699785037719811,0.049569088212767155,0.04086930317504735,0.1282093069926703,0.14327638217412636
252_T1_R1_vs_R2,natural_variability,3,RShoulder_to_RUArm_rz,RShoulder_to_RUArm,rz,0.14200225151842003,0.02959907994102897,-0.11240317157739105,0.1282093069926703,0.14327638217412636
252_T1_R1_vs_R2,natural_variability,3,RThigh_to_RShin_rx,RThigh_to_RShin,rx,0.012129046016180988,0.026186849983584753,0.014057803967403765,0.1282093069926703,0.14327638217412636
252_T1_R1_vs_R2,natural_variability,3,RThigh_to_RShin_ry,RThigh_to_RShin,ry,1.7995135684280453e-08,9.738827253894374e-09,-8.25630843038608e-09,0.1282093069926703,0.14327638217412636
252_T1_R1_vs_R2,natural_variability,3,RThigh_to_RShin_rz,RThigh_to_RShin,rz,1.7869595946285866e-08,1.697621134761752e-08,-8.933845986683454e-10,0.1282093069926703,0.14327638217412636
252_T1_R1_vs_R2,natural_variability,3,RUArm_to_RFArm_rx,RUArm_to_RFArm,rx,0.2886465594007689,0.1937826560756867,-0.09486390332508218,0.1282093069926703,0.14327638217412636
252_T1_R1_vs_R2,natural_variability,3,RUArm_to_RFArm_ry,RUArm_to_RFArm,ry,0.5171919163895132,0.7763277973411867,0.2591358809516735,0.1282093069926703,0.14327638217412636
252_T1_R1_vs_R2,natural_variability,3,RUArm_to_RFArm_rz,RUArm_to_RFArm,rz,0.02002106550628256,0.13755599240127897,0.11753492689499641,0.1282093069926703,0.14327638217412636
252_T1_R1_vs_R2,natural_variability,4,252_to_LThigh_rx,252_to_LThigh,rx,0.19447246095045526,0.0767528678716944,-0.11771959307876086,0.09757290815161501,0.1305021053526641
252_T1_R1_vs_R2,natural_variability,4,252_to_LThigh_ry,252_to_LThigh,ry,0.06471788113500151,0.0012012717672228552,-0.06351660936777866,0.09757290815161501,0.1305021053526641
252_T1_R1_vs_R2,natural_variability,4,252_to_LThigh_rz,252_to_LThigh,rz,0.08078370730843627,0.02944055504224622,-0.05134315226619005,0.09757290815161501,0.1305021053526641
252_T1_R1_vs_R2,natural_variability,4,252_to_RThigh_rx,252_to_RThigh,rx,0.12590374688724654,0.06886072837793131,-0.05704301850931523,0.09757290815161501,0.1305021053526641
252_T1_R1_vs_R2,natural_variability,4,252_to_RThigh_ry,252_to_RThigh,ry,0.045300861385590356,0.007693998748530231,-0.037606862637060125,0.09757290815161501,0.1305021053526641
252_T1_R1_vs_R2,natural_variability,4,252_to_RThigh_rz,252_to_RThigh,rz,0.07919374649689102,0.03202173119958425,-0.047172015297306774,0.09757290815161501,0.1305021053526641
252_T1_R1_vs_R2,natural_variability,4,Chest_to_LShoulder_rx,Chest_to_LShoulder,rx,0.04285760187238016,0.022102452261645977,-0.020755149610734186,0.09757290815161501,0.1305021053526641
252_T1_R1_vs_R2,natural_variability,4,Chest_to_LShoulder_ry,Chest_to_LShoulder,ry,0.01529712274397439,0.03414926645166808,0.01885214370769369,0.09757290815161501,0.1305021053526641
252_T1_R1_vs_R2,natural_variability,4,Chest_to_LShoulder_rz,Chest_to_LShoulder,rz,0.028093735461359244,0.0469273484465613,0.01883361298520206,0.09757290815161501,0.1305021053526641
252_T1_R1_vs_R2,natural_variability,4,Chest_to_Neck_rx,Chest_to_Neck,rx,0.046943456855401744,0.0011714875189643452,-0.0457719693364374,0.09757290815161501,0.1305021053526641
252_T1_R1_vs_R2,natural_variability,4,Chest_to_Neck_ry,Chest_to_Neck,ry,0.03984102320143135,0.01113860341156566,-0.028702419789865687,0.09757290815161501,0.1305021053526641
252_T1_R1_vs_R2,natural_variability,4,Chest_to_Neck_rz,Chest_to_Neck,rz,0.013077433457555807,0.01766758373095378,0.004590150273397974,0.09757290815161501,0.1305021053526641
252_T1_R1_vs_R2,natural_variability,4,Chest_to_RShoulder_rx,Chest_to_RShoulder,rx,0.026473768568954403,0.019716321780135996,-0.006757446788818407,0.09757290815161501,0.1305021053526641
252_T1_R1_vs_R2,natural_variability,4,Chest_to_RShoulder_ry,Chest_to_RShoulder,ry,0.018393558895944358,0.0284739234360621,0.010080364540117744,0.09757290815161501,0.1305021053526641
252_T1_R1_vs_R2,natural_variability,4,Chest_to_RShoulder_rz,Chest_to_RShoulder,rz,0.021353776524334737,0.05293839485313104,0.031584618328796304,0.09757290815161501,0.1305021053526641
252_T1_R1_vs_R2,natural_variability,4,LFArm_to_LHand_rx,LFArm_to_LHand,rx,0.007920137114235684,0.02767566793181139,0.019755530817575705,0.09757290815161501,0.1305021053526641
252_T1_R1_vs_R2,natural_variability,4,LFArm_to_LHand_ry,LFArm_to_LHand,ry,0.0774295587312674,0.11316801369320127,0.03573845496193387,0.09757290815161501,0.1305021053526641
252_T1_R1_vs_R2,natural_variability,4,LFArm_to_LHand_rz,LFArm_to_LHand,rz,0.15010900572595204,0.2626218386866482,0.11251283296069614,0.09757290815161501,0.1305021053526641
252_T1_R1_vs_R2,natural_variability,4,LShin_to_LFoot_rx,LShin_to_LFoot,rx,0.05118536033692167,0.039406185957321184,-0.011779174379600486,0.09757290815161501,0.1305021053526641
252_T1_R1_vs_R2,natural_variability,4,LShin_to_LFoot_ry,LShin_to_LFoot,ry,0.030451832895100985,0.02619065395764471,-0.004261178937456273,0.09757290815161501,0.1305021053526641
252_T1_R1_vs_R2,natural_variability,4,LShin_to_LFoot_rz,LShin_to_LFoot,rz,0.03329252133969865,0.0074358994113557795,-0.02585662192834287,0.09757290815161501,0.1305021053526641
252_T1_R1_vs_R2,natural_variability,4,LShoulder_to_LUArm_rx,LShoulder_to_LUArm,rx,0.3804097217952182,0.26868594355564107,-0.11172377823957713,0.09757290815161501,0.1305021053526641
252_T1_R1_vs_R2,natural_variability,4,LShoulder_to_LUArm_ry,LShoulder_to_LUArm,ry,0.17572899891979565,0.5030561344564828,0.32732713553668713,0.09757290815161501,0.1305021053526641
252_T1_R1_vs_R2,natural_variability,4,LShoulder_to_LUArm_rz,LShoulder_to_LUArm,rz,0.008190046916207066,0.14760803899911523,0.13941799208290817,0.09757290815161501,0.1305021053526641
252_T1_R1_vs_R2,natural_variability,4,LThigh_to_LShin_rx,LThigh_to_LShin,rx,0.038516291458298046,0.014388678258696178,-0.02412761319960187,0.09757290815161501,0.1305021053526641
252_T1_R1_vs_R2,natural_variability,4,LThigh_to_LShin_ry,LThigh_to_LShin,ry,4.5032925143591015e-09,8.56461620345214e-09,4.0613236890930385e-09,0.09757290815161501,0.1305021053526641
252_T1_R1_vs_R2,natural_variability,4,LThigh_to_LShin_rz,LThigh_to_LShin,rz,1.7946120665382595e-08,2.147077632352859e-08,3.5246556581459956e-09,0.09757290815161501,0.1305021053526641
252_T1_R1_vs_R2,natural_variability,4,LUArm_to_LFArm_rx,LUArm_to_LFArm,rx,0.5203602877652911,0.35005251055092057,-0.17030777721437051,0.09757290815161501,0.1305021053526641
252_T1_R1_vs_R2,natural_variability,4,LUArm_to_LFArm_ry,LUArm_to_LFArm,ry,0.17427855339503448,0.12225370756329874,-0.052024845831735736,0.09757290815161501,0.1305021053526641
252_T1_R1_vs_R2,natural_variability,4,LUArm_to_LFArm_rz,LUArm_to_LFArm,rz,0.2924293591172999,0.13809969717651646,-0.15432966194078343,0.09757290815161501,0.1305021053526641
252_T1_R1_vs_R2,natural_variability,4,Neck_to_Head_rx,Neck_to_Head,rx,0.046363027738378505,0.0007263152171738254,-0.04563671252120468,0.09757290815161501,0.1305021053526641
252_T1_R1_vs_R2,natural_variability,4,Neck_to_Head_ry,Neck_to_Head,ry,0.03683620212918323,0.0142334062464144,-0.022602795882768832,0.09757290815161501,0.1305021053526641
252_T1_R1_vs_R2,natural_variability,4,Neck_to_Head_rz,Neck_to_Head,rz,0.020375832246413282,0.015192278011969948,-0.0051835542344433345,0.09757290815161501,0.1305021053526641
252_T1_R1_vs_R2,natural_variability,4,RFArm_to_RHand_rx,RFArm_to_RHand,rx,0.0002982299421577354,0.006307022176653998,0.0060087922344962625,0.09757290815161501,0.1305021053526641
252_T1_R1_vs_R2,natural_variability,4,RFArm_to_RHand_ry,RFArm_to_RHand,ry,0.03088408098943285,0.04548279407567995,0.014598713086247099,0.09757290815161501,0.1305021053526641
252_T1_R1_vs_R2,natural_variability,4,RFArm_to_RHand_rz,RFArm_to_RHand,rz,0.023034660140677163,0.12944788769136767,0.1064132275506905,0.09757290815161501,0.1305021053526641
252_T1_R1_vs_R2,natural_variability,4,RShin_to_RFoot_rx,RShin_to_RFoot,rx,0.055999605978921785,0.02217328337303241,-0.03382632260588937,0.09757290815161501,0.1305021053526641
252_T1_R1_vs_R2,natural_variability,4,RShin_to_RFoot_ry,RShin_to_RFoot,ry,0.04974009046756419,0.0347100322236457,-0.015030058243918488,0.09757290815161501,0.1305021053526641
252_T1_R1_vs_R2,natural_variability,4,RShin_to_RFoot_rz,RShin_to_RFoot,rz,0.047561619459451504,0.0063084244655573,-0.0412531949938942,0.09757290815161501,0.1305021053526641
252_T1_R1_vs_R2,natural_variability,4,RShoulder_to_RUArm_rx,RShoulder_to_RUArm,rx,0.13847378351068865,0.3032315130727844,0.16475772956209575,0.09757290815161501,0.1305021053526641
252_T1_R1_vs_R2,natural_variability,4,RShoulder_to_RUArm_ry,RShoulder_to_RUArm,ry,0.1665452739964654,0.011085381084793839,-0.15545989291167156,0.09757290815161501,0.1305021053526641
252_T1_R1_vs_R2,natural_variability,4,RShoulder_to_RUArm_rz,RShoulder_to_RUArm,rz,0.06340603412256468,0.2933627355669191,0.22995670144435443,0.09757290815161501,0.1305021053526641
252_T1_R1_vs_R2,natural_variability,4,RThigh_to_RShin_rx,RThigh_to_RShin,rx,0.05507769308409868,0.010097701620241473,-0.044979991463857213,0.09757290815161501,0.1305021053526641
252_T1_R1_vs_R2,natural_variability,4,RThigh_to_RShin_ry,RThigh_to_RShin,ry,1.792891614618629e-08,1.1125438991643054e-08,-6.803477154543237e-09,0.09757290815161501,0.1305021053526641
252_T1_R1_vs_R2,natural_variability,4,RThigh_to_RShin_rz,RThigh_to_RShin,rz,2.6823087684210586e-08,1.6619156182667984e-08,-1.0203931501542602e-08,0.09757290815161501,0.1305021053526641
252_T1_R1_vs_R2,natural_variability,4,RUArm_to_RFArm_rx,RUArm_to_RFArm,rx,0.06952269427822079,0.15292885231219386,0.08340615803397307,0.09757290815161501,0.1305021053526641
252_T1_R1_vs_R2,natural_variability,4,RUArm_to_RFArm_ry,RUArm_to_RFArm,ry,0.4909619035974599,0.40847569434733677,-0.08248620925012312,0.09757290815161501,0.1305021053526641
252_T1_R1_vs_R2,natural_variability,4,RUArm_to_RFArm_rz,RUArm_to_RFArm,rz,0.09380721370860687,0.031029035870615146,-0.06277817783799172,0.09757290815161501,0.1305021053526641
252_T1_R1_vs_R2,natural_variability,5,252_to_LThigh_rx,252_to_LThigh,rx,0.035797772464637515,0.014090757927547791,-0.021707014537089724,0.06687530622884723,0.09261037761940785
252_T1_R1_vs_R2,natural_variability,5,252_to_LThigh_ry,252_to_LThigh,ry,0.03546326422294273,0.04771714588473213,0.012253881661789402,0.06687530622884723,0.09261037761940785
252_T1_R1_vs_R2,natural_variability,5,252_to_LThigh_rz,252_to_LThigh,rz,0.06185310738124685,0.03547791750261439,-0.02637518987863246,0.06687530622884723,0.09261037761940785
252_T1_R1_vs_R2,natural_variability,5,252_to_RThigh_rx,252_to_RThigh,rx,0.026803395539956934,0.005295250175210517,-0.021508145364746416,0.06687530622884723,0.09261037761940785
252_T1_R1_vs_R2,natural_variability,5,252_to_RThigh_ry,252_to_RThigh,ry,0.04290724357376579,0.032667038016498916,-0.010240205557266874,0.06687530622884723,0.09261037761940785
252_T1_R1_vs_R2,natural_variability,5,252_to_RThigh_rz,252_to_RThigh,rz,0.06197436257533658,0.03734635381013822,-0.024628008765198363,0.06687530622884723,0.09261037761940785
252_T1_R1_vs_R2,natural_variability,5,Chest_to_LShoulder_rx,Chest_to_LShoulder,rx,0.00392372102490344,0.023146214199163666,0.019222493174260225,0.06687530622884723,0.09261037761940785
252_T1_R1_vs_R2,natural_variability,5,Chest_to_LShoulder_ry,Chest_to_LShoulder,ry,0.01628663789249957,0.047593974924288275,0.0313073370317887,0.06687530622884723,0.09261037761940785
252_T1_R1_vs_R2,natural_variability,5,Chest_to_LShoulder_rz,Chest_to_LShoulder,rz,0.00887772825565346,0.004922001161476923,-0.003955727094176537,0.06687530622884723,0.09261037761940785
252_T1_R1_vs_R2,natural_variability,5,Chest_to_Neck_rx,Chest_to_Neck,rx,0.05546378650115262,0.09020021165621055,0.034736425155057926,0.06687530622884723,0.09261037761940785
252_T1_R1_vs_R2,natural_variability,5,Chest_to_Neck_ry,Chest_to_Neck,ry,0.012957783804864873,0.035502844353625114,0.02254506054876024,0.06687530622884723,0.09261037761940785
252_T1_R1_vs_R2,natural_variability,5,Chest_to_Neck_rz,Chest_to_Neck,rz,0.0030156126513057515,0.03098622001579451,0.02797060736448876,0.06687530622884723,0.09261037761940785
252_T1_R1_vs_R2,natural_variability,5,Chest_to_RShoulder_rx,Chest_to_RShoulder,rx,0.02050447233102224,0.009246865087558852,-0.011257607243463388,0.06687530622884723,0.09261037761940785
252_T1_R1_vs_R2,natural_variability,5,Chest_to_RShoulder_ry,Chest_to_RShoulder,ry,0.011673385172130457,0.004224476279800947,-0.00744890889232951,0.06687530622884723,0.09261037761940785
252_T1_R1_vs_R2,natural_variability,5,Chest_to_RShoulder_rz,Chest_to_RShoulder,rz,0.06492425859571568,0.0034282594234345924,-0.06149599917228109,0.06687530622884723,0.09261037761940785
252_T1_R1_vs_R2,natural_variability,5,LFArm_to_LHand_rx,LFArm_to_LHand,rx,0.008662794780875904,0.017419407077003013,0.00875661229612711,0.06687530622884723,0.09261037761940785
252_T1_R1_vs_R2,natural_variability,5,LFArm_to_LHand_ry,LFArm_to_LHand,ry,0.000769350741787664,0.09471847397959667,0.093949123237809,0.06687530622884723,0.09261037761940785
252_T1_R1_vs_R2,natural_variability,5,LFArm_to_LHand_rz,LFArm_to_LHand,rz,0.006266954545062065,0.2109190542903429,0.20465209974528084,0.06687530622884723,0.09261037761940785
252_T1_R1_vs_R2,natural_variability,5,LShin_to_LFoot_rx,LShin_to_LFoot,rx,0.014483219761447891,0.05131664677947561,0.03683342701802772,0.06687530622884723,0.09261037761940785
252_T1_R1_vs_R2,natural_variability,5,LShin_to_LFoot_ry,LShin_to_LFoot,ry,0.020087921756884085,0.03639521196992418,0.016307290213040095,0.06687530622884723,0.09261037761940785
252_T1_R1_vs_R2,natural_variability,5,LShin_to_LFoot_rz,LShin_to_LFoot,rz,0.022215709666363388,0.026885454872148256,0.004669745205784868,0.06687530622884723,0.09261037761940785
252_T1_R1_vs_R2,natural_variability,5,LShoulder_to_LUArm_rx,LShoulder_to_LUArm,rx,0.09878554503801908,0.20427414846887473,0.10548860343085566,0.06687530622884723,0.09261037761940785
252_T1_R1_vs_R2,natural_variability,5,LShoulder_to_LUArm_ry,LShoulder_to_LUArm,ry,0.1662172311866668,0.047843873984401424,-0.11837335720226536,0.06687530622884723,0.09261037761940785
252_T1_R1_vs_R2,natural_variability,5,LShoulder_to_LUArm_rz,LShoulder_to_LUArm,rz,0.20836378862843172,0.4484111653127056,0.24004737668427387,0.06687530622884723,0.09261037761940785
252_T1_R1_vs_R2,natural_variability,5,LThigh_to_LShin_rx,LThigh_to_LShin,rx,0.00867934464863913,0.0702212597530975,0.06154191510445836,0.06687530622884723,0.09261037761940785
252_T1_R1_vs_R2,natural_variability,5,LThigh_to_LShin_ry,LThigh_to_LShin,ry,1.737067094779787e-08,1.3557605633825066e-08,-3.8130653139728045e-09,0.06687530622884723,0.09261037761940785
252_T1_R1_vs_R2,natural_variability,5,LThigh_to_LShin_rz,LThigh_to_LShin,rz,4.343587093873524e-09,3.959959627084794e-09,-3.836274667887297e-10,0.06687530622884723,0.09261037761940785
252_T1_R1_vs_R2,natural_variability,5,LUArm_to_LFArm_rx,LUArm_to_LFArm,rx,0.0528507841992089,0.09477986053674892,0.04192907633754002,0.06687530622884723,0.09261037761940785
252_T1_R1_vs_R2,natural_variability,5,LUArm_to_LFArm_ry,LUArm_to_LFArm,ry,0.37613798687887934,0.5242020887035808,0.14806410182470142,0.06687530622884723,0.09261037761940785
252_T1_R1_vs_R2,natural_variability,5,LUArm_to_LFArm_rz,LUArm_to_LFArm,rz,0.0415030816145166,0.06328043998653377,0.021777358372017164,0.06687530622884723,0.09261037761940785
252_T1_R1_vs_R2,natural_variability,5,Neck_to_Head_rx,Neck_to_Head,rx,0.05539537272512113,0.08992885811245246,0.034533485387331336,0.06687530622884723,0.09261037761940785
252_T1_R1_vs_R2,natural_variability,5,Neck_to_Head_ry,Neck_to_Head,ry,0.013577553011550995,0.041127359728970594,0.0275498067174196,0.06687530622884723,0.09261037761940785
252_T1_R1_vs_R2,natural_variability,5,Neck_to_Head_rz,Neck_to_Head,rz,0.0005106194972143857,0.023538181257530016,0.023027561760315632,0.06687530622884723,0.09261037761940785
252_T1_R1_vs_R2,natural_variability,5,RFArm_to_RHand_rx,RFArm_to_RHand,rx,0.0001653334621763351,0.007770897876876924,0.0076055644147005885,0.06687530622884723,0.09261037761940785
252_T1_R1_vs_R2,natural_variability,5,RFArm_to_RHand_ry,RFArm_to_RHand,ry,0.016762362558486718,0.06672883014381623,0.04996646758532951,0.06687530622884723,0.09261037761940785
252_T1_R1_vs_R2,natural_variability,5,RFArm_to_RHand_rz,RFArm_to_RHand,rz,0.02343855216701782,0.08059395200076888,0.057155399833751064,0.06687530622884723,0.09261037761940785
252_T1_R1_vs_R2,natural_variability,5,RShin_to_RFoot_rx,RShin_to_RFoot,rx,0.0022530730698968153,0.016336526477257904,0.014083453407361089,0.06687530622884723,0.09261037761940785
252_T1_R1_vs_R2,natural_variability,5,RShin_to_RFoot_ry,RShin_to_RFoot,ry,0.014721239739531917,0.05635545378055036,0.04163421404101844,0.06687530622884723,0.09261037761940785
252_T1_R1_vs_R2,natural_variability,5,RShin_to_RFoot_rz,RShin_to_RFoot,rz,0.03169917935958526,0.03237618298421281,0.0006770036246275535,0.06687530622884723,0.09261037761940785
252_T1_R1_vs_R2,natural_variability,5,RShoulder_to_RUArm_rx,RShoulder_to_RUArm,rx,0.33261654959649445,0.1500720141891382,-0.18254453540735624,0.06687530622884723,0.09261037761940785
252_T1_R1_vs_R2,natural_variability,5,RShoulder_to_RUArm_ry,RShoulder_to_RUArm,ry,0.3934941553924049,0.33670801441252657,-0.05678614097987833,0.06687530622884723,0.09261037761940785
252_T1_R1_vs_R2,natural_variability,5,RShoulder_to_RUArm_rz,RShoulder_to_RUArm,rz,0.5229075190350806,0.36948338433808525,-0.15342413469699534,0.06687530622884723,0.09261037761940785
252_T1_R1_vs_R2,natural_variability,5,RThigh_to_RShin_rx,RThigh_to_RShin,rx,0.0019591926047424026,0.035980578562648066,0.034021385957905666,0.06687530622884723,0.09261037761940785
252_T1_R1_vs_R2,natural_variability,5,RThigh_to_RShin_ry,RThigh_to_RShin,ry,1.495442371132459e-08,6.6953820679605056e-09,-8.259041643364085e-09,0.06687530622884723,0.09261037761940785
252_T1_R1_vs_R2,natural_variability,5,RThigh_to_RShin_rz,RThigh_to_RShin,rz,3.822622675780631e-09,8.957047099313333e-09,5.134424423532702e-09,0.06687530622884723,0.09261037761940785
252_T1_R1_vs_R2,natural_variability,5,RUArm_to_RFArm_rx,RUArm_to_RFArm,rx,0.3151702849657322,0.2626302846005104,-0.05254000036522177,0.06687530622884723,0.09261037761940785
252_T1_R1_vs_R2,natural_variability,5,RUArm_to_RFArm_ry,RUArm_to_RFArm,ry,0.31180225737133344,0.01865629405114711,-0.29314596332018633,0.06687530622884723,0.09261037761940785
252_T1_R1_vs_R2,natural_variability,5,RUArm_to_RFArm_rz,RUArm_to_RFArm,rz,0.09992352507209722,0.12401127027034223,0.02408774519824501,0.06687530622884723,0.09261037761940785
252_T1_R1_vs_R2,natural_variability,6,252_to_LThigh_rx,252_to_LThigh,rx,0.01869926099716539,0.09926036210405721,0.08056110110689182,0.05013109660483027,0.0492383532572963
252_T1_R1_vs_R2,natural_variability,6,252_to_LThigh_ry,252_to_LThigh,ry,0.003223800237211771,0.014776012441344863,0.011552212204133092,0.05013109660483027,0.0492383532572963
252_T1_R1_vs_R2,natural_variability,6,252_to_LThigh_rz,252_to_LThigh,rz,0.11699555855608587,0.13783103129587815,0.020835472739792277,0.05013109660483027,0.0492383532572963
252_T1_R1_vs_R2,natural_variability,6,252_to_RThigh_rx,252_to_RThigh,rx,0.009458365915533166,0.05350046161248692,0.044042095696953755,0.05013109660483027,0.0492383532572963
252_T1_R1_vs_R2,natural_variability,6,252_to_RThigh_ry,252_to_RThigh,ry,0.02310806514576486,0.010050716453648042,-0.013057348692116817,0.05013109660483027,0.0492383532572963
252_T1_R1_vs_R2,natural_variability,6,252_to_RThigh_rz,252_to_RThigh,rz,0.1136244073616675,0.13264123326755953,0.01901682590589203,0.05013109660483027,0.0492383532572963
252_T1_R1_vs_R2,natural_variability,6,Chest_to_LShoulder_rx,Chest_to_LShoulder,rx,0.018192773241204375,0.013606300869357485,-0.0045864723718468895,0.05013109660483027,0.0492383532572963
252_T1_R1_vs_R2,natural_variability,6,Chest_to_LShoulder_ry,Chest_to_LShoulder,ry,0.12968175963571676,0.12151394486293637,-0.00816781477278039,0.05013109660483027,0.0492383532572963
252_T1_R1_vs_R2,natural_variability,6,Chest_to_LShoulder_rz,Chest_to_LShoulder,rz,0.0215669606767239,0.002986420465558026,-0.018580540211165873,0.05013109660483027,0.0492383532572963
252_T1_R1_vs_R2,natural_variability,6,Chest_to_Neck_rx,Chest_to_Neck,rx,0.01695120101099556,0.023124418420278476,0.006173217409282915,0.05013109660483027,0.0492383532572963
252_T1_R1_vs_R2,natural_variability,6,Chest_to_Neck_ry,Chest_to_Neck,ry,0.049818344744858155,0.04312388974272081,-0.006694455002137348,0.05013109660483027,0.0492383532572963
252_T1_R1_vs_R2,natural_variability,6,Chest_to_Neck_rz,Chest_to_Neck,rz,0.041441756160695516,0.04589079931024044,0.004449043149544925,0.05013109660483027,0.0492383532572963
252_T1_R1_vs_R2,natural_variability,6,Chest_to_RShoulder_rx,Chest_to_RShoulder,rx,0.0011900688166814346,0.009877789600416449,0.008687720783735014,0.05013109660483027,0.0492383532572963
252_T1_R1_vs_R2,natural_variability,6,Chest_to_RShoulder_ry,Chest_to_RShoulder,ry,0.08137425713335766,0.08066712938679879,-0.0007071277465588721,0.05013109660483027,0.0492383532572963
252_T1_R1_vs_R2,natural_variability,6,Chest_to_RShoulder_rz,Chest_to_RShoulder,rz,0.04489777742011607,0.059157669947697084,0.014259892527581017,0.05013109660483027,0.0492383532572963
252_T1_R1_vs_R2,natural_variability,6,LFArm_to_LHand_rx,LFArm_to_LHand,rx,0.04809731054488353,0.046816827483791026,-0.001280483061092505,0.05013109660483027,0.0492383532572963
252_T1_R1_vs_R2,natural_variability,6,LFArm_to_LHand_ry,LFArm_to_LHand,ry,0.11438732252663407,0.08965476308434496,-0.02473255944228911,0.05013109660483027,0.0492383532572963
252_T1_R1_vs_R2,natural_variability,6,LFArm_to_LHand_rz,LFArm_to_LHand,rz,0.3602286168572109,0.30664759712880973,-0.05358101972840118,0.05013109660483027,0.0492383532572963
252_T1_R1_vs_R2,natural_variability,6,LShin_to_LFoot_rx,LShin_to_LFoot,rx,0.01267552390908039,0.002097429274539895,-0.010578094634540494,0.05013109660483027,0.0492383532572963
252_T1_R1_vs_R2,natural_variability,6,LShin_to_LFoot_ry,LShin_to_LFoot,ry,0.08221967384092581,0.07029238137351107,-0.011927292467414738,0.05013109660483027,0.0492383532572963
252_T1_R1_vs_R2,natural_variability,6,LShin_to_LFoot_rz,LShin_to_LFoot,rz,0.001019735736718867,0.010885596904293325,0.009865861167574458,0.05013109660483027,0.0492383532572963
252_T1_R1_vs_R2,natural_variability,6,LShoulder_to_LUArm_rx,LShoulder_to_LUArm,rx,0.04389949710808384,0.07515187110271694,0.0312523739946331,0.05013109660483027,0.0492383532572963
252_T1_R1_vs_R2,natural_variability,6,LShoulder_to_LUArm_ry,LShoulder_to_LUArm,ry,0.5548827559981127,0.444388917388072,-0.11049383861004064,0.05013109660483027,0.0492383532572963
252_T1_R1_vs_R2,natural_variability,6,LShoulder_to_LUArm_rz,LShoulder_to_LUArm,rz,0.09205480050258062,0.015183623446317705,-0.07687117705626292,0.05013109660483027,0.0492383532572963
252_T1_R1_vs_R2,natural_variability,6,LThigh_to_LShin_rx,LThigh_to_LShin,rx,0.04138538687553262,0.06278066664124206,0.021395279765709437,0.05013109660483027,0.0492383532572963
252_T1_R1_vs_R2,natural_variability,6,LThigh_to_LShin_ry,LThigh_to_LShin,ry,1.572446680579265e-08,1.7220665590454794e-08,1.4961987846621452e-09,0.05013109660483027,0.0492383532572963
252_T1_R1_vs_R2,natural_variability,6,LThigh_to_LShin_rz,LThigh_to_LShin,rz,3.086044764044123e-09,1.2375876700270068e-08,9.289831936225945e-09,0.05013109660483027,0.0492383532572963
252_T1_R1_vs_R2,natural_variability,6,LUArm_to_LFArm_rx,LUArm_to_LFArm,rx,0.15920393209009526,0.29354255068486623,0.13433861859477098,0.05013109660483027,0.0492383532572963
252_T1_R1_vs_R2,natural_variability,6,LUArm_to_LFArm_ry,LUArm_to_LFArm,ry,0.2675087661158408,0.3692560892880566,0.1017473231722158,0.05013109660483027,0.0492383532572963
252_T1_R1_vs_R2,natural_variability,6,LUArm_to_LFArm_rz,LUArm_to_LFArm,rz,0.2963288757249488,0.3788123279573087,0.08248345223235987,0.05013109660483027,0.0492383532572963
252_T1_R1_vs_R2,natural_variability,6,Neck_to_Head_rx,Neck_to_Head,rx,0.017341278654634612,0.023270304509627346,0.005929025854992734,0.05013109660483027,0.0492383532572963
252_T1_R1_vs_R2,natural_variability,6,Neck_to_Head_ry,Neck_to_Head,ry,0.056632466797330944,0.05088807967003031,-0.005744387127300632,0.05013109660483027,0.0492383532572963
252_T1_R1_vs_R2,natural_variability,6,Neck_to_Head_rz,Neck_to_Head,rz,0.0312769698691336,0.03686794028860091,0.005590970419467309,0.05013109660483027,0.0492383532572963
252_T1_R1_vs_R2,natural_variability,6,RFArm_to_RHand_rx,RFArm_to_RHand,rx,0.00935059295493597,0.008921303581373422,-0.0004292893735625483,0.05013109660483027,0.0492383532572963
252_T1_R1_vs_R2,natural_variability,6,RFArm_to_RHand_ry,RFArm_to_RHand,ry,0.08330216367372698,0.06800205964830856,-0.015300104025418412,0.05013109660483027,0.0492383532572963
252_T1_R1_vs_R2,natural_variability,6,RFArm_to_RHand_rz,RFArm_to_RHand,rz,0.1649638415264551,0.14377103083545206,-0.02119281069100304,0.05013109660483027,0.0492383532572963
252_T1_R1_vs_R2,natural_variability,6,RShin_to_RFoot_rx,RShin_to_RFoot,rx,0.04583848942651614,0.06113810250031279,0.015299613073796653,0.05013109660483027,0.0492383532572963
252_T1_R1_vs_R2,natural_variability,6,RShin_to_RFoot_ry,RShin_to_RFoot,ry,0.053733061516078956,0.043920586159016894,-0.009812475357062062,0.05013109660483027,0.0492383532572963
252_T1_R1_vs_R2,natural_variability,6,RShin_to_RFoot_rz,RShin_to_RFoot,rz,0.022210894090961948,0.03646009829939948,0.014249204208437533,0.05013109660483027,0.0492383532572963
252_T1_R1_vs_R2,natural_variability,6,RShoulder_to_RUArm_rx,RShoulder_to_RUArm,rx,0.12655496970153934,0.10238461242295686,-0.02417035727858248,0.05013109660483027,0.0492383532572963
252_T1_R1_vs_R2,natural_variability,6,RShoulder_to_RUArm_ry,RShoulder_to_RUArm,ry,0.45893614292672485,0.3628553889987492,-0.09608075392797566,0.05013109660483027,0.0492383532572963
252_T1_R1_vs_R2,natural_variability,6,RShoulder_to_RUArm_rz,RShoulder_to_RUArm,rz,0.04100670258458047,0.03132520041098377,-0.009681502173596701,0.05013109660483027,0.0492383532572963
252_T1_R1_vs_R2,natural_variability,6,RThigh_to_RShin_rx,RThigh_to_RShin,rx,0.07497928361845316,0.07864989656027818,0.0036706129418250244,0.05013109660483027,0.0492383532572963
252_T1_R1_vs_R2,natural_variability,6,RThigh_to_RShin_ry,RThigh_to_RShin,ry,3.2608227829137754e-08,3.541482053865267e-08,2.8065927095149138e-09,0.05013109660483027,0.0492383532572963
252_T1_R1_vs_R2,natural_variability,6,RThigh_to_RShin_rz,RThigh_to_RShin,rz,8.850230660760112e-09,8.22773256677005e-10,-8.027457404083107e-09,0.05013109660483027,0.0492383532572963
252_T1_R1_vs_R2,natural_variability,6,RUArm_to_RFArm_rx,RUArm_to_RFArm,rx,0.02673580696453423,0.009440385262291545,-0.017295421702242686,0.05013109660483027,0.0492383532572963
252_T1_R1_vs_R2,natural_variability,6,RUArm_to_RFArm_ry,RUArm_to_RFArm,ry,0.00684517460503461,0.2036925425732866,0.19684736796825197,0.05013109660483027,0.0492383532572963
252_T1_R1_vs_R2,natural_variability,6,RUArm_to_RFArm_rz,RUArm_to_RFArm,rz,0.0771805756451405,0.1020409789859022,0.0248604033407617,0.05013109660483027,0.0492383532572963
252_T1_R1_vs_R2,natural_variability,7,252_to_LThigh_rx,252_to_LThigh,rx,0.19031002601305705,0.22856194466395344,0.03825191865089639,0.04562949018046788,0.03368994190231331
252_T1_R1_vs_R2,natural_variability,7,252_to_LThigh_ry,252_to_LThigh,ry,0.01691826301649637,0.010878832779898673,-0.0060394302365976964,0.04562949018046788,0.03368994190231331
252_T1_R1_vs_R2,natural_variability,7,252_to_LThigh_rz,252_to_LThigh,rz,0.05979334254095015,0.0690122917014531,0.009218949160502941,0.04562949018046788,0.03368994190231331
252_T1_R1_vs_R2,natural_variability,7,252_to_RThigh_rx,252_to_RThigh,rx,0.16561915524390486,0.19249285235778613,0.026873697113881267,0.04562949018046788,0.03368994190231331
252_T1_R1_vs_R2,natural_variability,7,252_to_RThigh_ry,252_to_RThigh,ry,0.02219990395423561,0.048721979348585465,0.026522075394349854,0.04562949018046788,0.03368994190231331
252_T1_R1_vs_R2,natural_variability,7,252_to_RThigh_rz,252_to_RThigh,rz,0.052423595811210075,0.06207578334206963,0.009652187530859557,0.04562949018046788,0.03368994190231331
252_T1_R1_vs_R2,natural_variability,7,Chest_to_LShoulder_rx,Chest_to_LShoulder,rx,0.041401944294918176,0.023320873801457434,-0.018081070493460742,0.04562949018046788,0.03368994190231331
252_T1_R1_vs_R2,natural_variability,7,Chest_to_LShoulder_ry,Chest_to_LShoulder,ry,0.03574205079963019,0.0015790309400702898,-0.034163019859559905,0.04562949018046788,0.03368994190231331
252_T1_R1_vs_R2,natural_variability,7,Chest_to_LShoulder_rz,Chest_to_LShoulder,rz,0.06709841181117795,0.07857734523308336,0.01147893342190541,0.04562949018046788,0.03368994190231331
252_T1_R1_vs_R2,natural_variability,7,Chest_to_Neck_rx,Chest_to_Neck,rx,0.060810771301599106,0.027537354396742878,-0.03327341690485623,0.04562949018046788,0.03368994190231331
252_T1_R1_vs_R2,natural_variability,7,Chest_to_Neck_ry,Chest_to_Neck,ry,0.03262989566554535,0.00813599438383082,-0.024493901281714525,0.04562949018046788,0.03368994190231331
252_T1_R1_vs_R2,natural_variability,7,Chest_to_Neck_rz,Chest_to_Neck,rz,0.04859069740618446,0.03720799289585912,-0.011382704510325345,0.04562949018046788,0.03368994190231331
252_T1_R1_vs_R2,natural_variability,7,Chest_to_RShoulder_rx,Chest_to_RShoulder,rx,0.027800889902214493,0.031823581178330486,0.004022691276115993,0.04562949018046788,0.03368994190231331
252_T1_R1_vs_R2,natural_variability,7,Chest_to_RShoulder_ry,Chest_to_RShoulder,ry,0.002140951679781264,0.007442520050875855,0.00530156837109459,0.04562949018046788,0.03368994190231331
252_T1_R1_vs_R2,natural_variability,7,Chest_to_RShoulder_rz,Chest_to_RShoulder,rz,0.1033277582095149,0.11763548650995237,0.014307728300437472,0.04562949018046788,0.03368994190231331
252_T1_R1_vs_R2,natural_variability,7,LFArm_to_LHand_rx,LFArm_to_LHand,rx,0.03576696580181161,0.022204577316192586,-0.013562388485619022,0.04562949018046788,0.03368994190231331
252_T1_R1_vs_R2,natural_variability,7,LFArm_to_LHand_ry,LFArm_to_LHand,ry,0.09012076319293257,0.03485770881570696,-0.055263054377225604,0.04562949018046788,0.03368994190231331
252_T1_R1_vs_R2,natural_variability,7,LFArm_to_LHand_rz,LFArm_to_LHand,rz,0.21253553382830526,0.07220510944520482,-0.14033042438310045,0.04562949018046788,0.03368994190231331
252_T1_R1_vs_R2,natural_variability,7,LShin_to_LFoot_rx,LShin_to_LFoot,rx,0.027164081966085243,0.004562429296258472,-0.02260165266982677,0.04562949018046788,0.03368994190231331
252_T1_R1_vs_R2,natural_variability,7,LShin_to_LFoot_ry,LShin_to_LFoot,ry,0.007800552017593468,0.022837166499651125,0.015036614482057658,0.04562949018046788,0.03368994190231331
252_T1_R1_vs_R2,natural_variability,7,LShin_to_LFoot_rz,LShin_to_LFoot,rz,0.005955127282863622,0.02010972872472787,0.014154601441864246,0.04562949018046788,0.03368994190231331
252_T1_R1_vs_R2,natural_variability,7,LShoulder_to_LUArm_rx,LShoulder_to_LUArm,rx,0.432021115073217,0.32753099206555036,-0.10449012300766664,0.04562949018046788,0.03368994190231331
252_T1_R1_vs_R2,natural_variability,7,LShoulder_to_LUArm_ry,LShoulder_to_LUArm,ry,0.015815421941627248,0.12062527144709313,0.10480984950546589,0.04562949018046788,0.03368994190231331
252_T1_R1_vs_R2,natural_variability,7,LShoulder_to_LUArm_rz,LShoulder_to_LUArm,rz,0.699105600842603,0.5929412958161159,-0.1061643050264871,0.04562949018046788,0.03368994190231331
252_T1_R1_vs_R2,natural_variability,7,LThigh_to_LShin_rx,LThigh_to_LShin,rx,0.13539192480650594,0.1202878414696116,-0.015104083336894336,0.04562949018046788,0.03368994190231331
252_T1_R1_vs_R2,natural_variability,7,LThigh_to_LShin_ry,LThigh_to_LShin,ry,5.257305151621611e-09,4.604051018058937e-09,-6.532541335626739e-10,0.04562949018046788,0.03368994190231331
252_T1_R1_vs_R2,natural_variability,7,LThigh_to_LShin_rz,LThigh_to_LShin,rz,4.2659258177402264e-08,4.058101417079448e-08,-2.0782440066077823e-09,0.04562949018046788,0.03368994190231331
252_T1_R1_vs_R2,natural_variability,7,LUArm_to_LFArm_rx,LUArm_to_LFArm,rx,0.029556186280281036,0.13504959141412298,0.10549340513384195,0.04562949018046788,0.03368994190231331
252_T1_R1_vs_R2,natural_variability,7,LUArm_to_LFArm_ry,LUArm_to_LFArm,ry,0.00431576465983759,0.11141752099528758,0.10710175633545,0.04562949018046788,0.03368994190231331
252_T1_R1_vs_R2,natural_variability,7,LUArm_to_LFArm_rz,LUArm_to_LFArm,rz,0.12025475156275608,0.1525521904467391,0.03229743888398301,0.04562949018046788,0.03368994190231331
252_T1_R1_vs_R2,natural_variability,7,Neck_to_Head_rx,Neck_to_Head,rx,0.061020476541219296,0.02796624264911676,-0.03305423389210253,0.04562949018046788,0.03368994190231331
252_T1_R1_vs_R2,natural_variability,7,Neck_to_Head_ry,Neck_to_Head,ry,0.041492464459791364,0.015151059136464026,-0.02634140532332734,0.04562949018046788,0.03368994190231331
252_T1_R1_vs_R2,natural_variability,7,Neck_to_Head_rz,Neck_to_Head,rz,0.041173800892701694,0.034669862097938146,-0.006503938794763547,0.04562949018046788,0.03368994190231331
252_T1_R1_vs_R2,natural_variability,7,RFArm_to_RHand_rx,RFArm_to_RHand,rx,0.011141073047138156,0.0064917330773376,-0.0046493399698005556,0.04562949018046788,0.03368994190231331
252_T1_R1_vs_R2,natural_variability,7,RFArm_to_RHand_ry,RFArm_to_RHand,ry,0.05148583899858397,0.009175042833604253,-0.04231079616497972,0.04562949018046788,0.03368994190231331
252_T1_R1_vs_R2,natural_variability,7,RFArm_to_RHand_rz,RFArm_to_RHand,rz,0.10493794216500377,0.0432848489122258,-0.061653093252777964,0.04562949018046788,0.03368994190231331
252_T1_R1_vs_R2,natural_variability,7,RShin_to_RFoot_rx,RShin_to_RFoot,rx,0.004228142975177195,0.006832817004819073,0.002604674029641878,0.04562949018046788,0.03368994190231331
252_T1_R1_vs_R2,natural_variability,7,RShin_to_RFoot_ry,RShin_to_RFoot,ry,0.0525284893367714,0.020169551348889495,-0.032358937987881906,0.04562949018046788,0.03368994190231331
252_T1_R1_vs_R2,natural_variability,7,RShin_to_RFoot_rz,RShin_to_RFoot,rz,0.01791571324419929,0.0338833866264619,0.01596767338226261,0.04562949018046788,0.03368994190231331
252_T1_R1_vs_R2,natural_variability,7,RShoulder_to_RUArm_rx,RShoulder_to_RUArm,rx,0.2291111481457793,0.2831463349566936,0.05403518681091432,0.04562949018046788,0.03368994190231331
252_T1_R1_vs_R2,natural_variability,7,RShoulder_to_RUArm_ry,RShoulder_to_RUArm,ry,0.15543660066177897,0.41069748443453336,0.25526088377275435,0.04562949018046788,0.03368994190231331
252_T1_R1_vs_R2,natural_variability,7,RShoulder_to_RUArm_rz,RShoulder_to_RUArm,rz,0.038131934412553456,0.24816397968441833,0.21003204527186486,0.04562949018046788,0.03368994190231331
252_T1_R1_vs_R2,natural_variability,7,RThigh_to_RShin_rx,RThigh_to_RShin,rx,0.05701435668586864,0.053567190240783366,-0.0034471664450852757,0.04562949018046788,0.03368994190231331
252_T1_R1_vs_R2,natural_variability,7,RThigh_to_RShin_ry,RThigh_to_RShin,ry,1.013442661895943e-08,1.2381952852476645e-08,2.2475262335172153e-09,0.04562949018046788,0.03368994190231331
252_T1_R1_vs_R2,natural_variability,7,RThigh_to_RShin_rz,RThigh_to_RShin,rz,6.3091374909917935e-09,1.5577180641275594e-08,9.2680431502838e-09,0.04562949018046788,0.03368994190231331
252_T1_R1_vs_R2,natural_variability,7,RUArm_to_RFArm_rx,RUArm_to_RFArm,rx,0.15851661714279708,0.00691312564821947,-0.1516034914945776,0.04562949018046788,0.03368994190231331
252_T1_R1_vs_R2,natural_variability,7,RUArm_to_RFArm_ry,RUArm_to_RFArm,ry,0.07729866262664158,0.08059230218992919,0.003293639563287612,0.04562949018046788,0.03368994190231331
252_T1_R1_vs_R2,natural_variability,7,RUArm_to_RFArm_rz,RUArm_to_RFArm,rz,0.0442847047238213,0.020884973623474624,-0.02339973110034668,0.04562949018046788,0.03368994190231331
