comparison_id,kind,pc,feature,link_id,axis,loading_A_abs,loading_B_reprojected_abs,jcvpca_axis,explained_variance_A,explained_variance_B_projected
252_T1_vs_T2,longitudinal,1,252_to_LThigh_rx,252_to_LThigh,rx,0.05713964158189858,0.05838699270078394,0.0012473511188853606,0.25851577846798807,0.37054290465686013
252_T1_vs_T2,longitudinal,1,252_to_LThigh_ry,252_to_LThigh,ry,0.07563548065332,0.061657199580625564,-0.013978281072694436,0.25851577846798807,0.37054290465686013
252_T1_vs_T2,longitudinal,1,252_to_LThigh_rz,252_to_LThigh,rz,0.03140138185856859,0.019069510574240747,-0.012331871284327844,0.25851577846798807,0.37054290465686013
252_T1_vs_T2,longitudinal,1,252_to_RThigh_rx,252_to_RThigh,rx,0.0020739384507111503,0.01512949747596097,0.013055559025249821,0.25851577846798807,0.37054290465686013
252_T1_vs_T2,longitudinal,1,252_to_RThigh_ry,252_to_RThigh,ry,0.07829789374496607,0.06444931091716027,-0.013848582827805794,0.25851577846798807,0.37054290465686013
252_T1_vs_T2,longitudinal,1,252_to_RThigh_rz,252_to_RThigh,rz,0.03129233380306778,0.016821465192418217,-0.01447086861064956,0.25851577846798807,0.37054290465686013
252_T1_vs_T2,longitudinal,1,Chest_to_LShoulder_rx,Chest_to_LShoulder,rx,0.06261747982912788,0.0675730855190561,0.004955605689928214,0.25851577846798807,0.37054290465686013
252_T1_vs_T2,longitudinal,1,Chest_to_LShoulder_ry,Chest_to_LShoulder,ry,0.0052607170353093004,0.01283065487058248,0.007569937835273179,0.25851577846798807,0.37054290465686013
252_T1_vs_T2,longitudinal,1,Chest_to_LShoulder_rz,Chest_to_LShoulder,rz,0.09739555268920332,0.0691025859184879,-0.02829296677071541,0.25851577846798807,0.37054290465686013
252_T1_vs_T2,longitudinal,1,Chest_to_Neck_rx,Chest_to_Neck,rx,0.005477796105903285,0.0007521680272905944,-0.004725628078612691,0.25851577846798807,0.37054290465686013
252_T1_vs_T2,longitudinal,1,Chest_to_Neck_ry,Chest_to_Neck,ry,0.04675708943502983,0.03688698326259186,-0.00987010617243797,0.25851577846798807,0.37054290465686013
252_T1_vs_T2,longitudinal,1,Chest_to_Neck_rz,Chest_to_Neck,rz,0.007512504118328032,0.0012181200465176162,-0.006294384071810415,0.25851577846798807,0.37054290465686013
252_T1_vs_T2,longitudinal,1,Chest_to_RShoulder_rx,Chest_to_RShoulder,rx,0.06095080208819282,0.05745136959294725,-0.0034994324952455705,0.25851577846798807,0.37054290465686013
252_T1_vs_T2,longitudinal,1,Chest_to_RShoulder_ry,Chest_to_RShoulder,ry,0.035516881418179116,0.03015411515022262,-0.005362766267956495,0.25851577846798807,0.37054290465686013
252_T1_vs_T2,longitudinal,1,Chest_to_RShoulder_rz,Chest_to_RShoulder,rz,0.07721000048860378,0.0902085055196802,0.012998505031076413,0.25851577846798807,0.37054290465686013
252_T1_vs_T2,longitudinal,1,LFArm_to_LHand_rx,LFArm_to_LHand,rx,0.0076235612835254115,0.01049464074352859,0.002871079460003179,0.25851577846798807,0.37054290465686013
252_T1_vs_T2,longitudinal,1,LFArm_to_LHand_ry,LFArm_to_LHand,ry,0.0006755655823494309,0.009873210213566129,0.009197644631216698,0.25851577846798807,0.37054290465686013
252_T1_vs_T2,longitudinal,1,LFArm_to_LHand_rz,LFArm_to_LHand,rz,0.0008752303785121706,0.002392211824103311,0.0015169814455911405,0.25851577846798807,0.37054290465686013
252_T1_vs_T2,longitudinal,1,LShin_to_LFoot_rx,LShin_to_LFoot,rx,0.004758725699614953,0.007900559718267053,0.0031418340186521003,0.25851577846798807,0.37054290465686013
252_T1_vs_T2,longitudinal,1,LShin_to_LFoot_ry,LShin_to_LFoot,ry,0.03315061192629708,0.03335687427193154,0.00020626234563446422,0.25851577846798807,0.37054290465686013
252_T1_vs_T2,longitudinal,1,LShin_to_LFoot_rz,LShin_to_LFoot,rz,0.014875146082500273,0.015798148347388036,0.0009230022648877637,0.25851577846798807,0.37054290465686013
252_T1_vs_T2,longitudinal,1,LShoulder_to_LUArm_rx,LShoulder_to_LUArm,rx,0.33149465918380516,0.2333490936282395,-0.09814556555556567,0.25851577846798807,0.37054290465686013
252_T1_vs_T2,longitudinal,1,LShoulder_to_LUArm_ry,LShoulder_to_LUArm,ry,0.27412696000486386,0.1526451743810457,-0.12148178562381817,0.25851577846798807,0.37054290465686013
252_T1_vs_T2,longitudinal,1,LShoulder_to_LUArm_rz,LShoulder_to_LUArm,rz,0.2920921904681298,0.11834498062783917,-0.17374720984029063,0.25851577846798807,0.37054290465686013
252_T1_vs_T2,longitudinal,1,LThigh_to_LShin_rx,LThigh_to_LShin,rx,0.0358675280679888,0.024370554854573557,-0.011496973213415241,0.25851577846798807,0.37054290465686013
252_T1_vs_T2,longitudinal,1,LThigh_to_LShin_ry,LThigh_to_LShin,ry,5.1627506203675925e-09,7.754146541163452e-09,2.5913959207958594e-09,0.25851577846798807,0.37054290465686013
252_T1_vs_T2,longitudinal,1,LThigh_to_LShin_rz,LThigh_to_LShin,rz,3.7181218612136667e-09,2.405379943955125e-09,-1.3127419172585415e-09,0.25851577846798807,0.37054290465686013
252_T1_vs_T2,longitudinal,1,LUArm_to_LFArm_rx,LUArm_to_LFArm,rx,0.0774046328987476,0.08613597678875953,0.008731343890011928,0.25851577846798807,0.37054290465686013
252_T1_vs_T2,longitudinal,1,LUArm_to_LFArm_ry,LUArm_to_LFArm,ry,0.4572626846760623,0.6660793077870675,0.20881662311100518,0.25851577846798807,0.37054290465686013
252_T1_vs_T2,longitudinal,1,LUArm_to_LFArm_rz,LUArm_to_LFArm,rz,0.06082791353859457,0.06966893326626969,0.00884101972767512,0.25851577846798807,0.37054290465686013
252_T1_vs_T2,longitudinal,1,Neck_to_Head_rx,Neck_to_Head,rx,0.00558507699861091,0.0007397843707308646,-0.004845292627880045,0.25851577846798807,0.37054290465686013
252_T1_vs_T2,longitudinal,1,Neck_to_Head_ry,Neck_to_Head,ry,0.04740021834228978,0.03645946033441571,-0.010940758007874071,0.25851577846798807,0.37054290465686013
252_T1_vs_T2,longitudinal,1,Neck_to_Head_rz,Neck_to_Head,rz,0.0014938761360813804,0.005813629860542918,0.004319753724461538,0.25851577846798807,0.37054290465686013
252_T1_vs_T2,longitudinal,1,RFArm_to_RHand_rx,RFArm_to_RHand,rx,0.007943512325643212,0.0026791580470085273,-0.0052643542786346845,0.25851577846798807,0.37054290465686013
252_T1_vs_T2,longitudinal,1,RFArm_to_RHand_ry,RFArm_to_RHand,ry,0.0011305388357463848,0.03362755524928872,0.032497016413542336,0.25851577846798807,0.37054290465686013
252_T1_vs_T2,longitudinal,1,RFArm_to_RHand_rz,RFArm_to_RHand,rz,0.10531219944762195,0.0612683176232758,-0.04404388182434615,0.25851577846798807,0.37054290465686013
252_T1_vs_T2,longitudinal,1,RShin_to_RFoot_rx,RShin_to_RFoot,rx,0.010600201316731537,0.01229023996380647,0.0016900386470749332,0.25851577846798807,0.37054290465686013
252_T1_vs_T2,longitudinal,1,RShin_to_RFoot_ry,RShin_to_RFoot,ry,0.02910008308280045,0.032045920533862925,0.0029458374510624753,0.25851577846798807,0.37054290465686013
252_T1_vs_T2,longitudinal,1,RShin_to_RFoot_rz,RShin_to_RFoot,rz,0.002876429739395586,0.00045271828094198567,-0.0024237114584536004,0.25851577846798807,0.37054290465686013
252_T1_vs_T2,longitudinal,1,RShoulder_to_RUArm_rx,RShoulder_to_RUArm,rx,0.5502965907893725,0.32656671274791377,-0.22372987804145877,0.25851577846798807,0.37054290465686013
252_T1_vs_T2,longitudinal,1,RShoulder_to_RUArm_ry,RShoulder_to_RUArm,ry,0.10432733829653745,0.17120222758880113,0.06687488929226368,0.25851577846798807,0.37054290465686013
252_T1_vs_T2,longitudinal,1,RShoulder_to_RUArm_rz,RShoulder_to_RUArm,rz,0.3107658203110148,0.24526943794517436,-0.06549638236584043,0.25851577846798807,0.37054290465686013
252_T1_vs_T2,longitudinal,1,RThigh_to_RShin_rx,RThigh_to_RShin,rx,0.02905516739192586,0.01679453515291764,-0.01226063223900822,0.25851577846798807,0.37054290465686013
252_T1_vs_T2,longitudinal,1,RThigh_to_RShin_ry,RThigh_to_RShin,ry,3.84793439722703e-09,7.601256797146932e-09,3.753322399919902e-09,0.25851577846798807,0.37054290465686013
252_T1_vs_T2,longitudinal,1,RThigh_to_RShin_rz,RThigh_to_RShin,rz,4.0218716953526433e-10,8.505455857714637e-09,8.103268688179372e-09,0.25851577846798807,0.37054290465686013
252_T1_vs_T2,longitudinal,1,RUArm_to_RFArm_rx,RUArm_to_RFArm,rx,0.09625479659740677,0.008724626054221307,-0.08753017054318546,0.25851577846798807,0.37054290465686013
252_T1_vs_T2,longitudinal,1,RUArm_to_RFArm_ry,RUArm_to_RFArm,ry,0.15801178333488897,0.43385940060469014,0.27584761726980117,0.25851577846798807,0.37054290465686013
252_T1_vs_T2,longitudinal,1,RUArm_to_RFArm_rz,RUArm_to_RFArm,rz,0.06842617611585736,0.14993486168424575,0.08150868556838839,0.25851577846798807,0.37054290465686013
252_T1_vs_T2,longitudinal,2,252_to_LThigh_rx,252_to_LThigh,rx,0.0671438635899375,0.022846013564325342,-0.04429785002561216,0.1958217305197832,0.2390049355992014
252_T1_vs_T2,longitudinal,2,252_to_LThigh_ry,252_to_LThigh,ry,0.0010372001359682964,0.024059631659236847,0.02302243152326855,0.1958217305197832,0.2390049355992014
252_T1_vs_T2,longitudinal,2,252_to_LThigh_rz,252_to_LThigh,rz,0.015649416010682985,0.00857697036059033,-0.007072445650092655,0.1958217305197832,0.2390049355992014
252_T1_vs_T2,longitudinal,2,252_to_RThigh_rx,252_to_RThigh,rx,0.039147565118410575,0.010294827187133376,-0.028852737931277198,0.1958217305197832,0.2390049355992014
252_T1_vs_T2,longitudinal,2,252_to_RThigh_ry,252_to_RThigh,ry,0.011501273201018142,0.027033530787301658,0.015532257586283515,0.1958217305197832,0.2390049355992014
252_T1_vs_T2,longitudinal,2,252_to_RThigh_rz,252_to_RThigh,rz,0.009606792372090138,0.006523793454023712,-0.003082998918066426,0.1958217305197832,0.2390049355992014
252_T1_vs_T2,longitudinal,2,Chest_to_LShoulder_rx,Chest_to_LShoulder,rx,0.017502194806888135,0.01267003999737767,-0.004832154809510466,0.1958217305197832,0.2390049355992014
252_T1_vs_T2,longitudinal,2,Chest_to_LShoulder_ry,Chest_to_LShoulder,ry,0.023074761235002246,0.00893208463488753,-0.014142676600114716,0.1958217305197832,0.2390049355992014
252_T1_vs_T2,longitudinal,2,Chest_to_LShoulder_rz,Chest_to_LShoulder,rz,0.01953401397736302,0.007206474112624488,-0.012327539864738533,0.1958217305197832,0.2390049355992014
252_T1_vs_T2,longitudinal,2,Chest_to_Neck_rx,Chest_to_Neck,rx,0.0015905866384586828,0.004235497638836955,0.0026449110003782723,0.1958217305197832,0.2390049355992014
252_T1_vs_T2,longitudinal,2,Chest_to_Neck_ry,Chest_to_Neck,ry,0.020199141137201542,0.01641094011098046,-0.0037882010262210823,0.1958217305197832,0.2390049355992014
252_T1_vs_T2,longitudinal,2,Chest_to_Neck_rz,Chest_to_Neck,rz,0.018958638513794472,0.009542193050682794,-0.009416445463111678,0.1958217305197832,0.2390049355992014
252_T1_vs_T2,longitudinal,2,Chest_to_RShoulder_rx,Chest_to_RShoulder,rx,0.01991840203078384,0.04548547679088134,0.025567074760097504,0.1958217305197832,0.2390049355992014
252_T1_vs_T2,longitudinal,2,Chest_to_RShoulder_ry,Chest_to_RShoulder,ry,0.0151395567447953,0.014166048102377217,-0.0009735086424180837,0.1958217305197832,0.2390049355992014
252_T1_vs_T2,longitudinal,2,Chest_to_RShoulder_rz,Chest_to_RShoulder,rz,0.08054857561253218,0.05171022316189723,-0.028838352450634944,0.1958217305197832,0.2390049355992014
252_T1_vs_T2,longitudinal,2,LFArm_to_LHand_rx,LFArm_to_LHand,rx,0.006942580035343076,0.001947813017834745,-0.0049947670175083305,0.1958217305197832,0.2390049355992014
252_T1_vs_T2,longitudinal,2,LFArm_to_LHand_ry,LFArm_to_LHand,ry,0.031710835919543955,0.03067330204952796,-0.0010375338700159935,0.1958217305197832,0.2390049355992014
252_T1_vs_T2,longitudinal,2,LFArm_to_LHand_rz,LFArm_to_LHand,rz,0.04501205674133339,0.06150493189022482,0.01649287514889143,0.1958217305197832,0.2390049355992014
252_T1_vs_T2,longitudinal,2,LShin_to_LFoot_rx,LShin_to_LFoot,rx,0.014572149699428109,0.009338337706295382,-0.005233811993132727,0.1958217305197832,0.2390049355992014
252_T1_vs_T2,longitudinal,2,LShin_to_LFoot_ry,LShin_to_LFoot,ry,0.0024540859375513854,0.015908513624598667,0.013454427687047282,0.1958217305197832,0.2390049355992014
252_T1_vs_T2,longitudinal,2,LShin_to_LFoot_rz,LShin_to_LFoot,rz,0.011768075791601232,0.010687546611838279,-0.001080529179762953,0.1958217305197832,0.2390049355992014
252_T1_vs_T2,longitudinal,2,LShoulder_to_LUArm_rx,LShoulder_to_LUArm,rx,0.05090237916134206,0.14034455086808326,0.0894421717067412,0.1958217305197832,0.2390049355992014
252_T1_vs_T2,longitudinal,2,LShoulder_to_LUArm_ry,LShoulder_to_LUArm,ry,0.2226107176913059,0.0046139015172096875,-0.2179968161740962,0.1958217305197832,0.2390049355992014
252_T1_vs_T2,longitudinal,2,LShoulder_to_LUArm_rz,LShoulder_to_LUArm,rz,0.06502679506717839,0.011604271706388588,-0.0534225233607898,0.1958217305197832,0.2390049355992014
252_T1_vs_T2,longitudinal,2,LThigh_to_LShin_rx,LThigh_to_LShin,rx,0.04487075941160778,0.01993998560010092,-0.024930773811506858,0.1958217305197832,0.2390049355992014
252_T1_vs_T2,longitudinal,2,LThigh_to_LShin_ry,LThigh_to_LShin,ry,5.129204021910603e-09,6.5851341559783185e-09,1.4559301340677156e-09,0.1958217305197832,0.2390049355992014
252_T1_vs_T2,longitudinal,2,LThigh_to_LShin_rz,LThigh_to_LShin,rz,5.176295987630632e-09,3.4160825260001553e-09,-1.7602134616304766e-09,0.1958217305197832,0.2390049355992014
252_T1_vs_T2,longitudinal,2,LUArm_to_LFArm_rx,LUArm_to_LFArm,rx,0.06190869923520927,0.17670237574376274,0.11479367650855346,0.1958217305197832,0.2390049355992014
252_T1_vs_T2,longitudinal,2,LUArm_to_LFArm_ry,LUArm_to_LFArm,ry,0.3364192937986195,0.01823995075637332,-0.3181793430422462,0.1958217305197832,0.2390049355992014
252_T1_vs_T2,longitudinal,2,LUArm_to_LFArm_rz,LUArm_to_LFArm,rz,0.09845635039267182,0.04267405073334667,-0.05578229965932515,0.1958217305197832,0.2390049355992014
252_T1_vs_T2,longitudinal,2,Neck_to_Head_rx,Neck_to_Head,rx,0.0014994286511198843,0.004610841522783333,0.003111412871663449,0.1958217305197832,0.2390049355992014
252_T1_vs_T2,longitudinal,2,Neck_to_Head_ry,Neck_to_Head,ry,0.023374751104041677,0.014118029586635859,-0.009256721517405819,0.1958217305197832,0.2390049355992014
252_T1_vs_T2,longitudinal,2,Neck_to_Head_rz,Neck_to_Head,rz,0.014791082795994993,0.012360354251613961,-0.0024307285443810316,0.1958217305197832,0.2390049355992014
252_T1_vs_T2,longitudinal,2,RFArm_to_RHand_rx,RFArm_to_RHand,rx,0.011172113919315278,0.011724986627111137,0.0005528727077958595,0.1958217305197832,0.2390049355992014
252_T1_vs_T2,longitudinal,2,RFArm_to_RHand_ry,RFArm_to_RHand,ry,0.07948549599929451,0.07868963407482665,-0.0007958619244678583,0.1958217305197832,0.2390049355992014
252_T1_vs_T2,longitudinal,2,RFArm_to_RHand_rz,RFArm_to_RHand,rz,0.09471890019251866,0.13430299531541182,0.039584095122893154,0.1958217305197832,0.2390049355992014
252_T1_vs_T2,longitudinal,2,RShin_to_RFoot_rx,RShin_to_RFoot,rx,0.008857369757856367,0.009004034305345103,0.0001466645474887361,0.1958217305197832,0.2390049355992014
252_T1_vs_T2,longitudinal,2,RShin_to_RFoot_ry,RShin_to_RFoot,ry,0.02630978556679621,0.0004153118659733817,-0.025894473700822828,0.1958217305197832,0.2390049355992014
252_T1_vs_T2,longitudinal,2,RShin_to_RFoot_rz,RShin_to_RFoot,rz,0.010489191144536258,0.0019713426500512455,-0.008517848494485013,0.1958217305197832,0.2390049355992014
252_T1_vs_T2,longitudinal,2,RShoulder_to_RUArm_rx,RShoulder_to_RUArm,rx,0.5125487404219374,0.6432101562530979,0.13066141583116042,0.1958217305197832,0.2390049355992014
252_T1_vs_T2,longitudinal,2,RShoulder_to_RUArm_ry,RShoulder_to_RUArm,ry,0.1829262850035516,0.1765822900091325,-0.006343994994419094,0.1958217305197832,0.2390049355992014
252_T1_vs_T2,longitudinal,2,RShoulder_to_RUArm_rz,RShoulder_to_RUArm,rz,0.1371332293426647,0.16290350468498152,0.025770275342316823,0.1958217305197832,0.2390049355992014
252_T1_vs_T2,longitudinal,2,RThigh_to_RShin_rx,RThigh_to_RShin,rx,0.019502984644592256,0.0233750619509151,0.0038720773063228436,0.1958217305197832,0.2390049355992014
252_T1_vs_T2,longitudinal,2,RThigh_to_RShin_ry,RThigh_to_RShin,ry,1.3577858788534612e-08,1.921762176097863e-08,5.639762972444018e-09,0.1958217305197832,0.2390049355992014
252_T1_vs_T2,longitudinal,2,RThigh_to_RShin_rz,RThigh_to_RShin,rz,2.7062798185148207e-09,1.7112601599707063e-08,1.4406321781192242e-08,0.1958217305197832,0.2390049355992014
252_T1_vs_T2,longitudinal,2,RUArm_to_RFArm_rx,RUArm_to_RFArm,rx,0.4726245666183972,0.5954306128636612,0.12280604624526398,0.1958217305197832,0.2390049355992014
252_T1_vs_T2,longitudinal,2,RUArm_to_RFArm_ry,RUArm_to_RFArm,ry,0.40706639180242227,0.14357183829564923,-0.26349455350677303,0.1958217305197832,0.2390049355992014
252_T1_vs_T2,longitudinal,2,RUArm_to_RFArm_rz,RUArm_to_RFArm,rz,0.2726924293597095,0.2481172108698839,-0.024575218489825607,0.1958217305197832,0.2390049355992014
252_T1_vs_T2,longitudinal,3,252_to_LThigh_rx,252_to_LThigh,rx,0.07742498594303344,0.06574752165595563,-0.011677464287077818,0.11743095023090076,0.16258994155376072
252_T1_vs_T2,longitudinal,3,252_to_LThigh_ry,252_to_LThigh,ry,0.02686093410036986,0.06156473287143093,0.03470379877106107,0.11743095023090076,0.16258994155376072
252_T1_vs_T2,longitudinal,3,252_to_LThigh_rz,252_to_LThigh,rz,0.011571789505198283,0.027670937572926022,0.01609914806772774,0.11743095023090076,0.16258994155376072
252_T1_vs_T2,longitudinal,3,252_to_RThigh_rx,252_to_RThigh,rx,0.03762147064111025,0.016688033523542433,-0.02093343711756782,0.11743095023090076,0.16258994155376072
252_T1_vs_T2,longitudinal,3,252_to_RThigh_ry,252_to_RThigh,ry,0.0583673658978653,0.07739853686897581,0.01903117097111051,0.11743095023090076,0.16258994155376072
252_T1_vs_T2,longitudinal,3,252_to_RThigh_rz,252_to_RThigh,rz,0.00335599362510231,0.023605588119607734,0.020249594494505425,0.11743095023090076,0.16258994155376072
252_T1_vs_T2,longitudinal,3,Chest_to_LShoulder_rx,Chest_to_LShoulder,rx,0.04560807959414941,0.04511953739194375,-0.0004885422022056635,0.11743095023090076,0.16258994155376072
252_T1_vs_T2,longitudinal,3,Chest_to_LShoulder_ry,Chest_to_LShoulder,ry,0.011003372998780363,0.0022711368639129897,-0.008732236134867373,0.11743095023090076,0.16258994155376072
252_T1_vs_T2,longitudinal,3,Chest_to_LShoulder_rz,Chest_to_LShoulder,rz,0.025223813378908458,0.04082255129434099,0.01559873791543253,0.11743095023090076,0.16258994155376072
252_T1_vs_T2,longitudinal,3,Chest_to_Neck_rx,Chest_to_Neck,rx,0.024189480810319266,0.005461258218684874,-0.01872822259163439,0.11743095023090076,0.16258994155376072
252_T1_vs_T2,longitudinal,3,Chest_to_Neck_ry,Chest_to_Neck,ry,0.05360862181051832,0.07048527304706227,0.01687665123654395,0.11743095023090076,0.16258994155376072
252_T1_vs_T2,longitudinal,3,Chest_to_Neck_rz,Chest_to_Neck,rz,0.006016612478963125,0.02086895204836203,0.014852339569398904,0.11743095023090076,0.16258994155376072
252_T1_vs_T2,longitudinal,3,Chest_to_RShoulder_rx,Chest_to_RShoulder,rx,0.03674990814638937,0.0018561201186080053,-0.03489378802778136,0.11743095023090076,0.16258994155376072
252_T1_vs_T2,longitudinal,3,Chest_to_RShoulder_ry,Chest_to_RShoulder,ry,0.013553407001510977,0.008532789166301997,-0.00502061783520898,0.11743095023090076,0.16258994155376072
252_T1_vs_T2,longitudinal,3,Chest_to_RShoulder_rz,Chest_to_RShoulder,rz,0.048505938065133085,0.045549471050532475,-0.0029564670146006097,0.11743095023090076,0.16258994155376072
252_T1_vs_T2,longitudinal,3,LFArm_to_LHand_rx,LFArm_to_LHand,rx,0.013231855715984885,0.012015684292563866,-0.001216171423421019,0.11743095023090076,0.16258994155376072
252_T1_vs_T2,longitudinal,3,LFArm_to_LHand_ry,LFArm_to_LHand,ry,0.049346522067414175,0.06370222362404977,0.014355701556635597,0.11743095023090076,0.16258994155376072
252_T1_vs_T2,longitudinal,3,LFArm_to_LHand_rz,LFArm_to_LHand,rz,0.08046483753130111,0.0886639180026567,0.008199080471355591,0.11743095023090076,0.16258994155376072
252_T1_vs_T2,longitudinal,3,LShin_to_LFoot_rx,LShin_to_LFoot,rx,0.003833285925267826,0.016175396611298087,0.01234211068603026,0.11743095023090076,0.16258994155376072
252_T1_vs_T2,longitudinal,3,LShin_to_LFoot_ry,LShin_to_LFoot,ry,0.03946352697092099,0.04414014657235297,0.0046766196014319805,0.11743095023090076,0.16258994155376072
252_T1_vs_T2,longitudinal,3,LShin_to_LFoot_rz,LShin_to_LFoot,rz,0.006671094347126743,0.007736922174274823,0.0010658278271480802,0.11743095023090076,0.16258994155376072
252_T1_vs_T2,longitudinal,3,LShoulder_to_LUArm_rx,LShoulder_to_LUArm,rx,0.3609451532238196,0.44286733692666735,0.08192218370284776,0.11743095023090076,0.16258994155376072
252_T1_vs_T2,longitudinal,3,LShoulder_to_LUArm_ry,LShoulder_to_LUArm,ry,0.2512440473433122,0.2635350952438092,0.01229104790049701,0.11743095023090076,0.16258994155376072
252_T1_vs_T2,longitudinal,3,LShoulder_to_LUArm_rz,LShoulder_to_LUArm,rz,0.0854702449899697,0.08820679831454535,0.002736553324575647,0.11743095023090076,0.16258994155376072
252_T1_vs_T2,longitudinal,3,LThigh_to_LShin_rx,LThigh_to_LShin,rx,0.04405243200304293,0.028283620225860735,-0.015768811777182194,0.11743095023090076,0.16258994155376072
252_T1_vs_T2,longitudinal,3,LThigh_to_LShin_ry,LThigh_to_LShin,ry,5.7481248711788e-10,4.586928062305023e-09,4.012115575187143e-09,0.11743095023090076,0.16258994155376072
252_T1_vs_T2,longitudinal,3,LThigh_to_LShin_rz,LThigh_to_LShin,rz,1.0000800151074275e-09,8.003965529180949e-09,7.003885514073521e-09,0.11743095023090076,0.16258994155376072
252_T1_vs_T2,longitudinal,3,LUArm_to_LFArm_rx,LUArm_to_LFArm,rx,0.5264848552109838,0.5593422495338666,0.032857394322882816,0.11743095023090076,0.16258994155376072
252_T1_vs_T2,longitudinal,3,LUArm_to_LFArm_ry,LUArm_to_LFArm,ry,0.259181330714758,0.020172589098025776,-0.23900874161673225,0.11743095023090076,0.16258994155376072
252_T1_vs_T2,longitudinal,3,LUArm_to_LFArm_rz,LUArm_to_LFArm,rz,0.22621939859195186,0.2681025909125759,0.04188319232062401,0.11743095023090076,0.16258994155376072
252_T1_vs_T2,longitudinal,3,Neck_to_Head_rx,Neck_to_Head,rx,0.023705416305557586,0.005070320519214878,-0.018635095786342707,0.11743095023090076,0.16258994155376072
252_T1_vs_T2,longitudinal,3,Neck_to_Head_ry,Neck_to_Head,ry,0.05376437114027997,0.07322041784042947,0.0194560467001495,0.11743095023090076,0.16258994155376072
252_T1_vs_T2,longitudinal,3,Neck_to_Head_rz,Neck_to_Head,rz,0.004261437249698469,0.007100107028254587,0.0028386697785561174,0.11743095023090076,0.16258994155376072
252_T1_vs_T2,longitudinal,3,RFArm_to_RHand_rx,RFArm_to_RHand,rx,0.007705070092419432,0.011995467115206104,0.004290397022786672,0.11743095023090076,0.16258994155376072
252_T1_vs_T2,longitudinal,3,RFArm_to_RHand_ry,RFArm_to_RHand,ry,0.030897878162045183,0.05088312930788034,0.019985251145835155,0.11743095023090076,0.16258994155376072
252_T1_vs_T2,longitudinal,3,RFArm_to_RHand_rz,RFArm_to_RHand,rz,7.874264444837249e-05,0.055673165682050774,0.055594423037602404,0.11743095023090076,0.16258994155376072
252_T1_vs_T2,longitudinal,3,RShin_to_RFoot_rx,RShin_to_RFoot,rx,0.023254048341314143,0.015279609098966376,-0.007974439242347767,0.11743095023090076,0.16258994155376072
252_T1_vs_T2,longitudinal,3,RShin_to_RFoot_ry,RShin_to_RFoot,ry,0.030661332479619347,0.0023563030283413272,-0.02830502945127802,0.11743095023090076,0.16258994155376072
252_T1_vs_T2,longitudinal,3,RShin_to_RFoot_rz,RShin_to_RFoot,rz,0.0036619048862945934,0.00977416788021931,0.006112262993924715,0.11743095023090076,0.16258994155376072
252_T1_vs_T2,longitudinal,3,RShoulder_to_RUArm_rx,RShoulder_to_RUArm,rx,0.26424209689429207,0.14123221186154658,-0.12300988503274549,0.11743095023090076,0.16258994155376072
252_T1_vs_T2,longitudinal,3,RShoulder_to_RUArm_ry,RShoulder_to_RUArm,ry,0.11732776180854229,0.11052320971669168,-0.006804552091850616,0.11743095023090076,0.16258994155376072
252_T1_vs_T2,longitudinal,3,RShoulder_to_RUArm_rz,RShoulder_to_RUArm,rz,0.17428963869014147,0.22603163954971356,0.05174200085957209,0.11743095023090076,0.16258994155376072
252_T1_vs_T2,longitudinal,3,RThigh_to_RShin_rx,RThigh_to_RShin,rx,0.005037401287869332,0.007784888192569777,0.002747486904700445,0.11743095023090076,0.16258994155376072
252_T1_vs_T2,longitudinal,3,RThigh_to_RShin_ry,RThigh_to_RShin,ry,2.3563416347175843e-08,1.5229033607338132e-08,-8.334382739837711e-09,0.11743095023090076,0.16258994155376072
252_T1_vs_T2,longitudinal,3,RThigh_to_RShin_rz,RThigh_to_RShin,rz,1.6141549391691833e-08,1.4915769489332375e-08,-1.225779902359458e-09,0.11743095023090076,0.16258994155376072
252_T1_vs_T2,longitudinal,3,RUArm_to_RFArm_rx,RUArm_to_RFArm,rx,0.18269917467456515,0.03667720204893856,-0.14602197262562658,0.11743095023090076,0.16258994155376072
252_T1_vs_T2,longitudinal,3,RUArm_to_RFArm_ry,RUArm_to_RFArm,ry,0.464289782282423,0.443444093771595,-0.02084568851082802,0.11743095023090076,0.16258994155376072
252_T1_vs_T2,longitudinal,3,RUArm_to_RFArm_rz,RUArm_to_RFArm,rz,0.017126932547177474,0.08032612066157711,0.06319918811439965,0.11743095023090076,0.16258994155376072
252_T1_vs_T2,longitudinal,4,252_to_LThigh_rx,252_to_LThigh,rx,0.029309386030934387,0.011308164241762628,-0.01800122178917176,0.08941954278128882,0.08132206168683476
252_T1_vs_T2,longitudinal,4,252_to_LThigh_ry,252_to_LThigh,ry,0.07105138435564724,0.07274978086834212,0.0016983965126948775,0.08941954278128882,0.08132206168683476
252_T1_vs_T2,longitudinal,4,252_to_LThigh_rz,252_to_LThigh,rz,0.04097361399469143,0.039468708252247714,-0.0015049057424437184,0.08941954278128882,0.08132206168683476
252_T1_vs_T2,longitudinal,4,252_to_RThigh_rx,252_to_RThigh,rx,0.0021144190884273407,0.03508056521962185,0.03296614613119451,0.08941954278128882,0.08132206168683476
252_T1_vs_T2,longitudinal,4,252_to_RThigh_ry,252_to_RThigh,ry,0.04388975394612837,0.032541415706322845,-0.011348338239805522,0.08941954278128882,0.08132206168683476
252_T1_vs_T2,longitudinal,4,252_to_RThigh_rz,252_to_RThigh,rz,0.039237556845058356,0.04572843000417384,0.006490873159115486,0.08941954278128882,0.08132206168683476
252_T1_vs_T2,longitudinal,4,Chest_to_LShoulder_rx,Chest_to_LShoulder,rx,0.01943546731720477,0.006175598203401051,-0.01325986911380372,0.08941954278128882,0.08132206168683476
252_T1_vs_T2,longitudinal,4,Chest_to_LShoulder_ry,Chest_to_LShoulder,ry,0.005877031848005332,0.010620841961700727,0.0047438101136953945,0.08941954278128882,0.08132206168683476
252_T1_vs_T2,longitudinal,4,Chest_to_LShoulder_rz,Chest_to_LShoulder,rz,0.003799649622314707,0.01011329929623505,0.0063136496739203424,0.08941954278128882,0.08132206168683476
252_T1_vs_T2,longitudinal,4,Chest_to_Neck_rx,Chest_to_Neck,rx,0.043589933067591104,0.05192892011942895,0.008338987051837846,0.08941954278128882,0.08132206168683476
252_T1_vs_T2,longitudinal,4,Chest_to_Neck_ry,Chest_to_Neck,ry,0.025660165986570563,0.004706444490316848,-0.020953721496253717,0.08941954278128882,0.08132206168683476
252_T1_vs_T2,longitudinal,4,Chest_to_Neck_rz,Chest_to_Neck,rz,0.03165205429895543,0.03053445886344733,-0.0011175954355080973,0.08941954278128882,0.08132206168683476
252_T1_vs_T2,longitudinal,4,Chest_to_RShoulder_rx,Chest_to_RShoulder,rx,0.030582722723859975,0.04761871253305271,0.01703598980919273,0.08941954278128882,0.08132206168683476
252_T1_vs_T2,longitudinal,4,Chest_to_RShoulder_ry,Chest_to_RShoulder,ry,0.004573720144268728,0.0029027260665263044,-0.0016709940777424235,0.08941954278128882,0.08132206168683476
252_T1_vs_T2,longitudinal,4,Chest_to_RShoulder_rz,Chest_to_RShoulder,rz,0.05823271352057288,0.03323121443842113,-0.025001499082151754,0.08941954278128882,0.08132206168683476
252_T1_vs_T2,longitudinal,4,LFArm_to_LHand_rx,LFArm_to_LHand,rx,0.000356089167427296,0.00769822445665083,0.007342135289223534,0.08941954278128882,0.08132206168683476
252_T1_vs_T2,longitudinal,4,LFArm_to_LHand_ry,LFArm_to_LHand,ry,0.05340773689300103,0.030923411161113086,-0.022484325731887946,0.08941954278128882,0.08132206168683476
252_T1_vs_T2,longitudinal,4,LFArm_to_LHand_rz,LFArm_to_LHand,rz,0.07008309454041771,0.0256622829261937,-0.04442081161422401,0.08941954278128882,0.08132206168683476
252_T1_vs_T2,longitudinal,4,LShin_to_LFoot_rx,LShin_to_LFoot,rx,0.0380387895708741,0.024550439301259136,-0.013488350269614965,0.08941954278128882,0.08132206168683476
252_T1_vs_T2,longitudinal,4,LShin_to_LFoot_ry,LShin_to_LFoot,ry,0.017162389856172352,0.004328511660923866,-0.012833878195248486,0.08941954278128882,0.08132206168683476
252_T1_vs_T2,longitudinal,4,LShin_to_LFoot_rz,LShin_to_LFoot,rz,0.029093717113506404,0.02648672128410459,-0.0026069958294018154,0.08941954278128882,0.08132206168683476
252_T1_vs_T2,longitudinal,4,LShoulder_to_LUArm_rx,LShoulder_to_LUArm,rx,0.2174617887558696,0.09130990420559754,-0.12615188455027207,0.08941954278128882,0.08132206168683476
252_T1_vs_T2,longitudinal,4,LShoulder_to_LUArm_ry,LShoulder_to_LUArm,ry,0.2716131348690244,0.05219045940356829,-0.2194226754654561,0.08941954278128882,0.08132206168683476
252_T1_vs_T2,longitudinal,4,LShoulder_to_LUArm_rz,LShoulder_to_LUArm,rz,0.18156601359167,0.2917659461052997,0.11019993251362972,0.08941954278128882,0.08132206168683476
252_T1_vs_T2,longitudinal,4,LThigh_to_LShin_rx,LThigh_to_LShin,rx,0.03679348773566666,0.03636853335657062,-0.0004249543790960375,0.08941954278128882,0.08132206168683476
252_T1_vs_T2,longitudinal,4,LThigh_to_LShin_ry,LThigh_to_LShin,ry,8.053502632540932e-09,1.1157490841383531e-08,3.1039882088425992e-09,0.08941954278128882,0.08132206168683476
252_T1_vs_T2,longitudinal,4,LThigh_to_LShin_rz,LThigh_to_LShin,rz,2.3608899913660295e-08,1.7673730939341446e-08,-5.9351689743188486e-09,0.08941954278128882,0.08132206168683476
252_T1_vs_T2,longitudinal,4,LUArm_to_LFArm_rx,LUArm_to_LFArm,rx,0.3669640143364435,0.0841459481181546,-0.28281806621828887,0.08941954278128882,0.08132206168683476
252_T1_vs_T2,longitudinal,4,LUArm_to_LFArm_ry,LUArm_to_LFArm,ry,0.5332921984902325,0.6804938666770919,0.14720166818685942,0.08941954278128882,0.08132206168683476
252_T1_vs_T2,longitudinal,4,LUArm_to_LFArm_rz,LUArm_to_LFArm,rz,0.20277828477955478,0.08245044517542426,-0.12032783960413053,0.08941954278128882,0.08132206168683476
252_T1_vs_T2,longitudinal,4,Neck_to_Head_rx,Neck_to_Head,rx,0.04348464345136094,0.051744007235921874,0.008259363784560936,0.08941954278128882,0.08132206168683476
252_T1_vs_T2,longitudinal,4,Neck_to_Head_ry,Neck_to_Head,ry,0.031441313370415044,0.010674051283710432,-0.02076726208670461,0.08941954278128882,0.08132206168683476
252_T1_vs_T2,longitudinal,4,Neck_to_Head_rz,Neck_to_Head,rz,0.02605945971254686,0.02895945272312724,0.0028999930105803803,0.08941954278128882,0.08132206168683476
252_T1_vs_T2,longitudinal,4,RFArm_to_RHand_rx,RFArm_to_RHand,rx,0.005875079765923928,0.005420685256006318,-0.00045439450991760933,0.08941954278128882,0.08132206168683476
252_T1_vs_T2,longitudinal,4,RFArm_to_RHand_ry,RFArm_to_RHand,ry,0.053022621805926824,0.044071704246880984,-0.00895091755904584,0.08941954278128882,0.08132206168683476
252_T1_vs_T2,longitudinal,4,RFArm_to_RHand_rz,RFArm_to_RHand,rz,0.05015049684689539,0.015365702772502281,-0.03478479407439311,0.08941954278128882,0.08132206168683476
252_T1_vs_T2,longitudinal,4,RShin_to_RFoot_rx,RShin_to_RFoot,rx,0.023892243428232606,0.0242243403571942,0.00033209692896159215,0.08941954278128882,0.08132206168683476
252_T1_vs_T2,longitudinal,4,RShin_to_RFoot_ry,RShin_to_RFoot,ry,0.05644529072947686,0.07191364244671708,0.015468351717240217,0.08941954278128882,0.08132206168683476
252_T1_vs_T2,longitudinal,4,RShin_to_RFoot_rz,RShin_to_RFoot,rz,0.023423294648141073,0.02785327028077354,0.0044299756326324664,0.08941954278128882,0.08132206168683476
252_T1_vs_T2,longitudinal,4,RShoulder_to_RUArm_rx,RShoulder_to_RUArm,rx,0.022434250721054292,0.2901145380950037,0.2676802873739494,0.08941954278128882,0.08132206168683476
252_T1_vs_T2,longitudinal,4,RShoulder_to_RUArm_ry,RShoulder_to_RUArm,ry,0.1366697735770646,0.19438955543472447,0.05771978185765986,0.08941954278128882,0.08132206168683476
252_T1_vs_T2,longitudinal,4,RShoulder_to_RUArm_rz,RShoulder_to_RUArm,rz,0.1212997754236826,0.12971122359255052,0.008411448168867922,0.08941954278128882,0.08132206168683476
252_T1_vs_T2,longitudinal,4,RThigh_to_RShin_rx,RThigh_to_RShin,rx,0.0438361135520061,0.04409328721365756,0.0002571736616514622,0.08941954278128882,0.08132206168683476
252_T1_vs_T2,longitudinal,4,RThigh_to_RShin_ry,RThigh_to_RShin,ry,2.5155282164332524e-09,8.779233554394354e-09,6.263705337961101e-09,0.08941954278128882,0.08132206168683476
252_T1_vs_T2,longitudinal,4,RThigh_to_RShin_rz,RThigh_to_RShin,rz,1.7774846466366441e-09,4.4696781171360997e-10,-1.330516834923034e-09,0.08941954278128882,0.08132206168683476
252_T1_vs_T2,longitudinal,4,RUArm_to_RFArm_rx,RUArm_to_RFArm,rx,0.0300672701762302,0.03818253845824013,0.008115268282009928,0.08941954278128882,0.08132206168683476
252_T1_vs_T2,longitudinal,4,RUArm_to_RFArm_ry,RUArm_to_RFArm,ry,0.5354467342608363,0.48897963266919886,-0.04646710159163747,0.08941954278128882,0.08132206168683476
252_T1_vs_T2,longitudinal,4,RUArm_to_RFArm_rz,RUArm_to_RFArm,rz,0.13432044731501316,0.10121049030642935,-0.03310995700858381,0.08941954278128882,0.08132206168683476
252_T1_vs_T2,longitudinal,5,252_to_LThigh_rx,252_to_LThigh,rx,0.03661714555081169,0.12680664484238913,0.09018949929157744,0.05735893158634689,0.07259914850098223
252_T1_vs_T2,longitudinal,5,252_to_LThigh_ry,252_to_LThigh,ry,0.09545213489372967,0.048963562034813994,-0.046488572858915674,0.05735893158634689,0.07259914850098223
252_T1_vs_T2,longitudinal,5,252_to_LThigh_rz,252_to_LThigh,rz,0.010621247592474396,0.024593810727902378,0.013972563135427982,0.05735893158634689,0.07259914850098223
252_T1_vs_T2,longitudinal,5,252_to_RThigh_rx,252_to_RThigh,rx,0.07182245820444481,0.1543301640385894,0.08250770583414459,0.05735893158634689,0.07259914850098223
252_T1_vs_T2,longitudinal,5,252_to_RThigh_ry,252_to_RThigh,ry,0.06360243675131537,0.028855328088191898,-0.03474710866312347,0.05735893158634689,0.07259914850098223
252_T1_vs_T2,longitudinal,5,252_to_RThigh_rz,252_to_RThigh,rz,0.03930948433229269,0.0013028257985536833,-0.03800665853373901,0.05735893158634689,0.07259914850098223
252_T1_vs_T2,longitudinal,5,Chest_to_LShoulder_rx,Chest_to_LShoulder,rx,0.04669976356109529,0.026833762024334195,-0.01986600153676109,0.05735893158634689,0.07259914850098223
252_T1_vs_T2,longitudinal,5,Chest_to_LShoulder_ry,Chest_to_LShoulder,ry,0.04443304536287333,0.035402278279585975,-0.009030767083287358,0.05735893158634689,0.07259914850098223
252_T1_vs_T2,longitudinal,5,Chest_to_LShoulder_rz,Chest_to_LShoulder,rz,0.047628360901227504,0.034993971211220186,-0.012634389690007318,0.05735893158634689,0.07259914850098223
252_T1_vs_T2,longitudinal,5,Chest_to_Neck_rx,Chest_to_Neck,rx,0.008260145637110083,0.0008809734406307142,-0.007379172196479369,0.05735893158634689,0.07259914850098223
252_T1_vs_T2,longitudinal,5,Chest_to_Neck_ry,Chest_to_Neck,ry,0.007122909236806679,0.039636684368547906,0.032513775131741224,0.05735893158634689,0.07259914850098223
252_T1_vs_T2,longitudinal,5,Chest_to_Neck_rz,Chest_to_Neck,rz,0.005873754129683423,0.026422890348321185,0.020549136218637763,0.05735893158634689,0.07259914850098223
252_T1_vs_T2,longitudinal,5,Chest_to_RShoulder_rx,Chest_to_RShoulder,rx,0.029447043973047496,0.006068238368320087,-0.02337880560472741,0.05735893158634689,0.07259914850098223
252_T1_vs_T2,longitudinal,5,Chest_to_RShoulder_ry,Chest_to_RShoulder,ry,0.028198035998789596,0.015855675581188996,-0.0123423604176006,0.05735893158634689,0.07259914850098223
252_T1_vs_T2,longitudinal,5,Chest_to_RShoulder_rz,Chest_to_RShoulder,rz,0.0620701836291652,0.04815585792559803,-0.013914325703567168,0.05735893158634689,0.07259914850098223
252_T1_vs_T2,longitudinal,5,LFArm_to_LHand_rx,LFArm_to_LHand,rx,0.01059113046930329,0.005825736980758197,-0.004765393488545093,0.05735893158634689,0.07259914850098223
252_T1_vs_T2,longitudinal,5,LFArm_to_LHand_ry,LFArm_to_LHand,ry,0.01775985819511038,0.020926374812476115,0.003166516617365736,0.05735893158634689,0.07259914850098223
252_T1_vs_T2,longitudinal,5,LFArm_to_LHand_rz,LFArm_to_LHand,rz,0.0561123743764485,0.05302442862546515,-0.0030879457509833466,0.05735893158634689,0.07259914850098223
252_T1_vs_T2,longitudinal,5,LShin_to_LFoot_rx,LShin_to_LFoot,rx,0.04150920802555566,0.04643493347438069,0.0049257254488250315,0.05735893158634689,0.07259914850098223
252_T1_vs_T2,longitudinal,5,LShin_to_LFoot_ry,LShin_to_LFoot,ry,0.036015849664258116,0.02147688143115747,-0.014538968233100646,0.05735893158634689,0.07259914850098223
252_T1_vs_T2,longitudinal,5,LShin_to_LFoot_rz,LShin_to_LFoot,rz,0.0103834267814546,0.017992505269862624,0.007609078488408024,0.05735893158634689,0.07259914850098223
252_T1_vs_T2,longitudinal,5,LShoulder_to_LUArm_rx,LShoulder_to_LUArm,rx,0.27065033266596944,0.083370497351086,-0.18727983531488346,0.05735893158634689,0.07259914850098223
252_T1_vs_T2,longitudinal,5,LShoulder_to_LUArm_ry,LShoulder_to_LUArm,ry,0.15025974629554364,0.3647362991111422,0.21447655281559855,0.05735893158634689,0.07259914850098223
252_T1_vs_T2,longitudinal,5,LShoulder_to_LUArm_rz,LShoulder_to_LUArm,rz,0.23531255297439035,0.2887452109528588,0.05343265797846847,0.05735893158634689,0.07259914850098223
252_T1_vs_T2,longitudinal,5,LThigh_to_LShin_rx,LThigh_to_LShin,rx,0.05792380641635844,0.013872084119792743,-0.0440517222965657,0.05735893158634689,0.07259914850098223
252_T1_vs_T2,longitudinal,5,LThigh_to_LShin_ry,LThigh_to_LShin,ry,2.7421891716530962e-08,1.896499962699112e-08,-8.456892089539842e-09,0.05735893158634689,0.07259914850098223
252_T1_vs_T2,longitudinal,5,LThigh_to_LShin_rz,LThigh_to_LShin,rz,5.617542550004344e-09,2.8461338283230613e-08,2.284379573322627e-08,0.05735893158634689,0.07259914850098223
252_T1_vs_T2,longitudinal,5,LUArm_to_LFArm_rx,LUArm_to_LFArm,rx,0.09716179124363812,0.3303459299529758,0.23318413870933768,0.05735893158634689,0.07259914850098223
252_T1_vs_T2,longitudinal,5,LUArm_to_LFArm_ry,LUArm_to_LFArm,ry,0.17334459185725765,0.08710559884267542,-0.08623899301458222,0.05735893158634689,0.07259914850098223
252_T1_vs_T2,longitudinal,5,LUArm_to_LFArm_rz,LUArm_to_LFArm,rz,0.05223237769573746,0.18845025258557074,0.13621787488983328,0.05735893158634689,0.07259914850098223
252_T1_vs_T2,longitudinal,5,Neck_to_Head_rx,Neck_to_Head,rx,0.008372524192695501,0.0013873106134393719,-0.00698521357925613,0.05735893158634689,0.07259914850098223
252_T1_vs_T2,longitudinal,5,Neck_to_Head_ry,Neck_to_Head,ry,0.005908580091784722,0.033734348624686744,0.027825768532902022,0.05735893158634689,0.07259914850098223
252_T1_vs_T2,longitudinal,5,Neck_to_Head_rz,Neck_to_Head,rz,0.007177118462968765,0.03336962084060397,0.026192502377635207,0.05735893158634689,0.07259914850098223
252_T1_vs_T2,longitudinal,5,RFArm_to_RHand_rx,RFArm_to_RHand,rx,0.0027474437286299056,3.370763468296188e-05,-0.0027137360939469436,0.05735893158634689,0.07259914850098223
252_T1_vs_T2,longitudinal,5,RFArm_to_RHand_ry,RFArm_to_RHand,ry,0.0015112143315838382,0.0059207930409766445,0.004409578709392807,0.05735893158634689,0.07259914850098223
252_T1_vs_T2,longitudinal,5,RFArm_to_RHand_rz,RFArm_to_RHand,rz,0.05085461357409761,0.021870868782852687,-0.028983744791244923,0.05735893158634689,0.07259914850098223
252_T1_vs_T2,longitudinal,5,RShin_to_RFoot_rx,RShin_to_RFoot,rx,0.05004946835313373,0.04162539795402511,-0.00842407039910862,0.05735893158634689,0.07259914850098223
252_T1_vs_T2,longitudinal,5,RShin_to_RFoot_ry,RShin_to_RFoot,ry,0.09064106586260799,0.06216284811102304,-0.028478217751584954,0.05735893158634689,0.07259914850098223
252_T1_vs_T2,longitudinal,5,RShin_to_RFoot_rz,RShin_to_RFoot,rz,0.04381276392489421,0.00851263826115011,-0.035300125663744096,0.05735893158634689,0.07259914850098223
252_T1_vs_T2,longitudinal,5,RShoulder_to_RUArm_rx,RShoulder_to_RUArm,rx,0.34242266958051,0.2644572444845213,-0.0779654250959887,0.05735893158634689,0.07259914850098223
252_T1_vs_T2,longitudinal,5,RShoulder_to_RUArm_ry,RShoulder_to_RUArm,ry,0.46621896434669124,0.2476576548455796,-0.21856130950111163,0.05735893158634689,0.07259914850098223
252_T1_vs_T2,longitudinal,5,RShoulder_to_RUArm_rz,RShoulder_to_RUArm,rz,0.3734905584214416,0.23111431792664278,-0.1423762404947988,0.05735893158634689,0.07259914850098223
252_T1_vs_T2,longitudinal,5,RThigh_to_RShin_rx,RThigh_to_RShin,rx,0.05908378158086555,0.004594219357269552,-0.054489562223596,0.05735893158634689,0.07259914850098223
252_T1_vs_T2,longitudinal,5,RThigh_to_RShin_ry,RThigh_to_RShin,ry,8.679159828413826e-10,2.5050161913858703e-09,1.6371002085444876e-09,0.05735893158634689,0.07259914850098223
252_T1_vs_T2,longitudinal,5,RThigh_to_RShin_rz,RThigh_to_RShin,rz,2.2353323583460996e-08,2.9519137043332335e-08,7.165813459871339e-09,0.05735893158634689,0.07259914850098223
252_T1_vs_T2,longitudinal,5,RUArm_to_RFArm_rx,RUArm_to_RFArm,rx,0.43180212790974126,0.3417804868474776,-0.09002164106226368,0.05735893158634689,0.07259914850098223
252_T1_vs_T2,longitudinal,5,RUArm_to_RFArm_ry,RUArm_to_RFArm,ry,0.2822327579557246,0.5055136486353824,0.22328089067965778,0.05735893158634689,0.07259914850098223
252_T1_vs_T2,longitudinal,5,RUArm_to_RFArm_rz,RUArm_to_RFArm,rz,0.06336860005345073,0.02619262339731055,-0.037175976656140176,0.05735893158634689,0.07259914850098223
252_T1_vs_T2,longitudinal,6,252_to_LThigh_rx,252_to_LThigh,rx,0.14782435120735438,0.28804158662469487,0.1402172354173405,0.04437782075893422,0.04591668303156719
252_T1_vs_T2,longitudinal,6,252_to_LThigh_ry,252_to_LThigh,ry,0.0028020576903915414,0.032217785765022634,0.02941572807463109,0.04437782075893422,0.04591668303156719
252_T1_vs_T2,longitudinal,6,252_to_LThigh_rz,252_to_LThigh,rz,0.07859364006428696,0.11158297568615132,0.03298933562186436,0.04437782075893422,0.04591668303156719
252_T1_vs_T2,longitudinal,6,252_to_RThigh_rx,252_to_RThigh,rx,0.07757257289838945,0.21515526759754078,0.13758269469915133,0.04437782075893422,0.04591668303156719
252_T1_vs_T2,longitudinal,6,252_to_RThigh_ry,252_to_RThigh,ry,0.0270101872887507,0.020129462382909732,-0.006880724905840966,0.04437782075893422,0.04591668303156719
252_T1_vs_T2,longitudinal,6,252_to_RThigh_rz,252_to_RThigh,rz,0.0670510474877188,0.08049380339109148,0.013442755903372683,0.04437782075893422,0.04591668303156719
252_T1_vs_T2,longitudinal,6,Chest_to_LShoulder_rx,Chest_to_LShoulder,rx,0.010457305212616383,0.022822121881853258,0.012364816669236875,0.04437782075893422,0.04591668303156719
252_T1_vs_T2,longitudinal,6,Chest_to_LShoulder_ry,Chest_to_LShoulder,ry,0.08891845730923156,0.1335698292660818,0.04465137195685023,0.04437782075893422,0.04591668303156719
252_T1_vs_T2,longitudinal,6,Chest_to_LShoulder_rz,Chest_to_LShoulder,rz,0.08653698541252061,0.10744958450635063,0.020912599093830017,0.04437782075893422,0.04591668303156719
252_T1_vs_T2,longitudinal,6,Chest_to_Neck_rx,Chest_to_Neck,rx,0.014535235235989175,0.005955872154736888,-0.008579363081252286,0.04437782075893422,0.04591668303156719
252_T1_vs_T2,longitudinal,6,Chest_to_Neck_ry,Chest_to_Neck,ry,0.011605722079592115,0.0487951235881734,0.037189401508581285,0.04437782075893422,0.04591668303156719
252_T1_vs_T2,longitudinal,6,Chest_to_Neck_rz,Chest_to_Neck,rz,0.02540305850752962,0.06205090888530852,0.0366478503777789,0.04437782075893422,0.04591668303156719
252_T1_vs_T2,longitudinal,6,Chest_to_RShoulder_rx,Chest_to_RShoulder,rx,0.0307185978473891,0.014449719579439019,-0.01626887826795008,0.04437782075893422,0.04591668303156719
252_T1_vs_T2,longitudinal,6,Chest_to_RShoulder_ry,Chest_to_RShoulder,ry,0.04306043672171255,0.0813681467929215,0.03830771007120894,0.04437782075893422,0.04591668303156719
252_T1_vs_T2,longitudinal,6,Chest_to_RShoulder_rz,Chest_to_RShoulder,rz,0.0692559170310855,0.13475936622123877,0.06550344919015327,0.04437782075893422,0.04591668303156719
252_T1_vs_T2,longitudinal,6,LFArm_to_LHand_rx,LFArm_to_LHand,rx,0.032228593382083066,0.042048673605397276,0.00982008022331421,0.04437782075893422,0.04591668303156719
252_T1_vs_T2,longitudinal,6,LFArm_to_LHand_ry,LFArm_to_LHand,ry,0.03478013802177348,0.08579090820506538,0.0510107701832919,0.04437782075893422,0.04591668303156719
252_T1_vs_T2,longitudinal,6,LFArm_to_LHand_rz,LFArm_to_LHand,rz,0.1319937265515937,0.2382076064862248,0.1062138799346311,0.04437782075893422,0.04591668303156719
252_T1_vs_T2,longitudinal,6,LShin_to_LFoot_rx,LShin_to_LFoot,rx,0.015810534101475267,0.005632161409735037,-0.010178372691740229,0.04437782075893422,0.04591668303156719
252_T1_vs_T2,longitudinal,6,LShin_to_LFoot_ry,LShin_to_LFoot,ry,0.03271037475277302,0.05264438885181413,0.019934014099041115,0.04437782075893422,0.04591668303156719
252_T1_vs_T2,longitudinal,6,LShin_to_LFoot_rz,LShin_to_LFoot,rz,0.019171679117228373,0.012522437204774133,-0.006649241912454241,0.04437782075893422,0.04591668303156719
252_T1_vs_T2,longitudinal,6,LShoulder_to_LUArm_rx,LShoulder_to_LUArm,rx,0.08584666833912503,0.03537062344459332,-0.05047604489453172,0.04437782075893422,0.04591668303156719
252_T1_vs_T2,longitudinal,6,LShoulder_to_LUArm_ry,LShoulder_to_LUArm,ry,0.5677694466790996,0.609088483815404,0.04131903713630447,0.04437782075893422,0.04591668303156719
252_T1_vs_T2,longitudinal,6,LShoulder_to_LUArm_rz,LShoulder_to_LUArm,rz,0.3206917728815157,0.18631150155378146,-0.13438027132773422,0.04437782075893422,0.04591668303156719
252_T1_vs_T2,longitudinal,6,LThigh_to_LShin_rx,LThigh_to_LShin,rx,0.10268453468827883,0.1374456899881962,0.03476115529991737,0.04437782075893422,0.04591668303156719
252_T1_vs_T2,longitudinal,6,LThigh_to_LShin_ry,LThigh_to_LShin,ry,5.341068002141122e-09,2.6523794159008867e-08,2.1182726156867746e-08,0.04437782075893422,0.04591668303156719
252_T1_vs_T2,longitudinal,6,LThigh_to_LShin_rz,LThigh_to_LShin,rz,3.4035215272196365e-09,1.7266792014470342e-08,1.3863270487250705e-08,0.04437782075893422,0.04591668303156719
252_T1_vs_T2,longitudinal,6,LUArm_to_LFArm_rx,LUArm_to_LFArm,rx,0.04110046644981239,0.06419708195416429,0.0230966155043519,0.04437782075893422,0.04591668303156719
252_T1_vs_T2,longitudinal,6,LUArm_to_LFArm_ry,LUArm_to_LFArm,ry,0.48172274016893496,0.13600416159413212,-0.3457185785748028,0.04437782075893422,0.04591668303156719
252_T1_vs_T2,longitudinal,6,LUArm_to_LFArm_rz,LUArm_to_LFArm,rz,0.005075445098437333,0.02592368875832939,0.020848243659892057,0.04437782075893422,0.04591668303156719
252_T1_vs_T2,longitudinal,6,Neck_to_Head_rx,Neck_to_Head,rx,0.014798554315855025,0.00588350232394932,-0.008915051991905704,0.04437782075893422,0.04591668303156719
252_T1_vs_T2,longitudinal,6,Neck_to_Head_ry,Neck_to_Head,ry,0.006741805236591284,0.036137215196644555,0.02939540996005327,0.04437782075893422,0.04591668303156719
252_T1_vs_T2,longitudinal,6,Neck_to_Head_rz,Neck_to_Head,rz,0.027024213280792,0.06990851710479545,0.042884303824003454,0.04437782075893422,0.04591668303156719
252_T1_vs_T2,longitudinal,6,RFArm_to_RHand_rx,RFArm_to_RHand,rx,0.002424092765282065,0.006511598039851546,0.004087505274569482,0.04437782075893422,0.04591668303156719
252_T1_vs_T2,longitudinal,6,RFArm_to_RHand_ry,RFArm_to_RHand,ry,0.03149338731104564,0.05226229197418064,0.020768904663135003,0.04437782075893422,0.04591668303156719
252_T1_vs_T2,longitudinal,6,RFArm_to_RHand_rz,RFArm_to_RHand,rz,0.0009521488539776568,0.034824629094132996,0.03387248024015534,0.04437782075893422,0.04591668303156719
252_T1_vs_T2,longitudinal,6,RShin_to_RFoot_rx,RShin_to_RFoot,rx,0.024868508560317405,0.06128858235471242,0.03642007379439502,0.04437782075893422,0.04591668303156719
252_T1_vs_T2,longitudinal,6,RShin_to_RFoot_ry,RShin_to_RFoot,ry,0.09831237320579247,0.1719796152806275,0.07366724207483502,0.04437782075893422,0.04591668303156719
252_T1_vs_T2,longitudinal,6,RShin_to_RFoot_rz,RShin_to_RFoot,rz,0.005971863652460433,0.02019231069352804,0.014220447041067605,0.04437782075893422,0.04591668303156719
252_T1_vs_T2,longitudinal,6,RShoulder_to_RUArm_rx,RShoulder_to_RUArm,rx,0.15142596032499392,0.18716325603773604,0.03573729571274212,0.04437782075893422,0.04591668303156719
252_T1_vs_T2,longitudinal,6,RShoulder_to_RUArm_ry,RShoulder_to_RUArm,ry,0.15736402399366348,0.3578679892132444,0.20050396521958094,0.04437782075893422,0.04591668303156719
252_T1_vs_T2,longitudinal,6,RShoulder_to_RUArm_rz,RShoulder_to_RUArm,rz,0.24223953231858944,0.17771804441402983,-0.06452148790455961,0.04437782075893422,0.04591668303156719
252_T1_vs_T2,longitudinal,6,RThigh_to_RShin_rx,RThigh_to_RShin,rx,0.06629583232788537,0.07817487710341492,0.011879044775529549,0.04437782075893422,0.04591668303156719
252_T1_vs_T2,longitudinal,6,RThigh_to_RShin_ry,RThigh_to_RShin,ry,2.8152754041683976e-09,4.5633878932614886e-09,1.748112489093091e-09,0.04437782075893422,0.04591668303156719
252_T1_vs_T2,longitudinal,6,RThigh_to_RShin_rz,RThigh_to_RShin,rz,2.0972958334427145e-08,1.3285222470387924e-10,-2.0840106109723266e-08,0.04437782075893422,0.04591668303156719
252_T1_vs_T2,longitudinal,6,RUArm_to_RFArm_rx,RUArm_to_RFArm,rx,0.12043197014407506,0.16188204790407096,0.0414500777599959,0.04437782075893422,0.04591668303156719
252_T1_vs_T2,longitudinal,6,RUArm_to_RFArm_ry,RUArm_to_RFArm,ry,0.31628908948168166,0.00903087182396295,-0.3072582176577187,0.04437782075893422,0.04591668303156719
252_T1_vs_T2,longitudinal,6,RUArm_to_RFArm_rz,RUArm_to_RFArm,rz,0.027519356071913664,0.014203016536614634,-0.01331633953529903,0.04437782075893422,0.04591668303156719
252_T1_vs_T2,longitudinal,7,252_to_LThigh_rx,252_to_LThigh,rx,0.3227446833649085,0.18588818461070575,-0.13685649875420278,0.03831900686891391,0.028024324970793674
252_T1_vs_T2,longitudinal,7,252_to_LThigh_ry,252_to_LThigh,ry,0.006789955681619007,0.06130282690255699,0.05451287122093799,0.03831900686891391,0.028024324970793674
252_T1_vs_T2,longitudinal,7,252_to_LThigh_rz,252_to_LThigh,rz,0.1136585854833492,0.08022127655942245,-0.03343730892392675,0.03831900686891391,0.028024324970793674
252_T1_vs_T2,longitudinal,7,252_to_RThigh_rx,252_to_RThigh,rx,0.27268195422626684,0.12858649322185334,-0.1440954610044135,0.03831900686891391,0.028024324970793674
252_T1_vs_T2,longitudinal,7,252_to_RThigh_ry,252_to_RThigh,ry,0.03320435362413484,0.06558521713059758,0.032380863506462736,0.03831900686891391,0.028024324970793674
252_T1_vs_T2,longitudinal,7,252_to_RThigh_rz,252_to_RThigh,rz,0.0903637489269799,0.08587345579350224,-0.004490293133477666,0.03831900686891391,0.028024324970793674
252_T1_vs_T2,longitudinal,7,Chest_to_LShoulder_rx,Chest_to_LShoulder,rx,0.007390128357261562,0.03144017436529711,0.02405004600803555,0.03831900686891391,0.028024324970793674
252_T1_vs_T2,longitudinal,7,Chest_to_LShoulder_ry,Chest_to_LShoulder,ry,0.10004777691367751,0.03390412838865169,-0.06614364852502583,0.03831900686891391,0.028024324970793674
252_T1_vs_T2,longitudinal,7,Chest_to_LShoulder_rz,Chest_to_LShoulder,rz,0.01173879994565898,0.03236059512133226,0.020621795175673283,0.03831900686891391,0.028024324970793674
252_T1_vs_T2,longitudinal,7,Chest_to_Neck_rx,Chest_to_Neck,rx,0.00027195950642080097,0.004016800170457522,0.003744840664036721,0.03831900686891391,0.028024324970793674
252_T1_vs_T2,longitudinal,7,Chest_to_Neck_ry,Chest_to_Neck,ry,0.07745973478878859,0.04170940710456357,-0.03575032768422502,0.03831900686891391,0.028024324970793674
252_T1_vs_T2,longitudinal,7,Chest_to_Neck_rz,Chest_to_Neck,rz,0.08030410064994445,0.0507306295999088,-0.029573471050035646,0.03831900686891391,0.028024324970793674
252_T1_vs_T2,longitudinal,7,Chest_to_RShoulder_rx,Chest_to_RShoulder,rx,0.0331094001372195,0.037661669871563705,0.004552269734344208,0.03831900686891391,0.028024324970793674
252_T1_vs_T2,longitudinal,7,Chest_to_RShoulder_ry,Chest_to_RShoulder,ry,0.06405046189312556,0.019588294091855335,-0.04446216780127023,0.03831900686891391,0.028024324970793674
252_T1_vs_T2,longitudinal,7,Chest_to_RShoulder_rz,Chest_to_RShoulder,rz,0.19688668839824597,0.1764571533197939,-0.020429535078452077,0.03831900686891391,0.028024324970793674
252_T1_vs_T2,longitudinal,7,LFArm_to_LHand_rx,LFArm_to_LHand,rx,0.04705912233028234,0.03908121323401591,-0.00797790909626643,0.03831900686891391,0.028024324970793674
252_T1_vs_T2,longitudinal,7,LFArm_to_LHand_ry,LFArm_to_LHand,ry,0.12491564709649149,0.0978362564325754,-0.027079390663916084,0.03831900686891391,0.028024324970793674
252_T1_vs_T2,longitudinal,7,LFArm_to_LHand_rz,LFArm_to_LHand,rz,0.32053305909321567,0.25468134916919877,-0.0658517099240169,0.03831900686891391,0.028024324970793674
252_T1_vs_T2,longitudinal,7,LShin_to_LFoot_rx,LShin_to_LFoot,rx,0.01244898878138313,0.024953678326026293,0.012504689544643163,0.03831900686891391,0.028024324970793674
252_T1_vs_T2,longitudinal,7,LShin_to_LFoot_ry,LShin_to_LFoot,ry,0.035320966831576844,0.0024587402679596623,-0.03286222656361718,0.03831900686891391,0.028024324970793674
252_T1_vs_T2,longitudinal,7,LShin_to_LFoot_rz,LShin_to_LFoot,rz,0.001346330349799406,0.011051411631991697,0.009705081282192291,0.03831900686891391,0.028024324970793674
252_T1_vs_T2,longitudinal,7,LShoulder_to_LUArm_rx,LShoulder_to_LUArm,rx,0.34662568596606075,0.45166616397007897,0.10504047800401822,0.03831900686891391,0.028024324970793674
252_T1_vs_T2,longitudinal,7,LShoulder_to_LUArm_ry,LShoulder_to_LUArm,ry,0.03615619141901703,0.09125797212082569,0.05510178070180866,0.03831900686891391,0.028024324970793674
252_T1_vs_T2,longitudinal,7,LShoulder_to_LUArm_rz,LShoulder_to_LUArm,rz,0.3938941058145025,0.4669600803701727,0.07306597455567021,0.03831900686891391,0.028024324970793674
252_T1_vs_T2,longitudinal,7,LThigh_to_LShin_rx,LThigh_to_LShin,rx,0.14939755228803353,0.1435800786780148,-0.00581747361001872,0.03831900686891391,0.028024324970793674
252_T1_vs_T2,longitudinal,7,LThigh_to_LShin_ry,LThigh_to_LShin,ry,2.1265653223615247e-08,6.218041722138038e-09,-1.504761150147721e-08,0.03831900686891391,0.028024324970793674
252_T1_vs_T2,longitudinal,7,LThigh_to_LShin_rz,LThigh_to_LShin,rz,3.405652075590822e-08,1.731809889190975e-08,-1.673842186399847e-08,0.03831900686891391,0.028024324970793674
252_T1_vs_T2,longitudinal,7,LUArm_to_LFArm_rx,LUArm_to_LFArm,rx,0.20497980477362007,0.0546105268940999,-0.15036927787952017,0.03831900686891391,0.028024324970793674
252_T1_vs_T2,longitudinal,7,LUArm_to_LFArm_ry,LUArm_to_LFArm,ry,0.04843161132285477,0.06881648620555919,0.02038487488270442,0.03831900686891391,0.028024324970793674
252_T1_vs_T2,longitudinal,7,LUArm_to_LFArm_rz,LUArm_to_LFArm,rz,0.20205103051390325,0.16652054545747758,-0.03553048505642567,0.03831900686891391,0.028024324970793674
252_T1_vs_T2,longitudinal,7,Neck_to_Head_rx,Neck_to_Head,rx,0.0002929897278982729,0.0037398874385530106,0.0034468977106547377,0.03831900686891391,0.028024324970793674
252_T1_vs_T2,longitudinal,7,Neck_to_Head_ry,Neck_to_Head,ry,0.06051503081066986,0.031097831485229474,-0.029417199325440388,0.03831900686891391,0.028024324970793674
252_T1_vs_T2,longitudinal,7,Neck_to_Head_rz,Neck_to_Head,rz,0.09311726854344739,0.057398061708972214,-0.03571920683447517,0.03831900686891391,0.028024324970793674
252_T1_vs_T2,longitudinal,7,RFArm_to_RHand_rx,RFArm_to_RHand,rx,0.012030331203104675,0.00892319573198127,-0.0031071354711234046,0.03831900686891391,0.028024324970793674
252_T1_vs_T2,longitudinal,7,RFArm_to_RHand_ry,RFArm_to_RHand,ry,0.07504173881616433,0.04571648902909318,-0.02932524978707115,0.03831900686891391,0.028024324970793674
252_T1_vs_T2,longitudinal,7,RFArm_to_RHand_rz,RFArm_to_RHand,rz,0.100987649470166,0.0924403289078842,-0.008547320562281802,0.03831900686891391,0.028024324970793674
252_T1_vs_T2,longitudinal,7,RShin_to_RFoot_rx,RShin_to_RFoot,rx,0.046687022715444185,0.008006596266550432,-0.03868042644889375,0.03831900686891391,0.028024324970793674
252_T1_vs_T2,longitudinal,7,RShin_to_RFoot_ry,RShin_to_RFoot,ry,0.12868639881936916,0.021472708167554366,-0.1072136906518148,0.03831900686891391,0.028024324970793674
252_T1_vs_T2,longitudinal,7,RShin_to_RFoot_rz,RShin_to_RFoot,rz,0.008774890614558658,0.03683684041719991,0.02806194980264125,0.03831900686891391,0.028024324970793674
252_T1_vs_T2,longitudinal,7,RShoulder_to_RUArm_rx,RShoulder_to_RUArm,rx,0.07082332554794046,0.2271848490309153,0.15636152348297483,0.03831900686891391,0.028024324970793674
252_T1_vs_T2,longitudinal,7,RShoulder_to_RUArm_ry,RShoulder_to_RUArm,ry,0.18532170088980804,0.23099857751715824,0.045676876627350205,0.03831900686891391,0.028024324970793674
252_T1_vs_T2,longitudinal,7,RShoulder_to_RUArm_rz,RShoulder_to_RUArm,rz,0.18601532200164175,0.39197045259856195,0.2059551305969202,0.03831900686891391,0.028024324970793674
252_T1_vs_T2,longitudinal,7,RThigh_to_RShin_rx,RThigh_to_RShin,rx,0.0009177500598310479,0.04574638417502441,0.04482863411519337,0.03831900686891391,0.028024324970793674
252_T1_vs_T2,longitudinal,7,RThigh_to_RShin_ry,RThigh_to_RShin,ry,2.77067572654334e-09,3.726782212217198e-09,9.56106485673858e-10,0.03831900686891391,0.028024324970793674
252_T1_vs_T2,longitudinal,7,RThigh_to_RShin_rz,RThigh_to_RShin,rz,1.684468140241816e-08,5.934066686878346e-09,-1.0910614715539814e-08,0.03831900686891391,0.028024324970793674
252_T1_vs_T2,longitudinal,7,RUArm_to_RFArm_rx,RUArm_to_RFArm,rx,0.2641042023072065,0.19285592271640034,-0.07124827959080615,0.03831900686891391,0.028024324970793674
252_T1_vs_T2,longitudinal,7,RUArm_to_RFArm_ry,RUArm_to_RFArm,ry,0.18619705962863023,0.08417979365344772,-0.10201726597518251,0.03831900686891391,0.028024324970793674
252_T1_vs_T2,longitudinal,7,RUArm_to_RFArm_rz,RUArm_to_RFArm,rz,0.03235166596851834,0.03964719951903,0.007295533550511664,0.03831900686891391,0.028024324970793674
252_T1_vs_T3,longitudinal,1,252_to_LThigh_rx,252_to_LThigh,rx,0.05713964158189858,0.009282965459860265,-0.04785667612203832,0.25851577846798807,0.41533779949849414
252_T1_vs_T3,longitudinal,1,252_to_LThigh_ry,252_to_LThigh,ry,0.07563548065332,0.07734299458321703,0.0017075139298970282,0.25851577846798807,0.41533779949849414
252_T1_vs_T3,longitudinal,1,252_to_LThigh_rz,252_to_LThigh,rz,0.03140138185856859,0.01921234056942545,-0.012189041289143141,0.25851577846798807,0.41533779949849414
252_T1_vs_T3,longitudinal,1,252_to_RThigh_rx,252_to_RThigh,rx,0.0020739384507111503,0.05447851132470729,0.052404572873996136,0.25851577846798807,0.41533779949849414
252_T1_vs_T3,longitudinal,1,252_to_RThigh_ry,252_to_RThigh,ry,0.07829789374496607,0.06767468914383912,-0.010623204601126951,0.25851577846798807,0.41533779949849414
252_T1_vs_T3,longitudinal,1,252_to_RThigh_rz,252_to_RThigh,rz,0.03129233380306778,0.025907109001795145,-0.0053852248012726325,0.25851577846798807,0.41533779949849414
252_T1_vs_T3,longitudinal,1,Chest_to_LShoulder_rx,Chest_to_LShoulder,rx,0.06261747982912788,0.03287185634310901,-0.02974562348601887,0.25851577846798807,0.41533779949849414
252_T1_vs_T3,longitudinal,1,Chest_to_LShoulder_ry,Chest_to_LShoulder,ry,0.0052607170353093004,0.009071423645253008,0.003810706609943707,0.25851577846798807,0.41533779949849414
252_T1_vs_T3,longitudinal,1,Chest_to_LShoulder_rz,Chest_to_LShoulder,rz,0.09739555268920332,0.06766541107796217,-0.029730141611241143,0.25851577846798807,0.41533779949849414
252_T1_vs_T3,longitudinal,1,Chest_to_Neck_rx,Chest_to_Neck,rx,0.005477796105903285,0.013312232719791156,0.007834436613887871,0.25851577846798807,0.41533779949849414
252_T1_vs_T3,longitudinal,1,Chest_to_Neck_ry,Chest_to_Neck,ry,0.04675708943502983,0.007972829105791035,-0.0387842603292388,0.25851577846798807,0.41533779949849414
252_T1_vs_T3,longitudinal,1,Chest_to_Neck_rz,Chest_to_Neck,rz,0.007512504118328032,0.015548276458326463,0.008035772339998432,0.25851577846798807,0.41533779949849414
252_T1_vs_T3,longitudinal,1,Chest_to_RShoulder_rx,Chest_to_RShoulder,rx,0.06095080208819282,0.012109206013339546,-0.04884159607485328,0.25851577846798807,0.41533779949849414
252_T1_vs_T3,longitudinal,1,Chest_to_RShoulder_ry,Chest_to_RShoulder,ry,0.035516881418179116,0.011031499876512965,-0.02448538154166615,0.25851577846798807,0.41533779949849414
252_T1_vs_T3,longitudinal,1,Chest_to_RShoulder_rz,Chest_to_RShoulder,rz,0.07721000048860378,0.07876146585807785,0.0015514653694740643,0.25851577846798807,0.41533779949849414
252_T1_vs_T3,longitudinal,1,LFArm_to_LHand_rx,LFArm_to_LHand,rx,0.0076235612835254115,0.0038386915417603132,-0.0037848697417650983,0.25851577846798807,0.41533779949849414
252_T1_vs_T3,longitudinal,1,LFArm_to_LHand_ry,LFArm_to_LHand,ry,0.0006755655823494309,0.012071840275663022,0.011396274693313592,0.25851577846798807,0.41533779949849414
252_T1_vs_T3,longitudinal,1,LFArm_to_LHand_rz,LFArm_to_LHand,rz,0.0008752303785121706,0.03539642119434792,0.034521190815835746,0.25851577846798807,0.41533779949849414
252_T1_vs_T3,longitudinal,1,LShin_to_LFoot_rx,LShin_to_LFoot,rx,0.004758725699614953,0.01885654501486356,0.014097819315248608,0.25851577846798807,0.41533779949849414
252_T1_vs_T3,longitudinal,1,LShin_to_LFoot_ry,LShin_to_LFoot,ry,0.03315061192629708,0.03119829200727757,-0.0019523199190195073,0.25851577846798807,0.41533779949849414
252_T1_vs_T3,longitudinal,1,LShin_to_LFoot_rz,LShin_to_LFoot,rz,0.014875146082500273,0.0023212357308812354,-0.012553910351619037,0.25851577846798807,0.41533779949849414
252_T1_vs_T3,longitudinal,1,LShoulder_to_LUArm_rx,LShoulder_to_LUArm,rx,0.33149465918380516,0.22950001251285876,-0.1019946466709464,0.25851577846798807,0.41533779949849414
252_T1_vs_T3,longitudinal,1,LShoulder_to_LUArm_ry,LShoulder_to_LUArm,ry,0.27412696000486386,0.3215877173649622,0.04746075736009836,0.25851577846798807,0.41533779949849414
252_T1_vs_T3,longitudinal,1,LShoulder_to_LUArm_rz,LShoulder_to_LUArm,rz,0.2920921904681298,0.2566847039890751,-0.03540748647905467,0.25851577846798807,0.41533779949849414
252_T1_vs_T3,longitudinal,1,LThigh_to_LShin_rx,LThigh_to_LShin,rx,0.0358675280679888,0.036235696120124956,0.00036816805213615855,0.25851577846798807,0.41533779949849414
252_T1_vs_T3,longitudinal,1,LThigh_to_LShin_ry,LThigh_to_LShin,ry,5.1627506203675925e-09,6.897540670820006e-09,1.7347900504524136e-09,0.25851577846798807,0.41533779949849414
252_T1_vs_T3,longitudinal,1,LThigh_to_LShin_rz,LThigh_to_LShin,rz,3.7181218612136667e-09,1.2552005754898759e-08,8.833883893685092e-09,0.25851577846798807,0.41533779949849414
252_T1_vs_T3,longitudinal,1,LUArm_to_LFArm_rx,LUArm_to_LFArm,rx,0.0774046328987476,0.029027471419003227,-0.04837716147974438,0.25851577846798807,0.41533779949849414
252_T1_vs_T3,longitudinal,1,LUArm_to_LFArm_ry,LUArm_to_LFArm,ry,0.4572626846760623,0.23748685909457698,-0.2197758255814853,0.25851577846798807,0.41533779949849414
252_T1_vs_T3,longitudinal,1,LUArm_to_LFArm_rz,LUArm_to_LFArm,rz,0.06082791353859457,0.11347737606656753,0.052649462527972965,0.25851577846798807,0.41533779949849414
252_T1_vs_T3,longitudinal,1,Neck_to_Head_rx,Neck_to_Head,rx,0.00558507699861091,0.013673810911393393,0.008088733912782482,0.25851577846798807,0.41533779949849414
252_T1_vs_T3,longitudinal,1,Neck_to_Head_ry,Neck_to_Head,ry,0.04740021834228978,0.004647928743706037,-0.042752289598583744,0.25851577846798807,0.41533779949849414
252_T1_vs_T3,longitudinal,1,Neck_to_Head_rz,Neck_to_Head,rz,0.0014938761360813804,0.01666058541769439,0.015166709281613011,0.25851577846798807,0.41533779949849414
252_T1_vs_T3,longitudinal,1,RFArm_to_RHand_rx,RFArm_to_RHand,rx,0.007943512325643212,0.007254537913395094,-0.0006889744122481178,0.25851577846798807,0.41533779949849414
252_T1_vs_T3,longitudinal,1,RFArm_to_RHand_ry,RFArm_to_RHand,ry,0.0011305388357463848,0.08046892642872142,0.07933838759297503,0.25851577846798807,0.41533779949849414
252_T1_vs_T3,longitudinal,1,RFArm_to_RHand_rz,RFArm_to_RHand,rz,0.10531219944762195,0.040719549170572994,-0.06459265027704895,0.25851577846798807,0.41533779949849414
252_T1_vs_T3,longitudinal,1,RShin_to_RFoot_rx,RShin_to_RFoot,rx,0.010600201316731537,0.005628982927208373,-0.004971218389523164,0.25851577846798807,0.41533779949849414
252_T1_vs_T3,longitudinal,1,RShin_to_RFoot_ry,RShin_to_RFoot,ry,0.02910008308280045,0.044710967308434574,0.015610884225634124,0.25851577846798807,0.41533779949849414
252_T1_vs_T3,longitudinal,1,RShin_to_RFoot_rz,RShin_to_RFoot,rz,0.002876429739395586,0.004497833287719189,0.001621403548323603,0.25851577846798807,0.41533779949849414
252_T1_vs_T3,longitudinal,1,RShoulder_to_RUArm_rx,RShoulder_to_RUArm,rx,0.5502965907893725,0.05886129474290422,-0.4914352960464683,0.25851577846798807,0.41533779949849414
252_T1_vs_T3,longitudinal,1,RShoulder_to_RUArm_ry,RShoulder_to_RUArm,ry,0.10432733829653745,0.34201758223244805,0.2376902439359106,0.25851577846798807,0.41533779949849414
252_T1_vs_T3,longitudinal,1,RShoulder_to_RUArm_rz,RShoulder_to_RUArm,rz,0.3107658203110148,0.36616206644503924,0.05539624613402444,0.25851577846798807,0.41533779949849414
252_T1_vs_T3,longitudinal,1,RThigh_to_RShin_rx,RThigh_to_RShin,rx,0.02905516739192586,0.03504335122050241,0.005988183828576549,0.25851577846798807,0.41533779949849414
252_T1_vs_T3,longitudinal,1,RThigh_to_RShin_ry,RThigh_to_RShin,ry,3.84793439722703e-09,1.2556334143457187e-08,8.708399746230156e-09,0.25851577846798807,0.41533779949849414
252_T1_vs_T3,longitudinal,1,RThigh_to_RShin_rz,RThigh_to_RShin,rz,4.0218716953526433e-10,1.6518391054638917e-08,1.6116203885103652e-08,0.25851577846798807,0.41533779949849414
252_T1_vs_T3,longitudinal,1,RUArm_to_RFArm_rx,RUArm_to_RFArm,rx,0.09625479659740677,0.5088053767439366,0.4125505801465298,0.25851577846798807,0.41533779949849414
252_T1_vs_T3,longitudinal,1,RUArm_to_RFArm_ry,RUArm_to_RFArm,ry,0.15801178333488897,0.2651255554159716,0.10711377208108264,0.25851577846798807,0.41533779949849414
252_T1_vs_T3,longitudinal,1,RUArm_to_RFArm_rz,RUArm_to_RFArm,rz,0.06842617611585736,0.2843428221445563,0.21591664602869895,0.25851577846798807,0.41533779949849414
252_T1_vs_T3,longitudinal,2,252_to_LThigh_rx,252_to_LThigh,rx,0.0671438635899375,0.022216593362026665,-0.044927270227910834,0.1958217305197832,0.25910811481910795
252_T1_vs_T3,longitudinal,2,252_to_LThigh_ry,252_to_LThigh,ry,0.0010372001359682964,0.02357602147008123,0.022538821334112932,0.1958217305197832,0.25910811481910795
252_T1_vs_T3,longitudinal,2,252_to_LThigh_rz,252_to_LThigh,rz,0.015649416010682985,0.01751947881583298,0.001870062805149994,0.1958217305197832,0.25910811481910795
252_T1_vs_T3,longitudinal,2,252_to_RThigh_rx,252_to_RThigh,rx,0.039147565118410575,0.0033125444258152053,-0.03583502069259537,0.1958217305197832,0.25910811481910795
252_T1_vs_T3,longitudinal,2,252_to_RThigh_ry,252_to_RThigh,ry,0.011501273201018142,0.03024171169765384,0.018740438496635696,0.1958217305197832,0.25910811481910795
252_T1_vs_T3,longitudinal,2,252_to_RThigh_rz,252_to_RThigh,rz,0.009606792372090138,0.01428702746528404,0.004680235093193902,0.1958217305197832,0.25910811481910795
252_T1_vs_T3,longitudinal,2,Chest_to_LShoulder_rx,Chest_to_LShoulder,rx,0.017502194806888135,0.038721323483993715,0.02121912867710558,0.1958217305197832,0.25910811481910795
252_T1_vs_T3,longitudinal,2,Chest_to_LShoulder_ry,Chest_to_LShoulder,ry,0.023074761235002246,0.006314693721908605,-0.01676006751309364,0.1958217305197832,0.25910811481910795
252_T1_vs_T3,longitudinal,2,Chest_to_LShoulder_rz,Chest_to_LShoulder,rz,0.01953401397736302,0.08715072178863068,0.06761670781126766,0.1958217305197832,0.25910811481910795
252_T1_vs_T3,longitudinal,2,Chest_to_Neck_rx,Chest_to_Neck,rx,0.0015905866384586828,0.002398717603318859,0.0008081309648601764,0.1958217305197832,0.25910811481910795
252_T1_vs_T3,longitudinal,2,Chest_to_Neck_ry,Chest_to_Neck,ry,0.020199141137201542,0.0368255198062515,0.016626378669049955,0.1958217305197832,0.25910811481910795
252_T1_vs_T3,longitudinal,2,Chest_to_Neck_rz,Chest_to_Neck,rz,0.018958638513794472,0.005093388402418146,-0.013865250111376327,0.1958217305197832,0.25910811481910795
252_T1_vs_T3,longitudinal,2,Chest_to_RShoulder_rx,Chest_to_RShoulder,rx,0.01991840203078384,0.04691865244706053,0.027000250416276694,0.1958217305197832,0.25910811481910795
252_T1_vs_T3,longitudinal,2,Chest_to_RShoulder_ry,Chest_to_RShoulder,ry,0.0151395567447953,0.03558162589264711,0.020442069147851807,0.1958217305197832,0.25910811481910795
252_T1_vs_T3,longitudinal,2,Chest_to_RShoulder_rz,Chest_to_RShoulder,rz,0.08054857561253218,0.001154672562592014,-0.07939390304994016,0.1958217305197832,0.25910811481910795
252_T1_vs_T3,longitudinal,2,LFArm_to_LHand_rx,LFArm_to_LHand,rx,0.006942580035343076,0.0051680583243126285,-0.0017745217110304475,0.1958217305197832,0.25910811481910795
252_T1_vs_T3,longitudinal,2,LFArm_to_LHand_ry,LFArm_to_LHand,ry,0.031710835919543955,0.0010526659527859506,-0.030658169966758003,0.1958217305197832,0.25910811481910795
252_T1_vs_T3,longitudinal,2,LFArm_to_LHand_rz,LFArm_to_LHand,rz,0.04501205674133339,0.005559306885726408,-0.03945274985560698,0.1958217305197832,0.25910811481910795
252_T1_vs_T3,longitudinal,2,LShin_to_LFoot_rx,LShin_to_LFoot,rx,0.014572149699428109,0.010359361462158845,-0.0042127882372692636,0.1958217305197832,0.25910811481910795
252_T1_vs_T3,longitudinal,2,LShin_to_LFoot_ry,LShin_to_LFoot,ry,0.0024540859375513854,0.005896722657774075,0.0034426367202226894,0.1958217305197832,0.25910811481910795
252_T1_vs_T3,longitudinal,2,LShin_to_LFoot_rz,LShin_to_LFoot,rz,0.011768075791601232,0.013007338076742194,0.0012392622851409626,0.1958217305197832,0.25910811481910795
252_T1_vs_T3,longitudinal,2,LShoulder_to_LUArm_rx,LShoulder_to_LUArm,rx,0.05090237916134206,0.2740182841468637,0.22311590498552164,0.1958217305197832,0.25910811481910795
252_T1_vs_T3,longitudinal,2,LShoulder_to_LUArm_ry,LShoulder_to_LUArm,ry,0.2226107176913059,0.31476599521545945,0.09215527752415356,0.1958217305197832,0.25910811481910795
252_T1_vs_T3,longitudinal,2,LShoulder_to_LUArm_rz,LShoulder_to_LUArm,rz,0.06502679506717839,0.35711589812176064,0.29208910305458224,0.1958217305197832,0.25910811481910795
252_T1_vs_T3,longitudinal,2,LThigh_to_LShin_rx,LThigh_to_LShin,rx,0.04487075941160778,0.007358826370160195,-0.037511933041447586,0.1958217305197832,0.25910811481910795
252_T1_vs_T3,longitudinal,2,LThigh_to_LShin_ry,LThigh_to_LShin,ry,5.129204021910603e-09,9.375685999312346e-09,4.2464819774017435e-09,0.1958217305197832,0.25910811481910795
252_T1_vs_T3,longitudinal,2,LThigh_to_LShin_rz,LThigh_to_LShin,rz,5.176295987630632e-09,3.1164982880803357e-09,-2.059797699550296e-09,0.1958217305197832,0.25910811481910795
252_T1_vs_T3,longitudinal,2,LUArm_to_LFArm_rx,LUArm_to_LFArm,rx,0.06190869923520927,0.038462316775984454,-0.02344638245922482,0.1958217305197832,0.25910811481910795
252_T1_vs_T3,longitudinal,2,LUArm_to_LFArm_ry,LUArm_to_LFArm,ry,0.3364192937986195,0.19681955251666083,-0.13959974128195868,0.1958217305197832,0.25910811481910795
252_T1_vs_T3,longitudinal,2,LUArm_to_LFArm_rz,LUArm_to_LFArm,rz,0.09845635039267182,0.08227323818136027,-0.01618311221131155,0.1958217305197832,0.25910811481910795
252_T1_vs_T3,longitudinal,2,Neck_to_Head_rx,Neck_to_Head,rx,0.0014994286511198843,0.0024084287353465777,0.0009090000842266934,0.1958217305197832,0.25910811481910795
252_T1_vs_T3,longitudinal,2,Neck_to_Head_ry,Neck_to_Head,ry,0.023374751104041677,0.03714988415130652,0.01377513304726484,0.1958217305197832,0.25910811481910795
252_T1_vs_T3,longitudinal,2,Neck_to_Head_rz,Neck_to_Head,rz,0.014791082795994993,0.0019558650340463428,-0.01283521776194865,0.1958217305197832,0.25910811481910795
252_T1_vs_T3,longitudinal,2,RFArm_to_RHand_rx,RFArm_to_RHand,rx,0.011172113919315278,0.011254041236586266,8.1927317270988e-05,0.1958217305197832,0.25910811481910795
252_T1_vs_T3,longitudinal,2,RFArm_to_RHand_ry,RFArm_to_RHand,ry,0.07948549599929451,0.048218934052719556,-0.031266561946574956,0.1958217305197832,0.25910811481910795
252_T1_vs_T3,longitudinal,2,RFArm_to_RHand_rz,RFArm_to_RHand,rz,0.09471890019251866,0.12612861914657478,0.031409718954056115,0.1958217305197832,0.25910811481910795
252_T1_vs_T3,longitudinal,2,RShin_to_RFoot_rx,RShin_to_RFoot,rx,0.008857369757856367,0.017830224319619954,0.008972854561763588,0.1958217305197832,0.25910811481910795
252_T1_vs_T3,longitudinal,2,RShin_to_RFoot_ry,RShin_to_RFoot,ry,0.02630978556679621,0.0020989288938173933,-0.024210856672978814,0.1958217305197832,0.25910811481910795
252_T1_vs_T3,longitudinal,2,RShin_to_RFoot_rz,RShin_to_RFoot,rz,0.010489191144536258,0.006287855746481769,-0.004201335398054489,0.1958217305197832,0.25910811481910795
252_T1_vs_T3,longitudinal,2,RShoulder_to_RUArm_rx,RShoulder_to_RUArm,rx,0.5125487404219374,0.6288196769762294,0.11627093655429199,0.1958217305197832,0.25910811481910795
252_T1_vs_T3,longitudinal,2,RShoulder_to_RUArm_ry,RShoulder_to_RUArm,ry,0.1829262850035516,0.1365636231300848,-0.0463626618734668,0.1958217305197832,0.25910811481910795
252_T1_vs_T3,longitudinal,2,RShoulder_to_RUArm_rz,RShoulder_to_RUArm,rz,0.1371332293426647,0.0873507912327506,-0.049782438109914104,0.1958217305197832,0.25910811481910795
252_T1_vs_T3,longitudinal,2,RThigh_to_RShin_rx,RThigh_to_RShin,rx,0.019502984644592256,0.030557010899893666,0.01105402625530141,0.1958217305197832,0.25910811481910795
252_T1_vs_T3,longitudinal,2,RThigh_to_RShin_ry,RThigh_to_RShin,ry,1.3577858788534612e-08,7.571589895475625e-09,-6.0062688930589875e-09,0.1958217305197832,0.25910811481910795
252_T1_vs_T3,longitudinal,2,RThigh_to_RShin_rz,RThigh_to_RShin,rz,2.7062798185148207e-09,4.9493091323882175e-09,2.2430293138733968e-09,0.1958217305197832,0.25910811481910795
252_T1_vs_T3,longitudinal,2,RUArm_to_RFArm_rx,RUArm_to_RFArm,rx,0.4726245666183972,0.4144030747467674,-0.05822149187162978,0.1958217305197832,0.25910811481910795
252_T1_vs_T3,longitudinal,2,RUArm_to_RFArm_ry,RUArm_to_RFArm,ry,0.40706639180242227,0.08856252038511712,-0.31850387141730513,0.1958217305197832,0.25910811481910795
252_T1_vs_T3,longitudinal,2,RUArm_to_RFArm_rz,RUArm_to_RFArm,rz,0.2726924293597095,0.11002074943675384,-0.16267167992295567,0.1958217305197832,0.25910811481910795
252_T1_vs_T3,longitudinal,3,252_to_LThigh_rx,252_to_LThigh,rx,0.07742498594303344,0.11381470713610785,0.036389721193074404,0.11743095023090076,0.14273140597515444
252_T1_vs_T3,longitudinal,3,252_to_LThigh_ry,252_to_LThigh,ry,0.02686093410036986,0.0870835037262925,0.060222569625922644,0.11743095023090076,0.14273140597515444
252_T1_vs_T3,longitudinal,3,252_to_LThigh_rz,252_to_LThigh,rz,0.011571789505198283,0.06914885027902411,0.05757706077382582,0.11743095023090076,0.14273140597515444
252_T1_vs_T3,longitudinal,3,252_to_RThigh_rx,252_to_RThigh,rx,0.03762147064111025,0.050423301313635024,0.012801830672524772,0.11743095023090076,0.14273140597515444
252_T1_vs_T3,longitudinal,3,252_to_RThigh_ry,252_to_RThigh,ry,0.0583673658978653,0.0837120326924583,0.025344666794593004,0.11743095023090076,0.14273140597515444
252_T1_vs_T3,longitudinal,3,252_to_RThigh_rz,252_to_RThigh,rz,0.00335599362510231,0.0646080213201503,0.061252027695047985,0.11743095023090076,0.14273140597515444
252_T1_vs_T3,longitudinal,3,Chest_to_LShoulder_rx,Chest_to_LShoulder,rx,0.04560807959414941,0.0264465679153387,-0.01916151167881071,0.11743095023090076,0.14273140597515444
252_T1_vs_T3,longitudinal,3,Chest_to_LShoulder_ry,Chest_to_LShoulder,ry,0.011003372998780363,0.019765374442903532,0.008762001444123169,0.11743095023090076,0.14273140597515444
252_T1_vs_T3,longitudinal,3,Chest_to_LShoulder_rz,Chest_to_LShoulder,rz,0.025223813378908458,0.02854462287102404,0.003320809492115582,0.11743095023090076,0.14273140597515444
252_T1_vs_T3,longitudinal,3,Chest_to_Neck_rx,Chest_to_Neck,rx,0.024189480810319266,0.027703506968422675,0.003514026158103409,0.11743095023090076,0.14273140597515444
252_T1_vs_T3,longitudinal,3,Chest_to_Neck_ry,Chest_to_Neck,ry,0.05360862181051832,0.06588992951994353,0.012281307709425211,0.11743095023090076,0.14273140597515444
252_T1_vs_T3,longitudinal,3,Chest_to_Neck_rz,Chest_to_Neck,rz,0.006016612478963125,0.01766732362642067,0.011650711147457546,0.11743095023090076,0.14273140597515444
252_T1_vs_T3,longitudinal,3,Chest_to_RShoulder_rx,Chest_to_RShoulder,rx,0.03674990814638937,0.01855563513453464,-0.01819427301185473,0.11743095023090076,0.14273140597515444
252_T1_vs_T3,longitudinal,3,Chest_to_RShoulder_ry,Chest_to_RShoulder,ry,0.013553407001510977,0.0017249442034006257,-0.011828462798110352,0.11743095023090076,0.14273140597515444
252_T1_vs_T3,longitudinal,3,Chest_to_RShoulder_rz,Chest_to_RShoulder,rz,0.048505938065133085,0.10118438165354066,0.05267844358840757,0.11743095023090076,0.14273140597515444
252_T1_vs_T3,longitudinal,3,LFArm_to_LHand_rx,LFArm_to_LHand,rx,0.013231855715984885,0.006819027262302279,-0.006412828453682606,0.11743095023090076,0.14273140597515444
252_T1_vs_T3,longitudinal,3,LFArm_to_LHand_ry,LFArm_to_LHand,ry,0.049346522067414175,0.046035638725643806,-0.0033108833417703695,0.11743095023090076,0.14273140597515444
252_T1_vs_T3,longitudinal,3,LFArm_to_LHand_rz,LFArm_to_LHand,rz,0.08046483753130111,0.02306414090750981,-0.0574006966237913,0.11743095023090076,0.14273140597515444
252_T1_vs_T3,longitudinal,3,LShin_to_LFoot_rx,LShin_to_LFoot,rx,0.003833285925267826,0.027214435101341108,0.02338114917607328,0.11743095023090076,0.14273140597515444
252_T1_vs_T3,longitudinal,3,LShin_to_LFoot_ry,LShin_to_LFoot,ry,0.03946352697092099,0.028332281740683547,-0.011131245230237442,0.11743095023090076,0.14273140597515444
252_T1_vs_T3,longitudinal,3,LShin_to_LFoot_rz,LShin_to_LFoot,rz,0.006671094347126743,0.01760716242924107,0.010936068082114326,0.11743095023090076,0.14273140597515444
252_T1_vs_T3,longitudinal,3,LShoulder_to_LUArm_rx,LShoulder_to_LUArm,rx,0.3609451532238196,0.3019504513386587,-0.05899470188516087,0.11743095023090076,0.14273140597515444
252_T1_vs_T3,longitudinal,3,LShoulder_to_LUArm_ry,LShoulder_to_LUArm,ry,0.2512440473433122,0.2678322434802774,0.016588196136965216,0.11743095023090076,0.14273140597515444
252_T1_vs_T3,longitudinal,3,LShoulder_to_LUArm_rz,LShoulder_to_LUArm,rz,0.0854702449899697,0.11803884541899973,0.03256860042903002,0.11743095023090076,0.14273140597515444
252_T1_vs_T3,longitudinal,3,LThigh_to_LShin_rx,LThigh_to_LShin,rx,0.04405243200304293,0.03394764888961037,-0.010104783113432561,0.11743095023090076,0.14273140597515444
252_T1_vs_T3,longitudinal,3,LThigh_to_LShin_ry,LThigh_to_LShin,ry,5.7481248711788e-10,7.992483587750984e-09,7.417671100633104e-09,0.11743095023090076,0.14273140597515444
252_T1_vs_T3,longitudinal,3,LThigh_to_LShin_rz,LThigh_to_LShin,rz,1.0000800151074275e-09,2.444518194063128e-08,2.3445101925523852e-08,0.11743095023090076,0.14273140597515444
252_T1_vs_T3,longitudinal,3,LUArm_to_LFArm_rx,LUArm_to_LFArm,rx,0.5264848552109838,0.5563478528052249,0.02986299759424116,0.11743095023090076,0.14273140597515444
252_T1_vs_T3,longitudinal,3,LUArm_to_LFArm_ry,LUArm_to_LFArm,ry,0.259181330714758,0.48783273959188067,0.22865140887712265,0.11743095023090076,0.14273140597515444
252_T1_vs_T3,longitudinal,3,LUArm_to_LFArm_rz,LUArm_to_LFArm,rz,0.22621939859195186,0.32232887947049443,0.09610948087854257,0.11743095023090076,0.14273140597515444
252_T1_vs_T3,longitudinal,3,Neck_to_Head_rx,Neck_to_Head,rx,0.023705416305557586,0.027829543497509553,0.0041241271919519665,0.11743095023090076,0.14273140597515444
252_T1_vs_T3,longitudinal,3,Neck_to_Head_ry,Neck_to_Head,ry,0.05376437114027997,0.0682057468906879,0.014441375750407923,0.11743095023090076,0.14273140597515444
252_T1_vs_T3,longitudinal,3,Neck_to_Head_rz,Neck_to_Head,rz,0.004261437249698469,0.004827773266150037,0.0005663360164515682,0.11743095023090076,0.14273140597515444
252_T1_vs_T3,longitudinal,3,RFArm_to_RHand_rx,RFArm_to_RHand,rx,0.007705070092419432,0.0055048091869535085,-0.0022002609054659235,0.11743095023090076,0.14273140597515444
252_T1_vs_T3,longitudinal,3,RFArm_to_RHand_ry,RFArm_to_RHand,ry,0.030897878162045183,0.014530740630950677,-0.016367137531094506,0.11743095023090076,0.14273140597515444
252_T1_vs_T3,longitudinal,3,RFArm_to_RHand_rz,RFArm_to_RHand,rz,7.874264444837249e-05,0.017765675801130164,0.01768693315668179,0.11743095023090076,0.14273140597515444
252_T1_vs_T3,longitudinal,3,RShin_to_RFoot_rx,RShin_to_RFoot,rx,0.023254048341314143,0.009426101355869687,-0.013827946985444456,0.11743095023090076,0.14273140597515444
252_T1_vs_T3,longitudinal,3,RShin_to_RFoot_ry,RShin_to_RFoot,ry,0.030661332479619347,0.013969486360760406,-0.01669184611885894,0.11743095023090076,0.14273140597515444
252_T1_vs_T3,longitudinal,3,RShin_to_RFoot_rz,RShin_to_RFoot,rz,0.0036619048862945934,0.02654243803368858,0.022880533147393987,0.11743095023090076,0.14273140597515444
252_T1_vs_T3,longitudinal,3,RShoulder_to_RUArm_rx,RShoulder_to_RUArm,rx,0.26424209689429207,0.11086161024822948,-0.15338048664606257,0.11743095023090076,0.14273140597515444
252_T1_vs_T3,longitudinal,3,RShoulder_to_RUArm_ry,RShoulder_to_RUArm,ry,0.11732776180854229,0.01813728130665364,-0.09919048050188865,0.11743095023090076,0.14273140597515444
252_T1_vs_T3,longitudinal,3,RShoulder_to_RUArm_rz,RShoulder_to_RUArm,rz,0.17428963869014147,0.29459556930585395,0.12030593061571249,0.11743095023090076,0.14273140597515444
252_T1_vs_T3,longitudinal,3,RThigh_to_RShin_rx,RThigh_to_RShin,rx,0.005037401287869332,0.03297712824973049,0.027939726961861155,0.11743095023090076,0.14273140597515444
252_T1_vs_T3,longitudinal,3,RThigh_to_RShin_ry,RThigh_to_RShin,ry,2.3563416347175843e-08,1.0393900901997752e-08,-1.3169515445178091e-08,0.11743095023090076,0.14273140597515444
252_T1_vs_T3,longitudinal,3,RThigh_to_RShin_rz,RThigh_to_RShin,rz,1.6141549391691833e-08,1.1367201798121828e-08,-4.774347593570004e-09,0.11743095023090076,0.14273140597515444
252_T1_vs_T3,longitudinal,3,RUArm_to_RFArm_rx,RUArm_to_RFArm,rx,0.18269917467456515,0.02410839976270417,-0.15859077491186097,0.11743095023090076,0.14273140597515444
252_T1_vs_T3,longitudinal,3,RUArm_to_RFArm_ry,RUArm_to_RFArm,ry,0.464289782282423,0.005062827941296102,-0.4592269543411269,0.11743095023090076,0.14273140597515444
252_T1_vs_T3,longitudinal,3,RUArm_to_RFArm_rz,RUArm_to_RFArm,rz,0.017126932547177474,0.03170356008363786,0.014576627536460385,0.11743095023090076,0.14273140597515444
252_T1_vs_T3,longitudinal,4,252_to_LThigh_rx,252_to_LThigh,rx,0.029309386030934387,0.15054757186863246,0.12123818583769808,0.08941954278128882,0.0718635446661191
252_T1_vs_T3,longitudinal,4,252_to_LThigh_ry,252_to_LThigh,ry,0.07105138435564724,0.06829619438052643,-0.0027551899751208087,0.08941954278128882,0.0718635446661191
252_T1_vs_T3,longitudinal,4,252_to_LThigh_rz,252_to_LThigh,rz,0.04097361399469143,0.033861998691888794,-0.007111615302802639,0.08941954278128882,0.0718635446661191
252_T1_vs_T3,longitudinal,4,252_to_RThigh_rx,252_to_RThigh,rx,0.0021144190884273407,0.12086938612943644,0.1187549670410091,0.08941954278128882,0.0718635446661191
252_T1_vs_T3,longitudinal,4,252_to_RThigh_ry,252_to_RThigh,ry,0.04388975394612837,0.010192954677223963,-0.033696799268904405,0.08941954278128882,0.0718635446661191
252_T1_vs_T3,longitudinal,4,252_to_RThigh_rz,252_to_RThigh,rz,0.039237556845058356,0.004851224632484261,-0.034386332212574096,0.08941954278128882,0.0718635446661191
252_T1_vs_T3,longitudinal,4,Chest_to_LShoulder_rx,Chest_to_LShoulder,rx,0.01943546731720477,0.03821050941598749,0.01877504209878272,0.08941954278128882,0.0718635446661191
252_T1_vs_T3,longitudinal,4,Chest_to_LShoulder_ry,Chest_to_LShoulder,ry,0.005877031848005332,0.08861156930476984,0.0827345374567645,0.08941954278128882,0.0718635446661191
252_T1_vs_T3,longitudinal,4,Chest_to_LShoulder_rz,Chest_to_LShoulder,rz,0.003799649622314707,0.07917156830071405,0.07537191867839935,0.08941954278128882,0.0718635446661191
252_T1_vs_T3,longitudinal,4,Chest_to_Neck_rx,Chest_to_Neck,rx,0.043589933067591104,0.02202626489847452,-0.021563668169116583,0.08941954278128882,0.0718635446661191
252_T1_vs_T3,longitudinal,4,Chest_to_Neck_ry,Chest_to_Neck,ry,0.025660165986570563,0.025623822831653424,-3.6343154917139325e-05,0.08941954278128882,0.0718635446661191
252_T1_vs_T3,longitudinal,4,Chest_to_Neck_rz,Chest_to_Neck,rz,0.03165205429895543,0.029513765803754723,-0.0021382884952007054,0.08941954278128882,0.0718635446661191
252_T1_vs_T3,longitudinal,4,Chest_to_RShoulder_rx,Chest_to_RShoulder,rx,0.030582722723859975,0.06874168268646551,0.03815895996260553,0.08941954278128882,0.0718635446661191
252_T1_vs_T3,longitudinal,4,Chest_to_RShoulder_ry,Chest_to_RShoulder,ry,0.004573720144268728,0.035268695723527914,0.030694975579259185,0.08941954278128882,0.0718635446661191
252_T1_vs_T3,longitudinal,4,Chest_to_RShoulder_rz,Chest_to_RShoulder,rz,0.05823271352057288,0.023973036661545936,-0.03425967685902695,0.08941954278128882,0.0718635446661191
252_T1_vs_T3,longitudinal,4,LFArm_to_LHand_rx,LFArm_to_LHand,rx,0.000356089167427296,0.007433139063855057,0.00707704989642776,0.08941954278128882,0.0718635446661191
252_T1_vs_T3,longitudinal,4,LFArm_to_LHand_ry,LFArm_to_LHand,ry,0.05340773689300103,0.007168682149479719,-0.046239054743521316,0.08941954278128882,0.0718635446661191
252_T1_vs_T3,longitudinal,4,LFArm_to_LHand_rz,LFArm_to_LHand,rz,0.07008309454041771,0.0334868998073178,-0.036596194733099906,0.08941954278128882,0.0718635446661191
252_T1_vs_T3,longitudinal,4,LShin_to_LFoot_rx,LShin_to_LFoot,rx,0.0380387895708741,0.00611945089575568,-0.031919338675118425,0.08941954278128882,0.0718635446661191
252_T1_vs_T3,longitudinal,4,LShin_to_LFoot_ry,LShin_to_LFoot,ry,0.017162389856172352,0.02800197595922738,0.010839586103055028,0.08941954278128882,0.0718635446661191
252_T1_vs_T3,longitudinal,4,LShin_to_LFoot_rz,LShin_to_LFoot,rz,0.029093717113506404,0.018393758302831378,-0.010699958810675026,0.08941954278128882,0.0718635446661191
252_T1_vs_T3,longitudinal,4,LShoulder_to_LUArm_rx,LShoulder_to_LUArm,rx,0.2174617887558696,0.2760502930150687,0.05858850425919912,0.08941954278128882,0.0718635446661191
252_T1_vs_T3,longitudinal,4,LShoulder_to_LUArm_ry,LShoulder_to_LUArm,ry,0.2716131348690244,0.33967163857323496,0.06805850370421057,0.08941954278128882,0.0718635446661191
252_T1_vs_T3,longitudinal,4,LShoulder_to_LUArm_rz,LShoulder_to_LUArm,rz,0.18156601359167,0.1557120248619764,-0.025853988729693578,0.08941954278128882,0.0718635446661191
252_T1_vs_T3,longitudinal,4,LThigh_to_LShin_rx,LThigh_to_LShin,rx,0.03679348773566666,0.06131133297923143,0.02451784524356477,0.08941954278128882,0.0718635446661191
252_T1_vs_T3,longitudinal,4,LThigh_to_LShin_ry,LThigh_to_LShin,ry,8.053502632540932e-09,2.2343471936480326e-08,1.4289969303939394e-08,0.08941954278128882,0.0718635446661191
252_T1_vs_T3,longitudinal,4,LThigh_to_LShin_rz,LThigh_to_LShin,rz,2.3608899913660295e-08,3.3386144991560857e-10,-2.3275038463744686e-08,0.08941954278128882,0.0718635446661191
252_T1_vs_T3,longitudinal,4,LUArm_to_LFArm_rx,LUArm_to_LFArm,rx,0.3669640143364435,0.20000154384963229,-0.1669624704868112,0.08941954278128882,0.0718635446661191
252_T1_vs_T3,longitudinal,4,LUArm_to_LFArm_ry,LUArm_to_LFArm,ry,0.5332921984902325,0.14796009400528795,-0.3853321044849445,0.08941954278128882,0.0718635446661191
252_T1_vs_T3,longitudinal,4,LUArm_to_LFArm_rz,LUArm_to_LFArm,rz,0.20277828477955478,0.024963514990197538,-0.17781476978935726,0.08941954278128882,0.0718635446661191
252_T1_vs_T3,longitudinal,4,Neck_to_Head_rx,Neck_to_Head,rx,0.04348464345136094,0.02170142489680538,-0.021783218554555558,0.08941954278128882,0.0718635446661191
252_T1_vs_T3,longitudinal,4,Neck_to_Head_ry,Neck_to_Head,ry,0.031441313370415044,0.01958370709111041,-0.011857606279304635,0.08941954278128882,0.0718635446661191
252_T1_vs_T3,longitudinal,4,Neck_to_Head_rz,Neck_to_Head,rz,0.02605945971254686,0.033757098678479876,0.007697638965933017,0.08941954278128882,0.0718635446661191
252_T1_vs_T3,longitudinal,4,RFArm_to_RHand_rx,RFArm_to_RHand,rx,0.005875079765923928,0.0026163060897857636,-0.003258773676138164,0.08941954278128882,0.0718635446661191
252_T1_vs_T3,longitudinal,4,RFArm_to_RHand_ry,RFArm_to_RHand,ry,0.053022621805926824,0.03260706867120143,-0.020415553134725394,0.08941954278128882,0.0718635446661191
252_T1_vs_T3,longitudinal,4,RFArm_to_RHand_rz,RFArm_to_RHand,rz,0.05015049684689539,0.042533498551063,-0.007616998295832393,0.08941954278128882,0.0718635446661191
252_T1_vs_T3,longitudinal,4,RShin_to_RFoot_rx,RShin_to_RFoot,rx,0.023892243428232606,0.027288868416343915,0.003396624988111309,0.08941954278128882,0.0718635446661191
252_T1_vs_T3,longitudinal,4,RShin_to_RFoot_ry,RShin_to_RFoot,ry,0.05644529072947686,0.1485723420604621,0.09212705133098524,0.08941954278128882,0.0718635446661191
252_T1_vs_T3,longitudinal,4,RShin_to_RFoot_rz,RShin_to_RFoot,rz,0.023423294648141073,0.039216071082423,0.015792776434281924,0.08941954278128882,0.0718635446661191
252_T1_vs_T3,longitudinal,4,RShoulder_to_RUArm_rx,RShoulder_to_RUArm,rx,0.022434250721054292,0.575259129848426,0.5528248791273717,0.08941954278128882,0.0718635446661191
252_T1_vs_T3,longitudinal,4,RShoulder_to_RUArm_ry,RShoulder_to_RUArm,ry,0.1366697735770646,0.4390447997764959,0.3023750261994313,0.08941954278128882,0.0718635446661191
252_T1_vs_T3,longitudinal,4,RShoulder_to_RUArm_rz,RShoulder_to_RUArm,rz,0.1212997754236826,0.03951972963746276,-0.08178004578621983,0.08941954278128882,0.0718635446661191
252_T1_vs_T3,longitudinal,4,RThigh_to_RShin_rx,RThigh_to_RShin,rx,0.0438361135520061,0.056295780040051854,0.012459666488045758,0.08941954278128882,0.0718635446661191
252_T1_vs_T3,longitudinal,4,RThigh_to_RShin_ry,RThigh_to_RShin,ry,2.5155282164332524e-09,1.4647176825810368e-08,1.2131648609377116e-08,0.08941954278128882,0.0718635446661191
252_T1_vs_T3,longitudinal,4,RThigh_to_RShin_rz,RThigh_to_RShin,rz,1.7774846466366441e-09,5.902544191284631e-09,4.1250595446479864e-09,0.08941954278128882,0.0718635446661191
252_T1_vs_T3,longitudinal,4,RUArm_to_RFArm_rx,RUArm_to_RFArm,rx,0.0300672701762302,0.022287344052903772,-0.0077799261233264284,0.08941954278128882,0.0718635446661191
252_T1_vs_T3,longitudinal,4,RUArm_to_RFArm_ry,RUArm_to_RFArm,ry,0.5354467342608363,0.29911476244362845,-0.2363319718172079,0.08941954278128882,0.0718635446661191
252_T1_vs_T3,longitudinal,4,RUArm_to_RFArm_rz,RUArm_to_RFArm,rz,0.13432044731501316,0.02346283787277037,-0.1108576094422428,0.08941954278128882,0.0718635446661191
252_T1_vs_T3,longitudinal,5,252_to_LThigh_rx,252_to_LThigh,rx,0.03661714555081169,0.283420628225524,0.2468034826747123,0.05735893158634689,0.046433478674198274
252_T1_vs_T3,longitudinal,5,252_to_LThigh_ry,252_to_LThigh,ry,0.09545213489372967,0.02597325410871581,-0.06947888078501385,0.05735893158634689,0.046433478674198274
252_T1_vs_T3,longitudinal,5,252_to_LThigh_rz,252_to_LThigh,rz,0.010621247592474396,0.0953689670935735,0.0847477195010991,0.05735893158634689,0.046433478674198274
252_T1_vs_T3,longitudinal,5,252_to_RThigh_rx,252_to_RThigh,rx,0.07182245820444481,0.21655001680511407,0.14472755860066927,0.05735893158634689,0.046433478674198274
252_T1_vs_T3,longitudinal,5,252_to_RThigh_ry,252_to_RThigh,ry,0.06360243675131537,0.06420392347595756,0.0006014867246421918,0.05735893158634689,0.046433478674198274
252_T1_vs_T3,longitudinal,5,252_to_RThigh_rz,252_to_RThigh,rz,0.03930948433229269,0.08320094910574712,0.043891464773454424,0.05735893158634689,0.046433478674198274
252_T1_vs_T3,longitudinal,5,Chest_to_LShoulder_rx,Chest_to_LShoulder,rx,0.04669976356109529,0.011488519071468549,-0.03521124448962674,0.05735893158634689,0.046433478674198274
252_T1_vs_T3,longitudinal,5,Chest_to_LShoulder_ry,Chest_to_LShoulder,ry,0.04443304536287333,0.07220318433057969,0.02777013896770636,0.05735893158634689,0.046433478674198274
252_T1_vs_T3,longitudinal,5,Chest_to_LShoulder_rz,Chest_to_LShoulder,rz,0.047628360901227504,0.017202633302896304,-0.0304257275983312,0.05735893158634689,0.046433478674198274
252_T1_vs_T3,longitudinal,5,Chest_to_Neck_rx,Chest_to_Neck,rx,0.008260145637110083,0.013631477256922372,0.005371331619812288,0.05735893158634689,0.046433478674198274
252_T1_vs_T3,longitudinal,5,Chest_to_Neck_ry,Chest_to_Neck,ry,0.007122909236806679,0.07226201114267038,0.0651391019058637,0.05735893158634689,0.046433478674198274
252_T1_vs_T3,longitudinal,5,Chest_to_Neck_rz,Chest_to_Neck,rz,0.005873754129683423,0.07370210010695377,0.06782834597727035,0.05735893158634689,0.046433478674198274
252_T1_vs_T3,longitudinal,5,Chest_to_RShoulder_rx,Chest_to_RShoulder,rx,0.029447043973047496,0.032616767784033635,0.0031697238109861386,0.05735893158634689,0.046433478674198274
252_T1_vs_T3,longitudinal,5,Chest_to_RShoulder_ry,Chest_to_RShoulder,ry,0.028198035998789596,0.05126812818783636,0.023070092189046765,0.05735893158634689,0.046433478674198274
252_T1_vs_T3,longitudinal,5,Chest_to_RShoulder_rz,Chest_to_RShoulder,rz,0.0620701836291652,0.20547817121733247,0.14340798758816728,0.05735893158634689,0.046433478674198274
252_T1_vs_T3,longitudinal,5,LFArm_to_LHand_rx,LFArm_to_LHand,rx,0.01059113046930329,0.03829333243487979,0.027702201965576503,0.05735893158634689,0.046433478674198274
252_T1_vs_T3,longitudinal,5,LFArm_to_LHand_ry,LFArm_to_LHand,ry,0.01775985819511038,0.11962667781949902,0.10186681962438865,0.05735893158634689,0.046433478674198274
252_T1_vs_T3,longitudinal,5,LFArm_to_LHand_rz,LFArm_to_LHand,rz,0.0561123743764485,0.2921393819684353,0.2360270075919868,0.05735893158634689,0.046433478674198274
252_T1_vs_T3,longitudinal,5,LShin_to_LFoot_rx,LShin_to_LFoot,rx,0.04150920802555566,0.012774692690706193,-0.02873451533484947,0.05735893158634689,0.046433478674198274
252_T1_vs_T3,longitudinal,5,LShin_to_LFoot_ry,LShin_to_LFoot,ry,0.036015849664258116,0.007225059797744431,-0.028790789866513684,0.05735893158634689,0.046433478674198274
252_T1_vs_T3,longitudinal,5,LShin_to_LFoot_rz,LShin_to_LFoot,rz,0.0103834267814546,0.011497026020805027,0.0011135992393504265,0.05735893158634689,0.046433478674198274
252_T1_vs_T3,longitudinal,5,LShoulder_to_LUArm_rx,LShoulder_to_LUArm,rx,0.27065033266596944,0.3125462392196988,0.04189590655372938,0.05735893158634689,0.046433478674198274
252_T1_vs_T3,longitudinal,5,LShoulder_to_LUArm_ry,LShoulder_to_LUArm,ry,0.15025974629554364,0.06981318915376368,-0.08044655714177996,0.05735893158634689,0.046433478674198274
252_T1_vs_T3,longitudinal,5,LShoulder_to_LUArm_rz,LShoulder_to_LUArm,rz,0.23531255297439035,0.44238110808435677,0.2070685551099664,0.05735893158634689,0.046433478674198274
252_T1_vs_T3,longitudinal,5,LThigh_to_LShin_rx,LThigh_to_LShin,rx,0.05792380641635844,0.17248240891188213,0.11455860249552369,0.05735893158634689,0.046433478674198274
252_T1_vs_T3,longitudinal,5,LThigh_to_LShin_ry,LThigh_to_LShin,ry,2.7421891716530962e-08,1.3001288121370768e-08,-1.4420603595160194e-08,0.05735893158634689,0.046433478674198274
252_T1_vs_T3,longitudinal,5,LThigh_to_LShin_rz,LThigh_to_LShin,rz,5.617542550004344e-09,1.8999294584917607e-08,1.3381752034913263e-08,0.05735893158634689,0.046433478674198274
252_T1_vs_T3,longitudinal,5,LUArm_to_LFArm_rx,LUArm_to_LFArm,rx,0.09716179124363812,0.15387352715912972,0.0567117359154916,0.05735893158634689,0.046433478674198274
252_T1_vs_T3,longitudinal,5,LUArm_to_LFArm_ry,LUArm_to_LFArm,ry,0.17334459185725765,0.35828964831308574,0.1849450564558281,0.05735893158634689,0.046433478674198274
252_T1_vs_T3,longitudinal,5,LUArm_to_LFArm_rz,LUArm_to_LFArm,rz,0.05223237769573746,0.14787541223599013,0.09564303454025266,0.05735893158634689,0.046433478674198274
252_T1_vs_T3,longitudinal,5,Neck_to_Head_rx,Neck_to_Head,rx,0.008372524192695501,0.013927545105838098,0.005555020913142597,0.05735893158634689,0.046433478674198274
252_T1_vs_T3,longitudinal,5,Neck_to_Head_ry,Neck_to_Head,ry,0.005908580091784722,0.056647595367806745,0.05073901527602202,0.05735893158634689,0.046433478674198274
252_T1_vs_T3,longitudinal,5,Neck_to_Head_rz,Neck_to_Head,rz,0.007177118462968765,0.08566318448686067,0.0784860660238919,0.05735893158634689,0.046433478674198274
252_T1_vs_T3,longitudinal,5,RFArm_to_RHand_rx,RFArm_to_RHand,rx,0.0027474437286299056,0.013726426561085392,0.010978982832455486,0.05735893158634689,0.046433478674198274
252_T1_vs_T3,longitudinal,5,RFArm_to_RHand_ry,RFArm_to_RHand,ry,0.0015112143315838382,0.0692841113589494,0.06777289702736555,0.05735893158634689,0.046433478674198274
252_T1_vs_T3,longitudinal,5,RFArm_to_RHand_rz,RFArm_to_RHand,rz,0.05085461357409761,0.12051901059059109,0.06966439701649348,0.05735893158634689,0.046433478674198274
252_T1_vs_T3,longitudinal,5,RShin_to_RFoot_rx,RShin_to_RFoot,rx,0.05004946835313373,0.014925386175726798,-0.03512408217740693,0.05735893158634689,0.046433478674198274
252_T1_vs_T3,longitudinal,5,RShin_to_RFoot_ry,RShin_to_RFoot,ry,0.09064106586260799,0.09447753278427956,0.003836466921671569,0.05735893158634689,0.046433478674198274
252_T1_vs_T3,longitudinal,5,RShin_to_RFoot_rz,RShin_to_RFoot,rz,0.04381276392489421,0.013363445205452778,-0.03044931871944143,0.05735893158634689,0.046433478674198274
252_T1_vs_T3,longitudinal,5,RShoulder_to_RUArm_rx,RShoulder_to_RUArm,rx,0.34242266958051,0.14414644902791546,-0.19827622055259453,0.05735893158634689,0.046433478674198274
252_T1_vs_T3,longitudinal,5,RShoulder_to_RUArm_ry,RShoulder_to_RUArm,ry,0.46621896434669124,0.007985055657076112,-0.4582339086896151,0.05735893158634689,0.046433478674198274
252_T1_vs_T3,longitudinal,5,RShoulder_to_RUArm_rz,RShoulder_to_RUArm,rz,0.3734905584214416,0.3501390742624265,-0.023351484159015057,0.05735893158634689,0.046433478674198274
252_T1_vs_T3,longitudinal,5,RThigh_to_RShin_rx,RThigh_to_RShin,rx,0.05908378158086555,0.025168441311483988,-0.03391534026938156,0.05735893158634689,0.046433478674198274
252_T1_vs_T3,longitudinal,5,RThigh_to_RShin_ry,RThigh_to_RShin,ry,8.679159828413826e-10,9.48479108068244e-09,8.616875097841059e-09,0.05735893158634689,0.046433478674198274
252_T1_vs_T3,longitudinal,5,RThigh_to_RShin_rz,RThigh_to_RShin,rz,2.2353323583460996e-08,4.313316814377335e-09,-1.804000676908366e-08,0.05735893158634689,0.046433478674198274
252_T1_vs_T3,longitudinal,5,RUArm_to_RFArm_rx,RUArm_to_RFArm,rx,0.43180212790974126,0.0050633673225072545,-0.42673876058723403,0.05735893158634689,0.046433478674198274
252_T1_vs_T3,longitudinal,5,RUArm_to_RFArm_ry,RUArm_to_RFArm,ry,0.2822327579557246,0.04851478032677046,-0.23371797762895416,0.05735893158634689,0.046433478674198274
252_T1_vs_T3,longitudinal,5,RUArm_to_RFArm_rz,RUArm_to_RFArm,rz,0.06336860005345073,0.011837044818690308,-0.05153155523476042,0.05735893158634689,0.046433478674198274
252_T1_vs_T3,longitudinal,6,252_to_LThigh_rx,252_to_LThigh,rx,0.14782435120735438,0.127785908125353,-0.020038443082001367,0.04437782075893422,0.03538605544484964
252_T1_vs_T3,longitudinal,6,252_to_LThigh_ry,252_to_LThigh,ry,0.0028020576903915414,0.034001334408097224,0.03119927671770568,0.04437782075893422,0.03538605544484964
252_T1_vs_T3,longitudinal,6,252_to_LThigh_rz,252_to_LThigh,rz,0.07859364006428696,0.04676281333608493,-0.031830826728202026,0.04437782075893422,0.03538605544484964
252_T1_vs_T3,longitudinal,6,252_to_RThigh_rx,252_to_RThigh,rx,0.07757257289838945,0.1331003577496301,0.05552778485124066,0.04437782075893422,0.03538605544484964
252_T1_vs_T3,longitudinal,6,252_to_RThigh_ry,252_to_RThigh,ry,0.0270101872887507,0.02630440296457928,-0.0007057843241714198,0.04437782075893422,0.03538605544484964
252_T1_vs_T3,longitudinal,6,252_to_RThigh_rz,252_to_RThigh,rz,0.0670510474877188,0.023526221149815663,-0.04352482633790314,0.04437782075893422,0.03538605544484964
252_T1_vs_T3,longitudinal,6,Chest_to_LShoulder_rx,Chest_to_LShoulder,rx,0.010457305212616383,0.029095732054960605,0.018638426842344222,0.04437782075893422,0.03538605544484964
252_T1_vs_T3,longitudinal,6,Chest_to_LShoulder_ry,Chest_to_LShoulder,ry,0.08891845730923156,0.051100829951355634,-0.03781762735787593,0.04437782075893422,0.03538605544484964
252_T1_vs_T3,longitudinal,6,Chest_to_LShoulder_rz,Chest_to_LShoulder,rz,0.08653698541252061,0.02168476833884053,-0.06485221707368008,0.04437782075893422,0.03538605544484964
252_T1_vs_T3,longitudinal,6,Chest_to_Neck_rx,Chest_to_Neck,rx,0.014535235235989175,0.023642835112310353,0.009107599876321178,0.04437782075893422,0.03538605544484964
252_T1_vs_T3,longitudinal,6,Chest_to_Neck_ry,Chest_to_Neck,ry,0.011605722079592115,0.018433197098820592,0.006827475019228478,0.04437782075893422,0.03538605544484964
252_T1_vs_T3,longitudinal,6,Chest_to_Neck_rz,Chest_to_Neck,rz,0.02540305850752962,0.02408282180937297,-0.001320236698156653,0.04437782075893422,0.03538605544484964
252_T1_vs_T3,longitudinal,6,Chest_to_RShoulder_rx,Chest_to_RShoulder,rx,0.0307185978473891,0.02820144900194579,-0.0025171488454433094,0.04437782075893422,0.03538605544484964
252_T1_vs_T3,longitudinal,6,Chest_to_RShoulder_ry,Chest_to_RShoulder,ry,0.04306043672171255,0.04546237372734057,0.0024019370056280187,0.04437782075893422,0.03538605544484964
252_T1_vs_T3,longitudinal,6,Chest_to_RShoulder_rz,Chest_to_RShoulder,rz,0.0692559170310855,0.06210900099194009,-0.007146916039145405,0.04437782075893422,0.03538605544484964
252_T1_vs_T3,longitudinal,6,LFArm_to_LHand_rx,LFArm_to_LHand,rx,0.032228593382083066,0.014986226564371749,-0.017242366817711317,0.04437782075893422,0.03538605544484964
252_T1_vs_T3,longitudinal,6,LFArm_to_LHand_ry,LFArm_to_LHand,ry,0.03478013802177348,0.03914209424927108,0.004361956227497597,0.04437782075893422,0.03538605544484964
252_T1_vs_T3,longitudinal,6,LFArm_to_LHand_rz,LFArm_to_LHand,rz,0.1319937265515937,0.08876038105080125,-0.04323334550079244,0.04437782075893422,0.03538605544484964
252_T1_vs_T3,longitudinal,6,LShin_to_LFoot_rx,LShin_to_LFoot,rx,0.015810534101475267,0.04378849858342251,0.02797796448194724,0.04437782075893422,0.03538605544484964
252_T1_vs_T3,longitudinal,6,LShin_to_LFoot_ry,LShin_to_LFoot,ry,0.03271037475277302,0.0386173115978479,0.00590693684507488,0.04437782075893422,0.03538605544484964
252_T1_vs_T3,longitudinal,6,LShin_to_LFoot_rz,LShin_to_LFoot,rz,0.019171679117228373,0.022300702102122014,0.003129022984893641,0.04437782075893422,0.03538605544484964
252_T1_vs_T3,longitudinal,6,LShoulder_to_LUArm_rx,LShoulder_to_LUArm,rx,0.08584666833912503,0.04183168499792029,-0.044014983341204746,0.04437782075893422,0.03538605544484964
252_T1_vs_T3,longitudinal,6,LShoulder_to_LUArm_ry,LShoulder_to_LUArm,ry,0.5677694466790996,0.08171170993732334,-0.4860577367417762,0.04437782075893422,0.03538605544484964
252_T1_vs_T3,longitudinal,6,LShoulder_to_LUArm_rz,LShoulder_to_LUArm,rz,0.3206917728815157,0.05808009654762902,-0.26261167633388666,0.04437782075893422,0.03538605544484964
252_T1_vs_T3,longitudinal,6,LThigh_to_LShin_rx,LThigh_to_LShin,rx,0.10268453468827883,0.01243141228138298,-0.09025312240689586,0.04437782075893422,0.03538605544484964
252_T1_vs_T3,longitudinal,6,LThigh_to_LShin_ry,LThigh_to_LShin,ry,5.341068002141122e-09,2.1968918776528204e-08,1.662785077438708e-08,0.04437782075893422,0.03538605544484964
252_T1_vs_T3,longitudinal,6,LThigh_to_LShin_rz,LThigh_to_LShin,rz,3.4035215272196365e-09,2.4996139691410597e-08,2.1592618164190962e-08,0.04437782075893422,0.03538605544484964
252_T1_vs_T3,longitudinal,6,LUArm_to_LFArm_rx,LUArm_to_LFArm,rx,0.04110046644981239,0.0694424659158432,0.02834199946603081,0.04437782075893422,0.03538605544484964
252_T1_vs_T3,longitudinal,6,LUArm_to_LFArm_ry,LUArm_to_LFArm,ry,0.48172274016893496,0.052485463508682315,-0.42923727666025263,0.04437782075893422,0.03538605544484964
252_T1_vs_T3,longitudinal,6,LUArm_to_LFArm_rz,LUArm_to_LFArm,rz,0.005075445098437333,0.013498137858853254,0.00842269276041592,0.04437782075893422,0.03538605544484964
252_T1_vs_T3,longitudinal,6,Neck_to_Head_rx,Neck_to_Head,rx,0.014798554315855025,0.02308744130200094,0.008288886986145914,0.04437782075893422,0.03538605544484964
252_T1_vs_T3,longitudinal,6,Neck_to_Head_ry,Neck_to_Head,ry,0.006741805236591284,0.013539123213399284,0.006797317976808001,0.04437782075893422,0.03538605544484964
252_T1_vs_T3,longitudinal,6,Neck_to_Head_rz,Neck_to_Head,rz,0.027024213280792,0.027099814336480278,7.560105568827843e-05,0.04437782075893422,0.03538605544484964
252_T1_vs_T3,longitudinal,6,RFArm_to_RHand_rx,RFArm_to_RHand,rx,0.002424092765282065,0.0058741559109468525,0.0034500631456647877,0.04437782075893422,0.03538605544484964
252_T1_vs_T3,longitudinal,6,RFArm_to_RHand_ry,RFArm_to_RHand,ry,0.03149338731104564,0.035102176220311046,0.0036087889092654077,0.04437782075893422,0.03538605544484964
252_T1_vs_T3,longitudinal,6,RFArm_to_RHand_rz,RFArm_to_RHand,rz,0.0009521488539776568,0.03286039381641544,0.03190824496243778,0.04437782075893422,0.03538605544484964
252_T1_vs_T3,longitudinal,6,RShin_to_RFoot_rx,RShin_to_RFoot,rx,0.024868508560317405,0.06839729146329278,0.04352878290297538,0.04437782075893422,0.03538605544484964
252_T1_vs_T3,longitudinal,6,RShin_to_RFoot_ry,RShin_to_RFoot,ry,0.09831237320579247,0.0559538739887817,-0.04235849921701078,0.04437782075893422,0.03538605544484964
252_T1_vs_T3,longitudinal,6,RShin_to_RFoot_rz,RShin_to_RFoot,rz,0.005971863652460433,0.011840882856282901,0.005869019203822468,0.04437782075893422,0.03538605544484964
252_T1_vs_T3,longitudinal,6,RShoulder_to_RUArm_rx,RShoulder_to_RUArm,rx,0.15142596032499392,0.1333688417345205,-0.01805711859047343,0.04437782075893422,0.03538605544484964
252_T1_vs_T3,longitudinal,6,RShoulder_to_RUArm_ry,RShoulder_to_RUArm,ry,0.15736402399366348,0.1561973075932574,-0.0011667164004060815,0.04437782075893422,0.03538605544484964
252_T1_vs_T3,longitudinal,6,RShoulder_to_RUArm_rz,RShoulder_to_RUArm,rz,0.24223953231858944,0.1485395121037527,-0.09370002021483673,0.04437782075893422,0.03538605544484964
252_T1_vs_T3,longitudinal,6,RThigh_to_RShin_rx,RThigh_to_RShin,rx,0.06629583232788537,0.05491633879455865,-0.01137949353332672,0.04437782075893422,0.03538605544484964
252_T1_vs_T3,longitudinal,6,RThigh_to_RShin_ry,RThigh_to_RShin,ry,2.8152754041683976e-09,5.130985372919884e-09,2.315709968751486e-09,0.04437782075893422,0.03538605544484964
252_T1_vs_T3,longitudinal,6,RThigh_to_RShin_rz,RThigh_to_RShin,rz,2.0972958334427145e-08,2.997534717483211e-08,9.002388840404965e-09,0.04437782075893422,0.03538605544484964
252_T1_vs_T3,longitudinal,6,RUArm_to_RFArm_rx,RUArm_to_RFArm,rx,0.12043197014407506,0.3203501429267333,0.19991817278265825,0.04437782075893422,0.03538605544484964
252_T1_vs_T3,longitudinal,6,RUArm_to_RFArm_ry,RUArm_to_RFArm,ry,0.31628908948168166,0.8519758090553112,0.5356867195736296,0.04437782075893422,0.03538605544484964
252_T1_vs_T3,longitudinal,6,RUArm_to_RFArm_rz,RUArm_to_RFArm,rz,0.027519356071913664,0.09212685212420942,0.06460749605229575,0.04437782075893422,0.03538605544484964
252_T1_vs_T3,longitudinal,7,252_to_LThigh_rx,252_to_LThigh,rx,0.3227446833649085,0.0955473190132898,-0.22719736435161872,0.03831900686891391,0.029139600922076563
252_T1_vs_T3,longitudinal,7,252_to_LThigh_ry,252_to_LThigh,ry,0.006789955681619007,0.006348286423454133,-0.00044166925816487446,0.03831900686891391,0.029139600922076563
252_T1_vs_T3,longitudinal,7,252_to_LThigh_rz,252_to_LThigh,rz,0.1136585854833492,0.06607188781348522,-0.04758669766986398,0.03831900686891391,0.029139600922076563
252_T1_vs_T3,longitudinal,7,252_to_RThigh_rx,252_to_RThigh,rx,0.27268195422626684,0.06121831955520857,-0.21146363467105828,0.03831900686891391,0.029139600922076563
252_T1_vs_T3,longitudinal,7,252_to_RThigh_ry,252_to_RThigh,ry,0.03320435362413484,0.007290940023103234,-0.025913413601031606,0.03831900686891391,0.029139600922076563
252_T1_vs_T3,longitudinal,7,252_to_RThigh_rz,252_to_RThigh,rz,0.0903637489269799,0.06542266854127612,-0.02494108038570378,0.03831900686891391,0.029139600922076563
252_T1_vs_T3,longitudinal,7,Chest_to_LShoulder_rx,Chest_to_LShoulder,rx,0.007390128357261562,0.05755028716721742,0.050160158809955856,0.03831900686891391,0.029139600922076563
252_T1_vs_T3,longitudinal,7,Chest_to_LShoulder_ry,Chest_to_LShoulder,ry,0.10004777691367751,0.06645778909837492,-0.03358998781530259,0.03831900686891391,0.029139600922076563
252_T1_vs_T3,longitudinal,7,Chest_to_LShoulder_rz,Chest_to_LShoulder,rz,0.01173879994565898,0.01975122420971677,0.00801242426405779,0.03831900686891391,0.029139600922076563
252_T1_vs_T3,longitudinal,7,Chest_to_Neck_rx,Chest_to_Neck,rx,0.00027195950642080097,0.02483778653221056,0.02456582702578976,0.03831900686891391,0.029139600922076563
252_T1_vs_T3,longitudinal,7,Chest_to_Neck_ry,Chest_to_Neck,ry,0.07745973478878859,0.018239223373330272,-0.059220511415458324,0.03831900686891391,0.029139600922076563
252_T1_vs_T3,longitudinal,7,Chest_to_Neck_rz,Chest_to_Neck,rz,0.08030410064994445,0.033460644659668116,-0.04684345599027633,0.03831900686891391,0.029139600922076563
252_T1_vs_T3,longitudinal,7,Chest_to_RShoulder_rx,Chest_to_RShoulder,rx,0.0331094001372195,0.005262708856861866,-0.027846691280357633,0.03831900686891391,0.029139600922076563
252_T1_vs_T3,longitudinal,7,Chest_to_RShoulder_ry,Chest_to_RShoulder,ry,0.06405046189312556,0.033424692982025966,-0.030625768911099596,0.03831900686891391,0.029139600922076563
252_T1_vs_T3,longitudinal,7,Chest_to_RShoulder_rz,Chest_to_RShoulder,rz,0.19688668839824597,0.050102851884370456,-0.1467838365138755,0.03831900686891391,0.029139600922076563
252_T1_vs_T3,longitudinal,7,LFArm_to_LHand_rx,LFArm_to_LHand,rx,0.04705912233028234,0.042576763798188526,-0.004482358532093812,0.03831900686891391,0.029139600922076563
252_T1_vs_T3,longitudinal,7,LFArm_to_LHand_ry,LFArm_to_LHand,ry,0.12491564709649149,0.0725419568179463,-0.05237369027854519,0.03831900686891391,0.029139600922076563
252_T1_vs_T3,longitudinal,7,LFArm_to_LHand_rz,LFArm_to_LHand,rz,0.32053305909321567,0.2014063121063684,-0.11912674698684728,0.03831900686891391,0.029139600922076563
252_T1_vs_T3,longitudinal,7,LShin_to_LFoot_rx,LShin_to_LFoot,rx,0.01244898878138313,0.022428042108625947,0.009979053327242818,0.03831900686891391,0.029139600922076563
252_T1_vs_T3,longitudinal,7,LShin_to_LFoot_ry,LShin_to_LFoot,ry,0.035320966831576844,0.04932699143678227,0.014006024605205426,0.03831900686891391,0.029139600922076563
252_T1_vs_T3,longitudinal,7,LShin_to_LFoot_rz,LShin_to_LFoot,rz,0.001346330349799406,0.016597062310779138,0.015250731960979732,0.03831900686891391,0.029139600922076563
252_T1_vs_T3,longitudinal,7,LShoulder_to_LUArm_rx,LShoulder_to_LUArm,rx,0.34662568596606075,0.3102454786733402,-0.03638020729272057,0.03831900686891391,0.029139600922076563
252_T1_vs_T3,longitudinal,7,LShoulder_to_LUArm_ry,LShoulder_to_LUArm,ry,0.03615619141901703,0.4546293930059996,0.41847320158698254,0.03831900686891391,0.029139600922076563
252_T1_vs_T3,longitudinal,7,LShoulder_to_LUArm_rz,LShoulder_to_LUArm,rz,0.3938941058145025,0.11186125863476208,-0.2820328471797404,0.03831900686891391,0.029139600922076563
252_T1_vs_T3,longitudinal,7,LThigh_to_LShin_rx,LThigh_to_LShin,rx,0.14939755228803353,0.0814231536944465,-0.06797439859358703,0.03831900686891391,0.029139600922076563
252_T1_vs_T3,longitudinal,7,LThigh_to_LShin_ry,LThigh_to_LShin,ry,2.1265653223615247e-08,7.811717437430717e-10,-2.0484481479872174e-08,0.03831900686891391,0.029139600922076563
252_T1_vs_T3,longitudinal,7,LThigh_to_LShin_rz,LThigh_to_LShin,rz,3.405652075590822e-08,7.159758847565337e-09,-2.6896761908342885e-08,0.03831900686891391,0.029139600922076563
252_T1_vs_T3,longitudinal,7,LUArm_to_LFArm_rx,LUArm_to_LFArm,rx,0.20497980477362007,0.3073672461403249,0.10238744136670483,0.03831900686891391,0.029139600922076563
252_T1_vs_T3,longitudinal,7,LUArm_to_LFArm_ry,LUArm_to_LFArm,ry,0.04843161132285477,0.6724256764853789,0.6239940651625241,0.03831900686891391,0.029139600922076563
252_T1_vs_T3,longitudinal,7,LUArm_to_LFArm_rz,LUArm_to_LFArm,rz,0.20205103051390325,0.0552459585778235,-0.14680507193607975,0.03831900686891391,0.029139600922076563
252_T1_vs_T3,longitudinal,7,Neck_to_Head_rx,Neck_to_Head,rx,0.0002929897278982729,0.024703626002178174,0.0244106362742799,0.03831900686891391,0.029139600922076563
252_T1_vs_T3,longitudinal,7,Neck_to_Head_ry,Neck_to_Head,ry,0.06051503081066986,0.02419163376982047,-0.036323397040849394,0.03831900686891391,0.029139600922076563
252_T1_vs_T3,longitudinal,7,Neck_to_Head_rz,Neck_to_Head,rz,0.09311726854344739,0.02922459895549158,-0.06389266958795581,0.03831900686891391,0.029139600922076563
252_T1_vs_T3,longitudinal,7,RFArm_to_RHand_rx,RFArm_to_RHand,rx,0.012030331203104675,0.0007768439206640356,-0.01125348728244064,0.03831900686891391,0.029139600922076563
252_T1_vs_T3,longitudinal,7,RFArm_to_RHand_ry,RFArm_to_RHand,ry,0.07504173881616433,0.024567281767666094,-0.050474457048498234,0.03831900686891391,0.029139600922076563
252_T1_vs_T3,longitudinal,7,RFArm_to_RHand_rz,RFArm_to_RHand,rz,0.100987649470166,0.008194279202292076,-0.09279337026787393,0.03831900686891391,0.029139600922076563
252_T1_vs_T3,longitudinal,7,RShin_to_RFoot_rx,RShin_to_RFoot,rx,0.046687022715444185,0.022833850123170414,-0.02385317259227377,0.03831900686891391,0.029139600922076563
252_T1_vs_T3,longitudinal,7,RShin_to_RFoot_ry,RShin_to_RFoot,ry,0.12868639881936916,0.06145989671396541,-0.06722650210540376,0.03831900686891391,0.029139600922076563
252_T1_vs_T3,longitudinal,7,RShin_to_RFoot_rz,RShin_to_RFoot,rz,0.008774890614558658,0.009571851719488475,0.0007969611049298171,0.03831900686891391,0.029139600922076563
252_T1_vs_T3,longitudinal,7,RShoulder_to_RUArm_rx,RShoulder_to_RUArm,rx,0.07082332554794046,0.020028281968841016,-0.05079504357909945,0.03831900686891391,0.029139600922076563
252_T1_vs_T3,longitudinal,7,RShoulder_to_RUArm_ry,RShoulder_to_RUArm,ry,0.18532170088980804,0.009057297100434875,-0.17626440378937316,0.03831900686891391,0.029139600922076563
252_T1_vs_T3,longitudinal,7,RShoulder_to_RUArm_rz,RShoulder_to_RUArm,rz,0.18601532200164175,0.13613883907411617,-0.049876482927525584,0.03831900686891391,0.029139600922076563
252_T1_vs_T3,longitudinal,7,RThigh_to_RShin_rx,RThigh_to_RShin,rx,0.0009177500598310479,0.03147529821858927,0.030557548158758222,0.03831900686891391,0.029139600922076563
252_T1_vs_T3,longitudinal,7,RThigh_to_RShin_ry,RThigh_to_RShin,ry,2.77067572654334e-09,1.1100958515605055e-08,8.330282789061714e-09,0.03831900686891391,0.029139600922076563
252_T1_vs_T3,longitudinal,7,RThigh_to_RShin_rz,RThigh_to_RShin,rz,1.684468140241816e-08,1.0767626141275731e-08,-6.0770552611424296e-09,0.03831900686891391,0.029139600922076563
252_T1_vs_T3,longitudinal,7,RUArm_to_RFArm_rx,RUArm_to_RFArm,rx,0.2641042023072065,0.0573528605159108,-0.2067513417912957,0.03831900686891391,0.029139600922076563
252_T1_vs_T3,longitudinal,7,RUArm_to_RFArm_ry,RUArm_to_RFArm,ry,0.18619705962863023,0.1070318847694145,-0.07916517485921573,0.03831900686891391,0.029139600922076563
252_T1_vs_T3,longitudinal,7,RUArm_to_RFArm_rz,RUArm_to_RFArm,rz,0.03235166596851834,0.007722882135105421,-0.024628783833412916,0.03831900686891391,0.029139600922076563
252_T1_R1_vs_R2,natural_variability,1,252_to_LThigh_rx,252_to_LThigh,rx,0.04010029076262802,0.08952083097392641,0.04942054021129839,0.2528730228484326,0.3973533546523289
252_T1_R1_vs_R2,natural_variability,1,252_to_LThigh_ry,252_to_LThigh,ry,0.047866486424953815,0.10529587729551484,0.05742939087056103,0.2528730228484326,0.3973533546523289
252_T1_R1_vs_R2,natural_variability,1,252_to_LThigh_rz,252_to_LThigh,rz,0.030719070206240363,0.060149231709332014,0.02943016150309165,0.2528730228484326,0.3973533546523289
252_T1_R1_vs_R2,natural_variability,1,252_to_RThigh_rx,252_to_RThigh,rx,0.004359477485835631,0.011754811997561662,0.007395334511726031,0.2528730228484326,0.3973533546523289
252_T1_R1_vs_R2,natural_variability,1,252_to_RThigh_ry,252_to_RThigh,ry,0.03975444637645332,0.0804675511889637,0.040713104812510385,0.2528730228484326,0.3973533546523289
252_T1_R1_vs_R2,natural_variability,1,252_to_RThigh_rz,252_to_RThigh,rz,0.035757723698599746,0.06653832634666694,0.030780602648067194,0.2528730228484326,0.3973533546523289
252_T1_R1_vs_R2,natural_variability,1,Chest_to_LShoulder_rx,Chest_to_LShoulder,rx,0.04690067412939805,0.07230626687282161,0.025405592743423563,0.2528730228484326,0.3973533546523289
252_T1_R1_vs_R2,natural_variability,1,Chest_to_LShoulder_ry,Chest_to_LShoulder,ry,0.012823542418569596,0.027217181549168135,0.014393639130598539,0.2528730228484326,0.3973533546523289
252_T1_R1_vs_R2,natural_variability,1,Chest_to_LShoulder_rz,Chest_to_LShoulder,rz,0.08724524456533668,0.08124323449568537,-0.0060020100696513146,0.2528730228484326,0.3973533546523289
252_T1_R1_vs_R2,natural_variability,1,Chest_to_Neck_rx,Chest_to_Neck,rx,0.009635390975528249,0.04789027828116932,0.03825488730564107,0.2528730228484326,0.3973533546523289
252_T1_R1_vs_R2,natural_variability,1,Chest_to_Neck_ry,Chest_to_Neck,ry,0.05725078204020032,0.0794273741226814,0.02217659208248108,0.2528730228484326,0.3973533546523289
252_T1_R1_vs_R2,natural_variability,1,Chest_to_Neck_rz,Chest_to_Neck,rz,0.028416714217591257,0.01479879577711786,-0.013617918440473397,0.2528730228484326,0.3973533546523289
252_T1_R1_vs_R2,natural_variability,1,Chest_to_RShoulder_rx,Chest_to_RShoulder,rx,0.060249105727217436,0.04608187690536053,-0.014167228821856906,0.2528730228484326,0.3973533546523289
252_T1_R1_vs_R2,natural_variability,1,Chest_to_RShoulder_ry,Chest_to_RShoulder,ry,0.036806475035491074,0.022846116695505604,-0.01396035833998547,0.2528730228484326,0.3973533546523289
252_T1_R1_vs_R2,natural_variability,1,Chest_to_RShoulder_rz,Chest_to_RShoulder,rz,0.022743187868982877,0.043866788126795384,0.021123600257812507,0.2528730228484326,0.3973533546523289
252_T1_R1_vs_R2,natural_variability,1,LFArm_to_LHand_rx,LFArm_to_LHand,rx,0.0015480291626900208,0.011888095528820263,0.010340066366130243,0.2528730228484326,0.3973533546523289
252_T1_R1_vs_R2,natural_variability,1,LFArm_to_LHand_ry,LFArm_to_LHand,ry,0.031690129178635465,0.021580712788505232,-0.010109416390130233,0.2528730228484326,0.3973533546523289
252_T1_R1_vs_R2,natural_variability,1,LFArm_to_LHand_rz,LFArm_to_LHand,rz,0.052695999798762785,0.04885737954784553,-0.003838620250917253,0.2528730228484326,0.3973533546523289
252_T1_R1_vs_R2,natural_variability,1,LShin_to_LFoot_rx,LShin_to_LFoot,rx,0.0031023619812122704,0.02273739986933562,0.01963503788812335,0.2528730228484326,0.3973533546523289
252_T1_R1_vs_R2,natural_variability,1,LShin_to_LFoot_ry,LShin_to_LFoot,ry,0.014151147475076321,0.04524239863220822,0.031091251157131898,0.2528730228484326,0.3973533546523289
252_T1_R1_vs_R2,natural_variability,1,LShin_to_LFoot_rz,LShin_to_LFoot,rz,0.00815642927260392,0.026913777442328875,0.018757348169724956,0.2528730228484326,0.3973533546523289
252_T1_R1_vs_R2,natural_variability,1,LShoulder_to_LUArm_rx,LShoulder_to_LUArm,rx,0.14198683771372608,0.3805145230180769,0.23852768530435084,0.2528730228484326,0.3973533546523289
252_T1_R1_vs_R2,natural_variability,1,LShoulder_to_LUArm_ry,LShoulder_to_LUArm,ry,0.3835641672059946,0.12626748107098454,-0.2572966861350101,0.2528730228484326,0.3973533546523289
252_T1_R1_vs_R2,natural_variability,1,LShoulder_to_LUArm_rz,LShoulder_to_LUArm,rz,0.29067611167987456,0.3462204017529871,0.05554429007311251,0.2528730228484326,0.3973533546523289
252_T1_R1_vs_R2,natural_variability,1,LThigh_to_LShin_rx,LThigh_to_LShin,rx,0.03462362195646418,0.03403604702538962,-0.0005875749310745582,0.2528730228484326,0.3973533546523289
252_T1_R1_vs_R2,natural_variability,1,LThigh_to_LShin_ry,LThigh_to_LShin,ry,7.21303584509766e-10,2.6519074374469186e-09,1.9306038529371524e-09,0.2528730228484326,0.3973533546523289
252_T1_R1_vs_R2,natural_variability,1,LThigh_to_LShin_rz,LThigh_to_LShin,rz,1.5301680549391963e-08,2.113238100603559e-08,5.830700456643626e-09,0.2528730228484326,0.3973533546523289
252_T1_R1_vs_R2,natural_variability,1,LUArm_to_LFArm_rx,LUArm_to_LFArm,rx,0.1291940000350941,0.1823768722817929,0.05318287224669879,0.2528730228484326,0.3973533546523289
252_T1_R1_vs_R2,natural_variability,1,LUArm_to_LFArm_ry,LUArm_to_LFArm,ry,0.48409236815744006,0.4670898114862414,-0.017002556671198654,0.2528730228484326,0.3973533546523289
252_T1_R1_vs_R2,natural_variability,1,LUArm_to_LFArm_rz,LUArm_to_LFArm,rz,0.1294229915771357,0.024113131730996162,-0.10530985984613953,0.2528730228484326,0.3973533546523289
252_T1_R1_vs_R2,natural_variability,1,Neck_to_Head_rx,Neck_to_Head,rx,0.009530069700234527,0.047660501838972594,0.03813043213873807,0.2528730228484326,0.3973533546523289
252_T1_R1_vs_R2,natural_variability,1,Neck_to_Head_ry,Neck_to_Head,ry,0.050906174267991225,0.07541460312074662,0.024508428852755393,0.2528730228484326,0.3973533546523289
252_T1_R1_vs_R2,natural_variability,1,Neck_to_Head_rz,Neck_to_Head,rz,0.03867852617236472,0.029614252320703475,-0.009064273851661243,0.2528730228484326,0.3973533546523289
252_T1_R1_vs_R2,natural_variability,1,RFArm_to_RHand_rx,RFArm_to_RHand,rx,0.006042907523570329,0.00469108402495977,-0.0013518234986105585,0.2528730228484326,0.3973533546523289
252_T1_R1_vs_R2,natural_variability,1,RFArm_to_RHand_ry,RFArm_to_RHand,ry,0.0010334616254306394,0.0006319997915397705,-0.0004014618338908689,0.2528730228484326,0.3973533546523289
252_T1_R1_vs_R2,natural_variability,1,RFArm_to_RHand_rz,RFArm_to_RHand,rz,0.09486426912203787,0.06830095347980962,-0.026563315642228247,0.2528730228484326,0.3973533546523289
252_T1_R1_vs_R2,natural_variability,1,RShin_to_RFoot_rx,RShin_to_RFoot,rx,0.02013508435338569,0.020515587004206425,0.0003805026508207354,0.2528730228484326,0.3973533546523289
252_T1_R1_vs_R2,natural_variability,1,RShin_to_RFoot_ry,RShin_to_RFoot,ry,0.021056816103552492,0.06692765475865065,0.04587083865509815,0.2528730228484326,0.3973533546523289
252_T1_R1_vs_R2,natural_variability,1,RShin_to_RFoot_rz,RShin_to_RFoot,rz,0.0027791374635798647,0.031327042273689217,0.028547904810109354,0.2528730228484326,0.3973533546523289
252_T1_R1_vs_R2,natural_variability,1,RShoulder_to_RUArm_rx,RShoulder_to_RUArm,rx,0.5683602022226006,0.4847983567380899,-0.08356184548451073,0.2528730228484326,0.3973533546523289
252_T1_R1_vs_R2,natural_variability,1,RShoulder_to_RUArm_ry,RShoulder_to_RUArm,ry,0.11376991256659735,0.16112466161164432,0.04735474904504697,0.2528730228484326,0.3973533546523289
252_T1_R1_vs_R2,natural_variability,1,RShoulder_to_RUArm_rz,RShoulder_to_RUArm,rz,0.17670341393055625,0.31303287455174617,0.13632946062118992,0.2528730228484326,0.3973533546523289
252_T1_R1_vs_R2,natural_variability,1,RThigh_to_RShin_rx,RThigh_to_RShin,rx,0.029687729180759674,0.046453664098879945,0.01676593491812027,0.2528730228484326,0.3973533546523289
252_T1_R1_vs_R2,natural_variability,1,RThigh_to_RShin_ry,RThigh_to_RShin,ry,6.148563146545648e-10,1.855192832257712e-08,1.7937072007922554e-08,0.2528730228484326,0.3973533546523289
252_T1_R1_vs_R2,natural_variability,1,RThigh_to_RShin_rz,RThigh_to_RShin,rz,3.362889457087176e-09,1.8364801444656605e-08,1.500191198756943e-08,0.2528730228484326,0.3973533546523289
252_T1_R1_vs_R2,natural_variability,1,RUArm_to_RFArm_rx,RUArm_to_RFArm,rx,0.12693624294196876,0.0026828863540774277,-0.12425335658789133,0.2528730228484326,0.3973533546523289
252_T1_R1_vs_R2,natural_variability,1,RUArm_to_RFArm_ry,RUArm_to_RFArm,ry,0.2127703191315666,0.11155497320609759,-0.10121534592546902,0.2528730228484326,0.3973533546523289
252_T1_R1_vs_R2,natural_variability,1,RUArm_to_RFArm_rz,RUArm_to_RFArm,rz,0.06530987376219732,0.0850023945600199,0.019692520797822577,0.2528730228484326,0.3973533546523289
252_T1_R1_vs_R2,natural_variability,2,252_to_LThigh_rx,252_to_LThigh,rx,0.05003080389177207,0.024615546997616998,-0.025415256894155074,0.1928712469386539,0.2723735331931023
252_T1_R1_vs_R2,natural_variability,2,252_to_LThigh_ry,252_to_LThigh,ry,0.0029962900302275275,0.005188532517773086,0.0021922424875455582,0.1928712469386539,0.2723735331931023
252_T1_R1_vs_R2,natural_variability,2,252_to_LThigh_rz,252_to_LThigh,rz,0.013534481440467077,0.01766840728398663,0.004133925843519553,0.1928712469386539,0.2723735331931023
252_T1_R1_vs_R2,natural_variability,2,252_to_RThigh_rx,252_to_RThigh,rx,0.028306585144950526,0.0033582398352263593,-0.024948345309724167,0.1928712469386539,0.2723735331931023
252_T1_R1_vs_R2,natural_variability,2,252_to_RThigh_ry,252_to_RThigh,ry,0.003275605775873492,0.004208445583013888,0.0009328398071403957,0.1928712469386539,0.2723735331931023
252_T1_R1_vs_R2,natural_variability,2,252_to_RThigh_rz,252_to_RThigh,rz,0.008940235099446952,0.013053667227480603,0.004113432128033652,0.1928712469386539,0.2723735331931023
252_T1_R1_vs_R2,natural_variability,2,Chest_to_LShoulder_rx,Chest_to_LShoulder,rx,0.0066017108358724826,0.0198417524429768,0.013240041607104316,0.1928712469386539,0.2723735331931023
252_T1_R1_vs_R2,natural_variability,2,Chest_to_LShoulder_ry,Chest_to_LShoulder,ry,0.02722165478927405,0.03811594396995416,0.010894289180680108,0.1928712469386539,0.2723735331931023
252_T1_R1_vs_R2,natural_variability,2,Chest_to_LShoulder_rz,Chest_to_LShoulder,rz,0.02509471056566586,0.04726755173708638,0.022172841171420522,0.1928712469386539,0.2723735331931023
252_T1_R1_vs_R2,natural_variability,2,Chest_to_Neck_rx,Chest_to_Neck,rx,0.018186095076977663,0.011004740577865518,-0.007181354499112145,0.1928712469386539,0.2723735331931023
252_T1_R1_vs_R2,natural_variability,2,Chest_to_Neck_ry,Chest_to_Neck,ry,0.00039191028836494345,0.005412243491491239,0.005020333203126295,0.1928712469386539,0.2723735331931023
252_T1_R1_vs_R2,natural_variability,2,Chest_to_Neck_rz,Chest_to_Neck,rz,0.03349219124793165,0.047549675256298544,0.014057484008366893,0.1928712469386539,0.2723735331931023
252_T1_R1_vs_R2,natural_variability,2,Chest_to_RShoulder_rx,Chest_to_RShoulder,rx,0.00535589847489901,0.01047411548534736,0.00511821701044835,0.1928712469386539,0.2723735331931023
252_T1_R1_vs_R2,natural_variability,2,Chest_to_RShoulder_ry,Chest_to_RShoulder,ry,0.029742315504195992,0.03160756668154236,0.0018652511773463686,0.1928712469386539,0.2723735331931023
252_T1_R1_vs_R2,natural_variability,2,Chest_to_RShoulder_rz,Chest_to_RShoulder,rz,0.1214606672241536,0.0991999604456797,-0.0222607067784739,0.1928712469386539,0.2723735331931023
252_T1_R1_vs_R2,natural_variability,2,LFArm_to_LHand_rx,LFArm_to_LHand,rx,0.010710278732045697,0.00724584922401609,-0.003464429508029607,0.1928712469386539,0.2723735331931023
252_T1_R1_vs_R2,natural_variability,2,LFArm_to_LHand_ry,LFArm_to_LHand,ry,0.039285440682204284,0.03445019544552133,-0.004835245236682953,0.1928712469386539,0.2723735331931023
252_T1_R1_vs_R2,natural_variability,2,LFArm_to_LHand_rz,LFArm_to_LHand,rz,0.05539536318496657,0.051986908255229766,-0.0034084549297368066,0.1928712469386539,0.2723735331931023
252_T1_R1_vs_R2,natural_variability,2,LShin_to_LFoot_rx,LShin_to_LFoot,rx,0.014469616664260833,0.023742157577631613,0.00927254091337078,0.1928712469386539,0.2723735331931023
252_T1_R1_vs_R2,natural_variability,2,LShin_to_LFoot_ry,LShin_to_LFoot,ry,0.015133773758633718,0.024335433586226696,0.009201659827592978,0.1928712469386539,0.2723735331931023
252_T1_R1_vs_R2,natural_variability,2,LShin_to_LFoot_rz,LShin_to_LFoot,rz,0.011583200457044984,0.013694531750905573,0.0021113312938605897,0.1928712469386539,0.2723735331931023
252_T1_R1_vs_R2,natural_variability,2,LShoulder_to_LUArm_rx,LShoulder_to_LUArm,rx,0.14222619089866456,0.018176337106629345,-0.12404985379203522,0.1928712469386539,0.2723735331931023
252_T1_R1_vs_R2,natural_variability,2,LShoulder_to_LUArm_ry,LShoulder_to_LUArm,ry,0.14872209848321816,0.20346222589625776,0.0547401274130396,0.1928712469386539,0.2723735331931023
252_T1_R1_vs_R2,natural_variability,2,LShoulder_to_LUArm_rz,LShoulder_to_LUArm,rz,0.1187546133716637,0.0477613272432493,-0.07099328612841439,0.1928712469386539,0.2723735331931023
252_T1_R1_vs_R2,natural_variability,2,LThigh_to_LShin_rx,LThigh_to_LShin,rx,0.035136967002069724,0.04406590242608432,0.008928935424014593,0.1928712469386539,0.2723735331931023
252_T1_R1_vs_R2,natural_variability,2,LThigh_to_LShin_ry,LThigh_to_LShin,ry,1.551840960045181e-08,1.6154630099861508e-08,6.362204994096965e-10,0.1928712469386539,0.2723735331931023
252_T1_R1_vs_R2,natural_variability,2,LThigh_to_LShin_rz,LThigh_to_LShin,rz,8.908419933319493e-09,1.8133702434835108e-09,-7.095049689835982e-09,0.1928712469386539,0.2723735331931023
252_T1_R1_vs_R2,natural_variability,2,LUArm_to_LFArm_rx,LUArm_to_LFArm,rx,0.12748633091509262,0.07244071555128272,-0.055045615363809905,0.1928712469386539,0.2723735331931023
252_T1_R1_vs_R2,natural_variability,2,LUArm_to_LFArm_ry,LUArm_to_LFArm,ry,0.20453933711370062,0.337065378953303,0.1325260418396024,0.1928712469386539,0.2723735331931023
252_T1_R1_vs_R2,natural_variability,2,LUArm_to_LFArm_rz,LUArm_to_LFArm,rz,0.09283422152617822,0.07044961511829269,-0.022384606407885532,0.1928712469386539,0.2723735331931023
252_T1_R1_vs_R2,natural_variability,2,Neck_to_Head_rx,Neck_to_Head,rx,0.01815328828800342,0.011068297438324042,-0.007084990849679378,0.1928712469386539,0.2723735331931023
252_T1_R1_vs_R2,natural_variability,2,Neck_to_Head_ry,Neck_to_Head,ry,0.0068185073133277905,0.014413539039442097,0.007595031726114306,0.1928712469386539,0.2723735331931023
252_T1_R1_vs_R2,natural_variability,2,Neck_to_Head_rz,Neck_to_Head,rz,0.0327233574305464,0.04560278254108757,0.012879425110541173,0.1928712469386539,0.2723735331931023
252_T1_R1_vs_R2,natural_variability,2,RFArm_to_RHand_rx,RFArm_to_RHand,rx,0.010093039512189268,0.009977746505015015,-0.0001152930071742532,0.1928712469386539,0.2723735331931023
252_T1_R1_vs_R2,natural_variability,2,RFArm_to_RHand_ry,RFArm_to_RHand,ry,0.06583767035089179,0.050677755412349146,-0.015159914938542643,0.1928712469386539,0.2723735331931023
252_T1_R1_vs_R2,natural_variability,2,RFArm_to_RHand_rz,RFArm_to_RHand,rz,0.09197753143807716,0.09048259859597726,-0.0014949328420998942,0.1928712469386539,0.2723735331931023
252_T1_R1_vs_R2,natural_variability,2,RShin_to_RFoot_rx,RShin_to_RFoot,rx,0.013605676107770671,0.015394438021843211,0.0017887619140725397,0.1928712469386539,0.2723735331931023
252_T1_R1_vs_R2,natural_variability,2,RShin_to_RFoot_ry,RShin_to_RFoot,ry,0.019268756699498346,0.020289918275443162,0.0010211615759448157,0.1928712469386539,0.2723735331931023
252_T1_R1_vs_R2,natural_variability,2,RShin_to_RFoot_rz,RShin_to_RFoot,rz,0.008900722860915757,0.009456227896532452,0.0005555050356166949,0.1928712469386539,0.2723735331931023
252_T1_R1_vs_R2,natural_variability,2,RShoulder_to_RUArm_rx,RShoulder_to_RUArm,rx,0.46680162055352675,0.5569463769127864,0.09014475635925961,0.1928712469386539,0.2723735331931023
252_T1_R1_vs_R2,natural_variability,2,RShoulder_to_RUArm_ry,RShoulder_to_RUArm,ry,0.1623881099045414,0.06350173738296358,-0.09888637252157781,0.1928712469386539,0.2723735331931023
252_T1_R1_vs_R2,natural_variability,2,RShoulder_to_RUArm_rz,RShoulder_to_RUArm,rz,0.20305544772281492,0.1481999548137859,-0.054855492909029024,0.1928712469386539,0.2723735331931023
252_T1_R1_vs_R2,natural_variability,2,RThigh_to_RShin_rx,RThigh_to_RShin,rx,0.02243170163918374,0.03297775881006067,0.010546057170876928,0.1928712469386539,0.2723735331931023
252_T1_R1_vs_R2,natural_variability,2,RThigh_to_RShin_ry,RThigh_to_RShin,ry,8.049587853450267e-09,1.3040234566384659e-08,4.990646712934391e-09,0.1928712469386539,0.2723735331931023
252_T1_R1_vs_R2,natural_variability,2,RThigh_to_RShin_rz,RThigh_to_RShin,rz,8.251998409433341e-09,6.194238021656849e-09,-2.0577603877764922e-09,0.1928712469386539,0.2723735331931023
252_T1_R1_vs_R2,natural_variability,2,RUArm_to_RFArm_rx,RUArm_to_RFArm,rx,0.4433380415147791,0.5069857717660912,0.06364773025131204,0.1928712469386539,0.2723735331931023
252_T1_R1_vs_R2,natural_variability,2,RUArm_to_RFArm_ry,RUArm_to_RFArm,ry,0.5205478460858787,0.3559736114101076,-0.1645742346757711,0.1928712469386539,0.2723735331931023
252_T1_R1_vs_R2,natural_variability,2,RUArm_to_RFArm_rz,RUArm_to_RFArm,rz,0.28228296194191904,0.2670720746956197,-0.01521088724629932,0.1928712469386539,0.2723735331931023
252_T1_R1_vs_R2,natural_variability,3,252_to_LThigh_rx,252_to_LThigh,rx,0.0668750883869121,0.053303969272288344,-0.013571119114623754,0.11691388816719442,0.1278751103100486
252_T1_R1_vs_R2,natural_variability,3,252_to_LThigh_ry,252_to_LThigh,ry,0.020579598979560625,0.05382600757574195,0.033246408596181325,0.11691388816719442,0.1278751103100486
252_T1_R1_vs_R2,natural_variability,3,252_to_LThigh_rz,252_to_LThigh,rz,0.012992092356926487,0.01596956407798535,0.0029774717210588626,0.11691388816719442,0.1278751103100486
252_T1_R1_vs_R2,natural_variability,3,252_to_RThigh_rx,252_to_RThigh,rx,0.03555771011718168,0.024313514388190915,-0.011244195728990766,0.11691388816719442,0.1278751103100486
252_T1_R1_vs_R2,natural_variability,3,252_to_RThigh_ry,252_to_RThigh,ry,0.030178236886926068,0.029677737265536,-0.0005004996213900693,0.11691388816719442,0.1278751103100486
252_T1_R1_vs_R2,natural_variability,3,252_to_RThigh_rz,252_to_RThigh,rz,0.008482052715844438,0.013940449671452757,0.005458396955608319,0.11691388816719442,0.1278751103100486
252_T1_R1_vs_R2,natural_variability,3,Chest_to_LShoulder_rx,Chest_to_LShoulder,rx,0.03953609374849543,0.03798486568345011,-0.001551228065045318,0.11691388816719442,0.1278751103100486
252_T1_R1_vs_R2,natural_variability,3,Chest_to_LShoulder_ry,Chest_to_LShoulder,ry,0.020793520057590442,0.002136766784306669,-0.018656753273283772,0.11691388816719442,0.1278751103100486
252_T1_R1_vs_R2,natural_variability,3,Chest_to_LShoulder_rz,Chest_to_LShoulder,rz,0.044826534488309276,0.004353587084498313,-0.040472947403810966,0.11691388816719442,0.1278751103100486
252_T1_R1_vs_R2,natural_variability,3,Chest_to_Neck_rx,Chest_to_Neck,rx,0.06356806405892093,0.022361888469351464,-0.04120617558956947,0.11691388816719442,0.1278751103100486
252_T1_R1_vs_R2,natural_variability,3,Chest_to_Neck_ry,Chest_to_Neck,ry,0.007956121762991203,0.010812745751675951,0.0028566239886847478,0.11691388816719442,0.1278751103100486
252_T1_R1_vs_R2,natural_variability,3,Chest_to_Neck_rz,Chest_to_Neck,rz,0.051984453394722775,0.011493126867248729,-0.040491326527474045,0.11691388816719442,0.1278751103100486
252_T1_R1_vs_R2,natural_variability,3,Chest_to_RShoulder_rx,Chest_to_RShoulder,rx,0.03117350716486366,0.05185434801392768,0.02068084084906402,0.11691388816719442,0.1278751103100486
252_T1_R1_vs_R2,natural_variability,3,Chest_to_RShoulder_ry,Chest_to_RShoulder,ry,0.01524129970124662,0.027008718551417288,0.011767418850170668,0.11691388816719442,0.1278751103100486
252_T1_R1_vs_R2,natural_variability,3,Chest_to_RShoulder_rz,Chest_to_RShoulder,rz,0.05443348107686067,0.0035226474643856144,-0.05091083361247505,0.11691388816719442,0.1278751103100486
252_T1_R1_vs_R2,natural_variability,3,LFArm_to_LHand_rx,LFArm_to_LHand,rx,0.003564816294604986,0.02366773137886107,0.020102915084256084,0.11691388816719442,0.1278751103100486
252_T1_R1_vs_R2,natural_variability,3,LFArm_to_LHand_ry,LFArm_to_LHand,ry,0.0077897711912933605,0.08453610335098251,0.07674633215968915,0.11691388816719442,0.1278751103100486
252_T1_R1_vs_R2,natural_variability,3,LFArm_to_LHand_rz,LFArm_to_LHand,rz,0.020771952727947563,0.15630058588041185,0.13552863315246427,0.11691388816719442,0.1278751103100486
252_T1_R1_vs_R2,natural_variability,3,LShin_to_LFoot_rx,LShin_to_LFoot,rx,0.032465774588649,0.03287138842654934,0.0004056138379003385,0.11691388816719442,0.1278751103100486
252_T1_R1_vs_R2,natural_variability,3,LShin_to_LFoot_ry,LShin_to_LFoot,ry,0.00720229123682522,0.023806952175646705,0.016604660938821486,0.11691388816719442,0.1278751103100486
252_T1_R1_vs_R2,natural_variability,3,LShin_to_LFoot_rz,LShin_to_LFoot,rz,0.0023450568933066802,0.01682372049841609,0.01447866360510941,0.11691388816719442,0.1278751103100486
252_T1_R1_vs_R2,natural_variability,3,LShoulder_to_LUArm_rx,LShoulder_to_LUArm,rx,0.16211441912530375,0.37109834685526893,0.20898392772996519,0.11691388816719442,0.1278751103100486
252_T1_R1_vs_R2,natural_variability,3,LShoulder_to_LUArm_ry,LShoulder_to_LUArm,ry,0.06116764326926667,0.4389616437105553,0.37779400044128864,0.11691388816719442,0.1278751103100486
252_T1_R1_vs_R2,natural_variability,3,LShoulder_to_LUArm_rz,LShoulder_to_LUArm,rz,0.23140337256342425,0.008601445021985612,-0.22280192754143863,0.11691388816719442,0.1278751103100486
252_T1_R1_vs_R2,natural_variability,3,LThigh_to_LShin_rx,LThigh_to_LShin,rx,0.10439509301710587,0.0014670611578779002,-0.10292803185922797,0.11691388816719442,0.1278751103100486
252_T1_R1_vs_R2,natural_variability,3,LThigh_to_LShin_ry,LThigh_to_LShin,ry,7.1915939524279194e-09,1.3810890930369848e-09,-5.810504859390934e-09,0.11691388816719442,0.1278751103100486
252_T1_R1_vs_R2,natural_variability,3,LThigh_to_LShin_rz,LThigh_to_LShin,rz,1.8836437718277674e-08,5.129136317974803e-09,-1.370730140030287e-08,0.11691388816719442,0.1278751103100486
252_T1_R1_vs_R2,natural_variability,3,LUArm_to_LFArm_rx,LUArm_to_LFArm,rx,0.21638476763497985,0.48404764863541155,0.2676628810004317,0.11691388816719442,0.1278751103100486
252_T1_R1_vs_R2,natural_variability,3,LUArm_to_LFArm_ry,LUArm_to_LFArm,ry,0.6373296100443233,0.06687657307979866,-0.5704530369645247,0.11691388816719442,0.1278751103100486
252_T1_R1_vs_R2,natural_variability,3,LUArm_to_LFArm_rz,LUArm_to_LFArm,rz,0.11260332697086449,0.2523864751009864,0.13978314813012188,0.11691388816719442,0.1278751103100486
252_T1_R1_vs_R2,natural_variability,3,Neck_to_Head_rx,Neck_to_Head,rx,0.06349074923774586,0.022282318403441373,-0.04120843083430449,0.11691388816719442,0.1278751103100486
252_T1_R1_vs_R2,natural_variability,3,Neck_to_Head_ry,Neck_to_Head,ry,0.017867787884237797,0.012867795951173712,-0.004999991933064085,0.11691388816719442,0.1278751103100486
252_T1_R1_vs_R2,natural_variability,3,Neck_to_Head_rz,Neck_to_Head,rz,0.04938881174881633,0.009073726854045736,-0.0403150848947706,0.11691388816719442,0.1278751103100486
252_T1_R1_vs_R2,natural_variability,3,RFArm_to_RHand_rx,RFArm_to_RHand,rx,0.005368957313152487,0.00036200159169742937,-0.005006955721455058,0.11691388816719442,0.1278751103100486
252_T1_R1_vs_R2,natural_variability,3,RFArm_to_RHand_ry,RFArm_to_RHand,ry,0.04572670431674804,0.02865981868505685,-0.017066885631691186,0.11691388816719442,0.1278751103100486
252_T1_R1_vs_R2,natural_variability,3,RFArm_to_RHand_rz,RFArm_to_RHand,rz,0.026517945051761097,0.040308839578275295,0.013790894526514198,0.11691388816719442,0.1278751103100486
252_T1_R1_vs_R2,natural_variability,3,RShin_to_RFoot_rx,RShin_to_RFoot,rx,0.018545829622774342,0.0012470106633908485,-0.017298818959383493,0.11691388816719442,0.1278751103100486
252_T1_R1_vs_R2,natural_variability,3,RShin_to_RFoot_ry,RShin_to_RFoot,ry,0.013893470427729636,0.042605042596072784,0.02871157216834315,0.11691388816719442,0.1278751103100486
252_T1_R1_vs_R2,natural_variability,3,RShin_to_RFoot_rz,RShin_to_RFoot,rz,0.006672575306229398,0.02776941307143453,0.021096837765205136,0.11691388816719442,0.1278751103100486
252_T1_R1_vs_R2,natural_variability,3,RShoulder_to_RUArm_rx,RShoulder_to_RUArm,rx,0.14383663578858136,0.3661656447189138,0.22232900893033242,0.11691388816719442,0.1278751103100486
252_T1_R1_vs_R2,natural_variability,3,RShoulder_to_RUArm_ry,RShoulder_to_RUArm,ry,0.015992884349668317,0.1356849053385142,0.11969202098884589,0.11691388816719442,0.1278751103100486
252_T1_R1_vs_R2,natural_variability,3,RShoulder_to_RUArm_rz,RShoulder_to_RUArm,rz,0.1200307365831632,0.00987224906338576,-0.11015848751977744,0.11691388816719442,0.1278751103100486
252_T1_R1_vs_R2,natural_variability,3,RThigh_to_RShin_rx,RThigh_to_RShin,rx,0.04507824763827988,0.011662847420609235,-0.03341540021767064,0.11691388816719442,0.1278751103100486
252_T1_R1_vs_R2,natural_variability,3,RThigh_to_RShin_ry,RThigh_to_RShin,ry,2.260660577569208e-08,1.882481268495296e-08,-3.78179309073912e-09,0.11691388816719442,0.1278751103100486
252_T1_R1_vs_R2,natural_variability,3,RThigh_to_RShin_rz,RThigh_to_RShin,rz,1.3400758352397347e-08,2.7931854608394978e-08,1.4531096255997631e-08,0.11691388816719442,0.1278751103100486
252_T1_R1_vs_R2,natural_variability,3,RUArm_to_RFArm_rx,RUArm_to_RFArm,rx,0.25105159971387153,0.16606531253787765,-0.08498628717599388,0.11691388816719442,0.1278751103100486
252_T1_R1_vs_R2,natural_variability,3,RUArm_to_RFArm_ry,RUArm_to_RFArm,ry,0.550284810886752,0.3620814310608815,-0.1882033798258705,0.11691388816719442,0.1278751103100486
252_T1_R1_vs_R2,natural_variability,3,RUArm_to_RFArm_rz,RUArm_to_RFArm,rz,0.05015706674072504,0.049958544138588426,-0.000198522602136611,0.11691388816719442,0.1278751103100486
252_T1_R1_vs_R2,natural_variability,4,252_to_LThigh_rx,252_to_LThigh,rx,0.2590499657937596,0.09041639292231807,-0.16863357287144154,0.08751480966805943,0.08786620163592622
252_T1_R1_vs_R2,natural_variability,4,252_to_LThigh_ry,252_to_LThigh,ry,0.13098295149586842,0.06170269655848509,-0.06928025493738332,0.08751480966805943,0.08786620163592622
252_T1_R1_vs_R2,natural_variability,4,252_to_LThigh_rz,252_to_LThigh,rz,0.15710794788864627,0.05431677493366172,-0.10279117295498455,0.08751480966805943,0.08786620163592622
252_T1_R1_vs_R2,natural_variability,4,252_to_RThigh_rx,252_to_RThigh,rx,0.15802811544262038,0.06118233719422336,-0.09684577824839702,0.08751480966805943,0.08786620163592622
252_T1_R1_vs_R2,natural_variability,4,252_to_RThigh_ry,252_to_RThigh,ry,0.09387416437431943,0.032002266557461675,-0.06187189781685776,0.08751480966805943,0.08786620163592622
252_T1_R1_vs_R2,natural_variability,4,252_to_RThigh_rz,252_to_RThigh,rz,0.15605675477456357,0.05636375688390671,-0.09969299789065686,0.08751480966805943,0.08786620163592622
252_T1_R1_vs_R2,natural_variability,4,Chest_to_LShoulder_rx,Chest_to_LShoulder,rx,0.04014236837433928,0.0013503827270888566,-0.03879198564725042,0.08751480966805943,0.08786620163592622
252_T1_R1_vs_R2,natural_variability,4,Chest_to_LShoulder_ry,Chest_to_LShoulder,ry,0.004199953625531107,0.018076459501766895,0.013876505876235788,0.08751480966805943,0.08786620163592622
252_T1_R1_vs_R2,natural_variability,4,Chest_to_LShoulder_rz,Chest_to_LShoulder,rz,0.0069174724861208285,0.037613709011427784,0.030696236525306956,0.08751480966805943,0.08786620163592622
252_T1_R1_vs_R2,natural_variability,4,Chest_to_Neck_rx,Chest_to_Neck,rx,0.104813320790548,0.11586145141382788,0.011048130623279875,0.08751480966805943,0.08786620163592622
252_T1_R1_vs_R2,natural_variability,4,Chest_to_Neck_ry,Chest_to_Neck,ry,0.0379072078102007,0.03637513142404837,-0.0015320763861523326,0.08751480966805943,0.08786620163592622
252_T1_R1_vs_R2,natural_variability,4,Chest_to_Neck_rz,Chest_to_Neck,rz,0.007878417138478285,0.048143651121980116,0.04026523398350183,0.08751480966805943,0.08786620163592622
252_T1_R1_vs_R2,natural_variability,4,Chest_to_RShoulder_rx,Chest_to_RShoulder,rx,0.01862650500533341,0.023218783825169766,0.004592278819836357,0.08751480966805943,0.08786620163592622
252_T1_R1_vs_R2,natural_variability,4,Chest_to_RShoulder_ry,Chest_to_RShoulder,ry,0.018160907497230386,0.014882445915097018,-0.0032784615821333674,0.08751480966805943,0.08786620163592622
252_T1_R1_vs_R2,natural_variability,4,Chest_to_RShoulder_rz,Chest_to_RShoulder,rz,0.0970741925028871,0.03349566810715248,-0.06357852439573461,0.08751480966805943,0.08786620163592622
252_T1_R1_vs_R2,natural_variability,4,LFArm_to_LHand_rx,LFArm_to_LHand,rx,0.002597443868406582,0.004562867295216478,0.001965423426809896,0.08751480966805943,0.08786620163592622
252_T1_R1_vs_R2,natural_variability,4,LFArm_to_LHand_ry,LFArm_to_LHand,ry,0.03935154210604164,0.052338698172937945,0.012987156066896308,0.08751480966805943,0.08786620163592622
252_T1_R1_vs_R2,natural_variability,4,LFArm_to_LHand_rz,LFArm_to_LHand,rz,0.04902083116077154,0.10344431646048333,0.054423485299711784,0.08751480966805943,0.08786620163592622
252_T1_R1_vs_R2,natural_variability,4,LShin_to_LFoot_rx,LShin_to_LFoot,rx,0.07273042328651327,0.0743808670874321,0.0016504438009188327,0.08751480966805943,0.08786620163592622
252_T1_R1_vs_R2,natural_variability,4,LShin_to_LFoot_ry,LShin_to_LFoot,ry,0.03656274268361446,0.02357635154192117,-0.012986391141693289,0.08751480966805943,0.08786620163592622
252_T1_R1_vs_R2,natural_variability,4,LShin_to_LFoot_rz,LShin_to_LFoot,rz,0.0525851782202924,0.024590826529940452,-0.027994351690351946,0.08751480966805943,0.08786620163592622
252_T1_R1_vs_R2,natural_variability,4,LShoulder_to_LUArm_rx,LShoulder_to_LUArm,rx,0.3034555363438265,0.07171362395794734,-0.23174191238587916,0.08751480966805943,0.08786620163592622
252_T1_R1_vs_R2,natural_variability,4,LShoulder_to_LUArm_ry,LShoulder_to_LUArm,ry,0.2107886961346136,0.22069914014229597,0.009910444007682373,0.08751480966805943,0.08786620163592622
252_T1_R1_vs_R2,natural_variability,4,LShoulder_to_LUArm_rz,LShoulder_to_LUArm,rz,0.11944555847698901,0.21337100966165887,0.09392545118466986,0.08751480966805943,0.08786620163592622
252_T1_R1_vs_R2,natural_variability,4,LThigh_to_LShin_rx,LThigh_to_LShin,rx,0.044181804620129383,0.07129090555607855,0.027109100935949162,0.08751480966805943,0.08786620163592622
252_T1_R1_vs_R2,natural_variability,4,LThigh_to_LShin_ry,LThigh_to_LShin,ry,2.128471030634526e-09,2.839970137477375e-09,7.114991068428487e-10,0.08751480966805943,0.08786620163592622
252_T1_R1_vs_R2,natural_variability,4,LThigh_to_LShin_rz,LThigh_to_LShin,rz,9.921836074854821e-09,2.448847022500024e-08,1.4566634150145417e-08,0.08751480966805943,0.08786620163592622
252_T1_R1_vs_R2,natural_variability,4,LUArm_to_LFArm_rx,LUArm_to_LFArm,rx,0.5023543372898287,0.16947834862546268,-0.332875988664366,0.08751480966805943,0.08786620163592622
252_T1_R1_vs_R2,natural_variability,4,LUArm_to_LFArm_ry,LUArm_to_LFArm,ry,0.24359398601017887,0.5912089488050261,0.34761496279484716,0.08751480966805943,0.08786620163592622
252_T1_R1_vs_R2,natural_variability,4,LUArm_to_LFArm_rz,LUArm_to_LFArm,rz,0.2978072332618255,0.08996052946169227,-0.20784670380013326,0.08751480966805943,0.08786620163592622
252_T1_R1_vs_R2,natural_variability,4,Neck_to_Head_rx,Neck_to_Head,rx,0.10432095535472911,0.11549854118288709,0.011177585828157977,0.08751480966805943,0.08786620163592622
252_T1_R1_vs_R2,natural_variability,4,Neck_to_Head_ry,Neck_to_Head,ry,0.03610424294617251,0.04518141747367243,0.009077174527499919,0.08751480966805943,0.08786620163592622
252_T1_R1_vs_R2,natural_variability,4,Neck_to_Head_rz,Neck_to_Head,rz,0.01497134527487434,0.040183841708078157,0.025212496433203814,0.08751480966805943,0.08786620163592622
252_T1_R1_vs_R2,natural_variability,4,RFArm_to_RHand_rx,RFArm_to_RHand,rx,0.0030224320851617156,0.0060090683333100855,0.00298663624814837,0.08751480966805943,0.08786620163592622
252_T1_R1_vs_R2,natural_variability,4,RFArm_to_RHand_ry,RFArm_to_RHand,ry,0.008668462471298523,0.04855812753135064,0.039889665060052114,0.08751480966805943,0.08786620163592622
252_T1_R1_vs_R2,natural_variability,4,RFArm_to_RHand_rz,RFArm_to_RHand,rz,0.028004175759171225,0.05126481896036561,0.023260643201194385,0.08751480966805943,0.08786620163592622
252_T1_R1_vs_R2,natural_variability,4,RShin_to_RFoot_rx,RShin_to_RFoot,rx,0.05862950187548885,0.041492803688420316,-0.017136698187068533,0.08751480966805943,0.08786620163592622
252_T1_R1_vs_R2,natural_variability,4,RShin_to_RFoot_ry,RShin_to_RFoot,ry,0.07127112435198817,0.05958942825456235,-0.011681696097425816,0.08751480966805943,0.08786620163592622
252_T1_R1_vs_R2,natural_variability,4,RShin_to_RFoot_rz,RShin_to_RFoot,rz,0.08321817147401978,0.03627092759995599,-0.046947243874063786,0.08751480966805943,0.08786620163592622
252_T1_R1_vs_R2,natural_variability,4,RShoulder_to_RUArm_rx,RShoulder_to_RUArm,rx,0.126772559009618,0.03163186597150194,-0.09514069303811606,0.08751480966805943,0.08786620163592622
252_T1_R1_vs_R2,natural_variability,4,RShoulder_to_RUArm_ry,RShoulder_to_RUArm,ry,0.21256714698857138,0.12715505512081143,-0.08541209186775994,0.08751480966805943,0.08786620163592622
252_T1_R1_vs_R2,natural_variability,4,RShoulder_to_RUArm_rz,RShoulder_to_RUArm,rz,0.3146136007606407,0.10158751532300328,-0.21302608543763743,0.08751480966805943,0.08786620163592622
252_T1_R1_vs_R2,natural_variability,4,RThigh_to_RShin_rx,RThigh_to_RShin,rx,0.07708193313184321,0.07560016147116798,-0.0014817716606752296,0.08751480966805943,0.08786620163592622
252_T1_R1_vs_R2,natural_variability,4,RThigh_to_RShin_ry,RThigh_to_RShin,ry,2.898357603848124e-08,7.653840286795807e-10,-2.821819200980166e-08,0.08751480966805943,0.08786620163592622
252_T1_R1_vs_R2,natural_variability,4,RThigh_to_RShin_rz,RThigh_to_RShin,rz,3.3596930758248896e-08,1.154819213715819e-08,-2.2048738621090707e-08,0.08751480966805943,0.08786620163592622
252_T1_R1_vs_R2,natural_variability,4,RUArm_to_RFArm_rx,RUArm_to_RFArm,rx,0.11770620864557539,0.03274530954345663,-0.08496089910211876,0.08751480966805943,0.08786620163592622
252_T1_R1_vs_R2,natural_variability,4,RUArm_to_RFArm_ry,RUArm_to_RFArm,ry,0.15280185607111937,0.6024425891569796,0.44964073308586017,0.08751480966805943,0.08786620163592622
252_T1_R1_vs_R2,natural_variability,4,RUArm_to_RFArm_rz,RUArm_to_RFArm,rz,0.10037621789234544,0.14019276076374404,0.0398165428713986,0.08751480966805943,0.08786620163592622
252_T1_R1_vs_R2,natural_variability,5,252_to_LThigh_rx,252_to_LThigh,rx,0.035138820872641634,0.12911705514773353,0.09397823427509189,0.06068274208654797,0.06217270144140922
252_T1_R1_vs_R2,natural_variability,5,252_to_LThigh_ry,252_to_LThigh,ry,0.023965137930271843,0.00898915503620899,-0.014975982894062854,0.06068274208654797,0.06217270144140922
252_T1_R1_vs_R2,natural_variability,5,252_to_LThigh_rz,252_to_LThigh,rz,0.011435088743051866,0.025651307508097635,0.014216218765045769,0.06068274208654797,0.06217270144140922
252_T1_R1_vs_R2,natural_variability,5,252_to_RThigh_rx,252_to_RThigh,rx,0.013158159959338419,0.1320627947751339,0.1189046348157955,0.06068274208654797,0.06217270144140922
252_T1_R1_vs_R2,natural_variability,5,252_to_RThigh_ry,252_to_RThigh,ry,0.0294428378036314,0.03234303809392202,0.00290020029029062,0.06068274208654797,0.06217270144140922
252_T1_R1_vs_R2,natural_variability,5,252_to_RThigh_rz,252_to_RThigh,rz,0.007158974023655388,0.035448257177625696,0.028289283153970307,0.06068274208654797,0.06217270144140922
252_T1_R1_vs_R2,natural_variability,5,Chest_to_LShoulder_rx,Chest_to_LShoulder,rx,0.057469359702471814,0.0480204578354302,-0.009448901867041615,0.06068274208654797,0.06217270144140922
252_T1_R1_vs_R2,natural_variability,5,Chest_to_LShoulder_ry,Chest_to_LShoulder,ry,0.049109282840228044,0.05529597814825328,0.006186695308025236,0.06068274208654797,0.06217270144140922
252_T1_R1_vs_R2,natural_variability,5,Chest_to_LShoulder_rz,Chest_to_LShoulder,rz,0.10614633134806026,0.11652018518865509,0.010373853840594832,0.06068274208654797,0.06217270144140922
252_T1_R1_vs_R2,natural_variability,5,Chest_to_Neck_rx,Chest_to_Neck,rx,0.04134736436504885,0.004814340173842166,-0.03653302419120669,0.06068274208654797,0.06217270144140922
252_T1_R1_vs_R2,natural_variability,5,Chest_to_Neck_ry,Chest_to_Neck,ry,0.026316860153685378,0.03259590644369169,0.0062790462900063106,0.06068274208654797,0.06217270144140922
252_T1_R1_vs_R2,natural_variability,5,Chest_to_Neck_rz,Chest_to_Neck,rz,0.013337826599799811,0.011569173910011468,-0.0017686526897883435,0.06068274208654797,0.06217270144140922
252_T1_R1_vs_R2,natural_variability,5,Chest_to_RShoulder_rx,Chest_to_RShoulder,rx,0.023320638218254617,0.004009134890095647,-0.01931150332815897,0.06068274208654797,0.06217270144140922
252_T1_R1_vs_R2,natural_variability,5,Chest_to_RShoulder_ry,Chest_to_RShoulder,ry,0.04097861317512265,0.044032429568096075,0.0030538163929734255,0.06068274208654797,0.06217270144140922
252_T1_R1_vs_R2,natural_variability,5,Chest_to_RShoulder_rz,Chest_to_RShoulder,rz,0.04279998289541299,0.001203249225163668,-0.04159673367024932,0.06068274208654797,0.06217270144140922
252_T1_R1_vs_R2,natural_variability,5,LFArm_to_LHand_rx,LFArm_to_LHand,rx,0.01816894167956805,0.011397365283987897,-0.006771576395580152,0.06068274208654797,0.06217270144140922
252_T1_R1_vs_R2,natural_variability,5,LFArm_to_LHand_ry,LFArm_to_LHand,ry,0.048423786371543605,0.018568840182645565,-0.02985494618889804,0.06068274208654797,0.06217270144140922
252_T1_R1_vs_R2,natural_variability,5,LFArm_to_LHand_rz,LFArm_to_LHand,rz,0.08731314866101551,0.040521738911147354,-0.04679140974986816,0.06068274208654797,0.06217270144140922
252_T1_R1_vs_R2,natural_variability,5,LShin_to_LFoot_rx,LShin_to_LFoot,rx,0.052613242502980634,0.06706407704117015,0.014450834538189516,0.06068274208654797,0.06217270144140922
252_T1_R1_vs_R2,natural_variability,5,LShin_to_LFoot_ry,LShin_to_LFoot,ry,0.03895339089275482,0.04228353296181255,0.003330142069057733,0.06068274208654797,0.06217270144140922
252_T1_R1_vs_R2,natural_variability,5,LShin_to_LFoot_rz,LShin_to_LFoot,rz,0.0022934133130551385,0.008876385970618912,0.006582972657563774,0.06068274208654797,0.06217270144140922
252_T1_R1_vs_R2,natural_variability,5,LShoulder_to_LUArm_rx,LShoulder_to_LUArm,rx,0.39463920259736235,0.1232115734667422,-0.27142762913062013,0.06068274208654797,0.06217270144140922
252_T1_R1_vs_R2,natural_variability,5,LShoulder_to_LUArm_ry,LShoulder_to_LUArm,ry,0.05147873886540704,0.004227239879404965,-0.047251498986002075,0.06068274208654797,0.06217270144140922
252_T1_R1_vs_R2,natural_variability,5,LShoulder_to_LUArm_rz,LShoulder_to_LUArm,rz,0.4173358770501924,0.17499613529743838,-0.24233974175275405,0.06068274208654797,0.06217270144140922
252_T1_R1_vs_R2,natural_variability,5,LThigh_to_LShin_rx,LThigh_to_LShin,rx,0.04018612464290003,0.022201244183874078,-0.01798488045902595,0.06068274208654797,0.06217270144140922
252_T1_R1_vs_R2,natural_variability,5,LThigh_to_LShin_ry,LThigh_to_LShin,ry,1.1352012097206504e-08,2.075171145302046e-08,9.399699355813957e-09,0.06068274208654797,0.06217270144140922
252_T1_R1_vs_R2,natural_variability,5,LThigh_to_LShin_rz,LThigh_to_LShin,rz,1.1026168489178982e-08,4.1721959718609205e-08,3.0695791229430225e-08,0.06068274208654797,0.06217270144140922
252_T1_R1_vs_R2,natural_variability,5,LUArm_to_LFArm_rx,LUArm_to_LFArm,rx,0.154142041962631,0.024635940504793973,-0.12950610145783703,0.06068274208654797,0.06217270144140922
252_T1_R1_vs_R2,natural_variability,5,LUArm_to_LFArm_ry,LUArm_to_LFArm,ry,0.19291275402661395,0.30690037928311925,0.1139876252565053,0.06068274208654797,0.06217270144140922
252_T1_R1_vs_R2,natural_variability,5,LUArm_to_LFArm_rz,LUArm_to_LFArm,rz,0.045073318145970764,0.03264387449310154,-0.012429443652869222,0.06068274208654797,0.06217270144140922
252_T1_R1_vs_R2,natural_variability,5,Neck_to_Head_rx,Neck_to_Head,rx,0.04127323073281767,0.0050742692232317215,-0.036198961509585945,0.06068274208654797,0.06217270144140922
252_T1_R1_vs_R2,natural_variability,5,Neck_to_Head_ry,Neck_to_Head,ry,0.02333961219813468,0.02957288057529877,0.006233268377164088,0.06068274208654797,0.06217270144140922
252_T1_R1_vs_R2,natural_variability,5,Neck_to_Head_rz,Neck_to_Head,rz,0.018305890525222888,0.017599452503497634,-0.0007064380217252537,0.06068274208654797,0.06217270144140922
252_T1_R1_vs_R2,natural_variability,5,RFArm_to_RHand_rx,RFArm_to_RHand,rx,0.001088698390701167,0.009350653692784492,0.008261955302083325,0.06068274208654797,0.06217270144140922
252_T1_R1_vs_R2,natural_variability,5,RFArm_to_RHand_ry,RFArm_to_RHand,ry,0.03792605291779537,0.06002656877555924,0.022100515857763868,0.06068274208654797,0.06217270144140922
252_T1_R1_vs_R2,natural_variability,5,RFArm_to_RHand_rz,RFArm_to_RHand,rz,0.009130346799557102,0.07463706861820686,0.06550672181864976,0.06068274208654797,0.06217270144140922
252_T1_R1_vs_R2,natural_variability,5,RShin_to_RFoot_rx,RShin_to_RFoot,rx,0.07156835126760325,0.0792774962698748,0.0077091450022715585,0.06068274208654797,0.06217270144140922
252_T1_R1_vs_R2,natural_variability,5,RShin_to_RFoot_ry,RShin_to_RFoot,ry,0.012310471456455314,0.02340941571696643,0.011098944260511116,0.06068274208654797,0.06217270144140922
252_T1_R1_vs_R2,natural_variability,5,RShin_to_RFoot_rz,RShin_to_RFoot,rz,0.0032777654678715754,0.023136492907914627,0.01985872744004305,0.06068274208654797,0.06217270144140922
252_T1_R1_vs_R2,natural_variability,5,RShoulder_to_RUArm_rx,RShoulder_to_RUArm,rx,0.3780695287801497,0.18186841602470571,-0.196201112755444,0.06068274208654797,0.06217270144140922
252_T1_R1_vs_R2,natural_variability,5,RShoulder_to_RUArm_ry,RShoulder_to_RUArm,ry,0.45005563785739533,0.44338374531378777,-0.0066718925436075605,0.06068274208654797,0.06217270144140922
252_T1_R1_vs_R2,natural_variability,5,RShoulder_to_RUArm_rz,RShoulder_to_RUArm,rz,0.38619244496102895,0.48173318613186905,0.0955407411708401,0.06068274208654797,0.06217270144140922
252_T1_R1_vs_R2,natural_variability,5,RThigh_to_RShin_rx,RThigh_to_RShin,rx,0.09750383318150674,0.04899048651567382,-0.048513346665832915,0.06068274208654797,0.06217270144140922
252_T1_R1_vs_R2,natural_variability,5,RThigh_to_RShin_ry,RThigh_to_RShin,ry,1.7335547896398565e-08,4.452741215147824e-08,2.7191864255079677e-08,0.06068274208654797,0.06217270144140922
252_T1_R1_vs_R2,natural_variability,5,RThigh_to_RShin_rz,RThigh_to_RShin,rz,2.748173418551412e-09,1.7413840287788577e-08,1.4665666869237165e-08,0.06068274208654797,0.06217270144140922
252_T1_R1_vs_R2,natural_variability,5,RUArm_to_RFArm_rx,RUArm_to_RFArm,rx,0.10213027496361203,0.4194899650180592,0.31735969005444714,0.06068274208654797,0.06217270144140922
252_T1_R1_vs_R2,natural_variability,5,RUArm_to_RFArm_ry,RUArm_to_RFArm,ry,0.19266823487099455,0.3591511298051448,0.16648289493415025,0.06068274208654797,0.06217270144140922
252_T1_R1_vs_R2,natural_variability,5,RUArm_to_RFArm_rz,RUArm_to_RFArm,rz,0.022395687617047903,0.05603813282357446,0.03364244520652656,0.06068274208654797,0.06217270144140922
252_T1_R1_vs_R2,natural_variability,6,252_to_LThigh_rx,252_to_LThigh,rx,0.3026657783036025,0.07727833808812282,-0.22538744021547966,0.05641875302024188,0.03623234259473984
252_T1_R1_vs_R2,natural_variability,6,252_to_LThigh_ry,252_to_LThigh,ry,0.00046673699442899134,0.006243701758110865,0.005776964763681874,0.05641875302024188,0.03623234259473984
252_T1_R1_vs_R2,natural_variability,6,252_to_LThigh_rz,252_to_LThigh,rz,0.21009017780899,0.12630396351991732,-0.08378621428907268,0.05641875302024188,0.03623234259473984
252_T1_R1_vs_R2,natural_variability,6,252_to_RThigh_rx,252_to_RThigh,rx,0.23688643589402095,0.11310966081220093,-0.12377677508182001,0.05641875302024188,0.03623234259473984
252_T1_R1_vs_R2,natural_variability,6,252_to_RThigh_ry,252_to_RThigh,ry,0.0166662587561062,0.045315708474164676,0.028649449718058474,0.05641875302024188,0.03623234259473984
252_T1_R1_vs_R2,natural_variability,6,252_to_RThigh_rz,252_to_RThigh,rz,0.19432846638267082,0.1290118845890992,-0.06531658179357161,0.05641875302024188,0.03623234259473984
252_T1_R1_vs_R2,natural_variability,6,Chest_to_LShoulder_rx,Chest_to_LShoulder,rx,0.012349546078411086,0.008604886868477478,-0.003744659209933608,0.05641875302024188,0.03623234259473984
252_T1_R1_vs_R2,natural_variability,6,Chest_to_LShoulder_ry,Chest_to_LShoulder,ry,0.12881857407801323,0.05447332239989833,-0.0743452516781149,0.05641875302024188,0.03623234259473984
252_T1_R1_vs_R2,natural_variability,6,Chest_to_LShoulder_rz,Chest_to_LShoulder,rz,0.024725640257967408,0.00854806320057865,-0.01617757705738876,0.05641875302024188,0.03623234259473984
252_T1_R1_vs_R2,natural_variability,6,Chest_to_Neck_rx,Chest_to_Neck,rx,0.009231078968079762,0.04869701197940694,0.039465933011327184,0.05641875302024188,0.03623234259473984
252_T1_R1_vs_R2,natural_variability,6,Chest_to_Neck_ry,Chest_to_Neck,ry,0.08298070468024475,0.055890026475691364,-0.027090678204553388,0.05641875302024188,0.03623234259473984
252_T1_R1_vs_R2,natural_variability,6,Chest_to_Neck_rz,Chest_to_Neck,rz,0.12271406578203667,0.055663905635900394,-0.06705016014613627,0.05641875302024188,0.03623234259473984
252_T1_R1_vs_R2,natural_variability,6,Chest_to_RShoulder_rx,Chest_to_RShoulder,rx,0.004947303283032754,0.02272737349069198,0.017780070207659225,0.05641875302024188,0.03623234259473984
252_T1_R1_vs_R2,natural_variability,6,Chest_to_RShoulder_ry,Chest_to_RShoulder,ry,0.07393644515093084,0.04387883843196557,-0.03005760671896527,0.05641875302024188,0.03623234259473984
252_T1_R1_vs_R2,natural_variability,6,Chest_to_RShoulder_rz,Chest_to_RShoulder,rz,0.06462830885160889,0.11083282836671413,0.046204519515105236,0.05641875302024188,0.03623234259473984
252_T1_R1_vs_R2,natural_variability,6,LFArm_to_LHand_rx,LFArm_to_LHand,rx,0.05780163705117928,0.021830782625549043,-0.035970854425630236,0.05641875302024188,0.03623234259473984
252_T1_R1_vs_R2,natural_variability,6,LFArm_to_LHand_ry,LFArm_to_LHand,ry,0.12946694846674478,0.04020293057424838,-0.0892640178924964,0.05641875302024188,0.03623234259473984
252_T1_R1_vs_R2,natural_variability,6,LFArm_to_LHand_rz,LFArm_to_LHand,rz,0.3335078533723587,0.1366666524585595,-0.19684120091379922,0.05641875302024188,0.03623234259473984
252_T1_R1_vs_R2,natural_variability,6,LShin_to_LFoot_rx,LShin_to_LFoot,rx,0.008263048601470735,0.02529732388460707,0.017034275283136335,0.05641875302024188,0.03623234259473984
252_T1_R1_vs_R2,natural_variability,6,LShin_to_LFoot_ry,LShin_to_LFoot,ry,0.09728350763288712,0.06666250380547618,-0.03062100382741094,0.05641875302024188,0.03623234259473984
252_T1_R1_vs_R2,natural_variability,6,LShin_to_LFoot_rz,LShin_to_LFoot,rz,0.020844353507478423,0.0069220194605237985,-0.013922334046954626,0.05641875302024188,0.03623234259473984
252_T1_R1_vs_R2,natural_variability,6,LShoulder_to_LUArm_rx,LShoulder_to_LUArm,rx,0.1531036274713485,0.24383982392480205,0.09073619645345354,0.05641875302024188,0.03623234259473984
252_T1_R1_vs_R2,natural_variability,6,LShoulder_to_LUArm_ry,LShoulder_to_LUArm,ry,0.5314029381397815,0.5685519593937228,0.03714902125394137,0.05641875302024188,0.03623234259473984
252_T1_R1_vs_R2,natural_variability,6,LShoulder_to_LUArm_rz,LShoulder_to_LUArm,rz,0.17056142940467095,0.43071768606084476,0.2601562566561738,0.05641875302024188,0.03623234259473984
252_T1_R1_vs_R2,natural_variability,6,LThigh_to_LShin_rx,LThigh_to_LShin,rx,0.15435627976780827,0.009826897448949325,-0.14452938231885895,0.05641875302024188,0.03623234259473984
252_T1_R1_vs_R2,natural_variability,6,LThigh_to_LShin_ry,LThigh_to_LShin,ry,1.804013165805413e-08,3.585459809605852e-09,-1.4454671848448277e-08,0.05641875302024188,0.03623234259473984
252_T1_R1_vs_R2,natural_variability,6,LThigh_to_LShin_rz,LThigh_to_LShin,rz,2.7504589084623725e-08,3.142568896385523e-08,3.921099879231503e-09,0.05641875302024188,0.03623234259473984
252_T1_R1_vs_R2,natural_variability,6,LUArm_to_LFArm_rx,LUArm_to_LFArm,rx,0.027479984957201914,0.034369468998666004,0.00688948404146409,0.05641875302024188,0.03623234259473984
252_T1_R1_vs_R2,natural_variability,6,LUArm_to_LFArm_ry,LUArm_to_LFArm,ry,0.19211521723804365,0.3494776679877352,0.15736245074969157,0.05641875302024188,0.03623234259473984
252_T1_R1_vs_R2,natural_variability,6,LUArm_to_LFArm_rz,LUArm_to_LFArm,rz,0.17895285928598725,0.0712734927835315,-0.10767936650245576,0.05641875302024188,0.03623234259473984
252_T1_R1_vs_R2,natural_variability,6,Neck_to_Head_rx,Neck_to_Head,rx,0.009403789151962397,0.04900489106717709,0.039601101915214695,0.05641875302024188,0.03623234259473984
252_T1_R1_vs_R2,natural_variability,6,Neck_to_Head_ry,Neck_to_Head,ry,0.1047939341596256,0.06508523897963125,-0.03970869517999434,0.05641875302024188,0.03623234259473984
252_T1_R1_vs_R2,natural_variability,6,Neck_to_Head_rz,Neck_to_Head,rz,0.10443435863077721,0.04415685417979105,-0.06027750445098616,0.05641875302024188,0.03623234259473984
252_T1_R1_vs_R2,natural_variability,6,RFArm_to_RHand_rx,RFArm_to_RHand,rx,0.013814512099148727,0.0030142528823380228,-0.010800259216810704,0.05641875302024188,0.03623234259473984
252_T1_R1_vs_R2,natural_variability,6,RFArm_to_RHand_ry,RFArm_to_RHand,ry,0.10294100719014668,0.02967558032342138,-0.0732654268667253,0.05641875302024188,0.03623234259473984
252_T1_R1_vs_R2,natural_variability,6,RFArm_to_RHand_rz,RFArm_to_RHand,rz,0.15118162609220442,0.02011032466779126,-0.13107130142441317,0.05641875302024188,0.03623234259473984
252_T1_R1_vs_R2,natural_variability,6,RShin_to_RFoot_rx,RShin_to_RFoot,rx,0.11314874129997848,0.049388243318874224,-0.06376049798110425,0.05641875302024188,0.03623234259473984
252_T1_R1_vs_R2,natural_variability,6,RShin_to_RFoot_ry,RShin_to_RFoot,ry,0.08540860826616417,0.009255323756360878,-0.0761532845098033,0.05641875302024188,0.03623234259473984
252_T1_R1_vs_R2,natural_variability,6,RShin_to_RFoot_rz,RShin_to_RFoot,rz,0.053829695407939825,0.032173698966249914,-0.02165599644168991,0.05641875302024188,0.03623234259473984
252_T1_R1_vs_R2,natural_variability,6,RShoulder_to_RUArm_rx,RShoulder_to_RUArm,rx,0.0215225066907745,0.08164918489982545,0.060126678209050946,0.05641875302024188,0.03623234259473984
252_T1_R1_vs_R2,natural_variability,6,RShoulder_to_RUArm_ry,RShoulder_to_RUArm,ry,0.1277027313321931,0.2097895543472605,0.0820868230150674,0.05641875302024188,0.03623234259473984
252_T1_R1_vs_R2,natural_variability,6,RShoulder_to_RUArm_rz,RShoulder_to_RUArm,rz,0.19631131020296674,0.17488527874587964,-0.021426031457087102,0.05641875302024188,0.03623234259473984
252_T1_R1_vs_R2,natural_variability,6,RThigh_to_RShin_rx,RThigh_to_RShin,rx,0.07148333827835665,0.1134203337772032,0.04193699549884655,0.05641875302024188,0.03623234259473984
252_T1_R1_vs_R2,natural_variability,6,RThigh_to_RShin_ry,RThigh_to_RShin,ry,1.4528154954175414e-09,1.980016245622046e-08,1.834734696080292e-08,0.05641875302024188,0.03623234259473984
252_T1_R1_vs_R2,natural_variability,6,RThigh_to_RShin_rz,RThigh_to_RShin,rz,1.2289663649526026e-08,1.6966211925270043e-09,-1.0593042456999022e-08,0.05641875302024188,0.03623234259473984
252_T1_R1_vs_R2,natural_variability,6,RUArm_to_RFArm_rx,RUArm_to_RFArm,rx,0.028953355298954497,0.17813088604543434,0.14917753074647985,0.05641875302024188,0.03623234259473984
252_T1_R1_vs_R2,natural_variability,6,RUArm_to_RFArm_ry,RUArm_to_RFArm,ry,0.10440798170852617,0.2391710567119265,0.13476307500340035,0.05641875302024188,0.03623234259473984
252_T1_R1_vs_R2,natural_variability,6,RUArm_to_RFArm_rz,RUArm_to_RFArm,rz,0.023192524441242833,0.03142070562008954,0.00822818117884671,0.05641875302024188,0.03623234259473984
252_T1_R1_vs_R2,natural_variability,7,252_to_LThigh_rx,252_to_LThigh,rx,0.28282898492893055,0.4541413047026007,0.17131231977367017,0.04767834896848667,0.01612675617244487
252_T1_R1_vs_R2,natural_variability,7,252_to_LThigh_ry,252_to_LThigh,ry,0.002891684161508433,0.05024685115418927,0.04735516699268084,0.04767834896848667,0.01612675617244487
252_T1_R1_vs_R2,natural_variability,7,252_to_LThigh_rz,252_to_LThigh,rz,0.034561246683772515,0.21839310101185783,0.1838318543280853,0.04767834896848667,0.01612675617244487
252_T1_R1_vs_R2,natural_variability,7,252_to_RThigh_rx,252_to_RThigh,rx,0.28607585194090107,0.36120210643659023,0.07512625449568916,0.04767834896848667,0.01612675617244487
252_T1_R1_vs_R2,natural_variability,7,252_to_RThigh_ry,252_to_RThigh,ry,0.030129360192546733,0.043236755575493724,0.013107395382946991,0.04767834896848667,0.01612675617244487
252_T1_R1_vs_R2,natural_variability,7,252_to_RThigh_rz,252_to_RThigh,rz,0.04782304404005252,0.2000411062841246,0.15221806224407208,0.04767834896848667,0.01612675617244487
252_T1_R1_vs_R2,natural_variability,7,Chest_to_LShoulder_rx,Chest_to_LShoulder,rx,0.026696438588279334,0.011795478848314007,-0.014900959739965327,0.04767834896848667,0.01612675617244487
252_T1_R1_vs_R2,natural_variability,7,Chest_to_LShoulder_ry,Chest_to_LShoulder,ry,0.02202941714501083,0.11089094352347402,0.08886152637846319,0.04767834896848667,0.01612675617244487
252_T1_R1_vs_R2,natural_variability,7,Chest_to_LShoulder_rz,Chest_to_LShoulder,rz,0.04852235176914164,0.024761139270586582,-0.023761212498555055,0.04767834896848667,0.01612675617244487
252_T1_R1_vs_R2,natural_variability,7,Chest_to_Neck_rx,Chest_to_Neck,rx,0.03857486364946919,0.0002310096692388422,-0.038343853980230345,0.04767834896848667,0.01612675617244487
252_T1_R1_vs_R2,natural_variability,7,Chest_to_Neck_ry,Chest_to_Neck,ry,0.04059920226045817,0.04517164646483456,0.004572444204376393,0.04767834896848667,0.01612675617244487
252_T1_R1_vs_R2,natural_variability,7,Chest_to_Neck_rz,Chest_to_Neck,rz,0.006591137308689026,0.10868107823111696,0.10208994092242793,0.04767834896848667,0.01612675617244487
252_T1_R1_vs_R2,natural_variability,7,Chest_to_RShoulder_rx,Chest_to_RShoulder,rx,0.028551671719020958,0.019158864495659754,-0.009392807223361204,0.04767834896848667,0.01612675617244487
252_T1_R1_vs_R2,natural_variability,7,Chest_to_RShoulder_ry,Chest_to_RShoulder,ry,0.007225217655001904,0.06052551060226161,0.05330029294725971,0.04767834896848667,0.01612675617244487
252_T1_R1_vs_R2,natural_variability,7,Chest_to_RShoulder_rz,Chest_to_RShoulder,rz,0.12937079329417558,0.15879908140506377,0.029428288110888184,0.04767834896848667,0.01612675617244487
252_T1_R1_vs_R2,natural_variability,7,LFArm_to_LHand_rx,LFArm_to_LHand,rx,0.004099618983504734,0.04942888062374396,0.045329261640239225,0.04767834896848667,0.01612675617244487
252_T1_R1_vs_R2,natural_variability,7,LFArm_to_LHand_ry,LFArm_to_LHand,ry,0.006700989146091629,0.09904028951031293,0.0923393003642213,0.04767834896848667,0.01612675617244487
252_T1_R1_vs_R2,natural_variability,7,LFArm_to_LHand_rz,LFArm_to_LHand,rz,0.03356232089878772,0.26099323171280625,0.22743091081401853,0.04767834896848667,0.01612675617244487
252_T1_R1_vs_R2,natural_variability,7,LShin_to_LFoot_rx,LShin_to_LFoot,rx,0.07405728328512513,0.04530322200083878,-0.028754061284286356,0.04767834896848667,0.01612675617244487
252_T1_R1_vs_R2,natural_variability,7,LShin_to_LFoot_ry,LShin_to_LFoot,ry,0.010766750220308985,0.05405435972482256,0.043287609504513574,0.04767834896848667,0.01612675617244487
252_T1_R1_vs_R2,natural_variability,7,LShin_to_LFoot_rz,LShin_to_LFoot,rz,0.004949294547392361,0.03884968400963409,0.03390038946224173,0.04767834896848667,0.01612675617244487
252_T1_R1_vs_R2,natural_variability,7,LShoulder_to_LUArm_rx,LShoulder_to_LUArm,rx,0.20397263576573013,0.13008880072594747,-0.07388383503978266,0.04767834896848667,0.01612675617244487
252_T1_R1_vs_R2,natural_variability,7,LShoulder_to_LUArm_ry,LShoulder_to_LUArm,ry,0.394876133771967,0.19072074571387432,-0.2041553880580927,0.04767834896848667,0.01612675617244487
252_T1_R1_vs_R2,natural_variability,7,LShoulder_to_LUArm_rz,LShoulder_to_LUArm,rz,0.3712035783579783,0.3515256724428395,-0.019677905915138794,0.04767834896848667,0.01612675617244487
252_T1_R1_vs_R2,natural_variability,7,LThigh_to_LShin_rx,LThigh_to_LShin,rx,0.035396412363878714,0.18221744094588183,0.1468210285820031,0.04767834896848667,0.01612675617244487
252_T1_R1_vs_R2,natural_variability,7,LThigh_to_LShin_ry,LThigh_to_LShin,ry,1.6480501144835656e-08,1.7379459149027682e-08,8.989580041920258e-10,0.04767834896848667,0.01612675617244487
252_T1_R1_vs_R2,natural_variability,7,LThigh_to_LShin_rz,LThigh_to_LShin,rz,6.440031855232893e-08,4.4587896683904455e-08,-1.981242186842447e-08,0.04767834896848667,0.01612675617244487
252_T1_R1_vs_R2,natural_variability,7,LUArm_to_LFArm_rx,LUArm_to_LFArm,rx,0.03140400601302133,0.23303438536398208,0.20163037935096073,0.04767834896848667,0.01612675617244487
252_T1_R1_vs_R2,natural_variability,7,LUArm_to_LFArm_ry,LUArm_to_LFArm,ry,0.2986753352413713,0.054133394068440935,-0.24454194117293038,0.04767834896848667,0.01612675617244487
252_T1_R1_vs_R2,natural_variability,7,LUArm_to_LFArm_rz,LUArm_to_LFArm,rz,0.030944957880632895,0.279765127837734,0.2488201699571011,0.04767834896848667,0.01612675617244487
252_T1_R1_vs_R2,natural_variability,7,Neck_to_Head_rx,Neck_to_Head,rx,0.03913482581032082,0.0002712132121712521,-0.03886361259814957,0.04767834896848667,0.01612675617244487
252_T1_R1_vs_R2,natural_variability,7,Neck_to_Head_ry,Neck_to_Head,ry,0.04070613321675637,0.06505000777263424,0.024343874555877873,0.04767834896848667,0.01612675617244487
252_T1_R1_vs_R2,natural_variability,7,Neck_to_Head_rz,Neck_to_Head,rz,0.0010554822144929054,0.09777391000679848,0.09671842779230558,0.04767834896848667,0.01612675617244487
252_T1_R1_vs_R2,natural_variability,7,RFArm_to_RHand_rx,RFArm_to_RHand,rx,0.014124045418005838,0.017707048229753525,0.0035830028117476865,0.04767834896848667,0.01612675617244487
252_T1_R1_vs_R2,natural_variability,7,RFArm_to_RHand_ry,RFArm_to_RHand,ry,0.04732536657839169,0.10268849537409491,0.05536312879570322,0.04767834896848667,0.01612675617244487
252_T1_R1_vs_R2,natural_variability,7,RFArm_to_RHand_rz,RFArm_to_RHand,rz,0.08764793494220398,0.1627507807635183,0.07510284582131431,0.04767834896848667,0.01612675617244487
252_T1_R1_vs_R2,natural_variability,7,RShin_to_RFoot_rx,RShin_to_RFoot,rx,0.042598965478654764,0.11404400437119123,0.07144503889253648,0.04767834896848667,0.01612675617244487
252_T1_R1_vs_R2,natural_variability,7,RShin_to_RFoot_ry,RShin_to_RFoot,ry,0.02551535499870211,0.057391153140167905,0.031875798141465794,0.04767834896848667,0.01612675617244487
252_T1_R1_vs_R2,natural_variability,7,RShin_to_RFoot_rz,RShin_to_RFoot,rz,0.00995247983354666,0.07304927776511776,0.0630967979315711,0.04767834896848667,0.01612675617244487
252_T1_R1_vs_R2,natural_variability,7,RShoulder_to_RUArm_rx,RShoulder_to_RUArm,rx,0.04761150012042738,0.05766017562516056,0.010048675504733186,0.04767834896848667,0.01612675617244487
252_T1_R1_vs_R2,natural_variability,7,RShoulder_to_RUArm_ry,RShoulder_to_RUArm,ry,0.055075108769785316,0.03836869041382707,-0.01670641835595825,0.04767834896848667,0.01612675617244487
252_T1_R1_vs_R2,natural_variability,7,RShoulder_to_RUArm_rz,RShoulder_to_RUArm,rz,0.13974189344888813,0.005763993872945933,-0.1339778995759422,0.04767834896848667,0.01612675617244487
252_T1_R1_vs_R2,natural_variability,7,RThigh_to_RShin_rx,RThigh_to_RShin,rx,0.049122842787819455,0.045022353958201936,-0.00410048882961752,0.04767834896848667,0.01612675617244487
252_T1_R1_vs_R2,natural_variability,7,RThigh_to_RShin_ry,RThigh_to_RShin,ry,3.943382657697683e-08,5.4791218494910306e-09,-3.39547047274858e-08,0.04767834896848667,0.01612675617244487
252_T1_R1_vs_R2,natural_variability,7,RThigh_to_RShin_rz,RThigh_to_RShin,rz,7.48860258748206e-09,2.664943752234546e-09,-4.823658835247514e-09,0.04767834896848667,0.01612675617244487
252_T1_R1_vs_R2,natural_variability,7,RUArm_to_RFArm_rx,RUArm_to_RFArm,rx,0.4419211926649065,0.052078394565731254,-0.3898427980991752,0.04767834896848667,0.01612675617244487
252_T1_R1_vs_R2,natural_variability,7,RUArm_to_RFArm_ry,RUArm_to_RFArm,ry,0.35926750925555845,0.010206822877301597,-0.3490606863782568,0.04767834896848667,0.01612675617244487
252_T1_R1_vs_R2,natural_variability,7,RUArm_to_RFArm_rz,RUArm_to_RFArm,rz,0.08607755073042123,0.0125965031379291,-0.07348104759249213,0.04767834896848667,0.01612675617244487
