comparison_id,kind,pc,feature,link_id,axis,loading_A_abs,loading_B_reprojected_abs,jcvpca_axis,explained_variance_A,explained_variance_B_projected
671_T1_vs_T2,longitudinal,1,Chest_to_LShoulder_rx,Chest_to_LShoulder,rx,0.04225626346546789,0.08769885932843469,0.0454425958629668,0.2957084811988637,0.3360131016241896
671_T1_vs_T2,longitudinal,1,Chest_to_LShoulder_ry,Chest_to_LShoulder,ry,0.023294122713871438,0.0450890323623998,0.02179490964852836,0.2957084811988637,0.3360131016241896
671_T1_vs_T2,longitudinal,1,Chest_to_LShoulder_rz,Chest_to_LShoulder,rz,0.06120177666844452,0.024413050121672303,-0.03678872654677222,0.2957084811988637,0.3360131016241896
671_T1_vs_T2,longitudinal,1,Chest_to_Neck_rx,Chest_to_Neck,rx,0.0532208997797756,0.01707063004981244,-0.03615026972996316,0.2957084811988637,0.3360131016241896
671_T1_vs_T2,longitudinal,1,Chest_to_Neck_ry,Chest_to_Neck,ry,0.02289293946374628,0.06760090522652223,0.044707965762775956,0.2957084811988637,0.3360131016241896
671_T1_vs_T2,longitudinal,1,Chest_to_Neck_rz,Chest_to_Neck,rz,0.09481818951638758,0.10614413781183228,0.011325948295444699,0.2957084811988637,0.3360131016241896
671_T1_vs_T2,longitudinal,1,Chest_to_RShoulder_rx,Chest_to_RShoulder,rx,0.0632755267543073,0.04212661720086621,-0.021148909553441085,0.2957084811988637,0.3360131016241896
671_T1_vs_T2,longitudinal,1,Chest_to_RShoulder_ry,Chest_to_RShoulder,ry,0.020448953313014686,0.008621733486951168,-0.011827219826063518,0.2957084811988637,0.3360131016241896
671_T1_vs_T2,longitudinal,1,Chest_to_RShoulder_rz,Chest_to_RShoulder,rz,0.12443655986492325,0.10456857395881648,-0.019867985906106764,0.2957084811988637,0.3360131016241896
671_T1_vs_T2,longitudinal,1,LFArm_to_LHand_rx,LFArm_to_LHand,rx,0.044093232199260216,0.09697394452818352,0.0528807123289233,0.2957084811988637,0.3360131016241896
671_T1_vs_T2,longitudinal,1,LFArm_to_LHand_ry,LFArm_to_LHand,ry,0.11530820649599206,0.14171648820986824,0.026408281713876172,0.2957084811988637,0.3360131016241896
671_T1_vs_T2,longitudinal,1,LFArm_to_LHand_rz,LFArm_to_LHand,rz,0.10365590735180881,0.40684844037863405,0.30319253302682525,0.2957084811988637,0.3360131016241896
671_T1_vs_T2,longitudinal,1,LShin_to_LFoot_rx,LShin_to_LFoot,rx,0.006329147379215185,0.06304020271908377,0.05671105533986858,0.2957084811988637,0.3360131016241896
671_T1_vs_T2,longitudinal,1,LShin_to_LFoot_ry,LShin_to_LFoot,ry,0.05647010382993272,0.0965659959244642,0.04009589209453148,0.2957084811988637,0.3360131016241896
671_T1_vs_T2,longitudinal,1,LShin_to_LFoot_rz,LShin_to_LFoot,rz,0.011829436434056295,0.011990402969021915,0.00016096653496562065,0.2957084811988637,0.3360131016241896
671_T1_vs_T2,longitudinal,1,LShoulder_to_LUArm_rx,LShoulder_to_LUArm,rx,0.12614890863462366,0.25404609037731873,0.12789718174269507,0.2957084811988637,0.3360131016241896
671_T1_vs_T2,longitudinal,1,LShoulder_to_LUArm_ry,LShoulder_to_LUArm,ry,0.04751534879643227,0.031688301062290966,-0.015827047734141307,0.2957084811988637,0.3360131016241896
671_T1_vs_T2,longitudinal,1,LShoulder_to_LUArm_rz,LShoulder_to_LUArm,rz,0.0707965914592846,0.062317934748543045,-0.008478656710741557,0.2957084811988637,0.3360131016241896
671_T1_vs_T2,longitudinal,1,LThigh_to_LShin_rx,LThigh_to_LShin,rx,0.06953786435016476,0.1816066443721522,0.11206878002198745,0.2957084811988637,0.3360131016241896
671_T1_vs_T2,longitudinal,1,LThigh_to_LShin_ry,LThigh_to_LShin,ry,4.968268494761258e-09,2.4998377734411246e-08,2.0030109239649986e-08,0.2957084811988637,0.3360131016241896
671_T1_vs_T2,longitudinal,1,LThigh_to_LShin_rz,LThigh_to_LShin,rz,2.0946796275752873e-08,5.6872108455372e-09,-1.5259585430215673e-08,0.2957084811988637,0.3360131016241896
671_T1_vs_T2,longitudinal,1,LUArm_to_LFArm_rx,LUArm_to_LFArm,rx,0.017254646165970704,0.02528340589815369,0.008028759732182984,0.2957084811988637,0.3360131016241896
671_T1_vs_T2,longitudinal,1,LUArm_to_LFArm_ry,LUArm_to_LFArm,ry,0.32160747874257006,0.019391796086897964,-0.3022156826556721,0.2957084811988637,0.3360131016241896
671_T1_vs_T2,longitudinal,1,LUArm_to_LFArm_rz,LUArm_to_LFArm,rz,0.08480131004194882,0.03404720695614216,-0.05075410308580666,0.2957084811988637,0.3360131016241896
671_T1_vs_T2,longitudinal,1,Neck_to_Head_rx,Neck_to_Head,rx,0.05322089373734252,0.017070577592218094,-0.03615031614512443,0.2957084811988637,0.3360131016241896
671_T1_vs_T2,longitudinal,1,Neck_to_Head_ry,Neck_to_Head,ry,0.022892921277205727,0.06760090875886615,0.044707987481660424,0.2957084811988637,0.3360131016241896
671_T1_vs_T2,longitudinal,1,Neck_to_Head_rz,Neck_to_Head,rz,0.09481818549174163,0.10614412982447174,0.011325944332730112,0.2957084811988637,0.3360131016241896
671_T1_vs_T2,longitudinal,1,RFArm_to_RHand_rx,RFArm_to_RHand,rx,0.24412065217790269,0.2495055213139159,0.005384869136013215,0.2957084811988637,0.3360131016241896
671_T1_vs_T2,longitudinal,1,RFArm_to_RHand_ry,RFArm_to_RHand,ry,0.04615565079583048,0.011406114506172939,-0.03474953628965754,0.2957084811988637,0.3360131016241896
671_T1_vs_T2,longitudinal,1,RFArm_to_RHand_rz,RFArm_to_RHand,rz,0.5653759156430693,0.5892496743404687,0.023873758697399383,0.2957084811988637,0.3360131016241896
671_T1_vs_T2,longitudinal,1,RShin_to_RFoot_rx,RShin_to_RFoot,rx,0.039343967428920136,0.0713717677841535,0.03202780035523336,0.2957084811988637,0.3360131016241896
671_T1_vs_T2,longitudinal,1,RShin_to_RFoot_ry,RShin_to_RFoot,ry,0.05566999766858266,0.15534721933618698,0.09967722166760432,0.2957084811988637,0.3360131016241896
671_T1_vs_T2,longitudinal,1,RShin_to_RFoot_rz,RShin_to_RFoot,rz,0.03479685009269702,0.06327409549144111,0.02847724539874409,0.2957084811988637,0.3360131016241896
671_T1_vs_T2,longitudinal,1,RShoulder_to_RUArm_rx,RShoulder_to_RUArm,rx,0.28098844086063257,0.22232338840197224,-0.05866505245866033,0.2957084811988637,0.3360131016241896
671_T1_vs_T2,longitudinal,1,RShoulder_to_RUArm_ry,RShoulder_to_RUArm,ry,0.06926919332935587,0.032621002123207614,-0.036648191206148255,0.2957084811988637,0.3360131016241896
671_T1_vs_T2,longitudinal,1,RShoulder_to_RUArm_rz,RShoulder_to_RUArm,rz,0.04752913524310185,0.04857154374921167,0.0010424085061098154,0.2957084811988637,0.3360131016241896
671_T1_vs_T2,longitudinal,1,RThigh_to_RShin_rx,RThigh_to_RShin,rx,0.058944772581361014,0.08942759975481972,0.030482827173458703,0.2957084811988637,0.3360131016241896
671_T1_vs_T2,longitudinal,1,RThigh_to_RShin_ry,RThigh_to_RShin,ry,1.0035345274073998e-08,8.371068685525004e-09,-1.6642765885489944e-09,0.2957084811988637,0.3360131016241896
671_T1_vs_T2,longitudinal,1,RThigh_to_RShin_rz,RThigh_to_RShin,rz,1.2365186169198138e-08,5.067289743122004e-08,3.8307711262021905e-08,0.2957084811988637,0.3360131016241896
671_T1_vs_T2,longitudinal,1,RUArm_to_RFArm_rx,RUArm_to_RFArm,rx,0.22410362996969943,0.13584411211230038,-0.08825951785739905,0.2957084811988637,0.3360131016241896
671_T1_vs_T2,longitudinal,1,RUArm_to_RFArm_ry,RUArm_to_RFArm,ry,0.4795124996469799,0.32820977791776934,-0.15130272172921055,0.2957084811988637,0.3360131016241896
671_T1_vs_T2,longitudinal,1,RUArm_to_RFArm_rz,RUArm_to_RFArm,rz,0.15543092150861956,0.041831302613536174,-0.11359961889508338,0.2957084811988637,0.3360131016241896
671_T1_vs_T2,longitudinal,2,Chest_to_LShoulder_rx,Chest_to_LShoulder,rx,0.0883756113392032,0.026706023505300994,-0.06166958783390221,0.16637426971110833,0.2579491331765401
671_T1_vs_T2,longitudinal,2,Chest_to_LShoulder_ry,Chest_to_LShoulder,ry,0.006078485598499546,0.03477013315094832,0.02869164755244877,0.16637426971110833,0.2579491331765401
671_T1_vs_T2,longitudinal,2,Chest_to_LShoulder_rz,Chest_to_LShoulder,rz,0.023178120426172552,0.08965015355598277,0.06647203312981022,0.16637426971110833,0.2579491331765401
671_T1_vs_T2,longitudinal,2,Chest_to_Neck_rx,Chest_to_Neck,rx,0.07084749318885811,0.013774504093952736,-0.05707298909490537,0.16637426971110833,0.2579491331765401
671_T1_vs_T2,longitudinal,2,Chest_to_Neck_ry,Chest_to_Neck,ry,0.039204691212572966,0.05012454111131478,0.010919849898741812,0.16637426971110833,0.2579491331765401
671_T1_vs_T2,longitudinal,2,Chest_to_Neck_rz,Chest_to_Neck,rz,0.060070157685454734,0.11028387314395173,0.050213715458496996,0.16637426971110833,0.2579491331765401
671_T1_vs_T2,longitudinal,2,Chest_to_RShoulder_rx,Chest_to_RShoulder,rx,0.12881159580503757,0.09889512025533076,-0.029916475549706806,0.16637426971110833,0.2579491331765401
671_T1_vs_T2,longitudinal,2,Chest_to_RShoulder_ry,Chest_to_RShoulder,ry,0.037340710776880746,0.08257524629764858,0.04523453552076783,0.16637426971110833,0.2579491331765401
671_T1_vs_T2,longitudinal,2,Chest_to_RShoulder_rz,Chest_to_RShoulder,rz,0.033247670249779454,0.005904852163768023,-0.027342818086011432,0.16637426971110833,0.2579491331765401
671_T1_vs_T2,longitudinal,2,LFArm_to_LHand_rx,LFArm_to_LHand,rx,0.20595086504514554,0.023673180599013452,-0.18227768444613207,0.16637426971110833,0.2579491331765401
671_T1_vs_T2,longitudinal,2,LFArm_to_LHand_ry,LFArm_to_LHand,ry,0.06110425470845925,0.006487161685356261,-0.05461709302310299,0.16637426971110833,0.2579491331765401
671_T1_vs_T2,longitudinal,2,LFArm_to_LHand_rz,LFArm_to_LHand,rz,0.3845849210735421,0.013418750233056317,-0.37116617084048575,0.16637426971110833,0.2579491331765401
671_T1_vs_T2,longitudinal,2,LShin_to_LFoot_rx,LShin_to_LFoot,rx,0.02782476008113529,0.036047887652206255,0.008223127571070965,0.16637426971110833,0.2579491331765401
671_T1_vs_T2,longitudinal,2,LShin_to_LFoot_ry,LShin_to_LFoot,ry,0.0009266992705059335,0.02537072640702258,0.024444027136516645,0.16637426971110833,0.2579491331765401
671_T1_vs_T2,longitudinal,2,LShin_to_LFoot_rz,LShin_to_LFoot,rz,0.01873863465944518,0.04877325555405042,0.03003462089460524,0.16637426971110833,0.2579491331765401
671_T1_vs_T2,longitudinal,2,LShoulder_to_LUArm_rx,LShoulder_to_LUArm,rx,0.28729234587666613,0.09348267603158981,-0.1938096698450763,0.16637426971110833,0.2579491331765401
671_T1_vs_T2,longitudinal,2,LShoulder_to_LUArm_ry,LShoulder_to_LUArm,ry,0.1924441324279192,0.11032759493828821,-0.08211653748963098,0.16637426971110833,0.2579491331765401
671_T1_vs_T2,longitudinal,2,LShoulder_to_LUArm_rz,LShoulder_to_LUArm,rz,0.04561671870804463,0.07481657131743376,0.029199852609389128,0.16637426971110833,0.2579491331765401
671_T1_vs_T2,longitudinal,2,LThigh_to_LShin_rx,LThigh_to_LShin,rx,0.06370282327609457,0.01858712879943872,-0.04511569447665585,0.16637426971110833,0.2579491331765401
671_T1_vs_T2,longitudinal,2,LThigh_to_LShin_ry,LThigh_to_LShin,ry,3.017652438183099e-08,4.53889286757787e-08,1.521240429394771e-08,0.16637426971110833,0.2579491331765401
671_T1_vs_T2,longitudinal,2,LThigh_to_LShin_rz,LThigh_to_LShin,rz,7.290631073324338e-09,4.5139971529156596e-08,3.7849340455832256e-08,0.16637426971110833,0.2579491331765401
671_T1_vs_T2,longitudinal,2,LUArm_to_LFArm_rx,LUArm_to_LFArm,rx,0.01412567158705725,0.13957830011655956,0.1254526285295023,0.16637426971110833,0.2579491331765401
671_T1_vs_T2,longitudinal,2,LUArm_to_LFArm_ry,LUArm_to_LFArm,ry,0.4710841445061869,0.3518270163637178,-0.11925712814246908,0.16637426971110833,0.2579491331765401
671_T1_vs_T2,longitudinal,2,LUArm_to_LFArm_rz,LUArm_to_LFArm,rz,0.09674753936775927,0.20214823943106444,0.10540070006330517,0.16637426971110833,0.2579491331765401
671_T1_vs_T2,longitudinal,2,Neck_to_Head_rx,Neck_to_Head,rx,0.0708474811589937,0.013774510420280606,-0.05707297073871309,0.16637426971110833,0.2579491331765401
671_T1_vs_T2,longitudinal,2,Neck_to_Head_ry,Neck_to_Head,ry,0.0392047495452716,0.05012462313482785,0.010919873589556248,0.16637426971110833,0.2579491331765401
671_T1_vs_T2,longitudinal,2,Neck_to_Head_rz,Neck_to_Head,rz,0.06007020856027702,0.11028392384644181,0.05021371528616479,0.16637426971110833,0.2579491331765401
671_T1_vs_T2,longitudinal,2,RFArm_to_RHand_rx,RFArm_to_RHand,rx,0.2231865651377563,0.06127052451769983,-0.1619160406200565,0.16637426971110833,0.2579491331765401
671_T1_vs_T2,longitudinal,2,RFArm_to_RHand_ry,RFArm_to_RHand,ry,0.19083570611882758,0.14118074975214712,-0.049654956366680464,0.16637426971110833,0.2579491331765401
671_T1_vs_T2,longitudinal,2,RFArm_to_RHand_rz,RFArm_to_RHand,rz,0.17847447252249304,0.2975921979043692,0.11911772538187615,0.16637426971110833,0.2579491331765401
671_T1_vs_T2,longitudinal,2,RShin_to_RFoot_rx,RShin_to_RFoot,rx,0.043288637200955105,0.10564024100301493,0.06235160380205983,0.16637426971110833,0.2579491331765401
671_T1_vs_T2,longitudinal,2,RShin_to_RFoot_ry,RShin_to_RFoot,ry,0.010410880483456704,0.07150916150286082,0.06109828101940412,0.16637426971110833,0.2579491331765401
671_T1_vs_T2,longitudinal,2,RShin_to_RFoot_rz,RShin_to_RFoot,rz,0.007124192282760739,0.014074132483426639,0.0069499402006659,0.16637426971110833,0.2579491331765401
671_T1_vs_T2,longitudinal,2,RShoulder_to_RUArm_rx,RShoulder_to_RUArm,rx,0.2773781568524796,0.2866079305777328,0.009229773725253243,0.16637426971110833,0.2579491331765401
671_T1_vs_T2,longitudinal,2,RShoulder_to_RUArm_ry,RShoulder_to_RUArm,ry,0.004378845844251668,0.07468080774416014,0.07030196189990848,0.16637426971110833,0.2579491331765401
671_T1_vs_T2,longitudinal,2,RShoulder_to_RUArm_rz,RShoulder_to_RUArm,rz,0.1141326279363205,0.0628213857657844,-0.05131124217053609,0.16637426971110833,0.2579491331765401
671_T1_vs_T2,longitudinal,2,RThigh_to_RShin_rx,RThigh_to_RShin,rx,0.0900075274109939,0.12603347755059596,0.03602595013960207,0.16637426971110833,0.2579491331765401
671_T1_vs_T2,longitudinal,2,RThigh_to_RShin_ry,RThigh_to_RShin,ry,2.8382462140998187e-08,4.691497522915963e-08,1.8532513088161444e-08,0.16637426971110833,0.2579491331765401
671_T1_vs_T2,longitudinal,2,RThigh_to_RShin_rz,RThigh_to_RShin,rz,9.726882952257497e-09,3.987333652841616e-08,3.0146453576158666e-08,0.16637426971110833,0.2579491331765401
671_T1_vs_T2,longitudinal,2,RUArm_to_RFArm_rx,RUArm_to_RFArm,rx,0.30752078426743884,0.3682152365320974,0.06069445226465858,0.16637426971110833,0.2579491331765401
671_T1_vs_T2,longitudinal,2,RUArm_to_RFArm_ry,RUArm_to_RFArm,ry,0.2457792765698869,0.5396639751279592,0.29388469855807225,0.16637426971110833,0.2579491331765401
671_T1_vs_T2,longitudinal,2,RUArm_to_RFArm_rz,RUArm_to_RFArm,rz,0.16322829071880127,0.25396803771289306,0.09073974699409179,0.16637426971110833,0.2579491331765401
671_T1_vs_T2,longitudinal,3,Chest_to_LShoulder_rx,Chest_to_LShoulder,rx,0.005927038504018759,0.07500043320975507,0.06907339470573631,0.13427335072444427,0.16211155729878232
671_T1_vs_T2,longitudinal,3,Chest_to_LShoulder_ry,Chest_to_LShoulder,ry,0.0709684283437959,0.037970183151051703,-0.03299824519274419,0.13427335072444427,0.16211155729878232
671_T1_vs_T2,longitudinal,3,Chest_to_LShoulder_rz,Chest_to_LShoulder,rz,0.06619001138743846,0.06761219295028777,0.0014221815628493034,0.13427335072444427,0.16211155729878232
671_T1_vs_T2,longitudinal,3,Chest_to_Neck_rx,Chest_to_Neck,rx,0.1525351834425274,0.02902171307197679,-0.1235134703705506,0.13427335072444427,0.16211155729878232
671_T1_vs_T2,longitudinal,3,Chest_to_Neck_ry,Chest_to_Neck,ry,0.050020516225259964,0.006344040543259817,-0.04367647568200015,0.13427335072444427,0.16211155729878232
671_T1_vs_T2,longitudinal,3,Chest_to_Neck_rz,Chest_to_Neck,rz,0.11241600315908777,0.02747574551599002,-0.08494025764309775,0.13427335072444427,0.16211155729878232
671_T1_vs_T2,longitudinal,3,Chest_to_RShoulder_rx,Chest_to_RShoulder,rx,0.006123827225767166,0.140422225164338,0.13429839793857085,0.13427335072444427,0.16211155729878232
671_T1_vs_T2,longitudinal,3,Chest_to_RShoulder_ry,Chest_to_RShoulder,ry,0.08594740992655098,0.006358977647273141,-0.07958843227927784,0.13427335072444427,0.16211155729878232
671_T1_vs_T2,longitudinal,3,Chest_to_RShoulder_rz,Chest_to_RShoulder,rz,0.014686400331788169,0.025173426725997226,0.010487026394209058,0.13427335072444427,0.16211155729878232
671_T1_vs_T2,longitudinal,3,LFArm_to_LHand_rx,LFArm_to_LHand,rx,0.09796449552421664,0.26129078296242936,0.1633262874382127,0.13427335072444427,0.16211155729878232
671_T1_vs_T2,longitudinal,3,LFArm_to_LHand_ry,LFArm_to_LHand,ry,0.0753805903104654,0.13203636476467212,0.05665577445420672,0.13427335072444427,0.16211155729878232
671_T1_vs_T2,longitudinal,3,LFArm_to_LHand_rz,LFArm_to_LHand,rz,0.07512804772852924,0.4690803015043869,0.39395225377585763,0.13427335072444427,0.16211155729878232
671_T1_vs_T2,longitudinal,3,LShin_to_LFoot_rx,LShin_to_LFoot,rx,0.08315850597833505,0.042586385803097926,-0.04057212017523712,0.13427335072444427,0.16211155729878232
671_T1_vs_T2,longitudinal,3,LShin_to_LFoot_ry,LShin_to_LFoot,ry,0.01604629177512568,0.0629487528300434,0.04690246105491773,0.13427335072444427,0.16211155729878232
671_T1_vs_T2,longitudinal,3,LShin_to_LFoot_rz,LShin_to_LFoot,rz,0.01686048356435357,0.0172219570682539,0.00036147350390032876,0.13427335072444427,0.16211155729878232
671_T1_vs_T2,longitudinal,3,LShoulder_to_LUArm_rx,LShoulder_to_LUArm,rx,0.03279226729637246,0.251466506257926,0.21867423896155352,0.13427335072444427,0.16211155729878232
671_T1_vs_T2,longitudinal,3,LShoulder_to_LUArm_ry,LShoulder_to_LUArm,ry,0.23148049389252895,0.007425269856688527,-0.2240552240358404,0.13427335072444427,0.16211155729878232
671_T1_vs_T2,longitudinal,3,LShoulder_to_LUArm_rz,LShoulder_to_LUArm,rz,0.06203686431336826,0.02578753662755003,-0.03624932768581823,0.13427335072444427,0.16211155729878232
671_T1_vs_T2,longitudinal,3,LThigh_to_LShin_rx,LThigh_to_LShin,rx,0.12707730298645437,0.029075828225749927,-0.09800147476070444,0.13427335072444427,0.16211155729878232
671_T1_vs_T2,longitudinal,3,LThigh_to_LShin_ry,LThigh_to_LShin,ry,3.8221561371514056e-08,3.8571604700246335e-08,3.5004332873227944e-10,0.13427335072444427,0.16211155729878232
671_T1_vs_T2,longitudinal,3,LThigh_to_LShin_rz,LThigh_to_LShin,rz,2.5746496065108644e-08,1.0145771669539256e-08,-1.560072439556939e-08,0.13427335072444427,0.16211155729878232
671_T1_vs_T2,longitudinal,3,LUArm_to_LFArm_rx,LUArm_to_LFArm,rx,0.17991719493926336,0.12966127660576351,-0.05025591833349985,0.13427335072444427,0.16211155729878232
671_T1_vs_T2,longitudinal,3,LUArm_to_LFArm_ry,LUArm_to_LFArm,ry,0.4025858188219513,0.008901490554147237,-0.3936843282678041,0.13427335072444427,0.16211155729878232
671_T1_vs_T2,longitudinal,3,LUArm_to_LFArm_rz,LUArm_to_LFArm,rz,0.21471271972568506,0.10480783078009932,-0.10990488894558574,0.13427335072444427,0.16211155729878232
671_T1_vs_T2,longitudinal,3,Neck_to_Head_rx,Neck_to_Head,rx,0.15253519436109192,0.02902174038682604,-0.12351345397426589,0.13427335072444427,0.16211155729878232
671_T1_vs_T2,longitudinal,3,Neck_to_Head_ry,Neck_to_Head,ry,0.050020578961175316,0.006344048173393501,-0.04367653078778182,0.13427335072444427,0.16211155729878232
671_T1_vs_T2,longitudinal,3,Neck_to_Head_rz,Neck_to_Head,rz,0.1124160817059168,0.02747575558866965,-0.08494032611724715,0.13427335072444427,0.16211155729878232
671_T1_vs_T2,longitudinal,3,RFArm_to_RHand_rx,RFArm_to_RHand,rx,0.2223907108378389,0.12689889689869654,-0.09549181393914236,0.13427335072444427,0.16211155729878232
671_T1_vs_T2,longitudinal,3,RFArm_to_RHand_ry,RFArm_to_RHand,ry,0.04972919753836793,0.16873128274118523,0.1190020852028173,0.13427335072444427,0.16211155729878232
671_T1_vs_T2,longitudinal,3,RFArm_to_RHand_rz,RFArm_to_RHand,rz,0.2840600769963119,0.12044978866620909,-0.16361028833010283,0.13427335072444427,0.16211155729878232
671_T1_vs_T2,longitudinal,3,RShin_to_RFoot_rx,RShin_to_RFoot,rx,0.009297959303835646,0.05583100633760061,0.046533047033764964,0.13427335072444427,0.16211155729878232
671_T1_vs_T2,longitudinal,3,RShin_to_RFoot_ry,RShin_to_RFoot,ry,0.012755551387729604,0.03288627665400239,0.02013072526627279,0.13427335072444427,0.16211155729878232
671_T1_vs_T2,longitudinal,3,RShin_to_RFoot_rz,RShin_to_RFoot,rz,0.008522151551567474,0.008486221218266867,-3.593033330060759e-05,0.13427335072444427,0.16211155729878232
671_T1_vs_T2,longitudinal,3,RShoulder_to_RUArm_rx,RShoulder_to_RUArm,rx,0.0251550812859363,0.3972800956158799,0.3721250143299436,0.13427335072444427,0.16211155729878232
671_T1_vs_T2,longitudinal,3,RShoulder_to_RUArm_ry,RShoulder_to_RUArm,ry,0.19957356749612168,0.14059905807143852,-0.05897450942468316,0.13427335072444427,0.16211155729878232
671_T1_vs_T2,longitudinal,3,RShoulder_to_RUArm_rz,RShoulder_to_RUArm,rz,0.08714595638594554,0.07078456048362364,-0.0163613959023219,0.13427335072444427,0.16211155729878232
671_T1_vs_T2,longitudinal,3,RThigh_to_RShin_rx,RThigh_to_RShin,rx,0.016988121456283912,0.11803713981411873,0.10104901835783482,0.13427335072444427,0.16211155729878232
671_T1_vs_T2,longitudinal,3,RThigh_to_RShin_ry,RThigh_to_RShin,ry,1.3813141146770045e-08,2.5844933623196675e-08,1.203179247642663e-08,0.13427335072444427,0.16211155729878232
671_T1_vs_T2,longitudinal,3,RThigh_to_RShin_rz,RThigh_to_RShin,rz,8.551522215953628e-09,1.6077564476113325e-08,7.526042260159697e-09,0.13427335072444427,0.16211155729878232
671_T1_vs_T2,longitudinal,3,RUArm_to_RFArm_rx,RUArm_to_RFArm,rx,0.03512050974787912,0.2339370285550732,0.1988165188071941,0.13427335072444427,0.16211155729878232
671_T1_vs_T2,longitudinal,3,RUArm_to_RFArm_ry,RUArm_to_RFArm,ry,0.6160902027475692,0.4892058879876969,-0.12688431475987233,0.13427335072444427,0.16211155729878232
671_T1_vs_T2,longitudinal,3,RUArm_to_RFArm_rz,RUArm_to_RFArm,rz,0.02054998656636542,0.07910675132310098,0.05855676475673556,0.13427335072444427,0.16211155729878232
671_T1_vs_T2,longitudinal,4,Chest_to_LShoulder_rx,Chest_to_LShoulder,rx,0.018503533147954707,0.07374375788183168,0.05524022473387698,0.0772725110435775,0.09419416098074648
671_T1_vs_T2,longitudinal,4,Chest_to_LShoulder_ry,Chest_to_LShoulder,ry,0.09860183880361277,0.08437513489874261,-0.014226703904870158,0.0772725110435775,0.09419416098074648
671_T1_vs_T2,longitudinal,4,Chest_to_LShoulder_rz,Chest_to_LShoulder,rz,0.04413452016518336,0.1073141512274907,0.06317963106230734,0.0772725110435775,0.09419416098074648
671_T1_vs_T2,longitudinal,4,Chest_to_Neck_rx,Chest_to_Neck,rx,0.4152995329432528,0.34422184136673895,-0.07107769157651384,0.0772725110435775,0.09419416098074648
671_T1_vs_T2,longitudinal,4,Chest_to_Neck_ry,Chest_to_Neck,ry,0.08403739248461295,0.10470135492039097,0.02066396243577802,0.0772725110435775,0.09419416098074648
671_T1_vs_T2,longitudinal,4,Chest_to_Neck_rz,Chest_to_Neck,rz,0.03362029009017697,0.08522947897346207,0.051609188883285105,0.0772725110435775,0.09419416098074648
671_T1_vs_T2,longitudinal,4,Chest_to_RShoulder_rx,Chest_to_RShoulder,rx,0.02495069729505394,0.05387583480903139,0.028925137513977447,0.0772725110435775,0.09419416098074648
671_T1_vs_T2,longitudinal,4,Chest_to_RShoulder_ry,Chest_to_RShoulder,ry,0.054184313900069545,0.0397638803775085,-0.014420433522561046,0.0772725110435775,0.09419416098074648
671_T1_vs_T2,longitudinal,4,Chest_to_RShoulder_rz,Chest_to_RShoulder,rz,0.0044375694094211686,0.028599701214113007,0.024162131804691837,0.0772725110435775,0.09419416098074648
671_T1_vs_T2,longitudinal,4,LFArm_to_LHand_rx,LFArm_to_LHand,rx,0.03483734829327014,0.027480072818686745,-0.007357275474583397,0.0772725110435775,0.09419416098074648
671_T1_vs_T2,longitudinal,4,LFArm_to_LHand_ry,LFArm_to_LHand,ry,0.1412384925881141,0.15744025450839041,0.01620176192027631,0.0772725110435775,0.09419416098074648
671_T1_vs_T2,longitudinal,4,LFArm_to_LHand_rz,LFArm_to_LHand,rz,0.10619957646903597,0.09429452422606126,-0.011905052242974709,0.0772725110435775,0.09419416098074648
671_T1_vs_T2,longitudinal,4,LShin_to_LFoot_rx,LShin_to_LFoot,rx,0.07891396290203542,0.11314525222690584,0.03423128932487042,0.0772725110435775,0.09419416098074648
671_T1_vs_T2,longitudinal,4,LShin_to_LFoot_ry,LShin_to_LFoot,ry,0.028734520662196138,0.08205228457012821,0.053317763907932074,0.0772725110435775,0.09419416098074648
671_T1_vs_T2,longitudinal,4,LShin_to_LFoot_rz,LShin_to_LFoot,rz,0.02164841257091532,0.02106356570290836,-0.0005848468680069614,0.0772725110435775,0.09419416098074648
671_T1_vs_T2,longitudinal,4,LShoulder_to_LUArm_rx,LShoulder_to_LUArm,rx,0.0217138427513997,0.13843448483358595,0.11672064208218624,0.0772725110435775,0.09419416098074648
671_T1_vs_T2,longitudinal,4,LShoulder_to_LUArm_ry,LShoulder_to_LUArm,ry,0.46289220824379534,0.3565923794115801,-0.10629982883221523,0.0772725110435775,0.09419416098074648
671_T1_vs_T2,longitudinal,4,LShoulder_to_LUArm_rz,LShoulder_to_LUArm,rz,0.04815405126901096,0.20743735175844272,0.15928330048943176,0.0772725110435775,0.09419416098074648
671_T1_vs_T2,longitudinal,4,LThigh_to_LShin_rx,LThigh_to_LShin,rx,0.0554032370151131,0.05019780451009037,-0.005205432505022728,0.0772725110435775,0.09419416098074648
671_T1_vs_T2,longitudinal,4,LThigh_to_LShin_ry,LThigh_to_LShin,ry,1.0244376284198486e-08,5.420456982407404e-09,-4.823919301791082e-09,0.0772725110435775,0.09419416098074648
671_T1_vs_T2,longitudinal,4,LThigh_to_LShin_rz,LThigh_to_LShin,rz,1.7960641340385288e-08,3.293252993857798e-08,1.497188859819269e-08,0.0772725110435775,0.09419416098074648
671_T1_vs_T2,longitudinal,4,LUArm_to_LFArm_rx,LUArm_to_LFArm,rx,0.03292765468157691,0.04675193248672519,0.013824277805148284,0.0772725110435775,0.09419416098074648
671_T1_vs_T2,longitudinal,4,LUArm_to_LFArm_ry,LUArm_to_LFArm,ry,0.31727550530655013,0.38722089513817315,0.06994538983162302,0.0772725110435775,0.09419416098074648
671_T1_vs_T2,longitudinal,4,LUArm_to_LFArm_rz,LUArm_to_LFArm,rz,0.13355381469420935,0.12920882914810675,-0.004344985546102603,0.0772725110435775,0.09419416098074648
671_T1_vs_T2,longitudinal,4,Neck_to_Head_rx,Neck_to_Head,rx,0.41529961282578937,0.34422188466812303,-0.07107772815766633,0.0772725110435775,0.09419416098074648
671_T1_vs_T2,longitudinal,4,Neck_to_Head_ry,Neck_to_Head,ry,0.08403741884610365,0.1047013252876269,0.020663906441523258,0.0772725110435775,0.09419416098074648
671_T1_vs_T2,longitudinal,4,Neck_to_Head_rz,Neck_to_Head,rz,0.033620186338660304,0.08522938603118607,0.05160919969252577,0.0772725110435775,0.09419416098074648
671_T1_vs_T2,longitudinal,4,RFArm_to_RHand_rx,RFArm_to_RHand,rx,0.02562675048204229,0.12439802233072475,0.09877127184868245,0.0772725110435775,0.09419416098074648
671_T1_vs_T2,longitudinal,4,RFArm_to_RHand_ry,RFArm_to_RHand,ry,0.09061404816659385,0.17616624454124072,0.08555219637464687,0.0772725110435775,0.09419416098074648
671_T1_vs_T2,longitudinal,4,RFArm_to_RHand_rz,RFArm_to_RHand,rz,0.03240436497074045,0.13493711215256687,0.10253274718182642,0.0772725110435775,0.09419416098074648
671_T1_vs_T2,longitudinal,4,RShin_to_RFoot_rx,RShin_to_RFoot,rx,0.02738107439599146,0.007396517228542755,-0.019984557167448704,0.0772725110435775,0.09419416098074648
671_T1_vs_T2,longitudinal,4,RShin_to_RFoot_ry,RShin_to_RFoot,ry,0.10543607241065668,0.12666736777401036,0.021231295363353678,0.0772725110435775,0.09419416098074648
671_T1_vs_T2,longitudinal,4,RShin_to_RFoot_rz,RShin_to_RFoot,rz,0.03966953621743908,0.025954111258100217,-0.013715424959338862,0.0772725110435775,0.09419416098074648
671_T1_vs_T2,longitudinal,4,RShoulder_to_RUArm_rx,RShoulder_to_RUArm,rx,0.007758619700223151,0.0773586014492953,0.06959998174907214,0.0772725110435775,0.09419416098074648
671_T1_vs_T2,longitudinal,4,RShoulder_to_RUArm_ry,RShoulder_to_RUArm,ry,0.3576838074227355,0.2826684817562681,-0.0750153256664674,0.0772725110435775,0.09419416098074648
671_T1_vs_T2,longitudinal,4,RShoulder_to_RUArm_rz,RShoulder_to_RUArm,rz,0.1323483821510195,0.16382652294479222,0.03147814079377273,0.0772725110435775,0.09419416098074648
671_T1_vs_T2,longitudinal,4,RThigh_to_RShin_rx,RThigh_to_RShin,rx,0.019872632709317602,0.00582852203569139,-0.014044110673626212,0.0772725110435775,0.09419416098074648
671_T1_vs_T2,longitudinal,4,RThigh_to_RShin_ry,RThigh_to_RShin,ry,3.0095877196941577e-08,5.44304148576848e-08,2.4334537660743225e-08,0.0772725110435775,0.09419416098074648
671_T1_vs_T2,longitudinal,4,RThigh_to_RShin_rz,RThigh_to_RShin,rz,6.297569896188329e-09,3.894959027770607e-08,3.265202038151774e-08,0.0772725110435775,0.09419416098074648
671_T1_vs_T2,longitudinal,4,RUArm_to_RFArm_rx,RUArm_to_RFArm,rx,0.11114689579519318,0.21547574877110506,0.10432885297591188,0.0772725110435775,0.09419416098074648
671_T1_vs_T2,longitudinal,4,RUArm_to_RFArm_ry,RUArm_to_RFArm,ry,0.2482843600569498,0.061436789871695555,-0.18684757018525422,0.0772725110435775,0.09419416098074648
671_T1_vs_T2,longitudinal,4,RUArm_to_RFArm_rz,RUArm_to_RFArm,rz,0.011636840244286892,0.19399920988575847,0.18236236964147157,0.0772725110435775,0.09419416098074648
671_T1_vs_T2,longitudinal,5,Chest_to_LShoulder_rx,Chest_to_LShoulder,rx,0.06567251335633739,0.02518252399435453,-0.040489989361982864,0.0720349896044913,0.06359424681764282
671_T1_vs_T2,longitudinal,5,Chest_to_LShoulder_ry,Chest_to_LShoulder,ry,0.03838317470009476,0.06568896628562856,0.027305791585533805,0.0720349896044913,0.06359424681764282
671_T1_vs_T2,longitudinal,5,Chest_to_LShoulder_rz,Chest_to_LShoulder,rz,0.06172113793814575,0.10673934068074646,0.04501820274260071,0.0720349896044913,0.06359424681764282
671_T1_vs_T2,longitudinal,5,Chest_to_Neck_rx,Chest_to_Neck,rx,0.0064546053815565845,0.15482345874809444,0.14836885336653785,0.0720349896044913,0.06359424681764282
671_T1_vs_T2,longitudinal,5,Chest_to_Neck_ry,Chest_to_Neck,ry,0.025231631772842347,0.004713800788617411,-0.020517830984224935,0.0720349896044913,0.06359424681764282
671_T1_vs_T2,longitudinal,5,Chest_to_Neck_rz,Chest_to_Neck,rz,0.03087598546311766,0.04938654494731634,0.01851055948419868,0.0720349896044913,0.06359424681764282
671_T1_vs_T2,longitudinal,5,Chest_to_RShoulder_rx,Chest_to_RShoulder,rx,0.07603960961693129,0.01248018172898022,-0.06355942788795108,0.0720349896044913,0.06359424681764282
671_T1_vs_T2,longitudinal,5,Chest_to_RShoulder_ry,Chest_to_RShoulder,ry,0.029012209771052178,0.030208304045526185,0.0011960942744740077,0.0720349896044913,0.06359424681764282
671_T1_vs_T2,longitudinal,5,Chest_to_RShoulder_rz,Chest_to_RShoulder,rz,0.040779687372340605,0.02509928630364292,-0.015680401068697686,0.0720349896044913,0.06359424681764282
671_T1_vs_T2,longitudinal,5,LFArm_to_LHand_rx,LFArm_to_LHand,rx,0.12406202911468468,0.014803285747522283,-0.1092587433671624,0.0720349896044913,0.06359424681764282
671_T1_vs_T2,longitudinal,5,LFArm_to_LHand_ry,LFArm_to_LHand,ry,0.03808043493073716,0.019337367566563617,-0.01874306736417354,0.0720349896044913,0.06359424681764282
671_T1_vs_T2,longitudinal,5,LFArm_to_LHand_rz,LFArm_to_LHand,rz,0.4127084830407594,0.16751739965783832,-0.2451910833829211,0.0720349896044913,0.06359424681764282
671_T1_vs_T2,longitudinal,5,LShin_to_LFoot_rx,LShin_to_LFoot,rx,0.06965050405815026,0.046918553627392626,-0.02273195043075764,0.0720349896044913,0.06359424681764282
671_T1_vs_T2,longitudinal,5,LShin_to_LFoot_ry,LShin_to_LFoot,ry,0.15426758498887863,0.097769836019634,-0.05649774896924463,0.0720349896044913,0.06359424681764282
671_T1_vs_T2,longitudinal,5,LShin_to_LFoot_rz,LShin_to_LFoot,rz,0.0349992499577189,0.0025519952255682265,-0.032447254732150675,0.0720349896044913,0.06359424681764282
671_T1_vs_T2,longitudinal,5,LShoulder_to_LUArm_rx,LShoulder_to_LUArm,rx,0.23018815344845997,0.07403703980895356,-0.1561511136395064,0.0720349896044913,0.06359424681764282
671_T1_vs_T2,longitudinal,5,LShoulder_to_LUArm_ry,LShoulder_to_LUArm,ry,0.03198904955425043,0.28059742605554955,0.24860837650129913,0.0720349896044913,0.06359424681764282
671_T1_vs_T2,longitudinal,5,LShoulder_to_LUArm_rz,LShoulder_to_LUArm,rz,0.0017294998628560468,0.1223665548358814,0.12063705497302535,0.0720349896044913,0.06359424681764282
671_T1_vs_T2,longitudinal,5,LThigh_to_LShin_rx,LThigh_to_LShin,rx,0.0017716878146265148,0.031398159839414096,0.029626472024787583,0.0720349896044913,0.06359424681764282
671_T1_vs_T2,longitudinal,5,LThigh_to_LShin_ry,LThigh_to_LShin,ry,5.5530734248269885e-09,1.9672319634931316e-08,1.4119246210104327e-08,0.0720349896044913,0.06359424681764282
671_T1_vs_T2,longitudinal,5,LThigh_to_LShin_rz,LThigh_to_LShin,rz,6.746556857620085e-09,2.267405054324671e-09,-4.4791518032954135e-09,0.0720349896044913,0.06359424681764282
671_T1_vs_T2,longitudinal,5,LUArm_to_LFArm_rx,LUArm_to_LFArm,rx,0.12341261680817736,0.13066450572629376,0.0072518889181164,0.0720349896044913,0.06359424681764282
671_T1_vs_T2,longitudinal,5,LUArm_to_LFArm_ry,LUArm_to_LFArm,ry,0.4592787528745554,0.6225618006371606,0.16328304776260522,0.0720349896044913,0.06359424681764282
671_T1_vs_T2,longitudinal,5,LUArm_to_LFArm_rz,LUArm_to_LFArm,rz,0.1949343786632223,0.20782727324103073,0.012892894577808428,0.0720349896044913,0.06359424681764282
671_T1_vs_T2,longitudinal,5,Neck_to_Head_rx,Neck_to_Head,rx,0.0064546383907136615,0.15482351765586144,0.14836887926514777,0.0720349896044913,0.06359424681764282
671_T1_vs_T2,longitudinal,5,Neck_to_Head_ry,Neck_to_Head,ry,0.025231611478845912,0.004713821429725692,-0.02051779004912022,0.0720349896044913,0.06359424681764282
671_T1_vs_T2,longitudinal,5,Neck_to_Head_rz,Neck_to_Head,rz,0.030875958831086913,0.04938662391162813,0.01851066508054122,0.0720349896044913,0.06359424681764282
671_T1_vs_T2,longitudinal,5,RFArm_to_RHand_rx,RFArm_to_RHand,rx,0.1348953978459864,0.09752651807123909,-0.0373688797747473,0.0720349896044913,0.06359424681764282
671_T1_vs_T2,longitudinal,5,RFArm_to_RHand_ry,RFArm_to_RHand,ry,0.056676849343988596,0.04458547023378204,-0.012091379110206558,0.0720349896044913,0.06359424681764282
671_T1_vs_T2,longitudinal,5,RFArm_to_RHand_rz,RFArm_to_RHand,rz,0.47061432871144515,0.2602584437915232,-0.21035588491992196,0.0720349896044913,0.06359424681764282
671_T1_vs_T2,longitudinal,5,RShin_to_RFoot_rx,RShin_to_RFoot,rx,0.04738652621057643,0.007184136685495434,-0.040202389525081,0.0720349896044913,0.06359424681764282
671_T1_vs_T2,longitudinal,5,RShin_to_RFoot_ry,RShin_to_RFoot,ry,0.10641086498317273,0.11238406081503428,0.0059731958318615525,0.0720349896044913,0.06359424681764282
671_T1_vs_T2,longitudinal,5,RShin_to_RFoot_rz,RShin_to_RFoot,rz,0.021138487816421213,0.04011087540296513,0.018972387586543918,0.0720349896044913,0.06359424681764282
671_T1_vs_T2,longitudinal,5,RShoulder_to_RUArm_rx,RShoulder_to_RUArm,rx,0.29342322766146023,0.06516835498480913,-0.2282548726766511,0.0720349896044913,0.06359424681764282
671_T1_vs_T2,longitudinal,5,RShoulder_to_RUArm_ry,RShoulder_to_RUArm,ry,0.07973682076947622,0.1858091301544781,0.1060723093850019,0.0720349896044913,0.06359424681764282
671_T1_vs_T2,longitudinal,5,RShoulder_to_RUArm_rz,RShoulder_to_RUArm,rz,0.08624744828218038,0.11075787062861739,0.024510422346437008,0.0720349896044913,0.06359424681764282
671_T1_vs_T2,longitudinal,5,RThigh_to_RShin_rx,RThigh_to_RShin,rx,0.07373059686017931,0.0017063904114901728,-0.07202420644868913,0.0720349896044913,0.06359424681764282
671_T1_vs_T2,longitudinal,5,RThigh_to_RShin_ry,RThigh_to_RShin,ry,3.213146251206816e-08,9.981626748813119e-09,-2.2149835763255036e-08,0.0720349896044913,0.06359424681764282
671_T1_vs_T2,longitudinal,5,RThigh_to_RShin_rz,RThigh_to_RShin,rz,3.389111732896455e-08,3.835039534223534e-08,4.459278013270786e-09,0.0720349896044913,0.06359424681764282
671_T1_vs_T2,longitudinal,5,RUArm_to_RFArm_rx,RUArm_to_RFArm,rx,0.15494954908454583,0.11087134552749896,-0.04407820355704688,0.0720349896044913,0.06359424681764282
671_T1_vs_T2,longitudinal,5,RUArm_to_RFArm_ry,RUArm_to_RFArm,ry,0.23471206472182807,0.4285395651605781,0.19382750043875005,0.0720349896044913,0.06359424681764282
671_T1_vs_T2,longitudinal,5,RUArm_to_RFArm_rz,RUArm_to_RFArm,rz,0.0479096403702058,0.012023255427923518,-0.03588638494228228,0.0720349896044913,0.06359424681764282
671_T1_vs_T2,longitudinal,6,Chest_to_LShoulder_rx,Chest_to_LShoulder,rx,0.16544887192086707,0.010100268527432135,-0.15534860339343493,0.05363883994646986,0.05372524640456851
671_T1_vs_T2,longitudinal,6,Chest_to_LShoulder_ry,Chest_to_LShoulder,ry,0.028472783697718773,0.04300367697501149,0.01453089327729272,0.05363883994646986,0.05372524640456851
671_T1_vs_T2,longitudinal,6,Chest_to_LShoulder_rz,Chest_to_LShoulder,rz,0.2627068278343455,0.1483150792335477,-0.11439174860079782,0.05363883994646986,0.05372524640456851
671_T1_vs_T2,longitudinal,6,Chest_to_Neck_rx,Chest_to_Neck,rx,0.030496131234052037,0.23274077975839194,0.2022446485243399,0.05363883994646986,0.05372524640456851
671_T1_vs_T2,longitudinal,6,Chest_to_Neck_ry,Chest_to_Neck,ry,0.08751240577648255,0.01887440621697344,-0.06863799955950911,0.05363883994646986,0.05372524640456851
671_T1_vs_T2,longitudinal,6,Chest_to_Neck_rz,Chest_to_Neck,rz,0.21272512112301337,0.014105416543176229,-0.19861970457983713,0.05363883994646986,0.05372524640456851
671_T1_vs_T2,longitudinal,6,Chest_to_RShoulder_rx,Chest_to_RShoulder,rx,0.0706705694226022,0.003736775309258494,-0.06693379411334371,0.05363883994646986,0.05372524640456851
671_T1_vs_T2,longitudinal,6,Chest_to_RShoulder_ry,Chest_to_RShoulder,ry,0.03843946093077996,0.029556490397151004,-0.008882970533628957,0.05363883994646986,0.05372524640456851
671_T1_vs_T2,longitudinal,6,Chest_to_RShoulder_rz,Chest_to_RShoulder,rz,0.030466826698510214,0.08054985816829445,0.05008303146978424,0.05363883994646986,0.05372524640456851
671_T1_vs_T2,longitudinal,6,LFArm_to_LHand_rx,LFArm_to_LHand,rx,0.06134208709498599,0.10848341306186907,0.04714132596688308,0.05363883994646986,0.05372524640456851
671_T1_vs_T2,longitudinal,6,LFArm_to_LHand_ry,LFArm_to_LHand,ry,0.12874074804320265,0.004825405630919802,-0.12391534241228284,0.05363883994646986,0.05372524640456851
671_T1_vs_T2,longitudinal,6,LFArm_to_LHand_rz,LFArm_to_LHand,rz,0.016726088504428773,0.349931705941623,0.33320561743719423,0.05363883994646986,0.05372524640456851
671_T1_vs_T2,longitudinal,6,LShin_to_LFoot_rx,LShin_to_LFoot,rx,0.22625165457956078,0.22173347856719988,-0.004518176012360903,0.05363883994646986,0.05372524640456851
671_T1_vs_T2,longitudinal,6,LShin_to_LFoot_ry,LShin_to_LFoot,ry,0.1468320021236256,0.07489679787096969,-0.07193520425265591,0.05363883994646986,0.05372524640456851
671_T1_vs_T2,longitudinal,6,LShin_to_LFoot_rz,LShin_to_LFoot,rz,0.034378238345230565,0.031071453731396786,-0.003306784613833779,0.05363883994646986,0.05372524640456851
671_T1_vs_T2,longitudinal,6,LShoulder_to_LUArm_rx,LShoulder_to_LUArm,rx,0.4517214858064856,0.07516101565361924,-0.3765604701528663,0.05363883994646986,0.05372524640456851
671_T1_vs_T2,longitudinal,6,LShoulder_to_LUArm_ry,LShoulder_to_LUArm,ry,0.04788579521050852,0.23282197021472578,0.18493617500421727,0.05363883994646986,0.05372524640456851
671_T1_vs_T2,longitudinal,6,LShoulder_to_LUArm_rz,LShoulder_to_LUArm,rz,0.48388505819394473,0.13345915677680345,-0.35042590141714125,0.05363883994646986,0.05372524640456851
671_T1_vs_T2,longitudinal,6,LThigh_to_LShin_rx,LThigh_to_LShin,rx,0.1035724972353586,0.2867130754412062,0.18314057820584762,0.05363883994646986,0.05372524640456851
671_T1_vs_T2,longitudinal,6,LThigh_to_LShin_ry,LThigh_to_LShin,ry,8.017120500588792e-09,2.2863333486361466e-08,1.4846212985772673e-08,0.05363883994646986,0.05372524640456851
671_T1_vs_T2,longitudinal,6,LThigh_to_LShin_rz,LThigh_to_LShin,rz,1.3753981325909544e-09,2.8852353973756087e-08,2.747695584116513e-08,0.05363883994646986,0.05372524640456851
671_T1_vs_T2,longitudinal,6,LUArm_to_LFArm_rx,LUArm_to_LFArm,rx,0.04019021573702728,0.012967371690757772,-0.02722284404626951,0.05363883994646986,0.05372524640456851
671_T1_vs_T2,longitudinal,6,LUArm_to_LFArm_ry,LUArm_to_LFArm,ry,0.023473533028789514,0.1406138417780544,0.11714030874926487,0.05363883994646986,0.05372524640456851
671_T1_vs_T2,longitudinal,6,LUArm_to_LFArm_rz,LUArm_to_LFArm,rz,0.005361981995701701,0.026577764431643443,0.021215782435941744,0.05363883994646986,0.05372524640456851
671_T1_vs_T2,longitudinal,6,Neck_to_Head_rx,Neck_to_Head,rx,0.03049605827528551,0.23274073336381218,0.20224467508852667,0.05363883994646986,0.05372524640456851
671_T1_vs_T2,longitudinal,6,Neck_to_Head_ry,Neck_to_Head,ry,0.08751227963029609,0.018874433560444548,-0.06863784606985154,0.05363883994646986,0.05372524640456851
671_T1_vs_T2,longitudinal,6,Neck_to_Head_rz,Neck_to_Head,rz,0.21272509376385218,0.014105358659823828,-0.19861973510402836,0.05363883994646986,0.05372524640456851
671_T1_vs_T2,longitudinal,6,RFArm_to_RHand_rx,RFArm_to_RHand,rx,0.09532830709073098,0.26841444167321,0.173086134582479,0.05363883994646986,0.05372524640456851
671_T1_vs_T2,longitudinal,6,RFArm_to_RHand_ry,RFArm_to_RHand,ry,0.06197035190329904,0.17141583526949192,0.10944548336619288,0.05363883994646986,0.05372524640456851
671_T1_vs_T2,longitudinal,6,RFArm_to_RHand_rz,RFArm_to_RHand,rz,0.037866724731316456,0.32862764010141976,0.2907609153701033,0.05363883994646986,0.05372524640456851
671_T1_vs_T2,longitudinal,6,RShin_to_RFoot_rx,RShin_to_RFoot,rx,0.018426685163703382,0.09601495007341027,0.07758826490970688,0.05363883994646986,0.05372524640456851
671_T1_vs_T2,longitudinal,6,RShin_to_RFoot_ry,RShin_to_RFoot,ry,0.040095655824803185,0.15150016358939108,0.1114045077645879,0.05363883994646986,0.05372524640456851
671_T1_vs_T2,longitudinal,6,RShin_to_RFoot_rz,RShin_to_RFoot,rz,0.022596968676996412,0.0496677928308248,0.027070824153828388,0.05363883994646986,0.05372524640456851
671_T1_vs_T2,longitudinal,6,RShoulder_to_RUArm_rx,RShoulder_to_RUArm,rx,0.21729759857462488,0.0507819998816138,-0.16651559869301108,0.05363883994646986,0.05372524640456851
671_T1_vs_T2,longitudinal,6,RShoulder_to_RUArm_ry,RShoulder_to_RUArm,ry,0.0643996512584521,0.09663979164195485,0.03224014038350276,0.05363883994646986,0.05372524640456851
671_T1_vs_T2,longitudinal,6,RShoulder_to_RUArm_rz,RShoulder_to_RUArm,rz,0.08940330333919935,0.035143179716474605,-0.05426012362272475,0.05363883994646986,0.05372524640456851
671_T1_vs_T2,longitudinal,6,RThigh_to_RShin_rx,RThigh_to_RShin,rx,0.016381382298720146,0.12455247005150394,0.10817108775278379,0.05363883994646986,0.05372524640456851
671_T1_vs_T2,longitudinal,6,RThigh_to_RShin_ry,RThigh_to_RShin,ry,3.379187134656429e-08,1.185941737761524e-08,-2.193245396894905e-08,0.05363883994646986,0.05372524640456851
671_T1_vs_T2,longitudinal,6,RThigh_to_RShin_rz,RThigh_to_RShin,rz,4.250515226552523e-08,4.890229399617769e-08,6.397141730652456e-09,0.05363883994646986,0.05372524640456851
671_T1_vs_T2,longitudinal,6,RUArm_to_RFArm_rx,RUArm_to_RFArm,rx,0.28434748951762784,0.3557221381656104,0.07137464864798254,0.05363883994646986,0.05372524640456851
671_T1_vs_T2,longitudinal,6,RUArm_to_RFArm_ry,RUArm_to_RFArm,ry,0.25741367883356103,0.1392169156449455,-0.11819676318861552,0.05363883994646986,0.05372524640456851
671_T1_vs_T2,longitudinal,6,RUArm_to_RFArm_rz,RUArm_to_RFArm,rz,0.127271343418088,0.2647188081468358,0.1374474647287478,0.05363883994646986,0.05372524640456851
671_T1_vs_T2,longitudinal,7,Chest_to_LShoulder_rx,Chest_to_LShoulder,rx,0.013194741729840658,0.14707133330312072,0.13387659157328005,0.03837181901860238,0.032412553697530155
671_T1_vs_T2,longitudinal,7,Chest_to_LShoulder_ry,Chest_to_LShoulder,ry,0.01912474788452417,0.004570596127494733,-0.014554151757029437,0.03837181901860238,0.032412553697530155
671_T1_vs_T2,longitudinal,7,Chest_to_LShoulder_rz,Chest_to_LShoulder,rz,0.1716248748155654,0.23405084449981142,0.06242596968424602,0.03837181901860238,0.032412553697530155
671_T1_vs_T2,longitudinal,7,Chest_to_Neck_rx,Chest_to_Neck,rx,0.07982982972651194,0.1139576244142709,0.034127794687758964,0.03837181901860238,0.032412553697530155
671_T1_vs_T2,longitudinal,7,Chest_to_Neck_ry,Chest_to_Neck,ry,0.02871388935885817,0.04776544785381694,0.01905155849495877,0.03837181901860238,0.032412553697530155
671_T1_vs_T2,longitudinal,7,Chest_to_Neck_rz,Chest_to_Neck,rz,0.04611382030960012,0.20152493070415037,0.15541111039455024,0.03837181901860238,0.032412553697530155
671_T1_vs_T2,longitudinal,7,Chest_to_RShoulder_rx,Chest_to_RShoulder,rx,0.05909824422859759,0.03434516166958614,-0.02475308255901145,0.03837181901860238,0.032412553697530155
671_T1_vs_T2,longitudinal,7,Chest_to_RShoulder_ry,Chest_to_RShoulder,ry,0.035908736088859784,0.07377931412012276,0.03787057803126297,0.03837181901860238,0.032412553697530155
671_T1_vs_T2,longitudinal,7,Chest_to_RShoulder_rz,Chest_to_RShoulder,rz,0.03535811466939015,0.03357531837307883,-0.001782796296311319,0.03837181901860238,0.032412553697530155
671_T1_vs_T2,longitudinal,7,LFArm_to_LHand_rx,LFArm_to_LHand,rx,0.15923115511412972,0.09326989544060262,-0.0659612596735271,0.03837181901860238,0.032412553697530155
671_T1_vs_T2,longitudinal,7,LFArm_to_LHand_ry,LFArm_to_LHand,ry,0.07308270966424694,0.057286471482440475,-0.01579623818180647,0.03837181901860238,0.032412553697530155
671_T1_vs_T2,longitudinal,7,LFArm_to_LHand_rz,LFArm_to_LHand,rz,0.4488426434040689,0.04992668551024276,-0.3989159578938261,0.03837181901860238,0.032412553697530155
671_T1_vs_T2,longitudinal,7,LShin_to_LFoot_rx,LShin_to_LFoot,rx,0.2347871331545735,0.23209260207027896,-0.0026945310842945436,0.03837181901860238,0.032412553697530155
671_T1_vs_T2,longitudinal,7,LShin_to_LFoot_ry,LShin_to_LFoot,ry,0.08861520695364139,0.14714417319391257,0.05852896624027118,0.03837181901860238,0.032412553697530155
671_T1_vs_T2,longitudinal,7,LShin_to_LFoot_rz,LShin_to_LFoot,rz,0.0679127104155882,0.06346755809649869,-0.004445152319089513,0.03837181901860238,0.032412553697530155
671_T1_vs_T2,longitudinal,7,LShoulder_to_LUArm_rx,LShoulder_to_LUArm,rx,0.04762949258654691,0.4387437971633154,0.3911143045767685,0.03837181901860238,0.032412553697530155
671_T1_vs_T2,longitudinal,7,LShoulder_to_LUArm_ry,LShoulder_to_LUArm,ry,0.02366427522214473,0.1941407812368107,0.17047650601466596,0.03837181901860238,0.032412553697530155
671_T1_vs_T2,longitudinal,7,LShoulder_to_LUArm_rz,LShoulder_to_LUArm,rz,0.16258426155212716,0.43345195101430495,0.27086768946217776,0.03837181901860238,0.032412553697530155
671_T1_vs_T2,longitudinal,7,LThigh_to_LShin_rx,LThigh_to_LShin,rx,0.3101340290443905,0.12305824165148738,-0.18707578739290315,0.03837181901860238,0.032412553697530155
671_T1_vs_T2,longitudinal,7,LThigh_to_LShin_ry,LThigh_to_LShin,ry,5.095847803814648e-08,9.003481971646883e-09,-4.1954996066499597e-08,0.03837181901860238,0.032412553697530155
671_T1_vs_T2,longitudinal,7,LThigh_to_LShin_rz,LThigh_to_LShin,rz,5.612645290167249e-08,2.408164600159224e-08,-3.204480690008025e-08,0.03837181901860238,0.032412553697530155
671_T1_vs_T2,longitudinal,7,LUArm_to_LFArm_rx,LUArm_to_LFArm,rx,0.07515183031410166,0.009214217978156587,-0.06593761233594508,0.03837181901860238,0.032412553697530155
671_T1_vs_T2,longitudinal,7,LUArm_to_LFArm_ry,LUArm_to_LFArm,ry,0.12091185064857318,0.36423260029511006,0.24332074964653688,0.03837181901860238,0.032412553697530155
671_T1_vs_T2,longitudinal,7,LUArm_to_LFArm_rz,LUArm_to_LFArm,rz,0.07407965512466629,0.1020009859502205,0.027921330825554216,0.03837181901860238,0.032412553697530155
671_T1_vs_T2,longitudinal,7,Neck_to_Head_rx,Neck_to_Head,rx,0.07982974098155136,0.11395772408574573,0.03412798310419436,0.03837181901860238,0.032412553697530155
671_T1_vs_T2,longitudinal,7,Neck_to_Head_ry,Neck_to_Head,ry,0.028713896840840667,0.04776532178046765,0.01905142493962698,0.03837181901860238,0.032412553697530155
671_T1_vs_T2,longitudinal,7,Neck_to_Head_rz,Neck_to_Head,rz,0.04611382264465614,0.20152493715063258,0.15541111450597644,0.03837181901860238,0.032412553697530155
671_T1_vs_T2,longitudinal,7,RFArm_to_RHand_rx,RFArm_to_RHand,rx,0.07261202165801056,0.11373319615007933,0.04112117449206877,0.03837181901860238,0.032412553697530155
671_T1_vs_T2,longitudinal,7,RFArm_to_RHand_ry,RFArm_to_RHand,ry,0.2366100029125263,0.03648623180036806,-0.20012377111215823,0.03837181901860238,0.032412553697530155
671_T1_vs_T2,longitudinal,7,RFArm_to_RHand_rz,RFArm_to_RHand,rz,0.12907053664308363,0.16908908306079287,0.040018546417709244,0.03837181901860238,0.032412553697530155
671_T1_vs_T2,longitudinal,7,RShin_to_RFoot_rx,RShin_to_RFoot,rx,0.15468875782851166,0.04555858434924624,-0.10913017347926542,0.03837181901860238,0.032412553697530155
671_T1_vs_T2,longitudinal,7,RShin_to_RFoot_ry,RShin_to_RFoot,ry,0.23401192711834554,0.01498651685361991,-0.21902541026472563,0.03837181901860238,0.032412553697530155
671_T1_vs_T2,longitudinal,7,RShin_to_RFoot_rz,RShin_to_RFoot,rz,0.08127126016249854,0.0380427953011139,-0.04322846486138464,0.03837181901860238,0.032412553697530155
671_T1_vs_T2,longitudinal,7,RShoulder_to_RUArm_rx,RShoulder_to_RUArm,rx,0.16165192473071888,0.11755659591148435,-0.04409532881923453,0.03837181901860238,0.032412553697530155
671_T1_vs_T2,longitudinal,7,RShoulder_to_RUArm_ry,RShoulder_to_RUArm,ry,0.0755182089193045,0.19651408399099093,0.12099587507168644,0.03837181901860238,0.032412553697530155
671_T1_vs_T2,longitudinal,7,RShoulder_to_RUArm_rz,RShoulder_to_RUArm,rz,0.0041002544451441796,0.0647033114852626,0.06060305704011841,0.03837181901860238,0.032412553697530155
671_T1_vs_T2,longitudinal,7,RThigh_to_RShin_rx,RThigh_to_RShin,rx,0.19595524468260342,0.05475095300107378,-0.14120429168152965,0.03837181901860238,0.032412553697530155
671_T1_vs_T2,longitudinal,7,RThigh_to_RShin_ry,RThigh_to_RShin,ry,4.437955916741253e-08,2.1690385804446795e-09,-4.221052058696785e-08,0.03837181901860238,0.032412553697530155
671_T1_vs_T2,longitudinal,7,RThigh_to_RShin_rz,RThigh_to_RShin,rz,8.073771677593896e-08,6.229074539902608e-09,-7.450864223603635e-08,0.03837181901860238,0.032412553697530155
671_T1_vs_T2,longitudinal,7,RUArm_to_RFArm_rx,RUArm_to_RFArm,rx,0.3875824074915207,0.13942174449315628,-0.2481606629983644,0.03837181901860238,0.032412553697530155
671_T1_vs_T2,longitudinal,7,RUArm_to_RFArm_ry,RUArm_to_RFArm,ry,0.013288240407886853,0.08942500386396368,0.07613676345607683,0.03837181901860238,0.032412553697530155
671_T1_vs_T2,longitudinal,7,RUArm_to_RFArm_rz,RUArm_to_RFArm,rz,0.332448496509395,0.0033905635093626346,-0.3290579330000324,0.03837181901860238,0.032412553697530155
671_T1_vs_T3,longitudinal,1,Chest_to_LShoulder_rx,Chest_to_LShoulder,rx,0.04225626346546789,0.004865842124848554,-0.03739042134061933,0.2957084811988637,0.3814841635967844
671_T1_vs_T3,longitudinal,1,Chest_to_LShoulder_ry,Chest_to_LShoulder,ry,0.023294122713871438,0.021996437059916246,-0.001297685653955192,0.2957084811988637,0.3814841635967844
671_T1_vs_T3,longitudinal,1,Chest_to_LShoulder_rz,Chest_to_LShoulder,rz,0.06120177666844452,0.15916641859904604,0.09796464193060152,0.2957084811988637,0.3814841635967844
671_T1_vs_T3,longitudinal,1,Chest_to_Neck_rx,Chest_to_Neck,rx,0.0532208997797756,0.07493302352488194,0.021712123745106345,0.2957084811988637,0.3814841635967844
671_T1_vs_T3,longitudinal,1,Chest_to_Neck_ry,Chest_to_Neck,ry,0.02289293946374628,0.005820926080430893,-0.017072013383315383,0.2957084811988637,0.3814841635967844
671_T1_vs_T3,longitudinal,1,Chest_to_Neck_rz,Chest_to_Neck,rz,0.09481818951638758,0.11882502744656591,0.024006837930178326,0.2957084811988637,0.3814841635967844
671_T1_vs_T3,longitudinal,1,Chest_to_RShoulder_rx,Chest_to_RShoulder,rx,0.0632755267543073,0.111562360223516,0.0482868334692087,0.2957084811988637,0.3814841635967844
671_T1_vs_T3,longitudinal,1,Chest_to_RShoulder_ry,Chest_to_RShoulder,ry,0.020448953313014686,0.04509215932560234,0.024643206012587657,0.2957084811988637,0.3814841635967844
671_T1_vs_T3,longitudinal,1,Chest_to_RShoulder_rz,Chest_to_RShoulder,rz,0.12443655986492325,0.07901482553475656,-0.04542173433016669,0.2957084811988637,0.3814841635967844
671_T1_vs_T3,longitudinal,1,LFArm_to_LHand_rx,LFArm_to_LHand,rx,0.044093232199260216,0.25246032884018205,0.20836709664092185,0.2957084811988637,0.3814841635967844
671_T1_vs_T3,longitudinal,1,LFArm_to_LHand_ry,LFArm_to_LHand,ry,0.11530820649599206,0.12285899094396911,0.007550784447977049,0.2957084811988637,0.3814841635967844
671_T1_vs_T3,longitudinal,1,LFArm_to_LHand_rz,LFArm_to_LHand,rz,0.10365590735180881,0.3636595285435521,0.2600036211917433,0.2957084811988637,0.3814841635967844
671_T1_vs_T3,longitudinal,1,LShin_to_LFoot_rx,LShin_to_LFoot,rx,0.006329147379215185,0.09587421601021714,0.08954506863100196,0.2957084811988637,0.3814841635967844
671_T1_vs_T3,longitudinal,1,LShin_to_LFoot_ry,LShin_to_LFoot,ry,0.05647010382993272,0.017465446156278014,-0.03900465767365471,0.2957084811988637,0.3814841635967844
671_T1_vs_T3,longitudinal,1,LShin_to_LFoot_rz,LShin_to_LFoot,rz,0.011829436434056295,0.030807001576207013,0.018977565142150717,0.2957084811988637,0.3814841635967844
671_T1_vs_T3,longitudinal,1,LShoulder_to_LUArm_rx,LShoulder_to_LUArm,rx,0.12614890863462366,0.002351288781890247,-0.12379761985273341,0.2957084811988637,0.3814841635967844
671_T1_vs_T3,longitudinal,1,LShoulder_to_LUArm_ry,LShoulder_to_LUArm,ry,0.04751534879643227,0.07424894253097927,0.026733593734547,0.2957084811988637,0.3814841635967844
671_T1_vs_T3,longitudinal,1,LShoulder_to_LUArm_rz,LShoulder_to_LUArm,rz,0.0707965914592846,0.19164329454425943,0.12084670308497483,0.2957084811988637,0.3814841635967844
671_T1_vs_T3,longitudinal,1,LThigh_to_LShin_rx,LThigh_to_LShin,rx,0.06953786435016476,0.05750260690040395,-0.012035257449760813,0.2957084811988637,0.3814841635967844
671_T1_vs_T3,longitudinal,1,LThigh_to_LShin_ry,LThigh_to_LShin,ry,4.968268494761258e-09,4.3701885849679624e-08,3.873361735491837e-08,0.2957084811988637,0.3814841635967844
671_T1_vs_T3,longitudinal,1,LThigh_to_LShin_rz,LThigh_to_LShin,rz,2.0946796275752873e-08,3.659074893200967e-08,1.5643952656256794e-08,0.2957084811988637,0.3814841635967844
671_T1_vs_T3,longitudinal,1,LUArm_to_LFArm_rx,LUArm_to_LFArm,rx,0.017254646165970704,0.07856619576829234,0.06131154960232163,0.2957084811988637,0.3814841635967844
671_T1_vs_T3,longitudinal,1,LUArm_to_LFArm_ry,LUArm_to_LFArm,ry,0.32160747874257006,0.37864637633323955,0.05703889759066949,0.2957084811988637,0.3814841635967844
671_T1_vs_T3,longitudinal,1,LUArm_to_LFArm_rz,LUArm_to_LFArm,rz,0.08480131004194882,0.01726039817867209,-0.06754091186327674,0.2957084811988637,0.3814841635967844
671_T1_vs_T3,longitudinal,1,Neck_to_Head_rx,Neck_to_Head,rx,0.05322089373734252,0.07493308780378816,0.021712194066445638,0.2957084811988637,0.3814841635967844
671_T1_vs_T3,longitudinal,1,Neck_to_Head_ry,Neck_to_Head,ry,0.022892921277205727,0.005820870322058981,-0.017072050955146745,0.2957084811988637,0.3814841635967844
671_T1_vs_T3,longitudinal,1,Neck_to_Head_rz,Neck_to_Head,rz,0.09481818549174163,0.11882503465913202,0.02400684916739039,0.2957084811988637,0.3814841635967844
671_T1_vs_T3,longitudinal,1,RFArm_to_RHand_rx,RFArm_to_RHand,rx,0.24412065217790269,0.02465497567278645,-0.21946567650511623,0.2957084811988637,0.3814841635967844
671_T1_vs_T3,longitudinal,1,RFArm_to_RHand_ry,RFArm_to_RHand,ry,0.04615565079583048,0.025145147687467072,-0.021010503108363405,0.2957084811988637,0.3814841635967844
671_T1_vs_T3,longitudinal,1,RFArm_to_RHand_rz,RFArm_to_RHand,rz,0.5653759156430693,0.17327982556567711,-0.3920960900773922,0.2957084811988637,0.3814841635967844
671_T1_vs_T3,longitudinal,1,RShin_to_RFoot_rx,RShin_to_RFoot,rx,0.039343967428920136,0.003974682780553908,-0.03536928464836623,0.2957084811988637,0.3814841635967844
671_T1_vs_T3,longitudinal,1,RShin_to_RFoot_ry,RShin_to_RFoot,ry,0.05566999766858266,0.050066602317716216,-0.005603395350866444,0.2957084811988637,0.3814841635967844
671_T1_vs_T3,longitudinal,1,RShin_to_RFoot_rz,RShin_to_RFoot,rz,0.03479685009269702,0.008256611855155437,-0.026540238237541584,0.2957084811988637,0.3814841635967844
671_T1_vs_T3,longitudinal,1,RShoulder_to_RUArm_rx,RShoulder_to_RUArm,rx,0.28098844086063257,0.35433891771420484,0.07335047685357227,0.2957084811988637,0.3814841635967844
671_T1_vs_T3,longitudinal,1,RShoulder_to_RUArm_ry,RShoulder_to_RUArm,ry,0.06926919332935587,0.20425983413901252,0.13499064080965667,0.2957084811988637,0.3814841635967844
671_T1_vs_T3,longitudinal,1,RShoulder_to_RUArm_rz,RShoulder_to_RUArm,rz,0.04752913524310185,0.053132377455077054,0.005603242211975203,0.2957084811988637,0.3814841635967844
671_T1_vs_T3,longitudinal,1,RThigh_to_RShin_rx,RThigh_to_RShin,rx,0.058944772581361014,0.040280806679937345,-0.01866396590142367,0.2957084811988637,0.3814841635967844
671_T1_vs_T3,longitudinal,1,RThigh_to_RShin_ry,RThigh_to_RShin,ry,1.0035345274073998e-08,2.493975545238767e-09,-7.541369728835231e-09,0.2957084811988637,0.3814841635967844
671_T1_vs_T3,longitudinal,1,RThigh_to_RShin_rz,RThigh_to_RShin,rz,1.2365186169198138e-08,6.979783230078626e-09,-5.385402939119512e-09,0.2957084811988637,0.3814841635967844
671_T1_vs_T3,longitudinal,1,RUArm_to_RFArm_rx,RUArm_to_RFArm,rx,0.22410362996969943,0.011545360787934887,-0.21255826918176454,0.2957084811988637,0.3814841635967844
671_T1_vs_T3,longitudinal,1,RUArm_to_RFArm_ry,RUArm_to_RFArm,ry,0.4795124996469799,0.5325258362795351,0.0530133366325552,0.2957084811988637,0.3814841635967844
671_T1_vs_T3,longitudinal,1,RUArm_to_RFArm_rz,RUArm_to_RFArm,rz,0.15543092150861956,0.08764253181344094,-0.06778838969517863,0.2957084811988637,0.3814841635967844
671_T1_vs_T3,longitudinal,2,Chest_to_LShoulder_rx,Chest_to_LShoulder,rx,0.0883756113392032,0.06561588329690543,-0.02275972804229777,0.16637426971110833,0.19111263747959265
671_T1_vs_T3,longitudinal,2,Chest_to_LShoulder_ry,Chest_to_LShoulder,ry,0.006078485598499546,0.008773359408430654,0.002694873809931108,0.16637426971110833,0.19111263747959265
671_T1_vs_T3,longitudinal,2,Chest_to_LShoulder_rz,Chest_to_LShoulder,rz,0.023178120426172552,0.0732467252636595,0.050068604837486944,0.16637426971110833,0.19111263747959265
671_T1_vs_T3,longitudinal,2,Chest_to_Neck_rx,Chest_to_Neck,rx,0.07084749318885811,0.11115273980409772,0.04030524661523961,0.16637426971110833,0.19111263747959265
671_T1_vs_T3,longitudinal,2,Chest_to_Neck_ry,Chest_to_Neck,ry,0.039204691212572966,0.05640087912764226,0.017196187915069293,0.16637426971110833,0.19111263747959265
671_T1_vs_T3,longitudinal,2,Chest_to_Neck_rz,Chest_to_Neck,rz,0.060070157685454734,0.0741753819112069,0.014105224225752167,0.16637426971110833,0.19111263747959265
671_T1_vs_T3,longitudinal,2,Chest_to_RShoulder_rx,Chest_to_RShoulder,rx,0.12881159580503757,0.0648874677155845,-0.06392412808945307,0.16637426971110833,0.19111263747959265
671_T1_vs_T3,longitudinal,2,Chest_to_RShoulder_ry,Chest_to_RShoulder,ry,0.037340710776880746,0.05203025851629691,0.014689547739416164,0.16637426971110833,0.19111263747959265
671_T1_vs_T3,longitudinal,2,Chest_to_RShoulder_rz,Chest_to_RShoulder,rz,0.033247670249779454,0.02911237077066291,-0.004135299479116544,0.16637426971110833,0.19111263747959265
671_T1_vs_T3,longitudinal,2,LFArm_to_LHand_rx,LFArm_to_LHand,rx,0.20595086504514554,0.15960705882945428,-0.04634380621569126,0.16637426971110833,0.19111263747959265
671_T1_vs_T3,longitudinal,2,LFArm_to_LHand_ry,LFArm_to_LHand,ry,0.06110425470845925,0.041166301471738144,-0.01993795323672111,0.16637426971110833,0.19111263747959265
671_T1_vs_T3,longitudinal,2,LFArm_to_LHand_rz,LFArm_to_LHand,rz,0.3845849210735421,0.5542958819333251,0.16971096085978304,0.16637426971110833,0.19111263747959265
671_T1_vs_T3,longitudinal,2,LShin_to_LFoot_rx,LShin_to_LFoot,rx,0.02782476008113529,0.11513039637437973,0.08730563629324445,0.16637426971110833,0.19111263747959265
671_T1_vs_T3,longitudinal,2,LShin_to_LFoot_ry,LShin_to_LFoot,ry,0.0009266992705059335,0.10209206544439847,0.10116536617389253,0.16637426971110833,0.19111263747959265
671_T1_vs_T3,longitudinal,2,LShin_to_LFoot_rz,LShin_to_LFoot,rz,0.01873863465944518,0.010386604461417183,-0.008352030198027997,0.16637426971110833,0.19111263747959265
671_T1_vs_T3,longitudinal,2,LShoulder_to_LUArm_rx,LShoulder_to_LUArm,rx,0.28729234587666613,0.23644704739548475,-0.050845298481181384,0.16637426971110833,0.19111263747959265
671_T1_vs_T3,longitudinal,2,LShoulder_to_LUArm_ry,LShoulder_to_LUArm,ry,0.1924441324279192,0.13989975538916397,-0.052544377038755224,0.16637426971110833,0.19111263747959265
671_T1_vs_T3,longitudinal,2,LShoulder_to_LUArm_rz,LShoulder_to_LUArm,rz,0.04561671870804463,0.07089670263674613,0.025279983928701504,0.16637426971110833,0.19111263747959265
671_T1_vs_T3,longitudinal,2,LThigh_to_LShin_rx,LThigh_to_LShin,rx,0.06370282327609457,0.2182085293510979,0.15450570607500336,0.16637426971110833,0.19111263747959265
671_T1_vs_T3,longitudinal,2,LThigh_to_LShin_ry,LThigh_to_LShin,ry,3.017652438183099e-08,5.199368305788173e-09,-2.497715607604282e-08,0.16637426971110833,0.19111263747959265
671_T1_vs_T3,longitudinal,2,LThigh_to_LShin_rz,LThigh_to_LShin,rz,7.290631073324338e-09,9.293448146526646e-09,2.002817073202308e-09,0.16637426971110833,0.19111263747959265
671_T1_vs_T3,longitudinal,2,LUArm_to_LFArm_rx,LUArm_to_LFArm,rx,0.01412567158705725,0.028809826294643927,0.014684154707586678,0.16637426971110833,0.19111263747959265
671_T1_vs_T3,longitudinal,2,LUArm_to_LFArm_ry,LUArm_to_LFArm,ry,0.4710841445061869,0.014431028727565593,-0.45665311577862133,0.16637426971110833,0.19111263747959265
671_T1_vs_T3,longitudinal,2,LUArm_to_LFArm_rz,LUArm_to_LFArm,rz,0.09674753936775927,0.03417793239469136,-0.06256960697306792,0.16637426971110833,0.19111263747959265
671_T1_vs_T3,longitudinal,2,Neck_to_Head_rx,Neck_to_Head,rx,0.0708474811589937,0.11115267022178416,0.04030518906279046,0.16637426971110833,0.19111263747959265
671_T1_vs_T3,longitudinal,2,Neck_to_Head_ry,Neck_to_Head,ry,0.0392047495452716,0.05640093988423817,0.01719619033896657,0.16637426971110833,0.19111263747959265
671_T1_vs_T3,longitudinal,2,Neck_to_Head_rz,Neck_to_Head,rz,0.06007020856027702,0.07417541518697336,0.014105206626696343,0.16637426971110833,0.19111263747959265
671_T1_vs_T3,longitudinal,2,RFArm_to_RHand_rx,RFArm_to_RHand,rx,0.2231865651377563,0.05362101318028053,-0.16956555195747577,0.16637426971110833,0.19111263747959265
671_T1_vs_T3,longitudinal,2,RFArm_to_RHand_ry,RFArm_to_RHand,ry,0.19083570611882758,0.05281370445797238,-0.1380220016608552,0.16637426971110833,0.19111263747959265
671_T1_vs_T3,longitudinal,2,RFArm_to_RHand_rz,RFArm_to_RHand,rz,0.17847447252249304,0.02790667605291134,-0.1505677964695817,0.16637426971110833,0.19111263747959265
671_T1_vs_T3,longitudinal,2,RShin_to_RFoot_rx,RShin_to_RFoot,rx,0.043288637200955105,0.018271966564823525,-0.02501667063613158,0.16637426971110833,0.19111263747959265
671_T1_vs_T3,longitudinal,2,RShin_to_RFoot_ry,RShin_to_RFoot,ry,0.010410880483456704,0.14332414158923173,0.13291326110577503,0.16637426971110833,0.19111263747959265
671_T1_vs_T3,longitudinal,2,RShin_to_RFoot_rz,RShin_to_RFoot,rz,0.007124192282760739,0.060155820170212426,0.053031627887451686,0.16637426971110833,0.19111263747959265
671_T1_vs_T3,longitudinal,2,RShoulder_to_RUArm_rx,RShoulder_to_RUArm,rx,0.2773781568524796,0.15342644472502592,-0.12395171212745365,0.16637426971110833,0.19111263747959265
671_T1_vs_T3,longitudinal,2,RShoulder_to_RUArm_ry,RShoulder_to_RUArm,ry,0.004378845844251668,0.006396776175736247,0.0020179303314845787,0.16637426971110833,0.19111263747959265
671_T1_vs_T3,longitudinal,2,RShoulder_to_RUArm_rz,RShoulder_to_RUArm,rz,0.1141326279363205,0.0015978150497349098,-0.11253481288658558,0.16637426971110833,0.19111263747959265
671_T1_vs_T3,longitudinal,2,RThigh_to_RShin_rx,RThigh_to_RShin,rx,0.0900075274109939,0.01564948803356703,-0.07435803937742687,0.16637426971110833,0.19111263747959265
671_T1_vs_T3,longitudinal,2,RThigh_to_RShin_ry,RThigh_to_RShin,ry,2.8382462140998187e-08,3.198040648097781e-08,3.5979443399796216e-09,0.16637426971110833,0.19111263747959265
671_T1_vs_T3,longitudinal,2,RThigh_to_RShin_rz,RThigh_to_RShin,rz,9.726882952257497e-09,9.77235325207814e-09,4.5470299820643195e-11,0.16637426971110833,0.19111263747959265
671_T1_vs_T3,longitudinal,2,RUArm_to_RFArm_rx,RUArm_to_RFArm,rx,0.30752078426743884,0.26582990365815445,-0.041690880609284386,0.16637426971110833,0.19111263747959265
671_T1_vs_T3,longitudinal,2,RUArm_to_RFArm_ry,RUArm_to_RFArm,ry,0.2457792765698869,0.5611749907323483,0.3153957141624614,0.16637426971110833,0.19111263747959265
671_T1_vs_T3,longitudinal,2,RUArm_to_RFArm_rz,RUArm_to_RFArm,rz,0.16322829071880127,0.10741192334838065,-0.055816367370420616,0.16637426971110833,0.19111263747959265
671_T1_vs_T3,longitudinal,3,Chest_to_LShoulder_rx,Chest_to_LShoulder,rx,0.005927038504018759,0.04126482835748374,0.03533778985346498,0.13427335072444427,0.17021308920182707
671_T1_vs_T3,longitudinal,3,Chest_to_LShoulder_ry,Chest_to_LShoulder,ry,0.0709684283437959,0.004710718303862493,-0.0662577100399334,0.13427335072444427,0.17021308920182707
671_T1_vs_T3,longitudinal,3,Chest_to_LShoulder_rz,Chest_to_LShoulder,rz,0.06619001138743846,0.04643318146476646,-0.019756829922672005,0.13427335072444427,0.17021308920182707
671_T1_vs_T3,longitudinal,3,Chest_to_Neck_rx,Chest_to_Neck,rx,0.1525351834425274,0.1838925502747598,0.03135736683223239,0.13427335072444427,0.17021308920182707
671_T1_vs_T3,longitudinal,3,Chest_to_Neck_ry,Chest_to_Neck,ry,0.050020516225259964,0.05699919689142033,0.006978680666160364,0.13427335072444427,0.17021308920182707
671_T1_vs_T3,longitudinal,3,Chest_to_Neck_rz,Chest_to_Neck,rz,0.11241600315908777,0.03243968063128706,-0.07997632252780071,0.13427335072444427,0.17021308920182707
671_T1_vs_T3,longitudinal,3,Chest_to_RShoulder_rx,Chest_to_RShoulder,rx,0.006123827225767166,0.009303738282666509,0.0031799110568993426,0.13427335072444427,0.17021308920182707
671_T1_vs_T3,longitudinal,3,Chest_to_RShoulder_ry,Chest_to_RShoulder,ry,0.08594740992655098,0.004456003881836331,-0.08149140604471465,0.13427335072444427,0.17021308920182707
671_T1_vs_T3,longitudinal,3,Chest_to_RShoulder_rz,Chest_to_RShoulder,rz,0.014686400331788169,0.03776766308758672,0.023081262755798554,0.13427335072444427,0.17021308920182707
671_T1_vs_T3,longitudinal,3,LFArm_to_LHand_rx,LFArm_to_LHand,rx,0.09796449552421664,0.08149537641294118,-0.016469119111275465,0.13427335072444427,0.17021308920182707
671_T1_vs_T3,longitudinal,3,LFArm_to_LHand_ry,LFArm_to_LHand,ry,0.0753805903104654,0.09814047471811972,0.02275988440765432,0.13427335072444427,0.17021308920182707
671_T1_vs_T3,longitudinal,3,LFArm_to_LHand_rz,LFArm_to_LHand,rz,0.07512804772852924,0.1747000006808553,0.09957195295232607,0.13427335072444427,0.17021308920182707
671_T1_vs_T3,longitudinal,3,LShin_to_LFoot_rx,LShin_to_LFoot,rx,0.08315850597833505,0.030750269664146523,-0.05240823631418852,0.13427335072444427,0.17021308920182707
671_T1_vs_T3,longitudinal,3,LShin_to_LFoot_ry,LShin_to_LFoot,ry,0.01604629177512568,0.06948871123216838,0.0534424194570427,0.13427335072444427,0.17021308920182707
671_T1_vs_T3,longitudinal,3,LShin_to_LFoot_rz,LShin_to_LFoot,rz,0.01686048356435357,0.014887425595379608,-0.001973057968973962,0.13427335072444427,0.17021308920182707
671_T1_vs_T3,longitudinal,3,LShoulder_to_LUArm_rx,LShoulder_to_LUArm,rx,0.03279226729637246,0.1671916554805742,0.13439938818420172,0.13427335072444427,0.17021308920182707
671_T1_vs_T3,longitudinal,3,LShoulder_to_LUArm_ry,LShoulder_to_LUArm,ry,0.23148049389252895,0.17061853841853727,-0.060861955473991675,0.13427335072444427,0.17021308920182707
671_T1_vs_T3,longitudinal,3,LShoulder_to_LUArm_rz,LShoulder_to_LUArm,rz,0.06203686431336826,0.0012069755825745757,-0.06082988873079368,0.13427335072444427,0.17021308920182707
671_T1_vs_T3,longitudinal,3,LThigh_to_LShin_rx,LThigh_to_LShin,rx,0.12707730298645437,0.012708233418078729,-0.11436906956837564,0.13427335072444427,0.17021308920182707
671_T1_vs_T3,longitudinal,3,LThigh_to_LShin_ry,LThigh_to_LShin,ry,3.8221561371514056e-08,3.6474274454864985e-08,-1.7472869166490707e-09,0.13427335072444427,0.17021308920182707
671_T1_vs_T3,longitudinal,3,LThigh_to_LShin_rz,LThigh_to_LShin,rz,2.5746496065108644e-08,1.7330343900242594e-09,-2.4013461675084385e-08,0.13427335072444427,0.17021308920182707
671_T1_vs_T3,longitudinal,3,LUArm_to_LFArm_rx,LUArm_to_LFArm,rx,0.17991719493926336,0.17247492806927303,-0.007442266869990333,0.13427335072444427,0.17021308920182707
671_T1_vs_T3,longitudinal,3,LUArm_to_LFArm_ry,LUArm_to_LFArm,ry,0.4025858188219513,0.6170498135205843,0.21446399469863298,0.13427335072444427,0.17021308920182707
671_T1_vs_T3,longitudinal,3,LUArm_to_LFArm_rz,LUArm_to_LFArm,rz,0.21471271972568506,0.29321307322001383,0.07850035349432877,0.13427335072444427,0.17021308920182707
671_T1_vs_T3,longitudinal,3,Neck_to_Head_rx,Neck_to_Head,rx,0.15253519436109192,0.1838925852589716,0.03135739089787967,0.13427335072444427,0.17021308920182707
671_T1_vs_T3,longitudinal,3,Neck_to_Head_ry,Neck_to_Head,ry,0.050020578961175316,0.05699927461784592,0.006978695656670607,0.13427335072444427,0.17021308920182707
671_T1_vs_T3,longitudinal,3,Neck_to_Head_rz,Neck_to_Head,rz,0.1124160817059168,0.03243967332850927,-0.07997640837740752,0.13427335072444427,0.17021308920182707
671_T1_vs_T3,longitudinal,3,RFArm_to_RHand_rx,RFArm_to_RHand,rx,0.2223907108378389,0.1732391226854122,-0.049151588152426706,0.13427335072444427,0.17021308920182707
671_T1_vs_T3,longitudinal,3,RFArm_to_RHand_ry,RFArm_to_RHand,ry,0.04972919753836793,0.10821492153050345,0.05848572399213552,0.13427335072444427,0.17021308920182707
671_T1_vs_T3,longitudinal,3,RFArm_to_RHand_rz,RFArm_to_RHand,rz,0.2840600769963119,0.24369832848668888,-0.04036174850962304,0.13427335072444427,0.17021308920182707
671_T1_vs_T3,longitudinal,3,RShin_to_RFoot_rx,RShin_to_RFoot,rx,0.009297959303835646,0.029368215336228454,0.02007025603239281,0.13427335072444427,0.17021308920182707
671_T1_vs_T3,longitudinal,3,RShin_to_RFoot_ry,RShin_to_RFoot,ry,0.012755551387729604,0.00441961475710855,-0.008335936630621054,0.13427335072444427,0.17021308920182707
671_T1_vs_T3,longitudinal,3,RShin_to_RFoot_rz,RShin_to_RFoot,rz,0.008522151551567474,0.012906262791898215,0.004384111240330741,0.13427335072444427,0.17021308920182707
671_T1_vs_T3,longitudinal,3,RShoulder_to_RUArm_rx,RShoulder_to_RUArm,rx,0.0251550812859363,0.039575751024557265,0.014420669738620964,0.13427335072444427,0.17021308920182707
671_T1_vs_T3,longitudinal,3,RShoulder_to_RUArm_ry,RShoulder_to_RUArm,ry,0.19957356749612168,0.09825273695118389,-0.10132083054493779,0.13427335072444427,0.17021308920182707
671_T1_vs_T3,longitudinal,3,RShoulder_to_RUArm_rz,RShoulder_to_RUArm,rz,0.08714595638594554,0.13435497902586382,0.04720902263991829,0.13427335072444427,0.17021308920182707
671_T1_vs_T3,longitudinal,3,RThigh_to_RShin_rx,RThigh_to_RShin,rx,0.016988121456283912,0.006062482660713117,-0.010925638795570795,0.13427335072444427,0.17021308920182707
671_T1_vs_T3,longitudinal,3,RThigh_to_RShin_ry,RThigh_to_RShin,ry,1.3813141146770045e-08,1.5279130093849843e-08,1.465988947079798e-09,0.13427335072444427,0.17021308920182707
671_T1_vs_T3,longitudinal,3,RThigh_to_RShin_rz,RThigh_to_RShin,rz,8.551522215953628e-09,1.668029605566761e-09,-6.8834926103868674e-09,0.13427335072444427,0.17021308920182707
671_T1_vs_T3,longitudinal,3,RUArm_to_RFArm_rx,RUArm_to_RFArm,rx,0.03512050974787912,0.01768481214630088,-0.017435697601578242,0.13427335072444427,0.17021308920182707
671_T1_vs_T3,longitudinal,3,RUArm_to_RFArm_ry,RUArm_to_RFArm,ry,0.6160902027475692,0.4236756094080248,-0.19241459333954442,0.13427335072444427,0.17021308920182707
671_T1_vs_T3,longitudinal,3,RUArm_to_RFArm_rz,RUArm_to_RFArm,rz,0.02054998656636542,0.0241175708905878,0.0035675843242223802,0.13427335072444427,0.17021308920182707
671_T1_vs_T3,longitudinal,4,Chest_to_LShoulder_rx,Chest_to_LShoulder,rx,0.018503533147954707,0.029223051931721176,0.01071951878376647,0.0772725110435775,0.10761237569182502
671_T1_vs_T3,longitudinal,4,Chest_to_LShoulder_ry,Chest_to_LShoulder,ry,0.09860183880361277,0.10571515604834794,0.007113317244735171,0.0772725110435775,0.10761237569182502
671_T1_vs_T3,longitudinal,4,Chest_to_LShoulder_rz,Chest_to_LShoulder,rz,0.04413452016518336,0.11041413024759937,0.06627961008241601,0.0772725110435775,0.10761237569182502
671_T1_vs_T3,longitudinal,4,Chest_to_Neck_rx,Chest_to_Neck,rx,0.4152995329432528,0.3048805129336052,-0.1104190200096476,0.0772725110435775,0.10761237569182502
671_T1_vs_T3,longitudinal,4,Chest_to_Neck_ry,Chest_to_Neck,ry,0.08403739248461295,0.012240861481849113,-0.07179653100276384,0.0772725110435775,0.10761237569182502
671_T1_vs_T3,longitudinal,4,Chest_to_Neck_rz,Chest_to_Neck,rz,0.03362029009017697,0.07944060520827846,0.045820315118101494,0.0772725110435775,0.10761237569182502
671_T1_vs_T3,longitudinal,4,Chest_to_RShoulder_rx,Chest_to_RShoulder,rx,0.02495069729505394,0.07134829016327952,0.04639759286822558,0.0772725110435775,0.10761237569182502
671_T1_vs_T3,longitudinal,4,Chest_to_RShoulder_ry,Chest_to_RShoulder,ry,0.054184313900069545,0.08833295253891649,0.03414863863884694,0.0772725110435775,0.10761237569182502
671_T1_vs_T3,longitudinal,4,Chest_to_RShoulder_rz,Chest_to_RShoulder,rz,0.0044375694094211686,0.023711397776580573,0.019273828367159403,0.0772725110435775,0.10761237569182502
671_T1_vs_T3,longitudinal,4,LFArm_to_LHand_rx,LFArm_to_LHand,rx,0.03483734829327014,0.04021879871117362,0.005381450417903479,0.0772725110435775,0.10761237569182502
671_T1_vs_T3,longitudinal,4,LFArm_to_LHand_ry,LFArm_to_LHand,ry,0.1412384925881141,0.08041076206300676,-0.06082773052510734,0.0772725110435775,0.10761237569182502
671_T1_vs_T3,longitudinal,4,LFArm_to_LHand_rz,LFArm_to_LHand,rz,0.10619957646903597,0.16415029026227118,0.057950713793235215,0.0772725110435775,0.10761237569182502
671_T1_vs_T3,longitudinal,4,LShin_to_LFoot_rx,LShin_to_LFoot,rx,0.07891396290203542,0.028913838265686772,-0.05000012463634865,0.0772725110435775,0.10761237569182502
671_T1_vs_T3,longitudinal,4,LShin_to_LFoot_ry,LShin_to_LFoot,ry,0.028734520662196138,0.0880846720574189,0.05935015139522277,0.0772725110435775,0.10761237569182502
671_T1_vs_T3,longitudinal,4,LShin_to_LFoot_rz,LShin_to_LFoot,rz,0.02164841257091532,0.037660209853682625,0.016011797282767304,0.0772725110435775,0.10761237569182502
671_T1_vs_T3,longitudinal,4,LShoulder_to_LUArm_rx,LShoulder_to_LUArm,rx,0.0217138427513997,0.12910241326729333,0.10738857051589362,0.0772725110435775,0.10761237569182502
671_T1_vs_T3,longitudinal,4,LShoulder_to_LUArm_ry,LShoulder_to_LUArm,ry,0.46289220824379534,0.4644544926273493,0.0015622843835539357,0.0772725110435775,0.10761237569182502
671_T1_vs_T3,longitudinal,4,LShoulder_to_LUArm_rz,LShoulder_to_LUArm,rz,0.04815405126901096,0.12058878058398845,0.07243472931497749,0.0772725110435775,0.10761237569182502
671_T1_vs_T3,longitudinal,4,LThigh_to_LShin_rx,LThigh_to_LShin,rx,0.0554032370151131,0.017206701916138087,-0.03819653509897501,0.0772725110435775,0.10761237569182502
671_T1_vs_T3,longitudinal,4,LThigh_to_LShin_ry,LThigh_to_LShin,ry,1.0244376284198486e-08,4.250591921045578e-09,-5.993784363152908e-09,0.0772725110435775,0.10761237569182502
671_T1_vs_T3,longitudinal,4,LThigh_to_LShin_rz,LThigh_to_LShin,rz,1.7960641340385288e-08,3.474476611382496e-08,1.678412477343967e-08,0.0772725110435775,0.10761237569182502
671_T1_vs_T3,longitudinal,4,LUArm_to_LFArm_rx,LUArm_to_LFArm,rx,0.03292765468157691,0.136662141716006,0.10373448703442908,0.0772725110435775,0.10761237569182502
671_T1_vs_T3,longitudinal,4,LUArm_to_LFArm_ry,LUArm_to_LFArm,ry,0.31727550530655013,0.4110069245163632,0.0937314192098131,0.0772725110435775,0.10761237569182502
671_T1_vs_T3,longitudinal,4,LUArm_to_LFArm_rz,LUArm_to_LFArm,rz,0.13355381469420935,0.16652435633644402,0.032970541642234674,0.0772725110435775,0.10761237569182502
671_T1_vs_T3,longitudinal,4,Neck_to_Head_rx,Neck_to_Head,rx,0.41529961282578937,0.30488060061163813,-0.11041901221415124,0.0772725110435775,0.10761237569182502
671_T1_vs_T3,longitudinal,4,Neck_to_Head_ry,Neck_to_Head,ry,0.08403741884610365,0.0122408271565256,-0.07179659168957805,0.0772725110435775,0.10761237569182502
671_T1_vs_T3,longitudinal,4,Neck_to_Head_rz,Neck_to_Head,rz,0.033620186338660304,0.07944073044325312,0.04582054410459281,0.0772725110435775,0.10761237569182502
671_T1_vs_T3,longitudinal,4,RFArm_to_RHand_rx,RFArm_to_RHand,rx,0.02562675048204229,0.04018421805874172,0.014557467576699429,0.0772725110435775,0.10761237569182502
671_T1_vs_T3,longitudinal,4,RFArm_to_RHand_ry,RFArm_to_RHand,ry,0.09061404816659385,0.16040585596855195,0.0697918078019581,0.0772725110435775,0.10761237569182502
671_T1_vs_T3,longitudinal,4,RFArm_to_RHand_rz,RFArm_to_RHand,rz,0.03240436497074045,0.026875583723138568,-0.005528781247601883,0.0772725110435775,0.10761237569182502
671_T1_vs_T3,longitudinal,4,RShin_to_RFoot_rx,RShin_to_RFoot,rx,0.02738107439599146,0.04216112765141903,0.01478005325542757,0.0772725110435775,0.10761237569182502
671_T1_vs_T3,longitudinal,4,RShin_to_RFoot_ry,RShin_to_RFoot,ry,0.10543607241065668,0.16997877826258412,0.06454270585192744,0.0772725110435775,0.10761237569182502
671_T1_vs_T3,longitudinal,4,RShin_to_RFoot_rz,RShin_to_RFoot,rz,0.03966953621743908,0.057749479116503084,0.018079942899064005,0.0772725110435775,0.10761237569182502
671_T1_vs_T3,longitudinal,4,RShoulder_to_RUArm_rx,RShoulder_to_RUArm,rx,0.007758619700223151,0.10279420588274904,0.09503558618252589,0.0772725110435775,0.10761237569182502
671_T1_vs_T3,longitudinal,4,RShoulder_to_RUArm_ry,RShoulder_to_RUArm,ry,0.3576838074227355,0.3348814863688946,-0.02280232105384089,0.0772725110435775,0.10761237569182502
671_T1_vs_T3,longitudinal,4,RShoulder_to_RUArm_rz,RShoulder_to_RUArm,rz,0.1323483821510195,0.11088855432973808,-0.021459827821281405,0.0772725110435775,0.10761237569182502
671_T1_vs_T3,longitudinal,4,RThigh_to_RShin_rx,RThigh_to_RShin,rx,0.019872632709317602,0.06340360753746623,0.04353097482814862,0.0772725110435775,0.10761237569182502
671_T1_vs_T3,longitudinal,4,RThigh_to_RShin_ry,RThigh_to_RShin,ry,3.0095877196941577e-08,3.252040630430476e-08,2.424529107363182e-09,0.0772725110435775,0.10761237569182502
671_T1_vs_T3,longitudinal,4,RThigh_to_RShin_rz,RThigh_to_RShin,rz,6.297569896188329e-09,3.8168327157001807e-10,-5.915886624618311e-09,0.0772725110435775,0.10761237569182502
671_T1_vs_T3,longitudinal,4,RUArm_to_RFArm_rx,RUArm_to_RFArm,rx,0.11114689579519318,0.07424869537689795,-0.03689820041829524,0.0772725110435775,0.10761237569182502
671_T1_vs_T3,longitudinal,4,RUArm_to_RFArm_ry,RUArm_to_RFArm,ry,0.2482843600569498,0.17226048383607148,-0.0760238762208783,0.0772725110435775,0.10761237569182502
671_T1_vs_T3,longitudinal,4,RUArm_to_RFArm_rz,RUArm_to_RFArm,rz,0.011636840244286892,0.14004160518514291,0.128404764940856,0.0772725110435775,0.10761237569182502
671_T1_vs_T3,longitudinal,5,Chest_to_LShoulder_rx,Chest_to_LShoulder,rx,0.06567251335633739,0.0033870591472972503,-0.06228545420904014,0.0720349896044913,0.09259422644320339
671_T1_vs_T3,longitudinal,5,Chest_to_LShoulder_ry,Chest_to_LShoulder,ry,0.03838317470009476,0.03746697806918346,-0.0009161966309112965,0.0720349896044913,0.09259422644320339
671_T1_vs_T3,longitudinal,5,Chest_to_LShoulder_rz,Chest_to_LShoulder,rz,0.06172113793814575,0.024221065976982724,-0.03750007196116303,0.0720349896044913,0.09259422644320339
671_T1_vs_T3,longitudinal,5,Chest_to_Neck_rx,Chest_to_Neck,rx,0.0064546053815565845,0.10423825640392735,0.09778365102237077,0.0720349896044913,0.09259422644320339
671_T1_vs_T3,longitudinal,5,Chest_to_Neck_ry,Chest_to_Neck,ry,0.025231631772842347,0.021884150093483243,-0.003347481679359103,0.0720349896044913,0.09259422644320339
671_T1_vs_T3,longitudinal,5,Chest_to_Neck_rz,Chest_to_Neck,rz,0.03087598546311766,0.004268880513660179,-0.02660710494945748,0.0720349896044913,0.09259422644320339
671_T1_vs_T3,longitudinal,5,Chest_to_RShoulder_rx,Chest_to_RShoulder,rx,0.07603960961693129,0.058313687285959995,-0.017725922330971297,0.0720349896044913,0.09259422644320339
671_T1_vs_T3,longitudinal,5,Chest_to_RShoulder_ry,Chest_to_RShoulder,ry,0.029012209771052178,0.0475842648655561,0.018572055094503923,0.0720349896044913,0.09259422644320339
671_T1_vs_T3,longitudinal,5,Chest_to_RShoulder_rz,Chest_to_RShoulder,rz,0.040779687372340605,0.09455821511348689,0.05377852774114628,0.0720349896044913,0.09259422644320339
671_T1_vs_T3,longitudinal,5,LFArm_to_LHand_rx,LFArm_to_LHand,rx,0.12406202911468468,0.0362970766634086,-0.08776495245127608,0.0720349896044913,0.09259422644320339
671_T1_vs_T3,longitudinal,5,LFArm_to_LHand_ry,LFArm_to_LHand,ry,0.03808043493073716,0.09556728599025698,0.05748685105951982,0.0720349896044913,0.09259422644320339
671_T1_vs_T3,longitudinal,5,LFArm_to_LHand_rz,LFArm_to_LHand,rz,0.4127084830407594,0.04937900735373067,-0.3633294756870287,0.0720349896044913,0.09259422644320339
671_T1_vs_T3,longitudinal,5,LShin_to_LFoot_rx,LShin_to_LFoot,rx,0.06965050405815026,0.06540168011489378,-0.004248823943256486,0.0720349896044913,0.09259422644320339
671_T1_vs_T3,longitudinal,5,LShin_to_LFoot_ry,LShin_to_LFoot,ry,0.15426758498887863,0.05009484314515193,-0.1041727418437267,0.0720349896044913,0.09259422644320339
671_T1_vs_T3,longitudinal,5,LShin_to_LFoot_rz,LShin_to_LFoot,rz,0.0349992499577189,0.039021670262278985,0.004022420304560084,0.0720349896044913,0.09259422644320339
671_T1_vs_T3,longitudinal,5,LShoulder_to_LUArm_rx,LShoulder_to_LUArm,rx,0.23018815344845997,0.029902937641682743,-0.20028521580677722,0.0720349896044913,0.09259422644320339
671_T1_vs_T3,longitudinal,5,LShoulder_to_LUArm_ry,LShoulder_to_LUArm,ry,0.03198904955425043,0.10409954816741933,0.0721104986131689,0.0720349896044913,0.09259422644320339
671_T1_vs_T3,longitudinal,5,LShoulder_to_LUArm_rz,LShoulder_to_LUArm,rz,0.0017294998628560468,0.01374225013035397,0.012012750267497922,0.0720349896044913,0.09259422644320339
671_T1_vs_T3,longitudinal,5,LThigh_to_LShin_rx,LThigh_to_LShin,rx,0.0017716878146265148,0.07374160872880385,0.07196992091417734,0.0720349896044913,0.09259422644320339
671_T1_vs_T3,longitudinal,5,LThigh_to_LShin_ry,LThigh_to_LShin,ry,5.5530734248269885e-09,2.8032123468787435e-08,2.2479050043960446e-08,0.0720349896044913,0.09259422644320339
671_T1_vs_T3,longitudinal,5,LThigh_to_LShin_rz,LThigh_to_LShin,rz,6.746556857620085e-09,1.631248991537923e-08,9.565933057759145e-09,0.0720349896044913,0.09259422644320339
671_T1_vs_T3,longitudinal,5,LUArm_to_LFArm_rx,LUArm_to_LFArm,rx,0.12341261680817736,0.022016420491500814,-0.10139619631667654,0.0720349896044913,0.09259422644320339
671_T1_vs_T3,longitudinal,5,LUArm_to_LFArm_ry,LUArm_to_LFArm,ry,0.4592787528745554,0.3176554294607627,-0.1416233234137927,0.0720349896044913,0.09259422644320339
671_T1_vs_T3,longitudinal,5,LUArm_to_LFArm_rz,LUArm_to_LFArm,rz,0.1949343786632223,0.0885771043617331,-0.1063572743014892,0.0720349896044913,0.09259422644320339
671_T1_vs_T3,longitudinal,5,Neck_to_Head_rx,Neck_to_Head,rx,0.0064546383907136615,0.10423829267973186,0.0977836542890182,0.0720349896044913,0.09259422644320339
671_T1_vs_T3,longitudinal,5,Neck_to_Head_ry,Neck_to_Head,ry,0.025231611478845912,0.021884173348422124,-0.0033474381304237875,0.0720349896044913,0.09259422644320339
671_T1_vs_T3,longitudinal,5,Neck_to_Head_rz,Neck_to_Head,rz,0.030875958831086913,0.00426885867788019,-0.026607100153206723,0.0720349896044913,0.09259422644320339
671_T1_vs_T3,longitudinal,5,RFArm_to_RHand_rx,RFArm_to_RHand,rx,0.1348953978459864,0.337473487158497,0.20257808931251062,0.0720349896044913,0.09259422644320339
671_T1_vs_T3,longitudinal,5,RFArm_to_RHand_ry,RFArm_to_RHand,ry,0.056676849343988596,0.01617990474045806,-0.04049694460353054,0.0720349896044913,0.09259422644320339
671_T1_vs_T3,longitudinal,5,RFArm_to_RHand_rz,RFArm_to_RHand,rz,0.47061432871144515,0.7596471768846565,0.2890328481732114,0.0720349896044913,0.09259422644320339
671_T1_vs_T3,longitudinal,5,RShin_to_RFoot_rx,RShin_to_RFoot,rx,0.04738652621057643,0.06371516649732689,0.016328640286750462,0.0720349896044913,0.09259422644320339
671_T1_vs_T3,longitudinal,5,RShin_to_RFoot_ry,RShin_to_RFoot,ry,0.10641086498317273,0.03771061142027899,-0.06870025356289375,0.0720349896044913,0.09259422644320339
671_T1_vs_T3,longitudinal,5,RShin_to_RFoot_rz,RShin_to_RFoot,rz,0.021138487816421213,0.029486203651226114,0.008347715834804901,0.0720349896044913,0.09259422644320339
671_T1_vs_T3,longitudinal,5,RShoulder_to_RUArm_rx,RShoulder_to_RUArm,rx,0.29342322766146023,0.27385869363800786,-0.019564534023452373,0.0720349896044913,0.09259422644320339
671_T1_vs_T3,longitudinal,5,RShoulder_to_RUArm_ry,RShoulder_to_RUArm,ry,0.07973682076947622,0.10080735436556174,0.021070533596085517,0.0720349896044913,0.09259422644320339
671_T1_vs_T3,longitudinal,5,RShoulder_to_RUArm_rz,RShoulder_to_RUArm,rz,0.08624744828218038,0.10293752155820712,0.016690073276026743,0.0720349896044913,0.09259422644320339
671_T1_vs_T3,longitudinal,5,RThigh_to_RShin_rx,RThigh_to_RShin,rx,0.07373059686017931,0.07968618993828921,0.005955593078109903,0.0720349896044913,0.09259422644320339
671_T1_vs_T3,longitudinal,5,RThigh_to_RShin_ry,RThigh_to_RShin,ry,3.213146251206816e-08,2.818384374067218e-08,-3.947618771395976e-09,0.0720349896044913,0.09259422644320339
671_T1_vs_T3,longitudinal,5,RThigh_to_RShin_rz,RThigh_to_RShin,rz,3.389111732896455e-08,4.5807693733527634e-08,1.1916576404563083e-08,0.0720349896044913,0.09259422644320339
671_T1_vs_T3,longitudinal,5,RUArm_to_RFArm_rx,RUArm_to_RFArm,rx,0.15494954908454583,0.08476586949495982,-0.07018367958958602,0.0720349896044913,0.09259422644320339
671_T1_vs_T3,longitudinal,5,RUArm_to_RFArm_ry,RUArm_to_RFArm,ry,0.23471206472182807,0.07366507477313848,-0.1610469899486896,0.0720349896044913,0.09259422644320339
671_T1_vs_T3,longitudinal,5,RUArm_to_RFArm_rz,RUArm_to_RFArm,rz,0.0479096403702058,0.024316961084013464,-0.023592679286192336,0.0720349896044913,0.09259422644320339
671_T1_vs_T3,longitudinal,6,Chest_to_LShoulder_rx,Chest_to_LShoulder,rx,0.16544887192086707,0.18682561722091615,0.02137674530004907,0.05363883994646986,0.03762082245972579
671_T1_vs_T3,longitudinal,6,Chest_to_LShoulder_ry,Chest_to_LShoulder,ry,0.028472783697718773,0.06315578002155235,0.03468299632383358,0.05363883994646986,0.03762082245972579
671_T1_vs_T3,longitudinal,6,Chest_to_LShoulder_rz,Chest_to_LShoulder,rz,0.2627068278343455,0.24667626928495953,-0.01603055854938598,0.05363883994646986,0.03762082245972579
671_T1_vs_T3,longitudinal,6,Chest_to_Neck_rx,Chest_to_Neck,rx,0.030496131234052037,0.1473786887318967,0.11688255749784465,0.05363883994646986,0.03762082245972579
671_T1_vs_T3,longitudinal,6,Chest_to_Neck_ry,Chest_to_Neck,ry,0.08751240577648255,0.11567391991731019,0.02816151414082764,0.05363883994646986,0.03762082245972579
671_T1_vs_T3,longitudinal,6,Chest_to_Neck_rz,Chest_to_Neck,rz,0.21272512112301337,0.21836393217497765,0.0056388110519642876,0.05363883994646986,0.03762082245972579
671_T1_vs_T3,longitudinal,6,Chest_to_RShoulder_rx,Chest_to_RShoulder,rx,0.0706705694226022,0.024725113203259555,-0.04594545621934265,0.05363883994646986,0.03762082245972579
671_T1_vs_T3,longitudinal,6,Chest_to_RShoulder_ry,Chest_to_RShoulder,ry,0.03843946093077996,0.03004802717157293,-0.00839143375920703,0.05363883994646986,0.03762082245972579
671_T1_vs_T3,longitudinal,6,Chest_to_RShoulder_rz,Chest_to_RShoulder,rz,0.030466826698510214,0.029238245237719326,-0.0012285814607908875,0.05363883994646986,0.03762082245972579
671_T1_vs_T3,longitudinal,6,LFArm_to_LHand_rx,LFArm_to_LHand,rx,0.06134208709498599,0.02602920889585586,-0.03531287819913013,0.05363883994646986,0.03762082245972579
671_T1_vs_T3,longitudinal,6,LFArm_to_LHand_ry,LFArm_to_LHand,ry,0.12874074804320265,0.1317161765824447,0.002975428539242042,0.05363883994646986,0.03762082245972579
671_T1_vs_T3,longitudinal,6,LFArm_to_LHand_rz,LFArm_to_LHand,rz,0.016726088504428773,0.1722981351122597,0.15557204660783092,0.05363883994646986,0.03762082245972579
671_T1_vs_T3,longitudinal,6,LShin_to_LFoot_rx,LShin_to_LFoot,rx,0.22625165457956078,0.24442495711952358,0.0181733025399628,0.05363883994646986,0.03762082245972579
671_T1_vs_T3,longitudinal,6,LShin_to_LFoot_ry,LShin_to_LFoot,ry,0.1468320021236256,0.16723920198452621,0.020407199860900616,0.05363883994646986,0.03762082245972579
671_T1_vs_T3,longitudinal,6,LShin_to_LFoot_rz,LShin_to_LFoot,rz,0.034378238345230565,0.036547158324342834,0.0021689199791122687,0.05363883994646986,0.03762082245972579
671_T1_vs_T3,longitudinal,6,LShoulder_to_LUArm_rx,LShoulder_to_LUArm,rx,0.4517214858064856,0.5071705951360913,0.05544910932960573,0.05363883994646986,0.03762082245972579
671_T1_vs_T3,longitudinal,6,LShoulder_to_LUArm_ry,LShoulder_to_LUArm,ry,0.04788579521050852,0.06828602750549281,0.02040023229498429,0.05363883994646986,0.03762082245972579
671_T1_vs_T3,longitudinal,6,LShoulder_to_LUArm_rz,LShoulder_to_LUArm,rz,0.48388505819394473,0.464291755445254,-0.019593302748690755,0.05363883994646986,0.03762082245972579
671_T1_vs_T3,longitudinal,6,LThigh_to_LShin_rx,LThigh_to_LShin,rx,0.1035724972353586,0.11023713948130041,0.006664642245941821,0.05363883994646986,0.03762082245972579
671_T1_vs_T3,longitudinal,6,LThigh_to_LShin_ry,LThigh_to_LShin,ry,8.017120500588792e-09,1.0108915411305932e-08,2.0917949107171396e-09,0.05363883994646986,0.03762082245972579
671_T1_vs_T3,longitudinal,6,LThigh_to_LShin_rz,LThigh_to_LShin,rz,1.3753981325909544e-09,3.2784345816077094e-09,1.903036449016755e-09,0.05363883994646986,0.03762082245972579
671_T1_vs_T3,longitudinal,6,LUArm_to_LFArm_rx,LUArm_to_LFArm,rx,0.04019021573702728,0.022964292685485353,-0.017225923051541928,0.05363883994646986,0.03762082245972579
671_T1_vs_T3,longitudinal,6,LUArm_to_LFArm_ry,LUArm_to_LFArm,ry,0.023473533028789514,0.08826160902418706,0.06478807599539754,0.05363883994646986,0.03762082245972579
671_T1_vs_T3,longitudinal,6,LUArm_to_LFArm_rz,LUArm_to_LFArm,rz,0.005361981995701701,0.018460515858052657,0.013098533862350957,0.05363883994646986,0.03762082245972579
671_T1_vs_T3,longitudinal,6,Neck_to_Head_rx,Neck_to_Head,rx,0.03049605827528551,0.14737865391450686,0.11688259563922135,0.05363883994646986,0.03762082245972579
671_T1_vs_T3,longitudinal,6,Neck_to_Head_ry,Neck_to_Head,ry,0.08751227963029609,0.11567382190471096,0.028161542274414864,0.05363883994646986,0.03762082245972579
671_T1_vs_T3,longitudinal,6,Neck_to_Head_rz,Neck_to_Head,rz,0.21272509376385218,0.2183638801823751,0.0056387864185229175,0.05363883994646986,0.03762082245972579
671_T1_vs_T3,longitudinal,6,RFArm_to_RHand_rx,RFArm_to_RHand,rx,0.09532830709073098,0.043359283129130045,-0.051969023961600934,0.05363883994646986,0.03762082245972579
671_T1_vs_T3,longitudinal,6,RFArm_to_RHand_ry,RFArm_to_RHand,ry,0.06197035190329904,0.01998654051679602,-0.04198381138650302,0.05363883994646986,0.03762082245972579
671_T1_vs_T3,longitudinal,6,RFArm_to_RHand_rz,RFArm_to_RHand,rz,0.037866724731316456,0.06951261057881357,0.03164588584749711,0.05363883994646986,0.03762082245972579
671_T1_vs_T3,longitudinal,6,RShin_to_RFoot_rx,RShin_to_RFoot,rx,0.018426685163703382,0.048661519873028344,0.030234834709324962,0.05363883994646986,0.03762082245972579
671_T1_vs_T3,longitudinal,6,RShin_to_RFoot_ry,RShin_to_RFoot,ry,0.040095655824803185,0.07844913146929895,0.03835347564449577,0.05363883994646986,0.03762082245972579
671_T1_vs_T3,longitudinal,6,RShin_to_RFoot_rz,RShin_to_RFoot,rz,0.022596968676996412,0.009176713885565999,-0.013420254791430414,0.05363883994646986,0.03762082245972579
671_T1_vs_T3,longitudinal,6,RShoulder_to_RUArm_rx,RShoulder_to_RUArm,rx,0.21729759857462488,0.07171549996279777,-0.1455820986118271,0.05363883994646986,0.03762082245972579
671_T1_vs_T3,longitudinal,6,RShoulder_to_RUArm_ry,RShoulder_to_RUArm,ry,0.0643996512584521,0.07057319337907254,0.006173542120620448,0.05363883994646986,0.03762082245972579
671_T1_vs_T3,longitudinal,6,RShoulder_to_RUArm_rz,RShoulder_to_RUArm,rz,0.08940330333919935,0.1077399340290603,0.018336630689860953,0.05363883994646986,0.03762082245972579
671_T1_vs_T3,longitudinal,6,RThigh_to_RShin_rx,RThigh_to_RShin,rx,0.016381382298720146,0.06278334099691132,0.04640195869819118,0.05363883994646986,0.03762082245972579
671_T1_vs_T3,longitudinal,6,RThigh_to_RShin_ry,RThigh_to_RShin,ry,3.379187134656429e-08,2.6384707239410217e-08,-7.4071641071540725e-09,0.05363883994646986,0.03762082245972579
671_T1_vs_T3,longitudinal,6,RThigh_to_RShin_rz,RThigh_to_RShin,rz,4.250515226552523e-08,3.3498139886365354e-08,-9.007012379159879e-09,0.05363883994646986,0.03762082245972579
671_T1_vs_T3,longitudinal,6,RUArm_to_RFArm_rx,RUArm_to_RFArm,rx,0.28434748951762784,0.1116052397453323,-0.17274224977229552,0.05363883994646986,0.03762082245972579
671_T1_vs_T3,longitudinal,6,RUArm_to_RFArm_ry,RUArm_to_RFArm,ry,0.25741367883356103,0.19841415385487682,-0.058999524978684215,0.05363883994646986,0.03762082245972579
671_T1_vs_T3,longitudinal,6,RUArm_to_RFArm_rz,RUArm_to_RFArm,rz,0.127271343418088,0.06389717760146944,-0.06337416581661855,0.05363883994646986,0.03762082245972579
671_T1_vs_T3,longitudinal,7,Chest_to_LShoulder_rx,Chest_to_LShoulder,rx,0.013194741729840658,0.005699442265011425,-0.007495299464829233,0.03837181901860238,0.01936268512704172
671_T1_vs_T3,longitudinal,7,Chest_to_LShoulder_ry,Chest_to_LShoulder,ry,0.01912474788452417,0.028930968023058827,0.009806220138534657,0.03837181901860238,0.01936268512704172
671_T1_vs_T3,longitudinal,7,Chest_to_LShoulder_rz,Chest_to_LShoulder,rz,0.1716248748155654,0.08005708082355602,-0.09156779399200939,0.03837181901860238,0.01936268512704172
671_T1_vs_T3,longitudinal,7,Chest_to_Neck_rx,Chest_to_Neck,rx,0.07982982972651194,0.1833368882578418,0.10350705853132987,0.03837181901860238,0.01936268512704172
671_T1_vs_T3,longitudinal,7,Chest_to_Neck_ry,Chest_to_Neck,ry,0.02871388935885817,0.016489768373123444,-0.012224120985734728,0.03837181901860238,0.01936268512704172
671_T1_vs_T3,longitudinal,7,Chest_to_Neck_rz,Chest_to_Neck,rz,0.04611382030960012,0.0035826467551242983,-0.042531173554475825,0.03837181901860238,0.01936268512704172
671_T1_vs_T3,longitudinal,7,Chest_to_RShoulder_rx,Chest_to_RShoulder,rx,0.05909824422859759,0.09838553273297773,0.03928728850438014,0.03837181901860238,0.01936268512704172
671_T1_vs_T3,longitudinal,7,Chest_to_RShoulder_ry,Chest_to_RShoulder,ry,0.035908736088859784,0.003736309719184051,-0.03217242636967573,0.03837181901860238,0.01936268512704172
671_T1_vs_T3,longitudinal,7,Chest_to_RShoulder_rz,Chest_to_RShoulder,rz,0.03535811466939015,0.04232048574198531,0.006962371072595161,0.03837181901860238,0.01936268512704172
671_T1_vs_T3,longitudinal,7,LFArm_to_LHand_rx,LFArm_to_LHand,rx,0.15923115511412972,0.014655310691085222,-0.1445758444230445,0.03837181901860238,0.01936268512704172
671_T1_vs_T3,longitudinal,7,LFArm_to_LHand_ry,LFArm_to_LHand,ry,0.07308270966424694,0.08159009134016659,0.008507381675919648,0.03837181901860238,0.01936268512704172
671_T1_vs_T3,longitudinal,7,LFArm_to_LHand_rz,LFArm_to_LHand,rz,0.4488426434040689,0.13622751411497286,-0.312615129289096,0.03837181901860238,0.01936268512704172
671_T1_vs_T3,longitudinal,7,LShin_to_LFoot_rx,LShin_to_LFoot,rx,0.2347871331545735,0.19202506563144436,-0.04276206752312914,0.03837181901860238,0.01936268512704172
671_T1_vs_T3,longitudinal,7,LShin_to_LFoot_ry,LShin_to_LFoot,ry,0.08861520695364139,0.060743732338567676,-0.027871474615073714,0.03837181901860238,0.01936268512704172
671_T1_vs_T3,longitudinal,7,LShin_to_LFoot_rz,LShin_to_LFoot,rz,0.0679127104155882,0.0520354052194226,-0.015877305196165606,0.03837181901860238,0.01936268512704172
671_T1_vs_T3,longitudinal,7,LShoulder_to_LUArm_rx,LShoulder_to_LUArm,rx,0.04762949258654691,0.02559887491130608,-0.02203061767524083,0.03837181901860238,0.01936268512704172
671_T1_vs_T3,longitudinal,7,LShoulder_to_LUArm_ry,LShoulder_to_LUArm,ry,0.02366427522214473,0.16002502522724182,0.1363607500050971,0.03837181901860238,0.01936268512704172
671_T1_vs_T3,longitudinal,7,LShoulder_to_LUArm_rz,LShoulder_to_LUArm,rz,0.16258426155212716,0.042302732755308034,-0.12028152879681912,0.03837181901860238,0.01936268512704172
671_T1_vs_T3,longitudinal,7,LThigh_to_LShin_rx,LThigh_to_LShin,rx,0.3101340290443905,0.25701382698620856,-0.053120202058181964,0.03837181901860238,0.01936268512704172
671_T1_vs_T3,longitudinal,7,LThigh_to_LShin_ry,LThigh_to_LShin,ry,5.095847803814648e-08,3.1932742460218844e-08,-1.9025735577927634e-08,0.03837181901860238,0.01936268512704172
671_T1_vs_T3,longitudinal,7,LThigh_to_LShin_rz,LThigh_to_LShin,rz,5.612645290167249e-08,4.198423526193546e-08,-1.4142217639737027e-08,0.03837181901860238,0.01936268512704172
671_T1_vs_T3,longitudinal,7,LUArm_to_LFArm_rx,LUArm_to_LFArm,rx,0.07515183031410166,0.002556053284203219,-0.07259577702989845,0.03837181901860238,0.01936268512704172
671_T1_vs_T3,longitudinal,7,LUArm_to_LFArm_ry,LUArm_to_LFArm,ry,0.12091185064857318,0.1106562417327369,-0.010255608915836281,0.03837181901860238,0.01936268512704172
671_T1_vs_T3,longitudinal,7,LUArm_to_LFArm_rz,LUArm_to_LFArm,rz,0.07407965512466629,0.025464997501309913,-0.04861465762335637,0.03837181901860238,0.01936268512704172
671_T1_vs_T3,longitudinal,7,Neck_to_Head_rx,Neck_to_Head,rx,0.07982974098155136,0.18333686465860213,0.10350712367705077,0.03837181901860238,0.01936268512704172
671_T1_vs_T3,longitudinal,7,Neck_to_Head_ry,Neck_to_Head,ry,0.028713896840840667,0.01648974433945708,-0.012224152501383586,0.03837181901860238,0.01936268512704172
671_T1_vs_T3,longitudinal,7,Neck_to_Head_rz,Neck_to_Head,rz,0.04611382264465614,0.003582616337877032,-0.042531206306779104,0.03837181901860238,0.01936268512704172
671_T1_vs_T3,longitudinal,7,RFArm_to_RHand_rx,RFArm_to_RHand,rx,0.07261202165801056,0.20297838951218444,0.13036636785417388,0.03837181901860238,0.01936268512704172
671_T1_vs_T3,longitudinal,7,RFArm_to_RHand_ry,RFArm_to_RHand,ry,0.2366100029125263,0.2659813302981176,0.02937132738559131,0.03837181901860238,0.01936268512704172
671_T1_vs_T3,longitudinal,7,RFArm_to_RHand_rz,RFArm_to_RHand,rz,0.12907053664308363,0.0015757541351591117,-0.1274947825079245,0.03837181901860238,0.01936268512704172
671_T1_vs_T3,longitudinal,7,RShin_to_RFoot_rx,RShin_to_RFoot,rx,0.15468875782851166,0.1461313962728498,-0.008557361555661863,0.03837181901860238,0.01936268512704172
671_T1_vs_T3,longitudinal,7,RShin_to_RFoot_ry,RShin_to_RFoot,ry,0.23401192711834554,0.1504738237682221,-0.08353810335012343,0.03837181901860238,0.01936268512704172
671_T1_vs_T3,longitudinal,7,RShin_to_RFoot_rz,RShin_to_RFoot,rz,0.08127126016249854,0.048251775833920665,-0.033019484328577875,0.03837181901860238,0.01936268512704172
671_T1_vs_T3,longitudinal,7,RShoulder_to_RUArm_rx,RShoulder_to_RUArm,rx,0.16165192473071888,0.2732445303038073,0.11159260557308842,0.03837181901860238,0.01936268512704172
671_T1_vs_T3,longitudinal,7,RShoulder_to_RUArm_ry,RShoulder_to_RUArm,ry,0.0755182089193045,0.10043942841888667,0.024921219499582176,0.03837181901860238,0.01936268512704172
671_T1_vs_T3,longitudinal,7,RShoulder_to_RUArm_rz,RShoulder_to_RUArm,rz,0.0041002544451441796,0.02161044544219582,0.01751019099705164,0.03837181901860238,0.01936268512704172
671_T1_vs_T3,longitudinal,7,RThigh_to_RShin_rx,RThigh_to_RShin,rx,0.19595524468260342,0.2003659395801215,0.00441069489751808,0.03837181901860238,0.01936268512704172
671_T1_vs_T3,longitudinal,7,RThigh_to_RShin_ry,RThigh_to_RShin,ry,4.437955916741253e-08,4.8334531644275165e-08,3.9549724768626375e-09,0.03837181901860238,0.01936268512704172
671_T1_vs_T3,longitudinal,7,RThigh_to_RShin_rz,RThigh_to_RShin,rz,8.073771677593896e-08,8.041491319990177e-08,-3.228035760371923e-10,0.03837181901860238,0.01936268512704172
671_T1_vs_T3,longitudinal,7,RUArm_to_RFArm_rx,RUArm_to_RFArm,rx,0.3875824074915207,0.563201647702687,0.17561924021116632,0.03837181901860238,0.01936268512704172
671_T1_vs_T3,longitudinal,7,RUArm_to_RFArm_ry,RUArm_to_RFArm,ry,0.013288240407886853,0.024688695195269096,0.011400454787382244,0.03837181901860238,0.01936268512704172
671_T1_vs_T3,longitudinal,7,RUArm_to_RFArm_rz,RUArm_to_RFArm,rz,0.332448496509395,0.3691737918753119,0.0367252953659169,0.03837181901860238,0.01936268512704172
671_T1_R1_vs_R2,natural_variability,1,Chest_to_LShoulder_rx,Chest_to_LShoulder,rx,0.015003023077522585,0.0642616634147365,0.04925864033721392,0.286089512415452,0.5269781886212699
671_T1_R1_vs_R2,natural_variability,1,Chest_to_LShoulder_ry,Chest_to_LShoulder,ry,0.04782555506720257,0.010116899097471667,-0.0377086559697309,0.286089512415452,0.5269781886212699
671_T1_R1_vs_R2,natural_variability,1,Chest_to_LShoulder_rz,Chest_to_LShoulder,rz,0.015595584446885741,0.024486154411924616,0.008890569965038874,0.286089512415452,0.5269781886212699
671_T1_R1_vs_R2,natural_variability,1,Chest_to_Neck_rx,Chest_to_Neck,rx,0.03122170560386644,0.07712640575495561,0.04590470015108917,0.286089512415452,0.5269781886212699
671_T1_R1_vs_R2,natural_variability,1,Chest_to_Neck_ry,Chest_to_Neck,ry,0.016463042624658395,0.03923004207542186,0.022766999450763468,0.286089512415452,0.5269781886212699
671_T1_R1_vs_R2,natural_variability,1,Chest_to_Neck_rz,Chest_to_Neck,rz,0.046829062059008775,0.04097449863831926,-0.005854563420689518,0.286089512415452,0.5269781886212699
671_T1_R1_vs_R2,natural_variability,1,Chest_to_RShoulder_rx,Chest_to_RShoulder,rx,0.07879160729117902,0.02995974635440623,-0.048831860936772796,0.286089512415452,0.5269781886212699
671_T1_R1_vs_R2,natural_variability,1,Chest_to_RShoulder_ry,Chest_to_RShoulder,ry,0.03475548256709219,0.07580188495340957,0.041046402386317384,0.286089512415452,0.5269781886212699
671_T1_R1_vs_R2,natural_variability,1,Chest_to_RShoulder_rz,Chest_to_RShoulder,rz,0.12032216805755867,0.15132350745817688,0.031001339400618208,0.286089512415452,0.5269781886212699
671_T1_R1_vs_R2,natural_variability,1,LFArm_to_LHand_rx,LFArm_to_LHand,rx,0.02803146881602927,0.028171703830653653,0.000140235014624384,0.286089512415452,0.5269781886212699
671_T1_R1_vs_R2,natural_variability,1,LFArm_to_LHand_ry,LFArm_to_LHand,ry,0.07827514936779409,0.15209815398988902,0.07382300462209493,0.286089512415452,0.5269781886212699
671_T1_R1_vs_R2,natural_variability,1,LFArm_to_LHand_rz,LFArm_to_LHand,rz,0.06596659060291105,0.28237992958086916,0.21641333897795811,0.286089512415452,0.5269781886212699
671_T1_R1_vs_R2,natural_variability,1,LShin_to_LFoot_rx,LShin_to_LFoot,rx,0.0535331759549084,0.02152545363578611,-0.032007722319122286,0.286089512415452,0.5269781886212699
671_T1_R1_vs_R2,natural_variability,1,LShin_to_LFoot_ry,LShin_to_LFoot,ry,0.03492415706600292,0.0387057031554027,0.003781546089399776,0.286089512415452,0.5269781886212699
671_T1_R1_vs_R2,natural_variability,1,LShin_to_LFoot_rz,LShin_to_LFoot,rz,0.016908919106874573,0.018743831171231042,0.0018349120643564691,0.286089512415452,0.5269781886212699
671_T1_R1_vs_R2,natural_variability,1,LShoulder_to_LUArm_rx,LShoulder_to_LUArm,rx,0.02722379315135459,0.23150827548480046,0.20428448233344587,0.286089512415452,0.5269781886212699
671_T1_R1_vs_R2,natural_variability,1,LShoulder_to_LUArm_ry,LShoulder_to_LUArm,ry,0.08146120715030356,0.19856836604181197,0.11710715889150841,0.286089512415452,0.5269781886212699
671_T1_R1_vs_R2,natural_variability,1,LShoulder_to_LUArm_rz,LShoulder_to_LUArm,rz,0.001761959364165465,0.0717123546422808,0.06995039527811533,0.286089512415452,0.5269781886212699
671_T1_R1_vs_R2,natural_variability,1,LThigh_to_LShin_rx,LThigh_to_LShin,rx,0.02442243933719809,0.09425816797514311,0.06983572863794502,0.286089512415452,0.5269781886212699
671_T1_R1_vs_R2,natural_variability,1,LThigh_to_LShin_ry,LThigh_to_LShin,ry,8.376957112806962e-09,1.8345918717950835e-08,9.968961605143873e-09,0.286089512415452,0.5269781886212699
671_T1_R1_vs_R2,natural_variability,1,LThigh_to_LShin_rz,LThigh_to_LShin,rz,2.0013084546198582e-09,4.154685995107898e-08,3.954555149645912e-08,0.286089512415452,0.5269781886212699
671_T1_R1_vs_R2,natural_variability,1,LUArm_to_LFArm_rx,LUArm_to_LFArm,rx,0.08754558546435078,0.05200235998918662,-0.035543225475164156,0.286089512415452,0.5269781886212699
671_T1_R1_vs_R2,natural_variability,1,LUArm_to_LFArm_ry,LUArm_to_LFArm,ry,0.5138628467713239,0.14909210589791297,-0.3647707408734109,0.286089512415452,0.5269781886212699
671_T1_R1_vs_R2,natural_variability,1,LUArm_to_LFArm_rz,LUArm_to_LFArm,rz,0.18466605941425732,0.013722602709291508,-0.1709434567049658,0.286089512415452,0.5269781886212699
671_T1_R1_vs_R2,natural_variability,1,Neck_to_Head_rx,Neck_to_Head,rx,0.031221752304071808,0.0771262053404535,0.045904453036381694,0.286089512415452,0.5269781886212699
671_T1_R1_vs_R2,natural_variability,1,Neck_to_Head_ry,Neck_to_Head,ry,0.016463094146126688,0.039230060005224665,0.022766965859097977,0.286089512415452,0.5269781886212699
671_T1_R1_vs_R2,natural_variability,1,Neck_to_Head_rz,Neck_to_Head,rz,0.0468291054821382,0.040974485987803365,-0.005854619494334835,0.286089512415452,0.5269781886212699
671_T1_R1_vs_R2,natural_variability,1,RFArm_to_RHand_rx,RFArm_to_RHand,rx,0.29967335868756123,0.17970552117985408,-0.11996783750770715,0.286089512415452,0.5269781886212699
671_T1_R1_vs_R2,natural_variability,1,RFArm_to_RHand_ry,RFArm_to_RHand,ry,0.03442471889343048,0.031267406875207474,-0.003157312018223009,0.286089512415452,0.5269781886212699
671_T1_R1_vs_R2,natural_variability,1,RFArm_to_RHand_rz,RFArm_to_RHand,rz,0.6132473619032981,0.5015958652836512,-0.1116514966196469,0.286089512415452,0.5269781886212699
671_T1_R1_vs_R2,natural_variability,1,RShin_to_RFoot_rx,RShin_to_RFoot,rx,0.0365899776182759,0.00493094557184408,-0.03165903204643182,0.286089512415452,0.5269781886212699
671_T1_R1_vs_R2,natural_variability,1,RShin_to_RFoot_ry,RShin_to_RFoot,ry,0.031283782099712394,0.02668114032395195,-0.004602641775760443,0.286089512415452,0.5269781886212699
671_T1_R1_vs_R2,natural_variability,1,RShin_to_RFoot_rz,RShin_to_RFoot,rz,0.007767233878242021,0.00768126970748355,-8.596417075847074e-05,0.286089512415452,0.5269781886212699
671_T1_R1_vs_R2,natural_variability,1,RShoulder_to_RUArm_rx,RShoulder_to_RUArm,rx,0.33662505632333806,0.2945845066625423,-0.042040549660795734,0.286089512415452,0.5269781886212699
671_T1_R1_vs_R2,natural_variability,1,RShoulder_to_RUArm_ry,RShoulder_to_RUArm,ry,0.06033646247060222,0.0633764858248523,0.0030400233542500765,0.286089512415452,0.5269781886212699
671_T1_R1_vs_R2,natural_variability,1,RShoulder_to_RUArm_rz,RShoulder_to_RUArm,rz,0.14301389904695586,0.13177122387458523,-0.011242675172370625,0.286089512415452,0.5269781886212699
671_T1_R1_vs_R2,natural_variability,1,RThigh_to_RShin_rx,RThigh_to_RShin,rx,0.048828973219448325,0.011843488006626945,-0.036985485212821384,0.286089512415452,0.5269781886212699
671_T1_R1_vs_R2,natural_variability,1,RThigh_to_RShin_ry,RThigh_to_RShin,ry,2.3255028927625248e-08,1.4180456344680265e-09,-2.1836983293157223e-08,0.286089512415452,0.5269781886212699
671_T1_R1_vs_R2,natural_variability,1,RThigh_to_RShin_rz,RThigh_to_RShin,rz,1.3239958067059684e-08,4.242410719054434e-08,2.9184149123484655e-08,0.286089512415452,0.5269781886212699
671_T1_R1_vs_R2,natural_variability,1,RUArm_to_RFArm_rx,RUArm_to_RFArm,rx,0.15021735667330272,0.15166058252989828,0.0014432258565955647,0.286089512415452,0.5269781886212699
671_T1_R1_vs_R2,natural_variability,1,RUArm_to_RFArm_ry,RUArm_to_RFArm,ry,0.01929623519772903,0.5124102698376973,0.4931140346399683,0.286089512415452,0.5269781886212699
671_T1_R1_vs_R2,natural_variability,1,RUArm_to_RFArm_rz,RUArm_to_RFArm,rz,0.08287966227560098,0.1720752361575386,0.08919557388193763,0.286089512415452,0.5269781886212699
671_T1_R1_vs_R2,natural_variability,2,Chest_to_LShoulder_rx,Chest_to_LShoulder,rx,0.06518435049937557,0.04770571675526757,-0.017478633744107998,0.2143690572397931,0.2562722419793729
671_T1_R1_vs_R2,natural_variability,2,Chest_to_LShoulder_ry,Chest_to_LShoulder,ry,0.062452060388562554,0.06341441427667827,0.000962353888115712,0.2143690572397931,0.2562722419793729
671_T1_R1_vs_R2,natural_variability,2,Chest_to_LShoulder_rz,Chest_to_LShoulder,rz,0.011197957431400635,0.039809501646993685,0.02861154421559305,0.2143690572397931,0.2562722419793729
671_T1_R1_vs_R2,natural_variability,2,Chest_to_Neck_rx,Chest_to_Neck,rx,0.14270110599711122,0.12344416170559694,-0.019256944291514283,0.2143690572397931,0.2562722419793729
671_T1_R1_vs_R2,natural_variability,2,Chest_to_Neck_ry,Chest_to_Neck,ry,0.016869802784153995,0.01560807281507553,-0.0012617299690784647,0.2143690572397931,0.2562722419793729
671_T1_R1_vs_R2,natural_variability,2,Chest_to_Neck_rz,Chest_to_Neck,rz,0.0031740162086389685,0.0030226976924330553,-0.0001513185162059132,0.2143690572397931,0.2562722419793729
671_T1_R1_vs_R2,natural_variability,2,Chest_to_RShoulder_rx,Chest_to_RShoulder,rx,0.0989665828061709,0.15837339985956195,0.05940681705339104,0.2143690572397931,0.2562722419793729
671_T1_R1_vs_R2,natural_variability,2,Chest_to_RShoulder_ry,Chest_to_RShoulder,ry,0.03646120048350727,0.08202652513787491,0.04556532465436764,0.2143690572397931,0.2562722419793729
671_T1_R1_vs_R2,natural_variability,2,Chest_to_RShoulder_rz,Chest_to_RShoulder,rz,0.01581767311456821,0.005753574007496847,-0.010064099107071362,0.2143690572397931,0.2562722419793729
671_T1_R1_vs_R2,natural_variability,2,LFArm_to_LHand_rx,LFArm_to_LHand,rx,0.2319115543718699,0.13813333391941487,-0.09377822045245501,0.2143690572397931,0.2562722419793729
671_T1_R1_vs_R2,natural_variability,2,LFArm_to_LHand_ry,LFArm_to_LHand,ry,0.0947247464063639,0.11801844857225616,0.023293702165892258,0.2143690572397931,0.2562722419793729
671_T1_R1_vs_R2,natural_variability,2,LFArm_to_LHand_rz,LFArm_to_LHand,rz,0.3076640028844927,0.28670458063965926,-0.020959422244833437,0.2143690572397931,0.2562722419793729
671_T1_R1_vs_R2,natural_variability,2,LShin_to_LFoot_rx,LShin_to_LFoot,rx,0.04917900538023713,0.09281498401641035,0.04363597863617322,0.2143690572397931,0.2562722419793729
671_T1_R1_vs_R2,natural_variability,2,LShin_to_LFoot_ry,LShin_to_LFoot,ry,0.0031203817726240353,0.09345395368275629,0.09033357191013225,0.2143690572397931,0.2562722419793729
671_T1_R1_vs_R2,natural_variability,2,LShin_to_LFoot_rz,LShin_to_LFoot,rz,0.004098583862766423,0.009510134906389002,0.005411551043622579,0.2143690572397931,0.2562722419793729
671_T1_R1_vs_R2,natural_variability,2,LShoulder_to_LUArm_rx,LShoulder_to_LUArm,rx,0.19518886445727662,0.2492688508806024,0.05407998642332579,0.2143690572397931,0.2562722419793729
671_T1_R1_vs_R2,natural_variability,2,LShoulder_to_LUArm_ry,LShoulder_to_LUArm,ry,0.12137425941280301,0.3890911702585817,0.2677169108457787,0.2143690572397931,0.2562722419793729
671_T1_R1_vs_R2,natural_variability,2,LShoulder_to_LUArm_rz,LShoulder_to_LUArm,rz,0.018650855928687173,0.08237543392802218,0.06372457799933501,0.2143690572397931,0.2562722419793729
671_T1_R1_vs_R2,natural_variability,2,LThigh_to_LShin_rx,LThigh_to_LShin,rx,0.030487121948399868,0.10270445192460959,0.07221732997620972,0.2143690572397931,0.2562722419793729
671_T1_R1_vs_R2,natural_variability,2,LThigh_to_LShin_ry,LThigh_to_LShin,ry,5.471020544047941e-08,7.30631108869428e-08,1.835290544646339e-08,0.2143690572397931,0.2562722419793729
671_T1_R1_vs_R2,natural_variability,2,LThigh_to_LShin_rz,LThigh_to_LShin,rz,9.926550310465836e-09,3.7623718551585535e-08,2.76971682411197e-08,0.2143690572397931,0.2562722419793729
671_T1_R1_vs_R2,natural_variability,2,LUArm_to_LFArm_rx,LUArm_to_LFArm,rx,0.06666791986394256,0.04095704481294209,-0.025710875051000476,0.2143690572397931,0.2562722419793729
671_T1_R1_vs_R2,natural_variability,2,LUArm_to_LFArm_ry,LUArm_to_LFArm,ry,0.27981239249742107,0.44278488482626255,0.16297249232884148,0.2143690572397931,0.2562722419793729
671_T1_R1_vs_R2,natural_variability,2,LUArm_to_LFArm_rz,LUArm_to_LFArm,rz,0.0022488794242683414,0.07588239884809854,0.0736335194238302,0.2143690572397931,0.2562722419793729
671_T1_R1_vs_R2,natural_variability,2,Neck_to_Head_rx,Neck_to_Head,rx,0.1427011266293605,0.12344408667685959,-0.0192570399525009,0.2143690572397931,0.2562722419793729
671_T1_R1_vs_R2,natural_variability,2,Neck_to_Head_ry,Neck_to_Head,ry,0.016869780094252856,0.015608090251940123,-0.0012616898423127333,0.2143690572397931,0.2562722419793729
671_T1_R1_vs_R2,natural_variability,2,Neck_to_Head_rz,Neck_to_Head,rz,0.0031739607754061364,0.0030227519919544072,-0.00015120878345172917,0.2143690572397931,0.2562722419793729
671_T1_R1_vs_R2,natural_variability,2,RFArm_to_RHand_rx,RFArm_to_RHand,rx,0.22254584335756364,0.12195680231184518,-0.10058904104571846,0.2143690572397931,0.2562722419793729
671_T1_R1_vs_R2,natural_variability,2,RFArm_to_RHand_ry,RFArm_to_RHand,ry,0.13171755307664,0.16828441574198919,0.0365668626653492,0.2143690572397931,0.2562722419793729
671_T1_R1_vs_R2,natural_variability,2,RFArm_to_RHand_rz,RFArm_to_RHand,rz,0.12265361540943916,0.006684013518753206,-0.11596960189068595,0.2143690572397931,0.2562722419793729
671_T1_R1_vs_R2,natural_variability,2,RShin_to_RFoot_rx,RShin_to_RFoot,rx,0.038882375100277984,0.017836978154971928,-0.021045396945306057,0.2143690572397931,0.2562722419793729
671_T1_R1_vs_R2,natural_variability,2,RShin_to_RFoot_ry,RShin_to_RFoot,ry,0.012120617945834272,0.07659871734066427,0.06447809939483,0.2143690572397931,0.2562722419793729
671_T1_R1_vs_R2,natural_variability,2,RShin_to_RFoot_rz,RShin_to_RFoot,rz,0.005076260693004159,0.024334875340694933,0.019258614647690773,0.2143690572397931,0.2562722419793729
671_T1_R1_vs_R2,natural_variability,2,RShoulder_to_RUArm_rx,RShoulder_to_RUArm,rx,0.29042992420095015,0.3565520398387568,0.06612211563780662,0.2143690572397931,0.2562722419793729
671_T1_R1_vs_R2,natural_variability,2,RShoulder_to_RUArm_ry,RShoulder_to_RUArm,ry,0.22529739837289273,0.07781882115836555,-0.14747857721452717,0.2143690572397931,0.2562722419793729
671_T1_R1_vs_R2,natural_variability,2,RShoulder_to_RUArm_rz,RShoulder_to_RUArm,rz,0.03046969576631639,0.10008697220719395,0.06961727644087756,0.2143690572397931,0.2562722419793729
671_T1_R1_vs_R2,natural_variability,2,RThigh_to_RShin_rx,RThigh_to_RShin,rx,0.08022444518611252,0.07151045386300965,-0.008713991323102868,0.2143690572397931,0.2562722419793729
671_T1_R1_vs_R2,natural_variability,2,RThigh_to_RShin_ry,RThigh_to_RShin,ry,1.1567502455264928e-08,5.2512708965055734e-08,4.094520650979081e-08,0.2143690572397931,0.2562722419793729
671_T1_R1_vs_R2,natural_variability,2,RThigh_to_RShin_rz,RThigh_to_RShin,rz,5.580971758217396e-09,1.667622812104288e-08,1.1095256362825484e-08,0.2143690572397931,0.2562722419793729
671_T1_R1_vs_R2,natural_variability,2,RUArm_to_RFArm_rx,RUArm_to_RFArm,rx,0.19483693476701294,0.2245631849469583,0.029726250179945346,0.2143690572397931,0.2562722419793729
671_T1_R1_vs_R2,natural_variability,2,RUArm_to_RFArm_ry,RUArm_to_RFArm,ry,0.6098030955770177,0.2948792610085084,-0.3149238345685093,0.2143690572397931,0.2562722419793729
671_T1_R1_vs_R2,natural_variability,2,RUArm_to_RFArm_rz,RUArm_to_RFArm,rz,0.08016093397606837,0.16302007011759018,0.08285913614152181,0.2143690572397931,0.2562722419793729
671_T1_R1_vs_R2,natural_variability,3,Chest_to_LShoulder_rx,Chest_to_LShoulder,rx,0.03434533748615545,0.008841076441900202,-0.025504261044255253,0.1261711258370622,0.08533429336552169
671_T1_R1_vs_R2,natural_variability,3,Chest_to_LShoulder_ry,Chest_to_LShoulder,ry,0.036045348539548834,0.0348301255594438,-0.0012152229801050338,0.1261711258370622,0.08533429336552169
671_T1_R1_vs_R2,natural_variability,3,Chest_to_LShoulder_rz,Chest_to_LShoulder,rz,0.08939200804523897,0.2821814781585312,0.1927894701132922,0.1261711258370622,0.08533429336552169
671_T1_R1_vs_R2,natural_variability,3,Chest_to_Neck_rx,Chest_to_Neck,rx,0.0015447330527485698,0.179049407568781,0.1775046745160324,0.1261711258370622,0.08533429336552169
671_T1_R1_vs_R2,natural_variability,3,Chest_to_Neck_ry,Chest_to_Neck,ry,0.04900180982492639,0.01857458125739608,-0.03042722856753031,0.1261711258370622,0.08533429336552169
671_T1_R1_vs_R2,natural_variability,3,Chest_to_Neck_rz,Chest_to_Neck,rz,0.060509056935998146,0.07271585084566898,0.012206793909670832,0.1261711258370622,0.08533429336552169
671_T1_R1_vs_R2,natural_variability,3,Chest_to_RShoulder_rx,Chest_to_RShoulder,rx,0.014245810655600004,0.08893013361367455,0.07468432295807455,0.1261711258370622,0.08533429336552169
671_T1_R1_vs_R2,natural_variability,3,Chest_to_RShoulder_ry,Chest_to_RShoulder,ry,0.09432441040896414,0.05275022699125736,-0.04157418341770678,0.1261711258370622,0.08533429336552169
671_T1_R1_vs_R2,natural_variability,3,Chest_to_RShoulder_rz,Chest_to_RShoulder,rz,0.10856779691282076,0.04814294063345989,-0.06042485627936087,0.1261711258370622,0.08533429336552169
671_T1_R1_vs_R2,natural_variability,3,LFArm_to_LHand_rx,LFArm_to_LHand,rx,0.04770341794099472,0.03734777405184295,-0.01035564388915177,0.1261711258370622,0.08533429336552169
671_T1_R1_vs_R2,natural_variability,3,LFArm_to_LHand_ry,LFArm_to_LHand,ry,0.1101153099722667,0.13250688553151221,0.022391575559245508,0.1261711258370622,0.08533429336552169
671_T1_R1_vs_R2,natural_variability,3,LFArm_to_LHand_rz,LFArm_to_LHand,rz,0.26235507721821943,0.22456733294358197,-0.037787744274637464,0.1261711258370622,0.08533429336552169
671_T1_R1_vs_R2,natural_variability,3,LShin_to_LFoot_rx,LShin_to_LFoot,rx,0.0196577453985627,0.126249734520506,0.1065919891219433,0.1261711258370622,0.08533429336552169
671_T1_R1_vs_R2,natural_variability,3,LShin_to_LFoot_ry,LShin_to_LFoot,ry,0.0224814876111062,0.011945131331219043,-0.010536356279887155,0.1261711258370622,0.08533429336552169
671_T1_R1_vs_R2,natural_variability,3,LShin_to_LFoot_rz,LShin_to_LFoot,rz,0.010664234965476247,0.012062921528987672,0.0013986865635114247,0.1261711258370622,0.08533429336552169
671_T1_R1_vs_R2,natural_variability,3,LShoulder_to_LUArm_rx,LShoulder_to_LUArm,rx,0.13667696391598977,0.039596913746376916,-0.09708005016961285,0.1261711258370622,0.08533429336552169
671_T1_R1_vs_R2,natural_variability,3,LShoulder_to_LUArm_ry,LShoulder_to_LUArm,ry,0.155162934379952,0.013283205847280335,-0.14187972853267167,0.1261711258370622,0.08533429336552169
671_T1_R1_vs_R2,natural_variability,3,LShoulder_to_LUArm_rz,LShoulder_to_LUArm,rz,0.1087004034856516,0.32020307170744294,0.21150266822179134,0.1261711258370622,0.08533429336552169
671_T1_R1_vs_R2,natural_variability,3,LThigh_to_LShin_rx,LThigh_to_LShin,rx,0.06439264430386281,0.10268155839017444,0.03828891408631163,0.1261711258370622,0.08533429336552169
671_T1_R1_vs_R2,natural_variability,3,LThigh_to_LShin_ry,LThigh_to_LShin,ry,7.971197829972354e-09,9.278902182183369e-08,8.481782399186133e-08,0.1261711258370622,0.08533429336552169
671_T1_R1_vs_R2,natural_variability,3,LThigh_to_LShin_rz,LThigh_to_LShin,rz,5.43529373913972e-08,3.2959559383049925e-08,-2.1393378008347278e-08,0.1261711258370622,0.08533429336552169
671_T1_R1_vs_R2,natural_variability,3,LUArm_to_LFArm_rx,LUArm_to_LFArm,rx,0.2069345397948022,0.25048396526717703,0.043549425472374836,0.1261711258370622,0.08533429336552169
671_T1_R1_vs_R2,natural_variability,3,LUArm_to_LFArm_ry,LUArm_to_LFArm,ry,0.4982272468426508,0.6086104549633174,0.11038320812066665,0.1261711258370622,0.08533429336552169
671_T1_R1_vs_R2,natural_variability,3,LUArm_to_LFArm_rz,LUArm_to_LFArm,rz,0.25680482821275835,0.3258050686955855,0.06900024048282716,0.1261711258370622,0.08533429336552169
671_T1_R1_vs_R2,natural_variability,3,Neck_to_Head_rx,Neck_to_Head,rx,0.0015445761935464495,0.17904927717162492,0.17750470097807847,0.1261711258370622,0.08533429336552169
671_T1_R1_vs_R2,natural_variability,3,Neck_to_Head_ry,Neck_to_Head,ry,0.049001943130528,0.018574784804929433,-0.030427158325598565,0.1261711258370622,0.08533429336552169
671_T1_R1_vs_R2,natural_variability,3,Neck_to_Head_rz,Neck_to_Head,rz,0.06050903220749057,0.0727158346612219,0.012206802453731333,0.1261711258370622,0.08533429336552169
671_T1_R1_vs_R2,natural_variability,3,RFArm_to_RHand_rx,RFArm_to_RHand,rx,0.12395761512209551,0.010346767952536487,-0.11361084716955902,0.1261711258370622,0.08533429336552169
671_T1_R1_vs_R2,natural_variability,3,RFArm_to_RHand_ry,RFArm_to_RHand,ry,0.07564679189646906,0.019648100080202808,-0.05599869181626625,0.1261711258370622,0.08533429336552169
671_T1_R1_vs_R2,natural_variability,3,RFArm_to_RHand_rz,RFArm_to_RHand,rz,0.3141766639031902,0.08300903803355225,-0.23116762586963796,0.1261711258370622,0.08533429336552169
671_T1_R1_vs_R2,natural_variability,3,RShin_to_RFoot_rx,RShin_to_RFoot,rx,0.019606812333573496,0.028986070656152912,0.009379258322579416,0.1261711258370622,0.08533429336552169
671_T1_R1_vs_R2,natural_variability,3,RShin_to_RFoot_ry,RShin_to_RFoot,ry,0.032995870227510035,0.008561636234212532,-0.024434233993297503,0.1261711258370622,0.08533429336552169
671_T1_R1_vs_R2,natural_variability,3,RShin_to_RFoot_rz,RShin_to_RFoot,rz,0.006610871109690576,0.014909608222291702,0.008298737112601127,0.1261711258370622,0.08533429336552169
671_T1_R1_vs_R2,natural_variability,3,RShoulder_to_RUArm_rx,RShoulder_to_RUArm,rx,0.11348565852537805,0.23250461800119127,0.11901895947581322,0.1261711258370622,0.08533429336552169
671_T1_R1_vs_R2,natural_variability,3,RShoulder_to_RUArm_ry,RShoulder_to_RUArm,ry,0.09184601062248904,0.12793939356556344,0.036093382943074404,0.1261711258370622,0.08533429336552169
671_T1_R1_vs_R2,natural_variability,3,RShoulder_to_RUArm_rz,RShoulder_to_RUArm,rz,0.07174201587165448,0.09719143480204588,0.025449418930391404,0.1261711258370622,0.08533429336552169
671_T1_R1_vs_R2,natural_variability,3,RThigh_to_RShin_rx,RThigh_to_RShin,rx,0.021398327340359714,0.043005780904512535,0.02160745356415282,0.1261711258370622,0.08533429336552169
671_T1_R1_vs_R2,natural_variability,3,RThigh_to_RShin_ry,RThigh_to_RShin,ry,5.263203251337837e-09,4.624449736467822e-08,4.098129411334038e-08,0.1261711258370622,0.08533429336552169
671_T1_R1_vs_R2,natural_variability,3,RThigh_to_RShin_rz,RThigh_to_RShin,rz,3.185446185109196e-08,1.3635511424887228e-08,-1.8218950426204734e-08,0.1261711258370622,0.08533429336552169
671_T1_R1_vs_R2,natural_variability,3,RUArm_to_RFArm_rx,RUArm_to_RFArm,rx,0.18610560529171705,0.012817001286267862,-0.17328860400544918,0.1261711258370622,0.08533429336552169
671_T1_R1_vs_R2,natural_variability,3,RUArm_to_RFArm_ry,RUArm_to_RFArm,ry,0.48137139214353963,0.02351689405436597,-0.45785449808917367,0.1261711258370622,0.08533429336552169
671_T1_R1_vs_R2,natural_variability,3,RUArm_to_RFArm_rz,RUArm_to_RFArm,rz,0.20487146118919514,0.0022921770467962312,-0.2025792841423989,0.1261711258370622,0.08533429336552169
671_T1_R1_vs_R2,natural_variability,4,Chest_to_LShoulder_rx,Chest_to_LShoulder,rx,0.16736093201169475,0.05224914320949671,-0.11511178880219804,0.08485884014199943,0.06040245401005854
671_T1_R1_vs_R2,natural_variability,4,Chest_to_LShoulder_ry,Chest_to_LShoulder,ry,0.08352568150320286,0.13650537943639957,0.05297969793319671,0.08485884014199943,0.06040245401005854
671_T1_R1_vs_R2,natural_variability,4,Chest_to_LShoulder_rz,Chest_to_LShoulder,rz,0.0823764455900913,0.035772814444141335,-0.04660363114594997,0.08485884014199943,0.06040245401005854
671_T1_R1_vs_R2,natural_variability,4,Chest_to_Neck_rx,Chest_to_Neck,rx,0.07070520685640375,0.21303205228632713,0.14232684542992338,0.08485884014199943,0.06040245401005854
671_T1_R1_vs_R2,natural_variability,4,Chest_to_Neck_ry,Chest_to_Neck,ry,0.1245731555354708,0.10998843058326523,-0.014584724952205572,0.08485884014199943,0.06040245401005854
671_T1_R1_vs_R2,natural_variability,4,Chest_to_Neck_rz,Chest_to_Neck,rz,0.1543832860157022,0.057391988864300816,-0.09699129715140138,0.08485884014199943,0.06040245401005854
671_T1_R1_vs_R2,natural_variability,4,Chest_to_RShoulder_rx,Chest_to_RShoulder,rx,0.0012606479500182903,0.05238515082485884,0.05112450287484055,0.08485884014199943,0.06040245401005854
671_T1_R1_vs_R2,natural_variability,4,Chest_to_RShoulder_ry,Chest_to_RShoulder,ry,0.017375079750212984,0.07775568311829052,0.06038060336807754,0.08485884014199943,0.06040245401005854
671_T1_R1_vs_R2,natural_variability,4,Chest_to_RShoulder_rz,Chest_to_RShoulder,rz,0.006221995138676699,0.017940462792221865,0.011718467653545166,0.08485884014199943,0.06040245401005854
671_T1_R1_vs_R2,natural_variability,4,LFArm_to_LHand_rx,LFArm_to_LHand,rx,0.056950675737924214,0.22845964569273078,0.17150896995480658,0.08485884014199943,0.06040245401005854
671_T1_R1_vs_R2,natural_variability,4,LFArm_to_LHand_ry,LFArm_to_LHand,ry,0.14082035126551617,0.013405705361530098,-0.12741464590398607,0.08485884014199943,0.06040245401005854
671_T1_R1_vs_R2,natural_variability,4,LFArm_to_LHand_rz,LFArm_to_LHand,rz,0.35998658586815413,0.4671613872201817,0.10717480135202756,0.08485884014199943,0.06040245401005854
671_T1_R1_vs_R2,natural_variability,4,LShin_to_LFoot_rx,LShin_to_LFoot,rx,0.12453483286070996,0.09256062158627582,-0.031974211274434144,0.08485884014199943,0.06040245401005854
671_T1_R1_vs_R2,natural_variability,4,LShin_to_LFoot_ry,LShin_to_LFoot,ry,0.20650198374187764,0.08579040841523689,-0.12071157532664076,0.08485884014199943,0.06040245401005854
671_T1_R1_vs_R2,natural_variability,4,LShin_to_LFoot_rz,LShin_to_LFoot,rz,0.00312281732049652,0.018159168633174,0.01503635131267748,0.08485884014199943,0.06040245401005854
671_T1_R1_vs_R2,natural_variability,4,LShoulder_to_LUArm_rx,LShoulder_to_LUArm,rx,0.4685499850631605,0.10362480096102127,-0.3649251841021392,0.08485884014199943,0.06040245401005854
671_T1_R1_vs_R2,natural_variability,4,LShoulder_to_LUArm_ry,LShoulder_to_LUArm,ry,0.06701703385082428,0.4969347545820553,0.429917720731231,0.08485884014199943,0.06040245401005854
671_T1_R1_vs_R2,natural_variability,4,LShoulder_to_LUArm_rz,LShoulder_to_LUArm,rz,0.2384155670296919,0.02648104291461628,-0.21193452411507563,0.08485884014199943,0.06040245401005854
671_T1_R1_vs_R2,natural_variability,4,LThigh_to_LShin_rx,LThigh_to_LShin,rx,0.06024175109867487,0.012013179006793077,-0.04822857209188179,0.08485884014199943,0.06040245401005854
671_T1_R1_vs_R2,natural_variability,4,LThigh_to_LShin_ry,LThigh_to_LShin,ry,3.480097301598626e-08,3.0325745849332123e-08,-4.475227166654138e-09,0.08485884014199943,0.06040245401005854
671_T1_R1_vs_R2,natural_variability,4,LThigh_to_LShin_rz,LThigh_to_LShin,rz,2.2572669454836328e-08,3.634398650834139e-08,1.3771317053505063e-08,0.08485884014199943,0.06040245401005854
671_T1_R1_vs_R2,natural_variability,4,LUArm_to_LFArm_rx,LUArm_to_LFArm,rx,0.11938272685316306,0.058351256941459574,-0.06103146991170349,0.08485884014199943,0.06040245401005854
671_T1_R1_vs_R2,natural_variability,4,LUArm_to_LFArm_ry,LUArm_to_LFArm,ry,0.2275182058771218,0.1908625491406465,-0.036655656736475306,0.08485884014199943,0.06040245401005854
671_T1_R1_vs_R2,natural_variability,4,LUArm_to_LFArm_rz,LUArm_to_LFArm,rz,0.1388635485128301,0.048797478149102805,-0.09006607036372728,0.08485884014199943,0.06040245401005854
671_T1_R1_vs_R2,natural_variability,4,Neck_to_Head_rx,Neck_to_Head,rx,0.07070537436137833,0.21303223645058209,0.14232686208920375,0.08485884014199943,0.06040245401005854
671_T1_R1_vs_R2,natural_variability,4,Neck_to_Head_ry,Neck_to_Head,ry,0.1245731059945721,0.10998844965212567,-0.01458465634244642,0.08485884014199943,0.06040245401005854
671_T1_R1_vs_R2,natural_variability,4,Neck_to_Head_rz,Neck_to_Head,rz,0.15438324718160634,0.05739184614486804,-0.09699140103673831,0.08485884014199943,0.06040245401005854
671_T1_R1_vs_R2,natural_variability,4,RFArm_to_RHand_rx,RFArm_to_RHand,rx,0.1536280998953893,0.023042662103125867,-0.13058543779226345,0.08485884014199943,0.06040245401005854
671_T1_R1_vs_R2,natural_variability,4,RFArm_to_RHand_ry,RFArm_to_RHand,ry,0.11830270860227221,0.029850669313198262,-0.08845203928907394,0.08485884014199943,0.06040245401005854
671_T1_R1_vs_R2,natural_variability,4,RFArm_to_RHand_rz,RFArm_to_RHand,rz,0.18816961078379388,0.024413944921149504,-0.16375566586264437,0.08485884014199943,0.06040245401005854
671_T1_R1_vs_R2,natural_variability,4,RShin_to_RFoot_rx,RShin_to_RFoot,rx,0.06138888358447725,0.1067143163270894,0.04532543274261215,0.08485884014199943,0.06040245401005854
671_T1_R1_vs_R2,natural_variability,4,RShin_to_RFoot_ry,RShin_to_RFoot,ry,0.1985788181896636,0.07455389059576084,-0.12402492759390277,0.08485884014199943,0.06040245401005854
671_T1_R1_vs_R2,natural_variability,4,RShin_to_RFoot_rz,RShin_to_RFoot,rz,0.038000462673008516,0.030371748218228266,-0.00762871445478025,0.08485884014199943,0.06040245401005854
671_T1_R1_vs_R2,natural_variability,4,RShoulder_to_RUArm_rx,RShoulder_to_RUArm,rx,0.005980636093128173,0.18963684144417925,0.18365620535105107,0.08485884014199943,0.06040245401005854
671_T1_R1_vs_R2,natural_variability,4,RShoulder_to_RUArm_ry,RShoulder_to_RUArm,ry,0.224954039093061,0.3954544457402278,0.1705004066471668,0.08485884014199943,0.06040245401005854
671_T1_R1_vs_R2,natural_variability,4,RShoulder_to_RUArm_rz,RShoulder_to_RUArm,rz,0.13377769129886055,0.06149597125054316,-0.0722817200483174,0.08485884014199943,0.06040245401005854
671_T1_R1_vs_R2,natural_variability,4,RThigh_to_RShin_rx,RThigh_to_RShin,rx,0.06140323558505372,0.10725097872075355,0.04584774313569983,0.08485884014199943,0.06040245401005854
671_T1_R1_vs_R2,natural_variability,4,RThigh_to_RShin_ry,RThigh_to_RShin,ry,5.573183430798221e-09,2.6419031236544743e-10,-5.308993118432774e-09,0.08485884014199943,0.06040245401005854
671_T1_R1_vs_R2,natural_variability,4,RThigh_to_RShin_rz,RThigh_to_RShin,rz,6.461118514365006e-08,3.742083884387521e-08,-2.7190346299774845e-08,0.08485884014199943,0.06040245401005854
671_T1_R1_vs_R2,natural_variability,4,RUArm_to_RFArm_rx,RUArm_to_RFArm,rx,0.18805213744858756,0.03652406807071788,-0.15152806937786967,0.08485884014199943,0.06040245401005854
671_T1_R1_vs_R2,natural_variability,4,RUArm_to_RFArm_ry,RUArm_to_RFArm,ry,0.23285954687615498,0.16908597099202832,-0.06377357588412666,0.08485884014199943,0.06040245401005854
671_T1_R1_vs_R2,natural_variability,4,RUArm_to_RFArm_rz,RUArm_to_RFArm,rz,0.09491892430994862,0.040522307377568144,-0.05439661693238048,0.08485884014199943,0.06040245401005854
671_T1_R1_vs_R2,natural_variability,5,Chest_to_LShoulder_rx,Chest_to_LShoulder,rx,0.0983168826927707,0.025244319025510227,-0.07307256366726048,0.06434726057894956,0.046732071661956316
671_T1_R1_vs_R2,natural_variability,5,Chest_to_LShoulder_ry,Chest_to_LShoulder,ry,0.11209697046348224,0.049251528380149186,-0.06284544208333306,0.06434726057894956,0.046732071661956316
671_T1_R1_vs_R2,natural_variability,5,Chest_to_LShoulder_rz,Chest_to_LShoulder,rz,0.10005932734720659,0.021116339738534974,-0.0789429876086716,0.06434726057894956,0.046732071661956316
671_T1_R1_vs_R2,natural_variability,5,Chest_to_Neck_rx,Chest_to_Neck,rx,0.20365147599432415,0.1474451664393467,-0.05620630955497746,0.06434726057894956,0.046732071661956316
671_T1_R1_vs_R2,natural_variability,5,Chest_to_Neck_ry,Chest_to_Neck,ry,0.04244638963762214,0.05464404459288845,0.012197654955266313,0.06434726057894956,0.046732071661956316
671_T1_R1_vs_R2,natural_variability,5,Chest_to_Neck_rz,Chest_to_Neck,rz,0.04491400260298822,0.0864015131305273,0.04148751052753907,0.06434726057894956,0.046732071661956316
671_T1_R1_vs_R2,natural_variability,5,Chest_to_RShoulder_rx,Chest_to_RShoulder,rx,0.03146336957812064,0.04219019580853835,0.010726826230417708,0.06434726057894956,0.046732071661956316
671_T1_R1_vs_R2,natural_variability,5,Chest_to_RShoulder_ry,Chest_to_RShoulder,ry,0.13370596451402703,0.07580403105057783,-0.0579019334634492,0.06434726057894956,0.046732071661956316
671_T1_R1_vs_R2,natural_variability,5,Chest_to_RShoulder_rz,Chest_to_RShoulder,rz,0.03363620440942461,0.05508182419880308,0.02144561978937847,0.06434726057894956,0.046732071661956316
671_T1_R1_vs_R2,natural_variability,5,LFArm_to_LHand_rx,LFArm_to_LHand,rx,0.09844741391449832,0.061398740831919825,-0.0370486730825785,0.06434726057894956,0.046732071661956316
671_T1_R1_vs_R2,natural_variability,5,LFArm_to_LHand_ry,LFArm_to_LHand,ry,0.01721018000848827,0.03710106558421649,0.01989088557572822,0.06434726057894956,0.046732071661956316
671_T1_R1_vs_R2,natural_variability,5,LFArm_to_LHand_rz,LFArm_to_LHand,rz,0.07043264846461629,0.06932360369685711,-0.0011090447677591792,0.06434726057894956,0.046732071661956316
671_T1_R1_vs_R2,natural_variability,5,LShin_to_LFoot_rx,LShin_to_LFoot,rx,0.039216237945118554,0.06115035944002852,0.021934121494909968,0.06434726057894956,0.046732071661956316
671_T1_R1_vs_R2,natural_variability,5,LShin_to_LFoot_ry,LShin_to_LFoot,ry,0.0011919220743372026,0.033733719739863235,0.032541797665526034,0.06434726057894956,0.046732071661956316
671_T1_R1_vs_R2,natural_variability,5,LShin_to_LFoot_rz,LShin_to_LFoot,rz,0.023431030438510123,0.0030282885130866323,-0.02040274192542349,0.06434726057894956,0.046732071661956316
671_T1_R1_vs_R2,natural_variability,5,LShoulder_to_LUArm_rx,LShoulder_to_LUArm,rx,0.3790408271276395,0.11634219457011546,-0.262698632557524,0.06434726057894956,0.046732071661956316
671_T1_R1_vs_R2,natural_variability,5,LShoulder_to_LUArm_ry,LShoulder_to_LUArm,ry,0.6754678111659691,0.20226319871163362,-0.4732046124543355,0.06434726057894956,0.046732071661956316
671_T1_R1_vs_R2,natural_variability,5,LShoulder_to_LUArm_rz,LShoulder_to_LUArm,rz,0.12194724081440395,0.010517746800857116,-0.11142949401354683,0.06434726057894956,0.046732071661956316
671_T1_R1_vs_R2,natural_variability,5,LThigh_to_LShin_rx,LThigh_to_LShin,rx,0.08981572477245889,0.11708413173719356,0.027268406964734676,0.06434726057894956,0.046732071661956316
671_T1_R1_vs_R2,natural_variability,5,LThigh_to_LShin_ry,LThigh_to_LShin,ry,3.362205848582316e-08,5.336204979581484e-09,-2.8285853506241674e-08,0.06434726057894956,0.046732071661956316
671_T1_R1_vs_R2,natural_variability,5,LThigh_to_LShin_rz,LThigh_to_LShin,rz,4.517356859464007e-08,7.3575706751557114e-09,-3.781599791948436e-08,0.06434726057894956,0.046732071661956316
671_T1_R1_vs_R2,natural_variability,5,LUArm_to_LFArm_rx,LUArm_to_LFArm,rx,5.0319011947157324e-05,0.053318001240897556,0.0532676822289504,0.06434726057894956,0.046732071661956316
671_T1_R1_vs_R2,natural_variability,5,LUArm_to_LFArm_ry,LUArm_to_LFArm,ry,0.08168814262378085,0.13225917579405533,0.050571033170274476,0.06434726057894956,0.046732071661956316
671_T1_R1_vs_R2,natural_variability,5,LUArm_to_LFArm_rz,LUArm_to_LFArm,rz,0.1048213569413407,0.0722024898835919,-0.0326188670577488,0.06434726057894956,0.046732071661956316
671_T1_R1_vs_R2,natural_variability,5,Neck_to_Head_rx,Neck_to_Head,rx,0.20365153069160352,0.1474450602391862,-0.056206470452417334,0.06434726057894956,0.046732071661956316
671_T1_R1_vs_R2,natural_variability,5,Neck_to_Head_ry,Neck_to_Head,ry,0.042446448534845575,0.05464405646114235,0.012197607926296775,0.06434726057894956,0.046732071661956316
671_T1_R1_vs_R2,natural_variability,5,Neck_to_Head_rz,Neck_to_Head,rz,0.04491414584251759,0.08640156723325554,0.041487421390737945,0.06434726057894956,0.046732071661956316
671_T1_R1_vs_R2,natural_variability,5,RFArm_to_RHand_rx,RFArm_to_RHand,rx,0.014201370304150135,0.3568783775140862,0.34267700720993605,0.06434726057894956,0.046732071661956316
671_T1_R1_vs_R2,natural_variability,5,RFArm_to_RHand_ry,RFArm_to_RHand,ry,0.07462977180096393,0.11269904842417813,0.0380692766232142,0.06434726057894956,0.046732071661956316
671_T1_R1_vs_R2,natural_variability,5,RFArm_to_RHand_rz,RFArm_to_RHand,rz,0.001710943263385521,0.5075918684179719,0.5058809251545864,0.06434726057894956,0.046732071661956316
671_T1_R1_vs_R2,natural_variability,5,RShin_to_RFoot_rx,RShin_to_RFoot,rx,0.06566216585194627,0.04016730033845382,-0.025494865513492455,0.06434726057894956,0.046732071661956316
671_T1_R1_vs_R2,natural_variability,5,RShin_to_RFoot_ry,RShin_to_RFoot,ry,0.0200170888709325,0.023948983176224254,0.003931894305291755,0.06434726057894956,0.046732071661956316
671_T1_R1_vs_R2,natural_variability,5,RShin_to_RFoot_rz,RShin_to_RFoot,rz,0.02216449601592366,0.011087205793293453,-0.011077290222630208,0.06434726057894956,0.046732071661956316
671_T1_R1_vs_R2,natural_variability,5,RShoulder_to_RUArm_rx,RShoulder_to_RUArm,rx,0.018502526295506635,0.12890871582580385,0.11040618953029721,0.06434726057894956,0.046732071661956316
671_T1_R1_vs_R2,natural_variability,5,RShoulder_to_RUArm_ry,RShoulder_to_RUArm,ry,0.2816515884049876,0.097785122595741,-0.1838664658092466,0.06434726057894956,0.046732071661956316
671_T1_R1_vs_R2,natural_variability,5,RShoulder_to_RUArm_rz,RShoulder_to_RUArm,rz,0.04233469525104504,0.10992328360379146,0.06758858835274642,0.06434726057894956,0.046732071661956316
671_T1_R1_vs_R2,natural_variability,5,RThigh_to_RShin_rx,RThigh_to_RShin,rx,0.03130866272524506,0.03418153790701968,0.00287287518177462,0.06434726057894956,0.046732071661956316
671_T1_R1_vs_R2,natural_variability,5,RThigh_to_RShin_ry,RThigh_to_RShin,ry,2.0117755568852187e-08,2.752122512529995e-08,7.403469556447764e-09,0.06434726057894956,0.046732071661956316
671_T1_R1_vs_R2,natural_variability,5,RThigh_to_RShin_rz,RThigh_to_RShin,rz,5.189452497667776e-09,2.1632251060296003e-08,1.6442798562628227e-08,0.06434726057894956,0.046732071661956316
671_T1_R1_vs_R2,natural_variability,5,RUArm_to_RFArm_rx,RUArm_to_RFArm,rx,0.004575077737867489,0.21174627146990166,0.20717119373203416,0.06434726057894956,0.046732071661956316
671_T1_R1_vs_R2,natural_variability,5,RUArm_to_RFArm_ry,RUArm_to_RFArm,ry,0.3258315367184788,0.5696272674627623,0.24379573074428346,0.06434726057894956,0.046732071661956316
671_T1_R1_vs_R2,natural_variability,5,RUArm_to_RFArm_rz,RUArm_to_RFArm,rz,0.00040855525795247774,0.06427123216277787,0.06386267690482539,0.06434726057894956,0.046732071661956316
671_T1_R1_vs_R2,natural_variability,6,Chest_to_LShoulder_rx,Chest_to_LShoulder,rx,0.03384352970087427,0.1860756779097867,0.15223214820891245,0.05651283699020809,0.024280750361820525
671_T1_R1_vs_R2,natural_variability,6,Chest_to_LShoulder_ry,Chest_to_LShoulder,ry,0.0045807252706303175,0.02556863552333706,0.020987910252706743,0.05651283699020809,0.024280750361820525
671_T1_R1_vs_R2,natural_variability,6,Chest_to_LShoulder_rz,Chest_to_LShoulder,rz,0.3168723584638692,0.20500984876516185,-0.11186250969870734,0.05651283699020809,0.024280750361820525
671_T1_R1_vs_R2,natural_variability,6,Chest_to_Neck_rx,Chest_to_Neck,rx,0.2373112625361038,0.06133682213248912,-0.17597444040361468,0.05651283699020809,0.024280750361820525
671_T1_R1_vs_R2,natural_variability,6,Chest_to_Neck_ry,Chest_to_Neck,ry,0.0074059229143709,0.05586380289002754,0.04845787997565664,0.05651283699020809,0.024280750361820525
671_T1_R1_vs_R2,natural_variability,6,Chest_to_Neck_rz,Chest_to_Neck,rz,0.07059898062419728,0.1377147814806037,0.06711580085640642,0.05651283699020809,0.024280750361820525
671_T1_R1_vs_R2,natural_variability,6,Chest_to_RShoulder_rx,Chest_to_RShoulder,rx,0.14772307542308172,0.02462883240149528,-0.12309424302158643,0.05651283699020809,0.024280750361820525
671_T1_R1_vs_R2,natural_variability,6,Chest_to_RShoulder_ry,Chest_to_RShoulder,ry,0.0054372746842672355,0.05093269077999731,0.045495416095730074,0.05651283699020809,0.024280750361820525
671_T1_R1_vs_R2,natural_variability,6,Chest_to_RShoulder_rz,Chest_to_RShoulder,rz,0.033016877950147544,0.013011276535336999,-0.020005601414810545,0.05651283699020809,0.024280750361820525
671_T1_R1_vs_R2,natural_variability,6,LFArm_to_LHand_rx,LFArm_to_LHand,rx,0.08675172908198779,0.008517599529904715,-0.07823412955208307,0.05651283699020809,0.024280750361820525
671_T1_R1_vs_R2,natural_variability,6,LFArm_to_LHand_ry,LFArm_to_LHand,ry,0.15199072675314645,0.11948397950556501,-0.032506747247581444,0.05651283699020809,0.024280750361820525
671_T1_R1_vs_R2,natural_variability,6,LFArm_to_LHand_rz,LFArm_to_LHand,rz,0.37323856784717274,0.0792659626697436,-0.2939726051774291,0.05651283699020809,0.024280750361820525
671_T1_R1_vs_R2,natural_variability,6,LShin_to_LFoot_rx,LShin_to_LFoot,rx,0.18739338393553825,0.1432135597714647,-0.04417982416407357,0.05651283699020809,0.024280750361820525
671_T1_R1_vs_R2,natural_variability,6,LShin_to_LFoot_ry,LShin_to_LFoot,ry,0.08442382913660301,0.18064967923104833,0.09622585009444531,0.05651283699020809,0.024280750361820525
671_T1_R1_vs_R2,natural_variability,6,LShin_to_LFoot_rz,LShin_to_LFoot,rz,0.017715165794102008,0.019047683100250217,0.0013325173061482093,0.05651283699020809,0.024280750361820525
671_T1_R1_vs_R2,natural_variability,6,LShoulder_to_LUArm_rx,LShoulder_to_LUArm,rx,0.011833206446694127,0.5284873879923176,0.5166541815456235,0.05651283699020809,0.024280750361820525
671_T1_R1_vs_R2,natural_variability,6,LShoulder_to_LUArm_ry,LShoulder_to_LUArm,ry,0.11266230155746623,0.20007919950770361,0.08741689795023738,0.05651283699020809,0.024280750361820525
671_T1_R1_vs_R2,natural_variability,6,LShoulder_to_LUArm_rz,LShoulder_to_LUArm,rz,0.39147480025214626,0.34908755110537215,-0.04238724914677411,0.05651283699020809,0.024280750361820525
671_T1_R1_vs_R2,natural_variability,6,LThigh_to_LShin_rx,LThigh_to_LShin,rx,0.16273817815552913,0.004760349402694877,-0.15797782875283425,0.05651283699020809,0.024280750361820525
671_T1_R1_vs_R2,natural_variability,6,LThigh_to_LShin_ry,LThigh_to_LShin,ry,1.0066756539773936e-07,1.9227839863255266e-08,-8.143972553448409e-08,0.05651283699020809,0.024280750361820525
671_T1_R1_vs_R2,natural_variability,6,LThigh_to_LShin_rz,LThigh_to_LShin,rz,4.804814404919022e-09,5.19700503182909e-09,3.9219062691006866e-10,0.05651283699020809,0.024280750361820525
671_T1_R1_vs_R2,natural_variability,6,LUArm_to_LFArm_rx,LUArm_to_LFArm,rx,0.12585507769110818,0.10793916413289065,-0.017915913558217533,0.05651283699020809,0.024280750361820525
671_T1_R1_vs_R2,natural_variability,6,LUArm_to_LFArm_ry,LUArm_to_LFArm,ry,0.20893065806426775,0.22373041345551786,0.014799755391250113,0.05651283699020809,0.024280750361820525
671_T1_R1_vs_R2,natural_variability,6,LUArm_to_LFArm_rz,LUArm_to_LFArm,rz,0.14293248375495804,0.17625505142747866,0.03332256767252062,0.05651283699020809,0.024280750361820525
671_T1_R1_vs_R2,natural_variability,6,Neck_to_Head_rx,Neck_to_Head,rx,0.23731103783416316,0.061336794592882965,-0.1759742432412802,0.05651283699020809,0.024280750361820525
671_T1_R1_vs_R2,natural_variability,6,Neck_to_Head_ry,Neck_to_Head,ry,0.007406060371966833,0.05586374635814554,0.04845768598617871,0.05651283699020809,0.024280750361820525
671_T1_R1_vs_R2,natural_variability,6,Neck_to_Head_rz,Neck_to_Head,rz,0.07059896480174205,0.13771481582530976,0.06711585102356771,0.05651283699020809,0.024280750361820525
671_T1_R1_vs_R2,natural_variability,6,RFArm_to_RHand_rx,RFArm_to_RHand,rx,0.001021674505835337,0.057730826000908425,0.056709151495073086,0.05651283699020809,0.024280750361820525
671_T1_R1_vs_R2,natural_variability,6,RFArm_to_RHand_ry,RFArm_to_RHand,ry,0.034337426601641956,0.04154182983082035,0.007204403229178397,0.05651283699020809,0.024280750361820525
671_T1_R1_vs_R2,natural_variability,6,RFArm_to_RHand_rz,RFArm_to_RHand,rz,0.06298904817717604,0.11145594754453814,0.04846689936736209,0.05651283699020809,0.024280750361820525
671_T1_R1_vs_R2,natural_variability,6,RShin_to_RFoot_rx,RShin_to_RFoot,rx,0.05490737716973946,0.012083299779078136,-0.042824077390661325,0.05651283699020809,0.024280750361820525
671_T1_R1_vs_R2,natural_variability,6,RShin_to_RFoot_ry,RShin_to_RFoot,ry,0.08550400226127937,0.1912461565018259,0.10574215424054652,0.05651283699020809,0.024280750361820525
671_T1_R1_vs_R2,natural_variability,6,RShin_to_RFoot_rz,RShin_to_RFoot,rz,0.005619769298433402,0.013335295793458359,0.007715526495024956,0.05651283699020809,0.024280750361820525
671_T1_R1_vs_R2,natural_variability,6,RShoulder_to_RUArm_rx,RShoulder_to_RUArm,rx,0.3389441141849293,0.07251767657299187,-0.26642643761193746,0.05651283699020809,0.024280750361820525
671_T1_R1_vs_R2,natural_variability,6,RShoulder_to_RUArm_ry,RShoulder_to_RUArm,ry,0.05689525500900038,0.06014248014104856,0.0032472251320481774,0.05651283699020809,0.024280750361820525
671_T1_R1_vs_R2,natural_variability,6,RShoulder_to_RUArm_rz,RShoulder_to_RUArm,rz,0.1475861757472857,0.1237196657804128,-0.023866509966872895,0.05651283699020809,0.024280750361820525
671_T1_R1_vs_R2,natural_variability,6,RThigh_to_RShin_rx,RThigh_to_RShin,rx,0.0760405526972055,0.006017775269263572,-0.07002277742794193,0.05651283699020809,0.024280750361820525
671_T1_R1_vs_R2,natural_variability,6,RThigh_to_RShin_ry,RThigh_to_RShin,ry,6.994864928635294e-08,1.9371787989453895e-08,-5.057686129689905e-08,0.05651283699020809,0.024280750361820525
671_T1_R1_vs_R2,natural_variability,6,RThigh_to_RShin_rz,RThigh_to_RShin,rz,1.3349755518563637e-08,3.832492684547671e-08,2.4975171326913076e-08,0.05651283699020809,0.024280750361820525
671_T1_R1_vs_R2,natural_variability,6,RUArm_to_RFArm_rx,RUArm_to_RFArm,rx,0.1302319242142982,0.16656095177898914,0.03632902756469095,0.05651283699020809,0.024280750361820525
671_T1_R1_vs_R2,natural_variability,6,RUArm_to_RFArm_ry,RUArm_to_RFArm,ry,0.268537897102089,0.36512537761239416,0.09658748051030519,0.05651283699020809,0.024280750361820525
671_T1_R1_vs_R2,natural_variability,6,RUArm_to_RFArm_rz,RUArm_to_RFArm,rz,0.13239558463381237,0.1408614794411883,0.008465894807375918,0.05651283699020809,0.024280750361820525
