comparison_id,kind,pc,feature,link_id,axis,loading_A_abs,loading_B_reprojected_abs,jcvpca_axis,explained_variance_A,explained_variance_B_projected
671_T1_vs_T2,longitudinal,1,Chest_to_LShoulder_rx,Chest_to_LShoulder,rx,0.09800616257517505,0.025391951732668134,-0.07261421084250692,0.24597880468307215,0.2551856027353255
671_T1_vs_T2,longitudinal,1,Chest_to_LShoulder_ry,Chest_to_LShoulder,ry,0.013581945726824389,0.02691360144831467,0.01333165572149028,0.24597880468307215,0.2551856027353255
671_T1_vs_T2,longitudinal,1,Chest_to_LShoulder_rz,Chest_to_LShoulder,rz,0.07317114837584741,0.022060353912327434,-0.05111079446351998,0.24597880468307215,0.2551856027353255
671_T1_vs_T2,longitudinal,1,Chest_to_Neck_rx,Chest_to_Neck,rx,0.07378595096959582,0.05962293670807698,-0.014163014261518843,0.24597880468307215,0.2551856027353255
671_T1_vs_T2,longitudinal,1,Chest_to_Neck_ry,Chest_to_Neck,ry,0.021960989269998513,0.009770775207547822,-0.012190214062450692,0.24597880468307215,0.2551856027353255
671_T1_vs_T2,longitudinal,1,Chest_to_Neck_rz,Chest_to_Neck,rz,0.017763493600927514,0.0005481900987581951,-0.017215303502169318,0.24597880468307215,0.2551856027353255
671_T1_vs_T2,longitudinal,1,Chest_to_RShoulder_rx,Chest_to_RShoulder,rx,0.015482833723448323,0.14083396651451224,0.1253511327910639,0.24597880468307215,0.2551856027353255
671_T1_vs_T2,longitudinal,1,Chest_to_RShoulder_ry,Chest_to_RShoulder,ry,0.01397162584605886,0.019151738618907458,0.005180112772848598,0.24597880468307215,0.2551856027353255
671_T1_vs_T2,longitudinal,1,Chest_to_RShoulder_rz,Chest_to_RShoulder,rz,0.056493963230572986,0.018460709488890368,-0.03803325374168262,0.24597880468307215,0.2551856027353255
671_T1_vs_T2,longitudinal,1,LFArm_to_LHand_rx,LFArm_to_LHand,rx,0.17580215792886453,0.09198419417267126,-0.08381796375619327,0.24597880468307215,0.2551856027353255
671_T1_vs_T2,longitudinal,1,LFArm_to_LHand_ry,LFArm_to_LHand,ry,0.013075909748152509,0.16825500962242185,0.15517909987426934,0.24597880468307215,0.2551856027353255
671_T1_vs_T2,longitudinal,1,LFArm_to_LHand_rz,LFArm_to_LHand,rz,0.3157884098757341,0.4204378101649695,0.10464940028923542,0.24597880468307215,0.2551856027353255
671_T1_vs_T2,longitudinal,1,LShin_to_LFoot_rx,LShin_to_LFoot,rx,0.07255950659583486,0.14089344791951816,0.0683339413236833,0.24597880468307215,0.2551856027353255
671_T1_vs_T2,longitudinal,1,LShin_to_LFoot_ry,LShin_to_LFoot,ry,0.030398224517744057,0.118802841011404,0.08840461649365994,0.24597880468307215,0.2551856027353255
671_T1_vs_T2,longitudinal,1,LShin_to_LFoot_rz,LShin_to_LFoot,rz,0.038504331190102374,0.03834031658880009,-0.0001640146013022828,0.24597880468307215,0.2551856027353255
671_T1_vs_T2,longitudinal,1,LShoulder_to_LUArm_rx,LShoulder_to_LUArm,rx,0.25786491326916444,0.013022439403255362,-0.24484247386590907,0.24597880468307215,0.2551856027353255
671_T1_vs_T2,longitudinal,1,LShoulder_to_LUArm_ry,LShoulder_to_LUArm,ry,0.08067549212030534,0.09465465050065684,0.013979158380351506,0.24597880468307215,0.2551856027353255
671_T1_vs_T2,longitudinal,1,LShoulder_to_LUArm_rz,LShoulder_to_LUArm,rz,0.10396582796948527,0.07177843299174834,-0.03218739497773693,0.24597880468307215,0.2551856027353255
671_T1_vs_T2,longitudinal,1,LThigh_to_LShin_rx,LThigh_to_LShin,rx,0.033738575546957084,0.0965750344700535,0.06283645892309642,0.24597880468307215,0.2551856027353255
671_T1_vs_T2,longitudinal,1,LThigh_to_LShin_ry,LThigh_to_LShin,ry,8.50491048700987e-09,1.9510532931517438e-08,1.1005622444507568e-08,0.24597880468307215,0.2551856027353255
671_T1_vs_T2,longitudinal,1,LThigh_to_LShin_rz,LThigh_to_LShin,rz,4.272122324265397e-09,2.691601610042473e-09,-1.5805207142229244e-09,0.24597880468307215,0.2551856027353255
671_T1_vs_T2,longitudinal,1,LUArm_to_LFArm_rx,LUArm_to_LFArm,rx,0.026837975430222878,0.14760490676351953,0.12076693133329666,0.24597880468307215,0.2551856027353255
671_T1_vs_T2,longitudinal,1,LUArm_to_LFArm_ry,LUArm_to_LFArm,ry,0.4385825028729036,0.3723274266707528,-0.06625507620215082,0.24597880468307215,0.2551856027353255
671_T1_vs_T2,longitudinal,1,LUArm_to_LFArm_rz,LUArm_to_LFArm,rz,0.06982256335684671,0.10476454702731867,0.034941983670471966,0.24597880468307215,0.2551856027353255
671_T1_vs_T2,longitudinal,1,Neck_to_Head_rx,Neck_to_Head,rx,0.07378597390017562,0.0596229853429654,-0.014162988557210217,0.24597880468307215,0.2551856027353255
671_T1_vs_T2,longitudinal,1,Neck_to_Head_ry,Neck_to_Head,ry,0.021960983637369393,0.009770711233637432,-0.012190272403731961,0.24597880468307215,0.2551856027353255
671_T1_vs_T2,longitudinal,1,Neck_to_Head_rz,Neck_to_Head,rz,0.017763492615550085,0.0005482153732426944,-0.01721527724230739,0.24597880468307215,0.2551856027353255
671_T1_vs_T2,longitudinal,1,RFArm_to_RHand_rx,RFArm_to_RHand,rx,0.3279979686318855,0.13443109929890126,-0.19356686933298425,0.24597880468307215,0.2551856027353255
671_T1_vs_T2,longitudinal,1,RFArm_to_RHand_ry,RFArm_to_RHand,ry,0.13343127747664574,0.07681495083503405,-0.05661632664161169,0.24597880468307215,0.2551856027353255
671_T1_vs_T2,longitudinal,1,RFArm_to_RHand_rz,RFArm_to_RHand,rz,0.5999601824026899,0.45033438975953327,-0.14962579264315662,0.24597880468307215,0.2551856027353255
671_T1_vs_T2,longitudinal,1,RShin_to_RFoot_rx,RShin_to_RFoot,rx,0.027225296809933765,0.035187688713090026,0.00796239190315626,0.24597880468307215,0.2551856027353255
671_T1_vs_T2,longitudinal,1,RShin_to_RFoot_ry,RShin_to_RFoot,ry,0.03309714200158313,0.02451137150442614,-0.008585770497156992,0.24597880468307215,0.2551856027353255
671_T1_vs_T2,longitudinal,1,RShin_to_RFoot_rz,RShin_to_RFoot,rz,0.0081744531128946,0.09879614778034956,0.09062169466745497,0.24597880468307215,0.2551856027353255
671_T1_vs_T2,longitudinal,1,RShoulder_to_RUArm_rx,RShoulder_to_RUArm,rx,0.10319793917146439,0.41411126197116854,0.3109133227997042,0.24597880468307215,0.2551856027353255
671_T1_vs_T2,longitudinal,1,RShoulder_to_RUArm_ry,RShoulder_to_RUArm,ry,0.0611175449115236,0.04613787939689909,-0.014979665514624513,0.24597880468307215,0.2551856027353255
671_T1_vs_T2,longitudinal,1,RShoulder_to_RUArm_rz,RShoulder_to_RUArm,rz,0.03538430714809622,0.024554569441054296,-0.010829737707041924,0.24597880468307215,0.2551856027353255
671_T1_vs_T2,longitudinal,1,RThigh_to_RShin_rx,RThigh_to_RShin,rx,0.09807275969988434,0.258538161079153,0.16046540137926868,0.24597880468307215,0.2551856027353255
671_T1_vs_T2,longitudinal,1,RThigh_to_RShin_ry,RThigh_to_RShin,ry,9.458532034236246e-09,2.1098886482147594e-08,1.1640354447911347e-08,0.24597880468307215,0.2551856027353255
671_T1_vs_T2,longitudinal,1,RThigh_to_RShin_rz,RThigh_to_RShin,rz,1.3268974726928262e-08,2.020263999436718e-08,6.933665267438919e-09,0.24597880468307215,0.2551856027353255
671_T1_vs_T2,longitudinal,1,RUArm_to_RFArm_rx,RUArm_to_RFArm,rx,0.1351448924160874,0.16150002924438536,0.02635513682829796,0.24597880468307215,0.2551856027353255
671_T1_vs_T2,longitudinal,1,RUArm_to_RFArm_ry,RUArm_to_RFArm,ry,0.06474743230707827,0.12035451014789997,0.055607077840821695,0.24597880468307215,0.2551856027353255
671_T1_vs_T2,longitudinal,1,RUArm_to_RFArm_rz,RUArm_to_RFArm,rz,0.11144499330189822,0.07953978908044844,-0.03190520422144978,0.24597880468307215,0.2551856027353255
671_T1_vs_T2,longitudinal,2,Chest_to_LShoulder_rx,Chest_to_LShoulder,rx,0.04332331914340567,0.055865006786792,0.012541687643386333,0.18265101208593515,0.21522459954865988
671_T1_vs_T2,longitudinal,2,Chest_to_LShoulder_ry,Chest_to_LShoulder,ry,0.029786690284196688,0.004274408284553158,-0.02551228199964353,0.18265101208593515,0.21522459954865988
671_T1_vs_T2,longitudinal,2,Chest_to_LShoulder_rz,Chest_to_LShoulder,rz,0.0360991513103722,0.011369246733312442,-0.02472990457705976,0.18265101208593515,0.21522459954865988
671_T1_vs_T2,longitudinal,2,Chest_to_Neck_rx,Chest_to_Neck,rx,0.02087657005235518,0.027845053831764315,0.0069684837794091355,0.18265101208593515,0.21522459954865988
671_T1_vs_T2,longitudinal,2,Chest_to_Neck_ry,Chest_to_Neck,ry,0.00808180443141928,0.030920649504346417,0.022838845072927137,0.18265101208593515,0.21522459954865988
671_T1_vs_T2,longitudinal,2,Chest_to_Neck_rz,Chest_to_Neck,rz,0.03191624771635042,0.007148369845218577,-0.02476787787113184,0.18265101208593515,0.21522459954865988
671_T1_vs_T2,longitudinal,2,Chest_to_RShoulder_rx,Chest_to_RShoulder,rx,0.10474943119528256,0.0637714103850217,-0.04097802081026086,0.18265101208593515,0.21522459954865988
671_T1_vs_T2,longitudinal,2,Chest_to_RShoulder_ry,Chest_to_RShoulder,ry,0.034092785831229135,0.015475932699582945,-0.01861685313164619,0.18265101208593515,0.21522459954865988
671_T1_vs_T2,longitudinal,2,Chest_to_RShoulder_rz,Chest_to_RShoulder,rz,0.11691297426670275,0.09205574348976278,-0.024857230776939965,0.18265101208593515,0.21522459954865988
671_T1_vs_T2,longitudinal,2,LFArm_to_LHand_rx,LFArm_to_LHand,rx,0.10076478649521055,0.17152059550378843,0.07075580900857788,0.18265101208593515,0.21522459954865988
671_T1_vs_T2,longitudinal,2,LFArm_to_LHand_ry,LFArm_to_LHand,ry,0.009515156969173178,0.06252584243672574,0.05301068546755256,0.18265101208593515,0.21522459954865988
671_T1_vs_T2,longitudinal,2,LFArm_to_LHand_rz,LFArm_to_LHand,rz,0.10328049436593484,0.39288213673351,0.2896016423675752,0.18265101208593515,0.21522459954865988
671_T1_vs_T2,longitudinal,2,LShin_to_LFoot_rx,LShin_to_LFoot,rx,0.04908290292691675,0.06834937202339038,0.01926646909647363,0.18265101208593515,0.21522459954865988
671_T1_vs_T2,longitudinal,2,LShin_to_LFoot_ry,LShin_to_LFoot,ry,0.0504559394937314,0.12682838841434513,0.07637244892061373,0.18265101208593515,0.21522459954865988
671_T1_vs_T2,longitudinal,2,LShin_to_LFoot_rz,LShin_to_LFoot,rz,0.009323966657410391,0.03569948962970041,0.026375522972290018,0.18265101208593515,0.21522459954865988
671_T1_vs_T2,longitudinal,2,LShoulder_to_LUArm_rx,LShoulder_to_LUArm,rx,0.14181603201152748,0.1505356379514583,0.008719605939930819,0.18265101208593515,0.21522459954865988
671_T1_vs_T2,longitudinal,2,LShoulder_to_LUArm_ry,LShoulder_to_LUArm,ry,0.05971763230662738,0.04940493109320413,-0.010312701213423252,0.18265101208593515,0.21522459954865988
671_T1_vs_T2,longitudinal,2,LShoulder_to_LUArm_rz,LShoulder_to_LUArm,rz,0.08364545649664797,0.07331034221871048,-0.010335114277937485,0.18265101208593515,0.21522459954865988
671_T1_vs_T2,longitudinal,2,LThigh_to_LShin_rx,LThigh_to_LShin,rx,0.04695537158174202,0.11680845641970618,0.06985308483796415,0.18265101208593515,0.21522459954865988
671_T1_vs_T2,longitudinal,2,LThigh_to_LShin_ry,LThigh_to_LShin,ry,9.527157450341751e-09,1.6442100645961409e-09,-7.88294738574561e-09,0.18265101208593515,0.21522459954865988
671_T1_vs_T2,longitudinal,2,LThigh_to_LShin_rz,LThigh_to_LShin,rz,9.507338934450004e-09,8.632853803229718e-09,-8.744851312202853e-10,0.18265101208593515,0.21522459954865988
671_T1_vs_T2,longitudinal,2,LUArm_to_LFArm_rx,LUArm_to_LFArm,rx,0.20039934966936213,0.21274723094069833,0.012347881271336208,0.18265101208593515,0.21522459954865988
671_T1_vs_T2,longitudinal,2,LUArm_to_LFArm_ry,LUArm_to_LFArm,ry,0.6155317234401269,0.07569729218934962,-0.5398344312507772,0.18265101208593515,0.21522459954865988
671_T1_vs_T2,longitudinal,2,LUArm_to_LFArm_rz,LUArm_to_LFArm,rz,0.2034602967443839,0.1780630650206567,-0.02539723172372721,0.18265101208593515,0.21522459954865988
671_T1_vs_T2,longitudinal,2,Neck_to_Head_rx,Neck_to_Head,rx,0.02087659348700307,0.02784510586090702,0.0069685123739039526,0.18265101208593515,0.21522459954865988
671_T1_vs_T2,longitudinal,2,Neck_to_Head_ry,Neck_to_Head,ry,0.008081829768519662,0.03092069753023244,0.022838867761712775,0.18265101208593515,0.21522459954865988
671_T1_vs_T2,longitudinal,2,Neck_to_Head_rz,Neck_to_Head,rz,0.031916230744515266,0.0071483397954937794,-0.024767890949021487,0.18265101208593515,0.21522459954865988
671_T1_vs_T2,longitudinal,2,RFArm_to_RHand_rx,RFArm_to_RHand,rx,0.16962053769268282,0.05054130542198791,-0.1190792322706949,0.18265101208593515,0.21522459954865988
671_T1_vs_T2,longitudinal,2,RFArm_to_RHand_ry,RFArm_to_RHand,ry,0.005025789166081854,0.020425107072496916,0.015399317906415062,0.18265101208593515,0.21522459954865988
671_T1_vs_T2,longitudinal,2,RFArm_to_RHand_rz,RFArm_to_RHand,rz,0.48190842343044427,0.2976987480662885,-0.18420967536415578,0.18265101208593515,0.21522459954865988
671_T1_vs_T2,longitudinal,2,RShin_to_RFoot_rx,RShin_to_RFoot,rx,0.03762511612152432,0.0703931272486239,0.03276801112709958,0.18265101208593515,0.21522459954865988
671_T1_vs_T2,longitudinal,2,RShin_to_RFoot_ry,RShin_to_RFoot,ry,4.328598945318052e-05,0.05221773377106996,0.05217444778161678,0.18265101208593515,0.21522459954865988
671_T1_vs_T2,longitudinal,2,RShin_to_RFoot_rz,RShin_to_RFoot,rz,0.03786645109339889,0.06295722335301668,0.02509077225961779,0.18265101208593515,0.21522459954865988
671_T1_vs_T2,longitudinal,2,RShoulder_to_RUArm_rx,RShoulder_to_RUArm,rx,0.32989144669985915,0.2246145209738126,-0.10527692572604655,0.18265101208593515,0.21522459954865988
671_T1_vs_T2,longitudinal,2,RShoulder_to_RUArm_ry,RShoulder_to_RUArm,ry,0.017720608114036203,0.11914798068012791,0.10142737256609172,0.18265101208593515,0.21522459954865988
671_T1_vs_T2,longitudinal,2,RShoulder_to_RUArm_rz,RShoulder_to_RUArm,rz,0.08202789345139629,0.031184681837846007,-0.05084321161355028,0.18265101208593515,0.21522459954865988
671_T1_vs_T2,longitudinal,2,RThigh_to_RShin_rx,RThigh_to_RShin,rx,0.013126664535674088,0.23276904474828444,0.21964238021261034,0.18265101208593515,0.21522459954865988
671_T1_vs_T2,longitudinal,2,RThigh_to_RShin_ry,RThigh_to_RShin,ry,1.0724501837077393e-08,3.753840379504471e-09,-6.9706614575729225e-09,0.18265101208593515,0.21522459954865988
671_T1_vs_T2,longitudinal,2,RThigh_to_RShin_rz,RThigh_to_RShin,rz,2.7922732311755878e-08,2.315414443552855e-08,-4.768587876227329e-09,0.18265101208593515,0.21522459954865988
671_T1_vs_T2,longitudinal,2,RUArm_to_RFArm_rx,RUArm_to_RFArm,rx,0.06423212495321264,0.008427897173517811,-0.05580422777969482,0.18265101208593515,0.21522459954865988
671_T1_vs_T2,longitudinal,2,RUArm_to_RFArm_ry,RUArm_to_RFArm,ry,0.25022259656301266,0.6484808153770617,0.39825821881404905,0.18265101208593515,0.21522459954865988
671_T1_vs_T2,longitudinal,2,RUArm_to_RFArm_rz,RUArm_to_RFArm,rz,0.03406210725103921,0.014456588657758486,-0.019605518593280725,0.18265101208593515,0.21522459954865988
671_T1_vs_T2,longitudinal,3,Chest_to_LShoulder_rx,Chest_to_LShoulder,rx,0.01994429675547661,0.10003108253652614,0.08008678578104952,0.11058979386795513,0.16460475177673237
671_T1_vs_T2,longitudinal,3,Chest_to_LShoulder_ry,Chest_to_LShoulder,ry,0.05355151475053058,0.02241657934273188,-0.031134935407798697,0.11058979386795513,0.16460475177673237
671_T1_vs_T2,longitudinal,3,Chest_to_LShoulder_rz,Chest_to_LShoulder,rz,0.007743470315752017,0.04816284893098524,0.040419378615233224,0.11058979386795513,0.16460475177673237
671_T1_vs_T2,longitudinal,3,Chest_to_Neck_rx,Chest_to_Neck,rx,0.07038575275769907,0.08130971885347646,0.010923966095777393,0.11058979386795513,0.16460475177673237
671_T1_vs_T2,longitudinal,3,Chest_to_Neck_ry,Chest_to_Neck,ry,0.026849002912676716,0.0013466181820159164,-0.0255023847306608,0.11058979386795513,0.16460475177673237
671_T1_vs_T2,longitudinal,3,Chest_to_Neck_rz,Chest_to_Neck,rz,0.009030283112457498,0.023383129684132982,0.014352846571675484,0.11058979386795513,0.16460475177673237
671_T1_vs_T2,longitudinal,3,Chest_to_RShoulder_rx,Chest_to_RShoulder,rx,0.07882820354646118,0.14569745878006124,0.06686925523360006,0.11058979386795513,0.16460475177673237
671_T1_vs_T2,longitudinal,3,Chest_to_RShoulder_ry,Chest_to_RShoulder,ry,0.06399343981380284,0.037360623317664605,-0.026632816496138238,0.11058979386795513,0.16460475177673237
671_T1_vs_T2,longitudinal,3,Chest_to_RShoulder_rz,Chest_to_RShoulder,rz,0.025551249554498418,0.04248106978278874,0.016929820228290322,0.11058979386795513,0.16460475177673237
671_T1_vs_T2,longitudinal,3,LFArm_to_LHand_rx,LFArm_to_LHand,rx,0.0006935656650366766,0.2269096763975092,0.22621611073247253,0.11058979386795513,0.16460475177673237
671_T1_vs_T2,longitudinal,3,LFArm_to_LHand_ry,LFArm_to_LHand,ry,0.008895130752520977,0.08628055766339311,0.07738542691087213,0.11058979386795513,0.16460475177673237
671_T1_vs_T2,longitudinal,3,LFArm_to_LHand_rz,LFArm_to_LHand,rz,0.08741759904832214,0.5000391230573137,0.41262152400899155,0.11058979386795513,0.16460475177673237
671_T1_vs_T2,longitudinal,3,LShin_to_LFoot_rx,LShin_to_LFoot,rx,0.08349998153916388,0.018128184887144547,-0.06537179665201934,0.11058979386795513,0.16460475177673237
671_T1_vs_T2,longitudinal,3,LShin_to_LFoot_ry,LShin_to_LFoot,ry,0.04673620069017774,0.06293914872792235,0.016202948037744608,0.11058979386795513,0.16460475177673237
671_T1_vs_T2,longitudinal,3,LShin_to_LFoot_rz,LShin_to_LFoot,rz,0.005880154650361682,0.014907293471492953,0.009027138821131271,0.11058979386795513,0.16460475177673237
671_T1_vs_T2,longitudinal,3,LShoulder_to_LUArm_rx,LShoulder_to_LUArm,rx,0.09020727664329042,0.34948991110519734,0.2592826344619069,0.11058979386795513,0.16460475177673237
671_T1_vs_T2,longitudinal,3,LShoulder_to_LUArm_ry,LShoulder_to_LUArm,ry,0.2511355689770312,0.2423466076025839,-0.008788961374447318,0.11058979386795513,0.16460475177673237
671_T1_vs_T2,longitudinal,3,LShoulder_to_LUArm_rz,LShoulder_to_LUArm,rz,0.01959160624485286,9.926239387311582e-05,-0.019492343850979744,0.11058979386795513,0.16460475177673237
671_T1_vs_T2,longitudinal,3,LThigh_to_LShin_rx,LThigh_to_LShin,rx,0.12784666789634302,0.0845375001937303,-0.04330916770261273,0.11058979386795513,0.16460475177673237
671_T1_vs_T2,longitudinal,3,LThigh_to_LShin_ry,LThigh_to_LShin,ry,4.4555731028343715e-09,3.298918558556671e-08,2.8533612482732337e-08,0.11058979386795513,0.16460475177673237
671_T1_vs_T2,longitudinal,3,LThigh_to_LShin_rz,LThigh_to_LShin,rz,1.0789323150421757e-08,3.298317956271581e-09,-7.491005194150176e-09,0.11058979386795513,0.16460475177673237
671_T1_vs_T2,longitudinal,3,LUArm_to_LFArm_rx,LUArm_to_LFArm,rx,0.033083326408352515,0.146016226383518,0.11293289997516548,0.11058979386795513,0.16460475177673237
671_T1_vs_T2,longitudinal,3,LUArm_to_LFArm_ry,LUArm_to_LFArm,ry,0.13680211719070354,0.13346151873643974,-0.0033405984542637934,0.11058979386795513,0.16460475177673237
671_T1_vs_T2,longitudinal,3,LUArm_to_LFArm_rz,LUArm_to_LFArm,rz,0.04385312388121375,0.04692800969663252,0.0030748858154187736,0.11058979386795513,0.16460475177673237
671_T1_vs_T2,longitudinal,3,Neck_to_Head_rx,Neck_to_Head,rx,0.07038573609339997,0.08130973878442414,0.01092400269102417,0.11058979386795513,0.16460475177673237
671_T1_vs_T2,longitudinal,3,Neck_to_Head_ry,Neck_to_Head,ry,0.026849019646827395,0.0013465816176581999,-0.025502438029169197,0.11058979386795513,0.16460475177673237
671_T1_vs_T2,longitudinal,3,Neck_to_Head_rz,Neck_to_Head,rz,0.009030311325312578,0.023383154887226594,0.014352843561914016,0.11058979386795513,0.16460475177673237
671_T1_vs_T2,longitudinal,3,RFArm_to_RHand_rx,RFArm_to_RHand,rx,0.0977972984289123,0.09889625446116093,0.0010989560322486325,0.11058979386795513,0.16460475177673237
671_T1_vs_T2,longitudinal,3,RFArm_to_RHand_ry,RFArm_to_RHand,ry,0.013000551010911578,0.020945402536207358,0.00794485152529578,0.11058979386795513,0.16460475177673237
671_T1_vs_T2,longitudinal,3,RFArm_to_RHand_rz,RFArm_to_RHand,rz,0.071938955413573,0.16349400777724446,0.09155505236367147,0.11058979386795513,0.16460475177673237
671_T1_vs_T2,longitudinal,3,RShin_to_RFoot_rx,RShin_to_RFoot,rx,0.07594366934801718,0.08908769933013902,0.013144029982121844,0.11058979386795513,0.16460475177673237
671_T1_vs_T2,longitudinal,3,RShin_to_RFoot_ry,RShin_to_RFoot,ry,0.021204507314832824,0.041436498820943496,0.020231991506110672,0.11058979386795513,0.16460475177673237
671_T1_vs_T2,longitudinal,3,RShin_to_RFoot_rz,RShin_to_RFoot,rz,0.05723313911898528,0.015444839527202115,-0.041788299591783165,0.11058979386795513,0.16460475177673237
671_T1_vs_T2,longitudinal,3,RShoulder_to_RUArm_rx,RShoulder_to_RUArm,rx,0.12618464825939701,0.3071603948611712,0.18097574660177418,0.11058979386795513,0.16460475177673237
671_T1_vs_T2,longitudinal,3,RShoulder_to_RUArm_ry,RShoulder_to_RUArm,ry,0.1598760195991542,0.07722586062983856,-0.08265015896931564,0.11058979386795513,0.16460475177673237
671_T1_vs_T2,longitudinal,3,RShoulder_to_RUArm_rz,RShoulder_to_RUArm,rz,0.08347871389619935,0.14106626765933283,0.05758755376313349,0.11058979386795513,0.16460475177673237
671_T1_vs_T2,longitudinal,3,RThigh_to_RShin_rx,RThigh_to_RShin,rx,0.1985748723431833,0.2627539227523845,0.06417905040920122,0.11058979386795513,0.16460475177673237
671_T1_vs_T2,longitudinal,3,RThigh_to_RShin_ry,RThigh_to_RShin,ry,1.1951523073809578e-08,3.226751484016762e-08,2.031599176635804e-08,0.11058979386795513,0.16460475177673237
671_T1_vs_T2,longitudinal,3,RThigh_to_RShin_rz,RThigh_to_RShin,rz,1.7477910734768213e-08,1.2256635331233383e-08,-5.22127540353483e-09,0.11058979386795513,0.16460475177673237
671_T1_vs_T2,longitudinal,3,RUArm_to_RFArm_rx,RUArm_to_RFArm,rx,0.04966825745816596,0.13197688453794987,0.08230862707978391,0.11058979386795513,0.16460475177673237
671_T1_vs_T2,longitudinal,3,RUArm_to_RFArm_ry,RUArm_to_RFArm,ry,0.8535483702681235,0.3794299125933859,-0.4741184576747376,0.11058979386795513,0.16460475177673237
671_T1_vs_T2,longitudinal,3,RUArm_to_RFArm_rz,RUArm_to_RFArm,rz,0.0657486101316772,0.0900343653164464,0.024285755184769206,0.11058979386795513,0.16460475177673237
671_T1_vs_T2,longitudinal,4,Chest_to_LShoulder_rx,Chest_to_LShoulder,rx,0.07512108376968303,0.05597498059291277,-0.019146103176770263,0.08107970354506204,0.14337692427311163
671_T1_vs_T2,longitudinal,4,Chest_to_LShoulder_ry,Chest_to_LShoulder,ry,0.046012197886933746,0.03821299319333407,-0.007799204693599675,0.08107970354506204,0.14337692427311163
671_T1_vs_T2,longitudinal,4,Chest_to_LShoulder_rz,Chest_to_LShoulder,rz,0.07307312503896139,0.03846342237753444,-0.034609702661426954,0.08107970354506204,0.14337692427311163
671_T1_vs_T2,longitudinal,4,Chest_to_Neck_rx,Chest_to_Neck,rx,0.1616327032877363,0.04474833489925381,-0.11688436838848248,0.08107970354506204,0.14337692427311163
671_T1_vs_T2,longitudinal,4,Chest_to_Neck_ry,Chest_to_Neck,ry,0.02897501591049634,0.03155921850771104,0.0025842025972146986,0.08107970354506204,0.14337692427311163
671_T1_vs_T2,longitudinal,4,Chest_to_Neck_rz,Chest_to_Neck,rz,0.015015111760563096,0.04373992934089105,0.028724817580327952,0.08107970354506204,0.14337692427311163
671_T1_vs_T2,longitudinal,4,Chest_to_RShoulder_rx,Chest_to_RShoulder,rx,0.13000900912665878,0.054791706071545786,-0.07521730305511298,0.08107970354506204,0.14337692427311163
671_T1_vs_T2,longitudinal,4,Chest_to_RShoulder_ry,Chest_to_RShoulder,ry,0.04100093216554685,0.009014291659329512,-0.03198664050621734,0.08107970354506204,0.14337692427311163
671_T1_vs_T2,longitudinal,4,Chest_to_RShoulder_rz,Chest_to_RShoulder,rz,0.06313709198405743,0.020327597073465764,-0.04280949491059166,0.08107970354506204,0.14337692427311163
671_T1_vs_T2,longitudinal,4,LFArm_to_LHand_rx,LFArm_to_LHand,rx,0.14370111556068202,0.11718194243273623,-0.026519173127945786,0.08107970354506204,0.14337692427311163
671_T1_vs_T2,longitudinal,4,LFArm_to_LHand_ry,LFArm_to_LHand,ry,0.04737666993351281,0.0931602414682485,0.04578357153473569,0.08107970354506204,0.14337692427311163
671_T1_vs_T2,longitudinal,4,LFArm_to_LHand_rz,LFArm_to_LHand,rz,0.3931558950885648,0.016815400871966094,-0.3763404942165987,0.08107970354506204,0.14337692427311163
671_T1_vs_T2,longitudinal,4,LShin_to_LFoot_rx,LShin_to_LFoot,rx,0.04981592037682355,0.0366362722474754,-0.013179648129348152,0.08107970354506204,0.14337692427311163
671_T1_vs_T2,longitudinal,4,LShin_to_LFoot_ry,LShin_to_LFoot,ry,0.16307753943664852,0.11318802616782289,-0.049889513268825625,0.08107970354506204,0.14337692427311163
671_T1_vs_T2,longitudinal,4,LShin_to_LFoot_rz,LShin_to_LFoot,rz,0.05673214382976882,0.07262379427514097,0.01589165044537215,0.08107970354506204,0.14337692427311163
671_T1_vs_T2,longitudinal,4,LShoulder_to_LUArm_rx,LShoulder_to_LUArm,rx,0.20841198620295084,0.16314802094008077,-0.045263965262870076,0.08107970354506204,0.14337692427311163
671_T1_vs_T2,longitudinal,4,LShoulder_to_LUArm_ry,LShoulder_to_LUArm,ry,0.02047109803152469,0.2744378737251861,0.2539667756936614,0.08107970354506204,0.14337692427311163
671_T1_vs_T2,longitudinal,4,LShoulder_to_LUArm_rz,LShoulder_to_LUArm,rz,0.01870159889568205,0.042466747435859487,0.023765148540177437,0.08107970354506204,0.14337692427311163
671_T1_vs_T2,longitudinal,4,LThigh_to_LShin_rx,LThigh_to_LShin,rx,0.21099049967209194,0.34447918682572354,0.1334886871536316,0.08107970354506204,0.14337692427311163
671_T1_vs_T2,longitudinal,4,LThigh_to_LShin_ry,LThigh_to_LShin,ry,3.0750164846969374e-08,2.0525873214681765e-08,-1.0224291632287609e-08,0.08107970354506204,0.14337692427311163
671_T1_vs_T2,longitudinal,4,LThigh_to_LShin_rz,LThigh_to_LShin,rz,2.1100843155528058e-08,1.6948641923601245e-08,-4.1522012319268135e-09,0.08107970354506204,0.14337692427311163
671_T1_vs_T2,longitudinal,4,LUArm_to_LFArm_rx,LUArm_to_LFArm,rx,0.17693052600384004,0.07980515312346914,-0.0971253728803709,0.08107970354506204,0.14337692427311163
671_T1_vs_T2,longitudinal,4,LUArm_to_LFArm_ry,LUArm_to_LFArm,ry,0.28281547713903316,0.42498336852507584,0.1421678913860427,0.08107970354506204,0.14337692427311163
671_T1_vs_T2,longitudinal,4,LUArm_to_LFArm_rz,LUArm_to_LFArm,rz,0.11366103366130614,0.09479308485694946,-0.018867948804356688,0.08107970354506204,0.14337692427311163
671_T1_vs_T2,longitudinal,4,Neck_to_Head_rx,Neck_to_Head,rx,0.16163269069271552,0.04474825429422447,-0.11688443639849105,0.08107970354506204,0.14337692427311163
671_T1_vs_T2,longitudinal,4,Neck_to_Head_ry,Neck_to_Head,ry,0.0289750747387627,0.03155923243125729,0.002584157692494593,0.08107970354506204,0.14337692427311163
671_T1_vs_T2,longitudinal,4,Neck_to_Head_rz,Neck_to_Head,rz,0.015015118028151898,0.04373992672838426,0.028724808700232363,0.08107970354506204,0.14337692427311163
671_T1_vs_T2,longitudinal,4,RFArm_to_RHand_rx,RFArm_to_RHand,rx,0.0010284397433492887,0.21229095212194132,0.21126251237859203,0.08107970354506204,0.14337692427311163
671_T1_vs_T2,longitudinal,4,RFArm_to_RHand_ry,RFArm_to_RHand,ry,0.03463608014803847,0.040485895523569765,0.005849815375531295,0.08107970354506204,0.14337692427311163
671_T1_vs_T2,longitudinal,4,RFArm_to_RHand_rz,RFArm_to_RHand,rz,0.17879814095152463,0.4121306018391888,0.23333246088766418,0.08107970354506204,0.14337692427311163
671_T1_vs_T2,longitudinal,4,RShin_to_RFoot_rx,RShin_to_RFoot,rx,0.28177287176588334,0.047978013202627186,-0.23379485856325616,0.08107970354506204,0.14337692427311163
671_T1_vs_T2,longitudinal,4,RShin_to_RFoot_ry,RShin_to_RFoot,ry,0.005948450308300075,0.16981604315021312,0.16386759284191305,0.08107970354506204,0.14337692427311163
671_T1_vs_T2,longitudinal,4,RShin_to_RFoot_rz,RShin_to_RFoot,rz,0.12179779363931963,0.048985658471462676,-0.07281213516785695,0.08107970354506204,0.14337692427311163
671_T1_vs_T2,longitudinal,4,RShoulder_to_RUArm_rx,RShoulder_to_RUArm,rx,0.3512905651307641,0.1221433579351213,-0.22914720719564283,0.08107970354506204,0.14337692427311163
671_T1_vs_T2,longitudinal,4,RShoulder_to_RUArm_ry,RShoulder_to_RUArm,ry,0.2765581552683959,0.12513543498172272,-0.15142272028667317,0.08107970354506204,0.14337692427311163
671_T1_vs_T2,longitudinal,4,RShoulder_to_RUArm_rz,RShoulder_to_RUArm,rz,0.19012332075736377,0.12894602035026437,-0.0611773004070994,0.08107970354506204,0.14337692427311163
671_T1_vs_T2,longitudinal,4,RThigh_to_RShin_rx,RThigh_to_RShin,rx,0.18143991810094628,0.23176080992329734,0.050320891822351055,0.08107970354506204,0.14337692427311163
671_T1_vs_T2,longitudinal,4,RThigh_to_RShin_ry,RThigh_to_RShin,ry,9.373553905753243e-09,4.546503178878604e-10,-8.918903587865382e-09,0.08107970354506204,0.14337692427311163
671_T1_vs_T2,longitudinal,4,RThigh_to_RShin_rz,RThigh_to_RShin,rz,7.447618566758976e-09,5.219957640794104e-09,-2.2276609259648723e-09,0.08107970354506204,0.14337692427311163
671_T1_vs_T2,longitudinal,4,RUArm_to_RFArm_rx,RUArm_to_RFArm,rx,0.2476556048218582,0.15870878943767672,-0.08894681538418148,0.08107970354506204,0.14337692427311163
671_T1_vs_T2,longitudinal,4,RUArm_to_RFArm_ry,RUArm_to_RFArm,ry,0.06235357454750368,0.3574924751600952,0.2951389006125915,0.08107970354506204,0.14337692427311163
671_T1_vs_T2,longitudinal,4,RUArm_to_RFArm_rz,RUArm_to_RFArm,rz,0.16014581985891554,0.12693886076368982,-0.033206959095225724,0.08107970354506204,0.14337692427311163
671_T1_vs_T2,longitudinal,5,Chest_to_LShoulder_rx,Chest_to_LShoulder,rx,0.02514344292716098,0.010373560011771237,-0.014769882915389741,0.059563874722835385,0.07623350214405498
671_T1_vs_T2,longitudinal,5,Chest_to_LShoulder_ry,Chest_to_LShoulder,ry,0.0727375419432068,0.048154715044662615,-0.02458282689854418,0.059563874722835385,0.07623350214405498
671_T1_vs_T2,longitudinal,5,Chest_to_LShoulder_rz,Chest_to_LShoulder,rz,0.005163172721208748,0.007679433369875086,0.002516260648666338,0.059563874722835385,0.07623350214405498
671_T1_vs_T2,longitudinal,5,Chest_to_Neck_rx,Chest_to_Neck,rx,0.1504553263099061,0.09708566120180322,-0.053369665108102884,0.059563874722835385,0.07623350214405498
671_T1_vs_T2,longitudinal,5,Chest_to_Neck_ry,Chest_to_Neck,ry,0.031612525175421125,0.011729153878563962,-0.01988337129685716,0.059563874722835385,0.07623350214405498
671_T1_vs_T2,longitudinal,5,Chest_to_Neck_rz,Chest_to_Neck,rz,0.015020423204622017,0.019559430030706038,0.004539006826084021,0.059563874722835385,0.07623350214405498
671_T1_vs_T2,longitudinal,5,Chest_to_RShoulder_rx,Chest_to_RShoulder,rx,0.01824110440961694,0.007034102627426146,-0.011207001782190792,0.059563874722835385,0.07623350214405498
671_T1_vs_T2,longitudinal,5,Chest_to_RShoulder_ry,Chest_to_RShoulder,ry,0.041654055760794166,0.027138216169572432,-0.014515839591221734,0.059563874722835385,0.07623350214405498
671_T1_vs_T2,longitudinal,5,Chest_to_RShoulder_rz,Chest_to_RShoulder,rz,0.12568833028957513,0.1445427710447687,0.018854440755193574,0.059563874722835385,0.07623350214405498
671_T1_vs_T2,longitudinal,5,LFArm_to_LHand_rx,LFArm_to_LHand,rx,0.1449044752861798,0.030118257756277134,-0.11478621752990267,0.059563874722835385,0.07623350214405498
671_T1_vs_T2,longitudinal,5,LFArm_to_LHand_ry,LFArm_to_LHand,ry,0.055839879669589025,0.040354434139362,-0.015485445530227022,0.059563874722835385,0.07623350214405498
671_T1_vs_T2,longitudinal,5,LFArm_to_LHand_rz,LFArm_to_LHand,rz,0.42069026290277955,0.0682005875792948,-0.35248967532348474,0.059563874722835385,0.07623350214405498
671_T1_vs_T2,longitudinal,5,LShin_to_LFoot_rx,LShin_to_LFoot,rx,0.028885751220544105,0.07968677327411258,0.05080102205356848,0.059563874722835385,0.07623350214405498
671_T1_vs_T2,longitudinal,5,LShin_to_LFoot_ry,LShin_to_LFoot,ry,0.07168674492821296,0.07541685162023333,0.0037301066920203685,0.059563874722835385,0.07623350214405498
671_T1_vs_T2,longitudinal,5,LShin_to_LFoot_rz,LShin_to_LFoot,rz,0.017042435166704135,0.04464959682724422,0.027607161660540083,0.059563874722835385,0.07623350214405498
671_T1_vs_T2,longitudinal,5,LShoulder_to_LUArm_rx,LShoulder_to_LUArm,rx,0.1432020729856019,0.09601167847667252,-0.04719039450892937,0.059563874722835385,0.07623350214405498
671_T1_vs_T2,longitudinal,5,LShoulder_to_LUArm_ry,LShoulder_to_LUArm,ry,0.42796678021088524,0.2842206689345745,-0.14374611127631076,0.059563874722835385,0.07623350214405498
671_T1_vs_T2,longitudinal,5,LShoulder_to_LUArm_rz,LShoulder_to_LUArm,rz,0.04066474353708487,0.03922236892386344,-0.0014423746132214352,0.059563874722835385,0.07623350214405498
671_T1_vs_T2,longitudinal,5,LThigh_to_LShin_rx,LThigh_to_LShin,rx,0.13046627524401852,0.0010889341893482096,-0.1293773410546703,0.059563874722835385,0.07623350214405498
671_T1_vs_T2,longitudinal,5,LThigh_to_LShin_ry,LThigh_to_LShin,ry,9.140406794690037e-09,2.379792084344439e-08,1.4657514048754353e-08,0.059563874722835385,0.07623350214405498
671_T1_vs_T2,longitudinal,5,LThigh_to_LShin_rz,LThigh_to_LShin,rz,2.424942684736248e-08,2.7391462991933846e-08,3.142036144571366e-09,0.059563874722835385,0.07623350214405498
671_T1_vs_T2,longitudinal,5,LUArm_to_LFArm_rx,LUArm_to_LFArm,rx,0.15705155035950394,0.030600424271508227,-0.12645112608799572,0.059563874722835385,0.07623350214405498
671_T1_vs_T2,longitudinal,5,LUArm_to_LFArm_ry,LUArm_to_LFArm,ry,0.3764288298069355,0.4641793609559358,0.08775053114900033,0.059563874722835385,0.07623350214405498
671_T1_vs_T2,longitudinal,5,LUArm_to_LFArm_rz,LUArm_to_LFArm,rz,0.0922335953139499,0.1121745278017421,0.019940932487792204,0.059563874722835385,0.07623350214405498
671_T1_vs_T2,longitudinal,5,Neck_to_Head_rx,Neck_to_Head,rx,0.15045536420256586,0.09708565708716416,-0.053369707115401704,0.059563874722835385,0.07623350214405498
671_T1_vs_T2,longitudinal,5,Neck_to_Head_ry,Neck_to_Head,ry,0.031612609273158766,0.011729215490709112,-0.019883393782449653,0.059563874722835385,0.07623350214405498
671_T1_vs_T2,longitudinal,5,Neck_to_Head_rz,Neck_to_Head,rz,0.015020400382274295,0.019559379756931686,0.0045389793746573905,0.059563874722835385,0.07623350214405498
671_T1_vs_T2,longitudinal,5,RFArm_to_RHand_rx,RFArm_to_RHand,rx,0.003099625095464664,0.09526383280157656,0.0921642077061119,0.059563874722835385,0.07623350214405498
671_T1_vs_T2,longitudinal,5,RFArm_to_RHand_ry,RFArm_to_RHand,ry,0.028944118923951403,0.06870549165187412,0.03976137272792271,0.059563874722835385,0.07623350214405498
671_T1_vs_T2,longitudinal,5,RFArm_to_RHand_rz,RFArm_to_RHand,rz,0.05681025698143198,0.12047921224801103,0.06366895526657905,0.059563874722835385,0.07623350214405498
671_T1_vs_T2,longitudinal,5,RShin_to_RFoot_rx,RShin_to_RFoot,rx,0.19701256389237953,0.2503710463872593,0.05335848249487979,0.059563874722835385,0.07623350214405498
671_T1_vs_T2,longitudinal,5,RShin_to_RFoot_ry,RShin_to_RFoot,ry,0.04631224640540576,0.04996366645899517,0.003651420053589413,0.059563874722835385,0.07623350214405498
671_T1_vs_T2,longitudinal,5,RShin_to_RFoot_rz,RShin_to_RFoot,rz,0.0946147132944018,0.15286298906123608,0.05824827576683428,0.059563874722835385,0.07623350214405498
671_T1_vs_T2,longitudinal,5,RShoulder_to_RUArm_rx,RShoulder_to_RUArm,rx,0.004919365187105753,0.015905042634964978,0.010985677447859225,0.059563874722835385,0.07623350214405498
671_T1_vs_T2,longitudinal,5,RShoulder_to_RUArm_ry,RShoulder_to_RUArm,ry,0.19566950893879814,0.16522439658369736,-0.03044511235510078,0.059563874722835385,0.07623350214405498
671_T1_vs_T2,longitudinal,5,RShoulder_to_RUArm_rz,RShoulder_to_RUArm,rz,0.09887610814329582,0.1696319834858828,0.07075587534258697,0.059563874722835385,0.07623350214405498
671_T1_vs_T2,longitudinal,5,RThigh_to_RShin_rx,RThigh_to_RShin,rx,0.3109129335788853,0.4986521913106513,0.18773925773176603,0.059563874722835385,0.07623350214405498
671_T1_vs_T2,longitudinal,5,RThigh_to_RShin_ry,RThigh_to_RShin,ry,2.450789606327728e-08,1.730483830827031e-08,-7.20305775500697e-09,0.059563874722835385,0.07623350214405498
671_T1_vs_T2,longitudinal,5,RThigh_to_RShin_rz,RThigh_to_RShin,rz,7.734679716197796e-09,5.782392815837251e-09,-1.9522869003605452e-09,0.059563874722835385,0.07623350214405498
671_T1_vs_T2,longitudinal,5,RUArm_to_RFArm_rx,RUArm_to_RFArm,rx,0.2131007436433336,0.29894108500541444,0.08584034136208085,0.059563874722835385,0.07623350214405498
671_T1_vs_T2,longitudinal,5,RUArm_to_RFArm_ry,RUArm_to_RFArm,ry,0.208919953095289,0.16294089671828338,-0.04597905637700561,0.059563874722835385,0.07623350214405498
671_T1_vs_T2,longitudinal,5,RUArm_to_RFArm_rz,RUArm_to_RFArm,rz,0.18998566117662224,0.2764931155890439,0.08650745441242164,0.059563874722835385,0.07623350214405498
671_T1_vs_T2,longitudinal,6,Chest_to_LShoulder_rx,Chest_to_LShoulder,rx,0.08172777182761415,0.04046243181294196,-0.04126534001467219,0.05283704251788248,0.06729360160092453
671_T1_vs_T2,longitudinal,6,Chest_to_LShoulder_ry,Chest_to_LShoulder,ry,0.07508712123350916,0.016760548014424417,-0.05832657321908474,0.05283704251788248,0.06729360160092453
671_T1_vs_T2,longitudinal,6,Chest_to_LShoulder_rz,Chest_to_LShoulder,rz,0.06283055059886905,0.016701168514780092,-0.046129382084088955,0.05283704251788248,0.06729360160092453
671_T1_vs_T2,longitudinal,6,Chest_to_Neck_rx,Chest_to_Neck,rx,0.05511543271237034,0.036991571489298554,-0.018123861223071788,0.05283704251788248,0.06729360160092453
671_T1_vs_T2,longitudinal,6,Chest_to_Neck_ry,Chest_to_Neck,ry,0.06190835453383619,0.06256395139956254,0.0006555968657263531,0.05283704251788248,0.06729360160092453
671_T1_vs_T2,longitudinal,6,Chest_to_Neck_rz,Chest_to_Neck,rz,0.0301777912012276,0.05225933718196608,0.022081545980738478,0.05283704251788248,0.06729360160092453
671_T1_vs_T2,longitudinal,6,Chest_to_RShoulder_rx,Chest_to_RShoulder,rx,0.12001159717328559,0.02038296775645805,-0.09962862941682754,0.05283704251788248,0.06729360160092453
671_T1_vs_T2,longitudinal,6,Chest_to_RShoulder_ry,Chest_to_RShoulder,ry,0.03050330467914746,0.019000438862750234,-0.011502865816397225,0.05283704251788248,0.06729360160092453
671_T1_vs_T2,longitudinal,6,Chest_to_RShoulder_rz,Chest_to_RShoulder,rz,0.059545955458176515,0.0999322537321986,0.04038629827402209,0.05283704251788248,0.06729360160092453
671_T1_vs_T2,longitudinal,6,LFArm_to_LHand_rx,LFArm_to_LHand,rx,0.08648513116445121,0.062303831215140264,-0.024181299949310946,0.05283704251788248,0.06729360160092453
671_T1_vs_T2,longitudinal,6,LFArm_to_LHand_ry,LFArm_to_LHand,ry,0.1512309575170018,0.04198186657585624,-0.10924909094114557,0.05283704251788248,0.06729360160092453
671_T1_vs_T2,longitudinal,6,LFArm_to_LHand_rz,LFArm_to_LHand,rz,0.34998069740194554,0.16062497973173,-0.18935571767021553,0.05283704251788248,0.06729360160092453
671_T1_vs_T2,longitudinal,6,LShin_to_LFoot_rx,LShin_to_LFoot,rx,0.03725997457834687,0.03542222260030599,-0.001837751978040883,0.05283704251788248,0.06729360160092453
671_T1_vs_T2,longitudinal,6,LShin_to_LFoot_ry,LShin_to_LFoot,ry,0.027684253033852347,0.1266999795712384,0.09901572653738606,0.05283704251788248,0.06729360160092453
671_T1_vs_T2,longitudinal,6,LShin_to_LFoot_rz,LShin_to_LFoot,rz,0.049368220492649995,0.01392601112361151,-0.03544220936903848,0.05283704251788248,0.06729360160092453
671_T1_vs_T2,longitudinal,6,LShoulder_to_LUArm_rx,LShoulder_to_LUArm,rx,0.10967832229534823,0.08058639381232285,-0.029091928483025373,0.05283704251788248,0.06729360160092453
671_T1_vs_T2,longitudinal,6,LShoulder_to_LUArm_ry,LShoulder_to_LUArm,ry,0.39131237112235007,0.19767756609715753,-0.19363480502519254,0.05283704251788248,0.06729360160092453
671_T1_vs_T2,longitudinal,6,LShoulder_to_LUArm_rz,LShoulder_to_LUArm,rz,0.21425095356480953,0.11521261916778047,-0.09903833439702905,0.05283704251788248,0.06729360160092453
671_T1_vs_T2,longitudinal,6,LThigh_to_LShin_rx,LThigh_to_LShin,rx,0.017414853306891152,0.18742141562135747,0.17000656231446631,0.05283704251788248,0.06729360160092453
671_T1_vs_T2,longitudinal,6,LThigh_to_LShin_ry,LThigh_to_LShin,ry,2.6847239512098808e-08,2.3799106945550308e-08,-3.0481325665484995e-09,0.05283704251788248,0.06729360160092453
671_T1_vs_T2,longitudinal,6,LThigh_to_LShin_rz,LThigh_to_LShin,rz,2.9768919145371415e-08,1.618771804490677e-08,-1.3581201100464644e-08,0.05283704251788248,0.06729360160092453
671_T1_vs_T2,longitudinal,6,LUArm_to_LFArm_rx,LUArm_to_LFArm,rx,0.15006524442390373,0.12732289898054447,-0.022742345443359263,0.05283704251788248,0.06729360160092453
671_T1_vs_T2,longitudinal,6,LUArm_to_LFArm_ry,LUArm_to_LFArm,ry,0.08163334928349604,0.3059528952213411,0.2243195459378451,0.05283704251788248,0.06729360160092453
671_T1_vs_T2,longitudinal,6,LUArm_to_LFArm_rz,LUArm_to_LFArm,rz,0.10043527146135026,0.11515606873827268,0.014720797276922423,0.05283704251788248,0.06729360160092453
671_T1_vs_T2,longitudinal,6,Neck_to_Head_rx,Neck_to_Head,rx,0.0551153706055979,0.03699160025976178,-0.01812377034583612,0.05283704251788248,0.06729360160092453
671_T1_vs_T2,longitudinal,6,Neck_to_Head_ry,Neck_to_Head,ry,0.061908313378601386,0.06256396339413382,0.0006556500155324371,0.05283704251788248,0.06729360160092453
671_T1_vs_T2,longitudinal,6,Neck_to_Head_rz,Neck_to_Head,rz,0.030177789115053186,0.05225936655062282,0.022081577435569634,0.05283704251788248,0.06729360160092453
671_T1_vs_T2,longitudinal,6,RFArm_to_RHand_rx,RFArm_to_RHand,rx,0.12473359668978619,0.27120096156496737,0.1464673648751812,0.05283704251788248,0.06729360160092453
671_T1_vs_T2,longitudinal,6,RFArm_to_RHand_ry,RFArm_to_RHand,ry,0.20856471014451541,0.20533261826215415,-0.00323209188236126,0.05283704251788248,0.06729360160092453
671_T1_vs_T2,longitudinal,6,RFArm_to_RHand_rz,RFArm_to_RHand,rz,0.08275700864962901,0.36637932924293537,0.2836223205933064,0.05283704251788248,0.06729360160092453
671_T1_vs_T2,longitudinal,6,RShin_to_RFoot_rx,RShin_to_RFoot,rx,0.06324712760326176,0.07407427143504597,0.010827143831784208,0.05283704251788248,0.06729360160092453
671_T1_vs_T2,longitudinal,6,RShin_to_RFoot_ry,RShin_to_RFoot,ry,0.07923017542440486,0.10408538456514516,0.024855209140740298,0.05283704251788248,0.06729360160092453
671_T1_vs_T2,longitudinal,6,RShin_to_RFoot_rz,RShin_to_RFoot,rz,0.11765692446199852,0.01512690398033907,-0.10253002048165945,0.05283704251788248,0.06729360160092453
671_T1_vs_T2,longitudinal,6,RShoulder_to_RUArm_rx,RShoulder_to_RUArm,rx,0.2767724326768435,0.00878069564344151,-0.26799173703340196,0.05283704251788248,0.06729360160092453
671_T1_vs_T2,longitudinal,6,RShoulder_to_RUArm_ry,RShoulder_to_RUArm,ry,0.06513005292663449,0.011986558260127423,-0.053143494666507064,0.05283704251788248,0.06729360160092453
671_T1_vs_T2,longitudinal,6,RShoulder_to_RUArm_rz,RShoulder_to_RUArm,rz,0.13300340695015123,0.14715880482101246,0.01415539787086123,0.05283704251788248,0.06729360160092453
671_T1_vs_T2,longitudinal,6,RThigh_to_RShin_rx,RThigh_to_RShin,rx,0.3844710576324493,0.14327432713664853,-0.2411967304958008,0.05283704251788248,0.06729360160092453
671_T1_vs_T2,longitudinal,6,RThigh_to_RShin_ry,RThigh_to_RShin,ry,4.424829224895466e-08,7.662215919686843e-09,-3.658607632926781e-08,0.05283704251788248,0.06729360160092453
671_T1_vs_T2,longitudinal,6,RThigh_to_RShin_rz,RThigh_to_RShin,rz,1.7437861335496336e-08,1.9511161678893398e-09,-1.5486745167606995e-08,0.05283704251788248,0.06729360160092453
671_T1_vs_T2,longitudinal,6,RUArm_to_RFArm_rx,RUArm_to_RFArm,rx,0.3328213666845954,0.3857619359554937,0.0529405692708983,0.05283704251788248,0.06729360160092453
671_T1_vs_T2,longitudinal,6,RUArm_to_RFArm_ry,RUArm_to_RFArm,ry,0.2510837435287348,0.4475124661168586,0.19642872258812377,0.05283704251788248,0.06729360160092453
671_T1_vs_T2,longitudinal,6,RUArm_to_RFArm_rz,RUArm_to_RFArm,rz,0.17618018327407325,0.21688109495718869,0.04070091168311543,0.05283704251788248,0.06729360160092453
671_T1_vs_T2,longitudinal,7,Chest_to_LShoulder_rx,Chest_to_LShoulder,rx,0.10235882614665995,0.094748790921263,-0.007610035225396952,0.039047683706599,0.04207643958948594
671_T1_vs_T2,longitudinal,7,Chest_to_LShoulder_ry,Chest_to_LShoulder,ry,0.05885957269476299,0.1231089821745468,0.0642494094797838,0.039047683706599,0.04207643958948594
671_T1_vs_T2,longitudinal,7,Chest_to_LShoulder_rz,Chest_to_LShoulder,rz,0.03283755307151086,0.002330895018770525,-0.030506658052740332,0.039047683706599,0.04207643958948594
671_T1_vs_T2,longitudinal,7,Chest_to_Neck_rx,Chest_to_Neck,rx,0.16884645072561016,0.25887461712788895,0.09002816640227879,0.039047683706599,0.04207643958948594
671_T1_vs_T2,longitudinal,7,Chest_to_Neck_ry,Chest_to_Neck,ry,0.045423642870316326,0.031659557726652,-0.013764085143664326,0.039047683706599,0.04207643958948594
671_T1_vs_T2,longitudinal,7,Chest_to_Neck_rz,Chest_to_Neck,rz,0.033782605961405136,9.480169811123668e-05,-0.0336878042632939,0.039047683706599,0.04207643958948594
671_T1_vs_T2,longitudinal,7,Chest_to_RShoulder_rx,Chest_to_RShoulder,rx,0.014971605580238682,0.012342614540761226,-0.0026289910394774567,0.039047683706599,0.04207643958948594
671_T1_vs_T2,longitudinal,7,Chest_to_RShoulder_ry,Chest_to_RShoulder,ry,0.020447791893552836,0.0811668887481902,0.06071909685463736,0.039047683706599,0.04207643958948594
671_T1_vs_T2,longitudinal,7,Chest_to_RShoulder_rz,Chest_to_RShoulder,rz,0.061674506470363315,0.026073553642082813,-0.035600952828280505,0.039047683706599,0.04207643958948594
671_T1_vs_T2,longitudinal,7,LFArm_to_LHand_rx,LFArm_to_LHand,rx,0.03693071476681099,0.01148644121522629,-0.025444273551584705,0.039047683706599,0.04207643958948594
671_T1_vs_T2,longitudinal,7,LFArm_to_LHand_ry,LFArm_to_LHand,ry,0.15750685846351445,0.07140598719226444,-0.08610087127125,0.039047683706599,0.04207643958948594
671_T1_vs_T2,longitudinal,7,LFArm_to_LHand_rz,LFArm_to_LHand,rz,0.08721257610413832,0.021277273400985355,-0.06593530270315297,0.039047683706599,0.04207643958948594
671_T1_vs_T2,longitudinal,7,LShin_to_LFoot_rx,LShin_to_LFoot,rx,0.24590747166788748,0.11674030593903455,-0.12916716572885295,0.039047683706599,0.04207643958948594
671_T1_vs_T2,longitudinal,7,LShin_to_LFoot_ry,LShin_to_LFoot,ry,0.20456924518169925,0.05467714164732044,-0.14989210353437882,0.039047683706599,0.04207643958948594
671_T1_vs_T2,longitudinal,7,LShin_to_LFoot_rz,LShin_to_LFoot,rz,0.06141698054772437,0.024359791360410544,-0.03705718918731382,0.039047683706599,0.04207643958948594
671_T1_vs_T2,longitudinal,7,LShoulder_to_LUArm_rx,LShoulder_to_LUArm,rx,0.2726588573908804,0.17326958222610492,-0.0993892751647755,0.039047683706599,0.04207643958948594
671_T1_vs_T2,longitudinal,7,LShoulder_to_LUArm_ry,LShoulder_to_LUArm,ry,0.2337285861843172,0.44068686364966686,0.20695827746534967,0.039047683706599,0.04207643958948594
671_T1_vs_T2,longitudinal,7,LShoulder_to_LUArm_rz,LShoulder_to_LUArm,rz,0.13775861399479641,0.1174969326153531,-0.020261681379443314,0.039047683706599,0.04207643958948594
671_T1_vs_T2,longitudinal,7,LThigh_to_LShin_rx,LThigh_to_LShin,rx,0.11526763554939215,0.04750426327090032,-0.06776337227849183,0.039047683706599,0.04207643958948594
671_T1_vs_T2,longitudinal,7,LThigh_to_LShin_ry,LThigh_to_LShin,ry,4.6510661261462805e-08,3.339290769458639e-08,-1.3117753566876412e-08,0.039047683706599,0.04207643958948594
671_T1_vs_T2,longitudinal,7,LThigh_to_LShin_rz,LThigh_to_LShin,rz,1.2775393424673533e-09,2.6873756330693423e-08,2.559621698822607e-08,0.039047683706599,0.04207643958948594
671_T1_vs_T2,longitudinal,7,LUArm_to_LFArm_rx,LUArm_to_LFArm,rx,0.3170084400726999,0.3196769423394092,0.002668502266709283,0.039047683706599,0.04207643958948594
671_T1_vs_T2,longitudinal,7,LUArm_to_LFArm_ry,LUArm_to_LFArm,ry,0.0919214300028613,0.3985595402334186,0.3066381102305573,0.039047683706599,0.04207643958948594
671_T1_vs_T2,longitudinal,7,LUArm_to_LFArm_rz,LUArm_to_LFArm,rz,0.33707752566163934,0.3249385217037986,-0.012139003957840733,0.039047683706599,0.04207643958948594
671_T1_vs_T2,longitudinal,7,Neck_to_Head_rx,Neck_to_Head,rx,0.1688465171971859,0.2588746394482181,0.09002812225103218,0.039047683706599,0.04207643958948594
671_T1_vs_T2,longitudinal,7,Neck_to_Head_ry,Neck_to_Head,ry,0.04542361948789855,0.03165951380282226,-0.013764105685076293,0.039047683706599,0.04207643958948594
671_T1_vs_T2,longitudinal,7,Neck_to_Head_rz,Neck_to_Head,rz,0.033782531210271666,9.486018043337642e-05,-0.03368767102983829,0.039047683706599,0.04207643958948594
671_T1_vs_T2,longitudinal,7,RFArm_to_RHand_rx,RFArm_to_RHand,rx,0.026401536138240377,0.04801791887241521,0.021616382734174832,0.039047683706599,0.04207643958948594
671_T1_vs_T2,longitudinal,7,RFArm_to_RHand_ry,RFArm_to_RHand,ry,0.06192396352269281,0.11965355502274083,0.05772959150004802,0.039047683706599,0.04207643958948594
671_T1_vs_T2,longitudinal,7,RFArm_to_RHand_rz,RFArm_to_RHand,rz,0.08538146543047026,0.16617732007133662,0.08079585464086636,0.039047683706599,0.04207643958948594
671_T1_vs_T2,longitudinal,7,RShin_to_RFoot_rx,RShin_to_RFoot,rx,0.12668951833813524,0.10937637453040237,-0.01731314380773287,0.039047683706599,0.04207643958948594
671_T1_vs_T2,longitudinal,7,RShin_to_RFoot_ry,RShin_to_RFoot,ry,0.22041939941177496,0.15577192478477925,-0.06464747462699572,0.039047683706599,0.04207643958948594
671_T1_vs_T2,longitudinal,7,RShin_to_RFoot_rz,RShin_to_RFoot,rz,0.09197123339419824,0.09165590239505357,-0.00031533099914467233,0.039047683706599,0.04207643958948594
671_T1_vs_T2,longitudinal,7,RShoulder_to_RUArm_rx,RShoulder_to_RUArm,rx,0.08197909297680012,0.03591655871877147,-0.04606253425802865,0.039047683706599,0.04207643958948594
671_T1_vs_T2,longitudinal,7,RShoulder_to_RUArm_ry,RShoulder_to_RUArm,ry,0.14686802380304056,0.31788487650147323,0.17101685269843267,0.039047683706599,0.04207643958948594
671_T1_vs_T2,longitudinal,7,RShoulder_to_RUArm_rz,RShoulder_to_RUArm,rz,0.13417726810086308,0.0013685660626054264,-0.13280870203825765,0.039047683706599,0.04207643958948594
671_T1_vs_T2,longitudinal,7,RThigh_to_RShin_rx,RThigh_to_RShin,rx,0.4505252134081417,0.09186931952473498,-0.35865589388340674,0.039047683706599,0.04207643958948594
671_T1_vs_T2,longitudinal,7,RThigh_to_RShin_ry,RThigh_to_RShin,ry,1.480335985276981e-08,3.6587347161843396e-08,2.1783987309073585e-08,0.039047683706599,0.04207643958948594
671_T1_vs_T2,longitudinal,7,RThigh_to_RShin_rz,RThigh_to_RShin,rz,1.2394071486106014e-08,2.2881647681751934e-08,1.048757619564592e-08,0.039047683706599,0.04207643958948594
671_T1_vs_T2,longitudinal,7,RUArm_to_RFArm_rx,RUArm_to_RFArm,rx,0.16420027478751226,0.004166707432064438,-0.16003356735544783,0.039047683706599,0.04207643958948594
671_T1_vs_T2,longitudinal,7,RUArm_to_RFArm_ry,RUArm_to_RFArm,ry,0.05922849030302133,0.047415707761006086,-0.011812782542015246,0.039047683706599,0.04207643958948594
671_T1_vs_T2,longitudinal,7,RUArm_to_RFArm_rz,RUArm_to_RFArm,rz,0.1696574292939171,0.02602541607371912,-0.143632013220198,0.039047683706599,0.04207643958948594
671_T1_vs_T2,longitudinal,8,Chest_to_LShoulder_rx,Chest_to_LShoulder,rx,0.04828812454129753,0.10008269139879551,0.05179456685749798,0.037298883412327406,0.036004578331705214
671_T1_vs_T2,longitudinal,8,Chest_to_LShoulder_ry,Chest_to_LShoulder,ry,0.004644801770269223,0.003238840609297604,-0.0014059611609716191,0.037298883412327406,0.036004578331705214
671_T1_vs_T2,longitudinal,8,Chest_to_LShoulder_rz,Chest_to_LShoulder,rz,0.1697783671139393,0.2029181958962144,0.033139828782275116,0.037298883412327406,0.036004578331705214
671_T1_vs_T2,longitudinal,8,Chest_to_Neck_rx,Chest_to_Neck,rx,0.2551950082381942,0.2559562856528461,0.0007612774146519286,0.037298883412327406,0.036004578331705214
671_T1_vs_T2,longitudinal,8,Chest_to_Neck_ry,Chest_to_Neck,ry,0.012047448498363447,0.04522128530718661,0.03317383680882316,0.037298883412327406,0.036004578331705214
671_T1_vs_T2,longitudinal,8,Chest_to_Neck_rz,Chest_to_Neck,rz,0.04272982208839288,0.0109376429896519,-0.03179217909874098,0.037298883412327406,0.036004578331705214
671_T1_vs_T2,longitudinal,8,Chest_to_RShoulder_rx,Chest_to_RShoulder,rx,0.048265703921146576,0.0535674764682918,0.005301772547145221,0.037298883412327406,0.036004578331705214
671_T1_vs_T2,longitudinal,8,Chest_to_RShoulder_ry,Chest_to_RShoulder,ry,0.002623130841740858,0.021338594654114407,0.01871546381237355,0.037298883412327406,0.036004578331705214
671_T1_vs_T2,longitudinal,8,Chest_to_RShoulder_rz,Chest_to_RShoulder,rz,0.028110920693753542,0.05333673753262792,0.02522581683887438,0.037298883412327406,0.036004578331705214
671_T1_vs_T2,longitudinal,8,LFArm_to_LHand_rx,LFArm_to_LHand,rx,0.13707211413640605,0.04815837324124898,-0.08891374089515706,0.037298883412327406,0.036004578331705214
671_T1_vs_T2,longitudinal,8,LFArm_to_LHand_ry,LFArm_to_LHand,ry,0.1462062356750084,0.1338902213752499,-0.01231601429975851,0.037298883412327406,0.036004578331705214
671_T1_vs_T2,longitudinal,8,LFArm_to_LHand_rz,LFArm_to_LHand,rz,0.18726262247505898,0.04890858164293143,-0.13835404083212755,0.037298883412327406,0.036004578331705214
671_T1_vs_T2,longitudinal,8,LShin_to_LFoot_rx,LShin_to_LFoot,rx,0.3287968770559261,0.37483594669736736,0.04603906964144128,0.037298883412327406,0.036004578331705214
671_T1_vs_T2,longitudinal,8,LShin_to_LFoot_ry,LShin_to_LFoot,ry,0.02442566868820483,0.09432078157175015,0.06989511288354533,0.037298883412327406,0.036004578331705214
671_T1_vs_T2,longitudinal,8,LShin_to_LFoot_rz,LShin_to_LFoot,rz,0.010478553502027975,0.02025703738677288,0.009778483884744905,0.037298883412327406,0.036004578331705214
671_T1_vs_T2,longitudinal,8,LShoulder_to_LUArm_rx,LShoulder_to_LUArm,rx,0.019507312179344382,0.16766863360654496,0.1481613214272006,0.037298883412327406,0.036004578331705214
671_T1_vs_T2,longitudinal,8,LShoulder_to_LUArm_ry,LShoulder_to_LUArm,ry,0.020612308181475508,0.07339367202185708,0.05278136384038157,0.037298883412327406,0.036004578331705214
671_T1_vs_T2,longitudinal,8,LShoulder_to_LUArm_rz,LShoulder_to_LUArm,rz,0.26161059953675886,0.33550829405730453,0.07389769452054568,0.037298883412327406,0.036004578331705214
671_T1_vs_T2,longitudinal,8,LThigh_to_LShin_rx,LThigh_to_LShin,rx,0.523754991774466,0.4277469175116343,-0.09600807426283176,0.037298883412327406,0.036004578331705214
671_T1_vs_T2,longitudinal,8,LThigh_to_LShin_ry,LThigh_to_LShin,ry,1.914732768268472e-08,1.794215997077695e-08,-1.2051677119077699e-09,0.037298883412327406,0.036004578331705214
671_T1_vs_T2,longitudinal,8,LThigh_to_LShin_rz,LThigh_to_LShin,rz,3.258228774256939e-08,3.3065343510013624e-08,4.830557674442354e-10,0.037298883412327406,0.036004578331705214
671_T1_vs_T2,longitudinal,8,LUArm_to_LFArm_rx,LUArm_to_LFArm,rx,0.15277095985715272,0.17383362867650318,0.021062668819350455,0.037298883412327406,0.036004578331705214
671_T1_vs_T2,longitudinal,8,LUArm_to_LFArm_ry,LUArm_to_LFArm,ry,0.125223523561203,0.178119291463073,0.052895767901870006,0.037298883412327406,0.036004578331705214
671_T1_vs_T2,longitudinal,8,LUArm_to_LFArm_rz,LUArm_to_LFArm,rz,0.10346993567407496,0.13687824989286196,0.033408314218787,0.037298883412327406,0.036004578331705214
671_T1_vs_T2,longitudinal,8,Neck_to_Head_rx,Neck_to_Head,rx,0.25519492933762494,0.25595622132137413,0.0007612919837491905,0.037298883412327406,0.036004578331705214
671_T1_vs_T2,longitudinal,8,Neck_to_Head_ry,Neck_to_Head,ry,0.012047439319775017,0.04522128177655782,0.0331738424567828,0.037298883412327406,0.036004578331705214
671_T1_vs_T2,longitudinal,8,Neck_to_Head_rz,Neck_to_Head,rz,0.04272994449342405,0.010937757995035565,-0.03179218649838848,0.037298883412327406,0.036004578331705214
671_T1_vs_T2,longitudinal,8,RFArm_to_RHand_rx,RFArm_to_RHand,rx,0.002782996134828366,0.04227394067911459,0.03949094454428622,0.037298883412327406,0.036004578331705214
671_T1_vs_T2,longitudinal,8,RFArm_to_RHand_ry,RFArm_to_RHand,ry,0.11550411287515143,0.10543326419222332,-0.01007084868292811,0.037298883412327406,0.036004578331705214
671_T1_vs_T2,longitudinal,8,RFArm_to_RHand_rz,RFArm_to_RHand,rz,0.13295024148344906,0.0015299496316105408,-0.1314202918518385,0.037298883412327406,0.036004578331705214
671_T1_vs_T2,longitudinal,8,RShin_to_RFoot_rx,RShin_to_RFoot,rx,0.262144558132562,0.3440009994706999,0.08185644133813791,0.037298883412327406,0.036004578331705214
671_T1_vs_T2,longitudinal,8,RShin_to_RFoot_ry,RShin_to_RFoot,ry,0.12581621990944472,0.05422284363558462,-0.0715933762738601,0.037298883412327406,0.036004578331705214
671_T1_vs_T2,longitudinal,8,RShin_to_RFoot_rz,RShin_to_RFoot,rz,0.017784181826205104,0.053122082101131285,0.035337900274926184,0.037298883412327406,0.036004578331705214
671_T1_vs_T2,longitudinal,8,RShoulder_to_RUArm_rx,RShoulder_to_RUArm,rx,0.1368549372969669,0.16750055069393557,0.03064561339696867,0.037298883412327406,0.036004578331705214
671_T1_vs_T2,longitudinal,8,RShoulder_to_RUArm_ry,RShoulder_to_RUArm,ry,0.1358337698649344,0.1490047306066872,0.013170960741752807,0.037298883412327406,0.036004578331705214
671_T1_vs_T2,longitudinal,8,RShoulder_to_RUArm_rz,RShoulder_to_RUArm,rz,0.03740201484164797,0.09710953788940384,0.05970752304775587,0.037298883412327406,0.036004578331705214
671_T1_vs_T2,longitudinal,8,RThigh_to_RShin_rx,RThigh_to_RShin,rx,0.03637925441370781,0.09760453557476365,0.061225281161055835,0.037298883412327406,0.036004578331705214
671_T1_vs_T2,longitudinal,8,RThigh_to_RShin_ry,RThigh_to_RShin,ry,6.474335088131793e-08,6.486228460286838e-08,1.1893372155045343e-10,0.037298883412327406,0.036004578331705214
671_T1_vs_T2,longitudinal,8,RThigh_to_RShin_rz,RThigh_to_RShin,rz,1.806185427358593e-08,2.1860696827651737e-08,3.798842554065806e-09,0.037298883412327406,0.036004578331705214
671_T1_vs_T2,longitudinal,8,RUArm_to_RFArm_rx,RUArm_to_RFArm,rx,0.221751280542064,0.10748218533908534,-0.11426909520297866,0.037298883412327406,0.036004578331705214
671_T1_vs_T2,longitudinal,8,RUArm_to_RFArm_ry,RUArm_to_RFArm,ry,0.1625251420620857,0.0018704307928777539,-0.16065471126920797,0.037298883412327406,0.036004578331705214
671_T1_vs_T2,longitudinal,8,RUArm_to_RFArm_rz,RUArm_to_RFArm,rz,0.1509522210516505,0.08564808759655987,-0.06530413345509062,0.037298883412327406,0.036004578331705214
671_T1_vs_T3,longitudinal,1,Chest_to_LShoulder_rx,Chest_to_LShoulder,rx,0.09800616257517505,0.06254250148032232,-0.03546366109485273,0.24597880468307215,0.2974919893562611
671_T1_vs_T3,longitudinal,1,Chest_to_LShoulder_ry,Chest_to_LShoulder,ry,0.013581945726824389,0.038676020018704474,0.025094074291880084,0.24597880468307215,0.2974919893562611
671_T1_vs_T3,longitudinal,1,Chest_to_LShoulder_rz,Chest_to_LShoulder,rz,0.07317114837584741,0.03830963844200452,-0.03486150993384289,0.24597880468307215,0.2974919893562611
671_T1_vs_T3,longitudinal,1,Chest_to_Neck_rx,Chest_to_Neck,rx,0.07378595096959582,0.050606571302335125,-0.023179379667260698,0.24597880468307215,0.2974919893562611
671_T1_vs_T3,longitudinal,1,Chest_to_Neck_ry,Chest_to_Neck,ry,0.021960989269998513,0.010048757050183984,-0.01191223221981453,0.24597880468307215,0.2974919893562611
671_T1_vs_T3,longitudinal,1,Chest_to_Neck_rz,Chest_to_Neck,rz,0.017763493600927514,0.034802299840839275,0.01703880623991176,0.24597880468307215,0.2974919893562611
671_T1_vs_T3,longitudinal,1,Chest_to_RShoulder_rx,Chest_to_RShoulder,rx,0.015482833723448323,0.15897321033839343,0.1434903766149451,0.24597880468307215,0.2974919893562611
671_T1_vs_T3,longitudinal,1,Chest_to_RShoulder_ry,Chest_to_RShoulder,ry,0.01397162584605886,0.039014484535923044,0.025042858689864184,0.24597880468307215,0.2974919893562611
671_T1_vs_T3,longitudinal,1,Chest_to_RShoulder_rz,Chest_to_RShoulder,rz,0.056493963230572986,0.06875897440737144,0.012265011176798457,0.24597880468307215,0.2974919893562611
671_T1_vs_T3,longitudinal,1,LFArm_to_LHand_rx,LFArm_to_LHand,rx,0.17580215792886453,0.2257982702142424,0.04999611228537787,0.24597880468307215,0.2974919893562611
671_T1_vs_T3,longitudinal,1,LFArm_to_LHand_ry,LFArm_to_LHand,ry,0.013075909748152509,0.022877230181138485,0.009801320432985976,0.24597880468307215,0.2974919893562611
671_T1_vs_T3,longitudinal,1,LFArm_to_LHand_rz,LFArm_to_LHand,rz,0.3157884098757341,0.46302790389335713,0.14723949401762304,0.24597880468307215,0.2974919893562611
671_T1_vs_T3,longitudinal,1,LShin_to_LFoot_rx,LShin_to_LFoot,rx,0.07255950659583486,0.08129437781130426,0.008734871215469397,0.24597880468307215,0.2974919893562611
671_T1_vs_T3,longitudinal,1,LShin_to_LFoot_ry,LShin_to_LFoot,ry,0.030398224517744057,0.06753802710013578,0.03713980258239172,0.24597880468307215,0.2974919893562611
671_T1_vs_T3,longitudinal,1,LShin_to_LFoot_rz,LShin_to_LFoot,rz,0.038504331190102374,0.012305702400911821,-0.026198628789190555,0.24597880468307215,0.2974919893562611
671_T1_vs_T3,longitudinal,1,LShoulder_to_LUArm_rx,LShoulder_to_LUArm,rx,0.25786491326916444,0.23927891837817597,-0.018585994890988472,0.24597880468307215,0.2974919893562611
671_T1_vs_T3,longitudinal,1,LShoulder_to_LUArm_ry,LShoulder_to_LUArm,ry,0.08067549212030534,0.2160430499820706,0.13536755786176527,0.24597880468307215,0.2974919893562611
671_T1_vs_T3,longitudinal,1,LShoulder_to_LUArm_rz,LShoulder_to_LUArm,rz,0.10396582796948527,0.007081195481969958,-0.0968846324875153,0.24597880468307215,0.2974919893562611
671_T1_vs_T3,longitudinal,1,LThigh_to_LShin_rx,LThigh_to_LShin,rx,0.033738575546957084,0.014672135239595234,-0.019066440307361848,0.24597880468307215,0.2974919893562611
671_T1_vs_T3,longitudinal,1,LThigh_to_LShin_ry,LThigh_to_LShin,ry,8.50491048700987e-09,3.378665304573845e-09,-5.126245182436025e-09,0.24597880468307215,0.2974919893562611
671_T1_vs_T3,longitudinal,1,LThigh_to_LShin_rz,LThigh_to_LShin,rz,4.272122324265397e-09,5.991512779320856e-09,1.719390455055459e-09,0.24597880468307215,0.2974919893562611
671_T1_vs_T3,longitudinal,1,LUArm_to_LFArm_rx,LUArm_to_LFArm,rx,0.026837975430222878,0.13650276907945613,0.10966479364923326,0.24597880468307215,0.2974919893562611
671_T1_vs_T3,longitudinal,1,LUArm_to_LFArm_ry,LUArm_to_LFArm,ry,0.4385825028729036,0.44089466056737736,0.0023121576944737376,0.24597880468307215,0.2974919893562611
671_T1_vs_T3,longitudinal,1,LUArm_to_LFArm_rz,LUArm_to_LFArm,rz,0.06982256335684671,0.18625648299870065,0.11643391964185394,0.24597880468307215,0.2974919893562611
671_T1_vs_T3,longitudinal,1,Neck_to_Head_rx,Neck_to_Head,rx,0.07378597390017562,0.05060659521436293,-0.023179378685812692,0.24597880468307215,0.2974919893562611
671_T1_vs_T3,longitudinal,1,Neck_to_Head_ry,Neck_to_Head,ry,0.021960983637369393,0.010048770106069475,-0.011912213531299919,0.24597880468307215,0.2974919893562611
671_T1_vs_T3,longitudinal,1,Neck_to_Head_rz,Neck_to_Head,rz,0.017763492615550085,0.034802327886682805,0.01703883527113272,0.24597880468307215,0.2974919893562611
671_T1_vs_T3,longitudinal,1,RFArm_to_RHand_rx,RFArm_to_RHand,rx,0.3279979686318855,0.11262449917624145,-0.21537346945564406,0.24597880468307215,0.2974919893562611
671_T1_vs_T3,longitudinal,1,RFArm_to_RHand_ry,RFArm_to_RHand,ry,0.13343127747664574,0.03627373524534855,-0.09715754223129719,0.24597880468307215,0.2974919893562611
671_T1_vs_T3,longitudinal,1,RFArm_to_RHand_rz,RFArm_to_RHand,rz,0.5999601824026899,0.33101013414974273,-0.26895004825294716,0.24597880468307215,0.2974919893562611
671_T1_vs_T3,longitudinal,1,RShin_to_RFoot_rx,RShin_to_RFoot,rx,0.027225296809933765,0.10063036526833549,0.07340506845840172,0.24597880468307215,0.2974919893562611
671_T1_vs_T3,longitudinal,1,RShin_to_RFoot_ry,RShin_to_RFoot,ry,0.03309714200158313,0.009252914530696389,-0.023844227470886742,0.24597880468307215,0.2974919893562611
671_T1_vs_T3,longitudinal,1,RShin_to_RFoot_rz,RShin_to_RFoot,rz,0.0081744531128946,0.007772719945873818,-0.0004017331670207822,0.24597880468307215,0.2974919893562611
671_T1_vs_T3,longitudinal,1,RShoulder_to_RUArm_rx,RShoulder_to_RUArm,rx,0.10319793917146439,0.4274870036561484,0.324289064484684,0.24597880468307215,0.2974919893562611
671_T1_vs_T3,longitudinal,1,RShoulder_to_RUArm_ry,RShoulder_to_RUArm,ry,0.0611175449115236,0.06871357721230738,0.0075960323007837754,0.24597880468307215,0.2974919893562611
671_T1_vs_T3,longitudinal,1,RShoulder_to_RUArm_rz,RShoulder_to_RUArm,rz,0.03538430714809622,0.03402101662066203,-0.0013632905274341897,0.24597880468307215,0.2974919893562611
671_T1_vs_T3,longitudinal,1,RThigh_to_RShin_rx,RThigh_to_RShin,rx,0.09807275969988434,0.02940911657688164,-0.0686636431230027,0.24597880468307215,0.2974919893562611
671_T1_vs_T3,longitudinal,1,RThigh_to_RShin_ry,RThigh_to_RShin,ry,9.458532034236246e-09,3.6140527421230025e-08,2.6681995386993778e-08,0.24597880468307215,0.2974919893562611
671_T1_vs_T3,longitudinal,1,RThigh_to_RShin_rz,RThigh_to_RShin,rz,1.3268974726928262e-08,2.1469960845708006e-08,8.200986118779743e-09,0.24597880468307215,0.2974919893562611
671_T1_vs_T3,longitudinal,1,RUArm_to_RFArm_rx,RUArm_to_RFArm,rx,0.1351448924160874,0.017768165795215445,-0.11737672662087195,0.24597880468307215,0.2974919893562611
671_T1_vs_T3,longitudinal,1,RUArm_to_RFArm_ry,RUArm_to_RFArm,ry,0.06474743230707827,0.032710039647695255,-0.03203739265938302,0.24597880468307215,0.2974919893562611
671_T1_vs_T3,longitudinal,1,RUArm_to_RFArm_rz,RUArm_to_RFArm,rz,0.11144499330189822,0.003090300134887714,-0.1083546931670105,0.24597880468307215,0.2974919893562611
671_T1_vs_T3,longitudinal,2,Chest_to_LShoulder_rx,Chest_to_LShoulder,rx,0.04332331914340567,0.007431709824300392,-0.035891609319105275,0.18265101208593515,0.2034446658729511
671_T1_vs_T3,longitudinal,2,Chest_to_LShoulder_ry,Chest_to_LShoulder,ry,0.029786690284196688,0.019294916850967292,-0.010491773433229396,0.18265101208593515,0.2034446658729511
671_T1_vs_T3,longitudinal,2,Chest_to_LShoulder_rz,Chest_to_LShoulder,rz,0.0360991513103722,0.01790986452229855,-0.018189286788073654,0.18265101208593515,0.2034446658729511
671_T1_vs_T3,longitudinal,2,Chest_to_Neck_rx,Chest_to_Neck,rx,0.02087657005235518,0.03410214128456255,0.01322557123220737,0.18265101208593515,0.2034446658729511
671_T1_vs_T3,longitudinal,2,Chest_to_Neck_ry,Chest_to_Neck,ry,0.00808180443141928,0.037652603006641736,0.029570798575222455,0.18265101208593515,0.2034446658729511
671_T1_vs_T3,longitudinal,2,Chest_to_Neck_rz,Chest_to_Neck,rz,0.03191624771635042,0.007156788610809066,-0.02475945910554135,0.18265101208593515,0.2034446658729511
671_T1_vs_T3,longitudinal,2,Chest_to_RShoulder_rx,Chest_to_RShoulder,rx,0.10474943119528256,0.000895805914972305,-0.10385362528031025,0.18265101208593515,0.2034446658729511
671_T1_vs_T3,longitudinal,2,Chest_to_RShoulder_ry,Chest_to_RShoulder,ry,0.034092785831229135,0.03457229827300133,0.0004795124417721966,0.18265101208593515,0.2034446658729511
671_T1_vs_T3,longitudinal,2,Chest_to_RShoulder_rz,Chest_to_RShoulder,rz,0.11691297426670275,0.01795624578842367,-0.09895672847827908,0.18265101208593515,0.2034446658729511
671_T1_vs_T3,longitudinal,2,LFArm_to_LHand_rx,LFArm_to_LHand,rx,0.10076478649521055,0.05162838684841811,-0.049136399646792436,0.18265101208593515,0.2034446658729511
671_T1_vs_T3,longitudinal,2,LFArm_to_LHand_ry,LFArm_to_LHand,ry,0.009515156969173178,0.05217912898681719,0.04266397201764401,0.18265101208593515,0.2034446658729511
671_T1_vs_T3,longitudinal,2,LFArm_to_LHand_rz,LFArm_to_LHand,rz,0.10328049436593484,0.05712223363377133,-0.04615826073216351,0.18265101208593515,0.2034446658729511
671_T1_vs_T3,longitudinal,2,LShin_to_LFoot_rx,LShin_to_LFoot,rx,0.04908290292691675,0.008448096366600197,-0.04063480656031655,0.18265101208593515,0.2034446658729511
671_T1_vs_T3,longitudinal,2,LShin_to_LFoot_ry,LShin_to_LFoot,ry,0.0504559394937314,0.045132523847585815,-0.005323415646145586,0.18265101208593515,0.2034446658729511
671_T1_vs_T3,longitudinal,2,LShin_to_LFoot_rz,LShin_to_LFoot,rz,0.009323966657410391,0.028727927365104444,0.019403960707694054,0.18265101208593515,0.2034446658729511
671_T1_vs_T3,longitudinal,2,LShoulder_to_LUArm_rx,LShoulder_to_LUArm,rx,0.14181603201152748,0.03262328792650153,-0.10919274408502595,0.18265101208593515,0.2034446658729511
671_T1_vs_T3,longitudinal,2,LShoulder_to_LUArm_ry,LShoulder_to_LUArm,ry,0.05971763230662738,0.06885263189962577,0.009134999592998391,0.18265101208593515,0.2034446658729511
671_T1_vs_T3,longitudinal,2,LShoulder_to_LUArm_rz,LShoulder_to_LUArm,rz,0.08364545649664797,0.022161213135621232,-0.06148424336102673,0.18265101208593515,0.2034446658729511
671_T1_vs_T3,longitudinal,2,LThigh_to_LShin_rx,LThigh_to_LShin,rx,0.04695537158174202,0.07166507555907188,0.024709703977329862,0.18265101208593515,0.2034446658729511
671_T1_vs_T3,longitudinal,2,LThigh_to_LShin_ry,LThigh_to_LShin,ry,9.527157450341751e-09,2.0509863331470292e-08,1.0982705881128541e-08,0.18265101208593515,0.2034446658729511
671_T1_vs_T3,longitudinal,2,LThigh_to_LShin_rz,LThigh_to_LShin,rz,9.507338934450004e-09,1.5868789336480636e-08,6.361450402030632e-09,0.18265101208593515,0.2034446658729511
671_T1_vs_T3,longitudinal,2,LUArm_to_LFArm_rx,LUArm_to_LFArm,rx,0.20039934966936213,0.004426690367432107,-0.19597265930193003,0.18265101208593515,0.2034446658729511
671_T1_vs_T3,longitudinal,2,LUArm_to_LFArm_ry,LUArm_to_LFArm,ry,0.6155317234401269,0.08599172908738224,-0.5295399943527446,0.18265101208593515,0.2034446658729511
671_T1_vs_T3,longitudinal,2,LUArm_to_LFArm_rz,LUArm_to_LFArm,rz,0.2034602967443839,0.044362011921865195,-0.1590982848225187,0.18265101208593515,0.2034446658729511
671_T1_vs_T3,longitudinal,2,Neck_to_Head_rx,Neck_to_Head,rx,0.02087659348700307,0.03410210370907828,0.013225510222075208,0.18265101208593515,0.2034446658729511
671_T1_vs_T3,longitudinal,2,Neck_to_Head_ry,Neck_to_Head,ry,0.008081829768519662,0.037652612058634315,0.02957078229011465,0.18265101208593515,0.2034446658729511
671_T1_vs_T3,longitudinal,2,Neck_to_Head_rz,Neck_to_Head,rz,0.031916230744515266,0.007156831417051434,-0.024759399327463832,0.18265101208593515,0.2034446658729511
671_T1_vs_T3,longitudinal,2,RFArm_to_RHand_rx,RFArm_to_RHand,rx,0.16962053769268282,0.18929120620634662,0.019670668513663808,0.18265101208593515,0.2034446658729511
671_T1_vs_T3,longitudinal,2,RFArm_to_RHand_ry,RFArm_to_RHand,ry,0.005025789166081854,0.12162469073911857,0.1165989015730367,0.18265101208593515,0.2034446658729511
671_T1_vs_T3,longitudinal,2,RFArm_to_RHand_rz,RFArm_to_RHand,rz,0.48190842343044427,0.15071135556784124,-0.33119706786260306,0.18265101208593515,0.2034446658729511
671_T1_vs_T3,longitudinal,2,RShin_to_RFoot_rx,RShin_to_RFoot,rx,0.03762511612152432,0.05021476993143869,0.012589653809914371,0.18265101208593515,0.2034446658729511
671_T1_vs_T3,longitudinal,2,RShin_to_RFoot_ry,RShin_to_RFoot,ry,4.328598945318052e-05,0.007640916902736893,0.007597630913283713,0.18265101208593515,0.2034446658729511
671_T1_vs_T3,longitudinal,2,RShin_to_RFoot_rz,RShin_to_RFoot,rz,0.03786645109339889,0.008639781525734337,-0.02922666956766455,0.18265101208593515,0.2034446658729511
671_T1_vs_T3,longitudinal,2,RShoulder_to_RUArm_rx,RShoulder_to_RUArm,rx,0.32989144669985915,0.050033547929495215,-0.27985789877036393,0.18265101208593515,0.2034446658729511
671_T1_vs_T3,longitudinal,2,RShoulder_to_RUArm_ry,RShoulder_to_RUArm,ry,0.017720608114036203,0.14169760770802803,0.12397699959399183,0.18265101208593515,0.2034446658729511
671_T1_vs_T3,longitudinal,2,RShoulder_to_RUArm_rz,RShoulder_to_RUArm,rz,0.08202789345139629,0.03648897479371618,-0.0455389186576801,0.18265101208593515,0.2034446658729511
671_T1_vs_T3,longitudinal,2,RThigh_to_RShin_rx,RThigh_to_RShin,rx,0.013126664535674088,0.05193735291935884,0.03881068838368475,0.18265101208593515,0.2034446658729511
671_T1_vs_T3,longitudinal,2,RThigh_to_RShin_ry,RThigh_to_RShin,ry,1.0724501837077393e-08,3.035215386343995e-09,-7.689286450733398e-09,0.18265101208593515,0.2034446658729511
671_T1_vs_T3,longitudinal,2,RThigh_to_RShin_rz,RThigh_to_RShin,rz,2.7922732311755878e-08,2.0640943376175545e-08,-7.281788935580333e-09,0.18265101208593515,0.2034446658729511
671_T1_vs_T3,longitudinal,2,RUArm_to_RFArm_rx,RUArm_to_RFArm,rx,0.06423212495321264,0.10486323089802956,0.04063110594481692,0.18265101208593515,0.2034446658729511
671_T1_vs_T3,longitudinal,2,RUArm_to_RFArm_ry,RUArm_to_RFArm,ry,0.25022259656301266,0.9197478517688352,0.6695252552058226,0.18265101208593515,0.2034446658729511
671_T1_vs_T3,longitudinal,2,RUArm_to_RFArm_rz,RUArm_to_RFArm,rz,0.03406210725103921,0.023141165563299926,-0.010920941687739286,0.18265101208593515,0.2034446658729511
671_T1_vs_T3,longitudinal,3,Chest_to_LShoulder_rx,Chest_to_LShoulder,rx,0.01994429675547661,0.012522057289142926,-0.007422239466333682,0.11058979386795513,0.14594980975291028
671_T1_vs_T3,longitudinal,3,Chest_to_LShoulder_ry,Chest_to_LShoulder,ry,0.05355151475053058,0.00487529744883729,-0.04867621730169329,0.11058979386795513,0.14594980975291028
671_T1_vs_T3,longitudinal,3,Chest_to_LShoulder_rz,Chest_to_LShoulder,rz,0.007743470315752017,0.07453624219951906,0.06679277188376703,0.11058979386795513,0.14594980975291028
671_T1_vs_T3,longitudinal,3,Chest_to_Neck_rx,Chest_to_Neck,rx,0.07038575275769907,0.11225193862787493,0.04186618587017586,0.11058979386795513,0.14594980975291028
671_T1_vs_T3,longitudinal,3,Chest_to_Neck_ry,Chest_to_Neck,ry,0.026849002912676716,0.011931225219267481,-0.014917777693409235,0.11058979386795513,0.14594980975291028
671_T1_vs_T3,longitudinal,3,Chest_to_Neck_rz,Chest_to_Neck,rz,0.009030283112457498,0.005027882179397014,-0.0040024009330604845,0.11058979386795513,0.14594980975291028
671_T1_vs_T3,longitudinal,3,Chest_to_RShoulder_rx,Chest_to_RShoulder,rx,0.07882820354646118,0.13447549179569573,0.05564728824923455,0.11058979386795513,0.14594980975291028
671_T1_vs_T3,longitudinal,3,Chest_to_RShoulder_ry,Chest_to_RShoulder,ry,0.06399343981380284,0.009547070719794312,-0.05444636909400853,0.11058979386795513,0.14594980975291028
671_T1_vs_T3,longitudinal,3,Chest_to_RShoulder_rz,Chest_to_RShoulder,rz,0.025551249554498418,0.11817977914899064,0.09262852959449222,0.11058979386795513,0.14594980975291028
671_T1_vs_T3,longitudinal,3,LFArm_to_LHand_rx,LFArm_to_LHand,rx,0.0006935656650366766,0.009315453918765563,0.008621888253728886,0.11058979386795513,0.14594980975291028
671_T1_vs_T3,longitudinal,3,LFArm_to_LHand_ry,LFArm_to_LHand,ry,0.008895130752520977,0.2177262136298812,0.20883108287736024,0.11058979386795513,0.14594980975291028
671_T1_vs_T3,longitudinal,3,LFArm_to_LHand_rz,LFArm_to_LHand,rz,0.08741759904832214,0.14619375094321915,0.058776151894897016,0.11058979386795513,0.14594980975291028
671_T1_vs_T3,longitudinal,3,LShin_to_LFoot_rx,LShin_to_LFoot,rx,0.08349998153916388,0.08397128118858116,0.0004712996494172783,0.11058979386795513,0.14594980975291028
671_T1_vs_T3,longitudinal,3,LShin_to_LFoot_ry,LShin_to_LFoot,ry,0.04673620069017774,0.02905200777380876,-0.01768419291636898,0.11058979386795513,0.14594980975291028
671_T1_vs_T3,longitudinal,3,LShin_to_LFoot_rz,LShin_to_LFoot,rz,0.005880154650361682,0.04631335310200403,0.04043319845164235,0.11058979386795513,0.14594980975291028
671_T1_vs_T3,longitudinal,3,LShoulder_to_LUArm_rx,LShoulder_to_LUArm,rx,0.09020727664329042,0.11528810532188842,0.025080828678597997,0.11058979386795513,0.14594980975291028
671_T1_vs_T3,longitudinal,3,LShoulder_to_LUArm_ry,LShoulder_to_LUArm,ry,0.2511355689770312,0.11668135060807282,-0.13445421836895838,0.11058979386795513,0.14594980975291028
671_T1_vs_T3,longitudinal,3,LShoulder_to_LUArm_rz,LShoulder_to_LUArm,rz,0.01959160624485286,0.14193390278846532,0.12234229654361246,0.11058979386795513,0.14594980975291028
671_T1_vs_T3,longitudinal,3,LThigh_to_LShin_rx,LThigh_to_LShin,rx,0.12784666789634302,0.07691444572066707,-0.05093222217567596,0.11058979386795513,0.14594980975291028
671_T1_vs_T3,longitudinal,3,LThigh_to_LShin_ry,LThigh_to_LShin,ry,4.4555731028343715e-09,4.7449012630705246e-08,4.299343952787088e-08,0.11058979386795513,0.14594980975291028
671_T1_vs_T3,longitudinal,3,LThigh_to_LShin_rz,LThigh_to_LShin,rz,1.0789323150421757e-08,9.337381715843494e-09,-1.4519414345782638e-09,0.11058979386795513,0.14594980975291028
671_T1_vs_T3,longitudinal,3,LUArm_to_LFArm_rx,LUArm_to_LFArm,rx,0.033083326408352515,0.3852576349414608,0.35217430853310827,0.11058979386795513,0.14594980975291028
671_T1_vs_T3,longitudinal,3,LUArm_to_LFArm_ry,LUArm_to_LFArm,ry,0.13680211719070354,0.12425314636615595,-0.01254897082454759,0.11058979386795513,0.14594980975291028
671_T1_vs_T3,longitudinal,3,LUArm_to_LFArm_rz,LUArm_to_LFArm,rz,0.04385312388121375,0.275745712368165,0.2318925884869512,0.11058979386795513,0.14594980975291028
671_T1_vs_T3,longitudinal,3,Neck_to_Head_rx,Neck_to_Head,rx,0.07038573609339997,0.11225203153151261,0.04186629543811264,0.11058979386795513,0.14594980975291028
671_T1_vs_T3,longitudinal,3,Neck_to_Head_ry,Neck_to_Head,ry,0.026849019646827395,0.011931197035082398,-0.014917822611744997,0.11058979386795513,0.14594980975291028
671_T1_vs_T3,longitudinal,3,Neck_to_Head_rz,Neck_to_Head,rz,0.009030311325312578,0.005027866839686822,-0.004002444485625757,0.11058979386795513,0.14594980975291028
671_T1_vs_T3,longitudinal,3,RFArm_to_RHand_rx,RFArm_to_RHand,rx,0.0977972984289123,0.141135457881537,0.0433381594526247,0.11058979386795513,0.14594980975291028
671_T1_vs_T3,longitudinal,3,RFArm_to_RHand_ry,RFArm_to_RHand,ry,0.013000551010911578,0.11724265228853777,0.10424210127762619,0.11058979386795513,0.14594980975291028
671_T1_vs_T3,longitudinal,3,RFArm_to_RHand_rz,RFArm_to_RHand,rz,0.071938955413573,0.17606748204901618,0.10412852663544318,0.11058979386795513,0.14594980975291028
671_T1_vs_T3,longitudinal,3,RShin_to_RFoot_rx,RShin_to_RFoot,rx,0.07594366934801718,0.15851341523003157,0.08256974588201439,0.11058979386795513,0.14594980975291028
671_T1_vs_T3,longitudinal,3,RShin_to_RFoot_ry,RShin_to_RFoot,ry,0.021204507314832824,0.06850056709185563,0.04729605977702281,0.11058979386795513,0.14594980975291028
671_T1_vs_T3,longitudinal,3,RShin_to_RFoot_rz,RShin_to_RFoot,rz,0.05723313911898528,0.05852314429056241,0.0012900051715771244,0.11058979386795513,0.14594980975291028
671_T1_vs_T3,longitudinal,3,RShoulder_to_RUArm_rx,RShoulder_to_RUArm,rx,0.12618464825939701,0.3087265617343348,0.1825419134749378,0.11058979386795513,0.14594980975291028
671_T1_vs_T3,longitudinal,3,RShoulder_to_RUArm_ry,RShoulder_to_RUArm,ry,0.1598760195991542,0.13150895364662019,-0.02836706595253402,0.11058979386795513,0.14594980975291028
671_T1_vs_T3,longitudinal,3,RShoulder_to_RUArm_rz,RShoulder_to_RUArm,rz,0.08347871389619935,0.1801328737457704,0.09665415984957104,0.11058979386795513,0.14594980975291028
671_T1_vs_T3,longitudinal,3,RThigh_to_RShin_rx,RThigh_to_RShin,rx,0.1985748723431833,0.3852922452384388,0.1867173728952555,0.11058979386795513,0.14594980975291028
671_T1_vs_T3,longitudinal,3,RThigh_to_RShin_ry,RThigh_to_RShin,ry,1.1951523073809578e-08,3.2638102068760894e-08,2.0686578994951316e-08,0.11058979386795513,0.14594980975291028
671_T1_vs_T3,longitudinal,3,RThigh_to_RShin_rz,RThigh_to_RShin,rz,1.7477910734768213e-08,7.83967725550194e-09,-9.638233479266273e-09,0.11058979386795513,0.14594980975291028
671_T1_vs_T3,longitudinal,3,RUArm_to_RFArm_rx,RUArm_to_RFArm,rx,0.04966825745816596,0.3069246536500276,0.25725639619186164,0.11058979386795513,0.14594980975291028
671_T1_vs_T3,longitudinal,3,RUArm_to_RFArm_ry,RUArm_to_RFArm,ry,0.8535483702681235,0.21735992302431725,-0.6361884472438062,0.11058979386795513,0.14594980975291028
671_T1_vs_T3,longitudinal,3,RUArm_to_RFArm_rz,RUArm_to_RFArm,rz,0.0657486101316772,0.17876166374948166,0.11301305361780446,0.11058979386795513,0.14594980975291028
671_T1_vs_T3,longitudinal,4,Chest_to_LShoulder_rx,Chest_to_LShoulder,rx,0.07512108376968303,0.04225967482187782,-0.03286140894780521,0.08107970354506204,0.12592408269432306
671_T1_vs_T3,longitudinal,4,Chest_to_LShoulder_ry,Chest_to_LShoulder,ry,0.046012197886933746,0.04142414002788676,-0.004588057859046986,0.08107970354506204,0.12592408269432306
671_T1_vs_T3,longitudinal,4,Chest_to_LShoulder_rz,Chest_to_LShoulder,rz,0.07307312503896139,0.012963171118296176,-0.06010995392066522,0.08107970354506204,0.12592408269432306
671_T1_vs_T3,longitudinal,4,Chest_to_Neck_rx,Chest_to_Neck,rx,0.1616327032877363,0.006305768687968762,-0.15532693459976754,0.08107970354506204,0.12592408269432306
671_T1_vs_T3,longitudinal,4,Chest_to_Neck_ry,Chest_to_Neck,ry,0.02897501591049634,0.03873600994666156,0.009760994036165222,0.08107970354506204,0.12592408269432306
671_T1_vs_T3,longitudinal,4,Chest_to_Neck_rz,Chest_to_Neck,rz,0.015015111760563096,0.014694257846399699,-0.0003208539141633972,0.08107970354506204,0.12592408269432306
671_T1_vs_T3,longitudinal,4,Chest_to_RShoulder_rx,Chest_to_RShoulder,rx,0.13000900912665878,0.025627333761331354,-0.10438167536532741,0.08107970354506204,0.12592408269432306
671_T1_vs_T3,longitudinal,4,Chest_to_RShoulder_ry,Chest_to_RShoulder,ry,0.04100093216554685,0.016477142772967877,-0.024523789392578974,0.08107970354506204,0.12592408269432306
671_T1_vs_T3,longitudinal,4,Chest_to_RShoulder_rz,Chest_to_RShoulder,rz,0.06313709198405743,0.013552439840820753,-0.04958465214323667,0.08107970354506204,0.12592408269432306
671_T1_vs_T3,longitudinal,4,LFArm_to_LHand_rx,LFArm_to_LHand,rx,0.14370111556068202,0.12342756030296109,-0.020273555257720927,0.08107970354506204,0.12592408269432306
671_T1_vs_T3,longitudinal,4,LFArm_to_LHand_ry,LFArm_to_LHand,ry,0.04737666993351281,0.057870626240667376,0.010493956307154564,0.08107970354506204,0.12592408269432306
671_T1_vs_T3,longitudinal,4,LFArm_to_LHand_rz,LFArm_to_LHand,rz,0.3931558950885648,0.4464202879800925,0.05326439289152768,0.08107970354506204,0.12592408269432306
671_T1_vs_T3,longitudinal,4,LShin_to_LFoot_rx,LShin_to_LFoot,rx,0.04981592037682355,0.0016112128765676072,-0.04820470750025595,0.08107970354506204,0.12592408269432306
671_T1_vs_T3,longitudinal,4,LShin_to_LFoot_ry,LShin_to_LFoot,ry,0.16307753943664852,0.15114334740933208,-0.011934192027316437,0.08107970354506204,0.12592408269432306
671_T1_vs_T3,longitudinal,4,LShin_to_LFoot_rz,LShin_to_LFoot,rz,0.05673214382976882,0.007385089296945024,-0.0493470545328238,0.08107970354506204,0.12592408269432306
671_T1_vs_T3,longitudinal,4,LShoulder_to_LUArm_rx,LShoulder_to_LUArm,rx,0.20841198620295084,0.15819801444633158,-0.05021397175661926,0.08107970354506204,0.12592408269432306
671_T1_vs_T3,longitudinal,4,LShoulder_to_LUArm_ry,LShoulder_to_LUArm,ry,0.02047109803152469,0.37920378949200795,0.35873269146048326,0.08107970354506204,0.12592408269432306
671_T1_vs_T3,longitudinal,4,LShoulder_to_LUArm_rz,LShoulder_to_LUArm,rz,0.01870159889568205,0.028448132735821245,0.009746533840139196,0.08107970354506204,0.12592408269432306
671_T1_vs_T3,longitudinal,4,LThigh_to_LShin_rx,LThigh_to_LShin,rx,0.21099049967209194,0.31501190761435854,0.10402140794226661,0.08107970354506204,0.12592408269432306
671_T1_vs_T3,longitudinal,4,LThigh_to_LShin_ry,LThigh_to_LShin,ry,3.0750164846969374e-08,1.8354303896719583e-08,-1.239586095024979e-08,0.08107970354506204,0.12592408269432306
671_T1_vs_T3,longitudinal,4,LThigh_to_LShin_rz,LThigh_to_LShin,rz,2.1100843155528058e-08,1.0188602602565137e-08,-1.0912240552962921e-08,0.08107970354506204,0.12592408269432306
671_T1_vs_T3,longitudinal,4,LUArm_to_LFArm_rx,LUArm_to_LFArm,rx,0.17693052600384004,0.01992951591495802,-0.157001010088882,0.08107970354506204,0.12592408269432306
671_T1_vs_T3,longitudinal,4,LUArm_to_LFArm_ry,LUArm_to_LFArm,ry,0.28281547713903316,0.5722086714769323,0.2893931943378992,0.08107970354506204,0.12592408269432306
671_T1_vs_T3,longitudinal,4,LUArm_to_LFArm_rz,LUArm_to_LFArm,rz,0.11366103366130614,0.0023145887631865762,-0.11134644489811957,0.08107970354506204,0.12592408269432306
671_T1_vs_T3,longitudinal,4,Neck_to_Head_rx,Neck_to_Head,rx,0.16163269069271552,0.006305806114756593,-0.15532688457795893,0.08107970354506204,0.12592408269432306
671_T1_vs_T3,longitudinal,4,Neck_to_Head_ry,Neck_to_Head,ry,0.0289750747387627,0.038736104318130245,0.009761029579367544,0.08107970354506204,0.12592408269432306
671_T1_vs_T3,longitudinal,4,Neck_to_Head_rz,Neck_to_Head,rz,0.015015118028151898,0.014694283425848732,-0.0003208346023031664,0.08107970354506204,0.12592408269432306
671_T1_vs_T3,longitudinal,4,RFArm_to_RHand_rx,RFArm_to_RHand,rx,0.0010284397433492887,0.12385671506690606,0.12282827532355677,0.08107970354506204,0.12592408269432306
671_T1_vs_T3,longitudinal,4,RFArm_to_RHand_ry,RFArm_to_RHand,ry,0.03463608014803847,0.025918867021738057,-0.008717213126300413,0.08107970354506204,0.12592408269432306
671_T1_vs_T3,longitudinal,4,RFArm_to_RHand_rz,RFArm_to_RHand,rz,0.17879814095152463,0.25028836649546515,0.07149022554394052,0.08107970354506204,0.12592408269432306
671_T1_vs_T3,longitudinal,4,RShin_to_RFoot_rx,RShin_to_RFoot,rx,0.28177287176588334,0.07915190474066655,-0.20262096702521679,0.08107970354506204,0.12592408269432306
671_T1_vs_T3,longitudinal,4,RShin_to_RFoot_ry,RShin_to_RFoot,ry,0.005948450308300075,0.08019918491142909,0.07425073460312902,0.08107970354506204,0.12592408269432306
671_T1_vs_T3,longitudinal,4,RShin_to_RFoot_rz,RShin_to_RFoot,rz,0.12179779363931963,0.023864982016608555,-0.09793281162271107,0.08107970354506204,0.12592408269432306
671_T1_vs_T3,longitudinal,4,RShoulder_to_RUArm_rx,RShoulder_to_RUArm,rx,0.3512905651307641,0.011186125366673027,-0.3401044397640911,0.08107970354506204,0.12592408269432306
671_T1_vs_T3,longitudinal,4,RShoulder_to_RUArm_ry,RShoulder_to_RUArm,ry,0.2765581552683959,0.106066941396103,-0.17049121387229288,0.08107970354506204,0.12592408269432306
671_T1_vs_T3,longitudinal,4,RShoulder_to_RUArm_rz,RShoulder_to_RUArm,rz,0.19012332075736377,0.05267759690697713,-0.13744572385038664,0.08107970354506204,0.12592408269432306
671_T1_vs_T3,longitudinal,4,RThigh_to_RShin_rx,RThigh_to_RShin,rx,0.18143991810094628,0.20727216872230722,0.025832250621360936,0.08107970354506204,0.12592408269432306
671_T1_vs_T3,longitudinal,4,RThigh_to_RShin_ry,RThigh_to_RShin,ry,9.373553905753243e-09,1.1740912353722477e-08,2.3673584479692334e-09,0.08107970354506204,0.12592408269432306
671_T1_vs_T3,longitudinal,4,RThigh_to_RShin_rz,RThigh_to_RShin,rz,7.447618566758976e-09,1.2499985968758981e-08,5.052367402000005e-09,0.08107970354506204,0.12592408269432306
671_T1_vs_T3,longitudinal,4,RUArm_to_RFArm_rx,RUArm_to_RFArm,rx,0.2476556048218582,0.04955054375137854,-0.19810506107047965,0.08107970354506204,0.12592408269432306
671_T1_vs_T3,longitudinal,4,RUArm_to_RFArm_ry,RUArm_to_RFArm,ry,0.06235357454750368,0.052421370550638786,-0.009932203996864897,0.08107970354506204,0.12592408269432306
671_T1_vs_T3,longitudinal,4,RUArm_to_RFArm_rz,RUArm_to_RFArm,rz,0.16014581985891554,0.001568907958366376,-0.15857691190054918,0.08107970354506204,0.12592408269432306
671_T1_vs_T3,longitudinal,5,Chest_to_LShoulder_rx,Chest_to_LShoulder,rx,0.02514344292716098,0.041333750092068494,0.016190307164907516,0.059563874722835385,0.08843821120466526
671_T1_vs_T3,longitudinal,5,Chest_to_LShoulder_ry,Chest_to_LShoulder,ry,0.0727375419432068,0.006957369174540788,-0.065780172768666,0.059563874722835385,0.08843821120466526
671_T1_vs_T3,longitudinal,5,Chest_to_LShoulder_rz,Chest_to_LShoulder,rz,0.005163172721208748,0.08295324867860467,0.07779007595739591,0.059563874722835385,0.08843821120466526
671_T1_vs_T3,longitudinal,5,Chest_to_Neck_rx,Chest_to_Neck,rx,0.1504553263099061,0.002641214931145654,-0.14781411137876044,0.059563874722835385,0.08843821120466526
671_T1_vs_T3,longitudinal,5,Chest_to_Neck_ry,Chest_to_Neck,ry,0.031612525175421125,0.030900330353535337,-0.0007121948218857879,0.059563874722835385,0.08843821120466526
671_T1_vs_T3,longitudinal,5,Chest_to_Neck_rz,Chest_to_Neck,rz,0.015020423204622017,0.012883769899196424,-0.0021366533054255933,0.059563874722835385,0.08843821120466526
671_T1_vs_T3,longitudinal,5,Chest_to_RShoulder_rx,Chest_to_RShoulder,rx,0.01824110440961694,0.07522277264915035,0.05698166823953341,0.059563874722835385,0.08843821120466526
671_T1_vs_T3,longitudinal,5,Chest_to_RShoulder_ry,Chest_to_RShoulder,ry,0.041654055760794166,0.02920890282696245,-0.012445152933831718,0.059563874722835385,0.08843821120466526
671_T1_vs_T3,longitudinal,5,Chest_to_RShoulder_rz,Chest_to_RShoulder,rz,0.12568833028957513,0.06224221048938913,-0.063446119800186,0.059563874722835385,0.08843821120466526
671_T1_vs_T3,longitudinal,5,LFArm_to_LHand_rx,LFArm_to_LHand,rx,0.1449044752861798,0.08895132570223849,-0.05595314958394132,0.059563874722835385,0.08843821120466526
671_T1_vs_T3,longitudinal,5,LFArm_to_LHand_ry,LFArm_to_LHand,ry,0.055839879669589025,0.08698834053880486,0.031148460869215834,0.059563874722835385,0.08843821120466526
671_T1_vs_T3,longitudinal,5,LFArm_to_LHand_rz,LFArm_to_LHand,rz,0.42069026290277955,0.1912806173944174,-0.22940964550836215,0.059563874722835385,0.08843821120466526
671_T1_vs_T3,longitudinal,5,LShin_to_LFoot_rx,LShin_to_LFoot,rx,0.028885751220544105,0.01307561958824708,-0.015810131632297025,0.059563874722835385,0.08843821120466526
671_T1_vs_T3,longitudinal,5,LShin_to_LFoot_ry,LShin_to_LFoot,ry,0.07168674492821296,0.018549601271059712,-0.053137143657153246,0.059563874722835385,0.08843821120466526
671_T1_vs_T3,longitudinal,5,LShin_to_LFoot_rz,LShin_to_LFoot,rz,0.017042435166704135,0.025550176887169155,0.00850774172046502,0.059563874722835385,0.08843821120466526
671_T1_vs_T3,longitudinal,5,LShoulder_to_LUArm_rx,LShoulder_to_LUArm,rx,0.1432020729856019,0.08524804335004331,-0.05795402963555858,0.059563874722835385,0.08843821120466526
671_T1_vs_T3,longitudinal,5,LShoulder_to_LUArm_ry,LShoulder_to_LUArm,ry,0.42796678021088524,0.07811593644209362,-0.3498508437687916,0.059563874722835385,0.08843821120466526
671_T1_vs_T3,longitudinal,5,LShoulder_to_LUArm_rz,LShoulder_to_LUArm,rz,0.04066474353708487,0.08047376718501656,0.039809023647931686,0.059563874722835385,0.08843821120466526
671_T1_vs_T3,longitudinal,5,LThigh_to_LShin_rx,LThigh_to_LShin,rx,0.13046627524401852,0.0033954359458740436,-0.12707083929814447,0.059563874722835385,0.08843821120466526
671_T1_vs_T3,longitudinal,5,LThigh_to_LShin_ry,LThigh_to_LShin,ry,9.140406794690037e-09,2.032883568254765e-08,1.1188428887857612e-08,0.059563874722835385,0.08843821120466526
671_T1_vs_T3,longitudinal,5,LThigh_to_LShin_rz,LThigh_to_LShin,rz,2.424942684736248e-08,3.991754177623862e-09,-2.0257672669738618e-08,0.059563874722835385,0.08843821120466526
671_T1_vs_T3,longitudinal,5,LUArm_to_LFArm_rx,LUArm_to_LFArm,rx,0.15705155035950394,0.1568287452251173,-0.0002228051343866333,0.059563874722835385,0.08843821120466526
671_T1_vs_T3,longitudinal,5,LUArm_to_LFArm_ry,LUArm_to_LFArm,ry,0.3764288298069355,0.49752728248859374,0.12109845268165825,0.059563874722835385,0.08843821120466526
671_T1_vs_T3,longitudinal,5,LUArm_to_LFArm_rz,LUArm_to_LFArm,rz,0.0922335953139499,0.18959767023236113,0.09736407491841123,0.059563874722835385,0.08843821120466526
671_T1_vs_T3,longitudinal,5,Neck_to_Head_rx,Neck_to_Head,rx,0.15045536420256586,0.0026412155510520414,-0.14781414865151382,0.059563874722835385,0.08843821120466526
671_T1_vs_T3,longitudinal,5,Neck_to_Head_ry,Neck_to_Head,ry,0.031612609273158766,0.030900353470325395,-0.0007122558028333711,0.059563874722835385,0.08843821120466526
671_T1_vs_T3,longitudinal,5,Neck_to_Head_rz,Neck_to_Head,rz,0.015020400382274295,0.012883800115966699,-0.0021366002663075964,0.059563874722835385,0.08843821120466526
671_T1_vs_T3,longitudinal,5,RFArm_to_RHand_rx,RFArm_to_RHand,rx,0.003099625095464664,0.2735446750347613,0.27044504993929663,0.059563874722835385,0.08843821120466526
671_T1_vs_T3,longitudinal,5,RFArm_to_RHand_ry,RFArm_to_RHand,ry,0.028944118923951403,0.11472811420165456,0.08578399527770315,0.059563874722835385,0.08843821120466526
671_T1_vs_T3,longitudinal,5,RFArm_to_RHand_rz,RFArm_to_RHand,rz,0.05681025698143198,0.6129802530709758,0.5561699960895439,0.059563874722835385,0.08843821120466526
671_T1_vs_T3,longitudinal,5,RShin_to_RFoot_rx,RShin_to_RFoot,rx,0.19701256389237953,0.07509709972437709,-0.12191546416800245,0.059563874722835385,0.08843821120466526
671_T1_vs_T3,longitudinal,5,RShin_to_RFoot_ry,RShin_to_RFoot,ry,0.04631224640540576,0.017981275677973998,-0.02833097072743176,0.059563874722835385,0.08843821120466526
671_T1_vs_T3,longitudinal,5,RShin_to_RFoot_rz,RShin_to_RFoot,rz,0.0946147132944018,0.015481007644477055,-0.07913370564992474,0.059563874722835385,0.08843821120466526
671_T1_vs_T3,longitudinal,5,RShoulder_to_RUArm_rx,RShoulder_to_RUArm,rx,0.004919365187105753,0.27304692829367916,0.26812756310657343,0.059563874722835385,0.08843821120466526
671_T1_vs_T3,longitudinal,5,RShoulder_to_RUArm_ry,RShoulder_to_RUArm,ry,0.19566950893879814,0.07198688650282364,-0.1236826224359745,0.059563874722835385,0.08843821120466526
671_T1_vs_T3,longitudinal,5,RShoulder_to_RUArm_rz,RShoulder_to_RUArm,rz,0.09887610814329582,0.015993140356900644,-0.08288296778639517,0.059563874722835385,0.08843821120466526
671_T1_vs_T3,longitudinal,5,RThigh_to_RShin_rx,RThigh_to_RShin,rx,0.3109129335788853,0.04166342602905538,-0.2692495075498299,0.059563874722835385,0.08843821120466526
671_T1_vs_T3,longitudinal,5,RThigh_to_RShin_ry,RThigh_to_RShin,ry,2.450789606327728e-08,1.4691157269801889e-08,-9.81673879347539e-09,0.059563874722835385,0.08843821120466526
671_T1_vs_T3,longitudinal,5,RThigh_to_RShin_rz,RThigh_to_RShin,rz,7.734679716197796e-09,1.3451374443256313e-08,5.716694727058517e-09,0.059563874722835385,0.08843821120466526
671_T1_vs_T3,longitudinal,5,RUArm_to_RFArm_rx,RUArm_to_RFArm,rx,0.2131007436433336,0.06681193167077788,-0.14628881197255572,0.059563874722835385,0.08843821120466526
671_T1_vs_T3,longitudinal,5,RUArm_to_RFArm_ry,RUArm_to_RFArm,ry,0.208919953095289,0.17882329554997545,-0.030096657545313543,0.059563874722835385,0.08843821120466526
671_T1_vs_T3,longitudinal,5,RUArm_to_RFArm_rz,RUArm_to_RFArm,rz,0.18998566117662224,0.09718921460675642,-0.09279644656986583,0.059563874722835385,0.08843821120466526
671_T1_vs_T3,longitudinal,6,Chest_to_LShoulder_rx,Chest_to_LShoulder,rx,0.08172777182761415,0.06545415244694439,-0.016273619380669763,0.05283704251788248,0.0691067588900586
671_T1_vs_T3,longitudinal,6,Chest_to_LShoulder_ry,Chest_to_LShoulder,ry,0.07508712123350916,0.11054431392172845,0.035457192688219286,0.05283704251788248,0.0691067588900586
671_T1_vs_T3,longitudinal,6,Chest_to_LShoulder_rz,Chest_to_LShoulder,rz,0.06283055059886905,0.07456960324777266,0.011739052648903611,0.05283704251788248,0.0691067588900586
671_T1_vs_T3,longitudinal,6,Chest_to_Neck_rx,Chest_to_Neck,rx,0.05511543271237034,0.05442634472568063,-0.000689087986689714,0.05283704251788248,0.0691067588900586
671_T1_vs_T3,longitudinal,6,Chest_to_Neck_ry,Chest_to_Neck,ry,0.06190835453383619,0.020095317057320643,-0.04181303747651555,0.05283704251788248,0.0691067588900586
671_T1_vs_T3,longitudinal,6,Chest_to_Neck_rz,Chest_to_Neck,rz,0.0301777912012276,0.019967545795283634,-0.010210245405943966,0.05283704251788248,0.0691067588900586
671_T1_vs_T3,longitudinal,6,Chest_to_RShoulder_rx,Chest_to_RShoulder,rx,0.12001159717328559,0.02866806747715265,-0.09134352969613294,0.05283704251788248,0.0691067588900586
671_T1_vs_T3,longitudinal,6,Chest_to_RShoulder_ry,Chest_to_RShoulder,ry,0.03050330467914746,0.07265940569264076,0.042156101013493305,0.05283704251788248,0.0691067588900586
671_T1_vs_T3,longitudinal,6,Chest_to_RShoulder_rz,Chest_to_RShoulder,rz,0.059545955458176515,0.06890097956497541,0.0093550241067989,0.05283704251788248,0.0691067588900586
671_T1_vs_T3,longitudinal,6,LFArm_to_LHand_rx,LFArm_to_LHand,rx,0.08648513116445121,0.15010106029734097,0.06361592913288976,0.05283704251788248,0.0691067588900586
671_T1_vs_T3,longitudinal,6,LFArm_to_LHand_ry,LFArm_to_LHand,ry,0.1512309575170018,0.03836806500218779,-0.11286289251481402,0.05283704251788248,0.0691067588900586
671_T1_vs_T3,longitudinal,6,LFArm_to_LHand_rz,LFArm_to_LHand,rz,0.34998069740194554,0.3610294936215982,0.011048796219652657,0.05283704251788248,0.0691067588900586
671_T1_vs_T3,longitudinal,6,LShin_to_LFoot_rx,LShin_to_LFoot,rx,0.03725997457834687,0.17900414862581282,0.14174417404746595,0.05283704251788248,0.0691067588900586
671_T1_vs_T3,longitudinal,6,LShin_to_LFoot_ry,LShin_to_LFoot,ry,0.027684253033852347,0.06650824961510207,0.03882399658124973,0.05283704251788248,0.0691067588900586
671_T1_vs_T3,longitudinal,6,LShin_to_LFoot_rz,LShin_to_LFoot,rz,0.049368220492649995,0.04535420459409119,-0.0040140158985588065,0.05283704251788248,0.0691067588900586
671_T1_vs_T3,longitudinal,6,LShoulder_to_LUArm_rx,LShoulder_to_LUArm,rx,0.10967832229534823,0.1359733535694405,0.026295031274092287,0.05283704251788248,0.0691067588900586
671_T1_vs_T3,longitudinal,6,LShoulder_to_LUArm_ry,LShoulder_to_LUArm,ry,0.39131237112235007,0.4091439982623762,0.01783162714002612,0.05283704251788248,0.0691067588900586
671_T1_vs_T3,longitudinal,6,LShoulder_to_LUArm_rz,LShoulder_to_LUArm,rz,0.21425095356480953,0.018815093827030678,-0.19543585973777886,0.05283704251788248,0.0691067588900586
671_T1_vs_T3,longitudinal,6,LThigh_to_LShin_rx,LThigh_to_LShin,rx,0.017414853306891152,0.1774883371861622,0.16007348387927103,0.05283704251788248,0.0691067588900586
671_T1_vs_T3,longitudinal,6,LThigh_to_LShin_ry,LThigh_to_LShin,ry,2.6847239512098808e-08,1.994062755158107e-08,-6.906611960517739e-09,0.05283704251788248,0.0691067588900586
671_T1_vs_T3,longitudinal,6,LThigh_to_LShin_rz,LThigh_to_LShin,rz,2.9768919145371415e-08,1.2911032651738762e-08,-1.685788649363265e-08,0.05283704251788248,0.0691067588900586
671_T1_vs_T3,longitudinal,6,LUArm_to_LFArm_rx,LUArm_to_LFArm,rx,0.15006524442390373,0.20860137762015618,0.05853613319625245,0.05283704251788248,0.0691067588900586
671_T1_vs_T3,longitudinal,6,LUArm_to_LFArm_ry,LUArm_to_LFArm,ry,0.08163334928349604,0.2174300935036179,0.13579674422012183,0.05283704251788248,0.0691067588900586
671_T1_vs_T3,longitudinal,6,LUArm_to_LFArm_rz,LUArm_to_LFArm,rz,0.10043527146135026,0.18209864939007103,0.08166337792872078,0.05283704251788248,0.0691067588900586
671_T1_vs_T3,longitudinal,6,Neck_to_Head_rx,Neck_to_Head,rx,0.0551153706055979,0.054426372777598805,-0.0006889978279990966,0.05283704251788248,0.0691067588900586
671_T1_vs_T3,longitudinal,6,Neck_to_Head_ry,Neck_to_Head,ry,0.061908313378601386,0.020095271838822846,-0.04181304153977854,0.05283704251788248,0.0691067588900586
671_T1_vs_T3,longitudinal,6,Neck_to_Head_rz,Neck_to_Head,rz,0.030177789115053186,0.01996758941505818,-0.010210199699995006,0.05283704251788248,0.0691067588900586
671_T1_vs_T3,longitudinal,6,RFArm_to_RHand_rx,RFArm_to_RHand,rx,0.12473359668978619,0.04492102741673358,-0.07981256927305261,0.05283704251788248,0.0691067588900586
671_T1_vs_T3,longitudinal,6,RFArm_to_RHand_ry,RFArm_to_RHand,ry,0.20856471014451541,0.16177515900403164,-0.046789551140483776,0.05283704251788248,0.0691067588900586
671_T1_vs_T3,longitudinal,6,RFArm_to_RHand_rz,RFArm_to_RHand,rz,0.08275700864962901,0.13755098655660128,0.05479397790697227,0.05283704251788248,0.0691067588900586
671_T1_vs_T3,longitudinal,6,RShin_to_RFoot_rx,RShin_to_RFoot,rx,0.06324712760326176,0.284566019933232,0.22131889232997023,0.05283704251788248,0.0691067588900586
671_T1_vs_T3,longitudinal,6,RShin_to_RFoot_ry,RShin_to_RFoot,ry,0.07923017542440486,0.14783635868708286,0.068606183262678,0.05283704251788248,0.0691067588900586
671_T1_vs_T3,longitudinal,6,RShin_to_RFoot_rz,RShin_to_RFoot,rz,0.11765692446199852,0.16908611940090576,0.05142919493890724,0.05283704251788248,0.0691067588900586
671_T1_vs_T3,longitudinal,6,RShoulder_to_RUArm_rx,RShoulder_to_RUArm,rx,0.2767724326768435,0.03382176460664849,-0.242950668070195,0.05283704251788248,0.0691067588900586
671_T1_vs_T3,longitudinal,6,RShoulder_to_RUArm_ry,RShoulder_to_RUArm,ry,0.06513005292663449,0.34809567512527423,0.28296562219863974,0.05283704251788248,0.0691067588900586
671_T1_vs_T3,longitudinal,6,RShoulder_to_RUArm_rz,RShoulder_to_RUArm,rz,0.13300340695015123,0.05636547250169393,-0.07663793444845729,0.05283704251788248,0.0691067588900586
671_T1_vs_T3,longitudinal,6,RThigh_to_RShin_rx,RThigh_to_RShin,rx,0.3844710576324493,0.3217544642673056,-0.06271659336514374,0.05283704251788248,0.0691067588900586
671_T1_vs_T3,longitudinal,6,RThigh_to_RShin_ry,RThigh_to_RShin,ry,4.424829224895466e-08,4.365200200864449e-09,-3.9883092048090206e-08,0.05283704251788248,0.0691067588900586
671_T1_vs_T3,longitudinal,6,RThigh_to_RShin_rz,RThigh_to_RShin,rz,1.7437861335496336e-08,1.4169132334943324e-08,-3.2687290005530123e-09,0.05283704251788248,0.0691067588900586
671_T1_vs_T3,longitudinal,6,RUArm_to_RFArm_rx,RUArm_to_RFArm,rx,0.3328213666845954,0.10027166059198718,-0.23254970609260822,0.05283704251788248,0.0691067588900586
671_T1_vs_T3,longitudinal,6,RUArm_to_RFArm_ry,RUArm_to_RFArm,ry,0.2510837435287348,0.06855094077414971,-0.1825328027545851,0.05283704251788248,0.0691067588900586
671_T1_vs_T3,longitudinal,6,RUArm_to_RFArm_rz,RUArm_to_RFArm,rz,0.17618018327407325,0.051878575949027776,-0.12430160732504547,0.05283704251788248,0.0691067588900586
671_T1_vs_T3,longitudinal,7,Chest_to_LShoulder_rx,Chest_to_LShoulder,rx,0.10235882614665995,0.11373685502967125,0.011378028883011301,0.039047683706599,0.04399395639740779
671_T1_vs_T3,longitudinal,7,Chest_to_LShoulder_ry,Chest_to_LShoulder,ry,0.05885957269476299,0.027280613744620246,-0.031578958950142746,0.039047683706599,0.04399395639740779
671_T1_vs_T3,longitudinal,7,Chest_to_LShoulder_rz,Chest_to_LShoulder,rz,0.03283755307151086,0.07837103950975703,0.045533486438246173,0.039047683706599,0.04399395639740779
671_T1_vs_T3,longitudinal,7,Chest_to_Neck_rx,Chest_to_Neck,rx,0.16884645072561016,0.06941106036148621,-0.09943539036412395,0.039047683706599,0.04399395639740779
671_T1_vs_T3,longitudinal,7,Chest_to_Neck_ry,Chest_to_Neck,ry,0.045423642870316326,0.059933130525530995,0.014509487655214669,0.039047683706599,0.04399395639740779
671_T1_vs_T3,longitudinal,7,Chest_to_Neck_rz,Chest_to_Neck,rz,0.033782605961405136,0.05433616311457679,0.020553557153171656,0.039047683706599,0.04399395639740779
671_T1_vs_T3,longitudinal,7,Chest_to_RShoulder_rx,Chest_to_RShoulder,rx,0.014971605580238682,0.03342699625410253,0.01845539067386385,0.039047683706599,0.04399395639740779
671_T1_vs_T3,longitudinal,7,Chest_to_RShoulder_ry,Chest_to_RShoulder,ry,0.020447791893552836,0.011339132800244954,-0.009108659093307882,0.039047683706599,0.04399395639740779
671_T1_vs_T3,longitudinal,7,Chest_to_RShoulder_rz,Chest_to_RShoulder,rz,0.061674506470363315,0.13206452042203382,0.0703900139516705,0.039047683706599,0.04399395639740779
671_T1_vs_T3,longitudinal,7,LFArm_to_LHand_rx,LFArm_to_LHand,rx,0.03693071476681099,0.09777200698779184,0.06084129222098085,0.039047683706599,0.04399395639740779
671_T1_vs_T3,longitudinal,7,LFArm_to_LHand_ry,LFArm_to_LHand,ry,0.15750685846351445,0.06273048949338857,-0.09477636897012588,0.039047683706599,0.04399395639740779
671_T1_vs_T3,longitudinal,7,LFArm_to_LHand_rz,LFArm_to_LHand,rz,0.08721257610413832,0.0973905105819661,0.010177934477827777,0.039047683706599,0.04399395639740779
671_T1_vs_T3,longitudinal,7,LShin_to_LFoot_rx,LShin_to_LFoot,rx,0.24590747166788748,0.22037528910992443,-0.02553218255796305,0.039047683706599,0.04399395639740779
671_T1_vs_T3,longitudinal,7,LShin_to_LFoot_ry,LShin_to_LFoot,ry,0.20456924518169925,0.2126948306287686,0.008125585447069344,0.039047683706599,0.04399395639740779
671_T1_vs_T3,longitudinal,7,LShin_to_LFoot_rz,LShin_to_LFoot,rz,0.06141698054772437,0.0682981680106887,0.006881187462964337,0.039047683706599,0.04399395639740779
671_T1_vs_T3,longitudinal,7,LShoulder_to_LUArm_rx,LShoulder_to_LUArm,rx,0.2726588573908804,0.3021885319488818,0.029529674558001373,0.039047683706599,0.04399395639740779
671_T1_vs_T3,longitudinal,7,LShoulder_to_LUArm_ry,LShoulder_to_LUArm,ry,0.2337285861843172,0.16504689600614808,-0.06868169017816911,0.039047683706599,0.04399395639740779
671_T1_vs_T3,longitudinal,7,LShoulder_to_LUArm_rz,LShoulder_to_LUArm,rz,0.13775861399479641,0.2155624860319141,0.0778038720371177,0.039047683706599,0.04399395639740779
671_T1_vs_T3,longitudinal,7,LThigh_to_LShin_rx,LThigh_to_LShin,rx,0.11526763554939215,0.12068057285084538,0.00541293730145323,0.039047683706599,0.04399395639740779
671_T1_vs_T3,longitudinal,7,LThigh_to_LShin_ry,LThigh_to_LShin,ry,4.6510661261462805e-08,2.473965737771529e-08,-2.1771003883747515e-08,0.039047683706599,0.04399395639740779
671_T1_vs_T3,longitudinal,7,LThigh_to_LShin_rz,LThigh_to_LShin,rz,1.2775393424673533e-09,2.3334015028725537e-09,1.0558621604052004e-09,0.039047683706599,0.04399395639740779
671_T1_vs_T3,longitudinal,7,LUArm_to_LFArm_rx,LUArm_to_LFArm,rx,0.3170084400726999,0.09221696692302643,-0.22479147314967346,0.039047683706599,0.04399395639740779
671_T1_vs_T3,longitudinal,7,LUArm_to_LFArm_ry,LUArm_to_LFArm,ry,0.0919214300028613,0.052557189901967054,-0.03936424010089425,0.039047683706599,0.04399395639740779
671_T1_vs_T3,longitudinal,7,LUArm_to_LFArm_rz,LUArm_to_LFArm,rz,0.33707752566163934,0.14806407354235684,-0.1890134521192825,0.039047683706599,0.04399395639740779
671_T1_vs_T3,longitudinal,7,Neck_to_Head_rx,Neck_to_Head,rx,0.1688465171971859,0.0694110918608807,-0.09943542533630521,0.039047683706599,0.04399395639740779
671_T1_vs_T3,longitudinal,7,Neck_to_Head_ry,Neck_to_Head,ry,0.04542361948789855,0.05993309762066153,0.014509478132762973,0.039047683706599,0.04399395639740779
671_T1_vs_T3,longitudinal,7,Neck_to_Head_rz,Neck_to_Head,rz,0.033782531210271666,0.05433609631909514,0.020553565108823474,0.039047683706599,0.04399395639740779
671_T1_vs_T3,longitudinal,7,RFArm_to_RHand_rx,RFArm_to_RHand,rx,0.026401536138240377,0.038273476551623206,0.011871940413382829,0.039047683706599,0.04399395639740779
671_T1_vs_T3,longitudinal,7,RFArm_to_RHand_ry,RFArm_to_RHand,ry,0.06192396352269281,0.08863383829922028,0.02670987477652747,0.039047683706599,0.04399395639740779
671_T1_vs_T3,longitudinal,7,RFArm_to_RHand_rz,RFArm_to_RHand,rz,0.08538146543047026,0.011762087829648393,-0.07361937760082186,0.039047683706599,0.04399395639740779
671_T1_vs_T3,longitudinal,7,RShin_to_RFoot_rx,RShin_to_RFoot,rx,0.12668951833813524,0.27737397141269543,0.1506844530745602,0.039047683706599,0.04399395639740779
671_T1_vs_T3,longitudinal,7,RShin_to_RFoot_ry,RShin_to_RFoot,ry,0.22041939941177496,0.19878463053675904,-0.02163476887501592,0.039047683706599,0.04399395639740779
671_T1_vs_T3,longitudinal,7,RShin_to_RFoot_rz,RShin_to_RFoot,rz,0.09197123339419824,0.11878855376192268,0.02681732036772444,0.039047683706599,0.04399395639740779
671_T1_vs_T3,longitudinal,7,RShoulder_to_RUArm_rx,RShoulder_to_RUArm,rx,0.08197909297680012,0.06316286510061386,-0.018816227876186253,0.039047683706599,0.04399395639740779
671_T1_vs_T3,longitudinal,7,RShoulder_to_RUArm_ry,RShoulder_to_RUArm,ry,0.14686802380304056,0.0017245395627544095,-0.14514348424028617,0.039047683706599,0.04399395639740779
671_T1_vs_T3,longitudinal,7,RShoulder_to_RUArm_rz,RShoulder_to_RUArm,rz,0.13417726810086308,0.23669088276957687,0.10251361466871378,0.039047683706599,0.04399395639740779
671_T1_vs_T3,longitudinal,7,RThigh_to_RShin_rx,RThigh_to_RShin,rx,0.4505252134081417,0.4465608790704187,-0.00396433433772303,0.039047683706599,0.04399395639740779
671_T1_vs_T3,longitudinal,7,RThigh_to_RShin_ry,RThigh_to_RShin,ry,1.480335985276981e-08,1.758044521014466e-08,2.7770853573748517e-09,0.039047683706599,0.04399395639740779
671_T1_vs_T3,longitudinal,7,RThigh_to_RShin_rz,RThigh_to_RShin,rz,1.2394071486106014e-08,8.688025663779028e-09,-3.706045822326986e-09,0.039047683706599,0.04399395639740779
671_T1_vs_T3,longitudinal,7,RUArm_to_RFArm_rx,RUArm_to_RFArm,rx,0.16420027478751226,0.3548749929624075,0.19067471817489523,0.039047683706599,0.04399395639740779
671_T1_vs_T3,longitudinal,7,RUArm_to_RFArm_ry,RUArm_to_RFArm,ry,0.05922849030302133,0.01924835741124296,-0.039980132891778375,0.039047683706599,0.04399395639740779
671_T1_vs_T3,longitudinal,7,RUArm_to_RFArm_rz,RUArm_to_RFArm,rz,0.1696574292939171,0.2806762376335232,0.11101880833960606,0.039047683706599,0.04399395639740779
671_T1_vs_T3,longitudinal,8,Chest_to_LShoulder_rx,Chest_to_LShoulder,rx,0.04828812454129753,0.11316134391963198,0.06487321937833446,0.037298883412327406,0.025650525831422792
671_T1_vs_T3,longitudinal,8,Chest_to_LShoulder_ry,Chest_to_LShoulder,ry,0.004644801770269223,0.062055733522931714,0.05741093175266249,0.037298883412327406,0.025650525831422792
671_T1_vs_T3,longitudinal,8,Chest_to_LShoulder_rz,Chest_to_LShoulder,rz,0.1697783671139393,0.1408480387084946,-0.028930328405444683,0.037298883412327406,0.025650525831422792
671_T1_vs_T3,longitudinal,8,Chest_to_Neck_rx,Chest_to_Neck,rx,0.2551950082381942,0.3634780256504895,0.10828301741229529,0.037298883412327406,0.025650525831422792
671_T1_vs_T3,longitudinal,8,Chest_to_Neck_ry,Chest_to_Neck,ry,0.012047448498363447,0.03219168559667781,0.020144237098314362,0.037298883412327406,0.025650525831422792
671_T1_vs_T3,longitudinal,8,Chest_to_Neck_rz,Chest_to_Neck,rz,0.04272982208839288,0.02690481331548558,-0.0158250087729073,0.037298883412327406,0.025650525831422792
671_T1_vs_T3,longitudinal,8,Chest_to_RShoulder_rx,Chest_to_RShoulder,rx,0.048265703921146576,0.0024996399155146867,-0.045766064005631886,0.037298883412327406,0.025650525831422792
671_T1_vs_T3,longitudinal,8,Chest_to_RShoulder_ry,Chest_to_RShoulder,ry,0.002623130841740858,0.029717408049409776,0.027094277207668917,0.037298883412327406,0.025650525831422792
671_T1_vs_T3,longitudinal,8,Chest_to_RShoulder_rz,Chest_to_RShoulder,rz,0.028110920693753542,0.013182886966593704,-0.014928033727159838,0.037298883412327406,0.025650525831422792
671_T1_vs_T3,longitudinal,8,LFArm_to_LHand_rx,LFArm_to_LHand,rx,0.13707211413640605,0.036966716553321725,-0.10010539758308432,0.037298883412327406,0.025650525831422792
671_T1_vs_T3,longitudinal,8,LFArm_to_LHand_ry,LFArm_to_LHand,ry,0.1462062356750084,0.0882316358221111,-0.057974599852897296,0.037298883412327406,0.025650525831422792
671_T1_vs_T3,longitudinal,8,LFArm_to_LHand_rz,LFArm_to_LHand,rz,0.18726262247505898,0.002393064052960146,-0.18486955842209885,0.037298883412327406,0.025650525831422792
671_T1_vs_T3,longitudinal,8,LShin_to_LFoot_rx,LShin_to_LFoot,rx,0.3287968770559261,0.30563999433923644,-0.023156882716689642,0.037298883412327406,0.025650525831422792
671_T1_vs_T3,longitudinal,8,LShin_to_LFoot_ry,LShin_to_LFoot,ry,0.02442566868820483,0.017487722882409813,-0.006937945805795018,0.037298883412327406,0.025650525831422792
671_T1_vs_T3,longitudinal,8,LShin_to_LFoot_rz,LShin_to_LFoot,rz,0.010478553502027975,0.02969003371978737,0.019211480217759397,0.037298883412327406,0.025650525831422792
671_T1_vs_T3,longitudinal,8,LShoulder_to_LUArm_rx,LShoulder_to_LUArm,rx,0.019507312179344382,0.1781236528317787,0.15861634065243432,0.037298883412327406,0.025650525831422792
671_T1_vs_T3,longitudinal,8,LShoulder_to_LUArm_ry,LShoulder_to_LUArm,ry,0.020612308181475508,0.2352254277739879,0.2146131195925124,0.037298883412327406,0.025650525831422792
671_T1_vs_T3,longitudinal,8,LShoulder_to_LUArm_rz,LShoulder_to_LUArm,rz,0.26161059953675886,0.28057202024719824,0.01896142071043938,0.037298883412327406,0.025650525831422792
671_T1_vs_T3,longitudinal,8,LThigh_to_LShin_rx,LThigh_to_LShin,rx,0.523754991774466,0.4610407543344195,-0.06271423744004656,0.037298883412327406,0.025650525831422792
671_T1_vs_T3,longitudinal,8,LThigh_to_LShin_ry,LThigh_to_LShin,ry,1.914732768268472e-08,4.405462134859188e-09,-1.4741865547825532e-08,0.037298883412327406,0.025650525831422792
671_T1_vs_T3,longitudinal,8,LThigh_to_LShin_rz,LThigh_to_LShin,rz,3.258228774256939e-08,5.0408052736577906e-08,1.7825764994008517e-08,0.037298883412327406,0.025650525831422792
671_T1_vs_T3,longitudinal,8,LUArm_to_LFArm_rx,LUArm_to_LFArm,rx,0.15277095985715272,0.014497813525167269,-0.13827314633198545,0.037298883412327406,0.025650525831422792
671_T1_vs_T3,longitudinal,8,LUArm_to_LFArm_ry,LUArm_to_LFArm,ry,0.125223523561203,0.014515083918843033,-0.11070843964235998,0.037298883412327406,0.025650525831422792
671_T1_vs_T3,longitudinal,8,LUArm_to_LFArm_rz,LUArm_to_LFArm,rz,0.10346993567407496,0.0174381820210734,-0.08603175365300156,0.037298883412327406,0.025650525831422792
671_T1_vs_T3,longitudinal,8,Neck_to_Head_rx,Neck_to_Head,rx,0.25519492933762494,0.36347796520924525,0.1082830358716203,0.037298883412327406,0.025650525831422792
671_T1_vs_T3,longitudinal,8,Neck_to_Head_ry,Neck_to_Head,ry,0.012047439319775017,0.03219167155699842,0.0201442322372234,0.037298883412327406,0.025650525831422792
671_T1_vs_T3,longitudinal,8,Neck_to_Head_rz,Neck_to_Head,rz,0.04272994449342405,0.026904920246605256,-0.015825024246818795,0.037298883412327406,0.025650525831422792
671_T1_vs_T3,longitudinal,8,RFArm_to_RHand_rx,RFArm_to_RHand,rx,0.002782996134828366,0.010365261559699392,0.007582265424871025,0.037298883412327406,0.025650525831422792
671_T1_vs_T3,longitudinal,8,RFArm_to_RHand_ry,RFArm_to_RHand,ry,0.11550411287515143,0.05472603062261969,-0.06077808225253174,0.037298883412327406,0.025650525831422792
671_T1_vs_T3,longitudinal,8,RFArm_to_RHand_rz,RFArm_to_RHand,rz,0.13295024148344906,0.20891330539569583,0.07596306391224678,0.037298883412327406,0.025650525831422792
671_T1_vs_T3,longitudinal,8,RShin_to_RFoot_rx,RShin_to_RFoot,rx,0.262144558132562,0.0855054194386753,-0.1766391386938867,0.037298883412327406,0.025650525831422792
671_T1_vs_T3,longitudinal,8,RShin_to_RFoot_ry,RShin_to_RFoot,ry,0.12581621990944472,0.03813966458743487,-0.08767655532200985,0.037298883412327406,0.025650525831422792
671_T1_vs_T3,longitudinal,8,RShin_to_RFoot_rz,RShin_to_RFoot,rz,0.017784181826205104,0.06411747523700238,0.04633329341079728,0.037298883412327406,0.025650525831422792
671_T1_vs_T3,longitudinal,8,RShoulder_to_RUArm_rx,RShoulder_to_RUArm,rx,0.1368549372969669,0.022561807972158215,-0.11429312932480869,0.037298883412327406,0.025650525831422792
671_T1_vs_T3,longitudinal,8,RShoulder_to_RUArm_ry,RShoulder_to_RUArm,ry,0.1358337698649344,0.09456947464451763,-0.04126429522041676,0.037298883412327406,0.025650525831422792
671_T1_vs_T3,longitudinal,8,RShoulder_to_RUArm_rz,RShoulder_to_RUArm,rz,0.03740201484164797,0.028248203285759624,-0.009153811555888347,0.037298883412327406,0.025650525831422792
671_T1_vs_T3,longitudinal,8,RThigh_to_RShin_rx,RThigh_to_RShin,rx,0.03637925441370781,0.17683782915703136,0.14045857474332354,0.037298883412327406,0.025650525831422792
671_T1_vs_T3,longitudinal,8,RThigh_to_RShin_ry,RThigh_to_RShin,ry,6.474335088131793e-08,6.589513149233377e-08,1.1517806110158377e-09,0.037298883412327406,0.025650525831422792
671_T1_vs_T3,longitudinal,8,RThigh_to_RShin_rz,RThigh_to_RShin,rz,1.806185427358593e-08,2.446494217775266e-08,6.403087904166728e-09,0.037298883412327406,0.025650525831422792
671_T1_vs_T3,longitudinal,8,RUArm_to_RFArm_rx,RUArm_to_RFArm,rx,0.221751280542064,0.2647319150959794,0.042980634553915376,0.037298883412327406,0.025650525831422792
671_T1_vs_T3,longitudinal,8,RUArm_to_RFArm_ry,RUArm_to_RFArm,ry,0.1625251420620857,0.042455857886061744,-0.12006928417602397,0.037298883412327406,0.025650525831422792
671_T1_vs_T3,longitudinal,8,RUArm_to_RFArm_rz,RUArm_to_RFArm,rz,0.1509522210516505,0.19706461877648318,0.04611239772483269,0.037298883412327406,0.025650525831422792
671_T1_R1_vs_R2,natural_variability,1,Chest_to_LShoulder_rx,Chest_to_LShoulder,rx,0.09800616257517505,0.047711464546652455,-0.0502946980285226,0.24597880468307215,0.29418090791178125
671_T1_R1_vs_R2,natural_variability,1,Chest_to_LShoulder_ry,Chest_to_LShoulder,ry,0.013581945726824389,0.004558261626640746,-0.009023684100183643,0.24597880468307215,0.29418090791178125
671_T1_R1_vs_R2,natural_variability,1,Chest_to_LShoulder_rz,Chest_to_LShoulder,rz,0.07317114837584741,0.0522218328615038,-0.020949315514343612,0.24597880468307215,0.29418090791178125
671_T1_R1_vs_R2,natural_variability,1,Chest_to_Neck_rx,Chest_to_Neck,rx,0.07378595096959582,0.04098510783523504,-0.03280084313436078,0.24597880468307215,0.29418090791178125
671_T1_R1_vs_R2,natural_variability,1,Chest_to_Neck_ry,Chest_to_Neck,ry,0.021960989269998513,0.010042505529314608,-0.011918483740683905,0.24597880468307215,0.29418090791178125
671_T1_R1_vs_R2,natural_variability,1,Chest_to_Neck_rz,Chest_to_Neck,rz,0.017763493600927514,0.032867761892215845,0.01510426829128833,0.24597880468307215,0.29418090791178125
671_T1_R1_vs_R2,natural_variability,1,Chest_to_RShoulder_rx,Chest_to_RShoulder,rx,0.015482833723448323,0.040606331207807114,0.02512349748435879,0.24597880468307215,0.29418090791178125
671_T1_R1_vs_R2,natural_variability,1,Chest_to_RShoulder_ry,Chest_to_RShoulder,ry,0.01397162584605886,0.006573864910030834,-0.007397760936028026,0.24597880468307215,0.29418090791178125
671_T1_R1_vs_R2,natural_variability,1,Chest_to_RShoulder_rz,Chest_to_RShoulder,rz,0.056493963230572986,0.09556164366641808,0.03906768043584509,0.24597880468307215,0.29418090791178125
671_T1_R1_vs_R2,natural_variability,1,LFArm_to_LHand_rx,LFArm_to_LHand,rx,0.17580215792886453,0.12154671290780858,-0.05425544502105595,0.24597880468307215,0.29418090791178125
671_T1_R1_vs_R2,natural_variability,1,LFArm_to_LHand_ry,LFArm_to_LHand,ry,0.013075909748152509,0.0038551757674562554,-0.009220733980696253,0.24597880468307215,0.29418090791178125
671_T1_R1_vs_R2,natural_variability,1,LFArm_to_LHand_rz,LFArm_to_LHand,rz,0.3157884098757341,0.10932774952124823,-0.20646066035448585,0.24597880468307215,0.29418090791178125
671_T1_R1_vs_R2,natural_variability,1,LShin_to_LFoot_rx,LShin_to_LFoot,rx,0.07255950659583486,0.00736845703315634,-0.06519104956267853,0.24597880468307215,0.29418090791178125
671_T1_R1_vs_R2,natural_variability,1,LShin_to_LFoot_ry,LShin_to_LFoot,ry,0.030398224517744057,0.03371076621783889,0.0033125417000948315,0.24597880468307215,0.29418090791178125
671_T1_R1_vs_R2,natural_variability,1,LShin_to_LFoot_rz,LShin_to_LFoot,rz,0.038504331190102374,0.013074470478793895,-0.02542986071130848,0.24597880468307215,0.29418090791178125
671_T1_R1_vs_R2,natural_variability,1,LShoulder_to_LUArm_rx,LShoulder_to_LUArm,rx,0.25786491326916444,0.12622491734006364,-0.1316399959291008,0.24597880468307215,0.29418090791178125
671_T1_R1_vs_R2,natural_variability,1,LShoulder_to_LUArm_ry,LShoulder_to_LUArm,ry,0.08067549212030534,0.12416374026569053,0.0434882481453852,0.24597880468307215,0.29418090791178125
671_T1_R1_vs_R2,natural_variability,1,LShoulder_to_LUArm_rz,LShoulder_to_LUArm,rz,0.10396582796948527,0.08784768548811382,-0.016118142481371445,0.24597880468307215,0.29418090791178125
671_T1_R1_vs_R2,natural_variability,1,LThigh_to_LShin_rx,LThigh_to_LShin,rx,0.033738575546957084,0.134594712722062,0.10085613717510492,0.24597880468307215,0.29418090791178125
671_T1_R1_vs_R2,natural_variability,1,LThigh_to_LShin_ry,LThigh_to_LShin,ry,8.50491048700987e-09,9.692137093743647e-09,1.1872266067337767e-09,0.24597880468307215,0.29418090791178125
671_T1_R1_vs_R2,natural_variability,1,LThigh_to_LShin_rz,LThigh_to_LShin,rz,4.272122324265397e-09,6.2252050806906965e-09,1.9530827564252992e-09,0.24597880468307215,0.29418090791178125
671_T1_R1_vs_R2,natural_variability,1,LUArm_to_LFArm_rx,LUArm_to_LFArm,rx,0.026837975430222878,0.20521464334645143,0.17837666791622855,0.24597880468307215,0.29418090791178125
671_T1_R1_vs_R2,natural_variability,1,LUArm_to_LFArm_ry,LUArm_to_LFArm,ry,0.4385825028729036,0.6475161236001519,0.20893362072724825,0.24597880468307215,0.29418090791178125
671_T1_R1_vs_R2,natural_variability,1,LUArm_to_LFArm_rz,LUArm_to_LFArm,rz,0.06982256335684671,0.1887327461603841,0.11891018280353739,0.24597880468307215,0.29418090791178125
671_T1_R1_vs_R2,natural_variability,1,Neck_to_Head_rx,Neck_to_Head,rx,0.07378597390017562,0.04098511452447252,-0.0328008593757031,0.24597880468307215,0.29418090791178125
671_T1_R1_vs_R2,natural_variability,1,Neck_to_Head_ry,Neck_to_Head,ry,0.021960983637369393,0.010042529075065686,-0.011918454562303707,0.24597880468307215,0.29418090791178125
671_T1_R1_vs_R2,natural_variability,1,Neck_to_Head_rz,Neck_to_Head,rz,0.017763492615550085,0.03286774671793149,0.015104254102381403,0.24597880468307215,0.29418090791178125
671_T1_R1_vs_R2,natural_variability,1,RFArm_to_RHand_rx,RFArm_to_RHand,rx,0.3279979686318855,0.04492204734540474,-0.2830759212864808,0.24597880468307215,0.29418090791178125
671_T1_R1_vs_R2,natural_variability,1,RFArm_to_RHand_ry,RFArm_to_RHand,ry,0.13343127747664574,0.014736861705666801,-0.11869441577097893,0.24597880468307215,0.29418090791178125
671_T1_R1_vs_R2,natural_variability,1,RFArm_to_RHand_rz,RFArm_to_RHand,rz,0.5999601824026899,0.24540006836887215,-0.3545601140338177,0.24597880468307215,0.29418090791178125
671_T1_R1_vs_R2,natural_variability,1,RShin_to_RFoot_rx,RShin_to_RFoot,rx,0.027225296809933765,0.0019461669132739023,-0.025279129896659862,0.24597880468307215,0.29418090791178125
671_T1_R1_vs_R2,natural_variability,1,RShin_to_RFoot_ry,RShin_to_RFoot,ry,0.03309714200158313,0.029116651823281398,-0.003980490178301734,0.24597880468307215,0.29418090791178125
671_T1_R1_vs_R2,natural_variability,1,RShin_to_RFoot_rz,RShin_to_RFoot,rz,0.0081744531128946,0.001764690579193667,-0.006409762533700933,0.24597880468307215,0.29418090791178125
671_T1_R1_vs_R2,natural_variability,1,RShoulder_to_RUArm_rx,RShoulder_to_RUArm,rx,0.10319793917146439,0.17669848716972092,0.07350054799825653,0.24597880468307215,0.29418090791178125
671_T1_R1_vs_R2,natural_variability,1,RShoulder_to_RUArm_ry,RShoulder_to_RUArm,ry,0.0611175449115236,0.097143306566921,0.03602576165539739,0.24597880468307215,0.29418090791178125
671_T1_R1_vs_R2,natural_variability,1,RShoulder_to_RUArm_rz,RShoulder_to_RUArm,rz,0.03538430714809622,0.1070668806202672,0.07168257347217098,0.24597880468307215,0.29418090791178125
671_T1_R1_vs_R2,natural_variability,1,RThigh_to_RShin_rx,RThigh_to_RShin,rx,0.09807275969988434,0.11498089278244485,0.016908133082560506,0.24597880468307215,0.29418090791178125
671_T1_R1_vs_R2,natural_variability,1,RThigh_to_RShin_ry,RThigh_to_RShin,ry,9.458532034236246e-09,4.71062359897332e-10,-8.987469674338914e-09,0.24597880468307215,0.29418090791178125
671_T1_R1_vs_R2,natural_variability,1,RThigh_to_RShin_rz,RThigh_to_RShin,rz,1.3268974726928262e-08,2.797058392864709e-08,1.4701609201718826e-08,0.24597880468307215,0.29418090791178125
671_T1_R1_vs_R2,natural_variability,1,RUArm_to_RFArm_rx,RUArm_to_RFArm,rx,0.1351448924160874,0.08002413810345332,-0.05512075431263408,0.24597880468307215,0.29418090791178125
671_T1_R1_vs_R2,natural_variability,1,RUArm_to_RFArm_ry,RUArm_to_RFArm,ry,0.06474743230707827,0.5090570594612764,0.4443096271541982,0.24597880468307215,0.29418090791178125
671_T1_R1_vs_R2,natural_variability,1,RUArm_to_RFArm_rz,RUArm_to_RFArm,rz,0.11144499330189822,0.044016431624806666,-0.06742856167709155,0.24597880468307215,0.29418090791178125
671_T1_R1_vs_R2,natural_variability,2,Chest_to_LShoulder_rx,Chest_to_LShoulder,rx,0.04332331914340567,0.06536670221512968,0.02204338307172401,0.18265101208593515,0.2615932764912842
671_T1_R1_vs_R2,natural_variability,2,Chest_to_LShoulder_ry,Chest_to_LShoulder,ry,0.029786690284196688,0.006571959600494142,-0.023214730683702545,0.18265101208593515,0.2615932764912842
671_T1_R1_vs_R2,natural_variability,2,Chest_to_LShoulder_rz,Chest_to_LShoulder,rz,0.0360991513103722,0.0349238872398662,-0.001175264070506006,0.18265101208593515,0.2615932764912842
671_T1_R1_vs_R2,natural_variability,2,Chest_to_Neck_rx,Chest_to_Neck,rx,0.02087657005235518,0.03472461561692022,0.013848045564565037,0.18265101208593515,0.2615932764912842
671_T1_R1_vs_R2,natural_variability,2,Chest_to_Neck_ry,Chest_to_Neck,ry,0.00808180443141928,0.01988207781644938,0.011800273385030098,0.18265101208593515,0.2615932764912842
671_T1_R1_vs_R2,natural_variability,2,Chest_to_Neck_rz,Chest_to_Neck,rz,0.03191624771635042,0.024870609702852396,-0.007045638013498022,0.18265101208593515,0.2615932764912842
671_T1_R1_vs_R2,natural_variability,2,Chest_to_RShoulder_rx,Chest_to_RShoulder,rx,0.10474943119528256,0.04497738035159037,-0.059772050843692186,0.18265101208593515,0.2615932764912842
671_T1_R1_vs_R2,natural_variability,2,Chest_to_RShoulder_ry,Chest_to_RShoulder,ry,0.034092785831229135,0.026373936787691003,-0.007718849043538131,0.18265101208593515,0.2615932764912842
671_T1_R1_vs_R2,natural_variability,2,Chest_to_RShoulder_rz,Chest_to_RShoulder,rz,0.11691297426670275,0.051560074768087695,-0.06535289949861506,0.18265101208593515,0.2615932764912842
671_T1_R1_vs_R2,natural_variability,2,LFArm_to_LHand_rx,LFArm_to_LHand,rx,0.10076478649521055,0.17962150601608193,0.07885671952087138,0.18265101208593515,0.2615932764912842
671_T1_R1_vs_R2,natural_variability,2,LFArm_to_LHand_ry,LFArm_to_LHand,ry,0.009515156969173178,0.02849008957111614,0.01897493260194296,0.18265101208593515,0.2615932764912842
671_T1_R1_vs_R2,natural_variability,2,LFArm_to_LHand_rz,LFArm_to_LHand,rz,0.10328049436593484,0.3811199128866794,0.27783941852074456,0.18265101208593515,0.2615932764912842
671_T1_R1_vs_R2,natural_variability,2,LShin_to_LFoot_rx,LShin_to_LFoot,rx,0.04908290292691675,0.027999242652063806,-0.021083660274852943,0.18265101208593515,0.2615932764912842
671_T1_R1_vs_R2,natural_variability,2,LShin_to_LFoot_ry,LShin_to_LFoot,ry,0.0504559394937314,0.04221932995470664,-0.008236609539024761,0.18265101208593515,0.2615932764912842
671_T1_R1_vs_R2,natural_variability,2,LShin_to_LFoot_rz,LShin_to_LFoot,rz,0.009323966657410391,0.03665475889238985,0.02733079223497946,0.18265101208593515,0.2615932764912842
671_T1_R1_vs_R2,natural_variability,2,LShoulder_to_LUArm_rx,LShoulder_to_LUArm,rx,0.14181603201152748,0.1951743752888298,0.05335834327730232,0.18265101208593515,0.2615932764912842
671_T1_R1_vs_R2,natural_variability,2,LShoulder_to_LUArm_ry,LShoulder_to_LUArm,ry,0.05971763230662738,0.005761284584055213,-0.05395634772257217,0.18265101208593515,0.2615932764912842
671_T1_R1_vs_R2,natural_variability,2,LShoulder_to_LUArm_rz,LShoulder_to_LUArm,rz,0.08364545649664797,0.04403592572576875,-0.03960953077087922,0.18265101208593515,0.2615932764912842
671_T1_R1_vs_R2,natural_variability,2,LThigh_to_LShin_rx,LThigh_to_LShin,rx,0.04695537158174202,0.049959344806150614,0.003003973224408596,0.18265101208593515,0.2615932764912842
671_T1_R1_vs_R2,natural_variability,2,LThigh_to_LShin_ry,LThigh_to_LShin,ry,9.527157450341751e-09,3.515692670124027e-09,-6.0114647802177235e-09,0.18265101208593515,0.2615932764912842
671_T1_R1_vs_R2,natural_variability,2,LThigh_to_LShin_rz,LThigh_to_LShin,rz,9.507338934450004e-09,8.208005538603184e-09,-1.2993333958468198e-09,0.18265101208593515,0.2615932764912842
671_T1_R1_vs_R2,natural_variability,2,LUArm_to_LFArm_rx,LUArm_to_LFArm,rx,0.20039934966936213,0.0443624448862803,-0.15603690478308183,0.18265101208593515,0.2615932764912842
671_T1_R1_vs_R2,natural_variability,2,LUArm_to_LFArm_ry,LUArm_to_LFArm,ry,0.6155317234401269,0.2847794997016682,-0.33075222373845864,0.18265101208593515,0.2615932764912842
671_T1_R1_vs_R2,natural_variability,2,LUArm_to_LFArm_rz,LUArm_to_LFArm,rz,0.2034602967443839,0.07831616760522828,-0.12514412913915562,0.18265101208593515,0.2615932764912842
671_T1_R1_vs_R2,natural_variability,2,Neck_to_Head_rx,Neck_to_Head,rx,0.02087659348700307,0.03472459278918236,0.013847999302179288,0.18265101208593515,0.2615932764912842
671_T1_R1_vs_R2,natural_variability,2,Neck_to_Head_ry,Neck_to_Head,ry,0.008081829768519662,0.019882062242368555,0.011800232473848893,0.18265101208593515,0.2615932764912842
671_T1_R1_vs_R2,natural_variability,2,Neck_to_Head_rz,Neck_to_Head,rz,0.031916230744515266,0.024870645108784506,-0.00704558563573076,0.18265101208593515,0.2615932764912842
671_T1_R1_vs_R2,natural_variability,2,RFArm_to_RHand_rx,RFArm_to_RHand,rx,0.16962053769268282,0.30960362793674806,0.13998309024406524,0.18265101208593515,0.2615932764912842
671_T1_R1_vs_R2,natural_variability,2,RFArm_to_RHand_ry,RFArm_to_RHand,ry,0.005025789166081854,0.07887872860739852,0.07385293944131666,0.18265101208593515,0.2615932764912842
671_T1_R1_vs_R2,natural_variability,2,RFArm_to_RHand_rz,RFArm_to_RHand,rz,0.48190842343044427,0.6984174422847779,0.2165090188543336,0.18265101208593515,0.2615932764912842
671_T1_R1_vs_R2,natural_variability,2,RShin_to_RFoot_rx,RShin_to_RFoot,rx,0.03762511612152432,0.04289442332757941,0.0052693072060550905,0.18265101208593515,0.2615932764912842
671_T1_R1_vs_R2,natural_variability,2,RShin_to_RFoot_ry,RShin_to_RFoot,ry,4.328598945318052e-05,0.0353777291291279,0.035334443139674716,0.18265101208593515,0.2615932764912842
671_T1_R1_vs_R2,natural_variability,2,RShin_to_RFoot_rz,RShin_to_RFoot,rz,0.03786645109339889,0.0026253770131822577,-0.03524107408021663,0.18265101208593515,0.2615932764912842
671_T1_R1_vs_R2,natural_variability,2,RShoulder_to_RUArm_rx,RShoulder_to_RUArm,rx,0.32989144669985915,0.20323172463812778,-0.12665972206173137,0.18265101208593515,0.2615932764912842
671_T1_R1_vs_R2,natural_variability,2,RShoulder_to_RUArm_ry,RShoulder_to_RUArm,ry,0.017720608114036203,0.021476222920777967,0.0037556148067417645,0.18265101208593515,0.2615932764912842
671_T1_R1_vs_R2,natural_variability,2,RShoulder_to_RUArm_rz,RShoulder_to_RUArm,rz,0.08202789345139629,0.019693718110782837,-0.062334175340613446,0.18265101208593515,0.2615932764912842
671_T1_R1_vs_R2,natural_variability,2,RThigh_to_RShin_rx,RThigh_to_RShin,rx,0.013126664535674088,0.12747307063810462,0.11434640610243053,0.18265101208593515,0.2615932764912842
671_T1_R1_vs_R2,natural_variability,2,RThigh_to_RShin_ry,RThigh_to_RShin,ry,1.0724501837077393e-08,4.342795349701063e-09,-6.38170648737633e-09,0.18265101208593515,0.2615932764912842
671_T1_R1_vs_R2,natural_variability,2,RThigh_to_RShin_rz,RThigh_to_RShin,rz,2.7922732311755878e-08,1.439015635984035e-08,-1.3532575951915528e-08,0.18265101208593515,0.2615932764912842
671_T1_R1_vs_R2,natural_variability,2,RUArm_to_RFArm_rx,RUArm_to_RFArm,rx,0.06423212495321264,0.0009321937852379564,-0.06329993116797468,0.18265101208593515,0.2615932764912842
671_T1_R1_vs_R2,natural_variability,2,RUArm_to_RFArm_ry,RUArm_to_RFArm,ry,0.25022259656301266,0.1370548497947251,-0.11316774676828756,0.18265101208593515,0.2615932764912842
671_T1_R1_vs_R2,natural_variability,2,RUArm_to_RFArm_rz,RUArm_to_RFArm,rz,0.03406210725103921,0.022357743358335038,-0.011704363892704173,0.18265101208593515,0.2615932764912842
671_T1_R1_vs_R2,natural_variability,3,Chest_to_LShoulder_rx,Chest_to_LShoulder,rx,0.01994429675547661,0.016239003247088945,-0.0037052935083876637,0.11058979386795513,0.1559546273542774
671_T1_R1_vs_R2,natural_variability,3,Chest_to_LShoulder_ry,Chest_to_LShoulder,ry,0.05355151475053058,0.06480863061212708,0.0112571158615965,0.11058979386795513,0.1559546273542774
671_T1_R1_vs_R2,natural_variability,3,Chest_to_LShoulder_rz,Chest_to_LShoulder,rz,0.007743470315752017,0.0343259856369586,0.026582515321206583,0.11058979386795513,0.1559546273542774
671_T1_R1_vs_R2,natural_variability,3,Chest_to_Neck_rx,Chest_to_Neck,rx,0.07038575275769907,0.012229489869381568,-0.058156262888317496,0.11058979386795513,0.1559546273542774
671_T1_R1_vs_R2,natural_variability,3,Chest_to_Neck_ry,Chest_to_Neck,ry,0.026849002912676716,0.013394670834463175,-0.013454332078213541,0.11058979386795513,0.1559546273542774
671_T1_R1_vs_R2,natural_variability,3,Chest_to_Neck_rz,Chest_to_Neck,rz,0.009030283112457498,0.01153511932087471,0.002504836208417212,0.11058979386795513,0.1559546273542774
671_T1_R1_vs_R2,natural_variability,3,Chest_to_RShoulder_rx,Chest_to_RShoulder,rx,0.07882820354646118,0.11123368288076511,0.03240547933430393,0.11058979386795513,0.1559546273542774
671_T1_R1_vs_R2,natural_variability,3,Chest_to_RShoulder_ry,Chest_to_RShoulder,ry,0.06399343981380284,0.06645446643440776,0.0024610266206049197,0.11058979386795513,0.1559546273542774
671_T1_R1_vs_R2,natural_variability,3,Chest_to_RShoulder_rz,Chest_to_RShoulder,rz,0.025551249554498418,0.022175827037044356,-0.0033754225174540617,0.11058979386795513,0.1559546273542774
671_T1_R1_vs_R2,natural_variability,3,LFArm_to_LHand_rx,LFArm_to_LHand,rx,0.0006935656650366766,0.007928517851292326,0.007234952186255649,0.11058979386795513,0.1559546273542774
671_T1_R1_vs_R2,natural_variability,3,LFArm_to_LHand_ry,LFArm_to_LHand,ry,0.008895130752520977,0.007205562200021943,-0.0016895685524990342,0.11058979386795513,0.1559546273542774
671_T1_R1_vs_R2,natural_variability,3,LFArm_to_LHand_rz,LFArm_to_LHand,rz,0.08741759904832214,0.0568153086529202,-0.030602290395401938,0.11058979386795513,0.1559546273542774
671_T1_R1_vs_R2,natural_variability,3,LShin_to_LFoot_rx,LShin_to_LFoot,rx,0.08349998153916388,0.02492491949147598,-0.0585750620476879,0.11058979386795513,0.1559546273542774
671_T1_R1_vs_R2,natural_variability,3,LShin_to_LFoot_ry,LShin_to_LFoot,ry,0.04673620069017774,0.012163350436070254,-0.03457285025410749,0.11058979386795513,0.1559546273542774
671_T1_R1_vs_R2,natural_variability,3,LShin_to_LFoot_rz,LShin_to_LFoot,rz,0.005880154650361682,0.009794479419116967,0.0039143247687552845,0.11058979386795513,0.1559546273542774
671_T1_R1_vs_R2,natural_variability,3,LShoulder_to_LUArm_rx,LShoulder_to_LUArm,rx,0.09020727664329042,0.006086262211526284,-0.08412101443176415,0.11058979386795513,0.1559546273542774
671_T1_R1_vs_R2,natural_variability,3,LShoulder_to_LUArm_ry,LShoulder_to_LUArm,ry,0.2511355689770312,0.25075280508785464,-0.0003827638891765739,0.11058979386795513,0.1559546273542774
671_T1_R1_vs_R2,natural_variability,3,LShoulder_to_LUArm_rz,LShoulder_to_LUArm,rz,0.01959160624485286,0.052612389551053636,0.03302078330620077,0.11058979386795513,0.1559546273542774
671_T1_R1_vs_R2,natural_variability,3,LThigh_to_LShin_rx,LThigh_to_LShin,rx,0.12784666789634302,0.019401328878367624,-0.1084453390179754,0.11058979386795513,0.1559546273542774
671_T1_R1_vs_R2,natural_variability,3,LThigh_to_LShin_ry,LThigh_to_LShin,ry,4.4555731028343715e-09,1.800234927590202e-08,1.3546776173067648e-08,0.11058979386795513,0.1559546273542774
671_T1_R1_vs_R2,natural_variability,3,LThigh_to_LShin_rz,LThigh_to_LShin,rz,1.0789323150421757e-08,1.008632563531266e-08,-7.02997515109098e-10,0.11058979386795513,0.1559546273542774
671_T1_R1_vs_R2,natural_variability,3,LUArm_to_LFArm_rx,LUArm_to_LFArm,rx,0.033083326408352515,0.0714903968522516,0.038407070443899086,0.11058979386795513,0.1559546273542774
671_T1_R1_vs_R2,natural_variability,3,LUArm_to_LFArm_ry,LUArm_to_LFArm,ry,0.13680211719070354,0.42618657664103254,0.289384459450329,0.11058979386795513,0.1559546273542774
671_T1_R1_vs_R2,natural_variability,3,LUArm_to_LFArm_rz,LUArm_to_LFArm,rz,0.04385312388121375,0.16247103279335506,0.11861790891214131,0.11058979386795513,0.1559546273542774
671_T1_R1_vs_R2,natural_variability,3,Neck_to_Head_rx,Neck_to_Head,rx,0.07038573609339997,0.01222951081771407,-0.058156225275685904,0.11058979386795513,0.1559546273542774
671_T1_R1_vs_R2,natural_variability,3,Neck_to_Head_ry,Neck_to_Head,ry,0.026849019646827395,0.013394718910172953,-0.013454300736654443,0.11058979386795513,0.1559546273542774
671_T1_R1_vs_R2,natural_variability,3,Neck_to_Head_rz,Neck_to_Head,rz,0.009030311325312578,0.011535180500691555,0.002504869175378977,0.11058979386795513,0.1559546273542774
671_T1_R1_vs_R2,natural_variability,3,RFArm_to_RHand_rx,RFArm_to_RHand,rx,0.0977972984289123,0.152547166928551,0.0547498684996387,0.11058979386795513,0.1559546273542774
671_T1_R1_vs_R2,natural_variability,3,RFArm_to_RHand_ry,RFArm_to_RHand,ry,0.013000551010911578,0.0073849161340690875,-0.0056156348768424905,0.11058979386795513,0.1559546273542774
671_T1_R1_vs_R2,natural_variability,3,RFArm_to_RHand_rz,RFArm_to_RHand,rz,0.071938955413573,0.2326302684745348,0.1606913130609618,0.11058979386795513,0.1559546273542774
671_T1_R1_vs_R2,natural_variability,3,RShin_to_RFoot_rx,RShin_to_RFoot,rx,0.07594366934801718,0.03375865255236645,-0.042185016795650725,0.11058979386795513,0.1559546273542774
671_T1_R1_vs_R2,natural_variability,3,RShin_to_RFoot_ry,RShin_to_RFoot,ry,0.021204507314832824,0.05644715560563755,0.03524264829080473,0.11058979386795513,0.1559546273542774
671_T1_R1_vs_R2,natural_variability,3,RShin_to_RFoot_rz,RShin_to_RFoot,rz,0.05723313911898528,0.024173816713013142,-0.03305932240597214,0.11058979386795513,0.1559546273542774
671_T1_R1_vs_R2,natural_variability,3,RShoulder_to_RUArm_rx,RShoulder_to_RUArm,rx,0.12618464825939701,0.24173540534085136,0.11555075708145435,0.11058979386795513,0.1559546273542774
671_T1_R1_vs_R2,natural_variability,3,RShoulder_to_RUArm_ry,RShoulder_to_RUArm,ry,0.1598760195991542,0.12304655552791385,-0.03682946407124035,0.11058979386795513,0.1559546273542774
671_T1_R1_vs_R2,natural_variability,3,RShoulder_to_RUArm_rz,RShoulder_to_RUArm,rz,0.08347871389619935,0.10516338052070234,0.021684666624502996,0.11058979386795513,0.1559546273542774
671_T1_R1_vs_R2,natural_variability,3,RThigh_to_RShin_rx,RThigh_to_RShin,rx,0.1985748723431833,0.005378396040885333,-0.19319647630229797,0.11058979386795513,0.1559546273542774
671_T1_R1_vs_R2,natural_variability,3,RThigh_to_RShin_ry,RThigh_to_RShin,ry,1.1951523073809578e-08,2.6103802553302366e-08,1.4152279479492788e-08,0.11058979386795513,0.1559546273542774
671_T1_R1_vs_R2,natural_variability,3,RThigh_to_RShin_rz,RThigh_to_RShin,rz,1.7477910734768213e-08,1.2880057710951395e-09,-1.6189904963673074e-08,0.11058979386795513,0.1559546273542774
671_T1_R1_vs_R2,natural_variability,3,RUArm_to_RFArm_rx,RUArm_to_RFArm,rx,0.04966825745816596,0.07402797286961679,0.024359715411450836,0.11058979386795513,0.1559546273542774
671_T1_R1_vs_R2,natural_variability,3,RUArm_to_RFArm_ry,RUArm_to_RFArm,ry,0.8535483702681235,0.7140856425999731,-0.13946272766815038,0.11058979386795513,0.1559546273542774
671_T1_R1_vs_R2,natural_variability,3,RUArm_to_RFArm_rz,RUArm_to_RFArm,rz,0.0657486101316772,0.10162830432717058,0.03587969419549339,0.11058979386795513,0.1559546273542774
671_T1_R1_vs_R2,natural_variability,4,Chest_to_LShoulder_rx,Chest_to_LShoulder,rx,0.07512108376968303,0.0754868279674271,0.0003657441977440723,0.08107970354506204,0.10500847903034877
671_T1_R1_vs_R2,natural_variability,4,Chest_to_LShoulder_ry,Chest_to_LShoulder,ry,0.046012197886933746,0.07490631479282872,0.028894116905894975,0.08107970354506204,0.10500847903034877
671_T1_R1_vs_R2,natural_variability,4,Chest_to_LShoulder_rz,Chest_to_LShoulder,rz,0.07307312503896139,0.03692496283125892,-0.03614816220770247,0.08107970354506204,0.10500847903034877
671_T1_R1_vs_R2,natural_variability,4,Chest_to_Neck_rx,Chest_to_Neck,rx,0.1616327032877363,0.2149102049649332,0.053277501677196915,0.08107970354506204,0.10500847903034877
671_T1_R1_vs_R2,natural_variability,4,Chest_to_Neck_ry,Chest_to_Neck,ry,0.02897501591049634,0.010583248768888248,-0.018391767141608093,0.08107970354506204,0.10500847903034877
671_T1_R1_vs_R2,natural_variability,4,Chest_to_Neck_rz,Chest_to_Neck,rz,0.015015111760563096,0.02058588903296481,0.005570777272401715,0.08107970354506204,0.10500847903034877
671_T1_R1_vs_R2,natural_variability,4,Chest_to_RShoulder_rx,Chest_to_RShoulder,rx,0.13000900912665878,0.08335328720301442,-0.04665572192364435,0.08107970354506204,0.10500847903034877
671_T1_R1_vs_R2,natural_variability,4,Chest_to_RShoulder_ry,Chest_to_RShoulder,ry,0.04100093216554685,0.05435633556765051,0.013355403402103658,0.08107970354506204,0.10500847903034877
671_T1_R1_vs_R2,natural_variability,4,Chest_to_RShoulder_rz,Chest_to_RShoulder,rz,0.06313709198405743,0.11633477001226979,0.05319767802821236,0.08107970354506204,0.10500847903034877
671_T1_R1_vs_R2,natural_variability,4,LFArm_to_LHand_rx,LFArm_to_LHand,rx,0.14370111556068202,0.10421382902046858,-0.03948728654021344,0.08107970354506204,0.10500847903034877
671_T1_R1_vs_R2,natural_variability,4,LFArm_to_LHand_ry,LFArm_to_LHand,ry,0.04737666993351281,0.02116217675649111,-0.0262144931770217,0.08107970354506204,0.10500847903034877
671_T1_R1_vs_R2,natural_variability,4,LFArm_to_LHand_rz,LFArm_to_LHand,rz,0.3931558950885648,0.28527024675154017,-0.10788564833702463,0.08107970354506204,0.10500847903034877
671_T1_R1_vs_R2,natural_variability,4,LShin_to_LFoot_rx,LShin_to_LFoot,rx,0.04981592037682355,0.03277563956190718,-0.01704028081491637,0.08107970354506204,0.10500847903034877
671_T1_R1_vs_R2,natural_variability,4,LShin_to_LFoot_ry,LShin_to_LFoot,ry,0.16307753943664852,0.14837924774796754,-0.014698291688680976,0.08107970354506204,0.10500847903034877
671_T1_R1_vs_R2,natural_variability,4,LShin_to_LFoot_rz,LShin_to_LFoot,rz,0.05673214382976882,0.060557540215613596,0.0038253963858447745,0.08107970354506204,0.10500847903034877
671_T1_R1_vs_R2,natural_variability,4,LShoulder_to_LUArm_rx,LShoulder_to_LUArm,rx,0.20841198620295084,0.16162231394182913,-0.04678967226112171,0.08107970354506204,0.10500847903034877
671_T1_R1_vs_R2,natural_variability,4,LShoulder_to_LUArm_ry,LShoulder_to_LUArm,ry,0.02047109803152469,0.1776789069765403,0.1572078089450156,0.08107970354506204,0.10500847903034877
671_T1_R1_vs_R2,natural_variability,4,LShoulder_to_LUArm_rz,LShoulder_to_LUArm,rz,0.01870159889568205,0.0063283705411964555,-0.012373228354485594,0.08107970354506204,0.10500847903034877
671_T1_R1_vs_R2,natural_variability,4,LThigh_to_LShin_rx,LThigh_to_LShin,rx,0.21099049967209194,0.19110347901215413,-0.019887020659937804,0.08107970354506204,0.10500847903034877
671_T1_R1_vs_R2,natural_variability,4,LThigh_to_LShin_ry,LThigh_to_LShin,ry,3.0750164846969374e-08,1.8679753360124332e-08,-1.2070411486845041e-08,0.08107970354506204,0.10500847903034877
671_T1_R1_vs_R2,natural_variability,4,LThigh_to_LShin_rz,LThigh_to_LShin,rz,2.1100843155528058e-08,3.184892028540828e-08,1.074807712988022e-08,0.08107970354506204,0.10500847903034877
671_T1_R1_vs_R2,natural_variability,4,LUArm_to_LFArm_rx,LUArm_to_LFArm,rx,0.17693052600384004,0.1623632879687396,-0.014567238035100433,0.08107970354506204,0.10500847903034877
671_T1_R1_vs_R2,natural_variability,4,LUArm_to_LFArm_ry,LUArm_to_LFArm,ry,0.28281547713903316,0.06895124688073333,-0.21386423025829981,0.08107970354506204,0.10500847903034877
671_T1_R1_vs_R2,natural_variability,4,LUArm_to_LFArm_rz,LUArm_to_LFArm,rz,0.11366103366130614,0.08319603567114131,-0.030464997990164833,0.08107970354506204,0.10500847903034877
671_T1_R1_vs_R2,natural_variability,4,Neck_to_Head_rx,Neck_to_Head,rx,0.16163269069271552,0.21491019707993692,0.053277506387221396,0.08107970354506204,0.10500847903034877
671_T1_R1_vs_R2,natural_variability,4,Neck_to_Head_ry,Neck_to_Head,ry,0.0289750747387627,0.01058327650506041,-0.01839179823370229,0.08107970354506204,0.10500847903034877
671_T1_R1_vs_R2,natural_variability,4,Neck_to_Head_rz,Neck_to_Head,rz,0.015015118028151898,0.02058588800250923,0.005570769974357331,0.08107970354506204,0.10500847903034877
671_T1_R1_vs_R2,natural_variability,4,RFArm_to_RHand_rx,RFArm_to_RHand,rx,0.0010284397433492887,0.07156101635761156,0.07053257661426227,0.08107970354506204,0.10500847903034877
671_T1_R1_vs_R2,natural_variability,4,RFArm_to_RHand_ry,RFArm_to_RHand,ry,0.03463608014803847,0.004041936696088534,-0.030594143451949937,0.08107970354506204,0.10500847903034877
671_T1_R1_vs_R2,natural_variability,4,RFArm_to_RHand_rz,RFArm_to_RHand,rz,0.17879814095152463,0.03702441391468571,-0.14177372703683894,0.08107970354506204,0.10500847903034877
671_T1_R1_vs_R2,natural_variability,4,RShin_to_RFoot_rx,RShin_to_RFoot,rx,0.28177287176588334,0.3136529995599822,0.03188012779409888,0.08107970354506204,0.10500847903034877
671_T1_R1_vs_R2,natural_variability,4,RShin_to_RFoot_ry,RShin_to_RFoot,ry,0.005948450308300075,0.004133957447056074,-0.0018144928612440006,0.08107970354506204,0.10500847903034877
671_T1_R1_vs_R2,natural_variability,4,RShin_to_RFoot_rz,RShin_to_RFoot,rz,0.12179779363931963,0.16723635394208264,0.04543856030276301,0.08107970354506204,0.10500847903034877
671_T1_R1_vs_R2,natural_variability,4,RShoulder_to_RUArm_rx,RShoulder_to_RUArm,rx,0.3512905651307641,0.23027578962731993,-0.1210147755034442,0.08107970354506204,0.10500847903034877
671_T1_R1_vs_R2,natural_variability,4,RShoulder_to_RUArm_ry,RShoulder_to_RUArm,ry,0.2765581552683959,0.3204461978512928,0.04388804258289691,0.08107970354506204,0.10500847903034877
671_T1_R1_vs_R2,natural_variability,4,RShoulder_to_RUArm_rz,RShoulder_to_RUArm,rz,0.19012332075736377,0.21207914317774113,0.021955822420377358,0.08107970354506204,0.10500847903034877
671_T1_R1_vs_R2,natural_variability,4,RThigh_to_RShin_rx,RThigh_to_RShin,rx,0.18143991810094628,0.3423434032971731,0.16090348519622683,0.08107970354506204,0.10500847903034877
671_T1_R1_vs_R2,natural_variability,4,RThigh_to_RShin_ry,RThigh_to_RShin,ry,9.373553905753243e-09,9.730891377811323e-09,3.5733747205808e-10,0.08107970354506204,0.10500847903034877
671_T1_R1_vs_R2,natural_variability,4,RThigh_to_RShin_rz,RThigh_to_RShin,rz,7.447618566758976e-09,1.3857102727632791e-08,6.409484160873815e-09,0.08107970354506204,0.10500847903034877
671_T1_R1_vs_R2,natural_variability,4,RUArm_to_RFArm_rx,RUArm_to_RFArm,rx,0.2476556048218582,0.328877872527783,0.0812222677059248,0.08107970354506204,0.10500847903034877
671_T1_R1_vs_R2,natural_variability,4,RUArm_to_RFArm_ry,RUArm_to_RFArm,ry,0.06235357454750368,0.013721566589720182,-0.0486320079577835,0.08107970354506204,0.10500847903034877
671_T1_R1_vs_R2,natural_variability,4,RUArm_to_RFArm_rz,RUArm_to_RFArm,rz,0.16014581985891554,0.24413522299599189,0.08398940313707634,0.08107970354506204,0.10500847903034877
671_T1_R1_vs_R2,natural_variability,5,Chest_to_LShoulder_rx,Chest_to_LShoulder,rx,0.02514344292716098,0.12452738449846953,0.09938394157130856,0.059563874722835385,0.07438766832392281
671_T1_R1_vs_R2,natural_variability,5,Chest_to_LShoulder_ry,Chest_to_LShoulder,ry,0.0727375419432068,0.07352380425652094,0.0007862623133141483,0.059563874722835385,0.07438766832392281
671_T1_R1_vs_R2,natural_variability,5,Chest_to_LShoulder_rz,Chest_to_LShoulder,rz,0.005163172721208748,0.0790138640216161,0.07385069130040735,0.059563874722835385,0.07438766832392281
671_T1_R1_vs_R2,natural_variability,5,Chest_to_Neck_rx,Chest_to_Neck,rx,0.1504553263099061,0.14699252824908404,-0.0034627980608220588,0.059563874722835385,0.07438766832392281
671_T1_R1_vs_R2,natural_variability,5,Chest_to_Neck_ry,Chest_to_Neck,ry,0.031612525175421125,0.07550866592856931,0.04389614075314818,0.059563874722835385,0.07438766832392281
671_T1_R1_vs_R2,natural_variability,5,Chest_to_Neck_rz,Chest_to_Neck,rz,0.015020423204622017,0.03988064868818141,0.024860225483559394,0.059563874722835385,0.07438766832392281
671_T1_R1_vs_R2,natural_variability,5,Chest_to_RShoulder_rx,Chest_to_RShoulder,rx,0.01824110440961694,0.0753016318038133,0.05706052739419636,0.059563874722835385,0.07438766832392281
671_T1_R1_vs_R2,natural_variability,5,Chest_to_RShoulder_ry,Chest_to_RShoulder,ry,0.041654055760794166,0.01986857094922069,-0.021785484811573476,0.059563874722835385,0.07438766832392281
671_T1_R1_vs_R2,natural_variability,5,Chest_to_RShoulder_rz,Chest_to_RShoulder,rz,0.12568833028957513,0.09490868559206819,-0.030779644697506936,0.059563874722835385,0.07438766832392281
671_T1_R1_vs_R2,natural_variability,5,LFArm_to_LHand_rx,LFArm_to_LHand,rx,0.1449044752861798,0.08730738017484789,-0.05759709511133192,0.059563874722835385,0.07438766832392281
671_T1_R1_vs_R2,natural_variability,5,LFArm_to_LHand_ry,LFArm_to_LHand,ry,0.055839879669589025,0.07526931363561798,0.019429433966028954,0.059563874722835385,0.07438766832392281
671_T1_R1_vs_R2,natural_variability,5,LFArm_to_LHand_rz,LFArm_to_LHand,rz,0.42069026290277955,0.29179755093465526,-0.1288927119681243,0.059563874722835385,0.07438766832392281
671_T1_R1_vs_R2,natural_variability,5,LShin_to_LFoot_rx,LShin_to_LFoot,rx,0.028885751220544105,0.12020423104722125,0.09131847982667715,0.059563874722835385,0.07438766832392281
671_T1_R1_vs_R2,natural_variability,5,LShin_to_LFoot_ry,LShin_to_LFoot,ry,0.07168674492821296,0.12048086450566046,0.0487941195774475,0.059563874722835385,0.07438766832392281
671_T1_R1_vs_R2,natural_variability,5,LShin_to_LFoot_rz,LShin_to_LFoot,rz,0.017042435166704135,0.016987437580962814,-5.49975857413211e-05,0.059563874722835385,0.07438766832392281
671_T1_R1_vs_R2,natural_variability,5,LShoulder_to_LUArm_rx,LShoulder_to_LUArm,rx,0.1432020729856019,0.24326088144895588,0.100058808463354,0.059563874722835385,0.07438766832392281
671_T1_R1_vs_R2,natural_variability,5,LShoulder_to_LUArm_ry,LShoulder_to_LUArm,ry,0.42796678021088524,0.34931069032388906,-0.07865608988699618,0.059563874722835385,0.07438766832392281
671_T1_R1_vs_R2,natural_variability,5,LShoulder_to_LUArm_rz,LShoulder_to_LUArm,rz,0.04066474353708487,0.2760542230408364,0.2353894795037515,0.059563874722835385,0.07438766832392281
671_T1_R1_vs_R2,natural_variability,5,LThigh_to_LShin_rx,LThigh_to_LShin,rx,0.13046627524401852,0.05232954612952682,-0.07813672911449171,0.059563874722835385,0.07438766832392281
671_T1_R1_vs_R2,natural_variability,5,LThigh_to_LShin_ry,LThigh_to_LShin,ry,9.140406794690037e-09,4.669800450132415e-09,-4.470606344557622e-09,0.059563874722835385,0.07438766832392281
671_T1_R1_vs_R2,natural_variability,5,LThigh_to_LShin_rz,LThigh_to_LShin,rz,2.424942684736248e-08,3.017717801221941e-08,5.9277511648569325e-09,0.059563874722835385,0.07438766832392281
671_T1_R1_vs_R2,natural_variability,5,LUArm_to_LFArm_rx,LUArm_to_LFArm,rx,0.15705155035950394,0.014266378758047826,-0.14278517160145612,0.059563874722835385,0.07438766832392281
671_T1_R1_vs_R2,natural_variability,5,LUArm_to_LFArm_ry,LUArm_to_LFArm,ry,0.3764288298069355,0.1328716529068871,-0.24355717690004838,0.059563874722835385,0.07438766832392281
671_T1_R1_vs_R2,natural_variability,5,LUArm_to_LFArm_rz,LUArm_to_LFArm,rz,0.0922335953139499,0.03383483691580835,-0.05839875839814154,0.059563874722835385,0.07438766832392281
671_T1_R1_vs_R2,natural_variability,5,Neck_to_Head_rx,Neck_to_Head,rx,0.15045536420256586,0.1469924871610227,-0.003462877041543161,0.059563874722835385,0.07438766832392281
671_T1_R1_vs_R2,natural_variability,5,Neck_to_Head_ry,Neck_to_Head,ry,0.031612609273158766,0.075508615445192,0.04389600617203323,0.059563874722835385,0.07438766832392281
671_T1_R1_vs_R2,natural_variability,5,Neck_to_Head_rz,Neck_to_Head,rz,0.015020400382274295,0.03988060413199713,0.024860203749722833,0.059563874722835385,0.07438766832392281
671_T1_R1_vs_R2,natural_variability,5,RFArm_to_RHand_rx,RFArm_to_RHand,rx,0.003099625095464664,0.16627491514847836,0.1631752900530137,0.059563874722835385,0.07438766832392281
671_T1_R1_vs_R2,natural_variability,5,RFArm_to_RHand_ry,RFArm_to_RHand,ry,0.028944118923951403,0.2099748695214582,0.18103075059750678,0.059563874722835385,0.07438766832392281
671_T1_R1_vs_R2,natural_variability,5,RFArm_to_RHand_rz,RFArm_to_RHand,rz,0.05681025698143198,0.1969071661757122,0.1400969091942802,0.059563874722835385,0.07438766832392281
671_T1_R1_vs_R2,natural_variability,5,RShin_to_RFoot_rx,RShin_to_RFoot,rx,0.19701256389237953,0.16141445723708217,-0.03559810665529736,0.059563874722835385,0.07438766832392281
671_T1_R1_vs_R2,natural_variability,5,RShin_to_RFoot_ry,RShin_to_RFoot,ry,0.04631224640540576,0.14343702623778865,0.09712477983238288,0.059563874722835385,0.07438766832392281
671_T1_R1_vs_R2,natural_variability,5,RShin_to_RFoot_rz,RShin_to_RFoot,rz,0.0946147132944018,0.040152559806281754,-0.054462153488120044,0.059563874722835385,0.07438766832392281
671_T1_R1_vs_R2,natural_variability,5,RShoulder_to_RUArm_rx,RShoulder_to_RUArm,rx,0.004919365187105753,0.159219203004276,0.15429983781717024,0.059563874722835385,0.07438766832392281
671_T1_R1_vs_R2,natural_variability,5,RShoulder_to_RUArm_ry,RShoulder_to_RUArm,ry,0.19566950893879814,0.06416060464518779,-0.13150890429361034,0.059563874722835385,0.07438766832392281
671_T1_R1_vs_R2,natural_variability,5,RShoulder_to_RUArm_rz,RShoulder_to_RUArm,rz,0.09887610814329582,0.17163063048245805,0.07275452233916223,0.059563874722835385,0.07438766832392281
671_T1_R1_vs_R2,natural_variability,5,RThigh_to_RShin_rx,RThigh_to_RShin,rx,0.3109129335788853,0.08071332740135348,-0.2301996061775318,0.059563874722835385,0.07438766832392281
671_T1_R1_vs_R2,natural_variability,5,RThigh_to_RShin_ry,RThigh_to_RShin,ry,2.450789606327728e-08,4.5345181138716715e-08,2.0837285075439436e-08,0.059563874722835385,0.07438766832392281
671_T1_R1_vs_R2,natural_variability,5,RThigh_to_RShin_rz,RThigh_to_RShin,rz,7.734679716197796e-09,2.3019294669025814e-08,1.5284614952828018e-08,0.059563874722835385,0.07438766832392281
671_T1_R1_vs_R2,natural_variability,5,RUArm_to_RFArm_rx,RUArm_to_RFArm,rx,0.2131007436433336,0.35144728128981256,0.13834653764647897,0.059563874722835385,0.07438766832392281
671_T1_R1_vs_R2,natural_variability,5,RUArm_to_RFArm_ry,RUArm_to_RFArm,ry,0.208919953095289,0.3113993686989776,0.10247941560368862,0.059563874722835385,0.07438766832392281
671_T1_R1_vs_R2,natural_variability,5,RUArm_to_RFArm_rz,RUArm_to_RFArm,rz,0.18998566117662224,0.22016146561719907,0.030175804440576826,0.059563874722835385,0.07438766832392281
671_T1_R1_vs_R2,natural_variability,6,Chest_to_LShoulder_rx,Chest_to_LShoulder,rx,0.08172777182761415,0.05521919212285937,-0.02650857970475478,0.05283704251788248,0.0522182481549638
671_T1_R1_vs_R2,natural_variability,6,Chest_to_LShoulder_ry,Chest_to_LShoulder,ry,0.07508712123350916,0.05228687594567017,-0.022800245287838992,0.05283704251788248,0.0522182481549638
671_T1_R1_vs_R2,natural_variability,6,Chest_to_LShoulder_rz,Chest_to_LShoulder,rz,0.06283055059886905,0.07200489711656687,0.009174346517697815,0.05283704251788248,0.0522182481549638
671_T1_R1_vs_R2,natural_variability,6,Chest_to_Neck_rx,Chest_to_Neck,rx,0.05511543271237034,0.06250308758203937,0.007387654869669032,0.05283704251788248,0.0522182481549638
671_T1_R1_vs_R2,natural_variability,6,Chest_to_Neck_ry,Chest_to_Neck,ry,0.06190835453383619,0.03688006688144947,-0.025028287652386717,0.05283704251788248,0.0522182481549638
671_T1_R1_vs_R2,natural_variability,6,Chest_to_Neck_rz,Chest_to_Neck,rz,0.0301777912012276,0.02262966488043718,-0.007548126320790421,0.05283704251788248,0.0522182481549638
671_T1_R1_vs_R2,natural_variability,6,Chest_to_RShoulder_rx,Chest_to_RShoulder,rx,0.12001159717328559,0.14252565734748665,0.02251406017420106,0.05283704251788248,0.0522182481549638
671_T1_R1_vs_R2,natural_variability,6,Chest_to_RShoulder_ry,Chest_to_RShoulder,ry,0.03050330467914746,0.03096747341366814,0.0004641687345206813,0.05283704251788248,0.0522182481549638
671_T1_R1_vs_R2,natural_variability,6,Chest_to_RShoulder_rz,Chest_to_RShoulder,rz,0.059545955458176515,0.08957887135420228,0.030032915896025768,0.05283704251788248,0.0522182481549638
671_T1_R1_vs_R2,natural_variability,6,LFArm_to_LHand_rx,LFArm_to_LHand,rx,0.08648513116445121,0.19457190019010207,0.10808676902565086,0.05283704251788248,0.0522182481549638
671_T1_R1_vs_R2,natural_variability,6,LFArm_to_LHand_ry,LFArm_to_LHand,ry,0.1512309575170018,0.09802964652462713,-0.05320131099237467,0.05283704251788248,0.0522182481549638
671_T1_R1_vs_R2,natural_variability,6,LFArm_to_LHand_rz,LFArm_to_LHand,rz,0.34998069740194554,0.4113752902545935,0.06139459285264798,0.05283704251788248,0.0522182481549638
671_T1_R1_vs_R2,natural_variability,6,LShin_to_LFoot_rx,LShin_to_LFoot,rx,0.03725997457834687,0.007192341570812391,-0.03006763300753448,0.05283704251788248,0.0522182481549638
671_T1_R1_vs_R2,natural_variability,6,LShin_to_LFoot_ry,LShin_to_LFoot,ry,0.027684253033852347,0.052915732844687445,0.025231479810835098,0.05283704251788248,0.0522182481549638
671_T1_R1_vs_R2,natural_variability,6,LShin_to_LFoot_rz,LShin_to_LFoot,rz,0.049368220492649995,0.02463258291496589,-0.024735637577684103,0.05283704251788248,0.0522182481549638
671_T1_R1_vs_R2,natural_variability,6,LShoulder_to_LUArm_rx,LShoulder_to_LUArm,rx,0.10967832229534823,0.2686499559469915,0.15897163365164324,0.05283704251788248,0.0522182481549638
671_T1_R1_vs_R2,natural_variability,6,LShoulder_to_LUArm_ry,LShoulder_to_LUArm,ry,0.39131237112235007,0.4155233922123623,0.02421102109001222,0.05283704251788248,0.0522182481549638
671_T1_R1_vs_R2,natural_variability,6,LShoulder_to_LUArm_rz,LShoulder_to_LUArm,rz,0.21425095356480953,0.03069477361458443,-0.1835561799502251,0.05283704251788248,0.0522182481549638
671_T1_R1_vs_R2,natural_variability,6,LThigh_to_LShin_rx,LThigh_to_LShin,rx,0.017414853306891152,0.043727797656885815,0.026312944349994663,0.05283704251788248,0.0522182481549638
671_T1_R1_vs_R2,natural_variability,6,LThigh_to_LShin_ry,LThigh_to_LShin,ry,2.6847239512098808e-08,4.1845534635794014e-08,1.4998295123695207e-08,0.05283704251788248,0.0522182481549638
671_T1_R1_vs_R2,natural_variability,6,LThigh_to_LShin_rz,LThigh_to_LShin,rz,2.9768919145371415e-08,2.108939823671196e-08,-8.679520908659456e-09,0.05283704251788248,0.0522182481549638
671_T1_R1_vs_R2,natural_variability,6,LUArm_to_LFArm_rx,LUArm_to_LFArm,rx,0.15006524442390373,0.087383233787794,-0.06268201063610973,0.05283704251788248,0.0522182481549638
671_T1_R1_vs_R2,natural_variability,6,LUArm_to_LFArm_ry,LUArm_to_LFArm,ry,0.08163334928349604,0.27155869066991334,0.1899253413864173,0.05283704251788248,0.0522182481549638
671_T1_R1_vs_R2,natural_variability,6,LUArm_to_LFArm_rz,LUArm_to_LFArm,rz,0.10043527146135026,0.08654723890812155,-0.013888032553228707,0.05283704251788248,0.0522182481549638
671_T1_R1_vs_R2,natural_variability,6,Neck_to_Head_rx,Neck_to_Head,rx,0.0551153706055979,0.06250307636386113,0.007387705758263224,0.05283704251788248,0.0522182481549638
671_T1_R1_vs_R2,natural_variability,6,Neck_to_Head_ry,Neck_to_Head,ry,0.061908313378601386,0.036880141984827475,-0.02502817139377391,0.05283704251788248,0.0522182481549638
671_T1_R1_vs_R2,natural_variability,6,Neck_to_Head_rz,Neck_to_Head,rz,0.030177789115053186,0.022629647515275,-0.007548141599778187,0.05283704251788248,0.0522182481549638
671_T1_R1_vs_R2,natural_variability,6,RFArm_to_RHand_rx,RFArm_to_RHand,rx,0.12473359668978619,0.03442113556371084,-0.09031246112607536,0.05283704251788248,0.0522182481549638
671_T1_R1_vs_R2,natural_variability,6,RFArm_to_RHand_ry,RFArm_to_RHand,ry,0.20856471014451541,0.03259440590522552,-0.1759703042392899,0.05283704251788248,0.0522182481549638
671_T1_R1_vs_R2,natural_variability,6,RFArm_to_RHand_rz,RFArm_to_RHand,rz,0.08275700864962901,0.13675391808961626,0.05399690943998725,0.05283704251788248,0.0522182481549638
671_T1_R1_vs_R2,natural_variability,6,RShin_to_RFoot_rx,RShin_to_RFoot,rx,0.06324712760326176,0.020592743935036472,-0.042654383668225285,0.05283704251788248,0.0522182481549638
671_T1_R1_vs_R2,natural_variability,6,RShin_to_RFoot_ry,RShin_to_RFoot,ry,0.07923017542440486,0.030339073699715724,-0.048891101724689134,0.05283704251788248,0.0522182481549638
671_T1_R1_vs_R2,natural_variability,6,RShin_to_RFoot_rz,RShin_to_RFoot,rz,0.11765692446199852,0.09316073755528376,-0.024496186906714762,0.05283704251788248,0.0522182481549638
671_T1_R1_vs_R2,natural_variability,6,RShoulder_to_RUArm_rx,RShoulder_to_RUArm,rx,0.2767724326768435,0.3542640514033759,0.07749161872653243,0.05283704251788248,0.0522182481549638
671_T1_R1_vs_R2,natural_variability,6,RShoulder_to_RUArm_ry,RShoulder_to_RUArm,ry,0.06513005292663449,0.0011936637526293735,-0.06393638917400511,0.05283704251788248,0.0522182481549638
671_T1_R1_vs_R2,natural_variability,6,RShoulder_to_RUArm_rz,RShoulder_to_RUArm,rz,0.13300340695015123,0.00425002464746023,-0.12875338230269098,0.05283704251788248,0.0522182481549638
671_T1_R1_vs_R2,natural_variability,6,RThigh_to_RShin_rx,RThigh_to_RShin,rx,0.3844710576324493,0.42753947218434524,0.04306841455189592,0.05283704251788248,0.0522182481549638
671_T1_R1_vs_R2,natural_variability,6,RThigh_to_RShin_ry,RThigh_to_RShin,ry,4.424829224895466e-08,4.658400510169777e-08,2.33571285274311e-09,0.05283704251788248,0.0522182481549638
671_T1_R1_vs_R2,natural_variability,6,RThigh_to_RShin_rz,RThigh_to_RShin,rz,1.7437861335496336e-08,1.1133442701253423e-08,-6.3044186342429124e-09,0.05283704251788248,0.0522182481549638
671_T1_R1_vs_R2,natural_variability,6,RUArm_to_RFArm_rx,RUArm_to_RFArm,rx,0.3328213666845954,0.08254019173551412,-0.25028117494908125,0.05283704251788248,0.0522182481549638
671_T1_R1_vs_R2,natural_variability,6,RUArm_to_RFArm_ry,RUArm_to_RFArm,ry,0.2510837435287348,0.17586203115121254,-0.07522171237752226,0.05283704251788248,0.0522182481549638
671_T1_R1_vs_R2,natural_variability,6,RUArm_to_RFArm_rz,RUArm_to_RFArm,rz,0.17618018327407325,0.12016247393668997,-0.05601770933738329,0.05283704251788248,0.0522182481549638
671_T1_R1_vs_R2,natural_variability,7,Chest_to_LShoulder_rx,Chest_to_LShoulder,rx,0.10235882614665995,0.05475558233658777,-0.04760324381007218,0.039047683706599,0.03469935628193887
671_T1_R1_vs_R2,natural_variability,7,Chest_to_LShoulder_ry,Chest_to_LShoulder,ry,0.05885957269476299,0.03835932762132304,-0.02050024507343995,0.039047683706599,0.03469935628193887
671_T1_R1_vs_R2,natural_variability,7,Chest_to_LShoulder_rz,Chest_to_LShoulder,rz,0.03283755307151086,0.024541105333618054,-0.008296447737892804,0.039047683706599,0.03469935628193887
671_T1_R1_vs_R2,natural_variability,7,Chest_to_Neck_rx,Chest_to_Neck,rx,0.16884645072561016,0.18836978099202628,0.019523330266416117,0.039047683706599,0.03469935628193887
671_T1_R1_vs_R2,natural_variability,7,Chest_to_Neck_ry,Chest_to_Neck,ry,0.045423642870316326,0.03575949674138859,-0.009664146128927735,0.039047683706599,0.03469935628193887
671_T1_R1_vs_R2,natural_variability,7,Chest_to_Neck_rz,Chest_to_Neck,rz,0.033782605961405136,0.014543534412968875,-0.01923907154843626,0.039047683706599,0.03469935628193887
671_T1_R1_vs_R2,natural_variability,7,Chest_to_RShoulder_rx,Chest_to_RShoulder,rx,0.014971605580238682,0.05060634817703304,0.03563474259679436,0.039047683706599,0.03469935628193887
671_T1_R1_vs_R2,natural_variability,7,Chest_to_RShoulder_ry,Chest_to_RShoulder,ry,0.020447791893552836,0.0059390684137020635,-0.014508723479850771,0.039047683706599,0.03469935628193887
671_T1_R1_vs_R2,natural_variability,7,Chest_to_RShoulder_rz,Chest_to_RShoulder,rz,0.061674506470363315,0.033649123579632775,-0.02802538289073054,0.039047683706599,0.03469935628193887
671_T1_R1_vs_R2,natural_variability,7,LFArm_to_LHand_rx,LFArm_to_LHand,rx,0.03693071476681099,0.04370381232006324,0.006773097553252248,0.039047683706599,0.03469935628193887
671_T1_R1_vs_R2,natural_variability,7,LFArm_to_LHand_ry,LFArm_to_LHand,ry,0.15750685846351445,0.1986010335960818,0.04109417513256736,0.039047683706599,0.03469935628193887
671_T1_R1_vs_R2,natural_variability,7,LFArm_to_LHand_rz,LFArm_to_LHand,rz,0.08721257610413832,0.33996393339745856,0.2527513572933202,0.039047683706599,0.03469935628193887
671_T1_R1_vs_R2,natural_variability,7,LShin_to_LFoot_rx,LShin_to_LFoot,rx,0.24590747166788748,0.2534737830595829,0.007566311391695418,0.039047683706599,0.03469935628193887
671_T1_R1_vs_R2,natural_variability,7,LShin_to_LFoot_ry,LShin_to_LFoot,ry,0.20456924518169925,0.19540854005716463,-0.009160705124534624,0.039047683706599,0.03469935628193887
671_T1_R1_vs_R2,natural_variability,7,LShin_to_LFoot_rz,LShin_to_LFoot,rz,0.06141698054772437,0.07220910286765689,0.01079212231993252,0.039047683706599,0.03469935628193887
671_T1_R1_vs_R2,natural_variability,7,LShoulder_to_LUArm_rx,LShoulder_to_LUArm,rx,0.2726588573908804,0.15864930865917037,-0.11400954873171004,0.039047683706599,0.03469935628193887
671_T1_R1_vs_R2,natural_variability,7,LShoulder_to_LUArm_ry,LShoulder_to_LUArm,ry,0.2337285861843172,0.1918171240993168,-0.04191146208500038,0.039047683706599,0.03469935628193887
671_T1_R1_vs_R2,natural_variability,7,LShoulder_to_LUArm_rz,LShoulder_to_LUArm,rz,0.13775861399479641,0.036946677517154976,-0.10081193647764145,0.039047683706599,0.03469935628193887
671_T1_R1_vs_R2,natural_variability,7,LThigh_to_LShin_rx,LThigh_to_LShin,rx,0.11526763554939215,0.13839962472776704,0.02313198917837489,0.039047683706599,0.03469935628193887
671_T1_R1_vs_R2,natural_variability,7,LThigh_to_LShin_ry,LThigh_to_LShin,ry,4.6510661261462805e-08,4.0888703077603535e-08,-5.62195818385927e-09,0.039047683706599,0.03469935628193887
671_T1_R1_vs_R2,natural_variability,7,LThigh_to_LShin_rz,LThigh_to_LShin,rz,1.2775393424673533e-09,1.170345850445691e-09,-1.0719349202166225e-10,0.039047683706599,0.03469935628193887
671_T1_R1_vs_R2,natural_variability,7,LUArm_to_LFArm_rx,LUArm_to_LFArm,rx,0.3170084400726999,0.3517217523194321,0.034713312246732186,0.039047683706599,0.03469935628193887
671_T1_R1_vs_R2,natural_variability,7,LUArm_to_LFArm_ry,LUArm_to_LFArm,ry,0.0919214300028613,0.2534810951309551,0.16155966512809383,0.039047683706599,0.03469935628193887
671_T1_R1_vs_R2,natural_variability,7,LUArm_to_LFArm_rz,LUArm_to_LFArm,rz,0.33707752566163934,0.3072853843090563,-0.029792141352583068,0.039047683706599,0.03469935628193887
671_T1_R1_vs_R2,natural_variability,7,Neck_to_Head_rx,Neck_to_Head,rx,0.1688465171971859,0.18836987405221264,0.019523356855026736,0.039047683706599,0.03469935628193887
671_T1_R1_vs_R2,natural_variability,7,Neck_to_Head_ry,Neck_to_Head,ry,0.04542361948789855,0.03575953623521445,-0.009664083252684107,0.039047683706599,0.03469935628193887
671_T1_R1_vs_R2,natural_variability,7,Neck_to_Head_rz,Neck_to_Head,rz,0.033782531210271666,0.01454348896379944,-0.019239042246472226,0.039047683706599,0.03469935628193887
671_T1_R1_vs_R2,natural_variability,7,RFArm_to_RHand_rx,RFArm_to_RHand,rx,0.026401536138240377,0.06719356609180782,0.04079202995356744,0.039047683706599,0.03469935628193887
671_T1_R1_vs_R2,natural_variability,7,RFArm_to_RHand_ry,RFArm_to_RHand,ry,0.06192396352269281,0.06994930874112402,0.008025345218431214,0.039047683706599,0.03469935628193887
671_T1_R1_vs_R2,natural_variability,7,RFArm_to_RHand_rz,RFArm_to_RHand,rz,0.08538146543047026,0.040497436242926184,-0.044884029187544076,0.039047683706599,0.03469935628193887
671_T1_R1_vs_R2,natural_variability,7,RShin_to_RFoot_rx,RShin_to_RFoot,rx,0.12668951833813524,0.03388307918273291,-0.09280643915540233,0.039047683706599,0.03469935628193887
671_T1_R1_vs_R2,natural_variability,7,RShin_to_RFoot_ry,RShin_to_RFoot,ry,0.22041939941177496,0.16368254518841135,-0.05673685422336361,0.039047683706599,0.03469935628193887
671_T1_R1_vs_R2,natural_variability,7,RShin_to_RFoot_rz,RShin_to_RFoot,rz,0.09197123339419824,0.09470415103637192,0.0027329176421736767,0.039047683706599,0.03469935628193887
671_T1_R1_vs_R2,natural_variability,7,RShoulder_to_RUArm_rx,RShoulder_to_RUArm,rx,0.08197909297680012,0.14681370359018603,0.06483461061338591,0.039047683706599,0.03469935628193887
671_T1_R1_vs_R2,natural_variability,7,RShoulder_to_RUArm_ry,RShoulder_to_RUArm,ry,0.14686802380304056,0.1374461133836378,-0.009421910419402768,0.039047683706599,0.03469935628193887
671_T1_R1_vs_R2,natural_variability,7,RShoulder_to_RUArm_rz,RShoulder_to_RUArm,rz,0.13417726810086308,0.010766421607854154,-0.12341084649300893,0.039047683706599,0.03469935628193887
671_T1_R1_vs_R2,natural_variability,7,RThigh_to_RShin_rx,RThigh_to_RShin,rx,0.4505252134081417,0.42939560303571905,-0.02112961037242267,0.039047683706599,0.03469935628193887
671_T1_R1_vs_R2,natural_variability,7,RThigh_to_RShin_ry,RThigh_to_RShin,ry,1.480335985276981e-08,6.180007127224164e-09,-8.623352725545646e-09,0.039047683706599,0.03469935628193887
671_T1_R1_vs_R2,natural_variability,7,RThigh_to_RShin_rz,RThigh_to_RShin,rz,1.2394071486106014e-08,1.0262501863142403e-08,-2.1315696229636114e-09,0.039047683706599,0.03469935628193887
671_T1_R1_vs_R2,natural_variability,7,RUArm_to_RFArm_rx,RUArm_to_RFArm,rx,0.16420027478751226,0.1026501943263412,-0.06155008046117105,0.039047683706599,0.03469935628193887
671_T1_R1_vs_R2,natural_variability,7,RUArm_to_RFArm_ry,RUArm_to_RFArm,ry,0.05922849030302133,0.057089995245468365,-0.0021384950575529665,0.039047683706599,0.03469935628193887
671_T1_R1_vs_R2,natural_variability,7,RUArm_to_RFArm_rz,RUArm_to_RFArm,rz,0.1696574292939171,0.03337290613217263,-0.1362845231617445,0.039047683706599,0.03469935628193887
671_T1_R1_vs_R2,natural_variability,8,Chest_to_LShoulder_rx,Chest_to_LShoulder,rx,0.04828812454129753,0.0598181014378647,0.011529976896567172,0.037298883412327406,0.021957436451482966
671_T1_R1_vs_R2,natural_variability,8,Chest_to_LShoulder_ry,Chest_to_LShoulder,ry,0.004644801770269223,0.03138892025649056,0.026744118486221335,0.037298883412327406,0.021957436451482966
671_T1_R1_vs_R2,natural_variability,8,Chest_to_LShoulder_rz,Chest_to_LShoulder,rz,0.1697783671139393,0.16557614025994233,-0.00420222685399696,0.037298883412327406,0.021957436451482966
671_T1_R1_vs_R2,natural_variability,8,Chest_to_Neck_rx,Chest_to_Neck,rx,0.2551950082381942,0.21459139467265298,-0.04060361356554121,0.037298883412327406,0.021957436451482966
671_T1_R1_vs_R2,natural_variability,8,Chest_to_Neck_ry,Chest_to_Neck,ry,0.012047448498363447,0.0045226878539624095,-0.007524760644401037,0.037298883412327406,0.021957436451482966
671_T1_R1_vs_R2,natural_variability,8,Chest_to_Neck_rz,Chest_to_Neck,rz,0.04272982208839288,0.03427601864749556,-0.008453803440897315,0.037298883412327406,0.021957436451482966
671_T1_R1_vs_R2,natural_variability,8,Chest_to_RShoulder_rx,Chest_to_RShoulder,rx,0.048265703921146576,0.008955182658032843,-0.03931052126311373,0.037298883412327406,0.021957436451482966
671_T1_R1_vs_R2,natural_variability,8,Chest_to_RShoulder_ry,Chest_to_RShoulder,ry,0.002623130841740858,0.026937733698209898,0.02431460285646904,0.037298883412327406,0.021957436451482966
671_T1_R1_vs_R2,natural_variability,8,Chest_to_RShoulder_rz,Chest_to_RShoulder,rz,0.028110920693753542,0.03816155898176087,0.01005063828800733,0.037298883412327406,0.021957436451482966
671_T1_R1_vs_R2,natural_variability,8,LFArm_to_LHand_rx,LFArm_to_LHand,rx,0.13707211413640605,0.07062833021953586,-0.06644378391687018,0.037298883412327406,0.021957436451482966
671_T1_R1_vs_R2,natural_variability,8,LFArm_to_LHand_ry,LFArm_to_LHand,ry,0.1462062356750084,0.13680205102737453,-0.009404184647633873,0.037298883412327406,0.021957436451482966
671_T1_R1_vs_R2,natural_variability,8,LFArm_to_LHand_rz,LFArm_to_LHand,rz,0.18726262247505898,0.054586902174158604,-0.13267572030090038,0.037298883412327406,0.021957436451482966
671_T1_R1_vs_R2,natural_variability,8,LShin_to_LFoot_rx,LShin_to_LFoot,rx,0.3287968770559261,0.3265653961524748,-0.002231480903451266,0.037298883412327406,0.021957436451482966
671_T1_R1_vs_R2,natural_variability,8,LShin_to_LFoot_ry,LShin_to_LFoot,ry,0.02442566868820483,0.003944613861440228,-0.020481054826764603,0.037298883412327406,0.021957436451482966
671_T1_R1_vs_R2,natural_variability,8,LShin_to_LFoot_rz,LShin_to_LFoot,rz,0.010478553502027975,0.006707552875459471,-0.0037710006265685037,0.037298883412327406,0.021957436451482966
671_T1_R1_vs_R2,natural_variability,8,LShoulder_to_LUArm_rx,LShoulder_to_LUArm,rx,0.019507312179344382,0.09346510110270867,0.07395778892336428,0.037298883412327406,0.021957436451482966
671_T1_R1_vs_R2,natural_variability,8,LShoulder_to_LUArm_ry,LShoulder_to_LUArm,ry,0.020612308181475508,0.1533938705241151,0.1327815623426396,0.037298883412327406,0.021957436451482966
671_T1_R1_vs_R2,natural_variability,8,LShoulder_to_LUArm_rz,LShoulder_to_LUArm,rz,0.26161059953675886,0.25007202968530634,-0.011538569851452518,0.037298883412327406,0.021957436451482966
671_T1_R1_vs_R2,natural_variability,8,LThigh_to_LShin_rx,LThigh_to_LShin,rx,0.523754991774466,0.5364903757385966,0.012735383964130542,0.037298883412327406,0.021957436451482966
671_T1_R1_vs_R2,natural_variability,8,LThigh_to_LShin_ry,LThigh_to_LShin,ry,1.914732768268472e-08,1.5448328369631165e-08,-3.6989993130535556e-09,0.037298883412327406,0.021957436451482966
671_T1_R1_vs_R2,natural_variability,8,LThigh_to_LShin_rz,LThigh_to_LShin,rz,3.258228774256939e-08,2.5074882012545613e-08,-7.507405730023775e-09,0.037298883412327406,0.021957436451482966
671_T1_R1_vs_R2,natural_variability,8,LUArm_to_LFArm_rx,LUArm_to_LFArm,rx,0.15277095985715272,0.19286222401424688,0.04009126415709416,0.037298883412327406,0.021957436451482966
671_T1_R1_vs_R2,natural_variability,8,LUArm_to_LFArm_ry,LUArm_to_LFArm,ry,0.125223523561203,0.003007489870524964,-0.12221603369067804,0.037298883412327406,0.021957436451482966
671_T1_R1_vs_R2,natural_variability,8,LUArm_to_LFArm_rz,LUArm_to_LFArm,rz,0.10346993567407496,0.16094520469124712,0.05747526901717216,0.037298883412327406,0.021957436451482966
671_T1_R1_vs_R2,natural_variability,8,Neck_to_Head_rx,Neck_to_Head,rx,0.25519492933762494,0.21459131781518248,-0.04060361152244246,0.037298883412327406,0.021957436451482966
671_T1_R1_vs_R2,natural_variability,8,Neck_to_Head_ry,Neck_to_Head,ry,0.012047439319775017,0.0045226742420519965,-0.007524765077723021,0.037298883412327406,0.021957436451482966
671_T1_R1_vs_R2,natural_variability,8,Neck_to_Head_rz,Neck_to_Head,rz,0.04272994449342405,0.03427613107479264,-0.008453813418631412,0.037298883412327406,0.021957436451482966
671_T1_R1_vs_R2,natural_variability,8,RFArm_to_RHand_rx,RFArm_to_RHand,rx,0.002782996134828366,0.05080232498933175,0.048019328854503385,0.037298883412327406,0.021957436451482966
671_T1_R1_vs_R2,natural_variability,8,RFArm_to_RHand_ry,RFArm_to_RHand,ry,0.11550411287515143,0.15542189147395602,0.03991777859880459,0.037298883412327406,0.021957436451482966
671_T1_R1_vs_R2,natural_variability,8,RFArm_to_RHand_rz,RFArm_to_RHand,rz,0.13295024148344906,0.04199942688081074,-0.09095081460263832,0.037298883412327406,0.021957436451482966
671_T1_R1_vs_R2,natural_variability,8,RShin_to_RFoot_rx,RShin_to_RFoot,rx,0.262144558132562,0.2931144660151614,0.0309699078825994,0.037298883412327406,0.021957436451482966
671_T1_R1_vs_R2,natural_variability,8,RShin_to_RFoot_ry,RShin_to_RFoot,ry,0.12581621990944472,0.14431828008954659,0.018502060180101865,0.037298883412327406,0.021957436451482966
671_T1_R1_vs_R2,natural_variability,8,RShin_to_RFoot_rz,RShin_to_RFoot,rz,0.017784181826205104,0.057954290228247614,0.040170108402042506,0.037298883412327406,0.021957436451482966
671_T1_R1_vs_R2,natural_variability,8,RShoulder_to_RUArm_rx,RShoulder_to_RUArm,rx,0.1368549372969669,0.0669803106710857,-0.0698746266258812,0.037298883412327406,0.021957436451482966
671_T1_R1_vs_R2,natural_variability,8,RShoulder_to_RUArm_ry,RShoulder_to_RUArm,ry,0.1358337698649344,0.19470471565472586,0.05887094578979146,0.037298883412327406,0.021957436451482966
671_T1_R1_vs_R2,natural_variability,8,RShoulder_to_RUArm_rz,RShoulder_to_RUArm,rz,0.03740201484164797,0.022043760596975878,-0.015358254244672093,0.037298883412327406,0.021957436451482966
671_T1_R1_vs_R2,natural_variability,8,RThigh_to_RShin_rx,RThigh_to_RShin,rx,0.03637925441370781,0.10266993739683429,0.06629068298312649,0.037298883412327406,0.021957436451482966
671_T1_R1_vs_R2,natural_variability,8,RThigh_to_RShin_ry,RThigh_to_RShin,ry,6.474335088131793e-08,4.842460603162333e-08,-1.6318744849694596e-08,0.037298883412327406,0.021957436451482966
671_T1_R1_vs_R2,natural_variability,8,RThigh_to_RShin_rz,RThigh_to_RShin,rz,1.806185427358593e-08,1.4770514003385023e-08,-3.291340270200908e-09,0.037298883412327406,0.021957436451482966
671_T1_R1_vs_R2,natural_variability,8,RUArm_to_RFArm_rx,RUArm_to_RFArm,rx,0.221751280542064,0.23999339012407037,0.018242109582006366,0.037298883412327406,0.021957436451482966
671_T1_R1_vs_R2,natural_variability,8,RUArm_to_RFArm_ry,RUArm_to_RFArm,ry,0.1625251420620857,0.12908678870568388,-0.03343835335640183,0.037298883412327406,0.021957436451482966
671_T1_R1_vs_R2,natural_variability,8,RUArm_to_RFArm_rz,RUArm_to_RFArm,rz,0.1509522210516505,0.1608182999022226,0.009866078850572113,0.037298883412327406,0.021957436451482966
