comparison_id,kind,pc,feature,link_id,axis,loading_A_abs,loading_B_reprojected_abs,jcvpca_axis,explained_variance_A,explained_variance_B_projected
790_T1_vs_T2,longitudinal,1,790_to_Ab_rx,790_to_Ab,rx,0.03473338690271837,0.0244711077982441,-0.010262279104474269,0.19835219635895127,0.29608376497343497
790_T1_vs_T2,longitudinal,1,790_to_Ab_ry,790_to_Ab,ry,0.015298023503893199,0.026320880743341858,0.01102285723944866,0.19835219635895127,0.29608376497343497
790_T1_vs_T2,longitudinal,1,790_to_Ab_rz,790_to_Ab,rz,0.002508526116942411,0.0036851188529372645,0.0011765927359948533,0.19835219635895127,0.29608376497343497
790_T1_vs_T2,longitudinal,1,790_to_LThigh_rx,790_to_LThigh,rx,0.06425462942008664,0.11381084774565195,0.04955621832556531,0.19835219635895127,0.29608376497343497
790_T1_vs_T2,longitudinal,1,790_to_LThigh_ry,790_to_LThigh,ry,0.05950828162199451,0.04136728257861044,-0.018140999043384065,0.19835219635895127,0.29608376497343497
790_T1_vs_T2,longitudinal,1,790_to_LThigh_rz,790_to_LThigh,rz,0.011928153400346933,0.046765944414359086,0.03483779101401215,0.19835219635895127,0.29608376497343497
790_T1_vs_T2,longitudinal,1,790_to_RThigh_rx,790_to_RThigh,rx,0.11527205766464863,0.07095980038199179,-0.044312257282656836,0.19835219635895127,0.29608376497343497
790_T1_vs_T2,longitudinal,1,790_to_RThigh_ry,790_to_RThigh,ry,0.02279025300546144,0.032150941099374365,0.009360688093912925,0.19835219635895127,0.29608376497343497
790_T1_vs_T2,longitudinal,1,790_to_RThigh_rz,790_to_RThigh,rz,0.02519909350119045,0.0175964867004974,-0.007602606800693048,0.19835219635895127,0.29608376497343497
790_T1_vs_T2,longitudinal,1,Ab_to_Spine2_rx,Ab_to_Spine2,rx,0.03491442716404796,0.024334616062510216,-0.010579811101537745,0.19835219635895127,0.29608376497343497
790_T1_vs_T2,longitudinal,1,Ab_to_Spine2_ry,Ab_to_Spine2,ry,0.015300159830662957,0.026202879117997523,0.010902719287334566,0.19835219635895127,0.29608376497343497
790_T1_vs_T2,longitudinal,1,Ab_to_Spine2_rz,Ab_to_Spine2,rz,0.018869892268052944,0.030399477275852262,0.011529585007799319,0.19835219635895127,0.29608376497343497
790_T1_vs_T2,longitudinal,1,Chest_to_LShoulder_rx,Chest_to_LShoulder,rx,0.019255883511459633,0.01822487633213736,-0.0010310071793222728,0.19835219635895127,0.29608376497343497
790_T1_vs_T2,longitudinal,1,Chest_to_LShoulder_ry,Chest_to_LShoulder,ry,0.024096524536910906,0.003480403657730929,-0.020616120879179977,0.19835219635895127,0.29608376497343497
790_T1_vs_T2,longitudinal,1,Chest_to_LShoulder_rz,Chest_to_LShoulder,rz,0.06382491817683984,0.09413101931174156,0.030306101134901717,0.19835219635895127,0.29608376497343497
790_T1_vs_T2,longitudinal,1,Chest_to_Neck_rx,Chest_to_Neck,rx,0.014092729088503606,0.018845769615887843,0.004753040527384237,0.19835219635895127,0.29608376497343497
790_T1_vs_T2,longitudinal,1,Chest_to_Neck_ry,Chest_to_Neck,ry,0.02940719751819761,0.03561007318721448,0.00620287566901687,0.19835219635895127,0.29608376497343497
790_T1_vs_T2,longitudinal,1,Chest_to_Neck_rz,Chest_to_Neck,rz,0.010483957408750862,0.007667426439648915,-0.0028165309691019465,0.19835219635895127,0.29608376497343497
790_T1_vs_T2,longitudinal,1,Chest_to_RShoulder_rx,Chest_to_RShoulder,rx,0.059302595095898254,0.027518455263454006,-0.03178413983244425,0.19835219635895127,0.29608376497343497
790_T1_vs_T2,longitudinal,1,Chest_to_RShoulder_ry,Chest_to_RShoulder,ry,0.008231026177737338,0.0031026759521606056,-0.005128350225576732,0.19835219635895127,0.29608376497343497
790_T1_vs_T2,longitudinal,1,Chest_to_RShoulder_rz,Chest_to_RShoulder,rz,0.03808573503644441,0.09360338976266769,0.055517654726223276,0.19835219635895127,0.29608376497343497
790_T1_vs_T2,longitudinal,1,LFArm_to_LHand_rx,LFArm_to_LHand,rx,0.00826159993823267,0.007922597548785533,-0.00033900238944713744,0.19835219635895127,0.29608376497343497
790_T1_vs_T2,longitudinal,1,LFArm_to_LHand_ry,LFArm_to_LHand,ry,0.06475188939651222,0.08243918774768184,0.017687298351169625,0.19835219635895127,0.29608376497343497
790_T1_vs_T2,longitudinal,1,LFArm_to_LHand_rz,LFArm_to_LHand,rz,0.3037561833233544,0.49805201287085316,0.19429582954749874,0.19835219635895127,0.29608376497343497
790_T1_vs_T2,longitudinal,1,LShin_to_LFoot_rx,LShin_to_LFoot,rx,0.014902874568120979,0.0072636875123129165,-0.007639187055808063,0.19835219635895127,0.29608376497343497
790_T1_vs_T2,longitudinal,1,LShin_to_LFoot_ry,LShin_to_LFoot,ry,0.026866325025121065,0.03587968458314459,0.009013359558023525,0.19835219635895127,0.29608376497343497
790_T1_vs_T2,longitudinal,1,LShin_to_LFoot_rz,LShin_to_LFoot,rz,0.011908209153960524,0.019272584144098538,0.007364374990138013,0.19835219635895127,0.29608376497343497
790_T1_vs_T2,longitudinal,1,LShoulder_to_LUArm_rx,LShoulder_to_LUArm,rx,0.27899808177928787,0.2806950209171286,0.0016969391378407472,0.19835219635895127,0.29608376497343497
790_T1_vs_T2,longitudinal,1,LShoulder_to_LUArm_ry,LShoulder_to_LUArm,ry,0.34502569212585665,0.2891750023667827,-0.05585068975907398,0.19835219635895127,0.29608376497343497
790_T1_vs_T2,longitudinal,1,LShoulder_to_LUArm_rz,LShoulder_to_LUArm,rz,0.17113849109661902,0.17267504773598158,0.0015365566393625574,0.19835219635895127,0.29608376497343497
790_T1_vs_T2,longitudinal,1,LThigh_to_LShin_rx,LThigh_to_LShin,rx,0.05865214416073233,0.07255512030207176,0.01390297614133943,0.19835219635895127,0.29608376497343497
790_T1_vs_T2,longitudinal,1,LThigh_to_LShin_ry,LThigh_to_LShin,ry,3.1997595815800625e-09,7.3743908240289045e-09,4.174631242448842e-09,0.19835219635895127,0.29608376497343497
790_T1_vs_T2,longitudinal,1,LThigh_to_LShin_rz,LThigh_to_LShin,rz,8.992859867559308e-10,4.7301366012766496e-09,3.830850614520719e-09,0.19835219635895127,0.29608376497343497
790_T1_vs_T2,longitudinal,1,LUArm_to_LFArm_rx,LUArm_to_LFArm,rx,0.37241385782190073,0.058124201567503524,-0.3142896562543972,0.19835219635895127,0.29608376497343497
790_T1_vs_T2,longitudinal,1,LUArm_to_LFArm_ry,LUArm_to_LFArm,ry,0.12344992476766346,0.5646969248261396,0.44124700005847617,0.19835219635895127,0.29608376497343497
790_T1_vs_T2,longitudinal,1,LUArm_to_LFArm_rz,LUArm_to_LFArm,rz,0.10045051323545501,0.07912271992766032,-0.02132779330779469,0.19835219635895127,0.29608376497343497
790_T1_vs_T2,longitudinal,1,Neck2_to_Head_rx,Neck2_to_Head,rx,0.014103062796955999,0.018800042562261705,0.004696979765305706,0.19835219635895127,0.29608376497343497
790_T1_vs_T2,longitudinal,1,Neck2_to_Head_ry,Neck2_to_Head,ry,0.0308011283643369,0.03623014923292523,0.005429020868588329,0.19835219635895127,0.29608376497343497
790_T1_vs_T2,longitudinal,1,Neck2_to_Head_rz,Neck2_to_Head,rz,0.004744684445154046,0.0009281708818347175,-0.003816513563319329,0.19835219635895127,0.29608376497343497
790_T1_vs_T2,longitudinal,1,Neck_to_Neck2_rx,Neck_to_Neck2,rx,0.014100192479581731,0.018812818934425685,0.0047126264548439534,0.19835219635895127,0.29608376497343497
790_T1_vs_T2,longitudinal,1,Neck_to_Neck2_ry,Neck_to_Neck2,ry,0.0304906086167509,0.03614195817113831,0.0056513495543874075,0.19835219635895127,0.29608376497343497
790_T1_vs_T2,longitudinal,1,Neck_to_Neck2_rz,Neck_to_Neck2,rz,0.006336955701001949,0.002781817664087135,-0.0035551380369148143,0.19835219635895127,0.29608376497343497
790_T1_vs_T2,longitudinal,1,RFArm_to_RHand_rx,RFArm_to_RHand,rx,0.005068837619129463,0.011806198837925184,0.006737361218795722,0.19835219635895127,0.29608376497343497
790_T1_vs_T2,longitudinal,1,RFArm_to_RHand_ry,RFArm_to_RHand,ry,0.003559128446231218,0.03392511437528998,0.030365985929058762,0.19835219635895127,0.29608376497343497
790_T1_vs_T2,longitudinal,1,RFArm_to_RHand_rz,RFArm_to_RHand,rz,0.2575741290978173,0.27731766835766625,0.019743539259848952,0.19835219635895127,0.29608376497343497
790_T1_vs_T2,longitudinal,1,RShin_to_RFoot_rx,RShin_to_RFoot,rx,0.004215332636457699,0.0015620682978999434,-0.0026532643385577554,0.19835219635895127,0.29608376497343497
790_T1_vs_T2,longitudinal,1,RShin_to_RFoot_ry,RShin_to_RFoot,ry,0.03827330477808881,0.058151122906021924,0.019877818127933114,0.19835219635895127,0.29608376497343497
790_T1_vs_T2,longitudinal,1,RShin_to_RFoot_rz,RShin_to_RFoot,rz,0.01344906777158555,0.007344323694174959,-0.006104744077410591,0.19835219635895127,0.29608376497343497
790_T1_vs_T2,longitudinal,1,RShoulder_to_RUArm_rx,RShoulder_to_RUArm,rx,0.3541179480037342,0.20605947723840337,-0.14805847076533082,0.19835219635895127,0.29608376497343497
790_T1_vs_T2,longitudinal,1,RShoulder_to_RUArm_ry,RShoulder_to_RUArm,ry,0.2045162043233774,0.013700968386736637,-0.19081523593664074,0.19835219635895127,0.29608376497343497
790_T1_vs_T2,longitudinal,1,RShoulder_to_RUArm_rz,RShoulder_to_RUArm,rz,0.012994149482066748,0.10737285776791469,0.09437870828584795,0.19835219635895127,0.29608376497343497
790_T1_vs_T2,longitudinal,1,RThigh_to_RShin_rx,RThigh_to_RShin,rx,0.1323709817064849,0.09392177034816546,-0.03844921135831944,0.19835219635895127,0.29608376497343497
790_T1_vs_T2,longitudinal,1,RThigh_to_RShin_ry,RThigh_to_RShin,ry,2.7067330636499884e-09,2.169048047828323e-08,1.898374741463324e-08,0.19835219635895127,0.29608376497343497
790_T1_vs_T2,longitudinal,1,RThigh_to_RShin_rz,RThigh_to_RShin,rz,2.104757744096608e-08,9.35349792544445e-09,-1.1694079515521628e-08,0.19835219635895127,0.29608376497343497
790_T1_vs_T2,longitudinal,1,RUArm_to_RFArm_rx,RUArm_to_RFArm,rx,0.4252413041440625,0.07713166200913109,-0.34810964213493145,0.19835219635895127,0.29608376497343497
790_T1_vs_T2,longitudinal,1,RUArm_to_RFArm_ry,RUArm_to_RFArm,ry,0.12637150842974915,0.09567717552728208,-0.030694332902467064,0.19835219635895127,0.29608376497343497
790_T1_vs_T2,longitudinal,1,RUArm_to_RFArm_rz,RUArm_to_RFArm,rz,0.12031795947736408,0.0228396750656025,-0.09747828441176158,0.19835219635895127,0.29608376497343497
790_T1_vs_T2,longitudinal,1,Spine2_to_Spine3_rx,Spine2_to_Spine3,rx,0.034919375599986376,0.024349342023137828,-0.010570033576848548,0.19835219635895127,0.29608376497343497
790_T1_vs_T2,longitudinal,1,Spine2_to_Spine3_ry,Spine2_to_Spine3,ry,0.013440136665504468,0.023194105028920626,0.009753968363416158,0.19835219635895127,0.29608376497343497
790_T1_vs_T2,longitudinal,1,Spine2_to_Spine3_rz,Spine2_to_Spine3,rz,0.020268955723624846,0.032807812951870435,0.01253885722824559,0.19835219635895127,0.29608376497343497
790_T1_vs_T2,longitudinal,1,Spine3_to_Spine4_rx,Spine3_to_Spine4,rx,0.034917171480117325,0.024342779730196315,-0.01057439174992101,0.19835219635895127,0.29608376497343497
790_T1_vs_T2,longitudinal,1,Spine3_to_Spine4_ry,Spine3_to_Spine4,ry,0.01427928986712153,0.024552756614040914,0.010273466746919384,0.19835219635895127,0.29608376497343497
790_T1_vs_T2,longitudinal,1,Spine3_to_Spine4_rz,Spine3_to_Spine4,rz,0.019660674108158423,0.031759310048257466,0.012098635940099044,0.19835219635895127,0.29608376497343497
790_T1_vs_T2,longitudinal,1,Spine4_to_Chest_rx,Spine4_to_Chest,rx,0.034915879787936435,0.024338940626339088,-0.010576939161597347,0.19835219635895127,0.29608376497343497
790_T1_vs_T2,longitudinal,1,Spine4_to_Chest_ry,Spine4_to_Chest,ry,0.014767365011818733,0.025342046501098843,0.01057468148928011,0.19835219635895127,0.29608376497343497
790_T1_vs_T2,longitudinal,1,Spine4_to_Chest_rz,Spine4_to_Chest,rz,0.019289816263616387,0.03112116891354139,0.011831352649925003,0.19835219635895127,0.29608376497343497
790_T1_vs_T2,longitudinal,2,790_to_Ab_rx,790_to_Ab,rx,0.05006866145281454,0.01881302254225402,-0.03125563891056052,0.14962609733080712,0.17874371190252691
790_T1_vs_T2,longitudinal,2,790_to_Ab_ry,790_to_Ab,ry,0.008055398224841137,0.015254351174862506,0.007198952950021369,0.14962609733080712,0.17874371190252691
790_T1_vs_T2,longitudinal,2,790_to_Ab_rz,790_to_Ab,rz,0.0004680798776737216,0.0029850530822908006,0.002516973204617079,0.14962609733080712,0.17874371190252691
790_T1_vs_T2,longitudinal,2,790_to_LThigh_rx,790_to_LThigh,rx,0.22583414001353155,0.009729686122615603,-0.21610445389091595,0.14962609733080712,0.17874371190252691
790_T1_vs_T2,longitudinal,2,790_to_LThigh_ry,790_to_LThigh,ry,0.01984133946608002,0.020173320462758177,0.00033198099667815575,0.14962609733080712,0.17874371190252691
790_T1_vs_T2,longitudinal,2,790_to_LThigh_rz,790_to_LThigh,rz,0.04852162794325962,0.033673783338543914,-0.014847844604715707,0.14962609733080712,0.17874371190252691
790_T1_vs_T2,longitudinal,2,790_to_RThigh_rx,790_to_RThigh,rx,0.18770336117484393,0.020314100488832913,-0.167389260686011,0.14962609733080712,0.17874371190252691
790_T1_vs_T2,longitudinal,2,790_to_RThigh_ry,790_to_RThigh,ry,0.0037042348588074104,0.01908072384897439,0.01537648899016698,0.14962609733080712,0.17874371190252691
790_T1_vs_T2,longitudinal,2,790_to_RThigh_rz,790_to_RThigh,rz,0.03679741606351872,0.043997852102749355,0.007200436039230637,0.14962609733080712,0.17874371190252691
790_T1_vs_T2,longitudinal,2,Ab_to_Spine2_rx,Ab_to_Spine2,rx,0.050266495966910685,0.018471905282891818,-0.03179459068401887,0.14962609733080712,0.17874371190252691
790_T1_vs_T2,longitudinal,2,Ab_to_Spine2_ry,Ab_to_Spine2,ry,0.007907146634085578,0.015229702079766027,0.007322555445680449,0.14962609733080712,0.17874371190252691
790_T1_vs_T2,longitudinal,2,Ab_to_Spine2_rz,Ab_to_Spine2,rz,0.005683943782287483,0.02313621958147415,0.017452275799186664,0.14962609733080712,0.17874371190252691
790_T1_vs_T2,longitudinal,2,Chest_to_LShoulder_rx,Chest_to_LShoulder,rx,0.023568462421092503,0.02682121195251151,0.0032527495314190087,0.14962609733080712,0.17874371190252691
790_T1_vs_T2,longitudinal,2,Chest_to_LShoulder_ry,Chest_to_LShoulder,ry,0.03981624071771443,0.0900832358184939,0.05026699510077946,0.14962609733080712,0.17874371190252691
790_T1_vs_T2,longitudinal,2,Chest_to_LShoulder_rz,Chest_to_LShoulder,rz,0.028839033267447755,0.1265286907815815,0.09768965751413373,0.14962609733080712,0.17874371190252691
790_T1_vs_T2,longitudinal,2,Chest_to_Neck_rx,Chest_to_Neck,rx,0.04381724561018702,0.011614221684394377,-0.03220302392579264,0.14962609733080712,0.17874371190252691
790_T1_vs_T2,longitudinal,2,Chest_to_Neck_ry,Chest_to_Neck,ry,0.004050155338781942,0.014753263964091592,0.01070310862530965,0.14962609733080712,0.17874371190252691
790_T1_vs_T2,longitudinal,2,Chest_to_Neck_rz,Chest_to_Neck,rz,0.009553502102325175,0.010612395784592063,0.0010588936822668888,0.14962609733080712,0.17874371190252691
790_T1_vs_T2,longitudinal,2,Chest_to_RShoulder_rx,Chest_to_RShoulder,rx,0.01910911737365197,0.010911042600171563,-0.008198074773480406,0.14962609733080712,0.17874371190252691
790_T1_vs_T2,longitudinal,2,Chest_to_RShoulder_ry,Chest_to_RShoulder,ry,0.044383180332855904,0.09484661298319083,0.05046343265033493,0.14962609733080712,0.17874371190252691
790_T1_vs_T2,longitudinal,2,Chest_to_RShoulder_rz,Chest_to_RShoulder,rz,0.04255165289450677,0.05351966605756757,0.0109680131630608,0.14962609733080712,0.17874371190252691
790_T1_vs_T2,longitudinal,2,LFArm_to_LHand_rx,LFArm_to_LHand,rx,0.01916719015115555,0.006397247501035987,-0.012769942650119563,0.14962609733080712,0.17874371190252691
790_T1_vs_T2,longitudinal,2,LFArm_to_LHand_ry,LFArm_to_LHand,ry,0.025550724826272624,0.008614270468779169,-0.016936454357493455,0.14962609733080712,0.17874371190252691
790_T1_vs_T2,longitudinal,2,LFArm_to_LHand_rz,LFArm_to_LHand,rz,0.2178864439212843,0.09008501098803752,-0.1278014329332468,0.14962609733080712,0.17874371190252691
790_T1_vs_T2,longitudinal,2,LShin_to_LFoot_rx,LShin_to_LFoot,rx,0.01563926855472815,0.008430951987099037,-0.007208316567629113,0.14962609733080712,0.17874371190252691
790_T1_vs_T2,longitudinal,2,LShin_to_LFoot_ry,LShin_to_LFoot,ry,0.007341968241624312,0.04138484720256297,0.03404287896093866,0.14962609733080712,0.17874371190252691
790_T1_vs_T2,longitudinal,2,LShin_to_LFoot_rz,LShin_to_LFoot,rz,0.03615341198720127,0.005042048863455443,-0.031111363123745826,0.14962609733080712,0.17874371190252691
790_T1_vs_T2,longitudinal,2,LShoulder_to_LUArm_rx,LShoulder_to_LUArm,rx,0.19310985779082124,0.1666722101335064,-0.02643764765731485,0.14962609733080712,0.17874371190252691
790_T1_vs_T2,longitudinal,2,LShoulder_to_LUArm_ry,LShoulder_to_LUArm,ry,0.1708954103012662,0.21490416169389784,0.044008751392631634,0.14962609733080712,0.17874371190252691
790_T1_vs_T2,longitudinal,2,LShoulder_to_LUArm_rz,LShoulder_to_LUArm,rz,0.060334156568190744,0.14846031749508593,0.08812616092689518,0.14962609733080712,0.17874371190252691
790_T1_vs_T2,longitudinal,2,LThigh_to_LShin_rx,LThigh_to_LShin,rx,0.2245571779287184,0.06784124622996755,-0.15671593169875087,0.14962609733080712,0.17874371190252691
790_T1_vs_T2,longitudinal,2,LThigh_to_LShin_ry,LThigh_to_LShin,ry,6.089593454749873e-10,2.2310473479363286e-08,2.17015141338883e-08,0.14962609733080712,0.17874371190252691
790_T1_vs_T2,longitudinal,2,LThigh_to_LShin_rz,LThigh_to_LShin,rz,1.1913917931940618e-08,2.9797053229066292e-08,1.7883135297125674e-08,0.14962609733080712,0.17874371190252691
790_T1_vs_T2,longitudinal,2,LUArm_to_LFArm_rx,LUArm_to_LFArm,rx,0.07211828540566925,0.24004388641186541,0.16792560100619616,0.14962609733080712,0.17874371190252691
790_T1_vs_T2,longitudinal,2,LUArm_to_LFArm_ry,LUArm_to_LFArm,ry,0.5068652612278391,0.04239608555034436,-0.4644691756774948,0.14962609733080712,0.17874371190252691
790_T1_vs_T2,longitudinal,2,LUArm_to_LFArm_rz,LUArm_to_LFArm,rz,0.10709088660272637,0.08604954554229811,-0.02104134106042825,0.14962609733080712,0.17874371190252691
790_T1_vs_T2,longitudinal,2,Neck2_to_Head_rx,Neck2_to_Head,rx,0.04362794166498914,0.011389112839160631,-0.03223882882582851,0.14962609733080712,0.17874371190252691
790_T1_vs_T2,longitudinal,2,Neck2_to_Head_ry,Neck2_to_Head,ry,0.005687840018211065,0.01239089328097071,0.006703053262759645,0.14962609733080712,0.17874371190252691
790_T1_vs_T2,longitudinal,2,Neck2_to_Head_rz,Neck2_to_Head,rz,0.008713889459297094,0.01314816785008747,0.004434278390790376,0.14962609733080712,0.17874371190252691
790_T1_vs_T2,longitudinal,2,Neck_to_Neck2_rx,Neck_to_Neck2,rx,0.04368011361007395,0.011450830529698046,-0.032229283080375905,0.14962609733080712,0.17874371190252691
790_T1_vs_T2,longitudinal,2,Neck_to_Neck2_ry,Neck_to_Neck2,ry,0.00524634511813313,0.013070338838087095,0.007823993719953966,0.14962609733080712,0.17874371190252691
790_T1_vs_T2,longitudinal,2,Neck_to_Neck2_rz,Neck_to_Neck2,rz,0.00896252287622642,0.012483936735220106,0.0035214138589936862,0.14962609733080712,0.17874371190252691
790_T1_vs_T2,longitudinal,2,RFArm_to_RHand_rx,RFArm_to_RHand,rx,0.01162467683433189,0.0017648170491412435,-0.009859859785190647,0.14962609733080712,0.17874371190252691
790_T1_vs_T2,longitudinal,2,RFArm_to_RHand_ry,RFArm_to_RHand,ry,0.025412234408217493,0.014113465232163959,-0.011298769176053535,0.14962609733080712,0.17874371190252691
790_T1_vs_T2,longitudinal,2,RFArm_to_RHand_rz,RFArm_to_RHand,rz,0.15428985963951367,0.0861095985485973,-0.06818026109091636,0.14962609733080712,0.17874371190252691
790_T1_vs_T2,longitudinal,2,RShin_to_RFoot_rx,RShin_to_RFoot,rx,0.003020106640529574,0.004857948158488973,0.0018378415179593987,0.14962609733080712,0.17874371190252691
790_T1_vs_T2,longitudinal,2,RShin_to_RFoot_ry,RShin_to_RFoot,ry,0.01894869322234061,0.01910357786227208,0.0001548846399314699,0.14962609733080712,0.17874371190252691
790_T1_vs_T2,longitudinal,2,RShin_to_RFoot_rz,RShin_to_RFoot,rz,0.03341931865559113,0.014393966821670068,-0.019025351833921067,0.14962609733080712,0.17874371190252691
790_T1_vs_T2,longitudinal,2,RShoulder_to_RUArm_rx,RShoulder_to_RUArm,rx,0.04379715897926669,0.014155892913379091,-0.0296412660658876,0.14962609733080712,0.17874371190252691
790_T1_vs_T2,longitudinal,2,RShoulder_to_RUArm_ry,RShoulder_to_RUArm,ry,0.22245114892551796,0.6251435312855566,0.40269238236003857,0.14962609733080712,0.17874371190252691
790_T1_vs_T2,longitudinal,2,RShoulder_to_RUArm_rz,RShoulder_to_RUArm,rz,0.056921932856726906,0.18177581072534582,0.12485387786861891,0.14962609733080712,0.17874371190252691
790_T1_vs_T2,longitudinal,2,RThigh_to_RShin_rx,RThigh_to_RShin,rx,0.20203792568592088,0.07707869718349783,-0.12495922850242305,0.14962609733080712,0.17874371190252691
790_T1_vs_T2,longitudinal,2,RThigh_to_RShin_ry,RThigh_to_RShin,ry,1.60709706015051e-08,2.1607656258527145e-08,5.536685657022044e-09,0.14962609733080712,0.17874371190252691
790_T1_vs_T2,longitudinal,2,RThigh_to_RShin_rz,RThigh_to_RShin,rz,1.0997094378778479e-08,8.434003202956936e-09,-2.5630911758215426e-09,0.14962609733080712,0.17874371190252691
790_T1_vs_T2,longitudinal,2,RUArm_to_RFArm_rx,RUArm_to_RFArm,rx,0.27514706983983456,0.24655283663998637,-0.02859423319984819,0.14962609733080712,0.17874371190252691
790_T1_vs_T2,longitudinal,2,RUArm_to_RFArm_ry,RUArm_to_RFArm,ry,0.49140536186034534,0.46694008061539977,-0.02446528124494557,0.14962609733080712,0.17874371190252691
790_T1_vs_T2,longitudinal,2,RUArm_to_RFArm_rz,RUArm_to_RFArm,rz,0.02116285056838855,0.2406850603096603,0.21952220974127176,0.14962609733080712,0.17874371190252691
790_T1_vs_T2,longitudinal,2,Spine2_to_Spine3_rx,Spine2_to_Spine3,rx,0.050305396501876896,0.018444922330153334,-0.031860474171723566,0.14962609733080712,0.17874371190252691
790_T1_vs_T2,longitudinal,2,Spine2_to_Spine3_ry,Spine2_to_Spine3,ry,0.007337913308383736,0.012944990244376358,0.005607076935992622,0.14962609733080712,0.17874371190252691
790_T1_vs_T2,longitudinal,2,Spine2_to_Spine3_rz,Spine2_to_Spine3,rz,0.006428446166127015,0.024513591519643965,0.01808514535351695,0.14962609733080712,0.17874371190252691
790_T1_vs_T2,longitudinal,2,Spine3_to_Spine4_rx,Spine3_to_Spine4,rx,0.05028807823162658,0.018456930511535585,-0.03183114772009099,0.14962609733080712,0.17874371190252691
790_T1_vs_T2,longitudinal,2,Spine3_to_Spine4_ry,Spine3_to_Spine4,ry,0.007597314789127865,0.013973090149856414,0.00637577536072855,0.14962609733080712,0.17874371190252691
790_T1_vs_T2,longitudinal,2,Spine3_to_Spine4_rz,Spine3_to_Spine4,rz,0.006101402170801787,0.023918574028788497,0.01781717185798671,0.14962609733080712,0.17874371190252691
790_T1_vs_T2,longitudinal,2,Spine4_to_Chest_rx,Spine4_to_Chest,rx,0.050277853212600164,0.01846408359498201,-0.03181376961761816,0.14962609733080712,0.17874371190252691
790_T1_vs_T2,longitudinal,2,Spine4_to_Chest_ry,Spine4_to_Chest,ry,0.007746260237835802,0.014572997806701161,0.00682673756886536,0.14962609733080712,0.17874371190252691
790_T1_vs_T2,longitudinal,2,Spine4_to_Chest_rz,Spine4_to_Chest,rz,0.00590461385805682,0.02355284478587678,0.01764823092781996,0.14962609733080712,0.17874371190252691
790_T1_vs_T2,longitudinal,3,790_to_Ab_rx,790_to_Ab,rx,0.040448109459988495,0.013345896828846683,-0.027102212631141813,0.109326177723549,0.17449275507132267
790_T1_vs_T2,longitudinal,3,790_to_Ab_ry,790_to_Ab,ry,0.019177759207648304,0.042662876807296767,0.023485117599648463,0.109326177723549,0.17449275507132267
790_T1_vs_T2,longitudinal,3,790_to_Ab_rz,790_to_Ab,rz,0.004173144151387698,0.0002657659603135598,-0.003907378191074138,0.109326177723549,0.17449275507132267
790_T1_vs_T2,longitudinal,3,790_to_LThigh_rx,790_to_LThigh,rx,0.09637459614270305,0.00046397758911618907,-0.09591061855358686,0.109326177723549,0.17449275507132267
790_T1_vs_T2,longitudinal,3,790_to_LThigh_ry,790_to_LThigh,ry,0.029757833860185767,0.0915411888637274,0.06178335500354164,0.109326177723549,0.17449275507132267
790_T1_vs_T2,longitudinal,3,790_to_LThigh_rz,790_to_LThigh,rz,0.04951999198266954,0.0073141613057276,-0.04220583067694194,0.109326177723549,0.17449275507132267
790_T1_vs_T2,longitudinal,3,790_to_RThigh_rx,790_to_RThigh,rx,0.12614293346200506,0.12590155759778168,-0.00024137586422337542,0.109326177723549,0.17449275507132267
790_T1_vs_T2,longitudinal,3,790_to_RThigh_ry,790_to_RThigh,ry,0.021462763663614853,0.08824293617659405,0.0667801725129792,0.109326177723549,0.17449275507132267
790_T1_vs_T2,longitudinal,3,790_to_RThigh_rz,790_to_RThigh,rz,0.05007494375859938,0.02309242917467468,-0.026982514583924703,0.109326177723549,0.17449275507132267
790_T1_vs_T2,longitudinal,3,Ab_to_Spine2_rx,Ab_to_Spine2,rx,0.04029221989472969,0.013568107031156846,-0.026724112863572846,0.109326177723549,0.17449275507132267
790_T1_vs_T2,longitudinal,3,Ab_to_Spine2_ry,Ab_to_Spine2,ry,0.019455786674712348,0.04286446295712965,0.023408676282417305,0.109326177723549,0.17449275507132267
790_T1_vs_T2,longitudinal,3,Ab_to_Spine2_rz,Ab_to_Spine2,rz,0.031611276808856954,0.021291487234802065,-0.01031978957405489,0.109326177723549,0.17449275507132267
790_T1_vs_T2,longitudinal,3,Chest_to_LShoulder_rx,Chest_to_LShoulder,rx,0.04637621448141112,0.05853832026965021,0.012162105788239091,0.109326177723549,0.17449275507132267
790_T1_vs_T2,longitudinal,3,Chest_to_LShoulder_ry,Chest_to_LShoulder,ry,0.05975896982907024,0.027500087842819636,-0.0322588819862506,0.109326177723549,0.17449275507132267
790_T1_vs_T2,longitudinal,3,Chest_to_LShoulder_rz,Chest_to_LShoulder,rz,0.1578395492699446,0.005488995842586935,-0.15235055342735765,0.109326177723549,0.17449275507132267
790_T1_vs_T2,longitudinal,3,Chest_to_Neck_rx,Chest_to_Neck,rx,0.007920815105997401,0.0009419880635620074,-0.006978827042435394,0.109326177723549,0.17449275507132267
790_T1_vs_T2,longitudinal,3,Chest_to_Neck_ry,Chest_to_Neck,ry,0.017773485727268067,0.07921571810579027,0.0614422323785222,0.109326177723549,0.17449275507132267
790_T1_vs_T2,longitudinal,3,Chest_to_Neck_rz,Chest_to_Neck,rz,0.005680924210022534,0.001142720943018489,-0.004538203267004045,0.109326177723549,0.17449275507132267
790_T1_vs_T2,longitudinal,3,Chest_to_RShoulder_rx,Chest_to_RShoulder,rx,0.06814754656839357,0.04190509976500668,-0.026242446803386894,0.109326177723549,0.17449275507132267
790_T1_vs_T2,longitudinal,3,Chest_to_RShoulder_ry,Chest_to_RShoulder,ry,0.07314963243761308,0.04624713129661553,-0.02690250114099755,0.109326177723549,0.17449275507132267
790_T1_vs_T2,longitudinal,3,Chest_to_RShoulder_rz,Chest_to_RShoulder,rz,0.11335892926037375,0.06426872827871954,-0.0490902009816542,0.109326177723549,0.17449275507132267
790_T1_vs_T2,longitudinal,3,LFArm_to_LHand_rx,LFArm_to_LHand,rx,0.006321640347345771,0.005981905199267157,-0.00033973514807861434,0.109326177723549,0.17449275507132267
790_T1_vs_T2,longitudinal,3,LFArm_to_LHand_ry,LFArm_to_LHand,ry,0.04036613827496844,0.03632834207783674,-0.004037796197131703,0.109326177723549,0.17449275507132267
790_T1_vs_T2,longitudinal,3,LFArm_to_LHand_rz,LFArm_to_LHand,rz,0.13736684150933856,0.19228745746732376,0.0549206159579852,0.109326177723549,0.17449275507132267
790_T1_vs_T2,longitudinal,3,LShin_to_LFoot_rx,LShin_to_LFoot,rx,0.02496539855458648,0.002353657791595939,-0.02261174076299054,0.109326177723549,0.17449275507132267
790_T1_vs_T2,longitudinal,3,LShin_to_LFoot_ry,LShin_to_LFoot,ry,0.06023570165747618,0.06737510259882046,0.0071394009413442774,0.109326177723549,0.17449275507132267
790_T1_vs_T2,longitudinal,3,LShin_to_LFoot_rz,LShin_to_LFoot,rz,0.015394486998937472,0.0041589469119912,-0.011235540086946272,0.109326177723549,0.17449275507132267
790_T1_vs_T2,longitudinal,3,LShoulder_to_LUArm_rx,LShoulder_to_LUArm,rx,0.31511088291921957,0.3663482757700307,0.051237392850811136,0.109326177723549,0.17449275507132267
790_T1_vs_T2,longitudinal,3,LShoulder_to_LUArm_ry,LShoulder_to_LUArm,ry,0.05299151054269762,0.35209573885591083,0.2991042283132132,0.109326177723549,0.17449275507132267
790_T1_vs_T2,longitudinal,3,LShoulder_to_LUArm_rz,LShoulder_to_LUArm,rz,0.26051281915860947,0.20656420088671587,-0.053948618271893595,0.109326177723549,0.17449275507132267
790_T1_vs_T2,longitudinal,3,LThigh_to_LShin_rx,LThigh_to_LShin,rx,0.0025819479548957664,0.04405649021763223,0.04147454226273646,0.109326177723549,0.17449275507132267
790_T1_vs_T2,longitudinal,3,LThigh_to_LShin_ry,LThigh_to_LShin,ry,3.016692245642395e-08,1.0422918589782667e-08,-1.9744003866641282e-08,0.109326177723549,0.17449275507132267
790_T1_vs_T2,longitudinal,3,LThigh_to_LShin_rz,LThigh_to_LShin,rz,3.9733894197126904e-08,2.7934908566826933e-08,-1.179898563029997e-08,0.109326177723549,0.17449275507132267
790_T1_vs_T2,longitudinal,3,LUArm_to_LFArm_rx,LUArm_to_LFArm,rx,0.06882109225063282,0.2498928578236275,0.18107176557299468,0.109326177723549,0.17449275507132267
790_T1_vs_T2,longitudinal,3,LUArm_to_LFArm_ry,LUArm_to_LFArm,ry,0.46918540095781675,0.26035834064367025,-0.2088270603141465,0.109326177723549,0.17449275507132267
790_T1_vs_T2,longitudinal,3,LUArm_to_LFArm_rz,LUArm_to_LFArm,rz,0.03842915301839064,0.03794675044239305,-0.00048240257599758973,0.109326177723549,0.17449275507132267
790_T1_vs_T2,longitudinal,3,Neck2_to_Head_rx,Neck2_to_Head,rx,0.007899279566160086,0.0011085437995755605,-0.006790735766584526,0.109326177723549,0.17449275507132267
790_T1_vs_T2,longitudinal,3,Neck2_to_Head_ry,Neck2_to_Head,ry,0.018470680529446417,0.07769897823836477,0.059228297708918354,0.109326177723549,0.17449275507132267
790_T1_vs_T2,longitudinal,3,Neck2_to_Head_rz,Neck2_to_Head,rz,0.0023110617835114737,0.013764743634903424,0.01145368185139195,0.109326177723549,0.17449275507132267
790_T1_vs_T2,longitudinal,3,Neck_to_Neck2_rx,Neck_to_Neck2,rx,0.007905339216348449,0.0010629037437190952,-0.006842435472629353,0.109326177723549,0.17449275507132267
790_T1_vs_T2,longitudinal,3,Neck_to_Neck2_ry,Neck_to_Neck2,ry,0.01831941698368654,0.07830214934613258,0.05998273236244604,0.109326177723549,0.17449275507132267
790_T1_vs_T2,longitudinal,3,Neck_to_Neck2_rz,Neck_to_Neck2,rz,0.003243787177970336,0.009697692209057245,0.0064539050310869085,0.109326177723549,0.17449275507132267
790_T1_vs_T2,longitudinal,3,RFArm_to_RHand_rx,RFArm_to_RHand,rx,0.0006790512658595082,0.009018884196804949,0.00833983293094544,0.109326177723549,0.17449275507132267
790_T1_vs_T2,longitudinal,3,RFArm_to_RHand_ry,RFArm_to_RHand,ry,0.0022990111277487596,0.038882462270668584,0.036583451142919825,0.109326177723549,0.17449275507132267
790_T1_vs_T2,longitudinal,3,RFArm_to_RHand_rz,RFArm_to_RHand,rz,0.09760468211383719,0.3250769870189638,0.22747230490512663,0.109326177723549,0.17449275507132267
790_T1_vs_T2,longitudinal,3,RShin_to_RFoot_rx,RShin_to_RFoot,rx,0.014698197977968315,0.0182423290431012,0.003544131065132886,0.109326177723549,0.17449275507132267
790_T1_vs_T2,longitudinal,3,RShin_to_RFoot_ry,RShin_to_RFoot,ry,0.026766190051644222,0.1183858678236552,0.09161967777201098,0.109326177723549,0.17449275507132267
790_T1_vs_T2,longitudinal,3,RShin_to_RFoot_rz,RShin_to_RFoot,rz,0.007271064229147942,0.0027817613993871915,-0.00448930282976075,0.109326177723549,0.17449275507132267
790_T1_vs_T2,longitudinal,3,RShoulder_to_RUArm_rx,RShoulder_to_RUArm,rx,0.3123831783976452,0.4323785979452488,0.11999541954760362,0.109326177723549,0.17449275507132267
790_T1_vs_T2,longitudinal,3,RShoulder_to_RUArm_ry,RShoulder_to_RUArm,ry,0.33674203084185117,0.23333117923414198,-0.10341085160770919,0.109326177723549,0.17449275507132267
790_T1_vs_T2,longitudinal,3,RShoulder_to_RUArm_rz,RShoulder_to_RUArm,rz,0.3893968282853171,0.04880635147871776,-0.3405904768065993,0.109326177723549,0.17449275507132267
790_T1_vs_T2,longitudinal,3,RThigh_to_RShin_rx,RThigh_to_RShin,rx,0.1676234125088964,0.11427737143386159,-0.05334604107503481,0.109326177723549,0.17449275507132267
790_T1_vs_T2,longitudinal,3,RThigh_to_RShin_ry,RThigh_to_RShin,ry,2.4574109365827548e-08,1.5640405429644565e-08,-8.933703936182983e-09,0.109326177723549,0.17449275507132267
790_T1_vs_T2,longitudinal,3,RThigh_to_RShin_rz,RThigh_to_RShin,rz,6.803699094793934e-09,1.149357914588359e-08,4.689880051089656e-09,0.109326177723549,0.17449275507132267
790_T1_vs_T2,longitudinal,3,RUArm_to_RFArm_rx,RUArm_to_RFArm,rx,0.05188722862383585,0.25236793096589527,0.20048070234205942,0.109326177723549,0.17449275507132267
790_T1_vs_T2,longitudinal,3,RUArm_to_RFArm_ry,RUArm_to_RFArm,ry,0.2618489418586378,0.05757646616641217,-0.20427247569222562,0.109326177723549,0.17449275507132267
790_T1_vs_T2,longitudinal,3,RUArm_to_RFArm_rz,RUArm_to_RFArm,rz,0.07696932965544014,0.04126590006041347,-0.03570342959502667,0.109326177723549,0.17449275507132267
790_T1_vs_T2,longitudinal,3,Spine2_to_Spine3_rx,Spine2_to_Spine3,rx,0.040297113447193854,0.01357585544635855,-0.026721258000835302,0.109326177723549,0.17449275507132267
790_T1_vs_T2,longitudinal,3,Spine2_to_Spine3_ry,Spine2_to_Spine3,ry,0.016336325720870126,0.04065023050597513,0.024313904785105006,0.109326177723549,0.17449275507132267
790_T1_vs_T2,longitudinal,3,Spine2_to_Spine3_rz,Spine2_to_Spine3,rz,0.033351771027358784,0.02532533487731466,-0.008026436150044124,0.109326177723549,0.17449275507132267
790_T1_vs_T2,longitudinal,3,Spine3_to_Spine4_rx,Spine3_to_Spine4,rx,0.04029493336244915,0.013572396991305014,-0.026722536371144138,0.109326177723549,0.17449275507132267
790_T1_vs_T2,longitudinal,3,Spine3_to_Spine4_ry,Spine3_to_Spine4,ry,0.01773873720355533,0.04166789447212816,0.02392915726857283,0.109326177723549,0.17449275507132267
790_T1_vs_T2,longitudinal,3,Spine3_to_Spine4_rz,Spine3_to_Spine4,rz,0.03260180202389061,0.023547165562928633,-0.009054636460961978,0.109326177723549,0.17449275507132267
790_T1_vs_T2,longitudinal,3,Spine4_to_Chest_rx,Spine4_to_Chest,rx,0.0402936758191693,0.013570365662000131,-0.026723310157169174,0.109326177723549,0.17449275507132267
790_T1_vs_T2,longitudinal,3,Spine4_to_Chest_ry,Spine4_to_Chest,ry,0.01855807460556222,0.042245829241206116,0.023687754635643897,0.109326177723549,0.17449275507132267
790_T1_vs_T2,longitudinal,3,Spine4_to_Chest_rz,Spine4_to_Chest,rz,0.03213930205290956,0.02248189589903953,-0.009657406153870032,0.109326177723549,0.17449275507132267
790_T1_vs_T2,longitudinal,4,790_to_Ab_rx,790_to_Ab,rx,0.04154239359762256,0.03279046406349858,-0.00875192953412398,0.10383403548079755,0.12328460774958301
790_T1_vs_T2,longitudinal,4,790_to_Ab_ry,790_to_Ab,ry,0.003819350179201375,0.015040531299769391,0.011221181120568016,0.10383403548079755,0.12328460774958301
790_T1_vs_T2,longitudinal,4,790_to_Ab_rz,790_to_Ab,rz,0.00013010411815339573,0.002797665390077262,0.0026675612719238664,0.10383403548079755,0.12328460774958301
790_T1_vs_T2,longitudinal,4,790_to_LThigh_rx,790_to_LThigh,rx,0.19607405866159375,0.02813711999114572,-0.16793693867044804,0.10383403548079755,0.12328460774958301
790_T1_vs_T2,longitudinal,4,790_to_LThigh_ry,790_to_LThigh,ry,0.0319641010407522,0.04934672802173044,0.01738262698097824,0.10383403548079755,0.12328460774958301
790_T1_vs_T2,longitudinal,4,790_to_LThigh_rz,790_to_LThigh,rz,0.03835760519150527,0.007681556339587187,-0.030676048851918086,0.10383403548079755,0.12328460774958301
790_T1_vs_T2,longitudinal,4,790_to_RThigh_rx,790_to_RThigh,rx,0.16646806766435146,0.09530330407460781,-0.07116476358974365,0.10383403548079755,0.12328460774958301
790_T1_vs_T2,longitudinal,4,790_to_RThigh_ry,790_to_RThigh,ry,0.005784544576982427,0.017201661960887505,0.011417117383905079,0.10383403548079755,0.12328460774958301
790_T1_vs_T2,longitudinal,4,790_to_RThigh_rz,790_to_RThigh,rz,0.03548894764596971,0.007984533208837019,-0.02750441443713269,0.10383403548079755,0.12328460774958301
790_T1_vs_T2,longitudinal,4,Ab_to_Spine2_rx,Ab_to_Spine2,rx,0.04160150836412534,0.03322384646585973,-0.008377661898265616,0.10383403548079755,0.12328460774958301
790_T1_vs_T2,longitudinal,4,Ab_to_Spine2_ry,Ab_to_Spine2,ry,0.003439397277765822,0.01494432843240133,0.011504931154635509,0.10383403548079755,0.12328460774958301
790_T1_vs_T2,longitudinal,4,Ab_to_Spine2_rz,Ab_to_Spine2,rz,0.0012604518671430513,0.020358737086364688,0.019098285219221637,0.10383403548079755,0.12328460774958301
790_T1_vs_T2,longitudinal,4,Chest_to_LShoulder_rx,Chest_to_LShoulder,rx,0.004816657833955789,0.01994601494324149,0.015129357109285702,0.10383403548079755,0.12328460774958301
790_T1_vs_T2,longitudinal,4,Chest_to_LShoulder_ry,Chest_to_LShoulder,ry,0.0008844865455642799,0.02517858494562119,0.024294098400056908,0.10383403548079755,0.12328460774958301
790_T1_vs_T2,longitudinal,4,Chest_to_LShoulder_rz,Chest_to_LShoulder,rz,0.030202686382446987,0.05857673582239076,0.02837404943994377,0.10383403548079755,0.12328460774958301
790_T1_vs_T2,longitudinal,4,Chest_to_Neck_rx,Chest_to_Neck,rx,0.031822472343989786,0.02232419559460326,-0.009498276749386525,0.10383403548079755,0.12328460774958301
790_T1_vs_T2,longitudinal,4,Chest_to_Neck_ry,Chest_to_Neck,ry,0.010680948785934816,0.022705630423985018,0.012024681638050202,0.10383403548079755,0.12328460774958301
790_T1_vs_T2,longitudinal,4,Chest_to_Neck_rz,Chest_to_Neck,rz,0.010701189061820283,0.006078330322106325,-0.004622858739713958,0.10383403548079755,0.12328460774958301
790_T1_vs_T2,longitudinal,4,Chest_to_RShoulder_rx,Chest_to_RShoulder,rx,0.0010626953454903449,0.07356389671713491,0.07250120137164456,0.10383403548079755,0.12328460774958301
790_T1_vs_T2,longitudinal,4,Chest_to_RShoulder_ry,Chest_to_RShoulder,ry,0.0039278978764805675,0.0565460672530071,0.05261816937652653,0.10383403548079755,0.12328460774958301
790_T1_vs_T2,longitudinal,4,Chest_to_RShoulder_rz,Chest_to_RShoulder,rz,0.010723773109426713,0.007818498287304932,-0.0029052748221217815,0.10383403548079755,0.12328460774958301
790_T1_vs_T2,longitudinal,4,LFArm_to_LHand_rx,LFArm_to_LHand,rx,0.0023977269531845757,0.01458996342588279,0.012192236472698214,0.10383403548079755,0.12328460774958301
790_T1_vs_T2,longitudinal,4,LFArm_to_LHand_ry,LFArm_to_LHand,ry,0.07448028859953856,0.040637633477510794,-0.03384265512202777,0.10383403548079755,0.12328460774958301
790_T1_vs_T2,longitudinal,4,LFArm_to_LHand_rz,LFArm_to_LHand,rz,0.46537076529054167,0.14226117635500463,-0.32310958893553704,0.10383403548079755,0.12328460774958301
790_T1_vs_T2,longitudinal,4,LShin_to_LFoot_rx,LShin_to_LFoot,rx,0.02270824072831333,0.017605726760088678,-0.005102513968224653,0.10383403548079755,0.12328460774958301
790_T1_vs_T2,longitudinal,4,LShin_to_LFoot_ry,LShin_to_LFoot,ry,0.001470072956069121,0.03656281257081167,0.035092739614742546,0.10383403548079755,0.12328460774958301
790_T1_vs_T2,longitudinal,4,LShin_to_LFoot_rz,LShin_to_LFoot,rz,0.04100479967006347,0.0010245772516616811,-0.03998022241840179,0.10383403548079755,0.12328460774958301
790_T1_vs_T2,longitudinal,4,LShoulder_to_LUArm_rx,LShoulder_to_LUArm,rx,0.04847395045548704,0.20859274472071118,0.16011879426522413,0.10383403548079755,0.12328460774958301
790_T1_vs_T2,longitudinal,4,LShoulder_to_LUArm_ry,LShoulder_to_LUArm,ry,0.09218511274829129,0.05796292026943564,-0.03422219247885565,0.10383403548079755,0.12328460774958301
790_T1_vs_T2,longitudinal,4,LShoulder_to_LUArm_rz,LShoulder_to_LUArm,rz,0.03149905630182086,0.06677477749536578,0.035275721193544926,0.10383403548079755,0.12328460774958301
790_T1_vs_T2,longitudinal,4,LThigh_to_LShin_rx,LThigh_to_LShin,rx,0.23673241382133503,0.02096653818480298,-0.21576587563653205,0.10383403548079755,0.12328460774958301
790_T1_vs_T2,longitudinal,4,LThigh_to_LShin_ry,LThigh_to_LShin,ry,1.548181376536624e-08,8.037881203682642e-09,-7.4439325616835965e-09,0.10383403548079755,0.12328460774958301
790_T1_vs_T2,longitudinal,4,LThigh_to_LShin_rz,LThigh_to_LShin,rz,3.062520262536153e-09,4.959616903434545e-09,1.8970966408983917e-09,0.10383403548079755,0.12328460774958301
790_T1_vs_T2,longitudinal,4,LUArm_to_LFArm_rx,LUArm_to_LFArm,rx,0.3961440038058777,0.3526584404480934,-0.04348556335778431,0.10383403548079755,0.12328460774958301
790_T1_vs_T2,longitudinal,4,LUArm_to_LFArm_ry,LUArm_to_LFArm,ry,0.12745799207008626,0.3872015443546744,0.2597435522845881,0.10383403548079755,0.12328460774958301
790_T1_vs_T2,longitudinal,4,LUArm_to_LFArm_rz,LUArm_to_LFArm,rz,0.3032162626462449,0.12563509381814972,-0.1775811688280952,0.10383403548079755,0.12328460774958301
790_T1_vs_T2,longitudinal,4,Neck2_to_Head_rx,Neck2_to_Head,rx,0.031874412177422616,0.022090126997750696,-0.00978428517967192,0.10383403548079755,0.12328460774958301
790_T1_vs_T2,longitudinal,4,Neck2_to_Head_ry,Neck2_to_Head,ry,0.008380207881851393,0.023443215620820253,0.01506300773896886,0.10383403548079755,0.12328460774958301
790_T1_vs_T2,longitudinal,4,Neck2_to_Head_rz,Neck2_to_Head,rz,0.012518604554123661,0.0016183791889974404,-0.01090022536512622,0.10383403548079755,0.12328460774958301
790_T1_vs_T2,longitudinal,4,Neck_to_Neck2_rx,Neck_to_Neck2,rx,0.03186031989442501,0.022154343576373164,-0.009705976318051847,0.10383403548079755,0.12328460774958301
790_T1_vs_T2,longitudinal,4,Neck_to_Neck2_ry,Neck_to_Neck2,ry,0.009034945880292144,0.02329844563913066,0.014263499758838515,0.10383403548079755,0.12328460774958301
790_T1_vs_T2,longitudinal,4,Neck_to_Neck2_rz,Neck_to_Neck2,rz,0.012050633752546272,0.0028525309357022156,-0.009198102816844056,0.10383403548079755,0.12328460774958301
790_T1_vs_T2,longitudinal,4,RFArm_to_RHand_rx,RFArm_to_RHand,rx,0.002150301785489125,0.004846532789955513,0.002696231004466388,0.10383403548079755,0.12328460774958301
790_T1_vs_T2,longitudinal,4,RFArm_to_RHand_ry,RFArm_to_RHand,ry,0.0010403900068423552,0.006975236039090511,0.005934846032248156,0.10383403548079755,0.12328460774958301
790_T1_vs_T2,longitudinal,4,RFArm_to_RHand_rz,RFArm_to_RHand,rz,0.189981906936177,0.13404094549996118,-0.055940961436215825,0.10383403548079755,0.12328460774958301
790_T1_vs_T2,longitudinal,4,RShin_to_RFoot_rx,RShin_to_RFoot,rx,0.0003015511882143491,0.009280265949974494,0.008978714761760145,0.10383403548079755,0.12328460774958301
790_T1_vs_T2,longitudinal,4,RShin_to_RFoot_ry,RShin_to_RFoot,ry,0.02398763370346288,0.010160772443879654,-0.013826861259583226,0.10383403548079755,0.12328460774958301
790_T1_vs_T2,longitudinal,4,RShin_to_RFoot_rz,RShin_to_RFoot,rz,0.026883337703872287,0.009836051263548496,-0.017047286440323793,0.10383403548079755,0.12328460774958301
790_T1_vs_T2,longitudinal,4,RShoulder_to_RUArm_rx,RShoulder_to_RUArm,rx,0.0517885037301064,0.3883819333029279,0.3365934295728215,0.10383403548079755,0.12328460774958301
790_T1_vs_T2,longitudinal,4,RShoulder_to_RUArm_ry,RShoulder_to_RUArm,ry,0.13420644028360712,0.03126518989599439,-0.10294125038761273,0.10383403548079755,0.12328460774958301
790_T1_vs_T2,longitudinal,4,RShoulder_to_RUArm_rz,RShoulder_to_RUArm,rz,0.051175987825989186,0.08543050954289402,0.03425452171690484,0.10383403548079755,0.12328460774958301
790_T1_vs_T2,longitudinal,4,RThigh_to_RShin_rx,RThigh_to_RShin,rx,0.20697903876581566,0.06414746767297379,-0.1428315710928419,0.10383403548079755,0.12328460774958301
790_T1_vs_T2,longitudinal,4,RThigh_to_RShin_ry,RThigh_to_RShin,ry,3.248844194227283e-09,9.770742325060855e-09,6.521898130833572e-09,0.10383403548079755,0.12328460774958301
790_T1_vs_T2,longitudinal,4,RThigh_to_RShin_rz,RThigh_to_RShin,rz,3.657522702409633e-10,3.140775780932606e-08,3.10420055390851e-08,0.10383403548079755,0.12328460774958301
790_T1_vs_T2,longitudinal,4,RUArm_to_RFArm_rx,RUArm_to_RFArm,rx,0.3000348684050102,0.4509356714268812,0.15090080302187098,0.10383403548079755,0.12328460774958301
790_T1_vs_T2,longitudinal,4,RUArm_to_RFArm_ry,RUArm_to_RFArm,ry,0.2754326793183109,0.45929739467684305,0.18386471535853216,0.10383403548079755,0.12328460774958301
790_T1_vs_T2,longitudinal,4,RUArm_to_RFArm_rz,RUArm_to_RFArm,rz,0.299651380477884,0.03568912954198515,-0.2639622509358988,0.10383403548079755,0.12328460774958301
790_T1_vs_T2,longitudinal,4,Spine2_to_Spine3_rx,Spine2_to_Spine3,rx,0.04161153196883948,0.03325731944099096,-0.008354212527848522,0.10383403548079755,0.12328460774958301
790_T1_vs_T2,longitudinal,4,Spine2_to_Spine3_ry,Spine2_to_Spine3,ry,0.003315711641552018,0.012940750278699509,0.00962503863714749,0.10383403548079755,0.12328460774958301
790_T1_vs_T2,longitudinal,4,Spine2_to_Spine3_rz,Spine2_to_Spine3,rz,0.0016004104257991512,0.0217216534485696,0.02012124302277045,0.10383403548079755,0.12328460774958301
790_T1_vs_T2,longitudinal,4,Spine3_to_Spine4_rx,Spine3_to_Spine4,rx,0.04160709446144996,0.033242392460372985,-0.008364702001076973,0.10383403548079755,0.12328460774958301
790_T1_vs_T2,longitudinal,4,Spine3_to_Spine4_ry,Spine3_to_Spine4,ry,0.0033736811217266027,0.01384360656360563,0.010469925441879028,0.10383403548079755,0.12328460774958301
790_T1_vs_T2,longitudinal,4,Spine3_to_Spine4_rz,Spine3_to_Spine4,rz,0.001449846127349861,0.021130636233718685,0.019680790106368824,0.10383403548079755,0.12328460774958301
790_T1_vs_T2,longitudinal,4,Spine4_to_Chest_rx,Spine4_to_Chest,rx,0.04160441214550846,0.03323360556706825,-0.008370806578440207,0.10383403548079755,0.12328460774958301
790_T1_vs_T2,longitudinal,4,Spine4_to_Chest_ry,Spine4_to_Chest,ry,0.003405793949434738,0.014369488474951826,0.010963694525517088,0.10383403548079755,0.12328460774958301
790_T1_vs_T2,longitudinal,4,Spine4_to_Chest_rz,Spine4_to_Chest,rz,0.0013602373499772558,0.02076909009551581,0.019408852745538555,0.10383403548079755,0.12328460774958301
790_T1_vs_T2,longitudinal,5,790_to_Ab_rx,790_to_Ab,rx,0.004494423604264031,0.052946761619050584,0.04845233801478655,0.08400546257953448,0.0963799165852713
790_T1_vs_T2,longitudinal,5,790_to_Ab_ry,790_to_Ab,ry,0.0492140066023901,0.019785923755279735,-0.029428082847110366,0.08400546257953448,0.0963799165852713
790_T1_vs_T2,longitudinal,5,790_to_Ab_rz,790_to_Ab,rz,0.001460179379336457,0.0019310110788046092,0.00047083169946815213,0.08400546257953448,0.0963799165852713
790_T1_vs_T2,longitudinal,5,790_to_LThigh_rx,790_to_LThigh,rx,0.038109886069236536,0.3584720133394517,0.3203621272702152,0.08400546257953448,0.0963799165852713
790_T1_vs_T2,longitudinal,5,790_to_LThigh_ry,790_to_LThigh,ry,0.09764797019635105,0.00898171015217832,-0.08866626004417273,0.08400546257953448,0.0963799165852713
790_T1_vs_T2,longitudinal,5,790_to_LThigh_rz,790_to_LThigh,rz,0.03495013159222134,0.06173687056142112,0.02678673896919978,0.08400546257953448,0.0963799165852713
790_T1_vs_T2,longitudinal,5,790_to_RThigh_rx,790_to_RThigh,rx,0.08728059456828743,0.2231978377901175,0.13591724322183008,0.08400546257953448,0.0963799165852713
790_T1_vs_T2,longitudinal,5,790_to_RThigh_ry,790_to_RThigh,ry,0.09801479564011055,0.012999338245589733,-0.08501545739452082,0.08400546257953448,0.0963799165852713
790_T1_vs_T2,longitudinal,5,790_to_RThigh_rz,790_to_RThigh,rz,0.043863466501989475,0.06125548239569422,0.017392015893704746,0.08400546257953448,0.0963799165852713
790_T1_vs_T2,longitudinal,5,Ab_to_Spine2_rx,Ab_to_Spine2,rx,0.004221819835410066,0.05285989913294098,0.04863807929753092,0.08400546257953448,0.0963799165852713
790_T1_vs_T2,longitudinal,5,Ab_to_Spine2_ry,Ab_to_Spine2,ry,0.04959836543844633,0.01963760334126598,-0.029960762097180352,0.08400546257953448,0.0963799165852713
790_T1_vs_T2,longitudinal,5,Ab_to_Spine2_rz,Ab_to_Spine2,rz,0.03390169955284068,0.01968225965880922,-0.014219439894031464,0.08400546257953448,0.0963799165852713
790_T1_vs_T2,longitudinal,5,Chest_to_LShoulder_rx,Chest_to_LShoulder,rx,0.04359571198358677,0.023405869048411986,-0.020189842935174784,0.08400546257953448,0.0963799165852713
790_T1_vs_T2,longitudinal,5,Chest_to_LShoulder_ry,Chest_to_LShoulder,ry,0.0052576020772242245,0.0076607081587424086,0.002403106081518184,0.08400546257953448,0.0963799165852713
790_T1_vs_T2,longitudinal,5,Chest_to_LShoulder_rz,Chest_to_LShoulder,rz,0.060019345536956946,0.027532283390449275,-0.03248706214650767,0.08400546257953448,0.0963799165852713
790_T1_vs_T2,longitudinal,5,Chest_to_Neck_rx,Chest_to_Neck,rx,0.005578706366648636,0.03670260586810679,0.03112389950145815,0.08400546257953448,0.0963799165852713
790_T1_vs_T2,longitudinal,5,Chest_to_Neck_ry,Chest_to_Neck,ry,0.08350293733371239,0.00429438111687212,-0.07920855621684027,0.08400546257953448,0.0963799165852713
790_T1_vs_T2,longitudinal,5,Chest_to_Neck_rz,Chest_to_Neck,rz,0.005920459994537286,0.02622682212708267,0.020306362132545386,0.08400546257953448,0.0963799165852713
790_T1_vs_T2,longitudinal,5,Chest_to_RShoulder_rx,Chest_to_RShoulder,rx,0.0326610850124079,0.053967855397897724,0.021306770385489823,0.08400546257953448,0.0963799165852713
790_T1_vs_T2,longitudinal,5,Chest_to_RShoulder_ry,Chest_to_RShoulder,ry,0.026525171352385475,0.026358736901390553,-0.000166434450994922,0.08400546257953448,0.0963799165852713
790_T1_vs_T2,longitudinal,5,Chest_to_RShoulder_rz,Chest_to_RShoulder,rz,0.10579176325334451,0.05907723458170595,-0.04671452867163856,0.08400546257953448,0.0963799165852713
790_T1_vs_T2,longitudinal,5,LFArm_to_LHand_rx,LFArm_to_LHand,rx,0.013048528115322132,0.0027849912994724795,-0.010263536815849652,0.08400546257953448,0.0963799165852713
790_T1_vs_T2,longitudinal,5,LFArm_to_LHand_ry,LFArm_to_LHand,ry,0.009670234279276093,0.08163942183894755,0.07196918755967147,0.08400546257953448,0.0963799165852713
790_T1_vs_T2,longitudinal,5,LFArm_to_LHand_rz,LFArm_to_LHand,rz,0.07214082031052434,0.3181428973819804,0.2460020770714561,0.08400546257953448,0.0963799165852713
790_T1_vs_T2,longitudinal,5,LShin_to_LFoot_rx,LShin_to_LFoot,rx,0.012270671060757004,0.011553546595807044,-0.00071712446494996,0.08400546257953448,0.0963799165852713
790_T1_vs_T2,longitudinal,5,LShin_to_LFoot_ry,LShin_to_LFoot,ry,0.08589094567701851,0.03292507382125145,-0.05296587185576706,0.08400546257953448,0.0963799165852713
790_T1_vs_T2,longitudinal,5,LShin_to_LFoot_rz,LShin_to_LFoot,rz,0.006731119125571237,0.06320024326859329,0.056469124143022055,0.08400546257953448,0.0963799165852713
790_T1_vs_T2,longitudinal,5,LShoulder_to_LUArm_rx,LShoulder_to_LUArm,rx,0.27201701054510685,0.00386058965140079,-0.26815642089370606,0.08400546257953448,0.0963799165852713
790_T1_vs_T2,longitudinal,5,LShoulder_to_LUArm_ry,LShoulder_to_LUArm,ry,0.38206532842537744,0.10876635290686629,-0.2732989755185111,0.08400546257953448,0.0963799165852713
790_T1_vs_T2,longitudinal,5,LShoulder_to_LUArm_rz,LShoulder_to_LUArm,rz,0.07976354746051632,0.2658183808974183,0.186054833436902,0.08400546257953448,0.0963799165852713
790_T1_vs_T2,longitudinal,5,LThigh_to_LShin_rx,LThigh_to_LShin,rx,0.02906708280793092,0.42816044066587705,0.39909335785794614,0.08400546257953448,0.0963799165852713
790_T1_vs_T2,longitudinal,5,LThigh_to_LShin_ry,LThigh_to_LShin,ry,2.688261399717839e-09,1.8469326760556124e-08,1.5781065360838284e-08,0.08400546257953448,0.0963799165852713
790_T1_vs_T2,longitudinal,5,LThigh_to_LShin_rz,LThigh_to_LShin,rz,1.2984396182791635e-08,1.3984198086241836e-09,-1.1585976374167452e-08,0.08400546257953448,0.0963799165852713
790_T1_vs_T2,longitudinal,5,LUArm_to_LFArm_rx,LUArm_to_LFArm,rx,0.34333660122274257,0.10121813247676165,-0.24211846874598092,0.08400546257953448,0.0963799165852713
790_T1_vs_T2,longitudinal,5,LUArm_to_LFArm_ry,LUArm_to_LFArm,ry,0.027798985573016615,0.002182162916696999,-0.025616822656319614,0.08400546257953448,0.0963799165852713
790_T1_vs_T2,longitudinal,5,LUArm_to_LFArm_rz,LUArm_to_LFArm,rz,0.13424488708779864,0.043348193976836556,-0.09089669311096207,0.08400546257953448,0.0963799165852713
790_T1_vs_T2,longitudinal,5,Neck2_to_Head_rx,Neck2_to_Head,rx,0.005736485501288198,0.03662270228691021,0.030886216785622013,0.08400546257953448,0.0963799165852713
790_T1_vs_T2,longitudinal,5,Neck2_to_Head_ry,Neck2_to_Head,ry,0.08279579573284378,0.009177776590190527,-0.07361801914265326,0.08400546257953448,0.0963799165852713
790_T1_vs_T2,longitudinal,5,Neck2_to_Head_rz,Neck2_to_Head,rz,0.009833303281168345,0.024948701823341,0.015115398542172654,0.08400546257953448,0.0963799165852713
790_T1_vs_T2,longitudinal,5,Neck_to_Neck2_rx,Neck_to_Neck2,rx,0.005693349165264514,0.03664489283844094,0.030951543673176426,0.08400546257953448,0.0963799165852713
790_T1_vs_T2,longitudinal,5,Neck_to_Neck2_ry,Neck_to_Neck2,ry,0.08318604486643424,0.007852523264740173,-0.07533352160169407,0.08400546257953448,0.0963799165852713
790_T1_vs_T2,longitudinal,5,Neck_to_Neck2_rz,Neck_to_Neck2,rz,0.005524121804336897,0.0253613139298653,0.019837192125528404,0.08400546257953448,0.0963799165852713
790_T1_vs_T2,longitudinal,5,RFArm_to_RHand_rx,RFArm_to_RHand,rx,0.011617629145078929,0.009188608939886536,-0.002429020205192393,0.08400546257953448,0.0963799165852713
790_T1_vs_T2,longitudinal,5,RFArm_to_RHand_ry,RFArm_to_RHand,ry,0.03306343912212035,0.03409222973331613,0.0010287906111957831,0.08400546257953448,0.0963799165852713
790_T1_vs_T2,longitudinal,5,RFArm_to_RHand_rz,RFArm_to_RHand,rz,0.3899496271617168,0.15642339344920198,-0.23352623371251485,0.08400546257953448,0.0963799165852713
790_T1_vs_T2,longitudinal,5,RShin_to_RFoot_rx,RShin_to_RFoot,rx,0.014962002183125182,0.014729041467790754,-0.00023296071533442791,0.08400546257953448,0.0963799165852713
790_T1_vs_T2,longitudinal,5,RShin_to_RFoot_ry,RShin_to_RFoot,ry,0.13409781709451657,0.01098815272716,-0.12310966436735657,0.08400546257953448,0.0963799165852713
790_T1_vs_T2,longitudinal,5,RShin_to_RFoot_rz,RShin_to_RFoot,rz,0.00467809482698956,0.043320858066444194,0.03864276323945463,0.08400546257953448,0.0963799165852713
790_T1_vs_T2,longitudinal,5,RShoulder_to_RUArm_rx,RShoulder_to_RUArm,rx,0.3869493155058492,0.12907287102125634,-0.2578764444845929,0.08400546257953448,0.0963799165852713
790_T1_vs_T2,longitudinal,5,RShoulder_to_RUArm_ry,RShoulder_to_RUArm,ry,0.38160839362674825,0.0832564346721162,-0.29835195895463207,0.08400546257953448,0.0963799165852713
790_T1_vs_T2,longitudinal,5,RShoulder_to_RUArm_rz,RShoulder_to_RUArm,rz,0.14374210582357638,0.4797165921079499,0.33597448628437354,0.08400546257953448,0.0963799165852713
790_T1_vs_T2,longitudinal,5,RThigh_to_RShin_rx,RThigh_to_RShin,rx,0.05374973367400183,0.3028929862128751,0.24914325253887326,0.08400546257953448,0.0963799165852713
790_T1_vs_T2,longitudinal,5,RThigh_to_RShin_ry,RThigh_to_RShin,ry,1.3029828745677519e-08,2.5205509845604512e-08,1.2175681099926993e-08,0.08400546257953448,0.0963799165852713
790_T1_vs_T2,longitudinal,5,RThigh_to_RShin_rz,RThigh_to_RShin,rz,9.753388225037812e-09,2.025640180418499e-10,-9.550824206995962e-09,0.08400546257953448,0.0963799165852713
790_T1_vs_T2,longitudinal,5,RUArm_to_RFArm_rx,RUArm_to_RFArm,rx,0.21012706182991167,0.06144394132296859,-0.14868312050694307,0.08400546257953448,0.0963799165852713
790_T1_vs_T2,longitudinal,5,RUArm_to_RFArm_ry,RUArm_to_RFArm,ry,0.017748146643366228,0.05926328105394301,0.04151513441057678,0.08400546257953448,0.0963799165852713
790_T1_vs_T2,longitudinal,5,RUArm_to_RFArm_rz,RUArm_to_RFArm,rz,0.020164350775949406,0.10024190373786768,0.08007755296191826,0.08400546257953448,0.0963799165852713
790_T1_vs_T2,longitudinal,5,Spine2_to_Spine3_rx,Spine2_to_Spine3,rx,0.004216182876375867,0.05287952250832238,0.048663339631946516,0.08400546257953448,0.0963799165852713
790_T1_vs_T2,longitudinal,5,Spine2_to_Spine3_ry,Spine2_to_Spine3,ry,0.0461418226421917,0.017672769064449118,-0.028469053577742584,0.08400546257953448,0.0963799165852713
790_T1_vs_T2,longitudinal,5,Spine2_to_Spine3_rz,Spine2_to_Spine3,rz,0.03852831762727925,0.021502159937723597,-0.017026157689555652,0.08400546257953448,0.0963799165852713
790_T1_vs_T2,longitudinal,5,Spine3_to_Spine4_rx,Spine3_to_Spine4,rx,0.004218698855398776,0.05287083472149297,0.048652135866094195,0.08400546257953448,0.0963799165852713
790_T1_vs_T2,longitudinal,5,Spine3_to_Spine4_ry,Spine3_to_Spine4,ry,0.04771715287819886,0.018562033457668693,-0.029155119420530166,0.08400546257953448,0.0963799165852713
790_T1_vs_T2,longitudinal,5,Spine3_to_Spine4_rz,Spine3_to_Spine4,rz,0.03649619657710844,0.02070754968878726,-0.01578864688832118,0.08400546257953448,0.0963799165852713
790_T1_vs_T2,longitudinal,5,Spine4_to_Chest_rx,Spine4_to_Chest,rx,0.00422018332191117,0.05286562876302015,0.04864544544110898,0.08400546257953448,0.0963799165852713
790_T1_vs_T2,longitudinal,5,Spine4_to_Chest_ry,Spine4_to_Chest,ry,0.048621526415018504,0.019077108028631988,-0.029544418386386516,0.08400546257953448,0.0963799165852713
790_T1_vs_T2,longitudinal,5,Spine4_to_Chest_rz,Spine4_to_Chest,rz,0.035273165128467,0.020225646176847766,-0.015047518951619238,0.08400546257953448,0.0963799165852713
790_T1_vs_T2,longitudinal,6,790_to_Ab_rx,790_to_Ab,rx,0.041644282864190224,0.04499439973784523,0.0033501168736550027,0.07364135202463191,0.06293922015407037
790_T1_vs_T2,longitudinal,6,790_to_Ab_ry,790_to_Ab,ry,0.003355304620594718,0.009938511846983118,0.0065832072263884,0.07364135202463191,0.06293922015407037
790_T1_vs_T2,longitudinal,6,790_to_Ab_rz,790_to_Ab,rz,0.002629338361035516,0.00023690380900202442,-0.0023924345520334915,0.07364135202463191,0.06293922015407037
790_T1_vs_T2,longitudinal,6,790_to_LThigh_rx,790_to_LThigh,rx,0.05188771132232166,0.17955681998180864,0.127669108659487,0.07364135202463191,0.06293922015407037
790_T1_vs_T2,longitudinal,6,790_to_LThigh_ry,790_to_LThigh,ry,0.03725958731312401,0.06525907579516686,0.027999488482042853,0.07364135202463191,0.06293922015407037
790_T1_vs_T2,longitudinal,6,790_to_LThigh_rz,790_to_LThigh,rz,0.06505666117069114,0.04933474298053089,-0.01572191819016025,0.07364135202463191,0.06293922015407037
790_T1_vs_T2,longitudinal,6,790_to_RThigh_rx,790_to_RThigh,rx,0.09987857381297133,0.17956387718204528,0.07968530336907395,0.07364135202463191,0.06293922015407037
790_T1_vs_T2,longitudinal,6,790_to_RThigh_ry,790_to_RThigh,ry,0.00897108111811529,0.027993986873455248,0.019022905755339957,0.07364135202463191,0.06293922015407037
790_T1_vs_T2,longitudinal,6,790_to_RThigh_rz,790_to_RThigh,rz,0.007591838520223815,0.062394121941396714,0.0548022834211729,0.07364135202463191,0.06293922015407037
790_T1_vs_T2,longitudinal,6,Ab_to_Spine2_rx,Ab_to_Spine2,rx,0.041312685311189194,0.04479056506237834,0.0034778797511891488,0.07364135202463191,0.06293922015407037
790_T1_vs_T2,longitudinal,6,Ab_to_Spine2_ry,Ab_to_Spine2,ry,0.0033241617910979475,0.010251616368968352,0.006927454577870405,0.07364135202463191,0.06293922015407037
790_T1_vs_T2,longitudinal,6,Ab_to_Spine2_rz,Ab_to_Spine2,rz,0.0111051356796302,0.005104763438567612,-0.006000372241062588,0.07364135202463191,0.06293922015407037
790_T1_vs_T2,longitudinal,6,Chest_to_LShoulder_rx,Chest_to_LShoulder,rx,0.0044384533047599,0.03349041669881022,0.02905196339405032,0.07364135202463191,0.06293922015407037
790_T1_vs_T2,longitudinal,6,Chest_to_LShoulder_ry,Chest_to_LShoulder,ry,0.096144389372206,0.05162654979543407,-0.04451783957677193,0.07364135202463191,0.06293922015407037
790_T1_vs_T2,longitudinal,6,Chest_to_LShoulder_rz,Chest_to_LShoulder,rz,0.09556609191750663,0.039446437374661095,-0.05611965454284554,0.07364135202463191,0.06293922015407037
790_T1_vs_T2,longitudinal,6,Chest_to_Neck_rx,Chest_to_Neck,rx,0.013169279663229453,0.028507487175704768,0.015338207512475315,0.07364135202463191,0.06293922015407037
790_T1_vs_T2,longitudinal,6,Chest_to_Neck_ry,Chest_to_Neck,ry,0.008467731304916619,0.022073737600723262,0.013606006295806643,0.07364135202463191,0.06293922015407037
790_T1_vs_T2,longitudinal,6,Chest_to_Neck_rz,Chest_to_Neck,rz,0.01780028993767987,0.013148858415088826,-0.004651431522591046,0.07364135202463191,0.06293922015407037
790_T1_vs_T2,longitudinal,6,Chest_to_RShoulder_rx,Chest_to_RShoulder,rx,0.06479217204857968,0.055721262139921846,-0.009070909908657832,0.07364135202463191,0.06293922015407037
790_T1_vs_T2,longitudinal,6,Chest_to_RShoulder_ry,Chest_to_RShoulder,ry,0.07203589841348622,0.046556002791857454,-0.025479895621628765,0.07364135202463191,0.06293922015407037
790_T1_vs_T2,longitudinal,6,Chest_to_RShoulder_rz,Chest_to_RShoulder,rz,0.02860127322851636,0.07494028272797537,0.046339009499459016,0.07364135202463191,0.06293922015407037
790_T1_vs_T2,longitudinal,6,LFArm_to_LHand_rx,LFArm_to_LHand,rx,0.003994909263915932,0.017422305555192034,0.013427396291276102,0.07364135202463191,0.06293922015407037
790_T1_vs_T2,longitudinal,6,LFArm_to_LHand_ry,LFArm_to_LHand,ry,0.07858335125135747,0.06975738986489874,-0.008825961386458733,0.07364135202463191,0.06293922015407037
790_T1_vs_T2,longitudinal,6,LFArm_to_LHand_rz,LFArm_to_LHand,rz,0.29370994321546856,0.27044578582768475,-0.023264157387783813,0.07364135202463191,0.06293922015407037
790_T1_vs_T2,longitudinal,6,LShin_to_LFoot_rx,LShin_to_LFoot,rx,0.014714659977148914,0.008000622610461819,-0.006714037366687095,0.07364135202463191,0.06293922015407037
790_T1_vs_T2,longitudinal,6,LShin_to_LFoot_ry,LShin_to_LFoot,ry,0.011615748347045601,0.034619099593741424,0.023003351246695822,0.07364135202463191,0.06293922015407037
790_T1_vs_T2,longitudinal,6,LShin_to_LFoot_rz,LShin_to_LFoot,rz,0.035199859396347365,0.04941380926666252,0.014213949870315157,0.07364135202463191,0.06293922015407037
790_T1_vs_T2,longitudinal,6,LShoulder_to_LUArm_rx,LShoulder_to_LUArm,rx,0.211104859460762,0.3036238782284702,0.09251901876770821,0.07364135202463191,0.06293922015407037
790_T1_vs_T2,longitudinal,6,LShoulder_to_LUArm_ry,LShoulder_to_LUArm,ry,0.4793532110163149,0.5062196338302013,0.026866422813886404,0.07364135202463191,0.06293922015407037
790_T1_vs_T2,longitudinal,6,LShoulder_to_LUArm_rz,LShoulder_to_LUArm,rz,0.2992883491581319,0.043219783273741284,-0.25606856588439064,0.07364135202463191,0.06293922015407037
790_T1_vs_T2,longitudinal,6,LThigh_to_LShin_rx,LThigh_to_LShin,rx,0.06736150191564527,0.26442131641213307,0.1970598144964878,0.07364135202463191,0.06293922015407037
790_T1_vs_T2,longitudinal,6,LThigh_to_LShin_ry,LThigh_to_LShin,ry,2.4245384653591986e-08,1.1586899668178465e-08,-1.2658484985413521e-08,0.07364135202463191,0.06293922015407037
790_T1_vs_T2,longitudinal,6,LThigh_to_LShin_rz,LThigh_to_LShin,rz,1.1727070875033197e-08,1.17905028653493e-08,6.343199031610297e-11,0.07364135202463191,0.06293922015407037
790_T1_vs_T2,longitudinal,6,LUArm_to_LFArm_rx,LUArm_to_LFArm,rx,0.16654358720382462,0.01641228921959799,-0.15013129798422664,0.07364135202463191,0.06293922015407037
790_T1_vs_T2,longitudinal,6,LUArm_to_LFArm_ry,LUArm_to_LFArm,ry,0.006870273373729518,0.34568382345884,0.3388135500851105,0.07364135202463191,0.06293922015407037
790_T1_vs_T2,longitudinal,6,LUArm_to_LFArm_rz,LUArm_to_LFArm,rz,0.1283546350482993,0.014298344713257216,-0.11405629033504208,0.07364135202463191,0.06293922015407037
790_T1_vs_T2,longitudinal,6,Neck2_to_Head_rx,Neck2_to_Head,rx,0.013610475454235499,0.02887829981790052,0.015267824363665023,0.07364135202463191,0.06293922015407037
790_T1_vs_T2,longitudinal,6,Neck2_to_Head_ry,Neck2_to_Head,ry,0.011729067558721874,0.024151688217884354,0.01242262065916248,0.07364135202463191,0.06293922015407037
790_T1_vs_T2,longitudinal,6,Neck2_to_Head_rz,Neck2_to_Head,rz,0.0157946611758974,0.008739807442541561,-0.007054853733355838,0.07364135202463191,0.06293922015407037
790_T1_vs_T2,longitudinal,6,Neck_to_Neck2_rx,Neck_to_Neck2,rx,0.01348961652490635,0.028776719413754065,0.015287102888847715,0.07364135202463191,0.06293922015407037
790_T1_vs_T2,longitudinal,6,Neck_to_Neck2_ry,Neck_to_Neck2,ry,0.010860538192290785,0.02363647935771017,0.012775941165419384,0.07364135202463191,0.06293922015407037
790_T1_vs_T2,longitudinal,6,Neck_to_Neck2_rz,Neck_to_Neck2,rz,0.016388074170581746,0.009976729751822256,-0.00641134441875949,0.07364135202463191,0.06293922015407037
790_T1_vs_T2,longitudinal,6,RFArm_to_RHand_rx,RFArm_to_RHand,rx,0.004559231025576913,0.013374670632238917,0.008815439606662003,0.07364135202463191,0.06293922015407037
790_T1_vs_T2,longitudinal,6,RFArm_to_RHand_ry,RFArm_to_RHand,ry,0.09615804866879081,0.07109431244788467,-0.025063736220906144,0.07364135202463191,0.06293922015407037
790_T1_vs_T2,longitudinal,6,RFArm_to_RHand_rz,RFArm_to_RHand,rz,0.20033581481397178,0.22276145466133027,0.022425639847358486,0.07364135202463191,0.06293922015407037
790_T1_vs_T2,longitudinal,6,RShin_to_RFoot_rx,RShin_to_RFoot,rx,0.0015816619938871107,0.007737948335224098,0.006156286341336988,0.07364135202463191,0.06293922015407037
790_T1_vs_T2,longitudinal,6,RShin_to_RFoot_ry,RShin_to_RFoot,ry,0.02308689608969705,0.05653891401217432,0.03345201792247727,0.07364135202463191,0.06293922015407037
790_T1_vs_T2,longitudinal,6,RShin_to_RFoot_rz,RShin_to_RFoot,rz,0.00657229286068141,0.0340571069856739,0.027484814124992492,0.07364135202463191,0.06293922015407037
790_T1_vs_T2,longitudinal,6,RShoulder_to_RUArm_rx,RShoulder_to_RUArm,rx,0.0377730321175977,0.04479939399849065,0.007026361880892951,0.07364135202463191,0.06293922015407037
790_T1_vs_T2,longitudinal,6,RShoulder_to_RUArm_ry,RShoulder_to_RUArm,ry,0.47677245792218803,0.1352461390511921,-0.34152631887099594,0.07364135202463191,0.06293922015407037
790_T1_vs_T2,longitudinal,6,RShoulder_to_RUArm_rz,RShoulder_to_RUArm,rz,0.31226192164299216,0.23581339988811517,-0.07644852175487699,0.07364135202463191,0.06293922015407037
790_T1_vs_T2,longitudinal,6,RThigh_to_RShin_rx,RThigh_to_RShin,rx,0.18239216946569373,0.258886263561641,0.07649409409594729,0.07364135202463191,0.06293922015407037
790_T1_vs_T2,longitudinal,6,RThigh_to_RShin_ry,RThigh_to_RShin,ry,2.3284460577779252e-08,3.1819891758778094e-08,8.535431180998843e-09,0.07364135202463191,0.06293922015407037
790_T1_vs_T2,longitudinal,6,RThigh_to_RShin_rz,RThigh_to_RShin,rz,2.038491418840516e-08,1.4236397411727337e-08,-6.148516776677824e-09,0.07364135202463191,0.06293922015407037
790_T1_vs_T2,longitudinal,6,RUArm_to_RFArm_rx,RUArm_to_RFArm,rx,0.03978082729895996,0.14202638353045396,0.102245556231494,0.07364135202463191,0.06293922015407037
790_T1_vs_T2,longitudinal,6,RUArm_to_RFArm_ry,RUArm_to_RFArm,ry,0.015293900838635521,0.19773311641492586,0.18243921557629034,0.07364135202463191,0.06293922015407037
790_T1_vs_T2,longitudinal,6,RUArm_to_RFArm_rz,RUArm_to_RFArm,rz,0.1551936337125995,0.09541889065616008,-0.05977474305643943,0.07364135202463191,0.06293922015407037
790_T1_vs_T2,longitudinal,6,Spine2_to_Spine3_rx,Spine2_to_Spine3,rx,0.04127924393787212,0.044769773033536193,0.003490529095664073,0.07364135202463191,0.06293922015407037
790_T1_vs_T2,longitudinal,6,Spine2_to_Spine3_ry,Spine2_to_Spine3,ry,0.004376205779383101,0.009712534756413706,0.005336328977030605,0.07364135202463191,0.06293922015407037
790_T1_vs_T2,longitudinal,6,Spine2_to_Spine3_rz,Spine2_to_Spine3,rz,0.01074109876668532,0.0060600171841898864,-0.004681081582495434,0.07364135202463191,0.06293922015407037
790_T1_vs_T2,longitudinal,6,Spine3_to_Spine4_rx,Spine3_to_Spine4,rx,0.04129412267725582,0.04477904662046982,0.003484923943213994,0.07364135202463191,0.06293922015407037
790_T1_vs_T2,longitudinal,6,Spine3_to_Spine4_ry,Spine3_to_Spine4,ry,0.003910719327544425,0.009959897420915185,0.0060491780933707604,0.07364135202463191,0.06293922015407037
790_T1_vs_T2,longitudinal,6,Spine3_to_Spine4_rz,Spine3_to_Spine4,rz,0.01091146327920869,0.005639187934386028,-0.0052722753448226625,0.07364135202463191,0.06293922015407037
790_T1_vs_T2,longitudinal,6,Spine4_to_Chest_rx,Spine4_to_Chest,rx,0.04130297883558767,0.04478453718670354,0.003481558351115868,0.07364135202463191,0.06293922015407037
790_T1_vs_T2,longitudinal,6,Spine4_to_Chest_ry,Spine4_to_Chest,ry,0.0036332057771852454,0.010100720423511145,0.0064675146463259,0.07364135202463191,0.06293922015407037
790_T1_vs_T2,longitudinal,6,Spine4_to_Chest_rz,Spine4_to_Chest,rz,0.011005991126198298,0.0053868644577263385,-0.0056191266684719595,0.07364135202463191,0.06293922015407037
790_T1_vs_T2,longitudinal,7,790_to_Ab_rx,790_to_Ab,rx,0.026620785447506054,0.042452967467192605,0.01583218201968655,0.052134370186633965,0.046011035055725395
790_T1_vs_T2,longitudinal,7,790_to_Ab_ry,790_to_Ab,ry,0.03594883693390198,0.005479468439535253,-0.030469368494366728,0.052134370186633965,0.046011035055725395
790_T1_vs_T2,longitudinal,7,790_to_Ab_rz,790_to_Ab,rz,0.0002907510606632857,0.002156603500505873,0.0018658524398425871,0.052134370186633965,0.046011035055725395
790_T1_vs_T2,longitudinal,7,790_to_LThigh_rx,790_to_LThigh,rx,0.13959218322365738,0.044678139493714485,-0.09491404372994289,0.052134370186633965,0.046011035055725395
790_T1_vs_T2,longitudinal,7,790_to_LThigh_ry,790_to_LThigh,ry,0.08499279471015883,0.00402248116511368,-0.08097031354504515,0.052134370186633965,0.046011035055725395
790_T1_vs_T2,longitudinal,7,790_to_LThigh_rz,790_to_LThigh,rz,0.0008660051265699242,0.062036749654556175,0.06117074452798625,0.052134370186633965,0.046011035055725395
790_T1_vs_T2,longitudinal,7,790_to_RThigh_rx,790_to_RThigh,rx,0.1611042790254191,0.07275039808754444,-0.08835388093787466,0.052134370186633965,0.046011035055725395
790_T1_vs_T2,longitudinal,7,790_to_RThigh_ry,790_to_RThigh,ry,0.05562043756851236,0.02053051020216472,-0.03508992736634764,0.052134370186633965,0.046011035055725395
790_T1_vs_T2,longitudinal,7,790_to_RThigh_rz,790_to_RThigh,rz,0.007076479616361837,0.04221242098080414,0.0351359413644423,0.052134370186633965,0.046011035055725395
790_T1_vs_T2,longitudinal,7,Ab_to_Spine2_rx,Ab_to_Spine2,rx,0.026333040819035248,0.04236204821659206,0.016029007397556815,0.052134370186633965,0.046011035055725395
790_T1_vs_T2,longitudinal,7,Ab_to_Spine2_ry,Ab_to_Spine2,ry,0.036161801601876015,0.006137219966949886,-0.030024581634926127,0.052134370186633965,0.046011035055725395
790_T1_vs_T2,longitudinal,7,Ab_to_Spine2_rz,Ab_to_Spine2,rz,0.02004585381863463,0.015691283316169386,-0.004354570502465245,0.052134370186633965,0.046011035055725395
790_T1_vs_T2,longitudinal,7,Chest_to_LShoulder_rx,Chest_to_LShoulder,rx,0.013800278352625418,0.017160032047357256,0.003359753694731838,0.052134370186633965,0.046011035055725395
790_T1_vs_T2,longitudinal,7,Chest_to_LShoulder_ry,Chest_to_LShoulder,ry,0.02584745769305606,0.05419123236054322,0.028343774667487158,0.052134370186633965,0.046011035055725395
790_T1_vs_T2,longitudinal,7,Chest_to_LShoulder_rz,Chest_to_LShoulder,rz,0.015523173211978306,0.11309129490043456,0.09756812168845624,0.052134370186633965,0.046011035055725395
790_T1_vs_T2,longitudinal,7,Chest_to_Neck_rx,Chest_to_Neck,rx,0.022533999673807974,0.017557441793866584,-0.00497655787994139,0.052134370186633965,0.046011035055725395
790_T1_vs_T2,longitudinal,7,Chest_to_Neck_ry,Chest_to_Neck,ry,0.07773034093020194,0.009220514970376634,-0.0685098259598253,0.052134370186633965,0.046011035055725395
790_T1_vs_T2,longitudinal,7,Chest_to_Neck_rz,Chest_to_Neck,rz,0.018400915668304915,0.00128199013803011,-0.017118925530274807,0.052134370186633965,0.046011035055725395
790_T1_vs_T2,longitudinal,7,Chest_to_RShoulder_rx,Chest_to_RShoulder,rx,0.07979943839477384,0.04805732556618847,-0.03174211282858537,0.052134370186633965,0.046011035055725395
790_T1_vs_T2,longitudinal,7,Chest_to_RShoulder_ry,Chest_to_RShoulder,ry,0.04686483985727661,0.017112325461699385,-0.029752514395577224,0.052134370186633965,0.046011035055725395
790_T1_vs_T2,longitudinal,7,Chest_to_RShoulder_rz,Chest_to_RShoulder,rz,0.06666704733278558,0.03617253206262563,-0.030494515270159957,0.052134370186633965,0.046011035055725395
790_T1_vs_T2,longitudinal,7,LFArm_to_LHand_rx,LFArm_to_LHand,rx,0.030080662011151182,0.011378077227588141,-0.018702584783563042,0.052134370186633965,0.046011035055725395
790_T1_vs_T2,longitudinal,7,LFArm_to_LHand_ry,LFArm_to_LHand,ry,0.08292250223863623,0.0307269231354481,-0.05219557910318813,0.052134370186633965,0.046011035055725395
790_T1_vs_T2,longitudinal,7,LFArm_to_LHand_rz,LFArm_to_LHand,rz,0.35220038738448933,0.25034874347848546,-0.10185164390600387,0.052134370186633965,0.046011035055725395
790_T1_vs_T2,longitudinal,7,LShin_to_LFoot_rx,LShin_to_LFoot,rx,0.035572110012935886,0.03024626159081535,-0.005325848422120534,0.052134370186633965,0.046011035055725395
790_T1_vs_T2,longitudinal,7,LShin_to_LFoot_ry,LShin_to_LFoot,ry,0.09709804315396339,0.020719956405124664,-0.07637808674883872,0.052134370186633965,0.046011035055725395
790_T1_vs_T2,longitudinal,7,LShin_to_LFoot_rz,LShin_to_LFoot,rz,0.0006214144497058225,0.025142037849516678,0.024520623399810856,0.052134370186633965,0.046011035055725395
790_T1_vs_T2,longitudinal,7,LShoulder_to_LUArm_rx,LShoulder_to_LUArm,rx,0.059963497891142414,0.05169880512860501,-0.008264692762537405,0.052134370186633965,0.046011035055725395
790_T1_vs_T2,longitudinal,7,LShoulder_to_LUArm_ry,LShoulder_to_LUArm,ry,0.0029676904984923392,0.11006903613415751,0.10710134563566517,0.052134370186633965,0.046011035055725395
790_T1_vs_T2,longitudinal,7,LShoulder_to_LUArm_rz,LShoulder_to_LUArm,rz,0.1059942803460278,0.3263913710354711,0.2203970906894433,0.052134370186633965,0.046011035055725395
790_T1_vs_T2,longitudinal,7,LThigh_to_LShin_rx,LThigh_to_LShin,rx,0.0011601901295035144,0.0008807719779829531,-0.0002794181515205613,0.052134370186633965,0.046011035055725395
790_T1_vs_T2,longitudinal,7,LThigh_to_LShin_ry,LThigh_to_LShin,ry,7.006045280313801e-09,2.5573021861275982e-08,1.856697658096218e-08,0.052134370186633965,0.046011035055725395
790_T1_vs_T2,longitudinal,7,LThigh_to_LShin_rz,LThigh_to_LShin,rz,1.0919767847503444e-08,1.69613743789295e-08,6.041606531426055e-09,0.052134370186633965,0.046011035055725395
790_T1_vs_T2,longitudinal,7,LUArm_to_LFArm_rx,LUArm_to_LFArm,rx,0.1919682270069704,0.4470030817011602,0.25503485469418985,0.052134370186633965,0.046011035055725395
790_T1_vs_T2,longitudinal,7,LUArm_to_LFArm_ry,LUArm_to_LFArm,ry,0.5533364654409028,0.28002637457720453,-0.27331009086369823,0.052134370186633965,0.046011035055725395
790_T1_vs_T2,longitudinal,7,LUArm_to_LFArm_rz,LUArm_to_LFArm,rz,0.18340616566462833,0.3719455351914119,0.18853936952678355,0.052134370186633965,0.046011035055725395
790_T1_vs_T2,longitudinal,7,Neck2_to_Head_rx,Neck2_to_Head,rx,0.02287591897957385,0.0177357795859302,-0.005140139393643651,0.052134370186633965,0.046011035055725395
790_T1_vs_T2,longitudinal,7,Neck2_to_Head_ry,Neck2_to_Head,ry,0.07261132326666203,0.008764003293116477,-0.06384731997354555,0.052134370186633965,0.046011035055725395
790_T1_vs_T2,longitudinal,7,Neck2_to_Head_rz,Neck2_to_Head,rz,0.032751101463939565,0.002881852336282462,-0.029869249127657104,0.052134370186633965,0.046011035055725395
790_T1_vs_T2,longitudinal,7,Neck_to_Neck2_rx,Neck_to_Neck2,rx,0.022782080874708243,0.017687055364124106,-0.005095025510584137,0.052134370186633965,0.046011035055725395
790_T1_vs_T2,longitudinal,7,Neck_to_Neck2_ry,Neck_to_Neck2,ry,0.07419847661713638,0.008906703675873692,-0.06529177294126269,0.052134370186633965,0.046011035055725395
790_T1_vs_T2,longitudinal,7,Neck_to_Neck2_rz,Neck_to_Neck2,rz,0.028880628866864048,0.002449692781176757,-0.026430936085687293,0.052134370186633965,0.046011035055725395
790_T1_vs_T2,longitudinal,7,RFArm_to_RHand_rx,RFArm_to_RHand,rx,0.00718324316601112,0.010996246592041627,0.0038130034260305066,0.052134370186633965,0.046011035055725395
790_T1_vs_T2,longitudinal,7,RFArm_to_RHand_ry,RFArm_to_RHand,ry,0.020173424494878137,0.0439386850644453,0.023765260569567164,0.052134370186633965,0.046011035055725395
790_T1_vs_T2,longitudinal,7,RFArm_to_RHand_rz,RFArm_to_RHand,rz,0.13898313410483568,0.18234132441780107,0.043358190312965394,0.052134370186633965,0.046011035055725395
790_T1_vs_T2,longitudinal,7,RShin_to_RFoot_rx,RShin_to_RFoot,rx,0.014083372737430587,0.007722369296320291,-0.006361003441110296,0.052134370186633965,0.046011035055725395
790_T1_vs_T2,longitudinal,7,RShin_to_RFoot_ry,RShin_to_RFoot,ry,0.029437022670047854,0.024009798508070782,-0.005427224161977072,0.052134370186633965,0.046011035055725395
790_T1_vs_T2,longitudinal,7,RShin_to_RFoot_rz,RShin_to_RFoot,rz,0.007228984200402053,0.002211808361244716,-0.005017175839157338,0.052134370186633965,0.046011035055725395
790_T1_vs_T2,longitudinal,7,RShoulder_to_RUArm_rx,RShoulder_to_RUArm,rx,0.3671950508146022,0.11482246646697279,-0.2523725843476294,0.052134370186633965,0.046011035055725395
790_T1_vs_T2,longitudinal,7,RShoulder_to_RUArm_ry,RShoulder_to_RUArm,ry,0.09716156060867352,0.35292954566430057,0.25576798505562703,0.052134370186633965,0.046011035055725395
790_T1_vs_T2,longitudinal,7,RShoulder_to_RUArm_rz,RShoulder_to_RUArm,rz,0.34549023058514494,0.1274269725056686,-0.21806325807947635,0.052134370186633965,0.046011035055725395
790_T1_vs_T2,longitudinal,7,RThigh_to_RShin_rx,RThigh_to_RShin,rx,0.17578087546927917,0.12031016306254867,-0.0554707124067305,0.052134370186633965,0.046011035055725395
790_T1_vs_T2,longitudinal,7,RThigh_to_RShin_ry,RThigh_to_RShin,ry,4.925875335205106e-08,5.091538411245303e-09,-4.416721494080576e-08,0.052134370186633965,0.046011035055725395
790_T1_vs_T2,longitudinal,7,RThigh_to_RShin_rz,RThigh_to_RShin,rz,7.518572999364461e-09,2.5065950193763064e-09,-5.011977979988155e-09,0.052134370186633965,0.046011035055725395
790_T1_vs_T2,longitudinal,7,RUArm_to_RFArm_rx,RUArm_to_RFArm,rx,0.06515987043322857,0.17663168608793367,0.1114718156547051,0.052134370186633965,0.046011035055725395
790_T1_vs_T2,longitudinal,7,RUArm_to_RFArm_ry,RUArm_to_RFArm,ry,0.20471188162803844,0.15070512423510102,-0.05400675739293742,0.052134370186633965,0.046011035055725395
790_T1_vs_T2,longitudinal,7,RUArm_to_RFArm_rz,RUArm_to_RFArm,rz,0.04735503517798024,0.30569361878617834,0.2583385836081981,0.052134370186633965,0.046011035055725395
790_T1_vs_T2,longitudinal,7,Spine2_to_Spine3_rx,Spine2_to_Spine3,rx,0.026324893223581877,0.042356232126450996,0.01603133890286912,0.052134370186633965,0.046011035055725395
790_T1_vs_T2,longitudinal,7,Spine2_to_Spine3_ry,Spine2_to_Spine3,ry,0.03409551030888857,0.004589677735870176,-0.029505832573018392,0.052134370186633965,0.046011035055725395
790_T1_vs_T2,longitudinal,7,Spine2_to_Spine3_rz,Spine2_to_Spine3,rz,0.023439489407243122,0.016196817357530497,-0.007242672049712625,0.052134370186633965,0.046011035055725395
790_T1_vs_T2,longitudinal,7,Spine3_to_Spine4_rx,Spine3_to_Spine4,rx,0.026328549012884877,0.042358808723515384,0.016030259710630507,0.052134370186633965,0.046011035055725395
790_T1_vs_T2,longitudinal,7,Spine3_to_Spine4_ry,Spine3_to_Spine4,ry,0.035042234113970255,0.005282278327314941,-0.029759955786655315,0.052134370186633965,0.046011035055725395
790_T1_vs_T2,longitudinal,7,Spine3_to_Spine4_rz,Spine3_to_Spine4,rz,0.021945101037145278,0.015984322902851757,-0.005960778134293521,0.052134370186633965,0.046011035055725395
790_T1_vs_T2,longitudinal,7,Spine4_to_Chest_rx,Spine4_to_Chest,rx,0.02633069718875196,0.04236035737902979,0.01602966019027783,0.052134370186633965,0.046011035055725395
790_T1_vs_T2,longitudinal,7,Spine4_to_Chest_ry,Spine4_to_Chest,ry,0.03558198980461363,0.005689260096209258,-0.02989272970840437,0.052134370186633965,0.046011035055725395
790_T1_vs_T2,longitudinal,7,Spine4_to_Chest_rz,Spine4_to_Chest,rz,0.02104861477016805,0.01584909128925777,-0.005199523480910281,0.052134370186633965,0.046011035055725395
790_T1_vs_T2,longitudinal,8,790_to_Ab_rx,790_to_Ab,rx,0.005489850343649537,0.027058222657152166,0.02156837231350263,0.03685689456877316,0.02206498850806524
790_T1_vs_T2,longitudinal,8,790_to_Ab_ry,790_to_Ab,ry,0.0012414853470179236,0.030270869203594987,0.029029383856577065,0.03685689456877316,0.02206498850806524
790_T1_vs_T2,longitudinal,8,790_to_Ab_rz,790_to_Ab,rz,0.002569739427309113,0.0009238129014243951,-0.001645926525884718,0.03685689456877316,0.02206498850806524
790_T1_vs_T2,longitudinal,8,790_to_LThigh_rx,790_to_LThigh,rx,0.22422570063104155,0.013863446573749725,-0.21036225405729184,0.03685689456877316,0.02206498850806524
790_T1_vs_T2,longitudinal,8,790_to_LThigh_ry,790_to_LThigh,ry,0.05622878457596723,0.09930910766622769,0.04308032309026046,0.03685689456877316,0.02206498850806524
790_T1_vs_T2,longitudinal,8,790_to_LThigh_rz,790_to_LThigh,rz,0.04502545237095251,0.019356911602832594,-0.02566854076811992,0.03685689456877316,0.02206498850806524
790_T1_vs_T2,longitudinal,8,790_to_RThigh_rx,790_to_RThigh,rx,0.040689061100751975,0.1400454114593229,0.09935635035857092,0.03685689456877316,0.02206498850806524
790_T1_vs_T2,longitudinal,8,790_to_RThigh_ry,790_to_RThigh,ry,0.03109900415596232,0.06261606681256997,0.03151706265660765,0.03685689456877316,0.02206498850806524
790_T1_vs_T2,longitudinal,8,790_to_RThigh_rz,790_to_RThigh,rz,0.0896484738939717,0.059623529160991715,-0.03002494473297998,0.03685689456877316,0.02206498850806524
790_T1_vs_T2,longitudinal,8,Ab_to_Spine2_rx,Ab_to_Spine2,rx,0.005232841903617502,0.027000937327570328,0.021768095423952825,0.03685689456877316,0.02206498850806524
790_T1_vs_T2,longitudinal,8,Ab_to_Spine2_ry,Ab_to_Spine2,ry,0.002105799580290225,0.031024292606766504,0.02891849302647628,0.03685689456877316,0.02206498850806524
790_T1_vs_T2,longitudinal,8,Ab_to_Spine2_rz,Ab_to_Spine2,rz,0.009518884882906363,0.012940305272764156,0.0034214203898577933,0.03685689456877316,0.02206498850806524
790_T1_vs_T2,longitudinal,8,Chest_to_LShoulder_rx,Chest_to_LShoulder,rx,0.04753034349753933,0.02510120999565411,-0.02242913350188522,0.03685689456877316,0.02206498850806524
790_T1_vs_T2,longitudinal,8,Chest_to_LShoulder_ry,Chest_to_LShoulder,ry,0.0017922123914145829,0.02241843166974364,0.02062621927832906,0.03685689456877316,0.02206498850806524
790_T1_vs_T2,longitudinal,8,Chest_to_LShoulder_rz,Chest_to_LShoulder,rz,0.05088864731274403,0.05349250618974682,0.0026038588770027904,0.03685689456877316,0.02206498850806524
790_T1_vs_T2,longitudinal,8,Chest_to_Neck_rx,Chest_to_Neck,rx,0.0017613837905338153,0.021261902470104222,0.01950051867957041,0.03685689456877316,0.02206498850806524
790_T1_vs_T2,longitudinal,8,Chest_to_Neck_ry,Chest_to_Neck,ry,0.043791827727356875,0.08630306092210623,0.04251123319474935,0.03685689456877316,0.02206498850806524
790_T1_vs_T2,longitudinal,8,Chest_to_Neck_rz,Chest_to_Neck,rz,0.02911838932657026,0.028535961820629993,-0.0005824275059402653,0.03685689456877316,0.02206498850806524
790_T1_vs_T2,longitudinal,8,Chest_to_RShoulder_rx,Chest_to_RShoulder,rx,0.019162227152388966,0.06446853029653647,0.045306303144147506,0.03685689456877316,0.02206498850806524
790_T1_vs_T2,longitudinal,8,Chest_to_RShoulder_ry,Chest_to_RShoulder,ry,0.04721923808961971,0.015026678771859666,-0.03219255931776004,0.03685689456877316,0.02206498850806524
790_T1_vs_T2,longitudinal,8,Chest_to_RShoulder_rz,Chest_to_RShoulder,rz,0.03306677610932283,0.08684517337170336,0.05377839726238053,0.03685689456877316,0.02206498850806524
790_T1_vs_T2,longitudinal,8,LFArm_to_LHand_rx,LFArm_to_LHand,rx,0.01883557785402057,0.033676400494941756,0.014840822640921188,0.03685689456877316,0.02206498850806524
790_T1_vs_T2,longitudinal,8,LFArm_to_LHand_ry,LFArm_to_LHand,ry,0.03663226912573462,0.06474938457685284,0.028117115451118217,0.03685689456877316,0.02206498850806524
790_T1_vs_T2,longitudinal,8,LFArm_to_LHand_rz,LFArm_to_LHand,rz,0.06417597371786943,0.2107160932295583,0.14654011951168888,0.03685689456877316,0.02206498850806524
790_T1_vs_T2,longitudinal,8,LShin_to_LFoot_rx,LShin_to_LFoot,rx,0.03834240256531682,0.05618317342683109,0.01784077086151427,0.03685689456877316,0.02206498850806524
790_T1_vs_T2,longitudinal,8,LShin_to_LFoot_ry,LShin_to_LFoot,ry,0.0371828348798185,0.10555007317080599,0.06836723829098748,0.03685689456877316,0.02206498850806524
790_T1_vs_T2,longitudinal,8,LShin_to_LFoot_rz,LShin_to_LFoot,rz,0.06190469618508019,0.03163629852608697,-0.030268397658993217,0.03685689456877316,0.02206498850806524
790_T1_vs_T2,longitudinal,8,LShoulder_to_LUArm_rx,LShoulder_to_LUArm,rx,0.2805225834728433,0.19610342451864685,-0.08441915895419647,0.03685689456877316,0.02206498850806524
790_T1_vs_T2,longitudinal,8,LShoulder_to_LUArm_ry,LShoulder_to_LUArm,ry,0.06961264303248729,0.053118621735696946,-0.016494021296790347,0.03685689456877316,0.02206498850806524
790_T1_vs_T2,longitudinal,8,LShoulder_to_LUArm_rz,LShoulder_to_LUArm,rz,0.2797076270729205,0.09566154021945934,-0.1840460868534612,0.03685689456877316,0.02206498850806524
790_T1_vs_T2,longitudinal,8,LThigh_to_LShin_rx,LThigh_to_LShin,rx,0.45598354747037795,0.2402741969532844,-0.21570935051709356,0.03685689456877316,0.02206498850806524
790_T1_vs_T2,longitudinal,8,LThigh_to_LShin_ry,LThigh_to_LShin,ry,8.771774771040772e-09,5.166994792012254e-09,-3.604779979028518e-09,0.03685689456877316,0.02206498850806524
790_T1_vs_T2,longitudinal,8,LThigh_to_LShin_rz,LThigh_to_LShin,rz,1.3187621612786661e-10,3.526151507220885e-09,3.3942752910930186e-09,0.03685689456877316,0.02206498850806524
790_T1_vs_T2,longitudinal,8,LUArm_to_LFArm_rx,LUArm_to_LFArm,rx,0.13091273199943193,0.21685511288246032,0.08594238088302839,0.03685689456877316,0.02206498850806524
790_T1_vs_T2,longitudinal,8,LUArm_to_LFArm_ry,LUArm_to_LFArm,ry,0.11700275733143613,0.3048200224356499,0.18781726510421376,0.03685689456877316,0.02206498850806524
790_T1_vs_T2,longitudinal,8,LUArm_to_LFArm_rz,LUArm_to_LFArm,rz,0.010411683422557945,0.10909830724875805,0.09868662382620011,0.03685689456877316,0.02206498850806524
790_T1_vs_T2,longitudinal,8,Neck2_to_Head_rx,Neck2_to_Head,rx,0.001729023833181447,0.02151807313967745,0.019789049306496,0.03685689456877316,0.02206498850806524
790_T1_vs_T2,longitudinal,8,Neck2_to_Head_ry,Neck2_to_Head,ry,0.03735730491615547,0.07909440790355224,0.04173710298739677,0.03685689456877316,0.02206498850806524
790_T1_vs_T2,longitudinal,8,Neck2_to_Head_rz,Neck2_to_Head,rz,0.036800778403231774,0.04427919728928886,0.007478418886057089,0.03685689456877316,0.02206498850806524
790_T1_vs_T2,longitudinal,8,Neck_to_Neck2_rx,Neck_to_Neck2,rx,0.0017381231307955656,0.021447664814542414,0.019709541683746848,0.03685689456877316,0.02206498850806524
790_T1_vs_T2,longitudinal,8,Neck_to_Neck2_ry,Neck_to_Neck2,ry,0.03921986343186801,0.08127188873918398,0.04205202530731597,0.03685689456877316,0.02206498850806524
790_T1_vs_T2,longitudinal,8,Neck_to_Neck2_rz,Neck_to_Neck2,rz,0.03477561981953464,0.0400529821474897,0.00527736232795506,0.03685689456877316,0.02206498850806524
790_T1_vs_T2,longitudinal,8,RFArm_to_RHand_rx,RFArm_to_RHand,rx,0.016759161423709146,0.004751384310511284,-0.012007777113197862,0.03685689456877316,0.02206498850806524
790_T1_vs_T2,longitudinal,8,RFArm_to_RHand_ry,RFArm_to_RHand,ry,0.0029770989647836463,0.019034597679725658,0.016057498714942012,0.03685689456877316,0.02206498850806524
790_T1_vs_T2,longitudinal,8,RFArm_to_RHand_rz,RFArm_to_RHand,rz,0.2350027054301511,0.2953067020078355,0.0603039965776844,0.03685689456877316,0.02206498850806524
790_T1_vs_T2,longitudinal,8,RShin_to_RFoot_rx,RShin_to_RFoot,rx,0.036649228321166724,0.03506404713121172,-0.0015851811899550011,0.03685689456877316,0.02206498850806524
790_T1_vs_T2,longitudinal,8,RShin_to_RFoot_ry,RShin_to_RFoot,ry,0.02777544331677654,0.038860824848648536,0.011085381531871996,0.03685689456877316,0.02206498850806524
790_T1_vs_T2,longitudinal,8,RShin_to_RFoot_rz,RShin_to_RFoot,rz,0.03767812570360302,0.014254915987566372,-0.02342320971603665,0.03685689456877316,0.02206498850806524
790_T1_vs_T2,longitudinal,8,RShoulder_to_RUArm_rx,RShoulder_to_RUArm,rx,0.03547371234224121,0.32019761046939466,0.28472389812715343,0.03685689456877316,0.02206498850806524
790_T1_vs_T2,longitudinal,8,RShoulder_to_RUArm_ry,RShoulder_to_RUArm,ry,0.06942759874055131,0.11713214628890428,0.047704547548352974,0.03685689456877316,0.02206498850806524
790_T1_vs_T2,longitudinal,8,RShoulder_to_RUArm_rz,RShoulder_to_RUArm,rz,0.16392840843381706,0.25658865855252344,0.09266025011870638,0.03685689456877316,0.02206498850806524
790_T1_vs_T2,longitudinal,8,RThigh_to_RShin_rx,RThigh_to_RShin,rx,0.13736428554342317,0.10012840740500406,-0.03723587813841911,0.03685689456877316,0.02206498850806524
790_T1_vs_T2,longitudinal,8,RThigh_to_RShin_ry,RThigh_to_RShin,ry,1.1578973740649934e-08,3.465948433599045e-08,2.3080510595340518e-08,0.03685689456877316,0.02206498850806524
790_T1_vs_T2,longitudinal,8,RThigh_to_RShin_rz,RThigh_to_RShin,rz,1.846013667166689e-08,5.671911805317065e-09,-1.2788224866349825e-08,0.03685689456877316,0.02206498850806524
790_T1_vs_T2,longitudinal,8,RUArm_to_RFArm_rx,RUArm_to_RFArm,rx,0.13230597846405676,0.16679361370175902,0.03448763523770226,0.03685689456877316,0.02206498850806524
790_T1_vs_T2,longitudinal,8,RUArm_to_RFArm_ry,RUArm_to_RFArm,ry,0.5379928047417122,0.47643495489756504,-0.06155784984414714,0.03685689456877316,0.02206498850806524
790_T1_vs_T2,longitudinal,8,RUArm_to_RFArm_rz,RUArm_to_RFArm,rz,0.29255271623605333,0.2212045009794357,-0.07134821525661764,0.03685689456877316,0.02206498850806524
790_T1_vs_T2,longitudinal,8,Spine2_to_Spine3_rx,Spine2_to_Spine3,rx,0.005221863419356574,0.02700568553191246,0.021783822112555886,0.03685689456877316,0.02206498850806524
790_T1_vs_T2,longitudinal,8,Spine2_to_Spine3_ry,Spine2_to_Spine3,ry,0.0029907198982297946,0.029645406921714607,0.02665468702348481,0.03685689456877316,0.02206498850806524
790_T1_vs_T2,longitudinal,8,Spine2_to_Spine3_rz,Spine2_to_Spine3,rz,0.009312562877444381,0.01584671024263924,0.0065341473651948576,0.03685689456877316,0.02206498850806524
790_T1_vs_T2,longitudinal,8,Spine3_to_Spine4_rx,Spine3_to_Spine4,rx,0.005226795695563027,0.02700357073339809,0.021776775037835063,0.03685689456877316,0.02206498850806524
790_T1_vs_T2,longitudinal,8,Spine3_to_Spine4_ry,Spine3_to_Spine4,ry,0.0025978897972841353,0.030281914658769397,0.02768402486148526,0.03685689456877316,0.02206498850806524
790_T1_vs_T2,longitudinal,8,Spine3_to_Spine4_rz,Spine3_to_Spine4,rz,0.009411087770525678,0.014564024393734306,0.005152936623208627,0.03685689456877316,0.02206498850806524
790_T1_vs_T2,longitudinal,8,Spine4_to_Chest_rx,Spine4_to_Chest,rx,0.005229651798342866,0.027002339834718406,0.02177268803637554,0.03685689456877316,0.02206498850806524
790_T1_vs_T2,longitudinal,8,Spine4_to_Chest_ry,Spine4_to_Chest,ry,0.0023646670169502034,0.030641339539245586,0.028276672522295383,0.03685689456877316,0.02206498850806524
790_T1_vs_T2,longitudinal,8,Spine4_to_Chest_rz,Spine4_to_Chest,rz,0.009464332246967296,0.013796705423809777,0.00433237317684248,0.03685689456877316,0.02206498850806524
790_T1_vs_T3,longitudinal,1,790_to_Ab_rx,790_to_Ab,rx,0.03473338690271837,0.03170337079773165,-0.003030016104986717,0.19835219635895127,0.2703884805863402
790_T1_vs_T3,longitudinal,1,790_to_Ab_ry,790_to_Ab,ry,0.015298023503893199,0.02181160677861392,0.006513583274720722,0.19835219635895127,0.2703884805863402
790_T1_vs_T3,longitudinal,1,790_to_Ab_rz,790_to_Ab,rz,0.002508526116942411,0.0023262841815106378,-0.00018224193543177336,0.19835219635895127,0.2703884805863402
790_T1_vs_T3,longitudinal,1,790_to_LThigh_rx,790_to_LThigh,rx,0.06425462942008664,0.02156203982293501,-0.04269258959715163,0.19835219635895127,0.2703884805863402
790_T1_vs_T3,longitudinal,1,790_to_LThigh_ry,790_to_LThigh,ry,0.05950828162199451,0.06537434285589604,0.005866061233901529,0.19835219635895127,0.2703884805863402
790_T1_vs_T3,longitudinal,1,790_to_LThigh_rz,790_to_LThigh,rz,0.011928153400346933,0.00973925863307107,-0.002188894767275863,0.19835219635895127,0.2703884805863402
790_T1_vs_T3,longitudinal,1,790_to_RThigh_rx,790_to_RThigh,rx,0.11527205766464863,0.09635803563283166,-0.01891402203181697,0.19835219635895127,0.2703884805863402
790_T1_vs_T3,longitudinal,1,790_to_RThigh_ry,790_to_RThigh,ry,0.02279025300546144,0.029558631311132316,0.006768378305670876,0.19835219635895127,0.2703884805863402
790_T1_vs_T3,longitudinal,1,790_to_RThigh_rz,790_to_RThigh,rz,0.02519909350119045,0.00983085675182604,-0.01536823674936441,0.19835219635895127,0.2703884805863402
790_T1_vs_T3,longitudinal,1,Ab_to_Spine2_rx,Ab_to_Spine2,rx,0.03491442716404796,0.03191939039781413,-0.002995036766233833,0.19835219635895127,0.2703884805863402
790_T1_vs_T3,longitudinal,1,Ab_to_Spine2_ry,Ab_to_Spine2,ry,0.015300159830662957,0.021603283789422053,0.0063031239587590954,0.19835219635895127,0.2703884805863402
790_T1_vs_T3,longitudinal,1,Ab_to_Spine2_rz,Ab_to_Spine2,rz,0.018869892268052944,0.02057680945473688,0.001706917186683938,0.19835219635895127,0.2703884805863402
790_T1_vs_T3,longitudinal,1,Chest_to_LShoulder_rx,Chest_to_LShoulder,rx,0.019255883511459633,0.03722140527647027,0.017965521765010636,0.19835219635895127,0.2703884805863402
790_T1_vs_T3,longitudinal,1,Chest_to_LShoulder_ry,Chest_to_LShoulder,ry,0.024096524536910906,0.03259727211399301,0.008500747577082107,0.19835219635895127,0.2703884805863402
790_T1_vs_T3,longitudinal,1,Chest_to_LShoulder_rz,Chest_to_LShoulder,rz,0.06382491817683984,0.03911329501538131,-0.024711623161458536,0.19835219635895127,0.2703884805863402
790_T1_vs_T3,longitudinal,1,Chest_to_Neck_rx,Chest_to_Neck,rx,0.014092729088503606,0.008733220010726392,-0.005359509077777214,0.19835219635895127,0.2703884805863402
790_T1_vs_T3,longitudinal,1,Chest_to_Neck_ry,Chest_to_Neck,ry,0.02940719751819761,0.038905066445535194,0.009497868927337585,0.19835219635895127,0.2703884805863402
790_T1_vs_T3,longitudinal,1,Chest_to_Neck_rz,Chest_to_Neck,rz,0.010483957408750862,0.008756667727523683,-0.0017272896812271787,0.19835219635895127,0.2703884805863402
790_T1_vs_T3,longitudinal,1,Chest_to_RShoulder_rx,Chest_to_RShoulder,rx,0.059302595095898254,0.05578232371248428,-0.0035202713834139726,0.19835219635895127,0.2703884805863402
790_T1_vs_T3,longitudinal,1,Chest_to_RShoulder_ry,Chest_to_RShoulder,ry,0.008231026177737338,0.011519451404271162,0.003288425226533824,0.19835219635895127,0.2703884805863402
790_T1_vs_T3,longitudinal,1,Chest_to_RShoulder_rz,Chest_to_RShoulder,rz,0.03808573503644441,0.041835151903477995,0.0037494168670335823,0.19835219635895127,0.2703884805863402
790_T1_vs_T3,longitudinal,1,LFArm_to_LHand_rx,LFArm_to_LHand,rx,0.00826159993823267,0.0002690838892518241,-0.007992516048980845,0.19835219635895127,0.2703884805863402
790_T1_vs_T3,longitudinal,1,LFArm_to_LHand_ry,LFArm_to_LHand,ry,0.06475188939651222,0.09796535972724761,0.03321347033073539,0.19835219635895127,0.2703884805863402
790_T1_vs_T3,longitudinal,1,LFArm_to_LHand_rz,LFArm_to_LHand,rz,0.3037561833233544,0.5064649031463001,0.2027087198229457,0.19835219635895127,0.2703884805863402
790_T1_vs_T3,longitudinal,1,LShin_to_LFoot_rx,LShin_to_LFoot,rx,0.014902874568120979,0.017478926538954814,0.0025760519708338345,0.19835219635895127,0.2703884805863402
790_T1_vs_T3,longitudinal,1,LShin_to_LFoot_ry,LShin_to_LFoot,ry,0.026866325025121065,0.030007261178262037,0.0031409361531409725,0.19835219635895127,0.2703884805863402
790_T1_vs_T3,longitudinal,1,LShin_to_LFoot_rz,LShin_to_LFoot,rz,0.011908209153960524,0.007549515683817296,-0.0043586934701432285,0.19835219635895127,0.2703884805863402
790_T1_vs_T3,longitudinal,1,LShoulder_to_LUArm_rx,LShoulder_to_LUArm,rx,0.27899808177928787,0.4046068523446732,0.12560877056538533,0.19835219635895127,0.2703884805863402
790_T1_vs_T3,longitudinal,1,LShoulder_to_LUArm_ry,LShoulder_to_LUArm,ry,0.34502569212585665,0.3662802886000813,0.021254596474224674,0.19835219635895127,0.2703884805863402
790_T1_vs_T3,longitudinal,1,LShoulder_to_LUArm_rz,LShoulder_to_LUArm,rz,0.17113849109661902,0.06621344286904284,-0.10492504822757619,0.19835219635895127,0.2703884805863402
790_T1_vs_T3,longitudinal,1,LThigh_to_LShin_rx,LThigh_to_LShin,rx,0.05865214416073233,0.011049226069166944,-0.04760291809156538,0.19835219635895127,0.2703884805863402
790_T1_vs_T3,longitudinal,1,LThigh_to_LShin_ry,LThigh_to_LShin,ry,3.1997595815800625e-09,8.0970810583079e-09,4.897321476727838e-09,0.19835219635895127,0.2703884805863402
790_T1_vs_T3,longitudinal,1,LThigh_to_LShin_rz,LThigh_to_LShin,rz,8.992859867559308e-10,9.87158369322299e-09,8.97229770646706e-09,0.19835219635895127,0.2703884805863402
790_T1_vs_T3,longitudinal,1,LUArm_to_LFArm_rx,LUArm_to_LFArm,rx,0.37241385782190073,0.24329836491856563,-0.1291154929033351,0.19835219635895127,0.2703884805863402
790_T1_vs_T3,longitudinal,1,LUArm_to_LFArm_ry,LUArm_to_LFArm,ry,0.12344992476766346,0.07089536418589462,-0.05255456058176884,0.19835219635895127,0.2703884805863402
790_T1_vs_T3,longitudinal,1,LUArm_to_LFArm_rz,LUArm_to_LFArm,rz,0.10045051323545501,0.030418944722647966,-0.07003156851280704,0.19835219635895127,0.2703884805863402
790_T1_vs_T3,longitudinal,1,Neck2_to_Head_rx,Neck2_to_Head,rx,0.014103062796955999,0.00872439120568339,-0.005378671591272609,0.19835219635895127,0.2703884805863402
790_T1_vs_T3,longitudinal,1,Neck2_to_Head_ry,Neck2_to_Head,ry,0.0308011283643369,0.03973855511659885,0.008937426752261949,0.19835219635895127,0.2703884805863402
790_T1_vs_T3,longitudinal,1,Neck2_to_Head_rz,Neck2_to_Head,rz,0.004744684445154046,0.001260895849342695,-0.0034837885958113515,0.19835219635895127,0.2703884805863402
790_T1_vs_T3,longitudinal,1,Neck_to_Neck2_rx,Neck_to_Neck2,rx,0.014100192479581731,0.008726762860171723,-0.005373429619410008,0.19835219635895127,0.2703884805863402
790_T1_vs_T3,longitudinal,1,Neck_to_Neck2_ry,Neck_to_Neck2,ry,0.0304906086167509,0.039604064045441256,0.009113455428690357,0.19835219635895127,0.2703884805863402
790_T1_vs_T3,longitudinal,1,Neck_to_Neck2_rz,Neck_to_Neck2,rz,0.006336955701001949,0.0033268829552370394,-0.00301007274576491,0.19835219635895127,0.2703884805863402
790_T1_vs_T3,longitudinal,1,RFArm_to_RHand_rx,RFArm_to_RHand,rx,0.005068837619129463,0.010341552742632739,0.005272715123503276,0.19835219635895127,0.2703884805863402
790_T1_vs_T3,longitudinal,1,RFArm_to_RHand_ry,RFArm_to_RHand,ry,0.003559128446231218,0.003517168556876552,-4.1959889354666133e-05,0.19835219635895127,0.2703884805863402
790_T1_vs_T3,longitudinal,1,RFArm_to_RHand_rz,RFArm_to_RHand,rz,0.2575741290978173,0.3162072180032824,0.05863308890546509,0.19835219635895127,0.2703884805863402
790_T1_vs_T3,longitudinal,1,RShin_to_RFoot_rx,RShin_to_RFoot,rx,0.004215332636457699,0.009082088298524272,0.004866755662066573,0.19835219635895127,0.2703884805863402
790_T1_vs_T3,longitudinal,1,RShin_to_RFoot_ry,RShin_to_RFoot,ry,0.03827330477808881,0.04767635037948158,0.009403045601392768,0.19835219635895127,0.2703884805863402
790_T1_vs_T3,longitudinal,1,RShin_to_RFoot_rz,RShin_to_RFoot,rz,0.01344906777158555,0.005584576948548482,-0.007864490823037067,0.19835219635895127,0.2703884805863402
790_T1_vs_T3,longitudinal,1,RShoulder_to_RUArm_rx,RShoulder_to_RUArm,rx,0.3541179480037342,0.3131325044227579,-0.04098544358097628,0.19835219635895127,0.2703884805863402
790_T1_vs_T3,longitudinal,1,RShoulder_to_RUArm_ry,RShoulder_to_RUArm,ry,0.2045162043233774,0.21540366933154936,0.010887465008171976,0.19835219635895127,0.2703884805863402
790_T1_vs_T3,longitudinal,1,RShoulder_to_RUArm_rz,RShoulder_to_RUArm,rz,0.012994149482066748,0.01613248166265338,0.003138332180586633,0.19835219635895127,0.2703884805863402
790_T1_vs_T3,longitudinal,1,RThigh_to_RShin_rx,RThigh_to_RShin,rx,0.1323709817064849,0.10778439785552782,-0.024586583850957078,0.19835219635895127,0.2703884805863402
790_T1_vs_T3,longitudinal,1,RThigh_to_RShin_ry,RThigh_to_RShin,ry,2.7067330636499884e-09,5.97999883936706e-09,3.2732657757170714e-09,0.19835219635895127,0.2703884805863402
790_T1_vs_T3,longitudinal,1,RThigh_to_RShin_rz,RThigh_to_RShin,rz,2.104757744096608e-08,1.9584972463250247e-08,-1.4626049777158315e-09,0.19835219635895127,0.2703884805863402
790_T1_vs_T3,longitudinal,1,RUArm_to_RFArm_rx,RUArm_to_RFArm,rx,0.4252413041440625,0.24547302296769133,-0.1797682811763712,0.19835219635895127,0.2703884805863402
790_T1_vs_T3,longitudinal,1,RUArm_to_RFArm_ry,RUArm_to_RFArm,ry,0.12637150842974915,0.08465457936919425,-0.041716929060554894,0.19835219635895127,0.2703884805863402
790_T1_vs_T3,longitudinal,1,RUArm_to_RFArm_rz,RUArm_to_RFArm,rz,0.12031795947736408,0.026497559615655066,-0.09382039986170901,0.19835219635895127,0.2703884805863402
790_T1_vs_T3,longitudinal,1,Spine2_to_Spine3_rx,Spine2_to_Spine3,rx,0.034919375599986376,0.03192275545929104,-0.0029966201406953358,0.19835219635895127,0.2703884805863402
790_T1_vs_T3,longitudinal,1,Spine2_to_Spine3_ry,Spine2_to_Spine3,ry,0.013440136665504468,0.019561097301155,0.006120960635650532,0.19835219635895127,0.2703884805863402
790_T1_vs_T3,longitudinal,1,Spine2_to_Spine3_rz,Spine2_to_Spine3,rz,0.020268955723624846,0.02258345996848615,0.0023145042448613033,0.19835219635895127,0.2703884805863402
790_T1_vs_T3,longitudinal,1,Spine3_to_Spine4_rx,Spine3_to_Spine4,rx,0.034917171480117325,0.0319212515774555,-0.002995919902661827,0.19835219635895127,0.2703884805863402
790_T1_vs_T3,longitudinal,1,Spine3_to_Spine4_ry,Spine3_to_Spine4,ry,0.01427928986712153,0.02048629287260589,0.00620700300548436,0.19835219635895127,0.2703884805863402
790_T1_vs_T3,longitudinal,1,Spine3_to_Spine4_rz,Spine3_to_Spine4,rz,0.019660674108158423,0.02170602935703636,0.002045355248877938,0.19835219635895127,0.2703884805863402
790_T1_vs_T3,longitudinal,1,Spine4_to_Chest_rx,Spine4_to_Chest,rx,0.034915879787936435,0.031920369628736366,-0.0029955101592000696,0.19835219635895127,0.2703884805863402
790_T1_vs_T3,longitudinal,1,Spine4_to_Chest_ry,Spine4_to_Chest,ry,0.014767365011818733,0.0210215260473148,0.006254161035496067,0.19835219635895127,0.2703884805863402
790_T1_vs_T3,longitudinal,1,Spine4_to_Chest_rz,Spine4_to_Chest,rz,0.019289816263616387,0.021174948229756047,0.0018851319661396596,0.19835219635895127,0.2703884805863402
790_T1_vs_T3,longitudinal,2,790_to_Ab_rx,790_to_Ab,rx,0.05006866145281454,0.07074581339507152,0.02067715194225698,0.14962609733080712,0.21080695257703777
790_T1_vs_T3,longitudinal,2,790_to_Ab_ry,790_to_Ab,ry,0.008055398224841137,0.015517476763575153,0.007462078538734016,0.14962609733080712,0.21080695257703777
790_T1_vs_T3,longitudinal,2,790_to_Ab_rz,790_to_Ab,rz,0.0004680798776737216,0.0026360530382358647,0.002167973160562143,0.14962609733080712,0.21080695257703777
790_T1_vs_T3,longitudinal,2,790_to_LThigh_rx,790_to_LThigh,rx,0.22583414001353155,0.25820684797621096,0.03237270796267941,0.14962609733080712,0.21080695257703777
790_T1_vs_T3,longitudinal,2,790_to_LThigh_ry,790_to_LThigh,ry,0.01984133946608002,0.013120077143513088,-0.006721262322566934,0.14962609733080712,0.21080695257703777
790_T1_vs_T3,longitudinal,2,790_to_LThigh_rz,790_to_LThigh,rz,0.04852162794325962,0.07424429376660734,0.025722665823347715,0.14962609733080712,0.21080695257703777
790_T1_vs_T3,longitudinal,2,790_to_RThigh_rx,790_to_RThigh,rx,0.18770336117484393,0.2509616489348809,0.06325828776003695,0.14962609733080712,0.21080695257703777
790_T1_vs_T3,longitudinal,2,790_to_RThigh_ry,790_to_RThigh,ry,0.0037042348588074104,0.008918690267450726,0.005214455408643316,0.14962609733080712,0.21080695257703777
790_T1_vs_T3,longitudinal,2,790_to_RThigh_rz,790_to_RThigh,rz,0.03679741606351872,0.013630637143458614,-0.023166778920060103,0.14962609733080712,0.21080695257703777
790_T1_vs_T3,longitudinal,2,Ab_to_Spine2_rx,Ab_to_Spine2,rx,0.050266495966910685,0.07074657947202846,0.020480083505117777,0.14962609733080712,0.21080695257703777
790_T1_vs_T3,longitudinal,2,Ab_to_Spine2_ry,Ab_to_Spine2,ry,0.007907146634085578,0.01540162780570044,0.007494481171614862,0.14962609733080712,0.21080695257703777
790_T1_vs_T3,longitudinal,2,Ab_to_Spine2_rz,Ab_to_Spine2,rz,0.005683943782287483,0.02064030617331475,0.014956362391027265,0.14962609733080712,0.21080695257703777
790_T1_vs_T3,longitudinal,2,Chest_to_LShoulder_rx,Chest_to_LShoulder,rx,0.023568462421092503,0.0007869927255390765,-0.022781469695553426,0.14962609733080712,0.21080695257703777
790_T1_vs_T3,longitudinal,2,Chest_to_LShoulder_ry,Chest_to_LShoulder,ry,0.03981624071771443,0.02027189790356236,-0.01954434281415207,0.14962609733080712,0.21080695257703777
790_T1_vs_T3,longitudinal,2,Chest_to_LShoulder_rz,Chest_to_LShoulder,rz,0.028839033267447755,0.05596754843192701,0.027128515164479252,0.14962609733080712,0.21080695257703777
790_T1_vs_T3,longitudinal,2,Chest_to_Neck_rx,Chest_to_Neck,rx,0.04381724561018702,0.04217587984341705,-0.0016413657667699658,0.14962609733080712,0.21080695257703777
790_T1_vs_T3,longitudinal,2,Chest_to_Neck_ry,Chest_to_Neck,ry,0.004050155338781942,0.008841780386454005,0.004791625047672062,0.14962609733080712,0.21080695257703777
790_T1_vs_T3,longitudinal,2,Chest_to_Neck_rz,Chest_to_Neck,rz,0.009553502102325175,0.0043823838716013615,-0.005171118230723813,0.14962609733080712,0.21080695257703777
790_T1_vs_T3,longitudinal,2,Chest_to_RShoulder_rx,Chest_to_RShoulder,rx,0.01910911737365197,0.0065242784090672155,-0.012584838964584753,0.14962609733080712,0.21080695257703777
790_T1_vs_T3,longitudinal,2,Chest_to_RShoulder_ry,Chest_to_RShoulder,ry,0.044383180332855904,0.024013377736040845,-0.02036980259681506,0.14962609733080712,0.21080695257703777
790_T1_vs_T3,longitudinal,2,Chest_to_RShoulder_rz,Chest_to_RShoulder,rz,0.04255165289450677,0.07922182910186516,0.03667017620735839,0.14962609733080712,0.21080695257703777
790_T1_vs_T3,longitudinal,2,LFArm_to_LHand_rx,LFArm_to_LHand,rx,0.01916719015115555,0.017235174904003215,-0.0019320152471523355,0.14962609733080712,0.21080695257703777
790_T1_vs_T3,longitudinal,2,LFArm_to_LHand_ry,LFArm_to_LHand,ry,0.025550724826272624,0.021525815732714008,-0.004024909093558616,0.14962609733080712,0.21080695257703777
790_T1_vs_T3,longitudinal,2,LFArm_to_LHand_rz,LFArm_to_LHand,rz,0.2178864439212843,0.21553194254717628,-0.002354501374108031,0.14962609733080712,0.21080695257703777
790_T1_vs_T3,longitudinal,2,LShin_to_LFoot_rx,LShin_to_LFoot,rx,0.01563926855472815,0.02629605252146788,0.01065678396673973,0.14962609733080712,0.21080695257703777
790_T1_vs_T3,longitudinal,2,LShin_to_LFoot_ry,LShin_to_LFoot,ry,0.007341968241624312,0.02037067194797605,0.013028703706351737,0.14962609733080712,0.21080695257703777
790_T1_vs_T3,longitudinal,2,LShin_to_LFoot_rz,LShin_to_LFoot,rz,0.03615341198720127,0.04486339595725152,0.008709983970050253,0.14962609733080712,0.21080695257703777
790_T1_vs_T3,longitudinal,2,LShoulder_to_LUArm_rx,LShoulder_to_LUArm,rx,0.19310985779082124,0.032459680107923806,-0.16065017768289744,0.14962609733080712,0.21080695257703777
790_T1_vs_T3,longitudinal,2,LShoulder_to_LUArm_ry,LShoulder_to_LUArm,ry,0.1708954103012662,0.013083860715341894,-0.1578115495859243,0.14962609733080712,0.21080695257703777
790_T1_vs_T3,longitudinal,2,LShoulder_to_LUArm_rz,LShoulder_to_LUArm,rz,0.060334156568190744,0.0629211352240961,0.0025869786559053615,0.14962609733080712,0.21080695257703777
790_T1_vs_T3,longitudinal,2,LThigh_to_LShin_rx,LThigh_to_LShin,rx,0.2245571779287184,0.21759921834434376,-0.006957959584374646,0.14962609733080712,0.21080695257703777
790_T1_vs_T3,longitudinal,2,LThigh_to_LShin_ry,LThigh_to_LShin,ry,6.089593454749873e-10,1.7842754223668004e-08,1.7233794878193017e-08,0.14962609733080712,0.21080695257703777
790_T1_vs_T3,longitudinal,2,LThigh_to_LShin_rz,LThigh_to_LShin,rz,1.1913917931940618e-08,1.0774652902289142e-08,-1.1392650296514765e-09,0.14962609733080712,0.21080695257703777
790_T1_vs_T3,longitudinal,2,LUArm_to_LFArm_rx,LUArm_to_LFArm,rx,0.07211828540566925,0.20742633025706875,0.1353080448513995,0.14962609733080712,0.21080695257703777
790_T1_vs_T3,longitudinal,2,LUArm_to_LFArm_ry,LUArm_to_LFArm,ry,0.5068652612278391,0.5554392126282679,0.04857395140042875,0.14962609733080712,0.21080695257703777
790_T1_vs_T3,longitudinal,2,LUArm_to_LFArm_rz,LUArm_to_LFArm,rz,0.10709088660272637,0.13692158048350533,0.02983069388077897,0.14962609733080712,0.21080695257703777
790_T1_vs_T3,longitudinal,2,Neck2_to_Head_rx,Neck2_to_Head,rx,0.04362794166498914,0.042116136092057804,-0.0015118055729313323,0.14962609733080712,0.21080695257703777
790_T1_vs_T3,longitudinal,2,Neck2_to_Head_ry,Neck2_to_Head,ry,0.005687840018211065,0.009390291144286108,0.0037024511260750426,0.14962609733080712,0.21080695257703777
790_T1_vs_T3,longitudinal,2,Neck2_to_Head_rz,Neck2_to_Head,rz,0.008713889459297094,0.0027608550944524775,-0.005953034364844617,0.14962609733080712,0.21080695257703777
790_T1_vs_T3,longitudinal,2,Neck_to_Neck2_rx,Neck_to_Neck2,rx,0.04368011361007395,0.04213280761342925,-0.0015473059966446961,0.14962609733080712,0.21080695257703777
790_T1_vs_T3,longitudinal,2,Neck_to_Neck2_ry,Neck_to_Neck2,ry,0.00524634511813313,0.009257064922523869,0.004010719804390738,0.14962609733080712,0.21080695257703777
790_T1_vs_T3,longitudinal,2,Neck_to_Neck2_rz,Neck_to_Neck2,rz,0.00896252287622642,0.0032098139329917058,-0.005752708943234715,0.14962609733080712,0.21080695257703777
790_T1_vs_T3,longitudinal,2,RFArm_to_RHand_rx,RFArm_to_RHand,rx,0.01162467683433189,0.012260507464532494,0.0006358306302006039,0.14962609733080712,0.21080695257703777
790_T1_vs_T3,longitudinal,2,RFArm_to_RHand_ry,RFArm_to_RHand,ry,0.025412234408217493,0.036554640092204826,0.011142405683987333,0.14962609733080712,0.21080695257703777
790_T1_vs_T3,longitudinal,2,RFArm_to_RHand_rz,RFArm_to_RHand,rz,0.15428985963951367,0.11747036769315068,-0.036819491946362984,0.14962609733080712,0.21080695257703777
790_T1_vs_T3,longitudinal,2,RShin_to_RFoot_rx,RShin_to_RFoot,rx,0.003020106640529574,0.0039195480788433885,0.0008994414383138145,0.14962609733080712,0.21080695257703777
790_T1_vs_T3,longitudinal,2,RShin_to_RFoot_ry,RShin_to_RFoot,ry,0.01894869322234061,0.017618062896201426,-0.0013306303261391844,0.14962609733080712,0.21080695257703777
790_T1_vs_T3,longitudinal,2,RShin_to_RFoot_rz,RShin_to_RFoot,rz,0.03341931865559113,0.028099539273741585,-0.005319779381849549,0.14962609733080712,0.21080695257703777
790_T1_vs_T3,longitudinal,2,RShoulder_to_RUArm_rx,RShoulder_to_RUArm,rx,0.04379715897926669,0.09040322305980933,0.04660606408054264,0.14962609733080712,0.21080695257703777
790_T1_vs_T3,longitudinal,2,RShoulder_to_RUArm_ry,RShoulder_to_RUArm,ry,0.22245114892551796,0.11245735212356242,-0.10999379680195553,0.14962609733080712,0.21080695257703777
790_T1_vs_T3,longitudinal,2,RShoulder_to_RUArm_rz,RShoulder_to_RUArm,rz,0.056921932856726906,0.22065285726666517,0.16373092440993825,0.14962609733080712,0.21080695257703777
790_T1_vs_T3,longitudinal,2,RThigh_to_RShin_rx,RThigh_to_RShin,rx,0.20203792568592088,0.3042326162022015,0.1021946905162806,0.14962609733080712,0.21080695257703777
790_T1_vs_T3,longitudinal,2,RThigh_to_RShin_ry,RThigh_to_RShin,ry,1.60709706015051e-08,3.6099415789584216e-08,2.0028445188079115e-08,0.14962609733080712,0.21080695257703777
790_T1_vs_T3,longitudinal,2,RThigh_to_RShin_rz,RThigh_to_RShin,rz,1.0997094378778479e-08,2.951762049556116e-09,-8.045332329222364e-09,0.14962609733080712,0.21080695257703777
790_T1_vs_T3,longitudinal,2,RUArm_to_RFArm_rx,RUArm_to_RFArm,rx,0.27514706983983456,0.32898480128824853,0.05383773144841397,0.14962609733080712,0.21080695257703777
790_T1_vs_T3,longitudinal,2,RUArm_to_RFArm_ry,RUArm_to_RFArm,ry,0.49140536186034534,0.23218763131197082,-0.2592177305483745,0.14962609733080712,0.21080695257703777
790_T1_vs_T3,longitudinal,2,RUArm_to_RFArm_rz,RUArm_to_RFArm,rz,0.02116285056838855,0.08152635935980806,0.060363508791419516,0.14962609733080712,0.21080695257703777
790_T1_vs_T3,longitudinal,2,Spine2_to_Spine3_rx,Spine2_to_Spine3,rx,0.050305396501876896,0.07077213728879411,0.020466740786917216,0.14962609733080712,0.21080695257703777
790_T1_vs_T3,longitudinal,2,Spine2_to_Spine3_ry,Spine2_to_Spine3,ry,0.007337913308383736,0.013363896506932087,0.006025983198548351,0.14962609733080712,0.21080695257703777
790_T1_vs_T3,longitudinal,2,Spine2_to_Spine3_rz,Spine2_to_Spine3,rz,0.006428446166127015,0.02204736706417712,0.015618920898050104,0.14962609733080712,0.21080695257703777
790_T1_vs_T3,longitudinal,2,Spine3_to_Spine4_rx,Spine3_to_Spine4,rx,0.05028807823162658,0.07076076037218104,0.020472682140554463,0.14962609733080712,0.21080695257703777
790_T1_vs_T3,longitudinal,2,Spine3_to_Spine4_ry,Spine3_to_Spine4,ry,0.007597314789127865,0.014282312559384742,0.006684997770256877,0.14962609733080712,0.21080695257703777
790_T1_vs_T3,longitudinal,2,Spine3_to_Spine4_rz,Spine3_to_Spine4,rz,0.006101402170801787,0.021437051185500034,0.015335649014698246,0.14962609733080712,0.21080695257703777
790_T1_vs_T3,longitudinal,2,Spine4_to_Chest_rx,Spine4_to_Chest,rx,0.050277853212600164,0.07075407443421702,0.02047622122161686,0.14962609733080712,0.21080695257703777
790_T1_vs_T3,longitudinal,2,Spine4_to_Chest_ry,Spine4_to_Chest,ry,0.007746260237835802,0.014817140386261628,0.007070880148425826,0.14962609733080712,0.21080695257703777
790_T1_vs_T3,longitudinal,2,Spine4_to_Chest_rz,Spine4_to_Chest,rz,0.00590461385805682,0.021063841488934792,0.015159227630877972,0.14962609733080712,0.21080695257703777
790_T1_vs_T3,longitudinal,3,790_to_Ab_rx,790_to_Ab,rx,0.040448109459988495,0.004059067354498031,-0.03638904210549046,0.109326177723549,0.1649956628650679
790_T1_vs_T3,longitudinal,3,790_to_Ab_ry,790_to_Ab,ry,0.019177759207648304,0.01360882755515735,-0.0055689316524909546,0.109326177723549,0.1649956628650679
790_T1_vs_T3,longitudinal,3,790_to_Ab_rz,790_to_Ab,rz,0.004173144151387698,0.0037114633810793655,-0.0004616807703083322,0.109326177723549,0.1649956628650679
790_T1_vs_T3,longitudinal,3,790_to_LThigh_rx,790_to_LThigh,rx,0.09637459614270305,0.07019994677471482,-0.02617464936798823,0.109326177723549,0.1649956628650679
790_T1_vs_T3,longitudinal,3,790_to_LThigh_ry,790_to_LThigh,ry,0.029757833860185767,0.029636159501705527,-0.00012167435848024072,0.109326177723549,0.1649956628650679
790_T1_vs_T3,longitudinal,3,790_to_LThigh_rz,790_to_LThigh,rz,0.04951999198266954,0.026823805142459252,-0.02269618684021029,0.109326177723549,0.1649956628650679
790_T1_vs_T3,longitudinal,3,790_to_RThigh_rx,790_to_RThigh,rx,0.12614293346200506,0.02826845238541562,-0.09787448107658944,0.109326177723549,0.1649956628650679
790_T1_vs_T3,longitudinal,3,790_to_RThigh_ry,790_to_RThigh,ry,0.021462763663614853,0.017340330604284745,-0.0041224330593301085,0.109326177723549,0.1649956628650679
790_T1_vs_T3,longitudinal,3,790_to_RThigh_rz,790_to_RThigh,rz,0.05007494375859938,0.053601989565308934,0.003527045806709553,0.109326177723549,0.1649956628650679
790_T1_vs_T3,longitudinal,3,Ab_to_Spine2_rx,Ab_to_Spine2,rx,0.04029221989472969,0.003579260730162249,-0.03671295916456744,0.109326177723549,0.1649956628650679
790_T1_vs_T3,longitudinal,3,Ab_to_Spine2_ry,Ab_to_Spine2,ry,0.019455786674712348,0.01361543769176367,-0.005840348982948678,0.109326177723549,0.1649956628650679
790_T1_vs_T3,longitudinal,3,Ab_to_Spine2_rz,Ab_to_Spine2,rz,0.031611276808856954,0.02536111458584901,-0.0062501622230079455,0.109326177723549,0.1649956628650679
790_T1_vs_T3,longitudinal,3,Chest_to_LShoulder_rx,Chest_to_LShoulder,rx,0.04637621448141112,0.02097931561892133,-0.02539689886248979,0.109326177723549,0.1649956628650679
790_T1_vs_T3,longitudinal,3,Chest_to_LShoulder_ry,Chest_to_LShoulder,ry,0.05975896982907024,0.10437346817756017,0.044614498348489934,0.109326177723549,0.1649956628650679
790_T1_vs_T3,longitudinal,3,Chest_to_LShoulder_rz,Chest_to_LShoulder,rz,0.1578395492699446,0.15384923404656914,-0.003990315223375451,0.109326177723549,0.1649956628650679
790_T1_vs_T3,longitudinal,3,Chest_to_Neck_rx,Chest_to_Neck,rx,0.007920815105997401,0.020439248470367637,0.012518433364370236,0.109326177723549,0.1649956628650679
790_T1_vs_T3,longitudinal,3,Chest_to_Neck_ry,Chest_to_Neck,ry,0.017773485727268067,0.018515073632992842,0.0007415879057247748,0.109326177723549,0.1649956628650679
790_T1_vs_T3,longitudinal,3,Chest_to_Neck_rz,Chest_to_Neck,rz,0.005680924210022534,0.0151912254567138,0.009510301246691267,0.109326177723549,0.1649956628650679
790_T1_vs_T3,longitudinal,3,Chest_to_RShoulder_rx,Chest_to_RShoulder,rx,0.06814754656839357,0.017593498669114516,-0.05055404789927906,0.109326177723549,0.1649956628650679
790_T1_vs_T3,longitudinal,3,Chest_to_RShoulder_ry,Chest_to_RShoulder,ry,0.07314963243761308,0.10895989076108377,0.03581025832347069,0.109326177723549,0.1649956628650679
790_T1_vs_T3,longitudinal,3,Chest_to_RShoulder_rz,Chest_to_RShoulder,rz,0.11335892926037375,0.033326088928661575,-0.08003284033171218,0.109326177723549,0.1649956628650679
790_T1_vs_T3,longitudinal,3,LFArm_to_LHand_rx,LFArm_to_LHand,rx,0.006321640347345771,0.00811938838129045,0.0017977480339446796,0.109326177723549,0.1649956628650679
790_T1_vs_T3,longitudinal,3,LFArm_to_LHand_ry,LFArm_to_LHand,ry,0.04036613827496844,0.053367636365508314,0.013001498090539874,0.109326177723549,0.1649956628650679
790_T1_vs_T3,longitudinal,3,LFArm_to_LHand_rz,LFArm_to_LHand,rz,0.13736684150933856,0.24296975499864135,0.10560291348930279,0.109326177723549,0.1649956628650679
790_T1_vs_T3,longitudinal,3,LShin_to_LFoot_rx,LShin_to_LFoot,rx,0.02496539855458648,0.003482285692765496,-0.021483112861820985,0.109326177723549,0.1649956628650679
790_T1_vs_T3,longitudinal,3,LShin_to_LFoot_ry,LShin_to_LFoot,ry,0.06023570165747618,0.04073482416748942,-0.01950087748998676,0.109326177723549,0.1649956628650679
790_T1_vs_T3,longitudinal,3,LShin_to_LFoot_rz,LShin_to_LFoot,rz,0.015394486998937472,0.000375740206512406,-0.015018746792425066,0.109326177723549,0.1649956628650679
790_T1_vs_T3,longitudinal,3,LShoulder_to_LUArm_rx,LShoulder_to_LUArm,rx,0.31511088291921957,0.03470756297980887,-0.2804033199394107,0.109326177723549,0.1649956628650679
790_T1_vs_T3,longitudinal,3,LShoulder_to_LUArm_ry,LShoulder_to_LUArm,ry,0.05299151054269762,0.2688383730407985,0.21584686249810087,0.109326177723549,0.1649956628650679
790_T1_vs_T3,longitudinal,3,LShoulder_to_LUArm_rz,LShoulder_to_LUArm,rz,0.26051281915860947,0.2733777986680909,0.012864979509481456,0.109326177723549,0.1649956628650679
790_T1_vs_T3,longitudinal,3,LThigh_to_LShin_rx,LThigh_to_LShin,rx,0.0025819479548957664,0.11722456660358235,0.11464261864868659,0.109326177723549,0.1649956628650679
790_T1_vs_T3,longitudinal,3,LThigh_to_LShin_ry,LThigh_to_LShin,ry,3.016692245642395e-08,2.352089448406109e-08,-6.646027972362861e-09,0.109326177723549,0.1649956628650679
790_T1_vs_T3,longitudinal,3,LThigh_to_LShin_rz,LThigh_to_LShin,rz,3.9733894197126904e-08,2.9435725075004127e-08,-1.0298169122122777e-08,0.109326177723549,0.1649956628650679
790_T1_vs_T3,longitudinal,3,LUArm_to_LFArm_rx,LUArm_to_LFArm,rx,0.06882109225063282,0.054903309980142555,-0.013917782270490266,0.109326177723549,0.1649956628650679
790_T1_vs_T3,longitudinal,3,LUArm_to_LFArm_ry,LUArm_to_LFArm,ry,0.46918540095781675,0.0882373631012067,-0.38094803785661,0.109326177723549,0.1649956628650679
790_T1_vs_T3,longitudinal,3,LUArm_to_LFArm_rz,LUArm_to_LFArm,rz,0.03842915301839064,0.004497865188994334,-0.033931287829396306,0.109326177723549,0.1649956628650679
790_T1_vs_T3,longitudinal,3,Neck2_to_Head_rx,Neck2_to_Head,rx,0.007899279566160086,0.020070139159680145,0.012170859593520059,0.109326177723549,0.1649956628650679
790_T1_vs_T3,longitudinal,3,Neck2_to_Head_ry,Neck2_to_Head,ry,0.018470680529446417,0.015225104634215777,-0.00324557589523064,0.109326177723549,0.1649956628650679
790_T1_vs_T3,longitudinal,3,Neck2_to_Head_rz,Neck2_to_Head,rz,0.0023110617835114737,0.01837033629434319,0.016059274510831716,0.109326177723549,0.1649956628650679
790_T1_vs_T3,longitudinal,3,Neck_to_Neck2_rx,Neck_to_Neck2,rx,0.007905339216348449,0.020171382168811813,0.012266042952463365,0.109326177723549,0.1649956628650679
790_T1_vs_T3,longitudinal,3,Neck_to_Neck2_ry,Neck_to_Neck2,ry,0.01831941698368654,0.0161678310470286,-0.0021515859366579397,0.109326177723549,0.1649956628650679
790_T1_vs_T3,longitudinal,3,Neck_to_Neck2_rz,Neck_to_Neck2,rz,0.003243787177970336,0.017540969561668153,0.014297182383697817,0.109326177723549,0.1649956628650679
790_T1_vs_T3,longitudinal,3,RFArm_to_RHand_rx,RFArm_to_RHand,rx,0.0006790512658595082,0.00022284589423555927,-0.00045620537162394895,0.109326177723549,0.1649956628650679
790_T1_vs_T3,longitudinal,3,RFArm_to_RHand_ry,RFArm_to_RHand,ry,0.0022990111277487596,0.03582899485614178,0.03352998372839302,0.109326177723549,0.1649956628650679
790_T1_vs_T3,longitudinal,3,RFArm_to_RHand_rz,RFArm_to_RHand,rz,0.09760468211383719,0.052890176560593895,-0.04471450555324329,0.109326177723549,0.1649956628650679
790_T1_vs_T3,longitudinal,3,RShin_to_RFoot_rx,RShin_to_RFoot,rx,0.014698197977968315,0.005512953828237384,-0.009185244149730931,0.109326177723549,0.1649956628650679
790_T1_vs_T3,longitudinal,3,RShin_to_RFoot_ry,RShin_to_RFoot,ry,0.026766190051644222,0.01124003190316245,-0.015526158148481772,0.109326177723549,0.1649956628650679
790_T1_vs_T3,longitudinal,3,RShin_to_RFoot_rz,RShin_to_RFoot,rz,0.007271064229147942,0.022240625490975434,0.014969561261827493,0.109326177723549,0.1649956628650679
790_T1_vs_T3,longitudinal,3,RShoulder_to_RUArm_rx,RShoulder_to_RUArm,rx,0.3123831783976452,0.15599425701594205,-0.15638892138170313,0.109326177723549,0.1649956628650679
790_T1_vs_T3,longitudinal,3,RShoulder_to_RUArm_ry,RShoulder_to_RUArm,ry,0.33674203084185117,0.622567938874898,0.28582590803304686,0.109326177723549,0.1649956628650679
790_T1_vs_T3,longitudinal,3,RShoulder_to_RUArm_rz,RShoulder_to_RUArm,rz,0.3893968282853171,0.0382376965655697,-0.3511591317197474,0.109326177723549,0.1649956628650679
790_T1_vs_T3,longitudinal,3,RThigh_to_RShin_rx,RThigh_to_RShin,rx,0.1676234125088964,0.02972803745493075,-0.13789537505396565,0.109326177723549,0.1649956628650679
790_T1_vs_T3,longitudinal,3,RThigh_to_RShin_ry,RThigh_to_RShin,ry,2.4574109365827548e-08,2.2904189296448613e-08,-1.6699200693789355e-09,0.109326177723549,0.1649956628650679
790_T1_vs_T3,longitudinal,3,RThigh_to_RShin_rz,RThigh_to_RShin,rz,6.803699094793934e-09,2.281961841135633e-08,1.6015919316562394e-08,0.109326177723549,0.1649956628650679
790_T1_vs_T3,longitudinal,3,RUArm_to_RFArm_rx,RUArm_to_RFArm,rx,0.05188722862383585,0.008669902300552024,-0.04321732632328383,0.109326177723549,0.1649956628650679
790_T1_vs_T3,longitudinal,3,RUArm_to_RFArm_ry,RUArm_to_RFArm,ry,0.2618489418586378,0.5150808594441783,0.2532319175855405,0.109326177723549,0.1649956628650679
790_T1_vs_T3,longitudinal,3,RUArm_to_RFArm_rz,RUArm_to_RFArm,rz,0.07696932965544014,0.11790285392181397,0.04093352426637384,0.109326177723549,0.1649956628650679
790_T1_vs_T3,longitudinal,3,Spine2_to_Spine3_rx,Spine2_to_Spine3,rx,0.040297113447193854,0.003535971697118904,-0.03676114175007495,0.109326177723549,0.1649956628650679
790_T1_vs_T3,longitudinal,3,Spine2_to_Spine3_ry,Spine2_to_Spine3,ry,0.016336325720870126,0.011127111906151182,-0.005209213814718944,0.109326177723549,0.1649956628650679
790_T1_vs_T3,longitudinal,3,Spine2_to_Spine3_rz,Spine2_to_Spine3,rz,0.033351771027358784,0.02657316798968348,-0.006778603037675305,0.109326177723549,0.1649956628650679
790_T1_vs_T3,longitudinal,3,Spine3_to_Spine4_rx,Spine3_to_Spine4,rx,0.04029493336244915,0.0035552379156993485,-0.03673969544674981,0.109326177723549,0.1649956628650679
790_T1_vs_T3,longitudinal,3,Spine3_to_Spine4_ry,Spine3_to_Spine4,ry,0.01773873720355533,0.012244532667058397,-0.005494204536496933,0.109326177723549,0.1649956628650679
790_T1_vs_T3,longitudinal,3,Spine3_to_Spine4_rz,Spine3_to_Spine4,rz,0.03260180202389061,0.026053294261110183,-0.006548507762780428,0.109326177723549,0.1649956628650679
790_T1_vs_T3,longitudinal,3,Spine4_to_Chest_rx,Spine4_to_Chest,rx,0.0402936758191693,0.0035666841769223276,-0.03672699164224698,0.109326177723549,0.1649956628650679
790_T1_vs_T3,longitudinal,3,Spine4_to_Chest_ry,Spine4_to_Chest,ry,0.01855807460556222,0.012898278105092507,-0.0056597965004697125,0.109326177723549,0.1649956628650679
790_T1_vs_T3,longitudinal,3,Spine4_to_Chest_rz,Spine4_to_Chest,rz,0.03213930205290956,0.025730852424164754,-0.006408449628744806,0.109326177723549,0.1649956628650679
790_T1_vs_T3,longitudinal,4,790_to_Ab_rx,790_to_Ab,rx,0.04154239359762256,0.04930977940090386,0.007767385803281297,0.10383403548079755,0.11966591593076954
790_T1_vs_T3,longitudinal,4,790_to_Ab_ry,790_to_Ab,ry,0.003819350179201375,0.0008522726769590019,-0.002967077502242373,0.10383403548079755,0.11966591593076954
790_T1_vs_T3,longitudinal,4,790_to_Ab_rz,790_to_Ab,rz,0.00013010411815339573,0.0028308049395374367,0.002700700821384041,0.10383403548079755,0.11966591593076954
790_T1_vs_T3,longitudinal,4,790_to_LThigh_rx,790_to_LThigh,rx,0.19607405866159375,0.27784307436526057,0.08176901570366682,0.10383403548079755,0.11966591593076954
790_T1_vs_T3,longitudinal,4,790_to_LThigh_ry,790_to_LThigh,ry,0.0319641010407522,0.04377951862528856,0.011815417584536358,0.10383403548079755,0.11966591593076954
790_T1_vs_T3,longitudinal,4,790_to_LThigh_rz,790_to_LThigh,rz,0.03835760519150527,0.07091313805488852,0.03255553286338325,0.10383403548079755,0.11966591593076954
790_T1_vs_T3,longitudinal,4,790_to_RThigh_rx,790_to_RThigh,rx,0.16646806766435146,0.19897640238369102,0.03250833471933956,0.10383403548079755,0.11966591593076954
790_T1_vs_T3,longitudinal,4,790_to_RThigh_ry,790_to_RThigh,ry,0.005784544576982427,0.015426929454147273,0.009642384877164845,0.10383403548079755,0.11966591593076954
790_T1_vs_T3,longitudinal,4,790_to_RThigh_rz,790_to_RThigh,rz,0.03548894764596971,0.053557833149807,0.01806888550383729,0.10383403548079755,0.11966591593076954
790_T1_vs_T3,longitudinal,4,Ab_to_Spine2_rx,Ab_to_Spine2,rx,0.04160150836412534,0.049069297763051085,0.007467789398925742,0.10383403548079755,0.11966591593076954
790_T1_vs_T3,longitudinal,4,Ab_to_Spine2_ry,Ab_to_Spine2,ry,0.003439397277765822,0.0008347218310358926,-0.0026046754467299294,0.10383403548079755,0.11966591593076954
790_T1_vs_T3,longitudinal,4,Ab_to_Spine2_rz,Ab_to_Spine2,rz,0.0012604518671430513,0.014251307725344534,0.012990855858201483,0.10383403548079755,0.11966591593076954
790_T1_vs_T3,longitudinal,4,Chest_to_LShoulder_rx,Chest_to_LShoulder,rx,0.004816657833955789,0.017850063405217116,0.013033405571261328,0.10383403548079755,0.11966591593076954
790_T1_vs_T3,longitudinal,4,Chest_to_LShoulder_ry,Chest_to_LShoulder,ry,0.0008844865455642799,0.04171692405235077,0.040832437506786494,0.10383403548079755,0.11966591593076954
790_T1_vs_T3,longitudinal,4,Chest_to_LShoulder_rz,Chest_to_LShoulder,rz,0.030202686382446987,0.018027349339428372,-0.012175337043018614,0.10383403548079755,0.11966591593076954
790_T1_vs_T3,longitudinal,4,Chest_to_Neck_rx,Chest_to_Neck,rx,0.031822472343989786,0.028965408158866026,-0.0028570641851237595,0.10383403548079755,0.11966591593076954
790_T1_vs_T3,longitudinal,4,Chest_to_Neck_ry,Chest_to_Neck,ry,0.010680948785934816,0.020729655371123756,0.01004870658518894,0.10383403548079755,0.11966591593076954
790_T1_vs_T3,longitudinal,4,Chest_to_Neck_rz,Chest_to_Neck,rz,0.010701189061820283,0.015818147993256263,0.00511695893143598,0.10383403548079755,0.11966591593076954
790_T1_vs_T3,longitudinal,4,Chest_to_RShoulder_rx,Chest_to_RShoulder,rx,0.0010626953454903449,0.022668647745856797,0.021605952400366453,0.10383403548079755,0.11966591593076954
790_T1_vs_T3,longitudinal,4,Chest_to_RShoulder_ry,Chest_to_RShoulder,ry,0.0039278978764805675,0.059993621786740094,0.056065723910259525,0.10383403548079755,0.11966591593076954
790_T1_vs_T3,longitudinal,4,Chest_to_RShoulder_rz,Chest_to_RShoulder,rz,0.010723773109426713,0.0088557861151742,-0.001867986994252514,0.10383403548079755,0.11966591593076954
790_T1_vs_T3,longitudinal,4,LFArm_to_LHand_rx,LFArm_to_LHand,rx,0.0023977269531845757,0.008088809878243996,0.00569108292505942,0.10383403548079755,0.11966591593076954
790_T1_vs_T3,longitudinal,4,LFArm_to_LHand_ry,LFArm_to_LHand,ry,0.07448028859953856,0.04200465735829114,-0.03247563124124742,0.10383403548079755,0.11966591593076954
790_T1_vs_T3,longitudinal,4,LFArm_to_LHand_rz,LFArm_to_LHand,rz,0.46537076529054167,0.2668626777073267,-0.19850808758321498,0.10383403548079755,0.11966591593076954
790_T1_vs_T3,longitudinal,4,LShin_to_LFoot_rx,LShin_to_LFoot,rx,0.02270824072831333,0.009721933155499617,-0.012986307572813714,0.10383403548079755,0.11966591593076954
790_T1_vs_T3,longitudinal,4,LShin_to_LFoot_ry,LShin_to_LFoot,ry,0.001470072956069121,0.0005619504652535213,-0.0009081224908155997,0.10383403548079755,0.11966591593076954
790_T1_vs_T3,longitudinal,4,LShin_to_LFoot_rz,LShin_to_LFoot,rz,0.04100479967006347,0.06865674445546484,0.027651944785401367,0.10383403548079755,0.11966591593076954
790_T1_vs_T3,longitudinal,4,LShoulder_to_LUArm_rx,LShoulder_to_LUArm,rx,0.04847395045548704,0.11156235369604256,0.06308840324055552,0.10383403548079755,0.11966591593076954
790_T1_vs_T3,longitudinal,4,LShoulder_to_LUArm_ry,LShoulder_to_LUArm,ry,0.09218511274829129,0.22010947838434064,0.12792436563604936,0.10383403548079755,0.11966591593076954
790_T1_vs_T3,longitudinal,4,LShoulder_to_LUArm_rz,LShoulder_to_LUArm,rz,0.03149905630182086,0.011303940844840293,-0.020195115456980564,0.10383403548079755,0.11966591593076954
790_T1_vs_T3,longitudinal,4,LThigh_to_LShin_rx,LThigh_to_LShin,rx,0.23673241382133503,0.3914932435884731,0.15476082976713806,0.10383403548079755,0.11966591593076954
790_T1_vs_T3,longitudinal,4,LThigh_to_LShin_ry,LThigh_to_LShin,ry,1.548181376536624e-08,2.874463659144086e-08,1.3262822826074623e-08,0.10383403548079755,0.11966591593076954
790_T1_vs_T3,longitudinal,4,LThigh_to_LShin_rz,LThigh_to_LShin,rz,3.062520262536153e-09,8.339272317512347e-09,5.276752054976194e-09,0.10383403548079755,0.11966591593076954
790_T1_vs_T3,longitudinal,4,LUArm_to_LFArm_rx,LUArm_to_LFArm,rx,0.3961440038058777,0.42707966517801715,0.030935661372139434,0.10383403548079755,0.11966591593076954
790_T1_vs_T3,longitudinal,4,LUArm_to_LFArm_ry,LUArm_to_LFArm,ry,0.12745799207008626,0.13894105058106127,0.011483058510975003,0.10383403548079755,0.11966591593076954
790_T1_vs_T3,longitudinal,4,LUArm_to_LFArm_rz,LUArm_to_LFArm,rz,0.3032162626462449,0.27339316395054214,-0.029823098695702766,0.10383403548079755,0.11966591593076954
790_T1_vs_T3,longitudinal,4,Neck2_to_Head_rx,Neck2_to_Head,rx,0.031874412177422616,0.029152272354034132,-0.0027221398233884843,0.10383403548079755,0.11966591593076954
790_T1_vs_T3,longitudinal,4,Neck2_to_Head_ry,Neck2_to_Head,ry,0.008380207881851393,0.017264949068013468,0.008884741186162075,0.10383403548079755,0.11966591593076954
790_T1_vs_T3,longitudinal,4,Neck2_to_Head_rz,Neck2_to_Head,rz,0.012518604554123661,0.019440767592552307,0.006922163038428646,0.10383403548079755,0.11966591593076954
790_T1_vs_T3,longitudinal,4,Neck_to_Neck2_rx,Neck_to_Neck2,rx,0.03186031989442501,0.029101287517407495,-0.002759032377017516,0.10383403548079755,0.11966591593076954
790_T1_vs_T3,longitudinal,4,Neck_to_Neck2_ry,Neck_to_Neck2,ry,0.009034945880292144,0.018262069485622805,0.00922712360533066,0.10383403548079755,0.11966591593076954
790_T1_vs_T3,longitudinal,4,Neck_to_Neck2_rz,Neck_to_Neck2,rz,0.012050633752546272,0.018492036373361873,0.006441402620815601,0.10383403548079755,0.11966591593076954
790_T1_vs_T3,longitudinal,4,RFArm_to_RHand_rx,RFArm_to_RHand,rx,0.002150301785489125,0.008833958283540748,0.006683656498051622,0.10383403548079755,0.11966591593076954
790_T1_vs_T3,longitudinal,4,RFArm_to_RHand_ry,RFArm_to_RHand,ry,0.0010403900068423552,0.027915549293073782,0.026875159286231427,0.10383403548079755,0.11966591593076954
790_T1_vs_T3,longitudinal,4,RFArm_to_RHand_rz,RFArm_to_RHand,rz,0.189981906936177,0.043339375537927056,-0.14664253139824995,0.10383403548079755,0.11966591593076954
790_T1_vs_T3,longitudinal,4,RShin_to_RFoot_rx,RShin_to_RFoot,rx,0.0003015511882143491,0.011072169705245228,0.010770618517030879,0.10383403548079755,0.11966591593076954
790_T1_vs_T3,longitudinal,4,RShin_to_RFoot_ry,RShin_to_RFoot,ry,0.02398763370346288,0.03586848470275178,0.0118808509992889,0.10383403548079755,0.11966591593076954
790_T1_vs_T3,longitudinal,4,RShin_to_RFoot_rz,RShin_to_RFoot,rz,0.026883337703872287,0.03598758305631049,0.0091042453524382,0.10383403548079755,0.11966591593076954
790_T1_vs_T3,longitudinal,4,RShoulder_to_RUArm_rx,RShoulder_to_RUArm,rx,0.0517885037301064,0.23307694160932224,0.18128843787921584,0.10383403548079755,0.11966591593076954
790_T1_vs_T3,longitudinal,4,RShoulder_to_RUArm_ry,RShoulder_to_RUArm,ry,0.13420644028360712,0.019456328739856282,-0.11475011154375084,0.10383403548079755,0.11966591593076954
790_T1_vs_T3,longitudinal,4,RShoulder_to_RUArm_rz,RShoulder_to_RUArm,rz,0.051175987825989186,0.1110712146244617,0.05989522679847252,0.10383403548079755,0.11966591593076954
790_T1_vs_T3,longitudinal,4,RThigh_to_RShin_rx,RThigh_to_RShin,rx,0.20697903876581566,0.3008524586215103,0.09387341985569461,0.10383403548079755,0.11966591593076954
790_T1_vs_T3,longitudinal,4,RThigh_to_RShin_ry,RThigh_to_RShin,ry,3.248844194227283e-09,2.410351378942501e-08,2.0854669595197728e-08,0.10383403548079755,0.11966591593076954
790_T1_vs_T3,longitudinal,4,RThigh_to_RShin_rz,RThigh_to_RShin,rz,3.657522702409633e-10,2.124824284975241e-08,2.0882490579511446e-08,0.10383403548079755,0.11966591593076954
790_T1_vs_T3,longitudinal,4,RUArm_to_RFArm_rx,RUArm_to_RFArm,rx,0.3000348684050102,0.2875577430773875,-0.012477125327622685,0.10383403548079755,0.11966591593076954
790_T1_vs_T3,longitudinal,4,RUArm_to_RFArm_ry,RUArm_to_RFArm,ry,0.2754326793183109,0.07978418185068539,-0.1956484974676255,0.10383403548079755,0.11966591593076954
790_T1_vs_T3,longitudinal,4,RUArm_to_RFArm_rz,RUArm_to_RFArm,rz,0.299651380477884,0.16880784255433634,-0.13084353792354764,0.10383403548079755,0.11966591593076954
790_T1_vs_T3,longitudinal,4,Spine2_to_Spine3_rx,Spine2_to_Spine3,rx,0.04161153196883948,0.0490602115188494,0.007448679550009919,0.10383403548079755,0.11966591593076954
790_T1_vs_T3,longitudinal,4,Spine2_to_Spine3_ry,Spine2_to_Spine3,ry,0.003315711641552018,0.0005353528312681239,-0.002780358810283894,0.10383403548079755,0.11966591593076954
790_T1_vs_T3,longitudinal,4,Spine2_to_Spine3_rz,Spine2_to_Spine3,rz,0.0016004104257991512,0.014277901192923336,0.012677490767124185,0.10383403548079755,0.11966591593076954
790_T1_vs_T3,longitudinal,4,Spine3_to_Spine4_rx,Spine3_to_Spine4,rx,0.04160709446144996,0.04906429616763671,0.0074572017061867515,0.10383403548079755,0.11966591593076954
790_T1_vs_T3,longitudinal,4,Spine3_to_Spine4_ry,Spine3_to_Spine4,ry,0.0033736811217266027,7.483654896363232e-05,-0.0032988445727629703,0.10383403548079755,0.11966591593076954
790_T1_vs_T3,longitudinal,4,Spine3_to_Spine4_rz,Spine3_to_Spine4,rz,0.001449846127349861,0.014276911397547774,0.012827065270197913,0.10383403548079755,0.11966591593076954
790_T1_vs_T3,longitudinal,4,Spine4_to_Chest_rx,Spine4_to_Chest,rx,0.04160441214550846,0.0490666568795728,0.007462244734064337,0.10383403548079755,0.11966591593076954
790_T1_vs_T3,longitudinal,4,Spine4_to_Chest_ry,Spine4_to_Chest,ry,0.003405793949434738,0.00043559872318467565,-0.0029701952262500626,0.10383403548079755,0.11966591593076954
790_T1_vs_T3,longitudinal,4,Spine4_to_Chest_rz,Spine4_to_Chest,rz,0.0013602373499772558,0.01426808166965245,0.012907844319675194,0.10383403548079755,0.11966591593076954
790_T1_vs_T3,longitudinal,5,790_to_Ab_rx,790_to_Ab,rx,0.004494423604264031,0.008315817114149028,0.0038213935098849973,0.08400546257953448,0.09694341144845875
790_T1_vs_T3,longitudinal,5,790_to_Ab_ry,790_to_Ab,ry,0.0492140066023901,0.03720549542324983,-0.012008511179140272,0.08400546257953448,0.09694341144845875
790_T1_vs_T3,longitudinal,5,790_to_Ab_rz,790_to_Ab,rz,0.001460179379336457,0.00038574878030345157,-0.0010744305990330054,0.08400546257953448,0.09694341144845875
790_T1_vs_T3,longitudinal,5,790_to_LThigh_rx,790_to_LThigh,rx,0.038109886069236536,0.14043155641473593,0.10232167034549938,0.08400546257953448,0.09694341144845875
790_T1_vs_T3,longitudinal,5,790_to_LThigh_ry,790_to_LThigh,ry,0.09764797019635105,0.04994460456179949,-0.047703365634551555,0.08400546257953448,0.09694341144845875
790_T1_vs_T3,longitudinal,5,790_to_LThigh_rz,790_to_LThigh,rz,0.03495013159222134,0.033833300452729864,-0.0011168311394914726,0.08400546257953448,0.09694341144845875
790_T1_vs_T3,longitudinal,5,790_to_RThigh_rx,790_to_RThigh,rx,0.08728059456828743,0.023220678458035427,-0.06405991611025201,0.08400546257953448,0.09694341144845875
790_T1_vs_T3,longitudinal,5,790_to_RThigh_ry,790_to_RThigh,ry,0.09801479564011055,0.06496738214579359,-0.03304741349431696,0.08400546257953448,0.09694341144845875
790_T1_vs_T3,longitudinal,5,790_to_RThigh_rz,790_to_RThigh,rz,0.043863466501989475,0.023342929433965705,-0.02052053706802377,0.08400546257953448,0.09694341144845875
790_T1_vs_T3,longitudinal,5,Ab_to_Spine2_rx,Ab_to_Spine2,rx,0.004221819835410066,0.00802134312765337,0.003799523292243305,0.08400546257953448,0.09694341144845875
790_T1_vs_T3,longitudinal,5,Ab_to_Spine2_ry,Ab_to_Spine2,ry,0.04959836543844633,0.0370756007346377,-0.012522764703808635,0.08400546257953448,0.09694341144845875
790_T1_vs_T3,longitudinal,5,Ab_to_Spine2_rz,Ab_to_Spine2,rz,0.03390169955284068,0.020868880526559972,-0.013032819026280711,0.08400546257953448,0.09694341144845875
790_T1_vs_T3,longitudinal,5,Chest_to_LShoulder_rx,Chest_to_LShoulder,rx,0.04359571198358677,0.0697856043237272,0.02618989234014043,0.08400546257953448,0.09694341144845875
790_T1_vs_T3,longitudinal,5,Chest_to_LShoulder_ry,Chest_to_LShoulder,ry,0.0052576020772242245,0.011716577643783982,0.006458975566559757,0.08400546257953448,0.09694341144845875
790_T1_vs_T3,longitudinal,5,Chest_to_LShoulder_rz,Chest_to_LShoulder,rz,0.060019345536956946,0.03533639429765591,-0.02468295123930104,0.08400546257953448,0.09694341144845875
790_T1_vs_T3,longitudinal,5,Chest_to_Neck_rx,Chest_to_Neck,rx,0.005578706366648636,0.012550881230233967,0.006972174863585331,0.08400546257953448,0.09694341144845875
790_T1_vs_T3,longitudinal,5,Chest_to_Neck_ry,Chest_to_Neck,ry,0.08350293733371239,0.0543675128851247,-0.029135424448587688,0.08400546257953448,0.09694341144845875
790_T1_vs_T3,longitudinal,5,Chest_to_Neck_rz,Chest_to_Neck,rz,0.005920459994537286,0.006765673615212562,0.000845213620675276,0.08400546257953448,0.09694341144845875
790_T1_vs_T3,longitudinal,5,Chest_to_RShoulder_rx,Chest_to_RShoulder,rx,0.0326610850124079,0.038078456130075405,0.005417371117667505,0.08400546257953448,0.09694341144845875
790_T1_vs_T3,longitudinal,5,Chest_to_RShoulder_ry,Chest_to_RShoulder,ry,0.026525171352385475,0.01369250110656639,-0.012832670245819085,0.08400546257953448,0.09694341144845875
790_T1_vs_T3,longitudinal,5,Chest_to_RShoulder_rz,Chest_to_RShoulder,rz,0.10579176325334451,0.040095246493186354,-0.06569651676015816,0.08400546257953448,0.09694341144845875
790_T1_vs_T3,longitudinal,5,LFArm_to_LHand_rx,LFArm_to_LHand,rx,0.013048528115322132,0.004462274956000793,-0.00858625315932134,0.08400546257953448,0.09694341144845875
790_T1_vs_T3,longitudinal,5,LFArm_to_LHand_ry,LFArm_to_LHand,ry,0.009670234279276093,0.023266591228801224,0.01359635694952513,0.08400546257953448,0.09694341144845875
790_T1_vs_T3,longitudinal,5,LFArm_to_LHand_rz,LFArm_to_LHand,rz,0.07214082031052434,0.1579422810392241,0.08580146072869975,0.08400546257953448,0.09694341144845875
790_T1_vs_T3,longitudinal,5,LShin_to_LFoot_rx,LShin_to_LFoot,rx,0.012270671060757004,0.0023320363852857816,-0.009938634675471222,0.08400546257953448,0.09694341144845875
790_T1_vs_T3,longitudinal,5,LShin_to_LFoot_ry,LShin_to_LFoot,ry,0.08589094567701851,0.04770637554881974,-0.038184570128198765,0.08400546257953448,0.09694341144845875
790_T1_vs_T3,longitudinal,5,LShin_to_LFoot_rz,LShin_to_LFoot,rz,0.006731119125571237,0.028490768978266186,0.02175964985269495,0.08400546257953448,0.09694341144845875
790_T1_vs_T3,longitudinal,5,LShoulder_to_LUArm_rx,LShoulder_to_LUArm,rx,0.27201701054510685,0.4127723263152527,0.14075531577014583,0.08400546257953448,0.09694341144845875
790_T1_vs_T3,longitudinal,5,LShoulder_to_LUArm_ry,LShoulder_to_LUArm,ry,0.38206532842537744,0.1733528498040287,-0.20871247862134873,0.08400546257953448,0.09694341144845875
790_T1_vs_T3,longitudinal,5,LShoulder_to_LUArm_rz,LShoulder_to_LUArm,rz,0.07976354746051632,0.31888231331273303,0.2391187658522167,0.08400546257953448,0.09694341144845875
790_T1_vs_T3,longitudinal,5,LThigh_to_LShin_rx,LThigh_to_LShin,rx,0.02906708280793092,0.17653715815657284,0.14747007534864193,0.08400546257953448,0.09694341144845875
790_T1_vs_T3,longitudinal,5,LThigh_to_LShin_ry,LThigh_to_LShin,ry,2.688261399717839e-09,2.5757849483852718e-09,-1.124764513325674e-10,0.08400546257953448,0.09694341144845875
790_T1_vs_T3,longitudinal,5,LThigh_to_LShin_rz,LThigh_to_LShin,rz,1.2984396182791635e-08,2.6534104613724992e-08,1.3549708430933357e-08,0.08400546257953448,0.09694341144845875
790_T1_vs_T3,longitudinal,5,LUArm_to_LFArm_rx,LUArm_to_LFArm,rx,0.34333660122274257,0.18829517353497405,-0.15504142768776852,0.08400546257953448,0.09694341144845875
790_T1_vs_T3,longitudinal,5,LUArm_to_LFArm_ry,LUArm_to_LFArm,ry,0.027798985573016615,0.35051200125189486,0.3227130156788782,0.08400546257953448,0.09694341144845875
790_T1_vs_T3,longitudinal,5,LUArm_to_LFArm_rz,LUArm_to_LFArm,rz,0.13424488708779864,0.004260597392516992,-0.12998428969528164,0.08400546257953448,0.09694341144845875
790_T1_vs_T3,longitudinal,5,Neck2_to_Head_rx,Neck2_to_Head,rx,0.005736485501288198,0.01275434222380805,0.007017856722519852,0.08400546257953448,0.09694341144845875
790_T1_vs_T3,longitudinal,5,Neck2_to_Head_ry,Neck2_to_Head,ry,0.08279579573284378,0.054432888614496744,-0.028362907118347033,0.08400546257953448,0.09694341144845875
790_T1_vs_T3,longitudinal,5,Neck2_to_Head_rz,Neck2_to_Head,rz,0.009833303281168345,0.0035755396477614968,-0.006257763633406849,0.08400546257953448,0.09694341144845875
790_T1_vs_T3,longitudinal,5,Neck_to_Neck2_rx,Neck_to_Neck2,rx,0.005693349165264514,0.012698673674384365,0.007005324509119851,0.08400546257953448,0.09694341144845875
790_T1_vs_T3,longitudinal,5,Neck_to_Neck2_ry,Neck_to_Neck2,ry,0.08318604486643424,0.054544553547393994,-0.02864149131904025,0.08400546257953448,0.09694341144845875
790_T1_vs_T3,longitudinal,5,Neck_to_Neck2_rz,Neck_to_Neck2,rz,0.005524121804336897,0.0007407729285571871,-0.004783348875779711,0.08400546257953448,0.09694341144845875
790_T1_vs_T3,longitudinal,5,RFArm_to_RHand_rx,RFArm_to_RHand,rx,0.011617629145078929,0.0001313066390288459,-0.011486322506050082,0.08400546257953448,0.09694341144845875
790_T1_vs_T3,longitudinal,5,RFArm_to_RHand_ry,RFArm_to_RHand,ry,0.03306343912212035,0.027783838917685235,-0.0052796002044351135,0.08400546257953448,0.09694341144845875
790_T1_vs_T3,longitudinal,5,RFArm_to_RHand_rz,RFArm_to_RHand,rz,0.3899496271617168,0.2313819000357586,-0.15856772712595824,0.08400546257953448,0.09694341144845875
790_T1_vs_T3,longitudinal,5,RShin_to_RFoot_rx,RShin_to_RFoot,rx,0.014962002183125182,0.027141374563604184,0.012179372380479002,0.08400546257953448,0.09694341144845875
790_T1_vs_T3,longitudinal,5,RShin_to_RFoot_ry,RShin_to_RFoot,ry,0.13409781709451657,0.08425794078671263,-0.04983987630780394,0.08400546257953448,0.09694341144845875
790_T1_vs_T3,longitudinal,5,RShin_to_RFoot_rz,RShin_to_RFoot,rz,0.00467809482698956,0.019716778464021492,0.015038683637031931,0.08400546257953448,0.09694341144845875
790_T1_vs_T3,longitudinal,5,RShoulder_to_RUArm_rx,RShoulder_to_RUArm,rx,0.3869493155058492,0.3868390286774529,-0.00011028682839631099,0.08400546257953448,0.09694341144845875
790_T1_vs_T3,longitudinal,5,RShoulder_to_RUArm_ry,RShoulder_to_RUArm,ry,0.38160839362674825,0.22942554617554653,-0.15218284745120172,0.08400546257953448,0.09694341144845875
790_T1_vs_T3,longitudinal,5,RShoulder_to_RUArm_rz,RShoulder_to_RUArm,rz,0.14374210582357638,0.11902320779743746,-0.024718898026138927,0.08400546257953448,0.09694341144845875
790_T1_vs_T3,longitudinal,5,RThigh_to_RShin_rx,RThigh_to_RShin,rx,0.05374973367400183,0.036096054976312936,-0.017653678697688892,0.08400546257953448,0.09694341144845875
790_T1_vs_T3,longitudinal,5,RThigh_to_RShin_ry,RThigh_to_RShin,ry,1.3029828745677519e-08,7.627533477510175e-10,-1.22670753979265e-08,0.08400546257953448,0.09694341144845875
790_T1_vs_T3,longitudinal,5,RThigh_to_RShin_rz,RThigh_to_RShin,rz,9.753388225037812e-09,5.204274656620849e-09,-4.549113568416963e-09,0.08400546257953448,0.09694341144845875
790_T1_vs_T3,longitudinal,5,RUArm_to_RFArm_rx,RUArm_to_RFArm,rx,0.21012706182991167,0.35132593765413156,0.1411988758242199,0.08400546257953448,0.09694341144845875
790_T1_vs_T3,longitudinal,5,RUArm_to_RFArm_ry,RUArm_to_RFArm,ry,0.017748146643366228,0.042327482438571915,0.024579335795205687,0.08400546257953448,0.09694341144845875
790_T1_vs_T3,longitudinal,5,RUArm_to_RFArm_rz,RUArm_to_RFArm,rz,0.020164350775949406,0.13312859624938458,0.11296424547343517,0.08400546257953448,0.09694341144845875
790_T1_vs_T3,longitudinal,5,Spine2_to_Spine3_rx,Spine2_to_Spine3,rx,0.004216182876375867,0.008010811986059654,0.003794629109683787,0.08400546257953448,0.09694341144845875
790_T1_vs_T3,longitudinal,5,Spine2_to_Spine3_ry,Spine2_to_Spine3,ry,0.0461418226421917,0.03493106594681659,-0.011210756695375114,0.08400546257953448,0.09694341144845875
790_T1_vs_T3,longitudinal,5,Spine2_to_Spine3_rz,Spine2_to_Spine3,rz,0.03852831762727925,0.024360088992845832,-0.014168228634433417,0.08400546257953448,0.09694341144845875
790_T1_vs_T3,longitudinal,5,Spine3_to_Spine4_rx,Spine3_to_Spine4,rx,0.004218698855398776,0.008015528721931965,0.0037968298665331888,0.08400546257953448,0.09694341144845875
790_T1_vs_T3,longitudinal,5,Spine3_to_Spine4_ry,Spine3_to_Spine4,ry,0.04771715287819886,0.03591359595492447,-0.011803556923274387,0.08400546257953448,0.09694341144845875
790_T1_vs_T3,longitudinal,5,Spine3_to_Spine4_rz,Spine3_to_Spine4,rz,0.03649619657710844,0.022822829813019592,-0.013673366764088847,0.08400546257953448,0.09694341144845875
790_T1_vs_T3,longitudinal,5,Spine4_to_Chest_rx,Spine4_to_Chest,rx,0.00422018332191117,0.00801828642287493,0.0037981031009637605,0.08400546257953448,0.09694341144845875
790_T1_vs_T3,longitudinal,5,Spine4_to_Chest_ry,Spine4_to_Chest,ry,0.048621526415018504,0.03647382528408956,-0.012147701130928945,0.08400546257953448,0.09694341144845875
790_T1_vs_T3,longitudinal,5,Spine4_to_Chest_rz,Spine4_to_Chest,rz,0.035273165128467,0.02190058015979145,-0.013372584968675553,0.08400546257953448,0.09694341144845875
790_T1_vs_T3,longitudinal,6,790_to_Ab_rx,790_to_Ab,rx,0.041644282864190224,0.019233172474937256,-0.022411110389252968,0.07364135202463191,0.0659799312834292
790_T1_vs_T3,longitudinal,6,790_to_Ab_ry,790_to_Ab,ry,0.003355304620594718,0.009363920241572614,0.006008615620977896,0.07364135202463191,0.0659799312834292
790_T1_vs_T3,longitudinal,6,790_to_Ab_rz,790_to_Ab,rz,0.002629338361035516,0.0004831971955402268,-0.002146141165495289,0.07364135202463191,0.0659799312834292
790_T1_vs_T3,longitudinal,6,790_to_LThigh_rx,790_to_LThigh,rx,0.05188771132232166,0.07177769440453542,0.019889983082213764,0.07364135202463191,0.0659799312834292
790_T1_vs_T3,longitudinal,6,790_to_LThigh_ry,790_to_LThigh,ry,0.03725958731312401,0.024109585899267667,-0.013150001413856343,0.07364135202463191,0.0659799312834292
790_T1_vs_T3,longitudinal,6,790_to_LThigh_rz,790_to_LThigh,rz,0.06505666117069114,0.026400346567108213,-0.03865631460358293,0.07364135202463191,0.0659799312834292
790_T1_vs_T3,longitudinal,6,790_to_RThigh_rx,790_to_RThigh,rx,0.09987857381297133,0.00121285438427051,-0.09866571942870082,0.07364135202463191,0.0659799312834292
790_T1_vs_T3,longitudinal,6,790_to_RThigh_ry,790_to_RThigh,ry,0.00897108111811529,0.0011513533748458787,-0.007819727743269412,0.07364135202463191,0.0659799312834292
790_T1_vs_T3,longitudinal,6,790_to_RThigh_rz,790_to_RThigh,rz,0.007591838520223815,0.024823355558588247,0.01723151703836443,0.07364135202463191,0.0659799312834292
790_T1_vs_T3,longitudinal,6,Ab_to_Spine2_rx,Ab_to_Spine2,rx,0.041312685311189194,0.0192473093342144,-0.022065375976974794,0.07364135202463191,0.0659799312834292
790_T1_vs_T3,longitudinal,6,Ab_to_Spine2_ry,Ab_to_Spine2,ry,0.0033241617910979475,0.00900739613950355,0.005683234348405603,0.07364135202463191,0.0659799312834292
790_T1_vs_T3,longitudinal,6,Ab_to_Spine2_rz,Ab_to_Spine2,rz,0.0111051356796302,0.0063613927779667245,-0.004743742901663475,0.07364135202463191,0.0659799312834292
790_T1_vs_T3,longitudinal,6,Chest_to_LShoulder_rx,Chest_to_LShoulder,rx,0.0044384533047599,0.005260499035004829,0.0008220457302449292,0.07364135202463191,0.0659799312834292
790_T1_vs_T3,longitudinal,6,Chest_to_LShoulder_ry,Chest_to_LShoulder,ry,0.096144389372206,0.030625139999324546,-0.06551924937288145,0.07364135202463191,0.0659799312834292
790_T1_vs_T3,longitudinal,6,Chest_to_LShoulder_rz,Chest_to_LShoulder,rz,0.09556609191750663,0.035427798554885946,-0.060138293362620686,0.07364135202463191,0.0659799312834292
790_T1_vs_T3,longitudinal,6,Chest_to_Neck_rx,Chest_to_Neck,rx,0.013169279663229453,0.011886883537765111,-0.001282396125464342,0.07364135202463191,0.0659799312834292
790_T1_vs_T3,longitudinal,6,Chest_to_Neck_ry,Chest_to_Neck,ry,0.008467731304916619,0.0002880780503243967,-0.008179653254592223,0.07364135202463191,0.0659799312834292
790_T1_vs_T3,longitudinal,6,Chest_to_Neck_rz,Chest_to_Neck,rz,0.01780028993767987,0.01888038087341206,0.0010800909357321885,0.07364135202463191,0.0659799312834292
790_T1_vs_T3,longitudinal,6,Chest_to_RShoulder_rx,Chest_to_RShoulder,rx,0.06479217204857968,0.10656099347161539,0.041768821423035715,0.07364135202463191,0.0659799312834292
790_T1_vs_T3,longitudinal,6,Chest_to_RShoulder_ry,Chest_to_RShoulder,ry,0.07203589841348622,0.022367509027679727,-0.04966838938580649,0.07364135202463191,0.0659799312834292
790_T1_vs_T3,longitudinal,6,Chest_to_RShoulder_rz,Chest_to_RShoulder,rz,0.02860127322851636,0.03866082633463772,0.010059553106121364,0.07364135202463191,0.0659799312834292
790_T1_vs_T3,longitudinal,6,LFArm_to_LHand_rx,LFArm_to_LHand,rx,0.003994909263915932,0.006542043739472844,0.002547134475556912,0.07364135202463191,0.0659799312834292
790_T1_vs_T3,longitudinal,6,LFArm_to_LHand_ry,LFArm_to_LHand,ry,0.07858335125135747,0.0636808666773007,-0.014902484574056768,0.07364135202463191,0.0659799312834292
790_T1_vs_T3,longitudinal,6,LFArm_to_LHand_rz,LFArm_to_LHand,rz,0.29370994321546856,0.1930293350573886,-0.10068060815807997,0.07364135202463191,0.0659799312834292
790_T1_vs_T3,longitudinal,6,LShin_to_LFoot_rx,LShin_to_LFoot,rx,0.014714659977148914,0.017127873135754562,0.0024132131586056486,0.07364135202463191,0.0659799312834292
790_T1_vs_T3,longitudinal,6,LShin_to_LFoot_ry,LShin_to_LFoot,ry,0.011615748347045601,0.025404030804550063,0.013788282457504462,0.07364135202463191,0.0659799312834292
790_T1_vs_T3,longitudinal,6,LShin_to_LFoot_rz,LShin_to_LFoot,rz,0.035199859396347365,0.0029045773932826896,-0.032295282003064675,0.07364135202463191,0.0659799312834292
790_T1_vs_T3,longitudinal,6,LShoulder_to_LUArm_rx,LShoulder_to_LUArm,rx,0.211104859460762,0.19205556074993668,-0.019049298710825308,0.07364135202463191,0.0659799312834292
790_T1_vs_T3,longitudinal,6,LShoulder_to_LUArm_ry,LShoulder_to_LUArm,ry,0.4793532110163149,0.23408794682973705,-0.24526526418657785,0.07364135202463191,0.0659799312834292
790_T1_vs_T3,longitudinal,6,LShoulder_to_LUArm_rz,LShoulder_to_LUArm,rz,0.2992883491581319,0.2642749025174634,-0.03501344664066852,0.07364135202463191,0.0659799312834292
790_T1_vs_T3,longitudinal,6,LThigh_to_LShin_rx,LThigh_to_LShin,rx,0.06736150191564527,0.10453485666399305,0.03717335474834778,0.07364135202463191,0.0659799312834292
790_T1_vs_T3,longitudinal,6,LThigh_to_LShin_ry,LThigh_to_LShin,ry,2.4245384653591986e-08,2.8290139134776437e-09,-2.1416370740114344e-08,0.07364135202463191,0.0659799312834292
790_T1_vs_T3,longitudinal,6,LThigh_to_LShin_rz,LThigh_to_LShin,rz,1.1727070875033197e-08,7.096289636103824e-09,-4.630781238929373e-09,0.07364135202463191,0.0659799312834292
790_T1_vs_T3,longitudinal,6,LUArm_to_LFArm_rx,LUArm_to_LFArm,rx,0.16654358720382462,0.23974781218242974,0.07320422497860513,0.07364135202463191,0.0659799312834292
790_T1_vs_T3,longitudinal,6,LUArm_to_LFArm_ry,LUArm_to_LFArm,ry,0.006870273373729518,0.11552861558888514,0.10865834221515562,0.07364135202463191,0.0659799312834292
790_T1_vs_T3,longitudinal,6,LUArm_to_LFArm_rz,LUArm_to_LFArm,rz,0.1283546350482993,0.17799171422274024,0.049637079174440935,0.07364135202463191,0.0659799312834292
790_T1_vs_T3,longitudinal,6,Neck2_to_Head_rx,Neck2_to_Head,rx,0.013610475454235499,0.01212497493456885,-0.001485500519666649,0.07364135202463191,0.0659799312834292
790_T1_vs_T3,longitudinal,6,Neck2_to_Head_ry,Neck2_to_Head,ry,0.011729067558721874,0.0033588738244137873,-0.008370193734308086,0.07364135202463191,0.0659799312834292
790_T1_vs_T3,longitudinal,6,Neck2_to_Head_rz,Neck2_to_Head,rz,0.0157946611758974,0.01849900823831506,0.0027043470624176606,0.07364135202463191,0.0659799312834292
790_T1_vs_T3,longitudinal,6,Neck_to_Neck2_rx,Neck_to_Neck2,rx,0.01348961652490635,0.012059723560703289,-0.0014298929642030615,0.07364135202463191,0.0659799312834292
790_T1_vs_T3,longitudinal,6,Neck_to_Neck2_ry,Neck_to_Neck2,ry,0.010860538192290785,0.0023642174108689774,-0.008496320781421807,0.07364135202463191,0.0659799312834292
790_T1_vs_T3,longitudinal,6,Neck_to_Neck2_rz,Neck_to_Neck2,rz,0.016388074170581746,0.018651782421062628,0.0022637082504808823,0.07364135202463191,0.0659799312834292
790_T1_vs_T3,longitudinal,6,RFArm_to_RHand_rx,RFArm_to_RHand,rx,0.004559231025576913,0.006113567861420644,0.001554336835843731,0.07364135202463191,0.0659799312834292
790_T1_vs_T3,longitudinal,6,RFArm_to_RHand_ry,RFArm_to_RHand,ry,0.09615804866879081,0.07445198656238192,-0.021706062106408894,0.07364135202463191,0.0659799312834292
790_T1_vs_T3,longitudinal,6,RFArm_to_RHand_rz,RFArm_to_RHand,rz,0.20033581481397178,0.05965461855515352,-0.14068119625881825,0.07364135202463191,0.0659799312834292
790_T1_vs_T3,longitudinal,6,RShin_to_RFoot_rx,RShin_to_RFoot,rx,0.0015816619938871107,0.00649085530728853,0.0049091933134014195,0.07364135202463191,0.0659799312834292
790_T1_vs_T3,longitudinal,6,RShin_to_RFoot_ry,RShin_to_RFoot,ry,0.02308689608969705,0.0013318081661870588,-0.021755087923509994,0.07364135202463191,0.0659799312834292
790_T1_vs_T3,longitudinal,6,RShin_to_RFoot_rz,RShin_to_RFoot,rz,0.00657229286068141,0.004348937655249945,-0.002223355205431465,0.07364135202463191,0.0659799312834292
790_T1_vs_T3,longitudinal,6,RShoulder_to_RUArm_rx,RShoulder_to_RUArm,rx,0.0377730321175977,0.29614790711467426,0.25837487499707656,0.07364135202463191,0.0659799312834292
790_T1_vs_T3,longitudinal,6,RShoulder_to_RUArm_ry,RShoulder_to_RUArm,ry,0.47677245792218803,0.21766033872407853,-0.2591121191981095,0.07364135202463191,0.0659799312834292
790_T1_vs_T3,longitudinal,6,RShoulder_to_RUArm_rz,RShoulder_to_RUArm,rz,0.31226192164299216,0.4920789786567142,0.17981705701372203,0.07364135202463191,0.0659799312834292
790_T1_vs_T3,longitudinal,6,RThigh_to_RShin_rx,RThigh_to_RShin,rx,0.18239216946569373,0.0077436278132300895,-0.17464854165246363,0.07364135202463191,0.0659799312834292
790_T1_vs_T3,longitudinal,6,RThigh_to_RShin_ry,RThigh_to_RShin,ry,2.3284460577779252e-08,9.740400166232656e-09,-1.3544060411546596e-08,0.07364135202463191,0.0659799312834292
790_T1_vs_T3,longitudinal,6,RThigh_to_RShin_rz,RThigh_to_RShin,rz,2.038491418840516e-08,1.1414626533272655e-09,-1.9243451535077897e-08,0.07364135202463191,0.0659799312834292
790_T1_vs_T3,longitudinal,6,RUArm_to_RFArm_rx,RUArm_to_RFArm,rx,0.03978082729895996,0.024326228751612517,-0.015454598547347442,0.07364135202463191,0.0659799312834292
790_T1_vs_T3,longitudinal,6,RUArm_to_RFArm_ry,RUArm_to_RFArm,ry,0.015293900838635521,0.41735096102453006,0.40205706018589454,0.07364135202463191,0.0659799312834292
790_T1_vs_T3,longitudinal,6,RUArm_to_RFArm_rz,RUArm_to_RFArm,rz,0.1551936337125995,0.30811663754065455,0.15292300382805504,0.07364135202463191,0.0659799312834292
790_T1_vs_T3,longitudinal,6,Spine2_to_Spine3_rx,Spine2_to_Spine3,rx,0.04127924393787212,0.01923657044941759,-0.02204267348845453,0.07364135202463191,0.0659799312834292
790_T1_vs_T3,longitudinal,6,Spine2_to_Spine3_ry,Spine2_to_Spine3,ry,0.004376205779383101,0.008368127646632214,0.0039919218672491135,0.07364135202463191,0.0659799312834292
790_T1_vs_T3,longitudinal,6,Spine2_to_Spine3_rz,Spine2_to_Spine3,rz,0.01074109876668532,0.007217505469132753,-0.003523593297552567,0.07364135202463191,0.0659799312834292
790_T1_vs_T3,longitudinal,6,Spine3_to_Spine4_rx,Spine3_to_Spine4,rx,0.04129412267725582,0.0192413206244082,-0.022052802052847622,0.07364135202463191,0.0659799312834292
790_T1_vs_T3,longitudinal,6,Spine3_to_Spine4_ry,Spine3_to_Spine4,ry,0.003910719327544425,0.008659711256052912,0.004748991928508487,0.07364135202463191,0.0659799312834292
790_T1_vs_T3,longitudinal,6,Spine3_to_Spine4_rz,Spine3_to_Spine4,rz,0.01091146327920869,0.006841344443200403,-0.004070118836008288,0.07364135202463191,0.0659799312834292
790_T1_vs_T3,longitudinal,6,Spine4_to_Chest_rx,Spine4_to_Chest,rx,0.04130297883558767,0.01924418628480394,-0.022058792550783732,0.07364135202463191,0.0659799312834292
790_T1_vs_T3,longitudinal,6,Spine4_to_Chest_ry,Spine4_to_Chest,ry,0.0036332057771852454,0.008826930444320676,0.0051937246671354305,0.07364135202463191,0.0659799312834292
790_T1_vs_T3,longitudinal,6,Spine4_to_Chest_rz,Spine4_to_Chest,rz,0.011005991126198298,0.006615037318244128,-0.00439095380795417,0.07364135202463191,0.0659799312834292
790_T1_vs_T3,longitudinal,7,790_to_Ab_rx,790_to_Ab,rx,0.026620785447506054,0.0010731929505240333,-0.02554759249698202,0.052134370186633965,0.0515272446056278
790_T1_vs_T3,longitudinal,7,790_to_Ab_ry,790_to_Ab,ry,0.03594883693390198,0.030718429776043662,-0.00523040715785832,0.052134370186633965,0.0515272446056278
790_T1_vs_T3,longitudinal,7,790_to_Ab_rz,790_to_Ab,rz,0.0002907510606632857,0.002036306719898189,0.0017455556592349034,0.052134370186633965,0.0515272446056278
790_T1_vs_T3,longitudinal,7,790_to_LThigh_rx,790_to_LThigh,rx,0.13959218322365738,0.0423010562476297,-0.09729112697602768,0.052134370186633965,0.0515272446056278
790_T1_vs_T3,longitudinal,7,790_to_LThigh_ry,790_to_LThigh,ry,0.08499279471015883,0.0792654916047961,-0.0057273031053627355,0.052134370186633965,0.0515272446056278
790_T1_vs_T3,longitudinal,7,790_to_LThigh_rz,790_to_LThigh,rz,0.0008660051265699242,0.020174913798090856,0.019308908671520932,0.052134370186633965,0.0515272446056278
790_T1_vs_T3,longitudinal,7,790_to_RThigh_rx,790_to_RThigh,rx,0.1611042790254191,0.08003310236653254,-0.08107117665888657,0.052134370186633965,0.0515272446056278
790_T1_vs_T3,longitudinal,7,790_to_RThigh_ry,790_to_RThigh,ry,0.05562043756851236,0.0665792637708248,0.01095882620231245,0.052134370186633965,0.0515272446056278
790_T1_vs_T3,longitudinal,7,790_to_RThigh_rz,790_to_RThigh,rz,0.007076479616361837,0.07621641426861378,0.06913993465225195,0.052134370186633965,0.0515272446056278
790_T1_vs_T3,longitudinal,7,Ab_to_Spine2_rx,Ab_to_Spine2,rx,0.026333040819035248,0.001046751314402743,-0.025286289504632506,0.052134370186633965,0.0515272446056278
790_T1_vs_T3,longitudinal,7,Ab_to_Spine2_ry,Ab_to_Spine2,ry,0.036161801601876015,0.03136625909716213,-0.004795542504713882,0.052134370186633965,0.0515272446056278
790_T1_vs_T3,longitudinal,7,Ab_to_Spine2_rz,Ab_to_Spine2,rz,0.02004585381863463,0.02806853529386927,0.00802268147523464,0.052134370186633965,0.0515272446056278
790_T1_vs_T3,longitudinal,7,Chest_to_LShoulder_rx,Chest_to_LShoulder,rx,0.013800278352625418,0.014538417935875977,0.0007381395832505595,0.052134370186633965,0.0515272446056278
790_T1_vs_T3,longitudinal,7,Chest_to_LShoulder_ry,Chest_to_LShoulder,ry,0.02584745769305606,0.007532102152789466,-0.018315355540266594,0.052134370186633965,0.0515272446056278
790_T1_vs_T3,longitudinal,7,Chest_to_LShoulder_rz,Chest_to_LShoulder,rz,0.015523173211978306,0.1153425655597359,0.0998193923477576,0.052134370186633965,0.0515272446056278
790_T1_vs_T3,longitudinal,7,Chest_to_Neck_rx,Chest_to_Neck,rx,0.022533999673807974,0.002965700997303014,-0.01956829867650496,0.052134370186633965,0.0515272446056278
790_T1_vs_T3,longitudinal,7,Chest_to_Neck_ry,Chest_to_Neck,ry,0.07773034093020194,0.052550725078252425,-0.025179615851949513,0.052134370186633965,0.0515272446056278
790_T1_vs_T3,longitudinal,7,Chest_to_Neck_rz,Chest_to_Neck,rz,0.018400915668304915,0.012182727475500206,-0.006218188192804709,0.052134370186633965,0.0515272446056278
790_T1_vs_T3,longitudinal,7,Chest_to_RShoulder_rx,Chest_to_RShoulder,rx,0.07979943839477384,0.012476252615612934,-0.06732318577916091,0.052134370186633965,0.0515272446056278
790_T1_vs_T3,longitudinal,7,Chest_to_RShoulder_ry,Chest_to_RShoulder,ry,0.04686483985727661,0.02582801256045797,-0.02103682729681864,0.052134370186633965,0.0515272446056278
790_T1_vs_T3,longitudinal,7,Chest_to_RShoulder_rz,Chest_to_RShoulder,rz,0.06666704733278558,0.12123857365394443,0.054571526321158845,0.052134370186633965,0.0515272446056278
790_T1_vs_T3,longitudinal,7,LFArm_to_LHand_rx,LFArm_to_LHand,rx,0.030080662011151182,0.020005669086827032,-0.01007499292432415,0.052134370186633965,0.0515272446056278
790_T1_vs_T3,longitudinal,7,LFArm_to_LHand_ry,LFArm_to_LHand,ry,0.08292250223863623,0.053960440564079,-0.028962061674557234,0.052134370186633965,0.0515272446056278
790_T1_vs_T3,longitudinal,7,LFArm_to_LHand_rz,LFArm_to_LHand,rz,0.35220038738448933,0.2409638780540418,-0.11123650933044754,0.052134370186633965,0.0515272446056278
790_T1_vs_T3,longitudinal,7,LShin_to_LFoot_rx,LShin_to_LFoot,rx,0.035572110012935886,0.016984769273665837,-0.01858734073927005,0.052134370186633965,0.0515272446056278
790_T1_vs_T3,longitudinal,7,LShin_to_LFoot_ry,LShin_to_LFoot,ry,0.09709804315396339,0.07090418409604231,-0.026193859057921084,0.052134370186633965,0.0515272446056278
790_T1_vs_T3,longitudinal,7,LShin_to_LFoot_rz,LShin_to_LFoot,rz,0.0006214144497058225,0.01147597345885615,0.010854559009150328,0.052134370186633965,0.0515272446056278
790_T1_vs_T3,longitudinal,7,LShoulder_to_LUArm_rx,LShoulder_to_LUArm,rx,0.059963497891142414,0.11869765727520275,0.05873415938406033,0.052134370186633965,0.0515272446056278
790_T1_vs_T3,longitudinal,7,LShoulder_to_LUArm_ry,LShoulder_to_LUArm,ry,0.0029676904984923392,0.44424458791539756,0.44127689741690523,0.052134370186633965,0.0515272446056278
790_T1_vs_T3,longitudinal,7,LShoulder_to_LUArm_rz,LShoulder_to_LUArm,rz,0.1059942803460278,0.17214387893421107,0.06614959858818327,0.052134370186633965,0.0515272446056278
790_T1_vs_T3,longitudinal,7,LThigh_to_LShin_rx,LThigh_to_LShin,rx,0.0011601901295035144,0.1498561116861705,0.14869592155666697,0.052134370186633965,0.0515272446056278
790_T1_vs_T3,longitudinal,7,LThigh_to_LShin_ry,LThigh_to_LShin,ry,7.006045280313801e-09,8.927403123547715e-09,1.9213578432339143e-09,0.052134370186633965,0.0515272446056278
790_T1_vs_T3,longitudinal,7,LThigh_to_LShin_rz,LThigh_to_LShin,rz,1.0919767847503444e-08,1.368534559039516e-08,2.765577742891716e-09,0.052134370186633965,0.0515272446056278
790_T1_vs_T3,longitudinal,7,LUArm_to_LFArm_rx,LUArm_to_LFArm,rx,0.1919682270069704,0.3217791593669489,0.1298109323599785,0.052134370186633965,0.0515272446056278
790_T1_vs_T3,longitudinal,7,LUArm_to_LFArm_ry,LUArm_to_LFArm,ry,0.5533364654409028,0.4291815696932246,-0.12415489574767818,0.052134370186633965,0.0515272446056278
790_T1_vs_T3,longitudinal,7,LUArm_to_LFArm_rz,LUArm_to_LFArm,rz,0.18340616566462833,0.225259986823137,0.041853821158508664,0.052134370186633965,0.0515272446056278
790_T1_vs_T3,longitudinal,7,Neck2_to_Head_rx,Neck2_to_Head,rx,0.02287591897957385,0.0030776222436191283,-0.019798296735954724,0.052134370186633965,0.0515272446056278
790_T1_vs_T3,longitudinal,7,Neck2_to_Head_ry,Neck2_to_Head,ry,0.07261132326666203,0.053744154508284646,-0.018867168758377385,0.052134370186633965,0.0515272446056278
790_T1_vs_T3,longitudinal,7,Neck2_to_Head_rz,Neck2_to_Head,rz,0.032751101463939565,0.002152608759312387,-0.030598492704627177,0.052134370186633965,0.0515272446056278
790_T1_vs_T3,longitudinal,7,Neck_to_Neck2_rx,Neck_to_Neck2,rx,0.022782080874708243,0.003046821360758314,-0.01973525951394993,0.052134370186633965,0.0515272446056278
790_T1_vs_T3,longitudinal,7,Neck_to_Neck2_ry,Neck_to_Neck2,ry,0.07419847661713638,0.05354011708738572,-0.02065835952975066,0.052134370186633965,0.0515272446056278
790_T1_vs_T3,longitudinal,7,Neck_to_Neck2_rz,Neck_to_Neck2,rz,0.028880628866864048,0.0049179698650260156,-0.023962659001838034,0.052134370186633965,0.0515272446056278
790_T1_vs_T3,longitudinal,7,RFArm_to_RHand_rx,RFArm_to_RHand,rx,0.00718324316601112,0.01602591933720063,0.008842676171189511,0.052134370186633965,0.0515272446056278
790_T1_vs_T3,longitudinal,7,RFArm_to_RHand_ry,RFArm_to_RHand,ry,0.020173424494878137,0.03469837491601625,0.014524950421138116,0.052134370186633965,0.0515272446056278
790_T1_vs_T3,longitudinal,7,RFArm_to_RHand_rz,RFArm_to_RHand,rz,0.13898313410483568,0.3500064134721462,0.21102327936731055,0.052134370186633965,0.0515272446056278
790_T1_vs_T3,longitudinal,7,RShin_to_RFoot_rx,RShin_to_RFoot,rx,0.014083372737430587,0.003917557932865685,-0.010165814804564903,0.052134370186633965,0.0515272446056278
790_T1_vs_T3,longitudinal,7,RShin_to_RFoot_ry,RShin_to_RFoot,ry,0.029437022670047854,0.10130384072110882,0.07186681805106096,0.052134370186633965,0.0515272446056278
790_T1_vs_T3,longitudinal,7,RShin_to_RFoot_rz,RShin_to_RFoot,rz,0.007228984200402053,0.02157383985392758,0.014344855653525525,0.052134370186633965,0.0515272446056278
790_T1_vs_T3,longitudinal,7,RShoulder_to_RUArm_rx,RShoulder_to_RUArm,rx,0.3671950508146022,0.10601479848707834,-0.26118025232752384,0.052134370186633965,0.0515272446056278
790_T1_vs_T3,longitudinal,7,RShoulder_to_RUArm_ry,RShoulder_to_RUArm,ry,0.09716156060867352,0.218489623498921,0.12132806289024749,0.052134370186633965,0.0515272446056278
790_T1_vs_T3,longitudinal,7,RShoulder_to_RUArm_rz,RShoulder_to_RUArm,rz,0.34549023058514494,0.20263383573654875,-0.1428563948485962,0.052134370186633965,0.0515272446056278
790_T1_vs_T3,longitudinal,7,RThigh_to_RShin_rx,RThigh_to_RShin,rx,0.17578087546927917,0.08914519380529613,-0.08663568166398304,0.052134370186633965,0.0515272446056278
790_T1_vs_T3,longitudinal,7,RThigh_to_RShin_ry,RThigh_to_RShin,ry,4.925875335205106e-08,2.1846232422790716e-08,-2.7412520929260346e-08,0.052134370186633965,0.0515272446056278
790_T1_vs_T3,longitudinal,7,RThigh_to_RShin_rz,RThigh_to_RShin,rz,7.518572999364461e-09,1.0210828626307008e-08,2.692255626942547e-09,0.052134370186633965,0.0515272446056278
790_T1_vs_T3,longitudinal,7,RUArm_to_RFArm_rx,RUArm_to_RFArm,rx,0.06515987043322857,0.09799821345011143,0.03283834301688286,0.052134370186633965,0.0515272446056278
790_T1_vs_T3,longitudinal,7,RUArm_to_RFArm_ry,RUArm_to_RFArm,ry,0.20471188162803844,0.05534535048467556,-0.14936653114336287,0.052134370186633965,0.0515272446056278
790_T1_vs_T3,longitudinal,7,RUArm_to_RFArm_rz,RUArm_to_RFArm,rz,0.04735503517798024,0.0694536554933732,0.022098620315392968,0.052134370186633965,0.0515272446056278
790_T1_vs_T3,longitudinal,7,Spine2_to_Spine3_rx,Spine2_to_Spine3,rx,0.026324893223581877,0.0010590268098579665,-0.02526586641372391,0.052134370186633965,0.0515272446056278
790_T1_vs_T3,longitudinal,7,Spine2_to_Spine3_ry,Spine2_to_Spine3,ry,0.03409551030888857,0.02853308600834552,-0.005562424300543049,0.052134370186633965,0.0515272446056278
790_T1_vs_T3,longitudinal,7,Spine2_to_Spine3_rz,Spine2_to_Spine3,rz,0.023439489407243122,0.03095419238934868,0.007514702982105558,0.052134370186633965,0.0515272446056278
790_T1_vs_T3,longitudinal,7,Spine3_to_Spine4_rx,Spine3_to_Spine4,rx,0.026328549012884877,0.001053548991488509,-0.02527500002139637,0.052134370186633965,0.0515272446056278
790_T1_vs_T3,longitudinal,7,Spine3_to_Spine4_ry,Spine3_to_Spine4,ry,0.035042234113970255,0.029816907442905837,-0.005225326671064418,0.052134370186633965,0.0515272446056278
790_T1_vs_T3,longitudinal,7,Spine3_to_Spine4_rz,Spine3_to_Spine4,rz,0.021945101037145278,0.02969229544285564,0.0077471944057103635,0.052134370186633965,0.0515272446056278
790_T1_vs_T3,longitudinal,7,Spine4_to_Chest_rx,Spine4_to_Chest,rx,0.02633069718875196,0.0010503182008065972,-0.02528037898794536,0.052134370186633965,0.0515272446056278
790_T1_vs_T3,longitudinal,7,Spine4_to_Chest_ry,Spine4_to_Chest,ry,0.03558198980461363,0.030559427792286042,-0.005022562012327585,0.052134370186633965,0.0515272446056278
790_T1_vs_T3,longitudinal,7,Spine4_to_Chest_rz,Spine4_to_Chest,rz,0.02104861477016805,0.028928546823679506,0.007879932053511455,0.052134370186633965,0.0515272446056278
790_T1_vs_T3,longitudinal,8,790_to_Ab_rx,790_to_Ab,rx,0.005489850343649537,0.0258867954274751,0.020396945083825564,0.03685689456877316,0.019692400703268824
790_T1_vs_T3,longitudinal,8,790_to_Ab_ry,790_to_Ab,ry,0.0012414853470179236,0.03302136995989064,0.03177988461287272,0.03685689456877316,0.019692400703268824
790_T1_vs_T3,longitudinal,8,790_to_Ab_rz,790_to_Ab,rz,0.002569739427309113,0.0009999423604164968,-0.0015697970668926164,0.03685689456877316,0.019692400703268824
790_T1_vs_T3,longitudinal,8,790_to_LThigh_rx,790_to_LThigh,rx,0.22422570063104155,0.029115505981539596,-0.19511019464950197,0.03685689456877316,0.019692400703268824
790_T1_vs_T3,longitudinal,8,790_to_LThigh_ry,790_to_LThigh,ry,0.05622878457596723,0.10271980294454908,0.04649101836858185,0.03685689456877316,0.019692400703268824
790_T1_vs_T3,longitudinal,8,790_to_LThigh_rz,790_to_LThigh,rz,0.04502545237095251,0.017266477318558075,-0.027758975052394438,0.03685689456877316,0.019692400703268824
790_T1_vs_T3,longitudinal,8,790_to_RThigh_rx,790_to_RThigh,rx,0.040689061100751975,0.13320800886722373,0.09251894776647175,0.03685689456877316,0.019692400703268824
790_T1_vs_T3,longitudinal,8,790_to_RThigh_ry,790_to_RThigh,ry,0.03109900415596232,0.06803361009774138,0.03693460594177906,0.03685689456877316,0.019692400703268824
790_T1_vs_T3,longitudinal,8,790_to_RThigh_rz,790_to_RThigh,rz,0.0896484738939717,0.05320231903272806,-0.03644615486124363,0.03685689456877316,0.019692400703268824
790_T1_vs_T3,longitudinal,8,Ab_to_Spine2_rx,Ab_to_Spine2,rx,0.005232841903617502,0.0257842993995122,0.0205514574958947,0.03685689456877316,0.019692400703268824
790_T1_vs_T3,longitudinal,8,Ab_to_Spine2_ry,Ab_to_Spine2,ry,0.002105799580290225,0.0337723061371915,0.03166650655690128,0.03685689456877316,0.019692400703268824
790_T1_vs_T3,longitudinal,8,Ab_to_Spine2_rz,Ab_to_Spine2,rz,0.009518884882906363,0.013957181307682328,0.004438296424775966,0.03685689456877316,0.019692400703268824
790_T1_vs_T3,longitudinal,8,Chest_to_LShoulder_rx,Chest_to_LShoulder,rx,0.04753034349753933,0.01470388747909291,-0.03282645601844642,0.03685689456877316,0.019692400703268824
790_T1_vs_T3,longitudinal,8,Chest_to_LShoulder_ry,Chest_to_LShoulder,ry,0.0017922123914145829,0.02100040077588909,0.01920818838447451,0.03685689456877316,0.019692400703268824
790_T1_vs_T3,longitudinal,8,Chest_to_LShoulder_rz,Chest_to_LShoulder,rz,0.05088864731274403,0.04280389147995492,-0.008084755832789108,0.03685689456877316,0.019692400703268824
790_T1_vs_T3,longitudinal,8,Chest_to_Neck_rx,Chest_to_Neck,rx,0.0017613837905338153,0.022134833799165997,0.020373450008632183,0.03685689456877316,0.019692400703268824
790_T1_vs_T3,longitudinal,8,Chest_to_Neck_ry,Chest_to_Neck,ry,0.043791827727356875,0.09073887583689785,0.04694704810954098,0.03685689456877316,0.019692400703268824
790_T1_vs_T3,longitudinal,8,Chest_to_Neck_rz,Chest_to_Neck,rz,0.02911838932657026,0.027546577834026177,-0.0015718114925440813,0.03685689456877316,0.019692400703268824
790_T1_vs_T3,longitudinal,8,Chest_to_RShoulder_rx,Chest_to_RShoulder,rx,0.019162227152388966,0.05990478497843637,0.0407425578260474,0.03685689456877316,0.019692400703268824
790_T1_vs_T3,longitudinal,8,Chest_to_RShoulder_ry,Chest_to_RShoulder,ry,0.04721923808961971,0.013672228487724609,-0.033547009601895106,0.03685689456877316,0.019692400703268824
790_T1_vs_T3,longitudinal,8,Chest_to_RShoulder_rz,Chest_to_RShoulder,rz,0.03306677610932283,0.08220607092582233,0.0491392948164995,0.03685689456877316,0.019692400703268824
790_T1_vs_T3,longitudinal,8,LFArm_to_LHand_rx,LFArm_to_LHand,rx,0.01883557785402057,0.03218356795715838,0.013347990103137808,0.03685689456877316,0.019692400703268824
790_T1_vs_T3,longitudinal,8,LFArm_to_LHand_ry,LFArm_to_LHand,ry,0.03663226912573462,0.06578694230522901,0.02915467317949439,0.03685689456877316,0.019692400703268824
790_T1_vs_T3,longitudinal,8,LFArm_to_LHand_rz,LFArm_to_LHand,rz,0.06417597371786943,0.20331018426663075,0.13913421054876132,0.03685689456877316,0.019692400703268824
790_T1_vs_T3,longitudinal,8,LShin_to_LFoot_rx,LShin_to_LFoot,rx,0.03834240256531682,0.054929962468889294,0.016587559903572476,0.03685689456877316,0.019692400703268824
790_T1_vs_T3,longitudinal,8,LShin_to_LFoot_ry,LShin_to_LFoot,ry,0.0371828348798185,0.10865205971771155,0.07146922483789306,0.03685689456877316,0.019692400703268824
790_T1_vs_T3,longitudinal,8,LShin_to_LFoot_rz,LShin_to_LFoot,rz,0.06190469618508019,0.027362500323726127,-0.03454219586135406,0.03685689456877316,0.019692400703268824
790_T1_vs_T3,longitudinal,8,LShoulder_to_LUArm_rx,LShoulder_to_LUArm,rx,0.2805225834728433,0.13362791899299262,-0.1468946644798507,0.03685689456877316,0.019692400703268824
790_T1_vs_T3,longitudinal,8,LShoulder_to_LUArm_ry,LShoulder_to_LUArm,ry,0.06961264303248729,0.053907200298235675,-0.015705442734251618,0.03685689456877316,0.019692400703268824
790_T1_vs_T3,longitudinal,8,LShoulder_to_LUArm_rz,LShoulder_to_LUArm,rz,0.2797076270729205,0.05317366430019,-0.22653396277273052,0.03685689456877316,0.019692400703268824
790_T1_vs_T3,longitudinal,8,LThigh_to_LShin_rx,LThigh_to_LShin,rx,0.45598354747037795,0.21021391139005122,-0.24576963608032673,0.03685689456877316,0.019692400703268824
790_T1_vs_T3,longitudinal,8,LThigh_to_LShin_ry,LThigh_to_LShin,ry,8.771774771040772e-09,4.866566127217463e-09,-3.90520864382331e-09,0.03685689456877316,0.019692400703268824
790_T1_vs_T3,longitudinal,8,LThigh_to_LShin_rz,LThigh_to_LShin,rz,1.3187621612786661e-10,8.064588612403882e-09,7.932712396276015e-09,0.03685689456877316,0.019692400703268824
790_T1_vs_T3,longitudinal,8,LUArm_to_LFArm_rx,LUArm_to_LFArm,rx,0.13091273199943193,0.14511778284617774,0.01420505084674581,0.03685689456877316,0.019692400703268824
790_T1_vs_T3,longitudinal,8,LUArm_to_LFArm_ry,LUArm_to_LFArm,ry,0.11700275733143613,0.4101121401110732,0.2931093827796371,0.03685689456877316,0.019692400703268824
790_T1_vs_T3,longitudinal,8,LUArm_to_LFArm_rz,LUArm_to_LFArm,rz,0.010411683422557945,0.07962627184946444,0.0692145884269065,0.03685689456877316,0.019692400703268824
790_T1_vs_T3,longitudinal,8,Neck2_to_Head_rx,Neck2_to_Head,rx,0.001729023833181447,0.02243681198709232,0.02070778815391087,0.03685689456877316,0.019692400703268824
790_T1_vs_T3,longitudinal,8,Neck2_to_Head_ry,Neck2_to_Head,ry,0.03735730491615547,0.0836257981836284,0.046268493267472934,0.03685689456877316,0.019692400703268824
790_T1_vs_T3,longitudinal,8,Neck2_to_Head_rz,Neck2_to_Head,rz,0.036800778403231774,0.044151342974065484,0.0073505645708337106,0.03685689456877316,0.019692400703268824
790_T1_vs_T3,longitudinal,8,Neck_to_Neck2_rx,Neck_to_Neck2,rx,0.0017381231307955656,0.022353848830226095,0.02061572569943053,0.03685689456877316,0.019692400703268824
790_T1_vs_T3,longitudinal,8,Neck_to_Neck2_ry,Neck_to_Neck2,ry,0.03921986343186801,0.08578807924721009,0.04656821581534208,0.03685689456877316,0.019692400703268824
790_T1_vs_T3,longitudinal,8,Neck_to_Neck2_rz,Neck_to_Neck2,rz,0.03477561981953464,0.03968761607325738,0.004911996253722739,0.03685689456877316,0.019692400703268824
790_T1_vs_T3,longitudinal,8,RFArm_to_RHand_rx,RFArm_to_RHand,rx,0.016759161423709146,0.004955423645937581,-0.011803737777771564,0.03685689456877316,0.019692400703268824
790_T1_vs_T3,longitudinal,8,RFArm_to_RHand_ry,RFArm_to_RHand,ry,0.0029770989647836463,0.022126550552451656,0.01914945158766801,0.03685689456877316,0.019692400703268824
790_T1_vs_T3,longitudinal,8,RFArm_to_RHand_rz,RFArm_to_RHand,rz,0.2350027054301511,0.3231789200193,0.0881762145891489,0.03685689456877316,0.019692400703268824
790_T1_vs_T3,longitudinal,8,RShin_to_RFoot_rx,RShin_to_RFoot,rx,0.036649228321166724,0.031079302688220425,-0.005569925632946299,0.03685689456877316,0.019692400703268824
790_T1_vs_T3,longitudinal,8,RShin_to_RFoot_ry,RShin_to_RFoot,ry,0.02777544331677654,0.04369230742934762,0.01591686411257108,0.03685689456877316,0.019692400703268824
790_T1_vs_T3,longitudinal,8,RShin_to_RFoot_rz,RShin_to_RFoot,rz,0.03767812570360302,0.011254827270535119,-0.026423298433067906,0.03685689456877316,0.019692400703268824
790_T1_vs_T3,longitudinal,8,RShoulder_to_RUArm_rx,RShoulder_to_RUArm,rx,0.03547371234224121,0.2852354191557828,0.2497617068135416,0.03685689456877316,0.019692400703268824
790_T1_vs_T3,longitudinal,8,RShoulder_to_RUArm_ry,RShoulder_to_RUArm,ry,0.06942759874055131,0.12308880763627737,0.053661208895726065,0.03685689456877316,0.019692400703268824
790_T1_vs_T3,longitudinal,8,RShoulder_to_RUArm_rz,RShoulder_to_RUArm,rz,0.16392840843381706,0.24889265965243593,0.08496425121861886,0.03685689456877316,0.019692400703268824
790_T1_vs_T3,longitudinal,8,RThigh_to_RShin_rx,RThigh_to_RShin,rx,0.13736428554342317,0.10159949710503507,-0.035764788438388095,0.03685689456877316,0.019692400703268824
790_T1_vs_T3,longitudinal,8,RThigh_to_RShin_ry,RThigh_to_RShin,ry,1.1578973740649934e-08,3.3693616101094104e-08,2.2114642360444172e-08,0.03685689456877316,0.019692400703268824
790_T1_vs_T3,longitudinal,8,RThigh_to_RShin_rz,RThigh_to_RShin,rz,1.846013667166689e-08,4.602640988988513e-09,-1.3857495682678379e-08,0.03685689456877316,0.019692400703268824
790_T1_vs_T3,longitudinal,8,RUArm_to_RFArm_rx,RUArm_to_RFArm,rx,0.13230597846405676,0.1784878245826874,0.04618184611863063,0.03685689456877316,0.019692400703268824
790_T1_vs_T3,longitudinal,8,RUArm_to_RFArm_ry,RUArm_to_RFArm,ry,0.5379928047417122,0.47114889355999506,-0.06684391118171712,0.03685689456877316,0.019692400703268824
790_T1_vs_T3,longitudinal,8,RUArm_to_RFArm_rz,RUArm_to_RFArm,rz,0.29255271623605333,0.23607631590426753,-0.0564764003317858,0.03685689456877316,0.019692400703268824
790_T1_vs_T3,longitudinal,8,Spine2_to_Spine3_rx,Spine2_to_Spine3,rx,0.005221863419356574,0.02578540714505864,0.020563543725702065,0.03685689456877316,0.019692400703268824
790_T1_vs_T3,longitudinal,8,Spine2_to_Spine3_ry,Spine2_to_Spine3,ry,0.0029907198982297946,0.032285407298146766,0.02929468739991697,0.03685689456877316,0.019692400703268824
790_T1_vs_T3,longitudinal,8,Spine2_to_Spine3_rz,Spine2_to_Spine3,rz,0.009312562877444381,0.017124084146181783,0.007811521268737402,0.03685689456877316,0.019692400703268824
790_T1_vs_T3,longitudinal,8,Spine3_to_Spine4_rx,Spine3_to_Spine4,rx,0.005226795695563027,0.02578491891338995,0.020558123217826924,0.03685689456877316,0.019692400703268824
790_T1_vs_T3,longitudinal,8,Spine3_to_Spine4_ry,Spine3_to_Spine4,ry,0.0025978897972841353,0.03297207408094286,0.030374184283658727,0.03685689456877316,0.019692400703268824
790_T1_vs_T3,longitudinal,8,Spine3_to_Spine4_rz,Spine3_to_Spine4,rz,0.009411087770525678,0.01572628417206204,0.00631519640153636,0.03685689456877316,0.019692400703268824
790_T1_vs_T3,longitudinal,8,Spine4_to_Chest_rx,Spine4_to_Chest,rx,0.005229651798342866,0.025784638750393243,0.020554986952050377,0.03685689456877316,0.019692400703268824
790_T1_vs_T3,longitudinal,8,Spine4_to_Chest_ry,Spine4_to_Chest,ry,0.0023646670169502034,0.03335960216242692,0.03099493514547672,0.03685689456877316,0.019692400703268824
790_T1_vs_T3,longitudinal,8,Spine4_to_Chest_rz,Spine4_to_Chest,rz,0.009464332246967296,0.014890215669034985,0.005425883422067689,0.03685689456877316,0.019692400703268824
790_T1_R1_vs_R2,natural_variability,1,790_to_Ab_rx,790_to_Ab,rx,0.03473338690271837,0.014121744453974955,-0.020611642448743417,0.19835219635895127,0.2575691143413903
790_T1_R1_vs_R2,natural_variability,1,790_to_Ab_ry,790_to_Ab,ry,0.015298023503893199,0.004623194584377597,-0.010674828919515602,0.19835219635895127,0.2575691143413903
790_T1_R1_vs_R2,natural_variability,1,790_to_Ab_rz,790_to_Ab,rz,0.002508526116942411,0.0019262299236897202,-0.0005822961932526909,0.19835219635895127,0.2575691143413903
790_T1_R1_vs_R2,natural_variability,1,790_to_LThigh_rx,790_to_LThigh,rx,0.06425462942008664,0.057741337187017766,-0.006513292233068874,0.19835219635895127,0.2575691143413903
790_T1_R1_vs_R2,natural_variability,1,790_to_LThigh_ry,790_to_LThigh,ry,0.05950828162199451,0.005186956503920276,-0.054321325118074235,0.19835219635895127,0.2575691143413903
790_T1_R1_vs_R2,natural_variability,1,790_to_LThigh_rz,790_to_LThigh,rz,0.011928153400346933,0.009145945280693516,-0.002782208119653417,0.19835219635895127,0.2575691143413903
790_T1_R1_vs_R2,natural_variability,1,790_to_RThigh_rx,790_to_RThigh,rx,0.11527205766464863,0.026174790710617027,-0.0890972669540316,0.19835219635895127,0.2575691143413903
790_T1_R1_vs_R2,natural_variability,1,790_to_RThigh_ry,790_to_RThigh,ry,0.02279025300546144,0.02500137810468263,0.002211125099221188,0.19835219635895127,0.2575691143413903
790_T1_R1_vs_R2,natural_variability,1,790_to_RThigh_rz,790_to_RThigh,rz,0.02519909350119045,0.008742495108625991,-0.016456598392564456,0.19835219635895127,0.2575691143413903
790_T1_R1_vs_R2,natural_variability,1,Ab_to_Spine2_rx,Ab_to_Spine2,rx,0.03491442716404796,0.014144534990581029,-0.020769892173466933,0.19835219635895127,0.2575691143413903
790_T1_R1_vs_R2,natural_variability,1,Ab_to_Spine2_ry,Ab_to_Spine2,ry,0.015300159830662957,0.005155675043213296,-0.010144484787449662,0.19835219635895127,0.2575691143413903
790_T1_R1_vs_R2,natural_variability,1,Ab_to_Spine2_rz,Ab_to_Spine2,rz,0.018869892268052944,0.005019240502784438,-0.013850651765268507,0.19835219635895127,0.2575691143413903
790_T1_R1_vs_R2,natural_variability,1,Chest_to_LShoulder_rx,Chest_to_LShoulder,rx,0.019255883511459633,0.016628361967693565,-0.0026275215437660676,0.19835219635895127,0.2575691143413903
790_T1_R1_vs_R2,natural_variability,1,Chest_to_LShoulder_ry,Chest_to_LShoulder,ry,0.024096524536910906,0.006473902007087958,-0.017622622529822947,0.19835219635895127,0.2575691143413903
790_T1_R1_vs_R2,natural_variability,1,Chest_to_LShoulder_rz,Chest_to_LShoulder,rz,0.06382491817683984,0.04949731915614557,-0.014327599020694276,0.19835219635895127,0.2575691143413903
790_T1_R1_vs_R2,natural_variability,1,Chest_to_Neck_rx,Chest_to_Neck,rx,0.014092729088503606,0.015515244624961939,0.0014225155364583335,0.19835219635895127,0.2575691143413903
790_T1_R1_vs_R2,natural_variability,1,Chest_to_Neck_ry,Chest_to_Neck,ry,0.02940719751819761,0.017470661053464846,-0.011936536464732764,0.19835219635895127,0.2575691143413903
790_T1_R1_vs_R2,natural_variability,1,Chest_to_Neck_rz,Chest_to_Neck,rz,0.010483957408750862,0.0001562653221955262,-0.010327692086555335,0.19835219635895127,0.2575691143413903
790_T1_R1_vs_R2,natural_variability,1,Chest_to_RShoulder_rx,Chest_to_RShoulder,rx,0.059302595095898254,0.04150622574403315,-0.017796369351865106,0.19835219635895127,0.2575691143413903
790_T1_R1_vs_R2,natural_variability,1,Chest_to_RShoulder_ry,Chest_to_RShoulder,ry,0.008231026177737338,0.030525372623684127,0.02229434644594679,0.19835219635895127,0.2575691143413903
790_T1_R1_vs_R2,natural_variability,1,Chest_to_RShoulder_rz,Chest_to_RShoulder,rz,0.03808573503644441,0.016770630567415408,-0.021315104469029005,0.19835219635895127,0.2575691143413903
790_T1_R1_vs_R2,natural_variability,1,LFArm_to_LHand_rx,LFArm_to_LHand,rx,0.00826159993823267,0.0053583708467735995,-0.0029032290914590706,0.19835219635895127,0.2575691143413903
790_T1_R1_vs_R2,natural_variability,1,LFArm_to_LHand_ry,LFArm_to_LHand,ry,0.06475188939651222,0.05909591479503587,-0.005655974601476349,0.19835219635895127,0.2575691143413903
790_T1_R1_vs_R2,natural_variability,1,LFArm_to_LHand_rz,LFArm_to_LHand,rz,0.3037561833233544,0.41650839642108184,0.11275221309772743,0.19835219635895127,0.2575691143413903
790_T1_R1_vs_R2,natural_variability,1,LShin_to_LFoot_rx,LShin_to_LFoot,rx,0.014902874568120979,0.019495457688128444,0.004592583120007465,0.19835219635895127,0.2575691143413903
790_T1_R1_vs_R2,natural_variability,1,LShin_to_LFoot_ry,LShin_to_LFoot,ry,0.026866325025121065,0.017794529496316505,-0.00907179552880456,0.19835219635895127,0.2575691143413903
790_T1_R1_vs_R2,natural_variability,1,LShin_to_LFoot_rz,LShin_to_LFoot,rz,0.011908209153960524,0.012658396539902592,0.0007501873859420676,0.19835219635895127,0.2575691143413903
790_T1_R1_vs_R2,natural_variability,1,LShoulder_to_LUArm_rx,LShoulder_to_LUArm,rx,0.27899808177928787,0.002479097926292692,-0.27651898385299517,0.19835219635895127,0.2575691143413903
790_T1_R1_vs_R2,natural_variability,1,LShoulder_to_LUArm_ry,LShoulder_to_LUArm,ry,0.34502569212585665,0.04025893434545628,-0.30476675778040035,0.19835219635895127,0.2575691143413903
790_T1_R1_vs_R2,natural_variability,1,LShoulder_to_LUArm_rz,LShoulder_to_LUArm,rz,0.17113849109661902,0.11766818624632029,-0.05347030485029873,0.19835219635895127,0.2575691143413903
790_T1_R1_vs_R2,natural_variability,1,LThigh_to_LShin_rx,LThigh_to_LShin,rx,0.05865214416073233,0.056170113420634334,-0.002482030740097993,0.19835219635895127,0.2575691143413903
790_T1_R1_vs_R2,natural_variability,1,LThigh_to_LShin_ry,LThigh_to_LShin,ry,3.1997595815800625e-09,2.979404928555695e-09,-2.2035465302436733e-10,0.19835219635895127,0.2575691143413903
790_T1_R1_vs_R2,natural_variability,1,LThigh_to_LShin_rz,LThigh_to_LShin,rz,8.992859867559308e-10,1.637960344327666e-08,1.548031745652073e-08,0.19835219635895127,0.2575691143413903
790_T1_R1_vs_R2,natural_variability,1,LUArm_to_LFArm_rx,LUArm_to_LFArm,rx,0.37241385782190073,0.38226013750763366,0.009846279685732928,0.19835219635895127,0.2575691143413903
790_T1_R1_vs_R2,natural_variability,1,LUArm_to_LFArm_ry,LUArm_to_LFArm,ry,0.12344992476766346,0.40097865008689865,0.27752872531923517,0.19835219635895127,0.2575691143413903
790_T1_R1_vs_R2,natural_variability,1,LUArm_to_LFArm_rz,LUArm_to_LFArm,rz,0.10045051323545501,0.28497814756476925,0.18452763432931424,0.19835219635895127,0.2575691143413903
790_T1_R1_vs_R2,natural_variability,1,Neck2_to_Head_rx,Neck2_to_Head,rx,0.014103062796955999,0.015670491339735353,0.0015674285427793536,0.19835219635895127,0.2575691143413903
790_T1_R1_vs_R2,natural_variability,1,Neck2_to_Head_ry,Neck2_to_Head,ry,0.0308011283643369,0.017166468016349783,-0.013634660347987118,0.19835219635895127,0.2575691143413903
790_T1_R1_vs_R2,natural_variability,1,Neck2_to_Head_rz,Neck2_to_Head,rz,0.004744684445154046,0.003152322540892124,-0.0015923619042619223,0.19835219635895127,0.2575691143413903
790_T1_R1_vs_R2,natural_variability,1,Neck_to_Neck2_rx,Neck_to_Neck2,rx,0.014100192479581731,0.015627924646654943,0.0015277321670732116,0.19835219635895127,0.2575691143413903
790_T1_R1_vs_R2,natural_variability,1,Neck_to_Neck2_ry,Neck_to_Neck2,ry,0.0304906086167509,0.01729195348783557,-0.01319865512891533,0.19835219635895127,0.2575691143413903
790_T1_R1_vs_R2,natural_variability,1,Neck_to_Neck2_rz,Neck_to_Neck2,rz,0.006336955701001949,0.0022480019628930877,-0.0040889537381088616,0.19835219635895127,0.2575691143413903
790_T1_R1_vs_R2,natural_variability,1,RFArm_to_RHand_rx,RFArm_to_RHand,rx,0.005068837619129463,0.01262130005482617,0.007552462435696707,0.19835219635895127,0.2575691143413903
790_T1_R1_vs_R2,natural_variability,1,RFArm_to_RHand_ry,RFArm_to_RHand,ry,0.003559128446231218,0.021793678573761823,0.018234550127530606,0.19835219635895127,0.2575691143413903
790_T1_R1_vs_R2,natural_variability,1,RFArm_to_RHand_rz,RFArm_to_RHand,rz,0.2575741290978173,0.40151726021716033,0.14394313111934304,0.19835219635895127,0.2575691143413903
790_T1_R1_vs_R2,natural_variability,1,RShin_to_RFoot_rx,RShin_to_RFoot,rx,0.004215332636457699,0.0029596042012851836,-0.001255728435172515,0.19835219635895127,0.2575691143413903
790_T1_R1_vs_R2,natural_variability,1,RShin_to_RFoot_ry,RShin_to_RFoot,ry,0.03827330477808881,0.014811809862885402,-0.023461494915203406,0.19835219635895127,0.2575691143413903
790_T1_R1_vs_R2,natural_variability,1,RShin_to_RFoot_rz,RShin_to_RFoot,rz,0.01344906777158555,0.009648506100482708,-0.003800561671102841,0.19835219635895127,0.2575691143413903
790_T1_R1_vs_R2,natural_variability,1,RShoulder_to_RUArm_rx,RShoulder_to_RUArm,rx,0.3541179480037342,0.26031139324974484,-0.09380655475398936,0.19835219635895127,0.2575691143413903
790_T1_R1_vs_R2,natural_variability,1,RShoulder_to_RUArm_ry,RShoulder_to_RUArm,ry,0.2045162043233774,0.0327860522173877,-0.1717301521059897,0.19835219635895127,0.2575691143413903
790_T1_R1_vs_R2,natural_variability,1,RShoulder_to_RUArm_rz,RShoulder_to_RUArm,rz,0.012994149482066748,0.05293104992427153,0.039936900442204784,0.19835219635895127,0.2575691143413903
790_T1_R1_vs_R2,natural_variability,1,RThigh_to_RShin_rx,RThigh_to_RShin,rx,0.1323709817064849,0.040909981062202526,-0.09146100064428236,0.19835219635895127,0.2575691143413903
790_T1_R1_vs_R2,natural_variability,1,RThigh_to_RShin_ry,RThigh_to_RShin,ry,2.7067330636499884e-09,1.564009738935862e-08,1.2933364325708632e-08,0.19835219635895127,0.2575691143413903
790_T1_R1_vs_R2,natural_variability,1,RThigh_to_RShin_rz,RThigh_to_RShin,rz,2.104757744096608e-08,1.0011362266386021e-08,-1.1036215174580058e-08,0.19835219635895127,0.2575691143413903
790_T1_R1_vs_R2,natural_variability,1,RUArm_to_RFArm_rx,RUArm_to_RFArm,rx,0.4252413041440625,0.15424940537776857,-0.2709918987662939,0.19835219635895127,0.2575691143413903
790_T1_R1_vs_R2,natural_variability,1,RUArm_to_RFArm_ry,RUArm_to_RFArm,ry,0.12637150842974915,0.26885419780301134,0.1424826893732622,0.19835219635895127,0.2575691143413903
790_T1_R1_vs_R2,natural_variability,1,RUArm_to_RFArm_rz,RUArm_to_RFArm,rz,0.12031795947736408,0.26537648874514386,0.1450585292677798,0.19835219635895127,0.2575691143413903
790_T1_R1_vs_R2,natural_variability,1,Spine2_to_Spine3_rx,Spine2_to_Spine3,rx,0.034919375599986376,0.01414192565164024,-0.020777449948346134,0.19835219635895127,0.2575691143413903
790_T1_R1_vs_R2,natural_variability,1,Spine2_to_Spine3_ry,Spine2_to_Spine3,ry,0.013440136665504468,0.005601014238529471,-0.007839122426974997,0.19835219635895127,0.2575691143413903
790_T1_R1_vs_R2,natural_variability,1,Spine2_to_Spine3_rz,Spine2_to_Spine3,rz,0.020268955723624846,0.004523985222605671,-0.015744970501019175,0.19835219635895127,0.2575691143413903
790_T1_R1_vs_R2,natural_variability,1,Spine3_to_Spine4_rx,Spine3_to_Spine4,rx,0.034917171480117325,0.014143103269534503,-0.02077406821058282,0.19835219635895127,0.2575691143413903
790_T1_R1_vs_R2,natural_variability,1,Spine3_to_Spine4_ry,Spine3_to_Spine4,ry,0.01427928986712153,0.005406392599015304,-0.008872897268106226,0.19835219635895127,0.2575691143413903
790_T1_R1_vs_R2,natural_variability,1,Spine3_to_Spine4_rz,Spine3_to_Spine4,rz,0.019660674108158423,0.004747692240236546,-0.014912981867921875,0.19835219635895127,0.2575691143413903
790_T1_R1_vs_R2,natural_variability,1,Spine4_to_Chest_rx,Spine4_to_Chest,rx,0.034915879787936435,0.014143748317494058,-0.02077213147044238,0.19835219635895127,0.2575691143413903
790_T1_R1_vs_R2,natural_variability,1,Spine4_to_Chest_ry,Spine4_to_Chest,ry,0.014767365011818733,0.005288496525597339,-0.009478868486221394,0.19835219635895127,0.2575691143413903
790_T1_R1_vs_R2,natural_variability,1,Spine4_to_Chest_rz,Spine4_to_Chest,rz,0.019289816263616387,0.004877635673986327,-0.01441218058963006,0.19835219635895127,0.2575691143413903
790_T1_R1_vs_R2,natural_variability,2,790_to_Ab_rx,790_to_Ab,rx,0.05006866145281454,0.015953825986635924,-0.03411483546617862,0.14962609733080712,0.20859316919706958
790_T1_R1_vs_R2,natural_variability,2,790_to_Ab_ry,790_to_Ab,ry,0.008055398224841137,0.021246743650945185,0.013191345426104048,0.14962609733080712,0.20859316919706958
790_T1_R1_vs_R2,natural_variability,2,790_to_Ab_rz,790_to_Ab,rz,0.0004680798776737216,0.0021937192759789365,0.001725639398305215,0.14962609733080712,0.20859316919706958
790_T1_R1_vs_R2,natural_variability,2,790_to_LThigh_rx,790_to_LThigh,rx,0.22583414001353155,0.0042362924281325815,-0.22159784758539897,0.14962609733080712,0.20859316919706958
790_T1_R1_vs_R2,natural_variability,2,790_to_LThigh_ry,790_to_LThigh,ry,0.01984133946608002,0.058291288399477094,0.03844994893339707,0.14962609733080712,0.20859316919706958
790_T1_R1_vs_R2,natural_variability,2,790_to_LThigh_rz,790_to_LThigh,rz,0.04852162794325962,0.009592905058363386,-0.03892872288489624,0.14962609733080712,0.20859316919706958
790_T1_R1_vs_R2,natural_variability,2,790_to_RThigh_rx,790_to_RThigh,rx,0.18770336117484393,0.06866508219847842,-0.11903827897636551,0.14962609733080712,0.20859316919706958
790_T1_R1_vs_R2,natural_variability,2,790_to_RThigh_ry,790_to_RThigh,ry,0.0037042348588074104,0.03701226886336577,0.03330803400455836,0.14962609733080712,0.20859316919706958
790_T1_R1_vs_R2,natural_variability,2,790_to_RThigh_rz,790_to_RThigh,rz,0.03679741606351872,0.016443096962555654,-0.020354319100963063,0.14962609733080712,0.20859316919706958
790_T1_R1_vs_R2,natural_variability,2,Ab_to_Spine2_rx,Ab_to_Spine2,rx,0.050266495966910685,0.016181516620585267,-0.034084979346325414,0.14962609733080712,0.20859316919706958
790_T1_R1_vs_R2,natural_variability,2,Ab_to_Spine2_ry,Ab_to_Spine2,ry,0.007907146634085578,0.0213366414882412,0.013429494854155623,0.14962609733080712,0.20859316919706958
790_T1_R1_vs_R2,natural_variability,2,Ab_to_Spine2_rz,Ab_to_Spine2,rz,0.005683943782287483,0.020621026466803884,0.014937082684516401,0.14962609733080712,0.20859316919706958
790_T1_R1_vs_R2,natural_variability,2,Chest_to_LShoulder_rx,Chest_to_LShoulder,rx,0.023568462421092503,0.03984885151868758,0.016280389097595074,0.14962609733080712,0.20859316919706958
790_T1_R1_vs_R2,natural_variability,2,Chest_to_LShoulder_ry,Chest_to_LShoulder,ry,0.03981624071771443,0.018082014962372453,-0.02173422575534198,0.14962609733080712,0.20859316919706958
790_T1_R1_vs_R2,natural_variability,2,Chest_to_LShoulder_rz,Chest_to_LShoulder,rz,0.028839033267447755,0.05169511444244876,0.022856081175001004,0.14962609733080712,0.20859316919706958
790_T1_R1_vs_R2,natural_variability,2,Chest_to_Neck_rx,Chest_to_Neck,rx,0.04381724561018702,0.0013518551220591199,-0.0424653904881279,0.14962609733080712,0.20859316919706958
790_T1_R1_vs_R2,natural_variability,2,Chest_to_Neck_ry,Chest_to_Neck,ry,0.004050155338781942,0.04281218143831226,0.03876202609953032,0.14962609733080712,0.20859316919706958
790_T1_R1_vs_R2,natural_variability,2,Chest_to_Neck_rz,Chest_to_Neck,rz,0.009553502102325175,0.005311447443882987,-0.004242054658442187,0.14962609733080712,0.20859316919706958
790_T1_R1_vs_R2,natural_variability,2,Chest_to_RShoulder_rx,Chest_to_RShoulder,rx,0.01910911737365197,0.018809394235193032,-0.00029972313845893703,0.14962609733080712,0.20859316919706958
790_T1_R1_vs_R2,natural_variability,2,Chest_to_RShoulder_ry,Chest_to_RShoulder,ry,0.044383180332855904,0.01810244039747152,-0.026280739935384385,0.14962609733080712,0.20859316919706958
790_T1_R1_vs_R2,natural_variability,2,Chest_to_RShoulder_rz,Chest_to_RShoulder,rz,0.04255165289450677,0.033712367897063784,-0.008839284997442985,0.14962609733080712,0.20859316919706958
790_T1_R1_vs_R2,natural_variability,2,LFArm_to_LHand_rx,LFArm_to_LHand,rx,0.01916719015115555,0.0019767644912858065,-0.017190425659869744,0.14962609733080712,0.20859316919706958
790_T1_R1_vs_R2,natural_variability,2,LFArm_to_LHand_ry,LFArm_to_LHand,ry,0.025550724826272624,0.09071593114409442,0.0651652063178218,0.14962609733080712,0.20859316919706958
790_T1_R1_vs_R2,natural_variability,2,LFArm_to_LHand_rz,LFArm_to_LHand,rz,0.2178864439212843,0.3969110991858329,0.17902465526454858,0.14962609733080712,0.20859316919706958
790_T1_R1_vs_R2,natural_variability,2,LShin_to_LFoot_rx,LShin_to_LFoot,rx,0.01563926855472815,0.004300352359592786,-0.011338916195135364,0.14962609733080712,0.20859316919706958
790_T1_R1_vs_R2,natural_variability,2,LShin_to_LFoot_ry,LShin_to_LFoot,ry,0.007341968241624312,0.031363438067461,0.02402146982583669,0.14962609733080712,0.20859316919706958
790_T1_R1_vs_R2,natural_variability,2,LShin_to_LFoot_rz,LShin_to_LFoot,rz,0.03615341198720127,0.0026035519876652594,-0.03354985999953601,0.14962609733080712,0.20859316919706958
790_T1_R1_vs_R2,natural_variability,2,LShoulder_to_LUArm_rx,LShoulder_to_LUArm,rx,0.19310985779082124,0.43846679249516485,0.2453569347043436,0.14962609733080712,0.20859316919706958
790_T1_R1_vs_R2,natural_variability,2,LShoulder_to_LUArm_ry,LShoulder_to_LUArm,ry,0.1708954103012662,0.27913756058763045,0.10824215028636425,0.14962609733080712,0.20859316919706958
790_T1_R1_vs_R2,natural_variability,2,LShoulder_to_LUArm_rz,LShoulder_to_LUArm,rz,0.060334156568190744,0.14461365562418574,0.084279499055995,0.14962609733080712,0.20859316919706958
790_T1_R1_vs_R2,natural_variability,2,LThigh_to_LShin_rx,LThigh_to_LShin,rx,0.2245571779287184,0.002565354091961551,-0.22199182383675686,0.14962609733080712,0.20859316919706958
790_T1_R1_vs_R2,natural_variability,2,LThigh_to_LShin_ry,LThigh_to_LShin,ry,6.089593454749873e-10,1.753203150292469e-09,1.1442438048174818e-09,0.14962609733080712,0.20859316919706958
790_T1_R1_vs_R2,natural_variability,2,LThigh_to_LShin_rz,LThigh_to_LShin,rz,1.1913917931940618e-08,1.2228191686267125e-08,3.142737543265061e-10,0.14962609733080712,0.20859316919706958
790_T1_R1_vs_R2,natural_variability,2,LUArm_to_LFArm_rx,LUArm_to_LFArm,rx,0.07211828540566925,0.46816945021017403,0.39605116480450475,0.14962609733080712,0.20859316919706958
790_T1_R1_vs_R2,natural_variability,2,LUArm_to_LFArm_ry,LUArm_to_LFArm,ry,0.5068652612278391,0.03434041227505185,-0.4725248489527873,0.14962609733080712,0.20859316919706958
790_T1_R1_vs_R2,natural_variability,2,LUArm_to_LFArm_rz,LUArm_to_LFArm,rz,0.10709088660272637,0.1417926145567934,0.034701727954067035,0.14962609733080712,0.20859316919706958
790_T1_R1_vs_R2,natural_variability,2,Neck2_to_Head_rx,Neck2_to_Head,rx,0.04362794166498914,0.001479880060240364,-0.04214806160474877,0.14962609733080712,0.20859316919706958
790_T1_R1_vs_R2,natural_variability,2,Neck2_to_Head_ry,Neck2_to_Head,ry,0.005687840018211065,0.0429057957302541,0.03721795571204303,0.14962609733080712,0.20859316919706958
790_T1_R1_vs_R2,natural_variability,2,Neck2_to_Head_rz,Neck2_to_Head,rz,0.008713889459297094,0.0028263771897545304,-0.005887512269542564,0.14962609733080712,0.20859316919706958
790_T1_R1_vs_R2,natural_variability,2,Neck_to_Neck2_rx,Neck_to_Neck2,rx,0.04368011361007395,0.0014448674960236849,-0.042235246114050266,0.14962609733080712,0.20859316919706958
790_T1_R1_vs_R2,natural_variability,2,Neck_to_Neck2_ry,Neck_to_Neck2,ry,0.00524634511813313,0.04298183003494832,0.03773548491681519,0.14962609733080712,0.20859316919706958
790_T1_R1_vs_R2,natural_variability,2,Neck_to_Neck2_rz,Neck_to_Neck2,rz,0.00896252287622642,0.0005939334204160059,-0.008368589455810415,0.14962609733080712,0.20859316919706958
790_T1_R1_vs_R2,natural_variability,2,RFArm_to_RHand_rx,RFArm_to_RHand,rx,0.01162467683433189,0.0049661542181104025,-0.006658522616221488,0.14962609733080712,0.20859316919706958
790_T1_R1_vs_R2,natural_variability,2,RFArm_to_RHand_ry,RFArm_to_RHand,ry,0.025412234408217493,0.021867256220047118,-0.003544978188170376,0.14962609733080712,0.20859316919706958
790_T1_R1_vs_R2,natural_variability,2,RFArm_to_RHand_rz,RFArm_to_RHand,rz,0.15428985963951367,0.21276550188663723,0.058475642247123566,0.14962609733080712,0.20859316919706958
790_T1_R1_vs_R2,natural_variability,2,RShin_to_RFoot_rx,RShin_to_RFoot,rx,0.003020106640529574,0.007409884639012192,0.004389777998482619,0.14962609733080712,0.20859316919706958
790_T1_R1_vs_R2,natural_variability,2,RShin_to_RFoot_ry,RShin_to_RFoot,ry,0.01894869322234061,0.051737942228183675,0.03278924900584307,0.14962609733080712,0.20859316919706958
790_T1_R1_vs_R2,natural_variability,2,RShin_to_RFoot_rz,RShin_to_RFoot,rz,0.03341931865559113,0.002925796552900168,-0.030493522102690965,0.14962609733080712,0.20859316919706958
790_T1_R1_vs_R2,natural_variability,2,RShoulder_to_RUArm_rx,RShoulder_to_RUArm,rx,0.04379715897926669,0.19261520426520856,0.14881804528594186,0.14962609733080712,0.20859316919706958
790_T1_R1_vs_R2,natural_variability,2,RShoulder_to_RUArm_ry,RShoulder_to_RUArm,ry,0.22245114892551796,0.11764932700627938,-0.10480182191923858,0.14962609733080712,0.20859316919706958
790_T1_R1_vs_R2,natural_variability,2,RShoulder_to_RUArm_rz,RShoulder_to_RUArm,rz,0.056921932856726906,0.11384868904341808,0.05692675618669117,0.14962609733080712,0.20859316919706958
790_T1_R1_vs_R2,natural_variability,2,RThigh_to_RShin_rx,RThigh_to_RShin,rx,0.20203792568592088,0.06452214569546767,-0.13751577999045322,0.14962609733080712,0.20859316919706958
790_T1_R1_vs_R2,natural_variability,2,RThigh_to_RShin_ry,RThigh_to_RShin,ry,1.60709706015051e-08,7.733013324296309e-10,-1.529766926907547e-08,0.14962609733080712,0.20859316919706958
790_T1_R1_vs_R2,natural_variability,2,RThigh_to_RShin_rz,RThigh_to_RShin,rz,1.0997094378778479e-08,1.84938741986755e-08,7.496779819897022e-09,0.14962609733080712,0.20859316919706958
790_T1_R1_vs_R2,natural_variability,2,RUArm_to_RFArm_rx,RUArm_to_RFArm,rx,0.27514706983983456,0.3252229109320971,0.05007584109226254,0.14962609733080712,0.20859316919706958
790_T1_R1_vs_R2,natural_variability,2,RUArm_to_RFArm_ry,RUArm_to_RFArm,ry,0.49140536186034534,0.08845614622707369,-0.40294921563327163,0.14962609733080712,0.20859316919706958
790_T1_R1_vs_R2,natural_variability,2,RUArm_to_RFArm_rz,RUArm_to_RFArm,rz,0.02116285056838855,0.21065086647575706,0.18948801590736852,0.14962609733080712,0.20859316919706958
790_T1_R1_vs_R2,natural_variability,2,Spine2_to_Spine3_rx,Spine2_to_Spine3,rx,0.050305396501876896,0.0161888080893238,-0.03411658841255309,0.14962609733080712,0.20859316919706958
790_T1_R1_vs_R2,natural_variability,2,Spine2_to_Spine3_ry,Spine2_to_Spine3,ry,0.007337913308383736,0.019283535441774035,0.011945622133390298,0.14962609733080712,0.20859316919706958
790_T1_R1_vs_R2,natural_variability,2,Spine2_to_Spine3_rz,Spine2_to_Spine3,rz,0.006428446166127015,0.0225905548920104,0.016162108725883383,0.14962609733080712,0.20859316919706958
790_T1_R1_vs_R2,natural_variability,2,Spine3_to_Spine4_rx,Spine3_to_Spine4,rx,0.05028807823162658,0.016185558923790193,-0.034102519307836386,0.14962609733080712,0.20859316919706958
790_T1_R1_vs_R2,natural_variability,2,Spine3_to_Spine4_ry,Spine3_to_Spine4,ry,0.007597314789127865,0.020213135329655615,0.01261582054052775,0.14962609733080712,0.20859316919706958
790_T1_R1_vs_R2,natural_variability,2,Spine3_to_Spine4_rz,Spine3_to_Spine4,rz,0.006101402170801787,0.021729871980094868,0.01562846980929308,0.14962609733080712,0.20859316919706958
790_T1_R1_vs_R2,natural_variability,2,Spine4_to_Chest_rx,Spine4_to_Chest,rx,0.050277853212600164,0.016183644398771214,-0.03409420881382895,0.14962609733080712,0.20859316919706958
790_T1_R1_vs_R2,natural_variability,2,Spine4_to_Chest_ry,Spine4_to_Chest,ry,0.007746260237835802,0.020751315697105897,0.013005055459270096,0.14962609733080712,0.20859316919706958
790_T1_R1_vs_R2,natural_variability,2,Spine4_to_Chest_rz,Spine4_to_Chest,rz,0.00590461385805682,0.021208519417759603,0.015303905559702784,0.14962609733080712,0.20859316919706958
790_T1_R1_vs_R2,natural_variability,3,790_to_Ab_rx,790_to_Ab,rx,0.040448109459988495,0.06757456741539813,0.02712645795540964,0.109326177723549,0.1505853935806131
790_T1_R1_vs_R2,natural_variability,3,790_to_Ab_ry,790_to_Ab,ry,0.019177759207648304,0.03126569600541065,0.012087936797762343,0.109326177723549,0.1505853935806131
790_T1_R1_vs_R2,natural_variability,3,790_to_Ab_rz,790_to_Ab,rz,0.004173144151387698,0.0031068405578564156,-0.001066303593531282,0.109326177723549,0.1505853935806131
790_T1_R1_vs_R2,natural_variability,3,790_to_LThigh_rx,790_to_LThigh,rx,0.09637459614270305,0.36076855691061976,0.2643939607679167,0.109326177723549,0.1505853935806131
790_T1_R1_vs_R2,natural_variability,3,790_to_LThigh_ry,790_to_LThigh,ry,0.029757833860185767,0.003352886762656987,-0.02640494709752878,0.109326177723549,0.1505853935806131
790_T1_R1_vs_R2,natural_variability,3,790_to_LThigh_rz,790_to_LThigh,rz,0.04951999198266954,0.09348553067724567,0.04396553869457613,0.109326177723549,0.1505853935806131
790_T1_R1_vs_R2,natural_variability,3,790_to_RThigh_rx,790_to_RThigh,rx,0.12614293346200506,0.21597951443403018,0.08983658097202513,0.109326177723549,0.1505853935806131
790_T1_R1_vs_R2,natural_variability,3,790_to_RThigh_ry,790_to_RThigh,ry,0.021462763663614853,0.036016789846195815,0.014554026182580962,0.109326177723549,0.1505853935806131
790_T1_R1_vs_R2,natural_variability,3,790_to_RThigh_rz,790_to_RThigh,rz,0.05007494375859938,0.03976579204604546,-0.010309151712553921,0.109326177723549,0.1505853935806131
790_T1_R1_vs_R2,natural_variability,3,Ab_to_Spine2_rx,Ab_to_Spine2,rx,0.04029221989472969,0.06744820249580984,0.027155982601080146,0.109326177723549,0.1505853935806131
790_T1_R1_vs_R2,natural_variability,3,Ab_to_Spine2_ry,Ab_to_Spine2,ry,0.019455786674712348,0.031138656168133178,0.01168286949342083,0.109326177723549,0.1505853935806131
790_T1_R1_vs_R2,natural_variability,3,Ab_to_Spine2_rz,Ab_to_Spine2,rz,0.031611276808856954,0.031227984985582137,-0.00038329182327481726,0.109326177723549,0.1505853935806131
790_T1_R1_vs_R2,natural_variability,3,Chest_to_LShoulder_rx,Chest_to_LShoulder,rx,0.04637621448141112,0.03839702985340844,-0.007979184628002678,0.109326177723549,0.1505853935806131
790_T1_R1_vs_R2,natural_variability,3,Chest_to_LShoulder_ry,Chest_to_LShoulder,ry,0.05975896982907024,0.0028289471414670152,-0.05693002268760322,0.109326177723549,0.1505853935806131
790_T1_R1_vs_R2,natural_variability,3,Chest_to_LShoulder_rz,Chest_to_LShoulder,rz,0.1578395492699446,0.02231236878733475,-0.13552718048260984,0.109326177723549,0.1505853935806131
790_T1_R1_vs_R2,natural_variability,3,Chest_to_Neck_rx,Chest_to_Neck,rx,0.007920815105997401,0.04601544956956916,0.03809463446357176,0.109326177723549,0.1505853935806131
790_T1_R1_vs_R2,natural_variability,3,Chest_to_Neck_ry,Chest_to_Neck,ry,0.017773485727268067,0.023312808514785753,0.005539322787517686,0.109326177723549,0.1505853935806131
790_T1_R1_vs_R2,natural_variability,3,Chest_to_Neck_rz,Chest_to_Neck,rz,0.005680924210022534,0.02303290805085882,0.017351983840836284,0.109326177723549,0.1505853935806131
790_T1_R1_vs_R2,natural_variability,3,Chest_to_RShoulder_rx,Chest_to_RShoulder,rx,0.06814754656839357,0.002852276067290558,-0.06529527050110301,0.109326177723549,0.1505853935806131
790_T1_R1_vs_R2,natural_variability,3,Chest_to_RShoulder_ry,Chest_to_RShoulder,ry,0.07314963243761308,0.008044358683713284,-0.0651052737538998,0.109326177723549,0.1505853935806131
790_T1_R1_vs_R2,natural_variability,3,Chest_to_RShoulder_rz,Chest_to_RShoulder,rz,0.11335892926037375,0.09336025883302539,-0.01999867042734836,0.109326177723549,0.1505853935806131
790_T1_R1_vs_R2,natural_variability,3,LFArm_to_LHand_rx,LFArm_to_LHand,rx,0.006321640347345771,0.000212545775942589,-0.006109094571403182,0.109326177723549,0.1505853935806131
790_T1_R1_vs_R2,natural_variability,3,LFArm_to_LHand_ry,LFArm_to_LHand,ry,0.04036613827496844,0.026559746785799407,-0.013806391489169033,0.109326177723549,0.1505853935806131
790_T1_R1_vs_R2,natural_variability,3,LFArm_to_LHand_rz,LFArm_to_LHand,rz,0.13736684150933856,0.011226358405145643,-0.12614048310419293,0.109326177723549,0.1505853935806131
790_T1_R1_vs_R2,natural_variability,3,LShin_to_LFoot_rx,LShin_to_LFoot,rx,0.02496539855458648,0.016984234704553073,-0.007981163850033408,0.109326177723549,0.1505853935806131
790_T1_R1_vs_R2,natural_variability,3,LShin_to_LFoot_ry,LShin_to_LFoot,ry,0.06023570165747618,0.03813637957026582,-0.02209932208721036,0.109326177723549,0.1505853935806131
790_T1_R1_vs_R2,natural_variability,3,LShin_to_LFoot_rz,LShin_to_LFoot,rz,0.015394486998937472,0.06996917754376031,0.054574690544822835,0.109326177723549,0.1505853935806131
790_T1_R1_vs_R2,natural_variability,3,LShoulder_to_LUArm_rx,LShoulder_to_LUArm,rx,0.31511088291921957,0.2159070925676865,-0.09920379035153307,0.109326177723549,0.1505853935806131
790_T1_R1_vs_R2,natural_variability,3,LShoulder_to_LUArm_ry,LShoulder_to_LUArm,ry,0.05299151054269762,0.19280500901700134,0.13981349847430372,0.109326177723549,0.1505853935806131
790_T1_R1_vs_R2,natural_variability,3,LShoulder_to_LUArm_rz,LShoulder_to_LUArm,rz,0.26051281915860947,0.14356279562930988,-0.11695002352929959,0.109326177723549,0.1505853935806131
790_T1_R1_vs_R2,natural_variability,3,LThigh_to_LShin_rx,LThigh_to_LShin,rx,0.0025819479548957664,0.3995670011739516,0.39698505321905586,0.109326177723549,0.1505853935806131
790_T1_R1_vs_R2,natural_variability,3,LThigh_to_LShin_ry,LThigh_to_LShin,ry,3.016692245642395e-08,1.9038964047884352e-08,-1.11279584085396e-08,0.109326177723549,0.1505853935806131
790_T1_R1_vs_R2,natural_variability,3,LThigh_to_LShin_rz,LThigh_to_LShin,rz,3.9733894197126904e-08,1.2962110407290337e-09,-3.843768315639787e-08,0.109326177723549,0.1505853935806131
790_T1_R1_vs_R2,natural_variability,3,LUArm_to_LFArm_rx,LUArm_to_LFArm,rx,0.06882109225063282,0.14917650435906885,0.08035541210843603,0.109326177723549,0.1505853935806131
790_T1_R1_vs_R2,natural_variability,3,LUArm_to_LFArm_ry,LUArm_to_LFArm,ry,0.46918540095781675,0.3549181600367042,-0.11426724092111257,0.109326177723549,0.1505853935806131
790_T1_R1_vs_R2,natural_variability,3,LUArm_to_LFArm_rz,LUArm_to_LFArm,rz,0.03842915301839064,0.030440919269987605,-0.007988233748403031,0.109326177723549,0.1505853935806131
790_T1_R1_vs_R2,natural_variability,3,Neck2_to_Head_rx,Neck2_to_Head,rx,0.007899279566160086,0.04596904951118467,0.03806976994502458,0.109326177723549,0.1505853935806131
790_T1_R1_vs_R2,natural_variability,3,Neck2_to_Head_ry,Neck2_to_Head,ry,0.018470680529446417,0.027101622201547142,0.008630941672100725,0.109326177723549,0.1505853935806131
790_T1_R1_vs_R2,natural_variability,3,Neck2_to_Head_rz,Neck2_to_Head,rz,0.0023110617835114737,0.018331981347844167,0.016020919564332693,0.109326177723549,0.1505853935806131
790_T1_R1_vs_R2,natural_variability,3,Neck_to_Neck2_rx,Neck_to_Neck2,rx,0.007905339216348449,0.04598217632372148,0.03807683710737303,0.109326177723549,0.1505853935806131
790_T1_R1_vs_R2,natural_variability,3,Neck_to_Neck2_ry,Neck_to_Neck2,ry,0.01831941698368654,0.026117628260840155,0.007798211277153615,0.109326177723549,0.1505853935806131
790_T1_R1_vs_R2,natural_variability,3,Neck_to_Neck2_rz,Neck_to_Neck2,rz,0.003243787177970336,0.01966682939332105,0.016423042215350715,0.109326177723549,0.1505853935806131
790_T1_R1_vs_R2,natural_variability,3,RFArm_to_RHand_rx,RFArm_to_RHand,rx,0.0006790512658595082,0.009642764407805692,0.008963713141946184,0.109326177723549,0.1505853935806131
790_T1_R1_vs_R2,natural_variability,3,RFArm_to_RHand_ry,RFArm_to_RHand,ry,0.0022990111277487596,0.001800050716785867,-0.0004989604109628925,0.109326177723549,0.1505853935806131
790_T1_R1_vs_R2,natural_variability,3,RFArm_to_RHand_rz,RFArm_to_RHand,rz,0.09760468211383719,0.06957472179043926,-0.028029960323397926,0.109326177723549,0.1505853935806131
790_T1_R1_vs_R2,natural_variability,3,RShin_to_RFoot_rx,RShin_to_RFoot,rx,0.014698197977968315,0.017575100051795182,0.002876902073826867,0.109326177723549,0.1505853935806131
790_T1_R1_vs_R2,natural_variability,3,RShin_to_RFoot_ry,RShin_to_RFoot,ry,0.026766190051644222,0.05629029817828056,0.029524108126636337,0.109326177723549,0.1505853935806131
790_T1_R1_vs_R2,natural_variability,3,RShin_to_RFoot_rz,RShin_to_RFoot,rz,0.007271064229147942,0.04293401628523619,0.03566295205608824,0.109326177723549,0.1505853935806131
790_T1_R1_vs_R2,natural_variability,3,RShoulder_to_RUArm_rx,RShoulder_to_RUArm,rx,0.3123831783976452,0.07389196773435264,-0.23849121066329254,0.109326177723549,0.1505853935806131
790_T1_R1_vs_R2,natural_variability,3,RShoulder_to_RUArm_ry,RShoulder_to_RUArm,ry,0.33674203084185117,0.09268679769451295,-0.24405523314733824,0.109326177723549,0.1505853935806131
790_T1_R1_vs_R2,natural_variability,3,RShoulder_to_RUArm_rz,RShoulder_to_RUArm,rz,0.3893968282853171,0.3373441181979223,-0.05205271008739476,0.109326177723549,0.1505853935806131
790_T1_R1_vs_R2,natural_variability,3,RThigh_to_RShin_rx,RThigh_to_RShin,rx,0.1676234125088964,0.307724367280829,0.14010095477193263,0.109326177723549,0.1505853935806131
790_T1_R1_vs_R2,natural_variability,3,RThigh_to_RShin_ry,RThigh_to_RShin,ry,2.4574109365827548e-08,2.3720591687468192e-08,-8.535176783593561e-10,0.109326177723549,0.1505853935806131
790_T1_R1_vs_R2,natural_variability,3,RThigh_to_RShin_rz,RThigh_to_RShin,rz,6.803699094793934e-09,3.1730409937059516e-09,-3.630658101087982e-09,0.109326177723549,0.1505853935806131
790_T1_R1_vs_R2,natural_variability,3,RUArm_to_RFArm_rx,RUArm_to_RFArm,rx,0.05188722862383585,0.29696887256673155,0.2450816439428957,0.109326177723549,0.1505853935806131
790_T1_R1_vs_R2,natural_variability,3,RUArm_to_RFArm_ry,RUArm_to_RFArm,ry,0.2618489418586378,0.09724507767578751,-0.16460386418285028,0.109326177723549,0.1505853935806131
790_T1_R1_vs_R2,natural_variability,3,RUArm_to_RFArm_rz,RUArm_to_RFArm,rz,0.07696932965544014,0.09262862798915927,0.015659298333719138,0.109326177723549,0.1505853935806131
790_T1_R1_vs_R2,natural_variability,3,Spine2_to_Spine3_rx,Spine2_to_Spine3,rx,0.040297113447193854,0.06747138053727388,0.027174267090080022,0.109326177723549,0.1505853935806131
790_T1_R1_vs_R2,natural_variability,3,Spine2_to_Spine3_ry,Spine2_to_Spine3,ry,0.016336325720870126,0.028022909601575698,0.011686583880705571,0.109326177723549,0.1505853935806131
790_T1_R1_vs_R2,natural_variability,3,Spine2_to_Spine3_rz,Spine2_to_Spine3,rz,0.033351771027358784,0.034108867350794686,0.0007570963234359018,0.109326177723549,0.1505853935806131
790_T1_R1_vs_R2,natural_variability,3,Spine3_to_Spine4_rx,Spine3_to_Spine4,rx,0.04029493336244915,0.067461090800904,0.027166157438454845,0.109326177723549,0.1505853935806131
790_T1_R1_vs_R2,natural_variability,3,Spine3_to_Spine4_ry,Spine3_to_Spine4,ry,0.01773873720355533,0.02943295811162723,0.0116942209080719,0.109326177723549,0.1505853935806131
790_T1_R1_vs_R2,natural_variability,3,Spine3_to_Spine4_rz,Spine3_to_Spine4,rz,0.03260180202389061,0.03285100564066719,0.00024920361677657765,0.109326177723549,0.1505853935806131
790_T1_R1_vs_R2,natural_variability,3,Spine4_to_Chest_rx,Spine4_to_Chest,rx,0.0402936758191693,0.06745498775779854,0.027161311938629237,0.109326177723549,0.1505853935806131
790_T1_R1_vs_R2,natural_variability,3,Spine4_to_Chest_ry,Spine4_to_Chest,ry,0.01855807460556222,0.030249781248515895,0.011691706642953676,0.109326177723549,0.1505853935806131
790_T1_R1_vs_R2,natural_variability,3,Spine4_to_Chest_rz,Spine4_to_Chest,rz,0.03213930205290956,0.03208821074978019,-5.1091303129371934e-05,0.109326177723549,0.1505853935806131
790_T1_R1_vs_R2,natural_variability,4,790_to_Ab_rx,790_to_Ab,rx,0.04154239359762256,0.015554254348009075,-0.025988139249613483,0.10383403548079755,0.12836711352969035
790_T1_R1_vs_R2,natural_variability,4,790_to_Ab_ry,790_to_Ab,ry,0.003819350179201375,0.04251955462105324,0.03870020444185186,0.10383403548079755,0.12836711352969035
790_T1_R1_vs_R2,natural_variability,4,790_to_Ab_rz,790_to_Ab,rz,0.00013010411815339573,0.0014549817577088175,0.0013248776395554218,0.10383403548079755,0.12836711352969035
790_T1_R1_vs_R2,natural_variability,4,790_to_LThigh_rx,790_to_LThigh,rx,0.19607405866159375,0.055870005603997686,-0.14020405305759606,0.10383403548079755,0.12836711352969035
790_T1_R1_vs_R2,natural_variability,4,790_to_LThigh_ry,790_to_LThigh,ry,0.0319641010407522,0.09954814949501838,0.06758404845426617,0.10383403548079755,0.12836711352969035
790_T1_R1_vs_R2,natural_variability,4,790_to_LThigh_rz,790_to_LThigh,rz,0.03835760519150527,0.00399418467683076,-0.03436342051467451,0.10383403548079755,0.12836711352969035
790_T1_R1_vs_R2,natural_variability,4,790_to_RThigh_rx,790_to_RThigh,rx,0.16646806766435146,0.11763114402943493,-0.048836923634916526,0.10383403548079755,0.12836711352969035
790_T1_R1_vs_R2,natural_variability,4,790_to_RThigh_ry,790_to_RThigh,ry,0.005784544576982427,0.07943859880552669,0.07365405422854426,0.10383403548079755,0.12836711352969035
790_T1_R1_vs_R2,natural_variability,4,790_to_RThigh_rz,790_to_RThigh,rz,0.03548894764596971,0.04802256510853176,0.012533617462562055,0.10383403548079755,0.12836711352969035
790_T1_R1_vs_R2,natural_variability,4,Ab_to_Spine2_rx,Ab_to_Spine2,rx,0.04160150836412534,0.01602106042123931,-0.025580447942886032,0.10383403548079755,0.12836711352969035
790_T1_R1_vs_R2,natural_variability,4,Ab_to_Spine2_ry,Ab_to_Spine2,ry,0.003439397277765822,0.042623845517671254,0.03918444823990543,0.10383403548079755,0.12836711352969035
790_T1_R1_vs_R2,natural_variability,4,Ab_to_Spine2_rz,Ab_to_Spine2,rz,0.0012604518671430513,0.02944000996459447,0.02817955809745142,0.10383403548079755,0.12836711352969035
790_T1_R1_vs_R2,natural_variability,4,Chest_to_LShoulder_rx,Chest_to_LShoulder,rx,0.004816657833955789,0.029748150706040876,0.024931492872085088,0.10383403548079755,0.12836711352969035
790_T1_R1_vs_R2,natural_variability,4,Chest_to_LShoulder_ry,Chest_to_LShoulder,ry,0.0008844865455642799,0.038422001023768824,0.037537514478204546,0.10383403548079755,0.12836711352969035
790_T1_R1_vs_R2,natural_variability,4,Chest_to_LShoulder_rz,Chest_to_LShoulder,rz,0.030202686382446987,0.07097451299713248,0.040771826614685494,0.10383403548079755,0.12836711352969035
790_T1_R1_vs_R2,natural_variability,4,Chest_to_Neck_rx,Chest_to_Neck,rx,0.031822472343989786,0.015862386895758925,-0.01596008544823086,0.10383403548079755,0.12836711352969035
790_T1_R1_vs_R2,natural_variability,4,Chest_to_Neck_ry,Chest_to_Neck,ry,0.010680948785934816,0.07780992743997585,0.06712897865404104,0.10383403548079755,0.12836711352969035
790_T1_R1_vs_R2,natural_variability,4,Chest_to_Neck_rz,Chest_to_Neck,rz,0.010701189061820283,0.011375352521921457,0.0006741634601011744,0.10383403548079755,0.12836711352969035
790_T1_R1_vs_R2,natural_variability,4,Chest_to_RShoulder_rx,Chest_to_RShoulder,rx,0.0010626953454903449,0.0009384007631488136,-0.00012429458234153128,0.10383403548079755,0.12836711352969035
790_T1_R1_vs_R2,natural_variability,4,Chest_to_RShoulder_ry,Chest_to_RShoulder,ry,0.0039278978764805675,0.036512694322162115,0.032584796445681546,0.10383403548079755,0.12836711352969035
790_T1_R1_vs_R2,natural_variability,4,Chest_to_RShoulder_rz,Chest_to_RShoulder,rz,0.010723773109426713,0.06880906653177406,0.05808529342234735,0.10383403548079755,0.12836711352969035
790_T1_R1_vs_R2,natural_variability,4,LFArm_to_LHand_rx,LFArm_to_LHand,rx,0.0023977269531845757,0.005134922834565608,0.002737195881381032,0.10383403548079755,0.12836711352969035
790_T1_R1_vs_R2,natural_variability,4,LFArm_to_LHand_ry,LFArm_to_LHand,ry,0.07448028859953856,0.064156420866419,-0.010323867733119566,0.10383403548079755,0.12836711352969035
790_T1_R1_vs_R2,natural_variability,4,LFArm_to_LHand_rz,LFArm_to_LHand,rz,0.46537076529054167,0.3199491478260018,-0.14542161746453985,0.10383403548079755,0.12836711352969035
790_T1_R1_vs_R2,natural_variability,4,LShin_to_LFoot_rx,LShin_to_LFoot,rx,0.02270824072831333,0.0030147229836448718,-0.01969351774466846,0.10383403548079755,0.12836711352969035
790_T1_R1_vs_R2,natural_variability,4,LShin_to_LFoot_ry,LShin_to_LFoot,ry,0.001470072956069121,0.08530765169491984,0.08383757873885073,0.10383403548079755,0.12836711352969035
790_T1_R1_vs_R2,natural_variability,4,LShin_to_LFoot_rz,LShin_to_LFoot,rz,0.04100479967006347,0.013109584652626622,-0.02789521501743685,0.10383403548079755,0.12836711352969035
790_T1_R1_vs_R2,natural_variability,4,LShoulder_to_LUArm_rx,LShoulder_to_LUArm,rx,0.04847395045548704,0.20857562749380282,0.1601016770383158,0.10383403548079755,0.12836711352969035
790_T1_R1_vs_R2,natural_variability,4,LShoulder_to_LUArm_ry,LShoulder_to_LUArm,ry,0.09218511274829129,0.10914343784107973,0.01695832509278844,0.10383403548079755,0.12836711352969035
790_T1_R1_vs_R2,natural_variability,4,LShoulder_to_LUArm_rz,LShoulder_to_LUArm,rz,0.03149905630182086,0.06421221365223874,0.03271315735041788,0.10383403548079755,0.12836711352969035
790_T1_R1_vs_R2,natural_variability,4,LThigh_to_LShin_rx,LThigh_to_LShin,rx,0.23673241382133503,0.13381877142293808,-0.10291364239839695,0.10383403548079755,0.12836711352969035
790_T1_R1_vs_R2,natural_variability,4,LThigh_to_LShin_ry,LThigh_to_LShin,ry,1.548181376536624e-08,2.6000784715778147e-09,-1.2881735293788424e-08,0.10383403548079755,0.12836711352969035
790_T1_R1_vs_R2,natural_variability,4,LThigh_to_LShin_rz,LThigh_to_LShin,rz,3.062520262536153e-09,5.557378082434627e-09,2.4948578198984743e-09,0.10383403548079755,0.12836711352969035
790_T1_R1_vs_R2,natural_variability,4,LUArm_to_LFArm_rx,LUArm_to_LFArm,rx,0.3961440038058777,0.026072511397151048,-0.37007149240872667,0.10383403548079755,0.12836711352969035
790_T1_R1_vs_R2,natural_variability,4,LUArm_to_LFArm_ry,LUArm_to_LFArm,ry,0.12745799207008626,0.404834965599749,0.27737697352966273,0.10383403548079755,0.12836711352969035
790_T1_R1_vs_R2,natural_variability,4,LUArm_to_LFArm_rz,LUArm_to_LFArm,rz,0.3032162626462449,0.06112522928956834,-0.24209103335667656,0.10383403548079755,0.12836711352969035
790_T1_R1_vs_R2,natural_variability,4,Neck2_to_Head_rx,Neck2_to_Head,rx,0.031874412177422616,0.015507234783654462,-0.016367177393768154,0.10383403548079755,0.12836711352969035
790_T1_R1_vs_R2,natural_variability,4,Neck2_to_Head_ry,Neck2_to_Head,ry,0.008380207881851393,0.07396886487826754,0.06558865699641614,0.10383403548079755,0.12836711352969035
790_T1_R1_vs_R2,natural_variability,4,Neck2_to_Head_rz,Neck2_to_Head,rz,0.012518604554123661,0.025815201460328136,0.013296596906204475,0.10383403548079755,0.12836711352969035
790_T1_R1_vs_R2,natural_variability,4,Neck_to_Neck2_rx,Neck_to_Neck2,rx,0.03186031989442501,0.015604690140156295,-0.016255629754268718,0.10383403548079755,0.12836711352969035
790_T1_R1_vs_R2,natural_variability,4,Neck_to_Neck2_ry,Neck_to_Neck2,ry,0.009034945880292144,0.07520505061093785,0.0661701047306457,0.10383403548079755,0.12836711352969035
790_T1_R1_vs_R2,natural_variability,4,Neck_to_Neck2_rz,Neck_to_Neck2,rz,0.012050633752546272,0.02190539111390947,0.009854757361363197,0.10383403548079755,0.12836711352969035
790_T1_R1_vs_R2,natural_variability,4,RFArm_to_RHand_rx,RFArm_to_RHand,rx,0.002150301785489125,0.006061592426581475,0.003911290641092351,0.10383403548079755,0.12836711352969035
790_T1_R1_vs_R2,natural_variability,4,RFArm_to_RHand_ry,RFArm_to_RHand,ry,0.0010403900068423552,0.024802470187379903,0.023762080180537548,0.10383403548079755,0.12836711352969035
790_T1_R1_vs_R2,natural_variability,4,RFArm_to_RHand_rz,RFArm_to_RHand,rz,0.189981906936177,0.24270304565709683,0.052721138720919825,0.10383403548079755,0.12836711352969035
790_T1_R1_vs_R2,natural_variability,4,RShin_to_RFoot_rx,RShin_to_RFoot,rx,0.0003015511882143491,0.00828602874539382,0.007984477557179471,0.10383403548079755,0.12836711352969035
790_T1_R1_vs_R2,natural_variability,4,RShin_to_RFoot_ry,RShin_to_RFoot,ry,0.02398763370346288,0.09276960923437977,0.06878197553091689,0.10383403548079755,0.12836711352969035
790_T1_R1_vs_R2,natural_variability,4,RShin_to_RFoot_rz,RShin_to_RFoot,rz,0.026883337703872287,0.017984936036450187,-0.0088984016674221,0.10383403548079755,0.12836711352969035
790_T1_R1_vs_R2,natural_variability,4,RShoulder_to_RUArm_rx,RShoulder_to_RUArm,rx,0.0517885037301064,0.1679547354302746,0.11616623170016818,0.10383403548079755,0.12836711352969035
790_T1_R1_vs_R2,natural_variability,4,RShoulder_to_RUArm_ry,RShoulder_to_RUArm,ry,0.13420644028360712,0.5203049175553107,0.3860984772717036,0.10383403548079755,0.12836711352969035
790_T1_R1_vs_R2,natural_variability,4,RShoulder_to_RUArm_rz,RShoulder_to_RUArm,rz,0.051175987825989186,0.1425924057092346,0.09141641788324541,0.10383403548079755,0.12836711352969035
790_T1_R1_vs_R2,natural_variability,4,RThigh_to_RShin_rx,RThigh_to_RShin,rx,0.20697903876581566,0.08562636369900677,-0.1213526750668089,0.10383403548079755,0.12836711352969035
790_T1_R1_vs_R2,natural_variability,4,RThigh_to_RShin_ry,RThigh_to_RShin,ry,3.248844194227283e-09,6.9942287555521585e-09,3.745384561324876e-09,0.10383403548079755,0.12836711352969035
790_T1_R1_vs_R2,natural_variability,4,RThigh_to_RShin_rz,RThigh_to_RShin,rz,3.657522702409633e-10,4.437912157543e-09,4.072159887302037e-09,0.10383403548079755,0.12836711352969035
790_T1_R1_vs_R2,natural_variability,4,RUArm_to_RFArm_rx,RUArm_to_RFArm,rx,0.3000348684050102,0.20571582677844683,-0.09431904162656338,0.10383403548079755,0.12836711352969035
790_T1_R1_vs_R2,natural_variability,4,RUArm_to_RFArm_ry,RUArm_to_RFArm,ry,0.2754326793183109,0.30775330923349137,0.03232062991518048,0.10383403548079755,0.12836711352969035
790_T1_R1_vs_R2,natural_variability,4,RUArm_to_RFArm_rz,RUArm_to_RFArm,rz,0.299651380477884,0.16162115451744924,-0.13803022596043474,0.10383403548079755,0.12836711352969035
790_T1_R1_vs_R2,natural_variability,4,Spine2_to_Spine3_rx,Spine2_to_Spine3,rx,0.04161153196883948,0.016054471593585622,-0.02555706037525386,0.10383403548079755,0.12836711352969035
790_T1_R1_vs_R2,natural_variability,4,Spine2_to_Spine3_ry,Spine2_to_Spine3,ry,0.003315711641552018,0.03962956728989791,0.03631385564834589,0.10383403548079755,0.12836711352969035
790_T1_R1_vs_R2,natural_variability,4,Spine2_to_Spine3_rz,Spine2_to_Spine3,rz,0.0016004104257991512,0.03342310747381844,0.031822697048019294,0.10383403548079755,0.12836711352969035
790_T1_R1_vs_R2,natural_variability,4,Spine3_to_Spine4_rx,Spine3_to_Spine4,rx,0.04160709446144996,0.016039588771494757,-0.0255675056899552,0.10383403548079755,0.12836711352969035
790_T1_R1_vs_R2,natural_variability,4,Spine3_to_Spine4_ry,Spine3_to_Spine4,ry,0.0033736811217266027,0.04099416622036832,0.037620485098641715,0.10383403548079755,0.12836711352969035
790_T1_R1_vs_R2,natural_variability,4,Spine3_to_Spine4_rz,Spine3_to_Spine4,rz,0.001449846127349861,0.03167367302768083,0.03022382690033097,0.10383403548079755,0.12836711352969035
790_T1_R1_vs_R2,natural_variability,4,Spine4_to_Chest_rx,Spine4_to_Chest,rx,0.04160441214550846,0.01603077387867297,-0.02557363826683549,0.10383403548079755,0.12836711352969035
790_T1_R1_vs_R2,natural_variability,4,Spine4_to_Chest_ry,Spine4_to_Chest,ry,0.003405793949434738,0.04177757516943753,0.038371781220002794,0.10383403548079755,0.12836711352969035
790_T1_R1_vs_R2,natural_variability,4,Spine4_to_Chest_rz,Spine4_to_Chest,rz,0.0013602373499772558,0.03062076416589987,0.029260526815922613,0.10383403548079755,0.12836711352969035
790_T1_R1_vs_R2,natural_variability,5,790_to_Ab_rx,790_to_Ab,rx,0.004494423604264031,0.04388339812798634,0.03938897452372231,0.08400546257953448,0.09069737022540242
790_T1_R1_vs_R2,natural_variability,5,790_to_Ab_ry,790_to_Ab,ry,0.0492140066023901,0.005948143220245568,-0.04326586338214453,0.08400546257953448,0.09069737022540242
790_T1_R1_vs_R2,natural_variability,5,790_to_Ab_rz,790_to_Ab,rz,0.001460179379336457,0.004006459003844423,0.0025462796245079656,0.08400546257953448,0.09069737022540242
790_T1_R1_vs_R2,natural_variability,5,790_to_LThigh_rx,790_to_LThigh,rx,0.038109886069236536,0.03779585192966473,-0.00031403413957180326,0.08400546257953448,0.09069737022540242
790_T1_R1_vs_R2,natural_variability,5,790_to_LThigh_ry,790_to_LThigh,ry,0.09764797019635105,0.003259466768569776,-0.09438850342778127,0.08400546257953448,0.09069737022540242
790_T1_R1_vs_R2,natural_variability,5,790_to_LThigh_rz,790_to_LThigh,rz,0.03495013159222134,0.05674936042749972,0.021799228835278385,0.08400546257953448,0.09069737022540242
790_T1_R1_vs_R2,natural_variability,5,790_to_RThigh_rx,790_to_RThigh,rx,0.08728059456828743,0.1229879833785639,0.035707388810276464,0.08400546257953448,0.09069737022540242
790_T1_R1_vs_R2,natural_variability,5,790_to_RThigh_ry,790_to_RThigh,ry,0.09801479564011055,0.006147611508488564,-0.09186718413162198,0.08400546257953448,0.09069737022540242
790_T1_R1_vs_R2,natural_variability,5,790_to_RThigh_rz,790_to_RThigh,rz,0.043863466501989475,0.05446025160774134,0.010596785105751863,0.08400546257953448,0.09069737022540242
790_T1_R1_vs_R2,natural_variability,5,Ab_to_Spine2_rx,Ab_to_Spine2,rx,0.004221819835410066,0.043595926864306606,0.03937410702889654,0.08400546257953448,0.09069737022540242
790_T1_R1_vs_R2,natural_variability,5,Ab_to_Spine2_ry,Ab_to_Spine2,ry,0.04959836543844633,0.006391938412390942,-0.04320642702605539,0.08400546257953448,0.09069737022540242
790_T1_R1_vs_R2,natural_variability,5,Ab_to_Spine2_rz,Ab_to_Spine2,rz,0.03390169955284068,0.024287031976989257,-0.009614667575851426,0.08400546257953448,0.09069737022540242
790_T1_R1_vs_R2,natural_variability,5,Chest_to_LShoulder_rx,Chest_to_LShoulder,rx,0.04359571198358677,0.04632590861889912,0.0027301966353123486,0.08400546257953448,0.09069737022540242
790_T1_R1_vs_R2,natural_variability,5,Chest_to_LShoulder_ry,Chest_to_LShoulder,ry,0.0052576020772242245,0.10598609533854253,0.1007284932613183,0.08400546257953448,0.09069737022540242
790_T1_R1_vs_R2,natural_variability,5,Chest_to_LShoulder_rz,Chest_to_LShoulder,rz,0.060019345536956946,0.17601481704409114,0.11599547150713418,0.08400546257953448,0.09069737022540242
790_T1_R1_vs_R2,natural_variability,5,Chest_to_Neck_rx,Chest_to_Neck,rx,0.005578706366648636,0.005968614409281289,0.00038990804263265306,0.08400546257953448,0.09069737022540242
790_T1_R1_vs_R2,natural_variability,5,Chest_to_Neck_ry,Chest_to_Neck,ry,0.08350293733371239,0.005694733738069343,-0.07780820359564304,0.08400546257953448,0.09069737022540242
790_T1_R1_vs_R2,natural_variability,5,Chest_to_Neck_rz,Chest_to_Neck,rz,0.005920459994537286,0.009647361517921787,0.003726901523384501,0.08400546257953448,0.09069737022540242
790_T1_R1_vs_R2,natural_variability,5,Chest_to_RShoulder_rx,Chest_to_RShoulder,rx,0.0326610850124079,0.02231097683072733,-0.01035010818168057,0.08400546257953448,0.09069737022540242
790_T1_R1_vs_R2,natural_variability,5,Chest_to_RShoulder_ry,Chest_to_RShoulder,ry,0.026525171352385475,0.09856174643450419,0.07203657508211872,0.08400546257953448,0.09069737022540242
790_T1_R1_vs_R2,natural_variability,5,Chest_to_RShoulder_rz,Chest_to_RShoulder,rz,0.10579176325334451,0.0511074130763036,-0.05468435017704091,0.08400546257953448,0.09069737022540242
790_T1_R1_vs_R2,natural_variability,5,LFArm_to_LHand_rx,LFArm_to_LHand,rx,0.013048528115322132,0.0055406272837831855,-0.007507900831538947,0.08400546257953448,0.09069737022540242
790_T1_R1_vs_R2,natural_variability,5,LFArm_to_LHand_ry,LFArm_to_LHand,ry,0.009670234279276093,0.002677313731198513,-0.00699292054807758,0.08400546257953448,0.09069737022540242
790_T1_R1_vs_R2,natural_variability,5,LFArm_to_LHand_rz,LFArm_to_LHand,rz,0.07214082031052434,0.08729174661612836,0.015150926305604023,0.08400546257953448,0.09069737022540242
790_T1_R1_vs_R2,natural_variability,5,LShin_to_LFoot_rx,LShin_to_LFoot,rx,0.012270671060757004,0.030312627411888983,0.01804195635113198,0.08400546257953448,0.09069737022540242
790_T1_R1_vs_R2,natural_variability,5,LShin_to_LFoot_ry,LShin_to_LFoot,ry,0.08589094567701851,0.039439800332966575,-0.04645114534405193,0.08400546257953448,0.09069737022540242
790_T1_R1_vs_R2,natural_variability,5,LShin_to_LFoot_rz,LShin_to_LFoot,rz,0.006731119125571237,0.019257023403263553,0.012525904277692314,0.08400546257953448,0.09069737022540242
790_T1_R1_vs_R2,natural_variability,5,LShoulder_to_LUArm_rx,LShoulder_to_LUArm,rx,0.27201701054510685,0.22471838769224234,-0.047298622852864514,0.08400546257953448,0.09069737022540242
790_T1_R1_vs_R2,natural_variability,5,LShoulder_to_LUArm_ry,LShoulder_to_LUArm,ry,0.38206532842537744,0.28919526331356216,-0.09287006511181528,0.08400546257953448,0.09069737022540242
790_T1_R1_vs_R2,natural_variability,5,LShoulder_to_LUArm_rz,LShoulder_to_LUArm,rz,0.07976354746051632,0.42499309089704096,0.3452295434365246,0.08400546257953448,0.09069737022540242
790_T1_R1_vs_R2,natural_variability,5,LThigh_to_LShin_rx,LThigh_to_LShin,rx,0.02906708280793092,0.03939928705147498,0.010332204243544061,0.08400546257953448,0.09069737022540242
790_T1_R1_vs_R2,natural_variability,5,LThigh_to_LShin_ry,LThigh_to_LShin,ry,2.688261399717839e-09,3.72488500842002e-08,3.4560588684482364e-08,0.08400546257953448,0.09069737022540242
790_T1_R1_vs_R2,natural_variability,5,LThigh_to_LShin_rz,LThigh_to_LShin,rz,1.2984396182791635e-08,3.9228941331388384e-08,2.624454514859675e-08,0.08400546257953448,0.09069737022540242
790_T1_R1_vs_R2,natural_variability,5,LUArm_to_LFArm_rx,LUArm_to_LFArm,rx,0.34333660122274257,0.13366583416005157,-0.209670767062691,0.08400546257953448,0.09069737022540242
790_T1_R1_vs_R2,natural_variability,5,LUArm_to_LFArm_ry,LUArm_to_LFArm,ry,0.027798985573016615,0.20219955609870474,0.17440057052568814,0.08400546257953448,0.09069737022540242
790_T1_R1_vs_R2,natural_variability,5,LUArm_to_LFArm_rz,LUArm_to_LFArm,rz,0.13424488708779864,0.19824788930749443,0.06400300221969579,0.08400546257953448,0.09069737022540242
790_T1_R1_vs_R2,natural_variability,5,Neck2_to_Head_rx,Neck2_to_Head,rx,0.005736485501288198,0.006247184303007388,0.0005106988017191897,0.08400546257953448,0.09069737022540242
790_T1_R1_vs_R2,natural_variability,5,Neck2_to_Head_ry,Neck2_to_Head,ry,0.08279579573284378,0.0037502859808566514,-0.07904550975198713,0.08400546257953448,0.09069737022540242
790_T1_R1_vs_R2,natural_variability,5,Neck2_to_Head_rz,Neck2_to_Head,rz,0.009833303281168345,0.010466029034859898,0.0006327257536915525,0.08400546257953448,0.09069737022540242
790_T1_R1_vs_R2,natural_variability,5,Neck_to_Neck2_rx,Neck_to_Neck2,rx,0.005693349165264514,0.006170897391758364,0.0004775482264938501,0.08400546257953448,0.09069737022540242
790_T1_R1_vs_R2,natural_variability,5,Neck_to_Neck2_ry,Neck_to_Neck2,ry,0.08318604486643424,0.004292580093449169,-0.07889346477298508,0.08400546257953448,0.09069737022540242
790_T1_R1_vs_R2,natural_variability,5,Neck_to_Neck2_rz,Neck_to_Neck2,rz,0.005524121804336897,0.010266314742756575,0.004742192938419678,0.08400546257953448,0.09069737022540242
790_T1_R1_vs_R2,natural_variability,5,RFArm_to_RHand_rx,RFArm_to_RHand,rx,0.011617629145078929,0.003069740862651622,-0.008547888282427307,0.08400546257953448,0.09069737022540242
790_T1_R1_vs_R2,natural_variability,5,RFArm_to_RHand_ry,RFArm_to_RHand,ry,0.03306343912212035,0.05097513488780061,0.01791169576568026,0.08400546257953448,0.09069737022540242
790_T1_R1_vs_R2,natural_variability,5,RFArm_to_RHand_rz,RFArm_to_RHand,rz,0.3899496271617168,0.03308333442478975,-0.35686629273692705,0.08400546257953448,0.09069737022540242
790_T1_R1_vs_R2,natural_variability,5,RShin_to_RFoot_rx,RShin_to_RFoot,rx,0.014962002183125182,0.01851157240726755,0.003549570224142368,0.08400546257953448,0.09069737022540242
790_T1_R1_vs_R2,natural_variability,5,RShin_to_RFoot_ry,RShin_to_RFoot,ry,0.13409781709451657,0.008104015893097545,-0.12599380120141904,0.08400546257953448,0.09069737022540242
790_T1_R1_vs_R2,natural_variability,5,RShin_to_RFoot_rz,RShin_to_RFoot,rz,0.00467809482698956,0.011202146515214844,0.006524051688225284,0.08400546257953448,0.09069737022540242
790_T1_R1_vs_R2,natural_variability,5,RShoulder_to_RUArm_rx,RShoulder_to_RUArm,rx,0.3869493155058492,0.2769435056135687,-0.11000580989228054,0.08400546257953448,0.09069737022540242
790_T1_R1_vs_R2,natural_variability,5,RShoulder_to_RUArm_ry,RShoulder_to_RUArm,ry,0.38160839362674825,0.5044754067674568,0.12286701314070858,0.08400546257953448,0.09069737022540242
790_T1_R1_vs_R2,natural_variability,5,RShoulder_to_RUArm_rz,RShoulder_to_RUArm,rz,0.14374210582357638,0.06861219691883946,-0.07512990890473692,0.08400546257953448,0.09069737022540242
790_T1_R1_vs_R2,natural_variability,5,RThigh_to_RShin_rx,RThigh_to_RShin,rx,0.05374973367400183,0.18550508918197486,0.13175535550797304,0.08400546257953448,0.09069737022540242
790_T1_R1_vs_R2,natural_variability,5,RThigh_to_RShin_ry,RThigh_to_RShin,ry,1.3029828745677519e-08,2.5445351862656794e-08,1.2415523116979275e-08,0.08400546257953448,0.09069737022540242
790_T1_R1_vs_R2,natural_variability,5,RThigh_to_RShin_rz,RThigh_to_RShin,rz,9.753388225037812e-09,1.873232482402739e-08,8.978936598989578e-09,0.08400546257953448,0.09069737022540242
790_T1_R1_vs_R2,natural_variability,5,RUArm_to_RFArm_rx,RUArm_to_RFArm,rx,0.21012706182991167,0.22694752746400723,0.01682046563409556,0.08400546257953448,0.09069737022540242
790_T1_R1_vs_R2,natural_variability,5,RUArm_to_RFArm_ry,RUArm_to_RFArm,ry,0.017748146643366228,0.1894034446959112,0.17165529805254498,0.08400546257953448,0.09069737022540242
790_T1_R1_vs_R2,natural_variability,5,RUArm_to_RFArm_rz,RUArm_to_RFArm,rz,0.020164350775949406,0.14371515921424427,0.12355080843829486,0.08400546257953448,0.09069737022540242
790_T1_R1_vs_R2,natural_variability,5,Spine2_to_Spine3_rx,Spine2_to_Spine3,rx,0.004216182876375867,0.043574324748146175,0.03935814187177031,0.08400546257953448,0.09069737022540242
790_T1_R1_vs_R2,natural_variability,5,Spine2_to_Spine3_ry,Spine2_to_Spine3,ry,0.0461418226421917,0.004023437099883829,-0.04211838554230787,0.08400546257953448,0.09069737022540242
790_T1_R1_vs_R2,natural_variability,5,Spine2_to_Spine3_rz,Spine2_to_Spine3,rz,0.03852831762727925,0.02479225477047933,-0.01373606285679992,0.08400546257953448,0.09069737022540242
790_T1_R1_vs_R2,natural_variability,5,Spine3_to_Spine4_rx,Spine3_to_Spine4,rx,0.004218698855398776,0.04358393407781922,0.03936523522242044,0.08400546257953448,0.09069737022540242
790_T1_R1_vs_R2,natural_variability,5,Spine3_to_Spine4_ry,Spine3_to_Spine4,ry,0.04771715287819886,0.005081648092667219,-0.042635504785531644,0.08400546257953448,0.09069737022540242
790_T1_R1_vs_R2,natural_variability,5,Spine3_to_Spine4_rz,Spine3_to_Spine4,rz,0.03649619657710844,0.024586298448763887,-0.011909898128344552,0.08400546257953448,0.09069737022540242
790_T1_R1_vs_R2,natural_variability,5,Spine4_to_Chest_rx,Spine4_to_Chest,rx,0.00422018332191117,0.043589661967533624,0.03936947864562246,0.08400546257953448,0.09069737022540242
790_T1_R1_vs_R2,natural_variability,5,Spine4_to_Chest_ry,Spine4_to_Chest,ry,0.048621526415018504,0.005704804418175239,-0.042916721996843266,0.08400546257953448,0.09069737022540242
790_T1_R1_vs_R2,natural_variability,5,Spine4_to_Chest_rz,Spine4_to_Chest,rz,0.035273165128467,0.024450099716296383,-0.01082306541217062,0.08400546257953448,0.09069737022540242
790_T1_R1_vs_R2,natural_variability,6,790_to_Ab_rx,790_to_Ab,rx,0.041644282864190224,0.04074070795874821,-0.0009035749054420172,0.07364135202463191,0.07711096391236004
790_T1_R1_vs_R2,natural_variability,6,790_to_Ab_ry,790_to_Ab,ry,0.003355304620594718,0.010029096581578719,0.006673791960984001,0.07364135202463191,0.07711096391236004
790_T1_R1_vs_R2,natural_variability,6,790_to_Ab_rz,790_to_Ab,rz,0.002629338361035516,0.0012679544313668417,-0.0013613839296686742,0.07364135202463191,0.07711096391236004
790_T1_R1_vs_R2,natural_variability,6,790_to_LThigh_rx,790_to_LThigh,rx,0.05188771132232166,0.027687518260174442,-0.024200193062147216,0.07364135202463191,0.07711096391236004
790_T1_R1_vs_R2,natural_variability,6,790_to_LThigh_ry,790_to_LThigh,ry,0.03725958731312401,0.04009348074538003,0.0028338934322560197,0.07364135202463191,0.07711096391236004
790_T1_R1_vs_R2,natural_variability,6,790_to_LThigh_rz,790_to_LThigh,rz,0.06505666117069114,0.028107505682413526,-0.03694915548827762,0.07364135202463191,0.07711096391236004
790_T1_R1_vs_R2,natural_variability,6,790_to_RThigh_rx,790_to_RThigh,rx,0.09987857381297133,0.1242687070558486,0.024390133242877268,0.07364135202463191,0.07711096391236004
790_T1_R1_vs_R2,natural_variability,6,790_to_RThigh_ry,790_to_RThigh,ry,0.00897108111811529,0.010257667964415282,0.0012865868462999912,0.07364135202463191,0.07711096391236004
790_T1_R1_vs_R2,natural_variability,6,790_to_RThigh_rz,790_to_RThigh,rz,0.007591838520223815,0.005580898198147099,-0.0020109403220767152,0.07364135202463191,0.07711096391236004
790_T1_R1_vs_R2,natural_variability,6,Ab_to_Spine2_rx,Ab_to_Spine2,rx,0.041312685311189194,0.04076986159567482,-0.0005428237155143747,0.07364135202463191,0.07711096391236004
790_T1_R1_vs_R2,natural_variability,6,Ab_to_Spine2_ry,Ab_to_Spine2,ry,0.0033241617910979475,0.00993578256245976,0.0066116207713618124,0.07364135202463191,0.07711096391236004
790_T1_R1_vs_R2,natural_variability,6,Ab_to_Spine2_rz,Ab_to_Spine2,rz,0.0111051356796302,0.011197566459714278,9.243078008407818e-05,0.07364135202463191,0.07711096391236004
790_T1_R1_vs_R2,natural_variability,6,Chest_to_LShoulder_rx,Chest_to_LShoulder,rx,0.0044384533047599,0.0058796549696289386,0.0014412016648690388,0.07364135202463191,0.07711096391236004
790_T1_R1_vs_R2,natural_variability,6,Chest_to_LShoulder_ry,Chest_to_LShoulder,ry,0.096144389372206,0.03905163073544906,-0.05709275863675694,0.07364135202463191,0.07711096391236004
790_T1_R1_vs_R2,natural_variability,6,Chest_to_LShoulder_rz,Chest_to_LShoulder,rz,0.09556609191750663,0.007998298102491119,-0.08756779381501552,0.07364135202463191,0.07711096391236004
790_T1_R1_vs_R2,natural_variability,6,Chest_to_Neck_rx,Chest_to_Neck,rx,0.013169279663229453,0.025709406952381633,0.01254012728915218,0.07364135202463191,0.07711096391236004
790_T1_R1_vs_R2,natural_variability,6,Chest_to_Neck_ry,Chest_to_Neck,ry,0.008467731304916619,0.0027260941180544526,-0.005741637186862166,0.07364135202463191,0.07711096391236004
790_T1_R1_vs_R2,natural_variability,6,Chest_to_Neck_rz,Chest_to_Neck,rz,0.01780028993767987,0.026969506320656617,0.009169216382976745,0.07364135202463191,0.07711096391236004
790_T1_R1_vs_R2,natural_variability,6,Chest_to_RShoulder_rx,Chest_to_RShoulder,rx,0.06479217204857968,0.09242577670454268,0.027633604655963,0.07364135202463191,0.07711096391236004
790_T1_R1_vs_R2,natural_variability,6,Chest_to_RShoulder_ry,Chest_to_RShoulder,ry,0.07203589841348622,5.4971679014311526e-05,-0.0719809267344719,0.07364135202463191,0.07711096391236004
790_T1_R1_vs_R2,natural_variability,6,Chest_to_RShoulder_rz,Chest_to_RShoulder,rz,0.02860127322851636,0.046271844870002854,0.017670571641486495,0.07364135202463191,0.07711096391236004
790_T1_R1_vs_R2,natural_variability,6,LFArm_to_LHand_rx,LFArm_to_LHand,rx,0.003994909263915932,0.02554391067236823,0.021549001408452298,0.07364135202463191,0.07711096391236004
790_T1_R1_vs_R2,natural_variability,6,LFArm_to_LHand_ry,LFArm_to_LHand,ry,0.07858335125135747,0.08530186953894127,0.006718518287583797,0.07364135202463191,0.07711096391236004
790_T1_R1_vs_R2,natural_variability,6,LFArm_to_LHand_rz,LFArm_to_LHand,rz,0.29370994321546856,0.3393019144674938,0.04559197125202524,0.07364135202463191,0.07711096391236004
790_T1_R1_vs_R2,natural_variability,6,LShin_to_LFoot_rx,LShin_to_LFoot,rx,0.014714659977148914,0.024602789995961192,0.009888130018812278,0.07364135202463191,0.07711096391236004
790_T1_R1_vs_R2,natural_variability,6,LShin_to_LFoot_ry,LShin_to_LFoot,ry,0.011615748347045601,0.025751150043305505,0.014135401696259904,0.07364135202463191,0.07711096391236004
790_T1_R1_vs_R2,natural_variability,6,LShin_to_LFoot_rz,LShin_to_LFoot,rz,0.035199859396347365,0.011674481831210472,-0.023525377565136892,0.07364135202463191,0.07711096391236004
790_T1_R1_vs_R2,natural_variability,6,LShoulder_to_LUArm_rx,LShoulder_to_LUArm,rx,0.211104859460762,0.14827931775466324,-0.06282554170609875,0.07364135202463191,0.07711096391236004
790_T1_R1_vs_R2,natural_variability,6,LShoulder_to_LUArm_ry,LShoulder_to_LUArm,ry,0.4793532110163149,0.39170717792568505,-0.08764603309062985,0.07364135202463191,0.07711096391236004
790_T1_R1_vs_R2,natural_variability,6,LShoulder_to_LUArm_rz,LShoulder_to_LUArm,rz,0.2992883491581319,0.11586980978643176,-0.18341853937170016,0.07364135202463191,0.07711096391236004
790_T1_R1_vs_R2,natural_variability,6,LThigh_to_LShin_rx,LThigh_to_LShin,rx,0.06736150191564527,0.01786156906122893,-0.04949993285441634,0.07364135202463191,0.07711096391236004
790_T1_R1_vs_R2,natural_variability,6,LThigh_to_LShin_ry,LThigh_to_LShin,ry,2.4245384653591986e-08,2.3978648428393395e-09,-2.1847519810752647e-08,0.07364135202463191,0.07711096391236004
790_T1_R1_vs_R2,natural_variability,6,LThigh_to_LShin_rz,LThigh_to_LShin,rz,1.1727070875033197e-08,1.1017494523013916e-08,-7.095763520192811e-10,0.07364135202463191,0.07711096391236004
790_T1_R1_vs_R2,natural_variability,6,LUArm_to_LFArm_rx,LUArm_to_LFArm,rx,0.16654358720382462,0.13831134124066713,-0.028232245963157487,0.07364135202463191,0.07711096391236004
790_T1_R1_vs_R2,natural_variability,6,LUArm_to_LFArm_ry,LUArm_to_LFArm,ry,0.006870273373729518,0.030989629673516803,0.024119356299787283,0.07364135202463191,0.07711096391236004
790_T1_R1_vs_R2,natural_variability,6,LUArm_to_LFArm_rz,LUArm_to_LFArm,rz,0.1283546350482993,0.057903256738419576,-0.07045137830987973,0.07364135202463191,0.07711096391236004
790_T1_R1_vs_R2,natural_variability,6,Neck2_to_Head_rx,Neck2_to_Head,rx,0.013610475454235499,0.025982434744620784,0.012371959290385285,0.07364135202463191,0.07711096391236004
790_T1_R1_vs_R2,natural_variability,6,Neck2_to_Head_ry,Neck2_to_Head,ry,0.011729067558721874,0.007863956988151208,-0.003865110570570665,0.07364135202463191,0.07711096391236004
790_T1_R1_vs_R2,natural_variability,6,Neck2_to_Head_rz,Neck2_to_Head,rz,0.0157946611758974,0.025893760338454128,0.010099099162556729,0.07364135202463191,0.07711096391236004
790_T1_R1_vs_R2,natural_variability,6,Neck_to_Neck2_rx,Neck_to_Neck2,rx,0.01348961652490635,0.025907577646344375,0.012417961121438024,0.07364135202463191,0.07711096391236004
790_T1_R1_vs_R2,natural_variability,6,Neck_to_Neck2_ry,Neck_to_Neck2,ry,0.010860538192290785,0.006468047803534623,-0.0043924903887561624,0.07364135202463191,0.07711096391236004
790_T1_R1_vs_R2,natural_variability,6,Neck_to_Neck2_rz,Neck_to_Neck2,rz,0.016388074170581746,0.026256378473374246,0.0098683043027925,0.07364135202463191,0.07711096391236004
790_T1_R1_vs_R2,natural_variability,6,RFArm_to_RHand_rx,RFArm_to_RHand,rx,0.004559231025576913,0.0025743359211967444,-0.001984895104380169,0.07364135202463191,0.07711096391236004
790_T1_R1_vs_R2,natural_variability,6,RFArm_to_RHand_ry,RFArm_to_RHand,ry,0.09615804866879081,0.07480608481725758,-0.021351963851533234,0.07364135202463191,0.07711096391236004
790_T1_R1_vs_R2,natural_variability,6,RFArm_to_RHand_rz,RFArm_to_RHand,rz,0.20033581481397178,0.10407196549403364,-0.09626384931993814,0.07364135202463191,0.07711096391236004
790_T1_R1_vs_R2,natural_variability,6,RShin_to_RFoot_rx,RShin_to_RFoot,rx,0.0015816619938871107,0.01008153606586423,0.008499874071977118,0.07364135202463191,0.07711096391236004
790_T1_R1_vs_R2,natural_variability,6,RShin_to_RFoot_ry,RShin_to_RFoot,ry,0.02308689608969705,0.02547163348410892,0.002384737394411869,0.07364135202463191,0.07711096391236004
790_T1_R1_vs_R2,natural_variability,6,RShin_to_RFoot_rz,RShin_to_RFoot,rz,0.00657229286068141,0.010698180006004155,0.004125887145322745,0.07364135202463191,0.07711096391236004
790_T1_R1_vs_R2,natural_variability,6,RShoulder_to_RUArm_rx,RShoulder_to_RUArm,rx,0.0377730321175977,0.2293383250981266,0.1915652929805289,0.07364135202463191,0.07711096391236004
790_T1_R1_vs_R2,natural_variability,6,RShoulder_to_RUArm_ry,RShoulder_to_RUArm,ry,0.47677245792218803,0.207173430491576,-0.26959902743061204,0.07364135202463191,0.07711096391236004
790_T1_R1_vs_R2,natural_variability,6,RShoulder_to_RUArm_rz,RShoulder_to_RUArm,rz,0.31226192164299216,0.36432279720348426,0.052060875560492104,0.07364135202463191,0.07711096391236004
790_T1_R1_vs_R2,natural_variability,6,RThigh_to_RShin_rx,RThigh_to_RShin,rx,0.18239216946569373,0.14093988573483948,-0.041452283730854245,0.07364135202463191,0.07711096391236004
790_T1_R1_vs_R2,natural_variability,6,RThigh_to_RShin_ry,RThigh_to_RShin,ry,2.3284460577779252e-08,1.5992765741521733e-08,-7.291694836257519e-09,0.07364135202463191,0.07711096391236004
790_T1_R1_vs_R2,natural_variability,6,RThigh_to_RShin_rz,RThigh_to_RShin,rz,2.038491418840516e-08,4.226395402388252e-09,-1.6158518786016907e-08,0.07364135202463191,0.07711096391236004
790_T1_R1_vs_R2,natural_variability,6,RUArm_to_RFArm_rx,RUArm_to_RFArm,rx,0.03978082729895996,0.262993025895641,0.22321219859668104,0.07364135202463191,0.07711096391236004
790_T1_R1_vs_R2,natural_variability,6,RUArm_to_RFArm_ry,RUArm_to_RFArm,ry,0.015293900838635521,0.5043852058654246,0.48909130502678905,0.07364135202463191,0.07711096391236004
790_T1_R1_vs_R2,natural_variability,6,RUArm_to_RFArm_rz,RUArm_to_RFArm,rz,0.1551936337125995,0.17142992539194005,0.016236291679340542,0.07364135202463191,0.07711096391236004
790_T1_R1_vs_R2,natural_variability,6,Spine2_to_Spine3_rx,Spine2_to_Spine3,rx,0.04127924393787212,0.04076357287513752,-0.0005156710627345976,0.07364135202463191,0.07711096391236004
790_T1_R1_vs_R2,natural_variability,6,Spine2_to_Spine3_ry,Spine2_to_Spine3,ry,0.004376205779383101,0.00882391266432933,0.00444770688494623,0.07364135202463191,0.07711096391236004
790_T1_R1_vs_R2,natural_variability,6,Spine2_to_Spine3_rz,Spine2_to_Spine3,rz,0.01074109876668532,0.012114478635647963,0.0013733798689626424,0.07364135202463191,0.07711096391236004
790_T1_R1_vs_R2,natural_variability,6,Spine3_to_Spine4_rx,Spine3_to_Spine4,rx,0.04129412267725582,0.040766352096277866,-0.000527770580977957,0.07364135202463191,0.07711096391236004
790_T1_R1_vs_R2,natural_variability,6,Spine3_to_Spine4_ry,Spine3_to_Spine4,ry,0.003910719327544425,0.009326218553837551,0.005415499226293126,0.07364135202463191,0.07711096391236004
790_T1_R1_vs_R2,natural_variability,6,Spine3_to_Spine4_rz,Spine3_to_Spine4,rz,0.01091146327920869,0.011715081849763566,0.0008036185705548749,0.07364135202463191,0.07711096391236004
790_T1_R1_vs_R2,natural_variability,6,Spine4_to_Chest_rx,Spine4_to_Chest,rx,0.04130297883558767,0.040768057966270574,-0.0005349208693170987,0.07364135202463191,0.07711096391236004
790_T1_R1_vs_R2,natural_variability,6,Spine4_to_Chest_ry,Spine4_to_Chest,ry,0.0036332057771852454,0.009617877735263285,0.005984671958078039,0.07364135202463191,0.07711096391236004
790_T1_R1_vs_R2,natural_variability,6,Spine4_to_Chest_rz,Spine4_to_Chest,rz,0.011005991126198298,0.011472124482099175,0.000466133355900877,0.07364135202463191,0.07711096391236004
790_T1_R1_vs_R2,natural_variability,7,790_to_Ab_rx,790_to_Ab,rx,0.026620785447506054,0.019302935168745924,-0.00731785027876013,0.052134370186633965,0.054909895370910566
790_T1_R1_vs_R2,natural_variability,7,790_to_Ab_ry,790_to_Ab,ry,0.03594883693390198,0.0049871910420553325,-0.030961645891846648,0.052134370186633965,0.054909895370910566
790_T1_R1_vs_R2,natural_variability,7,790_to_Ab_rz,790_to_Ab,rz,0.0002907510606632857,0.000548982361340831,0.0002582313006775453,0.052134370186633965,0.054909895370910566
790_T1_R1_vs_R2,natural_variability,7,790_to_LThigh_rx,790_to_LThigh,rx,0.13959218322365738,0.19453882567044975,0.05494664244679237,0.052134370186633965,0.054909895370910566
790_T1_R1_vs_R2,natural_variability,7,790_to_LThigh_ry,790_to_LThigh,ry,0.08499279471015883,0.03310716530587443,-0.0518856294042844,0.052134370186633965,0.054909895370910566
790_T1_R1_vs_R2,natural_variability,7,790_to_LThigh_rz,790_to_LThigh,rz,0.0008660051265699242,0.010697190786574433,0.009831185660004509,0.052134370186633965,0.054909895370910566
790_T1_R1_vs_R2,natural_variability,7,790_to_RThigh_rx,790_to_RThigh,rx,0.1611042790254191,0.1672014859893733,0.006097206963954188,0.052134370186633965,0.054909895370910566
790_T1_R1_vs_R2,natural_variability,7,790_to_RThigh_ry,790_to_RThigh,ry,0.05562043756851236,0.0311969896276486,-0.024423447940863756,0.052134370186633965,0.054909895370910566
790_T1_R1_vs_R2,natural_variability,7,790_to_RThigh_rz,790_to_RThigh,rz,0.007076479616361837,0.07197636216670672,0.06489988255034489,0.052134370186633965,0.054909895370910566
790_T1_R1_vs_R2,natural_variability,7,Ab_to_Spine2_rx,Ab_to_Spine2,rx,0.026333040819035248,0.019066092736696752,-0.007266948082338496,0.052134370186633965,0.054909895370910566
790_T1_R1_vs_R2,natural_variability,7,Ab_to_Spine2_ry,Ab_to_Spine2,ry,0.036161801601876015,0.005424834757700228,-0.030736966844175786,0.052134370186633965,0.054909895370910566
790_T1_R1_vs_R2,natural_variability,7,Ab_to_Spine2_rz,Ab_to_Spine2,rz,0.02004585381863463,0.0015546034259567318,-0.018491250392677898,0.052134370186633965,0.054909895370910566
790_T1_R1_vs_R2,natural_variability,7,Chest_to_LShoulder_rx,Chest_to_LShoulder,rx,0.013800278352625418,0.02006442880722092,0.006264150454595503,0.052134370186633965,0.054909895370910566
790_T1_R1_vs_R2,natural_variability,7,Chest_to_LShoulder_ry,Chest_to_LShoulder,ry,0.02584745769305606,0.029818624878387358,0.003971167185331297,0.052134370186633965,0.054909895370910566
790_T1_R1_vs_R2,natural_variability,7,Chest_to_LShoulder_rz,Chest_to_LShoulder,rz,0.015523173211978306,0.057205089512356054,0.04168191630037775,0.052134370186633965,0.054909895370910566
790_T1_R1_vs_R2,natural_variability,7,Chest_to_Neck_rx,Chest_to_Neck,rx,0.022533999673807974,0.013989346257631225,-0.008544653416176749,0.052134370186633965,0.054909895370910566
790_T1_R1_vs_R2,natural_variability,7,Chest_to_Neck_ry,Chest_to_Neck,ry,0.07773034093020194,0.017856914326380435,-0.0598734266038215,0.052134370186633965,0.054909895370910566
790_T1_R1_vs_R2,natural_variability,7,Chest_to_Neck_rz,Chest_to_Neck,rz,0.018400915668304915,0.0011902047525718777,-0.01721071091573304,0.052134370186633965,0.054909895370910566
790_T1_R1_vs_R2,natural_variability,7,Chest_to_RShoulder_rx,Chest_to_RShoulder,rx,0.07979943839477384,0.05910989429973127,-0.020689544095042568,0.052134370186633965,0.054909895370910566
790_T1_R1_vs_R2,natural_variability,7,Chest_to_RShoulder_ry,Chest_to_RShoulder,ry,0.04686483985727661,0.0714414853934536,0.024576645536176993,0.052134370186633965,0.054909895370910566
790_T1_R1_vs_R2,natural_variability,7,Chest_to_RShoulder_rz,Chest_to_RShoulder,rz,0.06666704733278558,0.05160335208857995,-0.015063695244205637,0.052134370186633965,0.054909895370910566
790_T1_R1_vs_R2,natural_variability,7,LFArm_to_LHand_rx,LFArm_to_LHand,rx,0.030080662011151182,0.01327945766365157,-0.016801204347499613,0.052134370186633965,0.054909895370910566
790_T1_R1_vs_R2,natural_variability,7,LFArm_to_LHand_ry,LFArm_to_LHand,ry,0.08292250223863623,0.02660135123011885,-0.05632115100851738,0.052134370186633965,0.054909895370910566
790_T1_R1_vs_R2,natural_variability,7,LFArm_to_LHand_rz,LFArm_to_LHand,rz,0.35220038738448933,0.09132322489167814,-0.2608771624928112,0.052134370186633965,0.054909895370910566
790_T1_R1_vs_R2,natural_variability,7,LShin_to_LFoot_rx,LShin_to_LFoot,rx,0.035572110012935886,0.002505209247776002,-0.03306690076515988,0.052134370186633965,0.054909895370910566
790_T1_R1_vs_R2,natural_variability,7,LShin_to_LFoot_ry,LShin_to_LFoot,ry,0.09709804315396339,0.005675873760436701,-0.0914221693935267,0.052134370186633965,0.054909895370910566
790_T1_R1_vs_R2,natural_variability,7,LShin_to_LFoot_rz,LShin_to_LFoot,rz,0.0006214144497058225,0.035835175318037274,0.03521376086833145,0.052134370186633965,0.054909895370910566
790_T1_R1_vs_R2,natural_variability,7,LShoulder_to_LUArm_rx,LShoulder_to_LUArm,rx,0.059963497891142414,0.10572172112486591,0.0457582232337235,0.052134370186633965,0.054909895370910566
790_T1_R1_vs_R2,natural_variability,7,LShoulder_to_LUArm_ry,LShoulder_to_LUArm,ry,0.0029676904984923392,0.32736825677487247,0.32440056627638014,0.052134370186633965,0.054909895370910566
790_T1_R1_vs_R2,natural_variability,7,LShoulder_to_LUArm_rz,LShoulder_to_LUArm,rz,0.1059942803460278,0.17882922674033364,0.07283494639430584,0.052134370186633965,0.054909895370910566
790_T1_R1_vs_R2,natural_variability,7,LThigh_to_LShin_rx,LThigh_to_LShin,rx,0.0011601901295035144,0.2853332679794924,0.28417307784998885,0.052134370186633965,0.054909895370910566
790_T1_R1_vs_R2,natural_variability,7,LThigh_to_LShin_ry,LThigh_to_LShin,ry,7.006045280313801e-09,1.0087697063426237e-08,3.0816517831124367e-09,0.052134370186633965,0.054909895370910566
790_T1_R1_vs_R2,natural_variability,7,LThigh_to_LShin_rz,LThigh_to_LShin,rz,1.0919767847503444e-08,4.419558894763615e-09,-6.500208952739829e-09,0.052134370186633965,0.054909895370910566
790_T1_R1_vs_R2,natural_variability,7,LUArm_to_LFArm_rx,LUArm_to_LFArm,rx,0.1919682270069704,0.08132278628727724,-0.11064544071969315,0.052134370186633965,0.054909895370910566
790_T1_R1_vs_R2,natural_variability,7,LUArm_to_LFArm_ry,LUArm_to_LFArm,ry,0.5533364654409028,0.5725712358869184,0.019234770446015625,0.052134370186633965,0.054909895370910566
790_T1_R1_vs_R2,natural_variability,7,LUArm_to_LFArm_rz,LUArm_to_LFArm,rz,0.18340616566462833,0.09331809857508765,-0.09008806708954069,0.052134370186633965,0.054909895370910566
790_T1_R1_vs_R2,natural_variability,7,Neck2_to_Head_rx,Neck2_to_Head,rx,0.02287591897957385,0.014220656370769906,-0.008655262608803945,0.052134370186633965,0.054909895370910566
790_T1_R1_vs_R2,natural_variability,7,Neck2_to_Head_ry,Neck2_to_Head,ry,0.07261132326666203,0.01766100927400467,-0.05495031399265736,0.052134370186633965,0.054909895370910566
790_T1_R1_vs_R2,natural_variability,7,Neck2_to_Head_rz,Neck2_to_Head,rz,0.032751101463939565,0.00209679955861421,-0.030654301905325355,0.052134370186633965,0.054909895370910566
790_T1_R1_vs_R2,natural_variability,7,Neck_to_Neck2_rx,Neck_to_Neck2,rx,0.022782080874708243,0.014157229251082667,-0.008624851623625576,0.052134370186633965,0.054909895370910566
790_T1_R1_vs_R2,natural_variability,7,Neck_to_Neck2_ry,Neck_to_Neck2,ry,0.07419847661713638,0.01775367320460802,-0.05644480341252836,0.052134370186633965,0.054909895370910566
790_T1_R1_vs_R2,natural_variability,7,Neck_to_Neck2_rz,Neck_to_Neck2,rz,0.028880628866864048,0.0011992076964193101,-0.02768142117044474,0.052134370186633965,0.054909895370910566
790_T1_R1_vs_R2,natural_variability,7,RFArm_to_RHand_rx,RFArm_to_RHand,rx,0.00718324316601112,0.017426361338912583,0.010243118172901463,0.052134370186633965,0.054909895370910566
790_T1_R1_vs_R2,natural_variability,7,RFArm_to_RHand_ry,RFArm_to_RHand,ry,0.020173424494878137,0.009766222185097557,-0.01040720230978058,0.052134370186633965,0.054909895370910566
790_T1_R1_vs_R2,natural_variability,7,RFArm_to_RHand_rz,RFArm_to_RHand,rz,0.13898313410483568,0.19217719280191448,0.0531940586970788,0.052134370186633965,0.054909895370910566
790_T1_R1_vs_R2,natural_variability,7,RShin_to_RFoot_rx,RShin_to_RFoot,rx,0.014083372737430587,0.005606339556581212,-0.008477033180849376,0.052134370186633965,0.054909895370910566
790_T1_R1_vs_R2,natural_variability,7,RShin_to_RFoot_ry,RShin_to_RFoot,ry,0.029437022670047854,0.07093977592272928,0.04150275325268142,0.052134370186633965,0.054909895370910566
790_T1_R1_vs_R2,natural_variability,7,RShin_to_RFoot_rz,RShin_to_RFoot,rz,0.007228984200402053,0.029877203044703184,0.02264821884430113,0.052134370186633965,0.054909895370910566
790_T1_R1_vs_R2,natural_variability,7,RShoulder_to_RUArm_rx,RShoulder_to_RUArm,rx,0.3671950508146022,0.3907218974974667,0.023526846682864533,0.052134370186633965,0.054909895370910566
790_T1_R1_vs_R2,natural_variability,7,RShoulder_to_RUArm_ry,RShoulder_to_RUArm,ry,0.09716156060867352,0.12740565705586043,0.03024409644718691,0.052134370186633965,0.054909895370910566
790_T1_R1_vs_R2,natural_variability,7,RShoulder_to_RUArm_rz,RShoulder_to_RUArm,rz,0.34549023058514494,0.14614306651494952,-0.19934716407019543,0.052134370186633965,0.054909895370910566
790_T1_R1_vs_R2,natural_variability,7,RThigh_to_RShin_rx,RThigh_to_RShin,rx,0.17578087546927917,0.22501283223054028,0.0492319567612611,0.052134370186633965,0.054909895370910566
790_T1_R1_vs_R2,natural_variability,7,RThigh_to_RShin_ry,RThigh_to_RShin,ry,4.925875335205106e-08,4.14542446325194e-08,-7.804508719531663e-09,0.052134370186633965,0.054909895370910566
790_T1_R1_vs_R2,natural_variability,7,RThigh_to_RShin_rz,RThigh_to_RShin,rz,7.518572999364461e-09,2.240537654984666e-08,1.4886803550482197e-08,0.052134370186633965,0.054909895370910566
790_T1_R1_vs_R2,natural_variability,7,RUArm_to_RFArm_rx,RUArm_to_RFArm,rx,0.06515987043322857,0.15102670963958162,0.08586683920635305,0.052134370186633965,0.054909895370910566
790_T1_R1_vs_R2,natural_variability,7,RUArm_to_RFArm_ry,RUArm_to_RFArm,ry,0.20471188162803844,0.11988176333257121,-0.08483011829546723,0.052134370186633965,0.054909895370910566
790_T1_R1_vs_R2,natural_variability,7,RUArm_to_RFArm_rz,RUArm_to_RFArm,rz,0.04735503517798024,0.02605652332418766,-0.021298511853792577,0.052134370186633965,0.054909895370910566
790_T1_R1_vs_R2,natural_variability,7,Spine2_to_Spine3_rx,Spine2_to_Spine3,rx,0.026324893223581877,0.01904887253003196,-0.0072760206935499165,0.052134370186633965,0.054909895370910566
790_T1_R1_vs_R2,natural_variability,7,Spine2_to_Spine3_ry,Spine2_to_Spine3,ry,0.03409551030888857,0.005241846300166857,-0.028853664008721712,0.052134370186633965,0.054909895370910566
790_T1_R1_vs_R2,natural_variability,7,Spine2_to_Spine3_rz,Spine2_to_Spine3,rz,0.023439489407243122,0.0020540252958728437,-0.021385464111370277,0.052134370186633965,0.054909895370910566
790_T1_R1_vs_R2,natural_variability,7,Spine3_to_Spine4_rx,Spine3_to_Spine4,rx,0.026328549012884877,0.019056582366252905,-0.007271966646631971,0.052134370186633965,0.054909895370910566
790_T1_R1_vs_R2,natural_variability,7,Spine3_to_Spine4_ry,Spine3_to_Spine4,ry,0.035042234113970255,0.0053270016482373376,-0.02971523246573292,0.052134370186633965,0.054909895370910566
790_T1_R1_vs_R2,natural_variability,7,Spine3_to_Spine4_rz,Spine3_to_Spine4,rz,0.021945101037145278,0.0018333556103159283,-0.02011174542682935,0.052134370186633965,0.054909895370910566
790_T1_R1_vs_R2,natural_variability,7,Spine4_to_Chest_rx,Spine4_to_Chest,rx,0.02633069718875196,0.01906109064011203,-0.00726960654863993,0.052134370186633965,0.054909895370910566
790_T1_R1_vs_R2,natural_variability,7,Spine4_to_Chest_ry,Spine4_to_Chest,ry,0.03558198980461363,0.0053746450933103,-0.030207344711303326,0.052134370186633965,0.054909895370910566
790_T1_R1_vs_R2,natural_variability,7,Spine4_to_Chest_rz,Spine4_to_Chest,rz,0.02104861477016805,0.0017015675375787352,-0.019347047232589315,0.052134370186633965,0.054909895370910566
790_T1_R1_vs_R2,natural_variability,8,790_to_Ab_rx,790_to_Ab,rx,0.005489850343649537,0.018654313749328938,0.013164463405679401,0.03685689456877316,0.03216697984256364
790_T1_R1_vs_R2,natural_variability,8,790_to_Ab_ry,790_to_Ab,ry,0.0012414853470179236,0.03145377479918646,0.030212289452168535,0.03685689456877316,0.03216697984256364
790_T1_R1_vs_R2,natural_variability,8,790_to_Ab_rz,790_to_Ab,rz,0.002569739427309113,0.001193525119461124,-0.0013762143078479892,0.03685689456877316,0.03216697984256364
790_T1_R1_vs_R2,natural_variability,8,790_to_LThigh_rx,790_to_LThigh,rx,0.22422570063104155,0.01013699873694977,-0.2140887018940918,0.03685689456877316,0.03216697984256364
790_T1_R1_vs_R2,natural_variability,8,790_to_LThigh_ry,790_to_LThigh,ry,0.05622878457596723,0.10531358225553722,0.04908479767956999,0.03685689456877316,0.03216697984256364
790_T1_R1_vs_R2,natural_variability,8,790_to_LThigh_rz,790_to_LThigh,rz,0.04502545237095251,0.029085479465887805,-0.015939972905064707,0.03685689456877316,0.03216697984256364
790_T1_R1_vs_R2,natural_variability,8,790_to_RThigh_rx,790_to_RThigh,rx,0.040689061100751975,0.11374679770759369,0.07305773660684171,0.03685689456877316,0.03216697984256364
790_T1_R1_vs_R2,natural_variability,8,790_to_RThigh_ry,790_to_RThigh,ry,0.03109900415596232,0.06369024758845157,0.03259124343248925,0.03685689456877316,0.03216697984256364
790_T1_R1_vs_R2,natural_variability,8,790_to_RThigh_rz,790_to_RThigh,rz,0.0896484738939717,0.05841764206915206,-0.031230831824819637,0.03685689456877316,0.03216697984256364
790_T1_R1_vs_R2,natural_variability,8,Ab_to_Spine2_rx,Ab_to_Spine2,rx,0.005232841903617502,0.018738026406170574,0.013505184502553072,0.03685689456877316,0.03216697984256364
790_T1_R1_vs_R2,natural_variability,8,Ab_to_Spine2_ry,Ab_to_Spine2,ry,0.002105799580290225,0.03213854829457505,0.030032748714284824,0.03685689456877316,0.03216697984256364
790_T1_R1_vs_R2,natural_variability,8,Ab_to_Spine2_rz,Ab_to_Spine2,rz,0.009518884882906363,0.012014714223079039,0.0024958293401726762,0.03685689456877316,0.03216697984256364
790_T1_R1_vs_R2,natural_variability,8,Chest_to_LShoulder_rx,Chest_to_LShoulder,rx,0.04753034349753933,0.025751173242137805,-0.021779170255401527,0.03685689456877316,0.03216697984256364
790_T1_R1_vs_R2,natural_variability,8,Chest_to_LShoulder_ry,Chest_to_LShoulder,ry,0.0017922123914145829,0.013424788944112304,0.011632576552697721,0.03685689456877316,0.03216697984256364
790_T1_R1_vs_R2,natural_variability,8,Chest_to_LShoulder_rz,Chest_to_LShoulder,rz,0.05088864731274403,0.036351823597085435,-0.014536823715658592,0.03685689456877316,0.03216697984256364
790_T1_R1_vs_R2,natural_variability,8,Chest_to_Neck_rx,Chest_to_Neck,rx,0.0017613837905338153,0.02013736755620408,0.018375983765670265,0.03685689456877316,0.03216697984256364
790_T1_R1_vs_R2,natural_variability,8,Chest_to_Neck_ry,Chest_to_Neck,ry,0.043791827727356875,0.08497428953915837,0.04118246181180149,0.03685689456877316,0.03216697984256364
790_T1_R1_vs_R2,natural_variability,8,Chest_to_Neck_rz,Chest_to_Neck,rz,0.02911838932657026,0.019399890245432722,-0.009718499081137536,0.03685689456877316,0.03216697984256364
790_T1_R1_vs_R2,natural_variability,8,Chest_to_RShoulder_rx,Chest_to_RShoulder,rx,0.019162227152388966,0.0768584886310406,0.05769626147865163,0.03685689456877316,0.03216697984256364
790_T1_R1_vs_R2,natural_variability,8,Chest_to_RShoulder_ry,Chest_to_RShoulder,ry,0.04721923808961971,0.015714535921386795,-0.031504702168232916,0.03685689456877316,0.03216697984256364
790_T1_R1_vs_R2,natural_variability,8,Chest_to_RShoulder_rz,Chest_to_RShoulder,rz,0.03306677610932283,0.10718996596677692,0.07412318985745409,0.03685689456877316,0.03216697984256364
790_T1_R1_vs_R2,natural_variability,8,LFArm_to_LHand_rx,LFArm_to_LHand,rx,0.01883557785402057,0.031758932381215445,0.012923354527194876,0.03685689456877316,0.03216697984256364
790_T1_R1_vs_R2,natural_variability,8,LFArm_to_LHand_ry,LFArm_to_LHand,ry,0.03663226912573462,0.044440112881929436,0.007807843756194817,0.03685689456877316,0.03216697984256364
790_T1_R1_vs_R2,natural_variability,8,LFArm_to_LHand_rz,LFArm_to_LHand,rz,0.06417597371786943,0.17383524959947333,0.1096592758816039,0.03685689456877316,0.03216697984256364
790_T1_R1_vs_R2,natural_variability,8,LShin_to_LFoot_rx,LShin_to_LFoot,rx,0.03834240256531682,0.04981642029929317,0.011474017733976348,0.03685689456877316,0.03216697984256364
790_T1_R1_vs_R2,natural_variability,8,LShin_to_LFoot_ry,LShin_to_LFoot,ry,0.0371828348798185,0.102205937234717,0.0650231023548985,0.03685689456877316,0.03216697984256364
790_T1_R1_vs_R2,natural_variability,8,LShin_to_LFoot_rz,LShin_to_LFoot,rz,0.06190469618508019,0.038188052229981666,-0.023716643955098524,0.03685689456877316,0.03216697984256364
790_T1_R1_vs_R2,natural_variability,8,LShoulder_to_LUArm_rx,LShoulder_to_LUArm,rx,0.2805225834728433,0.22711641208746725,-0.05340617138537607,0.03685689456877316,0.03216697984256364
790_T1_R1_vs_R2,natural_variability,8,LShoulder_to_LUArm_ry,LShoulder_to_LUArm,ry,0.06961264303248729,0.2594210821959133,0.18980843916342602,0.03685689456877316,0.03216697984256364
790_T1_R1_vs_R2,natural_variability,8,LShoulder_to_LUArm_rz,LShoulder_to_LUArm,rz,0.2797076270729205,0.04095568393267503,-0.2387519431402455,0.03685689456877316,0.03216697984256364
790_T1_R1_vs_R2,natural_variability,8,LThigh_to_LShin_rx,LThigh_to_LShin,rx,0.45598354747037795,0.24333183772379013,-0.2126517097465878,0.03685689456877316,0.03216697984256364
790_T1_R1_vs_R2,natural_variability,8,LThigh_to_LShin_ry,LThigh_to_LShin,ry,8.771774771040772e-09,2.2916881870265847e-09,-6.480086584014187e-09,0.03685689456877316,0.03216697984256364
790_T1_R1_vs_R2,natural_variability,8,LThigh_to_LShin_rz,LThigh_to_LShin,rz,1.3187621612786661e-10,5.1065420259352954e-09,4.974665809807429e-09,0.03685689456877316,0.03216697984256364
790_T1_R1_vs_R2,natural_variability,8,LUArm_to_LFArm_rx,LUArm_to_LFArm,rx,0.13091273199943193,0.27077194239323443,0.1398592103938025,0.03685689456877316,0.03216697984256364
790_T1_R1_vs_R2,natural_variability,8,LUArm_to_LFArm_ry,LUArm_to_LFArm,ry,0.11700275733143613,0.08786012410924542,-0.02914263322219071,0.03685689456877316,0.03216697984256364
790_T1_R1_vs_R2,natural_variability,8,LUArm_to_LFArm_rz,LUArm_to_LFArm,rz,0.010411683422557945,0.1608557692752044,0.15044408585264646,0.03685689456877316,0.03216697984256364
790_T1_R1_vs_R2,natural_variability,8,Neck2_to_Head_rx,Neck2_to_Head,rx,0.001729023833181447,0.020184064557552433,0.018455040724370986,0.03685689456877316,0.03216697984256364
790_T1_R1_vs_R2,natural_variability,8,Neck2_to_Head_ry,Neck2_to_Head,ry,0.03735730491615547,0.07952256741426025,0.04216526249810478,0.03685689456877316,0.03216697984256364
790_T1_R1_vs_R2,natural_variability,8,Neck2_to_Head_rz,Neck2_to_Head,rz,0.036800778403231774,0.035053738904717274,-0.0017470394985144994,0.03685689456877316,0.03216697984256364
790_T1_R1_vs_R2,natural_variability,8,Neck_to_Neck2_rx,Neck_to_Neck2,rx,0.0017381231307955656,0.02017112108162728,0.018432997950831715,0.03685689456877316,0.03216697984256364
790_T1_R1_vs_R2,natural_variability,8,Neck_to_Neck2_ry,Neck_to_Neck2,ry,0.03921986343186801,0.08121625019919254,0.041996386767324534,0.03685689456877316,0.03216697984256364
790_T1_R1_vs_R2,natural_variability,8,Neck_to_Neck2_rz,Neck_to_Neck2,rz,0.03477561981953464,0.030829754641568983,-0.003945865177965659,0.03685689456877316,0.03216697984256364
790_T1_R1_vs_R2,natural_variability,8,RFArm_to_RHand_rx,RFArm_to_RHand,rx,0.016759161423709146,0.004552055396352863,-0.012207106027356283,0.03685689456877316,0.03216697984256364
790_T1_R1_vs_R2,natural_variability,8,RFArm_to_RHand_ry,RFArm_to_RHand,ry,0.0029770989647836463,0.03948253528184049,0.03650543631705684,0.03685689456877316,0.03216697984256364
790_T1_R1_vs_R2,natural_variability,8,RFArm_to_RHand_rz,RFArm_to_RHand,rz,0.2350027054301511,0.2888236338443741,0.05382092841422301,0.03685689456877316,0.03216697984256364
790_T1_R1_vs_R2,natural_variability,8,RShin_to_RFoot_rx,RShin_to_RFoot,rx,0.036649228321166724,0.03307466902648654,-0.003574559294680181,0.03685689456877316,0.03216697984256364
790_T1_R1_vs_R2,natural_variability,8,RShin_to_RFoot_ry,RShin_to_RFoot,ry,0.02777544331677654,0.05339516618480141,0.025619722868024872,0.03685689456877316,0.03216697984256364
790_T1_R1_vs_R2,natural_variability,8,RShin_to_RFoot_rz,RShin_to_RFoot,rz,0.03767812570360302,0.014465871574044465,-0.02321225412955856,0.03685689456877316,0.03216697984256364
790_T1_R1_vs_R2,natural_variability,8,RShoulder_to_RUArm_rx,RShoulder_to_RUArm,rx,0.03547371234224121,0.307150366384451,0.27167665404220975,0.03685689456877316,0.03216697984256364
790_T1_R1_vs_R2,natural_variability,8,RShoulder_to_RUArm_ry,RShoulder_to_RUArm,ry,0.06942759874055131,0.04519570373111921,-0.024231895009432097,0.03685689456877316,0.03216697984256364
790_T1_R1_vs_R2,natural_variability,8,RShoulder_to_RUArm_rz,RShoulder_to_RUArm,rz,0.16392840843381706,0.3367042483775109,0.17277583994369383,0.03685689456877316,0.03216697984256364
790_T1_R1_vs_R2,natural_variability,8,RThigh_to_RShin_rx,RThigh_to_RShin,rx,0.13736428554342317,0.04932821923460451,-0.08803606630881866,0.03685689456877316,0.03216697984256364
790_T1_R1_vs_R2,natural_variability,8,RThigh_to_RShin_ry,RThigh_to_RShin,ry,1.1578973740649934e-08,2.5961491929022733e-08,1.43825181883728e-08,0.03685689456877316,0.03216697984256364
790_T1_R1_vs_R2,natural_variability,8,RThigh_to_RShin_rz,RThigh_to_RShin,rz,1.846013667166689e-08,1.3249991347301812e-08,-5.210145324365078e-09,0.03685689456877316,0.03216697984256364
790_T1_R1_vs_R2,natural_variability,8,RUArm_to_RFArm_rx,RUArm_to_RFArm,rx,0.13230597846405676,0.11482137474862442,-0.01748460371543234,0.03685689456877316,0.03216697984256364
790_T1_R1_vs_R2,natural_variability,8,RUArm_to_RFArm_ry,RUArm_to_RFArm,ry,0.5379928047417122,0.49481675158208765,-0.04317605315962453,0.03685689456877316,0.03216697984256364
790_T1_R1_vs_R2,natural_variability,8,RUArm_to_RFArm_rz,RUArm_to_RFArm,rz,0.29255271623605333,0.15079663098299292,-0.1417560852530604,0.03685689456877316,0.03216697984256364
790_T1_R1_vs_R2,natural_variability,8,Spine2_to_Spine3_rx,Spine2_to_Spine3,rx,0.005221863419356574,0.01876000212401967,0.013538138704663097,0.03685689456877316,0.03216697984256364
790_T1_R1_vs_R2,natural_variability,8,Spine2_to_Spine3_ry,Spine2_to_Spine3,ry,0.0029907198982297946,0.030846074796661738,0.027855354898431942,0.03685689456877316,0.03216697984256364
790_T1_R1_vs_R2,natural_variability,8,Spine2_to_Spine3_rz,Spine2_to_Spine3,rz,0.009312562877444381,0.015034603966663927,0.005722041089219546,0.03685689456877316,0.03216697984256364
790_T1_R1_vs_R2,natural_variability,8,Spine3_to_Spine4_rx,Spine3_to_Spine4,rx,0.005226795695563027,0.018750214465448944,0.013523418769885918,0.03685689456877316,0.03216697984256364
790_T1_R1_vs_R2,natural_variability,8,Spine3_to_Spine4_ry,Spine3_to_Spine4,ry,0.0025978897972841353,0.031445037542575945,0.02884714774529181,0.03685689456877316,0.03216697984256364
790_T1_R1_vs_R2,natural_variability,8,Spine3_to_Spine4_rz,Spine3_to_Spine4,rz,0.009411087770525678,0.01370068364642482,0.004289595875899142,0.03685689456877316,0.03216697984256364
790_T1_R1_vs_R2,natural_variability,8,Spine4_to_Chest_rx,Spine4_to_Chest,rx,0.005229651798342866,0.018744441366555335,0.01351478956821247,0.03685689456877316,0.03216697984256364
790_T1_R1_vs_R2,natural_variability,8,Spine4_to_Chest_ry,Spine4_to_Chest,ry,0.0023646670169502034,0.03178157201140544,0.029416904994455238,0.03685689456877316,0.03216697984256364
790_T1_R1_vs_R2,natural_variability,8,Spine4_to_Chest_rz,Spine4_to_Chest,rz,0.009464332246967296,0.01290359657712093,0.0034392643301536345,0.03685689456877316,0.03216697984256364
